source,candidate,threshold,position_id,symbol,block,strong,base_lane,lane,shifted,executable,pnl,reason
research,BASE,0.0338983050847,PAPER:MARSCOINUSDT:1790750399999:SHORT,MARSCOINUSDT,Research_Discovery,False,1,1,False,True,-1.7961134685745213,HIST_TIME_FALLBACK
research,BASE,0.0338983050847,PAPER:ONUSDT:1790816699999:SHORT,ONUSDT,Research_Reserve,True,1,1,False,True,1.3005976869833946,FULL_CLOSE_050
research,BASE,0.0338983050847,PAPER:MERLUSDT:1790762399999:SHORT,MERLUSDT,Research_Discovery,True,3,3,False,True,5.506652196019639,RUNNER_CLOSE
research,BASE,0.0338983050847,PAPER:1000FLOKIUSDT:1790749499999:SHORT,1000FLOKIUSDT,Research_Discovery,False,0,0,False,True,-0.21968994309620082,BE0.10
research,BASE,0.0338983050847,PAPER:RVNUSDT:1790750399999:SHORT,RVNUSDT,Research_Discovery,False,2,2,False,True,-0.09046450767179115,BE0.10
research,BASE,0.0338983050847,PAPER:币安人生USDT:1790813099999:SHORT,币安人生USDT,Research_Reserve,False,3,3,False,True,-3.350071092924139,HIST_TIME_FALLBACK
research,BASE,0.0338983050847,PAPER:CCUSDT:1790804399999:SHORT,CCUSDT,Research_Reserve,False,3,3,False,False,,
research,BASE,0.0338983050847,PAPER:RAREUSDT:1790813399999:SHORT,RAREUSDT,Research_Reserve,False,0,0,False,True,-2.4224700087075477,HIST_TIME_FALLBACK
research,BASE,0.0338983050847,PAPER:ASTERUSDT:1790790899999:SHORT,ASTERUSDT,Research_Validation,False,1,1,False,True,-2.146307576927568,HIST_TIME_FALLBACK
research,BASE,0.0338983050847,PAPER:CLOUSDT:1790821199999:SHORT,CLOUSDT,Research_Reserve,False,2,2,False,True,-4.172534216639878e-06,BE0.10
research,BASE,0.0338983050847,PAPER:GRTUSDT:1790791499999:SHORT,GRTUSDT,Research_Validation,True,0,0,False,True,2.154687088348092,FULL_CLOSE_050
research,BASE,0.0338983050847,PAPER:WETUSDT:1790805899999:SHORT,WETUSDT,Research_Reserve,False,1,1,False,True,-3.280976271305775,HIST_TIME_FALLBACK
research,BASE,0.0338983050847,PAPER:PHAUSDT:1790813699999:SHORT,PHAUSDT,Research_Reserve,True,0,0,False,True,1.2719742734289923,FULL_CLOSE_050
research,BASE,0.0338983050847,PAPER:牛来USDT:1790811299999:SHORT,牛来USDT,Research_Reserve,False,1,1,False,True,-2.851529664018463,HIST_TIME_FALLBACK
research,BASE,0.0338983050847,PAPER:WUSDT:1790818799999:SHORT,WUSDT,Research_Reserve,False,2,2,False,True,1.1885391301331734,FULL_CLOSE_050
research,BASE,0.0338983050847,PAPER:FETUSDT:1790755499999:SHORT,FETUSDT,Research_Discovery,False,1,1,False,True,-0.01932032152591512,BE0.10
research,BASE,0.0338983050847,PAPER:BERAUSDT:1790767199999:SHORT,BERAUSDT,Research_Discovery,False,0,0,False,True,-0.5351193995017857,BE0.10
research,BASE,0.0338983050847,PAPER:MORPHOUSDT:1790778899999:SHORT,MORPHOUSDT,Research_Discovery,False,2,2,False,False,,
research,BASE,0.0338983050847,PAPER:AKEUSDT:1790789699999:SHORT,AKEUSDT,Research_Validation,True,2,2,False,True,1.5949447540122403,FULL_CLOSE_050
research,BASE,0.0338983050847,PAPER:HANAUSDT:1790750699999:SHORT,HANAUSDT,Research_Discovery,False,1,1,False,True,-0.15625635039777086,BE0.10
research,BASE,0.0338983050847,PAPER:ATHUSDT:1790751599999:SHORT,ATHUSDT,Research_Discovery,False,0,0,False,True,-0.022730531452432978,BE0.10
research,BASE,0.0338983050847,PAPER:MOVEUSDT:1790660099999:SHORT,MOVEUSDT,Research_Discovery,False,2,2,False,True,-7.46764555987584,HIST_TIME_FALLBACK
research,BASE,0.0338983050847,PAPER:EIGENUSDT:1790778299999:SHORT,EIGENUSDT,Research_Discovery,False,1,1,False,True,-2.9925204747191225,HIST_TIME_FALLBACK
research,BASE,0.0338983050847,PAPER:EDENUSDT:1790748299999:SHORT,EDENUSDT,Research_Discovery,True,2,2,False,True,1.3742055376249813,FULL_CLOSE_050
research,BASE,0.0338983050847,PAPER:SOMIUSDT:1790813099999:SHORT,SOMIUSDT,Research_Reserve,False,1,1,False,False,,
research,BASE,0.0338983050847,PAPER:0GUSDT:1790815499999:SHORT,0GUSDT,Research_Reserve,True,3,3,False,False,,
research,BASE,0.0338983050847,PAPER:ZETAUSDT:1790813099999:SHORT,ZETAUSDT,Research_Reserve,False,2,2,False,True,-1.2409966937229422,HIST_TIME_FALLBACK
research,BASE,0.0338983050847,PAPER:PONSUSDT:1790770799999:SHORT,PONSUSDT,Research_Discovery,False,1,1,False,True,-0.9501900380075365,HIST_TIME_FALLBACK
research,BASE,0.0338983050847,PAPER:GUSDT:1790789699999:SHORT,GUSDT,Research_Validation,True,2,2,False,True,1.2485296839747715,FULL_CLOSE_050
research,BASE,0.0338983050847,PAPER:TOWNSUSDT:1790798999999:SHORT,TOWNSUSDT,Research_Validation,False,0,0,False,True,-0.4700219900094974,BE0.10
research,BASE,0.0338983050847,PAPER:XANUSDT:1790820299999:SHORT,XANUSDT,Research_Reserve,False,1,1,False,True,-2.5376797392301325,HIST_TIME_FALLBACK
research,BASE,0.0338983050847,PAPER:ZECUSDT:1790793599999:SHORT,ZECUSDT,Research_Validation,False,0,0,False,True,1.8850132448752173,FULL_CLOSE_050
research,BASE,0.0338983050847,PAPER:USUSDT:1790815799999:SHORT,USUSDT,Research_Reserve,False,2,2,False,False,,
research,BASE,0.0338983050847,PAPER:SKYAIUSDT:1790793599999:SHORT,SKYAIUSDT,Research_Validation,False,0,0,False,True,1.3030505710239628,FULL_CLOSE_050
research,BASE,0.0338983050847,PAPER:PARTIUSDT:1790805899999:SHORT,PARTIUSDT,Research_Reserve,False,1,1,False,True,-2.862241948007635,HIST_TIME_FALLBACK
research,BASE,0.0338983050847,PAPER:MUBARAKUSDT:1790813999999:SHORT,MUBARAKUSDT,Research_Reserve,False,0,0,False,True,-0.03155021644970191,BE0.10
research,BASE,0.0338983050847,PAPER:GRASSUSDT:1790753399999:SHORT,GRASSUSDT,Research_Discovery,False,2,2,False,False,,
research,BASE,0.0338983050847,PAPER:APRUSDT:1790766599999:SHORT,APRUSDT,Research_Discovery,False,1,1,False,True,-0.11240729317412473,BE0.10
research,BASE,0.0338983050847,PAPER:XVSUSDT:1790803499999:SHORT,XVSUSDT,Research_Reserve,False,0,0,False,True,-0.12347626420409064,BE0.10
research,BASE,0.0338983050847,PAPER:PHAROSUSDT:1790821499999:SHORT,PHAROSUSDT,Research_Reserve,False,0,0,False,True,-0.11497003238248377,BE0.10
research,BASE,0.0338983050847,PAPER:FIGHTUSDT:1790683499999:SHORT,FIGHTUSDT,Research_Discovery,True,0,0,False,True,2.322307118439893,FULL_CLOSE_050
research,BASE,0.0338983050847,PAPER:AINUSDT:1790820899999:SHORT,AINUSDT,Research_Reserve,False,3,3,False,True,-3.369490165607828,HIST_TIME_FALLBACK
research,BASE,0.0338983050847,PAPER:MARSCOINUSDT:1790779199999:SHORT,MARSCOINUSDT,Research_Discovery,True,0,0,False,True,-0.8389016453802545,HIST_TIME_FALLBACK
research,BASE,0.0338983050847,PAPER:CAPUSDT:1790776799999:SHORT,CAPUSDT,Research_Discovery,False,2,2,False,True,1.0977965774114582,FULL_CLOSE_050
research,BASE,0.0338983050847,PAPER:NEOUSDT:1790660099999:SHORT,NEOUSDT,Research_Discovery,False,2,2,False,True,-7.245456119621564,HIST_TIME_FALLBACK
research,BASE,0.0338983050847,PAPER:HUSDT:1790811599999:SHORT,HUSDT,Research_Reserve,True,1,1,False,True,3.4045000065329796,FULL_CLOSE_050
research,BASE,0.0338983050847,PAPER:PTBUSDT:1790748899999:SHORT,PTBUSDT,Research_Discovery,False,1,1,False,True,0.9581766718693765,FULL_CLOSE_050
research,BASE,0.0338983050847,PAPER:CFGUSDT:1790781299999:SHORT,CFGUSDT,Research_Discovery,False,1,1,False,True,1.3983530787927339,FULL_CLOSE_050
research,BASE,0.0338983050847,PAPER:PIPPINUSDT:1790796899999:SHORT,PIPPINUSDT,Research_Validation,False,2,2,False,False,,
research,BASE,0.0338983050847,PAPER:TACUSDT:1790794199999:SHORT,TACUSDT,Research_Validation,True,0,0,False,True,2.6652578217547758,FULL_CLOSE_050
research,BASE,0.0338983050847,PAPER:PTBUSDT:1790793299999:SHORT,PTBUSDT,Research_Validation,True,2,2,False,False,,
research,BASE,0.0338983050847,PAPER:BLURUSDT:1790764499999:SHORT,BLURUSDT,Research_Discovery,False,1,1,False,True,1.9280573412239113,FULL_CLOSE_050
research,BASE,0.0338983050847,PAPER:牛来USDT:1790750399999:SHORT,牛来USDT,Research_Discovery,False,2,2,False,True,-1.9140394459944603,HIST_TIME_FALLBACK
research,BASE,0.0338983050847,PAPER:BREVUSDT:1790819099999:SHORT,BREVUSDT,Research_Reserve,False,1,1,False,True,-0.02725813657777526,BE0.10
research,BASE,0.0338983050847,PAPER:PHAUSDT:1790768399999:SHORT,PHAUSDT,Research_Discovery,False,2,2,False,False,,
research,BASE,0.0338983050847,PAPER:ONDOUSDT:1790793299999:SHORT,ONDOUSDT,Research_Validation,True,0,0,False,True,0.9604022903817784,FULL_CLOSE_050
research,BASE,0.0338983050847,PAPER:STARUSDT:1790788499999:SHORT,STARUSDT,Research_Validation,False,2,2,False,False,,
research,BASE,0.0338983050847,PAPER:我踏马来了USDT:1790777999999:SHORT,我踏马来了USDT,Research_Discovery,True,0,0,False,True,0.8705347996937391,FULL_CLOSE_050
research,BASE,0.0338983050847,PAPER:USTCUSDT:1790751599999:SHORT,USTCUSDT,Research_Discovery,False,1,1,False,True,0.9832113280099335,FULL_CLOSE_050
research,BASE,0.0338983050847,PAPER:REUSDT:1790777999999:SHORT,REUSDT,Research_Discovery,True,2,2,False,True,-0.3327041950330578,BE0.10
research,BASE,0.0338983050847,PAPER:我踏马来了USDT:1790750999999:SHORT,我踏马来了USDT,Research_Discovery,False,1,1,False,True,1.2306965277149566,FULL_CLOSE_050
research,BASE,0.0338983050847,PAPER:HAEDALUSDT:1790666699999:SHORT,HAEDALUSDT,Research_Discovery,True,3,3,False,True,1.303525174769847,FULL_CLOSE_050
research,BASE,0.0338983050847,PAPER:PHAUSDT:1790677199999:SHORT,PHAUSDT,Research_Discovery,False,2,2,False,False,,
research,BASE,0.0338983050847,PAPER:ZESTUSDT:1790787599999:SHORT,ZESTUSDT,Research_Discovery,False,2,2,False,False,,
research,BASE,0.0338983050847,PAPER:ASTERUSDT:1790793599999:SHORT,ASTERUSDT,Research_Validation,False,2,2,False,True,-0.014535477188919177,BE0.10
research,BASE,0.0338983050847,PAPER:WLDUSDT:1790670899999:SHORT,WLDUSDT,Research_Discovery,False,1,1,False,True,-0.0446268801498757,BE0.10
research,BASE,0.0338983050847,PAPER:MONUSDT:1790766599999:SHORT,MONUSDT,Research_Discovery,False,1,1,False,True,-3.5228965947374533,HIST_TIME_FALLBACK
research,BASE,0.0338983050847,PAPER:SOPHUSDT:1790812499999:SHORT,SOPHUSDT,Research_Reserve,False,2,2,False,True,-2.585166162247095,HIST_TIME_FALLBACK
research,BASE,0.0338983050847,PAPER:LUMIAUSDT:1790793299999:SHORT,LUMIAUSDT,Research_Validation,True,3,3,False,True,1.0532892393663902,FULL_CLOSE_050
research,BASE,0.0338983050847,PAPER:ZECUSDT:1790778299999:SHORT,ZECUSDT,Research_Discovery,False,0,0,False,True,-0.0029589651554833285,BE0.10
research,BASE,0.0338983050847,PAPER:ONEUSDT:1790766299999:SHORT,ONEUSDT,Research_Discovery,False,2,2,False,False,,
research,BASE,0.0338983050847,PAPER:BROCCOLIF3BUSDT:1790799899999:SHORT,BROCCOLIF3BUSDT,Research_Validation,False,0,0,False,True,-5.58184660063678,HIST_TIME_FALLBACK
research,BASE,0.0338983050847,PAPER:TAKEUSDT:1790766599999:SHORT,TAKEUSDT,Research_Discovery,False,1,1,False,True,-1.7393259130017942,HIST_TIME_FALLBACK
research,BASE,0.0338983050847,PAPER:SYRUPUSDT:1790781599999:SHORT,SYRUPUSDT,Research_Discovery,False,0,0,False,True,-0.08678583600488882,BE0.10
research,BASE,0.0338983050847,PAPER:XNYUSDT:1790750999999:SHORT,XNYUSDT,Research_Discovery,False,3,3,False,True,-2.451615323064629,HIST_TIME_FALLBACK
research,BASE,0.0338983050847,PAPER:AZTECUSDT:1790683199999:SHORT,AZTECUSDT,Research_Discovery,False,1,1,False,True,-3.3275919959717752,HIST_TIME_FALLBACK
research,BASE,0.0338983050847,PAPER:SYRUPUSDT:1790748899999:SHORT,SYRUPUSDT,Research_Discovery,True,0,0,False,True,2.4117040846100197,FULL_CLOSE_050
research,BASE,0.0338983050847,PAPER:LDOUSDT:1790801699999:SHORT,LDOUSDT,Research_Reserve,False,1,1,False,True,-0.05650525329343392,BE0.10
research,BASE,0.0338983050847,PAPER:BUSDT:1790749799999:SHORT,BUSDT,Research_Discovery,True,2,2,False,True,2.52401602356332,FULL_CLOSE_050
research,BASE,0.0338983050847,PAPER:ZETAUSDT:1790755799999:SHORT,ZETAUSDT,Research_Discovery,False,1,1,False,True,-8.865185329777047,HIST_TIME_FALLBACK
research,BASE,0.0338983050847,PAPER:SYNUSDT:1790801099999:SHORT,SYNUSDT,Research_Validation,True,0,0,False,True,1.4559707481167836,FULL_CLOSE_050
research,BASE,0.0338983050847,PAPER:DOTUSDT:1790805899999:SHORT,DOTUSDT,Research_Reserve,False,2,2,False,True,-3.5110995010289994,HIST_TIME_FALLBACK
research,BASE,0.0338983050847,PAPER:POWERUSDT:1790821199999:SHORT,POWERUSDT,Research_Reserve,False,1,1,False,True,-0.07132715105852316,BE0.10
research,BASE,0.0338983050847,PAPER:SYRUPUSDT:1790778599999:SHORT,SYRUPUSDT,Research_Discovery,False,1,1,False,False,,
research,BASE,0.0338983050847,PAPER:MARSCOINUSDT:1790740499999:SHORT,MARSCOINUSDT,Research_Discovery,False,2,2,False,True,-3.179236236025787,HIST_TIME_FALLBACK
research,BASE,0.0338983050847,PAPER:HAEDALUSDT:1790684699999:SHORT,HAEDALUSDT,Research_Discovery,True,2,2,False,True,1.6287650884117804,FULL_CLOSE_050
research,BASE,0.0338983050847,PAPER:AEROUSDT:1790744099999:SHORT,AEROUSDT,Research_Discovery,False,3,3,False,True,-3.197441171736051,HIST_TIME_FALLBACK
research,BASE,0.0338983050847,PAPER:SAGAUSDT:1790789699999:SHORT,SAGAUSDT,Research_Validation,False,2,2,False,True,-0.17470562276667806,BE0.10
research,BASE,0.0338983050847,PAPER:ZKCUSDT:1790749499999:SHORT,ZKCUSDT,Research_Discovery,True,1,1,False,True,1.079814310906064,FULL_CLOSE_050
research,BASE,0.0338983050847,PAPER:ONEUSDT:1790787899999:SHORT,ONEUSDT,Research_Validation,True,0,0,False,True,1.9413494865586918,FULL_CLOSE_050
research,BASE,0.0338983050847,PAPER:4USDT:1790755499999:SHORT,4USDT,Research_Discovery,False,0,0,False,True,-0.2065659685021447,BE0.10
research,BASE,0.0338983050847,PAPER:FARTCOINUSDT:1790788799999:SHORT,FARTCOINUSDT,Research_Validation,False,3,3,False,True,-0.11403994328924544,BE0.10
research,BASE,0.0338983050847,PAPER:ARKMUSDT:1790775599999:SHORT,ARKMUSDT,Research_Discovery,False,1,1,False,True,-2.789187797147939,HIST_TIME_FALLBACK
research,BASE,0.0338983050847,PAPER:RPLUSDT:1790752499999:SHORT,RPLUSDT,Research_Discovery,False,2,2,False,False,,
research,BASE,0.0338983050847,PAPER:B2USDT:1790799899999:SHORT,B2USDT,Research_Validation,True,2,2,False,False,,
research,BASE,0.0338983050847,PAPER:AEROUSDT:1790777999999:SHORT,AEROUSDT,Research_Discovery,True,2,2,False,True,-0.02170879025565997,BE0.10
research,BASE,0.0338983050847,PAPER:FILUSDT:1790805899999:SHORT,FILUSDT,Research_Reserve,False,2,2,False,True,-2.5572511598340295,HIST_TIME_FALLBACK
research,BASE,0.0338983050847,PAPER:PONSUSDT:1790810999999:SHORT,PONSUSDT,Research_Reserve,False,3,3,False,False,,
research,BASE,0.0338983050847,PAPER:VVVUSDT:1790683799999:SHORT,VVVUSDT,Research_Discovery,True,1,1,False,True,2.0801008212596668,FULL_CLOSE_050
research,BASE,0.0338983050847,PAPER:ONEUSDT:1790781899999:SHORT,ONEUSDT,Research_Discovery,False,1,1,False,True,-0.5185421932802584,BE0.10
research,BASE,0.0338983050847,PAPER:EVAAUSDT:1790674499999:SHORT,EVAAUSDT,Research_Discovery,True,3,3,False,True,3.374755742151028,FULL_CLOSE_050
research,BASE,0.0338983050847,PAPER:ONDOUSDT:1790777999999:SHORT,ONDOUSDT,Research_Discovery,True,2,2,False,True,1.639850746268645,FULL_CLOSE_050
research,BASE,0.0338983050847,PAPER:CRVUSDT:1790775599999:SHORT,CRVUSDT,Research_Discovery,False,1,1,False,True,-2.749895395103578,HIST_TIME_FALLBACK
research,BASE,0.0338983050847,PAPER:SIRENUSDT:1790774399999:SHORT,SIRENUSDT,Research_Discovery,False,0,0,False,True,-2.920958502724164,HIST_TIME_FALLBACK
research,BASE,0.0338983050847,PAPER:PONSUSDT:1790802599999:SHORT,PONSUSDT,Research_Reserve,False,1,1,False,True,-2.0285933067929207,HIST_TIME_FALLBACK
research,BASE,0.0338983050847,PAPER:EIGENUSDT:1790798099999:SHORT,EIGENUSDT,Research_Validation,False,1,1,False,False,,
research,BASE,0.0338983050847,PAPER:AZTECUSDT:1790777399999:SHORT,AZTECUSDT,Research_Discovery,True,0,0,False,True,2.2736548627056496,FULL_CLOSE_050
research,BASE,0.0338983050847,PAPER:AIOTUSDT:1790750999999:SHORT,AIOTUSDT,Research_Discovery,True,0,0,False,True,-0.04588274774352036,BE0.10
research,BASE,0.0338983050847,PAPER:SKYUSDT:1790813099999:SHORT,SKYUSDT,Research_Reserve,False,2,2,False,True,-0.04393726928486141,BE0.10
research,BASE,0.0338983050847,PAPER:SPORTFUNUSDT:1790755499999:SHORT,SPORTFUNUSDT,Research_Discovery,False,2,2,False,True,-0.10462383861902647,BE0.10
research,BASE,0.0338983050847,PAPER:SLXUSDT:1790789999999:SHORT,SLXUSDT,Research_Validation,True,3,3,False,True,2.657414630748092,FULL_CLOSE_050
research,BASE,0.0338983050847,PAPER:BBUSDT:1790805299999:SHORT,BBUSDT,Research_Reserve,False,2,2,False,True,-1.1636549378105916,HIST_TIME_FALLBACK
research,BASE,0.0338983050847,PAPER:FLOCKUSDT:1790769899999:SHORT,FLOCKUSDT,Research_Discovery,False,1,1,False,False,,
research,BASE,0.0338983050847,PAPER:HBARUSDT:1790805899999:SHORT,HBARUSDT,Research_Reserve,False,1,1,False,True,-1.617560065674552,HIST_TIME_FALLBACK
research,BASE,0.0338983050847,PAPER:INUSDT:1790660099999:SHORT,INUSDT,Research_Discovery,False,1,1,False,True,-0.0016176692294866402,BE0.10
research,BASE,0.0338983050847,PAPER:NOMUSDT:1790781899999:SHORT,NOMUSDT,Research_Discovery,False,0,0,False,True,1.5228039020731798,FULL_CLOSE_050
research,BASE,0.0338983050847,PAPER:4USDT:1790809799999:SHORT,4USDT,Research_Reserve,False,1,1,False,True,-3.8313668454327505,HIST_TIME_FALLBACK
research,BASE,0.0338983050847,PAPER:ZAMAUSDT:1790781599999:SHORT,ZAMAUSDT,Research_Discovery,False,1,1,False,True,-2.3798478571476576,HIST_TIME_FALLBACK
research,BASE,0.0338983050847,PAPER:HBARUSDT:1790813399999:SHORT,HBARUSDT,Research_Reserve,False,1,1,False,True,-0.08330977817649882,BE0.10
research,BASE,0.0338983050847,PAPER:XVSUSDT:1790818499999:SHORT,XVSUSDT,Research_Reserve,False,3,3,False,True,-1.7739561214492259,HIST_TIME_FALLBACK
research,BASE,0.0338983050847,PAPER:REDUSDT:1790793899999:SHORT,REDUSDT,Research_Validation,False,2,2,False,True,-0.9501900380075392,HIST_TIME_FALLBACK
research,BASE,0.0338983050847,PAPER:QNTUSDT:1790774399999:SHORT,QNTUSDT,Research_Discovery,False,2,2,False,False,,
research,BASE,0.0338983050847,PAPER:AUCTIONUSDT:1790660099999:SHORT,AUCTIONUSDT,Research_Discovery,False,2,2,False,True,-5.498367700797842,HIST_TIME_FALLBACK
research,BASE,0.0338983050847,PAPER:YBUSDT:1790781599999:SHORT,YBUSDT,Research_Discovery,False,1,1,False,False,,
research,BASE,0.0338983050847,PAPER:KASUSDT:1790775599999:SHORT,KASUSDT,Research_Discovery,False,0,0,False,True,1.3678242710362163,FULL_CLOSE_050
research,BASE,0.0338983050847,PAPER:HANAUSDT:1790816699999:SHORT,HANAUSDT,Research_Reserve,False,0,0,False,True,-0.1466985612210322,BE0.10
research,BASE,0.0338983050847,PAPER:MMTUSDT:1790765399999:SHORT,MMTUSDT,Research_Discovery,True,3,3,False,True,1.1742670019414785,FULL_CLOSE_050
research,BASE,0.0338983050847,PAPER:CHIPUSDT:1790777999999:SHORT,CHIPUSDT,Research_Discovery,True,2,2,False,True,-0.17444810082224432,BE0.10
research,BASE,0.0338983050847,PAPER:RAYSOLUSDT:1790792099999:SHORT,RAYSOLUSDT,Research_Validation,True,2,2,False,True,7.695495368728812,RUNNER_CLOSE
research,BASE,0.0338983050847,PAPER:EIGENUSDT:1790805899999:SHORT,EIGENUSDT,Research_Reserve,False,2,2,False,True,-5.322935042499356,HIST_TIME_FALLBACK
research,BASE,0.0338983050847,PAPER:EIGENUSDT:1790790899999:SHORT,EIGENUSDT,Research_Validation,False,1,1,False,True,-1.7677893684085477,HIST_TIME_FALLBACK
research,BASE,0.0338983050847,PAPER:SKYAIUSDT:1790796299999:SHORT,SKYAIUSDT,Research_Validation,False,1,1,False,True,-1.4389136797336677,HIST_TIME_FALLBACK
research,BASE,0.0338983050847,PAPER:BILLUSDT:1790663699999:SHORT,BILLUSDT,Research_Discovery,False,1,1,False,True,-4.042887593405706,HIST_TIME_FALLBACK
research,BASE,0.0338983050847,PAPER:INJUSDT:1790775599999:SHORT,INJUSDT,Research_Discovery,False,0,0,False,True,-3.29904801512659,HIST_TIME_FALLBACK
research,BASE,0.0338983050847,PAPER:INITUSDT:1790754299999:SHORT,INITUSDT,Research_Discovery,True,0,0,False,True,2.9325237580653862,FULL_CLOSE_050
research,BASE,0.0338983050847,PAPER:OPNUSDT:1790764199999:SHORT,OPNUSDT,Research_Discovery,False,1,1,False,True,1.5202047949344846,FULL_CLOSE_050
research,BASE,0.0338983050847,PAPER:NOMUSDT:1790824799999:SHORT,NOMUSDT,Research_Reserve,False,0,0,False,True,-1.1618497378122843,HIST_TIME_FALLBACK
research,BASE,0.0338983050847,PAPER:ONDOUSDT:1790793599999:SHORT,ONDOUSDT,Research_Validation,False,0,0,False,True,-1.2618806918294359,HIST_TIME_FALLBACK
research,BASE,0.0338983050847,PAPER:DUSKUSDT:1790660099999:SHORT,DUSKUSDT,Research_Discovery,False,2,2,False,True,-4.68674003706758,HIST_TIME_FALLBACK
research,BASE,0.0338983050847,PAPER:LITUSDT:1790772299999:SHORT,LITUSDT,Research_Discovery,False,2,2,False,False,,
research,BASE,0.0338983050847,PAPER:FOLKSUSDT:1790780399999:SHORT,FOLKSUSDT,Research_Discovery,False,2,2,False,True,-0.14958997397233398,BE0.10
research,BASE,0.0338983050847,PAPER:OPUSDT:1790778299999:SHORT,OPUSDT,Research_Discovery,False,1,1,False,True,-3.37474888881066,HIST_TIME_FALLBACK
research,BASE,0.0338983050847,PAPER:CKBUSDT:1790752199999:SHORT,CKBUSDT,Research_Discovery,False,1,1,False,True,-0.12854872248483168,BE0.10
research,BASE,0.0338983050847,PAPER:MEGAUSDT:1790770799999:SHORT,MEGAUSDT,Research_Discovery,False,1,1,False,True,-5.4354192814511295,HIST_TIME_FALLBACK
research,BASE,0.0338983050847,PAPER:4USDT:1790763299999:SHORT,4USDT,Research_Discovery,False,1,1,False,True,-3.026878236086243,HIST_TIME_FALLBACK
research,BASE,0.0338983050847,PAPER:COTIUSDT:1790820299999:SHORT,COTIUSDT,Research_Reserve,False,3,3,False,True,1.284351553294667,FULL_CLOSE_050
research,BASE,0.0338983050847,PAPER:MTLUSDT:1790819099999:SHORT,MTLUSDT,Research_Reserve,True,2,2,False,True,1.0478073431695234,FULL_CLOSE_050
research,BASE,0.0338983050847,PAPER:THEUSDT:1790805599999:SHORT,THEUSDT,Research_Reserve,False,2,2,False,True,-0.016032125380005813,BE0.10
research,BASE,0.0338983050847,PAPER:FUSDT:1790821499999:SHORT,FUSDT,Research_Reserve,False,2,2,False,True,-3.643741046425173,HIST_TIME_FALLBACK
research,BASE,0.0338983050847,PAPER:GRASSUSDT:1790801699999:SHORT,GRASSUSDT,Research_Reserve,True,0,0,False,True,2.971902280920612,FULL_CLOSE_050
research,BASE,0.0338983050847,PAPER:HANAUSDT:1790760299999:SHORT,HANAUSDT,Research_Discovery,False,1,1,False,False,,
research,BASE,0.0338983050847,PAPER:PTBUSDT:1790790899999:SHORT,PTBUSDT,Research_Validation,False,1,1,False,True,-1.9766230847075996,HIST_TIME_FALLBACK
research,BASE,0.0338983050847,PAPER:AEROUSDT:1790670899999:SHORT,AEROUSDT,Research_Discovery,False,1,1,False,True,-0.23371791486162408,BE0.10
research,BASE,0.0338983050847,PAPER:MARSCOINUSDT:1790747699999:SHORT,MARSCOINUSDT,Research_Discovery,False,1,1,False,True,-0.025798400566339363,BE0.10
research,BASE,0.0338983050847,PAPER:COMPUSDT:1790763599999:SHORT,COMPUSDT,Research_Discovery,False,3,3,False,True,-3.345286641060264,HIST_TIME_FALLBACK
research,BASE,0.0338983050847,PAPER:ALCHUSDT:1790781299999:SHORT,ALCHUSDT,Research_Discovery,False,1,1,False,True,3.1860000410920306,FULL_CLOSE_050
research,BASE,0.0338983050847,PAPER:APRUSDT:1790784599999:SHORT,APRUSDT,Research_Discovery,False,1,1,False,False,,
research,BASE,0.0338983050847,PAPER:HANAUSDT:1790762399999:SHORT,HANAUSDT,Research_Discovery,False,0,0,False,True,-2.976810240590549,HIST_TIME_FALLBACK
research,BASE,0.0338983050847,PAPER:HBARUSDT:1790685299999:SHORT,HBARUSDT,Research_Discovery,True,1,1,False,True,-1.9059836659225111,HIST_TIME_FALLBACK
research,BASE,0.0338983050847,PAPER:龙虾USDT:1790779799999:SHORT,龙虾USDT,Research_Discovery,True,1,1,False,True,1.6918656304305664,FULL_CLOSE_050
research,BASE,0.0338983050847,PAPER:我踏马来了USDT:1790795699999:SHORT,我踏马来了USDT,Research_Validation,False,0,0,False,True,2.2897788295524304,HIST_TIME_FALLBACK
research,BASE,0.0338983050847,PAPER:MOVRUSDT:1790746799999:SHORT,MOVRUSDT,Research_Discovery,True,2,2,False,False,,
research,BASE,0.0338983050847,PAPER:OUSDT:1790823299999:SHORT,OUSDT,Research_Reserve,False,1,1,False,True,-0.12294495715144266,BE0.10
research,BASE,0.0338983050847,PAPER:USUSDT:1790819699999:SHORT,USUSDT,Research_Reserve,True,2,2,False,True,2.9693928998101957,FULL_CLOSE_050
research,BASE,0.0338983050847,PAPER:TNSRUSDT:1790750999999:SHORT,TNSRUSDT,Research_Discovery,False,1,1,False,True,-2.108035504556577,HIST_TIME_FALLBACK
research,BASE,0.0338983050847,PAPER:INUSDT:1790670899999:SHORT,INUSDT,Research_Discovery,False,1,1,False,True,-1.7418218620001003,HIST_TIME_FALLBACK
research,BASE,0.0338983050847,PAPER:PHAUSDT:1790813399999:SHORT,PHAUSDT,Research_Reserve,True,0,0,False,True,3.2716066860705864,FULL_CLOSE_050
research,BASE,0.0338983050847,PAPER:VELVETUSDT:1790660099999:SHORT,VELVETUSDT,Research_Discovery,False,2,2,False,True,-7.086512947091679,HIST_TIME_FALLBACK
research,BASE,0.0338983050847,PAPER:PHAROSUSDT:1790666399999:SHORT,PHAROSUSDT,Research_Discovery,False,2,2,False,True,-0.059486852886541985,BE0.10
research,BASE,0.0338983050847,PAPER:TOWNSUSDT:1790790899999:SHORT,TOWNSUSDT,Research_Validation,False,0,0,False,True,3.2979728194579354,FULL_CLOSE_050
research,BASE,0.0338983050847,PAPER:ZESTUSDT:1790768699999:SHORT,ZESTUSDT,Research_Discovery,True,0,0,False,True,2.503404021558807,FULL_CLOSE_050
research,BASE,0.0338983050847,PAPER:AUSDT:1790775299999:SHORT,AUSDT,Research_Discovery,False,1,1,False,True,-0.18595310665184778,BE0.10
research,BASE,0.0338983050847,PAPER:EIGENUSDT:1790789999999:SHORT,EIGENUSDT,Research_Validation,False,2,2,False,True,-0.13525281368846265,BE0.10
research,BASE,0.0338983050847,PAPER:WLFIUSDT:1790804999999:SHORT,WLFIUSDT,Research_Reserve,False,2,2,False,True,-0.03288164504804292,BE0.10
research,BASE,0.0338983050847,PAPER:COTIUSDT:1790769899999:SHORT,COTIUSDT,Research_Discovery,False,1,1,False,True,-0.04129273426175767,BE0.10
research,BASE,0.0338983050847,PAPER:龙虾USDT:1790676899999:SHORT,龙虾USDT,Research_Discovery,True,0,0,False,True,1.4983779303207718,FULL_CLOSE_050
research,BASE,0.0338983050847,PAPER:ALICEUSDT:1790748899999:SHORT,ALICEUSDT,Research_Discovery,True,1,1,False,True,0.8667797987909103,FULL_CLOSE_050
research,BASE,0.0338983050847,PAPER:CUSDT:1790673899999:SHORT,CUSDT,Research_Discovery,False,1,1,False,True,-2.7209623220243735,HIST_TIME_FALLBACK
research,BASE,0.0338983050847,PAPER:MEGAUSDT:1790779799999:SHORT,MEGAUSDT,Research_Discovery,True,1,1,False,True,2.21281724751225,FULL_CLOSE_050
research,BASE,0.0338983050847,PAPER:DRIFTUSDT:1790802899999:SHORT,DRIFTUSDT,Research_Reserve,False,1,1,False,True,-2.002924401915092,HIST_TIME_FALLBACK
research,BASE,0.0338983050847,PAPER:XPLUSDT:1790790899999:SHORT,XPLUSDT,Research_Validation,False,1,1,False,True,-1.749916084505588,HIST_TIME_FALLBACK
research,BASE,0.0338983050847,PAPER:哈基米USDT:1790798699999:SHORT,哈基米USDT,Research_Validation,False,1,1,False,True,1.1456159106217818,FULL_CLOSE_050
research,BASE,0.0338983050847,PAPER:ERAUSDT:1790777999999:SHORT,ERAUSDT,Research_Discovery,True,2,2,False,True,1.0063576079617556,FULL_CLOSE_050
research,BASE,0.0338983050847,PAPER:INXUSDT:1790741399999:SHORT,INXUSDT,Research_Discovery,False,2,2,False,False,,
research,BASE,0.0338983050847,PAPER:METISUSDT:1790667299999:SHORT,METISUSDT,Research_Discovery,False,2,2,False,True,-0.6558206231073102,HIST_TIME_FALLBACK
research,BASE,0.0338983050847,PAPER:SAGAUSDT:1790780699999:SHORT,SAGAUSDT,Research_Discovery,False,2,2,False,True,-0.011728864333088507,BE0.10
research,BASE,0.0338983050847,PAPER:HAEDALUSDT:1790666399999:SHORT,HAEDALUSDT,Research_Discovery,False,2,2,False,True,-0.19932725295063947,BE0.10
research,BASE,0.0338983050847,PAPER:SHELLUSDT:1790673899999:SHORT,SHELLUSDT,Research_Discovery,False,2,2,False,True,-3.1291876994314487,HIST_TIME_FALLBACK
research,BASE,0.0338983050847,PAPER:SAGAUSDT:1790801099999:SHORT,SAGAUSDT,Research_Validation,True,2,2,False,True,1.6178752621084787,FULL_CLOSE_050
research,BASE,0.0338983050847,PAPER:B2USDT:1790665199999:SHORT,B2USDT,Research_Discovery,False,2,2,False,True,-2.1484550051840507,HIST_TIME_FALLBACK
research,BASE,0.0338983050847,PAPER:INJUSDT:1790777999999:SHORT,INJUSDT,Research_Discovery,True,2,2,False,True,2.366670585638417,FULL_CLOSE_050
research,BASE,0.0338983050847,PAPER:AGTUSDT:1790684699999:SHORT,AGTUSDT,Research_Discovery,False,2,2,False,True,3.5729105117802886,FULL_CLOSE_050
research,BASE,0.0338983050847,PAPER:GPSUSDT:1790792699999:SHORT,GPSUSDT,Research_Validation,True,0,0,False,True,-2.2311615223244305,HIST_TIME_FALLBACK
research,BASE,0.0338983050847,PAPER:TRUMPUSDT:1790750999999:SHORT,TRUMPUSDT,Research_Discovery,False,1,1,False,True,-2.439997151215881,HIST_TIME_FALLBACK
research,BASE,0.0338983050847,PAPER:COMPUSDT:1790742899999:SHORT,COMPUSDT,Research_Discovery,False,2,2,False,True,-0.17078141202388475,BE0.10
research,BASE,0.0338983050847,PAPER:CCUSDT:1790757299999:SHORT,CCUSDT,Research_Discovery,False,1,1,False,True,-2.169123130632578,HIST_TIME_FALLBACK
research,BASE,0.0338983050847,PAPER:FLOWUSDT:1790780999999:SHORT,FLOWUSDT,Research_Discovery,False,2,2,False,False,,
research,BASE,0.0338983050847,PAPER:BABYUSDT:1790672099999:SHORT,BABYUSDT,Research_Discovery,False,2,2,False,True,-0.5729668352660259,BE0.10
research,BASE,0.0338983050847,PAPER:龙虾USDT:1790784599999:SHORT,龙虾USDT,Research_Discovery,True,0,0,False,True,-0.06369324337118304,BE0.10
research,BASE,0.0338983050847,PAPER:ETCUSDT:1790789699999:SHORT,ETCUSDT,Research_Validation,False,0,0,False,True,0.7346810156377386,FULL_CLOSE_050
research,BASE,0.0338983050847,PAPER:NOMUSDT:1790669399999:SHORT,NOMUSDT,Research_Discovery,False,1,1,False,True,-0.46277505257625146,BE0.10
research,BASE,0.0338983050847,PAPER:ARUSDT:1790748599999:SHORT,ARUSDT,Research_Discovery,True,0,0,False,True,0.9307876605852432,FULL_CLOSE_050
research,BASE,0.0338983050847,PAPER:FLOWUSDT:1790793599999:SHORT,FLOWUSDT,Research_Validation,False,1,1,False,True,-0.7895948535231522,HIST_TIME_FALLBACK
research,BASE,0.0338983050847,PAPER:KAITOUSDT:1790766599999:SHORT,KAITOUSDT,Research_Discovery,False,1,1,False,True,-0.06708179330665048,BE0.10
research,BASE,0.0338983050847,PAPER:PLAYUSDT:1790684699999:SHORT,PLAYUSDT,Research_Discovery,True,3,3,False,True,2.331194360799401,FULL_CLOSE_050
research,BASE,0.0338983050847,PAPER:NILUSDT:1790759999999:SHORT,NILUSDT,Research_Discovery,False,0,0,False,True,-1.9230696802444132,HIST_TIME_FALLBACK
research,BASE,0.0338983050847,PAPER:0GUSDT:1790778899999:SHORT,0GUSDT,Research_Discovery,False,3,3,False,True,-0.15360316652766193,BE0.10
research,BASE,0.0338983050847,PAPER:SPACEUSDT:1790750099999:SHORT,SPACEUSDT,Research_Discovery,False,3,3,False,True,-0.08364325779182069,BE0.10
research,BASE,0.0338983050847,PAPER:LSKUSDT:1790755499999:SHORT,LSKUSDT,Research_Discovery,False,2,2,False,True,-1.1880736992613221,HIST_TIME_FALLBACK
research,BASE,0.0338983050847,PAPER:BROCCOLIF3BUSDT:1790778899999:SHORT,BROCCOLIF3BUSDT,Research_Discovery,False,1,1,False,True,-1.3551861464525703,HIST_TIME_FALLBACK
research,BASE,0.0338983050847,PAPER:HOMEUSDT:1790789699999:SHORT,HOMEUSDT,Research_Validation,False,2,2,False,True,-3.0258874589647404,HIST_TIME_FALLBACK
research,BASE,0.0338983050847,PAPER:MUSDT:1790676299999:SHORT,MUSDT,Research_Discovery,True,3,3,False,True,1.6718481849957416,FULL_CLOSE_050
research,BASE,0.0338983050847,PAPER:NILUSDT:1790671499999:SHORT,NILUSDT,Research_Discovery,False,2,2,False,True,-1.68723326260338,HIST_TIME_FALLBACK
research,BASE,0.0338983050847,PAPER:AVAAIUSDT:1790752199999:SHORT,AVAAIUSDT,Research_Discovery,False,2,2,False,False,,
research,BASE,0.0338983050847,PAPER:ADAUSDT:1790749499999:SHORT,ADAUSDT,Research_Discovery,False,1,1,False,True,-2.39395861248885,HIST_TIME_FALLBACK
research,BASE,0.0338983050847,PAPER:ONDOUSDT:1790766599999:SHORT,ONDOUSDT,Research_Discovery,False,1,1,False,True,-3.737246176616498,HIST_TIME_FALLBACK
research,BASE,0.0338983050847,PAPER:NILUSDT:1790799599999:SHORT,NILUSDT,Research_Validation,False,1,1,False,True,-1.2448193435038157,HIST_TIME_FALLBACK
research,BASE,0.0338983050847,PAPER:2ZUSDT:1790787899999:SHORT,2ZUSDT,Research_Discovery,False,2,2,False,True,-2.789951842238101,HIST_TIME_FALLBACK
research,BASE,0.0338983050847,PAPER:EPICUSDT:1790766899999:SHORT,EPICUSDT,Research_Discovery,False,1,1,False,True,-0.8582063573685147,HIST_TIME_FALLBACK
research,BASE,0.0338983050847,PAPER:1000000MOGUSDT:1790766599999:SHORT,1000000MOGUSDT,Research_Discovery,False,1,1,False,True,-11.183413684440444,HIST_TIME_FALLBACK
research,BASE,0.0338983050847,PAPER:XPINUSDT:1790796299999:SHORT,XPINUSDT,Research_Validation,False,1,1,False,True,-0.35497578112532235,BE0.10
research,BASE,0.0338983050847,PAPER:MMTUSDT:1790793299999:SHORT,MMTUSDT,Research_Validation,False,0,0,False,True,-1.216311882791259,HIST_TIME_FALLBACK
research,BASE,0.0338983050847,PAPER:CLOUSDT:1790801099999:SHORT,CLOUSDT,Research_Validation,True,0,0,False,True,0.8062141375643592,FULL_CLOSE_050
research,BASE,0.0338983050847,PAPER:THETAUSDT:1790775599999:SHORT,THETAUSDT,Research_Discovery,False,1,1,False,False,,
research,BASE,0.0338983050847,PAPER:SKRUSDT:1790777699999:SHORT,SKRUSDT,Research_Discovery,True,3,3,False,True,1.5995230327209335,FULL_CLOSE_050
research,BASE,0.0338983050847,PAPER:MUBARAKUSDT:1790672399999:SHORT,MUBARAKUSDT,Research_Discovery,True,0,0,False,True,0.828626660560662,FULL_CLOSE_050
research,BASE,0.0338983050847,PAPER:OUSDT:1790770799999:SHORT,OUSDT,Research_Discovery,False,0,0,False,True,-0.5852728227439044,HIST_TIME_FALLBACK
research,BASE,0.0338983050847,PAPER:CHIPUSDT:1790749499999:SHORT,CHIPUSDT,Research_Discovery,False,0,0,False,True,-0.25942390640049334,BE0.10
research,BASE,0.0338983050847,PAPER:UBUSDT:1790778299999:SHORT,UBUSDT,Research_Discovery,True,2,2,False,True,0.8788678780223829,FULL_CLOSE_050
research,BASE,0.0338983050847,PAPER:EPICUSDT:1790798999999:SHORT,EPICUSDT,Research_Validation,False,1,1,False,True,-3.1102705953947467,HIST_TIME_FALLBACK
research,BASE,0.0338983050847,PAPER:TRBUSDT:1790757299999:SHORT,TRBUSDT,Research_Discovery,False,0,0,False,True,-0.28308588543956853,BE0.10
research,BASE,0.0338983050847,PAPER:CATIUSDT:1790750099999:SHORT,CATIUSDT,Research_Discovery,False,1,1,False,True,0.9946122205860632,FULL_CLOSE_050
research,BASE,0.0338983050847,PAPER:AZTECUSDT:1790670299999:SHORT,AZTECUSDT,Research_Discovery,False,3,3,False,False,,
research,BASE,0.0338983050847,PAPER:RIVERUSDT:1790786999999:SHORT,RIVERUSDT,Research_Discovery,True,2,2,False,True,1.0846684580818091,FULL_CLOSE_050
research,BASE,0.0338983050847,PAPER:LIGHTUSDT:1790795699999:SHORT,LIGHTUSDT,Research_Validation,False,3,3,False,True,-2.0401741208339974,HIST_TIME_FALLBACK
research,BASE,0.0338983050847,PAPER:ZKUSDT:1790778299999:SHORT,ZKUSDT,Research_Discovery,False,2,2,False,False,,
research,BASE,0.0338983050847,PAPER:WLDUSDT:1790757299999:SHORT,WLDUSDT,Research_Discovery,False,0,0,False,True,-3.5762907121375966,HIST_TIME_FALLBACK
research,BASE,0.0338983050847,PAPER:XLMUSDT:1790777999999:SHORT,XLMUSDT,Research_Discovery,True,0,0,False,True,2.570280006771414,FULL_CLOSE_050
research,BASE,0.0338983050847,PAPER:AVNTUSDT:1790802599999:SHORT,AVNTUSDT,Research_Reserve,False,1,1,False,True,-0.20388364984674845,BE0.10
research,BASE,0.0338983050847,PAPER:MARSCOINUSDT:1790674499999:SHORT,MARSCOINUSDT,Research_Discovery,True,1,1,False,True,-0.39616801778327787,BE0.10
research,BASE,0.0338983050847,PAPER:COAIUSDT:1790821499999:SHORT,COAIUSDT,Research_Reserve,False,2,2,False,True,-3.6020374143385245,HIST_TIME_FALLBACK
research,BASE,0.0338983050847,PAPER:FLOCKUSDT:1790778599999:SHORT,FLOCKUSDT,Research_Discovery,True,2,2,False,True,2.5147321701945122,FULL_CLOSE_050
research,BASE,0.0338983050847,PAPER:FFUSDT:1790764499999:SHORT,FFUSDT,Research_Discovery,False,1,1,False,True,-0.00748723190961037,BE0.10
research,BASE,0.0338983050847,PAPER:PLAYUSDT:1790766599999:SHORT,PLAYUSDT,Research_Discovery,False,1,1,False,True,-1.8829388393205204,HIST_TIME_FALLBACK
research,BASE,0.0338983050847,PAPER:OPNUSDT:1790668799999:SHORT,OPNUSDT,Research_Discovery,False,1,1,False,True,-0.18449185056895184,BE0.10
research,BASE,0.0338983050847,PAPER:GMTUSDT:1790660099999:SHORT,GMTUSDT,Research_Discovery,False,2,2,False,True,-7.686582367855947,HIST_TIME_FALLBACK
research,BASE,0.0338983050847,PAPER:SLXUSDT:1790793299999:SHORT,SLXUSDT,Research_Validation,True,1,1,False,True,1.1806146347148097,FULL_CLOSE_050
research,BASE,0.0338983050847,PAPER:ARKMUSDT:1790678399999:SHORT,ARKMUSDT,Research_Discovery,False,3,3,False,True,-0.5651321995167891,HIST_TIME_FALLBACK
research,BASE,0.0338983050847,PAPER:MARSCOINUSDT:1790770199999:SHORT,MARSCOINUSDT,Research_Discovery,False,2,2,False,True,-0.40651993080531473,BE0.10
research,BASE,0.0338983050847,PAPER:NILUSDT:1790793599999:SHORT,NILUSDT,Research_Validation,True,1,1,False,False,,
research,BASE,0.0338983050847,PAPER:AVAUSDT:1790788499999:SHORT,AVAUSDT,Research_Validation,True,1,1,False,True,2.064112591687342,FULL_CLOSE_050
research,BASE,0.0338983050847,PAPER:币安人生USDT:1790680199999:SHORT,币安人生USDT,Research_Discovery,False,2,2,False,True,-3.0101702439253497,HIST_TIME_FALLBACK
research,BASE,0.0338983050847,PAPER:ACTUSDT:1790793599999:SHORT,ACTUSDT,Research_Validation,True,0,0,False,True,2.6534271677634664,FULL_CLOSE_050
research,BASE,0.0338983050847,PAPER:BRUSDT:1790801399999:SHORT,BRUSDT,Research_Validation,False,1,1,False,True,-5.169103781048132,HIST_TIME_FALLBACK
research,BASE,0.0338983050847,PAPER:SENTUSDT:1790789699999:SHORT,SENTUSDT,Research_Validation,False,0,0,False,True,-0.03086002875506,BE0.10
research,BASE,0.0338983050847,PAPER:USUALUSDT:1790797499999:SHORT,USUALUSDT,Research_Validation,False,1,1,False,True,0.9109610254888811,FULL_CLOSE_050
research,BASE,0.0338983050847,PAPER:TRBUSDT:1790813399999:SHORT,TRBUSDT,Research_Reserve,False,1,1,False,True,1.3288592792362746,FULL_CLOSE_050
research,BASE,0.0338983050847,PAPER:龙虾USDT:1790774099999:SHORT,龙虾USDT,Research_Discovery,False,2,2,False,True,-4.676556216950601,HIST_TIME_FALLBACK
research,BASE,0.0338983050847,PAPER:MITOUSDT:1790744399999:SHORT,MITOUSDT,Research_Discovery,False,0,0,False,True,-4.938836970581371,HIST_TIME_FALLBACK
research,BASE,0.0338983050847,PAPER:RAREUSDT:1790770499999:SHORT,RAREUSDT,Research_Discovery,True,0,0,False,True,-0.6716284408801546,HIST_TIME_FALLBACK
research,BASE,0.0338983050847,PAPER:APRUSDT:1790812499999:SHORT,APRUSDT,Research_Reserve,False,0,0,False,True,-0.24065752200751456,BE0.10
research,BASE,0.0338983050847,PAPER:AEROUSDT:1790821199999:SHORT,AEROUSDT,Research_Reserve,False,2,2,False,True,-3.235639449582906,HIST_TIME_FALLBACK
research,BASE,0.0338983050847,PAPER:KGENUSDT:1790664599999:SHORT,KGENUSDT,Research_Discovery,False,2,2,False,False,,
research,BASE,0.0338983050847,PAPER:CCUSDT:1790781599999:SHORT,CCUSDT,Research_Discovery,True,0,0,False,True,3.6988669711524746,FULL_CLOSE_050
research,BASE,0.0338983050847,PAPER:ZESTUSDT:1790782499999:SHORT,ZESTUSDT,Research_Discovery,False,0,0,False,True,-3.3740976303217503,HIST_TIME_FALLBACK
research,BASE,0.0338983050847,PAPER:GRAMUSDT:1790660099999:SHORT,GRAMUSDT,Research_Discovery,False,0,0,False,True,-0.30009238860757104,BE0.10
research,BASE,0.0338983050847,PAPER:BROCCOLI714USDT:1790750999999:SHORT,BROCCOLI714USDT,Research_Discovery,False,2,2,False,True,-3.8325807675930474,HIST_TIME_FALLBACK
research,BASE,0.0338983050847,PAPER:POWERUSDT:1790760599999:SHORT,POWERUSDT,Research_Discovery,False,1,1,False,True,-2.5442034904180835,HIST_TIME_FALLBACK
research,BASE,0.0338983050847,PAPER:POWERUSDT:1790765099999:SHORT,POWERUSDT,Research_Discovery,False,2,2,False,True,-2.340058957482309,HIST_TIME_FALLBACK
research,BASE,0.0338983050847,PAPER:EDGEUSDT:1790777999999:SHORT,EDGEUSDT,Research_Discovery,True,2,2,False,True,1.1803292463483968,FULL_CLOSE_050
research,BASE,0.0338983050847,PAPER:BNTUSDT:1790778599999:SHORT,BNTUSDT,Research_Discovery,False,3,3,False,True,1.0828974759268606,FULL_CLOSE_050
research,BASE,0.0338983050847,PAPER:STOUSDT:1790803499999:SHORT,STOUSDT,Research_Reserve,False,0,0,False,True,-0.3517022450400825,BE0.10
research,BASE,0.0338983050847,PAPER:LINEAUSDT:1790778599999:SHORT,LINEAUSDT,Research_Discovery,False,1,1,False,True,1.1076730248413855,FULL_CLOSE_050
research,BASE,0.0338983050847,PAPER:OUSDT:1790770199999:SHORT,OUSDT,Research_Discovery,False,1,1,False,True,-2.4848660038590373,HIST_TIME_FALLBACK
research,BASE,0.0338983050847,PAPER:LITUSDT:1790787599999:SHORT,LITUSDT,Research_Discovery,False,0,0,False,True,-0.1727436005737612,BE0.10
research,BASE,0.0338983050847,PAPER:RAREUSDT:1790670899999:SHORT,RAREUSDT,Research_Discovery,False,1,1,False,True,-0.07861396713475921,BE0.10
research,BASE,0.0338983050847,PAPER:MEUSDT:1790802599999:SHORT,MEUSDT,Research_Reserve,False,3,3,False,True,-0.02527877226498687,BE0.10
research,BASE,0.0338983050847,PAPER:NILUSDT:1790678399999:SHORT,NILUSDT,Research_Discovery,False,1,1,False,False,,
research,BASE,0.0338983050847,PAPER:ACTUSDT:1790660099999:SHORT,ACTUSDT,Research_Discovery,False,2,2,False,True,-7.033153308013008,HIST_TIME_FALLBACK
research,BASE,0.0338983050847,PAPER:POWERUSDT:1790814599999:SHORT,POWERUSDT,Research_Reserve,False,0,0,False,True,-0.45670864302247915,BE0.10
research,BASE,0.0338983050847,PAPER:BSBUSDT:1790770199999:SHORT,BSBUSDT,Research_Discovery,False,2,2,False,True,-0.07121692117171291,BE0.10
research,BASE,0.0338983050847,PAPER:TRIAUSDT:1790778299999:SHORT,TRIAUSDT,Research_Discovery,False,3,3,False,False,,
research,BASE,0.0338983050847,PAPER:BERAUSDT:1790818799999:SHORT,BERAUSDT,Research_Reserve,False,2,2,False,False,,
research,BASE,0.0338983050847,PAPER:JUPUSDT:1790747699999:SHORT,JUPUSDT,Research_Discovery,True,2,2,False,True,2.5706752130242827,FULL_CLOSE_050
research,BASE,0.0338983050847,PAPER:SYRUPUSDT:1790779499999:SHORT,SYRUPUSDT,Research_Discovery,False,2,2,False,True,-2.2872783855277468,HIST_TIME_FALLBACK
research,BASE,0.0338983050847,PAPER:LAUSDT:1790749499999:SHORT,LAUSDT,Research_Discovery,False,3,3,False,True,1.43527624363298,FULL_CLOSE_050
research,BASE,0.0338983050847,PAPER:ZECUSDT:1790805899999:SHORT,ZECUSDT,Research_Reserve,False,1,1,False,True,-7.8558814371901455,HIST_TIME_FALLBACK
research,BASE,0.0338983050847,PAPER:APEUSDT:1790660099999:SHORT,APEUSDT,Research_Discovery,False,2,2,False,True,-0.25106267761925444,BE0.10
research,BASE,0.0338983050847,PAPER:UBUSDT:1790781599999:SHORT,UBUSDT,Research_Discovery,False,1,1,False,True,1.7541225276500436,FULL_CLOSE_050
research,BASE,0.0338983050847,PAPER:JOEUSDT:1790777699999:SHORT,JOEUSDT,Research_Discovery,True,2,2,False,True,1.0062007516146165,FULL_CLOSE_050
research,BASE,0.0338983050847,PAPER:RAVEUSDT:1790789699999:SHORT,RAVEUSDT,Research_Validation,False,0,0,False,True,1.2209794609524334,FULL_CLOSE_050
research,BASE,0.0338983050847,PAPER:NOMUSDT:1790790599999:SHORT,NOMUSDT,Research_Validation,False,1,1,False,False,,
research,BASE,0.0338983050847,PAPER:FETUSDT:1790805899999:SHORT,FETUSDT,Research_Reserve,False,2,2,False,True,-0.950190038007563,HIST_TIME_FALLBACK
research,BASE,0.0338983050847,PAPER:GTCUSDT:1790818199999:SHORT,GTCUSDT,Research_Reserve,False,1,1,False,True,-4.386141578380004,HIST_TIME_FALLBACK
research,BASE,0.0338983050847,PAPER:RAREUSDT:1790753699999:SHORT,RAREUSDT,Research_Discovery,False,2,2,False,False,,
research,BASE,0.0338983050847,PAPER:METUSDT:1790795699999:SHORT,METUSDT,Research_Validation,True,0,0,False,True,1.3882178880497411,FULL_CLOSE_050
research,BASE,0.0338983050847,PAPER:EVAAUSDT:1790675099999:SHORT,EVAAUSDT,Research_Discovery,False,1,1,False,True,-1.8533478008186528,HIST_TIME_FALLBACK
research,BASE,0.0338983050847,PAPER:币安人生USDT:1790685899999:SHORT,币安人生USDT,Research_Discovery,False,1,1,False,True,-3.0585091296238014,HIST_TIME_FALLBACK
research,BASE,0.0338983050847,PAPER:AZTECUSDT:1790821199999:SHORT,AZTECUSDT,Research_Reserve,False,1,1,False,True,-0.07505858689219491,BE0.10
research,BASE,0.0338983050847,PAPER:KMNOUSDT:1790798699999:SHORT,KMNOUSDT,Research_Validation,False,0,0,False,True,1.3582037366661506,FULL_CLOSE_050
research,BASE,0.0338983050847,PAPER:EDGEUSDT:1790757299999:SHORT,EDGEUSDT,Research_Discovery,False,1,1,False,True,-2.2127972305754513,HIST_TIME_FALLBACK
research,BASE,0.0338983050847,PAPER:MAGMAUSDT:1790798099999:SHORT,MAGMAUSDT,Research_Validation,False,1,1,False,True,-3.482210599873302,HIST_TIME_FALLBACK
research,BASE,0.0338983050847,PAPER:MUSDT:1790750699999:SHORT,MUSDT,Research_Discovery,False,1,1,False,True,-0.011858486042035543,BE0.10
research,BASE,0.0338983050847,PAPER:BSBUSDT:1790791499999:SHORT,BSBUSDT,Research_Validation,False,2,2,False,True,-1.7511103420683578,HIST_TIME_FALLBACK
research,BASE,0.0338983050847,PAPER:TIAUSDT:1790805899999:SHORT,TIAUSDT,Research_Reserve,False,0,0,False,True,-1.643027671278168,HIST_TIME_FALLBACK
research,BASE,0.0338983050847,PAPER:XNYUSDT:1790819099999:SHORT,XNYUSDT,Research_Reserve,False,2,2,False,True,-0.8065529676954446,BE0.10
research,BASE,0.0338983050847,PAPER:LDOUSDT:1790789699999:SHORT,LDOUSDT,Research_Validation,False,0,0,False,True,-0.08282995130533888,BE0.10
research,BASE,0.0338983050847,PAPER:BIOUSDT:1790749799999:SHORT,BIOUSDT,Research_Discovery,False,1,1,False,True,0.8387401408157015,FULL_CLOSE_050
research,BASE,0.0338983050847,PAPER:PROMUSDT:1790772599999:SHORT,PROMUSDT,Research_Discovery,False,0,0,False,True,-0.08455144495331979,BE0.10
research,BASE,0.0338983050847,PAPER:WUSDT:1790778599999:SHORT,WUSDT,Research_Discovery,False,3,3,False,True,-0.002992055041342534,BE0.10
research,BASE,0.0338983050847,PAPER:PIXELUSDT:1790802599999:SHORT,PIXELUSDT,Research_Reserve,False,0,0,False,True,-0.25057411901662313,BE0.10
research,BASE,0.0338983050847,PAPER:LTCUSDT:1790793899999:SHORT,LTCUSDT,Research_Validation,False,0,0,False,True,-2.547284992550075,HIST_TIME_FALLBACK
research,BASE,0.0338983050847,PAPER:NIGHTUSDT:1790746799999:SHORT,NIGHTUSDT,Research_Discovery,False,3,3,False,True,-0.01482686758466284,BE0.10
research,BASE,0.0338983050847,PAPER:ASTERUSDT:1790766299999:SHORT,ASTERUSDT,Research_Discovery,False,2,2,False,True,-2.4158081083876977,HIST_TIME_FALLBACK
research,BASE,0.0338983050847,PAPER:ORCAUSDT:1790777999999:SHORT,ORCAUSDT,Research_Discovery,True,2,2,False,True,1.5636841115869626,FULL_CLOSE_050
research,BASE,0.0338983050847,PAPER:POWERUSDT:1790801699999:SHORT,POWERUSDT,Research_Reserve,False,0,0,False,True,-1.301347659921344,HIST_TIME_FALLBACK
research,BASE,0.0338983050847,PAPER:JTOUSDT:1790778299999:SHORT,JTOUSDT,Research_Discovery,False,2,2,False,False,,
research,BASE,0.0338983050847,PAPER:EDENUSDT:1790804999999:SHORT,EDENUSDT,Research_Reserve,True,2,2,False,True,1.507764670949792,FULL_CLOSE_050
research,BASE,0.0338983050847,PAPER:APTUSDT:1790805899999:SHORT,APTUSDT,Research_Reserve,False,2,2,False,True,-2.268533967525662,HIST_TIME_FALLBACK
research,BASE,0.0338983050847,PAPER:HANAUSDT:1790681399999:SHORT,HANAUSDT,Research_Discovery,True,1,1,False,True,1.3834938316334577,FULL_CLOSE_050
research,BASE,0.0338983050847,PAPER:IOSTUSDT:1790660099999:SHORT,IOSTUSDT,Research_Discovery,False,0,0,False,True,-0.14835334915950815,BE0.10
research,BASE,0.0338983050847,PAPER:JELLYJELLYUSDT:1790791499999:SHORT,JELLYJELLYUSDT,Research_Validation,False,0,0,False,True,-0.23290515169131493,BE0.10
research,BASE,0.0338983050847,PAPER:ETCUSDT:1790778599999:SHORT,ETCUSDT,Research_Discovery,False,2,2,False,False,,
research,BASE,0.0338983050847,PAPER:METISUSDT:1790660099999:SHORT,METISUSDT,Research_Discovery,False,2,2,False,True,-8.637433245456632,HIST_TIME_FALLBACK
research,BASE,0.0338983050847,PAPER:LUNA2USDT:1790683799999:SHORT,LUNA2USDT,Research_Discovery,True,1,1,False,True,1.5957714136724483,FULL_CLOSE_050
research,BASE,0.0338983050847,PAPER:CTSIUSDT:1790660099999:SHORT,CTSIUSDT,Research_Discovery,False,1,1,False,True,-5.7892627666241365,HIST_TIME_FALLBACK
research,BASE,0.0338983050847,PAPER:XVSUSDT:1790791499999:SHORT,XVSUSDT,Research_Validation,False,1,1,False,True,-0.12483935369105897,BE0.10
research,BASE,0.0338983050847,PAPER:QUSDT:1790660699999:SHORT,QUSDT,Research_Discovery,False,2,2,False,True,-0.004604089388512256,BE0.10
research,BASE,0.0338983050847,PAPER:AEROUSDT:1790755799999:SHORT,AEROUSDT,Research_Discovery,False,0,0,False,True,-3.4571397815308362,HIST_TIME_FALLBACK
research,BASE,0.0338983050847,PAPER:FLUIDUSDT:1790777999999:SHORT,FLUIDUSDT,Research_Discovery,True,2,2,False,True,1.0819149283171636,FULL_CLOSE_050
research,BASE,0.0338983050847,PAPER:TURBOUSDT:1790792099999:SHORT,TURBOUSDT,Research_Validation,True,0,0,False,True,1.573800060118589,FULL_CLOSE_050
research,BASE,0.0338983050847,PAPER:FLUXUSDT:1790678399999:SHORT,FLUXUSDT,Research_Discovery,False,1,1,False,True,-4.468565822453265,HIST_TIME_FALLBACK
research,BASE,0.0338983050847,PAPER:XPINUSDT:1790789699999:SHORT,XPINUSDT,Research_Validation,False,2,2,False,True,-2.1321857641894573,HIST_TIME_FALLBACK
research,BASE,0.0338983050847,PAPER:ETHFIUSDT:1790789699999:SHORT,ETHFIUSDT,Research_Validation,False,0,0,False,True,1.3766041870434633,FULL_CLOSE_050
research,BASE,0.0338983050847,PAPER:NOMUSDT:1790819699999:SHORT,NOMUSDT,Research_Reserve,False,2,2,False,False,,
research,BASE,0.0338983050847,PAPER:LDOUSDT:1790825099999:SHORT,LDOUSDT,Research_Reserve,False,3,3,False,True,-0.033595503719588415,BE0.10
research,BASE,0.0338983050847,PAPER:FOGOUSDT:1790789699999:SHORT,FOGOUSDT,Research_Validation,True,3,3,False,True,1.8710114839048841,FULL_CLOSE_050
research,BASE,0.0338983050847,PAPER:AGTUSDT:1790659799999:SHORT,AGTUSDT,Research_Discovery,False,3,3,False,True,-2.8693814650577143,HIST_TIME_FALLBACK
research,BASE,0.0338983050847,PAPER:龙虾USDT:1790750999999:SHORT,龙虾USDT,Research_Discovery,False,1,1,False,True,-0.040804886823749,BE0.10
research,BASE,0.0338983050847,PAPER:MEWUSDT:1790766899999:SHORT,MEWUSDT,Research_Discovery,False,3,3,False,False,,
research,BASE,0.0338983050847,PAPER:PROMPTUSDT:1790821499999:SHORT,PROMPTUSDT,Research_Reserve,True,1,1,False,True,23.485814888932357,RUNNER_CLOSE
research,BASE,0.0338983050847,PAPER:AWEUSDT:1790750999999:SHORT,AWEUSDT,Research_Discovery,False,1,1,False,False,,
research,BASE,0.0338983050847,PAPER:MUBARAKUSDT:1790777999999:SHORT,MUBARAKUSDT,Research_Discovery,False,1,1,False,True,-0.03292748754650582,BE0.10
research,BASE,0.0338983050847,PAPER:CROSSUSDT:1790678399999:SHORT,CROSSUSDT,Research_Discovery,False,1,1,False,True,-0.033251310651998156,BE0.10
research,BASE,0.0338983050847,PAPER:POWERUSDT:1790804999999:SHORT,POWERUSDT,Research_Reserve,True,2,2,False,True,3.2074112081552326,FULL_CLOSE_050
research,BASE,0.0338983050847,PAPER:BRUSDT:1790781899999:SHORT,BRUSDT,Research_Discovery,False,0,0,False,True,1.1031671716827733,FULL_CLOSE_050
research,BASE,0.0338983050847,PAPER:RAREUSDT:1790788499999:SHORT,RAREUSDT,Research_Validation,False,3,3,False,False,,
research,BASE,0.0338983050847,PAPER:PLAYUSDT:1790820899999:SHORT,PLAYUSDT,Research_Reserve,False,2,2,False,True,-0.3217215006089877,HIST_TIME_FALLBACK
research,BASE,0.0338983050847,PAPER:VTHOUSDT:1790775299999:SHORT,VTHOUSDT,Research_Discovery,True,0,0,False,True,4.351577199817728,FULL_CLOSE_050
research,BASE,0.0338983050847,PAPER:AGLDUSDT:1790686199999:SHORT,AGLDUSDT,Research_Discovery,True,2,2,False,True,3.8740775116933532,FULL_CLOSE_050
research,BASE,0.0338983050847,PAPER:JTOUSDT:1790781899999:SHORT,JTOUSDT,Research_Discovery,False,1,1,False,True,-0.0005121969186465125,BE0.10
research,BASE,0.0338983050847,PAPER:SNXUSDT:1790660099999:SHORT,SNXUSDT,Research_Discovery,False,2,2,False,True,-6.807317209367433,HIST_TIME_FALLBACK
research,BASE,0.0338983050847,PAPER:1000SATSUSDT:1790791499999:SHORT,1000SATSUSDT,Research_Validation,False,2,2,False,True,1.4449065650451085,FULL_CLOSE_050
research,BASE,0.0338983050847,PAPER:HEIUSDT:1790755199999:SHORT,HEIUSDT,Research_Discovery,False,1,1,False,True,-0.6520511517431047,BE0.10
research,BASE,0.0338983050847,PAPER:SPXUSDT:1790798099999:SHORT,SPXUSDT,Research_Validation,False,2,2,False,True,-3.3914531570967306,HIST_TIME_FALLBACK
research,BASE,0.0338983050847,PAPER:XMRUSDT:1790778899999:SHORT,XMRUSDT,Research_Discovery,False,2,2,False,True,-0.08502821241082537,BE0.10
research,BASE,0.0338983050847,PAPER:HUMAUSDT:1790796299999:SHORT,HUMAUSDT,Research_Validation,False,2,2,False,True,-1.696644078885666,HIST_TIME_FALLBACK
research,BASE,0.0338983050847,PAPER:METUSDT:1790742899999:SHORT,METUSDT,Research_Discovery,False,1,1,False,True,-2.0445143135435186,HIST_TIME_FALLBACK
research,BASE,0.0338983050847,PAPER:BANUSDT:1790802599999:SHORT,BANUSDT,Research_Reserve,False,0,0,False,True,-2.8745540554530713,HIST_TIME_FALLBACK
research,BASE,0.0338983050847,PAPER:STRKUSDT:1790751899999:SHORT,STRKUSDT,Research_Discovery,False,2,2,False,True,0.9895539776398392,FULL_CLOSE_050
research,BASE,0.0338983050847,PAPER:GRASSUSDT:1790820299999:SHORT,GRASSUSDT,Research_Reserve,False,3,3,False,True,0.9972926898059618,FULL_CLOSE_050
research,BASE,0.0338983050847,PAPER:NMRUSDT:1790823899999:SHORT,NMRUSDT,Research_Reserve,True,2,2,False,True,0.7135974243896215,FULL_CLOSE_050
research,BASE,0.0338983050847,PAPER:HANAUSDT:1790680499999:SHORT,HANAUSDT,Research_Discovery,False,1,1,False,True,-0.1847845486528612,BE0.10
research,BASE,0.0338983050847,PAPER:ZAMAUSDT:1790820299999:SHORT,ZAMAUSDT,Research_Reserve,False,0,0,False,True,-2.815847474211391,HIST_TIME_FALLBACK
research,T005,0.05,PAPER:MARSCOINUSDT:1790750399999:SHORT,MARSCOINUSDT,Research_Discovery,False,1,1,False,True,-1.7961134685745213,HIST_TIME_FALLBACK
research,T005,0.05,PAPER:ONUSDT:1790816699999:SHORT,ONUSDT,Research_Reserve,True,1,1,False,True,1.3005976869833946,FULL_CLOSE_050
research,T005,0.05,PAPER:1000FLOKIUSDT:1790749499999:SHORT,1000FLOKIUSDT,Research_Discovery,False,0,0,False,True,-0.21968994309620082,BE0.10
research,T005,0.05,PAPER:RVNUSDT:1790750399999:SHORT,RVNUSDT,Research_Discovery,False,2,2,False,True,-0.09046450767179115,BE0.10
research,T005,0.05,PAPER:币安人生USDT:1790813099999:SHORT,币安人生USDT,Research_Reserve,False,3,3,False,True,-3.350071092924139,HIST_TIME_FALLBACK
research,T005,0.05,PAPER:CCUSDT:1790804399999:SHORT,CCUSDT,Research_Reserve,False,3,3,False,False,,
research,T005,0.05,PAPER:RAREUSDT:1790813399999:SHORT,RAREUSDT,Research_Reserve,False,0,0,False,True,-2.4224700087075477,HIST_TIME_FALLBACK
research,T005,0.05,PAPER:ASTERUSDT:1790790899999:SHORT,ASTERUSDT,Research_Validation,False,1,1,False,True,-2.146307576927568,HIST_TIME_FALLBACK
research,T005,0.05,PAPER:CLOUSDT:1790821199999:SHORT,CLOUSDT,Research_Reserve,False,2,2,False,True,-4.172534216639878e-06,BE0.10
research,T005,0.05,PAPER:GRTUSDT:1790791499999:SHORT,GRTUSDT,Research_Validation,True,0,0,False,True,2.154687088348092,FULL_CLOSE_050
research,T005,0.05,PAPER:WETUSDT:1790805899999:SHORT,WETUSDT,Research_Reserve,False,1,1,False,True,-3.280976271305775,HIST_TIME_FALLBACK
research,T005,0.05,PAPER:PHAUSDT:1790813699999:SHORT,PHAUSDT,Research_Reserve,True,0,0,False,True,1.2719742734289923,FULL_CLOSE_050
research,T005,0.05,PAPER:牛来USDT:1790811299999:SHORT,牛来USDT,Research_Reserve,False,1,1,False,True,-2.851529664018463,HIST_TIME_FALLBACK
research,T005,0.05,PAPER:WUSDT:1790818799999:SHORT,WUSDT,Research_Reserve,False,2,2,False,True,1.1885391301331734,FULL_CLOSE_050
research,T005,0.05,PAPER:FETUSDT:1790755499999:SHORT,FETUSDT,Research_Discovery,False,1,2,True,True,-0.019752881803106137,BE0.10
research,T005,0.05,PAPER:BERAUSDT:1790767199999:SHORT,BERAUSDT,Research_Discovery,False,0,0,False,True,-0.5351193995017857,BE0.10
research,T005,0.05,PAPER:MORPHOUSDT:1790778899999:SHORT,MORPHOUSDT,Research_Discovery,False,2,2,False,False,,
research,T005,0.05,PAPER:AKEUSDT:1790789699999:SHORT,AKEUSDT,Research_Validation,True,2,2,False,True,1.5949447540122403,FULL_CLOSE_050
research,T005,0.05,PAPER:HANAUSDT:1790750699999:SHORT,HANAUSDT,Research_Discovery,False,1,1,False,True,-0.15625635039777086,BE0.10
research,T005,0.05,PAPER:ATHUSDT:1790751599999:SHORT,ATHUSDT,Research_Discovery,False,0,0,False,True,-0.022730531452432978,BE0.10
research,T005,0.05,PAPER:MOVEUSDT:1790660099999:SHORT,MOVEUSDT,Research_Discovery,False,2,2,False,True,-7.46764555987584,HIST_TIME_FALLBACK
research,T005,0.05,PAPER:EIGENUSDT:1790778299999:SHORT,EIGENUSDT,Research_Discovery,False,1,1,False,True,-2.9925204747191225,HIST_TIME_FALLBACK
research,T005,0.05,PAPER:EDENUSDT:1790748299999:SHORT,EDENUSDT,Research_Discovery,True,2,2,False,True,1.3742055376249813,FULL_CLOSE_050
research,T005,0.05,PAPER:SOMIUSDT:1790813099999:SHORT,SOMIUSDT,Research_Reserve,False,1,1,False,False,,
research,T005,0.05,PAPER:0GUSDT:1790815499999:SHORT,0GUSDT,Research_Reserve,True,3,3,False,False,,
research,T005,0.05,PAPER:ZETAUSDT:1790813099999:SHORT,ZETAUSDT,Research_Reserve,False,2,2,False,True,-1.2409966937229422,HIST_TIME_FALLBACK
research,T005,0.05,PAPER:GUSDT:1790789699999:SHORT,GUSDT,Research_Validation,True,2,2,False,True,1.2485296839747715,FULL_CLOSE_050
research,T005,0.05,PAPER:TOWNSUSDT:1790798999999:SHORT,TOWNSUSDT,Research_Validation,False,0,0,False,True,-0.4700219900094974,BE0.10
research,T005,0.05,PAPER:XANUSDT:1790820299999:SHORT,XANUSDT,Research_Reserve,False,1,2,True,True,-2.736824202959218,HIST_TIME_FALLBACK
research,T005,0.05,PAPER:ZECUSDT:1790793599999:SHORT,ZECUSDT,Research_Validation,False,0,0,False,True,1.8850132448752173,FULL_CLOSE_050
research,T005,0.05,PAPER:SKYAIUSDT:1790793599999:SHORT,SKYAIUSDT,Research_Validation,False,0,0,False,True,1.3030505710239628,FULL_CLOSE_050
research,T005,0.05,PAPER:PARTIUSDT:1790805899999:SHORT,PARTIUSDT,Research_Reserve,False,1,1,False,True,-2.862241948007635,HIST_TIME_FALLBACK
research,T005,0.05,PAPER:MUBARAKUSDT:1790813999999:SHORT,MUBARAKUSDT,Research_Reserve,False,0,0,False,True,-0.03155021644970191,BE0.10
research,T005,0.05,PAPER:GRASSUSDT:1790753399999:SHORT,GRASSUSDT,Research_Discovery,False,2,2,False,False,,
research,T005,0.05,PAPER:APRUSDT:1790766599999:SHORT,APRUSDT,Research_Discovery,False,1,1,False,True,-0.11240729317412473,BE0.10
research,T005,0.05,PAPER:XVSUSDT:1790803499999:SHORT,XVSUSDT,Research_Reserve,False,0,0,False,True,-0.12347626420409064,BE0.10
research,T005,0.05,PAPER:PHAROSUSDT:1790821499999:SHORT,PHAROSUSDT,Research_Reserve,False,0,0,False,True,-0.11497003238248377,BE0.10
research,T005,0.05,PAPER:FIGHTUSDT:1790683499999:SHORT,FIGHTUSDT,Research_Discovery,True,0,0,False,True,2.322307118439893,FULL_CLOSE_050
research,T005,0.05,PAPER:AINUSDT:1790820899999:SHORT,AINUSDT,Research_Reserve,False,3,3,False,True,-3.369490165607828,HIST_TIME_FALLBACK
research,T005,0.05,PAPER:MARSCOINUSDT:1790779199999:SHORT,MARSCOINUSDT,Research_Discovery,True,0,0,False,True,-0.8389016453802545,HIST_TIME_FALLBACK
research,T005,0.05,PAPER:CAPUSDT:1790776799999:SHORT,CAPUSDT,Research_Discovery,False,2,2,False,True,1.0977965774114582,FULL_CLOSE_050
research,T005,0.05,PAPER:NEOUSDT:1790660099999:SHORT,NEOUSDT,Research_Discovery,False,2,2,False,True,-7.245456119621564,HIST_TIME_FALLBACK
research,T005,0.05,PAPER:HUSDT:1790811599999:SHORT,HUSDT,Research_Reserve,True,1,1,False,True,3.4045000065329796,FULL_CLOSE_050
research,T005,0.05,PAPER:PTBUSDT:1790748899999:SHORT,PTBUSDT,Research_Discovery,False,1,1,False,True,0.9581766718693765,FULL_CLOSE_050
research,T005,0.05,PAPER:CFGUSDT:1790781299999:SHORT,CFGUSDT,Research_Discovery,False,1,1,False,True,1.3983530787927339,FULL_CLOSE_050
research,T005,0.05,PAPER:PIPPINUSDT:1790796899999:SHORT,PIPPINUSDT,Research_Validation,False,2,2,False,False,,
research,T005,0.05,PAPER:TACUSDT:1790794199999:SHORT,TACUSDT,Research_Validation,True,0,0,False,True,2.6652578217547758,FULL_CLOSE_050
research,T005,0.05,PAPER:PTBUSDT:1790793299999:SHORT,PTBUSDT,Research_Validation,True,2,2,False,False,,
research,T005,0.05,PAPER:BLURUSDT:1790764499999:SHORT,BLURUSDT,Research_Discovery,False,1,2,True,True,1.4460530928588362,FULL_CLOSE_050
research,T005,0.05,PAPER:牛来USDT:1790750399999:SHORT,牛来USDT,Research_Discovery,False,2,2,False,True,-1.9140394459944603,HIST_TIME_FALLBACK
research,T005,0.05,PAPER:BREVUSDT:1790819099999:SHORT,BREVUSDT,Research_Reserve,False,1,2,True,True,-0.02725813657777526,BE0.10
research,T005,0.05,PAPER:PHAUSDT:1790768399999:SHORT,PHAUSDT,Research_Discovery,False,2,2,False,False,,
research,T005,0.05,PAPER:ONDOUSDT:1790793299999:SHORT,ONDOUSDT,Research_Validation,True,0,0,False,True,0.9604022903817784,FULL_CLOSE_050
research,T005,0.05,PAPER:STARUSDT:1790788499999:SHORT,STARUSDT,Research_Validation,False,2,2,False,False,,
research,T005,0.05,PAPER:我踏马来了USDT:1790777999999:SHORT,我踏马来了USDT,Research_Discovery,True,0,0,False,True,0.8705347996937391,FULL_CLOSE_050
research,T005,0.05,PAPER:REUSDT:1790777999999:SHORT,REUSDT,Research_Discovery,True,2,2,False,True,-0.3327041950330578,BE0.10
research,T005,0.05,PAPER:我踏马来了USDT:1790750999999:SHORT,我踏马来了USDT,Research_Discovery,False,1,1,False,True,1.2306965277149566,FULL_CLOSE_050
research,T005,0.05,PAPER:HAEDALUSDT:1790666699999:SHORT,HAEDALUSDT,Research_Discovery,True,3,3,False,True,1.303525174769847,FULL_CLOSE_050
research,T005,0.05,PAPER:PHAUSDT:1790677199999:SHORT,PHAUSDT,Research_Discovery,False,2,2,False,False,,
research,T005,0.05,PAPER:ZESTUSDT:1790787599999:SHORT,ZESTUSDT,Research_Discovery,False,2,3,True,False,,NO_EXECUTABLE_ENTRY
research,T005,0.05,PAPER:ASTERUSDT:1790793599999:SHORT,ASTERUSDT,Research_Validation,False,2,2,False,True,-0.014535477188919177,BE0.10
research,T005,0.05,PAPER:WLDUSDT:1790670899999:SHORT,WLDUSDT,Research_Discovery,False,1,1,False,True,-0.0446268801498757,BE0.10
research,T005,0.05,PAPER:SOPHUSDT:1790812499999:SHORT,SOPHUSDT,Research_Reserve,False,2,2,False,True,-2.585166162247095,HIST_TIME_FALLBACK
research,T005,0.05,PAPER:LUMIAUSDT:1790793299999:SHORT,LUMIAUSDT,Research_Validation,True,3,3,False,True,1.0532892393663902,FULL_CLOSE_050
research,T005,0.05,PAPER:ZECUSDT:1790778299999:SHORT,ZECUSDT,Research_Discovery,False,0,0,False,True,-0.0029589651554833285,BE0.10
research,T005,0.05,PAPER:ONEUSDT:1790766299999:SHORT,ONEUSDT,Research_Discovery,False,2,2,False,False,,
research,T005,0.05,PAPER:BROCCOLIF3BUSDT:1790799899999:SHORT,BROCCOLIF3BUSDT,Research_Validation,False,0,0,False,True,-5.58184660063678,HIST_TIME_FALLBACK
research,T005,0.05,PAPER:TAKEUSDT:1790766599999:SHORT,TAKEUSDT,Research_Discovery,False,1,1,False,True,-1.7393259130017942,HIST_TIME_FALLBACK
research,T005,0.05,PAPER:SYRUPUSDT:1790781599999:SHORT,SYRUPUSDT,Research_Discovery,False,0,0,False,True,-0.08678583600488882,BE0.10
research,T005,0.05,PAPER:XNYUSDT:1790750999999:SHORT,XNYUSDT,Research_Discovery,False,3,3,False,True,-2.451615323064629,HIST_TIME_FALLBACK
research,T005,0.05,PAPER:AZTECUSDT:1790683199999:SHORT,AZTECUSDT,Research_Discovery,False,1,1,False,True,-3.3275919959717752,HIST_TIME_FALLBACK
research,T005,0.05,PAPER:SYRUPUSDT:1790748899999:SHORT,SYRUPUSDT,Research_Discovery,True,0,0,False,True,2.4117040846100197,FULL_CLOSE_050
research,T005,0.05,PAPER:LDOUSDT:1790801699999:SHORT,LDOUSDT,Research_Reserve,False,1,1,False,True,-0.05650525329343392,BE0.10
research,T005,0.05,PAPER:BUSDT:1790749799999:SHORT,BUSDT,Research_Discovery,True,2,2,False,True,2.52401602356332,FULL_CLOSE_050
research,T005,0.05,PAPER:ZETAUSDT:1790755799999:SHORT,ZETAUSDT,Research_Discovery,False,1,1,False,True,-8.865185329777047,HIST_TIME_FALLBACK
research,T005,0.05,PAPER:SYNUSDT:1790801099999:SHORT,SYNUSDT,Research_Validation,True,0,0,False,True,1.4559707481167836,FULL_CLOSE_050
research,T005,0.05,PAPER:DOTUSDT:1790805899999:SHORT,DOTUSDT,Research_Reserve,False,2,2,False,True,-3.5110995010289994,HIST_TIME_FALLBACK
research,T005,0.05,PAPER:POWERUSDT:1790821199999:SHORT,POWERUSDT,Research_Reserve,False,1,1,False,True,-0.07132715105852316,BE0.10
research,T005,0.05,PAPER:SYRUPUSDT:1790778599999:SHORT,SYRUPUSDT,Research_Discovery,False,1,2,True,False,,NO_EXECUTABLE_ENTRY
research,T005,0.05,PAPER:MARSCOINUSDT:1790740499999:SHORT,MARSCOINUSDT,Research_Discovery,False,2,2,False,True,-3.179236236025787,HIST_TIME_FALLBACK
research,T005,0.05,PAPER:HAEDALUSDT:1790684699999:SHORT,HAEDALUSDT,Research_Discovery,True,2,2,False,True,1.6287650884117804,FULL_CLOSE_050
research,T005,0.05,PAPER:AEROUSDT:1790744099999:SHORT,AEROUSDT,Research_Discovery,False,3,3,False,True,-3.197441171736051,HIST_TIME_FALLBACK
research,T005,0.05,PAPER:SAGAUSDT:1790789699999:SHORT,SAGAUSDT,Research_Validation,False,2,2,False,True,-0.17470562276667806,BE0.10
research,T005,0.05,PAPER:ZKCUSDT:1790749499999:SHORT,ZKCUSDT,Research_Discovery,True,1,2,True,True,1.7975974013418443,FULL_CLOSE_050
research,T005,0.05,PAPER:ONEUSDT:1790787899999:SHORT,ONEUSDT,Research_Validation,True,0,0,False,True,1.9413494865586918,FULL_CLOSE_050
research,T005,0.05,PAPER:4USDT:1790755499999:SHORT,4USDT,Research_Discovery,False,0,0,False,True,-0.2065659685021447,BE0.10
research,T005,0.05,PAPER:FARTCOINUSDT:1790788799999:SHORT,FARTCOINUSDT,Research_Validation,False,3,3,False,True,-0.11403994328924544,BE0.10
research,T005,0.05,PAPER:ARKMUSDT:1790775599999:SHORT,ARKMUSDT,Research_Discovery,False,1,1,False,True,-2.789187797147939,HIST_TIME_FALLBACK
research,T005,0.05,PAPER:RPLUSDT:1790752499999:SHORT,RPLUSDT,Research_Discovery,False,2,2,False,False,,
research,T005,0.05,PAPER:B2USDT:1790799899999:SHORT,B2USDT,Research_Validation,True,2,2,False,False,,
research,T005,0.05,PAPER:AEROUSDT:1790777999999:SHORT,AEROUSDT,Research_Discovery,True,2,2,False,True,-0.02170879025565997,BE0.10
research,T005,0.05,PAPER:FILUSDT:1790805899999:SHORT,FILUSDT,Research_Reserve,False,2,2,False,True,-2.5572511598340295,HIST_TIME_FALLBACK
research,T005,0.05,PAPER:PONSUSDT:1790810999999:SHORT,PONSUSDT,Research_Reserve,False,3,3,False,False,,
research,T005,0.05,PAPER:VVVUSDT:1790683799999:SHORT,VVVUSDT,Research_Discovery,True,1,2,True,True,1.379914949359523,FULL_CLOSE_050
research,T005,0.05,PAPER:ONEUSDT:1790781899999:SHORT,ONEUSDT,Research_Discovery,False,1,1,False,True,-0.5185421932802584,BE0.10
research,T005,0.05,PAPER:EVAAUSDT:1790674499999:SHORT,EVAAUSDT,Research_Discovery,True,3,3,False,True,3.374755742151028,FULL_CLOSE_050
research,T005,0.05,PAPER:ONDOUSDT:1790777999999:SHORT,ONDOUSDT,Research_Discovery,True,2,2,False,True,1.639850746268645,FULL_CLOSE_050
research,T005,0.05,PAPER:CRVUSDT:1790775599999:SHORT,CRVUSDT,Research_Discovery,False,1,1,False,True,-2.749895395103578,HIST_TIME_FALLBACK
research,T005,0.05,PAPER:SIRENUSDT:1790774399999:SHORT,SIRENUSDT,Research_Discovery,False,0,0,False,True,-2.920958502724164,HIST_TIME_FALLBACK
research,T005,0.05,PAPER:PONSUSDT:1790802599999:SHORT,PONSUSDT,Research_Reserve,False,1,1,False,True,-2.0285933067929207,HIST_TIME_FALLBACK
research,T005,0.05,PAPER:EIGENUSDT:1790798099999:SHORT,EIGENUSDT,Research_Validation,False,1,2,True,False,,NO_EXECUTABLE_ENTRY
research,T005,0.05,PAPER:AZTECUSDT:1790777399999:SHORT,AZTECUSDT,Research_Discovery,True,0,0,False,True,2.2736548627056496,FULL_CLOSE_050
research,T005,0.05,PAPER:AIOTUSDT:1790750999999:SHORT,AIOTUSDT,Research_Discovery,True,0,0,False,True,-0.04588274774352036,BE0.10
research,T005,0.05,PAPER:SKYUSDT:1790813099999:SHORT,SKYUSDT,Research_Reserve,False,2,2,False,True,-0.04393726928486141,BE0.10
research,T005,0.05,PAPER:SPORTFUNUSDT:1790755499999:SHORT,SPORTFUNUSDT,Research_Discovery,False,2,2,False,True,-0.10462383861902647,BE0.10
research,T005,0.05,PAPER:SLXUSDT:1790789999999:SHORT,SLXUSDT,Research_Validation,True,3,3,False,True,2.657414630748092,FULL_CLOSE_050
research,T005,0.05,PAPER:FLOCKUSDT:1790769899999:SHORT,FLOCKUSDT,Research_Discovery,False,1,1,False,False,,
research,T005,0.05,PAPER:HBARUSDT:1790805899999:SHORT,HBARUSDT,Research_Reserve,False,1,1,False,True,-1.617560065674552,HIST_TIME_FALLBACK
research,T005,0.05,PAPER:INUSDT:1790660099999:SHORT,INUSDT,Research_Discovery,False,1,1,False,True,-0.0016176692294866402,BE0.10
research,T005,0.05,PAPER:NOMUSDT:1790781899999:SHORT,NOMUSDT,Research_Discovery,False,0,0,False,True,1.5228039020731798,FULL_CLOSE_050
research,T005,0.05,PAPER:4USDT:1790809799999:SHORT,4USDT,Research_Reserve,False,1,1,False,True,-3.8313668454327505,HIST_TIME_FALLBACK
research,T005,0.05,PAPER:ZAMAUSDT:1790781599999:SHORT,ZAMAUSDT,Research_Discovery,False,1,1,False,True,-2.3798478571476576,HIST_TIME_FALLBACK
research,T005,0.05,PAPER:HBARUSDT:1790813399999:SHORT,HBARUSDT,Research_Reserve,False,1,1,False,True,-0.08330977817649882,BE0.10
research,T005,0.05,PAPER:XVSUSDT:1790818499999:SHORT,XVSUSDT,Research_Reserve,False,3,3,False,True,-1.7739561214492259,HIST_TIME_FALLBACK
research,T005,0.05,PAPER:REDUSDT:1790793899999:SHORT,REDUSDT,Research_Validation,False,2,2,False,True,-0.9501900380075392,HIST_TIME_FALLBACK
research,T005,0.05,PAPER:QNTUSDT:1790774399999:SHORT,QNTUSDT,Research_Discovery,False,2,2,False,False,,
research,T005,0.05,PAPER:AUCTIONUSDT:1790660099999:SHORT,AUCTIONUSDT,Research_Discovery,False,2,2,False,True,-5.498367700797842,HIST_TIME_FALLBACK
research,T005,0.05,PAPER:YBUSDT:1790781599999:SHORT,YBUSDT,Research_Discovery,False,1,1,False,False,,
research,T005,0.05,PAPER:KASUSDT:1790775599999:SHORT,KASUSDT,Research_Discovery,False,0,0,False,True,1.3678242710362163,FULL_CLOSE_050
research,T005,0.05,PAPER:HANAUSDT:1790816699999:SHORT,HANAUSDT,Research_Reserve,False,0,0,False,True,-0.1466985612210322,BE0.10
research,T005,0.05,PAPER:MMTUSDT:1790765399999:SHORT,MMTUSDT,Research_Discovery,True,3,3,False,True,1.1742670019414785,FULL_CLOSE_050
research,T005,0.05,PAPER:CHIPUSDT:1790777999999:SHORT,CHIPUSDT,Research_Discovery,True,2,2,False,True,-0.17444810082224432,BE0.10
research,T005,0.05,PAPER:RAYSOLUSDT:1790792099999:SHORT,RAYSOLUSDT,Research_Validation,True,2,2,False,True,7.695495368728812,RUNNER_CLOSE
research,T005,0.05,PAPER:SKYAIUSDT:1790796299999:SHORT,SKYAIUSDT,Research_Validation,False,1,1,False,True,-1.4389136797336677,HIST_TIME_FALLBACK
research,T005,0.05,PAPER:BILLUSDT:1790663699999:SHORT,BILLUSDT,Research_Discovery,False,1,1,False,True,-4.042887593405706,HIST_TIME_FALLBACK
research,T005,0.05,PAPER:INJUSDT:1790775599999:SHORT,INJUSDT,Research_Discovery,False,0,0,False,True,-3.29904801512659,HIST_TIME_FALLBACK
research,T005,0.05,PAPER:INITUSDT:1790754299999:SHORT,INITUSDT,Research_Discovery,True,0,0,False,True,2.9325237580653862,FULL_CLOSE_050
research,T005,0.05,PAPER:NOMUSDT:1790824799999:SHORT,NOMUSDT,Research_Reserve,False,0,0,False,True,-1.1618497378122843,HIST_TIME_FALLBACK
research,T005,0.05,PAPER:ONDOUSDT:1790793599999:SHORT,ONDOUSDT,Research_Validation,False,0,0,False,True,-1.2618806918294359,HIST_TIME_FALLBACK
research,T005,0.05,PAPER:DUSKUSDT:1790660099999:SHORT,DUSKUSDT,Research_Discovery,False,2,2,False,True,-4.68674003706758,HIST_TIME_FALLBACK
research,T005,0.05,PAPER:LITUSDT:1790772299999:SHORT,LITUSDT,Research_Discovery,False,2,2,False,False,,
research,T005,0.05,PAPER:FOLKSUSDT:1790780399999:SHORT,FOLKSUSDT,Research_Discovery,False,2,2,False,True,-0.14958997397233398,BE0.10
research,T005,0.05,PAPER:OPUSDT:1790778299999:SHORT,OPUSDT,Research_Discovery,False,1,1,False,True,-3.37474888881066,HIST_TIME_FALLBACK
research,T005,0.05,PAPER:CKBUSDT:1790752199999:SHORT,CKBUSDT,Research_Discovery,False,1,1,False,True,-0.12854872248483168,BE0.10
research,T005,0.05,PAPER:MEGAUSDT:1790770799999:SHORT,MEGAUSDT,Research_Discovery,False,1,1,False,True,-5.4354192814511295,HIST_TIME_FALLBACK
research,T005,0.05,PAPER:4USDT:1790763299999:SHORT,4USDT,Research_Discovery,False,1,2,True,True,-0.11108094686549691,BE0.10
research,T005,0.05,PAPER:COTIUSDT:1790820299999:SHORT,COTIUSDT,Research_Reserve,False,3,3,False,True,1.284351553294667,FULL_CLOSE_050
research,T005,0.05,PAPER:MTLUSDT:1790819099999:SHORT,MTLUSDT,Research_Reserve,True,2,2,False,True,1.0478073431695234,FULL_CLOSE_050
research,T005,0.05,PAPER:THEUSDT:1790805599999:SHORT,THEUSDT,Research_Reserve,False,2,2,False,True,-0.016032125380005813,BE0.10
research,T005,0.05,PAPER:FUSDT:1790821499999:SHORT,FUSDT,Research_Reserve,False,2,2,False,True,-3.643741046425173,HIST_TIME_FALLBACK
research,T005,0.05,PAPER:GRASSUSDT:1790801699999:SHORT,GRASSUSDT,Research_Reserve,True,0,0,False,True,2.971902280920612,FULL_CLOSE_050
research,T005,0.05,PAPER:HANAUSDT:1790760299999:SHORT,HANAUSDT,Research_Discovery,False,1,1,False,False,,
research,T005,0.05,PAPER:PTBUSDT:1790790899999:SHORT,PTBUSDT,Research_Validation,False,1,3,True,True,-1.165931958075711,HIST_TIME_FALLBACK
research,T005,0.05,PAPER:AEROUSDT:1790670899999:SHORT,AEROUSDT,Research_Discovery,False,1,1,False,True,-0.23371791486162408,BE0.10
research,T005,0.05,PAPER:MARSCOINUSDT:1790747699999:SHORT,MARSCOINUSDT,Research_Discovery,False,1,1,False,True,-0.025798400566339363,BE0.10
research,T005,0.05,PAPER:COMPUSDT:1790763599999:SHORT,COMPUSDT,Research_Discovery,False,3,3,False,True,-3.345286641060264,HIST_TIME_FALLBACK
research,T005,0.05,PAPER:ALCHUSDT:1790781299999:SHORT,ALCHUSDT,Research_Discovery,False,1,1,False,True,3.1860000410920306,FULL_CLOSE_050
research,T005,0.05,PAPER:APRUSDT:1790784599999:SHORT,APRUSDT,Research_Discovery,False,1,1,False,False,,
research,T005,0.05,PAPER:HANAUSDT:1790762399999:SHORT,HANAUSDT,Research_Discovery,False,0,0,False,True,-2.976810240590549,HIST_TIME_FALLBACK
research,T005,0.05,PAPER:HBARUSDT:1790685299999:SHORT,HBARUSDT,Research_Discovery,True,1,1,False,True,-1.9059836659225111,HIST_TIME_FALLBACK
research,T005,0.05,PAPER:龙虾USDT:1790779799999:SHORT,龙虾USDT,Research_Discovery,True,1,1,False,True,1.6918656304305664,FULL_CLOSE_050
research,T005,0.05,PAPER:我踏马来了USDT:1790795699999:SHORT,我踏马来了USDT,Research_Validation,False,0,0,False,True,2.2897788295524304,HIST_TIME_FALLBACK
research,T005,0.05,PAPER:MOVRUSDT:1790746799999:SHORT,MOVRUSDT,Research_Discovery,True,2,2,False,False,,
research,T005,0.05,PAPER:OUSDT:1790823299999:SHORT,OUSDT,Research_Reserve,False,1,1,False,True,-0.12294495715144266,BE0.10
research,T005,0.05,PAPER:USUSDT:1790819699999:SHORT,USUSDT,Research_Reserve,True,2,2,False,True,2.9693928998101957,FULL_CLOSE_050
research,T005,0.05,PAPER:TNSRUSDT:1790750999999:SHORT,TNSRUSDT,Research_Discovery,False,1,1,False,True,-2.108035504556577,HIST_TIME_FALLBACK
research,T005,0.05,PAPER:INUSDT:1790670899999:SHORT,INUSDT,Research_Discovery,False,1,1,False,True,-1.7418218620001003,HIST_TIME_FALLBACK
research,T005,0.05,PAPER:PHAUSDT:1790813399999:SHORT,PHAUSDT,Research_Reserve,True,0,0,False,True,3.2716066860705864,FULL_CLOSE_050
research,T005,0.05,PAPER:VELVETUSDT:1790660099999:SHORT,VELVETUSDT,Research_Discovery,False,2,2,False,True,-7.086512947091679,HIST_TIME_FALLBACK
research,T005,0.05,PAPER:PHAROSUSDT:1790666399999:SHORT,PHAROSUSDT,Research_Discovery,False,2,2,False,True,-0.059486852886541985,BE0.10
research,T005,0.05,PAPER:TOWNSUSDT:1790790899999:SHORT,TOWNSUSDT,Research_Validation,False,0,0,False,True,3.2979728194579354,FULL_CLOSE_050
research,T005,0.05,PAPER:ZESTUSDT:1790768699999:SHORT,ZESTUSDT,Research_Discovery,True,0,0,False,True,2.503404021558807,FULL_CLOSE_050
research,T005,0.05,PAPER:AUSDT:1790775299999:SHORT,AUSDT,Research_Discovery,False,1,1,False,True,-0.18595310665184778,BE0.10
research,T005,0.05,PAPER:EIGENUSDT:1790789999999:SHORT,EIGENUSDT,Research_Validation,False,2,2,False,True,-0.13525281368846265,BE0.10
research,T005,0.05,PAPER:WLFIUSDT:1790804999999:SHORT,WLFIUSDT,Research_Reserve,False,2,2,False,True,-0.03288164504804292,BE0.10
research,T005,0.05,PAPER:COTIUSDT:1790769899999:SHORT,COTIUSDT,Research_Discovery,False,1,1,False,True,-0.04129273426175767,BE0.10
research,T005,0.05,PAPER:龙虾USDT:1790676899999:SHORT,龙虾USDT,Research_Discovery,True,0,0,False,True,1.4983779303207718,FULL_CLOSE_050
research,T005,0.05,PAPER:ALICEUSDT:1790748899999:SHORT,ALICEUSDT,Research_Discovery,True,1,1,False,True,0.8667797987909103,FULL_CLOSE_050
research,T005,0.05,PAPER:CUSDT:1790673899999:SHORT,CUSDT,Research_Discovery,False,1,1,False,True,-2.7209623220243735,HIST_TIME_FALLBACK
research,T005,0.05,PAPER:MEGAUSDT:1790779799999:SHORT,MEGAUSDT,Research_Discovery,True,1,1,False,True,2.21281724751225,FULL_CLOSE_050
research,T005,0.05,PAPER:DRIFTUSDT:1790802899999:SHORT,DRIFTUSDT,Research_Reserve,False,1,1,False,True,-2.002924401915092,HIST_TIME_FALLBACK
research,T005,0.05,PAPER:哈基米USDT:1790798699999:SHORT,哈基米USDT,Research_Validation,False,1,1,False,True,1.1456159106217818,FULL_CLOSE_050
research,T005,0.05,PAPER:ERAUSDT:1790777999999:SHORT,ERAUSDT,Research_Discovery,True,2,2,False,True,1.0063576079617556,FULL_CLOSE_050
research,T005,0.05,PAPER:INXUSDT:1790741399999:SHORT,INXUSDT,Research_Discovery,False,2,2,False,False,,
research,T005,0.05,PAPER:METISUSDT:1790667299999:SHORT,METISUSDT,Research_Discovery,False,2,2,False,True,-0.6558206231073102,HIST_TIME_FALLBACK
research,T005,0.05,PAPER:SAGAUSDT:1790780699999:SHORT,SAGAUSDT,Research_Discovery,False,2,2,False,True,-0.011728864333088507,BE0.10
research,T005,0.05,PAPER:HAEDALUSDT:1790666399999:SHORT,HAEDALUSDT,Research_Discovery,False,2,2,False,True,-0.19932725295063947,BE0.10
research,T005,0.05,PAPER:SHELLUSDT:1790673899999:SHORT,SHELLUSDT,Research_Discovery,False,2,2,False,True,-3.1291876994314487,HIST_TIME_FALLBACK
research,T005,0.05,PAPER:SAGAUSDT:1790801099999:SHORT,SAGAUSDT,Research_Validation,True,2,2,False,True,1.6178752621084787,FULL_CLOSE_050
research,T005,0.05,PAPER:INJUSDT:1790777999999:SHORT,INJUSDT,Research_Discovery,True,2,2,False,True,2.366670585638417,FULL_CLOSE_050
research,T005,0.05,PAPER:AGTUSDT:1790684699999:SHORT,AGTUSDT,Research_Discovery,False,2,2,False,True,3.5729105117802886,FULL_CLOSE_050
research,T005,0.05,PAPER:GPSUSDT:1790792699999:SHORT,GPSUSDT,Research_Validation,True,0,0,False,True,-2.2311615223244305,HIST_TIME_FALLBACK
research,T005,0.05,PAPER:TRUMPUSDT:1790750999999:SHORT,TRUMPUSDT,Research_Discovery,False,1,1,False,True,-2.439997151215881,HIST_TIME_FALLBACK
research,T005,0.05,PAPER:COMPUSDT:1790742899999:SHORT,COMPUSDT,Research_Discovery,False,2,2,False,True,-0.17078141202388475,BE0.10
research,T005,0.05,PAPER:CCUSDT:1790757299999:SHORT,CCUSDT,Research_Discovery,False,1,1,False,True,-2.169123130632578,HIST_TIME_FALLBACK
research,T005,0.05,PAPER:FLOWUSDT:1790780999999:SHORT,FLOWUSDT,Research_Discovery,False,2,2,False,False,,
research,T005,0.05,PAPER:BABYUSDT:1790672099999:SHORT,BABYUSDT,Research_Discovery,False,2,2,False,True,-0.5729668352660259,BE0.10
research,T005,0.05,PAPER:龙虾USDT:1790784599999:SHORT,龙虾USDT,Research_Discovery,True,0,0,False,True,-0.06369324337118304,BE0.10
research,T005,0.05,PAPER:ETCUSDT:1790789699999:SHORT,ETCUSDT,Research_Validation,False,0,0,False,True,0.7346810156377386,FULL_CLOSE_050
research,T005,0.05,PAPER:NOMUSDT:1790669399999:SHORT,NOMUSDT,Research_Discovery,False,1,1,False,True,-0.46277505257625146,BE0.10
research,T005,0.05,PAPER:ARUSDT:1790748599999:SHORT,ARUSDT,Research_Discovery,True,0,0,False,True,0.9307876605852432,FULL_CLOSE_050
research,T005,0.05,PAPER:FLOWUSDT:1790793599999:SHORT,FLOWUSDT,Research_Validation,False,1,1,False,True,-0.7895948535231522,HIST_TIME_FALLBACK
research,T005,0.05,PAPER:KAITOUSDT:1790766599999:SHORT,KAITOUSDT,Research_Discovery,False,1,1,False,True,-0.06708179330665048,BE0.10
research,T005,0.05,PAPER:PLAYUSDT:1790684699999:SHORT,PLAYUSDT,Research_Discovery,True,3,3,False,True,2.331194360799401,FULL_CLOSE_050
research,T005,0.05,PAPER:NILUSDT:1790759999999:SHORT,NILUSDT,Research_Discovery,False,0,0,False,True,-1.9230696802444132,HIST_TIME_FALLBACK
research,T005,0.05,PAPER:0GUSDT:1790778899999:SHORT,0GUSDT,Research_Discovery,False,3,3,False,True,-0.15360316652766193,BE0.10
research,T005,0.05,PAPER:SPACEUSDT:1790750099999:SHORT,SPACEUSDT,Research_Discovery,False,3,3,False,True,-0.08364325779182069,BE0.10
research,T005,0.05,PAPER:LSKUSDT:1790755499999:SHORT,LSKUSDT,Research_Discovery,False,2,2,False,True,-1.1880736992613221,HIST_TIME_FALLBACK
research,T005,0.05,PAPER:HOMEUSDT:1790789699999:SHORT,HOMEUSDT,Research_Validation,False,2,2,False,True,-3.0258874589647404,HIST_TIME_FALLBACK
research,T005,0.05,PAPER:MUSDT:1790676299999:SHORT,MUSDT,Research_Discovery,True,3,3,False,True,1.6718481849957416,FULL_CLOSE_050
research,T005,0.05,PAPER:NILUSDT:1790671499999:SHORT,NILUSDT,Research_Discovery,False,2,2,False,True,-1.68723326260338,HIST_TIME_FALLBACK
research,T005,0.05,PAPER:AVAAIUSDT:1790752199999:SHORT,AVAAIUSDT,Research_Discovery,False,2,2,False,False,,
research,T005,0.05,PAPER:ADAUSDT:1790749499999:SHORT,ADAUSDT,Research_Discovery,False,1,1,False,True,-2.39395861248885,HIST_TIME_FALLBACK
research,T005,0.05,PAPER:ONDOUSDT:1790766599999:SHORT,ONDOUSDT,Research_Discovery,False,1,1,False,True,-3.737246176616498,HIST_TIME_FALLBACK
research,T005,0.05,PAPER:NILUSDT:1790799599999:SHORT,NILUSDT,Research_Validation,False,1,1,False,True,-1.2448193435038157,HIST_TIME_FALLBACK
research,T005,0.05,PAPER:2ZUSDT:1790787899999:SHORT,2ZUSDT,Research_Discovery,False,2,2,False,True,-2.789951842238101,HIST_TIME_FALLBACK
research,T005,0.05,PAPER:EPICUSDT:1790766899999:SHORT,EPICUSDT,Research_Discovery,False,1,1,False,True,-0.8582063573685147,HIST_TIME_FALLBACK
research,T005,0.05,PAPER:1000000MOGUSDT:1790766599999:SHORT,1000000MOGUSDT,Research_Discovery,False,1,1,False,True,-11.183413684440444,HIST_TIME_FALLBACK
research,T005,0.05,PAPER:XPINUSDT:1790796299999:SHORT,XPINUSDT,Research_Validation,False,1,1,False,True,-0.35497578112532235,BE0.10
research,T005,0.05,PAPER:MMTUSDT:1790793299999:SHORT,MMTUSDT,Research_Validation,False,0,0,False,True,-1.216311882791259,HIST_TIME_FALLBACK
research,T005,0.05,PAPER:CLOUSDT:1790801099999:SHORT,CLOUSDT,Research_Validation,True,0,0,False,True,0.8062141375643592,FULL_CLOSE_050
research,T005,0.05,PAPER:THETAUSDT:1790775599999:SHORT,THETAUSDT,Research_Discovery,False,1,1,False,False,,
research,T005,0.05,PAPER:SKRUSDT:1790777699999:SHORT,SKRUSDT,Research_Discovery,True,3,3,False,True,1.5995230327209335,FULL_CLOSE_050
research,T005,0.05,PAPER:MUBARAKUSDT:1790672399999:SHORT,MUBARAKUSDT,Research_Discovery,True,0,0,False,True,0.828626660560662,FULL_CLOSE_050
research,T005,0.05,PAPER:OUSDT:1790770799999:SHORT,OUSDT,Research_Discovery,False,0,0,False,True,-0.5852728227439044,HIST_TIME_FALLBACK
research,T005,0.05,PAPER:CHIPUSDT:1790749499999:SHORT,CHIPUSDT,Research_Discovery,False,0,0,False,True,-0.25942390640049334,BE0.10
research,T005,0.05,PAPER:UBUSDT:1790778299999:SHORT,UBUSDT,Research_Discovery,True,2,2,False,True,0.8788678780223829,FULL_CLOSE_050
research,T005,0.05,PAPER:EPICUSDT:1790798999999:SHORT,EPICUSDT,Research_Validation,False,1,1,False,True,-3.1102705953947467,HIST_TIME_FALLBACK
research,T005,0.05,PAPER:TRBUSDT:1790757299999:SHORT,TRBUSDT,Research_Discovery,False,0,0,False,True,-0.28308588543956853,BE0.10
research,T005,0.05,PAPER:CATIUSDT:1790750099999:SHORT,CATIUSDT,Research_Discovery,False,1,1,False,True,0.9946122205860632,FULL_CLOSE_050
research,T005,0.05,PAPER:AZTECUSDT:1790670299999:SHORT,AZTECUSDT,Research_Discovery,False,3,3,False,False,,
research,T005,0.05,PAPER:RIVERUSDT:1790786999999:SHORT,RIVERUSDT,Research_Discovery,True,2,2,False,True,1.0846684580818091,FULL_CLOSE_050
research,T005,0.05,PAPER:LIGHTUSDT:1790795699999:SHORT,LIGHTUSDT,Research_Validation,False,3,3,False,True,-2.0401741208339974,HIST_TIME_FALLBACK
research,T005,0.05,PAPER:ZKUSDT:1790778299999:SHORT,ZKUSDT,Research_Discovery,False,2,2,False,False,,
research,T005,0.05,PAPER:WLDUSDT:1790757299999:SHORT,WLDUSDT,Research_Discovery,False,0,0,False,True,-3.5762907121375966,HIST_TIME_FALLBACK
research,T005,0.05,PAPER:XLMUSDT:1790777999999:SHORT,XLMUSDT,Research_Discovery,True,0,0,False,True,2.570280006771414,FULL_CLOSE_050
research,T005,0.05,PAPER:AVNTUSDT:1790802599999:SHORT,AVNTUSDT,Research_Reserve,False,1,1,False,True,-0.20388364984674845,BE0.10
research,T005,0.05,PAPER:MARSCOINUSDT:1790674499999:SHORT,MARSCOINUSDT,Research_Discovery,True,1,1,False,True,-0.39616801778327787,BE0.10
research,T005,0.05,PAPER:COAIUSDT:1790821499999:SHORT,COAIUSDT,Research_Reserve,False,2,2,False,True,-3.6020374143385245,HIST_TIME_FALLBACK
research,T005,0.05,PAPER:FLOCKUSDT:1790778599999:SHORT,FLOCKUSDT,Research_Discovery,True,2,2,False,True,2.5147321701945122,FULL_CLOSE_050
research,T005,0.05,PAPER:FFUSDT:1790764499999:SHORT,FFUSDT,Research_Discovery,False,1,1,False,True,-0.00748723190961037,BE0.10
research,T005,0.05,PAPER:PLAYUSDT:1790766599999:SHORT,PLAYUSDT,Research_Discovery,False,1,1,False,True,-1.8829388393205204,HIST_TIME_FALLBACK
research,T005,0.05,PAPER:OPNUSDT:1790668799999:SHORT,OPNUSDT,Research_Discovery,False,1,1,False,True,-0.18449185056895184,BE0.10
research,T005,0.05,PAPER:GMTUSDT:1790660099999:SHORT,GMTUSDT,Research_Discovery,False,2,2,False,True,-7.686582367855947,HIST_TIME_FALLBACK
research,T005,0.05,PAPER:SLXUSDT:1790793299999:SHORT,SLXUSDT,Research_Validation,True,1,1,False,True,1.1806146347148097,FULL_CLOSE_050
research,T005,0.05,PAPER:ARKMUSDT:1790678399999:SHORT,ARKMUSDT,Research_Discovery,False,3,3,False,True,-0.5651321995167891,HIST_TIME_FALLBACK
research,T005,0.05,PAPER:MARSCOINUSDT:1790770199999:SHORT,MARSCOINUSDT,Research_Discovery,False,2,2,False,True,-0.40651993080531473,BE0.10
research,T005,0.05,PAPER:NILUSDT:1790793599999:SHORT,NILUSDT,Research_Validation,True,1,1,False,False,,
research,T005,0.05,PAPER:AVAUSDT:1790788499999:SHORT,AVAUSDT,Research_Validation,True,1,1,False,True,2.064112591687342,FULL_CLOSE_050
research,T005,0.05,PAPER:币安人生USDT:1790680199999:SHORT,币安人生USDT,Research_Discovery,False,2,3,True,True,-3.1086875254314106,HIST_TIME_FALLBACK
research,T005,0.05,PAPER:ACTUSDT:1790793599999:SHORT,ACTUSDT,Research_Validation,True,0,0,False,True,2.6534271677634664,FULL_CLOSE_050
research,T005,0.05,PAPER:BRUSDT:1790801399999:SHORT,BRUSDT,Research_Validation,False,1,1,False,True,-5.169103781048132,HIST_TIME_FALLBACK
research,T005,0.05,PAPER:SENTUSDT:1790789699999:SHORT,SENTUSDT,Research_Validation,False,0,0,False,True,-0.03086002875506,BE0.10
research,T005,0.05,PAPER:USUALUSDT:1790797499999:SHORT,USUALUSDT,Research_Validation,False,1,2,True,True,0.8367807430294817,FULL_CLOSE_050
research,T005,0.05,PAPER:TRBUSDT:1790813399999:SHORT,TRBUSDT,Research_Reserve,False,1,1,False,True,1.3288592792362746,FULL_CLOSE_050
research,T005,0.05,PAPER:龙虾USDT:1790774099999:SHORT,龙虾USDT,Research_Discovery,False,2,2,False,True,-4.676556216950601,HIST_TIME_FALLBACK
research,T005,0.05,PAPER:MITOUSDT:1790744399999:SHORT,MITOUSDT,Research_Discovery,False,0,0,False,True,-4.938836970581371,HIST_TIME_FALLBACK
research,T005,0.05,PAPER:RAREUSDT:1790770499999:SHORT,RAREUSDT,Research_Discovery,True,0,0,False,True,-0.6716284408801546,HIST_TIME_FALLBACK
research,T005,0.05,PAPER:APRUSDT:1790812499999:SHORT,APRUSDT,Research_Reserve,False,0,0,False,True,-0.24065752200751456,BE0.10
research,T005,0.05,PAPER:AEROUSDT:1790821199999:SHORT,AEROUSDT,Research_Reserve,False,2,2,False,True,-3.235639449582906,HIST_TIME_FALLBACK
research,T005,0.05,PAPER:KGENUSDT:1790664599999:SHORT,KGENUSDT,Research_Discovery,False,2,2,False,False,,
research,T005,0.05,PAPER:CCUSDT:1790781599999:SHORT,CCUSDT,Research_Discovery,True,0,0,False,True,3.6988669711524746,FULL_CLOSE_050
research,T005,0.05,PAPER:ZESTUSDT:1790782499999:SHORT,ZESTUSDT,Research_Discovery,False,0,0,False,True,-3.3740976303217503,HIST_TIME_FALLBACK
research,T005,0.05,PAPER:GRAMUSDT:1790660099999:SHORT,GRAMUSDT,Research_Discovery,False,0,0,False,True,-0.30009238860757104,BE0.10
research,T005,0.05,PAPER:BROCCOLI714USDT:1790750999999:SHORT,BROCCOLI714USDT,Research_Discovery,False,2,2,False,True,-3.8325807675930474,HIST_TIME_FALLBACK
research,T005,0.05,PAPER:POWERUSDT:1790760599999:SHORT,POWERUSDT,Research_Discovery,False,1,1,False,True,-2.5442034904180835,HIST_TIME_FALLBACK
research,T005,0.05,PAPER:POWERUSDT:1790765099999:SHORT,POWERUSDT,Research_Discovery,False,2,2,False,True,-2.340058957482309,HIST_TIME_FALLBACK
research,T005,0.05,PAPER:EDGEUSDT:1790777999999:SHORT,EDGEUSDT,Research_Discovery,True,2,2,False,True,1.1803292463483968,FULL_CLOSE_050
research,T005,0.05,PAPER:BNTUSDT:1790778599999:SHORT,BNTUSDT,Research_Discovery,False,3,3,False,True,1.0828974759268606,FULL_CLOSE_050
research,T005,0.05,PAPER:STOUSDT:1790803499999:SHORT,STOUSDT,Research_Reserve,False,0,0,False,True,-0.3517022450400825,BE0.10
research,T005,0.05,PAPER:LINEAUSDT:1790778599999:SHORT,LINEAUSDT,Research_Discovery,False,1,1,False,True,1.1076730248413855,FULL_CLOSE_050
research,T005,0.05,PAPER:OUSDT:1790770199999:SHORT,OUSDT,Research_Discovery,False,1,1,False,True,-2.4848660038590373,HIST_TIME_FALLBACK
research,T005,0.05,PAPER:LITUSDT:1790787599999:SHORT,LITUSDT,Research_Discovery,False,0,0,False,True,-0.1727436005737612,BE0.10
research,T005,0.05,PAPER:RAREUSDT:1790670899999:SHORT,RAREUSDT,Research_Discovery,False,1,1,False,True,-0.07861396713475921,BE0.10
research,T005,0.05,PAPER:MEUSDT:1790802599999:SHORT,MEUSDT,Research_Reserve,False,3,3,False,True,-0.02527877226498687,BE0.10
research,T005,0.05,PAPER:NILUSDT:1790678399999:SHORT,NILUSDT,Research_Discovery,False,1,1,False,False,,
research,T005,0.05,PAPER:ACTUSDT:1790660099999:SHORT,ACTUSDT,Research_Discovery,False,2,2,False,True,-7.033153308013008,HIST_TIME_FALLBACK
research,T005,0.05,PAPER:POWERUSDT:1790814599999:SHORT,POWERUSDT,Research_Reserve,False,0,0,False,True,-0.45670864302247915,BE0.10
research,T005,0.05,PAPER:BSBUSDT:1790770199999:SHORT,BSBUSDT,Research_Discovery,False,2,2,False,True,-0.07121692117171291,BE0.10
research,T005,0.05,PAPER:TRIAUSDT:1790778299999:SHORT,TRIAUSDT,Research_Discovery,False,3,3,False,False,,
research,T005,0.05,PAPER:BERAUSDT:1790818799999:SHORT,BERAUSDT,Research_Reserve,False,2,3,True,False,,NO_EXECUTABLE_ENTRY
research,T005,0.05,PAPER:JUPUSDT:1790747699999:SHORT,JUPUSDT,Research_Discovery,True,2,2,False,True,2.5706752130242827,FULL_CLOSE_050
research,T005,0.05,PAPER:SYRUPUSDT:1790779499999:SHORT,SYRUPUSDT,Research_Discovery,False,2,2,False,True,-2.2872783855277468,HIST_TIME_FALLBACK
research,T005,0.05,PAPER:LAUSDT:1790749499999:SHORT,LAUSDT,Research_Discovery,False,3,3,False,True,1.43527624363298,FULL_CLOSE_050
research,T005,0.05,PAPER:ZECUSDT:1790805899999:SHORT,ZECUSDT,Research_Reserve,False,1,2,True,True,-6.916924617497553,HIST_TIME_FALLBACK
research,T005,0.05,PAPER:APEUSDT:1790660099999:SHORT,APEUSDT,Research_Discovery,False,2,2,False,True,-0.25106267761925444,BE0.10
research,T005,0.05,PAPER:UBUSDT:1790781599999:SHORT,UBUSDT,Research_Discovery,False,1,1,False,True,1.7541225276500436,FULL_CLOSE_050
research,T005,0.05,PAPER:JOEUSDT:1790777699999:SHORT,JOEUSDT,Research_Discovery,True,2,2,False,True,1.0062007516146165,FULL_CLOSE_050
research,T005,0.05,PAPER:RAVEUSDT:1790789699999:SHORT,RAVEUSDT,Research_Validation,False,0,0,False,True,1.2209794609524334,FULL_CLOSE_050
research,T005,0.05,PAPER:NOMUSDT:1790790599999:SHORT,NOMUSDT,Research_Validation,False,1,1,False,False,,
research,T005,0.05,PAPER:FETUSDT:1790805899999:SHORT,FETUSDT,Research_Reserve,False,2,2,False,True,-0.950190038007563,HIST_TIME_FALLBACK
research,T005,0.05,PAPER:GTCUSDT:1790818199999:SHORT,GTCUSDT,Research_Reserve,False,1,1,False,True,-4.386141578380004,HIST_TIME_FALLBACK
research,T005,0.05,PAPER:RAREUSDT:1790753699999:SHORT,RAREUSDT,Research_Discovery,False,2,2,False,False,,
research,T005,0.05,PAPER:METUSDT:1790795699999:SHORT,METUSDT,Research_Validation,True,0,0,False,True,1.3882178880497411,FULL_CLOSE_050
research,T005,0.05,PAPER:EVAAUSDT:1790675099999:SHORT,EVAAUSDT,Research_Discovery,False,1,1,False,True,-1.8533478008186528,HIST_TIME_FALLBACK
research,T005,0.05,PAPER:币安人生USDT:1790685899999:SHORT,币安人生USDT,Research_Discovery,False,1,2,True,True,-1.851585938436235,HIST_TIME_FALLBACK
research,T005,0.05,PAPER:AZTECUSDT:1790821199999:SHORT,AZTECUSDT,Research_Reserve,False,1,1,False,True,-0.07505858689219491,BE0.10
research,T005,0.05,PAPER:KMNOUSDT:1790798699999:SHORT,KMNOUSDT,Research_Validation,False,0,0,False,True,1.3582037366661506,FULL_CLOSE_050
research,T005,0.05,PAPER:EDGEUSDT:1790757299999:SHORT,EDGEUSDT,Research_Discovery,False,1,1,False,True,-2.2127972305754513,HIST_TIME_FALLBACK
research,T005,0.05,PAPER:MAGMAUSDT:1790798099999:SHORT,MAGMAUSDT,Research_Validation,False,1,2,True,True,-0.5027073524816215,BE0.10
research,T005,0.05,PAPER:MUSDT:1790750699999:SHORT,MUSDT,Research_Discovery,False,1,1,False,True,-0.011858486042035543,BE0.10
research,T005,0.05,PAPER:BSBUSDT:1790791499999:SHORT,BSBUSDT,Research_Validation,False,2,2,False,True,-1.7511103420683578,HIST_TIME_FALLBACK
research,T005,0.05,PAPER:TIAUSDT:1790805899999:SHORT,TIAUSDT,Research_Reserve,False,0,0,False,True,-1.643027671278168,HIST_TIME_FALLBACK
research,T005,0.05,PAPER:LDOUSDT:1790789699999:SHORT,LDOUSDT,Research_Validation,False,0,0,False,True,-0.08282995130533888,BE0.10
research,T005,0.05,PAPER:BIOUSDT:1790749799999:SHORT,BIOUSDT,Research_Discovery,False,1,1,False,True,0.8387401408157015,FULL_CLOSE_050
research,T005,0.05,PAPER:PROMUSDT:1790772599999:SHORT,PROMUSDT,Research_Discovery,False,0,0,False,True,-0.08455144495331979,BE0.10
research,T005,0.05,PAPER:WUSDT:1790778599999:SHORT,WUSDT,Research_Discovery,False,3,3,False,True,-0.002992055041342534,BE0.10
research,T005,0.05,PAPER:PIXELUSDT:1790802599999:SHORT,PIXELUSDT,Research_Reserve,False,0,0,False,True,-0.25057411901662313,BE0.10
research,T005,0.05,PAPER:LTCUSDT:1790793899999:SHORT,LTCUSDT,Research_Validation,False,0,0,False,True,-2.547284992550075,HIST_TIME_FALLBACK
research,T005,0.05,PAPER:NIGHTUSDT:1790746799999:SHORT,NIGHTUSDT,Research_Discovery,False,3,3,False,True,-0.01482686758466284,BE0.10
research,T005,0.05,PAPER:ASTERUSDT:1790766299999:SHORT,ASTERUSDT,Research_Discovery,False,2,2,False,True,-2.4158081083876977,HIST_TIME_FALLBACK
research,T005,0.05,PAPER:ORCAUSDT:1790777999999:SHORT,ORCAUSDT,Research_Discovery,True,2,2,False,True,1.5636841115869626,FULL_CLOSE_050
research,T005,0.05,PAPER:POWERUSDT:1790801699999:SHORT,POWERUSDT,Research_Reserve,False,0,0,False,True,-1.301347659921344,HIST_TIME_FALLBACK
research,T005,0.05,PAPER:JTOUSDT:1790778299999:SHORT,JTOUSDT,Research_Discovery,False,2,2,False,False,,
research,T005,0.05,PAPER:EDENUSDT:1790804999999:SHORT,EDENUSDT,Research_Reserve,True,2,2,False,True,1.507764670949792,FULL_CLOSE_050
research,T005,0.05,PAPER:APTUSDT:1790805899999:SHORT,APTUSDT,Research_Reserve,False,2,2,False,True,-2.268533967525662,HIST_TIME_FALLBACK
research,T005,0.05,PAPER:HANAUSDT:1790681399999:SHORT,HANAUSDT,Research_Discovery,True,1,1,False,True,1.3834938316334577,FULL_CLOSE_050
research,T005,0.05,PAPER:IOSTUSDT:1790660099999:SHORT,IOSTUSDT,Research_Discovery,False,0,0,False,True,-0.14835334915950815,BE0.10
research,T005,0.05,PAPER:JELLYJELLYUSDT:1790791499999:SHORT,JELLYJELLYUSDT,Research_Validation,False,0,0,False,True,-0.23290515169131493,BE0.10
research,T005,0.05,PAPER:ETCUSDT:1790778599999:SHORT,ETCUSDT,Research_Discovery,False,2,2,False,False,,
research,T005,0.05,PAPER:METISUSDT:1790660099999:SHORT,METISUSDT,Research_Discovery,False,2,2,False,True,-8.637433245456632,HIST_TIME_FALLBACK
research,T005,0.05,PAPER:LUNA2USDT:1790683799999:SHORT,LUNA2USDT,Research_Discovery,True,1,1,False,True,1.5957714136724483,FULL_CLOSE_050
research,T005,0.05,PAPER:CTSIUSDT:1790660099999:SHORT,CTSIUSDT,Research_Discovery,False,1,1,False,True,-5.7892627666241365,HIST_TIME_FALLBACK
research,T005,0.05,PAPER:XVSUSDT:1790791499999:SHORT,XVSUSDT,Research_Validation,False,1,1,False,True,-0.12483935369105897,BE0.10
research,T005,0.05,PAPER:QUSDT:1790660699999:SHORT,QUSDT,Research_Discovery,False,2,2,False,True,-0.004604089388512256,BE0.10
research,T005,0.05,PAPER:AEROUSDT:1790755799999:SHORT,AEROUSDT,Research_Discovery,False,0,0,False,True,-3.4571397815308362,HIST_TIME_FALLBACK
research,T005,0.05,PAPER:FLUIDUSDT:1790777999999:SHORT,FLUIDUSDT,Research_Discovery,True,2,2,False,True,1.0819149283171636,FULL_CLOSE_050
research,T005,0.05,PAPER:TURBOUSDT:1790792099999:SHORT,TURBOUSDT,Research_Validation,True,0,0,False,True,1.573800060118589,FULL_CLOSE_050
research,T005,0.05,PAPER:FLUXUSDT:1790678399999:SHORT,FLUXUSDT,Research_Discovery,False,1,1,False,True,-4.468565822453265,HIST_TIME_FALLBACK
research,T005,0.05,PAPER:XPINUSDT:1790789699999:SHORT,XPINUSDT,Research_Validation,False,2,2,False,True,-2.1321857641894573,HIST_TIME_FALLBACK
research,T005,0.05,PAPER:ETHFIUSDT:1790789699999:SHORT,ETHFIUSDT,Research_Validation,False,0,0,False,True,1.3766041870434633,FULL_CLOSE_050
research,T005,0.05,PAPER:NOMUSDT:1790819699999:SHORT,NOMUSDT,Research_Reserve,False,2,2,False,False,,
research,T005,0.05,PAPER:LDOUSDT:1790825099999:SHORT,LDOUSDT,Research_Reserve,False,3,3,False,True,-0.033595503719588415,BE0.10
research,T005,0.05,PAPER:FOGOUSDT:1790789699999:SHORT,FOGOUSDT,Research_Validation,True,3,3,False,True,1.8710114839048841,FULL_CLOSE_050
research,T005,0.05,PAPER:AGTUSDT:1790659799999:SHORT,AGTUSDT,Research_Discovery,False,3,3,False,True,-2.8693814650577143,HIST_TIME_FALLBACK
research,T005,0.05,PAPER:龙虾USDT:1790750999999:SHORT,龙虾USDT,Research_Discovery,False,1,1,False,True,-0.040804886823749,BE0.10
research,T005,0.05,PAPER:MEWUSDT:1790766899999:SHORT,MEWUSDT,Research_Discovery,False,3,3,False,False,,
research,T005,0.05,PAPER:PROMPTUSDT:1790821499999:SHORT,PROMPTUSDT,Research_Reserve,True,1,1,False,True,23.485814888932357,RUNNER_CLOSE
research,T005,0.05,PAPER:AWEUSDT:1790750999999:SHORT,AWEUSDT,Research_Discovery,False,1,1,False,False,,
research,T005,0.05,PAPER:MUBARAKUSDT:1790777999999:SHORT,MUBARAKUSDT,Research_Discovery,False,1,1,False,True,-0.03292748754650582,BE0.10
research,T005,0.05,PAPER:CROSSUSDT:1790678399999:SHORT,CROSSUSDT,Research_Discovery,False,1,1,False,True,-0.033251310651998156,BE0.10
research,T005,0.05,PAPER:POWERUSDT:1790804999999:SHORT,POWERUSDT,Research_Reserve,True,2,2,False,True,3.2074112081552326,FULL_CLOSE_050
research,T005,0.05,PAPER:BRUSDT:1790781899999:SHORT,BRUSDT,Research_Discovery,False,0,0,False,True,1.1031671716827733,FULL_CLOSE_050
research,T005,0.05,PAPER:RAREUSDT:1790788499999:SHORT,RAREUSDT,Research_Validation,False,3,3,False,False,,
research,T005,0.05,PAPER:PLAYUSDT:1790820899999:SHORT,PLAYUSDT,Research_Reserve,False,2,2,False,True,-0.3217215006089877,HIST_TIME_FALLBACK
research,T005,0.05,PAPER:VTHOUSDT:1790775299999:SHORT,VTHOUSDT,Research_Discovery,True,0,0,False,True,4.351577199817728,FULL_CLOSE_050
research,T005,0.05,PAPER:AGLDUSDT:1790686199999:SHORT,AGLDUSDT,Research_Discovery,True,2,2,False,True,3.8740775116933532,FULL_CLOSE_050
research,T005,0.05,PAPER:JTOUSDT:1790781899999:SHORT,JTOUSDT,Research_Discovery,False,1,1,False,True,-0.0005121969186465125,BE0.10
research,T005,0.05,PAPER:SNXUSDT:1790660099999:SHORT,SNXUSDT,Research_Discovery,False,2,2,False,True,-6.807317209367433,HIST_TIME_FALLBACK
research,T005,0.05,PAPER:1000SATSUSDT:1790791499999:SHORT,1000SATSUSDT,Research_Validation,False,2,2,False,True,1.4449065650451085,FULL_CLOSE_050
research,T005,0.05,PAPER:HEIUSDT:1790755199999:SHORT,HEIUSDT,Research_Discovery,False,1,1,False,True,-0.6520511517431047,BE0.10
research,T005,0.05,PAPER:SPXUSDT:1790798099999:SHORT,SPXUSDT,Research_Validation,False,2,2,False,True,-3.3914531570967306,HIST_TIME_FALLBACK
research,T005,0.05,PAPER:XMRUSDT:1790778899999:SHORT,XMRUSDT,Research_Discovery,False,2,2,False,True,-0.08502821241082537,BE0.10
research,T005,0.05,PAPER:HUMAUSDT:1790796299999:SHORT,HUMAUSDT,Research_Validation,False,2,2,False,True,-1.696644078885666,HIST_TIME_FALLBACK
research,T005,0.05,PAPER:METUSDT:1790742899999:SHORT,METUSDT,Research_Discovery,False,1,1,False,True,-2.0445143135435186,HIST_TIME_FALLBACK
research,T005,0.05,PAPER:BANUSDT:1790802599999:SHORT,BANUSDT,Research_Reserve,False,0,0,False,True,-2.8745540554530713,HIST_TIME_FALLBACK
research,T005,0.05,PAPER:STRKUSDT:1790751899999:SHORT,STRKUSDT,Research_Discovery,False,2,2,False,True,0.9895539776398392,FULL_CLOSE_050
research,T005,0.05,PAPER:NMRUSDT:1790823899999:SHORT,NMRUSDT,Research_Reserve,True,2,2,False,True,0.7135974243896215,FULL_CLOSE_050
research,T005,0.05,PAPER:HANAUSDT:1790680499999:SHORT,HANAUSDT,Research_Discovery,False,1,1,False,True,-0.1847845486528612,BE0.10
research,T005,0.05,PAPER:ZAMAUSDT:1790820299999:SHORT,ZAMAUSDT,Research_Reserve,False,0,0,False,True,-2.815847474211391,HIST_TIME_FALLBACK
research,T0075,0.075,PAPER:MARSCOINUSDT:1790750399999:SHORT,MARSCOINUSDT,Research_Discovery,False,1,1,False,True,-1.7961134685745213,HIST_TIME_FALLBACK
research,T0075,0.075,PAPER:ONUSDT:1790816699999:SHORT,ONUSDT,Research_Reserve,True,1,1,False,True,1.3005976869833946,FULL_CLOSE_050
research,T0075,0.075,PAPER:1000FLOKIUSDT:1790749499999:SHORT,1000FLOKIUSDT,Research_Discovery,False,0,0,False,True,-0.21968994309620082,BE0.10
research,T0075,0.075,PAPER:RVNUSDT:1790750399999:SHORT,RVNUSDT,Research_Discovery,False,2,2,False,True,-0.09046450767179115,BE0.10
research,T0075,0.075,PAPER:币安人生USDT:1790813099999:SHORT,币安人生USDT,Research_Reserve,False,3,3,False,True,-3.350071092924139,HIST_TIME_FALLBACK
research,T0075,0.075,PAPER:CCUSDT:1790804399999:SHORT,CCUSDT,Research_Reserve,False,3,3,False,False,,
research,T0075,0.075,PAPER:RAREUSDT:1790813399999:SHORT,RAREUSDT,Research_Reserve,False,0,0,False,True,-2.4224700087075477,HIST_TIME_FALLBACK
research,T0075,0.075,PAPER:ASTERUSDT:1790790899999:SHORT,ASTERUSDT,Research_Validation,False,1,1,False,True,-2.146307576927568,HIST_TIME_FALLBACK
research,T0075,0.075,PAPER:CLOUSDT:1790821199999:SHORT,CLOUSDT,Research_Reserve,False,2,2,False,True,-4.172534216639878e-06,BE0.10
research,T0075,0.075,PAPER:GRTUSDT:1790791499999:SHORT,GRTUSDT,Research_Validation,True,0,0,False,True,2.154687088348092,FULL_CLOSE_050
research,T0075,0.075,PAPER:WETUSDT:1790805899999:SHORT,WETUSDT,Research_Reserve,False,1,1,False,True,-3.280976271305775,HIST_TIME_FALLBACK
research,T0075,0.075,PAPER:PHAUSDT:1790813699999:SHORT,PHAUSDT,Research_Reserve,True,0,0,False,True,1.2719742734289923,FULL_CLOSE_050
research,T0075,0.075,PAPER:牛来USDT:1790811299999:SHORT,牛来USDT,Research_Reserve,False,1,1,False,True,-2.851529664018463,HIST_TIME_FALLBACK
research,T0075,0.075,PAPER:WUSDT:1790818799999:SHORT,WUSDT,Research_Reserve,False,2,2,False,True,1.1885391301331734,FULL_CLOSE_050
research,T0075,0.075,PAPER:FETUSDT:1790755499999:SHORT,FETUSDT,Research_Discovery,False,1,2,True,True,-0.019752881803106137,BE0.10
research,T0075,0.075,PAPER:BERAUSDT:1790767199999:SHORT,BERAUSDT,Research_Discovery,False,0,0,False,True,-0.5351193995017857,BE0.10
research,T0075,0.075,PAPER:MORPHOUSDT:1790778899999:SHORT,MORPHOUSDT,Research_Discovery,False,2,2,False,False,,
research,T0075,0.075,PAPER:AKEUSDT:1790789699999:SHORT,AKEUSDT,Research_Validation,True,2,2,False,True,1.5949447540122403,FULL_CLOSE_050
research,T0075,0.075,PAPER:HANAUSDT:1790750699999:SHORT,HANAUSDT,Research_Discovery,False,1,1,False,True,-0.15625635039777086,BE0.10
research,T0075,0.075,PAPER:ATHUSDT:1790751599999:SHORT,ATHUSDT,Research_Discovery,False,0,0,False,True,-0.022730531452432978,BE0.10
research,T0075,0.075,PAPER:MOVEUSDT:1790660099999:SHORT,MOVEUSDT,Research_Discovery,False,2,2,False,True,-7.46764555987584,HIST_TIME_FALLBACK
research,T0075,0.075,PAPER:EIGENUSDT:1790778299999:SHORT,EIGENUSDT,Research_Discovery,False,1,1,False,True,-2.9925204747191225,HIST_TIME_FALLBACK
research,T0075,0.075,PAPER:EDENUSDT:1790748299999:SHORT,EDENUSDT,Research_Discovery,True,2,3,True,True,1.2128405322081666,FULL_CLOSE_050
research,T0075,0.075,PAPER:SOMIUSDT:1790813099999:SHORT,SOMIUSDT,Research_Reserve,False,1,1,False,False,,
research,T0075,0.075,PAPER:0GUSDT:1790815499999:SHORT,0GUSDT,Research_Reserve,True,3,3,False,False,,
research,T0075,0.075,PAPER:ZETAUSDT:1790813099999:SHORT,ZETAUSDT,Research_Reserve,False,2,2,False,True,-1.2409966937229422,HIST_TIME_FALLBACK
research,T0075,0.075,PAPER:GUSDT:1790789699999:SHORT,GUSDT,Research_Validation,True,2,2,False,True,1.2485296839747715,FULL_CLOSE_050
research,T0075,0.075,PAPER:TOWNSUSDT:1790798999999:SHORT,TOWNSUSDT,Research_Validation,False,0,0,False,True,-0.4700219900094974,BE0.10
research,T0075,0.075,PAPER:XANUSDT:1790820299999:SHORT,XANUSDT,Research_Reserve,False,1,2,True,True,-2.736824202959218,HIST_TIME_FALLBACK
research,T0075,0.075,PAPER:ZECUSDT:1790793599999:SHORT,ZECUSDT,Research_Validation,False,0,0,False,True,1.8850132448752173,FULL_CLOSE_050
research,T0075,0.075,PAPER:SKYAIUSDT:1790793599999:SHORT,SKYAIUSDT,Research_Validation,False,0,0,False,True,1.3030505710239628,FULL_CLOSE_050
research,T0075,0.075,PAPER:PARTIUSDT:1790805899999:SHORT,PARTIUSDT,Research_Reserve,False,1,1,False,True,-2.862241948007635,HIST_TIME_FALLBACK
research,T0075,0.075,PAPER:MUBARAKUSDT:1790813999999:SHORT,MUBARAKUSDT,Research_Reserve,False,0,0,False,True,-0.03155021644970191,BE0.10
research,T0075,0.075,PAPER:GRASSUSDT:1790753399999:SHORT,GRASSUSDT,Research_Discovery,False,2,2,False,False,,
research,T0075,0.075,PAPER:APRUSDT:1790766599999:SHORT,APRUSDT,Research_Discovery,False,1,1,False,True,-0.11240729317412473,BE0.10
research,T0075,0.075,PAPER:XVSUSDT:1790803499999:SHORT,XVSUSDT,Research_Reserve,False,0,0,False,True,-0.12347626420409064,BE0.10
research,T0075,0.075,PAPER:PHAROSUSDT:1790821499999:SHORT,PHAROSUSDT,Research_Reserve,False,0,0,False,True,-0.11497003238248377,BE0.10
research,T0075,0.075,PAPER:FIGHTUSDT:1790683499999:SHORT,FIGHTUSDT,Research_Discovery,True,0,0,False,True,2.322307118439893,FULL_CLOSE_050
research,T0075,0.075,PAPER:AINUSDT:1790820899999:SHORT,AINUSDT,Research_Reserve,False,3,3,False,True,-3.369490165607828,HIST_TIME_FALLBACK
research,T0075,0.075,PAPER:MARSCOINUSDT:1790779199999:SHORT,MARSCOINUSDT,Research_Discovery,True,0,0,False,True,-0.8389016453802545,HIST_TIME_FALLBACK
research,T0075,0.075,PAPER:CAPUSDT:1790776799999:SHORT,CAPUSDT,Research_Discovery,False,2,2,False,True,1.0977965774114582,FULL_CLOSE_050
research,T0075,0.075,PAPER:NEOUSDT:1790660099999:SHORT,NEOUSDT,Research_Discovery,False,2,2,False,True,-7.245456119621564,HIST_TIME_FALLBACK
research,T0075,0.075,PAPER:HUSDT:1790811599999:SHORT,HUSDT,Research_Reserve,True,1,1,False,True,3.4045000065329796,FULL_CLOSE_050
research,T0075,0.075,PAPER:PTBUSDT:1790748899999:SHORT,PTBUSDT,Research_Discovery,False,1,1,False,True,0.9581766718693765,FULL_CLOSE_050
research,T0075,0.075,PAPER:CFGUSDT:1790781299999:SHORT,CFGUSDT,Research_Discovery,False,1,1,False,True,1.3983530787927339,FULL_CLOSE_050
research,T0075,0.075,PAPER:PIPPINUSDT:1790796899999:SHORT,PIPPINUSDT,Research_Validation,False,2,2,False,False,,
research,T0075,0.075,PAPER:TACUSDT:1790794199999:SHORT,TACUSDT,Research_Validation,True,0,0,False,True,2.6652578217547758,FULL_CLOSE_050
research,T0075,0.075,PAPER:PTBUSDT:1790793299999:SHORT,PTBUSDT,Research_Validation,True,2,2,False,False,,
research,T0075,0.075,PAPER:BLURUSDT:1790764499999:SHORT,BLURUSDT,Research_Discovery,False,1,2,True,True,1.4460530928588362,FULL_CLOSE_050
research,T0075,0.075,PAPER:牛来USDT:1790750399999:SHORT,牛来USDT,Research_Discovery,False,2,2,False,True,-1.9140394459944603,HIST_TIME_FALLBACK
research,T0075,0.075,PAPER:BREVUSDT:1790819099999:SHORT,BREVUSDT,Research_Reserve,False,1,2,True,True,-0.02725813657777526,BE0.10
research,T0075,0.075,PAPER:PHAUSDT:1790768399999:SHORT,PHAUSDT,Research_Discovery,False,2,2,False,False,,
research,T0075,0.075,PAPER:ONDOUSDT:1790793299999:SHORT,ONDOUSDT,Research_Validation,True,0,0,False,True,0.9604022903817784,FULL_CLOSE_050
research,T0075,0.075,PAPER:STARUSDT:1790788499999:SHORT,STARUSDT,Research_Validation,False,2,2,False,False,,
research,T0075,0.075,PAPER:我踏马来了USDT:1790777999999:SHORT,我踏马来了USDT,Research_Discovery,True,0,0,False,True,0.8705347996937391,FULL_CLOSE_050
research,T0075,0.075,PAPER:REUSDT:1790777999999:SHORT,REUSDT,Research_Discovery,True,2,2,False,True,-0.3327041950330578,BE0.10
research,T0075,0.075,PAPER:我踏马来了USDT:1790750999999:SHORT,我踏马来了USDT,Research_Discovery,False,1,1,False,True,1.2306965277149566,FULL_CLOSE_050
research,T0075,0.075,PAPER:HAEDALUSDT:1790666699999:SHORT,HAEDALUSDT,Research_Discovery,True,3,3,False,True,1.303525174769847,FULL_CLOSE_050
research,T0075,0.075,PAPER:PHAUSDT:1790677199999:SHORT,PHAUSDT,Research_Discovery,False,2,2,False,False,,
research,T0075,0.075,PAPER:ZESTUSDT:1790787599999:SHORT,ZESTUSDT,Research_Discovery,False,2,3,True,False,,NO_EXECUTABLE_ENTRY
research,T0075,0.075,PAPER:ASTERUSDT:1790793599999:SHORT,ASTERUSDT,Research_Validation,False,2,2,False,True,-0.014535477188919177,BE0.10
research,T0075,0.075,PAPER:WLDUSDT:1790670899999:SHORT,WLDUSDT,Research_Discovery,False,1,1,False,True,-0.0446268801498757,BE0.10
research,T0075,0.075,PAPER:SOPHUSDT:1790812499999:SHORT,SOPHUSDT,Research_Reserve,False,2,2,False,True,-2.585166162247095,HIST_TIME_FALLBACK
research,T0075,0.075,PAPER:LUMIAUSDT:1790793299999:SHORT,LUMIAUSDT,Research_Validation,True,3,3,False,True,1.0532892393663902,FULL_CLOSE_050
research,T0075,0.075,PAPER:ZECUSDT:1790778299999:SHORT,ZECUSDT,Research_Discovery,False,0,0,False,True,-0.0029589651554833285,BE0.10
research,T0075,0.075,PAPER:ONEUSDT:1790766299999:SHORT,ONEUSDT,Research_Discovery,False,2,2,False,False,,
research,T0075,0.075,PAPER:BROCCOLIF3BUSDT:1790799899999:SHORT,BROCCOLIF3BUSDT,Research_Validation,False,0,0,False,True,-5.58184660063678,HIST_TIME_FALLBACK
research,T0075,0.075,PAPER:TAKEUSDT:1790766599999:SHORT,TAKEUSDT,Research_Discovery,False,1,1,False,True,-1.7393259130017942,HIST_TIME_FALLBACK
research,T0075,0.075,PAPER:SYRUPUSDT:1790781599999:SHORT,SYRUPUSDT,Research_Discovery,False,0,0,False,True,-0.08678583600488882,BE0.10
research,T0075,0.075,PAPER:AZTECUSDT:1790683199999:SHORT,AZTECUSDT,Research_Discovery,False,1,1,False,True,-3.3275919959717752,HIST_TIME_FALLBACK
research,T0075,0.075,PAPER:SYRUPUSDT:1790748899999:SHORT,SYRUPUSDT,Research_Discovery,True,0,0,False,True,2.4117040846100197,FULL_CLOSE_050
research,T0075,0.075,PAPER:LDOUSDT:1790801699999:SHORT,LDOUSDT,Research_Reserve,False,1,1,False,True,-0.05650525329343392,BE0.10
research,T0075,0.075,PAPER:BUSDT:1790749799999:SHORT,BUSDT,Research_Discovery,True,2,2,False,True,2.52401602356332,FULL_CLOSE_050
research,T0075,0.075,PAPER:ZETAUSDT:1790755799999:SHORT,ZETAUSDT,Research_Discovery,False,1,1,False,True,-8.865185329777047,HIST_TIME_FALLBACK
research,T0075,0.075,PAPER:SYNUSDT:1790801099999:SHORT,SYNUSDT,Research_Validation,True,0,0,False,True,1.4559707481167836,FULL_CLOSE_050
research,T0075,0.075,PAPER:DOTUSDT:1790805899999:SHORT,DOTUSDT,Research_Reserve,False,2,2,False,True,-3.5110995010289994,HIST_TIME_FALLBACK
research,T0075,0.075,PAPER:POWERUSDT:1790821199999:SHORT,POWERUSDT,Research_Reserve,False,1,1,False,True,-0.07132715105852316,BE0.10
research,T0075,0.075,PAPER:SYRUPUSDT:1790778599999:SHORT,SYRUPUSDT,Research_Discovery,False,1,2,True,False,,NO_EXECUTABLE_ENTRY
research,T0075,0.075,PAPER:MARSCOINUSDT:1790740499999:SHORT,MARSCOINUSDT,Research_Discovery,False,2,2,False,True,-3.179236236025787,HIST_TIME_FALLBACK
research,T0075,0.075,PAPER:HAEDALUSDT:1790684699999:SHORT,HAEDALUSDT,Research_Discovery,True,2,2,False,True,1.6287650884117804,FULL_CLOSE_050
research,T0075,0.075,PAPER:SAGAUSDT:1790789699999:SHORT,SAGAUSDT,Research_Validation,False,2,2,False,True,-0.17470562276667806,BE0.10
research,T0075,0.075,PAPER:ZKCUSDT:1790749499999:SHORT,ZKCUSDT,Research_Discovery,True,1,3,True,True,1.3164755031558943,FULL_CLOSE_050
research,T0075,0.075,PAPER:ONEUSDT:1790787899999:SHORT,ONEUSDT,Research_Validation,True,0,0,False,True,1.9413494865586918,FULL_CLOSE_050
research,T0075,0.075,PAPER:4USDT:1790755499999:SHORT,4USDT,Research_Discovery,False,0,0,False,True,-0.2065659685021447,BE0.10
research,T0075,0.075,PAPER:FARTCOINUSDT:1790788799999:SHORT,FARTCOINUSDT,Research_Validation,False,3,3,False,True,-0.11403994328924544,BE0.10
research,T0075,0.075,PAPER:ARKMUSDT:1790775599999:SHORT,ARKMUSDT,Research_Discovery,False,1,1,False,True,-2.789187797147939,HIST_TIME_FALLBACK
research,T0075,0.075,PAPER:RPLUSDT:1790752499999:SHORT,RPLUSDT,Research_Discovery,False,2,2,False,False,,
research,T0075,0.075,PAPER:B2USDT:1790799899999:SHORT,B2USDT,Research_Validation,True,2,2,False,False,,
research,T0075,0.075,PAPER:AEROUSDT:1790777999999:SHORT,AEROUSDT,Research_Discovery,True,2,2,False,True,-0.02170879025565997,BE0.10
research,T0075,0.075,PAPER:FILUSDT:1790805899999:SHORT,FILUSDT,Research_Reserve,False,2,2,False,True,-2.5572511598340295,HIST_TIME_FALLBACK
research,T0075,0.075,PAPER:PONSUSDT:1790810999999:SHORT,PONSUSDT,Research_Reserve,False,3,3,False,False,,
research,T0075,0.075,PAPER:VVVUSDT:1790683799999:SHORT,VVVUSDT,Research_Discovery,True,1,2,True,True,1.379914949359523,FULL_CLOSE_050
research,T0075,0.075,PAPER:ONEUSDT:1790781899999:SHORT,ONEUSDT,Research_Discovery,False,1,1,False,True,-0.5185421932802584,BE0.10
research,T0075,0.075,PAPER:EVAAUSDT:1790674499999:SHORT,EVAAUSDT,Research_Discovery,True,3,3,False,True,3.374755742151028,FULL_CLOSE_050
research,T0075,0.075,PAPER:ONDOUSDT:1790777999999:SHORT,ONDOUSDT,Research_Discovery,True,2,2,False,True,1.639850746268645,FULL_CLOSE_050
research,T0075,0.075,PAPER:CRVUSDT:1790775599999:SHORT,CRVUSDT,Research_Discovery,False,1,1,False,True,-2.749895395103578,HIST_TIME_FALLBACK
research,T0075,0.075,PAPER:SIRENUSDT:1790774399999:SHORT,SIRENUSDT,Research_Discovery,False,0,0,False,True,-2.920958502724164,HIST_TIME_FALLBACK
research,T0075,0.075,PAPER:EIGENUSDT:1790798099999:SHORT,EIGENUSDT,Research_Validation,False,1,2,True,False,,NO_EXECUTABLE_ENTRY
research,T0075,0.075,PAPER:AZTECUSDT:1790777399999:SHORT,AZTECUSDT,Research_Discovery,True,0,0,False,True,2.2736548627056496,FULL_CLOSE_050
research,T0075,0.075,PAPER:AIOTUSDT:1790750999999:SHORT,AIOTUSDT,Research_Discovery,True,0,0,False,True,-0.04588274774352036,BE0.10
research,T0075,0.075,PAPER:SPORTFUNUSDT:1790755499999:SHORT,SPORTFUNUSDT,Research_Discovery,False,2,2,False,True,-0.10462383861902647,BE0.10
research,T0075,0.075,PAPER:SLXUSDT:1790789999999:SHORT,SLXUSDT,Research_Validation,True,3,3,False,True,2.657414630748092,FULL_CLOSE_050
research,T0075,0.075,PAPER:FLOCKUSDT:1790769899999:SHORT,FLOCKUSDT,Research_Discovery,False,1,2,True,False,,NO_EXECUTABLE_ENTRY
research,T0075,0.075,PAPER:HBARUSDT:1790805899999:SHORT,HBARUSDT,Research_Reserve,False,1,1,False,True,-1.617560065674552,HIST_TIME_FALLBACK
research,T0075,0.075,PAPER:INUSDT:1790660099999:SHORT,INUSDT,Research_Discovery,False,1,1,False,True,-0.0016176692294866402,BE0.10
research,T0075,0.075,PAPER:NOMUSDT:1790781899999:SHORT,NOMUSDT,Research_Discovery,False,0,0,False,True,1.5228039020731798,FULL_CLOSE_050
research,T0075,0.075,PAPER:4USDT:1790809799999:SHORT,4USDT,Research_Reserve,False,1,1,False,True,-3.8313668454327505,HIST_TIME_FALLBACK
research,T0075,0.075,PAPER:ZAMAUSDT:1790781599999:SHORT,ZAMAUSDT,Research_Discovery,False,1,1,False,True,-2.3798478571476576,HIST_TIME_FALLBACK
research,T0075,0.075,PAPER:HBARUSDT:1790813399999:SHORT,HBARUSDT,Research_Reserve,False,1,1,False,True,-0.08330977817649882,BE0.10
research,T0075,0.075,PAPER:XVSUSDT:1790818499999:SHORT,XVSUSDT,Research_Reserve,False,3,3,False,True,-1.7739561214492259,HIST_TIME_FALLBACK
research,T0075,0.075,PAPER:REDUSDT:1790793899999:SHORT,REDUSDT,Research_Validation,False,2,2,False,True,-0.9501900380075392,HIST_TIME_FALLBACK
research,T0075,0.075,PAPER:QNTUSDT:1790774399999:SHORT,QNTUSDT,Research_Discovery,False,2,2,False,False,,
research,T0075,0.075,PAPER:AUCTIONUSDT:1790660099999:SHORT,AUCTIONUSDT,Research_Discovery,False,2,2,False,True,-5.498367700797842,HIST_TIME_FALLBACK
research,T0075,0.075,PAPER:YBUSDT:1790781599999:SHORT,YBUSDT,Research_Discovery,False,1,1,False,False,,
research,T0075,0.075,PAPER:KASUSDT:1790775599999:SHORT,KASUSDT,Research_Discovery,False,0,0,False,True,1.3678242710362163,FULL_CLOSE_050
research,T0075,0.075,PAPER:HANAUSDT:1790816699999:SHORT,HANAUSDT,Research_Reserve,False,0,0,False,True,-0.1466985612210322,BE0.10
research,T0075,0.075,PAPER:MMTUSDT:1790765399999:SHORT,MMTUSDT,Research_Discovery,True,3,3,False,True,1.1742670019414785,FULL_CLOSE_050
research,T0075,0.075,PAPER:CHIPUSDT:1790777999999:SHORT,CHIPUSDT,Research_Discovery,True,2,2,False,True,-0.17444810082224432,BE0.10
research,T0075,0.075,PAPER:RAYSOLUSDT:1790792099999:SHORT,RAYSOLUSDT,Research_Validation,True,2,2,False,True,7.695495368728812,RUNNER_CLOSE
research,T0075,0.075,PAPER:SKYAIUSDT:1790796299999:SHORT,SKYAIUSDT,Research_Validation,False,1,1,False,True,-1.4389136797336677,HIST_TIME_FALLBACK
research,T0075,0.075,PAPER:BILLUSDT:1790663699999:SHORT,BILLUSDT,Research_Discovery,False,1,1,False,True,-4.042887593405706,HIST_TIME_FALLBACK
research,T0075,0.075,PAPER:INJUSDT:1790775599999:SHORT,INJUSDT,Research_Discovery,False,0,0,False,True,-3.29904801512659,HIST_TIME_FALLBACK
research,T0075,0.075,PAPER:INITUSDT:1790754299999:SHORT,INITUSDT,Research_Discovery,True,0,0,False,True,2.9325237580653862,FULL_CLOSE_050
research,T0075,0.075,PAPER:NOMUSDT:1790824799999:SHORT,NOMUSDT,Research_Reserve,False,0,0,False,True,-1.1618497378122843,HIST_TIME_FALLBACK
research,T0075,0.075,PAPER:ONDOUSDT:1790793599999:SHORT,ONDOUSDT,Research_Validation,False,0,0,False,True,-1.2618806918294359,HIST_TIME_FALLBACK
research,T0075,0.075,PAPER:DUSKUSDT:1790660099999:SHORT,DUSKUSDT,Research_Discovery,False,2,2,False,True,-4.68674003706758,HIST_TIME_FALLBACK
research,T0075,0.075,PAPER:LITUSDT:1790772299999:SHORT,LITUSDT,Research_Discovery,False,2,2,False,False,,
research,T0075,0.075,PAPER:FOLKSUSDT:1790780399999:SHORT,FOLKSUSDT,Research_Discovery,False,2,2,False,True,-0.14958997397233398,BE0.10
research,T0075,0.075,PAPER:OPUSDT:1790778299999:SHORT,OPUSDT,Research_Discovery,False,1,1,False,True,-3.37474888881066,HIST_TIME_FALLBACK
research,T0075,0.075,PAPER:CKBUSDT:1790752199999:SHORT,CKBUSDT,Research_Discovery,False,1,1,False,True,-0.12854872248483168,BE0.10
research,T0075,0.075,PAPER:MEGAUSDT:1790770799999:SHORT,MEGAUSDT,Research_Discovery,False,1,1,False,True,-5.4354192814511295,HIST_TIME_FALLBACK
research,T0075,0.075,PAPER:COTIUSDT:1790820299999:SHORT,COTIUSDT,Research_Reserve,False,3,3,False,True,1.284351553294667,FULL_CLOSE_050
research,T0075,0.075,PAPER:MTLUSDT:1790819099999:SHORT,MTLUSDT,Research_Reserve,True,2,2,False,True,1.0478073431695234,FULL_CLOSE_050
research,T0075,0.075,PAPER:THEUSDT:1790805599999:SHORT,THEUSDT,Research_Reserve,False,2,2,False,True,-0.016032125380005813,BE0.10
research,T0075,0.075,PAPER:FUSDT:1790821499999:SHORT,FUSDT,Research_Reserve,False,2,2,False,True,-3.643741046425173,HIST_TIME_FALLBACK
research,T0075,0.075,PAPER:GRASSUSDT:1790801699999:SHORT,GRASSUSDT,Research_Reserve,True,0,0,False,True,2.971902280920612,FULL_CLOSE_050
research,T0075,0.075,PAPER:HANAUSDT:1790760299999:SHORT,HANAUSDT,Research_Discovery,False,1,1,False,False,,
research,T0075,0.075,PAPER:PTBUSDT:1790790899999:SHORT,PTBUSDT,Research_Validation,False,1,3,True,True,-1.165931958075711,HIST_TIME_FALLBACK
research,T0075,0.075,PAPER:AEROUSDT:1790670899999:SHORT,AEROUSDT,Research_Discovery,False,1,2,True,True,-3.339570420050535,HIST_TIME_FALLBACK
research,T0075,0.075,PAPER:MARSCOINUSDT:1790747699999:SHORT,MARSCOINUSDT,Research_Discovery,False,1,2,True,True,-0.09579120200352242,BE0.10
research,T0075,0.075,PAPER:COMPUSDT:1790763599999:SHORT,COMPUSDT,Research_Discovery,False,3,3,False,True,-3.345286641060264,HIST_TIME_FALLBACK
research,T0075,0.075,PAPER:ALCHUSDT:1790781299999:SHORT,ALCHUSDT,Research_Discovery,False,1,1,False,True,3.1860000410920306,FULL_CLOSE_050
research,T0075,0.075,PAPER:APRUSDT:1790784599999:SHORT,APRUSDT,Research_Discovery,False,1,1,False,False,,
research,T0075,0.075,PAPER:HANAUSDT:1790762399999:SHORT,HANAUSDT,Research_Discovery,False,0,0,False,True,-2.976810240590549,HIST_TIME_FALLBACK
research,T0075,0.075,PAPER:HBARUSDT:1790685299999:SHORT,HBARUSDT,Research_Discovery,True,1,1,False,True,-1.9059836659225111,HIST_TIME_FALLBACK
research,T0075,0.075,PAPER:龙虾USDT:1790779799999:SHORT,龙虾USDT,Research_Discovery,True,1,1,False,True,1.6918656304305664,FULL_CLOSE_050
research,T0075,0.075,PAPER:我踏马来了USDT:1790795699999:SHORT,我踏马来了USDT,Research_Validation,False,0,0,False,True,2.2897788295524304,HIST_TIME_FALLBACK
research,T0075,0.075,PAPER:MOVRUSDT:1790746799999:SHORT,MOVRUSDT,Research_Discovery,True,2,2,False,False,,
research,T0075,0.075,PAPER:OUSDT:1790823299999:SHORT,OUSDT,Research_Reserve,False,1,3,True,True,-3.43649065077915,HIST_TIME_FALLBACK
research,T0075,0.075,PAPER:USUSDT:1790819699999:SHORT,USUSDT,Research_Reserve,True,2,2,False,True,2.9693928998101957,FULL_CLOSE_050
research,T0075,0.075,PAPER:TNSRUSDT:1790750999999:SHORT,TNSRUSDT,Research_Discovery,False,1,1,False,True,-2.108035504556577,HIST_TIME_FALLBACK
research,T0075,0.075,PAPER:INUSDT:1790670899999:SHORT,INUSDT,Research_Discovery,False,1,1,False,True,-1.7418218620001003,HIST_TIME_FALLBACK
research,T0075,0.075,PAPER:PHAUSDT:1790813399999:SHORT,PHAUSDT,Research_Reserve,True,0,0,False,True,3.2716066860705864,FULL_CLOSE_050
research,T0075,0.075,PAPER:VELVETUSDT:1790660099999:SHORT,VELVETUSDT,Research_Discovery,False,2,2,False,True,-7.086512947091679,HIST_TIME_FALLBACK
research,T0075,0.075,PAPER:PHAROSUSDT:1790666399999:SHORT,PHAROSUSDT,Research_Discovery,False,2,2,False,True,-0.059486852886541985,BE0.10
research,T0075,0.075,PAPER:TOWNSUSDT:1790790899999:SHORT,TOWNSUSDT,Research_Validation,False,0,0,False,True,3.2979728194579354,FULL_CLOSE_050
research,T0075,0.075,PAPER:ZESTUSDT:1790768699999:SHORT,ZESTUSDT,Research_Discovery,True,0,0,False,True,2.503404021558807,FULL_CLOSE_050
research,T0075,0.075,PAPER:AUSDT:1790775299999:SHORT,AUSDT,Research_Discovery,False,1,1,False,True,-0.18595310665184778,BE0.10
research,T0075,0.075,PAPER:EIGENUSDT:1790789999999:SHORT,EIGENUSDT,Research_Validation,False,2,2,False,True,-0.13525281368846265,BE0.10
research,T0075,0.075,PAPER:WLFIUSDT:1790804999999:SHORT,WLFIUSDT,Research_Reserve,False,2,2,False,True,-0.03288164504804292,BE0.10
research,T0075,0.075,PAPER:COTIUSDT:1790769899999:SHORT,COTIUSDT,Research_Discovery,False,1,1,False,True,-0.04129273426175767,BE0.10
research,T0075,0.075,PAPER:龙虾USDT:1790676899999:SHORT,龙虾USDT,Research_Discovery,True,0,0,False,True,1.4983779303207718,FULL_CLOSE_050
research,T0075,0.075,PAPER:ALICEUSDT:1790748899999:SHORT,ALICEUSDT,Research_Discovery,True,1,2,True,True,0.8623936314118819,FULL_CLOSE_050
research,T0075,0.075,PAPER:MEGAUSDT:1790779799999:SHORT,MEGAUSDT,Research_Discovery,True,1,3,True,True,1.1629322463929945,FULL_CLOSE_050
research,T0075,0.075,PAPER:DRIFTUSDT:1790802899999:SHORT,DRIFTUSDT,Research_Reserve,False,1,1,False,True,-2.002924401915092,HIST_TIME_FALLBACK
research,T0075,0.075,PAPER:哈基米USDT:1790798699999:SHORT,哈基米USDT,Research_Validation,False,1,1,False,True,1.1456159106217818,FULL_CLOSE_050
research,T0075,0.075,PAPER:ERAUSDT:1790777999999:SHORT,ERAUSDT,Research_Discovery,True,2,2,False,True,1.0063576079617556,FULL_CLOSE_050
research,T0075,0.075,PAPER:INXUSDT:1790741399999:SHORT,INXUSDT,Research_Discovery,False,2,2,False,False,,
research,T0075,0.075,PAPER:METISUSDT:1790667299999:SHORT,METISUSDT,Research_Discovery,False,2,2,False,True,-0.6558206231073102,HIST_TIME_FALLBACK
research,T0075,0.075,PAPER:SAGAUSDT:1790780699999:SHORT,SAGAUSDT,Research_Discovery,False,2,2,False,True,-0.011728864333088507,BE0.10
research,T0075,0.075,PAPER:HAEDALUSDT:1790666399999:SHORT,HAEDALUSDT,Research_Discovery,False,2,2,False,True,-0.19932725295063947,BE0.10
research,T0075,0.075,PAPER:SHELLUSDT:1790673899999:SHORT,SHELLUSDT,Research_Discovery,False,2,2,False,True,-3.1291876994314487,HIST_TIME_FALLBACK
research,T0075,0.075,PAPER:SAGAUSDT:1790801099999:SHORT,SAGAUSDT,Research_Validation,True,2,2,False,True,1.6178752621084787,FULL_CLOSE_050
research,T0075,0.075,PAPER:INJUSDT:1790777999999:SHORT,INJUSDT,Research_Discovery,True,2,2,False,True,2.366670585638417,FULL_CLOSE_050
research,T0075,0.075,PAPER:AGTUSDT:1790684699999:SHORT,AGTUSDT,Research_Discovery,False,2,2,False,True,3.5729105117802886,FULL_CLOSE_050
research,T0075,0.075,PAPER:GPSUSDT:1790792699999:SHORT,GPSUSDT,Research_Validation,True,0,0,False,True,-2.2311615223244305,HIST_TIME_FALLBACK
research,T0075,0.075,PAPER:TRUMPUSDT:1790750999999:SHORT,TRUMPUSDT,Research_Discovery,False,1,1,False,True,-2.439997151215881,HIST_TIME_FALLBACK
research,T0075,0.075,PAPER:COMPUSDT:1790742899999:SHORT,COMPUSDT,Research_Discovery,False,2,2,False,True,-0.17078141202388475,BE0.10
research,T0075,0.075,PAPER:CCUSDT:1790757299999:SHORT,CCUSDT,Research_Discovery,False,1,1,False,True,-2.169123130632578,HIST_TIME_FALLBACK
research,T0075,0.075,PAPER:FLOWUSDT:1790780999999:SHORT,FLOWUSDT,Research_Discovery,False,2,2,False,False,,
research,T0075,0.075,PAPER:BABYUSDT:1790672099999:SHORT,BABYUSDT,Research_Discovery,False,2,2,False,True,-0.5729668352660259,BE0.10
research,T0075,0.075,PAPER:龙虾USDT:1790784599999:SHORT,龙虾USDT,Research_Discovery,True,0,0,False,True,-0.06369324337118304,BE0.10
research,T0075,0.075,PAPER:ETCUSDT:1790789699999:SHORT,ETCUSDT,Research_Validation,False,0,0,False,True,0.7346810156377386,FULL_CLOSE_050
research,T0075,0.075,PAPER:NOMUSDT:1790669399999:SHORT,NOMUSDT,Research_Discovery,False,1,1,False,True,-0.46277505257625146,BE0.10
research,T0075,0.075,PAPER:ARUSDT:1790748599999:SHORT,ARUSDT,Research_Discovery,True,0,0,False,True,0.9307876605852432,FULL_CLOSE_050
research,T0075,0.075,PAPER:FLOWUSDT:1790793599999:SHORT,FLOWUSDT,Research_Validation,False,1,3,True,False,,NO_EXECUTABLE_ENTRY
research,T0075,0.075,PAPER:KAITOUSDT:1790766599999:SHORT,KAITOUSDT,Research_Discovery,False,1,1,False,True,-0.06708179330665048,BE0.10
research,T0075,0.075,PAPER:PLAYUSDT:1790684699999:SHORT,PLAYUSDT,Research_Discovery,True,3,3,False,True,2.331194360799401,FULL_CLOSE_050
research,T0075,0.075,PAPER:NILUSDT:1790759999999:SHORT,NILUSDT,Research_Discovery,False,0,0,False,True,-1.9230696802444132,HIST_TIME_FALLBACK
research,T0075,0.075,PAPER:0GUSDT:1790778899999:SHORT,0GUSDT,Research_Discovery,False,3,3,False,True,-0.15360316652766193,BE0.10
research,T0075,0.075,PAPER:SPACEUSDT:1790750099999:SHORT,SPACEUSDT,Research_Discovery,False,3,3,False,True,-0.08364325779182069,BE0.10
research,T0075,0.075,PAPER:LSKUSDT:1790755499999:SHORT,LSKUSDT,Research_Discovery,False,2,2,False,True,-1.1880736992613221,HIST_TIME_FALLBACK
research,T0075,0.075,PAPER:HOMEUSDT:1790789699999:SHORT,HOMEUSDT,Research_Validation,False,2,2,False,True,-3.0258874589647404,HIST_TIME_FALLBACK
research,T0075,0.075,PAPER:MUSDT:1790676299999:SHORT,MUSDT,Research_Discovery,True,3,3,False,True,1.6718481849957416,FULL_CLOSE_050
research,T0075,0.075,PAPER:NILUSDT:1790671499999:SHORT,NILUSDT,Research_Discovery,False,2,2,False,True,-1.68723326260338,HIST_TIME_FALLBACK
research,T0075,0.075,PAPER:AVAAIUSDT:1790752199999:SHORT,AVAAIUSDT,Research_Discovery,False,2,2,False,False,,
research,T0075,0.075,PAPER:ADAUSDT:1790749499999:SHORT,ADAUSDT,Research_Discovery,False,1,1,False,True,-2.39395861248885,HIST_TIME_FALLBACK
research,T0075,0.075,PAPER:ONDOUSDT:1790766599999:SHORT,ONDOUSDT,Research_Discovery,False,1,2,True,True,-0.056483092889133946,BE0.10
research,T0075,0.075,PAPER:NILUSDT:1790799599999:SHORT,NILUSDT,Research_Validation,False,1,1,False,True,-1.2448193435038157,HIST_TIME_FALLBACK
research,T0075,0.075,PAPER:2ZUSDT:1790787899999:SHORT,2ZUSDT,Research_Discovery,False,2,2,False,True,-2.789951842238101,HIST_TIME_FALLBACK
research,T0075,0.075,PAPER:EPICUSDT:1790766899999:SHORT,EPICUSDT,Research_Discovery,False,1,1,False,True,-0.8582063573685147,HIST_TIME_FALLBACK
research,T0075,0.075,PAPER:1000000MOGUSDT:1790766599999:SHORT,1000000MOGUSDT,Research_Discovery,False,1,1,False,True,-11.183413684440444,HIST_TIME_FALLBACK
research,T0075,0.075,PAPER:XPINUSDT:1790796299999:SHORT,XPINUSDT,Research_Validation,False,1,1,False,True,-0.35497578112532235,BE0.10
research,T0075,0.075,PAPER:MMTUSDT:1790793299999:SHORT,MMTUSDT,Research_Validation,False,0,0,False,True,-1.216311882791259,HIST_TIME_FALLBACK
research,T0075,0.075,PAPER:CLOUSDT:1790801099999:SHORT,CLOUSDT,Research_Validation,True,0,0,False,True,0.8062141375643592,FULL_CLOSE_050
research,T0075,0.075,PAPER:THETAUSDT:1790775599999:SHORT,THETAUSDT,Research_Discovery,False,1,1,False,False,,
research,T0075,0.075,PAPER:SKRUSDT:1790777699999:SHORT,SKRUSDT,Research_Discovery,True,3,3,False,True,1.5995230327209335,FULL_CLOSE_050
research,T0075,0.075,PAPER:MUBARAKUSDT:1790672399999:SHORT,MUBARAKUSDT,Research_Discovery,True,0,0,False,True,0.828626660560662,FULL_CLOSE_050
research,T0075,0.075,PAPER:OUSDT:1790770799999:SHORT,OUSDT,Research_Discovery,False,0,0,False,True,-0.5852728227439044,HIST_TIME_FALLBACK
research,T0075,0.075,PAPER:CHIPUSDT:1790749499999:SHORT,CHIPUSDT,Research_Discovery,False,0,0,False,True,-0.25942390640049334,BE0.10
research,T0075,0.075,PAPER:UBUSDT:1790778299999:SHORT,UBUSDT,Research_Discovery,True,2,2,False,True,0.8788678780223829,FULL_CLOSE_050
research,T0075,0.075,PAPER:EPICUSDT:1790798999999:SHORT,EPICUSDT,Research_Validation,False,1,1,False,True,-3.1102705953947467,HIST_TIME_FALLBACK
research,T0075,0.075,PAPER:TRBUSDT:1790757299999:SHORT,TRBUSDT,Research_Discovery,False,0,0,False,True,-0.28308588543956853,BE0.10
research,T0075,0.075,PAPER:RIVERUSDT:1790786999999:SHORT,RIVERUSDT,Research_Discovery,True,2,2,False,True,1.0846684580818091,FULL_CLOSE_050
research,T0075,0.075,PAPER:LIGHTUSDT:1790795699999:SHORT,LIGHTUSDT,Research_Validation,False,3,3,False,True,-2.0401741208339974,HIST_TIME_FALLBACK
research,T0075,0.075,PAPER:ZKUSDT:1790778299999:SHORT,ZKUSDT,Research_Discovery,False,2,2,False,False,,
research,T0075,0.075,PAPER:WLDUSDT:1790757299999:SHORT,WLDUSDT,Research_Discovery,False,0,0,False,True,-3.5762907121375966,HIST_TIME_FALLBACK
research,T0075,0.075,PAPER:XLMUSDT:1790777999999:SHORT,XLMUSDT,Research_Discovery,True,0,0,False,True,2.570280006771414,FULL_CLOSE_050
research,T0075,0.075,PAPER:AVNTUSDT:1790802599999:SHORT,AVNTUSDT,Research_Reserve,False,1,1,False,True,-0.20388364984674845,BE0.10
research,T0075,0.075,PAPER:MARSCOINUSDT:1790674499999:SHORT,MARSCOINUSDT,Research_Discovery,True,1,1,False,True,-0.39616801778327787,BE0.10
research,T0075,0.075,PAPER:COAIUSDT:1790821499999:SHORT,COAIUSDT,Research_Reserve,False,2,2,False,True,-3.6020374143385245,HIST_TIME_FALLBACK
research,T0075,0.075,PAPER:FLOCKUSDT:1790778599999:SHORT,FLOCKUSDT,Research_Discovery,True,2,2,False,True,2.5147321701945122,FULL_CLOSE_050
research,T0075,0.075,PAPER:FFUSDT:1790764499999:SHORT,FFUSDT,Research_Discovery,False,1,2,True,True,-0.04669561982709142,BE0.10
research,T0075,0.075,PAPER:PLAYUSDT:1790766599999:SHORT,PLAYUSDT,Research_Discovery,False,1,2,True,True,-0.1748257411705499,BE0.10
research,T0075,0.075,PAPER:OPNUSDT:1790668799999:SHORT,OPNUSDT,Research_Discovery,False,1,1,False,True,-0.18449185056895184,BE0.10
research,T0075,0.075,PAPER:GMTUSDT:1790660099999:SHORT,GMTUSDT,Research_Discovery,False,2,2,False,True,-7.686582367855947,HIST_TIME_FALLBACK
research,T0075,0.075,PAPER:SLXUSDT:1790793299999:SHORT,SLXUSDT,Research_Validation,True,1,1,False,True,1.1806146347148097,FULL_CLOSE_050
research,T0075,0.075,PAPER:ARKMUSDT:1790678399999:SHORT,ARKMUSDT,Research_Discovery,False,3,3,False,True,-0.5651321995167891,HIST_TIME_FALLBACK
research,T0075,0.075,PAPER:MARSCOINUSDT:1790770199999:SHORT,MARSCOINUSDT,Research_Discovery,False,2,2,False,True,-0.40651993080531473,BE0.10
research,T0075,0.075,PAPER:NILUSDT:1790793599999:SHORT,NILUSDT,Research_Validation,True,1,1,False,False,,
research,T0075,0.075,PAPER:AVAUSDT:1790788499999:SHORT,AVAUSDT,Research_Validation,True,1,1,False,True,2.064112591687342,FULL_CLOSE_050
research,T0075,0.075,PAPER:币安人生USDT:1790680199999:SHORT,币安人生USDT,Research_Discovery,False,2,3,True,True,-3.1086875254314106,HIST_TIME_FALLBACK
research,T0075,0.075,PAPER:ACTUSDT:1790793599999:SHORT,ACTUSDT,Research_Validation,True,0,0,False,True,2.6534271677634664,FULL_CLOSE_050
research,T0075,0.075,PAPER:BRUSDT:1790801399999:SHORT,BRUSDT,Research_Validation,False,1,1,False,True,-5.169103781048132,HIST_TIME_FALLBACK
research,T0075,0.075,PAPER:SENTUSDT:1790789699999:SHORT,SENTUSDT,Research_Validation,False,0,0,False,True,-0.03086002875506,BE0.10
research,T0075,0.075,PAPER:USUALUSDT:1790797499999:SHORT,USUALUSDT,Research_Validation,False,1,2,True,True,0.8367807430294817,FULL_CLOSE_050
research,T0075,0.075,PAPER:TRBUSDT:1790813399999:SHORT,TRBUSDT,Research_Reserve,False,1,1,False,True,1.3288592792362746,FULL_CLOSE_050
research,T0075,0.075,PAPER:龙虾USDT:1790774099999:SHORT,龙虾USDT,Research_Discovery,False,2,2,False,True,-4.676556216950601,HIST_TIME_FALLBACK
research,T0075,0.075,PAPER:MITOUSDT:1790744399999:SHORT,MITOUSDT,Research_Discovery,False,0,0,False,True,-4.938836970581371,HIST_TIME_FALLBACK
research,T0075,0.075,PAPER:RAREUSDT:1790770499999:SHORT,RAREUSDT,Research_Discovery,True,0,0,False,True,-0.6716284408801546,HIST_TIME_FALLBACK
research,T0075,0.075,PAPER:APRUSDT:1790812499999:SHORT,APRUSDT,Research_Reserve,False,0,0,False,True,-0.24065752200751456,BE0.10
research,T0075,0.075,PAPER:KGENUSDT:1790664599999:SHORT,KGENUSDT,Research_Discovery,False,2,2,False,False,,
research,T0075,0.075,PAPER:CCUSDT:1790781599999:SHORT,CCUSDT,Research_Discovery,True,0,0,False,True,3.6988669711524746,FULL_CLOSE_050
research,T0075,0.075,PAPER:ZESTUSDT:1790782499999:SHORT,ZESTUSDT,Research_Discovery,False,0,0,False,True,-3.3740976303217503,HIST_TIME_FALLBACK
research,T0075,0.075,PAPER:GRAMUSDT:1790660099999:SHORT,GRAMUSDT,Research_Discovery,False,0,0,False,True,-0.30009238860757104,BE0.10
research,T0075,0.075,PAPER:BROCCOLI714USDT:1790750999999:SHORT,BROCCOLI714USDT,Research_Discovery,False,2,2,False,True,-3.8325807675930474,HIST_TIME_FALLBACK
research,T0075,0.075,PAPER:POWERUSDT:1790765099999:SHORT,POWERUSDT,Research_Discovery,False,2,2,False,True,-2.340058957482309,HIST_TIME_FALLBACK
research,T0075,0.075,PAPER:EDGEUSDT:1790777999999:SHORT,EDGEUSDT,Research_Discovery,True,2,2,False,True,1.1803292463483968,FULL_CLOSE_050
research,T0075,0.075,PAPER:BNTUSDT:1790778599999:SHORT,BNTUSDT,Research_Discovery,False,3,3,False,True,1.0828974759268606,FULL_CLOSE_050
research,T0075,0.075,PAPER:STOUSDT:1790803499999:SHORT,STOUSDT,Research_Reserve,False,0,0,False,True,-0.3517022450400825,BE0.10
research,T0075,0.075,PAPER:LINEAUSDT:1790778599999:SHORT,LINEAUSDT,Research_Discovery,False,1,1,False,True,1.1076730248413855,FULL_CLOSE_050
research,T0075,0.075,PAPER:OUSDT:1790770199999:SHORT,OUSDT,Research_Discovery,False,1,1,False,True,-2.4848660038590373,HIST_TIME_FALLBACK
research,T0075,0.075,PAPER:LITUSDT:1790787599999:SHORT,LITUSDT,Research_Discovery,False,0,0,False,True,-0.1727436005737612,BE0.10
research,T0075,0.075,PAPER:RAREUSDT:1790670899999:SHORT,RAREUSDT,Research_Discovery,False,1,1,False,True,-0.07861396713475921,BE0.10
research,T0075,0.075,PAPER:MEUSDT:1790802599999:SHORT,MEUSDT,Research_Reserve,False,3,3,False,True,-0.02527877226498687,BE0.10
research,T0075,0.075,PAPER:NILUSDT:1790678399999:SHORT,NILUSDT,Research_Discovery,False,1,1,False,False,,
research,T0075,0.075,PAPER:ACTUSDT:1790660099999:SHORT,ACTUSDT,Research_Discovery,False,2,3,True,True,-4.812873699346963,HIST_TIME_FALLBACK
research,T0075,0.075,PAPER:POWERUSDT:1790814599999:SHORT,POWERUSDT,Research_Reserve,False,0,0,False,True,-0.45670864302247915,BE0.10
research,T0075,0.075,PAPER:BSBUSDT:1790770199999:SHORT,BSBUSDT,Research_Discovery,False,2,2,False,True,-0.07121692117171291,BE0.10
research,T0075,0.075,PAPER:TRIAUSDT:1790778299999:SHORT,TRIAUSDT,Research_Discovery,False,3,3,False,False,,
research,T0075,0.075,PAPER:BERAUSDT:1790818799999:SHORT,BERAUSDT,Research_Reserve,False,2,3,True,False,,NO_EXECUTABLE_ENTRY
research,T0075,0.075,PAPER:JUPUSDT:1790747699999:SHORT,JUPUSDT,Research_Discovery,True,2,2,False,True,2.5706752130242827,FULL_CLOSE_050
research,T0075,0.075,PAPER:SYRUPUSDT:1790779499999:SHORT,SYRUPUSDT,Research_Discovery,False,2,2,False,True,-2.2872783855277468,HIST_TIME_FALLBACK
research,T0075,0.075,PAPER:LAUSDT:1790749499999:SHORT,LAUSDT,Research_Discovery,False,3,3,False,True,1.43527624363298,FULL_CLOSE_050
research,T0075,0.075,PAPER:APEUSDT:1790660099999:SHORT,APEUSDT,Research_Discovery,False,2,2,False,True,-0.25106267761925444,BE0.10
research,T0075,0.075,PAPER:UBUSDT:1790781599999:SHORT,UBUSDT,Research_Discovery,False,1,2,True,True,1.0246705539196908,FULL_CLOSE_050
research,T0075,0.075,PAPER:JOEUSDT:1790777699999:SHORT,JOEUSDT,Research_Discovery,True,2,2,False,True,1.0062007516146165,FULL_CLOSE_050
research,T0075,0.075,PAPER:RAVEUSDT:1790789699999:SHORT,RAVEUSDT,Research_Validation,False,0,0,False,True,1.2209794609524334,FULL_CLOSE_050
research,T0075,0.075,PAPER:NOMUSDT:1790790599999:SHORT,NOMUSDT,Research_Validation,False,1,1,False,False,,
research,T0075,0.075,PAPER:FETUSDT:1790805899999:SHORT,FETUSDT,Research_Reserve,False,2,2,False,True,-0.950190038007563,HIST_TIME_FALLBACK
research,T0075,0.075,PAPER:GTCUSDT:1790818199999:SHORT,GTCUSDT,Research_Reserve,False,1,1,False,True,-4.386141578380004,HIST_TIME_FALLBACK
research,T0075,0.075,PAPER:RAREUSDT:1790753699999:SHORT,RAREUSDT,Research_Discovery,False,2,2,False,False,,
research,T0075,0.075,PAPER:METUSDT:1790795699999:SHORT,METUSDT,Research_Validation,True,0,0,False,True,1.3882178880497411,FULL_CLOSE_050
research,T0075,0.075,PAPER:EVAAUSDT:1790675099999:SHORT,EVAAUSDT,Research_Discovery,False,1,1,False,True,-1.8533478008186528,HIST_TIME_FALLBACK
research,T0075,0.075,PAPER:AZTECUSDT:1790821199999:SHORT,AZTECUSDT,Research_Reserve,False,1,1,False,True,-0.07505858689219491,BE0.10
research,T0075,0.075,PAPER:KMNOUSDT:1790798699999:SHORT,KMNOUSDT,Research_Validation,False,0,0,False,True,1.3582037366661506,FULL_CLOSE_050
research,T0075,0.075,PAPER:EDGEUSDT:1790757299999:SHORT,EDGEUSDT,Research_Discovery,False,1,1,False,True,-2.2127972305754513,HIST_TIME_FALLBACK
research,T0075,0.075,PAPER:MAGMAUSDT:1790798099999:SHORT,MAGMAUSDT,Research_Validation,False,1,2,True,True,-0.5027073524816215,BE0.10
research,T0075,0.075,PAPER:MUSDT:1790750699999:SHORT,MUSDT,Research_Discovery,False,1,1,False,True,-0.011858486042035543,BE0.10
research,T0075,0.075,PAPER:TIAUSDT:1790805899999:SHORT,TIAUSDT,Research_Reserve,False,0,0,False,True,-1.643027671278168,HIST_TIME_FALLBACK
research,T0075,0.075,PAPER:LDOUSDT:1790789699999:SHORT,LDOUSDT,Research_Validation,False,0,0,False,True,-0.08282995130533888,BE0.10
research,T0075,0.075,PAPER:BIOUSDT:1790749799999:SHORT,BIOUSDT,Research_Discovery,False,1,1,False,True,0.8387401408157015,FULL_CLOSE_050
research,T0075,0.075,PAPER:PROMUSDT:1790772599999:SHORT,PROMUSDT,Research_Discovery,False,0,0,False,True,-0.08455144495331979,BE0.10
research,T0075,0.075,PAPER:WUSDT:1790778599999:SHORT,WUSDT,Research_Discovery,False,3,3,False,True,-0.002992055041342534,BE0.10
research,T0075,0.075,PAPER:PIXELUSDT:1790802599999:SHORT,PIXELUSDT,Research_Reserve,False,0,0,False,True,-0.25057411901662313,BE0.10
research,T0075,0.075,PAPER:LTCUSDT:1790793899999:SHORT,LTCUSDT,Research_Validation,False,0,0,False,True,-2.547284992550075,HIST_TIME_FALLBACK
research,T0075,0.075,PAPER:NIGHTUSDT:1790746799999:SHORT,NIGHTUSDT,Research_Discovery,False,3,3,False,True,-0.01482686758466284,BE0.10
research,T0075,0.075,PAPER:ASTERUSDT:1790766299999:SHORT,ASTERUSDT,Research_Discovery,False,2,2,False,True,-2.4158081083876977,HIST_TIME_FALLBACK
research,T0075,0.075,PAPER:POWERUSDT:1790801699999:SHORT,POWERUSDT,Research_Reserve,False,0,0,False,True,-1.301347659921344,HIST_TIME_FALLBACK
research,T0075,0.075,PAPER:JTOUSDT:1790778299999:SHORT,JTOUSDT,Research_Discovery,False,2,2,False,False,,
research,T0075,0.075,PAPER:EDENUSDT:1790804999999:SHORT,EDENUSDT,Research_Reserve,True,2,2,False,True,1.507764670949792,FULL_CLOSE_050
research,T0075,0.075,PAPER:HANAUSDT:1790681399999:SHORT,HANAUSDT,Research_Discovery,True,1,1,False,True,1.3834938316334577,FULL_CLOSE_050
research,T0075,0.075,PAPER:IOSTUSDT:1790660099999:SHORT,IOSTUSDT,Research_Discovery,False,0,0,False,True,-0.14835334915950815,BE0.10
research,T0075,0.075,PAPER:JELLYJELLYUSDT:1790791499999:SHORT,JELLYJELLYUSDT,Research_Validation,False,0,0,False,True,-0.23290515169131493,BE0.10
research,T0075,0.075,PAPER:ETCUSDT:1790778599999:SHORT,ETCUSDT,Research_Discovery,False,2,2,False,False,,
research,T0075,0.075,PAPER:METISUSDT:1790660099999:SHORT,METISUSDT,Research_Discovery,False,2,3,True,True,-7.263750993441857,HIST_TIME_FALLBACK
research,T0075,0.075,PAPER:LUNA2USDT:1790683799999:SHORT,LUNA2USDT,Research_Discovery,True,1,1,False,True,1.5957714136724483,FULL_CLOSE_050
research,T0075,0.075,PAPER:CTSIUSDT:1790660099999:SHORT,CTSIUSDT,Research_Discovery,False,1,1,False,True,-5.7892627666241365,HIST_TIME_FALLBACK
research,T0075,0.075,PAPER:XVSUSDT:1790791499999:SHORT,XVSUSDT,Research_Validation,False,1,2,True,True,-0.1261979556404389,BE0.10
research,T0075,0.075,PAPER:QUSDT:1790660699999:SHORT,QUSDT,Research_Discovery,False,2,2,False,True,-0.004604089388512256,BE0.10
research,T0075,0.075,PAPER:AEROUSDT:1790755799999:SHORT,AEROUSDT,Research_Discovery,False,0,0,False,True,-3.4571397815308362,HIST_TIME_FALLBACK
research,T0075,0.075,PAPER:FLUIDUSDT:1790777999999:SHORT,FLUIDUSDT,Research_Discovery,True,2,2,False,True,1.0819149283171636,FULL_CLOSE_050
research,T0075,0.075,PAPER:TURBOUSDT:1790792099999:SHORT,TURBOUSDT,Research_Validation,True,0,0,False,True,1.573800060118589,FULL_CLOSE_050
research,T0075,0.075,PAPER:FLUXUSDT:1790678399999:SHORT,FLUXUSDT,Research_Discovery,False,1,1,False,True,-4.468565822453265,HIST_TIME_FALLBACK
research,T0075,0.075,PAPER:XPINUSDT:1790789699999:SHORT,XPINUSDT,Research_Validation,False,2,2,False,True,-2.1321857641894573,HIST_TIME_FALLBACK
research,T0075,0.075,PAPER:ETHFIUSDT:1790789699999:SHORT,ETHFIUSDT,Research_Validation,False,0,0,False,True,1.3766041870434633,FULL_CLOSE_050
research,T0075,0.075,PAPER:NOMUSDT:1790819699999:SHORT,NOMUSDT,Research_Reserve,False,2,2,False,False,,
research,T0075,0.075,PAPER:LDOUSDT:1790825099999:SHORT,LDOUSDT,Research_Reserve,False,3,3,False,True,-0.033595503719588415,BE0.10
research,T0075,0.075,PAPER:FOGOUSDT:1790789699999:SHORT,FOGOUSDT,Research_Validation,True,3,3,False,True,1.8710114839048841,FULL_CLOSE_050
research,T0075,0.075,PAPER:AGTUSDT:1790659799999:SHORT,AGTUSDT,Research_Discovery,False,3,3,False,True,-2.8693814650577143,HIST_TIME_FALLBACK
research,T0075,0.075,PAPER:龙虾USDT:1790750999999:SHORT,龙虾USDT,Research_Discovery,False,1,1,False,True,-0.040804886823749,BE0.10
research,T0075,0.075,PAPER:MEWUSDT:1790766899999:SHORT,MEWUSDT,Research_Discovery,False,3,3,False,False,,
research,T0075,0.075,PAPER:PROMPTUSDT:1790821499999:SHORT,PROMPTUSDT,Research_Reserve,True,1,1,False,True,23.485814888932357,RUNNER_CLOSE
research,T0075,0.075,PAPER:MUBARAKUSDT:1790777999999:SHORT,MUBARAKUSDT,Research_Discovery,False,1,1,False,True,-0.03292748754650582,BE0.10
research,T0075,0.075,PAPER:POWERUSDT:1790804999999:SHORT,POWERUSDT,Research_Reserve,True,2,2,False,True,3.2074112081552326,FULL_CLOSE_050
research,T0075,0.075,PAPER:BRUSDT:1790781899999:SHORT,BRUSDT,Research_Discovery,False,0,0,False,True,1.1031671716827733,FULL_CLOSE_050
research,T0075,0.075,PAPER:RAREUSDT:1790788499999:SHORT,RAREUSDT,Research_Validation,False,3,3,False,False,,
research,T0075,0.075,PAPER:PLAYUSDT:1790820899999:SHORT,PLAYUSDT,Research_Reserve,False,2,2,False,True,-0.3217215006089877,HIST_TIME_FALLBACK
research,T0075,0.075,PAPER:VTHOUSDT:1790775299999:SHORT,VTHOUSDT,Research_Discovery,True,0,0,False,True,4.351577199817728,FULL_CLOSE_050
research,T0075,0.075,PAPER:AGLDUSDT:1790686199999:SHORT,AGLDUSDT,Research_Discovery,True,2,2,False,True,3.8740775116933532,FULL_CLOSE_050
research,T0075,0.075,PAPER:JTOUSDT:1790781899999:SHORT,JTOUSDT,Research_Discovery,False,1,1,False,True,-0.0005121969186465125,BE0.10
research,T0075,0.075,PAPER:SNXUSDT:1790660099999:SHORT,SNXUSDT,Research_Discovery,False,2,2,False,True,-6.807317209367433,HIST_TIME_FALLBACK
research,T0075,0.075,PAPER:1000SATSUSDT:1790791499999:SHORT,1000SATSUSDT,Research_Validation,False,2,2,False,True,1.4449065650451085,FULL_CLOSE_050
research,T0075,0.075,PAPER:HEIUSDT:1790755199999:SHORT,HEIUSDT,Research_Discovery,False,1,1,False,True,-0.6520511517431047,BE0.10
research,T0075,0.075,PAPER:SPXUSDT:1790798099999:SHORT,SPXUSDT,Research_Validation,False,2,2,False,True,-3.3914531570967306,HIST_TIME_FALLBACK
research,T0075,0.075,PAPER:XMRUSDT:1790778899999:SHORT,XMRUSDT,Research_Discovery,False,2,2,False,True,-0.08502821241082537,BE0.10
research,T0075,0.075,PAPER:HUMAUSDT:1790796299999:SHORT,HUMAUSDT,Research_Validation,False,2,2,False,True,-1.696644078885666,HIST_TIME_FALLBACK
research,T0075,0.075,PAPER:METUSDT:1790742899999:SHORT,METUSDT,Research_Discovery,False,1,1,False,True,-2.0445143135435186,HIST_TIME_FALLBACK
research,T0075,0.075,PAPER:BANUSDT:1790802599999:SHORT,BANUSDT,Research_Reserve,False,0,0,False,True,-2.8745540554530713,HIST_TIME_FALLBACK
research,T0075,0.075,PAPER:STRKUSDT:1790751899999:SHORT,STRKUSDT,Research_Discovery,False,2,2,False,True,0.9895539776398392,FULL_CLOSE_050
research,T0075,0.075,PAPER:NMRUSDT:1790823899999:SHORT,NMRUSDT,Research_Reserve,True,2,2,False,True,0.7135974243896215,FULL_CLOSE_050
research,T0075,0.075,PAPER:HANAUSDT:1790680499999:SHORT,HANAUSDT,Research_Discovery,False,1,1,False,True,-0.1847845486528612,BE0.10
research,T0075,0.075,PAPER:ZAMAUSDT:1790820299999:SHORT,ZAMAUSDT,Research_Reserve,False,0,0,False,True,-2.815847474211391,HIST_TIME_FALLBACK
research,T010,0.1,PAPER:MARSCOINUSDT:1790750399999:SHORT,MARSCOINUSDT,Research_Discovery,False,1,2,True,False,,NO_EXECUTABLE_ENTRY
research,T010,0.1,PAPER:1000FLOKIUSDT:1790749499999:SHORT,1000FLOKIUSDT,Research_Discovery,False,0,0,False,True,-0.21968994309620082,BE0.10
research,T010,0.1,PAPER:RVNUSDT:1790750399999:SHORT,RVNUSDT,Research_Discovery,False,2,2,False,True,-0.09046450767179115,BE0.10
research,T010,0.1,PAPER:币安人生USDT:1790813099999:SHORT,币安人生USDT,Research_Reserve,False,3,3,False,True,-3.350071092924139,HIST_TIME_FALLBACK
research,T010,0.1,PAPER:CCUSDT:1790804399999:SHORT,CCUSDT,Research_Reserve,False,3,3,False,False,,
research,T010,0.1,PAPER:RAREUSDT:1790813399999:SHORT,RAREUSDT,Research_Reserve,False,0,0,False,True,-2.4224700087075477,HIST_TIME_FALLBACK
research,T010,0.1,PAPER:ASTERUSDT:1790790899999:SHORT,ASTERUSDT,Research_Validation,False,1,1,False,True,-2.146307576927568,HIST_TIME_FALLBACK
research,T010,0.1,PAPER:CLOUSDT:1790821199999:SHORT,CLOUSDT,Research_Reserve,False,2,2,False,True,-4.172534216639878e-06,BE0.10
research,T010,0.1,PAPER:GRTUSDT:1790791499999:SHORT,GRTUSDT,Research_Validation,True,0,0,False,True,2.154687088348092,FULL_CLOSE_050
research,T010,0.1,PAPER:WETUSDT:1790805899999:SHORT,WETUSDT,Research_Reserve,False,1,1,False,True,-3.280976271305775,HIST_TIME_FALLBACK
research,T010,0.1,PAPER:PHAUSDT:1790813699999:SHORT,PHAUSDT,Research_Reserve,True,0,0,False,True,1.2719742734289923,FULL_CLOSE_050
research,T010,0.1,PAPER:牛来USDT:1790811299999:SHORT,牛来USDT,Research_Reserve,False,1,1,False,True,-2.851529664018463,HIST_TIME_FALLBACK
research,T010,0.1,PAPER:WUSDT:1790818799999:SHORT,WUSDT,Research_Reserve,False,2,2,False,True,1.1885391301331734,FULL_CLOSE_050
research,T010,0.1,PAPER:FETUSDT:1790755499999:SHORT,FETUSDT,Research_Discovery,False,1,3,True,True,-0.01932032152591512,BE0.10
research,T010,0.1,PAPER:BERAUSDT:1790767199999:SHORT,BERAUSDT,Research_Discovery,False,0,0,False,True,-0.5351193995017857,BE0.10
research,T010,0.1,PAPER:MORPHOUSDT:1790778899999:SHORT,MORPHOUSDT,Research_Discovery,False,2,2,False,False,,
research,T010,0.1,PAPER:AKEUSDT:1790789699999:SHORT,AKEUSDT,Research_Validation,True,2,2,False,True,1.5949447540122403,FULL_CLOSE_050
research,T010,0.1,PAPER:ATHUSDT:1790751599999:SHORT,ATHUSDT,Research_Discovery,False,0,0,False,True,-0.022730531452432978,BE0.10
research,T010,0.1,PAPER:MOVEUSDT:1790660099999:SHORT,MOVEUSDT,Research_Discovery,False,2,2,False,True,-7.46764555987584,HIST_TIME_FALLBACK
research,T010,0.1,PAPER:EIGENUSDT:1790778299999:SHORT,EIGENUSDT,Research_Discovery,False,1,1,False,True,-2.9925204747191225,HIST_TIME_FALLBACK
research,T010,0.1,PAPER:EDENUSDT:1790748299999:SHORT,EDENUSDT,Research_Discovery,True,2,3,True,True,1.2128405322081666,FULL_CLOSE_050
research,T010,0.1,PAPER:SOMIUSDT:1790813099999:SHORT,SOMIUSDT,Research_Reserve,False,1,1,False,False,,
research,T010,0.1,PAPER:0GUSDT:1790815499999:SHORT,0GUSDT,Research_Reserve,True,3,3,False,False,,
research,T010,0.1,PAPER:GUSDT:1790789699999:SHORT,GUSDT,Research_Validation,True,2,2,False,True,1.2485296839747715,FULL_CLOSE_050
research,T010,0.1,PAPER:TOWNSUSDT:1790798999999:SHORT,TOWNSUSDT,Research_Validation,False,0,0,False,True,-0.4700219900094974,BE0.10
research,T010,0.1,PAPER:XANUSDT:1790820299999:SHORT,XANUSDT,Research_Reserve,False,1,2,True,True,-2.736824202959218,HIST_TIME_FALLBACK
research,T010,0.1,PAPER:ZECUSDT:1790793599999:SHORT,ZECUSDT,Research_Validation,False,0,0,False,True,1.8850132448752173,FULL_CLOSE_050
research,T010,0.1,PAPER:SKYAIUSDT:1790793599999:SHORT,SKYAIUSDT,Research_Validation,False,0,0,False,True,1.3030505710239628,FULL_CLOSE_050
research,T010,0.1,PAPER:MUBARAKUSDT:1790813999999:SHORT,MUBARAKUSDT,Research_Reserve,False,0,0,False,True,-0.03155021644970191,BE0.10
research,T010,0.1,PAPER:GRASSUSDT:1790753399999:SHORT,GRASSUSDT,Research_Discovery,False,2,2,False,False,,
research,T010,0.1,PAPER:APRUSDT:1790766599999:SHORT,APRUSDT,Research_Discovery,False,1,2,True,True,-0.11310778041899677,BE0.10
research,T010,0.1,PAPER:XVSUSDT:1790803499999:SHORT,XVSUSDT,Research_Reserve,False,0,0,False,True,-0.12347626420409064,BE0.10
research,T010,0.1,PAPER:PHAROSUSDT:1790821499999:SHORT,PHAROSUSDT,Research_Reserve,False,0,0,False,True,-0.11497003238248377,BE0.10
research,T010,0.1,PAPER:FIGHTUSDT:1790683499999:SHORT,FIGHTUSDT,Research_Discovery,True,0,0,False,True,2.322307118439893,FULL_CLOSE_050
research,T010,0.1,PAPER:MARSCOINUSDT:1790779199999:SHORT,MARSCOINUSDT,Research_Discovery,True,0,0,False,True,-0.8389016453802545,HIST_TIME_FALLBACK
research,T010,0.1,PAPER:CAPUSDT:1790776799999:SHORT,CAPUSDT,Research_Discovery,False,2,2,False,True,1.0977965774114582,FULL_CLOSE_050
research,T010,0.1,PAPER:NEOUSDT:1790660099999:SHORT,NEOUSDT,Research_Discovery,False,2,3,True,True,-5.605761963148877,HIST_TIME_FALLBACK
research,T010,0.1,PAPER:HUSDT:1790811599999:SHORT,HUSDT,Research_Reserve,True,1,1,False,True,3.4045000065329796,FULL_CLOSE_050
research,T010,0.1,PAPER:PTBUSDT:1790748899999:SHORT,PTBUSDT,Research_Discovery,False,1,1,False,True,0.9581766718693765,FULL_CLOSE_050
research,T010,0.1,PAPER:CFGUSDT:1790781299999:SHORT,CFGUSDT,Research_Discovery,False,1,1,False,True,1.3983530787927339,FULL_CLOSE_050
research,T010,0.1,PAPER:PIPPINUSDT:1790796899999:SHORT,PIPPINUSDT,Research_Validation,False,2,2,False,False,,
research,T010,0.1,PAPER:TACUSDT:1790794199999:SHORT,TACUSDT,Research_Validation,True,0,0,False,True,2.6652578217547758,FULL_CLOSE_050
research,T010,0.1,PAPER:PTBUSDT:1790793299999:SHORT,PTBUSDT,Research_Validation,True,2,2,False,False,,
research,T010,0.1,PAPER:牛来USDT:1790750399999:SHORT,牛来USDT,Research_Discovery,False,2,2,False,True,-1.9140394459944603,HIST_TIME_FALLBACK
research,T010,0.1,PAPER:BREVUSDT:1790819099999:SHORT,BREVUSDT,Research_Reserve,False,1,2,True,True,-0.02725813657777526,BE0.10
research,T010,0.1,PAPER:PHAUSDT:1790768399999:SHORT,PHAUSDT,Research_Discovery,False,2,2,False,False,,
research,T010,0.1,PAPER:ONDOUSDT:1790793299999:SHORT,ONDOUSDT,Research_Validation,True,0,0,False,True,0.9604022903817784,FULL_CLOSE_050
research,T010,0.1,PAPER:STARUSDT:1790788499999:SHORT,STARUSDT,Research_Validation,False,2,2,False,False,,
research,T010,0.1,PAPER:我踏马来了USDT:1790777999999:SHORT,我踏马来了USDT,Research_Discovery,True,0,0,False,True,0.8705347996937391,FULL_CLOSE_050
research,T010,0.1,PAPER:REUSDT:1790777999999:SHORT,REUSDT,Research_Discovery,True,2,2,False,True,-0.3327041950330578,BE0.10
research,T010,0.1,PAPER:我踏马来了USDT:1790750999999:SHORT,我踏马来了USDT,Research_Discovery,False,1,1,False,True,1.2306965277149566,FULL_CLOSE_050
research,T010,0.1,PAPER:HAEDALUSDT:1790666699999:SHORT,HAEDALUSDT,Research_Discovery,True,3,3,False,True,1.303525174769847,FULL_CLOSE_050
research,T010,0.1,PAPER:PHAUSDT:1790677199999:SHORT,PHAUSDT,Research_Discovery,False,2,2,False,False,,
research,T010,0.1,PAPER:ZESTUSDT:1790787599999:SHORT,ZESTUSDT,Research_Discovery,False,2,3,True,False,,NO_EXECUTABLE_ENTRY
research,T010,0.1,PAPER:ASTERUSDT:1790793599999:SHORT,ASTERUSDT,Research_Validation,False,2,2,False,True,-0.014535477188919177,BE0.10
research,T010,0.1,PAPER:WLDUSDT:1790670899999:SHORT,WLDUSDT,Research_Discovery,False,1,1,False,True,-0.0446268801498757,BE0.10
research,T010,0.1,PAPER:SOPHUSDT:1790812499999:SHORT,SOPHUSDT,Research_Reserve,False,2,2,False,True,-2.585166162247095,HIST_TIME_FALLBACK
research,T010,0.1,PAPER:LUMIAUSDT:1790793299999:SHORT,LUMIAUSDT,Research_Validation,True,3,3,False,True,1.0532892393663902,FULL_CLOSE_050
research,T010,0.1,PAPER:ZECUSDT:1790778299999:SHORT,ZECUSDT,Research_Discovery,False,0,0,False,True,-0.0029589651554833285,BE0.10
research,T010,0.1,PAPER:ONEUSDT:1790766299999:SHORT,ONEUSDT,Research_Discovery,False,2,2,False,False,,
research,T010,0.1,PAPER:BROCCOLIF3BUSDT:1790799899999:SHORT,BROCCOLIF3BUSDT,Research_Validation,False,0,0,False,True,-5.58184660063678,HIST_TIME_FALLBACK
research,T010,0.1,PAPER:TAKEUSDT:1790766599999:SHORT,TAKEUSDT,Research_Discovery,False,1,1,False,True,-1.7393259130017942,HIST_TIME_FALLBACK
research,T010,0.1,PAPER:SYRUPUSDT:1790781599999:SHORT,SYRUPUSDT,Research_Discovery,False,0,0,False,True,-0.08678583600488882,BE0.10
research,T010,0.1,PAPER:AZTECUSDT:1790683199999:SHORT,AZTECUSDT,Research_Discovery,False,1,1,False,True,-3.3275919959717752,HIST_TIME_FALLBACK
research,T010,0.1,PAPER:SYRUPUSDT:1790748899999:SHORT,SYRUPUSDT,Research_Discovery,True,0,0,False,True,2.4117040846100197,FULL_CLOSE_050
research,T010,0.1,PAPER:LDOUSDT:1790801699999:SHORT,LDOUSDT,Research_Reserve,False,1,1,False,True,-0.05650525329343392,BE0.10
research,T010,0.1,PAPER:BUSDT:1790749799999:SHORT,BUSDT,Research_Discovery,True,2,2,False,True,2.52401602356332,FULL_CLOSE_050
research,T010,0.1,PAPER:ZETAUSDT:1790755799999:SHORT,ZETAUSDT,Research_Discovery,False,1,1,False,True,-8.865185329777047,HIST_TIME_FALLBACK
research,T010,0.1,PAPER:SYNUSDT:1790801099999:SHORT,SYNUSDT,Research_Validation,True,0,0,False,True,1.4559707481167836,FULL_CLOSE_050
research,T010,0.1,PAPER:DOTUSDT:1790805899999:SHORT,DOTUSDT,Research_Reserve,False,2,2,False,True,-3.5110995010289994,HIST_TIME_FALLBACK
research,T010,0.1,PAPER:POWERUSDT:1790821199999:SHORT,POWERUSDT,Research_Reserve,False,1,1,False,True,-0.07132715105852316,BE0.10
research,T010,0.1,PAPER:SYRUPUSDT:1790778599999:SHORT,SYRUPUSDT,Research_Discovery,False,1,2,True,False,,NO_EXECUTABLE_ENTRY
research,T010,0.1,PAPER:MARSCOINUSDT:1790740499999:SHORT,MARSCOINUSDT,Research_Discovery,False,2,2,False,True,-3.179236236025787,HIST_TIME_FALLBACK
research,T010,0.1,PAPER:HAEDALUSDT:1790684699999:SHORT,HAEDALUSDT,Research_Discovery,True,2,2,False,True,1.6287650884117804,FULL_CLOSE_050
research,T010,0.1,PAPER:SAGAUSDT:1790789699999:SHORT,SAGAUSDT,Research_Validation,False,2,2,False,True,-0.17470562276667806,BE0.10
research,T010,0.1,PAPER:ZKCUSDT:1790749499999:SHORT,ZKCUSDT,Research_Discovery,True,1,3,True,True,1.3164755031558943,FULL_CLOSE_050
research,T010,0.1,PAPER:ONEUSDT:1790787899999:SHORT,ONEUSDT,Research_Validation,True,0,0,False,True,1.9413494865586918,FULL_CLOSE_050
research,T010,0.1,PAPER:4USDT:1790755499999:SHORT,4USDT,Research_Discovery,False,0,0,False,True,-0.2065659685021447,BE0.10
research,T010,0.1,PAPER:FARTCOINUSDT:1790788799999:SHORT,FARTCOINUSDT,Research_Validation,False,3,3,False,True,-0.11403994328924544,BE0.10
research,T010,0.1,PAPER:ARKMUSDT:1790775599999:SHORT,ARKMUSDT,Research_Discovery,False,1,1,False,True,-2.789187797147939,HIST_TIME_FALLBACK
research,T010,0.1,PAPER:RPLUSDT:1790752499999:SHORT,RPLUSDT,Research_Discovery,False,2,2,False,False,,
research,T010,0.1,PAPER:B2USDT:1790799899999:SHORT,B2USDT,Research_Validation,True,2,2,False,False,,
research,T010,0.1,PAPER:AEROUSDT:1790777999999:SHORT,AEROUSDT,Research_Discovery,True,2,2,False,True,-0.02170879025565997,BE0.10
research,T010,0.1,PAPER:PONSUSDT:1790810999999:SHORT,PONSUSDT,Research_Reserve,False,3,3,False,False,,
research,T010,0.1,PAPER:VVVUSDT:1790683799999:SHORT,VVVUSDT,Research_Discovery,True,1,3,True,True,2.4563094729269066,FULL_CLOSE_050
research,T010,0.1,PAPER:ONEUSDT:1790781899999:SHORT,ONEUSDT,Research_Discovery,False,1,1,False,True,-0.5185421932802584,BE0.10
research,T010,0.1,PAPER:EVAAUSDT:1790674499999:SHORT,EVAAUSDT,Research_Discovery,True,3,3,False,True,3.374755742151028,FULL_CLOSE_050
research,T010,0.1,PAPER:ONDOUSDT:1790777999999:SHORT,ONDOUSDT,Research_Discovery,True,2,2,False,True,1.639850746268645,FULL_CLOSE_050
research,T010,0.1,PAPER:CRVUSDT:1790775599999:SHORT,CRVUSDT,Research_Discovery,False,1,1,False,True,-2.749895395103578,HIST_TIME_FALLBACK
research,T010,0.1,PAPER:SIRENUSDT:1790774399999:SHORT,SIRENUSDT,Research_Discovery,False,0,0,False,True,-2.920958502724164,HIST_TIME_FALLBACK
research,T010,0.1,PAPER:AZTECUSDT:1790777399999:SHORT,AZTECUSDT,Research_Discovery,True,0,0,False,True,2.2736548627056496,FULL_CLOSE_050
research,T010,0.1,PAPER:AIOTUSDT:1790750999999:SHORT,AIOTUSDT,Research_Discovery,True,0,0,False,True,-0.04588274774352036,BE0.10
research,T010,0.1,PAPER:SPORTFUNUSDT:1790755499999:SHORT,SPORTFUNUSDT,Research_Discovery,False,2,2,False,True,-0.10462383861902647,BE0.10
research,T010,0.1,PAPER:SLXUSDT:1790789999999:SHORT,SLXUSDT,Research_Validation,True,3,3,False,True,2.657414630748092,FULL_CLOSE_050
research,T010,0.1,PAPER:FLOCKUSDT:1790769899999:SHORT,FLOCKUSDT,Research_Discovery,False,1,2,True,False,,NO_EXECUTABLE_ENTRY
research,T010,0.1,PAPER:HBARUSDT:1790805899999:SHORT,HBARUSDT,Research_Reserve,False,1,1,False,True,-1.617560065674552,HIST_TIME_FALLBACK
research,T010,0.1,PAPER:NOMUSDT:1790781899999:SHORT,NOMUSDT,Research_Discovery,False,0,0,False,True,1.5228039020731798,FULL_CLOSE_050
research,T010,0.1,PAPER:4USDT:1790809799999:SHORT,4USDT,Research_Reserve,False,1,1,False,True,-3.8313668454327505,HIST_TIME_FALLBACK
research,T010,0.1,PAPER:ZAMAUSDT:1790781599999:SHORT,ZAMAUSDT,Research_Discovery,False,1,1,False,True,-2.3798478571476576,HIST_TIME_FALLBACK
research,T010,0.1,PAPER:HBARUSDT:1790813399999:SHORT,HBARUSDT,Research_Reserve,False,1,1,False,True,-0.08330977817649882,BE0.10
research,T010,0.1,PAPER:XVSUSDT:1790818499999:SHORT,XVSUSDT,Research_Reserve,False,3,3,False,True,-1.7739561214492259,HIST_TIME_FALLBACK
research,T010,0.1,PAPER:REDUSDT:1790793899999:SHORT,REDUSDT,Research_Validation,False,2,2,False,True,-0.9501900380075392,HIST_TIME_FALLBACK
research,T010,0.1,PAPER:QNTUSDT:1790774399999:SHORT,QNTUSDT,Research_Discovery,False,2,2,False,False,,
research,T010,0.1,PAPER:AUCTIONUSDT:1790660099999:SHORT,AUCTIONUSDT,Research_Discovery,False,2,2,False,True,-5.498367700797842,HIST_TIME_FALLBACK
research,T010,0.1,PAPER:HANAUSDT:1790816699999:SHORT,HANAUSDT,Research_Reserve,False,0,0,False,True,-0.1466985612210322,BE0.10
research,T010,0.1,PAPER:KASUSDT:1790775599999:SHORT,KASUSDT,Research_Discovery,False,0,0,False,True,1.3678242710362163,FULL_CLOSE_050
research,T010,0.1,PAPER:MMTUSDT:1790765399999:SHORT,MMTUSDT,Research_Discovery,True,3,3,False,True,1.1742670019414785,FULL_CLOSE_050
research,T010,0.1,PAPER:CHIPUSDT:1790777999999:SHORT,CHIPUSDT,Research_Discovery,True,2,2,False,True,-0.17444810082224432,BE0.10
research,T010,0.1,PAPER:RAYSOLUSDT:1790792099999:SHORT,RAYSOLUSDT,Research_Validation,True,2,2,False,True,7.695495368728812,RUNNER_CLOSE
research,T010,0.1,PAPER:SKYAIUSDT:1790796299999:SHORT,SKYAIUSDT,Research_Validation,False,1,1,False,True,-1.4389136797336677,HIST_TIME_FALLBACK
research,T010,0.1,PAPER:INJUSDT:1790775599999:SHORT,INJUSDT,Research_Discovery,False,0,0,False,True,-3.29904801512659,HIST_TIME_FALLBACK
research,T010,0.1,PAPER:INITUSDT:1790754299999:SHORT,INITUSDT,Research_Discovery,True,0,0,False,True,2.9325237580653862,FULL_CLOSE_050
research,T010,0.1,PAPER:NOMUSDT:1790824799999:SHORT,NOMUSDT,Research_Reserve,False,0,0,False,True,-1.1618497378122843,HIST_TIME_FALLBACK
research,T010,0.1,PAPER:ONDOUSDT:1790793599999:SHORT,ONDOUSDT,Research_Validation,False,0,0,False,True,-1.2618806918294359,HIST_TIME_FALLBACK
research,T010,0.1,PAPER:DUSKUSDT:1790660099999:SHORT,DUSKUSDT,Research_Discovery,False,2,2,False,True,-4.68674003706758,HIST_TIME_FALLBACK
research,T010,0.1,PAPER:LITUSDT:1790772299999:SHORT,LITUSDT,Research_Discovery,False,2,2,False,False,,
research,T010,0.1,PAPER:FOLKSUSDT:1790780399999:SHORT,FOLKSUSDT,Research_Discovery,False,2,2,False,True,-0.14958997397233398,BE0.10
research,T010,0.1,PAPER:OPUSDT:1790778299999:SHORT,OPUSDT,Research_Discovery,False,1,1,False,True,-3.37474888881066,HIST_TIME_FALLBACK
research,T010,0.1,PAPER:CKBUSDT:1790752199999:SHORT,CKBUSDT,Research_Discovery,False,1,2,True,True,-0.5194361390466218,BE0.10
research,T010,0.1,PAPER:MEGAUSDT:1790770799999:SHORT,MEGAUSDT,Research_Discovery,False,1,2,True,True,-5.197351678678889,HIST_TIME_FALLBACK
research,T010,0.1,PAPER:COTIUSDT:1790820299999:SHORT,COTIUSDT,Research_Reserve,False,3,3,False,True,1.284351553294667,FULL_CLOSE_050
research,T010,0.1,PAPER:MTLUSDT:1790819099999:SHORT,MTLUSDT,Research_Reserve,True,2,2,False,True,1.0478073431695234,FULL_CLOSE_050
research,T010,0.1,PAPER:THEUSDT:1790805599999:SHORT,THEUSDT,Research_Reserve,False,2,3,True,True,-0.01628110136948402,BE0.10
research,T010,0.1,PAPER:FUSDT:1790821499999:SHORT,FUSDT,Research_Reserve,False,2,2,False,True,-3.643741046425173,HIST_TIME_FALLBACK
research,T010,0.1,PAPER:GRASSUSDT:1790801699999:SHORT,GRASSUSDT,Research_Reserve,True,0,0,False,True,2.971902280920612,FULL_CLOSE_050
research,T010,0.1,PAPER:HANAUSDT:1790760299999:SHORT,HANAUSDT,Research_Discovery,False,1,1,False,False,,
research,T010,0.1,PAPER:PTBUSDT:1790790899999:SHORT,PTBUSDT,Research_Validation,False,1,3,True,True,-1.165931958075711,HIST_TIME_FALLBACK
research,T010,0.1,PAPER:AEROUSDT:1790670899999:SHORT,AEROUSDT,Research_Discovery,False,1,3,True,True,-1.8435425484858468,HIST_TIME_FALLBACK
research,T010,0.1,PAPER:MARSCOINUSDT:1790747699999:SHORT,MARSCOINUSDT,Research_Discovery,False,1,2,True,True,-0.09579120200352242,BE0.10
research,T010,0.1,PAPER:COMPUSDT:1790763599999:SHORT,COMPUSDT,Research_Discovery,False,3,3,False,True,-3.345286641060264,HIST_TIME_FALLBACK
research,T010,0.1,PAPER:ALCHUSDT:1790781299999:SHORT,ALCHUSDT,Research_Discovery,False,1,1,False,True,3.1860000410920306,FULL_CLOSE_050
research,T010,0.1,PAPER:APRUSDT:1790784599999:SHORT,APRUSDT,Research_Discovery,False,1,1,False,False,,
research,T010,0.1,PAPER:HANAUSDT:1790762399999:SHORT,HANAUSDT,Research_Discovery,False,0,0,False,True,-2.976810240590549,HIST_TIME_FALLBACK
research,T010,0.1,PAPER:HBARUSDT:1790685299999:SHORT,HBARUSDT,Research_Discovery,True,1,1,False,True,-1.9059836659225111,HIST_TIME_FALLBACK
research,T010,0.1,PAPER:龙虾USDT:1790779799999:SHORT,龙虾USDT,Research_Discovery,True,1,1,False,True,1.6918656304305664,FULL_CLOSE_050
research,T010,0.1,PAPER:我踏马来了USDT:1790795699999:SHORT,我踏马来了USDT,Research_Validation,False,0,0,False,True,2.2897788295524304,HIST_TIME_FALLBACK
research,T010,0.1,PAPER:MOVRUSDT:1790746799999:SHORT,MOVRUSDT,Research_Discovery,True,2,2,False,False,,
research,T010,0.1,PAPER:OUSDT:1790823299999:SHORT,OUSDT,Research_Reserve,False,1,3,True,True,-3.43649065077915,HIST_TIME_FALLBACK
research,T010,0.1,PAPER:USUSDT:1790819699999:SHORT,USUSDT,Research_Reserve,True,2,2,False,True,2.9693928998101957,FULL_CLOSE_050
research,T010,0.1,PAPER:TNSRUSDT:1790750999999:SHORT,TNSRUSDT,Research_Discovery,False,1,1,False,True,-2.108035504556577,HIST_TIME_FALLBACK
research,T010,0.1,PAPER:INUSDT:1790670899999:SHORT,INUSDT,Research_Discovery,False,1,1,False,True,-1.7418218620001003,HIST_TIME_FALLBACK
research,T010,0.1,PAPER:PHAUSDT:1790813399999:SHORT,PHAUSDT,Research_Reserve,True,0,0,False,True,3.2716066860705864,FULL_CLOSE_050
research,T010,0.1,PAPER:VELVETUSDT:1790660099999:SHORT,VELVETUSDT,Research_Discovery,False,2,2,False,True,-7.086512947091679,HIST_TIME_FALLBACK
research,T010,0.1,PAPER:PHAROSUSDT:1790666399999:SHORT,PHAROSUSDT,Research_Discovery,False,2,3,True,True,-0.1327424295726723,BE0.10
research,T010,0.1,PAPER:TOWNSUSDT:1790790899999:SHORT,TOWNSUSDT,Research_Validation,False,0,0,False,True,3.2979728194579354,FULL_CLOSE_050
research,T010,0.1,PAPER:ZESTUSDT:1790768699999:SHORT,ZESTUSDT,Research_Discovery,True,0,0,False,True,2.503404021558807,FULL_CLOSE_050
research,T010,0.1,PAPER:AUSDT:1790775299999:SHORT,AUSDT,Research_Discovery,False,1,1,False,True,-0.18595310665184778,BE0.10
research,T010,0.1,PAPER:EIGENUSDT:1790789999999:SHORT,EIGENUSDT,Research_Validation,False,2,2,False,True,-0.13525281368846265,BE0.10
research,T010,0.1,PAPER:WLFIUSDT:1790804999999:SHORT,WLFIUSDT,Research_Reserve,False,2,3,True,True,-0.03321771700005899,BE0.10
research,T010,0.1,PAPER:COTIUSDT:1790769899999:SHORT,COTIUSDT,Research_Discovery,False,1,1,False,True,-0.04129273426175767,BE0.10
research,T010,0.1,PAPER:龙虾USDT:1790676899999:SHORT,龙虾USDT,Research_Discovery,True,0,0,False,True,1.4983779303207718,FULL_CLOSE_050
research,T010,0.1,PAPER:ALICEUSDT:1790748899999:SHORT,ALICEUSDT,Research_Discovery,True,1,2,True,True,0.8623936314118819,FULL_CLOSE_050
research,T010,0.1,PAPER:MEGAUSDT:1790779799999:SHORT,MEGAUSDT,Research_Discovery,True,1,3,True,True,1.1629322463929945,FULL_CLOSE_050
research,T010,0.1,PAPER:DRIFTUSDT:1790802899999:SHORT,DRIFTUSDT,Research_Reserve,False,1,1,False,True,-2.002924401915092,HIST_TIME_FALLBACK
research,T010,0.1,PAPER:哈基米USDT:1790798699999:SHORT,哈基米USDT,Research_Validation,False,1,1,False,True,1.1456159106217818,FULL_CLOSE_050
research,T010,0.1,PAPER:ERAUSDT:1790777999999:SHORT,ERAUSDT,Research_Discovery,True,2,2,False,True,1.0063576079617556,FULL_CLOSE_050
research,T010,0.1,PAPER:INXUSDT:1790741399999:SHORT,INXUSDT,Research_Discovery,False,2,2,False,False,,
research,T010,0.1,PAPER:METISUSDT:1790667299999:SHORT,METISUSDT,Research_Discovery,False,2,2,False,True,-0.6558206231073102,HIST_TIME_FALLBACK
research,T010,0.1,PAPER:SAGAUSDT:1790780699999:SHORT,SAGAUSDT,Research_Discovery,False,2,2,False,True,-0.011728864333088507,BE0.10
research,T010,0.1,PAPER:HAEDALUSDT:1790666399999:SHORT,HAEDALUSDT,Research_Discovery,False,2,3,True,True,-1.952342570616124,HIST_TIME_FALLBACK
research,T010,0.1,PAPER:SHELLUSDT:1790673899999:SHORT,SHELLUSDT,Research_Discovery,False,2,2,False,True,-3.1291876994314487,HIST_TIME_FALLBACK
research,T010,0.1,PAPER:SAGAUSDT:1790801099999:SHORT,SAGAUSDT,Research_Validation,True,2,2,False,True,1.6178752621084787,FULL_CLOSE_050
research,T010,0.1,PAPER:INJUSDT:1790777999999:SHORT,INJUSDT,Research_Discovery,True,2,2,False,True,2.366670585638417,FULL_CLOSE_050
research,T010,0.1,PAPER:AGTUSDT:1790684699999:SHORT,AGTUSDT,Research_Discovery,False,2,2,False,True,3.5729105117802886,FULL_CLOSE_050
research,T010,0.1,PAPER:GPSUSDT:1790792699999:SHORT,GPSUSDT,Research_Validation,True,0,0,False,True,-2.2311615223244305,HIST_TIME_FALLBACK
research,T010,0.1,PAPER:COMPUSDT:1790742899999:SHORT,COMPUSDT,Research_Discovery,False,2,2,False,True,-0.17078141202388475,BE0.10
research,T010,0.1,PAPER:CCUSDT:1790757299999:SHORT,CCUSDT,Research_Discovery,False,1,1,False,True,-2.169123130632578,HIST_TIME_FALLBACK
research,T010,0.1,PAPER:FLOWUSDT:1790780999999:SHORT,FLOWUSDT,Research_Discovery,False,2,2,False,False,,
research,T010,0.1,PAPER:BABYUSDT:1790672099999:SHORT,BABYUSDT,Research_Discovery,False,2,2,False,True,-0.5729668352660259,BE0.10
research,T010,0.1,PAPER:龙虾USDT:1790784599999:SHORT,龙虾USDT,Research_Discovery,True,0,0,False,True,-0.06369324337118304,BE0.10
research,T010,0.1,PAPER:ETCUSDT:1790789699999:SHORT,ETCUSDT,Research_Validation,False,0,0,False,True,0.7346810156377386,FULL_CLOSE_050
research,T010,0.1,PAPER:NOMUSDT:1790669399999:SHORT,NOMUSDT,Research_Discovery,False,1,3,True,True,-4.11993064711332,HIST_TIME_FALLBACK
research,T010,0.1,PAPER:ARUSDT:1790748599999:SHORT,ARUSDT,Research_Discovery,True,0,0,False,True,0.9307876605852432,FULL_CLOSE_050
research,T010,0.1,PAPER:FLOWUSDT:1790793599999:SHORT,FLOWUSDT,Research_Validation,False,1,3,True,False,,NO_EXECUTABLE_ENTRY
research,T010,0.1,PAPER:KAITOUSDT:1790766599999:SHORT,KAITOUSDT,Research_Discovery,False,1,2,True,True,1.1037527112691548,FULL_CLOSE_050
research,T010,0.1,PAPER:NILUSDT:1790759999999:SHORT,NILUSDT,Research_Discovery,False,0,0,False,True,-1.9230696802444132,HIST_TIME_FALLBACK
research,T010,0.1,PAPER:0GUSDT:1790778899999:SHORT,0GUSDT,Research_Discovery,False,3,3,False,True,-0.15360316652766193,BE0.10
research,T010,0.1,PAPER:SPACEUSDT:1790750099999:SHORT,SPACEUSDT,Research_Discovery,False,3,3,False,True,-0.08364325779182069,BE0.10
research,T010,0.1,PAPER:LSKUSDT:1790755499999:SHORT,LSKUSDT,Research_Discovery,False,2,2,False,True,-1.1880736992613221,HIST_TIME_FALLBACK
research,T010,0.1,PAPER:HOMEUSDT:1790789699999:SHORT,HOMEUSDT,Research_Validation,False,2,2,False,True,-3.0258874589647404,HIST_TIME_FALLBACK
research,T010,0.1,PAPER:MUSDT:1790676299999:SHORT,MUSDT,Research_Discovery,True,3,3,False,True,1.6718481849957416,FULL_CLOSE_050
research,T010,0.1,PAPER:NILUSDT:1790671499999:SHORT,NILUSDT,Research_Discovery,False,2,2,False,True,-1.68723326260338,HIST_TIME_FALLBACK
research,T010,0.1,PAPER:AVAAIUSDT:1790752199999:SHORT,AVAAIUSDT,Research_Discovery,False,2,2,False,False,,
research,T010,0.1,PAPER:NILUSDT:1790799599999:SHORT,NILUSDT,Research_Validation,False,1,1,False,True,-1.2448193435038157,HIST_TIME_FALLBACK
research,T010,0.1,PAPER:2ZUSDT:1790787899999:SHORT,2ZUSDT,Research_Discovery,False,2,2,False,True,-2.789951842238101,HIST_TIME_FALLBACK
research,T010,0.1,PAPER:EPICUSDT:1790766899999:SHORT,EPICUSDT,Research_Discovery,False,1,1,False,True,-0.8582063573685147,HIST_TIME_FALLBACK
research,T010,0.1,PAPER:1000000MOGUSDT:1790766599999:SHORT,1000000MOGUSDT,Research_Discovery,False,1,2,True,True,-0.10031704982756012,BE0.10
research,T010,0.1,PAPER:XPINUSDT:1790796299999:SHORT,XPINUSDT,Research_Validation,False,1,1,False,True,-0.35497578112532235,BE0.10
research,T010,0.1,PAPER:MMTUSDT:1790793299999:SHORT,MMTUSDT,Research_Validation,False,0,0,False,True,-1.216311882791259,HIST_TIME_FALLBACK
research,T010,0.1,PAPER:CLOUSDT:1790801099999:SHORT,CLOUSDT,Research_Validation,True,0,0,False,True,0.8062141375643592,FULL_CLOSE_050
research,T010,0.1,PAPER:THETAUSDT:1790775599999:SHORT,THETAUSDT,Research_Discovery,False,1,1,False,False,,
research,T010,0.1,PAPER:SKRUSDT:1790777699999:SHORT,SKRUSDT,Research_Discovery,True,3,3,False,True,1.5995230327209335,FULL_CLOSE_050
research,T010,0.1,PAPER:MUBARAKUSDT:1790672399999:SHORT,MUBARAKUSDT,Research_Discovery,True,0,0,False,True,0.828626660560662,FULL_CLOSE_050
research,T010,0.1,PAPER:OUSDT:1790770799999:SHORT,OUSDT,Research_Discovery,False,0,0,False,True,-0.5852728227439044,HIST_TIME_FALLBACK
research,T010,0.1,PAPER:CHIPUSDT:1790749499999:SHORT,CHIPUSDT,Research_Discovery,False,0,0,False,True,-0.25942390640049334,BE0.10
research,T010,0.1,PAPER:UBUSDT:1790778299999:SHORT,UBUSDT,Research_Discovery,True,2,3,True,True,0.9819998325553865,FULL_CLOSE_050
research,T010,0.1,PAPER:EPICUSDT:1790798999999:SHORT,EPICUSDT,Research_Validation,False,1,1,False,True,-3.1102705953947467,HIST_TIME_FALLBACK
research,T010,0.1,PAPER:TRBUSDT:1790757299999:SHORT,TRBUSDT,Research_Discovery,False,0,0,False,True,-0.28308588543956853,BE0.10
research,T010,0.1,PAPER:RIVERUSDT:1790786999999:SHORT,RIVERUSDT,Research_Discovery,True,2,2,False,True,1.0846684580818091,FULL_CLOSE_050
research,T010,0.1,PAPER:LIGHTUSDT:1790795699999:SHORT,LIGHTUSDT,Research_Validation,False,3,3,False,True,-2.0401741208339974,HIST_TIME_FALLBACK
research,T010,0.1,PAPER:ZKUSDT:1790778299999:SHORT,ZKUSDT,Research_Discovery,False,2,2,False,False,,
research,T010,0.1,PAPER:WLDUSDT:1790757299999:SHORT,WLDUSDT,Research_Discovery,False,0,0,False,True,-3.5762907121375966,HIST_TIME_FALLBACK
research,T010,0.1,PAPER:XLMUSDT:1790777999999:SHORT,XLMUSDT,Research_Discovery,True,0,0,False,True,2.570280006771414,FULL_CLOSE_050
research,T010,0.1,PAPER:MARSCOINUSDT:1790674499999:SHORT,MARSCOINUSDT,Research_Discovery,True,1,1,False,True,-0.39616801778327787,BE0.10
research,T010,0.1,PAPER:COAIUSDT:1790821499999:SHORT,COAIUSDT,Research_Reserve,False,2,2,False,True,-3.6020374143385245,HIST_TIME_FALLBACK
research,T010,0.1,PAPER:FLOCKUSDT:1790778599999:SHORT,FLOCKUSDT,Research_Discovery,True,2,2,False,True,2.5147321701945122,FULL_CLOSE_050
research,T010,0.1,PAPER:FFUSDT:1790764499999:SHORT,FFUSDT,Research_Discovery,False,1,2,True,True,-0.04669561982709142,BE0.10
research,T010,0.1,PAPER:PLAYUSDT:1790766599999:SHORT,PLAYUSDT,Research_Discovery,False,1,2,True,True,-0.1748257411705499,BE0.10
research,T010,0.1,PAPER:OPNUSDT:1790668799999:SHORT,OPNUSDT,Research_Discovery,False,1,1,False,True,-0.18449185056895184,BE0.10
research,T010,0.1,PAPER:GMTUSDT:1790660099999:SHORT,GMTUSDT,Research_Discovery,False,2,2,False,True,-7.686582367855947,HIST_TIME_FALLBACK
research,T010,0.1,PAPER:SLXUSDT:1790793299999:SHORT,SLXUSDT,Research_Validation,True,1,1,False,True,1.1806146347148097,FULL_CLOSE_050
research,T010,0.1,PAPER:MARSCOINUSDT:1790770199999:SHORT,MARSCOINUSDT,Research_Discovery,False,2,2,False,True,-0.40651993080531473,BE0.10
research,T010,0.1,PAPER:NILUSDT:1790793599999:SHORT,NILUSDT,Research_Validation,True,1,1,False,False,,
research,T010,0.1,PAPER:AVAUSDT:1790788499999:SHORT,AVAUSDT,Research_Validation,True,1,1,False,True,2.064112591687342,FULL_CLOSE_050
research,T010,0.1,PAPER:ACTUSDT:1790793599999:SHORT,ACTUSDT,Research_Validation,True,0,0,False,True,2.6534271677634664,FULL_CLOSE_050
research,T010,0.1,PAPER:BRUSDT:1790801399999:SHORT,BRUSDT,Research_Validation,False,1,2,True,True,-5.349748679337901,HIST_TIME_FALLBACK
research,T010,0.1,PAPER:SENTUSDT:1790789699999:SHORT,SENTUSDT,Research_Validation,False,0,0,False,True,-0.03086002875506,BE0.10
research,T010,0.1,PAPER:USUALUSDT:1790797499999:SHORT,USUALUSDT,Research_Validation,False,1,2,True,True,0.8367807430294817,FULL_CLOSE_050
research,T010,0.1,PAPER:TRBUSDT:1790813399999:SHORT,TRBUSDT,Research_Reserve,False,1,1,False,True,1.3288592792362746,FULL_CLOSE_050
research,T010,0.1,PAPER:龙虾USDT:1790774099999:SHORT,龙虾USDT,Research_Discovery,False,2,2,False,True,-4.676556216950601,HIST_TIME_FALLBACK
research,T010,0.1,PAPER:MITOUSDT:1790744399999:SHORT,MITOUSDT,Research_Discovery,False,0,0,False,True,-4.938836970581371,HIST_TIME_FALLBACK
research,T010,0.1,PAPER:RAREUSDT:1790770499999:SHORT,RAREUSDT,Research_Discovery,True,0,0,False,True,-0.6716284408801546,HIST_TIME_FALLBACK
research,T010,0.1,PAPER:APRUSDT:1790812499999:SHORT,APRUSDT,Research_Reserve,False,0,0,False,True,-0.24065752200751456,BE0.10
research,T010,0.1,PAPER:KGENUSDT:1790664599999:SHORT,KGENUSDT,Research_Discovery,False,2,2,False,False,,
research,T010,0.1,PAPER:CCUSDT:1790781599999:SHORT,CCUSDT,Research_Discovery,True,0,0,False,True,3.6988669711524746,FULL_CLOSE_050
research,T010,0.1,PAPER:ZESTUSDT:1790782499999:SHORT,ZESTUSDT,Research_Discovery,False,0,0,False,True,-3.3740976303217503,HIST_TIME_FALLBACK
research,T010,0.1,PAPER:GRAMUSDT:1790660099999:SHORT,GRAMUSDT,Research_Discovery,False,0,0,False,True,-0.30009238860757104,BE0.10
research,T010,0.1,PAPER:BROCCOLI714USDT:1790750999999:SHORT,BROCCOLI714USDT,Research_Discovery,False,2,2,False,True,-3.8325807675930474,HIST_TIME_FALLBACK
research,T010,0.1,PAPER:POWERUSDT:1790765099999:SHORT,POWERUSDT,Research_Discovery,False,2,2,False,True,-2.340058957482309,HIST_TIME_FALLBACK
research,T010,0.1,PAPER:EDGEUSDT:1790777999999:SHORT,EDGEUSDT,Research_Discovery,True,2,2,False,True,1.1803292463483968,FULL_CLOSE_050
research,T010,0.1,PAPER:BNTUSDT:1790778599999:SHORT,BNTUSDT,Research_Discovery,False,3,3,False,True,1.0828974759268606,FULL_CLOSE_050
research,T010,0.1,PAPER:STOUSDT:1790803499999:SHORT,STOUSDT,Research_Reserve,False,0,0,False,True,-0.3517022450400825,BE0.10
research,T010,0.1,PAPER:LINEAUSDT:1790778599999:SHORT,LINEAUSDT,Research_Discovery,False,1,1,False,True,1.1076730248413855,FULL_CLOSE_050
research,T010,0.1,PAPER:OUSDT:1790770199999:SHORT,OUSDT,Research_Discovery,False,1,1,False,True,-2.4848660038590373,HIST_TIME_FALLBACK
research,T010,0.1,PAPER:LITUSDT:1790787599999:SHORT,LITUSDT,Research_Discovery,False,0,0,False,True,-0.1727436005737612,BE0.10
research,T010,0.1,PAPER:RAREUSDT:1790670899999:SHORT,RAREUSDT,Research_Discovery,False,1,1,False,True,-0.07861396713475921,BE0.10
research,T010,0.1,PAPER:NILUSDT:1790678399999:SHORT,NILUSDT,Research_Discovery,False,1,1,False,False,,
research,T010,0.1,PAPER:ACTUSDT:1790660099999:SHORT,ACTUSDT,Research_Discovery,False,2,3,True,True,-4.812873699346963,HIST_TIME_FALLBACK
research,T010,0.1,PAPER:POWERUSDT:1790814599999:SHORT,POWERUSDT,Research_Reserve,False,0,0,False,True,-0.45670864302247915,BE0.10
research,T010,0.1,PAPER:BSBUSDT:1790770199999:SHORT,BSBUSDT,Research_Discovery,False,2,2,False,True,-0.07121692117171291,BE0.10
research,T010,0.1,PAPER:TRIAUSDT:1790778299999:SHORT,TRIAUSDT,Research_Discovery,False,3,3,False,False,,
research,T010,0.1,PAPER:BERAUSDT:1790818799999:SHORT,BERAUSDT,Research_Reserve,False,2,3,True,False,,NO_EXECUTABLE_ENTRY
research,T010,0.1,PAPER:JUPUSDT:1790747699999:SHORT,JUPUSDT,Research_Discovery,True,2,2,False,True,2.5706752130242827,FULL_CLOSE_050
research,T010,0.1,PAPER:LAUSDT:1790749499999:SHORT,LAUSDT,Research_Discovery,False,3,3,False,True,1.43527624363298,FULL_CLOSE_050
research,T010,0.1,PAPER:APEUSDT:1790660099999:SHORT,APEUSDT,Research_Discovery,False,2,2,False,True,-0.25106267761925444,BE0.10
research,T010,0.1,PAPER:JOEUSDT:1790777699999:SHORT,JOEUSDT,Research_Discovery,True,2,2,False,True,1.0062007516146165,FULL_CLOSE_050
research,T010,0.1,PAPER:RAVEUSDT:1790789699999:SHORT,RAVEUSDT,Research_Validation,False,0,0,False,True,1.2209794609524334,FULL_CLOSE_050
research,T010,0.1,PAPER:NOMUSDT:1790790599999:SHORT,NOMUSDT,Research_Validation,False,1,1,False,False,,
research,T010,0.1,PAPER:FETUSDT:1790805899999:SHORT,FETUSDT,Research_Reserve,False,2,2,False,True,-0.950190038007563,HIST_TIME_FALLBACK
research,T010,0.1,PAPER:GTCUSDT:1790818199999:SHORT,GTCUSDT,Research_Reserve,False,1,1,False,True,-4.386141578380004,HIST_TIME_FALLBACK
research,T010,0.1,PAPER:RAREUSDT:1790753699999:SHORT,RAREUSDT,Research_Discovery,False,2,2,False,False,,
research,T010,0.1,PAPER:METUSDT:1790795699999:SHORT,METUSDT,Research_Validation,True,0,0,False,True,1.3882178880497411,FULL_CLOSE_050
research,T010,0.1,PAPER:EVAAUSDT:1790675099999:SHORT,EVAAUSDT,Research_Discovery,False,1,1,False,True,-1.8533478008186528,HIST_TIME_FALLBACK
research,T010,0.1,PAPER:AZTECUSDT:1790821199999:SHORT,AZTECUSDT,Research_Reserve,False,1,1,False,True,-0.07505858689219491,BE0.10
research,T010,0.1,PAPER:KMNOUSDT:1790798699999:SHORT,KMNOUSDT,Research_Validation,False,0,0,False,True,1.3582037366661506,FULL_CLOSE_050
research,T010,0.1,PAPER:EDGEUSDT:1790757299999:SHORT,EDGEUSDT,Research_Discovery,False,1,2,True,True,-1.6292649082142119,HIST_TIME_FALLBACK
research,T010,0.1,PAPER:MAGMAUSDT:1790798099999:SHORT,MAGMAUSDT,Research_Validation,False,1,2,True,True,-0.5027073524816215,BE0.10
research,T010,0.1,PAPER:MUSDT:1790750699999:SHORT,MUSDT,Research_Discovery,False,1,1,False,True,-0.011858486042035543,BE0.10
research,T010,0.1,PAPER:TIAUSDT:1790805899999:SHORT,TIAUSDT,Research_Reserve,False,0,0,False,True,-1.643027671278168,HIST_TIME_FALLBACK
research,T010,0.1,PAPER:LDOUSDT:1790789699999:SHORT,LDOUSDT,Research_Validation,False,0,0,False,True,-0.08282995130533888,BE0.10
research,T010,0.1,PAPER:BIOUSDT:1790749799999:SHORT,BIOUSDT,Research_Discovery,False,1,3,True,True,1.3310771040927127,FULL_CLOSE_050
research,T010,0.1,PAPER:PROMUSDT:1790772599999:SHORT,PROMUSDT,Research_Discovery,False,0,0,False,True,-0.08455144495331979,BE0.10
research,T010,0.1,PAPER:WUSDT:1790778599999:SHORT,WUSDT,Research_Discovery,False,3,3,False,True,-0.002992055041342534,BE0.10
research,T010,0.1,PAPER:PIXELUSDT:1790802599999:SHORT,PIXELUSDT,Research_Reserve,False,0,0,False,True,-0.25057411901662313,BE0.10
research,T010,0.1,PAPER:LTCUSDT:1790793899999:SHORT,LTCUSDT,Research_Validation,False,0,0,False,True,-2.547284992550075,HIST_TIME_FALLBACK
research,T010,0.1,PAPER:NIGHTUSDT:1790746799999:SHORT,NIGHTUSDT,Research_Discovery,False,3,3,False,True,-0.01482686758466284,BE0.10
research,T010,0.1,PAPER:ASTERUSDT:1790766299999:SHORT,ASTERUSDT,Research_Discovery,False,2,2,False,True,-2.4158081083876977,HIST_TIME_FALLBACK
research,T010,0.1,PAPER:POWERUSDT:1790801699999:SHORT,POWERUSDT,Research_Reserve,False,0,0,False,True,-1.301347659921344,HIST_TIME_FALLBACK
research,T010,0.1,PAPER:JTOUSDT:1790778299999:SHORT,JTOUSDT,Research_Discovery,False,2,2,False,False,,
research,T010,0.1,PAPER:EDENUSDT:1790804999999:SHORT,EDENUSDT,Research_Reserve,True,2,2,False,True,1.507764670949792,FULL_CLOSE_050
research,T010,0.1,PAPER:HANAUSDT:1790681399999:SHORT,HANAUSDT,Research_Discovery,True,1,1,False,True,1.3834938316334577,FULL_CLOSE_050
research,T010,0.1,PAPER:IOSTUSDT:1790660099999:SHORT,IOSTUSDT,Research_Discovery,False,0,0,False,True,-0.14835334915950815,BE0.10
research,T010,0.1,PAPER:JELLYJELLYUSDT:1790791499999:SHORT,JELLYJELLYUSDT,Research_Validation,False,0,0,False,True,-0.23290515169131493,BE0.10
research,T010,0.1,PAPER:ETCUSDT:1790778599999:SHORT,ETCUSDT,Research_Discovery,False,2,3,True,False,,NO_EXECUTABLE_ENTRY
research,T010,0.1,PAPER:METISUSDT:1790660099999:SHORT,METISUSDT,Research_Discovery,False,2,3,True,True,-7.263750993441857,HIST_TIME_FALLBACK
research,T010,0.1,PAPER:LUNA2USDT:1790683799999:SHORT,LUNA2USDT,Research_Discovery,True,1,2,True,True,1.3033291185542442,FULL_CLOSE_050
research,T010,0.1,PAPER:CTSIUSDT:1790660099999:SHORT,CTSIUSDT,Research_Discovery,False,1,1,False,True,-5.7892627666241365,HIST_TIME_FALLBACK
research,T010,0.1,PAPER:XVSUSDT:1790791499999:SHORT,XVSUSDT,Research_Validation,False,1,2,True,True,-0.1261979556404389,BE0.10
research,T010,0.1,PAPER:QUSDT:1790660699999:SHORT,QUSDT,Research_Discovery,False,2,2,False,True,-0.004604089388512256,BE0.10
research,T010,0.1,PAPER:AEROUSDT:1790755799999:SHORT,AEROUSDT,Research_Discovery,False,0,0,False,True,-3.4571397815308362,HIST_TIME_FALLBACK
research,T010,0.1,PAPER:FLUIDUSDT:1790777999999:SHORT,FLUIDUSDT,Research_Discovery,True,2,2,False,True,1.0819149283171636,FULL_CLOSE_050
research,T010,0.1,PAPER:TURBOUSDT:1790792099999:SHORT,TURBOUSDT,Research_Validation,True,0,0,False,True,1.573800060118589,FULL_CLOSE_050
research,T010,0.1,PAPER:FLUXUSDT:1790678399999:SHORT,FLUXUSDT,Research_Discovery,False,1,1,False,True,-4.468565822453265,HIST_TIME_FALLBACK
research,T010,0.1,PAPER:NOMUSDT:1790819699999:SHORT,NOMUSDT,Research_Reserve,False,2,2,False,False,,
research,T010,0.1,PAPER:ETHFIUSDT:1790789699999:SHORT,ETHFIUSDT,Research_Validation,False,0,0,False,True,1.3766041870434633,FULL_CLOSE_050
research,T010,0.1,PAPER:XPINUSDT:1790789699999:SHORT,XPINUSDT,Research_Validation,False,2,2,False,True,-2.1321857641894573,HIST_TIME_FALLBACK
research,T010,0.1,PAPER:LDOUSDT:1790825099999:SHORT,LDOUSDT,Research_Reserve,False,3,3,False,True,-0.033595503719588415,BE0.10
research,T010,0.1,PAPER:AGTUSDT:1790659799999:SHORT,AGTUSDT,Research_Discovery,False,3,3,False,True,-2.8693814650577143,HIST_TIME_FALLBACK
research,T010,0.1,PAPER:龙虾USDT:1790750999999:SHORT,龙虾USDT,Research_Discovery,False,1,1,False,True,-0.040804886823749,BE0.10
research,T010,0.1,PAPER:MEWUSDT:1790766899999:SHORT,MEWUSDT,Research_Discovery,False,3,3,False,False,,
research,T010,0.1,PAPER:MUBARAKUSDT:1790777999999:SHORT,MUBARAKUSDT,Research_Discovery,False,1,1,False,True,-0.03292748754650582,BE0.10
research,T010,0.1,PAPER:POWERUSDT:1790804999999:SHORT,POWERUSDT,Research_Reserve,True,2,2,False,True,3.2074112081552326,FULL_CLOSE_050
research,T010,0.1,PAPER:BRUSDT:1790781899999:SHORT,BRUSDT,Research_Discovery,False,0,0,False,True,1.1031671716827733,FULL_CLOSE_050
research,T010,0.1,PAPER:RAREUSDT:1790788499999:SHORT,RAREUSDT,Research_Validation,False,3,3,False,False,,
research,T010,0.1,PAPER:PLAYUSDT:1790820899999:SHORT,PLAYUSDT,Research_Reserve,False,2,2,False,True,-0.3217215006089877,HIST_TIME_FALLBACK
research,T010,0.1,PAPER:VTHOUSDT:1790775299999:SHORT,VTHOUSDT,Research_Discovery,True,0,0,False,True,4.351577199817728,FULL_CLOSE_050
research,T010,0.1,PAPER:AGLDUSDT:1790686199999:SHORT,AGLDUSDT,Research_Discovery,True,2,2,False,True,3.8740775116933532,FULL_CLOSE_050
research,T010,0.1,PAPER:JTOUSDT:1790781899999:SHORT,JTOUSDT,Research_Discovery,False,1,1,False,True,-0.0005121969186465125,BE0.10
research,T010,0.1,PAPER:SNXUSDT:1790660099999:SHORT,SNXUSDT,Research_Discovery,False,2,3,True,True,-5.540708662783002,HIST_TIME_FALLBACK
research,T010,0.1,PAPER:1000SATSUSDT:1790791499999:SHORT,1000SATSUSDT,Research_Validation,False,2,2,False,True,1.4449065650451085,FULL_CLOSE_050
research,T010,0.1,PAPER:HEIUSDT:1790755199999:SHORT,HEIUSDT,Research_Discovery,False,1,1,False,True,-0.6520511517431047,BE0.10
research,T010,0.1,PAPER:SPXUSDT:1790798099999:SHORT,SPXUSDT,Research_Validation,False,2,2,False,True,-3.3914531570967306,HIST_TIME_FALLBACK
research,T010,0.1,PAPER:XMRUSDT:1790778899999:SHORT,XMRUSDT,Research_Discovery,False,2,2,False,True,-0.08502821241082537,BE0.10
research,T010,0.1,PAPER:METUSDT:1790742899999:SHORT,METUSDT,Research_Discovery,False,1,1,False,True,-2.0445143135435186,HIST_TIME_FALLBACK
research,T010,0.1,PAPER:BANUSDT:1790802599999:SHORT,BANUSDT,Research_Reserve,False,0,0,False,True,-2.8745540554530713,HIST_TIME_FALLBACK
research,T010,0.1,PAPER:STRKUSDT:1790751899999:SHORT,STRKUSDT,Research_Discovery,False,2,2,False,True,0.9895539776398392,FULL_CLOSE_050
research,T010,0.1,PAPER:NMRUSDT:1790823899999:SHORT,NMRUSDT,Research_Reserve,True,2,2,False,True,0.7135974243896215,FULL_CLOSE_050
research,T010,0.1,PAPER:HANAUSDT:1790680499999:SHORT,HANAUSDT,Research_Discovery,False,1,2,True,True,-0.1847845486528612,BE0.10
research,T010,0.1,PAPER:ZAMAUSDT:1790820299999:SHORT,ZAMAUSDT,Research_Reserve,False,0,0,False,True,-2.815847474211391,HIST_TIME_FALLBACK
fresh,BASE,0.0338983050847,PAPER:PONSUSDT:1790895899999:SHORT,PONSUSDT,Fresh_2026-10-01,False,1,1,False,True,-0.056483092889133946,BE0.10
fresh,BASE,0.0338983050847,PAPER:MOVRUSDT:1791047999999:SHORT,MOVRUSDT,Fresh_2026-10-03,False,0,0,False,True,-0.0027789218008638095,BE0.10
fresh,BASE,0.0338983050847,PAPER:FFUSDT:1790893799999:SHORT,FFUSDT,Fresh_2026-10-01,False,0,0,False,True,1.4160170542665933,FULL_CLOSE_050
fresh,BASE,0.0338983050847,PAPER:YGGUSDT:1791017999999:SHORT,YGGUSDT,Fresh_2026-10-03,False,1,1,False,True,-3.322584303590572,HIST_TIME_FALLBACK
fresh,BASE,0.0338983050847,PAPER:SKYUSDT:1790903999999:SHORT,SKYUSDT,Fresh_2026-10-02,False,1,1,False,True,-7.926213650994881,HIST_TIME_FALLBACK
fresh,BASE,0.0338983050847,PAPER:PLUMEUSDT:1790832899999:SHORT,PLUMEUSDT,Fresh_2026-10-01,False,2,2,False,False,,
fresh,BASE,0.0338983050847,PAPER:牛来USDT:1790973899999:SHORT,牛来USDT,Fresh_2026-10-02,True,1,1,False,False,,
fresh,BASE,0.0338983050847,PAPER:PROMPTUSDT:1790858999999:SHORT,PROMPTUSDT,Fresh_2026-10-01,True,0,0,False,True,-0.07734750960658576,BE0.10
fresh,BASE,0.0338983050847,PAPER:HEIUSDT:1790885999999:SHORT,HEIUSDT,Fresh_2026-10-01,False,1,1,False,True,-0.05587581131982283,BE0.10
fresh,BASE,0.0338983050847,PAPER:BROCCOLI714USDT:1790935499999:SHORT,BROCCOLI714USDT,Fresh_2026-10-02,False,2,2,False,True,1.1466595775362198,FULL_CLOSE_050
fresh,BASE,0.0338983050847,PAPER:1000000BOBUSDT:1791006599999:SHORT,1000000BOBUSDT,Fresh_2026-10-03,True,0,0,False,True,1.1013476260826998,FULL_CLOSE_050
fresh,BASE,0.0338983050847,PAPER:我踏马来了USDT:1791043799999:SHORT,我踏马来了USDT,Fresh_2026-10-03,True,1,1,False,True,4.524375880297194,FULL_CLOSE_050
fresh,BASE,0.0338983050847,PAPER:NOMUSDT:1791016499999:SHORT,NOMUSDT,Fresh_2026-10-03,True,3,3,False,True,4.609380633068161,FULL_CLOSE_050
fresh,BASE,0.0338983050847,PAPER:PONSUSDT:1791051299999:SHORT,PONSUSDT,Fresh_2026-10-03,False,1,1,False,True,-0.08113588863602345,BE0.10
fresh,BASE,0.0338983050847,PAPER:KAITOUSDT:1790966099999:SHORT,KAITOUSDT,Fresh_2026-10-02,False,3,3,False,False,,
fresh,BASE,0.0338983050847,PAPER:SEIUSDT:1791000299999:SHORT,SEIUSDT,Fresh_2026-10-03,True,2,2,False,True,1.5925934869491563,FULL_CLOSE_050
fresh,BASE,0.0338983050847,PAPER:USELESSUSDT:1790839199999:SHORT,USELESSUSDT,Fresh_2026-10-01,True,1,1,False,True,1.8157660541275467,FULL_CLOSE_050
fresh,BASE,0.0338983050847,PAPER:EVAAUSDT:1790995199999:SHORT,EVAAUSDT,Fresh_2026-10-03,False,2,2,False,False,,
fresh,BASE,0.0338983050847,PAPER:TUSDT:1791030299999:SHORT,TUSDT,Fresh_2026-10-03,True,1,1,False,True,3.2725238335765527,FULL_CLOSE_050
fresh,BASE,0.0338983050847,PAPER:RAYSOLUSDT:1790838899999:SHORT,RAYSOLUSDT,Fresh_2026-10-01,True,0,0,False,True,0.6694562297284123,FULL_CLOSE_050
fresh,BASE,0.0338983050847,PAPER:WETUSDT:1790864099999:SHORT,WETUSDT,Fresh_2026-10-01,False,3,3,False,True,-0.03492228233859501,BE0.10
fresh,BASE,0.0338983050847,PAPER:BLESSUSDT:1790990699999:SHORT,BLESSUSDT,Fresh_2026-10-03,False,1,1,False,True,-1.7389410408812456,HIST_TIME_FALLBACK
fresh,BASE,0.0338983050847,PAPER:SAGAUSDT:1791054899999:SHORT,SAGAUSDT,Fresh_2026-10-03,False,3,3,False,True,-2.9605321666743194,HIST_TIME_FALLBACK
fresh,BASE,0.0338983050847,PAPER:LSKUSDT:1790979299999:SHORT,LSKUSDT,Fresh_2026-10-02,False,0,0,False,True,-2.4461502782071296,HIST_TIME_FALLBACK
fresh,BASE,0.0338983050847,PAPER:ONUSDT:1790831999999:SHORT,ONUSDT,Fresh_2026-10-01,True,2,2,False,True,2.209436950510006,FULL_CLOSE_050
fresh,BASE,0.0338983050847,PAPER:PLAYUSDT:1790901599999:SHORT,PLAYUSDT,Fresh_2026-10-02,False,3,3,False,False,,
fresh,BASE,0.0338983050847,PAPER:POLUSDT:1790850899999:SHORT,POLUSDT,Fresh_2026-10-01,False,2,2,False,True,-0.17367956892771064,BE0.10
fresh,BASE,0.0338983050847,PAPER:MARSCOINUSDT:1791014699999:SHORT,MARSCOINUSDT,Fresh_2026-10-03,False,1,1,False,True,-11.528313311504577,HIST_TIME_FALLBACK
fresh,BASE,0.0338983050847,PAPER:ETHFIUSDT:1790965199999:SHORT,ETHFIUSDT,Fresh_2026-10-02,True,1,1,False,True,1.277143231861546,FULL_CLOSE_050
fresh,BASE,0.0338983050847,PAPER:SQDUSDT:1790866499999:SHORT,SQDUSDT,Fresh_2026-10-01,False,0,0,False,True,-2.6674291118944105,HIST_TIME_FALLBACK
fresh,BASE,0.0338983050847,PAPER:ARIAUSDT:1790903099999:SHORT,ARIAUSDT,Fresh_2026-10-02,False,0,0,False,True,-0.11497003238246445,BE0.10
fresh,BASE,0.0338983050847,PAPER:COAIUSDT:1790961899999:SHORT,COAIUSDT,Fresh_2026-10-02,True,1,1,False,True,0.323133179895185,FULL_CLOSE_050
fresh,BASE,0.0338983050847,PAPER:AVAAIUSDT:1791036599999:SHORT,AVAAIUSDT,Fresh_2026-10-03,False,1,1,False,True,1.461428089844492,FULL_CLOSE_050
fresh,BASE,0.0338983050847,PAPER:1000000BOBUSDT:1790917499999:SHORT,1000000BOBUSDT,Fresh_2026-10-02,True,2,2,False,True,1.3012725858515042,FULL_CLOSE_050
fresh,BASE,0.0338983050847,PAPER:FRAXUSDT:1790966099999:SHORT,FRAXUSDT,Fresh_2026-10-02,True,2,2,False,False,,
fresh,BASE,0.0338983050847,PAPER:OPNUSDT:1790921699999:SHORT,OPNUSDT,Fresh_2026-10-02,True,2,2,False,False,,
fresh,BASE,0.0338983050847,PAPER:PTBUSDT:1791029399999:SHORT,PTBUSDT,Fresh_2026-10-03,False,2,2,False,True,1.0846684580818937,FULL_CLOSE_050
fresh,BASE,0.0338983050847,PAPER:VELODROMEUSDT:1790991299999:SHORT,VELODROMEUSDT,Fresh_2026-10-03,True,3,3,False,True,1.0578479736062822,FULL_CLOSE_050
fresh,BASE,0.0338983050847,PAPER:SKRUSDT:1790878499999:SHORT,SKRUSDT,Fresh_2026-10-01,False,0,0,False,True,1.8804171507565957,FULL_CLOSE_050
fresh,BASE,0.0338983050847,PAPER:METUSDT:1790842199999:SHORT,METUSDT,Fresh_2026-10-01,False,2,2,False,True,-0.12443089904688148,BE0.10
fresh,BASE,0.0338983050847,PAPER:BRUSDT:1790987999999:SHORT,BRUSDT,Fresh_2026-10-03,False,2,2,False,False,,
fresh,BASE,0.0338983050847,PAPER:LYNUSDT:1791013499999:SHORT,LYNUSDT,Fresh_2026-10-03,False,2,2,False,True,1.33120087747134,FULL_CLOSE_050
fresh,BASE,0.0338983050847,PAPER:GOATUSDT:1790833799999:SHORT,GOATUSDT,Fresh_2026-10-01,False,1,1,False,False,,
fresh,BASE,0.0338983050847,PAPER:ARCUSDT:1790882999999:SHORT,ARCUSDT,Fresh_2026-10-01,True,1,1,False,True,3.029277999951506,FULL_CLOSE_050
fresh,BASE,0.0338983050847,PAPER:VIRTUALUSDT:1790919599999:SHORT,VIRTUALUSDT,Fresh_2026-10-02,False,1,1,False,True,-2.1975740151768255,HIST_TIME_FALLBACK
fresh,BASE,0.0338983050847,PAPER:EIGENUSDT:1790842199999:SHORT,EIGENUSDT,Fresh_2026-10-01,False,2,2,False,True,-0.7439373845102625,BE0.10
fresh,BASE,0.0338983050847,PAPER:SHELLUSDT:1790963099999:SHORT,SHELLUSDT,Fresh_2026-10-02,False,2,2,False,True,-4.568805869607683,HIST_TIME_FALLBACK
fresh,BASE,0.0338983050847,PAPER:YGGUSDT:1790965199999:SHORT,YGGUSDT,Fresh_2026-10-02,True,1,1,False,True,1.073450936052803,FULL_CLOSE_050
fresh,BASE,0.0338983050847,PAPER:ACUUSDT:1790894999999:SHORT,ACUUSDT,Fresh_2026-10-01,False,0,0,False,True,-2.4389746343228706,HIST_TIME_FALLBACK
fresh,BASE,0.0338983050847,PAPER:METISUSDT:1790958299999:SHORT,METISUSDT,Fresh_2026-10-02,True,1,1,False,True,3.387031506988597,FULL_CLOSE_050
fresh,BASE,0.0338983050847,PAPER:SIGNUSDT:1790948999999:SHORT,SIGNUSDT,Fresh_2026-10-02,False,1,1,False,True,-3.0516485050878317,HIST_TIME_FALLBACK
fresh,BASE,0.0338983050847,PAPER:TWTUSDT:1790924999999:SHORT,TWTUSDT,Fresh_2026-10-02,True,2,2,False,True,-0.43128002760197753,BE0.10
fresh,BASE,0.0338983050847,PAPER:ATOMUSDT:1790966399999:SHORT,ATOMUSDT,Fresh_2026-10-02,False,3,3,False,False,,
fresh,BASE,0.0338983050847,PAPER:TOSHIUSDT:1790838899999:SHORT,TOSHIUSDT,Fresh_2026-10-01,True,3,3,False,True,1.0601520906590065,FULL_CLOSE_050
fresh,BASE,0.0338983050847,PAPER:2ZUSDT:1791000299999:SHORT,2ZUSDT,Fresh_2026-10-03,False,1,1,False,True,-0.16576507040827337,BE0.10
fresh,BASE,0.0338983050847,PAPER:NOMUSDT:1790873099999:SHORT,NOMUSDT,Fresh_2026-10-01,False,0,0,False,True,-2.023617893700241,HIST_TIME_FALLBACK
fresh,BASE,0.0338983050847,PAPER:DRIFTUSDT:1790890199999:SHORT,DRIFTUSDT,Fresh_2026-10-01,False,0,0,False,True,0.027018727318001257,FULL_CLOSE_050
fresh,BASE,0.0338983050847,PAPER:RECALLUSDT:1790882099999:SHORT,RECALLUSDT,Fresh_2026-10-01,False,3,3,False,True,1.2284791828832158,FULL_CLOSE_050
fresh,BASE,0.0338983050847,PAPER:BRETTUSDT:1790952899999:SHORT,BRETTUSDT,Fresh_2026-10-02,False,0,0,False,True,-4.106297093166739,HIST_TIME_FALLBACK
fresh,BASE,0.0338983050847,PAPER:MARSCOINUSDT:1790859899999:SHORT,MARSCOINUSDT,Fresh_2026-10-01,False,1,1,False,True,-0.01600223934005135,BE0.10
fresh,BASE,0.0338983050847,PAPER:ZECUSDT:1790965799999:SHORT,ZECUSDT,Fresh_2026-10-02,False,1,1,False,False,,
fresh,BASE,0.0338983050847,PAPER:APRUSDT:1790842199999:SHORT,APRUSDT,Fresh_2026-10-01,False,0,0,False,True,-0.5882412382692143,BE0.10
fresh,BASE,0.0338983050847,PAPER:SYNUSDT:1790925599999:SHORT,SYNUSDT,Fresh_2026-10-02,True,2,2,False,True,3.418030122593299,FULL_CLOSE_050
fresh,BASE,0.0338983050847,PAPER:SIRENUSDT:1790914499999:SHORT,SIRENUSDT,Fresh_2026-10-02,False,1,1,False,True,-2.4769988965112026,HIST_TIME_FALLBACK
fresh,BASE,0.0338983050847,PAPER:CVXUSDT:1790889599999:SHORT,CVXUSDT,Fresh_2026-10-01,True,3,3,False,True,1.664400223349473,FULL_CLOSE_050
fresh,BASE,0.0338983050847,PAPER:ENAUSDT:1790980799999:SHORT,ENAUSDT,Fresh_2026-10-02,False,2,2,False,True,-0.015997373989753316,BE0.10
fresh,BASE,0.0338983050847,PAPER:DIAUSDT:1790951399999:SHORT,DIAUSDT,Fresh_2026-10-02,False,1,1,False,True,0.9129930514639889,FULL_CLOSE_050
fresh,BASE,0.0338983050847,PAPER:PLUMEUSDT:1790962799999:SHORT,PLUMEUSDT,Fresh_2026-10-02,False,0,0,False,True,-1.2278246414673406,HIST_TIME_FALLBACK
fresh,BASE,0.0338983050847,PAPER:XPLUSDT:1790863499999:SHORT,XPLUSDT,Fresh_2026-10-01,False,2,2,False,True,1.163279204289324,FULL_CLOSE_050
fresh,BASE,0.0338983050847,PAPER:WLDUSDT:1790863499999:SHORT,WLDUSDT,Fresh_2026-10-01,False,3,3,False,True,-0.9501900380075836,HIST_TIME_FALLBACK
fresh,BASE,0.0338983050847,PAPER:JUPUSDT:1790945099999:SHORT,JUPUSDT,Fresh_2026-10-02,False,0,0,False,True,-8.391993530684283,HIST_TIME_FALLBACK
fresh,BASE,0.0338983050847,PAPER:MAGMAUSDT:1790893499999:SHORT,MAGMAUSDT,Fresh_2026-10-01,False,0,0,False,True,-1.1863104106670146,HIST_TIME_FALLBACK
fresh,BASE,0.0338983050847,PAPER:BRUSDT:1790893499999:SHORT,BRUSDT,Fresh_2026-10-01,False,1,1,False,False,,
fresh,BASE,0.0338983050847,PAPER:STBLUSDT:1790966699999:SHORT,STBLUSDT,Fresh_2026-10-02,False,3,3,False,False,,
fresh,BASE,0.0338983050847,PAPER:我踏马来了USDT:1790965499999:SHORT,我踏马来了USDT,Fresh_2026-10-02,False,1,1,False,True,-0.02708407146646824,BE0.10
fresh,BASE,0.0338983050847,PAPER:1000BONKUSDT:1790966099999:SHORT,1000BONKUSDT,Fresh_2026-10-02,True,3,3,False,True,8.854179201357557,RUNNER_CLOSE
fresh,BASE,0.0338983050847,PAPER:APRUSDT:1790876399999:SHORT,APRUSDT,Fresh_2026-10-01,True,0,0,False,True,3.066095221232374,FULL_CLOSE_050
fresh,BASE,0.0338983050847,PAPER:CAPUSDT:1790922599999:SHORT,CAPUSDT,Fresh_2026-10-02,False,1,1,False,True,1.0968731709810076,FULL_CLOSE_050
fresh,BASE,0.0338983050847,PAPER:BATUSDT:1790939699999:SHORT,BATUSDT,Fresh_2026-10-02,True,0,0,False,True,5.478832450733665,RUNNER_CLOSE
fresh,BASE,0.0338983050847,PAPER:CETUSUSDT:1790839199999:SHORT,CETUSUSDT,Fresh_2026-10-01,True,1,1,False,True,1.6946242806151641,FULL_CLOSE_050
fresh,BASE,0.0338983050847,PAPER:CHILLGUYUSDT:1790882699999:SHORT,CHILLGUYUSDT,Fresh_2026-10-01,False,3,3,False,True,-5.290219203747215,HIST_TIME_FALLBACK
fresh,BASE,0.0338983050847,PAPER:MOVEUSDT:1790890799999:SHORT,MOVEUSDT,Fresh_2026-10-01,True,1,1,False,True,7.661231999951747,RUNNER_CLOSE
fresh,BASE,0.0338983050847,PAPER:AVAUSDT:1791051299999:SHORT,AVAUSDT,Fresh_2026-10-03,False,1,1,False,True,-3.5937406455263243,HIST_TIME_FALLBACK
fresh,BASE,0.0338983050847,PAPER:PLUMEUSDT:1790833799999:SHORT,PLUMEUSDT,Fresh_2026-10-01,False,3,3,False,True,1.520566082614288,FULL_CLOSE_050
fresh,BASE,0.0338983050847,PAPER:FILUSDT:1790952899999:SHORT,FILUSDT,Fresh_2026-10-02,False,2,2,False,False,,
fresh,BASE,0.0338983050847,PAPER:RUNEUSDT:1790839499999:SHORT,RUNEUSDT,Fresh_2026-10-01,False,2,2,False,True,-1.4626806344120546,HIST_TIME_FALLBACK
fresh,BASE,0.0338983050847,PAPER:HUSDT:1790897399999:SHORT,HUSDT,Fresh_2026-10-01,False,0,0,False,True,-0.020550399365551364,BE0.10
fresh,BASE,0.0338983050847,PAPER:MONUSDT:1790959199999:SHORT,MONUSDT,Fresh_2026-10-02,False,2,2,False,False,,
fresh,BASE,0.0338983050847,PAPER:ORCAUSDT:1790838299999:SHORT,ORCAUSDT,Fresh_2026-10-01,True,2,2,False,True,0.8301603711376397,FULL_CLOSE_050
fresh,BASE,0.0338983050847,PAPER:RSRUSDT:1790962799999:SHORT,RSRUSDT,Fresh_2026-10-02,False,2,2,False,True,-3.3211796888684937,HIST_TIME_FALLBACK
fresh,BASE,0.0338983050847,PAPER:1000000BOBUSDT:1791055799999:SHORT,1000000BOBUSDT,Fresh_2026-10-03,False,3,3,False,True,-0.9501900380076379,BE0.10
fresh,BASE,0.0338983050847,PAPER:BSBUSDT:1790950199999:SHORT,BSBUSDT,Fresh_2026-10-02,False,1,1,False,True,-4.803848269653947,HIST_TIME_FALLBACK
fresh,BASE,0.0338983050847,PAPER:EPICUSDT:1790922899999:SHORT,EPICUSDT,Fresh_2026-10-02,True,0,0,False,True,1.3157104827227037,FULL_CLOSE_050
fresh,BASE,0.0338983050847,PAPER:SYNUSDT:1791019799999:SHORT,SYNUSDT,Fresh_2026-10-03,False,1,1,False,True,-8.058790198914433,HIST_TIME_FALLBACK
fresh,BASE,0.0338983050847,PAPER:BROCCOLI714USDT:1790873699999:SHORT,BROCCOLI714USDT,Fresh_2026-10-01,False,1,1,False,True,-0.19545925770150302,BE0.10
fresh,BASE,0.0338983050847,PAPER:HAEDALUSDT:1790853899999:SHORT,HAEDALUSDT,Fresh_2026-10-01,False,3,3,False,True,1.1087310521230167,FULL_CLOSE_050
fresh,BASE,0.0338983050847,PAPER:VELVETUSDT:1790863499999:SHORT,VELVETUSDT,Fresh_2026-10-01,False,2,2,False,True,-1.7187292243504957,HIST_TIME_FALLBACK
fresh,BASE,0.0338983050847,PAPER:ARKUSDT:1790876699999:SHORT,ARKUSDT,Fresh_2026-10-01,True,1,1,False,True,2.358030961830592,FULL_CLOSE_050
fresh,BASE,0.0338983050847,PAPER:FRAXUSDT:1790951099999:SHORT,FRAXUSDT,Fresh_2026-10-02,True,1,1,False,True,0.9622271159102581,FULL_CLOSE_050
fresh,BASE,0.0338983050847,PAPER:XANUSDT:1791008099999:SHORT,XANUSDT,Fresh_2026-10-03,False,2,2,False,True,-4.3790736386354165,HIST_TIME_FALLBACK
fresh,BASE,0.0338983050847,PAPER:PHAUSDT:1791015299999:SHORT,PHAUSDT,Fresh_2026-10-03,False,2,2,False,True,-3.853101323942283,HIST_TIME_FALLBACK
fresh,BASE,0.0338983050847,PAPER:RAYSOLUSDT:1791061799999:SHORT,RAYSOLUSDT,Fresh_2026-10-03,False,0,0,False,True,-3.611537109258515,HIST_TIME_FALLBACK
fresh,BASE,0.0338983050847,PAPER:CYSUSDT:1791042299999:SHORT,CYSUSDT,Fresh_2026-10-03,False,3,3,False,True,-3.0907070387808986,HIST_TIME_FALLBACK
fresh,BASE,0.0338983050847,PAPER:VVVUSDT:1790996699999:SHORT,VVVUSDT,Fresh_2026-10-03,False,0,0,False,True,-2.8483130468656936,HIST_TIME_FALLBACK
fresh,BASE,0.0338983050847,PAPER:ZENUSDT:1790872799999:SHORT,ZENUSDT,Fresh_2026-10-01,False,0,0,False,True,-0.03235118462339831,BE0.10
fresh,BASE,0.0338983050847,PAPER:GWEIUSDT:1790963099999:SHORT,GWEIUSDT,Fresh_2026-10-02,False,2,2,False,True,-3.099606407445633,HIST_TIME_FALLBACK
fresh,BASE,0.0338983050847,PAPER:ARBUSDT:1790839499999:SHORT,ARBUSDT,Fresh_2026-10-01,False,1,1,False,True,-4.854243296329548,HIST_TIME_FALLBACK
fresh,BASE,0.0338983050847,PAPER:QUSDT:1790984099999:SHORT,QUSDT,Fresh_2026-10-02,True,0,0,False,True,-2.4846584562821254,HIST_TIME_FALLBACK
fresh,BASE,0.0338983050847,PAPER:ATHUSDT:1790987999999:SHORT,ATHUSDT,Fresh_2026-10-03,False,0,0,False,True,-0.103713928796416,BE0.10
fresh,BASE,0.0338983050847,PAPER:哈基米USDT:1790882699999:SHORT,哈基米USDT,Fresh_2026-10-01,False,2,2,False,True,-8.513614124304885,HIST_TIME_FALLBACK
fresh,BASE,0.0338983050847,PAPER:RONINUSDT:1790965799999:SHORT,RONINUSDT,Fresh_2026-10-02,True,0,0,False,True,-0.49325239306190033,HIST_TIME_FALLBACK
fresh,BASE,0.0338983050847,PAPER:PYTHUSDT:1790839499999:SHORT,PYTHUSDT,Fresh_2026-10-01,False,1,1,False,True,-4.3979463826488265,HIST_TIME_FALLBACK
fresh,BASE,0.0338983050847,PAPER:PHAUSDT:1790951699999:SHORT,PHAUSDT,Fresh_2026-10-02,True,1,1,False,True,5.874922832447855,RUNNER_CLOSE
fresh,BASE,0.0338983050847,PAPER:XNYUSDT:1790851199999:SHORT,XNYUSDT,Fresh_2026-10-01,False,1,1,False,True,2.13225778837565,FULL_CLOSE_050
fresh,BASE,0.0338983050847,PAPER:DASHUSDT:1790963099999:SHORT,DASHUSDT,Fresh_2026-10-02,False,2,2,False,True,-2.657763601159539,HIST_TIME_FALLBACK
fresh,BASE,0.0338983050847,PAPER:ALCHUSDT:1790882699999:SHORT,ALCHUSDT,Fresh_2026-10-01,False,0,0,False,True,-0.07793898082612194,BE0.10
fresh,BASE,0.0338983050847,PAPER:JSTUSDT:1790849999999:SHORT,JSTUSDT,Fresh_2026-10-01,False,3,3,False,True,-0.007345183720595394,BE0.10
fresh,BASE,0.0338983050847,PAPER:COLLECTUSDT:1790940299999:SHORT,COLLECTUSDT,Fresh_2026-10-02,True,1,1,False,True,2.229747643546826,FULL_CLOSE_050
fresh,BASE,0.0338983050847,PAPER:ILVUSDT:1790963099999:SHORT,ILVUSDT,Fresh_2026-10-02,False,2,2,False,True,-1.443489067362551,HIST_TIME_FALLBACK
fresh,BASE,0.0338983050847,PAPER:USUSDT:1791017699999:SHORT,USUSDT,Fresh_2026-10-03,False,2,2,False,False,,
fresh,BASE,0.0338983050847,PAPER:MAGMAUSDT:1791033899999:SHORT,MAGMAUSDT,Fresh_2026-10-03,False,0,0,False,True,-2.111268181646319,HIST_TIME_FALLBACK
fresh,BASE,0.0338983050847,PAPER:ONDOUSDT:1790872799999:SHORT,ONDOUSDT,Fresh_2026-10-01,False,1,1,False,True,-1.3619319175371172,HIST_TIME_FALLBACK
fresh,BASE,0.0338983050847,PAPER:1000000MOGUSDT:1790868899999:SHORT,1000000MOGUSDT,Fresh_2026-10-01,False,1,1,False,True,-0.07886681774990878,BE0.10
fresh,BASE,0.0338983050847,PAPER:ROBOUSDT:1790867399999:SHORT,ROBOUSDT,Fresh_2026-10-01,False,0,0,False,True,-6.4998041182514745,HIST_TIME_FALLBACK
fresh,BASE,0.0338983050847,PAPER:INITUSDT:1791016499999:SHORT,INITUSDT,Fresh_2026-10-03,False,1,1,False,False,,
fresh,BASE,0.0338983050847,PAPER:CRVUSDT:1790966099999:SHORT,CRVUSDT,Fresh_2026-10-02,False,2,2,False,False,,
fresh,BASE,0.0338983050847,PAPER:ONUSDT:1790868899999:SHORT,ONUSDT,Fresh_2026-10-01,False,0,0,False,True,-1.4338375646143875,HIST_TIME_FALLBACK
fresh,BASE,0.0338983050847,PAPER:FILUSDT:1790838899999:SHORT,FILUSDT,Fresh_2026-10-01,True,3,3,False,True,2.077191835122341,FULL_CLOSE_050
fresh,BASE,0.0338983050847,PAPER:BANKUSDT:1790958899999:SHORT,BANKUSDT,Fresh_2026-10-02,False,1,1,False,True,1.5610567347583904,FULL_CLOSE_050
fresh,BASE,0.0338983050847,PAPER:1000XECUSDT:1790877899999:SHORT,1000XECUSDT,Fresh_2026-10-01,True,1,1,False,True,-0.26335866836573324,BE0.10
fresh,BASE,0.0338983050847,PAPER:BLUAIUSDT:1790859599999:SHORT,BLUAIUSDT,Fresh_2026-10-01,False,3,3,False,False,,
fresh,BASE,0.0338983050847,PAPER:PUMPBTCUSDT:1790925299999:SHORT,PUMPBTCUSDT,Fresh_2026-10-02,False,2,2,False,False,,
fresh,BASE,0.0338983050847,PAPER:USELESSUSDT:1790842199999:SHORT,USELESSUSDT,Fresh_2026-10-01,False,2,2,False,True,0.8071164772384387,FULL_CLOSE_050
fresh,BASE,0.0338983050847,PAPER:IRYSUSDT:1790860499999:SHORT,IRYSUSDT,Fresh_2026-10-01,False,2,2,False,True,-1.2662097286881986,HIST_TIME_FALLBACK
fresh,BASE,0.0338983050847,PAPER:IOTAUSDT:1790846399999:SHORT,IOTAUSDT,Fresh_2026-10-01,False,0,0,False,True,-3.161048440825394,HIST_TIME_FALLBACK
fresh,BASE,0.0338983050847,PAPER:ZAMAUSDT:1790882099999:SHORT,ZAMAUSDT,Fresh_2026-10-01,False,0,0,False,True,1.0806738399113982,FULL_CLOSE_050
fresh,BASE,0.0338983050847,PAPER:我踏马来了USDT:1790894099999:SHORT,我踏马来了USDT,Fresh_2026-10-01,False,1,1,False,True,-4.416558996407364,HIST_TIME_FALLBACK
fresh,BASE,0.0338983050847,PAPER:MARSCOINUSDT:1790999399999:SHORT,MARSCOINUSDT,Fresh_2026-10-03,False,3,3,False,False,,
fresh,BASE,0.0338983050847,PAPER:ARPAUSDT:1790864099999:SHORT,ARPAUSDT,Fresh_2026-10-01,False,2,2,False,True,-0.03547977754529946,BE0.10
fresh,BASE,0.0338983050847,PAPER:NOMUSDT:1790912699999:SHORT,NOMUSDT,Fresh_2026-10-02,False,0,0,False,True,0.9316715786766379,FULL_CLOSE_050
fresh,BASE,0.0338983050847,PAPER:牛来USDT:1790828399999:SHORT,牛来USDT,Fresh_2026-10-01,False,3,3,False,True,-1.8711669539291484,HIST_TIME_FALLBACK
fresh,BASE,0.0338983050847,PAPER:BSBUSDT:1790853299999:SHORT,BSBUSDT,Fresh_2026-10-01,False,1,1,False,True,-0.012783315089948954,BE0.10
fresh,BASE,0.0338983050847,PAPER:AXSUSDT:1790951399999:SHORT,AXSUSDT,Fresh_2026-10-02,False,1,1,False,True,-0.29723039015112224,BE0.10
fresh,BASE,0.0338983050847,PAPER:ALCHUSDT:1791030599999:SHORT,ALCHUSDT,Fresh_2026-10-03,False,0,0,False,True,-3.073413425363308,HIST_TIME_FALLBACK
fresh,BASE,0.0338983050847,PAPER:THETAUSDT:1790882399999:SHORT,THETAUSDT,Fresh_2026-10-01,True,1,1,False,True,2.7036434659195465,FULL_CLOSE_050
fresh,BASE,0.0338983050847,PAPER:ZAMAUSDT:1790839199999:SHORT,ZAMAUSDT,Fresh_2026-10-01,True,1,1,False,True,2.6487165570369027,FULL_CLOSE_050
fresh,BASE,0.0338983050847,PAPER:CGPTUSDT:1790838599999:SHORT,CGPTUSDT,Fresh_2026-10-01,False,3,3,False,False,,
fresh,BASE,0.0338983050847,PAPER:NEOUSDT:1790935499999:SHORT,NEOUSDT,Fresh_2026-10-02,False,0,0,False,True,-0.9501900380076159,HIST_TIME_FALLBACK
fresh,BASE,0.0338983050847,PAPER:XTZUSDT:1790965199999:SHORT,XTZUSDT,Fresh_2026-10-02,False,1,1,False,True,-1.2680155554920063,HIST_TIME_FALLBACK
fresh,BASE,0.0338983050847,PAPER:RONINUSDT:1791014699999:SHORT,RONINUSDT,Fresh_2026-10-03,True,0,0,False,True,1.8162449181396698,FULL_CLOSE_050
fresh,BASE,0.0338983050847,PAPER:MMTUSDT:1790864099999:SHORT,MMTUSDT,Fresh_2026-10-01,False,1,1,False,True,-3.131345550155713,HIST_TIME_FALLBACK
fresh,BASE,0.0338983050847,PAPER:GPSUSDT:1790842199999:SHORT,GPSUSDT,Fresh_2026-10-01,False,2,2,False,True,-3.2971601185608392,HIST_TIME_FALLBACK
fresh,BASE,0.0338983050847,PAPER:SCRUSDT:1791053699999:SHORT,SCRUSDT,Fresh_2026-10-03,False,2,2,False,True,-3.1430721926941847,HIST_TIME_FALLBACK
fresh,BASE,0.0338983050847,PAPER:PROMPTUSDT:1790994299999:SHORT,PROMPTUSDT,Fresh_2026-10-03,False,1,1,False,True,-0.20602474062698495,BE0.10
fresh,BASE,0.0338983050847,PAPER:APRUSDT:1790861399999:SHORT,APRUSDT,Fresh_2026-10-01,False,0,0,False,True,0.4861806651143046,FULL_CLOSE_050
fresh,BASE,0.0338983050847,PAPER:APEUSDT:1790866199999:SHORT,APEUSDT,Fresh_2026-10-01,False,2,2,False,True,-0.2625867549882736,BE0.10
fresh,BASE,0.0338983050847,PAPER:PENDLEUSDT:1790858699999:SHORT,PENDLEUSDT,Fresh_2026-10-01,True,3,3,False,True,1.019161147471252,FULL_CLOSE_050
fresh,BASE,0.0338983050847,PAPER:AIXBTUSDT:1790872799999:SHORT,AIXBTUSDT,Fresh_2026-10-01,False,1,1,False,True,-1.1731633965990804,HIST_TIME_FALLBACK
fresh,BASE,0.0338983050847,PAPER:AIOUSDT:1790882999999:SHORT,AIOUSDT,Fresh_2026-10-01,False,1,1,False,True,-1.606079962061648,HIST_TIME_FALLBACK
fresh,BASE,0.0338983050847,PAPER:EDGEUSDT:1791031199999:SHORT,EDGEUSDT,Fresh_2026-10-03,False,2,2,False,True,-0.10229642794950228,BE0.10
fresh,BASE,0.0338983050847,PAPER:BTWUSDT:1790939699999:SHORT,BTWUSDT,Fresh_2026-10-02,True,0,0,False,True,6.625779766379385,RUNNER_CLOSE
fresh,BASE,0.0338983050847,PAPER:ILVUSDT:1790836499999:SHORT,ILVUSDT,Fresh_2026-10-01,False,2,2,False,True,1.102925327439278,FULL_CLOSE_050
fresh,BASE,0.0338983050847,PAPER:TUTUSDT:1790945699999:SHORT,TUTUSDT,Fresh_2026-10-02,False,1,1,False,True,-0.11450524662533412,BE0.10
fresh,BASE,0.0338983050847,PAPER:POWERUSDT:1791065399999:SHORT,POWERUSDT,Fresh_2026-10-03,True,0,0,False,True,2.904950643564761,FULL_CLOSE_050
fresh,BASE,0.0338983050847,PAPER:HANAUSDT:1791020099999:SHORT,HANAUSDT,Fresh_2026-10-03,False,2,2,False,False,,
fresh,BASE,0.0338983050847,PAPER:SUSHIUSDT:1790951699999:SHORT,SUSHIUSDT,Fresh_2026-10-02,True,3,3,False,True,4.389278655731225,FULL_CLOSE_050
fresh,BASE,0.0338983050847,PAPER:MARSCOINUSDT:1790959499999:SHORT,MARSCOINUSDT,Fresh_2026-10-02,False,2,2,False,False,,
fresh,BASE,0.0338983050847,PAPER:XVGUSDT:1791031199999:SHORT,XVGUSDT,Fresh_2026-10-03,False,1,1,False,True,-3.8060865263385937,HIST_TIME_FALLBACK
fresh,BASE,0.0338983050847,PAPER:PEOPLEUSDT:1790863499999:SHORT,PEOPLEUSDT,Fresh_2026-10-01,False,1,1,False,True,-3.2898470579938808,HIST_TIME_FALLBACK
fresh,BASE,0.0338983050847,PAPER:牛来USDT:1790872799999:SHORT,牛来USDT,Fresh_2026-10-01,False,3,3,False,False,,
fresh,BASE,0.0338983050847,PAPER:BRETTUSDT:1790965199999:SHORT,BRETTUSDT,Fresh_2026-10-02,False,2,2,False,True,-1.2908332432052418,HIST_TIME_FALLBACK
fresh,BASE,0.0338983050847,PAPER:ICNTUSDT:1790856599999:SHORT,ICNTUSDT,Fresh_2026-10-01,False,1,1,False,True,1.1333695459175614,FULL_CLOSE_050
fresh,BASE,0.0338983050847,PAPER:LYNUSDT:1790985899999:SHORT,LYNUSDT,Fresh_2026-10-03,False,2,2,False,False,,
fresh,BASE,0.0338983050847,PAPER:BRETTUSDT:1790866199999:SHORT,BRETTUSDT,Fresh_2026-10-01,False,0,0,False,True,-0.2355930500875676,BE0.10
fresh,BASE,0.0338983050847,PAPER:DYDXUSDT:1790965199999:SHORT,DYDXUSDT,Fresh_2026-10-02,True,3,3,False,True,3.7817833992187215,FULL_CLOSE_050
fresh,BASE,0.0338983050847,PAPER:牛来USDT:1790962199999:SHORT,牛来USDT,Fresh_2026-10-02,True,0,0,False,True,10.358943975367037,RUNNER_CLOSE
fresh,BASE,0.0338983050847,PAPER:EVAAUSDT:1791011999999:SHORT,EVAAUSDT,Fresh_2026-10-03,False,0,0,False,True,-3.104070108091766,HIST_TIME_FALLBACK
fresh,BASE,0.0338983050847,PAPER:NMRUSDT:1790867399999:SHORT,NMRUSDT,Fresh_2026-10-01,False,2,2,False,True,-3.2996594556348984,HIST_TIME_FALLBACK
fresh,BASE,0.0338983050847,PAPER:SAGAUSDT:1790890499999:SHORT,SAGAUSDT,Fresh_2026-10-01,False,2,2,False,True,1.4976104022760648,FULL_CLOSE_050
fresh,BASE,0.0338983050847,PAPER:SPXUSDT:1790961899999:SHORT,SPXUSDT,Fresh_2026-10-02,True,0,0,False,True,3.0498400193737796,FULL_CLOSE_050
fresh,BASE,0.0338983050847,PAPER:DASHUSDT:1790965199999:SHORT,DASHUSDT,Fresh_2026-10-02,False,1,1,False,True,-1.379942089894586,HIST_TIME_FALLBACK
fresh,BASE,0.0338983050847,PAPER:FOGOUSDT:1790975099999:SHORT,FOGOUSDT,Fresh_2026-10-02,False,2,2,False,False,,
fresh,BASE,0.0338983050847,PAPER:FOGOUSDT:1790966099999:SHORT,FOGOUSDT,Fresh_2026-10-02,True,2,2,False,True,13.381987573311559,RUNNER_CLOSE
fresh,BASE,0.0338983050847,PAPER:BOMEUSDT:1790917499999:SHORT,BOMEUSDT,Fresh_2026-10-02,False,1,1,False,True,1.0941951389580962,FULL_CLOSE_050
fresh,BASE,0.0338983050847,PAPER:CTRUSDT:1790847299999:SHORT,CTRUSDT,Fresh_2026-10-01,False,1,1,False,True,-0.005782793222393279,BE0.10
fresh,BASE,0.0338983050847,PAPER:TRBUSDT:1790868899999:SHORT,TRBUSDT,Fresh_2026-10-01,False,0,0,False,True,-1.310834987602681,HIST_TIME_FALLBACK
fresh,BASE,0.0338983050847,PAPER:SCRUSDT:1790994299999:SHORT,SCRUSDT,Fresh_2026-10-03,False,1,1,False,True,-1.8580159176557092,HIST_TIME_FALLBACK
fresh,BASE,0.0338983050847,PAPER:QNTUSDT:1791004199999:SHORT,QNTUSDT,Fresh_2026-10-03,False,2,2,False,True,-0.0016723016833556925,BE0.10
fresh,BASE,0.0338983050847,PAPER:PLAYUSDT:1791015599999:SHORT,PLAYUSDT,Fresh_2026-10-03,False,2,2,False,True,-3.916073323288742,HIST_TIME_FALLBACK
fresh,BASE,0.0338983050847,PAPER:PLUMEUSDT:1790866199999:SHORT,PLUMEUSDT,Fresh_2026-10-01,False,2,2,False,True,-2.5666868842013786,HIST_TIME_FALLBACK
fresh,BASE,0.0338983050847,PAPER:NOMUSDT:1790914499999:SHORT,NOMUSDT,Fresh_2026-10-02,False,1,1,False,True,-0.18096193191776422,BE0.10
fresh,BASE,0.0338983050847,PAPER:WAXPUSDT:1791056099999:SHORT,WAXPUSDT,Fresh_2026-10-03,False,3,3,False,True,-5.372811154181004,HIST_TIME_FALLBACK
fresh,BASE,0.0338983050847,PAPER:PARTIUSDT:1791050699999:SHORT,PARTIUSDT,Fresh_2026-10-03,False,2,2,False,True,-0.06295999540214064,BE0.10
fresh,BASE,0.0338983050847,PAPER:BANUSDT:1791040499999:SHORT,BANUSDT,Fresh_2026-10-03,False,3,3,False,True,-3.0880950595243526,HIST_TIME_FALLBACK
fresh,BASE,0.0338983050847,PAPER:BIOUSDT:1791046799999:SHORT,BIOUSDT,Fresh_2026-10-03,False,2,2,False,True,-5.286260019087613,HIST_TIME_FALLBACK
fresh,BASE,0.0338983050847,PAPER:RAVEUSDT:1790842799999:SHORT,RAVEUSDT,Fresh_2026-10-01,False,2,2,False,True,-2.1886244517581748,HIST_TIME_FALLBACK
fresh,BASE,0.0338983050847,PAPER:NEARUSDT:1790839499999:SHORT,NEARUSDT,Fresh_2026-10-01,False,2,2,False,True,-3.479767079187888,HIST_TIME_FALLBACK
fresh,BASE,0.0338983050847,PAPER:POLUSDT:1790872799999:SHORT,POLUSDT,Fresh_2026-10-01,False,2,2,False,True,-1.562312836473764,HIST_TIME_FALLBACK
fresh,BASE,0.0338983050847,PAPER:IMXUSDT:1790848799999:SHORT,IMXUSDT,Fresh_2026-10-01,False,2,2,False,True,-0.04444482080981249,BE0.10
fresh,BASE,0.0338983050847,PAPER:GRIFFAINUSDT:1790838899999:SHORT,GRIFFAINUSDT,Fresh_2026-10-01,True,2,2,False,True,1.1784937176974712,FULL_CLOSE_050
fresh,BASE,0.0338983050847,PAPER:2ZUSDT:1790957699999:SHORT,2ZUSDT,Fresh_2026-10-02,False,1,1,False,True,-0.1917427803742966,BE0.10
fresh,BASE,0.0338983050847,PAPER:ONEUSDT:1790925599999:SHORT,ONEUSDT,Fresh_2026-10-02,False,2,2,False,False,,
fresh,BASE,0.0338983050847,PAPER:POWERUSDT:1790929499999:SHORT,POWERUSDT,Fresh_2026-10-02,True,2,2,False,True,1.278336256229769,FULL_CLOSE_050
fresh,BASE,0.0338983050847,PAPER:ONUSDT:1791031499999:SHORT,ONUSDT,Fresh_2026-10-03,False,2,2,False,False,,
fresh,BASE,0.0338983050847,PAPER:API3USDT:1790863499999:SHORT,API3USDT,Fresh_2026-10-01,False,0,0,False,True,-3.3139668162473557,HIST_TIME_FALLBACK
fresh,BASE,0.0338983050847,PAPER:BULLAUSDT:1790957399999:SHORT,BULLAUSDT,Fresh_2026-10-02,False,2,2,False,False,,
fresh,BASE,0.0338983050847,PAPER:ZECUSDT:1790882399999:SHORT,ZECUSDT,Fresh_2026-10-01,False,2,2,False,True,-0.25576811196677013,BE0.10
fresh,BASE,0.0338983050847,PAPER:LUNA2USDT:1790926499999:SHORT,LUNA2USDT,Fresh_2026-10-02,False,3,3,False,True,-3.5548402848809837,HIST_TIME_FALLBACK
fresh,BASE,0.0338983050847,PAPER:PROMPTUSDT:1790887499999:SHORT,PROMPTUSDT,Fresh_2026-10-01,False,1,1,False,True,-0.6946641625415089,HIST_TIME_FALLBACK
fresh,BASE,0.0338983050847,PAPER:SAFEUSDT:1790866199999:SHORT,SAFEUSDT,Fresh_2026-10-01,False,2,2,False,True,-4.536038920036239,HIST_TIME_FALLBACK
fresh,BASE,0.0338983050847,PAPER:龙虾USDT:1791061499999:SHORT,龙虾USDT,Fresh_2026-10-03,False,1,1,False,True,1.8379322715442763,FULL_CLOSE_050
fresh,BASE,0.0338983050847,PAPER:STRKUSDT:1790965199999:SHORT,STRKUSDT,Fresh_2026-10-02,False,0,0,False,True,-0.13567903608612858,BE0.10
fresh,BASE,0.0338983050847,PAPER:ZESTUSDT:1790850599999:SHORT,ZESTUSDT,Fresh_2026-10-01,False,2,2,False,False,,
fresh,BASE,0.0338983050847,PAPER:GUNUSDT:1790840399999:SHORT,GUNUSDT,Fresh_2026-10-01,False,1,1,False,True,-1.6189611669827892,HIST_TIME_FALLBACK
fresh,BASE,0.0338983050847,PAPER:ENAUSDT:1790894999999:SHORT,ENAUSDT,Fresh_2026-10-01,False,2,2,False,False,,
fresh,BASE,0.0338983050847,PAPER:PROMPTUSDT:1790848199999:SHORT,PROMPTUSDT,Fresh_2026-10-01,False,2,2,False,True,-0.9501900380076529,HIST_TIME_FALLBACK
fresh,BASE,0.0338983050847,PAPER:ALCHUSDT:1790978099999:SHORT,ALCHUSDT,Fresh_2026-10-02,False,2,2,False,True,-2.5642978656190762,HIST_TIME_FALLBACK
fresh,BASE,0.0338983050847,PAPER:MONUSDT:1790887199999:SHORT,MONUSDT,Fresh_2026-10-01,False,2,2,False,True,-3.476846282261099,HIST_TIME_FALLBACK
fresh,BASE,0.0338983050847,PAPER:QUSDT:1790921099999:SHORT,QUSDT,Fresh_2026-10-02,False,3,3,False,True,0.20286984886681264,FULL_CLOSE_050
fresh,BASE,0.0338983050847,PAPER:FIGHTUSDT:1790873999999:SHORT,FIGHTUSDT,Fresh_2026-10-01,False,0,0,False,True,-0.47548620677187603,HIST_TIME_FALLBACK
fresh,BASE,0.0338983050847,PAPER:CVCUSDT:1791031499999:SHORT,CVCUSDT,Fresh_2026-10-03,False,0,0,False,True,-2.8269204710062,HIST_TIME_FALLBACK
fresh,BASE,0.0338983050847,PAPER:USUALUSDT:1790882999999:SHORT,USUALUSDT,Fresh_2026-10-01,False,3,3,False,True,-3.8350170898633382,HIST_TIME_FALLBACK
fresh,BASE,0.0338983050847,PAPER:BRUSDT:1791028499999:SHORT,BRUSDT,Fresh_2026-10-03,False,1,1,False,False,,
fresh,BASE,0.0338983050847,PAPER:ENJUSDT:1791014999999:SHORT,ENJUSDT,Fresh_2026-10-03,False,0,0,False,True,-0.06106891893469174,BE0.10
fresh,BASE,0.0338983050847,PAPER:TUSDT:1790926499999:SHORT,TUSDT,Fresh_2026-10-02,False,1,1,False,True,-3.5385751388504896,HIST_TIME_FALLBACK
fresh,BASE,0.0338983050847,PAPER:XPLUSDT:1790864099999:SHORT,XPLUSDT,Fresh_2026-10-01,False,1,1,False,True,-2.4385733151727056,HIST_TIME_FALLBACK
fresh,BASE,0.0338983050847,PAPER:QNTUSDT:1790964899999:SHORT,QNTUSDT,Fresh_2026-10-02,False,2,2,False,False,,
fresh,BASE,0.0338983050847,PAPER:FLOWUSDT:1790861099999:SHORT,FLOWUSDT,Fresh_2026-10-01,False,2,2,False,True,-1.1126616998180485,HIST_TIME_FALLBACK
fresh,BASE,0.0338983050847,PAPER:ALPINEUSDT:1790965799999:SHORT,ALPINEUSDT,Fresh_2026-10-02,True,2,2,False,True,5.317683713179801,RUNNER_CLOSE
fresh,BASE,0.0338983050847,PAPER:COMPUSDT:1790950199999:SHORT,COMPUSDT,Fresh_2026-10-02,False,2,2,False,True,-3.1858080203129417,HIST_TIME_FALLBACK
fresh,BASE,0.0338983050847,PAPER:CYBERUSDT:1790866199999:SHORT,CYBERUSDT,Fresh_2026-10-01,False,3,3,False,True,-1.9112944028805248,HIST_TIME_FALLBACK
fresh,BASE,0.0338983050847,PAPER:ETHFIUSDT:1790962799999:SHORT,ETHFIUSDT,Fresh_2026-10-02,False,3,3,False,True,-0.026881656836470535,BE0.10
fresh,BASE,0.0338983050847,PAPER:FOLKSUSDT:1790973899999:SHORT,FOLKSUSDT,Fresh_2026-10-02,False,3,3,False,False,,
fresh,BASE,0.0338983050847,PAPER:POLUSDT:1790863499999:SHORT,POLUSDT,Fresh_2026-10-01,False,0,0,False,True,-2.5165029830924404,HIST_TIME_FALLBACK
fresh,BASE,0.0338983050847,PAPER:MERLUSDT:1790830499999:SHORT,MERLUSDT,Fresh_2026-10-01,False,1,1,False,True,-7.455390688274124,HIST_TIME_FALLBACK
fresh,BASE,0.0338983050847,PAPER:TAOUSDT:1790872799999:SHORT,TAOUSDT,Fresh_2026-10-01,False,2,2,False,False,,
fresh,BASE,0.0338983050847,PAPER:THETAUSDT:1790964299999:SHORT,THETAUSDT,Fresh_2026-10-02,True,2,2,False,True,7.440571859409447,RUNNER_CLOSE
fresh,BASE,0.0338983050847,PAPER:BERAUSDT:1790849099999:SHORT,BERAUSDT,Fresh_2026-10-01,False,1,1,False,True,-0.32342644447085384,BE0.10
fresh,BASE,0.0338983050847,PAPER:2ZUSDT:1790953199999:SHORT,2ZUSDT,Fresh_2026-10-02,False,3,3,False,False,,
fresh,BASE,0.0338983050847,PAPER:FFUSDT:1790968499999:SHORT,FFUSDT,Fresh_2026-10-02,False,1,1,False,True,-0.08286752213123333,BE0.10
fresh,BASE,0.0338983050847,PAPER:KASUSDT:1790871599999:SHORT,KASUSDT,Fresh_2026-10-01,False,3,3,False,True,-1.1895279247099184,HIST_TIME_FALLBACK
fresh,BASE,0.0338983050847,PAPER:PENDLEUSDT:1790887499999:SHORT,PENDLEUSDT,Fresh_2026-10-01,False,1,1,False,True,-2.410889019341629,HIST_TIME_FALLBACK
fresh,BASE,0.0338983050847,PAPER:METUSDT:1791051599999:SHORT,METUSDT,Fresh_2026-10-03,False,0,0,False,True,-2.6453312165989002,HIST_TIME_FALLBACK
fresh,BASE,0.0338983050847,PAPER:OPENUSDT:1791029099999:SHORT,OPENUSDT,Fresh_2026-10-03,True,1,1,False,True,0.9945465200266574,FULL_CLOSE_050
fresh,BASE,0.0338983050847,PAPER:1000BONKUSDT:1790839499999:SHORT,1000BONKUSDT,Fresh_2026-10-01,False,1,1,False,True,1.455778832669097,FULL_CLOSE_050
fresh,BASE,0.0338983050847,PAPER:SQDUSDT:1790890799999:SHORT,SQDUSDT,Fresh_2026-10-01,False,0,0,False,True,-0.102332331303641,BE0.10
fresh,BASE,0.0338983050847,PAPER:WLDUSDT:1790869499999:SHORT,WLDUSDT,Fresh_2026-10-01,False,1,1,False,False,,
fresh,BASE,0.0338983050847,PAPER:ARXUSDT:1791041099999:SHORT,ARXUSDT,Fresh_2026-10-03,False,1,1,False,True,-0.5836025681883767,BE0.10
fresh,BASE,0.0338983050847,PAPER:MEWUSDT:1790839499999:SHORT,MEWUSDT,Fresh_2026-10-01,False,1,1,False,True,-0.141832847796804,BE0.10
fresh,BASE,0.0338983050847,PAPER:COLLECTUSDT:1790853899999:SHORT,COLLECTUSDT,Fresh_2026-10-01,False,1,1,False,True,-3.1032016080635385,HIST_TIME_FALLBACK
fresh,BASE,0.0338983050847,PAPER:TRUTHUSDT:1790960699999:SHORT,TRUTHUSDT,Fresh_2026-10-02,False,1,1,False,False,,
fresh,BASE,0.0338983050847,PAPER:FETUSDT:1790849099999:SHORT,FETUSDT,Fresh_2026-10-01,False,1,1,False,True,-3.794367254132665,HIST_TIME_FALLBACK
fresh,BASE,0.0338983050847,PAPER:LISTAUSDT:1790864099999:SHORT,LISTAUSDT,Fresh_2026-10-01,False,0,0,False,True,-0.19333059738249647,BE0.10
fresh,BASE,0.0338983050847,PAPER:WLDUSDT:1790859899999:SHORT,WLDUSDT,Fresh_2026-10-01,False,2,2,False,True,-0.07198795022150356,BE0.10
fresh,BASE,0.0338983050847,PAPER:STRKUSDT:1790966099999:SHORT,STRKUSDT,Fresh_2026-10-02,False,2,2,False,False,,
fresh,BASE,0.0338983050847,PAPER:GTCUSDT:1790924699999:SHORT,GTCUSDT,Fresh_2026-10-02,True,2,2,False,True,5.9090035281109055,RUNNER_CLOSE
fresh,BASE,0.0338983050847,PAPER:SAFEUSDT:1790882699999:SHORT,SAFEUSDT,Fresh_2026-10-01,False,1,1,False,True,-0.024997929999048984,BE0.10
fresh,BASE,0.0338983050847,PAPER:ARBUSDT:1790919599999:SHORT,ARBUSDT,Fresh_2026-10-02,False,0,0,False,True,-3.354206926360326,HIST_TIME_FALLBACK
fresh,BASE,0.0338983050847,PAPER:ZETAUSDT:1790965199999:SHORT,ZETAUSDT,Fresh_2026-10-02,False,1,1,False,True,-0.03301236896401921,BE0.10
fresh,BASE,0.0338983050847,PAPER:4USDT:1790866499999:SHORT,4USDT,Fresh_2026-10-01,False,1,1,False,False,,
fresh,BASE,0.0338983050847,PAPER:GENIUSUSDT:1790964599999:SHORT,GENIUSUSDT,Fresh_2026-10-02,False,3,3,False,False,,
fresh,BASE,0.0338983050847,PAPER:TRUSTUSDT:1790840399999:SHORT,TRUSTUSDT,Fresh_2026-10-01,False,0,0,False,True,-0.12320310584499516,BE0.10
fresh,BASE,0.0338983050847,PAPER:币安人生USDT:1790931899999:SHORT,币安人生USDT,Fresh_2026-10-02,False,1,1,False,True,1.0097754672313561,HIST_TIME_FALLBACK
fresh,BASE,0.0338983050847,PAPER:BABYUSDT:1790962799999:SHORT,BABYUSDT,Fresh_2026-10-02,False,0,0,False,True,-2.774443646017745,HIST_TIME_FALLBACK
fresh,BASE,0.0338983050847,PAPER:WUSDT:1790926499999:SHORT,WUSDT,Fresh_2026-10-02,False,3,3,False,True,-1.0977652709197068,HIST_TIME_FALLBACK
fresh,BASE,0.0338983050847,PAPER:THETAUSDT:1790951699999:SHORT,THETAUSDT,Fresh_2026-10-02,False,2,2,False,True,-1.3815344499317685,HIST_TIME_FALLBACK
fresh,BASE,0.0338983050847,PAPER:REZUSDT:1790834999999:SHORT,REZUSDT,Fresh_2026-10-01,False,2,2,False,False,,
fresh,BASE,0.0338983050847,PAPER:SYNUSDT:1790973899999:SHORT,SYNUSDT,Fresh_2026-10-02,False,0,0,False,True,1.2852982831225583,FULL_CLOSE_050
fresh,BASE,0.0338983050847,PAPER:POLYXUSDT:1790861099999:SHORT,POLYXUSDT,Fresh_2026-10-01,False,3,3,False,True,-5.2093975164685205,HIST_TIME_FALLBACK
fresh,BASE,0.0338983050847,PAPER:NEARUSDT:1790882699999:SHORT,NEARUSDT,Fresh_2026-10-01,True,1,1,False,True,4.115523367994555,FULL_CLOSE_050
fresh,BASE,0.0338983050847,PAPER:PUMPBTCUSDT:1790908799999:SHORT,PUMPBTCUSDT,Fresh_2026-10-02,False,0,0,False,True,1.4739028919585517,FULL_CLOSE_050
fresh,BASE,0.0338983050847,PAPER:BLUAIUSDT:1790882699999:SHORT,BLUAIUSDT,Fresh_2026-10-01,True,2,2,False,True,8.538056610312786,RUNNER_CLOSE
fresh,BASE,0.0338983050847,PAPER:BSVUSDT:1790914499999:SHORT,BSVUSDT,Fresh_2026-10-02,False,2,2,False,True,-4.433317602884386,HIST_TIME_FALLBACK
fresh,BASE,0.0338983050847,PAPER:PONSUSDT:1790866199999:SHORT,PONSUSDT,Fresh_2026-10-01,True,2,2,False,True,1.0498249906831392,FULL_CLOSE_050
fresh,BASE,0.0338983050847,PAPER:PUMPBTCUSDT:1791065999999:SHORT,PUMPBTCUSDT,Fresh_2026-10-03,False,2,2,False,False,,
fresh,BASE,0.0338983050847,PAPER:DEEPUSDT:1790938199999:SHORT,DEEPUSDT,Fresh_2026-10-02,False,0,0,False,True,-0.10319310054897751,BE0.10
fresh,BASE,0.0338983050847,PAPER:PROMPTUSDT:1790873699999:SHORT,PROMPTUSDT,Fresh_2026-10-01,False,2,2,False,True,-0.22646687168751162,BE0.10
fresh,BASE,0.0338983050847,PAPER:RONINUSDT:1790992499999:SHORT,RONINUSDT,Fresh_2026-10-03,False,3,3,False,True,-3.001727702097895,HIST_TIME_FALLBACK
fresh,BASE,0.0338983050847,PAPER:TOSHIUSDT:1790926499999:SHORT,TOSHIUSDT,Fresh_2026-10-02,False,3,3,False,True,-4.551450397993204,HIST_TIME_FALLBACK
fresh,BASE,0.0338983050847,PAPER:ARXUSDT:1790861699999:SHORT,ARXUSDT,Fresh_2026-10-01,False,0,0,False,True,-3.471072289997484,HIST_TIME_FALLBACK
fresh,BASE,0.0338983050847,PAPER:CAPUSDT:1790973599999:SHORT,CAPUSDT,Fresh_2026-10-02,True,1,1,False,True,6.610545585100193,RUNNER_CLOSE
fresh,BASE,0.0338983050847,PAPER:1000XECUSDT:1790864099999:SHORT,1000XECUSDT,Fresh_2026-10-01,False,2,2,False,True,-0.1465993402435834,BE0.10
fresh,BASE,0.0338983050847,PAPER:OUSDT:1790998499999:SHORT,OUSDT,Fresh_2026-10-03,False,3,3,False,True,-0.1710846838628215,BE0.10
fresh,BASE,0.0338983050847,PAPER:PROVEUSDT:1790863799999:SHORT,PROVEUSDT,Fresh_2026-10-01,False,3,3,False,False,,
fresh,BASE,0.0338983050847,PAPER:MAGMAUSDT:1790868899999:SHORT,MAGMAUSDT,Fresh_2026-10-01,False,1,1,False,True,-4.5419398693630155,HIST_TIME_FALLBACK
fresh,BASE,0.0338983050847,PAPER:EULUSDT:1790838899999:SHORT,EULUSDT,Fresh_2026-10-01,True,2,2,False,True,1.2077716951638546,FULL_CLOSE_050
fresh,BASE,0.0338983050847,PAPER:AZTECUSDT:1790859899999:SHORT,AZTECUSDT,Fresh_2026-10-01,True,2,2,False,True,0.49238976037290116,FULL_CLOSE_050
fresh,BASE,0.0338983050847,PAPER:ONEUSDT:1790868599999:SHORT,ONEUSDT,Fresh_2026-10-01,False,0,0,False,True,1.2555759215669453,FULL_CLOSE_050
fresh,BASE,0.0338983050847,PAPER:FLUIDUSDT:1790976599999:SHORT,FLUIDUSDT,Fresh_2026-10-02,False,0,0,False,True,-1.5915419791197134,HIST_TIME_FALLBACK
fresh,BASE,0.0338983050847,PAPER:QUSDT:1790849999999:SHORT,QUSDT,Fresh_2026-10-01,False,3,3,False,False,,
fresh,BASE,0.0338983050847,PAPER:OPGUSDT:1791015599999:SHORT,OPGUSDT,Fresh_2026-10-03,False,1,1,False,True,-0.1794815083110266,BE0.10
fresh,BASE,0.0338983050847,PAPER:牛来USDT:1790923199999:SHORT,牛来USDT,Fresh_2026-10-02,False,1,1,False,True,-3.526308574025632,HIST_TIME_FALLBACK
fresh,BASE,0.0338983050847,PAPER:FLUIDUSDT:1791014999999:SHORT,FLUIDUSDT,Fresh_2026-10-03,True,2,2,False,True,0.8689808524999739,FULL_CLOSE_050
fresh,BASE,0.0338983050847,PAPER:MITOUSDT:1791011099999:SHORT,MITOUSDT,Fresh_2026-10-03,True,1,1,False,True,1.2494498428876812,FULL_CLOSE_050
fresh,BASE,0.0338983050847,PAPER:IOUSDT:1791001199999:SHORT,IOUSDT,Fresh_2026-10-03,False,3,3,False,True,-0.3005142559985619,BE0.10
fresh,BASE,0.0338983050847,PAPER:PENGUUSDT:1790951699999:SHORT,PENGUUSDT,Fresh_2026-10-02,False,2,2,False,False,,
fresh,BASE,0.0338983050847,PAPER:SYNUSDT:1790923799999:SHORT,SYNUSDT,Fresh_2026-10-02,False,3,3,False,True,-0.10395676283911492,BE0.10
fresh,BASE,0.0338983050847,PAPER:AEROUSDT:1790836499999:SHORT,AEROUSDT,Fresh_2026-10-01,True,2,2,False,True,1.5574623930033957,FULL_CLOSE_050
fresh,BASE,0.0338983050847,PAPER:DOSUSDT:1790925299999:SHORT,DOSUSDT,Fresh_2026-10-02,False,1,1,False,True,-0.0132219705522153,BE0.10
fresh,BASE,0.0338983050847,PAPER:INXUSDT:1790966099999:SHORT,INXUSDT,Fresh_2026-10-02,True,2,2,False,True,9.013623714024925,RUNNER_CLOSE
fresh,BASE,0.0338983050847,PAPER:1000000BOBUSDT:1790847599999:SHORT,1000000BOBUSDT,Fresh_2026-10-01,True,2,2,False,False,,
fresh,BASE,0.0338983050847,PAPER:MASKUSDT:1790960699999:SHORT,MASKUSDT,Fresh_2026-10-02,True,1,1,False,True,2.9541320517798195,FULL_CLOSE_050
fresh,BASE,0.0338983050847,PAPER:PONSUSDT:1790882399999:SHORT,PONSUSDT,Fresh_2026-10-01,True,3,3,False,True,1.0965543137833083,FULL_CLOSE_050
fresh,BASE,0.0338983050847,PAPER:CFGUSDT:1790908499999:SHORT,CFGUSDT,Fresh_2026-10-02,False,0,0,False,True,-2.6401805513026693,HIST_TIME_FALLBACK
fresh,BASE,0.0338983050847,PAPER:1000000BOBUSDT:1790887499999:SHORT,1000000BOBUSDT,Fresh_2026-10-01,False,3,3,False,False,,
fresh,BASE,0.0338983050847,PAPER:PUMPBTCUSDT:1790939399999:SHORT,PUMPBTCUSDT,Fresh_2026-10-02,False,2,2,False,True,-0.9501900380075656,BE0.10
fresh,BASE,0.0338983050847,PAPER:ZENUSDT:1790839499999:SHORT,ZENUSDT,Fresh_2026-10-01,False,1,1,False,True,-6.149350715593908,HIST_TIME_FALLBACK
fresh,BASE,0.0338983050847,PAPER:ONEUSDT:1790919599999:SHORT,ONEUSDT,Fresh_2026-10-02,False,1,1,False,True,-1.9049973323345117,HIST_TIME_FALLBACK
fresh,BASE,0.0338983050847,PAPER:BEAMXUSDT:1790964599999:SHORT,BEAMXUSDT,Fresh_2026-10-02,True,0,0,False,True,1.6180595377471785,FULL_CLOSE_050
fresh,BASE,0.0338983050847,PAPER:JTOUSDT:1790890499999:SHORT,JTOUSDT,Fresh_2026-10-01,False,3,3,False,True,-0.009789530703486371,BE0.10
fresh,BASE,0.0338983050847,PAPER:PEOPLEUSDT:1790962799999:SHORT,PEOPLEUSDT,Fresh_2026-10-02,False,2,2,False,True,-0.021884351234800203,BE0.10
fresh,BASE,0.0338983050847,PAPER:THEUSDT:1790994599999:SHORT,THEUSDT,Fresh_2026-10-03,False,1,1,False,True,-3.4276036813081294,HIST_TIME_FALLBACK
fresh,BASE,0.0338983050847,PAPER:BLUAIUSDT:1790881799999:SHORT,BLUAIUSDT,Fresh_2026-10-01,False,0,0,False,True,-0.01309299686158999,BE0.10
fresh,BASE,0.0338983050847,PAPER:ONEUSDT:1790866499999:SHORT,ONEUSDT,Fresh_2026-10-01,False,3,3,False,False,,
fresh,BASE,0.0338983050847,PAPER:PROMPTUSDT:1790951399999:SHORT,PROMPTUSDT,Fresh_2026-10-02,False,3,3,False,True,-0.7039651535816007,BE0.10
fresh,BASE,0.0338983050847,PAPER:PLAYUSDT:1790975099999:SHORT,PLAYUSDT,Fresh_2026-10-02,False,0,0,False,True,-3.0412817701715165,HIST_TIME_FALLBACK
fresh,BASE,0.0338983050847,PAPER:DUSKUSDT:1790863199999:SHORT,DUSKUSDT,Fresh_2026-10-01,True,1,1,False,True,-0.021909667051607074,BE0.10
fresh,BASE,0.0338983050847,PAPER:ATUSDT:1790879699999:SHORT,ATUSDT,Fresh_2026-10-01,False,0,0,False,True,0.9689480707643556,FULL_CLOSE_050
fresh,BASE,0.0338983050847,PAPER:REZUSDT:1790834099999:SHORT,REZUSDT,Fresh_2026-10-01,False,1,1,False,True,-0.21109990295886222,BE0.10
fresh,BASE,0.0338983050847,PAPER:APRUSDT:1790935799999:SHORT,APRUSDT,Fresh_2026-10-02,False,3,3,False,True,-0.9501900380075226,BE0.10
fresh,BASE,0.0338983050847,PAPER:MIRAUSDT:1790976599999:SHORT,MIRAUSDT,Fresh_2026-10-02,False,2,2,False,True,-2.5342887406594916,HIST_TIME_FALLBACK
fresh,BASE,0.0338983050847,PAPER:4USDT:1790962799999:SHORT,4USDT,Fresh_2026-10-02,False,0,0,False,True,-0.9501900380076589,BE0.10
fresh,BASE,0.0338983050847,PAPER:SOMIUSDT:1791046799999:SHORT,SOMIUSDT,Fresh_2026-10-03,False,1,1,False,True,-3.373109641289278,HIST_TIME_FALLBACK
fresh,BASE,0.0338983050847,PAPER:XNYUSDT:1790847299999:SHORT,XNYUSDT,Fresh_2026-10-01,True,2,2,False,True,2.0956190990568646,FULL_CLOSE_050
fresh,BASE,0.0338983050847,PAPER:MINAUSDT:1790966099999:SHORT,MINAUSDT,Fresh_2026-10-02,False,1,1,False,True,-1.0135981309885347,HIST_TIME_FALLBACK
fresh,BASE,0.0338983050847,PAPER:MELANIAUSDT:1790839499999:SHORT,MELANIAUSDT,Fresh_2026-10-01,False,1,1,False,True,-0.19087992797645648,BE0.10
fresh,BASE,0.0338983050847,PAPER:FARTCOINUSDT:1790839499999:SHORT,FARTCOINUSDT,Fresh_2026-10-01,False,1,1,False,True,-0.09499324409303361,BE0.10
fresh,BASE,0.0338983050847,PAPER:FIGHTUSDT:1791022799999:SHORT,FIGHTUSDT,Fresh_2026-10-03,False,1,1,False,True,1.115457238628037,FULL_CLOSE_050
fresh,BASE,0.0338983050847,PAPER:TLMUSDT:1790912699999:SHORT,TLMUSDT,Fresh_2026-10-02,False,1,1,False,True,-3.410018981683281,HIST_TIME_FALLBACK
fresh,BASE,0.0338983050847,PAPER:MARSCOINUSDT:1790890199999:SHORT,MARSCOINUSDT,Fresh_2026-10-01,True,2,2,False,True,1.5982796272881417,FULL_CLOSE_050
fresh,BASE,0.0338983050847,PAPER:POWERUSDT:1790987699999:SHORT,POWERUSDT,Fresh_2026-10-03,False,2,2,False,True,-2.896438832867651,HIST_TIME_FALLBACK
fresh,BASE,0.0338983050847,PAPER:ROBOUSDT:1790859899999:SHORT,ROBOUSDT,Fresh_2026-10-01,False,0,0,False,True,0.7000578412386667,FULL_CLOSE_050
fresh,BASE,0.0338983050847,PAPER:1000000BOBUSDT:1790958299999:SHORT,1000000BOBUSDT,Fresh_2026-10-02,True,0,0,False,True,-0.06578157504290699,BE0.10
fresh,BASE,0.0338983050847,PAPER:HEIUSDT:1790867999999:SHORT,HEIUSDT,Fresh_2026-10-01,False,0,0,False,True,-3.3788567282189135,HIST_TIME_FALLBACK
fresh,BASE,0.0338983050847,PAPER:XNYUSDT:1790923199999:SHORT,XNYUSDT,Fresh_2026-10-02,True,1,1,False,True,3.757186604421646,FULL_CLOSE_050
fresh,BASE,0.0338983050847,PAPER:1000000BOBUSDT:1791059999999:SHORT,1000000BOBUSDT,Fresh_2026-10-03,True,2,2,False,False,,
fresh,BASE,0.0338983050847,PAPER:ELSAUSDT:1790993099999:SHORT,ELSAUSDT,Fresh_2026-10-03,False,3,3,False,True,-0.8564142436955655,HIST_TIME_FALLBACK
fresh,BASE,0.0338983050847,PAPER:CAPUSDT:1791023099999:SHORT,CAPUSDT,Fresh_2026-10-03,False,1,1,False,True,-3.936151972618627,HIST_TIME_FALLBACK
fresh,BASE,0.0338983050847,PAPER:BTWUSDT:1790927399999:SHORT,BTWUSDT,Fresh_2026-10-02,False,0,0,False,True,-0.015829157881316946,BE0.10
fresh,BASE,0.0338983050847,PAPER:INITUSDT:1790840999999:SHORT,INITUSDT,Fresh_2026-10-01,False,3,3,False,False,,
fresh,BASE,0.0338983050847,PAPER:AVAAIUSDT:1791031199999:SHORT,AVAAIUSDT,Fresh_2026-10-03,True,2,2,False,True,6.493696964337852,RUNNER_CLOSE
fresh,BASE,0.0338983050847,PAPER:FLOCKUSDT:1790884199999:SHORT,FLOCKUSDT,Fresh_2026-10-01,False,2,2,False,False,,
fresh,BASE,0.0338983050847,PAPER:XPINUSDT:1790854199999:SHORT,XPINUSDT,Fresh_2026-10-01,False,0,0,False,True,-0.9501900380075736,HIST_TIME_FALLBACK
fresh,BASE,0.0338983050847,PAPER:BBUSDT:1790839499999:SHORT,BBUSDT,Fresh_2026-10-01,False,1,1,False,True,-0.37709188121963627,BE0.10
fresh,BASE,0.0338983050847,PAPER:JASMYUSDT:1790962799999:SHORT,JASMYUSDT,Fresh_2026-10-02,False,3,3,False,True,-0.08960231874448304,BE0.10
fresh,BASE,0.0338983050847,PAPER:CVCUSDT:1790899799999:SHORT,CVCUSDT,Fresh_2026-10-02,False,1,1,False,True,-3.401586659153512,HIST_TIME_FALLBACK
fresh,BASE,0.0338983050847,PAPER:USTCUSDT:1790858699999:SHORT,USTCUSDT,Fresh_2026-10-01,True,0,0,False,True,0.839100002979316,FULL_CLOSE_050
fresh,BASE,0.0338983050847,PAPER:TUSDT:1790988899999:SHORT,TUSDT,Fresh_2026-10-03,False,2,2,False,True,-0.03756434969759309,BE0.10
fresh,BASE,0.0338983050847,PAPER:DEXEUSDT:1790942999999:SHORT,DEXEUSDT,Fresh_2026-10-02,False,1,1,False,True,-2.4602207771871236,HIST_TIME_FALLBACK
fresh,BASE,0.0338983050847,PAPER:AKEUSDT:1790849399999:SHORT,AKEUSDT,Fresh_2026-10-01,True,1,1,False,True,-0.00012511603124526482,BE0.10
fresh,BASE,0.0338983050847,PAPER:VELODROMEUSDT:1790950199999:SHORT,VELODROMEUSDT,Fresh_2026-10-02,False,3,3,False,False,,
fresh,BASE,0.0338983050847,PAPER:GRASSUSDT:1790841899999:SHORT,GRASSUSDT,Fresh_2026-10-01,True,0,0,False,True,0.772466193841076,FULL_CLOSE_050
fresh,BASE,0.0338983050847,PAPER:METUSDT:1790839499999:SHORT,METUSDT,Fresh_2026-10-01,False,1,1,False,False,,
fresh,BASE,0.0338983050847,PAPER:JOEUSDT:1790873399999:SHORT,JOEUSDT,Fresh_2026-10-01,False,2,2,False,False,,
fresh,BASE,0.0338983050847,PAPER:SWARMSUSDT:1790830499999:SHORT,SWARMSUSDT,Fresh_2026-10-01,True,0,0,False,True,1.6706224752804157,FULL_CLOSE_050
fresh,BASE,0.0338983050847,PAPER:IOSTUSDT:1790914199999:SHORT,IOSTUSDT,Fresh_2026-10-02,False,2,2,False,True,-5.06262884251883,HIST_TIME_FALLBACK
fresh,BASE,0.0338983050847,PAPER:VELVETUSDT:1790923499999:SHORT,VELVETUSDT,Fresh_2026-10-02,False,0,0,False,True,-0.1375679762575337,BE0.10
fresh,BASE,0.0338983050847,PAPER:TAUSDT:1790890499999:SHORT,TAUSDT,Fresh_2026-10-01,False,0,0,False,True,1.7794565519648466,FULL_CLOSE_050
fresh,BASE,0.0338983050847,PAPER:LYNUSDT:1790964599999:SHORT,LYNUSDT,Fresh_2026-10-02,False,0,0,False,True,-0.1575135692220747,BE0.10
fresh,BASE,0.0338983050847,PAPER:BRUSDT:1790894099999:SHORT,BRUSDT,Fresh_2026-10-01,False,3,3,False,True,1.8213436222662922,FULL_CLOSE_050
fresh,BASE,0.0338983050847,PAPER:TAKEUSDT:1790931899999:SHORT,TAKEUSDT,Fresh_2026-10-02,False,0,0,False,True,-3.0197515472087013,HIST_TIME_FALLBACK
fresh,BASE,0.0338983050847,PAPER:MEWUSDT:1791016199999:SHORT,MEWUSDT,Fresh_2026-10-03,False,1,1,False,True,-1.3389863021146926,BE0.10
fresh,BASE,0.0338983050847,PAPER:ARBUSDT:1790968199999:SHORT,ARBUSDT,Fresh_2026-10-02,True,2,2,False,True,2.1565197092435056,FULL_CLOSE_050
fresh,BASE,0.0338983050847,PAPER:CLOUSDT:1790871599999:SHORT,CLOUSDT,Fresh_2026-10-01,False,1,1,False,True,-3.746699479560733,HIST_TIME_FALLBACK
fresh,BASE,0.0338983050847,PAPER:NOMUSDT:1791063299999:SHORT,NOMUSDT,Fresh_2026-10-03,False,1,1,False,True,-2.82812947541569,HIST_TIME_FALLBACK
fresh,BASE,0.0338983050847,PAPER:COTIUSDT:1790938799999:SHORT,COTIUSDT,Fresh_2026-10-02,False,2,2,False,True,-0.01902062103770885,BE0.10
fresh,BASE,0.0338983050847,PAPER:AGLDUSDT:1791015899999:SHORT,AGLDUSDT,Fresh_2026-10-03,False,1,1,False,True,-0.006598727851094499,BE0.10
fresh,BASE,0.0338983050847,PAPER:AZTECUSDT:1790936399999:SHORT,AZTECUSDT,Fresh_2026-10-02,False,2,2,False,True,-0.09838880708647002,BE0.10
fresh,BASE,0.0338983050847,PAPER:VTHOUSDT:1790965499999:SHORT,VTHOUSDT,Fresh_2026-10-02,True,2,2,False,True,0.9123460166062667,FULL_CLOSE_050
fresh,BASE,0.0338983050847,PAPER:KGENUSDT:1790868899999:SHORT,KGENUSDT,Fresh_2026-10-01,False,1,1,False,True,-2.1977294524324913,HIST_TIME_FALLBACK
fresh,BASE,0.0338983050847,PAPER:WUSDT:1790966099999:SHORT,WUSDT,Fresh_2026-10-02,True,2,2,False,False,,
fresh,BASE,0.0338983050847,PAPER:BTWUSDT:1790987099999:SHORT,BTWUSDT,Fresh_2026-10-03,False,0,0,False,True,-0.7274977313249941,HIST_TIME_FALLBACK
fresh,BASE,0.0338983050847,PAPER:PONSUSDT:1790995499999:SHORT,PONSUSDT,Fresh_2026-10-03,True,1,1,False,True,-0.9501900380075758,BE0.10
fresh,BASE,0.0338983050847,PAPER:STARUSDT:1790836499999:SHORT,STARUSDT,Fresh_2026-10-01,False,3,3,False,True,-0.25145303348783643,BE0.10
fresh,BASE,0.0338983050847,PAPER:RIVERUSDT:1790882699999:SHORT,RIVERUSDT,Fresh_2026-10-01,False,0,0,False,True,1.147778067767912,FULL_CLOSE_050
fresh,BASE,0.0338983050847,PAPER:MEGAUSDT:1791061799999:SHORT,MEGAUSDT,Fresh_2026-10-03,False,1,1,False,True,-2.7886624764250336,HIST_TIME_FALLBACK
fresh,BASE,0.0338983050847,PAPER:1000XECUSDT:1790879399999:SHORT,1000XECUSDT,Fresh_2026-10-01,False,3,3,False,True,-3.122556020813501,HIST_TIME_FALLBACK
fresh,BASE,0.0338983050847,PAPER:OPUSDT:1790839499999:SHORT,OPUSDT,Fresh_2026-10-01,False,2,2,False,True,-3.4045629053432203,HIST_TIME_FALLBACK
fresh,BASE,0.0338983050847,PAPER:ARUSDT:1791001199999:SHORT,ARUSDT,Fresh_2026-10-03,False,1,1,False,True,0.9163219733204049,FULL_CLOSE_050
fresh,BASE,0.0338983050847,PAPER:ROSEUSDT:1790834099999:SHORT,ROSEUSDT,Fresh_2026-10-01,False,0,0,False,True,-2.681704308391275,HIST_TIME_FALLBACK
fresh,BASE,0.0338983050847,PAPER:HEIUSDT:1790848199999:SHORT,HEIUSDT,Fresh_2026-10-01,False,0,0,False,True,-13.547810194624825,HIST_TIME_FALLBACK
fresh,BASE,0.0338983050847,PAPER:PUMPBTCUSDT:1790871899999:SHORT,PUMPBTCUSDT,Fresh_2026-10-01,True,2,2,False,False,,
fresh,BASE,0.0338983050847,PAPER:REZUSDT:1790829899999:SHORT,REZUSDT,Fresh_2026-10-01,False,1,1,False,True,-1.7841345445265666,HIST_TIME_FALLBACK
fresh,BASE,0.0338983050847,PAPER:AVAAIUSDT:1790882699999:SHORT,AVAAIUSDT,Fresh_2026-10-01,False,2,2,False,True,-3.7664375269693933,HIST_TIME_FALLBACK
fresh,BASE,0.0338983050847,PAPER:SQDUSDT:1790927399999:SHORT,SQDUSDT,Fresh_2026-10-02,False,3,3,False,False,,
fresh,BASE,0.0338983050847,PAPER:COTIUSDT:1790936399999:SHORT,COTIUSDT,Fresh_2026-10-02,False,0,0,False,True,-2.505100617723195,HIST_TIME_FALLBACK
fresh,BASE,0.0338983050847,PAPER:FFUSDT:1790953499999:SHORT,FFUSDT,Fresh_2026-10-02,False,0,0,False,True,-0.08979954292673226,BE0.10
fresh,BASE,0.0338983050847,PAPER:JCTUSDT:1790863799999:SHORT,JCTUSDT,Fresh_2026-10-01,True,1,1,False,False,,
fresh,BASE,0.0338983050847,PAPER:ETCUSDT:1790966399999:SHORT,ETCUSDT,Fresh_2026-10-02,False,2,2,False,False,,
fresh,BASE,0.0338983050847,PAPER:SPORTFUNUSDT:1790979599999:SHORT,SPORTFUNUSDT,Fresh_2026-10-02,False,2,2,False,True,-1.531240751922931,HIST_TIME_FALLBACK
fresh,BASE,0.0338983050847,PAPER:NILUSDT:1790903699999:SHORT,NILUSDT,Fresh_2026-10-02,False,3,3,False,False,,
fresh,BASE,0.0338983050847,PAPER:NAORISUSDT:1790922599999:SHORT,NAORISUSDT,Fresh_2026-10-02,False,1,1,False,False,,
fresh,BASE,0.0338983050847,PAPER:ARXUSDT:1790960699999:SHORT,ARXUSDT,Fresh_2026-10-02,True,1,1,False,True,4.378987829504217,FULL_CLOSE_050
fresh,BASE,0.0338983050847,PAPER:USUALUSDT:1790926499999:SHORT,USUALUSDT,Fresh_2026-10-02,False,1,1,False,True,-2.51032555998081,HIST_TIME_FALLBACK
fresh,BASE,0.0338983050847,PAPER:HUMAUSDT:1790840099999:SHORT,HUMAUSDT,Fresh_2026-10-01,True,0,0,False,True,2.1978805904836394,FULL_CLOSE_050
fresh,BASE,0.0338983050847,PAPER:CTKUSDT:1790966699999:SHORT,CTKUSDT,Fresh_2026-10-02,False,3,3,False,True,-0.13225672095204227,BE0.10
fresh,BASE,0.0338983050847,PAPER:BSVUSDT:1790923199999:SHORT,BSVUSDT,Fresh_2026-10-02,False,3,3,False,True,-3.6882940113631597,HIST_TIME_FALLBACK
fresh,BASE,0.0338983050847,PAPER:TAKEUSDT:1790882999999:SHORT,TAKEUSDT,Fresh_2026-10-01,False,1,1,False,True,-2.0259839660112178,HIST_TIME_FALLBACK
fresh,BASE,0.0338983050847,PAPER:HANAUSDT:1791018899999:SHORT,HANAUSDT,Fresh_2026-10-03,False,2,2,False,False,,
fresh,BASE,0.0338983050847,PAPER:ONDOUSDT:1790966099999:SHORT,ONDOUSDT,Fresh_2026-10-02,False,2,2,False,False,,
fresh,BASE,0.0338983050847,PAPER:OPENUSDT:1790964299999:SHORT,OPENUSDT,Fresh_2026-10-02,True,2,2,False,True,2.1090930179925236,FULL_CLOSE_050
fresh,BASE,0.0338983050847,PAPER:BRUSDT:1790897099999:SHORT,BRUSDT,Fresh_2026-10-01,False,1,1,False,False,,
fresh,BASE,0.0338983050847,PAPER:NEIROUSDT:1790859899999:SHORT,NEIROUSDT,Fresh_2026-10-01,False,0,0,False,True,1.1189957547984062,FULL_CLOSE_050
fresh,BASE,0.0338983050847,PAPER:STRKUSDT:1790968799999:SHORT,STRKUSDT,Fresh_2026-10-02,False,1,1,False,True,0.39445638211897427,FULL_CLOSE_050
fresh,BASE,0.0338983050847,PAPER:NILUSDT:1790842199999:SHORT,NILUSDT,Fresh_2026-10-01,False,1,1,False,False,,
fresh,BASE,0.0338983050847,PAPER:ILVUSDT:1790965499999:SHORT,ILVUSDT,Fresh_2026-10-02,True,3,3,False,False,,
fresh,BASE,0.0338983050847,PAPER:TWTUSDT:1790849099999:SHORT,TWTUSDT,Fresh_2026-10-01,False,2,2,False,False,,
fresh,BASE,0.0338983050847,PAPER:INITUSDT:1790991299999:SHORT,INITUSDT,Fresh_2026-10-03,False,2,2,False,True,-2.646575883942646,HIST_TIME_FALLBACK
fresh,BASE,0.0338983050847,PAPER:MIRAUSDT:1791016199999:SHORT,MIRAUSDT,Fresh_2026-10-03,False,0,0,False,True,1.9107845668962566,FULL_CLOSE_050
fresh,BASE,0.0338983050847,PAPER:MELANIAUSDT:1791036599999:SHORT,MELANIAUSDT,Fresh_2026-10-03,False,2,2,False,True,-3.6440407627940714,HIST_TIME_FALLBACK
fresh,BASE,0.0338983050847,PAPER:LABUSDT:1791054899999:SHORT,LABUSDT,Fresh_2026-10-03,True,1,1,False,True,1.2673040627000618,FULL_CLOSE_050
fresh,BASE,0.0338983050847,PAPER:TRUTHUSDT:1791031799999:SHORT,TRUTHUSDT,Fresh_2026-10-03,False,3,3,False,True,-0.15060469382574337,BE0.10
fresh,BASE,0.0338983050847,PAPER:UAIUSDT:1791014699999:SHORT,UAIUSDT,Fresh_2026-10-03,True,1,1,False,True,1.1348159600681993,FULL_CLOSE_050
fresh,BASE,0.0338983050847,PAPER:STXUSDT:1790880599999:SHORT,STXUSDT,Fresh_2026-10-01,False,2,2,False,True,-1.6091884451139509,HIST_TIME_FALLBACK
fresh,BASE,0.0338983050847,PAPER:NOMUSDT:1790903399999:SHORT,NOMUSDT,Fresh_2026-10-02,False,0,0,False,True,-0.215131021799066,BE0.10
fresh,BASE,0.0338983050847,PAPER:ATUSDT:1791041099999:SHORT,ATUSDT,Fresh_2026-10-03,False,0,0,False,True,3.183689159003061,FULL_CLOSE_050
fresh,BASE,0.0338983050847,PAPER:GRASSUSDT:1790888999999:SHORT,GRASSUSDT,Fresh_2026-10-01,True,1,1,False,True,-0.012107657945023498,BE0.10
fresh,BASE,0.0338983050847,PAPER:VELODROMEUSDT:1790838899999:SHORT,VELODROMEUSDT,Fresh_2026-10-01,True,0,0,False,True,5.341956205486936,RUNNER_CLOSE
fresh,BASE,0.0338983050847,PAPER:NILUSDT:1790942699999:SHORT,NILUSDT,Fresh_2026-10-02,False,2,2,False,True,-0.8266064828815396,HIST_TIME_FALLBACK
fresh,BASE,0.0338983050847,PAPER:STRKUSDT:1790842199999:SHORT,STRKUSDT,Fresh_2026-10-01,False,2,2,False,True,-0.14540677428081095,BE0.10
fresh,BASE,0.0338983050847,PAPER:1000CHEEMSUSDT:1790966699999:SHORT,1000CHEEMSUSDT,Fresh_2026-10-02,False,2,2,False,False,,
fresh,BASE,0.0338983050847,PAPER:TAOUSDT:1790965799999:SHORT,TAOUSDT,Fresh_2026-10-02,True,1,1,False,True,2.1839407285295747,FULL_CLOSE_050
fresh,BASE,0.0338983050847,PAPER:CFGUSDT:1790966399999:SHORT,CFGUSDT,Fresh_2026-10-02,False,0,0,False,True,-4.116161022084911,HIST_TIME_FALLBACK
fresh,BASE,0.0338983050847,PAPER:EDENUSDT:1790965799999:SHORT,EDENUSDT,Fresh_2026-10-02,True,1,1,False,True,1.6146700305047748,FULL_CLOSE_050
fresh,BASE,0.0338983050847,PAPER:POWERUSDT:1790890799999:SHORT,POWERUSDT,Fresh_2026-10-01,False,0,0,False,True,-2.750373633134391,HIST_TIME_FALLBACK
fresh,BASE,0.0338983050847,PAPER:HMSTRUSDT:1790966099999:SHORT,HMSTRUSDT,Fresh_2026-10-02,True,3,3,False,True,6.472336504667519,RUNNER_CLOSE
fresh,BASE,0.0338983050847,PAPER:FHEUSDT:1791005699999:SHORT,FHEUSDT,Fresh_2026-10-03,False,0,0,False,True,-0.25910602046775105,BE0.10
fresh,BASE,0.0338983050847,PAPER:MYXUSDT:1790966399999:SHORT,MYXUSDT,Fresh_2026-10-02,False,0,0,False,True,-6.085046911199443,HIST_TIME_FALLBACK
fresh,BASE,0.0338983050847,PAPER:MUBARAKUSDT:1791043499999:SHORT,MUBARAKUSDT,Fresh_2026-10-03,False,3,3,False,True,-4.525146759590536,HIST_TIME_FALLBACK
fresh,BASE,0.0338983050847,PAPER:ROBOUSDT:1790965499999:SHORT,ROBOUSDT,Fresh_2026-10-02,True,2,2,False,True,13.584513505488648,RUNNER_CLOSE
fresh,BASE,0.0338983050847,PAPER:CROSSUSDT:1791017099999:SHORT,CROSSUSDT,Fresh_2026-10-03,False,2,2,False,False,,
fresh,BASE,0.0338983050847,PAPER:MOVEUSDT:1790960699999:SHORT,MOVEUSDT,Fresh_2026-10-02,True,2,2,False,True,-0.04598999579138496,BE0.10
fresh,BASE,0.0338983050847,PAPER:ZKPUSDT:1790842499999:SHORT,ZKPUSDT,Fresh_2026-10-01,False,1,1,False,True,-0.1265369075460105,BE0.10
fresh,BASE,0.0338983050847,PAPER:ZETAUSDT:1790985899999:SHORT,ZETAUSDT,Fresh_2026-10-03,False,0,0,False,True,-0.019945001802336493,BE0.10
fresh,BASE,0.0338983050847,PAPER:POWERUSDT:1791033599999:SHORT,POWERUSDT,Fresh_2026-10-03,False,1,1,False,True,-0.1246449018865804,BE0.10
fresh,BASE,0.0338983050847,PAPER:COMPUSDT:1790863499999:SHORT,COMPUSDT,Fresh_2026-10-01,False,0,0,False,True,-3.4719794084760855,HIST_TIME_FALLBACK
fresh,BASE,0.0338983050847,PAPER:SYNUSDT:1790885099999:SHORT,SYNUSDT,Fresh_2026-10-01,True,0,0,False,True,-1.1636890794484025,HIST_TIME_FALLBACK
fresh,BASE,0.0338983050847,PAPER:HYPEUSDT:1790951699999:SHORT,HYPEUSDT,Fresh_2026-10-02,False,2,2,False,True,-0.0008512200102290257,BE0.10
fresh,BASE,0.0338983050847,PAPER:SLPUSDT:1790936099999:SHORT,SLPUSDT,Fresh_2026-10-02,True,0,0,False,True,1.3524279256465195,FULL_CLOSE_050
fresh,BASE,0.0338983050847,PAPER:PLAYUSDT:1790882999999:SHORT,PLAYUSDT,Fresh_2026-10-01,False,3,3,False,True,-1.4339933788948558,HIST_TIME_FALLBACK
fresh,BASE,0.0338983050847,PAPER:PONSUSDT:1790976599999:SHORT,PONSUSDT,Fresh_2026-10-02,True,2,2,False,True,-5.102012954709281,HIST_TIME_FALLBACK
fresh,BASE,0.0338983050847,PAPER:CHILLGUYUSDT:1790864099999:SHORT,CHILLGUYUSDT,Fresh_2026-10-01,False,1,1,False,True,-3.278627234866254,HIST_TIME_FALLBACK
fresh,BASE,0.0338983050847,PAPER:AUCTIONUSDT:1790866199999:SHORT,AUCTIONUSDT,Fresh_2026-10-01,False,1,1,False,False,,
fresh,BASE,0.0338983050847,PAPER:SPKUSDT:1791003899999:SHORT,SPKUSDT,Fresh_2026-10-03,False,1,1,False,True,-1.7409881265352445,HIST_TIME_FALLBACK
fresh,BASE,0.0338983050847,PAPER:ARXUSDT:1790882999999:SHORT,ARXUSDT,Fresh_2026-10-01,False,0,0,False,True,-1.4878647856317206,HIST_TIME_FALLBACK
fresh,BASE,0.0338983050847,PAPER:MUSDT:1791058199999:SHORT,MUSDT,Fresh_2026-10-03,False,0,0,False,True,-3.231488780544721,HIST_TIME_FALLBACK
fresh,BASE,0.0338983050847,PAPER:ENAUSDT:1790979299999:SHORT,ENAUSDT,Fresh_2026-10-02,False,1,1,False,True,-0.02836086356128542,BE0.10
fresh,BASE,0.0338983050847,PAPER:哈基米USDT:1790962799999:SHORT,哈基米USDT,Fresh_2026-10-02,True,2,2,False,False,,
fresh,BASE,0.0338983050847,PAPER:KMNOUSDT:1790848799999:SHORT,KMNOUSDT,Fresh_2026-10-01,True,1,1,False,True,-0.11847241867074537,BE0.10
fresh,BASE,0.0338983050847,PAPER:WLDUSDT:1791012599999:SHORT,WLDUSDT,Fresh_2026-10-03,True,2,2,False,True,-1.6752672642078732,HIST_TIME_FALLBACK
fresh,BASE,0.0338983050847,PAPER:哈基米USDT:1791001499999:SHORT,哈基米USDT,Fresh_2026-10-03,False,2,2,False,True,-0.1293058300081783,BE0.10
fresh,BASE,0.0338983050847,PAPER:MAGICUSDT:1790990699999:SHORT,MAGICUSDT,Fresh_2026-10-03,False,2,2,False,True,1.5449423977268113,FULL_CLOSE_050
fresh,BASE,0.0338983050847,PAPER:FLOCKUSDT:1790882999999:SHORT,FLOCKUSDT,Fresh_2026-10-01,True,0,0,False,True,4.057985172958385,FULL_CLOSE_050
fresh,BASE,0.0338983050847,PAPER:USUSDT:1790957999999:SHORT,USUSDT,Fresh_2026-10-02,True,1,1,False,True,-0.16374040715446286,BE0.10
fresh,BASE,0.0338983050847,PAPER:MOVRUSDT:1791008699999:SHORT,MOVRUSDT,Fresh_2026-10-03,False,2,2,False,False,,
fresh,BASE,0.0338983050847,PAPER:XANUSDT:1790961899999:SHORT,XANUSDT,Fresh_2026-10-02,False,0,0,False,True,1.8617943446994034,FULL_CLOSE_050
fresh,BASE,0.0338983050847,PAPER:LISTAUSDT:1790946599999:SHORT,LISTAUSDT,Fresh_2026-10-02,False,1,1,False,True,-1.2358738583694429,HIST_TIME_FALLBACK
fresh,BASE,0.0338983050847,PAPER:BERAUSDT:1790839499999:SHORT,BERAUSDT,Fresh_2026-10-01,False,2,2,False,True,-3.622665385233037,HIST_TIME_FALLBACK
fresh,BASE,0.0338983050847,PAPER:TOWNSUSDT:1790849999999:SHORT,TOWNSUSDT,Fresh_2026-10-01,False,1,1,False,True,-3.031103068188706,HIST_TIME_FALLBACK
fresh,BASE,0.0338983050847,PAPER:LPTUSDT:1790997599999:SHORT,LPTUSDT,Fresh_2026-10-03,False,2,2,False,False,,
fresh,BASE,0.0338983050847,PAPER:PROMPTUSDT:1790903399999:SHORT,PROMPTUSDT,Fresh_2026-10-02,False,3,3,False,True,-1.9660706875012948,HIST_TIME_FALLBACK
fresh,BASE,0.0338983050847,PAPER:JUPUSDT:1790966399999:SHORT,JUPUSDT,Fresh_2026-10-02,True,2,2,False,False,,
fresh,BASE,0.0338983050847,PAPER:JTOUSDT:1790842199999:SHORT,JTOUSDT,Fresh_2026-10-01,False,2,2,False,True,-4.33372493124235,HIST_TIME_FALLBACK
fresh,BASE,0.0338983050847,PAPER:FETUSDT:1790919599999:SHORT,FETUSDT,Fresh_2026-10-02,False,0,0,False,True,-2.864842273597039,HIST_TIME_FALLBACK
fresh,BASE,0.0338983050847,PAPER:DATAIPUSDT:1790897699999:SHORT,DATAIPUSDT,Fresh_2026-10-01,True,2,2,False,True,1.8320713239452235,FULL_CLOSE_050
fresh,BASE,0.0338983050847,PAPER:CCUSDT:1790919299999:SHORT,CCUSDT,Fresh_2026-10-02,False,0,0,False,True,1.0499439103670498,FULL_CLOSE_050
fresh,BASE,0.0338983050847,PAPER:LITUSDT:1790861099999:SHORT,LITUSDT,Fresh_2026-10-01,False,0,0,False,True,-0.004070138652935373,BE0.10
fresh,BASE,0.0338983050847,PAPER:EDUUSDT:1790965799999:SHORT,EDUUSDT,Fresh_2026-10-02,True,3,3,False,True,11.519654553686552,RUNNER_CLOSE
fresh,BASE,0.0338983050847,PAPER:MERLUSDT:1790953499999:SHORT,MERLUSDT,Fresh_2026-10-02,False,1,1,False,True,-2.860119656605608,HIST_TIME_FALLBACK
fresh,BASE,0.0338983050847,PAPER:DOODUSDT:1790966399999:SHORT,DOODUSDT,Fresh_2026-10-02,False,2,2,False,False,,
fresh,BASE,0.0338983050847,PAPER:TRIAUSDT:1790903399999:SHORT,TRIAUSDT,Fresh_2026-10-02,False,3,3,False,True,2.420686662585104,FULL_CLOSE_050
fresh,BASE,0.0338983050847,PAPER:ARKUSDT:1790991299999:SHORT,ARKUSDT,Fresh_2026-10-03,True,0,0,False,True,2.9340015432766298,FULL_CLOSE_050
fresh,BASE,0.0338983050847,PAPER:USELESSUSDT:1791001199999:SHORT,USELESSUSDT,Fresh_2026-10-03,True,2,2,False,True,1.4376163836711018,FULL_CLOSE_050
fresh,BASE,0.0338983050847,PAPER:APRUSDT:1790852999999:SHORT,APRUSDT,Fresh_2026-10-01,False,2,2,False,False,,
fresh,BASE,0.0338983050847,PAPER:HUMAUSDT:1790855099999:SHORT,HUMAUSDT,Fresh_2026-10-01,True,0,0,False,True,1.5340909942761574,FULL_CLOSE_050
fresh,BASE,0.0338983050847,PAPER:GRAMUSDT:1790868899999:SHORT,GRAMUSDT,Fresh_2026-10-01,False,1,1,False,True,-1.6145234023579123,HIST_TIME_FALLBACK
fresh,BASE,0.0338983050847,PAPER:币安人生USDT:1790965499999:SHORT,币安人生USDT,Fresh_2026-10-02,True,1,1,False,True,7.966689882816838,RUNNER_CLOSE
fresh,BASE,0.0338983050847,PAPER:ZENUSDT:1790965199999:SHORT,ZENUSDT,Fresh_2026-10-02,True,1,1,False,True,1.0700038681705697,FULL_CLOSE_050
fresh,BASE,0.0338983050847,PAPER:BRUSDT:1791032999999:SHORT,BRUSDT,Fresh_2026-10-03,False,3,3,False,False,,
fresh,BASE,0.0338983050847,PAPER:ZKUSDT:1790924699999:SHORT,ZKUSDT,Fresh_2026-10-02,False,2,2,False,False,,
fresh,BASE,0.0338983050847,PAPER:ARIAUSDT:1790862599999:SHORT,ARIAUSDT,Fresh_2026-10-01,False,1,1,False,True,-1.2285193068638909,HIST_TIME_FALLBACK
fresh,BASE,0.0338983050847,PAPER:ONUSDT:1791040499999:SHORT,ONUSDT,Fresh_2026-10-03,True,2,2,False,True,0.991905752634519,FULL_CLOSE_050
fresh,BASE,0.0338983050847,PAPER:NEOUSDT:1790873699999:SHORT,NEOUSDT,Fresh_2026-10-01,False,1,1,False,True,-2.1515704940987166,HIST_TIME_FALLBACK
fresh,BASE,0.0338983050847,PAPER:AEROUSDT:1790961299999:SHORT,AEROUSDT,Fresh_2026-10-02,False,1,1,False,True,-0.1108404352094638,BE0.10
fresh,BASE,0.0338983050847,PAPER:BELUSDT:1790947199999:SHORT,BELUSDT,Fresh_2026-10-02,False,2,2,False,False,,
fresh,BASE,0.0338983050847,PAPER:ARKUSDT:1790924699999:SHORT,ARKUSDT,Fresh_2026-10-02,True,1,1,False,True,1.1173531975785365,FULL_CLOSE_050
fresh,BASE,0.0338983050847,PAPER:MITOUSDT:1790864099999:SHORT,MITOUSDT,Fresh_2026-10-01,False,2,2,False,True,-3.5438438724014416,HIST_TIME_FALLBACK
fresh,BASE,0.0338983050847,PAPER:VIRTUALUSDT:1790966099999:SHORT,VIRTUALUSDT,Fresh_2026-10-02,False,2,2,False,False,,
fresh,BASE,0.0338983050847,PAPER:KMNOUSDT:1790847899999:SHORT,KMNOUSDT,Fresh_2026-10-01,False,3,3,False,False,,
fresh,BASE,0.0338983050847,PAPER:PUMPBTCUSDT:1790872199999:SHORT,PUMPBTCUSDT,Fresh_2026-10-01,False,0,0,False,True,-1.5674220849102916,HIST_TIME_FALLBACK
fresh,BASE,0.0338983050847,PAPER:JASMYUSDT:1790996099999:SHORT,JASMYUSDT,Fresh_2026-10-03,False,3,3,False,True,-0.08762509250839112,BE0.10
fresh,BASE,0.0338983050847,PAPER:LDOUSDT:1791031199999:SHORT,LDOUSDT,Fresh_2026-10-03,False,0,0,False,True,-0.07160260485622721,BE0.10
fresh,BASE,0.0338983050847,PAPER:STABLEUSDT:1790874899999:SHORT,STABLEUSDT,Fresh_2026-10-01,False,1,1,False,True,-8.280041034992687,HIST_TIME_FALLBACK
fresh,BASE,0.0338983050847,PAPER:BRUSDT:1790986199999:SHORT,BRUSDT,Fresh_2026-10-03,False,0,0,False,True,-0.17396148729083744,BE0.10
fresh,BASE,0.0338983050847,PAPER:TRADOORUSDT:1791033899999:SHORT,TRADOORUSDT,Fresh_2026-10-03,False,3,3,False,True,-5.869136992138272,HIST_TIME_FALLBACK
fresh,BASE,0.0338983050847,PAPER:CTRUSDT:1790866499999:SHORT,CTRUSDT,Fresh_2026-10-01,False,1,1,False,True,-2.6255552449241666,HIST_TIME_FALLBACK
fresh,BASE,0.0338983050847,PAPER:SKYUSDT:1790867399999:SHORT,SKYUSDT,Fresh_2026-10-01,False,2,2,False,True,-4.884232601368719,HIST_TIME_FALLBACK
fresh,BASE,0.0338983050847,PAPER:WAXPUSDT:1790968499999:SHORT,WAXPUSDT,Fresh_2026-10-02,False,2,2,False,True,-2.650073445316445,HIST_TIME_FALLBACK
fresh,BASE,0.0338983050847,PAPER:RAYSOLUSDT:1790968799999:SHORT,RAYSOLUSDT,Fresh_2026-10-02,False,1,1,False,True,-4.3707916945393155,HIST_TIME_FALLBACK
fresh,BASE,0.0338983050847,PAPER:ZROUSDT:1791044699999:SHORT,ZROUSDT,Fresh_2026-10-03,False,0,0,False,True,-0.16285132671650498,BE0.10
fresh,BASE,0.0338983050847,PAPER:ARXUSDT:1790923199999:SHORT,ARXUSDT,Fresh_2026-10-02,False,1,1,False,True,-0.23788098067846686,BE0.10
fresh,BASE,0.0338983050847,PAPER:PENGUUSDT:1790839199999:SHORT,PENGUUSDT,Fresh_2026-10-01,True,1,1,False,True,2.090470541858818,FULL_CLOSE_050
fresh,BASE,0.0338983050847,PAPER:KAITOUSDT:1790859899999:SHORT,KAITOUSDT,Fresh_2026-10-01,False,2,2,False,True,-0.055506945893124715,BE0.10
fresh,BASE,0.0338983050847,PAPER:SPACEUSDT:1790891099999:SHORT,SPACEUSDT,Fresh_2026-10-01,False,2,2,False,True,-2.650256721155524,HIST_TIME_FALLBACK
fresh,BASE,0.0338983050847,PAPER:OUSDT:1790971799999:SHORT,OUSDT,Fresh_2026-10-02,False,2,2,False,True,-0.3605843960311649,BE0.10
fresh,BASE,0.0338983050847,PAPER:KOMAUSDT:1790992499999:SHORT,KOMAUSDT,Fresh_2026-10-03,False,2,2,False,True,-1.1280503664307835,HIST_TIME_FALLBACK
fresh,BASE,0.0338983050847,PAPER:BTWUSDT:1791052199999:SHORT,BTWUSDT,Fresh_2026-10-03,False,1,1,False,True,-3.480765530753359,HIST_TIME_FALLBACK
fresh,BASE,0.0338983050847,PAPER:RIVERUSDT:1791034799999:SHORT,RIVERUSDT,Fresh_2026-10-03,True,0,0,False,True,1.1762976002167467,FULL_CLOSE_050
fresh,BASE,0.0338983050847,PAPER:1000PEPEUSDT:1790839499999:SHORT,1000PEPEUSDT,Fresh_2026-10-01,False,1,1,False,True,-1.9153840345033457,HIST_TIME_FALLBACK
fresh,BASE,0.0338983050847,PAPER:ERAUSDT:1790860199999:SHORT,ERAUSDT,Fresh_2026-10-01,False,2,2,False,False,,
fresh,BASE,0.0338983050847,PAPER:XPINUSDT:1790860199999:SHORT,XPINUSDT,Fresh_2026-10-01,False,1,1,False,True,-0.38900708953446006,BE0.10
fresh,BASE,0.0338983050847,PAPER:BLUAIUSDT:1790885399999:SHORT,BLUAIUSDT,Fresh_2026-10-01,True,3,3,False,False,,
fresh,BASE,0.0338983050847,PAPER:CHRUSDT:1790945099999:SHORT,CHRUSDT,Fresh_2026-10-02,False,3,3,False,False,,
fresh,BASE,0.0338983050847,PAPER:牛来USDT:1790951999999:SHORT,牛来USDT,Fresh_2026-10-02,False,2,2,False,True,1.618442915799946,FULL_CLOSE_050
fresh,BASE,0.0338983050847,PAPER:BIOUSDT:1790864099999:SHORT,BIOUSDT,Fresh_2026-10-01,False,0,0,False,True,-0.11029877955449291,BE0.10
fresh,BASE,0.0338983050847,PAPER:龙虾USDT:1791041099999:SHORT,龙虾USDT,Fresh_2026-10-03,False,0,0,False,True,0.9025811857341735,FULL_CLOSE_050
fresh,BASE,0.0338983050847,PAPER:SOONUSDT:1790869199999:SHORT,SOONUSDT,Fresh_2026-10-01,False,0,0,False,True,-1.5512649539993615,HIST_TIME_FALLBACK
fresh,BASE,0.0338983050847,PAPER:PHAUSDT:1790861999999:SHORT,PHAUSDT,Fresh_2026-10-01,True,2,2,False,True,1.8326686455935544,FULL_CLOSE_050
fresh,BASE,0.0338983050847,PAPER:LSKUSDT:1790917499999:SHORT,LSKUSDT,Fresh_2026-10-02,False,2,2,False,True,-2.768637137163076,HIST_TIME_FALLBACK
fresh,BASE,0.0338983050847,PAPER:PENGUUSDT:1790864099999:SHORT,PENGUUSDT,Fresh_2026-10-01,False,1,1,False,False,,
fresh,BASE,0.0338983050847,PAPER:PENDLEUSDT:1790849999999:SHORT,PENDLEUSDT,Fresh_2026-10-01,True,2,2,False,True,2.74501104965327,FULL_CLOSE_050
fresh,BASE,0.0338983050847,PAPER:PROMPTUSDT:1790867699999:SHORT,PROMPTUSDT,Fresh_2026-10-01,False,0,0,False,True,-0.2510626776193837,BE0.10
fresh,BASE,0.0338983050847,PAPER:GRAMUSDT:1790880599999:SHORT,GRAMUSDT,Fresh_2026-10-01,False,0,0,False,True,-0.3009355762202893,BE0.10
fresh,BASE,0.0338983050847,PAPER:SOONUSDT:1790924999999:SHORT,SOONUSDT,Fresh_2026-10-02,False,0,0,False,True,-5.314946303909512,HIST_TIME_FALLBACK
fresh,BASE,0.0338983050847,PAPER:ELSAUSDT:1790968199999:SHORT,ELSAUSDT,Fresh_2026-10-02,True,3,3,False,True,5.349849370207195,RUNNER_CLOSE
fresh,BASE,0.0338983050847,PAPER:XPLUSDT:1790965199999:SHORT,XPLUSDT,Fresh_2026-10-02,False,2,2,False,True,-1.3211827675222412,HIST_TIME_FALLBACK
fresh,BASE,0.0338983050847,PAPER:PHAUSDT:1790975399999:SHORT,PHAUSDT,Fresh_2026-10-02,True,1,1,False,True,5.18633777375308,RUNNER_CLOSE
fresh,BASE,0.0338983050847,PAPER:GRASSUSDT:1790859899999:SHORT,GRASSUSDT,Fresh_2026-10-01,False,3,3,False,True,-2.0742361234222306,HIST_TIME_FALLBACK
fresh,BASE,0.0338983050847,PAPER:TAUSDT:1790890799999:SHORT,TAUSDT,Fresh_2026-10-01,True,0,0,False,True,2.94574644314652,FULL_CLOSE_050
fresh,BASE,0.0338983050847,PAPER:BRUSDT:1791032399999:SHORT,BRUSDT,Fresh_2026-10-03,False,2,2,False,False,,
fresh,BASE,0.0338983050847,PAPER:ILVUSDT:1790965799999:SHORT,ILVUSDT,Fresh_2026-10-02,False,1,1,False,False,,
fresh,BASE,0.0338983050847,PAPER:XPLUSDT:1790976599999:SHORT,XPLUSDT,Fresh_2026-10-02,False,1,1,False,True,-0.06529300556826434,BE0.10
fresh,BASE,0.0338983050847,PAPER:MONUSDT:1791000299999:SHORT,MONUSDT,Fresh_2026-10-03,False,1,1,False,True,-0.00033199239466602526,BE0.10
fresh,BASE,0.0338983050847,PAPER:DATAIPUSDT:1790982899999:SHORT,DATAIPUSDT,Fresh_2026-10-02,False,1,1,False,True,1.1579881137669492,FULL_CLOSE_050
fresh,BASE,0.0338983050847,PAPER:TNSRUSDT:1791012899999:SHORT,TNSRUSDT,Fresh_2026-10-03,True,1,1,False,True,1.3309120938112318,FULL_CLOSE_050
fresh,BASE,0.0338983050847,PAPER:OUSDT:1790939699999:SHORT,OUSDT,Fresh_2026-10-02,False,1,1,False,True,1.9750119490662457,FULL_CLOSE_050
fresh,BASE,0.0338983050847,PAPER:EPICUSDT:1790990699999:SHORT,EPICUSDT,Fresh_2026-10-03,False,3,3,False,True,0.2940695165801051,FULL_CLOSE_050
fresh,BASE,0.0338983050847,PAPER:ALLOUSDT:1790929499999:SHORT,ALLOUSDT,Fresh_2026-10-02,True,2,2,False,True,4.404947391172128,FULL_CLOSE_050
fresh,BASE,0.0338983050847,PAPER:AWEUSDT:1790860799999:SHORT,AWEUSDT,Fresh_2026-10-01,False,0,0,False,True,-0.04750208260544464,BE0.10
fresh,BASE,0.0338983050847,PAPER:PUMPBTCUSDT:1790931899999:SHORT,PUMPBTCUSDT,Fresh_2026-10-02,True,0,0,False,True,1.5811636410721557,FULL_CLOSE_050
fresh,BASE,0.0338983050847,PAPER:JASMYUSDT:1790950199999:SHORT,JASMYUSDT,Fresh_2026-10-02,False,2,2,False,True,-3.1420901585900505,HIST_TIME_FALLBACK
fresh,BASE,0.0338983050847,PAPER:COMPUSDT:1790913899999:SHORT,COMPUSDT,Fresh_2026-10-02,False,0,0,False,True,-0.12176605780390604,BE0.10
fresh,BASE,0.0338983050847,PAPER:GENIUSUSDT:1790864099999:SHORT,GENIUSUSDT,Fresh_2026-10-01,False,0,0,False,True,-3.021315903855524,HIST_TIME_FALLBACK
fresh,BASE,0.0338983050847,PAPER:ATUSDT:1791008399999:SHORT,ATUSDT,Fresh_2026-10-03,False,1,1,False,True,-4.685825784559835,HIST_TIME_FALLBACK
fresh,BASE,0.0338983050847,PAPER:1000000BOBUSDT:1791023099999:SHORT,1000000BOBUSDT,Fresh_2026-10-03,False,0,0,False,True,-0.5519599743337846,BE0.10
fresh,BASE,0.0338983050847,PAPER:DYDXUSDT:1790890199999:SHORT,DYDXUSDT,Fresh_2026-10-01,False,1,1,False,True,-5.350107191823761,HIST_TIME_FALLBACK
fresh,BASE,0.0338983050847,PAPER:PONSUSDT:1790859899999:SHORT,PONSUSDT,Fresh_2026-10-01,True,1,1,False,True,1.1097901679100781,FULL_CLOSE_050
fresh,BASE,0.0338983050847,PAPER:ARXUSDT:1790939399999:SHORT,ARXUSDT,Fresh_2026-10-02,True,2,2,False,True,1.6943581357781672,FULL_CLOSE_050
fresh,BASE,0.0338983050847,PAPER:KSMUSDT:1790965799999:SHORT,KSMUSDT,Fresh_2026-10-02,False,1,1,False,True,-1.5428204918805983,HIST_TIME_FALLBACK
fresh,BASE,0.0338983050847,PAPER:SPORTFUNUSDT:1791060899999:SHORT,SPORTFUNUSDT,Fresh_2026-10-03,False,2,2,False,False,,
fresh,BASE,0.0338983050847,PAPER:INJUSDT:1790838899999:SHORT,INJUSDT,Fresh_2026-10-01,True,2,2,False,True,1.3547871559577351,FULL_CLOSE_050
fresh,BASE,0.0338983050847,PAPER:SEIUSDT:1790903099999:SHORT,SEIUSDT,Fresh_2026-10-02,False,1,1,False,True,-3.1794431469254993,HIST_TIME_FALLBACK
fresh,BASE,0.0338983050847,PAPER:CTRUSDT:1790860799999:SHORT,CTRUSDT,Fresh_2026-10-01,False,2,2,False,True,-3.4552529478808056,HIST_TIME_FALLBACK
fresh,BASE,0.0338983050847,PAPER:HANAUSDT:1790882999999:SHORT,HANAUSDT,Fresh_2026-10-01,False,2,2,False,True,-5.430521275125589,HIST_TIME_FALLBACK
fresh,BASE,0.0338983050847,PAPER:PUMPBTCUSDT:1790879399999:SHORT,PUMPBTCUSDT,Fresh_2026-10-01,False,2,2,False,True,-0.9501900380075186,HIST_TIME_FALLBACK
fresh,BASE,0.0338983050847,PAPER:MARSCOINUSDT:1790995199999:SHORT,MARSCOINUSDT,Fresh_2026-10-03,True,3,3,False,True,4.191897956916806,FULL_CLOSE_050
fresh,BASE,0.0338983050847,PAPER:CUSDT:1790936099999:SHORT,CUSDT,Fresh_2026-10-02,False,0,0,False,True,-3.55762963744015,HIST_TIME_FALLBACK
fresh,BASE,0.0338983050847,PAPER:CAPUSDT:1790924699999:SHORT,CAPUSDT,Fresh_2026-10-02,False,2,2,False,False,,
fresh,BASE,0.0338983050847,PAPER:COAIUSDT:1790953499999:SHORT,COAIUSDT,Fresh_2026-10-02,False,3,3,False,True,-5.213764211832833,HIST_TIME_FALLBACK
fresh,BASE,0.0338983050847,PAPER:SAGAUSDT:1791011999999:SHORT,SAGAUSDT,Fresh_2026-10-03,False,2,2,False,True,-0.05590653637642157,BE0.10
fresh,BASE,0.0338983050847,PAPER:PORTALUSDT:1791054299999:SHORT,PORTALUSDT,Fresh_2026-10-03,False,3,3,False,True,-0.10271511130677669,BE0.10
fresh,BASE,0.0338983050847,PAPER:HUMAUSDT:1791011099999:SHORT,HUMAUSDT,Fresh_2026-10-03,True,1,1,False,True,1.035920908670005,FULL_CLOSE_050
fresh,BASE,0.0338983050847,PAPER:BROCCOLIF3BUSDT:1790966699999:SHORT,BROCCOLIF3BUSDT,Fresh_2026-10-02,False,3,3,False,True,1.259350374641172,FULL_CLOSE_050
fresh,BASE,0.0338983050847,PAPER:BLUAIUSDT:1791031199999:SHORT,BLUAIUSDT,Fresh_2026-10-03,False,1,1,False,True,-7.262463431301457,HIST_TIME_FALLBACK
fresh,BASE,0.0338983050847,PAPER:DOLOUSDT:1790965799999:SHORT,DOLOUSDT,Fresh_2026-10-02,True,1,1,False,True,4.677970167446233,RUNNER_CLOSE
fresh,BASE,0.0338983050847,PAPER:STARUSDT:1790885399999:SHORT,STARUSDT,Fresh_2026-10-01,True,2,2,False,True,-0.09887168760280546,BE0.10
fresh,BASE,0.0338983050847,PAPER:ZKCUSDT:1790903699999:SHORT,ZKCUSDT,Fresh_2026-10-02,False,0,0,False,True,1.024236465622565,FULL_CLOSE_050
fresh,BASE,0.0338983050847,PAPER:HANAUSDT:1791005399999:SHORT,HANAUSDT,Fresh_2026-10-03,True,1,1,False,True,2.75168071823078,FULL_CLOSE_050
fresh,BASE,0.0338983050847,PAPER:PENGUUSDT:1790961899999:SHORT,PENGUUSDT,Fresh_2026-10-02,True,0,0,False,True,9.551754576237864,RUNNER_CLOSE
fresh,BASE,0.0338983050847,PAPER:EDGEUSDT:1790883299999:SHORT,EDGEUSDT,Fresh_2026-10-01,False,3,3,False,False,,
fresh,BASE,0.0338983050847,PAPER:FARTCOINUSDT:1790965499999:SHORT,FARTCOINUSDT,Fresh_2026-10-02,True,1,1,False,True,1.3187060074905008,FULL_CLOSE_050
fresh,BASE,0.0338983050847,PAPER:2ZUSDT:1790866199999:SHORT,2ZUSDT,Fresh_2026-10-01,False,0,0,False,True,-1.9180801927655708,HIST_TIME_FALLBACK
fresh,BASE,0.0338983050847,PAPER:LPTUSDT:1790840399999:SHORT,LPTUSDT,Fresh_2026-10-01,False,1,1,False,True,-1.2370526110952482,HIST_TIME_FALLBACK
fresh,BASE,0.0338983050847,PAPER:NMRUSDT:1790852699999:SHORT,NMRUSDT,Fresh_2026-10-01,True,2,2,False,True,-0.0027291104907989916,BE0.10
fresh,BASE,0.0338983050847,PAPER:GRASSUSDT:1790996099999:SHORT,GRASSUSDT,Fresh_2026-10-03,False,1,1,False,True,-2.4423233227198957,HIST_TIME_FALLBACK
fresh,BASE,0.0338983050847,PAPER:NILUSDT:1790848499999:SHORT,NILUSDT,Fresh_2026-10-01,True,1,1,False,True,2.0553826829647024,FULL_CLOSE_050
fresh,BASE,0.0338983050847,PAPER:USELESSUSDT:1790942699999:SHORT,USELESSUSDT,Fresh_2026-10-02,False,0,0,False,True,-0.040384167345975164,BE0.10
fresh,BASE,0.0338983050847,PAPER:GRASSUSDT:1790888699999:SHORT,GRASSUSDT,Fresh_2026-10-01,False,1,1,False,True,-0.03092496236216241,BE0.10
fresh,BASE,0.0338983050847,PAPER:NOMUSDT:1791012299999:SHORT,NOMUSDT,Fresh_2026-10-03,False,2,2,False,True,-1.5774772435689564,HIST_TIME_FALLBACK
fresh,BASE,0.0338983050847,PAPER:ALCHUSDT:1790968799999:SHORT,ALCHUSDT,Fresh_2026-10-02,False,1,1,False,False,,
fresh,BASE,0.0338983050847,PAPER:BERAUSDT:1790973899999:SHORT,BERAUSDT,Fresh_2026-10-02,False,3,3,False,True,-2.736363775877332,HIST_TIME_FALLBACK
fresh,BASE,0.0338983050847,PAPER:SPORTFUNUSDT:1790881199999:SHORT,SPORTFUNUSDT,Fresh_2026-10-01,False,1,1,False,True,-3.4712738154793583,HIST_TIME_FALLBACK
fresh,BASE,0.0338983050847,PAPER:CCUSDT:1790950499999:SHORT,CCUSDT,Fresh_2026-10-02,False,2,2,False,True,-2.875942151642586,HIST_TIME_FALLBACK
fresh,BASE,0.0338983050847,PAPER:SKLUSDT:1790859899999:SHORT,SKLUSDT,Fresh_2026-10-01,False,3,3,False,True,0.8304242440307943,FULL_CLOSE_050
fresh,BASE,0.0338983050847,PAPER:2ZUSDT:1790890799999:SHORT,2ZUSDT,Fresh_2026-10-01,False,2,2,False,True,-14.281816770139868,HIST_TIME_FALLBACK
fresh,BASE,0.0338983050847,PAPER:BANUSDT:1790958899999:SHORT,BANUSDT,Fresh_2026-10-02,False,2,2,False,True,-2.4845201224151787,HIST_TIME_FALLBACK
fresh,BASE,0.0338983050847,PAPER:TRIAUSDT:1790961899999:SHORT,TRIAUSDT,Fresh_2026-10-02,False,3,3,False,True,-3.6121804128774264,HIST_TIME_FALLBACK
fresh,BASE,0.0338983050847,PAPER:CROSSUSDT:1791010199999:SHORT,CROSSUSDT,Fresh_2026-10-03,False,0,0,False,True,-4.055988057145402,HIST_TIME_FALLBACK
fresh,BASE,0.0338983050847,PAPER:JUPUSDT:1790839199999:SHORT,JUPUSDT,Fresh_2026-10-01,True,0,0,False,True,0.8963830577366747,FULL_CLOSE_050
fresh,BASE,0.0338983050847,PAPER:KERNELUSDT:1790962799999:SHORT,KERNELUSDT,Fresh_2026-10-02,False,0,0,False,True,-2.935474077818361,HIST_TIME_FALLBACK
fresh,BASE,0.0338983050847,PAPER:THEUSDT:1790968199999:SHORT,THEUSDT,Fresh_2026-10-02,False,0,0,False,True,1.9465753524734892,FULL_CLOSE_050
fresh,BASE,0.0338983050847,PAPER:STARUSDT:1790958599999:SHORT,STARUSDT,Fresh_2026-10-02,False,0,0,False,True,-1.5105876758896017,HIST_TIME_FALLBACK
fresh,BASE,0.0338983050847,PAPER:MASKUSDT:1791011399999:SHORT,MASKUSDT,Fresh_2026-10-03,True,1,1,False,True,1.2940843008627074,FULL_CLOSE_050
fresh,BASE,0.0338983050847,PAPER:INJUSDT:1791001199999:SHORT,INJUSDT,Fresh_2026-10-03,False,1,1,False,True,-4.153017167016389,HIST_TIME_FALLBACK
fresh,BASE,0.0338983050847,PAPER:FORMUSDT:1790848499999:SHORT,FORMUSDT,Fresh_2026-10-01,True,0,0,False,True,1.6761226064730785,FULL_CLOSE_050
fresh,BASE,0.0338983050847,PAPER:MARSCOINUSDT:1790962499999:SHORT,MARSCOINUSDT,Fresh_2026-10-02,True,2,2,False,True,2.7966302467080366,FULL_CLOSE_050
fresh,BASE,0.0338983050847,PAPER:STXUSDT:1790924999999:SHORT,STXUSDT,Fresh_2026-10-02,True,2,2,False,True,-0.13866581746507928,BE0.10
fresh,BASE,0.0338983050847,PAPER:0GUSDT:1790845799999:SHORT,0GUSDT,Fresh_2026-10-01,True,2,2,False,True,1.810036439659064,FULL_CLOSE_050
fresh,BASE,0.0338983050847,PAPER:ZECUSDT:1791036899999:SHORT,ZECUSDT,Fresh_2026-10-03,False,3,3,False,True,-0.0025704926567072794,BE0.10
fresh,BASE,0.0338983050847,PAPER:2ZUSDT:1790998499999:SHORT,2ZUSDT,Fresh_2026-10-03,False,3,3,False,True,-1.9600929096377473,HIST_TIME_FALLBACK
fresh,BASE,0.0338983050847,PAPER:TURTLEUSDT:1791023999999:SHORT,TURTLEUSDT,Fresh_2026-10-03,False,1,1,False,True,-3.9896470536516797,HIST_TIME_FALLBACK
fresh,BASE,0.0338983050847,PAPER:GRASSUSDT:1790953499999:SHORT,GRASSUSDT,Fresh_2026-10-02,False,2,2,False,True,-11.894116361531935,HIST_TIME_FALLBACK
fresh,BASE,0.0338983050847,PAPER:XPLUSDT:1790890499999:SHORT,XPLUSDT,Fresh_2026-10-01,False,3,3,False,True,-0.05063631383773576,BE0.10
fresh,BASE,0.0338983050847,PAPER:SPXUSDT:1790839199999:SHORT,SPXUSDT,Fresh_2026-10-01,True,1,1,False,True,2.9501064115316473,FULL_CLOSE_050
fresh,BASE,0.0338983050847,PAPER:ARBUSDT:1790966399999:SHORT,ARBUSDT,Fresh_2026-10-02,True,0,0,False,True,-0.0224353612485243,BE0.10
fresh,BASE,0.0338983050847,PAPER:POWERUSDT:1790930699999:SHORT,POWERUSDT,Fresh_2026-10-02,False,1,1,False,True,-1.3802902381138638,HIST_TIME_FALLBACK
fresh,BASE,0.0338983050847,PAPER:ROSEUSDT:1790965199999:SHORT,ROSEUSDT,Fresh_2026-10-02,False,1,1,False,True,-0.048252758659721506,BE0.10
fresh,BASE,0.0338983050847,PAPER:ARUSDT:1790877899999:SHORT,ARUSDT,Fresh_2026-10-01,True,1,1,False,True,1.03575587346178,FULL_CLOSE_050
fresh,BASE,0.0338983050847,PAPER:MINAUSDT:1790889299999:SHORT,MINAUSDT,Fresh_2026-10-01,False,0,0,False,True,-0.015409104229864079,BE0.10
fresh,BASE,0.0338983050847,PAPER:TOSHIUSDT:1790961299999:SHORT,TOSHIUSDT,Fresh_2026-10-02,False,1,1,False,True,-0.142810699236592,BE0.10
fresh,BASE,0.0338983050847,PAPER:PENDLEUSDT:1790929499999:SHORT,PENDLEUSDT,Fresh_2026-10-02,False,1,1,False,True,-0.011445745873896407,BE0.10
fresh,BASE,0.0338983050847,PAPER:ATOMUSDT:1790858999999:SHORT,ATOMUSDT,Fresh_2026-10-01,True,2,2,False,True,0.7859088869797443,FULL_CLOSE_050
fresh,BASE,0.0338983050847,PAPER:DEEPUSDT:1790866199999:SHORT,DEEPUSDT,Fresh_2026-10-01,False,1,1,False,True,-0.4953284387000207,BE0.10
fresh,BASE,0.0338983050847,PAPER:AKEUSDT:1790849699999:SHORT,AKEUSDT,Fresh_2026-10-01,False,1,1,False,False,,
fresh,BASE,0.0338983050847,PAPER:ZKUSDT:1790842199999:SHORT,ZKUSDT,Fresh_2026-10-01,False,2,2,False,True,-5.598595749329737,HIST_TIME_FALLBACK
fresh,BASE,0.0338983050847,PAPER:XPINUSDT:1790968199999:SHORT,XPINUSDT,Fresh_2026-10-02,False,0,0,False,True,0.8856602922052357,FULL_CLOSE_050
fresh,BASE,0.0338983050847,PAPER:ANIMEUSDT:1790903699999:SHORT,ANIMEUSDT,Fresh_2026-10-02,False,2,2,False,True,-0.04798182526257144,BE0.10
fresh,BASE,0.0338983050847,PAPER:WALUSDT:1790914199999:SHORT,WALUSDT,Fresh_2026-10-02,False,2,2,False,True,-5.970708168182231,HIST_TIME_FALLBACK
fresh,BASE,0.0338983050847,PAPER:ENAUSDT:1790838899999:SHORT,ENAUSDT,Fresh_2026-10-01,True,3,3,False,True,2.1001696828051575,FULL_CLOSE_050
fresh,BASE,0.0338983050847,PAPER:CAPUSDT:1790930399999:SHORT,CAPUSDT,Fresh_2026-10-02,True,2,2,False,True,1.7603737014050471,FULL_CLOSE_050
fresh,BASE,0.0338983050847,PAPER:SUPERUSDT:1790848799999:SHORT,SUPERUSDT,Fresh_2026-10-01,False,1,1,False,True,-0.013399686917256126,BE0.10
fresh,BASE,0.0338983050847,PAPER:PLAYUSDT:1790829599999:SHORT,PLAYUSDT,Fresh_2026-10-01,False,2,2,False,False,,
fresh,BASE,0.0338983050847,PAPER:OUSDT:1790942399999:SHORT,OUSDT,Fresh_2026-10-02,False,2,2,False,True,-3.460037787501743,HIST_TIME_FALLBACK
fresh,BASE,0.0338983050847,PAPER:HEMIUSDT:1790912999999:SHORT,HEMIUSDT,Fresh_2026-10-02,False,2,2,False,True,-2.5186537385809844,HIST_TIME_FALLBACK
fresh,BASE,0.0338983050847,PAPER:IOTAUSDT:1790950199999:SHORT,IOTAUSDT,Fresh_2026-10-02,False,1,1,False,True,-0.04154021038367084,BE0.10
fresh,BASE,0.0338983050847,PAPER:KASUSDT:1790878199999:SHORT,KASUSDT,Fresh_2026-10-01,False,2,2,False,True,2.1753995251499854,FULL_CLOSE_050
fresh,BASE,0.0338983050847,PAPER:PIPPINUSDT:1790882699999:SHORT,PIPPINUSDT,Fresh_2026-10-01,False,1,1,False,True,1.2121217980096646,FULL_CLOSE_050
fresh,BASE,0.0338983050847,PAPER:0GUSDT:1790962799999:SHORT,0GUSDT,Fresh_2026-10-02,False,0,0,False,True,3.9425233125492705,FULL_CLOSE_050
fresh,BASE,0.0338983050847,PAPER:BANANAS31USDT:1790965499999:SHORT,BANANAS31USDT,Fresh_2026-10-02,True,2,2,False,True,8.619730295915788,RUNNER_CLOSE
fresh,BASE,0.0338983050847,PAPER:1000SATSUSDT:1790840399999:SHORT,1000SATSUSDT,Fresh_2026-10-01,False,1,1,False,True,1.0601520906591284,FULL_CLOSE_050
fresh,BASE,0.0338983050847,PAPER:ZECUSDT:1790880599999:SHORT,ZECUSDT,Fresh_2026-10-01,True,2,2,False,True,2.438729125232133,FULL_CLOSE_050
fresh,BASE,0.0338983050847,PAPER:NIGHTUSDT:1791047099999:SHORT,NIGHTUSDT,Fresh_2026-10-03,False,2,2,False,True,-0.03728695587141734,BE0.10
fresh,BASE,0.0338983050847,PAPER:TACUSDT:1790882699999:SHORT,TACUSDT,Fresh_2026-10-01,True,0,0,False,True,1.5988879507282867,FULL_CLOSE_050
fresh,BASE,0.0338983050847,PAPER:ICNTUSDT:1790865299999:SHORT,ICNTUSDT,Fresh_2026-10-01,False,3,3,False,True,0.6157386065325869,FULL_CLOSE_050
fresh,BASE,0.0338983050847,PAPER:USELESSUSDT:1790849099999:SHORT,USELESSUSDT,Fresh_2026-10-01,False,1,1,False,True,-1.1951007301046612,HIST_TIME_FALLBACK
fresh,BASE,0.0338983050847,PAPER:MARSCOINUSDT:1790924399999:SHORT,MARSCOINUSDT,Fresh_2026-10-02,True,1,1,False,True,-0.011560544213807422,BE0.10
fresh,BASE,0.0338983050847,PAPER:GWEIUSDT:1790951699999:SHORT,GWEIUSDT,Fresh_2026-10-02,False,0,0,False,True,-0.7174726088871157,HIST_TIME_FALLBACK
fresh,BASE,0.0338983050847,PAPER:BTRUSDT:1790996699999:SHORT,BTRUSDT,Fresh_2026-10-03,False,2,2,False,True,-3.7920605410618866,HIST_TIME_FALLBACK
fresh,BASE,0.0338983050847,PAPER:GPSUSDT:1790882399999:SHORT,GPSUSDT,Fresh_2026-10-01,False,0,0,False,True,-4.137005645497225,HIST_TIME_FALLBACK
fresh,BASE,0.0338983050847,PAPER:1000000BOBUSDT:1790988599999:SHORT,1000000BOBUSDT,Fresh_2026-10-03,False,0,0,False,True,-0.9501900380076012,BE0.10
fresh,BASE,0.0338983050847,PAPER:NOMUSDT:1791008699999:SHORT,NOMUSDT,Fresh_2026-10-03,False,2,2,False,True,-0.11797858324781152,BE0.10
fresh,BASE,0.0338983050847,PAPER:PUMPUSDT:1790891099999:SHORT,PUMPUSDT,Fresh_2026-10-01,True,3,3,False,True,3.612458495204804,FULL_CLOSE_050
fresh,BASE,0.0338983050847,PAPER:SUPERUSDT:1790938799999:SHORT,SUPERUSDT,Fresh_2026-10-02,False,2,2,False,True,-0.7257671776453357,BE0.10
fresh,BASE,0.0338983050847,PAPER:NEARUSDT:1790965199999:SHORT,NEARUSDT,Fresh_2026-10-02,False,1,1,False,True,-1.0574025439057229,HIST_TIME_FALLBACK
fresh,BASE,0.0338983050847,PAPER:USUSDT:1791040799999:SHORT,USUSDT,Fresh_2026-10-03,True,1,1,False,True,5.803953409208827,RUNNER_CLOSE
fresh,BASE,0.0338983050847,PAPER:1000XECUSDT:1790912999999:SHORT,1000XECUSDT,Fresh_2026-10-02,False,1,1,False,False,,
fresh,BASE,0.0338983050847,PAPER:TIAUSDT:1790859899999:SHORT,TIAUSDT,Fresh_2026-10-01,True,0,0,False,True,1.8404730423436915,FULL_CLOSE_050
fresh,BASE,0.0338983050847,PAPER:DYDXUSDT:1791053699999:SHORT,DYDXUSDT,Fresh_2026-10-03,False,2,2,False,True,-4.678238169637902,HIST_TIME_FALLBACK
fresh,BASE,0.0338983050847,PAPER:ALLOUSDT:1790842499999:SHORT,ALLOUSDT,Fresh_2026-10-01,False,2,2,False,True,-3.3262545454135,HIST_TIME_FALLBACK
fresh,BASE,0.0338983050847,PAPER:CAKEUSDT:1790966699999:SHORT,CAKEUSDT,Fresh_2026-10-02,False,3,3,False,True,-2.660305377327315,HIST_TIME_FALLBACK
fresh,BASE,0.0338983050847,PAPER:HYPEUSDT:1790870399999:SHORT,HYPEUSDT,Fresh_2026-10-01,False,0,0,False,True,-3.074716950219544,HIST_TIME_FALLBACK
fresh,BASE,0.0338983050847,PAPER:PROMUSDT:1790982599999:SHORT,PROMUSDT,Fresh_2026-10-02,False,3,3,False,True,-2.287995136364153,HIST_TIME_FALLBACK
fresh,BASE,0.0338983050847,PAPER:PTBUSDT:1790965799999:SHORT,PTBUSDT,Fresh_2026-10-02,False,2,2,False,False,,
fresh,BASE,0.0338983050847,PAPER:ZECUSDT:1790866199999:SHORT,ZECUSDT,Fresh_2026-10-01,False,2,2,False,True,-1.0524496052247967,HIST_TIME_FALLBACK
fresh,BASE,0.0338983050847,PAPER:SPXUSDT:1790965499999:SHORT,SPXUSDT,Fresh_2026-10-02,True,2,2,False,True,1.9895280148348782,FULL_CLOSE_050
fresh,BASE,0.0338983050847,PAPER:NILUSDT:1790828399999:SHORT,NILUSDT,Fresh_2026-10-01,False,3,3,False,True,-1.7656488069780758,HIST_TIME_FALLBACK
fresh,BASE,0.0338983050847,PAPER:RAVEUSDT:1790872799999:SHORT,RAVEUSDT,Fresh_2026-10-01,False,1,1,False,True,-1.4563327984100372,HIST_TIME_FALLBACK
fresh,BASE,0.0338983050847,PAPER:HOLOUSDT:1790864099999:SHORT,HOLOUSDT,Fresh_2026-10-01,False,1,1,False,True,-0.3195441292983522,BE0.10
fresh,BASE,0.0338983050847,PAPER:USUSDT:1790954999999:SHORT,USUSDT,Fresh_2026-10-02,True,3,3,False,False,,
fresh,BASE,0.0338983050847,PAPER:CGPTUSDT:1790989199999:SHORT,CGPTUSDT,Fresh_2026-10-03,False,1,1,False,True,-3.4383631470984204,HIST_TIME_FALLBACK
fresh,BASE,0.0338983050847,PAPER:ENAUSDT:1790866499999:SHORT,ENAUSDT,Fresh_2026-10-01,True,2,2,False,True,2.352492058427586,FULL_CLOSE_050
fresh,BASE,0.0338983050847,PAPER:ESPORTSUSDT:1790882699999:SHORT,ESPORTSUSDT,Fresh_2026-10-01,False,3,3,False,False,,
fresh,BASE,0.0338983050847,PAPER:ARXUSDT:1790840399999:SHORT,ARXUSDT,Fresh_2026-10-01,False,1,1,False,True,-2.804859137815012,HIST_TIME_FALLBACK
fresh,BASE,0.0338983050847,PAPER:ATUSDT:1791039899999:SHORT,ATUSDT,Fresh_2026-10-03,True,0,0,False,True,8.640786337075735,RUNNER_CLOSE
fresh,BASE,0.0338983050847,PAPER:GRTUSDT:1790966399999:SHORT,GRTUSDT,Fresh_2026-10-02,False,2,2,False,False,,
fresh,BASE,0.0338983050847,PAPER:牛来USDT:1790961599999:SHORT,牛来USDT,Fresh_2026-10-02,False,2,2,False,False,,
fresh,BASE,0.0338983050847,PAPER:SONICUSDT:1791062699999:SHORT,SONICUSDT,Fresh_2026-10-03,False,2,2,False,True,1.634853363147748,FULL_CLOSE_050
fresh,BASE,0.0338983050847,PAPER:REDUSDT:1790911799999:SHORT,REDUSDT,Fresh_2026-10-02,False,2,2,False,False,,
fresh,BASE,0.0338983050847,PAPER:PROMUSDT:1791030299999:SHORT,PROMUSDT,Fresh_2026-10-03,True,1,1,False,True,1.1633135249980198,FULL_CLOSE_050
fresh,BASE,0.0338983050847,PAPER:PONSUSDT:1790966099999:SHORT,PONSUSDT,Fresh_2026-10-02,True,2,2,False,True,14.738239537695877,RUNNER_CLOSE
fresh,BASE,0.0338983050847,PAPER:ATHUSDT:1790865899999:SHORT,ATHUSDT,Fresh_2026-10-01,False,2,2,False,False,,
fresh,BASE,0.0338983050847,PAPER:POLUSDT:1790955599999:SHORT,POLUSDT,Fresh_2026-10-02,False,0,0,False,True,-0.1714055380856993,BE0.10
fresh,BASE,0.0338983050847,PAPER:ZETAUSDT:1790971799999:SHORT,ZETAUSDT,Fresh_2026-10-02,False,2,2,False,True,-0.8454233594730631,HIST_TIME_FALLBACK
fresh,BASE,0.0338983050847,PAPER:SYNUSDT:1791032699999:SHORT,SYNUSDT,Fresh_2026-10-03,True,2,2,False,True,1.0646968649904975,FULL_CLOSE_050
fresh,BASE,0.0338983050847,PAPER:我踏马来了USDT:1790903999999:SHORT,我踏马来了USDT,Fresh_2026-10-02,False,3,3,False,True,-0.39531650985775557,BE0.10
fresh,BASE,0.0338983050847,PAPER:LUMIAUSDT:1790919599999:SHORT,LUMIAUSDT,Fresh_2026-10-02,False,0,0,False,True,-3.2160248118564407,HIST_TIME_FALLBACK
fresh,BASE,0.0338983050847,PAPER:NOMUSDT:1790882999999:SHORT,NOMUSDT,Fresh_2026-10-01,False,0,0,False,True,0.928140881459629,FULL_CLOSE_050
fresh,BASE,0.0338983050847,PAPER:MEGAUSDT:1790968199999:SHORT,MEGAUSDT,Fresh_2026-10-02,False,1,1,False,True,-0.06811921855730213,BE0.10
fresh,BASE,0.0338983050847,PAPER:BRETTUSDT:1790962799999:SHORT,BRETTUSDT,Fresh_2026-10-02,False,3,3,False,True,-0.023666886330251102,BE0.10
fresh,BASE,0.0338983050847,PAPER:JUPUSDT:1790858699999:SHORT,JUPUSDT,Fresh_2026-10-01,True,2,2,False,True,2.3246009248578114,FULL_CLOSE_050
fresh,BASE,0.0338983050847,PAPER:BICOUSDT:1790840699999:SHORT,BICOUSDT,Fresh_2026-10-01,False,0,0,False,True,-2.812795396288553,HIST_TIME_FALLBACK
fresh,BASE,0.0338983050847,PAPER:XVSUSDT:1790939999999:SHORT,XVSUSDT,Fresh_2026-10-02,False,0,0,False,True,-0.23813429115407192,BE0.10
fresh,BASE,0.0338983050847,PAPER:HUMAUSDT:1790914499999:SHORT,HUMAUSDT,Fresh_2026-10-02,False,1,1,False,True,-0.45742443614455164,HIST_TIME_FALLBACK
fresh,BASE,0.0338983050847,PAPER:STBLUSDT:1790931899999:SHORT,STBLUSDT,Fresh_2026-10-02,False,0,0,False,True,-0.5686540699907927,BE0.10
fresh,BASE,0.0338983050847,PAPER:TRUMPUSDT:1790962799999:SHORT,TRUMPUSDT,Fresh_2026-10-02,False,2,2,False,True,1.2188887825711336,FULL_CLOSE_050
fresh,BASE,0.0338983050847,PAPER:YBUSDT:1790857199999:SHORT,YBUSDT,Fresh_2026-10-01,False,0,0,False,True,-2.1934873757720053,HIST_TIME_FALLBACK
fresh,BASE,0.0338983050847,PAPER:TWTUSDT:1790926199999:SHORT,TWTUSDT,Fresh_2026-10-02,False,1,1,False,True,-1.906481648014208,HIST_TIME_FALLBACK
fresh,BASE,0.0338983050847,PAPER:WCTUSDT:1790966699999:SHORT,WCTUSDT,Fresh_2026-10-02,False,3,3,False,False,,
fresh,BASE,0.0338983050847,PAPER:ZKUSDT:1790916899999:SHORT,ZKUSDT,Fresh_2026-10-02,False,0,0,False,True,1.0812406719476404,FULL_CLOSE_050
fresh,BASE,0.0338983050847,PAPER:OPNUSDT:1790965199999:SHORT,OPNUSDT,Fresh_2026-10-02,True,1,1,False,True,0.7225022959217706,FULL_CLOSE_050
fresh,BASE,0.0338983050847,PAPER:1000RATSUSDT:1790852099999:SHORT,1000RATSUSDT,Fresh_2026-10-01,False,3,3,False,False,,
fresh,BASE,0.0338983050847,PAPER:CRVUSDT:1791000299999:SHORT,CRVUSDT,Fresh_2026-10-03,False,2,2,False,True,1.6245063915328246,FULL_CLOSE_050
fresh,BASE,0.0338983050847,PAPER:BULLAUSDT:1791031499999:SHORT,BULLAUSDT,Fresh_2026-10-03,False,0,0,False,True,-2.9190206772917415,HIST_TIME_FALLBACK
fresh,BASE,0.0338983050847,PAPER:ZAMAUSDT:1791029999999:SHORT,ZAMAUSDT,Fresh_2026-10-03,False,2,2,False,True,-3.9955143880487074,HIST_TIME_FALLBACK
fresh,BASE,0.0338983050847,PAPER:ACEUSDT:1790852699999:SHORT,ACEUSDT,Fresh_2026-10-01,False,1,1,False,True,-2.3856669924504748,HIST_TIME_FALLBACK
fresh,BASE,0.0338983050847,PAPER:POWERUSDT:1790945399999:SHORT,POWERUSDT,Fresh_2026-10-02,False,0,0,False,True,-0.02297000212586825,BE0.10
fresh,BASE,0.0338983050847,PAPER:BRETTUSDT:1790891099999:SHORT,BRETTUSDT,Fresh_2026-10-01,False,1,1,False,True,-0.4956175806537768,BE0.10
fresh,BASE,0.0338983050847,PAPER:EDENUSDT:1790941499999:SHORT,EDENUSDT,Fresh_2026-10-02,False,1,1,False,True,-0.03216284720764728,BE0.10
fresh,BASE,0.0338983050847,PAPER:PUMPBTCUSDT:1790901299999:SHORT,PUMPBTCUSDT,Fresh_2026-10-02,False,2,2,False,False,,
fresh,BASE,0.0338983050847,PAPER:BRUSDT:1790925599999:SHORT,BRUSDT,Fresh_2026-10-02,False,1,1,False,True,1.036046217920719,FULL_CLOSE_050
fresh,BASE,0.0338983050847,PAPER:SKYUSDT:1791046199999:SHORT,SKYUSDT,Fresh_2026-10-03,False,0,0,False,True,-0.04447896251194905,BE0.10
fresh,BASE,0.0338983050847,PAPER:SUIUSDT:1790839499999:SHORT,SUIUSDT,Fresh_2026-10-01,False,2,2,False,True,-3.1368718047296182,HIST_TIME_FALLBACK
fresh,BASE,0.0338983050847,PAPER:API3USDT:1790842499999:SHORT,API3USDT,Fresh_2026-10-01,False,3,3,False,False,,
fresh,BASE,0.0338983050847,PAPER:RIFUSDT:1790914499999:SHORT,RIFUSDT,Fresh_2026-10-02,False,0,0,False,True,-0.015234509359754955,BE0.10
fresh,BASE,0.0338983050847,PAPER:GTCUSDT:1790976599999:SHORT,GTCUSDT,Fresh_2026-10-02,False,0,0,False,True,-1.3741966929420544,HIST_TIME_FALLBACK
fresh,BASE,0.0338983050847,PAPER:LITUSDT:1790953499999:SHORT,LITUSDT,Fresh_2026-10-02,False,1,1,False,True,-2.492667306675072,HIST_TIME_FALLBACK
fresh,BASE,0.0338983050847,PAPER:BANANAS31USDT:1790961899999:SHORT,BANANAS31USDT,Fresh_2026-10-02,False,0,0,False,True,1.7120899249654769,FULL_CLOSE_050
fresh,BASE,0.0338983050847,PAPER:NILUSDT:1790965799999:SHORT,NILUSDT,Fresh_2026-10-02,False,1,1,False,True,-2.8789410913263294,HIST_TIME_FALLBACK
fresh,BASE,0.0338983050847,PAPER:BRUSDT:1790858399999:SHORT,BRUSDT,Fresh_2026-10-01,False,0,0,False,True,-1.3011393420655004,HIST_TIME_FALLBACK
fresh,BASE,0.0338983050847,PAPER:COOKIEUSDT:1790959199999:SHORT,COOKIEUSDT,Fresh_2026-10-02,False,2,2,False,True,-1.1421430980727831,HIST_TIME_FALLBACK
fresh,BASE,0.0338983050847,PAPER:GTCUSDT:1790861399999:SHORT,GTCUSDT,Fresh_2026-10-01,False,1,1,False,False,,
fresh,BASE,0.0338983050847,PAPER:JASMYUSDT:1790961899999:SHORT,JASMYUSDT,Fresh_2026-10-02,True,1,1,False,True,1.5040726323655196,FULL_CLOSE_050
fresh,BASE,0.0338983050847,PAPER:PONSUSDT:1790965199999:SHORT,PONSUSDT,Fresh_2026-10-02,False,1,1,False,True,-1.1526062086659317,HIST_TIME_FALLBACK
fresh,BASE,0.0338983050847,PAPER:TSTUSDT:1790965799999:SHORT,TSTUSDT,Fresh_2026-10-02,True,1,1,False,True,2.664071261905762,FULL_CLOSE_050
fresh,BASE,0.0338983050847,PAPER:ONEUSDT:1790966399999:SHORT,ONEUSDT,Fresh_2026-10-02,False,0,0,False,True,-2.856677578191415,HIST_TIME_FALLBACK
fresh,BASE,0.0338983050847,PAPER:JCTUSDT:1790890199999:SHORT,JCTUSDT,Fresh_2026-10-01,False,2,2,False,True,-0.354621697688707,BE0.10
fresh,BASE,0.0338983050847,PAPER:ARBUSDT:1790842199999:SHORT,ARBUSDT,Fresh_2026-10-01,False,3,3,False,True,-4.807167631592496,HIST_TIME_FALLBACK
fresh,BASE,0.0338983050847,PAPER:TAKEUSDT:1790933099999:SHORT,TAKEUSDT,Fresh_2026-10-02,True,2,2,False,True,0.8735571845458621,FULL_CLOSE_050
fresh,BASE,0.0338983050847,PAPER:USUALUSDT:1790842499999:SHORT,USUALUSDT,Fresh_2026-10-01,False,3,3,False,False,,
fresh,BASE,0.0338983050847,PAPER:TAGUSDT:1790838299999:SHORT,TAGUSDT,Fresh_2026-10-01,True,2,2,False,True,1.1345747516000304,FULL_CLOSE_050
fresh,BASE,0.0338983050847,PAPER:ARPAUSDT:1790879699999:SHORT,ARPAUSDT,Fresh_2026-10-01,False,2,2,False,True,-1.892470334780445,HIST_TIME_FALLBACK
fresh,BASE,0.0338983050847,PAPER:NILUSDT:1790929499999:SHORT,NILUSDT,Fresh_2026-10-02,False,1,1,False,True,-0.2653234844730265,HIST_TIME_FALLBACK
fresh,BASE,0.0338983050847,PAPER:CROSSUSDT:1790944199999:SHORT,CROSSUSDT,Fresh_2026-10-02,False,0,0,False,True,-2.159043405827064,HIST_TIME_FALLBACK
fresh,BASE,0.0338983050847,PAPER:SAGAUSDT:1790918399999:SHORT,SAGAUSDT,Fresh_2026-10-02,True,1,1,False,True,2.677166411543166,FULL_CLOSE_050
fresh,BASE,0.0338983050847,PAPER:DRIFTUSDT:1790914199999:SHORT,DRIFTUSDT,Fresh_2026-10-02,False,2,2,False,True,-0.20749687771375463,BE0.10
fresh,BASE,0.0338983050847,PAPER:CHILLGUYUSDT:1791036299999:SHORT,CHILLGUYUSDT,Fresh_2026-10-03,False,0,0,False,True,-0.09966067587942107,BE0.10
fresh,BASE,0.0338983050847,PAPER:NILUSDT:1790963099999:SHORT,NILUSDT,Fresh_2026-10-02,False,2,2,False,False,,
fresh,BASE,0.0338983050847,PAPER:BABYUSDT:1790860499999:SHORT,BABYUSDT,Fresh_2026-10-01,False,0,0,False,True,-0.20306288869709926,BE0.10
fresh,BASE,0.0338983050847,PAPER:PUMPBTCUSDT:1790949599999:SHORT,PUMPBTCUSDT,Fresh_2026-10-02,False,2,2,False,False,,
fresh,BASE,0.0338983050847,PAPER:AEROUSDT:1790868599999:SHORT,AEROUSDT,Fresh_2026-10-01,True,1,1,False,True,0.640958054929462,FULL_CLOSE_050
fresh,BASE,0.0338983050847,PAPER:PONSUSDT:1790950199999:SHORT,PONSUSDT,Fresh_2026-10-02,False,1,1,False,True,-0.08646750918441459,BE0.10
fresh,BASE,0.0338983050847,PAPER:PUMPBTCUSDT:1790923199999:SHORT,PUMPBTCUSDT,Fresh_2026-10-02,False,2,2,False,True,-0.9501900380076607,HIST_TIME_FALLBACK
fresh,BASE,0.0338983050847,PAPER:MOVEUSDT:1790894099999:SHORT,MOVEUSDT,Fresh_2026-10-01,False,0,0,False,True,-2.7564150396481732,HIST_TIME_FALLBACK
fresh,BASE,0.0338983050847,PAPER:ARKUSDT:1790986199999:SHORT,ARKUSDT,Fresh_2026-10-03,True,2,2,False,True,1.895334490867922,FULL_CLOSE_050
fresh,BASE,0.0338983050847,PAPER:INITUSDT:1791015899999:SHORT,INITUSDT,Fresh_2026-10-03,True,1,1,False,True,0.784747687406864,FULL_CLOSE_050
fresh,BASE,0.0338983050847,PAPER:FIGHTUSDT:1790871299999:SHORT,FIGHTUSDT,Fresh_2026-10-01,False,0,0,False,True,-0.1282274927891761,BE0.10
fresh,BASE,0.0338983050847,PAPER:REUSDT:1790920199999:SHORT,REUSDT,Fresh_2026-10-02,False,1,1,False,True,-1.9418207631224869,HIST_TIME_FALLBACK
fresh,BASE,0.0338983050847,PAPER:YGGUSDT:1791011699999:SHORT,YGGUSDT,Fresh_2026-10-03,False,2,2,False,True,-3.112501874024921,HIST_TIME_FALLBACK
fresh,BASE,0.0338983050847,PAPER:ARXUSDT:1790924699999:SHORT,ARXUSDT,Fresh_2026-10-02,False,3,3,False,True,-0.053423305585454495,BE0.10
fresh,BASE,0.0338983050847,PAPER:USELESSUSDT:1790961299999:SHORT,USELESSUSDT,Fresh_2026-10-02,True,1,1,False,False,,
fresh,BASE,0.0338983050847,PAPER:1000PEPEUSDT:1790962799999:SHORT,1000PEPEUSDT,Fresh_2026-10-02,False,2,2,False,True,-0.09766014339504236,BE0.10
fresh,BASE,0.0338983050847,PAPER:SKYAIUSDT:1790924699999:SHORT,SKYAIUSDT,Fresh_2026-10-02,False,3,3,False,False,,
fresh,BASE,0.0338983050847,PAPER:SOONUSDT:1790932799999:SHORT,SOONUSDT,Fresh_2026-10-02,False,1,1,False,True,0.9194882116363763,FULL_CLOSE_050
fresh,BASE,0.0338983050847,PAPER:SXTUSDT:1790966099999:SHORT,SXTUSDT,Fresh_2026-10-02,True,2,2,False,True,8.62527831136312,RUNNER_CLOSE
fresh,BASE,0.0338983050847,PAPER:FETUSDT:1790859899999:SHORT,FETUSDT,Fresh_2026-10-01,False,1,1,False,True,-0.2857096972491835,BE0.10
fresh,BASE,0.0338983050847,PAPER:EDGEUSDT:1790849399999:SHORT,EDGEUSDT,Fresh_2026-10-01,False,0,0,False,True,-3.0969062525954265,HIST_TIME_FALLBACK
fresh,BASE,0.0338983050847,PAPER:MOVRUSDT:1791059399999:SHORT,MOVRUSDT,Fresh_2026-10-03,False,0,0,False,True,-0.003100549799046004,BE0.10
fresh,BASE,0.0338983050847,PAPER:BBUSDT:1790965199999:SHORT,BBUSDT,Fresh_2026-10-02,True,1,1,False,True,1.4060739318367128,FULL_CLOSE_050
fresh,BASE,0.0338983050847,PAPER:2ZUSDT:1791048899999:SHORT,2ZUSDT,Fresh_2026-10-03,False,3,3,False,False,,
fresh,BASE,0.0338983050847,PAPER:SENTUSDT:1791008399999:SHORT,SENTUSDT,Fresh_2026-10-03,False,1,1,False,True,-0.010583862431759905,BE0.10
fresh,BASE,0.0338983050847,PAPER:STRKUSDT:1791013499999:SHORT,STRKUSDT,Fresh_2026-10-03,False,2,2,False,True,-0.011904770832221634,BE0.10
fresh,BASE,0.0338983050847,PAPER:AEROUSDT:1790883599999:SHORT,AEROUSDT,Fresh_2026-10-01,False,1,1,False,True,1.1747110774097087,FULL_CLOSE_050
fresh,BASE,0.0338983050847,PAPER:PUMPUSDT:1790843699999:SHORT,PUMPUSDT,Fresh_2026-10-01,False,2,2,False,True,-2.843235057060045,HIST_TIME_FALLBACK
fresh,BASE,0.0338983050847,PAPER:XPLUSDT:1790842499999:SHORT,XPLUSDT,Fresh_2026-10-01,False,1,1,False,True,-2.57509379624617,HIST_TIME_FALLBACK
fresh,BASE,0.0338983050847,PAPER:HANAUSDT:1790963099999:SHORT,HANAUSDT,Fresh_2026-10-02,False,0,0,False,True,-0.9501900380075354,HIST_TIME_FALLBACK
fresh,BASE,0.0338983050847,PAPER:HEIUSDT:1790861099999:SHORT,HEIUSDT,Fresh_2026-10-01,False,2,2,False,True,-2.324497658715959,HIST_TIME_FALLBACK
fresh,BASE,0.0338983050847,PAPER:BBUSDT:1790861099999:SHORT,BBUSDT,Fresh_2026-10-01,False,1,1,False,True,-4.290893107117147,HIST_TIME_FALLBACK
fresh,BASE,0.0338983050847,PAPER:USUSDT:1790958299999:SHORT,USUSDT,Fresh_2026-10-02,False,0,0,False,True,-0.14616344584439595,BE0.10
fresh,BASE,0.0338983050847,PAPER:BTWUSDT:1790986499999:SHORT,BTWUSDT,Fresh_2026-10-03,True,3,3,False,True,1.930711963244164,FULL_CLOSE_050
fresh,BASE,0.0338983050847,PAPER:ATUSDT:1791009899999:SHORT,ATUSDT,Fresh_2026-10-03,True,2,2,False,True,5.954295341827023,RUNNER_CLOSE
fresh,BASE,0.0338983050847,PAPER:PEOPLEUSDT:1790864099999:SHORT,PEOPLEUSDT,Fresh_2026-10-01,False,1,1,False,True,1.1690008289091565,FULL_CLOSE_050
fresh,BASE,0.0338983050847,PAPER:ALGOUSDT:1790996699999:SHORT,ALGOUSDT,Fresh_2026-10-03,False,2,2,False,True,-2.3718298961149187,HIST_TIME_FALLBACK
fresh,BASE,0.0338983050847,PAPER:CROSSUSDT:1791031199999:SHORT,CROSSUSDT,Fresh_2026-10-03,True,1,1,False,False,,
fresh,BASE,0.0338983050847,PAPER:USELESSUSDT:1791043499999:SHORT,USELESSUSDT,Fresh_2026-10-03,False,1,1,False,True,-0.020556576332096455,BE0.10
fresh,BASE,0.0338983050847,PAPER:THEUSDT:1790929499999:SHORT,THEUSDT,Fresh_2026-10-02,False,1,1,False,True,-1.0839800126269696,HIST_TIME_FALLBACK
fresh,BASE,0.0338983050847,PAPER:APTUSDT:1790965199999:SHORT,APTUSDT,Fresh_2026-10-02,False,1,1,False,True,-1.1371578629719437,HIST_TIME_FALLBACK
fresh,BASE,0.0338983050847,PAPER:ARUSDT:1791030899999:SHORT,ARUSDT,Fresh_2026-10-03,False,2,2,False,True,-0.07962449011536726,BE0.10
fresh,BASE,0.0338983050847,PAPER:1000SATSUSDT:1790965799999:SHORT,1000SATSUSDT,Fresh_2026-10-02,True,3,3,False,True,0.6711061240588136,FULL_CLOSE_050
fresh,BASE,0.0338983050847,PAPER:AEROUSDT:1790866499999:SHORT,AEROUSDT,Fresh_2026-10-01,False,1,1,False,True,-2.2669981290508407,HIST_TIME_FALLBACK
fresh,BASE,0.0338983050847,PAPER:PUMPUSDT:1790960099999:SHORT,PUMPUSDT,Fresh_2026-10-02,False,3,3,False,True,1.3436881240809304,FULL_CLOSE_050
fresh,BASE,0.0338983050847,PAPER:LITUSDT:1790912399999:SHORT,LITUSDT,Fresh_2026-10-02,False,3,3,False,False,,
fresh,BASE,0.0338983050847,PAPER:BILLUSDT:1790961299999:SHORT,BILLUSDT,Fresh_2026-10-02,True,0,0,False,True,7.066138628081491,RUNNER_CLOSE
fresh,BASE,0.0338983050847,PAPER:SYNUSDT:1790866499999:SHORT,SYNUSDT,Fresh_2026-10-01,False,0,0,False,True,-2.4390803468385633,HIST_TIME_FALLBACK
fresh,BASE,0.0338983050847,PAPER:ALGOUSDT:1790965199999:SHORT,ALGOUSDT,Fresh_2026-10-02,False,2,2,False,False,,
fresh,BASE,0.0338983050847,PAPER:XVSUSDT:1790837699999:SHORT,XVSUSDT,Fresh_2026-10-01,False,2,2,False,True,-3.5789707485443403,HIST_TIME_FALLBACK
fresh,BASE,0.0338983050847,PAPER:SOONUSDT:1790989199999:SHORT,SOONUSDT,Fresh_2026-10-03,True,0,0,False,True,2.4486094598061987,FULL_CLOSE_050
fresh,BASE,0.0338983050847,PAPER:AEROUSDT:1790914199999:SHORT,AEROUSDT,Fresh_2026-10-02,False,1,1,False,True,-6.680044414543266,HIST_TIME_FALLBACK
fresh,BASE,0.0338983050847,PAPER:LSKUSDT:1790923199999:SHORT,LSKUSDT,Fresh_2026-10-02,False,2,2,False,True,-0.008156693832137574,BE0.10
fresh,BASE,0.0338983050847,PAPER:PUMPBTCUSDT:1790901899999:SHORT,PUMPBTCUSDT,Fresh_2026-10-02,False,0,0,False,True,-0.32290283244622264,BE0.10
fresh,BASE,0.0338983050847,PAPER:CVXUSDT:1790866199999:SHORT,CVXUSDT,Fresh_2026-10-01,False,1,1,False,True,-0.006153847459667017,BE0.10
fresh,BASE,0.0338983050847,PAPER:2ZUSDT:1790950199999:SHORT,2ZUSDT,Fresh_2026-10-02,False,2,2,False,False,,
fresh,BASE,0.0338983050847,PAPER:ONDOUSDT:1790965199999:SHORT,ONDOUSDT,Fresh_2026-10-02,False,2,2,False,True,-1.2552947861006025,HIST_TIME_FALLBACK
fresh,BASE,0.0338983050847,PAPER:AEROUSDT:1791025799999:SHORT,AEROUSDT,Fresh_2026-10-03,False,1,1,False,True,-0.06878484865623413,BE0.10
fresh,BASE,0.0338983050847,PAPER:HUSDT:1790916299999:SHORT,HUSDT,Fresh_2026-10-02,False,0,0,False,True,-0.02478084140716763,BE0.10
fresh,BASE,0.0338983050847,PAPER:LITUSDT:1791050999999:SHORT,LITUSDT,Fresh_2026-10-03,False,0,0,False,True,-0.0059967306767271245,BE0.10
fresh,BASE,0.0338983050847,PAPER:哈基米USDT:1790903699999:SHORT,哈基米USDT,Fresh_2026-10-02,True,1,1,False,True,4.352513246293395,FULL_CLOSE_050
fresh,BASE,0.0338983050847,PAPER:PHAUSDT:1791039899999:SHORT,PHAUSDT,Fresh_2026-10-03,False,2,2,False,True,-1.7528616255320375,HIST_TIME_FALLBACK
fresh,BASE,0.0338983050847,PAPER:MEGAUSDT:1790965799999:SHORT,MEGAUSDT,Fresh_2026-10-02,True,1,1,False,True,0.8708624401962106,FULL_CLOSE_050
fresh,BASE,0.0338983050847,PAPER:SNXUSDT:1790899499999:SHORT,SNXUSDT,Fresh_2026-10-02,False,2,2,False,True,-0.1518245036567476,BE0.10
fresh,BASE,0.0338983050847,PAPER:POWERUSDT:1790985899999:SHORT,POWERUSDT,Fresh_2026-10-03,False,3,3,False,True,-2.2765098173090337,HIST_TIME_FALLBACK
fresh,BASE,0.0338983050847,PAPER:ROSEUSDT:1790839499999:SHORT,ROSEUSDT,Fresh_2026-10-01,False,2,2,False,True,-4.209589836061792,HIST_TIME_FALLBACK
fresh,BASE,0.0338983050847,PAPER:ETHFIUSDT:1790952899999:SHORT,ETHFIUSDT,Fresh_2026-10-02,False,2,2,False,False,,
fresh,BASE,0.0338983050847,PAPER:FFUSDT:1790903399999:SHORT,FFUSDT,Fresh_2026-10-02,True,2,2,False,True,1.202465426926,FULL_CLOSE_050
fresh,BASE,0.0338983050847,PAPER:QUSDT:1790852699999:SHORT,QUSDT,Fresh_2026-10-01,False,1,1,False,True,0.8020333939373374,FULL_CLOSE_050
fresh,BASE,0.0338983050847,PAPER:ARUSDT:1790839199999:SHORT,ARUSDT,Fresh_2026-10-01,False,2,2,False,True,1.2474571377690213,FULL_CLOSE_050
fresh,BASE,0.0338983050847,PAPER:COLLECTUSDT:1790963099999:SHORT,COLLECTUSDT,Fresh_2026-10-02,False,2,2,False,True,-2.045540563254883,HIST_TIME_FALLBACK
fresh,BASE,0.0338983050847,PAPER:FOGOUSDT:1790970899999:SHORT,FOGOUSDT,Fresh_2026-10-02,False,2,2,False,True,-1.9236929357867711,HIST_TIME_FALLBACK
fresh,BASE,0.0338983050847,PAPER:XMRUSDT:1790882399999:SHORT,XMRUSDT,Fresh_2026-10-01,False,1,1,False,True,0.832753521714341,FULL_CLOSE_050
fresh,BASE,0.0338983050847,PAPER:BERAUSDT:1790925299999:SHORT,BERAUSDT,Fresh_2026-10-02,False,2,2,False,True,-0.10924053773369452,BE0.10
fresh,BASE,0.0338983050847,PAPER:B2USDT:1790951399999:SHORT,B2USDT,Fresh_2026-10-02,False,1,1,False,True,-0.03301236896399101,BE0.10
fresh,BASE,0.0338983050847,PAPER:TAOUSDT:1790962799999:SHORT,TAOUSDT,Fresh_2026-10-02,False,3,3,False,True,-0.012043597810178774,BE0.10
fresh,BASE,0.0338983050847,PAPER:USELESSUSDT:1790966099999:SHORT,USELESSUSDT,Fresh_2026-10-02,True,2,2,False,True,8.17698245646959,RUNNER_CLOSE
fresh,BASE,0.0338983050847,PAPER:IOSTUSDT:1790860199999:SHORT,IOSTUSDT,Fresh_2026-10-01,False,3,3,False,True,-0.03328070307818426,BE0.10
fresh,BASE,0.0338983050847,PAPER:BBUSDT:1790998799999:SHORT,BBUSDT,Fresh_2026-10-03,False,2,2,False,True,1.1451435326831172,FULL_CLOSE_050
fresh,BASE,0.0338983050847,PAPER:CATIUSDT:1790857799999:SHORT,CATIUSDT,Fresh_2026-10-01,False,2,2,False,True,-1.3559082986965152,BE0.10
fresh,BASE,0.0338983050847,PAPER:PEOPLEUSDT:1791019199999:SHORT,PEOPLEUSDT,Fresh_2026-10-03,False,1,1,False,True,-1.288112083487762,HIST_TIME_FALLBACK
fresh,BASE,0.0338983050847,PAPER:XPLUSDT:1790952899999:SHORT,XPLUSDT,Fresh_2026-10-02,False,0,0,False,True,-3.7469835621939516,HIST_TIME_FALLBACK
fresh,T005,0.05,PAPER:PONSUSDT:1790895899999:SHORT,PONSUSDT,Fresh_2026-10-01,False,1,1,False,True,-0.056483092889133946,BE0.10
fresh,T005,0.05,PAPER:MOVRUSDT:1791047999999:SHORT,MOVRUSDT,Fresh_2026-10-03,False,0,0,False,True,-0.0027789218008638095,BE0.10
fresh,T005,0.05,PAPER:FFUSDT:1790893799999:SHORT,FFUSDT,Fresh_2026-10-01,False,0,0,False,True,1.4160170542665933,FULL_CLOSE_050
fresh,T005,0.05,PAPER:YGGUSDT:1791017999999:SHORT,YGGUSDT,Fresh_2026-10-03,False,1,1,False,True,-3.322584303590572,HIST_TIME_FALLBACK
fresh,T005,0.05,PAPER:SKYUSDT:1790903999999:SHORT,SKYUSDT,Fresh_2026-10-02,False,1,1,False,True,-7.926213650994881,HIST_TIME_FALLBACK
fresh,T005,0.05,PAPER:PLUMEUSDT:1790832899999:SHORT,PLUMEUSDT,Fresh_2026-10-01,False,2,2,False,False,,
fresh,T005,0.05,PAPER:牛来USDT:1790973899999:SHORT,牛来USDT,Fresh_2026-10-02,True,1,1,False,False,,
fresh,T005,0.05,PAPER:PROMPTUSDT:1790858999999:SHORT,PROMPTUSDT,Fresh_2026-10-01,True,0,0,False,True,-0.07734750960658576,BE0.10
fresh,T005,0.05,PAPER:HEIUSDT:1790885999999:SHORT,HEIUSDT,Fresh_2026-10-01,False,1,1,False,True,-0.05587581131982283,BE0.10
fresh,T005,0.05,PAPER:BROCCOLI714USDT:1790935499999:SHORT,BROCCOLI714USDT,Fresh_2026-10-02,False,2,2,False,True,1.1466595775362198,FULL_CLOSE_050
fresh,T005,0.05,PAPER:1000000BOBUSDT:1791006599999:SHORT,1000000BOBUSDT,Fresh_2026-10-03,True,0,0,False,True,1.1013476260826998,FULL_CLOSE_050
fresh,T005,0.05,PAPER:我踏马来了USDT:1791043799999:SHORT,我踏马来了USDT,Fresh_2026-10-03,True,1,1,False,True,4.524375880297194,FULL_CLOSE_050
fresh,T005,0.05,PAPER:NOMUSDT:1791016499999:SHORT,NOMUSDT,Fresh_2026-10-03,True,3,3,False,True,4.609380633068161,FULL_CLOSE_050
fresh,T005,0.05,PAPER:PONSUSDT:1791051299999:SHORT,PONSUSDT,Fresh_2026-10-03,False,1,1,False,True,-0.08113588863602345,BE0.10
fresh,T005,0.05,PAPER:KAITOUSDT:1790966099999:SHORT,KAITOUSDT,Fresh_2026-10-02,False,3,3,False,False,,
fresh,T005,0.05,PAPER:SEIUSDT:1791000299999:SHORT,SEIUSDT,Fresh_2026-10-03,True,2,2,False,True,1.5925934869491563,FULL_CLOSE_050
fresh,T005,0.05,PAPER:USELESSUSDT:1790839199999:SHORT,USELESSUSDT,Fresh_2026-10-01,True,1,1,False,True,1.8157660541275467,FULL_CLOSE_050
fresh,T005,0.05,PAPER:EVAAUSDT:1790995199999:SHORT,EVAAUSDT,Fresh_2026-10-03,False,2,2,False,False,,
fresh,T005,0.05,PAPER:TUSDT:1791030299999:SHORT,TUSDT,Fresh_2026-10-03,True,1,2,True,True,1.3468693876441307,FULL_CLOSE_050
fresh,T005,0.05,PAPER:RAYSOLUSDT:1790838899999:SHORT,RAYSOLUSDT,Fresh_2026-10-01,True,0,0,False,True,0.6694562297284123,FULL_CLOSE_050
fresh,T005,0.05,PAPER:WETUSDT:1790864099999:SHORT,WETUSDT,Fresh_2026-10-01,False,3,3,False,True,-0.03492228233859501,BE0.10
fresh,T005,0.05,PAPER:BLESSUSDT:1790990699999:SHORT,BLESSUSDT,Fresh_2026-10-03,False,1,1,False,True,-1.7389410408812456,HIST_TIME_FALLBACK
fresh,T005,0.05,PAPER:SAGAUSDT:1791054899999:SHORT,SAGAUSDT,Fresh_2026-10-03,False,3,3,False,True,-2.9605321666743194,HIST_TIME_FALLBACK
fresh,T005,0.05,PAPER:LSKUSDT:1790979299999:SHORT,LSKUSDT,Fresh_2026-10-02,False,0,0,False,True,-2.4461502782071296,HIST_TIME_FALLBACK
fresh,T005,0.05,PAPER:ONUSDT:1790831999999:SHORT,ONUSDT,Fresh_2026-10-01,True,2,2,False,True,2.209436950510006,FULL_CLOSE_050
fresh,T005,0.05,PAPER:PLAYUSDT:1790901599999:SHORT,PLAYUSDT,Fresh_2026-10-02,False,3,3,False,False,,
fresh,T005,0.05,PAPER:POLUSDT:1790850899999:SHORT,POLUSDT,Fresh_2026-10-01,False,2,2,False,True,-0.17367956892771064,BE0.10
fresh,T005,0.05,PAPER:MARSCOINUSDT:1791014699999:SHORT,MARSCOINUSDT,Fresh_2026-10-03,False,1,1,False,True,-11.528313311504577,HIST_TIME_FALLBACK
fresh,T005,0.05,PAPER:ETHFIUSDT:1790965199999:SHORT,ETHFIUSDT,Fresh_2026-10-02,True,1,1,False,True,1.277143231861546,FULL_CLOSE_050
fresh,T005,0.05,PAPER:SQDUSDT:1790866499999:SHORT,SQDUSDT,Fresh_2026-10-01,False,0,0,False,True,-2.6674291118944105,HIST_TIME_FALLBACK
fresh,T005,0.05,PAPER:ARIAUSDT:1790903099999:SHORT,ARIAUSDT,Fresh_2026-10-02,False,0,0,False,True,-0.11497003238246445,BE0.10
fresh,T005,0.05,PAPER:COAIUSDT:1790961899999:SHORT,COAIUSDT,Fresh_2026-10-02,True,1,1,False,True,0.323133179895185,FULL_CLOSE_050
fresh,T005,0.05,PAPER:AVAAIUSDT:1791036599999:SHORT,AVAAIUSDT,Fresh_2026-10-03,False,1,1,False,True,1.461428089844492,FULL_CLOSE_050
fresh,T005,0.05,PAPER:1000000BOBUSDT:1790917499999:SHORT,1000000BOBUSDT,Fresh_2026-10-02,True,2,2,False,True,1.3012725858515042,FULL_CLOSE_050
fresh,T005,0.05,PAPER:FRAXUSDT:1790966099999:SHORT,FRAXUSDT,Fresh_2026-10-02,True,2,2,False,False,,
fresh,T005,0.05,PAPER:OPNUSDT:1790921699999:SHORT,OPNUSDT,Fresh_2026-10-02,True,2,2,False,False,,
fresh,T005,0.05,PAPER:PTBUSDT:1791029399999:SHORT,PTBUSDT,Fresh_2026-10-03,False,2,2,False,True,1.0846684580818937,FULL_CLOSE_050
fresh,T005,0.05,PAPER:VELODROMEUSDT:1790991299999:SHORT,VELODROMEUSDT,Fresh_2026-10-03,True,3,3,False,True,1.0578479736062822,FULL_CLOSE_050
fresh,T005,0.05,PAPER:SKRUSDT:1790878499999:SHORT,SKRUSDT,Fresh_2026-10-01,False,0,0,False,True,1.8804171507565957,FULL_CLOSE_050
fresh,T005,0.05,PAPER:METUSDT:1790842199999:SHORT,METUSDT,Fresh_2026-10-01,False,2,2,False,True,-0.12443089904688148,BE0.10
fresh,T005,0.05,PAPER:BRUSDT:1790987999999:SHORT,BRUSDT,Fresh_2026-10-03,False,2,2,False,False,,
fresh,T005,0.05,PAPER:LYNUSDT:1791013499999:SHORT,LYNUSDT,Fresh_2026-10-03,False,2,2,False,True,1.33120087747134,FULL_CLOSE_050
fresh,T005,0.05,PAPER:GOATUSDT:1790833799999:SHORT,GOATUSDT,Fresh_2026-10-01,False,1,1,False,False,,
fresh,T005,0.05,PAPER:ARCUSDT:1790882999999:SHORT,ARCUSDT,Fresh_2026-10-01,True,1,1,False,True,3.029277999951506,FULL_CLOSE_050
fresh,T005,0.05,PAPER:VIRTUALUSDT:1790919599999:SHORT,VIRTUALUSDT,Fresh_2026-10-02,False,1,1,False,True,-2.1975740151768255,HIST_TIME_FALLBACK
fresh,T005,0.05,PAPER:EIGENUSDT:1790842199999:SHORT,EIGENUSDT,Fresh_2026-10-01,False,2,2,False,True,-0.7439373845102625,BE0.10
fresh,T005,0.05,PAPER:SHELLUSDT:1790963099999:SHORT,SHELLUSDT,Fresh_2026-10-02,False,2,2,False,True,-4.568805869607683,HIST_TIME_FALLBACK
fresh,T005,0.05,PAPER:YGGUSDT:1790965199999:SHORT,YGGUSDT,Fresh_2026-10-02,True,1,1,False,True,1.073450936052803,FULL_CLOSE_050
fresh,T005,0.05,PAPER:ACUUSDT:1790894999999:SHORT,ACUUSDT,Fresh_2026-10-01,False,0,0,False,True,-2.4389746343228706,HIST_TIME_FALLBACK
fresh,T005,0.05,PAPER:METISUSDT:1790958299999:SHORT,METISUSDT,Fresh_2026-10-02,True,1,1,False,True,3.387031506988597,FULL_CLOSE_050
fresh,T005,0.05,PAPER:SIGNUSDT:1790948999999:SHORT,SIGNUSDT,Fresh_2026-10-02,False,1,1,False,True,-3.0516485050878317,HIST_TIME_FALLBACK
fresh,T005,0.05,PAPER:TWTUSDT:1790924999999:SHORT,TWTUSDT,Fresh_2026-10-02,True,2,2,False,True,-0.43128002760197753,BE0.10
fresh,T005,0.05,PAPER:ATOMUSDT:1790966399999:SHORT,ATOMUSDT,Fresh_2026-10-02,False,3,3,False,False,,
fresh,T005,0.05,PAPER:TOSHIUSDT:1790838899999:SHORT,TOSHIUSDT,Fresh_2026-10-01,True,3,3,False,True,1.0601520906590065,FULL_CLOSE_050
fresh,T005,0.05,PAPER:2ZUSDT:1791000299999:SHORT,2ZUSDT,Fresh_2026-10-03,False,1,1,False,True,-0.16576507040827337,BE0.10
fresh,T005,0.05,PAPER:NOMUSDT:1790873099999:SHORT,NOMUSDT,Fresh_2026-10-01,False,0,0,False,True,-2.023617893700241,HIST_TIME_FALLBACK
fresh,T005,0.05,PAPER:DRIFTUSDT:1790890199999:SHORT,DRIFTUSDT,Fresh_2026-10-01,False,0,0,False,True,0.027018727318001257,FULL_CLOSE_050
fresh,T005,0.05,PAPER:RECALLUSDT:1790882099999:SHORT,RECALLUSDT,Fresh_2026-10-01,False,3,3,False,True,1.2284791828832158,FULL_CLOSE_050
fresh,T005,0.05,PAPER:BRETTUSDT:1790952899999:SHORT,BRETTUSDT,Fresh_2026-10-02,False,0,0,False,True,-4.106297093166739,HIST_TIME_FALLBACK
fresh,T005,0.05,PAPER:MARSCOINUSDT:1790859899999:SHORT,MARSCOINUSDT,Fresh_2026-10-01,False,1,1,False,True,-0.01600223934005135,BE0.10
fresh,T005,0.05,PAPER:ZECUSDT:1790965799999:SHORT,ZECUSDT,Fresh_2026-10-02,False,1,1,False,False,,
fresh,T005,0.05,PAPER:APRUSDT:1790842199999:SHORT,APRUSDT,Fresh_2026-10-01,False,0,0,False,True,-0.5882412382692143,BE0.10
fresh,T005,0.05,PAPER:SYNUSDT:1790925599999:SHORT,SYNUSDT,Fresh_2026-10-02,True,2,2,False,True,3.418030122593299,FULL_CLOSE_050
fresh,T005,0.05,PAPER:ENAUSDT:1790980799999:SHORT,ENAUSDT,Fresh_2026-10-02,False,2,2,False,True,-0.015997373989753316,BE0.10
fresh,T005,0.05,PAPER:CVXUSDT:1790889599999:SHORT,CVXUSDT,Fresh_2026-10-01,True,3,3,False,True,1.664400223349473,FULL_CLOSE_050
fresh,T005,0.05,PAPER:DIAUSDT:1790951399999:SHORT,DIAUSDT,Fresh_2026-10-02,False,1,1,False,True,0.9129930514639889,FULL_CLOSE_050
fresh,T005,0.05,PAPER:PLUMEUSDT:1790962799999:SHORT,PLUMEUSDT,Fresh_2026-10-02,False,0,0,False,True,-1.2278246414673406,HIST_TIME_FALLBACK
fresh,T005,0.05,PAPER:XPLUSDT:1790863499999:SHORT,XPLUSDT,Fresh_2026-10-01,False,2,2,False,True,1.163279204289324,FULL_CLOSE_050
fresh,T005,0.05,PAPER:WLDUSDT:1790863499999:SHORT,WLDUSDT,Fresh_2026-10-01,False,3,3,False,True,-0.9501900380075836,HIST_TIME_FALLBACK
fresh,T005,0.05,PAPER:JUPUSDT:1790945099999:SHORT,JUPUSDT,Fresh_2026-10-02,False,0,0,False,True,-8.391993530684283,HIST_TIME_FALLBACK
fresh,T005,0.05,PAPER:MAGMAUSDT:1790893499999:SHORT,MAGMAUSDT,Fresh_2026-10-01,False,0,0,False,True,-1.1863104106670146,HIST_TIME_FALLBACK
fresh,T005,0.05,PAPER:BRUSDT:1790893499999:SHORT,BRUSDT,Fresh_2026-10-01,False,1,1,False,False,,
fresh,T005,0.05,PAPER:STBLUSDT:1790966699999:SHORT,STBLUSDT,Fresh_2026-10-02,False,3,3,False,False,,
fresh,T005,0.05,PAPER:我踏马来了USDT:1790965499999:SHORT,我踏马来了USDT,Fresh_2026-10-02,False,1,1,False,True,-0.02708407146646824,BE0.10
fresh,T005,0.05,PAPER:1000BONKUSDT:1790966099999:SHORT,1000BONKUSDT,Fresh_2026-10-02,True,3,3,False,True,8.854179201357557,RUNNER_CLOSE
fresh,T005,0.05,PAPER:APRUSDT:1790876399999:SHORT,APRUSDT,Fresh_2026-10-01,True,0,0,False,True,3.066095221232374,FULL_CLOSE_050
fresh,T005,0.05,PAPER:CAPUSDT:1790922599999:SHORT,CAPUSDT,Fresh_2026-10-02,False,1,1,False,True,1.0968731709810076,FULL_CLOSE_050
fresh,T005,0.05,PAPER:BATUSDT:1790939699999:SHORT,BATUSDT,Fresh_2026-10-02,True,0,0,False,True,5.478832450733665,RUNNER_CLOSE
fresh,T005,0.05,PAPER:CETUSUSDT:1790839199999:SHORT,CETUSUSDT,Fresh_2026-10-01,True,1,1,False,True,1.6946242806151641,FULL_CLOSE_050
fresh,T005,0.05,PAPER:CHILLGUYUSDT:1790882699999:SHORT,CHILLGUYUSDT,Fresh_2026-10-01,False,3,3,False,True,-5.290219203747215,HIST_TIME_FALLBACK
fresh,T005,0.05,PAPER:MOVEUSDT:1790890799999:SHORT,MOVEUSDT,Fresh_2026-10-01,True,1,1,False,True,7.661231999951747,RUNNER_CLOSE
fresh,T005,0.05,PAPER:AVAUSDT:1791051299999:SHORT,AVAUSDT,Fresh_2026-10-03,False,1,1,False,True,-3.5937406455263243,HIST_TIME_FALLBACK
fresh,T005,0.05,PAPER:FILUSDT:1790952899999:SHORT,FILUSDT,Fresh_2026-10-02,False,2,2,False,False,,
fresh,T005,0.05,PAPER:RUNEUSDT:1790839499999:SHORT,RUNEUSDT,Fresh_2026-10-01,False,2,2,False,True,-1.4626806344120546,HIST_TIME_FALLBACK
fresh,T005,0.05,PAPER:HUSDT:1790897399999:SHORT,HUSDT,Fresh_2026-10-01,False,0,0,False,True,-0.020550399365551364,BE0.10
fresh,T005,0.05,PAPER:MONUSDT:1790959199999:SHORT,MONUSDT,Fresh_2026-10-02,False,2,2,False,False,,
fresh,T005,0.05,PAPER:ORCAUSDT:1790838299999:SHORT,ORCAUSDT,Fresh_2026-10-01,True,2,2,False,True,0.8301603711376397,FULL_CLOSE_050
fresh,T005,0.05,PAPER:RSRUSDT:1790962799999:SHORT,RSRUSDT,Fresh_2026-10-02,False,2,2,False,True,-3.3211796888684937,HIST_TIME_FALLBACK
fresh,T005,0.05,PAPER:1000000BOBUSDT:1791055799999:SHORT,1000000BOBUSDT,Fresh_2026-10-03,False,3,3,False,True,-0.9501900380076379,BE0.10
fresh,T005,0.05,PAPER:BSBUSDT:1790950199999:SHORT,BSBUSDT,Fresh_2026-10-02,False,1,2,True,True,-4.501432892993429,HIST_TIME_FALLBACK
fresh,T005,0.05,PAPER:EPICUSDT:1790922899999:SHORT,EPICUSDT,Fresh_2026-10-02,True,0,0,False,True,1.3157104827227037,FULL_CLOSE_050
fresh,T005,0.05,PAPER:SYNUSDT:1791019799999:SHORT,SYNUSDT,Fresh_2026-10-03,False,1,1,False,True,-8.058790198914433,HIST_TIME_FALLBACK
fresh,T005,0.05,PAPER:BROCCOLI714USDT:1790873699999:SHORT,BROCCOLI714USDT,Fresh_2026-10-01,False,1,2,True,True,-0.19545925770150302,BE0.10
fresh,T005,0.05,PAPER:HAEDALUSDT:1790853899999:SHORT,HAEDALUSDT,Fresh_2026-10-01,False,3,3,False,True,1.1087310521230167,FULL_CLOSE_050
fresh,T005,0.05,PAPER:VELVETUSDT:1790863499999:SHORT,VELVETUSDT,Fresh_2026-10-01,False,2,2,False,True,-1.7187292243504957,HIST_TIME_FALLBACK
fresh,T005,0.05,PAPER:ARKUSDT:1790876699999:SHORT,ARKUSDT,Fresh_2026-10-01,True,1,1,False,True,2.358030961830592,FULL_CLOSE_050
fresh,T005,0.05,PAPER:FRAXUSDT:1790951099999:SHORT,FRAXUSDT,Fresh_2026-10-02,True,1,1,False,True,0.9622271159102581,FULL_CLOSE_050
fresh,T005,0.05,PAPER:XANUSDT:1791008099999:SHORT,XANUSDT,Fresh_2026-10-03,False,2,2,False,True,-4.3790736386354165,HIST_TIME_FALLBACK
fresh,T005,0.05,PAPER:PHAUSDT:1791015299999:SHORT,PHAUSDT,Fresh_2026-10-03,False,2,2,False,True,-3.853101323942283,HIST_TIME_FALLBACK
fresh,T005,0.05,PAPER:RAYSOLUSDT:1791061799999:SHORT,RAYSOLUSDT,Fresh_2026-10-03,False,0,0,False,True,-3.611537109258515,HIST_TIME_FALLBACK
fresh,T005,0.05,PAPER:CYSUSDT:1791042299999:SHORT,CYSUSDT,Fresh_2026-10-03,False,3,3,False,True,-3.0907070387808986,HIST_TIME_FALLBACK
fresh,T005,0.05,PAPER:VVVUSDT:1790996699999:SHORT,VVVUSDT,Fresh_2026-10-03,False,0,0,False,True,-2.8483130468656936,HIST_TIME_FALLBACK
fresh,T005,0.05,PAPER:ZENUSDT:1790872799999:SHORT,ZENUSDT,Fresh_2026-10-01,False,0,0,False,True,-0.03235118462339831,BE0.10
fresh,T005,0.05,PAPER:GWEIUSDT:1790963099999:SHORT,GWEIUSDT,Fresh_2026-10-02,False,2,2,False,True,-3.099606407445633,HIST_TIME_FALLBACK
fresh,T005,0.05,PAPER:ARBUSDT:1790839499999:SHORT,ARBUSDT,Fresh_2026-10-01,False,1,1,False,True,-4.854243296329548,HIST_TIME_FALLBACK
fresh,T005,0.05,PAPER:QUSDT:1790984099999:SHORT,QUSDT,Fresh_2026-10-02,True,0,0,False,True,-2.4846584562821254,HIST_TIME_FALLBACK
fresh,T005,0.05,PAPER:ATHUSDT:1790987999999:SHORT,ATHUSDT,Fresh_2026-10-03,False,0,0,False,True,-0.103713928796416,BE0.10
fresh,T005,0.05,PAPER:哈基米USDT:1790882699999:SHORT,哈基米USDT,Fresh_2026-10-01,False,2,2,False,True,-8.513614124304885,HIST_TIME_FALLBACK
fresh,T005,0.05,PAPER:RONINUSDT:1790965799999:SHORT,RONINUSDT,Fresh_2026-10-02,True,0,0,False,True,-0.49325239306190033,HIST_TIME_FALLBACK
fresh,T005,0.05,PAPER:PYTHUSDT:1790839499999:SHORT,PYTHUSDT,Fresh_2026-10-01,False,1,1,False,True,-4.3979463826488265,HIST_TIME_FALLBACK
fresh,T005,0.05,PAPER:PHAUSDT:1790951699999:SHORT,PHAUSDT,Fresh_2026-10-02,True,1,1,False,True,5.874922832447855,RUNNER_CLOSE
fresh,T005,0.05,PAPER:XNYUSDT:1790851199999:SHORT,XNYUSDT,Fresh_2026-10-01,False,1,1,False,True,2.13225778837565,FULL_CLOSE_050
fresh,T005,0.05,PAPER:DASHUSDT:1790963099999:SHORT,DASHUSDT,Fresh_2026-10-02,False,2,2,False,True,-2.657763601159539,HIST_TIME_FALLBACK
fresh,T005,0.05,PAPER:ALCHUSDT:1790882699999:SHORT,ALCHUSDT,Fresh_2026-10-01,False,0,0,False,True,-0.07793898082612194,BE0.10
fresh,T005,0.05,PAPER:JSTUSDT:1790849999999:SHORT,JSTUSDT,Fresh_2026-10-01,False,3,3,False,True,-0.007345183720595394,BE0.10
fresh,T005,0.05,PAPER:COLLECTUSDT:1790940299999:SHORT,COLLECTUSDT,Fresh_2026-10-02,True,1,1,False,True,2.229747643546826,FULL_CLOSE_050
fresh,T005,0.05,PAPER:ILVUSDT:1790963099999:SHORT,ILVUSDT,Fresh_2026-10-02,False,2,2,False,True,-1.443489067362551,HIST_TIME_FALLBACK
fresh,T005,0.05,PAPER:USUSDT:1791017699999:SHORT,USUSDT,Fresh_2026-10-03,False,2,2,False,False,,
fresh,T005,0.05,PAPER:MAGMAUSDT:1791033899999:SHORT,MAGMAUSDT,Fresh_2026-10-03,False,0,0,False,True,-2.111268181646319,HIST_TIME_FALLBACK
fresh,T005,0.05,PAPER:ONDOUSDT:1790872799999:SHORT,ONDOUSDT,Fresh_2026-10-01,False,1,1,False,True,-1.3619319175371172,HIST_TIME_FALLBACK
fresh,T005,0.05,PAPER:1000000MOGUSDT:1790868899999:SHORT,1000000MOGUSDT,Fresh_2026-10-01,False,1,1,False,True,-0.07886681774990878,BE0.10
fresh,T005,0.05,PAPER:ROBOUSDT:1790867399999:SHORT,ROBOUSDT,Fresh_2026-10-01,False,0,0,False,True,-6.4998041182514745,HIST_TIME_FALLBACK
fresh,T005,0.05,PAPER:INITUSDT:1791016499999:SHORT,INITUSDT,Fresh_2026-10-03,False,1,1,False,False,,
fresh,T005,0.05,PAPER:CRVUSDT:1790966099999:SHORT,CRVUSDT,Fresh_2026-10-02,False,2,2,False,False,,
fresh,T005,0.05,PAPER:ONUSDT:1790868899999:SHORT,ONUSDT,Fresh_2026-10-01,False,0,0,False,True,-1.4338375646143875,HIST_TIME_FALLBACK
fresh,T005,0.05,PAPER:FILUSDT:1790838899999:SHORT,FILUSDT,Fresh_2026-10-01,True,3,3,False,True,2.077191835122341,FULL_CLOSE_050
fresh,T005,0.05,PAPER:BANKUSDT:1790958899999:SHORT,BANKUSDT,Fresh_2026-10-02,False,1,1,False,True,1.5610567347583904,FULL_CLOSE_050
fresh,T005,0.05,PAPER:1000XECUSDT:1790877899999:SHORT,1000XECUSDT,Fresh_2026-10-01,True,1,1,False,True,-0.26335866836573324,BE0.10
fresh,T005,0.05,PAPER:BLUAIUSDT:1790859599999:SHORT,BLUAIUSDT,Fresh_2026-10-01,False,3,3,False,False,,
fresh,T005,0.05,PAPER:PUMPBTCUSDT:1790925299999:SHORT,PUMPBTCUSDT,Fresh_2026-10-02,False,2,2,False,False,,
fresh,T005,0.05,PAPER:USELESSUSDT:1790842199999:SHORT,USELESSUSDT,Fresh_2026-10-01,False,2,2,False,True,0.8071164772384387,FULL_CLOSE_050
fresh,T005,0.05,PAPER:IRYSUSDT:1790860499999:SHORT,IRYSUSDT,Fresh_2026-10-01,False,2,2,False,True,-1.2662097286881986,HIST_TIME_FALLBACK
fresh,T005,0.05,PAPER:IOTAUSDT:1790846399999:SHORT,IOTAUSDT,Fresh_2026-10-01,False,0,0,False,True,-3.161048440825394,HIST_TIME_FALLBACK
fresh,T005,0.05,PAPER:ZAMAUSDT:1790882099999:SHORT,ZAMAUSDT,Fresh_2026-10-01,False,0,0,False,True,1.0806738399113982,FULL_CLOSE_050
fresh,T005,0.05,PAPER:我踏马来了USDT:1790894099999:SHORT,我踏马来了USDT,Fresh_2026-10-01,False,1,1,False,True,-4.416558996407364,HIST_TIME_FALLBACK
fresh,T005,0.05,PAPER:ARPAUSDT:1790864099999:SHORT,ARPAUSDT,Fresh_2026-10-01,False,2,2,False,True,-0.03547977754529946,BE0.10
fresh,T005,0.05,PAPER:NOMUSDT:1790912699999:SHORT,NOMUSDT,Fresh_2026-10-02,False,0,0,False,True,0.9316715786766379,FULL_CLOSE_050
fresh,T005,0.05,PAPER:牛来USDT:1790828399999:SHORT,牛来USDT,Fresh_2026-10-01,False,3,3,False,True,-1.8711669539291484,HIST_TIME_FALLBACK
fresh,T005,0.05,PAPER:BSBUSDT:1790853299999:SHORT,BSBUSDT,Fresh_2026-10-01,False,1,1,False,True,-0.012783315089948954,BE0.10
fresh,T005,0.05,PAPER:AXSUSDT:1790951399999:SHORT,AXSUSDT,Fresh_2026-10-02,False,1,1,False,True,-0.29723039015112224,BE0.10
fresh,T005,0.05,PAPER:ALCHUSDT:1791030599999:SHORT,ALCHUSDT,Fresh_2026-10-03,False,0,0,False,True,-3.073413425363308,HIST_TIME_FALLBACK
fresh,T005,0.05,PAPER:THETAUSDT:1790882399999:SHORT,THETAUSDT,Fresh_2026-10-01,True,1,1,False,True,2.7036434659195465,FULL_CLOSE_050
fresh,T005,0.05,PAPER:ZAMAUSDT:1790839199999:SHORT,ZAMAUSDT,Fresh_2026-10-01,True,1,1,False,True,2.6487165570369027,FULL_CLOSE_050
fresh,T005,0.05,PAPER:NEOUSDT:1790935499999:SHORT,NEOUSDT,Fresh_2026-10-02,False,0,0,False,True,-0.9501900380076159,HIST_TIME_FALLBACK
fresh,T005,0.05,PAPER:XTZUSDT:1790965199999:SHORT,XTZUSDT,Fresh_2026-10-02,False,1,1,False,True,-1.2680155554920063,HIST_TIME_FALLBACK
fresh,T005,0.05,PAPER:RONINUSDT:1791014699999:SHORT,RONINUSDT,Fresh_2026-10-03,True,0,0,False,True,1.8162449181396698,FULL_CLOSE_050
fresh,T005,0.05,PAPER:MMTUSDT:1790864099999:SHORT,MMTUSDT,Fresh_2026-10-01,False,1,1,False,True,-3.131345550155713,HIST_TIME_FALLBACK
fresh,T005,0.05,PAPER:GPSUSDT:1790842199999:SHORT,GPSUSDT,Fresh_2026-10-01,False,2,2,False,True,-3.2971601185608392,HIST_TIME_FALLBACK
fresh,T005,0.05,PAPER:SCRUSDT:1791053699999:SHORT,SCRUSDT,Fresh_2026-10-03,False,2,2,False,True,-3.1430721926941847,HIST_TIME_FALLBACK
fresh,T005,0.05,PAPER:PROMPTUSDT:1790994299999:SHORT,PROMPTUSDT,Fresh_2026-10-03,False,1,2,True,True,-0.2056557940244686,BE0.10
fresh,T005,0.05,PAPER:APRUSDT:1790861399999:SHORT,APRUSDT,Fresh_2026-10-01,False,0,0,False,True,0.4861806651143046,FULL_CLOSE_050
fresh,T005,0.05,PAPER:APEUSDT:1790866199999:SHORT,APEUSDT,Fresh_2026-10-01,False,2,2,False,True,-0.2625867549882736,BE0.10
fresh,T005,0.05,PAPER:PENDLEUSDT:1790858699999:SHORT,PENDLEUSDT,Fresh_2026-10-01,True,3,3,False,True,1.019161147471252,FULL_CLOSE_050
fresh,T005,0.05,PAPER:AIOUSDT:1790882999999:SHORT,AIOUSDT,Fresh_2026-10-01,False,1,1,False,True,-1.606079962061648,HIST_TIME_FALLBACK
fresh,T005,0.05,PAPER:EDGEUSDT:1791031199999:SHORT,EDGEUSDT,Fresh_2026-10-03,False,2,2,False,True,-0.10229642794950228,BE0.10
fresh,T005,0.05,PAPER:BTWUSDT:1790939699999:SHORT,BTWUSDT,Fresh_2026-10-02,True,0,0,False,True,6.625779766379385,RUNNER_CLOSE
fresh,T005,0.05,PAPER:ILVUSDT:1790836499999:SHORT,ILVUSDT,Fresh_2026-10-01,False,2,2,False,True,1.102925327439278,FULL_CLOSE_050
fresh,T005,0.05,PAPER:TUTUSDT:1790945699999:SHORT,TUTUSDT,Fresh_2026-10-02,False,1,1,False,True,-0.11450524662533412,BE0.10
fresh,T005,0.05,PAPER:POWERUSDT:1791065399999:SHORT,POWERUSDT,Fresh_2026-10-03,True,0,0,False,True,2.904950643564761,FULL_CLOSE_050
fresh,T005,0.05,PAPER:HANAUSDT:1791020099999:SHORT,HANAUSDT,Fresh_2026-10-03,False,2,2,False,False,,
fresh,T005,0.05,PAPER:SUSHIUSDT:1790951699999:SHORT,SUSHIUSDT,Fresh_2026-10-02,True,3,3,False,True,4.389278655731225,FULL_CLOSE_050
fresh,T005,0.05,PAPER:MARSCOINUSDT:1790959499999:SHORT,MARSCOINUSDT,Fresh_2026-10-02,False,2,2,False,False,,
fresh,T005,0.05,PAPER:XVGUSDT:1791031199999:SHORT,XVGUSDT,Fresh_2026-10-03,False,1,1,False,True,-3.8060865263385937,HIST_TIME_FALLBACK
fresh,T005,0.05,PAPER:PEOPLEUSDT:1790863499999:SHORT,PEOPLEUSDT,Fresh_2026-10-01,False,1,1,False,True,-3.2898470579938808,HIST_TIME_FALLBACK
fresh,T005,0.05,PAPER:牛来USDT:1790872799999:SHORT,牛来USDT,Fresh_2026-10-01,False,3,3,False,False,,
fresh,T005,0.05,PAPER:BRETTUSDT:1790965199999:SHORT,BRETTUSDT,Fresh_2026-10-02,False,2,2,False,True,-1.2908332432052418,HIST_TIME_FALLBACK
fresh,T005,0.05,PAPER:ICNTUSDT:1790856599999:SHORT,ICNTUSDT,Fresh_2026-10-01,False,1,1,False,True,1.1333695459175614,FULL_CLOSE_050
fresh,T005,0.05,PAPER:LYNUSDT:1790985899999:SHORT,LYNUSDT,Fresh_2026-10-03,False,2,2,False,False,,
fresh,T005,0.05,PAPER:BRETTUSDT:1790866199999:SHORT,BRETTUSDT,Fresh_2026-10-01,False,0,0,False,True,-0.2355930500875676,BE0.10
fresh,T005,0.05,PAPER:DYDXUSDT:1790965199999:SHORT,DYDXUSDT,Fresh_2026-10-02,True,3,3,False,True,3.7817833992187215,FULL_CLOSE_050
fresh,T005,0.05,PAPER:牛来USDT:1790962199999:SHORT,牛来USDT,Fresh_2026-10-02,True,0,0,False,True,10.358943975367037,RUNNER_CLOSE
fresh,T005,0.05,PAPER:EVAAUSDT:1791011999999:SHORT,EVAAUSDT,Fresh_2026-10-03,False,0,0,False,True,-3.104070108091766,HIST_TIME_FALLBACK
fresh,T005,0.05,PAPER:NMRUSDT:1790867399999:SHORT,NMRUSDT,Fresh_2026-10-01,False,2,2,False,True,-3.2996594556348984,HIST_TIME_FALLBACK
fresh,T005,0.05,PAPER:SAGAUSDT:1790890499999:SHORT,SAGAUSDT,Fresh_2026-10-01,False,2,2,False,True,1.4976104022760648,FULL_CLOSE_050
fresh,T005,0.05,PAPER:SPXUSDT:1790961899999:SHORT,SPXUSDT,Fresh_2026-10-02,True,0,0,False,True,3.0498400193737796,FULL_CLOSE_050
fresh,T005,0.05,PAPER:DASHUSDT:1790965199999:SHORT,DASHUSDT,Fresh_2026-10-02,False,1,1,False,True,-1.379942089894586,HIST_TIME_FALLBACK
fresh,T005,0.05,PAPER:FOGOUSDT:1790975099999:SHORT,FOGOUSDT,Fresh_2026-10-02,False,2,2,False,False,,
fresh,T005,0.05,PAPER:FOGOUSDT:1790966099999:SHORT,FOGOUSDT,Fresh_2026-10-02,True,2,2,False,True,13.381987573311559,RUNNER_CLOSE
fresh,T005,0.05,PAPER:CTRUSDT:1790847299999:SHORT,CTRUSDT,Fresh_2026-10-01,False,1,1,False,True,-0.005782793222393279,BE0.10
fresh,T005,0.05,PAPER:TRBUSDT:1790868899999:SHORT,TRBUSDT,Fresh_2026-10-01,False,0,0,False,True,-1.310834987602681,HIST_TIME_FALLBACK
fresh,T005,0.05,PAPER:SCRUSDT:1790994299999:SHORT,SCRUSDT,Fresh_2026-10-03,False,1,1,False,True,-1.8580159176557092,HIST_TIME_FALLBACK
fresh,T005,0.05,PAPER:QNTUSDT:1791004199999:SHORT,QNTUSDT,Fresh_2026-10-03,False,2,2,False,True,-0.0016723016833556925,BE0.10
fresh,T005,0.05,PAPER:PLAYUSDT:1791015599999:SHORT,PLAYUSDT,Fresh_2026-10-03,False,2,2,False,True,-3.916073323288742,HIST_TIME_FALLBACK
fresh,T005,0.05,PAPER:PLUMEUSDT:1790866199999:SHORT,PLUMEUSDT,Fresh_2026-10-01,False,2,2,False,True,-2.5666868842013786,HIST_TIME_FALLBACK
fresh,T005,0.05,PAPER:NOMUSDT:1790914499999:SHORT,NOMUSDT,Fresh_2026-10-02,False,1,1,False,True,-0.18096193191776422,BE0.10
fresh,T005,0.05,PAPER:WAXPUSDT:1791056099999:SHORT,WAXPUSDT,Fresh_2026-10-03,False,3,3,False,True,-5.372811154181004,HIST_TIME_FALLBACK
fresh,T005,0.05,PAPER:PARTIUSDT:1791050699999:SHORT,PARTIUSDT,Fresh_2026-10-03,False,2,2,False,True,-0.06295999540214064,BE0.10
fresh,T005,0.05,PAPER:BANUSDT:1791040499999:SHORT,BANUSDT,Fresh_2026-10-03,False,3,3,False,True,-3.0880950595243526,HIST_TIME_FALLBACK
fresh,T005,0.05,PAPER:BIOUSDT:1791046799999:SHORT,BIOUSDT,Fresh_2026-10-03,False,2,2,False,True,-5.286260019087613,HIST_TIME_FALLBACK
fresh,T005,0.05,PAPER:RAVEUSDT:1790842799999:SHORT,RAVEUSDT,Fresh_2026-10-01,False,2,2,False,True,-2.1886244517581748,HIST_TIME_FALLBACK
fresh,T005,0.05,PAPER:NEARUSDT:1790839499999:SHORT,NEARUSDT,Fresh_2026-10-01,False,2,2,False,True,-3.479767079187888,HIST_TIME_FALLBACK
fresh,T005,0.05,PAPER:POLUSDT:1790872799999:SHORT,POLUSDT,Fresh_2026-10-01,False,2,2,False,True,-1.562312836473764,HIST_TIME_FALLBACK
fresh,T005,0.05,PAPER:IMXUSDT:1790848799999:SHORT,IMXUSDT,Fresh_2026-10-01,False,2,2,False,True,-0.04444482080981249,BE0.10
fresh,T005,0.05,PAPER:GRIFFAINUSDT:1790838899999:SHORT,GRIFFAINUSDT,Fresh_2026-10-01,True,2,2,False,True,1.1784937176974712,FULL_CLOSE_050
fresh,T005,0.05,PAPER:2ZUSDT:1790957699999:SHORT,2ZUSDT,Fresh_2026-10-02,False,1,1,False,True,-0.1917427803742966,BE0.10
fresh,T005,0.05,PAPER:ONEUSDT:1790925599999:SHORT,ONEUSDT,Fresh_2026-10-02,False,2,2,False,False,,
fresh,T005,0.05,PAPER:POWERUSDT:1790929499999:SHORT,POWERUSDT,Fresh_2026-10-02,True,2,2,False,True,1.278336256229769,FULL_CLOSE_050
fresh,T005,0.05,PAPER:ONUSDT:1791031499999:SHORT,ONUSDT,Fresh_2026-10-03,False,2,2,False,False,,
fresh,T005,0.05,PAPER:API3USDT:1790863499999:SHORT,API3USDT,Fresh_2026-10-01,False,0,0,False,True,-3.3139668162473557,HIST_TIME_FALLBACK
fresh,T005,0.05,PAPER:BULLAUSDT:1790957399999:SHORT,BULLAUSDT,Fresh_2026-10-02,False,2,2,False,False,,
fresh,T005,0.05,PAPER:ZECUSDT:1790882399999:SHORT,ZECUSDT,Fresh_2026-10-01,False,2,2,False,True,-0.25576811196677013,BE0.10
fresh,T005,0.05,PAPER:LUNA2USDT:1790926499999:SHORT,LUNA2USDT,Fresh_2026-10-02,False,3,3,False,True,-3.5548402848809837,HIST_TIME_FALLBACK
fresh,T005,0.05,PAPER:PROMPTUSDT:1790887499999:SHORT,PROMPTUSDT,Fresh_2026-10-01,False,1,1,False,True,-0.6946641625415089,HIST_TIME_FALLBACK
fresh,T005,0.05,PAPER:SAFEUSDT:1790866199999:SHORT,SAFEUSDT,Fresh_2026-10-01,False,2,2,False,True,-4.536038920036239,HIST_TIME_FALLBACK
fresh,T005,0.05,PAPER:龙虾USDT:1791061499999:SHORT,龙虾USDT,Fresh_2026-10-03,False,1,1,False,True,1.8379322715442763,FULL_CLOSE_050
fresh,T005,0.05,PAPER:STRKUSDT:1790965199999:SHORT,STRKUSDT,Fresh_2026-10-02,False,0,0,False,True,-0.13567903608612858,BE0.10
fresh,T005,0.05,PAPER:ZESTUSDT:1790850599999:SHORT,ZESTUSDT,Fresh_2026-10-01,False,2,2,False,False,,
fresh,T005,0.05,PAPER:GUNUSDT:1790840399999:SHORT,GUNUSDT,Fresh_2026-10-01,False,1,1,False,True,-1.6189611669827892,HIST_TIME_FALLBACK
fresh,T005,0.05,PAPER:ENAUSDT:1790894999999:SHORT,ENAUSDT,Fresh_2026-10-01,False,2,2,False,False,,
fresh,T005,0.05,PAPER:PROMPTUSDT:1790848199999:SHORT,PROMPTUSDT,Fresh_2026-10-01,False,2,2,False,True,-0.9501900380076529,HIST_TIME_FALLBACK
fresh,T005,0.05,PAPER:ALCHUSDT:1790978099999:SHORT,ALCHUSDT,Fresh_2026-10-02,False,2,2,False,True,-2.5642978656190762,HIST_TIME_FALLBACK
fresh,T005,0.05,PAPER:MONUSDT:1790887199999:SHORT,MONUSDT,Fresh_2026-10-01,False,2,2,False,True,-3.476846282261099,HIST_TIME_FALLBACK
fresh,T005,0.05,PAPER:QUSDT:1790921099999:SHORT,QUSDT,Fresh_2026-10-02,False,3,3,False,True,0.20286984886681264,FULL_CLOSE_050
fresh,T005,0.05,PAPER:FIGHTUSDT:1790873999999:SHORT,FIGHTUSDT,Fresh_2026-10-01,False,0,0,False,True,-0.47548620677187603,HIST_TIME_FALLBACK
fresh,T005,0.05,PAPER:CVCUSDT:1791031499999:SHORT,CVCUSDT,Fresh_2026-10-03,False,0,0,False,True,-2.8269204710062,HIST_TIME_FALLBACK
fresh,T005,0.05,PAPER:USUALUSDT:1790882999999:SHORT,USUALUSDT,Fresh_2026-10-01,False,3,3,False,True,-3.8350170898633382,HIST_TIME_FALLBACK
fresh,T005,0.05,PAPER:BRUSDT:1791028499999:SHORT,BRUSDT,Fresh_2026-10-03,False,1,1,False,False,,
fresh,T005,0.05,PAPER:ENJUSDT:1791014999999:SHORT,ENJUSDT,Fresh_2026-10-03,False,0,0,False,True,-0.06106891893469174,BE0.10
fresh,T005,0.05,PAPER:TUSDT:1790926499999:SHORT,TUSDT,Fresh_2026-10-02,False,1,1,False,True,-3.5385751388504896,HIST_TIME_FALLBACK
fresh,T005,0.05,PAPER:XPLUSDT:1790864099999:SHORT,XPLUSDT,Fresh_2026-10-01,False,1,1,False,True,-2.4385733151727056,HIST_TIME_FALLBACK
fresh,T005,0.05,PAPER:QNTUSDT:1790964899999:SHORT,QNTUSDT,Fresh_2026-10-02,False,2,2,False,False,,
fresh,T005,0.05,PAPER:FLOWUSDT:1790861099999:SHORT,FLOWUSDT,Fresh_2026-10-01,False,2,2,False,True,-1.1126616998180485,HIST_TIME_FALLBACK
fresh,T005,0.05,PAPER:ALPINEUSDT:1790965799999:SHORT,ALPINEUSDT,Fresh_2026-10-02,True,2,2,False,True,5.317683713179801,RUNNER_CLOSE
fresh,T005,0.05,PAPER:COMPUSDT:1790950199999:SHORT,COMPUSDT,Fresh_2026-10-02,False,2,2,False,True,-3.1858080203129417,HIST_TIME_FALLBACK
fresh,T005,0.05,PAPER:CYBERUSDT:1790866199999:SHORT,CYBERUSDT,Fresh_2026-10-01,False,3,3,False,True,-1.9112944028805248,HIST_TIME_FALLBACK
fresh,T005,0.05,PAPER:ETHFIUSDT:1790962799999:SHORT,ETHFIUSDT,Fresh_2026-10-02,False,3,3,False,True,-0.026881656836470535,BE0.10
fresh,T005,0.05,PAPER:FOLKSUSDT:1790973899999:SHORT,FOLKSUSDT,Fresh_2026-10-02,False,3,3,False,False,,
fresh,T005,0.05,PAPER:POLUSDT:1790863499999:SHORT,POLUSDT,Fresh_2026-10-01,False,0,0,False,True,-2.5165029830924404,HIST_TIME_FALLBACK
fresh,T005,0.05,PAPER:MERLUSDT:1790830499999:SHORT,MERLUSDT,Fresh_2026-10-01,False,1,1,False,True,-7.455390688274124,HIST_TIME_FALLBACK
fresh,T005,0.05,PAPER:TAOUSDT:1790872799999:SHORT,TAOUSDT,Fresh_2026-10-01,False,2,2,False,False,,
fresh,T005,0.05,PAPER:THETAUSDT:1790964299999:SHORT,THETAUSDT,Fresh_2026-10-02,True,2,2,False,True,7.440571859409447,RUNNER_CLOSE
fresh,T005,0.05,PAPER:BERAUSDT:1790849099999:SHORT,BERAUSDT,Fresh_2026-10-01,False,1,1,False,True,-0.32342644447085384,BE0.10
fresh,T005,0.05,PAPER:2ZUSDT:1790953199999:SHORT,2ZUSDT,Fresh_2026-10-02,False,3,3,False,False,,
fresh,T005,0.05,PAPER:FFUSDT:1790968499999:SHORT,FFUSDT,Fresh_2026-10-02,False,1,1,False,True,-0.08286752213123333,BE0.10
fresh,T005,0.05,PAPER:KASUSDT:1790871599999:SHORT,KASUSDT,Fresh_2026-10-01,False,3,3,False,True,-1.1895279247099184,HIST_TIME_FALLBACK
fresh,T005,0.05,PAPER:PENDLEUSDT:1790887499999:SHORT,PENDLEUSDT,Fresh_2026-10-01,False,1,1,False,True,-2.410889019341629,HIST_TIME_FALLBACK
fresh,T005,0.05,PAPER:METUSDT:1791051599999:SHORT,METUSDT,Fresh_2026-10-03,False,0,0,False,True,-2.6453312165989002,HIST_TIME_FALLBACK
fresh,T005,0.05,PAPER:OPENUSDT:1791029099999:SHORT,OPENUSDT,Fresh_2026-10-03,True,1,1,False,True,0.9945465200266574,FULL_CLOSE_050
fresh,T005,0.05,PAPER:1000BONKUSDT:1790839499999:SHORT,1000BONKUSDT,Fresh_2026-10-01,False,1,1,False,True,1.455778832669097,FULL_CLOSE_050
fresh,T005,0.05,PAPER:SQDUSDT:1790890799999:SHORT,SQDUSDT,Fresh_2026-10-01,False,0,0,False,True,-0.102332331303641,BE0.10
fresh,T005,0.05,PAPER:WLDUSDT:1790869499999:SHORT,WLDUSDT,Fresh_2026-10-01,False,1,2,True,False,,NO_EXECUTABLE_ENTRY
fresh,T005,0.05,PAPER:ARXUSDT:1791041099999:SHORT,ARXUSDT,Fresh_2026-10-03,False,1,1,False,True,-0.5836025681883767,BE0.10
fresh,T005,0.05,PAPER:MEWUSDT:1790839499999:SHORT,MEWUSDT,Fresh_2026-10-01,False,1,1,False,True,-0.141832847796804,BE0.10
fresh,T005,0.05,PAPER:COLLECTUSDT:1790853899999:SHORT,COLLECTUSDT,Fresh_2026-10-01,False,1,1,False,True,-3.1032016080635385,HIST_TIME_FALLBACK
fresh,T005,0.05,PAPER:TRUTHUSDT:1790960699999:SHORT,TRUTHUSDT,Fresh_2026-10-02,False,1,1,False,False,,
fresh,T005,0.05,PAPER:FETUSDT:1790849099999:SHORT,FETUSDT,Fresh_2026-10-01,False,1,1,False,True,-3.794367254132665,HIST_TIME_FALLBACK
fresh,T005,0.05,PAPER:LISTAUSDT:1790864099999:SHORT,LISTAUSDT,Fresh_2026-10-01,False,0,0,False,True,-0.19333059738249647,BE0.10
fresh,T005,0.05,PAPER:WLDUSDT:1790859899999:SHORT,WLDUSDT,Fresh_2026-10-01,False,2,2,False,True,-0.07198795022150356,BE0.10
fresh,T005,0.05,PAPER:STRKUSDT:1790966099999:SHORT,STRKUSDT,Fresh_2026-10-02,False,2,2,False,False,,
fresh,T005,0.05,PAPER:GTCUSDT:1790924699999:SHORT,GTCUSDT,Fresh_2026-10-02,True,2,2,False,True,5.9090035281109055,RUNNER_CLOSE
fresh,T005,0.05,PAPER:SAFEUSDT:1790882699999:SHORT,SAFEUSDT,Fresh_2026-10-01,False,1,3,True,True,-0.0696300333115486,BE0.10
fresh,T005,0.05,PAPER:ARBUSDT:1790919599999:SHORT,ARBUSDT,Fresh_2026-10-02,False,0,0,False,True,-3.354206926360326,HIST_TIME_FALLBACK
fresh,T005,0.05,PAPER:ZETAUSDT:1790965199999:SHORT,ZETAUSDT,Fresh_2026-10-02,False,1,1,False,True,-0.03301236896401921,BE0.10
fresh,T005,0.05,PAPER:4USDT:1790866499999:SHORT,4USDT,Fresh_2026-10-01,False,1,1,False,False,,
fresh,T005,0.05,PAPER:GENIUSUSDT:1790964599999:SHORT,GENIUSUSDT,Fresh_2026-10-02,False,3,3,False,False,,
fresh,T005,0.05,PAPER:TRUSTUSDT:1790840399999:SHORT,TRUSTUSDT,Fresh_2026-10-01,False,0,0,False,True,-0.12320310584499516,BE0.10
fresh,T005,0.05,PAPER:币安人生USDT:1790931899999:SHORT,币安人生USDT,Fresh_2026-10-02,False,1,1,False,True,1.0097754672313561,HIST_TIME_FALLBACK
fresh,T005,0.05,PAPER:BABYUSDT:1790962799999:SHORT,BABYUSDT,Fresh_2026-10-02,False,0,0,False,True,-2.774443646017745,HIST_TIME_FALLBACK
fresh,T005,0.05,PAPER:WUSDT:1790926499999:SHORT,WUSDT,Fresh_2026-10-02,False,3,3,False,True,-1.0977652709197068,HIST_TIME_FALLBACK
fresh,T005,0.05,PAPER:THETAUSDT:1790951699999:SHORT,THETAUSDT,Fresh_2026-10-02,False,2,2,False,True,-1.3815344499317685,HIST_TIME_FALLBACK
fresh,T005,0.05,PAPER:REZUSDT:1790834999999:SHORT,REZUSDT,Fresh_2026-10-01,False,2,2,False,False,,
fresh,T005,0.05,PAPER:SYNUSDT:1790973899999:SHORT,SYNUSDT,Fresh_2026-10-02,False,0,0,False,True,1.2852982831225583,FULL_CLOSE_050
fresh,T005,0.05,PAPER:POLYXUSDT:1790861099999:SHORT,POLYXUSDT,Fresh_2026-10-01,False,3,3,False,True,-5.2093975164685205,HIST_TIME_FALLBACK
fresh,T005,0.05,PAPER:NEARUSDT:1790882699999:SHORT,NEARUSDT,Fresh_2026-10-01,True,1,3,True,True,1.2398264184086814,FULL_CLOSE_050
fresh,T005,0.05,PAPER:PUMPBTCUSDT:1790908799999:SHORT,PUMPBTCUSDT,Fresh_2026-10-02,False,0,0,False,True,1.4739028919585517,FULL_CLOSE_050
fresh,T005,0.05,PAPER:BLUAIUSDT:1790882699999:SHORT,BLUAIUSDT,Fresh_2026-10-01,True,2,2,False,True,8.538056610312786,RUNNER_CLOSE
fresh,T005,0.05,PAPER:BSVUSDT:1790914499999:SHORT,BSVUSDT,Fresh_2026-10-02,False,2,2,False,True,-4.433317602884386,HIST_TIME_FALLBACK
fresh,T005,0.05,PAPER:PONSUSDT:1790866199999:SHORT,PONSUSDT,Fresh_2026-10-01,True,2,2,False,True,1.0498249906831392,FULL_CLOSE_050
fresh,T005,0.05,PAPER:PUMPBTCUSDT:1791065999999:SHORT,PUMPBTCUSDT,Fresh_2026-10-03,False,2,2,False,False,,
fresh,T005,0.05,PAPER:DEEPUSDT:1790938199999:SHORT,DEEPUSDT,Fresh_2026-10-02,False,0,0,False,True,-0.10319310054897751,BE0.10
fresh,T005,0.05,PAPER:PROMPTUSDT:1790873699999:SHORT,PROMPTUSDT,Fresh_2026-10-01,False,2,2,False,True,-0.22646687168751162,BE0.10
fresh,T005,0.05,PAPER:RONINUSDT:1790992499999:SHORT,RONINUSDT,Fresh_2026-10-03,False,3,3,False,True,-3.001727702097895,HIST_TIME_FALLBACK
fresh,T005,0.05,PAPER:TOSHIUSDT:1790926499999:SHORT,TOSHIUSDT,Fresh_2026-10-02,False,3,3,False,True,-4.551450397993204,HIST_TIME_FALLBACK
fresh,T005,0.05,PAPER:ARXUSDT:1790861699999:SHORT,ARXUSDT,Fresh_2026-10-01,False,0,0,False,True,-3.471072289997484,HIST_TIME_FALLBACK
fresh,T005,0.05,PAPER:CAPUSDT:1790973599999:SHORT,CAPUSDT,Fresh_2026-10-02,True,1,1,False,True,6.610545585100193,RUNNER_CLOSE
fresh,T005,0.05,PAPER:1000XECUSDT:1790864099999:SHORT,1000XECUSDT,Fresh_2026-10-01,False,2,2,False,True,-0.1465993402435834,BE0.10
fresh,T005,0.05,PAPER:OUSDT:1790998499999:SHORT,OUSDT,Fresh_2026-10-03,False,3,3,False,True,-0.1710846838628215,BE0.10
fresh,T005,0.05,PAPER:PROVEUSDT:1790863799999:SHORT,PROVEUSDT,Fresh_2026-10-01,False,3,3,False,False,,
fresh,T005,0.05,PAPER:MAGMAUSDT:1790868899999:SHORT,MAGMAUSDT,Fresh_2026-10-01,False,1,1,False,True,-4.5419398693630155,HIST_TIME_FALLBACK
fresh,T005,0.05,PAPER:EULUSDT:1790838899999:SHORT,EULUSDT,Fresh_2026-10-01,True,2,2,False,True,1.2077716951638546,FULL_CLOSE_050
fresh,T005,0.05,PAPER:AZTECUSDT:1790859899999:SHORT,AZTECUSDT,Fresh_2026-10-01,True,2,2,False,True,0.49238976037290116,FULL_CLOSE_050
fresh,T005,0.05,PAPER:ONEUSDT:1790868599999:SHORT,ONEUSDT,Fresh_2026-10-01,False,0,0,False,True,1.2555759215669453,FULL_CLOSE_050
fresh,T005,0.05,PAPER:FLUIDUSDT:1790976599999:SHORT,FLUIDUSDT,Fresh_2026-10-02,False,0,0,False,True,-1.5915419791197134,HIST_TIME_FALLBACK
fresh,T005,0.05,PAPER:QUSDT:1790849999999:SHORT,QUSDT,Fresh_2026-10-01,False,3,3,False,False,,
fresh,T005,0.05,PAPER:OPGUSDT:1791015599999:SHORT,OPGUSDT,Fresh_2026-10-03,False,1,1,False,True,-0.1794815083110266,BE0.10
fresh,T005,0.05,PAPER:牛来USDT:1790923199999:SHORT,牛来USDT,Fresh_2026-10-02,False,1,1,False,True,-3.526308574025632,HIST_TIME_FALLBACK
fresh,T005,0.05,PAPER:FLUIDUSDT:1791014999999:SHORT,FLUIDUSDT,Fresh_2026-10-03,True,2,2,False,True,0.8689808524999739,FULL_CLOSE_050
fresh,T005,0.05,PAPER:MITOUSDT:1791011099999:SHORT,MITOUSDT,Fresh_2026-10-03,True,1,1,False,True,1.2494498428876812,FULL_CLOSE_050
fresh,T005,0.05,PAPER:IOUSDT:1791001199999:SHORT,IOUSDT,Fresh_2026-10-03,False,3,3,False,True,-0.3005142559985619,BE0.10
fresh,T005,0.05,PAPER:PENGUUSDT:1790951699999:SHORT,PENGUUSDT,Fresh_2026-10-02,False,2,2,False,False,,
fresh,T005,0.05,PAPER:SYNUSDT:1790923799999:SHORT,SYNUSDT,Fresh_2026-10-02,False,3,3,False,True,-0.10395676283911492,BE0.10
fresh,T005,0.05,PAPER:AEROUSDT:1790836499999:SHORT,AEROUSDT,Fresh_2026-10-01,True,2,2,False,True,1.5574623930033957,FULL_CLOSE_050
fresh,T005,0.05,PAPER:DOSUSDT:1790925299999:SHORT,DOSUSDT,Fresh_2026-10-02,False,1,1,False,True,-0.0132219705522153,BE0.10
fresh,T005,0.05,PAPER:INXUSDT:1790966099999:SHORT,INXUSDT,Fresh_2026-10-02,True,2,2,False,True,9.013623714024925,RUNNER_CLOSE
fresh,T005,0.05,PAPER:1000000BOBUSDT:1790847599999:SHORT,1000000BOBUSDT,Fresh_2026-10-01,True,2,2,False,False,,
fresh,T005,0.05,PAPER:MASKUSDT:1790960699999:SHORT,MASKUSDT,Fresh_2026-10-02,True,1,1,False,True,2.9541320517798195,FULL_CLOSE_050
fresh,T005,0.05,PAPER:CFGUSDT:1790908499999:SHORT,CFGUSDT,Fresh_2026-10-02,False,0,0,False,True,-2.6401805513026693,HIST_TIME_FALLBACK
fresh,T005,0.05,PAPER:1000000BOBUSDT:1790887499999:SHORT,1000000BOBUSDT,Fresh_2026-10-01,False,3,3,False,False,,
fresh,T005,0.05,PAPER:PUMPBTCUSDT:1790939399999:SHORT,PUMPBTCUSDT,Fresh_2026-10-02,False,2,2,False,True,-0.9501900380075656,BE0.10
fresh,T005,0.05,PAPER:ZENUSDT:1790839499999:SHORT,ZENUSDT,Fresh_2026-10-01,False,1,2,True,True,-6.499804118251591,HIST_TIME_FALLBACK
fresh,T005,0.05,PAPER:BEAMXUSDT:1790964599999:SHORT,BEAMXUSDT,Fresh_2026-10-02,True,0,0,False,True,1.6180595377471785,FULL_CLOSE_050
fresh,T005,0.05,PAPER:JTOUSDT:1790890499999:SHORT,JTOUSDT,Fresh_2026-10-01,False,3,3,False,True,-0.009789530703486371,BE0.10
fresh,T005,0.05,PAPER:PEOPLEUSDT:1790962799999:SHORT,PEOPLEUSDT,Fresh_2026-10-02,False,2,2,False,True,-0.021884351234800203,BE0.10
fresh,T005,0.05,PAPER:THEUSDT:1790994599999:SHORT,THEUSDT,Fresh_2026-10-03,False,1,1,False,True,-3.4276036813081294,HIST_TIME_FALLBACK
fresh,T005,0.05,PAPER:BLUAIUSDT:1790881799999:SHORT,BLUAIUSDT,Fresh_2026-10-01,False,0,0,False,True,-0.01309299686158999,BE0.10
fresh,T005,0.05,PAPER:ONEUSDT:1790866499999:SHORT,ONEUSDT,Fresh_2026-10-01,False,3,3,False,False,,
fresh,T005,0.05,PAPER:PROMPTUSDT:1790951399999:SHORT,PROMPTUSDT,Fresh_2026-10-02,False,3,3,False,True,-0.7039651535816007,BE0.10
fresh,T005,0.05,PAPER:PLAYUSDT:1790975099999:SHORT,PLAYUSDT,Fresh_2026-10-02,False,0,0,False,True,-3.0412817701715165,HIST_TIME_FALLBACK
fresh,T005,0.05,PAPER:DUSKUSDT:1790863199999:SHORT,DUSKUSDT,Fresh_2026-10-01,True,1,1,False,True,-0.021909667051607074,BE0.10
fresh,T005,0.05,PAPER:ATUSDT:1790879699999:SHORT,ATUSDT,Fresh_2026-10-01,False,0,0,False,True,0.9689480707643556,FULL_CLOSE_050
fresh,T005,0.05,PAPER:REZUSDT:1790834099999:SHORT,REZUSDT,Fresh_2026-10-01,False,1,1,False,True,-0.21109990295886222,BE0.10
fresh,T005,0.05,PAPER:APRUSDT:1790935799999:SHORT,APRUSDT,Fresh_2026-10-02,False,3,3,False,True,-0.9501900380075226,BE0.10
fresh,T005,0.05,PAPER:MIRAUSDT:1790976599999:SHORT,MIRAUSDT,Fresh_2026-10-02,False,2,2,False,True,-2.5342887406594916,HIST_TIME_FALLBACK
fresh,T005,0.05,PAPER:4USDT:1790962799999:SHORT,4USDT,Fresh_2026-10-02,False,0,0,False,True,-0.9501900380076589,BE0.10
fresh,T005,0.05,PAPER:SOMIUSDT:1791046799999:SHORT,SOMIUSDT,Fresh_2026-10-03,False,1,1,False,True,-3.373109641289278,HIST_TIME_FALLBACK
fresh,T005,0.05,PAPER:XNYUSDT:1790847299999:SHORT,XNYUSDT,Fresh_2026-10-01,True,2,3,True,True,3.8630329431271244,FULL_CLOSE_050
fresh,T005,0.05,PAPER:MINAUSDT:1790966099999:SHORT,MINAUSDT,Fresh_2026-10-02,False,1,1,False,True,-1.0135981309885347,HIST_TIME_FALLBACK
fresh,T005,0.05,PAPER:MELANIAUSDT:1790839499999:SHORT,MELANIAUSDT,Fresh_2026-10-01,False,1,1,False,True,-0.19087992797645648,BE0.10
fresh,T005,0.05,PAPER:FARTCOINUSDT:1790839499999:SHORT,FARTCOINUSDT,Fresh_2026-10-01,False,1,1,False,True,-0.09499324409303361,BE0.10
fresh,T005,0.05,PAPER:FIGHTUSDT:1791022799999:SHORT,FIGHTUSDT,Fresh_2026-10-03,False,1,1,False,True,1.115457238628037,FULL_CLOSE_050
fresh,T005,0.05,PAPER:TLMUSDT:1790912699999:SHORT,TLMUSDT,Fresh_2026-10-02,False,1,1,False,True,-3.410018981683281,HIST_TIME_FALLBACK
fresh,T005,0.05,PAPER:MARSCOINUSDT:1790890199999:SHORT,MARSCOINUSDT,Fresh_2026-10-01,True,2,2,False,True,1.5982796272881417,FULL_CLOSE_050
fresh,T005,0.05,PAPER:POWERUSDT:1790987699999:SHORT,POWERUSDT,Fresh_2026-10-03,False,2,2,False,True,-2.896438832867651,HIST_TIME_FALLBACK
fresh,T005,0.05,PAPER:ROBOUSDT:1790859899999:SHORT,ROBOUSDT,Fresh_2026-10-01,False,0,0,False,True,0.7000578412386667,FULL_CLOSE_050
fresh,T005,0.05,PAPER:1000000BOBUSDT:1790958299999:SHORT,1000000BOBUSDT,Fresh_2026-10-02,True,0,0,False,True,-0.06578157504290699,BE0.10
fresh,T005,0.05,PAPER:HEIUSDT:1790867999999:SHORT,HEIUSDT,Fresh_2026-10-01,False,0,0,False,True,-3.3788567282189135,HIST_TIME_FALLBACK
fresh,T005,0.05,PAPER:XNYUSDT:1790923199999:SHORT,XNYUSDT,Fresh_2026-10-02,True,1,1,False,True,3.757186604421646,FULL_CLOSE_050
fresh,T005,0.05,PAPER:1000000BOBUSDT:1791059999999:SHORT,1000000BOBUSDT,Fresh_2026-10-03,True,2,2,False,False,,
fresh,T005,0.05,PAPER:ELSAUSDT:1790993099999:SHORT,ELSAUSDT,Fresh_2026-10-03,False,3,3,False,True,-0.8564142436955655,HIST_TIME_FALLBACK
fresh,T005,0.05,PAPER:CAPUSDT:1791023099999:SHORT,CAPUSDT,Fresh_2026-10-03,False,1,1,False,True,-3.936151972618627,HIST_TIME_FALLBACK
fresh,T005,0.05,PAPER:BTWUSDT:1790927399999:SHORT,BTWUSDT,Fresh_2026-10-02,False,0,0,False,True,-0.015829157881316946,BE0.10
fresh,T005,0.05,PAPER:INITUSDT:1790840999999:SHORT,INITUSDT,Fresh_2026-10-01,False,3,3,False,False,,
fresh,T005,0.05,PAPER:AVAAIUSDT:1791031199999:SHORT,AVAAIUSDT,Fresh_2026-10-03,True,2,2,False,True,6.493696964337852,RUNNER_CLOSE
fresh,T005,0.05,PAPER:FLOCKUSDT:1790884199999:SHORT,FLOCKUSDT,Fresh_2026-10-01,False,2,2,False,False,,
fresh,T005,0.05,PAPER:XPINUSDT:1790854199999:SHORT,XPINUSDT,Fresh_2026-10-01,False,0,0,False,True,-0.9501900380075736,HIST_TIME_FALLBACK
fresh,T005,0.05,PAPER:BBUSDT:1790839499999:SHORT,BBUSDT,Fresh_2026-10-01,False,1,1,False,True,-0.37709188121963627,BE0.10
fresh,T005,0.05,PAPER:JASMYUSDT:1790962799999:SHORT,JASMYUSDT,Fresh_2026-10-02,False,3,3,False,True,-0.08960231874448304,BE0.10
fresh,T005,0.05,PAPER:CVCUSDT:1790899799999:SHORT,CVCUSDT,Fresh_2026-10-02,False,1,1,False,True,-3.401586659153512,HIST_TIME_FALLBACK
fresh,T005,0.05,PAPER:USTCUSDT:1790858699999:SHORT,USTCUSDT,Fresh_2026-10-01,True,0,0,False,True,0.839100002979316,FULL_CLOSE_050
fresh,T005,0.05,PAPER:TUSDT:1790988899999:SHORT,TUSDT,Fresh_2026-10-03,False,2,2,False,True,-0.03756434969759309,BE0.10
fresh,T005,0.05,PAPER:DEXEUSDT:1790942999999:SHORT,DEXEUSDT,Fresh_2026-10-02,False,1,1,False,True,-2.4602207771871236,HIST_TIME_FALLBACK
fresh,T005,0.05,PAPER:AKEUSDT:1790849399999:SHORT,AKEUSDT,Fresh_2026-10-01,True,1,1,False,True,-0.00012511603124526482,BE0.10
fresh,T005,0.05,PAPER:VELODROMEUSDT:1790950199999:SHORT,VELODROMEUSDT,Fresh_2026-10-02,False,3,3,False,False,,
fresh,T005,0.05,PAPER:GRASSUSDT:1790841899999:SHORT,GRASSUSDT,Fresh_2026-10-01,True,0,0,False,True,0.772466193841076,FULL_CLOSE_050
fresh,T005,0.05,PAPER:METUSDT:1790839499999:SHORT,METUSDT,Fresh_2026-10-01,False,1,1,False,False,,
fresh,T005,0.05,PAPER:JOEUSDT:1790873399999:SHORT,JOEUSDT,Fresh_2026-10-01,False,2,2,False,False,,
fresh,T005,0.05,PAPER:SWARMSUSDT:1790830499999:SHORT,SWARMSUSDT,Fresh_2026-10-01,True,0,0,False,True,1.6706224752804157,FULL_CLOSE_050
fresh,T005,0.05,PAPER:IOSTUSDT:1790914199999:SHORT,IOSTUSDT,Fresh_2026-10-02,False,2,3,True,True,-5.177828027372148,HIST_TIME_FALLBACK
fresh,T005,0.05,PAPER:VELVETUSDT:1790923499999:SHORT,VELVETUSDT,Fresh_2026-10-02,False,0,0,False,True,-0.1375679762575337,BE0.10
fresh,T005,0.05,PAPER:TAUSDT:1790890499999:SHORT,TAUSDT,Fresh_2026-10-01,False,0,0,False,True,1.7794565519648466,FULL_CLOSE_050
fresh,T005,0.05,PAPER:LYNUSDT:1790964599999:SHORT,LYNUSDT,Fresh_2026-10-02,False,0,0,False,True,-0.1575135692220747,BE0.10
fresh,T005,0.05,PAPER:BRUSDT:1790894099999:SHORT,BRUSDT,Fresh_2026-10-01,False,3,3,False,True,1.8213436222662922,FULL_CLOSE_050
fresh,T005,0.05,PAPER:TAKEUSDT:1790931899999:SHORT,TAKEUSDT,Fresh_2026-10-02,False,0,0,False,True,-3.0197515472087013,HIST_TIME_FALLBACK
fresh,T005,0.05,PAPER:MEWUSDT:1791016199999:SHORT,MEWUSDT,Fresh_2026-10-03,False,1,1,False,True,-1.3389863021146926,BE0.10
fresh,T005,0.05,PAPER:ARBUSDT:1790968199999:SHORT,ARBUSDT,Fresh_2026-10-02,True,2,3,True,True,1.2321684436162297,FULL_CLOSE_050
fresh,T005,0.05,PAPER:CLOUSDT:1790871599999:SHORT,CLOUSDT,Fresh_2026-10-01,False,1,1,False,True,-3.746699479560733,HIST_TIME_FALLBACK
fresh,T005,0.05,PAPER:NOMUSDT:1791063299999:SHORT,NOMUSDT,Fresh_2026-10-03,False,1,1,False,True,-2.82812947541569,HIST_TIME_FALLBACK
fresh,T005,0.05,PAPER:COTIUSDT:1790938799999:SHORT,COTIUSDT,Fresh_2026-10-02,False,2,2,False,True,-0.01902062103770885,BE0.10
fresh,T005,0.05,PAPER:AGLDUSDT:1791015899999:SHORT,AGLDUSDT,Fresh_2026-10-03,False,1,1,False,True,-0.006598727851094499,BE0.10
fresh,T005,0.05,PAPER:AZTECUSDT:1790936399999:SHORT,AZTECUSDT,Fresh_2026-10-02,False,2,2,False,True,-0.09838880708647002,BE0.10
fresh,T005,0.05,PAPER:VTHOUSDT:1790965499999:SHORT,VTHOUSDT,Fresh_2026-10-02,True,2,2,False,True,0.9123460166062667,FULL_CLOSE_050
fresh,T005,0.05,PAPER:KGENUSDT:1790868899999:SHORT,KGENUSDT,Fresh_2026-10-01,False,1,1,False,True,-2.1977294524324913,HIST_TIME_FALLBACK
fresh,T005,0.05,PAPER:WUSDT:1790966099999:SHORT,WUSDT,Fresh_2026-10-02,True,2,2,False,False,,
fresh,T005,0.05,PAPER:BTWUSDT:1790987099999:SHORT,BTWUSDT,Fresh_2026-10-03,False,0,0,False,True,-0.7274977313249941,HIST_TIME_FALLBACK
fresh,T005,0.05,PAPER:PONSUSDT:1790995499999:SHORT,PONSUSDT,Fresh_2026-10-03,True,1,1,False,True,-0.9501900380075758,BE0.10
fresh,T005,0.05,PAPER:STARUSDT:1790836499999:SHORT,STARUSDT,Fresh_2026-10-01,False,3,3,False,True,-0.25145303348783643,BE0.10
fresh,T005,0.05,PAPER:RIVERUSDT:1790882699999:SHORT,RIVERUSDT,Fresh_2026-10-01,False,0,0,False,True,1.147778067767912,FULL_CLOSE_050
fresh,T005,0.05,PAPER:1000XECUSDT:1790879399999:SHORT,1000XECUSDT,Fresh_2026-10-01,False,3,3,False,True,-3.122556020813501,HIST_TIME_FALLBACK
fresh,T005,0.05,PAPER:OPUSDT:1790839499999:SHORT,OPUSDT,Fresh_2026-10-01,False,2,2,False,True,-3.4045629053432203,HIST_TIME_FALLBACK
fresh,T005,0.05,PAPER:ARUSDT:1791001199999:SHORT,ARUSDT,Fresh_2026-10-03,False,1,1,False,True,0.9163219733204049,FULL_CLOSE_050
fresh,T005,0.05,PAPER:ROSEUSDT:1790834099999:SHORT,ROSEUSDT,Fresh_2026-10-01,False,0,0,False,True,-2.681704308391275,HIST_TIME_FALLBACK
fresh,T005,0.05,PAPER:HEIUSDT:1790848199999:SHORT,HEIUSDT,Fresh_2026-10-01,False,0,0,False,True,-13.547810194624825,HIST_TIME_FALLBACK
fresh,T005,0.05,PAPER:PUMPBTCUSDT:1790871899999:SHORT,PUMPBTCUSDT,Fresh_2026-10-01,True,2,2,False,False,,
fresh,T005,0.05,PAPER:REZUSDT:1790829899999:SHORT,REZUSDT,Fresh_2026-10-01,False,1,1,False,True,-1.7841345445265666,HIST_TIME_FALLBACK
fresh,T005,0.05,PAPER:AVAAIUSDT:1790882699999:SHORT,AVAAIUSDT,Fresh_2026-10-01,False,2,2,False,True,-3.7664375269693933,HIST_TIME_FALLBACK
fresh,T005,0.05,PAPER:SQDUSDT:1790927399999:SHORT,SQDUSDT,Fresh_2026-10-02,False,3,3,False,False,,
fresh,T005,0.05,PAPER:COTIUSDT:1790936399999:SHORT,COTIUSDT,Fresh_2026-10-02,False,0,0,False,True,-2.505100617723195,HIST_TIME_FALLBACK
fresh,T005,0.05,PAPER:FFUSDT:1790953499999:SHORT,FFUSDT,Fresh_2026-10-02,False,0,0,False,True,-0.08979954292673226,BE0.10
fresh,T005,0.05,PAPER:JCTUSDT:1790863799999:SHORT,JCTUSDT,Fresh_2026-10-01,True,1,1,False,False,,
fresh,T005,0.05,PAPER:ETCUSDT:1790966399999:SHORT,ETCUSDT,Fresh_2026-10-02,False,2,2,False,False,,
fresh,T005,0.05,PAPER:SPORTFUNUSDT:1790979599999:SHORT,SPORTFUNUSDT,Fresh_2026-10-02,False,2,2,False,True,-1.531240751922931,HIST_TIME_FALLBACK
fresh,T005,0.05,PAPER:NILUSDT:1790903699999:SHORT,NILUSDT,Fresh_2026-10-02,False,3,3,False,False,,
fresh,T005,0.05,PAPER:NAORISUSDT:1790922599999:SHORT,NAORISUSDT,Fresh_2026-10-02,False,1,1,False,False,,
fresh,T005,0.05,PAPER:ARXUSDT:1790960699999:SHORT,ARXUSDT,Fresh_2026-10-02,True,1,1,False,True,4.378987829504217,FULL_CLOSE_050
fresh,T005,0.05,PAPER:USUALUSDT:1790926499999:SHORT,USUALUSDT,Fresh_2026-10-02,False,1,1,False,True,-2.51032555998081,HIST_TIME_FALLBACK
fresh,T005,0.05,PAPER:HUMAUSDT:1790840099999:SHORT,HUMAUSDT,Fresh_2026-10-01,True,0,0,False,True,2.1978805904836394,FULL_CLOSE_050
fresh,T005,0.05,PAPER:CTKUSDT:1790966699999:SHORT,CTKUSDT,Fresh_2026-10-02,False,3,3,False,True,-0.13225672095204227,BE0.10
fresh,T005,0.05,PAPER:BSVUSDT:1790923199999:SHORT,BSVUSDT,Fresh_2026-10-02,False,3,3,False,True,-3.6882940113631597,HIST_TIME_FALLBACK
fresh,T005,0.05,PAPER:HANAUSDT:1791018899999:SHORT,HANAUSDT,Fresh_2026-10-03,False,2,2,False,False,,
fresh,T005,0.05,PAPER:ONDOUSDT:1790966099999:SHORT,ONDOUSDT,Fresh_2026-10-02,False,2,2,False,False,,
fresh,T005,0.05,PAPER:OPENUSDT:1790964299999:SHORT,OPENUSDT,Fresh_2026-10-02,True,2,2,False,True,2.1090930179925236,FULL_CLOSE_050
fresh,T005,0.05,PAPER:BRUSDT:1790897099999:SHORT,BRUSDT,Fresh_2026-10-01,False,1,1,False,False,,
fresh,T005,0.05,PAPER:NEIROUSDT:1790859899999:SHORT,NEIROUSDT,Fresh_2026-10-01,False,0,0,False,True,1.1189957547984062,FULL_CLOSE_050
fresh,T005,0.05,PAPER:STRKUSDT:1790968799999:SHORT,STRKUSDT,Fresh_2026-10-02,False,1,1,False,True,0.39445638211897427,FULL_CLOSE_050
fresh,T005,0.05,PAPER:NILUSDT:1790842199999:SHORT,NILUSDT,Fresh_2026-10-01,False,1,1,False,False,,
fresh,T005,0.05,PAPER:ILVUSDT:1790965499999:SHORT,ILVUSDT,Fresh_2026-10-02,True,3,3,False,False,,
fresh,T005,0.05,PAPER:TWTUSDT:1790849099999:SHORT,TWTUSDT,Fresh_2026-10-01,False,2,2,False,False,,
fresh,T005,0.05,PAPER:INITUSDT:1790991299999:SHORT,INITUSDT,Fresh_2026-10-03,False,2,2,False,True,-2.646575883942646,HIST_TIME_FALLBACK
fresh,T005,0.05,PAPER:MIRAUSDT:1791016199999:SHORT,MIRAUSDT,Fresh_2026-10-03,False,0,0,False,True,1.9107845668962566,FULL_CLOSE_050
fresh,T005,0.05,PAPER:MELANIAUSDT:1791036599999:SHORT,MELANIAUSDT,Fresh_2026-10-03,False,2,2,False,True,-3.6440407627940714,HIST_TIME_FALLBACK
fresh,T005,0.05,PAPER:LABUSDT:1791054899999:SHORT,LABUSDT,Fresh_2026-10-03,True,1,1,False,True,1.2673040627000618,FULL_CLOSE_050
fresh,T005,0.05,PAPER:TRUTHUSDT:1791031799999:SHORT,TRUTHUSDT,Fresh_2026-10-03,False,3,3,False,True,-0.15060469382574337,BE0.10
fresh,T005,0.05,PAPER:UAIUSDT:1791014699999:SHORT,UAIUSDT,Fresh_2026-10-03,True,1,1,False,True,1.1348159600681993,FULL_CLOSE_050
fresh,T005,0.05,PAPER:STXUSDT:1790880599999:SHORT,STXUSDT,Fresh_2026-10-01,False,2,2,False,True,-1.6091884451139509,HIST_TIME_FALLBACK
fresh,T005,0.05,PAPER:NOMUSDT:1790903399999:SHORT,NOMUSDT,Fresh_2026-10-02,False,0,0,False,True,-0.215131021799066,BE0.10
fresh,T005,0.05,PAPER:ATUSDT:1791041099999:SHORT,ATUSDT,Fresh_2026-10-03,False,0,0,False,True,3.183689159003061,FULL_CLOSE_050
fresh,T005,0.05,PAPER:GRASSUSDT:1790888999999:SHORT,GRASSUSDT,Fresh_2026-10-01,True,1,1,False,True,-0.012107657945023498,BE0.10
fresh,T005,0.05,PAPER:VELODROMEUSDT:1790838899999:SHORT,VELODROMEUSDT,Fresh_2026-10-01,True,0,0,False,True,5.341956205486936,RUNNER_CLOSE
fresh,T005,0.05,PAPER:NILUSDT:1790942699999:SHORT,NILUSDT,Fresh_2026-10-02,False,2,2,False,True,-0.8266064828815396,HIST_TIME_FALLBACK
fresh,T005,0.05,PAPER:STRKUSDT:1790842199999:SHORT,STRKUSDT,Fresh_2026-10-01,False,2,2,False,True,-0.14540677428081095,BE0.10
fresh,T005,0.05,PAPER:1000CHEEMSUSDT:1790966699999:SHORT,1000CHEEMSUSDT,Fresh_2026-10-02,False,2,2,False,False,,
fresh,T005,0.05,PAPER:TAOUSDT:1790965799999:SHORT,TAOUSDT,Fresh_2026-10-02,True,1,1,False,True,2.1839407285295747,FULL_CLOSE_050
fresh,T005,0.05,PAPER:CFGUSDT:1790966399999:SHORT,CFGUSDT,Fresh_2026-10-02,False,0,0,False,True,-4.116161022084911,HIST_TIME_FALLBACK
fresh,T005,0.05,PAPER:EDENUSDT:1790965799999:SHORT,EDENUSDT,Fresh_2026-10-02,True,1,1,False,True,1.6146700305047748,FULL_CLOSE_050
fresh,T005,0.05,PAPER:POWERUSDT:1790890799999:SHORT,POWERUSDT,Fresh_2026-10-01,False,0,0,False,True,-2.750373633134391,HIST_TIME_FALLBACK
fresh,T005,0.05,PAPER:HMSTRUSDT:1790966099999:SHORT,HMSTRUSDT,Fresh_2026-10-02,True,3,3,False,True,6.472336504667519,RUNNER_CLOSE
fresh,T005,0.05,PAPER:FHEUSDT:1791005699999:SHORT,FHEUSDT,Fresh_2026-10-03,False,0,0,False,True,-0.25910602046775105,BE0.10
fresh,T005,0.05,PAPER:MYXUSDT:1790966399999:SHORT,MYXUSDT,Fresh_2026-10-02,False,0,0,False,True,-6.085046911199443,HIST_TIME_FALLBACK
fresh,T005,0.05,PAPER:MUBARAKUSDT:1791043499999:SHORT,MUBARAKUSDT,Fresh_2026-10-03,False,3,3,False,True,-4.525146759590536,HIST_TIME_FALLBACK
fresh,T005,0.05,PAPER:ROBOUSDT:1790965499999:SHORT,ROBOUSDT,Fresh_2026-10-02,True,2,2,False,True,13.584513505488648,RUNNER_CLOSE
fresh,T005,0.05,PAPER:CROSSUSDT:1791017099999:SHORT,CROSSUSDT,Fresh_2026-10-03,False,2,2,False,False,,
fresh,T005,0.05,PAPER:MOVEUSDT:1790960699999:SHORT,MOVEUSDT,Fresh_2026-10-02,True,2,2,False,True,-0.04598999579138496,BE0.10
fresh,T005,0.05,PAPER:ZKPUSDT:1790842499999:SHORT,ZKPUSDT,Fresh_2026-10-01,False,1,1,False,True,-0.1265369075460105,BE0.10
fresh,T005,0.05,PAPER:ZETAUSDT:1790985899999:SHORT,ZETAUSDT,Fresh_2026-10-03,False,0,0,False,True,-0.019945001802336493,BE0.10
fresh,T005,0.05,PAPER:POWERUSDT:1791033599999:SHORT,POWERUSDT,Fresh_2026-10-03,False,1,1,False,True,-0.1246449018865804,BE0.10
fresh,T005,0.05,PAPER:COMPUSDT:1790863499999:SHORT,COMPUSDT,Fresh_2026-10-01,False,0,0,False,True,-3.4719794084760855,HIST_TIME_FALLBACK
fresh,T005,0.05,PAPER:SYNUSDT:1790885099999:SHORT,SYNUSDT,Fresh_2026-10-01,True,0,0,False,True,-1.1636890794484025,HIST_TIME_FALLBACK
fresh,T005,0.05,PAPER:HYPEUSDT:1790951699999:SHORT,HYPEUSDT,Fresh_2026-10-02,False,2,2,False,True,-0.0008512200102290257,BE0.10
fresh,T005,0.05,PAPER:SLPUSDT:1790936099999:SHORT,SLPUSDT,Fresh_2026-10-02,True,0,0,False,True,1.3524279256465195,FULL_CLOSE_050
fresh,T005,0.05,PAPER:PLAYUSDT:1790882999999:SHORT,PLAYUSDT,Fresh_2026-10-01,False,3,3,False,True,-1.4339933788948558,HIST_TIME_FALLBACK
fresh,T005,0.05,PAPER:PONSUSDT:1790976599999:SHORT,PONSUSDT,Fresh_2026-10-02,True,2,2,False,True,-5.102012954709281,HIST_TIME_FALLBACK
fresh,T005,0.05,PAPER:CHILLGUYUSDT:1790864099999:SHORT,CHILLGUYUSDT,Fresh_2026-10-01,False,1,1,False,True,-3.278627234866254,HIST_TIME_FALLBACK
fresh,T005,0.05,PAPER:AUCTIONUSDT:1790866199999:SHORT,AUCTIONUSDT,Fresh_2026-10-01,False,1,1,False,False,,
fresh,T005,0.05,PAPER:SPKUSDT:1791003899999:SHORT,SPKUSDT,Fresh_2026-10-03,False,1,1,False,True,-1.7409881265352445,HIST_TIME_FALLBACK
fresh,T005,0.05,PAPER:ARXUSDT:1790882999999:SHORT,ARXUSDT,Fresh_2026-10-01,False,0,0,False,True,-1.4878647856317206,HIST_TIME_FALLBACK
fresh,T005,0.05,PAPER:MUSDT:1791058199999:SHORT,MUSDT,Fresh_2026-10-03,False,0,0,False,True,-3.231488780544721,HIST_TIME_FALLBACK
fresh,T005,0.05,PAPER:ENAUSDT:1790979299999:SHORT,ENAUSDT,Fresh_2026-10-02,False,1,1,False,True,-0.02836086356128542,BE0.10
fresh,T005,0.05,PAPER:哈基米USDT:1790962799999:SHORT,哈基米USDT,Fresh_2026-10-02,True,2,2,False,False,,
fresh,T005,0.05,PAPER:KMNOUSDT:1790848799999:SHORT,KMNOUSDT,Fresh_2026-10-01,True,1,1,False,True,-0.11847241867074537,BE0.10
fresh,T005,0.05,PAPER:WLDUSDT:1791012599999:SHORT,WLDUSDT,Fresh_2026-10-03,True,2,2,False,True,-1.6752672642078732,HIST_TIME_FALLBACK
fresh,T005,0.05,PAPER:哈基米USDT:1791001499999:SHORT,哈基米USDT,Fresh_2026-10-03,False,2,2,False,True,-0.1293058300081783,BE0.10
fresh,T005,0.05,PAPER:MAGICUSDT:1790990699999:SHORT,MAGICUSDT,Fresh_2026-10-03,False,2,2,False,True,1.5449423977268113,FULL_CLOSE_050
fresh,T005,0.05,PAPER:FLOCKUSDT:1790882999999:SHORT,FLOCKUSDT,Fresh_2026-10-01,True,0,0,False,True,4.057985172958385,FULL_CLOSE_050
fresh,T005,0.05,PAPER:USUSDT:1790957999999:SHORT,USUSDT,Fresh_2026-10-02,True,1,1,False,True,-0.16374040715446286,BE0.10
fresh,T005,0.05,PAPER:MOVRUSDT:1791008699999:SHORT,MOVRUSDT,Fresh_2026-10-03,False,2,2,False,False,,
fresh,T005,0.05,PAPER:XANUSDT:1790961899999:SHORT,XANUSDT,Fresh_2026-10-02,False,0,0,False,True,1.8617943446994034,FULL_CLOSE_050
fresh,T005,0.05,PAPER:LISTAUSDT:1790946599999:SHORT,LISTAUSDT,Fresh_2026-10-02,False,1,1,False,True,-1.2358738583694429,HIST_TIME_FALLBACK
fresh,T005,0.05,PAPER:BERAUSDT:1790839499999:SHORT,BERAUSDT,Fresh_2026-10-01,False,2,2,False,True,-3.622665385233037,HIST_TIME_FALLBACK
fresh,T005,0.05,PAPER:LPTUSDT:1790997599999:SHORT,LPTUSDT,Fresh_2026-10-03,False,2,2,False,False,,
fresh,T005,0.05,PAPER:PROMPTUSDT:1790903399999:SHORT,PROMPTUSDT,Fresh_2026-10-02,False,3,3,False,True,-1.9660706875012948,HIST_TIME_FALLBACK
fresh,T005,0.05,PAPER:JUPUSDT:1790966399999:SHORT,JUPUSDT,Fresh_2026-10-02,True,2,2,False,False,,
fresh,T005,0.05,PAPER:JTOUSDT:1790842199999:SHORT,JTOUSDT,Fresh_2026-10-01,False,2,2,False,True,-4.33372493124235,HIST_TIME_FALLBACK
fresh,T005,0.05,PAPER:FETUSDT:1790919599999:SHORT,FETUSDT,Fresh_2026-10-02,False,0,0,False,True,-2.864842273597039,HIST_TIME_FALLBACK
fresh,T005,0.05,PAPER:DATAIPUSDT:1790897699999:SHORT,DATAIPUSDT,Fresh_2026-10-01,True,2,2,False,True,1.8320713239452235,FULL_CLOSE_050
fresh,T005,0.05,PAPER:CCUSDT:1790919299999:SHORT,CCUSDT,Fresh_2026-10-02,False,0,0,False,True,1.0499439103670498,FULL_CLOSE_050
fresh,T005,0.05,PAPER:LITUSDT:1790861099999:SHORT,LITUSDT,Fresh_2026-10-01,False,0,0,False,True,-0.004070138652935373,BE0.10
fresh,T005,0.05,PAPER:EDUUSDT:1790965799999:SHORT,EDUUSDT,Fresh_2026-10-02,True,3,3,False,True,11.519654553686552,RUNNER_CLOSE
fresh,T005,0.05,PAPER:MERLUSDT:1790953499999:SHORT,MERLUSDT,Fresh_2026-10-02,False,1,3,True,True,-1.9901661945962537,HIST_TIME_FALLBACK
fresh,T005,0.05,PAPER:DOODUSDT:1790966399999:SHORT,DOODUSDT,Fresh_2026-10-02,False,2,2,False,False,,
fresh,T005,0.05,PAPER:TRIAUSDT:1790903399999:SHORT,TRIAUSDT,Fresh_2026-10-02,False,3,3,False,True,2.420686662585104,FULL_CLOSE_050
fresh,T005,0.05,PAPER:ARKUSDT:1790991299999:SHORT,ARKUSDT,Fresh_2026-10-03,True,0,0,False,True,2.9340015432766298,FULL_CLOSE_050
fresh,T005,0.05,PAPER:USELESSUSDT:1791001199999:SHORT,USELESSUSDT,Fresh_2026-10-03,True,2,2,False,True,1.4376163836711018,FULL_CLOSE_050
fresh,T005,0.05,PAPER:APRUSDT:1790852999999:SHORT,APRUSDT,Fresh_2026-10-01,False,2,2,False,False,,
fresh,T005,0.05,PAPER:HUMAUSDT:1790855099999:SHORT,HUMAUSDT,Fresh_2026-10-01,True,0,0,False,True,1.5340909942761574,FULL_CLOSE_050
fresh,T005,0.05,PAPER:GRAMUSDT:1790868899999:SHORT,GRAMUSDT,Fresh_2026-10-01,False,1,1,False,True,-1.6145234023579123,HIST_TIME_FALLBACK
fresh,T005,0.05,PAPER:币安人生USDT:1790965499999:SHORT,币安人生USDT,Fresh_2026-10-02,True,1,1,False,True,7.966689882816838,RUNNER_CLOSE
fresh,T005,0.05,PAPER:ZENUSDT:1790965199999:SHORT,ZENUSDT,Fresh_2026-10-02,True,1,1,False,True,1.0700038681705697,FULL_CLOSE_050
fresh,T005,0.05,PAPER:BRUSDT:1791032999999:SHORT,BRUSDT,Fresh_2026-10-03,False,3,3,False,False,,
fresh,T005,0.05,PAPER:ZKUSDT:1790924699999:SHORT,ZKUSDT,Fresh_2026-10-02,False,2,2,False,False,,
fresh,T005,0.05,PAPER:ARIAUSDT:1790862599999:SHORT,ARIAUSDT,Fresh_2026-10-01,False,1,1,False,True,-1.2285193068638909,HIST_TIME_FALLBACK
fresh,T005,0.05,PAPER:ONUSDT:1791040499999:SHORT,ONUSDT,Fresh_2026-10-03,True,2,2,False,True,0.991905752634519,FULL_CLOSE_050
fresh,T005,0.05,PAPER:NEOUSDT:1790873699999:SHORT,NEOUSDT,Fresh_2026-10-01,False,1,2,True,True,-0.14990995801085288,BE0.10
fresh,T005,0.05,PAPER:AEROUSDT:1790961299999:SHORT,AEROUSDT,Fresh_2026-10-02,False,1,1,False,True,-0.1108404352094638,BE0.10
fresh,T005,0.05,PAPER:BELUSDT:1790947199999:SHORT,BELUSDT,Fresh_2026-10-02,False,2,2,False,False,,
fresh,T005,0.05,PAPER:ARKUSDT:1790924699999:SHORT,ARKUSDT,Fresh_2026-10-02,True,1,2,True,True,1.1173531975785365,FULL_CLOSE_050
fresh,T005,0.05,PAPER:MITOUSDT:1790864099999:SHORT,MITOUSDT,Fresh_2026-10-01,False,2,2,False,True,-3.5438438724014416,HIST_TIME_FALLBACK
fresh,T005,0.05,PAPER:VIRTUALUSDT:1790966099999:SHORT,VIRTUALUSDT,Fresh_2026-10-02,False,2,2,False,False,,
fresh,T005,0.05,PAPER:KMNOUSDT:1790847899999:SHORT,KMNOUSDT,Fresh_2026-10-01,False,3,3,False,False,,
fresh,T005,0.05,PAPER:PUMPBTCUSDT:1790872199999:SHORT,PUMPBTCUSDT,Fresh_2026-10-01,False,0,0,False,True,-1.5674220849102916,HIST_TIME_FALLBACK
fresh,T005,0.05,PAPER:JASMYUSDT:1790996099999:SHORT,JASMYUSDT,Fresh_2026-10-03,False,3,3,False,True,-0.08762509250839112,BE0.10
fresh,T005,0.05,PAPER:LDOUSDT:1791031199999:SHORT,LDOUSDT,Fresh_2026-10-03,False,0,0,False,True,-0.07160260485622721,BE0.10
fresh,T005,0.05,PAPER:STABLEUSDT:1790874899999:SHORT,STABLEUSDT,Fresh_2026-10-01,False,1,1,False,True,-8.280041034992687,HIST_TIME_FALLBACK
fresh,T005,0.05,PAPER:BRUSDT:1790986199999:SHORT,BRUSDT,Fresh_2026-10-03,False,0,0,False,True,-0.17396148729083744,BE0.10
fresh,T005,0.05,PAPER:TRADOORUSDT:1791033899999:SHORT,TRADOORUSDT,Fresh_2026-10-03,False,3,3,False,True,-5.869136992138272,HIST_TIME_FALLBACK
fresh,T005,0.05,PAPER:CTRUSDT:1790866499999:SHORT,CTRUSDT,Fresh_2026-10-01,False,1,1,False,True,-2.6255552449241666,HIST_TIME_FALLBACK
fresh,T005,0.05,PAPER:SKYUSDT:1790867399999:SHORT,SKYUSDT,Fresh_2026-10-01,False,2,2,False,True,-4.884232601368719,HIST_TIME_FALLBACK
fresh,T005,0.05,PAPER:WAXPUSDT:1790968499999:SHORT,WAXPUSDT,Fresh_2026-10-02,False,2,2,False,True,-2.650073445316445,HIST_TIME_FALLBACK
fresh,T005,0.05,PAPER:ZROUSDT:1791044699999:SHORT,ZROUSDT,Fresh_2026-10-03,False,0,0,False,True,-0.16285132671650498,BE0.10
fresh,T005,0.05,PAPER:ARXUSDT:1790923199999:SHORT,ARXUSDT,Fresh_2026-10-02,False,1,1,False,True,-0.23788098067846686,BE0.10
fresh,T005,0.05,PAPER:PENGUUSDT:1790839199999:SHORT,PENGUUSDT,Fresh_2026-10-01,True,1,1,False,True,2.090470541858818,FULL_CLOSE_050
fresh,T005,0.05,PAPER:KAITOUSDT:1790859899999:SHORT,KAITOUSDT,Fresh_2026-10-01,False,2,2,False,True,-0.055506945893124715,BE0.10
fresh,T005,0.05,PAPER:SPACEUSDT:1790891099999:SHORT,SPACEUSDT,Fresh_2026-10-01,False,2,2,False,True,-2.650256721155524,HIST_TIME_FALLBACK
fresh,T005,0.05,PAPER:OUSDT:1790971799999:SHORT,OUSDT,Fresh_2026-10-02,False,2,2,False,True,-0.3605843960311649,BE0.10
fresh,T005,0.05,PAPER:KOMAUSDT:1790992499999:SHORT,KOMAUSDT,Fresh_2026-10-03,False,2,2,False,True,-1.1280503664307835,HIST_TIME_FALLBACK
fresh,T005,0.05,PAPER:BTWUSDT:1791052199999:SHORT,BTWUSDT,Fresh_2026-10-03,False,1,2,True,True,-3.480765530753359,HIST_TIME_FALLBACK
fresh,T005,0.05,PAPER:RIVERUSDT:1791034799999:SHORT,RIVERUSDT,Fresh_2026-10-03,True,0,0,False,True,1.1762976002167467,FULL_CLOSE_050
fresh,T005,0.05,PAPER:1000PEPEUSDT:1790839499999:SHORT,1000PEPEUSDT,Fresh_2026-10-01,False,1,1,False,True,-1.9153840345033457,HIST_TIME_FALLBACK
fresh,T005,0.05,PAPER:ERAUSDT:1790860199999:SHORT,ERAUSDT,Fresh_2026-10-01,False,2,2,False,False,,
fresh,T005,0.05,PAPER:XPINUSDT:1790860199999:SHORT,XPINUSDT,Fresh_2026-10-01,False,1,1,False,True,-0.38900708953446006,BE0.10
fresh,T005,0.05,PAPER:BLUAIUSDT:1790885399999:SHORT,BLUAIUSDT,Fresh_2026-10-01,True,3,3,False,False,,
fresh,T005,0.05,PAPER:CHRUSDT:1790945099999:SHORT,CHRUSDT,Fresh_2026-10-02,False,3,3,False,False,,
fresh,T005,0.05,PAPER:牛来USDT:1790951999999:SHORT,牛来USDT,Fresh_2026-10-02,False,2,2,False,True,1.618442915799946,FULL_CLOSE_050
fresh,T005,0.05,PAPER:BIOUSDT:1790864099999:SHORT,BIOUSDT,Fresh_2026-10-01,False,0,0,False,True,-0.11029877955449291,BE0.10
fresh,T005,0.05,PAPER:龙虾USDT:1791041099999:SHORT,龙虾USDT,Fresh_2026-10-03,False,0,0,False,True,0.9025811857341735,FULL_CLOSE_050
fresh,T005,0.05,PAPER:SOONUSDT:1790869199999:SHORT,SOONUSDT,Fresh_2026-10-01,False,0,0,False,True,-1.5512649539993615,HIST_TIME_FALLBACK
fresh,T005,0.05,PAPER:PHAUSDT:1790861999999:SHORT,PHAUSDT,Fresh_2026-10-01,True,2,2,False,True,1.8326686455935544,FULL_CLOSE_050
fresh,T005,0.05,PAPER:LSKUSDT:1790917499999:SHORT,LSKUSDT,Fresh_2026-10-02,False,2,2,False,True,-2.768637137163076,HIST_TIME_FALLBACK
fresh,T005,0.05,PAPER:PENGUUSDT:1790864099999:SHORT,PENGUUSDT,Fresh_2026-10-01,False,1,1,False,False,,
fresh,T005,0.05,PAPER:PENDLEUSDT:1790849999999:SHORT,PENDLEUSDT,Fresh_2026-10-01,True,2,2,False,True,2.74501104965327,FULL_CLOSE_050
fresh,T005,0.05,PAPER:PROMPTUSDT:1790867699999:SHORT,PROMPTUSDT,Fresh_2026-10-01,False,0,0,False,True,-0.2510626776193837,BE0.10
fresh,T005,0.05,PAPER:GRAMUSDT:1790880599999:SHORT,GRAMUSDT,Fresh_2026-10-01,False,0,0,False,True,-0.3009355762202893,BE0.10
fresh,T005,0.05,PAPER:SOONUSDT:1790924999999:SHORT,SOONUSDT,Fresh_2026-10-02,False,0,0,False,True,-5.314946303909512,HIST_TIME_FALLBACK
fresh,T005,0.05,PAPER:ELSAUSDT:1790968199999:SHORT,ELSAUSDT,Fresh_2026-10-02,True,3,3,False,True,5.349849370207195,RUNNER_CLOSE
fresh,T005,0.05,PAPER:XPLUSDT:1790965199999:SHORT,XPLUSDT,Fresh_2026-10-02,False,2,2,False,True,-1.3211827675222412,HIST_TIME_FALLBACK
fresh,T005,0.05,PAPER:PHAUSDT:1790975399999:SHORT,PHAUSDT,Fresh_2026-10-02,True,1,1,False,True,5.18633777375308,RUNNER_CLOSE
fresh,T005,0.05,PAPER:GRASSUSDT:1790859899999:SHORT,GRASSUSDT,Fresh_2026-10-01,False,3,3,False,True,-2.0742361234222306,HIST_TIME_FALLBACK
fresh,T005,0.05,PAPER:TAUSDT:1790890799999:SHORT,TAUSDT,Fresh_2026-10-01,True,0,0,False,True,2.94574644314652,FULL_CLOSE_050
fresh,T005,0.05,PAPER:BRUSDT:1791032399999:SHORT,BRUSDT,Fresh_2026-10-03,False,2,2,False,False,,
fresh,T005,0.05,PAPER:ILVUSDT:1790965799999:SHORT,ILVUSDT,Fresh_2026-10-02,False,1,1,False,False,,
fresh,T005,0.05,PAPER:XPLUSDT:1790976599999:SHORT,XPLUSDT,Fresh_2026-10-02,False,1,1,False,True,-0.06529300556826434,BE0.10
fresh,T005,0.05,PAPER:MONUSDT:1791000299999:SHORT,MONUSDT,Fresh_2026-10-03,False,1,1,False,True,-0.00033199239466602526,BE0.10
fresh,T005,0.05,PAPER:DATAIPUSDT:1790982899999:SHORT,DATAIPUSDT,Fresh_2026-10-02,False,1,1,False,True,1.1579881137669492,FULL_CLOSE_050
fresh,T005,0.05,PAPER:TNSRUSDT:1791012899999:SHORT,TNSRUSDT,Fresh_2026-10-03,True,1,1,False,True,1.3309120938112318,FULL_CLOSE_050
fresh,T005,0.05,PAPER:OUSDT:1790939699999:SHORT,OUSDT,Fresh_2026-10-02,False,1,2,True,True,2.0581838959306165,FULL_CLOSE_050
fresh,T005,0.05,PAPER:EPICUSDT:1790990699999:SHORT,EPICUSDT,Fresh_2026-10-03,False,3,3,False,True,0.2940695165801051,FULL_CLOSE_050
fresh,T005,0.05,PAPER:ALLOUSDT:1790929499999:SHORT,ALLOUSDT,Fresh_2026-10-02,True,2,2,False,True,4.404947391172128,FULL_CLOSE_050
fresh,T005,0.05,PAPER:AWEUSDT:1790860799999:SHORT,AWEUSDT,Fresh_2026-10-01,False,0,0,False,True,-0.04750208260544464,BE0.10
fresh,T005,0.05,PAPER:PUMPBTCUSDT:1790931899999:SHORT,PUMPBTCUSDT,Fresh_2026-10-02,True,0,0,False,True,1.5811636410721557,FULL_CLOSE_050
fresh,T005,0.05,PAPER:JASMYUSDT:1790950199999:SHORT,JASMYUSDT,Fresh_2026-10-02,False,2,2,False,True,-3.1420901585900505,HIST_TIME_FALLBACK
fresh,T005,0.05,PAPER:COMPUSDT:1790913899999:SHORT,COMPUSDT,Fresh_2026-10-02,False,0,0,False,True,-0.12176605780390604,BE0.10
fresh,T005,0.05,PAPER:GENIUSUSDT:1790864099999:SHORT,GENIUSUSDT,Fresh_2026-10-01,False,0,0,False,True,-3.021315903855524,HIST_TIME_FALLBACK
fresh,T005,0.05,PAPER:ATUSDT:1791008399999:SHORT,ATUSDT,Fresh_2026-10-03,False,1,1,False,True,-4.685825784559835,HIST_TIME_FALLBACK
fresh,T005,0.05,PAPER:1000000BOBUSDT:1791023099999:SHORT,1000000BOBUSDT,Fresh_2026-10-03,False,0,0,False,True,-0.5519599743337846,BE0.10
fresh,T005,0.05,PAPER:DYDXUSDT:1790890199999:SHORT,DYDXUSDT,Fresh_2026-10-01,False,1,1,False,True,-5.350107191823761,HIST_TIME_FALLBACK
fresh,T005,0.05,PAPER:PONSUSDT:1790859899999:SHORT,PONSUSDT,Fresh_2026-10-01,True,1,1,False,True,1.1097901679100781,FULL_CLOSE_050
fresh,T005,0.05,PAPER:ARXUSDT:1790939399999:SHORT,ARXUSDT,Fresh_2026-10-02,True,2,2,False,True,1.6943581357781672,FULL_CLOSE_050
fresh,T005,0.05,PAPER:KSMUSDT:1790965799999:SHORT,KSMUSDT,Fresh_2026-10-02,False,1,1,False,True,-1.5428204918805983,HIST_TIME_FALLBACK
fresh,T005,0.05,PAPER:SPORTFUNUSDT:1791060899999:SHORT,SPORTFUNUSDT,Fresh_2026-10-03,False,2,2,False,False,,
fresh,T005,0.05,PAPER:INJUSDT:1790838899999:SHORT,INJUSDT,Fresh_2026-10-01,True,2,2,False,True,1.3547871559577351,FULL_CLOSE_050
fresh,T005,0.05,PAPER:SEIUSDT:1790903099999:SHORT,SEIUSDT,Fresh_2026-10-02,False,1,1,False,True,-3.1794431469254993,HIST_TIME_FALLBACK
fresh,T005,0.05,PAPER:CTRUSDT:1790860799999:SHORT,CTRUSDT,Fresh_2026-10-01,False,2,2,False,True,-3.4552529478808056,HIST_TIME_FALLBACK
fresh,T005,0.05,PAPER:HANAUSDT:1790882999999:SHORT,HANAUSDT,Fresh_2026-10-01,False,2,2,False,True,-5.430521275125589,HIST_TIME_FALLBACK
fresh,T005,0.05,PAPER:PUMPBTCUSDT:1790879399999:SHORT,PUMPBTCUSDT,Fresh_2026-10-01,False,2,2,False,True,-0.9501900380075186,HIST_TIME_FALLBACK
fresh,T005,0.05,PAPER:MARSCOINUSDT:1790995199999:SHORT,MARSCOINUSDT,Fresh_2026-10-03,True,3,3,False,True,4.191897956916806,FULL_CLOSE_050
fresh,T005,0.05,PAPER:CUSDT:1790936099999:SHORT,CUSDT,Fresh_2026-10-02,False,0,0,False,True,-3.55762963744015,HIST_TIME_FALLBACK
fresh,T005,0.05,PAPER:CAPUSDT:1790924699999:SHORT,CAPUSDT,Fresh_2026-10-02,False,2,3,True,False,,NO_EXECUTABLE_ENTRY
fresh,T005,0.05,PAPER:COAIUSDT:1790953499999:SHORT,COAIUSDT,Fresh_2026-10-02,False,3,3,False,True,-5.213764211832833,HIST_TIME_FALLBACK
fresh,T005,0.05,PAPER:SAGAUSDT:1791011999999:SHORT,SAGAUSDT,Fresh_2026-10-03,False,2,2,False,True,-0.05590653637642157,BE0.10
fresh,T005,0.05,PAPER:PORTALUSDT:1791054299999:SHORT,PORTALUSDT,Fresh_2026-10-03,False,3,3,False,True,-0.10271511130677669,BE0.10
fresh,T005,0.05,PAPER:HUMAUSDT:1791011099999:SHORT,HUMAUSDT,Fresh_2026-10-03,True,1,1,False,True,1.035920908670005,FULL_CLOSE_050
fresh,T005,0.05,PAPER:BROCCOLIF3BUSDT:1790966699999:SHORT,BROCCOLIF3BUSDT,Fresh_2026-10-02,False,3,3,False,True,1.259350374641172,FULL_CLOSE_050
fresh,T005,0.05,PAPER:BLUAIUSDT:1791031199999:SHORT,BLUAIUSDT,Fresh_2026-10-03,False,1,1,False,True,-7.262463431301457,HIST_TIME_FALLBACK
fresh,T005,0.05,PAPER:DOLOUSDT:1790965799999:SHORT,DOLOUSDT,Fresh_2026-10-02,True,1,1,False,True,4.677970167446233,RUNNER_CLOSE
fresh,T005,0.05,PAPER:STARUSDT:1790885399999:SHORT,STARUSDT,Fresh_2026-10-01,True,2,2,False,True,-0.09887168760280546,BE0.10
fresh,T005,0.05,PAPER:ZKCUSDT:1790903699999:SHORT,ZKCUSDT,Fresh_2026-10-02,False,0,0,False,True,1.024236465622565,FULL_CLOSE_050
fresh,T005,0.05,PAPER:HANAUSDT:1791005399999:SHORT,HANAUSDT,Fresh_2026-10-03,True,1,1,False,True,2.75168071823078,FULL_CLOSE_050
fresh,T005,0.05,PAPER:PENGUUSDT:1790961899999:SHORT,PENGUUSDT,Fresh_2026-10-02,True,0,0,False,True,9.551754576237864,RUNNER_CLOSE
fresh,T005,0.05,PAPER:EDGEUSDT:1790883299999:SHORT,EDGEUSDT,Fresh_2026-10-01,False,3,3,False,False,,
fresh,T005,0.05,PAPER:FARTCOINUSDT:1790965499999:SHORT,FARTCOINUSDT,Fresh_2026-10-02,True,1,1,False,True,1.3187060074905008,FULL_CLOSE_050
fresh,T005,0.05,PAPER:2ZUSDT:1790866199999:SHORT,2ZUSDT,Fresh_2026-10-01,False,0,0,False,True,-1.9180801927655708,HIST_TIME_FALLBACK
fresh,T005,0.05,PAPER:LPTUSDT:1790840399999:SHORT,LPTUSDT,Fresh_2026-10-01,False,1,1,False,True,-1.2370526110952482,HIST_TIME_FALLBACK
fresh,T005,0.05,PAPER:NMRUSDT:1790852699999:SHORT,NMRUSDT,Fresh_2026-10-01,True,2,2,False,True,-0.0027291104907989916,BE0.10
fresh,T005,0.05,PAPER:GRASSUSDT:1790996099999:SHORT,GRASSUSDT,Fresh_2026-10-03,False,1,1,False,True,-2.4423233227198957,HIST_TIME_FALLBACK
fresh,T005,0.05,PAPER:NILUSDT:1790848499999:SHORT,NILUSDT,Fresh_2026-10-01,True,1,1,False,True,2.0553826829647024,FULL_CLOSE_050
fresh,T005,0.05,PAPER:USELESSUSDT:1790942699999:SHORT,USELESSUSDT,Fresh_2026-10-02,False,0,0,False,True,-0.040384167345975164,BE0.10
fresh,T005,0.05,PAPER:GRASSUSDT:1790888699999:SHORT,GRASSUSDT,Fresh_2026-10-01,False,1,1,False,True,-0.03092496236216241,BE0.10
fresh,T005,0.05,PAPER:NOMUSDT:1791012299999:SHORT,NOMUSDT,Fresh_2026-10-03,False,2,2,False,True,-1.5774772435689564,HIST_TIME_FALLBACK
fresh,T005,0.05,PAPER:ALCHUSDT:1790968799999:SHORT,ALCHUSDT,Fresh_2026-10-02,False,1,1,False,False,,
fresh,T005,0.05,PAPER:BERAUSDT:1790973899999:SHORT,BERAUSDT,Fresh_2026-10-02,False,3,3,False,True,-2.736363775877332,HIST_TIME_FALLBACK
fresh,T005,0.05,PAPER:SPORTFUNUSDT:1790881199999:SHORT,SPORTFUNUSDT,Fresh_2026-10-01,False,1,1,False,True,-3.4712738154793583,HIST_TIME_FALLBACK
fresh,T005,0.05,PAPER:CCUSDT:1790950499999:SHORT,CCUSDT,Fresh_2026-10-02,False,2,2,False,True,-2.875942151642586,HIST_TIME_FALLBACK
fresh,T005,0.05,PAPER:SKLUSDT:1790859899999:SHORT,SKLUSDT,Fresh_2026-10-01,False,3,3,False,True,0.8304242440307943,FULL_CLOSE_050
fresh,T005,0.05,PAPER:2ZUSDT:1790890799999:SHORT,2ZUSDT,Fresh_2026-10-01,False,2,2,False,True,-14.281816770139868,HIST_TIME_FALLBACK
fresh,T005,0.05,PAPER:TRIAUSDT:1790961899999:SHORT,TRIAUSDT,Fresh_2026-10-02,False,3,3,False,True,-3.6121804128774264,HIST_TIME_FALLBACK
fresh,T005,0.05,PAPER:CROSSUSDT:1791010199999:SHORT,CROSSUSDT,Fresh_2026-10-03,False,0,0,False,True,-4.055988057145402,HIST_TIME_FALLBACK
fresh,T005,0.05,PAPER:JUPUSDT:1790839199999:SHORT,JUPUSDT,Fresh_2026-10-01,True,0,0,False,True,0.8963830577366747,FULL_CLOSE_050
fresh,T005,0.05,PAPER:KERNELUSDT:1790962799999:SHORT,KERNELUSDT,Fresh_2026-10-02,False,0,0,False,True,-2.935474077818361,HIST_TIME_FALLBACK
fresh,T005,0.05,PAPER:THEUSDT:1790968199999:SHORT,THEUSDT,Fresh_2026-10-02,False,0,0,False,True,1.9465753524734892,FULL_CLOSE_050
fresh,T005,0.05,PAPER:STARUSDT:1790958599999:SHORT,STARUSDT,Fresh_2026-10-02,False,0,0,False,True,-1.5105876758896017,HIST_TIME_FALLBACK
fresh,T005,0.05,PAPER:MASKUSDT:1791011399999:SHORT,MASKUSDT,Fresh_2026-10-03,True,1,2,True,True,1.5985634754242408,FULL_CLOSE_050
fresh,T005,0.05,PAPER:INJUSDT:1791001199999:SHORT,INJUSDT,Fresh_2026-10-03,False,1,1,False,True,-4.153017167016389,HIST_TIME_FALLBACK
fresh,T005,0.05,PAPER:FORMUSDT:1790848499999:SHORT,FORMUSDT,Fresh_2026-10-01,True,0,0,False,True,1.6761226064730785,FULL_CLOSE_050
fresh,T005,0.05,PAPER:MARSCOINUSDT:1790962499999:SHORT,MARSCOINUSDT,Fresh_2026-10-02,True,2,2,False,True,2.7966302467080366,FULL_CLOSE_050
fresh,T005,0.05,PAPER:STXUSDT:1790924999999:SHORT,STXUSDT,Fresh_2026-10-02,True,2,2,False,True,-0.13866581746507928,BE0.10
fresh,T005,0.05,PAPER:0GUSDT:1790845799999:SHORT,0GUSDT,Fresh_2026-10-01,True,2,2,False,True,1.810036439659064,FULL_CLOSE_050
fresh,T005,0.05,PAPER:ZECUSDT:1791036899999:SHORT,ZECUSDT,Fresh_2026-10-03,False,3,3,False,True,-0.0025704926567072794,BE0.10
fresh,T005,0.05,PAPER:2ZUSDT:1790998499999:SHORT,2ZUSDT,Fresh_2026-10-03,False,3,3,False,True,-1.9600929096377473,HIST_TIME_FALLBACK
fresh,T005,0.05,PAPER:TURTLEUSDT:1791023999999:SHORT,TURTLEUSDT,Fresh_2026-10-03,False,1,1,False,True,-3.9896470536516797,HIST_TIME_FALLBACK
fresh,T005,0.05,PAPER:GRASSUSDT:1790953499999:SHORT,GRASSUSDT,Fresh_2026-10-02,False,2,2,False,True,-11.894116361531935,HIST_TIME_FALLBACK
fresh,T005,0.05,PAPER:XPLUSDT:1790890499999:SHORT,XPLUSDT,Fresh_2026-10-01,False,3,3,False,True,-0.05063631383773576,BE0.10
fresh,T005,0.05,PAPER:SPXUSDT:1790839199999:SHORT,SPXUSDT,Fresh_2026-10-01,True,1,1,False,True,2.9501064115316473,FULL_CLOSE_050
fresh,T005,0.05,PAPER:ARBUSDT:1790966399999:SHORT,ARBUSDT,Fresh_2026-10-02,True,0,0,False,True,-0.0224353612485243,BE0.10
fresh,T005,0.05,PAPER:POWERUSDT:1790930699999:SHORT,POWERUSDT,Fresh_2026-10-02,False,1,1,False,True,-1.3802902381138638,HIST_TIME_FALLBACK
fresh,T005,0.05,PAPER:ROSEUSDT:1790965199999:SHORT,ROSEUSDT,Fresh_2026-10-02,False,1,1,False,True,-0.048252758659721506,BE0.10
fresh,T005,0.05,PAPER:ARUSDT:1790877899999:SHORT,ARUSDT,Fresh_2026-10-01,True,1,1,False,True,1.03575587346178,FULL_CLOSE_050
fresh,T005,0.05,PAPER:MINAUSDT:1790889299999:SHORT,MINAUSDT,Fresh_2026-10-01,False,0,0,False,True,-0.015409104229864079,BE0.10
fresh,T005,0.05,PAPER:TOSHIUSDT:1790961299999:SHORT,TOSHIUSDT,Fresh_2026-10-02,False,1,1,False,True,-0.142810699236592,BE0.10
fresh,T005,0.05,PAPER:PENDLEUSDT:1790929499999:SHORT,PENDLEUSDT,Fresh_2026-10-02,False,1,1,False,True,-0.011445745873896407,BE0.10
fresh,T005,0.05,PAPER:ATOMUSDT:1790858999999:SHORT,ATOMUSDT,Fresh_2026-10-01,True,2,2,False,True,0.7859088869797443,FULL_CLOSE_050
fresh,T005,0.05,PAPER:DEEPUSDT:1790866199999:SHORT,DEEPUSDT,Fresh_2026-10-01,False,1,1,False,True,-0.4953284387000207,BE0.10
fresh,T005,0.05,PAPER:AKEUSDT:1790849699999:SHORT,AKEUSDT,Fresh_2026-10-01,False,1,1,False,False,,
fresh,T005,0.05,PAPER:ZKUSDT:1790842199999:SHORT,ZKUSDT,Fresh_2026-10-01,False,2,2,False,True,-5.598595749329737,HIST_TIME_FALLBACK
fresh,T005,0.05,PAPER:XPINUSDT:1790968199999:SHORT,XPINUSDT,Fresh_2026-10-02,False,0,0,False,True,0.8856602922052357,FULL_CLOSE_050
fresh,T005,0.05,PAPER:ANIMEUSDT:1790903699999:SHORT,ANIMEUSDT,Fresh_2026-10-02,False,2,2,False,True,-0.04798182526257144,BE0.10
fresh,T005,0.05,PAPER:WALUSDT:1790914199999:SHORT,WALUSDT,Fresh_2026-10-02,False,2,2,False,True,-5.970708168182231,HIST_TIME_FALLBACK
fresh,T005,0.05,PAPER:ENAUSDT:1790838899999:SHORT,ENAUSDT,Fresh_2026-10-01,True,3,3,False,True,2.1001696828051575,FULL_CLOSE_050
fresh,T005,0.05,PAPER:CAPUSDT:1790930399999:SHORT,CAPUSDT,Fresh_2026-10-02,True,2,2,False,True,1.7603737014050471,FULL_CLOSE_050
fresh,T005,0.05,PAPER:SUPERUSDT:1790848799999:SHORT,SUPERUSDT,Fresh_2026-10-01,False,1,1,False,True,-0.013399686917256126,BE0.10
fresh,T005,0.05,PAPER:PLAYUSDT:1790829599999:SHORT,PLAYUSDT,Fresh_2026-10-01,False,2,2,False,False,,
fresh,T005,0.05,PAPER:OUSDT:1790942399999:SHORT,OUSDT,Fresh_2026-10-02,False,2,2,False,True,-3.460037787501743,HIST_TIME_FALLBACK
fresh,T005,0.05,PAPER:HEMIUSDT:1790912999999:SHORT,HEMIUSDT,Fresh_2026-10-02,False,2,2,False,True,-2.5186537385809844,HIST_TIME_FALLBACK
fresh,T005,0.05,PAPER:IOTAUSDT:1790950199999:SHORT,IOTAUSDT,Fresh_2026-10-02,False,1,1,False,True,-0.04154021038367084,BE0.10
fresh,T005,0.05,PAPER:KASUSDT:1790878199999:SHORT,KASUSDT,Fresh_2026-10-01,False,2,2,False,True,2.1753995251499854,FULL_CLOSE_050
fresh,T005,0.05,PAPER:PIPPINUSDT:1790882699999:SHORT,PIPPINUSDT,Fresh_2026-10-01,False,1,1,False,True,1.2121217980096646,FULL_CLOSE_050
fresh,T005,0.05,PAPER:0GUSDT:1790962799999:SHORT,0GUSDT,Fresh_2026-10-02,False,0,0,False,True,3.9425233125492705,FULL_CLOSE_050
fresh,T005,0.05,PAPER:BANANAS31USDT:1790965499999:SHORT,BANANAS31USDT,Fresh_2026-10-02,True,2,2,False,True,8.619730295915788,RUNNER_CLOSE
fresh,T005,0.05,PAPER:1000SATSUSDT:1790840399999:SHORT,1000SATSUSDT,Fresh_2026-10-01,False,1,1,False,True,1.0601520906591284,FULL_CLOSE_050
fresh,T005,0.05,PAPER:ZECUSDT:1790880599999:SHORT,ZECUSDT,Fresh_2026-10-01,True,2,2,False,True,2.438729125232133,FULL_CLOSE_050
fresh,T005,0.05,PAPER:NIGHTUSDT:1791047099999:SHORT,NIGHTUSDT,Fresh_2026-10-03,False,2,2,False,True,-0.03728695587141734,BE0.10
fresh,T005,0.05,PAPER:TACUSDT:1790882699999:SHORT,TACUSDT,Fresh_2026-10-01,True,0,0,False,True,1.5988879507282867,FULL_CLOSE_050
fresh,T005,0.05,PAPER:ICNTUSDT:1790865299999:SHORT,ICNTUSDT,Fresh_2026-10-01,False,3,3,False,True,0.6157386065325869,FULL_CLOSE_050
fresh,T005,0.05,PAPER:USELESSUSDT:1790849099999:SHORT,USELESSUSDT,Fresh_2026-10-01,False,1,1,False,True,-1.1951007301046612,HIST_TIME_FALLBACK
fresh,T005,0.05,PAPER:MARSCOINUSDT:1790924399999:SHORT,MARSCOINUSDT,Fresh_2026-10-02,True,1,1,False,True,-0.011560544213807422,BE0.10
fresh,T005,0.05,PAPER:GWEIUSDT:1790951699999:SHORT,GWEIUSDT,Fresh_2026-10-02,False,0,0,False,True,-0.7174726088871157,HIST_TIME_FALLBACK
fresh,T005,0.05,PAPER:BTRUSDT:1790996699999:SHORT,BTRUSDT,Fresh_2026-10-03,False,2,2,False,True,-3.7920605410618866,HIST_TIME_FALLBACK
fresh,T005,0.05,PAPER:GPSUSDT:1790882399999:SHORT,GPSUSDT,Fresh_2026-10-01,False,0,0,False,True,-4.137005645497225,HIST_TIME_FALLBACK
fresh,T005,0.05,PAPER:1000000BOBUSDT:1790988599999:SHORT,1000000BOBUSDT,Fresh_2026-10-03,False,0,0,False,True,-0.9501900380076012,BE0.10
fresh,T005,0.05,PAPER:NOMUSDT:1791008699999:SHORT,NOMUSDT,Fresh_2026-10-03,False,2,2,False,True,-0.11797858324781152,BE0.10
fresh,T005,0.05,PAPER:PUMPUSDT:1790891099999:SHORT,PUMPUSDT,Fresh_2026-10-01,True,3,3,False,True,3.612458495204804,FULL_CLOSE_050
fresh,T005,0.05,PAPER:SUPERUSDT:1790938799999:SHORT,SUPERUSDT,Fresh_2026-10-02,False,2,2,False,True,-0.7257671776453357,BE0.10
fresh,T005,0.05,PAPER:NEARUSDT:1790965199999:SHORT,NEARUSDT,Fresh_2026-10-02,False,1,1,False,True,-1.0574025439057229,HIST_TIME_FALLBACK
fresh,T005,0.05,PAPER:USUSDT:1791040799999:SHORT,USUSDT,Fresh_2026-10-03,True,1,1,False,True,5.803953409208827,RUNNER_CLOSE
fresh,T005,0.05,PAPER:1000XECUSDT:1790912999999:SHORT,1000XECUSDT,Fresh_2026-10-02,False,1,1,False,False,,
fresh,T005,0.05,PAPER:TIAUSDT:1790859899999:SHORT,TIAUSDT,Fresh_2026-10-01,True,0,0,False,True,1.8404730423436915,FULL_CLOSE_050
fresh,T005,0.05,PAPER:DYDXUSDT:1791053699999:SHORT,DYDXUSDT,Fresh_2026-10-03,False,2,2,False,True,-4.678238169637902,HIST_TIME_FALLBACK
fresh,T005,0.05,PAPER:ALLOUSDT:1790842499999:SHORT,ALLOUSDT,Fresh_2026-10-01,False,2,2,False,True,-3.3262545454135,HIST_TIME_FALLBACK
fresh,T005,0.05,PAPER:CAKEUSDT:1790966699999:SHORT,CAKEUSDT,Fresh_2026-10-02,False,3,3,False,True,-2.660305377327315,HIST_TIME_FALLBACK
fresh,T005,0.05,PAPER:HYPEUSDT:1790870399999:SHORT,HYPEUSDT,Fresh_2026-10-01,False,0,0,False,True,-3.074716950219544,HIST_TIME_FALLBACK
fresh,T005,0.05,PAPER:PTBUSDT:1790965799999:SHORT,PTBUSDT,Fresh_2026-10-02,False,2,2,False,False,,
fresh,T005,0.05,PAPER:ZECUSDT:1790866199999:SHORT,ZECUSDT,Fresh_2026-10-01,False,2,2,False,True,-1.0524496052247967,HIST_TIME_FALLBACK
fresh,T005,0.05,PAPER:SPXUSDT:1790965499999:SHORT,SPXUSDT,Fresh_2026-10-02,True,2,2,False,True,1.9895280148348782,FULL_CLOSE_050
fresh,T005,0.05,PAPER:NILUSDT:1790828399999:SHORT,NILUSDT,Fresh_2026-10-01,False,3,3,False,True,-1.7656488069780758,HIST_TIME_FALLBACK
fresh,T005,0.05,PAPER:RAVEUSDT:1790872799999:SHORT,RAVEUSDT,Fresh_2026-10-01,False,1,1,False,True,-1.4563327984100372,HIST_TIME_FALLBACK
fresh,T005,0.05,PAPER:HOLOUSDT:1790864099999:SHORT,HOLOUSDT,Fresh_2026-10-01,False,1,1,False,True,-0.3195441292983522,BE0.10
fresh,T005,0.05,PAPER:USUSDT:1790954999999:SHORT,USUSDT,Fresh_2026-10-02,True,3,3,False,False,,
fresh,T005,0.05,PAPER:CGPTUSDT:1790989199999:SHORT,CGPTUSDT,Fresh_2026-10-03,False,1,1,False,True,-3.4383631470984204,HIST_TIME_FALLBACK
fresh,T005,0.05,PAPER:ENAUSDT:1790866499999:SHORT,ENAUSDT,Fresh_2026-10-01,True,2,2,False,True,2.352492058427586,FULL_CLOSE_050
fresh,T005,0.05,PAPER:ESPORTSUSDT:1790882699999:SHORT,ESPORTSUSDT,Fresh_2026-10-01,False,3,3,False,False,,
fresh,T005,0.05,PAPER:ARXUSDT:1790840399999:SHORT,ARXUSDT,Fresh_2026-10-01,False,1,1,False,True,-2.804859137815012,HIST_TIME_FALLBACK
fresh,T005,0.05,PAPER:ATUSDT:1791039899999:SHORT,ATUSDT,Fresh_2026-10-03,True,0,0,False,True,8.640786337075735,RUNNER_CLOSE
fresh,T005,0.05,PAPER:GRTUSDT:1790966399999:SHORT,GRTUSDT,Fresh_2026-10-02,False,2,2,False,False,,
fresh,T005,0.05,PAPER:牛来USDT:1790961599999:SHORT,牛来USDT,Fresh_2026-10-02,False,2,2,False,False,,
fresh,T005,0.05,PAPER:REDUSDT:1790911799999:SHORT,REDUSDT,Fresh_2026-10-02,False,2,2,False,False,,
fresh,T005,0.05,PAPER:PROMUSDT:1791030299999:SHORT,PROMUSDT,Fresh_2026-10-03,True,1,1,False,True,1.1633135249980198,FULL_CLOSE_050
fresh,T005,0.05,PAPER:PONSUSDT:1790966099999:SHORT,PONSUSDT,Fresh_2026-10-02,True,2,2,False,True,14.738239537695877,RUNNER_CLOSE
fresh,T005,0.05,PAPER:ATHUSDT:1790865899999:SHORT,ATHUSDT,Fresh_2026-10-01,False,2,2,False,False,,
fresh,T005,0.05,PAPER:POLUSDT:1790955599999:SHORT,POLUSDT,Fresh_2026-10-02,False,0,0,False,True,-0.1714055380856993,BE0.10
fresh,T005,0.05,PAPER:ZETAUSDT:1790971799999:SHORT,ZETAUSDT,Fresh_2026-10-02,False,2,2,False,True,-0.8454233594730631,HIST_TIME_FALLBACK
fresh,T005,0.05,PAPER:SYNUSDT:1791032699999:SHORT,SYNUSDT,Fresh_2026-10-03,True,2,2,False,True,1.0646968649904975,FULL_CLOSE_050
fresh,T005,0.05,PAPER:我踏马来了USDT:1790903999999:SHORT,我踏马来了USDT,Fresh_2026-10-02,False,3,3,False,True,-0.39531650985775557,BE0.10
fresh,T005,0.05,PAPER:LUMIAUSDT:1790919599999:SHORT,LUMIAUSDT,Fresh_2026-10-02,False,0,0,False,True,-3.2160248118564407,HIST_TIME_FALLBACK
fresh,T005,0.05,PAPER:NOMUSDT:1790882999999:SHORT,NOMUSDT,Fresh_2026-10-01,False,0,0,False,True,0.928140881459629,FULL_CLOSE_050
fresh,T005,0.05,PAPER:MEGAUSDT:1790968199999:SHORT,MEGAUSDT,Fresh_2026-10-02,False,1,1,False,True,-0.06811921855730213,BE0.10
fresh,T005,0.05,PAPER:BRETTUSDT:1790962799999:SHORT,BRETTUSDT,Fresh_2026-10-02,False,3,3,False,True,-0.023666886330251102,BE0.10
fresh,T005,0.05,PAPER:JUPUSDT:1790858699999:SHORT,JUPUSDT,Fresh_2026-10-01,True,2,2,False,True,2.3246009248578114,FULL_CLOSE_050
fresh,T005,0.05,PAPER:BICOUSDT:1790840699999:SHORT,BICOUSDT,Fresh_2026-10-01,False,0,0,False,True,-2.812795396288553,HIST_TIME_FALLBACK
fresh,T005,0.05,PAPER:XVSUSDT:1790939999999:SHORT,XVSUSDT,Fresh_2026-10-02,False,0,0,False,True,-0.23813429115407192,BE0.10
fresh,T005,0.05,PAPER:HUMAUSDT:1790914499999:SHORT,HUMAUSDT,Fresh_2026-10-02,False,1,1,False,True,-0.45742443614455164,HIST_TIME_FALLBACK
fresh,T005,0.05,PAPER:STBLUSDT:1790931899999:SHORT,STBLUSDT,Fresh_2026-10-02,False,0,0,False,True,-0.5686540699907927,BE0.10
fresh,T005,0.05,PAPER:TRUMPUSDT:1790962799999:SHORT,TRUMPUSDT,Fresh_2026-10-02,False,2,3,True,True,-0.22611792126995772,BE0.10
fresh,T005,0.05,PAPER:YBUSDT:1790857199999:SHORT,YBUSDT,Fresh_2026-10-01,False,0,0,False,True,-2.1934873757720053,HIST_TIME_FALLBACK
fresh,T005,0.05,PAPER:TWTUSDT:1790926199999:SHORT,TWTUSDT,Fresh_2026-10-02,False,1,1,False,True,-1.906481648014208,HIST_TIME_FALLBACK
fresh,T005,0.05,PAPER:WCTUSDT:1790966699999:SHORT,WCTUSDT,Fresh_2026-10-02,False,3,3,False,False,,
fresh,T005,0.05,PAPER:ZKUSDT:1790916899999:SHORT,ZKUSDT,Fresh_2026-10-02,False,0,0,False,True,1.0812406719476404,FULL_CLOSE_050
fresh,T005,0.05,PAPER:OPNUSDT:1790965199999:SHORT,OPNUSDT,Fresh_2026-10-02,True,1,1,False,True,0.7225022959217706,FULL_CLOSE_050
fresh,T005,0.05,PAPER:1000RATSUSDT:1790852099999:SHORT,1000RATSUSDT,Fresh_2026-10-01,False,3,3,False,False,,
fresh,T005,0.05,PAPER:CRVUSDT:1791000299999:SHORT,CRVUSDT,Fresh_2026-10-03,False,2,2,False,True,1.6245063915328246,FULL_CLOSE_050
fresh,T005,0.05,PAPER:BULLAUSDT:1791031499999:SHORT,BULLAUSDT,Fresh_2026-10-03,False,0,0,False,True,-2.9190206772917415,HIST_TIME_FALLBACK
fresh,T005,0.05,PAPER:ZAMAUSDT:1791029999999:SHORT,ZAMAUSDT,Fresh_2026-10-03,False,2,2,False,True,-3.9955143880487074,HIST_TIME_FALLBACK
fresh,T005,0.05,PAPER:POWERUSDT:1790945399999:SHORT,POWERUSDT,Fresh_2026-10-02,False,0,0,False,True,-0.02297000212586825,BE0.10
fresh,T005,0.05,PAPER:BRETTUSDT:1790891099999:SHORT,BRETTUSDT,Fresh_2026-10-01,False,1,1,False,True,-0.4956175806537768,BE0.10
fresh,T005,0.05,PAPER:EDENUSDT:1790941499999:SHORT,EDENUSDT,Fresh_2026-10-02,False,1,1,False,True,-0.03216284720764728,BE0.10
fresh,T005,0.05,PAPER:PUMPBTCUSDT:1790901299999:SHORT,PUMPBTCUSDT,Fresh_2026-10-02,False,2,2,False,False,,
fresh,T005,0.05,PAPER:BRUSDT:1790925599999:SHORT,BRUSDT,Fresh_2026-10-02,False,1,1,False,True,1.036046217920719,FULL_CLOSE_050
fresh,T005,0.05,PAPER:SKYUSDT:1791046199999:SHORT,SKYUSDT,Fresh_2026-10-03,False,0,0,False,True,-0.04447896251194905,BE0.10
fresh,T005,0.05,PAPER:SUIUSDT:1790839499999:SHORT,SUIUSDT,Fresh_2026-10-01,False,2,2,False,True,-3.1368718047296182,HIST_TIME_FALLBACK
fresh,T005,0.05,PAPER:API3USDT:1790842499999:SHORT,API3USDT,Fresh_2026-10-01,False,3,3,False,False,,
fresh,T005,0.05,PAPER:RIFUSDT:1790914499999:SHORT,RIFUSDT,Fresh_2026-10-02,False,0,0,False,True,-0.015234509359754955,BE0.10
fresh,T005,0.05,PAPER:GTCUSDT:1790976599999:SHORT,GTCUSDT,Fresh_2026-10-02,False,0,0,False,True,-1.3741966929420544,HIST_TIME_FALLBACK
fresh,T005,0.05,PAPER:LITUSDT:1790953499999:SHORT,LITUSDT,Fresh_2026-10-02,False,1,1,False,True,-2.492667306675072,HIST_TIME_FALLBACK
fresh,T005,0.05,PAPER:BANANAS31USDT:1790961899999:SHORT,BANANAS31USDT,Fresh_2026-10-02,False,0,0,False,True,1.7120899249654769,FULL_CLOSE_050
fresh,T005,0.05,PAPER:NILUSDT:1790965799999:SHORT,NILUSDT,Fresh_2026-10-02,False,1,1,False,True,-2.8789410913263294,HIST_TIME_FALLBACK
fresh,T005,0.05,PAPER:BRUSDT:1790858399999:SHORT,BRUSDT,Fresh_2026-10-01,False,0,0,False,True,-1.3011393420655004,HIST_TIME_FALLBACK
fresh,T005,0.05,PAPER:COOKIEUSDT:1790959199999:SHORT,COOKIEUSDT,Fresh_2026-10-02,False,2,2,False,True,-1.1421430980727831,HIST_TIME_FALLBACK
fresh,T005,0.05,PAPER:GTCUSDT:1790861399999:SHORT,GTCUSDT,Fresh_2026-10-01,False,1,1,False,False,,
fresh,T005,0.05,PAPER:JASMYUSDT:1790961899999:SHORT,JASMYUSDT,Fresh_2026-10-02,True,1,1,False,True,1.5040726323655196,FULL_CLOSE_050
fresh,T005,0.05,PAPER:PONSUSDT:1790965199999:SHORT,PONSUSDT,Fresh_2026-10-02,False,1,1,False,True,-1.1526062086659317,HIST_TIME_FALLBACK
fresh,T005,0.05,PAPER:TSTUSDT:1790965799999:SHORT,TSTUSDT,Fresh_2026-10-02,True,1,1,False,True,2.664071261905762,FULL_CLOSE_050
fresh,T005,0.05,PAPER:ONEUSDT:1790966399999:SHORT,ONEUSDT,Fresh_2026-10-02,False,0,0,False,True,-2.856677578191415,HIST_TIME_FALLBACK
fresh,T005,0.05,PAPER:JCTUSDT:1790890199999:SHORT,JCTUSDT,Fresh_2026-10-01,False,2,2,False,True,-0.354621697688707,BE0.10
fresh,T005,0.05,PAPER:ARBUSDT:1790842199999:SHORT,ARBUSDT,Fresh_2026-10-01,False,3,3,False,True,-4.807167631592496,HIST_TIME_FALLBACK
fresh,T005,0.05,PAPER:TAKEUSDT:1790933099999:SHORT,TAKEUSDT,Fresh_2026-10-02,True,2,2,False,True,0.8735571845458621,FULL_CLOSE_050
fresh,T005,0.05,PAPER:TAGUSDT:1790838299999:SHORT,TAGUSDT,Fresh_2026-10-01,True,2,2,False,True,1.1345747516000304,FULL_CLOSE_050
fresh,T005,0.05,PAPER:ARPAUSDT:1790879699999:SHORT,ARPAUSDT,Fresh_2026-10-01,False,2,2,False,True,-1.892470334780445,HIST_TIME_FALLBACK
fresh,T005,0.05,PAPER:CROSSUSDT:1790944199999:SHORT,CROSSUSDT,Fresh_2026-10-02,False,0,0,False,True,-2.159043405827064,HIST_TIME_FALLBACK
fresh,T005,0.05,PAPER:SAGAUSDT:1790918399999:SHORT,SAGAUSDT,Fresh_2026-10-02,True,1,2,True,True,3.075344260649532,FULL_CLOSE_050
fresh,T005,0.05,PAPER:DRIFTUSDT:1790914199999:SHORT,DRIFTUSDT,Fresh_2026-10-02,False,2,2,False,True,-0.20749687771375463,BE0.10
fresh,T005,0.05,PAPER:CHILLGUYUSDT:1791036299999:SHORT,CHILLGUYUSDT,Fresh_2026-10-03,False,0,0,False,True,-0.09966067587942107,BE0.10
fresh,T005,0.05,PAPER:NILUSDT:1790963099999:SHORT,NILUSDT,Fresh_2026-10-02,False,2,2,False,False,,
fresh,T005,0.05,PAPER:BABYUSDT:1790860499999:SHORT,BABYUSDT,Fresh_2026-10-01,False,0,0,False,True,-0.20306288869709926,BE0.10
fresh,T005,0.05,PAPER:PUMPBTCUSDT:1790949599999:SHORT,PUMPBTCUSDT,Fresh_2026-10-02,False,2,2,False,False,,
fresh,T005,0.05,PAPER:AEROUSDT:1790868599999:SHORT,AEROUSDT,Fresh_2026-10-01,True,1,1,False,True,0.640958054929462,FULL_CLOSE_050
fresh,T005,0.05,PAPER:PONSUSDT:1790950199999:SHORT,PONSUSDT,Fresh_2026-10-02,False,1,1,False,True,-0.08646750918441459,BE0.10
fresh,T005,0.05,PAPER:PUMPBTCUSDT:1790923199999:SHORT,PUMPBTCUSDT,Fresh_2026-10-02,False,2,2,False,True,-0.9501900380076607,HIST_TIME_FALLBACK
fresh,T005,0.05,PAPER:MOVEUSDT:1790894099999:SHORT,MOVEUSDT,Fresh_2026-10-01,False,0,0,False,True,-2.7564150396481732,HIST_TIME_FALLBACK
fresh,T005,0.05,PAPER:ARKUSDT:1790986199999:SHORT,ARKUSDT,Fresh_2026-10-03,True,2,2,False,True,1.895334490867922,FULL_CLOSE_050
fresh,T005,0.05,PAPER:INITUSDT:1791015899999:SHORT,INITUSDT,Fresh_2026-10-03,True,1,1,False,True,0.784747687406864,FULL_CLOSE_050
fresh,T005,0.05,PAPER:FIGHTUSDT:1790871299999:SHORT,FIGHTUSDT,Fresh_2026-10-01,False,0,0,False,True,-0.1282274927891761,BE0.10
fresh,T005,0.05,PAPER:REUSDT:1790920199999:SHORT,REUSDT,Fresh_2026-10-02,False,1,1,False,True,-1.9418207631224869,HIST_TIME_FALLBACK
fresh,T005,0.05,PAPER:YGGUSDT:1791011699999:SHORT,YGGUSDT,Fresh_2026-10-03,False,2,2,False,True,-3.112501874024921,HIST_TIME_FALLBACK
fresh,T005,0.05,PAPER:ARXUSDT:1790924699999:SHORT,ARXUSDT,Fresh_2026-10-02,False,3,3,False,True,-0.053423305585454495,BE0.10
fresh,T005,0.05,PAPER:USELESSUSDT:1790961299999:SHORT,USELESSUSDT,Fresh_2026-10-02,True,1,1,False,False,,
fresh,T005,0.05,PAPER:1000PEPEUSDT:1790962799999:SHORT,1000PEPEUSDT,Fresh_2026-10-02,False,2,2,False,True,-0.09766014339504236,BE0.10
fresh,T005,0.05,PAPER:SKYAIUSDT:1790924699999:SHORT,SKYAIUSDT,Fresh_2026-10-02,False,3,3,False,False,,
fresh,T005,0.05,PAPER:SOONUSDT:1790932799999:SHORT,SOONUSDT,Fresh_2026-10-02,False,1,1,False,True,0.9194882116363763,FULL_CLOSE_050
fresh,T005,0.05,PAPER:SXTUSDT:1790966099999:SHORT,SXTUSDT,Fresh_2026-10-02,True,2,3,True,True,8.731383059431892,RUNNER_CLOSE
fresh,T005,0.05,PAPER:FETUSDT:1790859899999:SHORT,FETUSDT,Fresh_2026-10-01,False,1,1,False,True,-0.2857096972491835,BE0.10
fresh,T005,0.05,PAPER:EDGEUSDT:1790849399999:SHORT,EDGEUSDT,Fresh_2026-10-01,False,0,0,False,True,-3.0969062525954265,HIST_TIME_FALLBACK
fresh,T005,0.05,PAPER:MOVRUSDT:1791059399999:SHORT,MOVRUSDT,Fresh_2026-10-03,False,0,0,False,True,-0.003100549799046004,BE0.10
fresh,T005,0.05,PAPER:BBUSDT:1790965199999:SHORT,BBUSDT,Fresh_2026-10-02,True,1,3,True,True,-0.8449719213416984,BE0.10
fresh,T005,0.05,PAPER:2ZUSDT:1791048899999:SHORT,2ZUSDT,Fresh_2026-10-03,False,3,3,False,False,,
fresh,T005,0.05,PAPER:SENTUSDT:1791008399999:SHORT,SENTUSDT,Fresh_2026-10-03,False,1,1,False,True,-0.010583862431759905,BE0.10
fresh,T005,0.05,PAPER:STRKUSDT:1791013499999:SHORT,STRKUSDT,Fresh_2026-10-03,False,2,2,False,True,-0.011904770832221634,BE0.10
fresh,T005,0.05,PAPER:AEROUSDT:1790883599999:SHORT,AEROUSDT,Fresh_2026-10-01,False,1,1,False,True,1.1747110774097087,FULL_CLOSE_050
fresh,T005,0.05,PAPER:PUMPUSDT:1790843699999:SHORT,PUMPUSDT,Fresh_2026-10-01,False,2,2,False,True,-2.843235057060045,HIST_TIME_FALLBACK
fresh,T005,0.05,PAPER:XPLUSDT:1790842499999:SHORT,XPLUSDT,Fresh_2026-10-01,False,1,1,False,True,-2.57509379624617,HIST_TIME_FALLBACK
fresh,T005,0.05,PAPER:HANAUSDT:1790963099999:SHORT,HANAUSDT,Fresh_2026-10-02,False,0,0,False,True,-0.9501900380075354,HIST_TIME_FALLBACK
fresh,T005,0.05,PAPER:HEIUSDT:1790861099999:SHORT,HEIUSDT,Fresh_2026-10-01,False,2,2,False,True,-2.324497658715959,HIST_TIME_FALLBACK
fresh,T005,0.05,PAPER:BBUSDT:1790861099999:SHORT,BBUSDT,Fresh_2026-10-01,False,1,1,False,True,-4.290893107117147,HIST_TIME_FALLBACK
fresh,T005,0.05,PAPER:USUSDT:1790958299999:SHORT,USUSDT,Fresh_2026-10-02,False,0,0,False,True,-0.14616344584439595,BE0.10
fresh,T005,0.05,PAPER:BTWUSDT:1790986499999:SHORT,BTWUSDT,Fresh_2026-10-03,True,3,3,False,True,1.930711963244164,FULL_CLOSE_050
fresh,T005,0.05,PAPER:ATUSDT:1791009899999:SHORT,ATUSDT,Fresh_2026-10-03,True,2,2,False,True,5.954295341827023,RUNNER_CLOSE
fresh,T005,0.05,PAPER:PEOPLEUSDT:1790864099999:SHORT,PEOPLEUSDT,Fresh_2026-10-01,False,1,1,False,True,1.1690008289091565,FULL_CLOSE_050
fresh,T005,0.05,PAPER:ALGOUSDT:1790996699999:SHORT,ALGOUSDT,Fresh_2026-10-03,False,2,2,False,True,-2.3718298961149187,HIST_TIME_FALLBACK
fresh,T005,0.05,PAPER:CROSSUSDT:1791031199999:SHORT,CROSSUSDT,Fresh_2026-10-03,True,1,1,False,False,,
fresh,T005,0.05,PAPER:USELESSUSDT:1791043499999:SHORT,USELESSUSDT,Fresh_2026-10-03,False,1,1,False,True,-0.020556576332096455,BE0.10
fresh,T005,0.05,PAPER:THEUSDT:1790929499999:SHORT,THEUSDT,Fresh_2026-10-02,False,1,1,False,True,-1.0839800126269696,HIST_TIME_FALLBACK
fresh,T005,0.05,PAPER:APTUSDT:1790965199999:SHORT,APTUSDT,Fresh_2026-10-02,False,1,1,False,True,-1.1371578629719437,HIST_TIME_FALLBACK
fresh,T005,0.05,PAPER:ARUSDT:1791030899999:SHORT,ARUSDT,Fresh_2026-10-03,False,2,2,False,True,-0.07962449011536726,BE0.10
fresh,T005,0.05,PAPER:1000SATSUSDT:1790965799999:SHORT,1000SATSUSDT,Fresh_2026-10-02,True,3,3,False,True,0.6711061240588136,FULL_CLOSE_050
fresh,T005,0.05,PAPER:AEROUSDT:1790866499999:SHORT,AEROUSDT,Fresh_2026-10-01,False,1,1,False,True,-2.2669981290508407,HIST_TIME_FALLBACK
fresh,T005,0.05,PAPER:PUMPUSDT:1790960099999:SHORT,PUMPUSDT,Fresh_2026-10-02,False,3,3,False,True,1.3436881240809304,FULL_CLOSE_050
fresh,T005,0.05,PAPER:LITUSDT:1790912399999:SHORT,LITUSDT,Fresh_2026-10-02,False,3,3,False,False,,
fresh,T005,0.05,PAPER:BILLUSDT:1790961299999:SHORT,BILLUSDT,Fresh_2026-10-02,True,0,0,False,True,7.066138628081491,RUNNER_CLOSE
fresh,T005,0.05,PAPER:SYNUSDT:1790866499999:SHORT,SYNUSDT,Fresh_2026-10-01,False,0,0,False,True,-2.4390803468385633,HIST_TIME_FALLBACK
fresh,T005,0.05,PAPER:ALGOUSDT:1790965199999:SHORT,ALGOUSDT,Fresh_2026-10-02,False,2,2,False,False,,
fresh,T005,0.05,PAPER:XVSUSDT:1790837699999:SHORT,XVSUSDT,Fresh_2026-10-01,False,2,2,False,True,-3.5789707485443403,HIST_TIME_FALLBACK
fresh,T005,0.05,PAPER:SOONUSDT:1790989199999:SHORT,SOONUSDT,Fresh_2026-10-03,True,0,0,False,True,2.4486094598061987,FULL_CLOSE_050
fresh,T005,0.05,PAPER:AEROUSDT:1790914199999:SHORT,AEROUSDT,Fresh_2026-10-02,False,1,1,False,True,-6.680044414543266,HIST_TIME_FALLBACK
fresh,T005,0.05,PAPER:LSKUSDT:1790923199999:SHORT,LSKUSDT,Fresh_2026-10-02,False,2,2,False,True,-0.008156693832137574,BE0.10
fresh,T005,0.05,PAPER:PUMPBTCUSDT:1790901899999:SHORT,PUMPBTCUSDT,Fresh_2026-10-02,False,0,0,False,True,-0.32290283244622264,BE0.10
fresh,T005,0.05,PAPER:CVXUSDT:1790866199999:SHORT,CVXUSDT,Fresh_2026-10-01,False,1,2,True,True,-1.6572171425809599,HIST_TIME_FALLBACK
fresh,T005,0.05,PAPER:2ZUSDT:1790950199999:SHORT,2ZUSDT,Fresh_2026-10-02,False,2,2,False,False,,
fresh,T005,0.05,PAPER:ONDOUSDT:1790965199999:SHORT,ONDOUSDT,Fresh_2026-10-02,False,2,2,False,True,-1.2552947861006025,HIST_TIME_FALLBACK
fresh,T005,0.05,PAPER:AEROUSDT:1791025799999:SHORT,AEROUSDT,Fresh_2026-10-03,False,1,2,True,True,-0.13235951513537036,BE0.10
fresh,T005,0.05,PAPER:HUSDT:1790916299999:SHORT,HUSDT,Fresh_2026-10-02,False,0,0,False,True,-0.02478084140716763,BE0.10
fresh,T005,0.05,PAPER:LITUSDT:1791050999999:SHORT,LITUSDT,Fresh_2026-10-03,False,0,0,False,True,-0.0059967306767271245,BE0.10
fresh,T005,0.05,PAPER:哈基米USDT:1790903699999:SHORT,哈基米USDT,Fresh_2026-10-02,True,1,1,False,True,4.352513246293395,FULL_CLOSE_050
fresh,T005,0.05,PAPER:PHAUSDT:1791039899999:SHORT,PHAUSDT,Fresh_2026-10-03,False,2,2,False,True,-1.7528616255320375,HIST_TIME_FALLBACK
fresh,T005,0.05,PAPER:MEGAUSDT:1790965799999:SHORT,MEGAUSDT,Fresh_2026-10-02,True,1,1,False,True,0.8708624401962106,FULL_CLOSE_050
fresh,T005,0.05,PAPER:SNXUSDT:1790899499999:SHORT,SNXUSDT,Fresh_2026-10-02,False,2,2,False,True,-0.1518245036567476,BE0.10
fresh,T005,0.05,PAPER:POWERUSDT:1790985899999:SHORT,POWERUSDT,Fresh_2026-10-03,False,3,3,False,True,-2.2765098173090337,HIST_TIME_FALLBACK
fresh,T005,0.05,PAPER:ROSEUSDT:1790839499999:SHORT,ROSEUSDT,Fresh_2026-10-01,False,2,2,False,True,-4.209589836061792,HIST_TIME_FALLBACK
fresh,T005,0.05,PAPER:ETHFIUSDT:1790952899999:SHORT,ETHFIUSDT,Fresh_2026-10-02,False,2,2,False,False,,
fresh,T005,0.05,PAPER:FFUSDT:1790903399999:SHORT,FFUSDT,Fresh_2026-10-02,True,2,2,False,True,1.202465426926,FULL_CLOSE_050
fresh,T005,0.05,PAPER:QUSDT:1790852699999:SHORT,QUSDT,Fresh_2026-10-01,False,1,2,True,True,1.1308633959134464,FULL_CLOSE_050
fresh,T005,0.05,PAPER:ARUSDT:1790839199999:SHORT,ARUSDT,Fresh_2026-10-01,False,2,2,False,True,1.2474571377690213,FULL_CLOSE_050
fresh,T005,0.05,PAPER:COLLECTUSDT:1790963099999:SHORT,COLLECTUSDT,Fresh_2026-10-02,False,2,2,False,True,-2.045540563254883,HIST_TIME_FALLBACK
fresh,T005,0.05,PAPER:FOGOUSDT:1790970899999:SHORT,FOGOUSDT,Fresh_2026-10-02,False,2,2,False,True,-1.9236929357867711,HIST_TIME_FALLBACK
fresh,T005,0.05,PAPER:B2USDT:1790951399999:SHORT,B2USDT,Fresh_2026-10-02,False,1,2,True,True,-0.3382399279366777,BE0.10
fresh,T005,0.05,PAPER:TAOUSDT:1790962799999:SHORT,TAOUSDT,Fresh_2026-10-02,False,3,3,False,True,-0.012043597810178774,BE0.10
fresh,T005,0.05,PAPER:USELESSUSDT:1790966099999:SHORT,USELESSUSDT,Fresh_2026-10-02,True,2,2,False,True,8.17698245646959,RUNNER_CLOSE
fresh,T005,0.05,PAPER:IOSTUSDT:1790860199999:SHORT,IOSTUSDT,Fresh_2026-10-01,False,3,3,False,True,-0.03328070307818426,BE0.10
fresh,T005,0.05,PAPER:BBUSDT:1790998799999:SHORT,BBUSDT,Fresh_2026-10-03,False,2,2,False,True,1.1451435326831172,FULL_CLOSE_050
fresh,T005,0.05,PAPER:CATIUSDT:1790857799999:SHORT,CATIUSDT,Fresh_2026-10-01,False,2,2,False,True,-1.3559082986965152,BE0.10
fresh,T005,0.05,PAPER:PEOPLEUSDT:1791019199999:SHORT,PEOPLEUSDT,Fresh_2026-10-03,False,1,1,False,True,-1.288112083487762,HIST_TIME_FALLBACK
fresh,T005,0.05,PAPER:XPLUSDT:1790952899999:SHORT,XPLUSDT,Fresh_2026-10-02,False,0,0,False,True,-3.7469835621939516,HIST_TIME_FALLBACK
fresh,T0075,0.075,PAPER:PONSUSDT:1790895899999:SHORT,PONSUSDT,Fresh_2026-10-01,False,1,1,False,True,-0.056483092889133946,BE0.10
fresh,T0075,0.075,PAPER:MOVRUSDT:1791047999999:SHORT,MOVRUSDT,Fresh_2026-10-03,False,0,0,False,True,-0.0027789218008638095,BE0.10
fresh,T0075,0.075,PAPER:FFUSDT:1790893799999:SHORT,FFUSDT,Fresh_2026-10-01,False,0,0,False,True,1.4160170542665933,FULL_CLOSE_050
fresh,T0075,0.075,PAPER:YGGUSDT:1791017999999:SHORT,YGGUSDT,Fresh_2026-10-03,False,1,1,False,True,-3.322584303590572,HIST_TIME_FALLBACK
fresh,T0075,0.075,PAPER:SKYUSDT:1790903999999:SHORT,SKYUSDT,Fresh_2026-10-02,False,1,1,False,True,-7.926213650994881,HIST_TIME_FALLBACK
fresh,T0075,0.075,PAPER:PLUMEUSDT:1790832899999:SHORT,PLUMEUSDT,Fresh_2026-10-01,False,2,2,False,False,,
fresh,T0075,0.075,PAPER:牛来USDT:1790973899999:SHORT,牛来USDT,Fresh_2026-10-02,True,1,1,False,False,,
fresh,T0075,0.075,PAPER:PROMPTUSDT:1790858999999:SHORT,PROMPTUSDT,Fresh_2026-10-01,True,0,0,False,True,-0.07734750960658576,BE0.10
fresh,T0075,0.075,PAPER:HEIUSDT:1790885999999:SHORT,HEIUSDT,Fresh_2026-10-01,False,1,1,False,True,-0.05587581131982283,BE0.10
fresh,T0075,0.075,PAPER:BROCCOLI714USDT:1790935499999:SHORT,BROCCOLI714USDT,Fresh_2026-10-02,False,2,2,False,True,1.1466595775362198,FULL_CLOSE_050
fresh,T0075,0.075,PAPER:1000000BOBUSDT:1791006599999:SHORT,1000000BOBUSDT,Fresh_2026-10-03,True,0,0,False,True,1.1013476260826998,FULL_CLOSE_050
fresh,T0075,0.075,PAPER:我踏马来了USDT:1791043799999:SHORT,我踏马来了USDT,Fresh_2026-10-03,True,1,3,True,True,4.309413817028814,FULL_CLOSE_050
fresh,T0075,0.075,PAPER:NOMUSDT:1791016499999:SHORT,NOMUSDT,Fresh_2026-10-03,True,3,3,False,True,4.609380633068161,FULL_CLOSE_050
fresh,T0075,0.075,PAPER:PONSUSDT:1791051299999:SHORT,PONSUSDT,Fresh_2026-10-03,False,1,1,False,True,-0.08113588863602345,BE0.10
fresh,T0075,0.075,PAPER:KAITOUSDT:1790966099999:SHORT,KAITOUSDT,Fresh_2026-10-02,False,3,3,False,False,,
fresh,T0075,0.075,PAPER:SEIUSDT:1791000299999:SHORT,SEIUSDT,Fresh_2026-10-03,True,2,2,False,True,1.5925934869491563,FULL_CLOSE_050
fresh,T0075,0.075,PAPER:USELESSUSDT:1790839199999:SHORT,USELESSUSDT,Fresh_2026-10-01,True,1,1,False,True,1.8157660541275467,FULL_CLOSE_050
fresh,T0075,0.075,PAPER:EVAAUSDT:1790995199999:SHORT,EVAAUSDT,Fresh_2026-10-03,False,2,2,False,False,,
fresh,T0075,0.075,PAPER:TUSDT:1791030299999:SHORT,TUSDT,Fresh_2026-10-03,True,1,2,True,True,1.3468693876441307,FULL_CLOSE_050
fresh,T0075,0.075,PAPER:RAYSOLUSDT:1790838899999:SHORT,RAYSOLUSDT,Fresh_2026-10-01,True,0,0,False,True,0.6694562297284123,FULL_CLOSE_050
fresh,T0075,0.075,PAPER:WETUSDT:1790864099999:SHORT,WETUSDT,Fresh_2026-10-01,False,3,3,False,True,-0.03492228233859501,BE0.10
fresh,T0075,0.075,PAPER:BLESSUSDT:1790990699999:SHORT,BLESSUSDT,Fresh_2026-10-03,False,1,1,False,True,-1.7389410408812456,HIST_TIME_FALLBACK
fresh,T0075,0.075,PAPER:SAGAUSDT:1791054899999:SHORT,SAGAUSDT,Fresh_2026-10-03,False,3,3,False,True,-2.9605321666743194,HIST_TIME_FALLBACK
fresh,T0075,0.075,PAPER:LSKUSDT:1790979299999:SHORT,LSKUSDT,Fresh_2026-10-02,False,0,0,False,True,-2.4461502782071296,HIST_TIME_FALLBACK
fresh,T0075,0.075,PAPER:ONUSDT:1790831999999:SHORT,ONUSDT,Fresh_2026-10-01,True,2,2,False,True,2.209436950510006,FULL_CLOSE_050
fresh,T0075,0.075,PAPER:PLAYUSDT:1790901599999:SHORT,PLAYUSDT,Fresh_2026-10-02,False,3,3,False,False,,
fresh,T0075,0.075,PAPER:POLUSDT:1790850899999:SHORT,POLUSDT,Fresh_2026-10-01,False,2,2,False,True,-0.17367956892771064,BE0.10
fresh,T0075,0.075,PAPER:MARSCOINUSDT:1791014699999:SHORT,MARSCOINUSDT,Fresh_2026-10-03,False,1,1,False,True,-11.528313311504577,HIST_TIME_FALLBACK
fresh,T0075,0.075,PAPER:ETHFIUSDT:1790965199999:SHORT,ETHFIUSDT,Fresh_2026-10-02,True,1,1,False,True,1.277143231861546,FULL_CLOSE_050
fresh,T0075,0.075,PAPER:SQDUSDT:1790866499999:SHORT,SQDUSDT,Fresh_2026-10-01,False,0,0,False,True,-2.6674291118944105,HIST_TIME_FALLBACK
fresh,T0075,0.075,PAPER:ARIAUSDT:1790903099999:SHORT,ARIAUSDT,Fresh_2026-10-02,False,0,0,False,True,-0.11497003238246445,BE0.10
fresh,T0075,0.075,PAPER:COAIUSDT:1790961899999:SHORT,COAIUSDT,Fresh_2026-10-02,True,1,1,False,True,0.323133179895185,FULL_CLOSE_050
fresh,T0075,0.075,PAPER:AVAAIUSDT:1791036599999:SHORT,AVAAIUSDT,Fresh_2026-10-03,False,1,1,False,True,1.461428089844492,FULL_CLOSE_050
fresh,T0075,0.075,PAPER:1000000BOBUSDT:1790917499999:SHORT,1000000BOBUSDT,Fresh_2026-10-02,True,2,2,False,True,1.3012725858515042,FULL_CLOSE_050
fresh,T0075,0.075,PAPER:FRAXUSDT:1790966099999:SHORT,FRAXUSDT,Fresh_2026-10-02,True,2,2,False,False,,
fresh,T0075,0.075,PAPER:OPNUSDT:1790921699999:SHORT,OPNUSDT,Fresh_2026-10-02,True,2,2,False,False,,
fresh,T0075,0.075,PAPER:PTBUSDT:1791029399999:SHORT,PTBUSDT,Fresh_2026-10-03,False,2,2,False,True,1.0846684580818937,FULL_CLOSE_050
fresh,T0075,0.075,PAPER:SKRUSDT:1790878499999:SHORT,SKRUSDT,Fresh_2026-10-01,False,0,0,False,True,1.8804171507565957,FULL_CLOSE_050
fresh,T0075,0.075,PAPER:METUSDT:1790842199999:SHORT,METUSDT,Fresh_2026-10-01,False,2,2,False,True,-0.12443089904688148,BE0.10
fresh,T0075,0.075,PAPER:BRUSDT:1790987999999:SHORT,BRUSDT,Fresh_2026-10-03,False,2,2,False,False,,
fresh,T0075,0.075,PAPER:LYNUSDT:1791013499999:SHORT,LYNUSDT,Fresh_2026-10-03,False,2,2,False,True,1.33120087747134,FULL_CLOSE_050
fresh,T0075,0.075,PAPER:GOATUSDT:1790833799999:SHORT,GOATUSDT,Fresh_2026-10-01,False,1,1,False,False,,
fresh,T0075,0.075,PAPER:ARCUSDT:1790882999999:SHORT,ARCUSDT,Fresh_2026-10-01,True,1,1,False,True,3.029277999951506,FULL_CLOSE_050
fresh,T0075,0.075,PAPER:VIRTUALUSDT:1790919599999:SHORT,VIRTUALUSDT,Fresh_2026-10-02,False,1,1,False,True,-2.1975740151768255,HIST_TIME_FALLBACK
fresh,T0075,0.075,PAPER:EIGENUSDT:1790842199999:SHORT,EIGENUSDT,Fresh_2026-10-01,False,2,2,False,True,-0.7439373845102625,BE0.10
fresh,T0075,0.075,PAPER:SHELLUSDT:1790963099999:SHORT,SHELLUSDT,Fresh_2026-10-02,False,2,2,False,True,-4.568805869607683,HIST_TIME_FALLBACK
fresh,T0075,0.075,PAPER:YGGUSDT:1790965199999:SHORT,YGGUSDT,Fresh_2026-10-02,True,1,2,True,True,1.072707497046878,FULL_CLOSE_050
fresh,T0075,0.075,PAPER:ACUUSDT:1790894999999:SHORT,ACUUSDT,Fresh_2026-10-01,False,0,0,False,True,-2.4389746343228706,HIST_TIME_FALLBACK
fresh,T0075,0.075,PAPER:METISUSDT:1790958299999:SHORT,METISUSDT,Fresh_2026-10-02,True,1,1,False,True,3.387031506988597,FULL_CLOSE_050
fresh,T0075,0.075,PAPER:SIGNUSDT:1790948999999:SHORT,SIGNUSDT,Fresh_2026-10-02,False,1,1,False,True,-3.0516485050878317,HIST_TIME_FALLBACK
fresh,T0075,0.075,PAPER:TWTUSDT:1790924999999:SHORT,TWTUSDT,Fresh_2026-10-02,True,2,2,False,True,-0.43128002760197753,BE0.10
fresh,T0075,0.075,PAPER:ATOMUSDT:1790966399999:SHORT,ATOMUSDT,Fresh_2026-10-02,False,3,3,False,False,,
fresh,T0075,0.075,PAPER:TOSHIUSDT:1790838899999:SHORT,TOSHIUSDT,Fresh_2026-10-01,True,3,3,False,True,1.0601520906590065,FULL_CLOSE_050
fresh,T0075,0.075,PAPER:2ZUSDT:1791000299999:SHORT,2ZUSDT,Fresh_2026-10-03,False,1,1,False,True,-0.16576507040827337,BE0.10
fresh,T0075,0.075,PAPER:NOMUSDT:1790873099999:SHORT,NOMUSDT,Fresh_2026-10-01,False,0,0,False,True,-2.023617893700241,HIST_TIME_FALLBACK
fresh,T0075,0.075,PAPER:DRIFTUSDT:1790890199999:SHORT,DRIFTUSDT,Fresh_2026-10-01,False,0,0,False,True,0.027018727318001257,FULL_CLOSE_050
fresh,T0075,0.075,PAPER:RECALLUSDT:1790882099999:SHORT,RECALLUSDT,Fresh_2026-10-01,False,3,3,False,True,1.2284791828832158,FULL_CLOSE_050
fresh,T0075,0.075,PAPER:BRETTUSDT:1790952899999:SHORT,BRETTUSDT,Fresh_2026-10-02,False,0,0,False,True,-4.106297093166739,HIST_TIME_FALLBACK
fresh,T0075,0.075,PAPER:MARSCOINUSDT:1790859899999:SHORT,MARSCOINUSDT,Fresh_2026-10-01,False,1,1,False,True,-0.01600223934005135,BE0.10
fresh,T0075,0.075,PAPER:APRUSDT:1790842199999:SHORT,APRUSDT,Fresh_2026-10-01,False,0,0,False,True,-0.5882412382692143,BE0.10
fresh,T0075,0.075,PAPER:SYNUSDT:1790925599999:SHORT,SYNUSDT,Fresh_2026-10-02,True,2,3,True,True,2.514097195726058,FULL_CLOSE_050
fresh,T0075,0.075,PAPER:ENAUSDT:1790980799999:SHORT,ENAUSDT,Fresh_2026-10-02,False,2,2,False,True,-0.015997373989753316,BE0.10
fresh,T0075,0.075,PAPER:CVXUSDT:1790889599999:SHORT,CVXUSDT,Fresh_2026-10-01,True,3,3,False,True,1.664400223349473,FULL_CLOSE_050
fresh,T0075,0.075,PAPER:DIAUSDT:1790951399999:SHORT,DIAUSDT,Fresh_2026-10-02,False,1,1,False,True,0.9129930514639889,FULL_CLOSE_050
fresh,T0075,0.075,PAPER:PLUMEUSDT:1790962799999:SHORT,PLUMEUSDT,Fresh_2026-10-02,False,0,0,False,True,-1.2278246414673406,HIST_TIME_FALLBACK
fresh,T0075,0.075,PAPER:XPLUSDT:1790863499999:SHORT,XPLUSDT,Fresh_2026-10-01,False,2,2,False,True,1.163279204289324,FULL_CLOSE_050
fresh,T0075,0.075,PAPER:WLDUSDT:1790863499999:SHORT,WLDUSDT,Fresh_2026-10-01,False,3,3,False,True,-0.9501900380075836,HIST_TIME_FALLBACK
fresh,T0075,0.075,PAPER:JUPUSDT:1790945099999:SHORT,JUPUSDT,Fresh_2026-10-02,False,0,0,False,True,-8.391993530684283,HIST_TIME_FALLBACK
fresh,T0075,0.075,PAPER:MAGMAUSDT:1790893499999:SHORT,MAGMAUSDT,Fresh_2026-10-01,False,0,0,False,True,-1.1863104106670146,HIST_TIME_FALLBACK
fresh,T0075,0.075,PAPER:BRUSDT:1790893499999:SHORT,BRUSDT,Fresh_2026-10-01,False,1,2,True,False,,NO_EXECUTABLE_ENTRY
fresh,T0075,0.075,PAPER:STBLUSDT:1790966699999:SHORT,STBLUSDT,Fresh_2026-10-02,False,3,3,False,False,,
fresh,T0075,0.075,PAPER:我踏马来了USDT:1790965499999:SHORT,我踏马来了USDT,Fresh_2026-10-02,False,1,2,True,True,-2.720049283869659,HIST_TIME_FALLBACK
fresh,T0075,0.075,PAPER:1000BONKUSDT:1790966099999:SHORT,1000BONKUSDT,Fresh_2026-10-02,True,3,3,False,True,8.854179201357557,RUNNER_CLOSE
fresh,T0075,0.075,PAPER:APRUSDT:1790876399999:SHORT,APRUSDT,Fresh_2026-10-01,True,0,0,False,True,3.066095221232374,FULL_CLOSE_050
fresh,T0075,0.075,PAPER:CAPUSDT:1790922599999:SHORT,CAPUSDT,Fresh_2026-10-02,False,1,1,False,True,1.0968731709810076,FULL_CLOSE_050
fresh,T0075,0.075,PAPER:BATUSDT:1790939699999:SHORT,BATUSDT,Fresh_2026-10-02,True,0,0,False,True,5.478832450733665,RUNNER_CLOSE
fresh,T0075,0.075,PAPER:CETUSUSDT:1790839199999:SHORT,CETUSUSDT,Fresh_2026-10-01,True,1,1,False,True,1.6946242806151641,FULL_CLOSE_050
fresh,T0075,0.075,PAPER:CHILLGUYUSDT:1790882699999:SHORT,CHILLGUYUSDT,Fresh_2026-10-01,False,3,3,False,True,-5.290219203747215,HIST_TIME_FALLBACK
fresh,T0075,0.075,PAPER:MOVEUSDT:1790890799999:SHORT,MOVEUSDT,Fresh_2026-10-01,True,1,1,False,True,7.661231999951747,RUNNER_CLOSE
fresh,T0075,0.075,PAPER:AVAUSDT:1791051299999:SHORT,AVAUSDT,Fresh_2026-10-03,False,1,1,False,True,-3.5937406455263243,HIST_TIME_FALLBACK
fresh,T0075,0.075,PAPER:FILUSDT:1790952899999:SHORT,FILUSDT,Fresh_2026-10-02,False,2,2,False,False,,
fresh,T0075,0.075,PAPER:RUNEUSDT:1790839499999:SHORT,RUNEUSDT,Fresh_2026-10-01,False,2,2,False,True,-1.4626806344120546,HIST_TIME_FALLBACK
fresh,T0075,0.075,PAPER:HUSDT:1790897399999:SHORT,HUSDT,Fresh_2026-10-01,False,0,0,False,True,-0.020550399365551364,BE0.10
fresh,T0075,0.075,PAPER:MONUSDT:1790959199999:SHORT,MONUSDT,Fresh_2026-10-02,False,2,2,False,False,,
fresh,T0075,0.075,PAPER:ORCAUSDT:1790838299999:SHORT,ORCAUSDT,Fresh_2026-10-01,True,2,2,False,True,0.8301603711376397,FULL_CLOSE_050
fresh,T0075,0.075,PAPER:RSRUSDT:1790962799999:SHORT,RSRUSDT,Fresh_2026-10-02,False,2,3,True,True,-2.7263290919567247,HIST_TIME_FALLBACK
fresh,T0075,0.075,PAPER:1000000BOBUSDT:1791055799999:SHORT,1000000BOBUSDT,Fresh_2026-10-03,False,3,3,False,True,-0.9501900380076379,BE0.10
fresh,T0075,0.075,PAPER:BSBUSDT:1790950199999:SHORT,BSBUSDT,Fresh_2026-10-02,False,1,2,True,True,-4.501432892993429,HIST_TIME_FALLBACK
fresh,T0075,0.075,PAPER:EPICUSDT:1790922899999:SHORT,EPICUSDT,Fresh_2026-10-02,True,0,0,False,True,1.3157104827227037,FULL_CLOSE_050
fresh,T0075,0.075,PAPER:SYNUSDT:1791019799999:SHORT,SYNUSDT,Fresh_2026-10-03,False,1,1,False,True,-8.058790198914433,HIST_TIME_FALLBACK
fresh,T0075,0.075,PAPER:BROCCOLI714USDT:1790873699999:SHORT,BROCCOLI714USDT,Fresh_2026-10-01,False,1,2,True,True,-0.19545925770150302,BE0.10
fresh,T0075,0.075,PAPER:HAEDALUSDT:1790853899999:SHORT,HAEDALUSDT,Fresh_2026-10-01,False,3,3,False,True,1.1087310521230167,FULL_CLOSE_050
fresh,T0075,0.075,PAPER:VELVETUSDT:1790863499999:SHORT,VELVETUSDT,Fresh_2026-10-01,False,2,2,False,True,-1.7187292243504957,HIST_TIME_FALLBACK
fresh,T0075,0.075,PAPER:ARKUSDT:1790876699999:SHORT,ARKUSDT,Fresh_2026-10-01,True,1,1,False,True,2.358030961830592,FULL_CLOSE_050
fresh,T0075,0.075,PAPER:FRAXUSDT:1790951099999:SHORT,FRAXUSDT,Fresh_2026-10-02,True,1,1,False,True,0.9622271159102581,FULL_CLOSE_050
fresh,T0075,0.075,PAPER:XANUSDT:1791008099999:SHORT,XANUSDT,Fresh_2026-10-03,False,2,2,False,True,-4.3790736386354165,HIST_TIME_FALLBACK
fresh,T0075,0.075,PAPER:PHAUSDT:1791015299999:SHORT,PHAUSDT,Fresh_2026-10-03,False,2,2,False,True,-3.853101323942283,HIST_TIME_FALLBACK
fresh,T0075,0.075,PAPER:RAYSOLUSDT:1791061799999:SHORT,RAYSOLUSDT,Fresh_2026-10-03,False,0,0,False,True,-3.611537109258515,HIST_TIME_FALLBACK
fresh,T0075,0.075,PAPER:CYSUSDT:1791042299999:SHORT,CYSUSDT,Fresh_2026-10-03,False,3,3,False,True,-3.0907070387808986,HIST_TIME_FALLBACK
fresh,T0075,0.075,PAPER:VVVUSDT:1790996699999:SHORT,VVVUSDT,Fresh_2026-10-03,False,0,0,False,True,-2.8483130468656936,HIST_TIME_FALLBACK
fresh,T0075,0.075,PAPER:ZENUSDT:1790872799999:SHORT,ZENUSDT,Fresh_2026-10-01,False,0,0,False,True,-0.03235118462339831,BE0.10
fresh,T0075,0.075,PAPER:GWEIUSDT:1790963099999:SHORT,GWEIUSDT,Fresh_2026-10-02,False,2,2,False,True,-3.099606407445633,HIST_TIME_FALLBACK
fresh,T0075,0.075,PAPER:QUSDT:1790984099999:SHORT,QUSDT,Fresh_2026-10-02,True,0,0,False,True,-2.4846584562821254,HIST_TIME_FALLBACK
fresh,T0075,0.075,PAPER:ATHUSDT:1790987999999:SHORT,ATHUSDT,Fresh_2026-10-03,False,0,0,False,True,-0.103713928796416,BE0.10
fresh,T0075,0.075,PAPER:哈基米USDT:1790882699999:SHORT,哈基米USDT,Fresh_2026-10-01,False,2,3,True,True,-8.827183154927742,HIST_TIME_FALLBACK
fresh,T0075,0.075,PAPER:RONINUSDT:1790965799999:SHORT,RONINUSDT,Fresh_2026-10-02,True,0,0,False,True,-0.49325239306190033,HIST_TIME_FALLBACK
fresh,T0075,0.075,PAPER:PYTHUSDT:1790839499999:SHORT,PYTHUSDT,Fresh_2026-10-01,False,1,1,False,True,-4.3979463826488265,HIST_TIME_FALLBACK
fresh,T0075,0.075,PAPER:PHAUSDT:1790951699999:SHORT,PHAUSDT,Fresh_2026-10-02,True,1,1,False,True,5.874922832447855,RUNNER_CLOSE
fresh,T0075,0.075,PAPER:XNYUSDT:1790851199999:SHORT,XNYUSDT,Fresh_2026-10-01,False,1,1,False,True,2.13225778837565,FULL_CLOSE_050
fresh,T0075,0.075,PAPER:DASHUSDT:1790963099999:SHORT,DASHUSDT,Fresh_2026-10-02,False,2,2,False,True,-2.657763601159539,HIST_TIME_FALLBACK
fresh,T0075,0.075,PAPER:ALCHUSDT:1790882699999:SHORT,ALCHUSDT,Fresh_2026-10-01,False,0,0,False,True,-0.07793898082612194,BE0.10
fresh,T0075,0.075,PAPER:JSTUSDT:1790849999999:SHORT,JSTUSDT,Fresh_2026-10-01,False,3,3,False,True,-0.007345183720595394,BE0.10
fresh,T0075,0.075,PAPER:COLLECTUSDT:1790940299999:SHORT,COLLECTUSDT,Fresh_2026-10-02,True,1,1,False,True,2.229747643546826,FULL_CLOSE_050
fresh,T0075,0.075,PAPER:ILVUSDT:1790963099999:SHORT,ILVUSDT,Fresh_2026-10-02,False,2,2,False,True,-1.443489067362551,HIST_TIME_FALLBACK
fresh,T0075,0.075,PAPER:USUSDT:1791017699999:SHORT,USUSDT,Fresh_2026-10-03,False,2,2,False,False,,
fresh,T0075,0.075,PAPER:MAGMAUSDT:1791033899999:SHORT,MAGMAUSDT,Fresh_2026-10-03,False,0,0,False,True,-2.111268181646319,HIST_TIME_FALLBACK
fresh,T0075,0.075,PAPER:ONDOUSDT:1790872799999:SHORT,ONDOUSDT,Fresh_2026-10-01,False,1,1,False,True,-1.3619319175371172,HIST_TIME_FALLBACK
fresh,T0075,0.075,PAPER:1000000MOGUSDT:1790868899999:SHORT,1000000MOGUSDT,Fresh_2026-10-01,False,1,1,False,True,-0.07886681774990878,BE0.10
fresh,T0075,0.075,PAPER:ROBOUSDT:1790867399999:SHORT,ROBOUSDT,Fresh_2026-10-01,False,0,0,False,True,-6.4998041182514745,HIST_TIME_FALLBACK
fresh,T0075,0.075,PAPER:INITUSDT:1791016499999:SHORT,INITUSDT,Fresh_2026-10-03,False,1,1,False,False,,
fresh,T0075,0.075,PAPER:CRVUSDT:1790966099999:SHORT,CRVUSDT,Fresh_2026-10-02,False,2,2,False,False,,
fresh,T0075,0.075,PAPER:ONUSDT:1790868899999:SHORT,ONUSDT,Fresh_2026-10-01,False,0,0,False,True,-1.4338375646143875,HIST_TIME_FALLBACK
fresh,T0075,0.075,PAPER:FILUSDT:1790838899999:SHORT,FILUSDT,Fresh_2026-10-01,True,3,3,False,True,2.077191835122341,FULL_CLOSE_050
fresh,T0075,0.075,PAPER:BANKUSDT:1790958899999:SHORT,BANKUSDT,Fresh_2026-10-02,False,1,1,False,True,1.5610567347583904,FULL_CLOSE_050
fresh,T0075,0.075,PAPER:BLUAIUSDT:1790859599999:SHORT,BLUAIUSDT,Fresh_2026-10-01,False,3,3,False,False,,
fresh,T0075,0.075,PAPER:PUMPBTCUSDT:1790925299999:SHORT,PUMPBTCUSDT,Fresh_2026-10-02,False,2,2,False,False,,
fresh,T0075,0.075,PAPER:USELESSUSDT:1790842199999:SHORT,USELESSUSDT,Fresh_2026-10-01,False,2,2,False,True,0.8071164772384387,FULL_CLOSE_050
fresh,T0075,0.075,PAPER:IRYSUSDT:1790860499999:SHORT,IRYSUSDT,Fresh_2026-10-01,False,2,2,False,True,-1.2662097286881986,HIST_TIME_FALLBACK
fresh,T0075,0.075,PAPER:IOTAUSDT:1790846399999:SHORT,IOTAUSDT,Fresh_2026-10-01,False,0,0,False,True,-3.161048440825394,HIST_TIME_FALLBACK
fresh,T0075,0.075,PAPER:ZAMAUSDT:1790882099999:SHORT,ZAMAUSDT,Fresh_2026-10-01,False,0,0,False,True,1.0806738399113982,FULL_CLOSE_050
fresh,T0075,0.075,PAPER:ARPAUSDT:1790864099999:SHORT,ARPAUSDT,Fresh_2026-10-01,False,2,2,False,True,-0.03547977754529946,BE0.10
fresh,T0075,0.075,PAPER:NOMUSDT:1790912699999:SHORT,NOMUSDT,Fresh_2026-10-02,False,0,0,False,True,0.9316715786766379,FULL_CLOSE_050
fresh,T0075,0.075,PAPER:牛来USDT:1790828399999:SHORT,牛来USDT,Fresh_2026-10-01,False,3,3,False,True,-1.8711669539291484,HIST_TIME_FALLBACK
fresh,T0075,0.075,PAPER:BSBUSDT:1790853299999:SHORT,BSBUSDT,Fresh_2026-10-01,False,1,1,False,True,-0.012783315089948954,BE0.10
fresh,T0075,0.075,PAPER:AXSUSDT:1790951399999:SHORT,AXSUSDT,Fresh_2026-10-02,False,1,1,False,True,-0.29723039015112224,BE0.10
fresh,T0075,0.075,PAPER:ALCHUSDT:1791030599999:SHORT,ALCHUSDT,Fresh_2026-10-03,False,0,0,False,True,-3.073413425363308,HIST_TIME_FALLBACK
fresh,T0075,0.075,PAPER:THETAUSDT:1790882399999:SHORT,THETAUSDT,Fresh_2026-10-01,True,1,1,False,True,2.7036434659195465,FULL_CLOSE_050
fresh,T0075,0.075,PAPER:ZAMAUSDT:1790839199999:SHORT,ZAMAUSDT,Fresh_2026-10-01,True,1,1,False,True,2.6487165570369027,FULL_CLOSE_050
fresh,T0075,0.075,PAPER:NEOUSDT:1790935499999:SHORT,NEOUSDT,Fresh_2026-10-02,False,0,0,False,True,-0.9501900380076159,HIST_TIME_FALLBACK
fresh,T0075,0.075,PAPER:XTZUSDT:1790965199999:SHORT,XTZUSDT,Fresh_2026-10-02,False,1,1,False,True,-1.2680155554920063,HIST_TIME_FALLBACK
fresh,T0075,0.075,PAPER:RONINUSDT:1791014699999:SHORT,RONINUSDT,Fresh_2026-10-03,True,0,0,False,True,1.8162449181396698,FULL_CLOSE_050
fresh,T0075,0.075,PAPER:GPSUSDT:1790842199999:SHORT,GPSUSDT,Fresh_2026-10-01,False,2,2,False,True,-3.2971601185608392,HIST_TIME_FALLBACK
fresh,T0075,0.075,PAPER:SCRUSDT:1791053699999:SHORT,SCRUSDT,Fresh_2026-10-03,False,2,2,False,True,-3.1430721926941847,HIST_TIME_FALLBACK
fresh,T0075,0.075,PAPER:PROMPTUSDT:1790994299999:SHORT,PROMPTUSDT,Fresh_2026-10-03,False,1,2,True,True,-0.2056557940244686,BE0.10
fresh,T0075,0.075,PAPER:APRUSDT:1790861399999:SHORT,APRUSDT,Fresh_2026-10-01,False,0,0,False,True,0.4861806651143046,FULL_CLOSE_050
fresh,T0075,0.075,PAPER:APEUSDT:1790866199999:SHORT,APEUSDT,Fresh_2026-10-01,False,2,2,False,True,-0.2625867549882736,BE0.10
fresh,T0075,0.075,PAPER:PENDLEUSDT:1790858699999:SHORT,PENDLEUSDT,Fresh_2026-10-01,True,3,3,False,True,1.019161147471252,FULL_CLOSE_050
fresh,T0075,0.075,PAPER:AIOUSDT:1790882999999:SHORT,AIOUSDT,Fresh_2026-10-01,False,1,1,False,True,-1.606079962061648,HIST_TIME_FALLBACK
fresh,T0075,0.075,PAPER:EDGEUSDT:1791031199999:SHORT,EDGEUSDT,Fresh_2026-10-03,False,2,2,False,True,-0.10229642794950228,BE0.10
fresh,T0075,0.075,PAPER:BTWUSDT:1790939699999:SHORT,BTWUSDT,Fresh_2026-10-02,True,0,0,False,True,6.625779766379385,RUNNER_CLOSE
fresh,T0075,0.075,PAPER:ILVUSDT:1790836499999:SHORT,ILVUSDT,Fresh_2026-10-01,False,2,2,False,True,1.102925327439278,FULL_CLOSE_050
fresh,T0075,0.075,PAPER:TUTUSDT:1790945699999:SHORT,TUTUSDT,Fresh_2026-10-02,False,1,1,False,True,-0.11450524662533412,BE0.10
fresh,T0075,0.075,PAPER:POWERUSDT:1791065399999:SHORT,POWERUSDT,Fresh_2026-10-03,True,0,0,False,True,2.904950643564761,FULL_CLOSE_050
fresh,T0075,0.075,PAPER:HANAUSDT:1791020099999:SHORT,HANAUSDT,Fresh_2026-10-03,False,2,2,False,False,,
fresh,T0075,0.075,PAPER:SUSHIUSDT:1790951699999:SHORT,SUSHIUSDT,Fresh_2026-10-02,True,3,3,False,True,4.389278655731225,FULL_CLOSE_050
fresh,T0075,0.075,PAPER:MARSCOINUSDT:1790959499999:SHORT,MARSCOINUSDT,Fresh_2026-10-02,False,2,2,False,False,,
fresh,T0075,0.075,PAPER:XVGUSDT:1791031199999:SHORT,XVGUSDT,Fresh_2026-10-03,False,1,1,False,True,-3.8060865263385937,HIST_TIME_FALLBACK
fresh,T0075,0.075,PAPER:PEOPLEUSDT:1790863499999:SHORT,PEOPLEUSDT,Fresh_2026-10-01,False,1,1,False,True,-3.2898470579938808,HIST_TIME_FALLBACK
fresh,T0075,0.075,PAPER:牛来USDT:1790872799999:SHORT,牛来USDT,Fresh_2026-10-01,False,3,3,False,False,,
fresh,T0075,0.075,PAPER:BRETTUSDT:1790965199999:SHORT,BRETTUSDT,Fresh_2026-10-02,False,2,2,False,True,-1.2908332432052418,HIST_TIME_FALLBACK
fresh,T0075,0.075,PAPER:ICNTUSDT:1790856599999:SHORT,ICNTUSDT,Fresh_2026-10-01,False,1,1,False,True,1.1333695459175614,FULL_CLOSE_050
fresh,T0075,0.075,PAPER:LYNUSDT:1790985899999:SHORT,LYNUSDT,Fresh_2026-10-03,False,2,2,False,False,,
fresh,T0075,0.075,PAPER:BRETTUSDT:1790866199999:SHORT,BRETTUSDT,Fresh_2026-10-01,False,0,0,False,True,-0.2355930500875676,BE0.10
fresh,T0075,0.075,PAPER:DYDXUSDT:1790965199999:SHORT,DYDXUSDT,Fresh_2026-10-02,True,3,3,False,True,3.7817833992187215,FULL_CLOSE_050
fresh,T0075,0.075,PAPER:牛来USDT:1790962199999:SHORT,牛来USDT,Fresh_2026-10-02,True,0,0,False,True,10.358943975367037,RUNNER_CLOSE
fresh,T0075,0.075,PAPER:EVAAUSDT:1791011999999:SHORT,EVAAUSDT,Fresh_2026-10-03,False,0,0,False,True,-3.104070108091766,HIST_TIME_FALLBACK
fresh,T0075,0.075,PAPER:NMRUSDT:1790867399999:SHORT,NMRUSDT,Fresh_2026-10-01,False,2,2,False,True,-3.2996594556348984,HIST_TIME_FALLBACK
fresh,T0075,0.075,PAPER:SAGAUSDT:1790890499999:SHORT,SAGAUSDT,Fresh_2026-10-01,False,2,2,False,True,1.4976104022760648,FULL_CLOSE_050
fresh,T0075,0.075,PAPER:SPXUSDT:1790961899999:SHORT,SPXUSDT,Fresh_2026-10-02,True,0,0,False,True,3.0498400193737796,FULL_CLOSE_050
fresh,T0075,0.075,PAPER:FOGOUSDT:1790975099999:SHORT,FOGOUSDT,Fresh_2026-10-02,False,2,2,False,False,,
fresh,T0075,0.075,PAPER:FOGOUSDT:1790966099999:SHORT,FOGOUSDT,Fresh_2026-10-02,True,2,2,False,True,13.381987573311559,RUNNER_CLOSE
fresh,T0075,0.075,PAPER:CTRUSDT:1790847299999:SHORT,CTRUSDT,Fresh_2026-10-01,False,1,1,False,True,-0.005782793222393279,BE0.10
fresh,T0075,0.075,PAPER:TRBUSDT:1790868899999:SHORT,TRBUSDT,Fresh_2026-10-01,False,0,0,False,True,-1.310834987602681,HIST_TIME_FALLBACK
fresh,T0075,0.075,PAPER:SCRUSDT:1790994299999:SHORT,SCRUSDT,Fresh_2026-10-03,False,1,2,True,True,-1.3129256829626328,HIST_TIME_FALLBACK
fresh,T0075,0.075,PAPER:QNTUSDT:1791004199999:SHORT,QNTUSDT,Fresh_2026-10-03,False,2,2,False,True,-0.0016723016833556925,BE0.10
fresh,T0075,0.075,PAPER:PLAYUSDT:1791015599999:SHORT,PLAYUSDT,Fresh_2026-10-03,False,2,2,False,True,-3.916073323288742,HIST_TIME_FALLBACK
fresh,T0075,0.075,PAPER:PLUMEUSDT:1790866199999:SHORT,PLUMEUSDT,Fresh_2026-10-01,False,2,2,False,True,-2.5666868842013786,HIST_TIME_FALLBACK
fresh,T0075,0.075,PAPER:NOMUSDT:1790914499999:SHORT,NOMUSDT,Fresh_2026-10-02,False,1,1,False,True,-0.18096193191776422,BE0.10
fresh,T0075,0.075,PAPER:WAXPUSDT:1791056099999:SHORT,WAXPUSDT,Fresh_2026-10-03,False,3,3,False,True,-5.372811154181004,HIST_TIME_FALLBACK
fresh,T0075,0.075,PAPER:PARTIUSDT:1791050699999:SHORT,PARTIUSDT,Fresh_2026-10-03,False,2,2,False,True,-0.06295999540214064,BE0.10
fresh,T0075,0.075,PAPER:BANUSDT:1791040499999:SHORT,BANUSDT,Fresh_2026-10-03,False,3,3,False,True,-3.0880950595243526,HIST_TIME_FALLBACK
fresh,T0075,0.075,PAPER:BIOUSDT:1791046799999:SHORT,BIOUSDT,Fresh_2026-10-03,False,2,2,False,True,-5.286260019087613,HIST_TIME_FALLBACK
fresh,T0075,0.075,PAPER:RAVEUSDT:1790842799999:SHORT,RAVEUSDT,Fresh_2026-10-01,False,2,2,False,True,-2.1886244517581748,HIST_TIME_FALLBACK
fresh,T0075,0.075,PAPER:NEARUSDT:1790839499999:SHORT,NEARUSDT,Fresh_2026-10-01,False,2,2,False,True,-3.479767079187888,HIST_TIME_FALLBACK
fresh,T0075,0.075,PAPER:POLUSDT:1790872799999:SHORT,POLUSDT,Fresh_2026-10-01,False,2,2,False,True,-1.562312836473764,HIST_TIME_FALLBACK
fresh,T0075,0.075,PAPER:IMXUSDT:1790848799999:SHORT,IMXUSDT,Fresh_2026-10-01,False,2,2,False,True,-0.04444482080981249,BE0.10
fresh,T0075,0.075,PAPER:GRIFFAINUSDT:1790838899999:SHORT,GRIFFAINUSDT,Fresh_2026-10-01,True,2,2,False,True,1.1784937176974712,FULL_CLOSE_050
fresh,T0075,0.075,PAPER:2ZUSDT:1790957699999:SHORT,2ZUSDT,Fresh_2026-10-02,False,1,1,False,True,-0.1917427803742966,BE0.10
fresh,T0075,0.075,PAPER:ONEUSDT:1790925599999:SHORT,ONEUSDT,Fresh_2026-10-02,False,2,2,False,False,,
fresh,T0075,0.075,PAPER:POWERUSDT:1790929499999:SHORT,POWERUSDT,Fresh_2026-10-02,True,2,2,False,True,1.278336256229769,FULL_CLOSE_050
fresh,T0075,0.075,PAPER:ONUSDT:1791031499999:SHORT,ONUSDT,Fresh_2026-10-03,False,2,2,False,False,,
fresh,T0075,0.075,PAPER:API3USDT:1790863499999:SHORT,API3USDT,Fresh_2026-10-01,False,0,0,False,True,-3.3139668162473557,HIST_TIME_FALLBACK
fresh,T0075,0.075,PAPER:BULLAUSDT:1790957399999:SHORT,BULLAUSDT,Fresh_2026-10-02,False,2,2,False,False,,
fresh,T0075,0.075,PAPER:ZECUSDT:1790882399999:SHORT,ZECUSDT,Fresh_2026-10-01,False,2,2,False,True,-0.25576811196677013,BE0.10
fresh,T0075,0.075,PAPER:LUNA2USDT:1790926499999:SHORT,LUNA2USDT,Fresh_2026-10-02,False,3,3,False,True,-3.5548402848809837,HIST_TIME_FALLBACK
fresh,T0075,0.075,PAPER:SAFEUSDT:1790866199999:SHORT,SAFEUSDT,Fresh_2026-10-01,False,2,2,False,True,-4.536038920036239,HIST_TIME_FALLBACK
fresh,T0075,0.075,PAPER:龙虾USDT:1791061499999:SHORT,龙虾USDT,Fresh_2026-10-03,False,1,1,False,True,1.8379322715442763,FULL_CLOSE_050
fresh,T0075,0.075,PAPER:STRKUSDT:1790965199999:SHORT,STRKUSDT,Fresh_2026-10-02,False,0,0,False,True,-0.13567903608612858,BE0.10
fresh,T0075,0.075,PAPER:ZESTUSDT:1790850599999:SHORT,ZESTUSDT,Fresh_2026-10-01,False,2,2,False,False,,
fresh,T0075,0.075,PAPER:GUNUSDT:1790840399999:SHORT,GUNUSDT,Fresh_2026-10-01,False,1,1,False,True,-1.6189611669827892,HIST_TIME_FALLBACK
fresh,T0075,0.075,PAPER:ENAUSDT:1790894999999:SHORT,ENAUSDT,Fresh_2026-10-01,False,2,2,False,False,,
fresh,T0075,0.075,PAPER:PROMPTUSDT:1790848199999:SHORT,PROMPTUSDT,Fresh_2026-10-01,False,2,2,False,True,-0.9501900380076529,HIST_TIME_FALLBACK
fresh,T0075,0.075,PAPER:ALCHUSDT:1790978099999:SHORT,ALCHUSDT,Fresh_2026-10-02,False,2,2,False,True,-2.5642978656190762,HIST_TIME_FALLBACK
fresh,T0075,0.075,PAPER:MONUSDT:1790887199999:SHORT,MONUSDT,Fresh_2026-10-01,False,2,2,False,True,-3.476846282261099,HIST_TIME_FALLBACK
fresh,T0075,0.075,PAPER:QUSDT:1790921099999:SHORT,QUSDT,Fresh_2026-10-02,False,3,3,False,True,0.20286984886681264,FULL_CLOSE_050
fresh,T0075,0.075,PAPER:FIGHTUSDT:1790873999999:SHORT,FIGHTUSDT,Fresh_2026-10-01,False,0,0,False,True,-0.47548620677187603,HIST_TIME_FALLBACK
fresh,T0075,0.075,PAPER:CVCUSDT:1791031499999:SHORT,CVCUSDT,Fresh_2026-10-03,False,0,0,False,True,-2.8269204710062,HIST_TIME_FALLBACK
fresh,T0075,0.075,PAPER:USUALUSDT:1790882999999:SHORT,USUALUSDT,Fresh_2026-10-01,False,3,3,False,True,-3.8350170898633382,HIST_TIME_FALLBACK
fresh,T0075,0.075,PAPER:BRUSDT:1791028499999:SHORT,BRUSDT,Fresh_2026-10-03,False,1,1,False,False,,
fresh,T0075,0.075,PAPER:ENJUSDT:1791014999999:SHORT,ENJUSDT,Fresh_2026-10-03,False,0,0,False,True,-0.06106891893469174,BE0.10
fresh,T0075,0.075,PAPER:TUSDT:1790926499999:SHORT,TUSDT,Fresh_2026-10-02,False,1,1,False,True,-3.5385751388504896,HIST_TIME_FALLBACK
fresh,T0075,0.075,PAPER:XPLUSDT:1790864099999:SHORT,XPLUSDT,Fresh_2026-10-01,False,1,1,False,True,-2.4385733151727056,HIST_TIME_FALLBACK
fresh,T0075,0.075,PAPER:QNTUSDT:1790964899999:SHORT,QNTUSDT,Fresh_2026-10-02,False,2,2,False,False,,
fresh,T0075,0.075,PAPER:FLOWUSDT:1790861099999:SHORT,FLOWUSDT,Fresh_2026-10-01,False,2,2,False,True,-1.1126616998180485,HIST_TIME_FALLBACK
fresh,T0075,0.075,PAPER:ALPINEUSDT:1790965799999:SHORT,ALPINEUSDT,Fresh_2026-10-02,True,2,2,False,True,5.317683713179801,RUNNER_CLOSE
fresh,T0075,0.075,PAPER:COMPUSDT:1790950199999:SHORT,COMPUSDT,Fresh_2026-10-02,False,2,2,False,True,-3.1858080203129417,HIST_TIME_FALLBACK
fresh,T0075,0.075,PAPER:CYBERUSDT:1790866199999:SHORT,CYBERUSDT,Fresh_2026-10-01,False,3,3,False,True,-1.9112944028805248,HIST_TIME_FALLBACK
fresh,T0075,0.075,PAPER:ETHFIUSDT:1790962799999:SHORT,ETHFIUSDT,Fresh_2026-10-02,False,3,3,False,True,-0.026881656836470535,BE0.10
fresh,T0075,0.075,PAPER:FOLKSUSDT:1790973899999:SHORT,FOLKSUSDT,Fresh_2026-10-02,False,3,3,False,False,,
fresh,T0075,0.075,PAPER:POLUSDT:1790863499999:SHORT,POLUSDT,Fresh_2026-10-01,False,0,0,False,True,-2.5165029830924404,HIST_TIME_FALLBACK
fresh,T0075,0.075,PAPER:MERLUSDT:1790830499999:SHORT,MERLUSDT,Fresh_2026-10-01,False,1,1,False,True,-7.455390688274124,HIST_TIME_FALLBACK
fresh,T0075,0.075,PAPER:TAOUSDT:1790872799999:SHORT,TAOUSDT,Fresh_2026-10-01,False,2,2,False,False,,
fresh,T0075,0.075,PAPER:THETAUSDT:1790964299999:SHORT,THETAUSDT,Fresh_2026-10-02,True,2,2,False,True,7.440571859409447,RUNNER_CLOSE
fresh,T0075,0.075,PAPER:BERAUSDT:1790849099999:SHORT,BERAUSDT,Fresh_2026-10-01,False,1,1,False,True,-0.32342644447085384,BE0.10
fresh,T0075,0.075,PAPER:2ZUSDT:1790953199999:SHORT,2ZUSDT,Fresh_2026-10-02,False,3,3,False,False,,
fresh,T0075,0.075,PAPER:FFUSDT:1790968499999:SHORT,FFUSDT,Fresh_2026-10-02,False,1,1,False,True,-0.08286752213123333,BE0.10
fresh,T0075,0.075,PAPER:KASUSDT:1790871599999:SHORT,KASUSDT,Fresh_2026-10-01,False,3,3,False,True,-1.1895279247099184,HIST_TIME_FALLBACK
fresh,T0075,0.075,PAPER:PENDLEUSDT:1790887499999:SHORT,PENDLEUSDT,Fresh_2026-10-01,False,1,1,False,True,-2.410889019341629,HIST_TIME_FALLBACK
fresh,T0075,0.075,PAPER:METUSDT:1791051599999:SHORT,METUSDT,Fresh_2026-10-03,False,0,0,False,True,-2.6453312165989002,HIST_TIME_FALLBACK
fresh,T0075,0.075,PAPER:OPENUSDT:1791029099999:SHORT,OPENUSDT,Fresh_2026-10-03,True,1,1,False,True,0.9945465200266574,FULL_CLOSE_050
fresh,T0075,0.075,PAPER:1000BONKUSDT:1790839499999:SHORT,1000BONKUSDT,Fresh_2026-10-01,False,1,1,False,True,1.455778832669097,FULL_CLOSE_050
fresh,T0075,0.075,PAPER:SQDUSDT:1790890799999:SHORT,SQDUSDT,Fresh_2026-10-01,False,0,0,False,True,-0.102332331303641,BE0.10
fresh,T0075,0.075,PAPER:WLDUSDT:1790869499999:SHORT,WLDUSDT,Fresh_2026-10-01,False,1,2,True,False,,NO_EXECUTABLE_ENTRY
fresh,T0075,0.075,PAPER:ARXUSDT:1791041099999:SHORT,ARXUSDT,Fresh_2026-10-03,False,1,1,False,True,-0.5836025681883767,BE0.10
fresh,T0075,0.075,PAPER:MEWUSDT:1790839499999:SHORT,MEWUSDT,Fresh_2026-10-01,False,1,1,False,True,-0.141832847796804,BE0.10
fresh,T0075,0.075,PAPER:TRUTHUSDT:1790960699999:SHORT,TRUTHUSDT,Fresh_2026-10-02,False,1,1,False,False,,
fresh,T0075,0.075,PAPER:FETUSDT:1790849099999:SHORT,FETUSDT,Fresh_2026-10-01,False,1,1,False,True,-3.794367254132665,HIST_TIME_FALLBACK
fresh,T0075,0.075,PAPER:LISTAUSDT:1790864099999:SHORT,LISTAUSDT,Fresh_2026-10-01,False,0,0,False,True,-0.19333059738249647,BE0.10
fresh,T0075,0.075,PAPER:WLDUSDT:1790859899999:SHORT,WLDUSDT,Fresh_2026-10-01,False,2,2,False,True,-0.07198795022150356,BE0.10
fresh,T0075,0.075,PAPER:STRKUSDT:1790966099999:SHORT,STRKUSDT,Fresh_2026-10-02,False,2,2,False,False,,
fresh,T0075,0.075,PAPER:GTCUSDT:1790924699999:SHORT,GTCUSDT,Fresh_2026-10-02,True,2,2,False,True,5.9090035281109055,RUNNER_CLOSE
fresh,T0075,0.075,PAPER:SAFEUSDT:1790882699999:SHORT,SAFEUSDT,Fresh_2026-10-01,False,1,3,True,True,-0.0696300333115486,BE0.10
fresh,T0075,0.075,PAPER:ARBUSDT:1790919599999:SHORT,ARBUSDT,Fresh_2026-10-02,False,0,0,False,True,-3.354206926360326,HIST_TIME_FALLBACK
fresh,T0075,0.075,PAPER:4USDT:1790866499999:SHORT,4USDT,Fresh_2026-10-01,False,1,1,False,False,,
fresh,T0075,0.075,PAPER:GENIUSUSDT:1790964599999:SHORT,GENIUSUSDT,Fresh_2026-10-02,False,3,3,False,False,,
fresh,T0075,0.075,PAPER:TRUSTUSDT:1790840399999:SHORT,TRUSTUSDT,Fresh_2026-10-01,False,0,0,False,True,-0.12320310584499516,BE0.10
fresh,T0075,0.075,PAPER:币安人生USDT:1790931899999:SHORT,币安人生USDT,Fresh_2026-10-02,False,1,1,False,True,1.0097754672313561,HIST_TIME_FALLBACK
fresh,T0075,0.075,PAPER:BABYUSDT:1790962799999:SHORT,BABYUSDT,Fresh_2026-10-02,False,0,0,False,True,-2.774443646017745,HIST_TIME_FALLBACK
fresh,T0075,0.075,PAPER:WUSDT:1790926499999:SHORT,WUSDT,Fresh_2026-10-02,False,3,3,False,True,-1.0977652709197068,HIST_TIME_FALLBACK
fresh,T0075,0.075,PAPER:THETAUSDT:1790951699999:SHORT,THETAUSDT,Fresh_2026-10-02,False,2,2,False,True,-1.3815344499317685,HIST_TIME_FALLBACK
fresh,T0075,0.075,PAPER:REZUSDT:1790834999999:SHORT,REZUSDT,Fresh_2026-10-01,False,2,2,False,False,,
fresh,T0075,0.075,PAPER:SYNUSDT:1790973899999:SHORT,SYNUSDT,Fresh_2026-10-02,False,0,0,False,True,1.2852982831225583,FULL_CLOSE_050
fresh,T0075,0.075,PAPER:POLYXUSDT:1790861099999:SHORT,POLYXUSDT,Fresh_2026-10-01,False,3,3,False,True,-5.2093975164685205,HIST_TIME_FALLBACK
fresh,T0075,0.075,PAPER:NEARUSDT:1790882699999:SHORT,NEARUSDT,Fresh_2026-10-01,True,1,3,True,True,1.2398264184086814,FULL_CLOSE_050
fresh,T0075,0.075,PAPER:PUMPBTCUSDT:1790908799999:SHORT,PUMPBTCUSDT,Fresh_2026-10-02,False,0,0,False,True,1.4739028919585517,FULL_CLOSE_050
fresh,T0075,0.075,PAPER:BLUAIUSDT:1790882699999:SHORT,BLUAIUSDT,Fresh_2026-10-01,True,2,2,False,True,8.538056610312786,RUNNER_CLOSE
fresh,T0075,0.075,PAPER:BSVUSDT:1790914499999:SHORT,BSVUSDT,Fresh_2026-10-02,False,2,2,False,True,-4.433317602884386,HIST_TIME_FALLBACK
fresh,T0075,0.075,PAPER:PONSUSDT:1790866199999:SHORT,PONSUSDT,Fresh_2026-10-01,True,2,2,False,True,1.0498249906831392,FULL_CLOSE_050
fresh,T0075,0.075,PAPER:PUMPBTCUSDT:1791065999999:SHORT,PUMPBTCUSDT,Fresh_2026-10-03,False,2,2,False,False,,
fresh,T0075,0.075,PAPER:DEEPUSDT:1790938199999:SHORT,DEEPUSDT,Fresh_2026-10-02,False,0,0,False,True,-0.10319310054897751,BE0.10
fresh,T0075,0.075,PAPER:PROMPTUSDT:1790873699999:SHORT,PROMPTUSDT,Fresh_2026-10-01,False,2,2,False,True,-0.22646687168751162,BE0.10
fresh,T0075,0.075,PAPER:TOSHIUSDT:1790926499999:SHORT,TOSHIUSDT,Fresh_2026-10-02,False,3,3,False,True,-4.551450397993204,HIST_TIME_FALLBACK
fresh,T0075,0.075,PAPER:ARXUSDT:1790861699999:SHORT,ARXUSDT,Fresh_2026-10-01,False,0,0,False,True,-3.471072289997484,HIST_TIME_FALLBACK
fresh,T0075,0.075,PAPER:CAPUSDT:1790973599999:SHORT,CAPUSDT,Fresh_2026-10-02,True,1,1,False,True,6.610545585100193,RUNNER_CLOSE
fresh,T0075,0.075,PAPER:1000XECUSDT:1790864099999:SHORT,1000XECUSDT,Fresh_2026-10-01,False,2,2,False,True,-0.1465993402435834,BE0.10
fresh,T0075,0.075,PAPER:OUSDT:1790998499999:SHORT,OUSDT,Fresh_2026-10-03,False,3,3,False,True,-0.1710846838628215,BE0.10
fresh,T0075,0.075,PAPER:PROVEUSDT:1790863799999:SHORT,PROVEUSDT,Fresh_2026-10-01,False,3,3,False,False,,
fresh,T0075,0.075,PAPER:MAGMAUSDT:1790868899999:SHORT,MAGMAUSDT,Fresh_2026-10-01,False,1,1,False,True,-4.5419398693630155,HIST_TIME_FALLBACK
fresh,T0075,0.075,PAPER:EULUSDT:1790838899999:SHORT,EULUSDT,Fresh_2026-10-01,True,2,2,False,True,1.2077716951638546,FULL_CLOSE_050
fresh,T0075,0.075,PAPER:AZTECUSDT:1790859899999:SHORT,AZTECUSDT,Fresh_2026-10-01,True,2,2,False,True,0.49238976037290116,FULL_CLOSE_050
fresh,T0075,0.075,PAPER:ONEUSDT:1790868599999:SHORT,ONEUSDT,Fresh_2026-10-01,False,0,0,False,True,1.2555759215669453,FULL_CLOSE_050
fresh,T0075,0.075,PAPER:FLUIDUSDT:1790976599999:SHORT,FLUIDUSDT,Fresh_2026-10-02,False,0,0,False,True,-1.5915419791197134,HIST_TIME_FALLBACK
fresh,T0075,0.075,PAPER:QUSDT:1790849999999:SHORT,QUSDT,Fresh_2026-10-01,False,3,3,False,False,,
fresh,T0075,0.075,PAPER:OPGUSDT:1791015599999:SHORT,OPGUSDT,Fresh_2026-10-03,False,1,1,False,True,-0.1794815083110266,BE0.10
fresh,T0075,0.075,PAPER:牛来USDT:1790923199999:SHORT,牛来USDT,Fresh_2026-10-02,False,1,1,False,True,-3.526308574025632,HIST_TIME_FALLBACK
fresh,T0075,0.075,PAPER:FLUIDUSDT:1791014999999:SHORT,FLUIDUSDT,Fresh_2026-10-03,True,2,2,False,True,0.8689808524999739,FULL_CLOSE_050
fresh,T0075,0.075,PAPER:MITOUSDT:1791011099999:SHORT,MITOUSDT,Fresh_2026-10-03,True,1,1,False,True,1.2494498428876812,FULL_CLOSE_050
fresh,T0075,0.075,PAPER:PENGUUSDT:1790951699999:SHORT,PENGUUSDT,Fresh_2026-10-02,False,2,2,False,False,,
fresh,T0075,0.075,PAPER:SYNUSDT:1790923799999:SHORT,SYNUSDT,Fresh_2026-10-02,False,3,3,False,True,-0.10395676283911492,BE0.10
fresh,T0075,0.075,PAPER:AEROUSDT:1790836499999:SHORT,AEROUSDT,Fresh_2026-10-01,True,2,2,False,True,1.5574623930033957,FULL_CLOSE_050
fresh,T0075,0.075,PAPER:DOSUSDT:1790925299999:SHORT,DOSUSDT,Fresh_2026-10-02,False,1,1,False,True,-0.0132219705522153,BE0.10
fresh,T0075,0.075,PAPER:INXUSDT:1790966099999:SHORT,INXUSDT,Fresh_2026-10-02,True,2,2,False,True,9.013623714024925,RUNNER_CLOSE
fresh,T0075,0.075,PAPER:1000000BOBUSDT:1790847599999:SHORT,1000000BOBUSDT,Fresh_2026-10-01,True,2,2,False,False,,
fresh,T0075,0.075,PAPER:MASKUSDT:1790960699999:SHORT,MASKUSDT,Fresh_2026-10-02,True,1,1,False,True,2.9541320517798195,FULL_CLOSE_050
fresh,T0075,0.075,PAPER:CFGUSDT:1790908499999:SHORT,CFGUSDT,Fresh_2026-10-02,False,0,0,False,True,-2.6401805513026693,HIST_TIME_FALLBACK
fresh,T0075,0.075,PAPER:1000000BOBUSDT:1790887499999:SHORT,1000000BOBUSDT,Fresh_2026-10-01,False,3,3,False,False,,
fresh,T0075,0.075,PAPER:PUMPBTCUSDT:1790939399999:SHORT,PUMPBTCUSDT,Fresh_2026-10-02,False,2,2,False,True,-0.9501900380075656,BE0.10
fresh,T0075,0.075,PAPER:ZENUSDT:1790839499999:SHORT,ZENUSDT,Fresh_2026-10-01,False,1,2,True,True,-6.499804118251591,HIST_TIME_FALLBACK
fresh,T0075,0.075,PAPER:BEAMXUSDT:1790964599999:SHORT,BEAMXUSDT,Fresh_2026-10-02,True,0,0,False,True,1.6180595377471785,FULL_CLOSE_050
fresh,T0075,0.075,PAPER:JTOUSDT:1790890499999:SHORT,JTOUSDT,Fresh_2026-10-01,False,3,3,False,True,-0.009789530703486371,BE0.10
fresh,T0075,0.075,PAPER:PEOPLEUSDT:1790962799999:SHORT,PEOPLEUSDT,Fresh_2026-10-02,False,2,2,False,True,-0.021884351234800203,BE0.10
fresh,T0075,0.075,PAPER:THEUSDT:1790994599999:SHORT,THEUSDT,Fresh_2026-10-03,False,1,1,False,True,-3.4276036813081294,HIST_TIME_FALLBACK
fresh,T0075,0.075,PAPER:BLUAIUSDT:1790881799999:SHORT,BLUAIUSDT,Fresh_2026-10-01,False,0,0,False,True,-0.01309299686158999,BE0.10
fresh,T0075,0.075,PAPER:ONEUSDT:1790866499999:SHORT,ONEUSDT,Fresh_2026-10-01,False,3,3,False,False,,
fresh,T0075,0.075,PAPER:PROMPTUSDT:1790951399999:SHORT,PROMPTUSDT,Fresh_2026-10-02,False,3,3,False,True,-0.7039651535816007,BE0.10
fresh,T0075,0.075,PAPER:PLAYUSDT:1790975099999:SHORT,PLAYUSDT,Fresh_2026-10-02,False,0,0,False,True,-3.0412817701715165,HIST_TIME_FALLBACK
fresh,T0075,0.075,PAPER:DUSKUSDT:1790863199999:SHORT,DUSKUSDT,Fresh_2026-10-01,True,1,1,False,True,-0.021909667051607074,BE0.10
fresh,T0075,0.075,PAPER:ATUSDT:1790879699999:SHORT,ATUSDT,Fresh_2026-10-01,False,0,0,False,True,0.9689480707643556,FULL_CLOSE_050
fresh,T0075,0.075,PAPER:REZUSDT:1790834099999:SHORT,REZUSDT,Fresh_2026-10-01,False,1,1,False,True,-0.21109990295886222,BE0.10
fresh,T0075,0.075,PAPER:APRUSDT:1790935799999:SHORT,APRUSDT,Fresh_2026-10-02,False,3,3,False,True,-0.9501900380075226,BE0.10
fresh,T0075,0.075,PAPER:MIRAUSDT:1790976599999:SHORT,MIRAUSDT,Fresh_2026-10-02,False,2,2,False,True,-2.5342887406594916,HIST_TIME_FALLBACK
fresh,T0075,0.075,PAPER:4USDT:1790962799999:SHORT,4USDT,Fresh_2026-10-02,False,0,0,False,True,-0.9501900380076589,BE0.10
fresh,T0075,0.075,PAPER:SOMIUSDT:1791046799999:SHORT,SOMIUSDT,Fresh_2026-10-03,False,1,1,False,True,-3.373109641289278,HIST_TIME_FALLBACK
fresh,T0075,0.075,PAPER:FIGHTUSDT:1791022799999:SHORT,FIGHTUSDT,Fresh_2026-10-03,False,1,1,False,True,1.115457238628037,FULL_CLOSE_050
fresh,T0075,0.075,PAPER:MINAUSDT:1790966099999:SHORT,MINAUSDT,Fresh_2026-10-02,False,1,1,False,True,-1.0135981309885347,HIST_TIME_FALLBACK
fresh,T0075,0.075,PAPER:MELANIAUSDT:1790839499999:SHORT,MELANIAUSDT,Fresh_2026-10-01,False,1,1,False,True,-0.19087992797645648,BE0.10
fresh,T0075,0.075,PAPER:FARTCOINUSDT:1790839499999:SHORT,FARTCOINUSDT,Fresh_2026-10-01,False,1,1,False,True,-0.09499324409303361,BE0.10
fresh,T0075,0.075,PAPER:TLMUSDT:1790912699999:SHORT,TLMUSDT,Fresh_2026-10-02,False,1,1,False,True,-3.410018981683281,HIST_TIME_FALLBACK
fresh,T0075,0.075,PAPER:MARSCOINUSDT:1790890199999:SHORT,MARSCOINUSDT,Fresh_2026-10-01,True,2,2,False,True,1.5982796272881417,FULL_CLOSE_050
fresh,T0075,0.075,PAPER:POWERUSDT:1790987699999:SHORT,POWERUSDT,Fresh_2026-10-03,False,2,2,False,True,-2.896438832867651,HIST_TIME_FALLBACK
fresh,T0075,0.075,PAPER:ROBOUSDT:1790859899999:SHORT,ROBOUSDT,Fresh_2026-10-01,False,0,0,False,True,0.7000578412386667,FULL_CLOSE_050
fresh,T0075,0.075,PAPER:1000000BOBUSDT:1790958299999:SHORT,1000000BOBUSDT,Fresh_2026-10-02,True,0,0,False,True,-0.06578157504290699,BE0.10
fresh,T0075,0.075,PAPER:HEIUSDT:1790867999999:SHORT,HEIUSDT,Fresh_2026-10-01,False,0,0,False,True,-3.3788567282189135,HIST_TIME_FALLBACK
fresh,T0075,0.075,PAPER:XNYUSDT:1790923199999:SHORT,XNYUSDT,Fresh_2026-10-02,True,1,1,False,True,3.757186604421646,FULL_CLOSE_050
fresh,T0075,0.075,PAPER:1000000BOBUSDT:1791059999999:SHORT,1000000BOBUSDT,Fresh_2026-10-03,True,2,2,False,False,,
fresh,T0075,0.075,PAPER:ELSAUSDT:1790993099999:SHORT,ELSAUSDT,Fresh_2026-10-03,False,3,3,False,True,-0.8564142436955655,HIST_TIME_FALLBACK
fresh,T0075,0.075,PAPER:CAPUSDT:1791023099999:SHORT,CAPUSDT,Fresh_2026-10-03,False,1,1,False,True,-3.936151972618627,HIST_TIME_FALLBACK
fresh,T0075,0.075,PAPER:BTWUSDT:1790927399999:SHORT,BTWUSDT,Fresh_2026-10-02,False,0,0,False,True,-0.015829157881316946,BE0.10
fresh,T0075,0.075,PAPER:INITUSDT:1790840999999:SHORT,INITUSDT,Fresh_2026-10-01,False,3,3,False,False,,
fresh,T0075,0.075,PAPER:AVAAIUSDT:1791031199999:SHORT,AVAAIUSDT,Fresh_2026-10-03,True,2,2,False,True,6.493696964337852,RUNNER_CLOSE
fresh,T0075,0.075,PAPER:FLOCKUSDT:1790884199999:SHORT,FLOCKUSDT,Fresh_2026-10-01,False,2,2,False,False,,
fresh,T0075,0.075,PAPER:XPINUSDT:1790854199999:SHORT,XPINUSDT,Fresh_2026-10-01,False,0,0,False,True,-0.9501900380075736,HIST_TIME_FALLBACK
fresh,T0075,0.075,PAPER:BBUSDT:1790839499999:SHORT,BBUSDT,Fresh_2026-10-01,False,1,1,False,True,-0.37709188121963627,BE0.10
fresh,T0075,0.075,PAPER:JASMYUSDT:1790962799999:SHORT,JASMYUSDT,Fresh_2026-10-02,False,3,3,False,True,-0.08960231874448304,BE0.10
fresh,T0075,0.075,PAPER:CVCUSDT:1790899799999:SHORT,CVCUSDT,Fresh_2026-10-02,False,1,2,True,True,-3.237413491183804,HIST_TIME_FALLBACK
fresh,T0075,0.075,PAPER:USTCUSDT:1790858699999:SHORT,USTCUSDT,Fresh_2026-10-01,True,0,0,False,True,0.839100002979316,FULL_CLOSE_050
fresh,T0075,0.075,PAPER:TUSDT:1790988899999:SHORT,TUSDT,Fresh_2026-10-03,False,2,2,False,True,-0.03756434969759309,BE0.10
fresh,T0075,0.075,PAPER:DEXEUSDT:1790942999999:SHORT,DEXEUSDT,Fresh_2026-10-02,False,1,1,False,True,-2.4602207771871236,HIST_TIME_FALLBACK
fresh,T0075,0.075,PAPER:AKEUSDT:1790849399999:SHORT,AKEUSDT,Fresh_2026-10-01,True,1,1,False,True,-0.00012511603124526482,BE0.10
fresh,T0075,0.075,PAPER:VELODROMEUSDT:1790950199999:SHORT,VELODROMEUSDT,Fresh_2026-10-02,False,3,3,False,False,,
fresh,T0075,0.075,PAPER:GRASSUSDT:1790841899999:SHORT,GRASSUSDT,Fresh_2026-10-01,True,0,0,False,True,0.772466193841076,FULL_CLOSE_050
fresh,T0075,0.075,PAPER:METUSDT:1790839499999:SHORT,METUSDT,Fresh_2026-10-01,False,1,1,False,False,,
fresh,T0075,0.075,PAPER:JOEUSDT:1790873399999:SHORT,JOEUSDT,Fresh_2026-10-01,False,2,2,False,False,,
fresh,T0075,0.075,PAPER:SWARMSUSDT:1790830499999:SHORT,SWARMSUSDT,Fresh_2026-10-01,True,0,0,False,True,1.6706224752804157,FULL_CLOSE_050
fresh,T0075,0.075,PAPER:IOSTUSDT:1790914199999:SHORT,IOSTUSDT,Fresh_2026-10-02,False,2,3,True,True,-5.177828027372148,HIST_TIME_FALLBACK
fresh,T0075,0.075,PAPER:VELVETUSDT:1790923499999:SHORT,VELVETUSDT,Fresh_2026-10-02,False,0,0,False,True,-0.1375679762575337,BE0.10
fresh,T0075,0.075,PAPER:TAUSDT:1790890499999:SHORT,TAUSDT,Fresh_2026-10-01,False,0,0,False,True,1.7794565519648466,FULL_CLOSE_050
fresh,T0075,0.075,PAPER:LYNUSDT:1790964599999:SHORT,LYNUSDT,Fresh_2026-10-02,False,0,0,False,True,-0.1575135692220747,BE0.10
fresh,T0075,0.075,PAPER:BRUSDT:1790894099999:SHORT,BRUSDT,Fresh_2026-10-01,False,3,3,False,True,1.8213436222662922,FULL_CLOSE_050
fresh,T0075,0.075,PAPER:TAKEUSDT:1790931899999:SHORT,TAKEUSDT,Fresh_2026-10-02,False,0,0,False,True,-3.0197515472087013,HIST_TIME_FALLBACK
fresh,T0075,0.075,PAPER:MEWUSDT:1791016199999:SHORT,MEWUSDT,Fresh_2026-10-03,False,1,3,True,True,-2.410444384676181,HIST_TIME_FALLBACK
fresh,T0075,0.075,PAPER:ARBUSDT:1790968199999:SHORT,ARBUSDT,Fresh_2026-10-02,True,2,3,True,True,1.2321684436162297,FULL_CLOSE_050
fresh,T0075,0.075,PAPER:CLOUSDT:1790871599999:SHORT,CLOUSDT,Fresh_2026-10-01,False,1,2,True,True,-2.957027997023489,HIST_TIME_FALLBACK
fresh,T0075,0.075,PAPER:NOMUSDT:1791063299999:SHORT,NOMUSDT,Fresh_2026-10-03,False,1,1,False,True,-2.82812947541569,HIST_TIME_FALLBACK
fresh,T0075,0.075,PAPER:COTIUSDT:1790938799999:SHORT,COTIUSDT,Fresh_2026-10-02,False,2,2,False,True,-0.01902062103770885,BE0.10
fresh,T0075,0.075,PAPER:AGLDUSDT:1791015899999:SHORT,AGLDUSDT,Fresh_2026-10-03,False,1,1,False,True,-0.006598727851094499,BE0.10
fresh,T0075,0.075,PAPER:AZTECUSDT:1790936399999:SHORT,AZTECUSDT,Fresh_2026-10-02,False,2,3,True,True,-0.09838880708647002,BE0.10
fresh,T0075,0.075,PAPER:VTHOUSDT:1790965499999:SHORT,VTHOUSDT,Fresh_2026-10-02,True,2,2,False,True,0.9123460166062667,FULL_CLOSE_050
fresh,T0075,0.075,PAPER:WUSDT:1790966099999:SHORT,WUSDT,Fresh_2026-10-02,True,2,2,False,False,,
fresh,T0075,0.075,PAPER:PONSUSDT:1790995499999:SHORT,PONSUSDT,Fresh_2026-10-03,True,1,1,False,True,-0.9501900380075758,BE0.10
fresh,T0075,0.075,PAPER:BTWUSDT:1790987099999:SHORT,BTWUSDT,Fresh_2026-10-03,False,0,0,False,True,-0.7274977313249941,HIST_TIME_FALLBACK
fresh,T0075,0.075,PAPER:STARUSDT:1790836499999:SHORT,STARUSDT,Fresh_2026-10-01,False,3,3,False,True,-0.25145303348783643,BE0.10
fresh,T0075,0.075,PAPER:RIVERUSDT:1790882699999:SHORT,RIVERUSDT,Fresh_2026-10-01,False,0,0,False,True,1.147778067767912,FULL_CLOSE_050
fresh,T0075,0.075,PAPER:1000XECUSDT:1790879399999:SHORT,1000XECUSDT,Fresh_2026-10-01,False,3,3,False,True,-3.122556020813501,HIST_TIME_FALLBACK
fresh,T0075,0.075,PAPER:OPUSDT:1790839499999:SHORT,OPUSDT,Fresh_2026-10-01,False,2,2,False,True,-3.4045629053432203,HIST_TIME_FALLBACK
fresh,T0075,0.075,PAPER:ARUSDT:1791001199999:SHORT,ARUSDT,Fresh_2026-10-03,False,1,2,True,True,0.9163219733204049,FULL_CLOSE_050
fresh,T0075,0.075,PAPER:ROSEUSDT:1790834099999:SHORT,ROSEUSDT,Fresh_2026-10-01,False,0,0,False,True,-2.681704308391275,HIST_TIME_FALLBACK
fresh,T0075,0.075,PAPER:HEIUSDT:1790848199999:SHORT,HEIUSDT,Fresh_2026-10-01,False,0,0,False,True,-13.547810194624825,HIST_TIME_FALLBACK
fresh,T0075,0.075,PAPER:PUMPBTCUSDT:1790871899999:SHORT,PUMPBTCUSDT,Fresh_2026-10-01,True,2,2,False,False,,
fresh,T0075,0.075,PAPER:REZUSDT:1790829899999:SHORT,REZUSDT,Fresh_2026-10-01,False,1,1,False,True,-1.7841345445265666,HIST_TIME_FALLBACK
fresh,T0075,0.075,PAPER:AVAAIUSDT:1790882699999:SHORT,AVAAIUSDT,Fresh_2026-10-01,False,2,3,True,True,-4.075582729135412,HIST_TIME_FALLBACK
fresh,T0075,0.075,PAPER:SQDUSDT:1790927399999:SHORT,SQDUSDT,Fresh_2026-10-02,False,3,3,False,False,,
fresh,T0075,0.075,PAPER:COTIUSDT:1790936399999:SHORT,COTIUSDT,Fresh_2026-10-02,False,0,0,False,True,-2.505100617723195,HIST_TIME_FALLBACK
fresh,T0075,0.075,PAPER:FFUSDT:1790953499999:SHORT,FFUSDT,Fresh_2026-10-02,False,0,0,False,True,-0.08979954292673226,BE0.10
fresh,T0075,0.075,PAPER:JCTUSDT:1790863799999:SHORT,JCTUSDT,Fresh_2026-10-01,True,1,1,False,False,,
fresh,T0075,0.075,PAPER:ETCUSDT:1790966399999:SHORT,ETCUSDT,Fresh_2026-10-02,False,2,2,False,False,,
fresh,T0075,0.075,PAPER:SPORTFUNUSDT:1790979599999:SHORT,SPORTFUNUSDT,Fresh_2026-10-02,False,2,2,False,True,-1.531240751922931,HIST_TIME_FALLBACK
fresh,T0075,0.075,PAPER:NILUSDT:1790903699999:SHORT,NILUSDT,Fresh_2026-10-02,False,3,3,False,False,,
fresh,T0075,0.075,PAPER:NAORISUSDT:1790922599999:SHORT,NAORISUSDT,Fresh_2026-10-02,False,1,2,True,False,,NO_EXECUTABLE_ENTRY
fresh,T0075,0.075,PAPER:ARXUSDT:1790960699999:SHORT,ARXUSDT,Fresh_2026-10-02,True,1,1,False,True,4.378987829504217,FULL_CLOSE_050
fresh,T0075,0.075,PAPER:USUALUSDT:1790926499999:SHORT,USUALUSDT,Fresh_2026-10-02,False,1,1,False,True,-2.51032555998081,HIST_TIME_FALLBACK
fresh,T0075,0.075,PAPER:HUMAUSDT:1790840099999:SHORT,HUMAUSDT,Fresh_2026-10-01,True,0,0,False,True,2.1978805904836394,FULL_CLOSE_050
fresh,T0075,0.075,PAPER:CTKUSDT:1790966699999:SHORT,CTKUSDT,Fresh_2026-10-02,False,3,3,False,True,-0.13225672095204227,BE0.10
fresh,T0075,0.075,PAPER:BSVUSDT:1790923199999:SHORT,BSVUSDT,Fresh_2026-10-02,False,3,3,False,True,-3.6882940113631597,HIST_TIME_FALLBACK
fresh,T0075,0.075,PAPER:HANAUSDT:1791018899999:SHORT,HANAUSDT,Fresh_2026-10-03,False,2,2,False,False,,
fresh,T0075,0.075,PAPER:ONDOUSDT:1790966099999:SHORT,ONDOUSDT,Fresh_2026-10-02,False,2,2,False,False,,
fresh,T0075,0.075,PAPER:OPENUSDT:1790964299999:SHORT,OPENUSDT,Fresh_2026-10-02,True,2,2,False,True,2.1090930179925236,FULL_CLOSE_050
fresh,T0075,0.075,PAPER:BRUSDT:1790897099999:SHORT,BRUSDT,Fresh_2026-10-01,False,1,1,False,False,,
fresh,T0075,0.075,PAPER:NEIROUSDT:1790859899999:SHORT,NEIROUSDT,Fresh_2026-10-01,False,0,0,False,True,1.1189957547984062,FULL_CLOSE_050
fresh,T0075,0.075,PAPER:STRKUSDT:1790968799999:SHORT,STRKUSDT,Fresh_2026-10-02,False,1,3,True,True,-1.0720437843654271,HIST_TIME_FALLBACK
fresh,T0075,0.075,PAPER:NILUSDT:1790842199999:SHORT,NILUSDT,Fresh_2026-10-01,False,1,2,True,False,,NO_EXECUTABLE_ENTRY
fresh,T0075,0.075,PAPER:ILVUSDT:1790965499999:SHORT,ILVUSDT,Fresh_2026-10-02,True,3,3,False,False,,
fresh,T0075,0.075,PAPER:TWTUSDT:1790849099999:SHORT,TWTUSDT,Fresh_2026-10-01,False,2,2,False,False,,
fresh,T0075,0.075,PAPER:INITUSDT:1790991299999:SHORT,INITUSDT,Fresh_2026-10-03,False,2,2,False,True,-2.646575883942646,HIST_TIME_FALLBACK
fresh,T0075,0.075,PAPER:MIRAUSDT:1791016199999:SHORT,MIRAUSDT,Fresh_2026-10-03,False,0,0,False,True,1.9107845668962566,FULL_CLOSE_050
fresh,T0075,0.075,PAPER:MELANIAUSDT:1791036599999:SHORT,MELANIAUSDT,Fresh_2026-10-03,False,2,3,True,True,-3.257431167431875,HIST_TIME_FALLBACK
fresh,T0075,0.075,PAPER:LABUSDT:1791054899999:SHORT,LABUSDT,Fresh_2026-10-03,True,1,1,False,True,1.2673040627000618,FULL_CLOSE_050
fresh,T0075,0.075,PAPER:TRUTHUSDT:1791031799999:SHORT,TRUTHUSDT,Fresh_2026-10-03,False,3,3,False,True,-0.15060469382574337,BE0.10
fresh,T0075,0.075,PAPER:UAIUSDT:1791014699999:SHORT,UAIUSDT,Fresh_2026-10-03,True,1,1,False,True,1.1348159600681993,FULL_CLOSE_050
fresh,T0075,0.075,PAPER:STXUSDT:1790880599999:SHORT,STXUSDT,Fresh_2026-10-01,False,2,2,False,True,-1.6091884451139509,HIST_TIME_FALLBACK
fresh,T0075,0.075,PAPER:NOMUSDT:1790903399999:SHORT,NOMUSDT,Fresh_2026-10-02,False,0,0,False,True,-0.215131021799066,BE0.10
fresh,T0075,0.075,PAPER:ATUSDT:1791041099999:SHORT,ATUSDT,Fresh_2026-10-03,False,0,0,False,True,3.183689159003061,FULL_CLOSE_050
fresh,T0075,0.075,PAPER:GRASSUSDT:1790888999999:SHORT,GRASSUSDT,Fresh_2026-10-01,True,1,1,False,True,-0.012107657945023498,BE0.10
fresh,T0075,0.075,PAPER:VELODROMEUSDT:1790838899999:SHORT,VELODROMEUSDT,Fresh_2026-10-01,True,0,0,False,True,5.341956205486936,RUNNER_CLOSE
fresh,T0075,0.075,PAPER:NILUSDT:1790942699999:SHORT,NILUSDT,Fresh_2026-10-02,False,2,2,False,True,-0.8266064828815396,HIST_TIME_FALLBACK
fresh,T0075,0.075,PAPER:STRKUSDT:1790842199999:SHORT,STRKUSDT,Fresh_2026-10-01,False,2,2,False,True,-0.14540677428081095,BE0.10
fresh,T0075,0.075,PAPER:1000CHEEMSUSDT:1790966699999:SHORT,1000CHEEMSUSDT,Fresh_2026-10-02,False,2,2,False,False,,
fresh,T0075,0.075,PAPER:TAOUSDT:1790965799999:SHORT,TAOUSDT,Fresh_2026-10-02,True,1,1,False,True,2.1839407285295747,FULL_CLOSE_050
fresh,T0075,0.075,PAPER:CFGUSDT:1790966399999:SHORT,CFGUSDT,Fresh_2026-10-02,False,0,0,False,True,-4.116161022084911,HIST_TIME_FALLBACK
fresh,T0075,0.075,PAPER:EDENUSDT:1790965799999:SHORT,EDENUSDT,Fresh_2026-10-02,True,1,1,False,True,1.6146700305047748,FULL_CLOSE_050
fresh,T0075,0.075,PAPER:POWERUSDT:1790890799999:SHORT,POWERUSDT,Fresh_2026-10-01,False,0,0,False,True,-2.750373633134391,HIST_TIME_FALLBACK
fresh,T0075,0.075,PAPER:FHEUSDT:1791005699999:SHORT,FHEUSDT,Fresh_2026-10-03,False,0,0,False,True,-0.25910602046775105,BE0.10
fresh,T0075,0.075,PAPER:MYXUSDT:1790966399999:SHORT,MYXUSDT,Fresh_2026-10-02,False,0,0,False,True,-6.085046911199443,HIST_TIME_FALLBACK
fresh,T0075,0.075,PAPER:ROBOUSDT:1790965499999:SHORT,ROBOUSDT,Fresh_2026-10-02,True,2,2,False,True,13.584513505488648,RUNNER_CLOSE
fresh,T0075,0.075,PAPER:CROSSUSDT:1791017099999:SHORT,CROSSUSDT,Fresh_2026-10-03,False,2,2,False,False,,
fresh,T0075,0.075,PAPER:MOVEUSDT:1790960699999:SHORT,MOVEUSDT,Fresh_2026-10-02,True,2,2,False,True,-0.04598999579138496,BE0.10
fresh,T0075,0.075,PAPER:ZKPUSDT:1790842499999:SHORT,ZKPUSDT,Fresh_2026-10-01,False,1,1,False,True,-0.1265369075460105,BE0.10
fresh,T0075,0.075,PAPER:ZETAUSDT:1790985899999:SHORT,ZETAUSDT,Fresh_2026-10-03,False,0,0,False,True,-0.019945001802336493,BE0.10
fresh,T0075,0.075,PAPER:POWERUSDT:1791033599999:SHORT,POWERUSDT,Fresh_2026-10-03,False,1,1,False,True,-0.1246449018865804,BE0.10
fresh,T0075,0.075,PAPER:COMPUSDT:1790863499999:SHORT,COMPUSDT,Fresh_2026-10-01,False,0,0,False,True,-3.4719794084760855,HIST_TIME_FALLBACK
fresh,T0075,0.075,PAPER:SYNUSDT:1790885099999:SHORT,SYNUSDT,Fresh_2026-10-01,True,0,0,False,True,-1.1636890794484025,HIST_TIME_FALLBACK
fresh,T0075,0.075,PAPER:HYPEUSDT:1790951699999:SHORT,HYPEUSDT,Fresh_2026-10-02,False,2,3,True,True,1.0933603718340255,FULL_CLOSE_050
fresh,T0075,0.075,PAPER:SLPUSDT:1790936099999:SHORT,SLPUSDT,Fresh_2026-10-02,True,0,0,False,True,1.3524279256465195,FULL_CLOSE_050
fresh,T0075,0.075,PAPER:PLAYUSDT:1790882999999:SHORT,PLAYUSDT,Fresh_2026-10-01,False,3,3,False,True,-1.4339933788948558,HIST_TIME_FALLBACK
fresh,T0075,0.075,PAPER:PONSUSDT:1790976599999:SHORT,PONSUSDT,Fresh_2026-10-02,True,2,2,False,True,-5.102012954709281,HIST_TIME_FALLBACK
fresh,T0075,0.075,PAPER:CHILLGUYUSDT:1790864099999:SHORT,CHILLGUYUSDT,Fresh_2026-10-01,False,1,1,False,True,-3.278627234866254,HIST_TIME_FALLBACK
fresh,T0075,0.075,PAPER:AUCTIONUSDT:1790866199999:SHORT,AUCTIONUSDT,Fresh_2026-10-01,False,1,1,False,False,,
fresh,T0075,0.075,PAPER:SPKUSDT:1791003899999:SHORT,SPKUSDT,Fresh_2026-10-03,False,1,1,False,True,-1.7409881265352445,HIST_TIME_FALLBACK
fresh,T0075,0.075,PAPER:ARXUSDT:1790882999999:SHORT,ARXUSDT,Fresh_2026-10-01,False,0,0,False,True,-1.4878647856317206,HIST_TIME_FALLBACK
fresh,T0075,0.075,PAPER:MUSDT:1791058199999:SHORT,MUSDT,Fresh_2026-10-03,False,0,0,False,True,-3.231488780544721,HIST_TIME_FALLBACK
fresh,T0075,0.075,PAPER:ENAUSDT:1790979299999:SHORT,ENAUSDT,Fresh_2026-10-02,False,1,1,False,True,-0.02836086356128542,BE0.10
fresh,T0075,0.075,PAPER:哈基米USDT:1790962799999:SHORT,哈基米USDT,Fresh_2026-10-02,True,2,2,False,False,,
fresh,T0075,0.075,PAPER:KMNOUSDT:1790848799999:SHORT,KMNOUSDT,Fresh_2026-10-01,True,1,1,False,True,-0.11847241867074537,BE0.10
fresh,T0075,0.075,PAPER:WLDUSDT:1791012599999:SHORT,WLDUSDT,Fresh_2026-10-03,True,2,2,False,True,-1.6752672642078732,HIST_TIME_FALLBACK
fresh,T0075,0.075,PAPER:哈基米USDT:1791001499999:SHORT,哈基米USDT,Fresh_2026-10-03,False,2,2,False,True,-0.1293058300081783,BE0.10
fresh,T0075,0.075,PAPER:MAGICUSDT:1790990699999:SHORT,MAGICUSDT,Fresh_2026-10-03,False,2,2,False,True,1.5449423977268113,FULL_CLOSE_050
fresh,T0075,0.075,PAPER:FLOCKUSDT:1790882999999:SHORT,FLOCKUSDT,Fresh_2026-10-01,True,0,0,False,True,4.057985172958385,FULL_CLOSE_050
fresh,T0075,0.075,PAPER:USUSDT:1790957999999:SHORT,USUSDT,Fresh_2026-10-02,True,1,1,False,True,-0.16374040715446286,BE0.10
fresh,T0075,0.075,PAPER:MOVRUSDT:1791008699999:SHORT,MOVRUSDT,Fresh_2026-10-03,False,2,2,False,False,,
fresh,T0075,0.075,PAPER:XANUSDT:1790961899999:SHORT,XANUSDT,Fresh_2026-10-02,False,0,0,False,True,1.8617943446994034,FULL_CLOSE_050
fresh,T0075,0.075,PAPER:LISTAUSDT:1790946599999:SHORT,LISTAUSDT,Fresh_2026-10-02,False,1,1,False,True,-1.2358738583694429,HIST_TIME_FALLBACK
fresh,T0075,0.075,PAPER:BERAUSDT:1790839499999:SHORT,BERAUSDT,Fresh_2026-10-01,False,2,2,False,True,-3.622665385233037,HIST_TIME_FALLBACK
fresh,T0075,0.075,PAPER:LPTUSDT:1790997599999:SHORT,LPTUSDT,Fresh_2026-10-03,False,2,2,False,False,,
fresh,T0075,0.075,PAPER:PROMPTUSDT:1790903399999:SHORT,PROMPTUSDT,Fresh_2026-10-02,False,3,3,False,True,-1.9660706875012948,HIST_TIME_FALLBACK
fresh,T0075,0.075,PAPER:JUPUSDT:1790966399999:SHORT,JUPUSDT,Fresh_2026-10-02,True,2,2,False,False,,
fresh,T0075,0.075,PAPER:JTOUSDT:1790842199999:SHORT,JTOUSDT,Fresh_2026-10-01,False,2,2,False,True,-4.33372493124235,HIST_TIME_FALLBACK
fresh,T0075,0.075,PAPER:FETUSDT:1790919599999:SHORT,FETUSDT,Fresh_2026-10-02,False,0,0,False,True,-2.864842273597039,HIST_TIME_FALLBACK
fresh,T0075,0.075,PAPER:DATAIPUSDT:1790897699999:SHORT,DATAIPUSDT,Fresh_2026-10-01,True,2,2,False,True,1.8320713239452235,FULL_CLOSE_050
fresh,T0075,0.075,PAPER:CCUSDT:1790919299999:SHORT,CCUSDT,Fresh_2026-10-02,False,0,0,False,True,1.0499439103670498,FULL_CLOSE_050
fresh,T0075,0.075,PAPER:LITUSDT:1790861099999:SHORT,LITUSDT,Fresh_2026-10-01,False,0,0,False,True,-0.004070138652935373,BE0.10
fresh,T0075,0.075,PAPER:EDUUSDT:1790965799999:SHORT,EDUUSDT,Fresh_2026-10-02,True,3,3,False,True,11.519654553686552,RUNNER_CLOSE
fresh,T0075,0.075,PAPER:DOODUSDT:1790966399999:SHORT,DOODUSDT,Fresh_2026-10-02,False,2,2,False,False,,
fresh,T0075,0.075,PAPER:TRIAUSDT:1790903399999:SHORT,TRIAUSDT,Fresh_2026-10-02,False,3,3,False,True,2.420686662585104,FULL_CLOSE_050
fresh,T0075,0.075,PAPER:ARKUSDT:1790991299999:SHORT,ARKUSDT,Fresh_2026-10-03,True,0,0,False,True,2.9340015432766298,FULL_CLOSE_050
fresh,T0075,0.075,PAPER:USELESSUSDT:1791001199999:SHORT,USELESSUSDT,Fresh_2026-10-03,True,2,2,False,True,1.4376163836711018,FULL_CLOSE_050
fresh,T0075,0.075,PAPER:APRUSDT:1790852999999:SHORT,APRUSDT,Fresh_2026-10-01,False,2,2,False,False,,
fresh,T0075,0.075,PAPER:HUMAUSDT:1790855099999:SHORT,HUMAUSDT,Fresh_2026-10-01,True,0,0,False,True,1.5340909942761574,FULL_CLOSE_050
fresh,T0075,0.075,PAPER:币安人生USDT:1790965499999:SHORT,币安人生USDT,Fresh_2026-10-02,True,1,1,False,True,7.966689882816838,RUNNER_CLOSE
fresh,T0075,0.075,PAPER:ZENUSDT:1790965199999:SHORT,ZENUSDT,Fresh_2026-10-02,True,1,3,True,True,0.9998215232427969,FULL_CLOSE_050
fresh,T0075,0.075,PAPER:BRUSDT:1791032999999:SHORT,BRUSDT,Fresh_2026-10-03,False,3,3,False,False,,
fresh,T0075,0.075,PAPER:ZKUSDT:1790924699999:SHORT,ZKUSDT,Fresh_2026-10-02,False,2,2,False,False,,
fresh,T0075,0.075,PAPER:ONUSDT:1791040499999:SHORT,ONUSDT,Fresh_2026-10-03,True,2,2,False,True,0.991905752634519,FULL_CLOSE_050
fresh,T0075,0.075,PAPER:NEOUSDT:1790873699999:SHORT,NEOUSDT,Fresh_2026-10-01,False,1,2,True,True,-0.14990995801085288,BE0.10
fresh,T0075,0.075,PAPER:AEROUSDT:1790961299999:SHORT,AEROUSDT,Fresh_2026-10-02,False,1,1,False,True,-0.1108404352094638,BE0.10
fresh,T0075,0.075,PAPER:ARKUSDT:1790924699999:SHORT,ARKUSDT,Fresh_2026-10-02,True,1,2,True,True,1.1173531975785365,FULL_CLOSE_050
fresh,T0075,0.075,PAPER:MITOUSDT:1790864099999:SHORT,MITOUSDT,Fresh_2026-10-01,False,2,2,False,True,-3.5438438724014416,HIST_TIME_FALLBACK
fresh,T0075,0.075,PAPER:VIRTUALUSDT:1790966099999:SHORT,VIRTUALUSDT,Fresh_2026-10-02,False,2,2,False,False,,
fresh,T0075,0.075,PAPER:KMNOUSDT:1790847899999:SHORT,KMNOUSDT,Fresh_2026-10-01,False,3,3,False,False,,
fresh,T0075,0.075,PAPER:PUMPBTCUSDT:1790872199999:SHORT,PUMPBTCUSDT,Fresh_2026-10-01,False,0,0,False,True,-1.5674220849102916,HIST_TIME_FALLBACK
fresh,T0075,0.075,PAPER:JASMYUSDT:1790996099999:SHORT,JASMYUSDT,Fresh_2026-10-03,False,3,3,False,True,-0.08762509250839112,BE0.10
fresh,T0075,0.075,PAPER:LDOUSDT:1791031199999:SHORT,LDOUSDT,Fresh_2026-10-03,False,0,0,False,True,-0.07160260485622721,BE0.10
fresh,T0075,0.075,PAPER:STABLEUSDT:1790874899999:SHORT,STABLEUSDT,Fresh_2026-10-01,False,1,1,False,True,-8.280041034992687,HIST_TIME_FALLBACK
fresh,T0075,0.075,PAPER:BRUSDT:1790986199999:SHORT,BRUSDT,Fresh_2026-10-03,False,0,0,False,True,-0.17396148729083744,BE0.10
fresh,T0075,0.075,PAPER:TRADOORUSDT:1791033899999:SHORT,TRADOORUSDT,Fresh_2026-10-03,False,3,3,False,True,-5.869136992138272,HIST_TIME_FALLBACK
fresh,T0075,0.075,PAPER:SKYUSDT:1790867399999:SHORT,SKYUSDT,Fresh_2026-10-01,False,2,2,False,True,-4.884232601368719,HIST_TIME_FALLBACK
fresh,T0075,0.075,PAPER:WAXPUSDT:1790968499999:SHORT,WAXPUSDT,Fresh_2026-10-02,False,2,2,False,True,-2.650073445316445,HIST_TIME_FALLBACK
fresh,T0075,0.075,PAPER:ZROUSDT:1791044699999:SHORT,ZROUSDT,Fresh_2026-10-03,False,0,0,False,True,-0.16285132671650498,BE0.10
fresh,T0075,0.075,PAPER:ARXUSDT:1790923199999:SHORT,ARXUSDT,Fresh_2026-10-02,False,1,2,True,True,-0.06012035444067315,BE0.10
fresh,T0075,0.075,PAPER:PENGUUSDT:1790839199999:SHORT,PENGUUSDT,Fresh_2026-10-01,True,1,1,False,True,2.090470541858818,FULL_CLOSE_050
fresh,T0075,0.075,PAPER:KAITOUSDT:1790859899999:SHORT,KAITOUSDT,Fresh_2026-10-01,False,2,2,False,True,-0.055506945893124715,BE0.10
fresh,T0075,0.075,PAPER:SPACEUSDT:1790891099999:SHORT,SPACEUSDT,Fresh_2026-10-01,False,2,2,False,True,-2.650256721155524,HIST_TIME_FALLBACK
fresh,T0075,0.075,PAPER:OUSDT:1790971799999:SHORT,OUSDT,Fresh_2026-10-02,False,2,2,False,True,-0.3605843960311649,BE0.10
fresh,T0075,0.075,PAPER:KOMAUSDT:1790992499999:SHORT,KOMAUSDT,Fresh_2026-10-03,False,2,2,False,True,-1.1280503664307835,HIST_TIME_FALLBACK
fresh,T0075,0.075,PAPER:BTWUSDT:1791052199999:SHORT,BTWUSDT,Fresh_2026-10-03,False,1,2,True,True,-3.480765530753359,HIST_TIME_FALLBACK
fresh,T0075,0.075,PAPER:RIVERUSDT:1791034799999:SHORT,RIVERUSDT,Fresh_2026-10-03,True,0,0,False,True,1.1762976002167467,FULL_CLOSE_050
fresh,T0075,0.075,PAPER:1000PEPEUSDT:1790839499999:SHORT,1000PEPEUSDT,Fresh_2026-10-01,False,1,1,False,True,-1.9153840345033457,HIST_TIME_FALLBACK
fresh,T0075,0.075,PAPER:ERAUSDT:1790860199999:SHORT,ERAUSDT,Fresh_2026-10-01,False,2,2,False,False,,
fresh,T0075,0.075,PAPER:XPINUSDT:1790860199999:SHORT,XPINUSDT,Fresh_2026-10-01,False,1,1,False,True,-0.38900708953446006,BE0.10
fresh,T0075,0.075,PAPER:BLUAIUSDT:1790885399999:SHORT,BLUAIUSDT,Fresh_2026-10-01,True,3,3,False,False,,
fresh,T0075,0.075,PAPER:CHRUSDT:1790945099999:SHORT,CHRUSDT,Fresh_2026-10-02,False,3,3,False,False,,
fresh,T0075,0.075,PAPER:牛来USDT:1790951999999:SHORT,牛来USDT,Fresh_2026-10-02,False,2,2,False,True,1.618442915799946,FULL_CLOSE_050
fresh,T0075,0.075,PAPER:BIOUSDT:1790864099999:SHORT,BIOUSDT,Fresh_2026-10-01,False,0,0,False,True,-0.11029877955449291,BE0.10
fresh,T0075,0.075,PAPER:龙虾USDT:1791041099999:SHORT,龙虾USDT,Fresh_2026-10-03,False,0,0,False,True,0.9025811857341735,FULL_CLOSE_050
fresh,T0075,0.075,PAPER:SOONUSDT:1790869199999:SHORT,SOONUSDT,Fresh_2026-10-01,False,0,0,False,True,-1.5512649539993615,HIST_TIME_FALLBACK
fresh,T0075,0.075,PAPER:PHAUSDT:1790861999999:SHORT,PHAUSDT,Fresh_2026-10-01,True,2,2,False,True,1.8326686455935544,FULL_CLOSE_050
fresh,T0075,0.075,PAPER:LSKUSDT:1790917499999:SHORT,LSKUSDT,Fresh_2026-10-02,False,2,2,False,True,-2.768637137163076,HIST_TIME_FALLBACK
fresh,T0075,0.075,PAPER:PENGUUSDT:1790864099999:SHORT,PENGUUSDT,Fresh_2026-10-01,False,1,1,False,False,,
fresh,T0075,0.075,PAPER:PENDLEUSDT:1790849999999:SHORT,PENDLEUSDT,Fresh_2026-10-01,True,2,2,False,True,2.74501104965327,FULL_CLOSE_050
fresh,T0075,0.075,PAPER:PROMPTUSDT:1790867699999:SHORT,PROMPTUSDT,Fresh_2026-10-01,False,0,0,False,True,-0.2510626776193837,BE0.10
fresh,T0075,0.075,PAPER:GRAMUSDT:1790880599999:SHORT,GRAMUSDT,Fresh_2026-10-01,False,0,0,False,True,-0.3009355762202893,BE0.10
fresh,T0075,0.075,PAPER:SOONUSDT:1790924999999:SHORT,SOONUSDT,Fresh_2026-10-02,False,0,0,False,True,-5.314946303909512,HIST_TIME_FALLBACK
fresh,T0075,0.075,PAPER:ELSAUSDT:1790968199999:SHORT,ELSAUSDT,Fresh_2026-10-02,True,3,3,False,True,5.349849370207195,RUNNER_CLOSE
fresh,T0075,0.075,PAPER:XPLUSDT:1790965199999:SHORT,XPLUSDT,Fresh_2026-10-02,False,2,2,False,True,-1.3211827675222412,HIST_TIME_FALLBACK
fresh,T0075,0.075,PAPER:PHAUSDT:1790975399999:SHORT,PHAUSDT,Fresh_2026-10-02,True,1,1,False,True,5.18633777375308,RUNNER_CLOSE
fresh,T0075,0.075,PAPER:GRASSUSDT:1790859899999:SHORT,GRASSUSDT,Fresh_2026-10-01,False,3,3,False,True,-2.0742361234222306,HIST_TIME_FALLBACK
fresh,T0075,0.075,PAPER:TAUSDT:1790890799999:SHORT,TAUSDT,Fresh_2026-10-01,True,0,0,False,True,2.94574644314652,FULL_CLOSE_050
fresh,T0075,0.075,PAPER:BRUSDT:1791032399999:SHORT,BRUSDT,Fresh_2026-10-03,False,2,2,False,False,,
fresh,T0075,0.075,PAPER:ILVUSDT:1790965799999:SHORT,ILVUSDT,Fresh_2026-10-02,False,1,1,False,False,,
fresh,T0075,0.075,PAPER:XPLUSDT:1790976599999:SHORT,XPLUSDT,Fresh_2026-10-02,False,1,1,False,True,-0.06529300556826434,BE0.10
fresh,T0075,0.075,PAPER:MONUSDT:1791000299999:SHORT,MONUSDT,Fresh_2026-10-03,False,1,1,False,True,-0.00033199239466602526,BE0.10
fresh,T0075,0.075,PAPER:DATAIPUSDT:1790982899999:SHORT,DATAIPUSDT,Fresh_2026-10-02,False,1,1,False,True,1.1579881137669492,FULL_CLOSE_050
fresh,T0075,0.075,PAPER:TNSRUSDT:1791012899999:SHORT,TNSRUSDT,Fresh_2026-10-03,True,1,1,False,True,1.3309120938112318,FULL_CLOSE_050
fresh,T0075,0.075,PAPER:EPICUSDT:1790990699999:SHORT,EPICUSDT,Fresh_2026-10-03,False,3,3,False,True,0.2940695165801051,FULL_CLOSE_050
fresh,T0075,0.075,PAPER:ALLOUSDT:1790929499999:SHORT,ALLOUSDT,Fresh_2026-10-02,True,2,2,False,True,4.404947391172128,FULL_CLOSE_050
fresh,T0075,0.075,PAPER:AWEUSDT:1790860799999:SHORT,AWEUSDT,Fresh_2026-10-01,False,0,0,False,True,-0.04750208260544464,BE0.10
fresh,T0075,0.075,PAPER:PUMPBTCUSDT:1790931899999:SHORT,PUMPBTCUSDT,Fresh_2026-10-02,True,0,0,False,True,1.5811636410721557,FULL_CLOSE_050
fresh,T0075,0.075,PAPER:JASMYUSDT:1790950199999:SHORT,JASMYUSDT,Fresh_2026-10-02,False,2,2,False,True,-3.1420901585900505,HIST_TIME_FALLBACK
fresh,T0075,0.075,PAPER:COMPUSDT:1790913899999:SHORT,COMPUSDT,Fresh_2026-10-02,False,0,0,False,True,-0.12176605780390604,BE0.10
fresh,T0075,0.075,PAPER:GENIUSUSDT:1790864099999:SHORT,GENIUSUSDT,Fresh_2026-10-01,False,0,0,False,True,-3.021315903855524,HIST_TIME_FALLBACK
fresh,T0075,0.075,PAPER:ATUSDT:1791008399999:SHORT,ATUSDT,Fresh_2026-10-03,False,1,1,False,True,-4.685825784559835,HIST_TIME_FALLBACK
fresh,T0075,0.075,PAPER:1000000BOBUSDT:1791023099999:SHORT,1000000BOBUSDT,Fresh_2026-10-03,False,0,0,False,True,-0.5519599743337846,BE0.10
fresh,T0075,0.075,PAPER:DYDXUSDT:1790890199999:SHORT,DYDXUSDT,Fresh_2026-10-01,False,1,1,False,True,-5.350107191823761,HIST_TIME_FALLBACK
fresh,T0075,0.075,PAPER:PONSUSDT:1790859899999:SHORT,PONSUSDT,Fresh_2026-10-01,True,1,1,False,True,1.1097901679100781,FULL_CLOSE_050
fresh,T0075,0.075,PAPER:ARXUSDT:1790939399999:SHORT,ARXUSDT,Fresh_2026-10-02,True,2,2,False,True,1.6943581357781672,FULL_CLOSE_050
fresh,T0075,0.075,PAPER:KSMUSDT:1790965799999:SHORT,KSMUSDT,Fresh_2026-10-02,False,1,1,False,True,-1.5428204918805983,HIST_TIME_FALLBACK
fresh,T0075,0.075,PAPER:SPORTFUNUSDT:1791060899999:SHORT,SPORTFUNUSDT,Fresh_2026-10-03,False,2,2,False,False,,
fresh,T0075,0.075,PAPER:INJUSDT:1790838899999:SHORT,INJUSDT,Fresh_2026-10-01,True,2,2,False,True,1.3547871559577351,FULL_CLOSE_050
fresh,T0075,0.075,PAPER:SEIUSDT:1790903099999:SHORT,SEIUSDT,Fresh_2026-10-02,False,1,1,False,True,-3.1794431469254993,HIST_TIME_FALLBACK
fresh,T0075,0.075,PAPER:CTRUSDT:1790860799999:SHORT,CTRUSDT,Fresh_2026-10-01,False,2,2,False,True,-3.4552529478808056,HIST_TIME_FALLBACK
fresh,T0075,0.075,PAPER:HANAUSDT:1790882999999:SHORT,HANAUSDT,Fresh_2026-10-01,False,2,2,False,True,-5.430521275125589,HIST_TIME_FALLBACK
fresh,T0075,0.075,PAPER:PUMPBTCUSDT:1790879399999:SHORT,PUMPBTCUSDT,Fresh_2026-10-01,False,2,2,False,True,-0.9501900380075186,HIST_TIME_FALLBACK
fresh,T0075,0.075,PAPER:MARSCOINUSDT:1790995199999:SHORT,MARSCOINUSDT,Fresh_2026-10-03,True,3,3,False,True,4.191897956916806,FULL_CLOSE_050
fresh,T0075,0.075,PAPER:CUSDT:1790936099999:SHORT,CUSDT,Fresh_2026-10-02,False,0,0,False,True,-3.55762963744015,HIST_TIME_FALLBACK
fresh,T0075,0.075,PAPER:CAPUSDT:1790924699999:SHORT,CAPUSDT,Fresh_2026-10-02,False,2,3,True,False,,NO_EXECUTABLE_ENTRY
fresh,T0075,0.075,PAPER:COAIUSDT:1790953499999:SHORT,COAIUSDT,Fresh_2026-10-02,False,3,3,False,True,-5.213764211832833,HIST_TIME_FALLBACK
fresh,T0075,0.075,PAPER:SAGAUSDT:1791011999999:SHORT,SAGAUSDT,Fresh_2026-10-03,False,2,2,False,True,-0.05590653637642157,BE0.10
fresh,T0075,0.075,PAPER:PORTALUSDT:1791054299999:SHORT,PORTALUSDT,Fresh_2026-10-03,False,3,3,False,True,-0.10271511130677669,BE0.10
fresh,T0075,0.075,PAPER:HUMAUSDT:1791011099999:SHORT,HUMAUSDT,Fresh_2026-10-03,True,1,2,True,True,3.525016350761228,FULL_CLOSE_050
fresh,T0075,0.075,PAPER:BROCCOLIF3BUSDT:1790966699999:SHORT,BROCCOLIF3BUSDT,Fresh_2026-10-02,False,3,3,False,True,1.259350374641172,FULL_CLOSE_050
fresh,T0075,0.075,PAPER:BLUAIUSDT:1791031199999:SHORT,BLUAIUSDT,Fresh_2026-10-03,False,1,1,False,True,-7.262463431301457,HIST_TIME_FALLBACK
fresh,T0075,0.075,PAPER:DOLOUSDT:1790965799999:SHORT,DOLOUSDT,Fresh_2026-10-02,True,1,2,True,True,5.331797155335986,RUNNER_CLOSE
fresh,T0075,0.075,PAPER:STARUSDT:1790885399999:SHORT,STARUSDT,Fresh_2026-10-01,True,2,2,False,True,-0.09887168760280546,BE0.10
fresh,T0075,0.075,PAPER:ZKCUSDT:1790903699999:SHORT,ZKCUSDT,Fresh_2026-10-02,False,0,0,False,True,1.024236465622565,FULL_CLOSE_050
fresh,T0075,0.075,PAPER:HANAUSDT:1791005399999:SHORT,HANAUSDT,Fresh_2026-10-03,True,1,1,False,True,2.75168071823078,FULL_CLOSE_050
fresh,T0075,0.075,PAPER:PENGUUSDT:1790961899999:SHORT,PENGUUSDT,Fresh_2026-10-02,True,0,0,False,True,9.551754576237864,RUNNER_CLOSE
fresh,T0075,0.075,PAPER:EDGEUSDT:1790883299999:SHORT,EDGEUSDT,Fresh_2026-10-01,False,3,3,False,False,,
fresh,T0075,0.075,PAPER:FARTCOINUSDT:1790965499999:SHORT,FARTCOINUSDT,Fresh_2026-10-02,True,1,1,False,True,1.3187060074905008,FULL_CLOSE_050
fresh,T0075,0.075,PAPER:2ZUSDT:1790866199999:SHORT,2ZUSDT,Fresh_2026-10-01,False,0,0,False,True,-1.9180801927655708,HIST_TIME_FALLBACK
fresh,T0075,0.075,PAPER:NMRUSDT:1790852699999:SHORT,NMRUSDT,Fresh_2026-10-01,True,2,2,False,True,-0.0027291104907989916,BE0.10
fresh,T0075,0.075,PAPER:GRASSUSDT:1790996099999:SHORT,GRASSUSDT,Fresh_2026-10-03,False,1,2,True,True,-2.1574220185220137,HIST_TIME_FALLBACK
fresh,T0075,0.075,PAPER:NILUSDT:1790848499999:SHORT,NILUSDT,Fresh_2026-10-01,True,1,1,False,True,2.0553826829647024,FULL_CLOSE_050
fresh,T0075,0.075,PAPER:USELESSUSDT:1790942699999:SHORT,USELESSUSDT,Fresh_2026-10-02,False,0,0,False,True,-0.040384167345975164,BE0.10
fresh,T0075,0.075,PAPER:GRASSUSDT:1790888699999:SHORT,GRASSUSDT,Fresh_2026-10-01,False,1,1,False,True,-0.03092496236216241,BE0.10
fresh,T0075,0.075,PAPER:NOMUSDT:1791012299999:SHORT,NOMUSDT,Fresh_2026-10-03,False,2,2,False,True,-1.5774772435689564,HIST_TIME_FALLBACK
fresh,T0075,0.075,PAPER:ALCHUSDT:1790968799999:SHORT,ALCHUSDT,Fresh_2026-10-02,False,1,1,False,False,,
fresh,T0075,0.075,PAPER:BERAUSDT:1790973899999:SHORT,BERAUSDT,Fresh_2026-10-02,False,3,3,False,True,-2.736363775877332,HIST_TIME_FALLBACK
fresh,T0075,0.075,PAPER:SPORTFUNUSDT:1790881199999:SHORT,SPORTFUNUSDT,Fresh_2026-10-01,False,1,1,False,True,-3.4712738154793583,HIST_TIME_FALLBACK
fresh,T0075,0.075,PAPER:CCUSDT:1790950499999:SHORT,CCUSDT,Fresh_2026-10-02,False,2,2,False,True,-2.875942151642586,HIST_TIME_FALLBACK
fresh,T0075,0.075,PAPER:SKLUSDT:1790859899999:SHORT,SKLUSDT,Fresh_2026-10-01,False,3,3,False,True,0.8304242440307943,FULL_CLOSE_050
fresh,T0075,0.075,PAPER:2ZUSDT:1790890799999:SHORT,2ZUSDT,Fresh_2026-10-01,False,2,2,False,True,-14.281816770139868,HIST_TIME_FALLBACK
fresh,T0075,0.075,PAPER:TRIAUSDT:1790961899999:SHORT,TRIAUSDT,Fresh_2026-10-02,False,3,3,False,True,-3.6121804128774264,HIST_TIME_FALLBACK
fresh,T0075,0.075,PAPER:CROSSUSDT:1791010199999:SHORT,CROSSUSDT,Fresh_2026-10-03,False,0,0,False,True,-4.055988057145402,HIST_TIME_FALLBACK
fresh,T0075,0.075,PAPER:JUPUSDT:1790839199999:SHORT,JUPUSDT,Fresh_2026-10-01,True,0,0,False,True,0.8963830577366747,FULL_CLOSE_050
fresh,T0075,0.075,PAPER:KERNELUSDT:1790962799999:SHORT,KERNELUSDT,Fresh_2026-10-02,False,0,0,False,True,-2.935474077818361,HIST_TIME_FALLBACK
fresh,T0075,0.075,PAPER:THEUSDT:1790968199999:SHORT,THEUSDT,Fresh_2026-10-02,False,0,0,False,True,1.9465753524734892,FULL_CLOSE_050
fresh,T0075,0.075,PAPER:STARUSDT:1790958599999:SHORT,STARUSDT,Fresh_2026-10-02,False,0,0,False,True,-1.5105876758896017,HIST_TIME_FALLBACK
fresh,T0075,0.075,PAPER:MASKUSDT:1791011399999:SHORT,MASKUSDT,Fresh_2026-10-03,True,1,2,True,True,1.5985634754242408,FULL_CLOSE_050
fresh,T0075,0.075,PAPER:INJUSDT:1791001199999:SHORT,INJUSDT,Fresh_2026-10-03,False,1,1,False,True,-4.153017167016389,HIST_TIME_FALLBACK
fresh,T0075,0.075,PAPER:FORMUSDT:1790848499999:SHORT,FORMUSDT,Fresh_2026-10-01,True,0,0,False,True,1.6761226064730785,FULL_CLOSE_050
fresh,T0075,0.075,PAPER:MARSCOINUSDT:1790962499999:SHORT,MARSCOINUSDT,Fresh_2026-10-02,True,2,2,False,True,2.7966302467080366,FULL_CLOSE_050
fresh,T0075,0.075,PAPER:STXUSDT:1790924999999:SHORT,STXUSDT,Fresh_2026-10-02,True,2,2,False,True,-0.13866581746507928,BE0.10
fresh,T0075,0.075,PAPER:0GUSDT:1790845799999:SHORT,0GUSDT,Fresh_2026-10-01,True,2,2,False,True,1.810036439659064,FULL_CLOSE_050
fresh,T0075,0.075,PAPER:ZECUSDT:1791036899999:SHORT,ZECUSDT,Fresh_2026-10-03,False,3,3,False,True,-0.0025704926567072794,BE0.10
fresh,T0075,0.075,PAPER:2ZUSDT:1790998499999:SHORT,2ZUSDT,Fresh_2026-10-03,False,3,3,False,True,-1.9600929096377473,HIST_TIME_FALLBACK
fresh,T0075,0.075,PAPER:TURTLEUSDT:1791023999999:SHORT,TURTLEUSDT,Fresh_2026-10-03,False,1,1,False,True,-3.9896470536516797,HIST_TIME_FALLBACK
fresh,T0075,0.075,PAPER:XPLUSDT:1790890499999:SHORT,XPLUSDT,Fresh_2026-10-01,False,3,3,False,True,-0.05063631383773576,BE0.10
fresh,T0075,0.075,PAPER:SPXUSDT:1790839199999:SHORT,SPXUSDT,Fresh_2026-10-01,True,1,1,False,True,2.9501064115316473,FULL_CLOSE_050
fresh,T0075,0.075,PAPER:ARBUSDT:1790966399999:SHORT,ARBUSDT,Fresh_2026-10-02,True,0,0,False,True,-0.0224353612485243,BE0.10
fresh,T0075,0.075,PAPER:POWERUSDT:1790930699999:SHORT,POWERUSDT,Fresh_2026-10-02,False,1,1,False,True,-1.3802902381138638,HIST_TIME_FALLBACK
fresh,T0075,0.075,PAPER:ROSEUSDT:1790965199999:SHORT,ROSEUSDT,Fresh_2026-10-02,False,1,1,False,True,-0.048252758659721506,BE0.10
fresh,T0075,0.075,PAPER:ARUSDT:1790877899999:SHORT,ARUSDT,Fresh_2026-10-01,True,1,1,False,True,1.03575587346178,FULL_CLOSE_050
fresh,T0075,0.075,PAPER:MINAUSDT:1790889299999:SHORT,MINAUSDT,Fresh_2026-10-01,False,0,0,False,True,-0.015409104229864079,BE0.10
fresh,T0075,0.075,PAPER:TOSHIUSDT:1790961299999:SHORT,TOSHIUSDT,Fresh_2026-10-02,False,1,1,False,True,-0.142810699236592,BE0.10
fresh,T0075,0.075,PAPER:PENDLEUSDT:1790929499999:SHORT,PENDLEUSDT,Fresh_2026-10-02,False,1,1,False,True,-0.011445745873896407,BE0.10
fresh,T0075,0.075,PAPER:ATOMUSDT:1790858999999:SHORT,ATOMUSDT,Fresh_2026-10-01,True,2,2,False,True,0.7859088869797443,FULL_CLOSE_050
fresh,T0075,0.075,PAPER:DEEPUSDT:1790866199999:SHORT,DEEPUSDT,Fresh_2026-10-01,False,1,1,False,True,-0.4953284387000207,BE0.10
fresh,T0075,0.075,PAPER:AKEUSDT:1790849699999:SHORT,AKEUSDT,Fresh_2026-10-01,False,1,1,False,False,,
fresh,T0075,0.075,PAPER:ZKUSDT:1790842199999:SHORT,ZKUSDT,Fresh_2026-10-01,False,2,2,False,True,-5.598595749329737,HIST_TIME_FALLBACK
fresh,T0075,0.075,PAPER:XPINUSDT:1790968199999:SHORT,XPINUSDT,Fresh_2026-10-02,False,0,0,False,True,0.8856602922052357,FULL_CLOSE_050
fresh,T0075,0.075,PAPER:ANIMEUSDT:1790903699999:SHORT,ANIMEUSDT,Fresh_2026-10-02,False,2,2,False,True,-0.04798182526257144,BE0.10
fresh,T0075,0.075,PAPER:WALUSDT:1790914199999:SHORT,WALUSDT,Fresh_2026-10-02,False,2,2,False,True,-5.970708168182231,HIST_TIME_FALLBACK
fresh,T0075,0.075,PAPER:ENAUSDT:1790838899999:SHORT,ENAUSDT,Fresh_2026-10-01,True,3,3,False,True,2.1001696828051575,FULL_CLOSE_050
fresh,T0075,0.075,PAPER:CAPUSDT:1790930399999:SHORT,CAPUSDT,Fresh_2026-10-02,True,2,2,False,True,1.7603737014050471,FULL_CLOSE_050
fresh,T0075,0.075,PAPER:SUPERUSDT:1790848799999:SHORT,SUPERUSDT,Fresh_2026-10-01,False,1,1,False,True,-0.013399686917256126,BE0.10
fresh,T0075,0.075,PAPER:PLAYUSDT:1790829599999:SHORT,PLAYUSDT,Fresh_2026-10-01,False,2,2,False,False,,
fresh,T0075,0.075,PAPER:OUSDT:1790942399999:SHORT,OUSDT,Fresh_2026-10-02,False,2,2,False,True,-3.460037787501743,HIST_TIME_FALLBACK
fresh,T0075,0.075,PAPER:HEMIUSDT:1790912999999:SHORT,HEMIUSDT,Fresh_2026-10-02,False,2,2,False,True,-2.5186537385809844,HIST_TIME_FALLBACK
fresh,T0075,0.075,PAPER:IOTAUSDT:1790950199999:SHORT,IOTAUSDT,Fresh_2026-10-02,False,1,1,False,True,-0.04154021038367084,BE0.10
fresh,T0075,0.075,PAPER:KASUSDT:1790878199999:SHORT,KASUSDT,Fresh_2026-10-01,False,2,2,False,True,2.1753995251499854,FULL_CLOSE_050
fresh,T0075,0.075,PAPER:PIPPINUSDT:1790882699999:SHORT,PIPPINUSDT,Fresh_2026-10-01,False,1,3,True,True,-0.13668756232277357,BE0.10
fresh,T0075,0.075,PAPER:0GUSDT:1790962799999:SHORT,0GUSDT,Fresh_2026-10-02,False,0,0,False,True,3.9425233125492705,FULL_CLOSE_050
fresh,T0075,0.075,PAPER:BANANAS31USDT:1790965499999:SHORT,BANANAS31USDT,Fresh_2026-10-02,True,2,2,False,True,8.619730295915788,RUNNER_CLOSE
fresh,T0075,0.075,PAPER:1000SATSUSDT:1790840399999:SHORT,1000SATSUSDT,Fresh_2026-10-01,False,1,1,False,True,1.0601520906591284,FULL_CLOSE_050
fresh,T0075,0.075,PAPER:ZECUSDT:1790880599999:SHORT,ZECUSDT,Fresh_2026-10-01,True,2,2,False,True,2.438729125232133,FULL_CLOSE_050
fresh,T0075,0.075,PAPER:NIGHTUSDT:1791047099999:SHORT,NIGHTUSDT,Fresh_2026-10-03,False,2,2,False,True,-0.03728695587141734,BE0.10
fresh,T0075,0.075,PAPER:TACUSDT:1790882699999:SHORT,TACUSDT,Fresh_2026-10-01,True,0,0,False,True,1.5988879507282867,FULL_CLOSE_050
fresh,T0075,0.075,PAPER:ICNTUSDT:1790865299999:SHORT,ICNTUSDT,Fresh_2026-10-01,False,3,3,False,True,0.6157386065325869,FULL_CLOSE_050
fresh,T0075,0.075,PAPER:USELESSUSDT:1790849099999:SHORT,USELESSUSDT,Fresh_2026-10-01,False,1,1,False,True,-1.1951007301046612,HIST_TIME_FALLBACK
fresh,T0075,0.075,PAPER:MARSCOINUSDT:1790924399999:SHORT,MARSCOINUSDT,Fresh_2026-10-02,True,1,1,False,True,-0.011560544213807422,BE0.10
fresh,T0075,0.075,PAPER:GWEIUSDT:1790951699999:SHORT,GWEIUSDT,Fresh_2026-10-02,False,0,0,False,True,-0.7174726088871157,HIST_TIME_FALLBACK
fresh,T0075,0.075,PAPER:BTRUSDT:1790996699999:SHORT,BTRUSDT,Fresh_2026-10-03,False,2,2,False,True,-3.7920605410618866,HIST_TIME_FALLBACK
fresh,T0075,0.075,PAPER:GPSUSDT:1790882399999:SHORT,GPSUSDT,Fresh_2026-10-01,False,0,0,False,True,-4.137005645497225,HIST_TIME_FALLBACK
fresh,T0075,0.075,PAPER:1000000BOBUSDT:1790988599999:SHORT,1000000BOBUSDT,Fresh_2026-10-03,False,0,0,False,True,-0.9501900380076012,BE0.10
fresh,T0075,0.075,PAPER:NOMUSDT:1791008699999:SHORT,NOMUSDT,Fresh_2026-10-03,False,2,2,False,True,-0.11797858324781152,BE0.10
fresh,T0075,0.075,PAPER:PUMPUSDT:1790891099999:SHORT,PUMPUSDT,Fresh_2026-10-01,True,3,3,False,True,3.612458495204804,FULL_CLOSE_050
fresh,T0075,0.075,PAPER:SUPERUSDT:1790938799999:SHORT,SUPERUSDT,Fresh_2026-10-02,False,2,2,False,True,-0.7257671776453357,BE0.10
fresh,T0075,0.075,PAPER:NEARUSDT:1790965199999:SHORT,NEARUSDT,Fresh_2026-10-02,False,1,1,False,True,-1.0574025439057229,HIST_TIME_FALLBACK
fresh,T0075,0.075,PAPER:USUSDT:1791040799999:SHORT,USUSDT,Fresh_2026-10-03,True,1,1,False,True,5.803953409208827,RUNNER_CLOSE
fresh,T0075,0.075,PAPER:1000XECUSDT:1790912999999:SHORT,1000XECUSDT,Fresh_2026-10-02,False,1,2,True,False,,NO_EXECUTABLE_ENTRY
fresh,T0075,0.075,PAPER:TIAUSDT:1790859899999:SHORT,TIAUSDT,Fresh_2026-10-01,True,0,0,False,True,1.8404730423436915,FULL_CLOSE_050
fresh,T0075,0.075,PAPER:DYDXUSDT:1791053699999:SHORT,DYDXUSDT,Fresh_2026-10-03,False,2,2,False,True,-4.678238169637902,HIST_TIME_FALLBACK
fresh,T0075,0.075,PAPER:ALLOUSDT:1790842499999:SHORT,ALLOUSDT,Fresh_2026-10-01,False,2,2,False,True,-3.3262545454135,HIST_TIME_FALLBACK
fresh,T0075,0.075,PAPER:CAKEUSDT:1790966699999:SHORT,CAKEUSDT,Fresh_2026-10-02,False,3,3,False,True,-2.660305377327315,HIST_TIME_FALLBACK
fresh,T0075,0.075,PAPER:HYPEUSDT:1790870399999:SHORT,HYPEUSDT,Fresh_2026-10-01,False,0,0,False,True,-3.074716950219544,HIST_TIME_FALLBACK
fresh,T0075,0.075,PAPER:PTBUSDT:1790965799999:SHORT,PTBUSDT,Fresh_2026-10-02,False,2,2,False,False,,
fresh,T0075,0.075,PAPER:ZECUSDT:1790866199999:SHORT,ZECUSDT,Fresh_2026-10-01,False,2,2,False,True,-1.0524496052247967,HIST_TIME_FALLBACK
fresh,T0075,0.075,PAPER:SPXUSDT:1790965499999:SHORT,SPXUSDT,Fresh_2026-10-02,True,2,2,False,True,1.9895280148348782,FULL_CLOSE_050
fresh,T0075,0.075,PAPER:NILUSDT:1790828399999:SHORT,NILUSDT,Fresh_2026-10-01,False,3,3,False,True,-1.7656488069780758,HIST_TIME_FALLBACK
fresh,T0075,0.075,PAPER:RAVEUSDT:1790872799999:SHORT,RAVEUSDT,Fresh_2026-10-01,False,1,1,False,True,-1.4563327984100372,HIST_TIME_FALLBACK
fresh,T0075,0.075,PAPER:USUSDT:1790954999999:SHORT,USUSDT,Fresh_2026-10-02,True,3,3,False,False,,
fresh,T0075,0.075,PAPER:CGPTUSDT:1790989199999:SHORT,CGPTUSDT,Fresh_2026-10-03,False,1,1,False,True,-3.4383631470984204,HIST_TIME_FALLBACK
fresh,T0075,0.075,PAPER:ENAUSDT:1790866499999:SHORT,ENAUSDT,Fresh_2026-10-01,True,2,2,False,True,2.352492058427586,FULL_CLOSE_050
fresh,T0075,0.075,PAPER:ESPORTSUSDT:1790882699999:SHORT,ESPORTSUSDT,Fresh_2026-10-01,False,3,3,False,False,,
fresh,T0075,0.075,PAPER:ATUSDT:1791039899999:SHORT,ATUSDT,Fresh_2026-10-03,True,0,0,False,True,8.640786337075735,RUNNER_CLOSE
fresh,T0075,0.075,PAPER:GRTUSDT:1790966399999:SHORT,GRTUSDT,Fresh_2026-10-02,False,2,2,False,False,,
fresh,T0075,0.075,PAPER:牛来USDT:1790961599999:SHORT,牛来USDT,Fresh_2026-10-02,False,2,2,False,False,,
fresh,T0075,0.075,PAPER:REDUSDT:1790911799999:SHORT,REDUSDT,Fresh_2026-10-02,False,2,2,False,False,,
fresh,T0075,0.075,PAPER:PROMUSDT:1791030299999:SHORT,PROMUSDT,Fresh_2026-10-03,True,1,2,True,True,1.0823549921938405,FULL_CLOSE_050
fresh,T0075,0.075,PAPER:PONSUSDT:1790966099999:SHORT,PONSUSDT,Fresh_2026-10-02,True,2,2,False,True,14.738239537695877,RUNNER_CLOSE
fresh,T0075,0.075,PAPER:ATHUSDT:1790865899999:SHORT,ATHUSDT,Fresh_2026-10-01,False,2,3,True,False,,NO_EXECUTABLE_ENTRY
fresh,T0075,0.075,PAPER:POLUSDT:1790955599999:SHORT,POLUSDT,Fresh_2026-10-02,False,0,0,False,True,-0.1714055380856993,BE0.10
fresh,T0075,0.075,PAPER:ZETAUSDT:1790971799999:SHORT,ZETAUSDT,Fresh_2026-10-02,False,2,2,False,True,-0.8454233594730631,HIST_TIME_FALLBACK
fresh,T0075,0.075,PAPER:SYNUSDT:1791032699999:SHORT,SYNUSDT,Fresh_2026-10-03,True,2,2,False,True,1.0646968649904975,FULL_CLOSE_050
fresh,T0075,0.075,PAPER:我踏马来了USDT:1790903999999:SHORT,我踏马来了USDT,Fresh_2026-10-02,False,3,3,False,True,-0.39531650985775557,BE0.10
fresh,T0075,0.075,PAPER:LUMIAUSDT:1790919599999:SHORT,LUMIAUSDT,Fresh_2026-10-02,False,0,0,False,True,-3.2160248118564407,HIST_TIME_FALLBACK
fresh,T0075,0.075,PAPER:NOMUSDT:1790882999999:SHORT,NOMUSDT,Fresh_2026-10-01,False,0,0,False,True,0.928140881459629,FULL_CLOSE_050
fresh,T0075,0.075,PAPER:MEGAUSDT:1790968199999:SHORT,MEGAUSDT,Fresh_2026-10-02,False,1,1,False,True,-0.06811921855730213,BE0.10
fresh,T0075,0.075,PAPER:BRETTUSDT:1790962799999:SHORT,BRETTUSDT,Fresh_2026-10-02,False,3,3,False,True,-0.023666886330251102,BE0.10
fresh,T0075,0.075,PAPER:JUPUSDT:1790858699999:SHORT,JUPUSDT,Fresh_2026-10-01,True,2,2,False,True,2.3246009248578114,FULL_CLOSE_050
fresh,T0075,0.075,PAPER:BICOUSDT:1790840699999:SHORT,BICOUSDT,Fresh_2026-10-01,False,0,0,False,True,-2.812795396288553,HIST_TIME_FALLBACK
fresh,T0075,0.075,PAPER:XVSUSDT:1790939999999:SHORT,XVSUSDT,Fresh_2026-10-02,False,0,0,False,True,-0.23813429115407192,BE0.10
fresh,T0075,0.075,PAPER:HUMAUSDT:1790914499999:SHORT,HUMAUSDT,Fresh_2026-10-02,False,1,1,False,True,-0.45742443614455164,HIST_TIME_FALLBACK
fresh,T0075,0.075,PAPER:STBLUSDT:1790931899999:SHORT,STBLUSDT,Fresh_2026-10-02,False,0,0,False,True,-0.5686540699907927,BE0.10
fresh,T0075,0.075,PAPER:TRUMPUSDT:1790962799999:SHORT,TRUMPUSDT,Fresh_2026-10-02,False,2,3,True,True,-0.22611792126995772,BE0.10
fresh,T0075,0.075,PAPER:YBUSDT:1790857199999:SHORT,YBUSDT,Fresh_2026-10-01,False,0,0,False,True,-2.1934873757720053,HIST_TIME_FALLBACK
fresh,T0075,0.075,PAPER:TWTUSDT:1790926199999:SHORT,TWTUSDT,Fresh_2026-10-02,False,1,1,False,True,-1.906481648014208,HIST_TIME_FALLBACK
fresh,T0075,0.075,PAPER:WCTUSDT:1790966699999:SHORT,WCTUSDT,Fresh_2026-10-02,False,3,3,False,False,,
fresh,T0075,0.075,PAPER:ZKUSDT:1790916899999:SHORT,ZKUSDT,Fresh_2026-10-02,False,0,0,False,True,1.0812406719476404,FULL_CLOSE_050
fresh,T0075,0.075,PAPER:OPNUSDT:1790965199999:SHORT,OPNUSDT,Fresh_2026-10-02,True,1,1,False,True,0.7225022959217706,FULL_CLOSE_050
fresh,T0075,0.075,PAPER:1000RATSUSDT:1790852099999:SHORT,1000RATSUSDT,Fresh_2026-10-01,False,3,3,False,False,,
fresh,T0075,0.075,PAPER:CRVUSDT:1791000299999:SHORT,CRVUSDT,Fresh_2026-10-03,False,2,2,False,True,1.6245063915328246,FULL_CLOSE_050
fresh,T0075,0.075,PAPER:BULLAUSDT:1791031499999:SHORT,BULLAUSDT,Fresh_2026-10-03,False,0,0,False,True,-2.9190206772917415,HIST_TIME_FALLBACK
fresh,T0075,0.075,PAPER:ZAMAUSDT:1791029999999:SHORT,ZAMAUSDT,Fresh_2026-10-03,False,2,3,True,True,-4.18707791577337,HIST_TIME_FALLBACK
fresh,T0075,0.075,PAPER:POWERUSDT:1790945399999:SHORT,POWERUSDT,Fresh_2026-10-02,False,0,0,False,True,-0.02297000212586825,BE0.10
fresh,T0075,0.075,PAPER:BRETTUSDT:1790891099999:SHORT,BRETTUSDT,Fresh_2026-10-01,False,1,2,True,True,-0.0400533288475578,BE0.10
fresh,T0075,0.075,PAPER:EDENUSDT:1790941499999:SHORT,EDENUSDT,Fresh_2026-10-02,False,1,1,False,True,-0.03216284720764728,BE0.10
fresh,T0075,0.075,PAPER:PUMPBTCUSDT:1790901299999:SHORT,PUMPBTCUSDT,Fresh_2026-10-02,False,2,2,False,False,,
fresh,T0075,0.075,PAPER:BRUSDT:1790925599999:SHORT,BRUSDT,Fresh_2026-10-02,False,1,1,False,True,1.036046217920719,FULL_CLOSE_050
fresh,T0075,0.075,PAPER:SKYUSDT:1791046199999:SHORT,SKYUSDT,Fresh_2026-10-03,False,0,0,False,True,-0.04447896251194905,BE0.10
fresh,T0075,0.075,PAPER:SUIUSDT:1790839499999:SHORT,SUIUSDT,Fresh_2026-10-01,False,2,2,False,True,-3.1368718047296182,HIST_TIME_FALLBACK
fresh,T0075,0.075,PAPER:API3USDT:1790842499999:SHORT,API3USDT,Fresh_2026-10-01,False,3,3,False,False,,
fresh,T0075,0.075,PAPER:RIFUSDT:1790914499999:SHORT,RIFUSDT,Fresh_2026-10-02,False,0,0,False,True,-0.015234509359754955,BE0.10
fresh,T0075,0.075,PAPER:GTCUSDT:1790976599999:SHORT,GTCUSDT,Fresh_2026-10-02,False,0,0,False,True,-1.3741966929420544,HIST_TIME_FALLBACK
fresh,T0075,0.075,PAPER:LITUSDT:1790953499999:SHORT,LITUSDT,Fresh_2026-10-02,False,1,1,False,True,-2.492667306675072,HIST_TIME_FALLBACK
fresh,T0075,0.075,PAPER:BANANAS31USDT:1790961899999:SHORT,BANANAS31USDT,Fresh_2026-10-02,False,0,0,False,True,1.7120899249654769,FULL_CLOSE_050
fresh,T0075,0.075,PAPER:NILUSDT:1790965799999:SHORT,NILUSDT,Fresh_2026-10-02,False,1,1,False,True,-2.8789410913263294,HIST_TIME_FALLBACK
fresh,T0075,0.075,PAPER:BRUSDT:1790858399999:SHORT,BRUSDT,Fresh_2026-10-01,False,0,0,False,True,-1.3011393420655004,HIST_TIME_FALLBACK
fresh,T0075,0.075,PAPER:COOKIEUSDT:1790959199999:SHORT,COOKIEUSDT,Fresh_2026-10-02,False,2,2,False,True,-1.1421430980727831,HIST_TIME_FALLBACK
fresh,T0075,0.075,PAPER:GTCUSDT:1790861399999:SHORT,GTCUSDT,Fresh_2026-10-01,False,1,1,False,False,,
fresh,T0075,0.075,PAPER:JASMYUSDT:1790961899999:SHORT,JASMYUSDT,Fresh_2026-10-02,True,1,1,False,True,1.5040726323655196,FULL_CLOSE_050
fresh,T0075,0.075,PAPER:PONSUSDT:1790965199999:SHORT,PONSUSDT,Fresh_2026-10-02,False,1,1,False,True,-1.1526062086659317,HIST_TIME_FALLBACK
fresh,T0075,0.075,PAPER:TSTUSDT:1790965799999:SHORT,TSTUSDT,Fresh_2026-10-02,True,1,1,False,True,2.664071261905762,FULL_CLOSE_050
fresh,T0075,0.075,PAPER:ONEUSDT:1790966399999:SHORT,ONEUSDT,Fresh_2026-10-02,False,0,0,False,True,-2.856677578191415,HIST_TIME_FALLBACK
fresh,T0075,0.075,PAPER:JCTUSDT:1790890199999:SHORT,JCTUSDT,Fresh_2026-10-01,False,2,2,False,True,-0.354621697688707,BE0.10
fresh,T0075,0.075,PAPER:ARBUSDT:1790842199999:SHORT,ARBUSDT,Fresh_2026-10-01,False,3,3,False,True,-4.807167631592496,HIST_TIME_FALLBACK
fresh,T0075,0.075,PAPER:TAKEUSDT:1790933099999:SHORT,TAKEUSDT,Fresh_2026-10-02,True,2,3,True,True,-2.3452785314073594,HIST_TIME_FALLBACK
fresh,T0075,0.075,PAPER:TAGUSDT:1790838299999:SHORT,TAGUSDT,Fresh_2026-10-01,True,2,2,False,True,1.1345747516000304,FULL_CLOSE_050
fresh,T0075,0.075,PAPER:CROSSUSDT:1790944199999:SHORT,CROSSUSDT,Fresh_2026-10-02,False,0,0,False,True,-2.159043405827064,HIST_TIME_FALLBACK
fresh,T0075,0.075,PAPER:SAGAUSDT:1790918399999:SHORT,SAGAUSDT,Fresh_2026-10-02,True,1,2,True,True,3.075344260649532,FULL_CLOSE_050
fresh,T0075,0.075,PAPER:DRIFTUSDT:1790914199999:SHORT,DRIFTUSDT,Fresh_2026-10-02,False,2,2,False,True,-0.20749687771375463,BE0.10
fresh,T0075,0.075,PAPER:CHILLGUYUSDT:1791036299999:SHORT,CHILLGUYUSDT,Fresh_2026-10-03,False,0,0,False,True,-0.09966067587942107,BE0.10
fresh,T0075,0.075,PAPER:NILUSDT:1790963099999:SHORT,NILUSDT,Fresh_2026-10-02,False,2,2,False,False,,
fresh,T0075,0.075,PAPER:BABYUSDT:1790860499999:SHORT,BABYUSDT,Fresh_2026-10-01,False,0,0,False,True,-0.20306288869709926,BE0.10
fresh,T0075,0.075,PAPER:PUMPBTCUSDT:1790949599999:SHORT,PUMPBTCUSDT,Fresh_2026-10-02,False,2,2,False,False,,
fresh,T0075,0.075,PAPER:AEROUSDT:1790868599999:SHORT,AEROUSDT,Fresh_2026-10-01,True,1,1,False,True,0.640958054929462,FULL_CLOSE_050
fresh,T0075,0.075,PAPER:PONSUSDT:1790950199999:SHORT,PONSUSDT,Fresh_2026-10-02,False,1,1,False,True,-0.08646750918441459,BE0.10
fresh,T0075,0.075,PAPER:PUMPBTCUSDT:1790923199999:SHORT,PUMPBTCUSDT,Fresh_2026-10-02,False,2,2,False,True,-0.9501900380076607,HIST_TIME_FALLBACK
fresh,T0075,0.075,PAPER:MOVEUSDT:1790894099999:SHORT,MOVEUSDT,Fresh_2026-10-01,False,0,0,False,True,-2.7564150396481732,HIST_TIME_FALLBACK
fresh,T0075,0.075,PAPER:ARKUSDT:1790986199999:SHORT,ARKUSDT,Fresh_2026-10-03,True,2,2,False,True,1.895334490867922,FULL_CLOSE_050
fresh,T0075,0.075,PAPER:INITUSDT:1791015899999:SHORT,INITUSDT,Fresh_2026-10-03,True,1,1,False,True,0.784747687406864,FULL_CLOSE_050
fresh,T0075,0.075,PAPER:FIGHTUSDT:1790871299999:SHORT,FIGHTUSDT,Fresh_2026-10-01,False,0,0,False,True,-0.1282274927891761,BE0.10
fresh,T0075,0.075,PAPER:YGGUSDT:1791011699999:SHORT,YGGUSDT,Fresh_2026-10-03,False,2,2,False,True,-3.112501874024921,HIST_TIME_FALLBACK
fresh,T0075,0.075,PAPER:ARXUSDT:1790924699999:SHORT,ARXUSDT,Fresh_2026-10-02,False,3,3,False,True,-0.053423305585454495,BE0.10
fresh,T0075,0.075,PAPER:USELESSUSDT:1790961299999:SHORT,USELESSUSDT,Fresh_2026-10-02,True,1,1,False,False,,
fresh,T0075,0.075,PAPER:1000PEPEUSDT:1790962799999:SHORT,1000PEPEUSDT,Fresh_2026-10-02,False,2,2,False,True,-0.09766014339504236,BE0.10
fresh,T0075,0.075,PAPER:SKYAIUSDT:1790924699999:SHORT,SKYAIUSDT,Fresh_2026-10-02,False,3,3,False,False,,
fresh,T0075,0.075,PAPER:SOONUSDT:1790932799999:SHORT,SOONUSDT,Fresh_2026-10-02,False,1,1,False,True,0.9194882116363763,FULL_CLOSE_050
fresh,T0075,0.075,PAPER:SXTUSDT:1790966099999:SHORT,SXTUSDT,Fresh_2026-10-02,True,2,3,True,True,8.731383059431892,RUNNER_CLOSE
fresh,T0075,0.075,PAPER:FETUSDT:1790859899999:SHORT,FETUSDT,Fresh_2026-10-01,False,1,1,False,True,-0.2857096972491835,BE0.10
fresh,T0075,0.075,PAPER:EDGEUSDT:1790849399999:SHORT,EDGEUSDT,Fresh_2026-10-01,False,0,0,False,True,-3.0969062525954265,HIST_TIME_FALLBACK
fresh,T0075,0.075,PAPER:MOVRUSDT:1791059399999:SHORT,MOVRUSDT,Fresh_2026-10-03,False,0,0,False,True,-0.003100549799046004,BE0.10
fresh,T0075,0.075,PAPER:BBUSDT:1790965199999:SHORT,BBUSDT,Fresh_2026-10-02,True,1,3,True,True,-0.8449719213416984,BE0.10
fresh,T0075,0.075,PAPER:2ZUSDT:1791048899999:SHORT,2ZUSDT,Fresh_2026-10-03,False,3,3,False,False,,
fresh,T0075,0.075,PAPER:SENTUSDT:1791008399999:SHORT,SENTUSDT,Fresh_2026-10-03,False,1,1,False,True,-0.010583862431759905,BE0.10
fresh,T0075,0.075,PAPER:STRKUSDT:1791013499999:SHORT,STRKUSDT,Fresh_2026-10-03,False,2,2,False,True,-0.011904770832221634,BE0.10
fresh,T0075,0.075,PAPER:AEROUSDT:1790883599999:SHORT,AEROUSDT,Fresh_2026-10-01,False,1,1,False,True,1.1747110774097087,FULL_CLOSE_050
fresh,T0075,0.075,PAPER:PUMPUSDT:1790843699999:SHORT,PUMPUSDT,Fresh_2026-10-01,False,2,2,False,True,-2.843235057060045,HIST_TIME_FALLBACK
fresh,T0075,0.075,PAPER:HANAUSDT:1790963099999:SHORT,HANAUSDT,Fresh_2026-10-02,False,0,0,False,True,-0.9501900380075354,HIST_TIME_FALLBACK
fresh,T0075,0.075,PAPER:HEIUSDT:1790861099999:SHORT,HEIUSDT,Fresh_2026-10-01,False,2,2,False,True,-2.324497658715959,HIST_TIME_FALLBACK
fresh,T0075,0.075,PAPER:BBUSDT:1790861099999:SHORT,BBUSDT,Fresh_2026-10-01,False,1,1,False,True,-4.290893107117147,HIST_TIME_FALLBACK
fresh,T0075,0.075,PAPER:USUSDT:1790958299999:SHORT,USUSDT,Fresh_2026-10-02,False,0,0,False,True,-0.14616344584439595,BE0.10
fresh,T0075,0.075,PAPER:ATUSDT:1791009899999:SHORT,ATUSDT,Fresh_2026-10-03,True,2,2,False,True,5.954295341827023,RUNNER_CLOSE
fresh,T0075,0.075,PAPER:PEOPLEUSDT:1790864099999:SHORT,PEOPLEUSDT,Fresh_2026-10-01,False,1,1,False,True,1.1690008289091565,FULL_CLOSE_050
fresh,T0075,0.075,PAPER:ALGOUSDT:1790996699999:SHORT,ALGOUSDT,Fresh_2026-10-03,False,2,2,False,True,-2.3718298961149187,HIST_TIME_FALLBACK
fresh,T0075,0.075,PAPER:CROSSUSDT:1791031199999:SHORT,CROSSUSDT,Fresh_2026-10-03,True,1,1,False,False,,
fresh,T0075,0.075,PAPER:USELESSUSDT:1791043499999:SHORT,USELESSUSDT,Fresh_2026-10-03,False,1,1,False,True,-0.020556576332096455,BE0.10
fresh,T0075,0.075,PAPER:THEUSDT:1790929499999:SHORT,THEUSDT,Fresh_2026-10-02,False,1,1,False,True,-1.0839800126269696,HIST_TIME_FALLBACK
fresh,T0075,0.075,PAPER:APTUSDT:1790965199999:SHORT,APTUSDT,Fresh_2026-10-02,False,1,3,True,True,-0.9501900380076185,HIST_TIME_FALLBACK
fresh,T0075,0.075,PAPER:ARUSDT:1791030899999:SHORT,ARUSDT,Fresh_2026-10-03,False,2,2,False,True,-0.07962449011536726,BE0.10
fresh,T0075,0.075,PAPER:1000SATSUSDT:1790965799999:SHORT,1000SATSUSDT,Fresh_2026-10-02,True,3,3,False,True,0.6711061240588136,FULL_CLOSE_050
fresh,T0075,0.075,PAPER:AEROUSDT:1790866499999:SHORT,AEROUSDT,Fresh_2026-10-01,False,1,1,False,True,-2.2669981290508407,HIST_TIME_FALLBACK
fresh,T0075,0.075,PAPER:LITUSDT:1790912399999:SHORT,LITUSDT,Fresh_2026-10-02,False,3,3,False,False,,
fresh,T0075,0.075,PAPER:BILLUSDT:1790961299999:SHORT,BILLUSDT,Fresh_2026-10-02,True,0,0,False,True,7.066138628081491,RUNNER_CLOSE
fresh,T0075,0.075,PAPER:SYNUSDT:1790866499999:SHORT,SYNUSDT,Fresh_2026-10-01,False,0,0,False,True,-2.4390803468385633,HIST_TIME_FALLBACK
fresh,T0075,0.075,PAPER:ALGOUSDT:1790965199999:SHORT,ALGOUSDT,Fresh_2026-10-02,False,2,2,False,False,,
fresh,T0075,0.075,PAPER:XVSUSDT:1790837699999:SHORT,XVSUSDT,Fresh_2026-10-01,False,2,2,False,True,-3.5789707485443403,HIST_TIME_FALLBACK
fresh,T0075,0.075,PAPER:SOONUSDT:1790989199999:SHORT,SOONUSDT,Fresh_2026-10-03,True,0,0,False,True,2.4486094598061987,FULL_CLOSE_050
fresh,T0075,0.075,PAPER:AEROUSDT:1790914199999:SHORT,AEROUSDT,Fresh_2026-10-02,False,1,2,True,True,-6.680044414543266,HIST_TIME_FALLBACK
fresh,T0075,0.075,PAPER:LSKUSDT:1790923199999:SHORT,LSKUSDT,Fresh_2026-10-02,False,2,2,False,True,-0.008156693832137574,BE0.10
fresh,T0075,0.075,PAPER:PUMPBTCUSDT:1790901899999:SHORT,PUMPBTCUSDT,Fresh_2026-10-02,False,0,0,False,True,-0.32290283244622264,BE0.10
fresh,T0075,0.075,PAPER:CVXUSDT:1790866199999:SHORT,CVXUSDT,Fresh_2026-10-01,False,1,2,True,True,-1.6572171425809599,HIST_TIME_FALLBACK
fresh,T0075,0.075,PAPER:2ZUSDT:1790950199999:SHORT,2ZUSDT,Fresh_2026-10-02,False,2,2,False,False,,
fresh,T0075,0.075,PAPER:AEROUSDT:1791025799999:SHORT,AEROUSDT,Fresh_2026-10-03,False,1,2,True,True,-0.13235951513537036,BE0.10
fresh,T0075,0.075,PAPER:HUSDT:1790916299999:SHORT,HUSDT,Fresh_2026-10-02,False,0,0,False,True,-0.02478084140716763,BE0.10
fresh,T0075,0.075,PAPER:LITUSDT:1791050999999:SHORT,LITUSDT,Fresh_2026-10-03,False,0,0,False,True,-0.0059967306767271245,BE0.10
fresh,T0075,0.075,PAPER:哈基米USDT:1790903699999:SHORT,哈基米USDT,Fresh_2026-10-02,True,1,1,False,True,4.352513246293395,FULL_CLOSE_050
fresh,T0075,0.075,PAPER:PHAUSDT:1791039899999:SHORT,PHAUSDT,Fresh_2026-10-03,False,2,2,False,True,-1.7528616255320375,HIST_TIME_FALLBACK
fresh,T0075,0.075,PAPER:MEGAUSDT:1790965799999:SHORT,MEGAUSDT,Fresh_2026-10-02,True,1,1,False,True,0.8708624401962106,FULL_CLOSE_050
fresh,T0075,0.075,PAPER:SNXUSDT:1790899499999:SHORT,SNXUSDT,Fresh_2026-10-02,False,2,2,False,True,-0.1518245036567476,BE0.10
fresh,T0075,0.075,PAPER:POWERUSDT:1790985899999:SHORT,POWERUSDT,Fresh_2026-10-03,False,3,3,False,True,-2.2765098173090337,HIST_TIME_FALLBACK
fresh,T0075,0.075,PAPER:ROSEUSDT:1790839499999:SHORT,ROSEUSDT,Fresh_2026-10-01,False,2,2,False,True,-4.209589836061792,HIST_TIME_FALLBACK
fresh,T0075,0.075,PAPER:ETHFIUSDT:1790952899999:SHORT,ETHFIUSDT,Fresh_2026-10-02,False,2,2,False,False,,
fresh,T0075,0.075,PAPER:FFUSDT:1790903399999:SHORT,FFUSDT,Fresh_2026-10-02,True,2,2,False,True,1.202465426926,FULL_CLOSE_050
fresh,T0075,0.075,PAPER:QUSDT:1790852699999:SHORT,QUSDT,Fresh_2026-10-01,False,1,2,True,True,1.1308633959134464,FULL_CLOSE_050
fresh,T0075,0.075,PAPER:ARUSDT:1790839199999:SHORT,ARUSDT,Fresh_2026-10-01,False,2,2,False,True,1.2474571377690213,FULL_CLOSE_050
fresh,T0075,0.075,PAPER:FOGOUSDT:1790970899999:SHORT,FOGOUSDT,Fresh_2026-10-02,False,2,2,False,True,-1.9236929357867711,HIST_TIME_FALLBACK
fresh,T0075,0.075,PAPER:B2USDT:1790951399999:SHORT,B2USDT,Fresh_2026-10-02,False,1,3,True,True,-0.13309117648872998,BE0.10
fresh,T0075,0.075,PAPER:TAOUSDT:1790962799999:SHORT,TAOUSDT,Fresh_2026-10-02,False,3,3,False,True,-0.012043597810178774,BE0.10
fresh,T0075,0.075,PAPER:USELESSUSDT:1790966099999:SHORT,USELESSUSDT,Fresh_2026-10-02,True,2,2,False,True,8.17698245646959,RUNNER_CLOSE
fresh,T0075,0.075,PAPER:IOSTUSDT:1790860199999:SHORT,IOSTUSDT,Fresh_2026-10-01,False,3,3,False,True,-0.03328070307818426,BE0.10
fresh,T0075,0.075,PAPER:BBUSDT:1790998799999:SHORT,BBUSDT,Fresh_2026-10-03,False,2,2,False,True,1.1451435326831172,FULL_CLOSE_050
fresh,T0075,0.075,PAPER:CATIUSDT:1790857799999:SHORT,CATIUSDT,Fresh_2026-10-01,False,2,2,False,True,-1.3559082986965152,BE0.10
fresh,T0075,0.075,PAPER:PEOPLEUSDT:1791019199999:SHORT,PEOPLEUSDT,Fresh_2026-10-03,False,1,2,True,True,-0.6127236177572708,HIST_TIME_FALLBACK
fresh,T0075,0.075,PAPER:XPLUSDT:1790952899999:SHORT,XPLUSDT,Fresh_2026-10-02,False,0,0,False,True,-3.7469835621939516,HIST_TIME_FALLBACK
fresh,T010,0.1,PAPER:PONSUSDT:1790895899999:SHORT,PONSUSDT,Fresh_2026-10-01,False,1,1,False,True,-0.056483092889133946,BE0.10
fresh,T010,0.1,PAPER:MOVRUSDT:1791047999999:SHORT,MOVRUSDT,Fresh_2026-10-03,False,0,0,False,True,-0.0027789218008638095,BE0.10
fresh,T010,0.1,PAPER:FFUSDT:1790893799999:SHORT,FFUSDT,Fresh_2026-10-01,False,0,0,False,True,1.4160170542665933,FULL_CLOSE_050
fresh,T010,0.1,PAPER:YGGUSDT:1791017999999:SHORT,YGGUSDT,Fresh_2026-10-03,False,1,1,False,True,-3.322584303590572,HIST_TIME_FALLBACK
fresh,T010,0.1,PAPER:SKYUSDT:1790903999999:SHORT,SKYUSDT,Fresh_2026-10-02,False,1,1,False,True,-7.926213650994881,HIST_TIME_FALLBACK
fresh,T010,0.1,PAPER:PLUMEUSDT:1790832899999:SHORT,PLUMEUSDT,Fresh_2026-10-01,False,2,2,False,False,,
fresh,T010,0.1,PAPER:牛来USDT:1790973899999:SHORT,牛来USDT,Fresh_2026-10-02,True,1,1,False,False,,
fresh,T010,0.1,PAPER:PROMPTUSDT:1790858999999:SHORT,PROMPTUSDT,Fresh_2026-10-01,True,0,0,False,True,-0.07734750960658576,BE0.10
fresh,T010,0.1,PAPER:HEIUSDT:1790885999999:SHORT,HEIUSDT,Fresh_2026-10-01,False,1,1,False,True,-0.05587581131982283,BE0.10
fresh,T010,0.1,PAPER:BROCCOLI714USDT:1790935499999:SHORT,BROCCOLI714USDT,Fresh_2026-10-02,False,2,2,False,True,1.1466595775362198,FULL_CLOSE_050
fresh,T010,0.1,PAPER:1000000BOBUSDT:1791006599999:SHORT,1000000BOBUSDT,Fresh_2026-10-03,True,0,0,False,True,1.1013476260826998,FULL_CLOSE_050
fresh,T010,0.1,PAPER:我踏马来了USDT:1791043799999:SHORT,我踏马来了USDT,Fresh_2026-10-03,True,1,3,True,True,4.309413817028814,FULL_CLOSE_050
fresh,T010,0.1,PAPER:NOMUSDT:1791016499999:SHORT,NOMUSDT,Fresh_2026-10-03,True,3,3,False,True,4.609380633068161,FULL_CLOSE_050
fresh,T010,0.1,PAPER:KAITOUSDT:1790966099999:SHORT,KAITOUSDT,Fresh_2026-10-02,False,3,3,False,False,,
fresh,T010,0.1,PAPER:SEIUSDT:1791000299999:SHORT,SEIUSDT,Fresh_2026-10-03,True,2,2,False,True,1.5925934869491563,FULL_CLOSE_050
fresh,T010,0.1,PAPER:USELESSUSDT:1790839199999:SHORT,USELESSUSDT,Fresh_2026-10-01,True,1,1,False,True,1.8157660541275467,FULL_CLOSE_050
fresh,T010,0.1,PAPER:EVAAUSDT:1790995199999:SHORT,EVAAUSDT,Fresh_2026-10-03,False,2,2,False,False,,
fresh,T010,0.1,PAPER:TUSDT:1791030299999:SHORT,TUSDT,Fresh_2026-10-03,True,1,3,True,True,1.3468693876441307,FULL_CLOSE_050
fresh,T010,0.1,PAPER:RAYSOLUSDT:1790838899999:SHORT,RAYSOLUSDT,Fresh_2026-10-01,True,0,0,False,True,0.6694562297284123,FULL_CLOSE_050
fresh,T010,0.1,PAPER:WETUSDT:1790864099999:SHORT,WETUSDT,Fresh_2026-10-01,False,3,3,False,True,-0.03492228233859501,BE0.10
fresh,T010,0.1,PAPER:BLESSUSDT:1790990699999:SHORT,BLESSUSDT,Fresh_2026-10-03,False,1,1,False,True,-1.7389410408812456,HIST_TIME_FALLBACK
fresh,T010,0.1,PAPER:SAGAUSDT:1791054899999:SHORT,SAGAUSDT,Fresh_2026-10-03,False,3,3,False,True,-2.9605321666743194,HIST_TIME_FALLBACK
fresh,T010,0.1,PAPER:LSKUSDT:1790979299999:SHORT,LSKUSDT,Fresh_2026-10-02,False,0,0,False,True,-2.4461502782071296,HIST_TIME_FALLBACK
fresh,T010,0.1,PAPER:ONUSDT:1790831999999:SHORT,ONUSDT,Fresh_2026-10-01,True,2,2,False,True,2.209436950510006,FULL_CLOSE_050
fresh,T010,0.1,PAPER:PLAYUSDT:1790901599999:SHORT,PLAYUSDT,Fresh_2026-10-02,False,3,3,False,False,,
fresh,T010,0.1,PAPER:POLUSDT:1790850899999:SHORT,POLUSDT,Fresh_2026-10-01,False,2,2,False,True,-0.17367956892771064,BE0.10
fresh,T010,0.1,PAPER:MARSCOINUSDT:1791014699999:SHORT,MARSCOINUSDT,Fresh_2026-10-03,False,1,1,False,True,-11.528313311504577,HIST_TIME_FALLBACK
fresh,T010,0.1,PAPER:ETHFIUSDT:1790965199999:SHORT,ETHFIUSDT,Fresh_2026-10-02,True,1,1,False,True,1.277143231861546,FULL_CLOSE_050
fresh,T010,0.1,PAPER:SQDUSDT:1790866499999:SHORT,SQDUSDT,Fresh_2026-10-01,False,0,0,False,True,-2.6674291118944105,HIST_TIME_FALLBACK
fresh,T010,0.1,PAPER:ARIAUSDT:1790903099999:SHORT,ARIAUSDT,Fresh_2026-10-02,False,0,0,False,True,-0.11497003238246445,BE0.10
fresh,T010,0.1,PAPER:AVAAIUSDT:1791036599999:SHORT,AVAAIUSDT,Fresh_2026-10-03,False,1,1,False,True,1.461428089844492,FULL_CLOSE_050
fresh,T010,0.1,PAPER:1000000BOBUSDT:1790917499999:SHORT,1000000BOBUSDT,Fresh_2026-10-02,True,2,2,False,True,1.3012725858515042,FULL_CLOSE_050
fresh,T010,0.1,PAPER:FRAXUSDT:1790966099999:SHORT,FRAXUSDT,Fresh_2026-10-02,True,2,2,False,False,,
fresh,T010,0.1,PAPER:OPNUSDT:1790921699999:SHORT,OPNUSDT,Fresh_2026-10-02,True,2,2,False,False,,
fresh,T010,0.1,PAPER:PTBUSDT:1791029399999:SHORT,PTBUSDT,Fresh_2026-10-03,False,2,2,False,True,1.0846684580818937,FULL_CLOSE_050
fresh,T010,0.1,PAPER:SKRUSDT:1790878499999:SHORT,SKRUSDT,Fresh_2026-10-01,False,0,0,False,True,1.8804171507565957,FULL_CLOSE_050
fresh,T010,0.1,PAPER:METUSDT:1790842199999:SHORT,METUSDT,Fresh_2026-10-01,False,2,2,False,True,-0.12443089904688148,BE0.10
fresh,T010,0.1,PAPER:BRUSDT:1790987999999:SHORT,BRUSDT,Fresh_2026-10-03,False,2,2,False,False,,
fresh,T010,0.1,PAPER:LYNUSDT:1791013499999:SHORT,LYNUSDT,Fresh_2026-10-03,False,2,2,False,True,1.33120087747134,FULL_CLOSE_050
fresh,T010,0.1,PAPER:GOATUSDT:1790833799999:SHORT,GOATUSDT,Fresh_2026-10-01,False,1,1,False,False,,
fresh,T010,0.1,PAPER:ARCUSDT:1790882999999:SHORT,ARCUSDT,Fresh_2026-10-01,True,1,1,False,True,3.029277999951506,FULL_CLOSE_050
fresh,T010,0.1,PAPER:EIGENUSDT:1790842199999:SHORT,EIGENUSDT,Fresh_2026-10-01,False,2,2,False,True,-0.7439373845102625,BE0.10
fresh,T010,0.1,PAPER:YGGUSDT:1790965199999:SHORT,YGGUSDT,Fresh_2026-10-02,True,1,2,True,True,1.072707497046878,FULL_CLOSE_050
fresh,T010,0.1,PAPER:ACUUSDT:1790894999999:SHORT,ACUUSDT,Fresh_2026-10-01,False,0,0,False,True,-2.4389746343228706,HIST_TIME_FALLBACK
fresh,T010,0.1,PAPER:METISUSDT:1790958299999:SHORT,METISUSDT,Fresh_2026-10-02,True,1,1,False,True,3.387031506988597,FULL_CLOSE_050
fresh,T010,0.1,PAPER:SIGNUSDT:1790948999999:SHORT,SIGNUSDT,Fresh_2026-10-02,False,1,1,False,True,-3.0516485050878317,HIST_TIME_FALLBACK
fresh,T010,0.1,PAPER:TWTUSDT:1790924999999:SHORT,TWTUSDT,Fresh_2026-10-02,True,2,2,False,True,-0.43128002760197753,BE0.10
fresh,T010,0.1,PAPER:ATOMUSDT:1790966399999:SHORT,ATOMUSDT,Fresh_2026-10-02,False,3,3,False,False,,
fresh,T010,0.1,PAPER:TOSHIUSDT:1790838899999:SHORT,TOSHIUSDT,Fresh_2026-10-01,True,3,3,False,True,1.0601520906590065,FULL_CLOSE_050
fresh,T010,0.1,PAPER:2ZUSDT:1791000299999:SHORT,2ZUSDT,Fresh_2026-10-03,False,1,1,False,True,-0.16576507040827337,BE0.10
fresh,T010,0.1,PAPER:NOMUSDT:1790873099999:SHORT,NOMUSDT,Fresh_2026-10-01,False,0,0,False,True,-2.023617893700241,HIST_TIME_FALLBACK
fresh,T010,0.1,PAPER:DRIFTUSDT:1790890199999:SHORT,DRIFTUSDT,Fresh_2026-10-01,False,0,0,False,True,0.027018727318001257,FULL_CLOSE_050
fresh,T010,0.1,PAPER:RECALLUSDT:1790882099999:SHORT,RECALLUSDT,Fresh_2026-10-01,False,3,3,False,True,1.2284791828832158,FULL_CLOSE_050
fresh,T010,0.1,PAPER:BRETTUSDT:1790952899999:SHORT,BRETTUSDT,Fresh_2026-10-02,False,0,0,False,True,-4.106297093166739,HIST_TIME_FALLBACK
fresh,T010,0.1,PAPER:MARSCOINUSDT:1790859899999:SHORT,MARSCOINUSDT,Fresh_2026-10-01,False,1,1,False,True,-0.01600223934005135,BE0.10
fresh,T010,0.1,PAPER:APRUSDT:1790842199999:SHORT,APRUSDT,Fresh_2026-10-01,False,0,0,False,True,-0.5882412382692143,BE0.10
fresh,T010,0.1,PAPER:SYNUSDT:1790925599999:SHORT,SYNUSDT,Fresh_2026-10-02,True,2,3,True,True,2.514097195726058,FULL_CLOSE_050
fresh,T010,0.1,PAPER:ENAUSDT:1790980799999:SHORT,ENAUSDT,Fresh_2026-10-02,False,2,2,False,True,-0.015997373989753316,BE0.10
fresh,T010,0.1,PAPER:CVXUSDT:1790889599999:SHORT,CVXUSDT,Fresh_2026-10-01,True,3,3,False,True,1.664400223349473,FULL_CLOSE_050
fresh,T010,0.1,PAPER:DIAUSDT:1790951399999:SHORT,DIAUSDT,Fresh_2026-10-02,False,1,1,False,True,0.9129930514639889,FULL_CLOSE_050
fresh,T010,0.1,PAPER:PLUMEUSDT:1790962799999:SHORT,PLUMEUSDT,Fresh_2026-10-02,False,0,0,False,True,-1.2278246414673406,HIST_TIME_FALLBACK
fresh,T010,0.1,PAPER:XPLUSDT:1790863499999:SHORT,XPLUSDT,Fresh_2026-10-01,False,2,2,False,True,1.163279204289324,FULL_CLOSE_050
fresh,T010,0.1,PAPER:WLDUSDT:1790863499999:SHORT,WLDUSDT,Fresh_2026-10-01,False,3,3,False,True,-0.9501900380075836,HIST_TIME_FALLBACK
fresh,T010,0.1,PAPER:JUPUSDT:1790945099999:SHORT,JUPUSDT,Fresh_2026-10-02,False,0,0,False,True,-8.391993530684283,HIST_TIME_FALLBACK
fresh,T010,0.1,PAPER:MAGMAUSDT:1790893499999:SHORT,MAGMAUSDT,Fresh_2026-10-01,False,0,0,False,True,-1.1863104106670146,HIST_TIME_FALLBACK
fresh,T010,0.1,PAPER:BRUSDT:1790893499999:SHORT,BRUSDT,Fresh_2026-10-01,False,1,2,True,False,,NO_EXECUTABLE_ENTRY
fresh,T010,0.1,PAPER:STBLUSDT:1790966699999:SHORT,STBLUSDT,Fresh_2026-10-02,False,3,3,False,False,,
fresh,T010,0.1,PAPER:我踏马来了USDT:1790965499999:SHORT,我踏马来了USDT,Fresh_2026-10-02,False,1,2,True,True,-2.720049283869659,HIST_TIME_FALLBACK
fresh,T010,0.1,PAPER:1000BONKUSDT:1790966099999:SHORT,1000BONKUSDT,Fresh_2026-10-02,True,3,3,False,True,8.854179201357557,RUNNER_CLOSE
fresh,T010,0.1,PAPER:APRUSDT:1790876399999:SHORT,APRUSDT,Fresh_2026-10-01,True,0,0,False,True,3.066095221232374,FULL_CLOSE_050
fresh,T010,0.1,PAPER:CAPUSDT:1790922599999:SHORT,CAPUSDT,Fresh_2026-10-02,False,1,1,False,True,1.0968731709810076,FULL_CLOSE_050
fresh,T010,0.1,PAPER:BATUSDT:1790939699999:SHORT,BATUSDT,Fresh_2026-10-02,True,0,0,False,True,5.478832450733665,RUNNER_CLOSE
fresh,T010,0.1,PAPER:CETUSUSDT:1790839199999:SHORT,CETUSUSDT,Fresh_2026-10-01,True,1,1,False,True,1.6946242806151641,FULL_CLOSE_050
fresh,T010,0.1,PAPER:CHILLGUYUSDT:1790882699999:SHORT,CHILLGUYUSDT,Fresh_2026-10-01,False,3,3,False,True,-5.290219203747215,HIST_TIME_FALLBACK
fresh,T010,0.1,PAPER:MOVEUSDT:1790890799999:SHORT,MOVEUSDT,Fresh_2026-10-01,True,1,1,False,True,7.661231999951747,RUNNER_CLOSE
fresh,T010,0.1,PAPER:FILUSDT:1790952899999:SHORT,FILUSDT,Fresh_2026-10-02,False,2,2,False,False,,
fresh,T010,0.1,PAPER:RUNEUSDT:1790839499999:SHORT,RUNEUSDT,Fresh_2026-10-01,False,2,2,False,True,-1.4626806344120546,HIST_TIME_FALLBACK
fresh,T010,0.1,PAPER:HUSDT:1790897399999:SHORT,HUSDT,Fresh_2026-10-01,False,0,0,False,True,-0.020550399365551364,BE0.10
fresh,T010,0.1,PAPER:MONUSDT:1790959199999:SHORT,MONUSDT,Fresh_2026-10-02,False,2,2,False,False,,
fresh,T010,0.1,PAPER:ORCAUSDT:1790838299999:SHORT,ORCAUSDT,Fresh_2026-10-01,True,2,2,False,True,0.8301603711376397,FULL_CLOSE_050
fresh,T010,0.1,PAPER:RSRUSDT:1790962799999:SHORT,RSRUSDT,Fresh_2026-10-02,False,2,3,True,True,-2.7263290919567247,HIST_TIME_FALLBACK
fresh,T010,0.1,PAPER:1000000BOBUSDT:1791055799999:SHORT,1000000BOBUSDT,Fresh_2026-10-03,False,3,3,False,True,-0.9501900380076379,BE0.10
fresh,T010,0.1,PAPER:BSBUSDT:1790950199999:SHORT,BSBUSDT,Fresh_2026-10-02,False,1,2,True,True,-4.501432892993429,HIST_TIME_FALLBACK
fresh,T010,0.1,PAPER:EPICUSDT:1790922899999:SHORT,EPICUSDT,Fresh_2026-10-02,True,0,0,False,True,1.3157104827227037,FULL_CLOSE_050
fresh,T010,0.1,PAPER:SYNUSDT:1791019799999:SHORT,SYNUSDT,Fresh_2026-10-03,False,1,1,False,True,-8.058790198914433,HIST_TIME_FALLBACK
fresh,T010,0.1,PAPER:BROCCOLI714USDT:1790873699999:SHORT,BROCCOLI714USDT,Fresh_2026-10-01,False,1,2,True,True,-0.19545925770150302,BE0.10
fresh,T010,0.1,PAPER:HAEDALUSDT:1790853899999:SHORT,HAEDALUSDT,Fresh_2026-10-01,False,3,3,False,True,1.1087310521230167,FULL_CLOSE_050
fresh,T010,0.1,PAPER:VELVETUSDT:1790863499999:SHORT,VELVETUSDT,Fresh_2026-10-01,False,2,2,False,True,-1.7187292243504957,HIST_TIME_FALLBACK
fresh,T010,0.1,PAPER:ARKUSDT:1790876699999:SHORT,ARKUSDT,Fresh_2026-10-01,True,1,1,False,True,2.358030961830592,FULL_CLOSE_050
fresh,T010,0.1,PAPER:FRAXUSDT:1790951099999:SHORT,FRAXUSDT,Fresh_2026-10-02,True,1,2,True,True,1.4380503724791318,FULL_CLOSE_050
fresh,T010,0.1,PAPER:XANUSDT:1791008099999:SHORT,XANUSDT,Fresh_2026-10-03,False,2,2,False,True,-4.3790736386354165,HIST_TIME_FALLBACK
fresh,T010,0.1,PAPER:PHAUSDT:1791015299999:SHORT,PHAUSDT,Fresh_2026-10-03,False,2,2,False,True,-3.853101323942283,HIST_TIME_FALLBACK
fresh,T010,0.1,PAPER:RAYSOLUSDT:1791061799999:SHORT,RAYSOLUSDT,Fresh_2026-10-03,False,0,0,False,True,-3.611537109258515,HIST_TIME_FALLBACK
fresh,T010,0.1,PAPER:CYSUSDT:1791042299999:SHORT,CYSUSDT,Fresh_2026-10-03,False,3,3,False,True,-3.0907070387808986,HIST_TIME_FALLBACK
fresh,T010,0.1,PAPER:VVVUSDT:1790996699999:SHORT,VVVUSDT,Fresh_2026-10-03,False,0,0,False,True,-2.8483130468656936,HIST_TIME_FALLBACK
fresh,T010,0.1,PAPER:ZENUSDT:1790872799999:SHORT,ZENUSDT,Fresh_2026-10-01,False,0,0,False,True,-0.03235118462339831,BE0.10
fresh,T010,0.1,PAPER:GWEIUSDT:1790963099999:SHORT,GWEIUSDT,Fresh_2026-10-02,False,2,2,False,True,-3.099606407445633,HIST_TIME_FALLBACK
fresh,T010,0.1,PAPER:QUSDT:1790984099999:SHORT,QUSDT,Fresh_2026-10-02,True,0,0,False,True,-2.4846584562821254,HIST_TIME_FALLBACK
fresh,T010,0.1,PAPER:ATHUSDT:1790987999999:SHORT,ATHUSDT,Fresh_2026-10-03,False,0,0,False,True,-0.103713928796416,BE0.10
fresh,T010,0.1,PAPER:哈基米USDT:1790882699999:SHORT,哈基米USDT,Fresh_2026-10-01,False,2,3,True,True,-8.827183154927742,HIST_TIME_FALLBACK
fresh,T010,0.1,PAPER:RONINUSDT:1790965799999:SHORT,RONINUSDT,Fresh_2026-10-02,True,0,0,False,True,-0.49325239306190033,HIST_TIME_FALLBACK
fresh,T010,0.1,PAPER:PYTHUSDT:1790839499999:SHORT,PYTHUSDT,Fresh_2026-10-01,False,1,1,False,True,-4.3979463826488265,HIST_TIME_FALLBACK
fresh,T010,0.1,PAPER:PHAUSDT:1790951699999:SHORT,PHAUSDT,Fresh_2026-10-02,True,1,1,False,True,5.874922832447855,RUNNER_CLOSE
fresh,T010,0.1,PAPER:XNYUSDT:1790851199999:SHORT,XNYUSDT,Fresh_2026-10-01,False,1,1,False,True,2.13225778837565,FULL_CLOSE_050
fresh,T010,0.1,PAPER:DASHUSDT:1790963099999:SHORT,DASHUSDT,Fresh_2026-10-02,False,2,2,False,True,-2.657763601159539,HIST_TIME_FALLBACK
fresh,T010,0.1,PAPER:ALCHUSDT:1790882699999:SHORT,ALCHUSDT,Fresh_2026-10-01,False,0,0,False,True,-0.07793898082612194,BE0.10
fresh,T010,0.1,PAPER:JSTUSDT:1790849999999:SHORT,JSTUSDT,Fresh_2026-10-01,False,3,3,False,True,-0.007345183720595394,BE0.10
fresh,T010,0.1,PAPER:COLLECTUSDT:1790940299999:SHORT,COLLECTUSDT,Fresh_2026-10-02,True,1,1,False,True,2.229747643546826,FULL_CLOSE_050
fresh,T010,0.1,PAPER:ILVUSDT:1790963099999:SHORT,ILVUSDT,Fresh_2026-10-02,False,2,2,False,True,-1.443489067362551,HIST_TIME_FALLBACK
fresh,T010,0.1,PAPER:USUSDT:1791017699999:SHORT,USUSDT,Fresh_2026-10-03,False,2,2,False,False,,
fresh,T010,0.1,PAPER:MAGMAUSDT:1791033899999:SHORT,MAGMAUSDT,Fresh_2026-10-03,False,0,0,False,True,-2.111268181646319,HIST_TIME_FALLBACK
fresh,T010,0.1,PAPER:ONDOUSDT:1790872799999:SHORT,ONDOUSDT,Fresh_2026-10-01,False,1,1,False,True,-1.3619319175371172,HIST_TIME_FALLBACK
fresh,T010,0.1,PAPER:1000000MOGUSDT:1790868899999:SHORT,1000000MOGUSDT,Fresh_2026-10-01,False,1,1,False,True,-0.07886681774990878,BE0.10
fresh,T010,0.1,PAPER:ROBOUSDT:1790867399999:SHORT,ROBOUSDT,Fresh_2026-10-01,False,0,0,False,True,-6.4998041182514745,HIST_TIME_FALLBACK
fresh,T010,0.1,PAPER:INITUSDT:1791016499999:SHORT,INITUSDT,Fresh_2026-10-03,False,1,1,False,False,,
fresh,T010,0.1,PAPER:CRVUSDT:1790966099999:SHORT,CRVUSDT,Fresh_2026-10-02,False,2,2,False,False,,
fresh,T010,0.1,PAPER:ONUSDT:1790868899999:SHORT,ONUSDT,Fresh_2026-10-01,False,0,0,False,True,-1.4338375646143875,HIST_TIME_FALLBACK
fresh,T010,0.1,PAPER:FILUSDT:1790838899999:SHORT,FILUSDT,Fresh_2026-10-01,True,3,3,False,True,2.077191835122341,FULL_CLOSE_050
fresh,T010,0.1,PAPER:BANKUSDT:1790958899999:SHORT,BANKUSDT,Fresh_2026-10-02,False,1,1,False,True,1.5610567347583904,FULL_CLOSE_050
fresh,T010,0.1,PAPER:BLUAIUSDT:1790859599999:SHORT,BLUAIUSDT,Fresh_2026-10-01,False,3,3,False,False,,
fresh,T010,0.1,PAPER:PUMPBTCUSDT:1790925299999:SHORT,PUMPBTCUSDT,Fresh_2026-10-02,False,2,2,False,False,,
fresh,T010,0.1,PAPER:USELESSUSDT:1790842199999:SHORT,USELESSUSDT,Fresh_2026-10-01,False,2,2,False,True,0.8071164772384387,FULL_CLOSE_050
fresh,T010,0.1,PAPER:IRYSUSDT:1790860499999:SHORT,IRYSUSDT,Fresh_2026-10-01,False,2,2,False,True,-1.2662097286881986,HIST_TIME_FALLBACK
fresh,T010,0.1,PAPER:IOTAUSDT:1790846399999:SHORT,IOTAUSDT,Fresh_2026-10-01,False,0,0,False,True,-3.161048440825394,HIST_TIME_FALLBACK
fresh,T010,0.1,PAPER:ZAMAUSDT:1790882099999:SHORT,ZAMAUSDT,Fresh_2026-10-01,False,0,0,False,True,1.0806738399113982,FULL_CLOSE_050
fresh,T010,0.1,PAPER:ARPAUSDT:1790864099999:SHORT,ARPAUSDT,Fresh_2026-10-01,False,2,2,False,True,-0.03547977754529946,BE0.10
fresh,T010,0.1,PAPER:NOMUSDT:1790912699999:SHORT,NOMUSDT,Fresh_2026-10-02,False,0,0,False,True,0.9316715786766379,FULL_CLOSE_050
fresh,T010,0.1,PAPER:牛来USDT:1790828399999:SHORT,牛来USDT,Fresh_2026-10-01,False,3,3,False,True,-1.8711669539291484,HIST_TIME_FALLBACK
fresh,T010,0.1,PAPER:BSBUSDT:1790853299999:SHORT,BSBUSDT,Fresh_2026-10-01,False,1,1,False,True,-0.012783315089948954,BE0.10
fresh,T010,0.1,PAPER:AXSUSDT:1790951399999:SHORT,AXSUSDT,Fresh_2026-10-02,False,1,1,False,True,-0.29723039015112224,BE0.10
fresh,T010,0.1,PAPER:ALCHUSDT:1791030599999:SHORT,ALCHUSDT,Fresh_2026-10-03,False,0,0,False,True,-3.073413425363308,HIST_TIME_FALLBACK
fresh,T010,0.1,PAPER:THETAUSDT:1790882399999:SHORT,THETAUSDT,Fresh_2026-10-01,True,1,1,False,True,2.7036434659195465,FULL_CLOSE_050
fresh,T010,0.1,PAPER:ZAMAUSDT:1790839199999:SHORT,ZAMAUSDT,Fresh_2026-10-01,True,1,1,False,True,2.6487165570369027,FULL_CLOSE_050
fresh,T010,0.1,PAPER:NEOUSDT:1790935499999:SHORT,NEOUSDT,Fresh_2026-10-02,False,0,0,False,True,-0.9501900380076159,HIST_TIME_FALLBACK
fresh,T010,0.1,PAPER:XTZUSDT:1790965199999:SHORT,XTZUSDT,Fresh_2026-10-02,False,1,3,True,False,,NO_EXECUTABLE_ENTRY
fresh,T010,0.1,PAPER:RONINUSDT:1791014699999:SHORT,RONINUSDT,Fresh_2026-10-03,True,0,0,False,True,1.8162449181396698,FULL_CLOSE_050
fresh,T010,0.1,PAPER:GPSUSDT:1790842199999:SHORT,GPSUSDT,Fresh_2026-10-01,False,2,3,True,True,-3.24904280511674,HIST_TIME_FALLBACK
fresh,T010,0.1,PAPER:SCRUSDT:1791053699999:SHORT,SCRUSDT,Fresh_2026-10-03,False,2,2,False,True,-3.1430721926941847,HIST_TIME_FALLBACK
fresh,T010,0.1,PAPER:PROMPTUSDT:1790994299999:SHORT,PROMPTUSDT,Fresh_2026-10-03,False,1,2,True,True,-0.2056557940244686,BE0.10
fresh,T010,0.1,PAPER:APRUSDT:1790861399999:SHORT,APRUSDT,Fresh_2026-10-01,False,0,0,False,True,0.4861806651143046,FULL_CLOSE_050
fresh,T010,0.1,PAPER:APEUSDT:1790866199999:SHORT,APEUSDT,Fresh_2026-10-01,False,2,2,False,True,-0.2625867549882736,BE0.10
fresh,T010,0.1,PAPER:PENDLEUSDT:1790858699999:SHORT,PENDLEUSDT,Fresh_2026-10-01,True,3,3,False,True,1.019161147471252,FULL_CLOSE_050
fresh,T010,0.1,PAPER:EDGEUSDT:1791031199999:SHORT,EDGEUSDT,Fresh_2026-10-03,False,2,2,False,True,-0.10229642794950228,BE0.10
fresh,T010,0.1,PAPER:BTWUSDT:1790939699999:SHORT,BTWUSDT,Fresh_2026-10-02,True,0,0,False,True,6.625779766379385,RUNNER_CLOSE
fresh,T010,0.1,PAPER:ILVUSDT:1790836499999:SHORT,ILVUSDT,Fresh_2026-10-01,False,2,2,False,True,1.102925327439278,FULL_CLOSE_050
fresh,T010,0.1,PAPER:TUTUSDT:1790945699999:SHORT,TUTUSDT,Fresh_2026-10-02,False,1,1,False,True,-0.11450524662533412,BE0.10
fresh,T010,0.1,PAPER:POWERUSDT:1791065399999:SHORT,POWERUSDT,Fresh_2026-10-03,True,0,0,False,True,2.904950643564761,FULL_CLOSE_050
fresh,T010,0.1,PAPER:HANAUSDT:1791020099999:SHORT,HANAUSDT,Fresh_2026-10-03,False,2,2,False,False,,
fresh,T010,0.1,PAPER:SUSHIUSDT:1790951699999:SHORT,SUSHIUSDT,Fresh_2026-10-02,True,3,3,False,True,4.389278655731225,FULL_CLOSE_050
fresh,T010,0.1,PAPER:MARSCOINUSDT:1790959499999:SHORT,MARSCOINUSDT,Fresh_2026-10-02,False,2,2,False,False,,
fresh,T010,0.1,PAPER:XVGUSDT:1791031199999:SHORT,XVGUSDT,Fresh_2026-10-03,False,1,1,False,True,-3.8060865263385937,HIST_TIME_FALLBACK
fresh,T010,0.1,PAPER:PEOPLEUSDT:1790863499999:SHORT,PEOPLEUSDT,Fresh_2026-10-01,False,1,1,False,True,-3.2898470579938808,HIST_TIME_FALLBACK
fresh,T010,0.1,PAPER:牛来USDT:1790872799999:SHORT,牛来USDT,Fresh_2026-10-01,False,3,3,False,False,,
fresh,T010,0.1,PAPER:ICNTUSDT:1790856599999:SHORT,ICNTUSDT,Fresh_2026-10-01,False,1,1,False,True,1.1333695459175614,FULL_CLOSE_050
fresh,T010,0.1,PAPER:LYNUSDT:1790985899999:SHORT,LYNUSDT,Fresh_2026-10-03,False,2,2,False,False,,
fresh,T010,0.1,PAPER:BRETTUSDT:1790866199999:SHORT,BRETTUSDT,Fresh_2026-10-01,False,0,0,False,True,-0.2355930500875676,BE0.10
fresh,T010,0.1,PAPER:DYDXUSDT:1790965199999:SHORT,DYDXUSDT,Fresh_2026-10-02,True,3,3,False,True,3.7817833992187215,FULL_CLOSE_050
fresh,T010,0.1,PAPER:牛来USDT:1790962199999:SHORT,牛来USDT,Fresh_2026-10-02,True,0,0,False,True,10.358943975367037,RUNNER_CLOSE
fresh,T010,0.1,PAPER:EVAAUSDT:1791011999999:SHORT,EVAAUSDT,Fresh_2026-10-03,False,0,0,False,True,-3.104070108091766,HIST_TIME_FALLBACK
fresh,T010,0.1,PAPER:NMRUSDT:1790867399999:SHORT,NMRUSDT,Fresh_2026-10-01,False,2,2,False,True,-3.2996594556348984,HIST_TIME_FALLBACK
fresh,T010,0.1,PAPER:SAGAUSDT:1790890499999:SHORT,SAGAUSDT,Fresh_2026-10-01,False,2,2,False,True,1.4976104022760648,FULL_CLOSE_050
fresh,T010,0.1,PAPER:SPXUSDT:1790961899999:SHORT,SPXUSDT,Fresh_2026-10-02,True,0,0,False,True,3.0498400193737796,FULL_CLOSE_050
fresh,T010,0.1,PAPER:FOGOUSDT:1790975099999:SHORT,FOGOUSDT,Fresh_2026-10-02,False,2,2,False,False,,
fresh,T010,0.1,PAPER:FOGOUSDT:1790966099999:SHORT,FOGOUSDT,Fresh_2026-10-02,True,2,2,False,True,13.381987573311559,RUNNER_CLOSE
fresh,T010,0.1,PAPER:CTRUSDT:1790847299999:SHORT,CTRUSDT,Fresh_2026-10-01,False,1,1,False,True,-0.005782793222393279,BE0.10
fresh,T010,0.1,PAPER:TRBUSDT:1790868899999:SHORT,TRBUSDT,Fresh_2026-10-01,False,0,0,False,True,-1.310834987602681,HIST_TIME_FALLBACK
fresh,T010,0.1,PAPER:SCRUSDT:1790994299999:SHORT,SCRUSDT,Fresh_2026-10-03,False,1,2,True,True,-1.3129256829626328,HIST_TIME_FALLBACK
fresh,T010,0.1,PAPER:QNTUSDT:1791004199999:SHORT,QNTUSDT,Fresh_2026-10-03,False,2,2,False,True,-0.0016723016833556925,BE0.10
fresh,T010,0.1,PAPER:PLAYUSDT:1791015599999:SHORT,PLAYUSDT,Fresh_2026-10-03,False,2,2,False,True,-3.916073323288742,HIST_TIME_FALLBACK
fresh,T010,0.1,PAPER:PLUMEUSDT:1790866199999:SHORT,PLUMEUSDT,Fresh_2026-10-01,False,2,2,False,True,-2.5666868842013786,HIST_TIME_FALLBACK
fresh,T010,0.1,PAPER:NOMUSDT:1790914499999:SHORT,NOMUSDT,Fresh_2026-10-02,False,1,1,False,True,-0.18096193191776422,BE0.10
fresh,T010,0.1,PAPER:WAXPUSDT:1791056099999:SHORT,WAXPUSDT,Fresh_2026-10-03,False,3,3,False,True,-5.372811154181004,HIST_TIME_FALLBACK
fresh,T010,0.1,PAPER:PARTIUSDT:1791050699999:SHORT,PARTIUSDT,Fresh_2026-10-03,False,2,2,False,True,-0.06295999540214064,BE0.10
fresh,T010,0.1,PAPER:BANUSDT:1791040499999:SHORT,BANUSDT,Fresh_2026-10-03,False,3,3,False,True,-3.0880950595243526,HIST_TIME_FALLBACK
fresh,T010,0.1,PAPER:BIOUSDT:1791046799999:SHORT,BIOUSDT,Fresh_2026-10-03,False,2,2,False,True,-5.286260019087613,HIST_TIME_FALLBACK
fresh,T010,0.1,PAPER:RAVEUSDT:1790842799999:SHORT,RAVEUSDT,Fresh_2026-10-01,False,2,2,False,True,-2.1886244517581748,HIST_TIME_FALLBACK
fresh,T010,0.1,PAPER:NEARUSDT:1790839499999:SHORT,NEARUSDT,Fresh_2026-10-01,False,2,2,False,True,-3.479767079187888,HIST_TIME_FALLBACK
fresh,T010,0.1,PAPER:IMXUSDT:1790848799999:SHORT,IMXUSDT,Fresh_2026-10-01,False,2,2,False,True,-0.04444482080981249,BE0.10
fresh,T010,0.1,PAPER:GRIFFAINUSDT:1790838899999:SHORT,GRIFFAINUSDT,Fresh_2026-10-01,True,2,2,False,True,1.1784937176974712,FULL_CLOSE_050
fresh,T010,0.1,PAPER:2ZUSDT:1790957699999:SHORT,2ZUSDT,Fresh_2026-10-02,False,1,1,False,True,-0.1917427803742966,BE0.10
fresh,T010,0.1,PAPER:ONEUSDT:1790925599999:SHORT,ONEUSDT,Fresh_2026-10-02,False,2,2,False,False,,
fresh,T010,0.1,PAPER:POWERUSDT:1790929499999:SHORT,POWERUSDT,Fresh_2026-10-02,True,2,2,False,True,1.278336256229769,FULL_CLOSE_050
fresh,T010,0.1,PAPER:ONUSDT:1791031499999:SHORT,ONUSDT,Fresh_2026-10-03,False,2,2,False,False,,
fresh,T010,0.1,PAPER:API3USDT:1790863499999:SHORT,API3USDT,Fresh_2026-10-01,False,0,0,False,True,-3.3139668162473557,HIST_TIME_FALLBACK
fresh,T010,0.1,PAPER:ZECUSDT:1790882399999:SHORT,ZECUSDT,Fresh_2026-10-01,False,2,2,False,True,-0.25576811196677013,BE0.10
fresh,T010,0.1,PAPER:LUNA2USDT:1790926499999:SHORT,LUNA2USDT,Fresh_2026-10-02,False,3,3,False,True,-3.5548402848809837,HIST_TIME_FALLBACK
fresh,T010,0.1,PAPER:SAFEUSDT:1790866199999:SHORT,SAFEUSDT,Fresh_2026-10-01,False,2,2,False,True,-4.536038920036239,HIST_TIME_FALLBACK
fresh,T010,0.1,PAPER:龙虾USDT:1791061499999:SHORT,龙虾USDT,Fresh_2026-10-03,False,1,1,False,True,1.8379322715442763,FULL_CLOSE_050
fresh,T010,0.1,PAPER:STRKUSDT:1790965199999:SHORT,STRKUSDT,Fresh_2026-10-02,False,0,0,False,True,-0.13567903608612858,BE0.10
fresh,T010,0.1,PAPER:ZESTUSDT:1790850599999:SHORT,ZESTUSDT,Fresh_2026-10-01,False,2,2,False,False,,
fresh,T010,0.1,PAPER:GUNUSDT:1790840399999:SHORT,GUNUSDT,Fresh_2026-10-01,False,1,1,False,True,-1.6189611669827892,HIST_TIME_FALLBACK
fresh,T010,0.1,PAPER:ENAUSDT:1790894999999:SHORT,ENAUSDT,Fresh_2026-10-01,False,2,2,False,False,,
fresh,T010,0.1,PAPER:PROMPTUSDT:1790848199999:SHORT,PROMPTUSDT,Fresh_2026-10-01,False,2,2,False,True,-0.9501900380076529,HIST_TIME_FALLBACK
fresh,T010,0.1,PAPER:ALCHUSDT:1790978099999:SHORT,ALCHUSDT,Fresh_2026-10-02,False,2,2,False,True,-2.5642978656190762,HIST_TIME_FALLBACK
fresh,T010,0.1,PAPER:MONUSDT:1790887199999:SHORT,MONUSDT,Fresh_2026-10-01,False,2,2,False,True,-3.476846282261099,HIST_TIME_FALLBACK
fresh,T010,0.1,PAPER:QUSDT:1790921099999:SHORT,QUSDT,Fresh_2026-10-02,False,3,3,False,True,0.20286984886681264,FULL_CLOSE_050
fresh,T010,0.1,PAPER:FIGHTUSDT:1790873999999:SHORT,FIGHTUSDT,Fresh_2026-10-01,False,0,0,False,True,-0.47548620677187603,HIST_TIME_FALLBACK
fresh,T010,0.1,PAPER:CVCUSDT:1791031499999:SHORT,CVCUSDT,Fresh_2026-10-03,False,0,0,False,True,-2.8269204710062,HIST_TIME_FALLBACK
fresh,T010,0.1,PAPER:USUALUSDT:1790882999999:SHORT,USUALUSDT,Fresh_2026-10-01,False,3,3,False,True,-3.8350170898633382,HIST_TIME_FALLBACK
fresh,T010,0.1,PAPER:BRUSDT:1791028499999:SHORT,BRUSDT,Fresh_2026-10-03,False,1,1,False,False,,
fresh,T010,0.1,PAPER:ENJUSDT:1791014999999:SHORT,ENJUSDT,Fresh_2026-10-03,False,0,0,False,True,-0.06106891893469174,BE0.10
fresh,T010,0.1,PAPER:TUSDT:1790926499999:SHORT,TUSDT,Fresh_2026-10-02,False,1,2,True,True,-4.283037613625897,HIST_TIME_FALLBACK
fresh,T010,0.1,PAPER:QNTUSDT:1790964899999:SHORT,QNTUSDT,Fresh_2026-10-02,False,2,2,False,False,,
fresh,T010,0.1,PAPER:FLOWUSDT:1790861099999:SHORT,FLOWUSDT,Fresh_2026-10-01,False,2,2,False,True,-1.1126616998180485,HIST_TIME_FALLBACK
fresh,T010,0.1,PAPER:ALPINEUSDT:1790965799999:SHORT,ALPINEUSDT,Fresh_2026-10-02,True,2,2,False,True,5.317683713179801,RUNNER_CLOSE
fresh,T010,0.1,PAPER:COMPUSDT:1790950199999:SHORT,COMPUSDT,Fresh_2026-10-02,False,2,2,False,True,-3.1858080203129417,HIST_TIME_FALLBACK
fresh,T010,0.1,PAPER:CYBERUSDT:1790866199999:SHORT,CYBERUSDT,Fresh_2026-10-01,False,3,3,False,True,-1.9112944028805248,HIST_TIME_FALLBACK
fresh,T010,0.1,PAPER:ETHFIUSDT:1790962799999:SHORT,ETHFIUSDT,Fresh_2026-10-02,False,3,3,False,True,-0.026881656836470535,BE0.10
fresh,T010,0.1,PAPER:FOLKSUSDT:1790973899999:SHORT,FOLKSUSDT,Fresh_2026-10-02,False,3,3,False,False,,
fresh,T010,0.1,PAPER:POLUSDT:1790863499999:SHORT,POLUSDT,Fresh_2026-10-01,False,0,0,False,True,-2.5165029830924404,HIST_TIME_FALLBACK
fresh,T010,0.1,PAPER:MERLUSDT:1790830499999:SHORT,MERLUSDT,Fresh_2026-10-01,False,1,1,False,True,-7.455390688274124,HIST_TIME_FALLBACK
fresh,T010,0.1,PAPER:TAOUSDT:1790872799999:SHORT,TAOUSDT,Fresh_2026-10-01,False,2,2,False,False,,
fresh,T010,0.1,PAPER:THETAUSDT:1790964299999:SHORT,THETAUSDT,Fresh_2026-10-02,True,2,2,False,True,7.440571859409447,RUNNER_CLOSE
fresh,T010,0.1,PAPER:FFUSDT:1790968499999:SHORT,FFUSDT,Fresh_2026-10-02,False,1,1,False,True,-0.08286752213123333,BE0.10
fresh,T010,0.1,PAPER:2ZUSDT:1790953199999:SHORT,2ZUSDT,Fresh_2026-10-02,False,3,3,False,False,,
fresh,T010,0.1,PAPER:KASUSDT:1790871599999:SHORT,KASUSDT,Fresh_2026-10-01,False,3,3,False,True,-1.1895279247099184,HIST_TIME_FALLBACK
fresh,T010,0.1,PAPER:PENDLEUSDT:1790887499999:SHORT,PENDLEUSDT,Fresh_2026-10-01,False,1,1,False,True,-2.410889019341629,HIST_TIME_FALLBACK
fresh,T010,0.1,PAPER:METUSDT:1791051599999:SHORT,METUSDT,Fresh_2026-10-03,False,0,0,False,True,-2.6453312165989002,HIST_TIME_FALLBACK
fresh,T010,0.1,PAPER:OPENUSDT:1791029099999:SHORT,OPENUSDT,Fresh_2026-10-03,True,1,2,True,True,0.6068089978803826,FULL_CLOSE_050
fresh,T010,0.1,PAPER:1000BONKUSDT:1790839499999:SHORT,1000BONKUSDT,Fresh_2026-10-01,False,1,1,False,True,1.455778832669097,FULL_CLOSE_050
fresh,T010,0.1,PAPER:SQDUSDT:1790890799999:SHORT,SQDUSDT,Fresh_2026-10-01,False,0,0,False,True,-0.102332331303641,BE0.10
fresh,T010,0.1,PAPER:WLDUSDT:1790869499999:SHORT,WLDUSDT,Fresh_2026-10-01,False,1,2,True,False,,NO_EXECUTABLE_ENTRY
fresh,T010,0.1,PAPER:ARXUSDT:1791041099999:SHORT,ARXUSDT,Fresh_2026-10-03,False,1,1,False,True,-0.5836025681883767,BE0.10
fresh,T010,0.1,PAPER:MEWUSDT:1790839499999:SHORT,MEWUSDT,Fresh_2026-10-01,False,1,1,False,True,-0.141832847796804,BE0.10
fresh,T010,0.1,PAPER:TRUTHUSDT:1790960699999:SHORT,TRUTHUSDT,Fresh_2026-10-02,False,1,1,False,False,,
fresh,T010,0.1,PAPER:LISTAUSDT:1790864099999:SHORT,LISTAUSDT,Fresh_2026-10-01,False,0,0,False,True,-0.19333059738249647,BE0.10
fresh,T010,0.1,PAPER:WLDUSDT:1790859899999:SHORT,WLDUSDT,Fresh_2026-10-01,False,2,3,True,True,-0.3642651179475144,BE0.10
fresh,T010,0.1,PAPER:STRKUSDT:1790966099999:SHORT,STRKUSDT,Fresh_2026-10-02,False,2,2,False,False,,
fresh,T010,0.1,PAPER:GTCUSDT:1790924699999:SHORT,GTCUSDT,Fresh_2026-10-02,True,2,2,False,True,5.9090035281109055,RUNNER_CLOSE
fresh,T010,0.1,PAPER:SAFEUSDT:1790882699999:SHORT,SAFEUSDT,Fresh_2026-10-01,False,1,3,True,True,-0.0696300333115486,BE0.10
fresh,T010,0.1,PAPER:ARBUSDT:1790919599999:SHORT,ARBUSDT,Fresh_2026-10-02,False,0,0,False,True,-3.354206926360326,HIST_TIME_FALLBACK
fresh,T010,0.1,PAPER:4USDT:1790866499999:SHORT,4USDT,Fresh_2026-10-01,False,1,1,False,False,,
fresh,T010,0.1,PAPER:GENIUSUSDT:1790964599999:SHORT,GENIUSUSDT,Fresh_2026-10-02,False,3,3,False,False,,
fresh,T010,0.1,PAPER:TRUSTUSDT:1790840399999:SHORT,TRUSTUSDT,Fresh_2026-10-01,False,0,0,False,True,-0.12320310584499516,BE0.10
fresh,T010,0.1,PAPER:BABYUSDT:1790962799999:SHORT,BABYUSDT,Fresh_2026-10-02,False,0,0,False,True,-2.774443646017745,HIST_TIME_FALLBACK
fresh,T010,0.1,PAPER:THETAUSDT:1790951699999:SHORT,THETAUSDT,Fresh_2026-10-02,False,2,2,False,True,-1.3815344499317685,HIST_TIME_FALLBACK
fresh,T010,0.1,PAPER:REZUSDT:1790834999999:SHORT,REZUSDT,Fresh_2026-10-01,False,2,2,False,False,,
fresh,T010,0.1,PAPER:SYNUSDT:1790973899999:SHORT,SYNUSDT,Fresh_2026-10-02,False,0,0,False,True,1.2852982831225583,FULL_CLOSE_050
fresh,T010,0.1,PAPER:POLYXUSDT:1790861099999:SHORT,POLYXUSDT,Fresh_2026-10-01,False,3,3,False,True,-5.2093975164685205,HIST_TIME_FALLBACK
fresh,T010,0.1,PAPER:NEARUSDT:1790882699999:SHORT,NEARUSDT,Fresh_2026-10-01,True,1,3,True,True,1.2398264184086814,FULL_CLOSE_050
fresh,T010,0.1,PAPER:PUMPBTCUSDT:1790908799999:SHORT,PUMPBTCUSDT,Fresh_2026-10-02,False,0,0,False,True,1.4739028919585517,FULL_CLOSE_050
fresh,T010,0.1,PAPER:BLUAIUSDT:1790882699999:SHORT,BLUAIUSDT,Fresh_2026-10-01,True,2,2,False,True,8.538056610312786,RUNNER_CLOSE
fresh,T010,0.1,PAPER:BSVUSDT:1790914499999:SHORT,BSVUSDT,Fresh_2026-10-02,False,2,2,False,True,-4.433317602884386,HIST_TIME_FALLBACK
fresh,T010,0.1,PAPER:PONSUSDT:1790866199999:SHORT,PONSUSDT,Fresh_2026-10-01,True,2,2,False,True,1.0498249906831392,FULL_CLOSE_050
fresh,T010,0.1,PAPER:PUMPBTCUSDT:1791065999999:SHORT,PUMPBTCUSDT,Fresh_2026-10-03,False,2,2,False,False,,
fresh,T010,0.1,PAPER:DEEPUSDT:1790938199999:SHORT,DEEPUSDT,Fresh_2026-10-02,False,0,0,False,True,-0.10319310054897751,BE0.10
fresh,T010,0.1,PAPER:PROMPTUSDT:1790873699999:SHORT,PROMPTUSDT,Fresh_2026-10-01,False,2,2,False,True,-0.22646687168751162,BE0.10
fresh,T010,0.1,PAPER:TOSHIUSDT:1790926499999:SHORT,TOSHIUSDT,Fresh_2026-10-02,False,3,3,False,True,-4.551450397993204,HIST_TIME_FALLBACK
fresh,T010,0.1,PAPER:ARXUSDT:1790861699999:SHORT,ARXUSDT,Fresh_2026-10-01,False,0,0,False,True,-3.471072289997484,HIST_TIME_FALLBACK
fresh,T010,0.1,PAPER:CAPUSDT:1790973599999:SHORT,CAPUSDT,Fresh_2026-10-02,True,1,1,False,True,6.610545585100193,RUNNER_CLOSE
fresh,T010,0.1,PAPER:1000XECUSDT:1790864099999:SHORT,1000XECUSDT,Fresh_2026-10-01,False,2,2,False,True,-0.1465993402435834,BE0.10
fresh,T010,0.1,PAPER:OUSDT:1790998499999:SHORT,OUSDT,Fresh_2026-10-03,False,3,3,False,True,-0.1710846838628215,BE0.10
fresh,T010,0.1,PAPER:PROVEUSDT:1790863799999:SHORT,PROVEUSDT,Fresh_2026-10-01,False,3,3,False,False,,
fresh,T010,0.1,PAPER:MAGMAUSDT:1790868899999:SHORT,MAGMAUSDT,Fresh_2026-10-01,False,1,1,False,True,-4.5419398693630155,HIST_TIME_FALLBACK
fresh,T010,0.1,PAPER:EULUSDT:1790838899999:SHORT,EULUSDT,Fresh_2026-10-01,True,2,2,False,True,1.2077716951638546,FULL_CLOSE_050
fresh,T010,0.1,PAPER:AZTECUSDT:1790859899999:SHORT,AZTECUSDT,Fresh_2026-10-01,True,2,2,False,True,0.49238976037290116,FULL_CLOSE_050
fresh,T010,0.1,PAPER:ONEUSDT:1790868599999:SHORT,ONEUSDT,Fresh_2026-10-01,False,0,0,False,True,1.2555759215669453,FULL_CLOSE_050
fresh,T010,0.1,PAPER:FLUIDUSDT:1790976599999:SHORT,FLUIDUSDT,Fresh_2026-10-02,False,0,0,False,True,-1.5915419791197134,HIST_TIME_FALLBACK
fresh,T010,0.1,PAPER:QUSDT:1790849999999:SHORT,QUSDT,Fresh_2026-10-01,False,3,3,False,False,,
fresh,T010,0.1,PAPER:OPGUSDT:1791015599999:SHORT,OPGUSDT,Fresh_2026-10-03,False,1,1,False,True,-0.1794815083110266,BE0.10
fresh,T010,0.1,PAPER:牛来USDT:1790923199999:SHORT,牛来USDT,Fresh_2026-10-02,False,1,3,True,True,-0.19334820244955642,BE0.10
fresh,T010,0.1,PAPER:FLUIDUSDT:1791014999999:SHORT,FLUIDUSDT,Fresh_2026-10-03,True,2,2,False,True,0.8689808524999739,FULL_CLOSE_050
fresh,T010,0.1,PAPER:MITOUSDT:1791011099999:SHORT,MITOUSDT,Fresh_2026-10-03,True,1,1,False,True,1.2494498428876812,FULL_CLOSE_050
fresh,T010,0.1,PAPER:PENGUUSDT:1790951699999:SHORT,PENGUUSDT,Fresh_2026-10-02,False,2,2,False,False,,
fresh,T010,0.1,PAPER:SYNUSDT:1790923799999:SHORT,SYNUSDT,Fresh_2026-10-02,False,3,3,False,True,-0.10395676283911492,BE0.10
fresh,T010,0.1,PAPER:AEROUSDT:1790836499999:SHORT,AEROUSDT,Fresh_2026-10-01,True,2,2,False,True,1.5574623930033957,FULL_CLOSE_050
fresh,T010,0.1,PAPER:DOSUSDT:1790925299999:SHORT,DOSUSDT,Fresh_2026-10-02,False,1,1,False,True,-0.0132219705522153,BE0.10
fresh,T010,0.1,PAPER:INXUSDT:1790966099999:SHORT,INXUSDT,Fresh_2026-10-02,True,2,2,False,True,9.013623714024925,RUNNER_CLOSE
fresh,T010,0.1,PAPER:1000000BOBUSDT:1790847599999:SHORT,1000000BOBUSDT,Fresh_2026-10-01,True,2,2,False,False,,
fresh,T010,0.1,PAPER:MASKUSDT:1790960699999:SHORT,MASKUSDT,Fresh_2026-10-02,True,1,1,False,True,2.9541320517798195,FULL_CLOSE_050
fresh,T010,0.1,PAPER:CFGUSDT:1790908499999:SHORT,CFGUSDT,Fresh_2026-10-02,False,0,0,False,True,-2.6401805513026693,HIST_TIME_FALLBACK
fresh,T010,0.1,PAPER:1000000BOBUSDT:1790887499999:SHORT,1000000BOBUSDT,Fresh_2026-10-01,False,3,3,False,False,,
fresh,T010,0.1,PAPER:PUMPBTCUSDT:1790939399999:SHORT,PUMPBTCUSDT,Fresh_2026-10-02,False,2,2,False,True,-0.9501900380075656,BE0.10
fresh,T010,0.1,PAPER:ZENUSDT:1790839499999:SHORT,ZENUSDT,Fresh_2026-10-01,False,1,3,True,True,-5.1706581226404165,HIST_TIME_FALLBACK
fresh,T010,0.1,PAPER:BEAMXUSDT:1790964599999:SHORT,BEAMXUSDT,Fresh_2026-10-02,True,0,0,False,True,1.6180595377471785,FULL_CLOSE_050
fresh,T010,0.1,PAPER:JTOUSDT:1790890499999:SHORT,JTOUSDT,Fresh_2026-10-01,False,3,3,False,True,-0.009789530703486371,BE0.10
fresh,T010,0.1,PAPER:PEOPLEUSDT:1790962799999:SHORT,PEOPLEUSDT,Fresh_2026-10-02,False,2,3,True,True,-1.7696408565790644,HIST_TIME_FALLBACK
fresh,T010,0.1,PAPER:THEUSDT:1790994599999:SHORT,THEUSDT,Fresh_2026-10-03,False,1,1,False,True,-3.4276036813081294,HIST_TIME_FALLBACK
fresh,T010,0.1,PAPER:BLUAIUSDT:1790881799999:SHORT,BLUAIUSDT,Fresh_2026-10-01,False,0,0,False,True,-0.01309299686158999,BE0.10
fresh,T010,0.1,PAPER:ONEUSDT:1790866499999:SHORT,ONEUSDT,Fresh_2026-10-01,False,3,3,False,False,,
fresh,T010,0.1,PAPER:PROMPTUSDT:1790951399999:SHORT,PROMPTUSDT,Fresh_2026-10-02,False,3,3,False,True,-0.7039651535816007,BE0.10
fresh,T010,0.1,PAPER:PLAYUSDT:1790975099999:SHORT,PLAYUSDT,Fresh_2026-10-02,False,0,0,False,True,-3.0412817701715165,HIST_TIME_FALLBACK
fresh,T010,0.1,PAPER:DUSKUSDT:1790863199999:SHORT,DUSKUSDT,Fresh_2026-10-01,True,1,1,False,True,-0.021909667051607074,BE0.10
fresh,T010,0.1,PAPER:ATUSDT:1790879699999:SHORT,ATUSDT,Fresh_2026-10-01,False,0,0,False,True,0.9689480707643556,FULL_CLOSE_050
fresh,T010,0.1,PAPER:REZUSDT:1790834099999:SHORT,REZUSDT,Fresh_2026-10-01,False,1,1,False,True,-0.21109990295886222,BE0.10
fresh,T010,0.1,PAPER:MIRAUSDT:1790976599999:SHORT,MIRAUSDT,Fresh_2026-10-02,False,2,2,False,True,-2.5342887406594916,HIST_TIME_FALLBACK
fresh,T010,0.1,PAPER:4USDT:1790962799999:SHORT,4USDT,Fresh_2026-10-02,False,0,0,False,True,-0.9501900380076589,BE0.10
fresh,T010,0.1,PAPER:FIGHTUSDT:1791022799999:SHORT,FIGHTUSDT,Fresh_2026-10-03,False,1,1,False,True,1.115457238628037,FULL_CLOSE_050
fresh,T010,0.1,PAPER:MELANIAUSDT:1790839499999:SHORT,MELANIAUSDT,Fresh_2026-10-01,False,1,1,False,True,-0.19087992797645648,BE0.10
fresh,T010,0.1,PAPER:FARTCOINUSDT:1790839499999:SHORT,FARTCOINUSDT,Fresh_2026-10-01,False,1,1,False,True,-0.09499324409303361,BE0.10
fresh,T010,0.1,PAPER:TLMUSDT:1790912699999:SHORT,TLMUSDT,Fresh_2026-10-02,False,1,1,False,True,-3.410018981683281,HIST_TIME_FALLBACK
fresh,T010,0.1,PAPER:MARSCOINUSDT:1790890199999:SHORT,MARSCOINUSDT,Fresh_2026-10-01,True,2,2,False,True,1.5982796272881417,FULL_CLOSE_050
fresh,T010,0.1,PAPER:POWERUSDT:1790987699999:SHORT,POWERUSDT,Fresh_2026-10-03,False,2,2,False,True,-2.896438832867651,HIST_TIME_FALLBACK
fresh,T010,0.1,PAPER:ROBOUSDT:1790859899999:SHORT,ROBOUSDT,Fresh_2026-10-01,False,0,0,False,True,0.7000578412386667,FULL_CLOSE_050
fresh,T010,0.1,PAPER:1000000BOBUSDT:1790958299999:SHORT,1000000BOBUSDT,Fresh_2026-10-02,True,0,0,False,True,-0.06578157504290699,BE0.10
fresh,T010,0.1,PAPER:HEIUSDT:1790867999999:SHORT,HEIUSDT,Fresh_2026-10-01,False,0,0,False,True,-3.3788567282189135,HIST_TIME_FALLBACK
fresh,T010,0.1,PAPER:XNYUSDT:1790923199999:SHORT,XNYUSDT,Fresh_2026-10-02,True,1,1,False,True,3.757186604421646,FULL_CLOSE_050
fresh,T010,0.1,PAPER:1000000BOBUSDT:1791059999999:SHORT,1000000BOBUSDT,Fresh_2026-10-03,True,2,2,False,False,,
fresh,T010,0.1,PAPER:ELSAUSDT:1790993099999:SHORT,ELSAUSDT,Fresh_2026-10-03,False,3,3,False,True,-0.8564142436955655,HIST_TIME_FALLBACK
fresh,T010,0.1,PAPER:CAPUSDT:1791023099999:SHORT,CAPUSDT,Fresh_2026-10-03,False,1,1,False,True,-3.936151972618627,HIST_TIME_FALLBACK
fresh,T010,0.1,PAPER:BTWUSDT:1790927399999:SHORT,BTWUSDT,Fresh_2026-10-02,False,0,0,False,True,-0.015829157881316946,BE0.10
fresh,T010,0.1,PAPER:INITUSDT:1790840999999:SHORT,INITUSDT,Fresh_2026-10-01,False,3,3,False,False,,
fresh,T010,0.1,PAPER:AVAAIUSDT:1791031199999:SHORT,AVAAIUSDT,Fresh_2026-10-03,True,2,3,True,True,1.6271120857563797,FULL_CLOSE_050
fresh,T010,0.1,PAPER:FLOCKUSDT:1790884199999:SHORT,FLOCKUSDT,Fresh_2026-10-01,False,2,2,False,False,,
fresh,T010,0.1,PAPER:XPINUSDT:1790854199999:SHORT,XPINUSDT,Fresh_2026-10-01,False,0,0,False,True,-0.9501900380075736,HIST_TIME_FALLBACK
fresh,T010,0.1,PAPER:BBUSDT:1790839499999:SHORT,BBUSDT,Fresh_2026-10-01,False,1,1,False,True,-0.37709188121963627,BE0.10
fresh,T010,0.1,PAPER:CVCUSDT:1790899799999:SHORT,CVCUSDT,Fresh_2026-10-02,False,1,3,True,True,-3.401586659153512,HIST_TIME_FALLBACK
fresh,T010,0.1,PAPER:USTCUSDT:1790858699999:SHORT,USTCUSDT,Fresh_2026-10-01,True,0,0,False,True,0.839100002979316,FULL_CLOSE_050
fresh,T010,0.1,PAPER:TUSDT:1790988899999:SHORT,TUSDT,Fresh_2026-10-03,False,2,2,False,True,-0.03756434969759309,BE0.10
fresh,T010,0.1,PAPER:DEXEUSDT:1790942999999:SHORT,DEXEUSDT,Fresh_2026-10-02,False,1,1,False,True,-2.4602207771871236,HIST_TIME_FALLBACK
fresh,T010,0.1,PAPER:AKEUSDT:1790849399999:SHORT,AKEUSDT,Fresh_2026-10-01,True,1,1,False,True,-0.00012511603124526482,BE0.10
fresh,T010,0.1,PAPER:VELODROMEUSDT:1790950199999:SHORT,VELODROMEUSDT,Fresh_2026-10-02,False,3,3,False,False,,
fresh,T010,0.1,PAPER:GRASSUSDT:1790841899999:SHORT,GRASSUSDT,Fresh_2026-10-01,True,0,0,False,True,0.772466193841076,FULL_CLOSE_050
fresh,T010,0.1,PAPER:METUSDT:1790839499999:SHORT,METUSDT,Fresh_2026-10-01,False,1,1,False,False,,
fresh,T010,0.1,PAPER:JOEUSDT:1790873399999:SHORT,JOEUSDT,Fresh_2026-10-01,False,2,3,True,False,,NO_EXECUTABLE_ENTRY
fresh,T010,0.1,PAPER:SWARMSUSDT:1790830499999:SHORT,SWARMSUSDT,Fresh_2026-10-01,True,0,0,False,True,1.6706224752804157,FULL_CLOSE_050
fresh,T010,0.1,PAPER:VELVETUSDT:1790923499999:SHORT,VELVETUSDT,Fresh_2026-10-02,False,0,0,False,True,-0.1375679762575337,BE0.10
fresh,T010,0.1,PAPER:TAUSDT:1790890499999:SHORT,TAUSDT,Fresh_2026-10-01,False,0,0,False,True,1.7794565519648466,FULL_CLOSE_050
fresh,T010,0.1,PAPER:LYNUSDT:1790964599999:SHORT,LYNUSDT,Fresh_2026-10-02,False,0,0,False,True,-0.1575135692220747,BE0.10
fresh,T010,0.1,PAPER:BRUSDT:1790894099999:SHORT,BRUSDT,Fresh_2026-10-01,False,3,3,False,True,1.8213436222662922,FULL_CLOSE_050
fresh,T010,0.1,PAPER:TAKEUSDT:1790931899999:SHORT,TAKEUSDT,Fresh_2026-10-02,False,0,0,False,True,-3.0197515472087013,HIST_TIME_FALLBACK
fresh,T010,0.1,PAPER:MEWUSDT:1791016199999:SHORT,MEWUSDT,Fresh_2026-10-03,False,1,3,True,True,-2.410444384676181,HIST_TIME_FALLBACK
fresh,T010,0.1,PAPER:ARBUSDT:1790968199999:SHORT,ARBUSDT,Fresh_2026-10-02,True,2,3,True,True,1.2321684436162297,FULL_CLOSE_050
fresh,T010,0.1,PAPER:NOMUSDT:1791063299999:SHORT,NOMUSDT,Fresh_2026-10-03,False,1,2,True,True,-3.457244412154474,HIST_TIME_FALLBACK
fresh,T010,0.1,PAPER:COTIUSDT:1790938799999:SHORT,COTIUSDT,Fresh_2026-10-02,False,2,2,False,True,-0.01902062103770885,BE0.10
fresh,T010,0.1,PAPER:AGLDUSDT:1791015899999:SHORT,AGLDUSDT,Fresh_2026-10-03,False,1,1,False,True,-0.006598727851094499,BE0.10
fresh,T010,0.1,PAPER:AZTECUSDT:1790936399999:SHORT,AZTECUSDT,Fresh_2026-10-02,False,2,3,True,True,-0.09838880708647002,BE0.10
fresh,T010,0.1,PAPER:VTHOUSDT:1790965499999:SHORT,VTHOUSDT,Fresh_2026-10-02,True,2,3,True,True,0.6881101971658669,FULL_CLOSE_050
fresh,T010,0.1,PAPER:WUSDT:1790966099999:SHORT,WUSDT,Fresh_2026-10-02,True,2,2,False,False,,
fresh,T010,0.1,PAPER:PONSUSDT:1790995499999:SHORT,PONSUSDT,Fresh_2026-10-03,True,1,2,True,True,-4.522325076337809,HIST_TIME_FALLBACK
fresh,T010,0.1,PAPER:BTWUSDT:1790987099999:SHORT,BTWUSDT,Fresh_2026-10-03,False,0,0,False,True,-0.7274977313249941,HIST_TIME_FALLBACK
fresh,T010,0.1,PAPER:STARUSDT:1790836499999:SHORT,STARUSDT,Fresh_2026-10-01,False,3,3,False,True,-0.25145303348783643,BE0.10
fresh,T010,0.1,PAPER:RIVERUSDT:1790882699999:SHORT,RIVERUSDT,Fresh_2026-10-01,False,0,0,False,True,1.147778067767912,FULL_CLOSE_050
fresh,T010,0.1,PAPER:1000XECUSDT:1790879399999:SHORT,1000XECUSDT,Fresh_2026-10-01,False,3,3,False,True,-3.122556020813501,HIST_TIME_FALLBACK
fresh,T010,0.1,PAPER:OPUSDT:1790839499999:SHORT,OPUSDT,Fresh_2026-10-01,False,2,2,False,True,-3.4045629053432203,HIST_TIME_FALLBACK
fresh,T010,0.1,PAPER:ARUSDT:1791001199999:SHORT,ARUSDT,Fresh_2026-10-03,False,1,2,True,True,0.9163219733204049,FULL_CLOSE_050
fresh,T010,0.1,PAPER:ROSEUSDT:1790834099999:SHORT,ROSEUSDT,Fresh_2026-10-01,False,0,0,False,True,-2.681704308391275,HIST_TIME_FALLBACK
fresh,T010,0.1,PAPER:HEIUSDT:1790848199999:SHORT,HEIUSDT,Fresh_2026-10-01,False,0,0,False,True,-13.547810194624825,HIST_TIME_FALLBACK
fresh,T010,0.1,PAPER:PUMPBTCUSDT:1790871899999:SHORT,PUMPBTCUSDT,Fresh_2026-10-01,True,2,2,False,False,,
fresh,T010,0.1,PAPER:SQDUSDT:1790927399999:SHORT,SQDUSDT,Fresh_2026-10-02,False,3,3,False,False,,
fresh,T010,0.1,PAPER:AVAAIUSDT:1790882699999:SHORT,AVAAIUSDT,Fresh_2026-10-01,False,2,3,True,True,-4.075582729135412,HIST_TIME_FALLBACK
fresh,T010,0.1,PAPER:COTIUSDT:1790936399999:SHORT,COTIUSDT,Fresh_2026-10-02,False,0,0,False,True,-2.505100617723195,HIST_TIME_FALLBACK
fresh,T010,0.1,PAPER:FFUSDT:1790953499999:SHORT,FFUSDT,Fresh_2026-10-02,False,0,0,False,True,-0.08979954292673226,BE0.10
fresh,T010,0.1,PAPER:SPORTFUNUSDT:1790979599999:SHORT,SPORTFUNUSDT,Fresh_2026-10-02,False,2,2,False,True,-1.531240751922931,HIST_TIME_FALLBACK
fresh,T010,0.1,PAPER:JCTUSDT:1790863799999:SHORT,JCTUSDT,Fresh_2026-10-01,True,1,1,False,False,,
fresh,T010,0.1,PAPER:ETCUSDT:1790966399999:SHORT,ETCUSDT,Fresh_2026-10-02,False,2,2,False,False,,
fresh,T010,0.1,PAPER:NILUSDT:1790903699999:SHORT,NILUSDT,Fresh_2026-10-02,False,3,3,False,False,,
fresh,T010,0.1,PAPER:NAORISUSDT:1790922599999:SHORT,NAORISUSDT,Fresh_2026-10-02,False,1,3,True,False,,NO_EXECUTABLE_ENTRY
fresh,T010,0.1,PAPER:ARXUSDT:1790960699999:SHORT,ARXUSDT,Fresh_2026-10-02,True,1,1,False,True,4.378987829504217,FULL_CLOSE_050
fresh,T010,0.1,PAPER:USUALUSDT:1790926499999:SHORT,USUALUSDT,Fresh_2026-10-02,False,1,1,False,True,-2.51032555998081,HIST_TIME_FALLBACK
fresh,T010,0.1,PAPER:HUMAUSDT:1790840099999:SHORT,HUMAUSDT,Fresh_2026-10-01,True,0,0,False,True,2.1978805904836394,FULL_CLOSE_050
fresh,T010,0.1,PAPER:CTKUSDT:1790966699999:SHORT,CTKUSDT,Fresh_2026-10-02,False,3,3,False,True,-0.13225672095204227,BE0.10
fresh,T010,0.1,PAPER:HANAUSDT:1791018899999:SHORT,HANAUSDT,Fresh_2026-10-03,False,2,2,False,False,,
fresh,T010,0.1,PAPER:ONDOUSDT:1790966099999:SHORT,ONDOUSDT,Fresh_2026-10-02,False,2,2,False,False,,
fresh,T010,0.1,PAPER:OPENUSDT:1790964299999:SHORT,OPENUSDT,Fresh_2026-10-02,True,2,2,False,True,2.1090930179925236,FULL_CLOSE_050
fresh,T010,0.1,PAPER:BRUSDT:1790897099999:SHORT,BRUSDT,Fresh_2026-10-01,False,1,1,False,False,,
fresh,T010,0.1,PAPER:NEIROUSDT:1790859899999:SHORT,NEIROUSDT,Fresh_2026-10-01,False,0,0,False,True,1.1189957547984062,FULL_CLOSE_050
fresh,T010,0.1,PAPER:STRKUSDT:1790968799999:SHORT,STRKUSDT,Fresh_2026-10-02,False,1,3,True,True,-1.0720437843654271,HIST_TIME_FALLBACK
fresh,T010,0.1,PAPER:NILUSDT:1790842199999:SHORT,NILUSDT,Fresh_2026-10-01,False,1,2,True,False,,NO_EXECUTABLE_ENTRY
fresh,T010,0.1,PAPER:ILVUSDT:1790965499999:SHORT,ILVUSDT,Fresh_2026-10-02,True,3,3,False,False,,
fresh,T010,0.1,PAPER:TWTUSDT:1790849099999:SHORT,TWTUSDT,Fresh_2026-10-01,False,2,2,False,False,,
fresh,T010,0.1,PAPER:INITUSDT:1790991299999:SHORT,INITUSDT,Fresh_2026-10-03,False,2,2,False,True,-2.646575883942646,HIST_TIME_FALLBACK
fresh,T010,0.1,PAPER:MIRAUSDT:1791016199999:SHORT,MIRAUSDT,Fresh_2026-10-03,False,0,0,False,True,1.9107845668962566,FULL_CLOSE_050
fresh,T010,0.1,PAPER:MELANIAUSDT:1791036599999:SHORT,MELANIAUSDT,Fresh_2026-10-03,False,2,3,True,True,-3.257431167431875,HIST_TIME_FALLBACK
fresh,T010,0.1,PAPER:LABUSDT:1791054899999:SHORT,LABUSDT,Fresh_2026-10-03,True,1,1,False,True,1.2673040627000618,FULL_CLOSE_050
fresh,T010,0.1,PAPER:TRUTHUSDT:1791031799999:SHORT,TRUTHUSDT,Fresh_2026-10-03,False,3,3,False,True,-0.15060469382574337,BE0.10
fresh,T010,0.1,PAPER:UAIUSDT:1791014699999:SHORT,UAIUSDT,Fresh_2026-10-03,True,1,1,False,True,1.1348159600681993,FULL_CLOSE_050
fresh,T010,0.1,PAPER:STXUSDT:1790880599999:SHORT,STXUSDT,Fresh_2026-10-01,False,2,2,False,True,-1.6091884451139509,HIST_TIME_FALLBACK
fresh,T010,0.1,PAPER:NOMUSDT:1790903399999:SHORT,NOMUSDT,Fresh_2026-10-02,False,0,0,False,True,-0.215131021799066,BE0.10
fresh,T010,0.1,PAPER:ATUSDT:1791041099999:SHORT,ATUSDT,Fresh_2026-10-03,False,0,0,False,True,3.183689159003061,FULL_CLOSE_050
fresh,T010,0.1,PAPER:GRASSUSDT:1790888999999:SHORT,GRASSUSDT,Fresh_2026-10-01,True,1,1,False,True,-0.012107657945023498,BE0.10
fresh,T010,0.1,PAPER:VELODROMEUSDT:1790838899999:SHORT,VELODROMEUSDT,Fresh_2026-10-01,True,0,0,False,True,5.341956205486936,RUNNER_CLOSE
fresh,T010,0.1,PAPER:NILUSDT:1790942699999:SHORT,NILUSDT,Fresh_2026-10-02,False,2,2,False,True,-0.8266064828815396,HIST_TIME_FALLBACK
fresh,T010,0.1,PAPER:STRKUSDT:1790842199999:SHORT,STRKUSDT,Fresh_2026-10-01,False,2,2,False,True,-0.14540677428081095,BE0.10
fresh,T010,0.1,PAPER:1000CHEEMSUSDT:1790966699999:SHORT,1000CHEEMSUSDT,Fresh_2026-10-02,False,2,2,False,False,,
fresh,T010,0.1,PAPER:TAOUSDT:1790965799999:SHORT,TAOUSDT,Fresh_2026-10-02,True,1,1,False,True,2.1839407285295747,FULL_CLOSE_050
fresh,T010,0.1,PAPER:CFGUSDT:1790966399999:SHORT,CFGUSDT,Fresh_2026-10-02,False,0,0,False,True,-4.116161022084911,HIST_TIME_FALLBACK
fresh,T010,0.1,PAPER:EDENUSDT:1790965799999:SHORT,EDENUSDT,Fresh_2026-10-02,True,1,1,False,True,1.6146700305047748,FULL_CLOSE_050
fresh,T010,0.1,PAPER:POWERUSDT:1790890799999:SHORT,POWERUSDT,Fresh_2026-10-01,False,0,0,False,True,-2.750373633134391,HIST_TIME_FALLBACK
fresh,T010,0.1,PAPER:FHEUSDT:1791005699999:SHORT,FHEUSDT,Fresh_2026-10-03,False,0,0,False,True,-0.25910602046775105,BE0.10
fresh,T010,0.1,PAPER:MYXUSDT:1790966399999:SHORT,MYXUSDT,Fresh_2026-10-02,False,0,0,False,True,-6.085046911199443,HIST_TIME_FALLBACK
fresh,T010,0.1,PAPER:ROBOUSDT:1790965499999:SHORT,ROBOUSDT,Fresh_2026-10-02,True,2,2,False,True,13.584513505488648,RUNNER_CLOSE
fresh,T010,0.1,PAPER:CROSSUSDT:1791017099999:SHORT,CROSSUSDT,Fresh_2026-10-03,False,2,2,False,False,,
fresh,T010,0.1,PAPER:MOVEUSDT:1790960699999:SHORT,MOVEUSDT,Fresh_2026-10-02,True,2,2,False,True,-0.04598999579138496,BE0.10
fresh,T010,0.1,PAPER:ZKPUSDT:1790842499999:SHORT,ZKPUSDT,Fresh_2026-10-01,False,1,1,False,True,-0.1265369075460105,BE0.10
fresh,T010,0.1,PAPER:ZETAUSDT:1790985899999:SHORT,ZETAUSDT,Fresh_2026-10-03,False,0,0,False,True,-0.019945001802336493,BE0.10
fresh,T010,0.1,PAPER:POWERUSDT:1791033599999:SHORT,POWERUSDT,Fresh_2026-10-03,False,1,1,False,True,-0.1246449018865804,BE0.10
fresh,T010,0.1,PAPER:COMPUSDT:1790863499999:SHORT,COMPUSDT,Fresh_2026-10-01,False,0,0,False,True,-3.4719794084760855,HIST_TIME_FALLBACK
fresh,T010,0.1,PAPER:SYNUSDT:1790885099999:SHORT,SYNUSDT,Fresh_2026-10-01,True,0,0,False,True,-1.1636890794484025,HIST_TIME_FALLBACK
fresh,T010,0.1,PAPER:HYPEUSDT:1790951699999:SHORT,HYPEUSDT,Fresh_2026-10-02,False,2,3,True,True,1.0933603718340255,FULL_CLOSE_050
fresh,T010,0.1,PAPER:SLPUSDT:1790936099999:SHORT,SLPUSDT,Fresh_2026-10-02,True,0,0,False,True,1.3524279256465195,FULL_CLOSE_050
fresh,T010,0.1,PAPER:PLAYUSDT:1790882999999:SHORT,PLAYUSDT,Fresh_2026-10-01,False,3,3,False,True,-1.4339933788948558,HIST_TIME_FALLBACK
fresh,T010,0.1,PAPER:PONSUSDT:1790976599999:SHORT,PONSUSDT,Fresh_2026-10-02,True,2,2,False,True,-5.102012954709281,HIST_TIME_FALLBACK
fresh,T010,0.1,PAPER:AUCTIONUSDT:1790866199999:SHORT,AUCTIONUSDT,Fresh_2026-10-01,False,1,2,True,False,,NO_EXECUTABLE_ENTRY
fresh,T010,0.1,PAPER:ARXUSDT:1790882999999:SHORT,ARXUSDT,Fresh_2026-10-01,False,0,0,False,True,-1.4878647856317206,HIST_TIME_FALLBACK
fresh,T010,0.1,PAPER:MUSDT:1791058199999:SHORT,MUSDT,Fresh_2026-10-03,False,0,0,False,True,-3.231488780544721,HIST_TIME_FALLBACK
fresh,T010,0.1,PAPER:ENAUSDT:1790979299999:SHORT,ENAUSDT,Fresh_2026-10-02,False,1,1,False,True,-0.02836086356128542,BE0.10
fresh,T010,0.1,PAPER:哈基米USDT:1790962799999:SHORT,哈基米USDT,Fresh_2026-10-02,True,2,2,False,False,,
fresh,T010,0.1,PAPER:KMNOUSDT:1790848799999:SHORT,KMNOUSDT,Fresh_2026-10-01,True,1,1,False,True,-0.11847241867074537,BE0.10
fresh,T010,0.1,PAPER:WLDUSDT:1791012599999:SHORT,WLDUSDT,Fresh_2026-10-03,True,2,2,False,True,-1.6752672642078732,HIST_TIME_FALLBACK
fresh,T010,0.1,PAPER:哈基米USDT:1791001499999:SHORT,哈基米USDT,Fresh_2026-10-03,False,2,2,False,True,-0.1293058300081783,BE0.10
fresh,T010,0.1,PAPER:MAGICUSDT:1790990699999:SHORT,MAGICUSDT,Fresh_2026-10-03,False,2,2,False,True,1.5449423977268113,FULL_CLOSE_050
fresh,T010,0.1,PAPER:FLOCKUSDT:1790882999999:SHORT,FLOCKUSDT,Fresh_2026-10-01,True,0,0,False,True,4.057985172958385,FULL_CLOSE_050
fresh,T010,0.1,PAPER:USUSDT:1790957999999:SHORT,USUSDT,Fresh_2026-10-02,True,1,1,False,True,-0.16374040715446286,BE0.10
fresh,T010,0.1,PAPER:MOVRUSDT:1791008699999:SHORT,MOVRUSDT,Fresh_2026-10-03,False,2,2,False,False,,
fresh,T010,0.1,PAPER:XANUSDT:1790961899999:SHORT,XANUSDT,Fresh_2026-10-02,False,0,0,False,True,1.8617943446994034,FULL_CLOSE_050
fresh,T010,0.1,PAPER:LISTAUSDT:1790946599999:SHORT,LISTAUSDT,Fresh_2026-10-02,False,1,1,False,True,-1.2358738583694429,HIST_TIME_FALLBACK
fresh,T010,0.1,PAPER:BERAUSDT:1790839499999:SHORT,BERAUSDT,Fresh_2026-10-01,False,2,2,False,True,-3.622665385233037,HIST_TIME_FALLBACK
fresh,T010,0.1,PAPER:LPTUSDT:1790997599999:SHORT,LPTUSDT,Fresh_2026-10-03,False,2,2,False,False,,
fresh,T010,0.1,PAPER:PROMPTUSDT:1790903399999:SHORT,PROMPTUSDT,Fresh_2026-10-02,False,3,3,False,True,-1.9660706875012948,HIST_TIME_FALLBACK
fresh,T010,0.1,PAPER:JUPUSDT:1790966399999:SHORT,JUPUSDT,Fresh_2026-10-02,True,2,2,False,False,,
fresh,T010,0.1,PAPER:JTOUSDT:1790842199999:SHORT,JTOUSDT,Fresh_2026-10-01,False,2,2,False,True,-4.33372493124235,HIST_TIME_FALLBACK
fresh,T010,0.1,PAPER:FETUSDT:1790919599999:SHORT,FETUSDT,Fresh_2026-10-02,False,0,0,False,True,-2.864842273597039,HIST_TIME_FALLBACK
fresh,T010,0.1,PAPER:DATAIPUSDT:1790897699999:SHORT,DATAIPUSDT,Fresh_2026-10-01,True,2,2,False,True,1.8320713239452235,FULL_CLOSE_050
fresh,T010,0.1,PAPER:CCUSDT:1790919299999:SHORT,CCUSDT,Fresh_2026-10-02,False,0,0,False,True,1.0499439103670498,FULL_CLOSE_050
fresh,T010,0.1,PAPER:LITUSDT:1790861099999:SHORT,LITUSDT,Fresh_2026-10-01,False,0,0,False,True,-0.004070138652935373,BE0.10
fresh,T010,0.1,PAPER:EDUUSDT:1790965799999:SHORT,EDUUSDT,Fresh_2026-10-02,True,3,3,False,True,11.519654553686552,RUNNER_CLOSE
fresh,T010,0.1,PAPER:DOODUSDT:1790966399999:SHORT,DOODUSDT,Fresh_2026-10-02,False,2,2,False,False,,
fresh,T010,0.1,PAPER:TRIAUSDT:1790903399999:SHORT,TRIAUSDT,Fresh_2026-10-02,False,3,3,False,True,2.420686662585104,FULL_CLOSE_050
fresh,T010,0.1,PAPER:ARKUSDT:1790991299999:SHORT,ARKUSDT,Fresh_2026-10-03,True,0,0,False,True,2.9340015432766298,FULL_CLOSE_050
fresh,T010,0.1,PAPER:USELESSUSDT:1791001199999:SHORT,USELESSUSDT,Fresh_2026-10-03,True,2,3,True,True,1.7542704911181823,FULL_CLOSE_050
fresh,T010,0.1,PAPER:APRUSDT:1790852999999:SHORT,APRUSDT,Fresh_2026-10-01,False,2,2,False,False,,
fresh,T010,0.1,PAPER:HUMAUSDT:1790855099999:SHORT,HUMAUSDT,Fresh_2026-10-01,True,0,0,False,True,1.5340909942761574,FULL_CLOSE_050
fresh,T010,0.1,PAPER:币安人生USDT:1790965499999:SHORT,币安人生USDT,Fresh_2026-10-02,True,1,2,True,True,7.261008486298431,RUNNER_CLOSE
fresh,T010,0.1,PAPER:ZENUSDT:1790965199999:SHORT,ZENUSDT,Fresh_2026-10-02,True,1,3,True,True,0.9998215232427969,FULL_CLOSE_050
fresh,T010,0.1,PAPER:BRUSDT:1791032999999:SHORT,BRUSDT,Fresh_2026-10-03,False,3,3,False,False,,
fresh,T010,0.1,PAPER:ZKUSDT:1790924699999:SHORT,ZKUSDT,Fresh_2026-10-02,False,2,2,False,False,,
fresh,T010,0.1,PAPER:ONUSDT:1791040499999:SHORT,ONUSDT,Fresh_2026-10-03,True,2,2,False,True,0.991905752634519,FULL_CLOSE_050
fresh,T010,0.1,PAPER:NEOUSDT:1790873699999:SHORT,NEOUSDT,Fresh_2026-10-01,False,1,2,True,True,-0.14990995801085288,BE0.10
fresh,T010,0.1,PAPER:AEROUSDT:1790961299999:SHORT,AEROUSDT,Fresh_2026-10-02,False,1,1,False,True,-0.1108404352094638,BE0.10
fresh,T010,0.1,PAPER:ARKUSDT:1790924699999:SHORT,ARKUSDT,Fresh_2026-10-02,True,1,2,True,True,1.1173531975785365,FULL_CLOSE_050
fresh,T010,0.1,PAPER:MITOUSDT:1790864099999:SHORT,MITOUSDT,Fresh_2026-10-01,False,2,2,False,True,-3.5438438724014416,HIST_TIME_FALLBACK
fresh,T010,0.1,PAPER:VIRTUALUSDT:1790966099999:SHORT,VIRTUALUSDT,Fresh_2026-10-02,False,2,2,False,False,,
fresh,T010,0.1,PAPER:KMNOUSDT:1790847899999:SHORT,KMNOUSDT,Fresh_2026-10-01,False,3,3,False,False,,
fresh,T010,0.1,PAPER:PUMPBTCUSDT:1790872199999:SHORT,PUMPBTCUSDT,Fresh_2026-10-01,False,0,0,False,True,-1.5674220849102916,HIST_TIME_FALLBACK
fresh,T010,0.1,PAPER:JASMYUSDT:1790996099999:SHORT,JASMYUSDT,Fresh_2026-10-03,False,3,3,False,True,-0.08762509250839112,BE0.10
fresh,T010,0.1,PAPER:LDOUSDT:1791031199999:SHORT,LDOUSDT,Fresh_2026-10-03,False,0,0,False,True,-0.07160260485622721,BE0.10
fresh,T010,0.1,PAPER:STABLEUSDT:1790874899999:SHORT,STABLEUSDT,Fresh_2026-10-01,False,1,1,False,True,-8.280041034992687,HIST_TIME_FALLBACK
fresh,T010,0.1,PAPER:BRUSDT:1790986199999:SHORT,BRUSDT,Fresh_2026-10-03,False,0,0,False,True,-0.17396148729083744,BE0.10
fresh,T010,0.1,PAPER:TRADOORUSDT:1791033899999:SHORT,TRADOORUSDT,Fresh_2026-10-03,False,3,3,False,True,-5.869136992138272,HIST_TIME_FALLBACK
fresh,T010,0.1,PAPER:SKYUSDT:1790867399999:SHORT,SKYUSDT,Fresh_2026-10-01,False,2,2,False,True,-4.884232601368719,HIST_TIME_FALLBACK
fresh,T010,0.1,PAPER:WAXPUSDT:1790968499999:SHORT,WAXPUSDT,Fresh_2026-10-02,False,2,2,False,True,-2.650073445316445,HIST_TIME_FALLBACK
fresh,T010,0.1,PAPER:ZROUSDT:1791044699999:SHORT,ZROUSDT,Fresh_2026-10-03,False,0,0,False,True,-0.16285132671650498,BE0.10
fresh,T010,0.1,PAPER:ARXUSDT:1790923199999:SHORT,ARXUSDT,Fresh_2026-10-02,False,1,2,True,True,-0.06012035444067315,BE0.10
fresh,T010,0.1,PAPER:PENGUUSDT:1790839199999:SHORT,PENGUUSDT,Fresh_2026-10-01,True,1,1,False,True,2.090470541858818,FULL_CLOSE_050
fresh,T010,0.1,PAPER:KAITOUSDT:1790859899999:SHORT,KAITOUSDT,Fresh_2026-10-01,False,2,2,False,True,-0.055506945893124715,BE0.10
fresh,T010,0.1,PAPER:SPACEUSDT:1790891099999:SHORT,SPACEUSDT,Fresh_2026-10-01,False,2,2,False,True,-2.650256721155524,HIST_TIME_FALLBACK
fresh,T010,0.1,PAPER:OUSDT:1790971799999:SHORT,OUSDT,Fresh_2026-10-02,False,2,2,False,True,-0.3605843960311649,BE0.10
fresh,T010,0.1,PAPER:KOMAUSDT:1790992499999:SHORT,KOMAUSDT,Fresh_2026-10-03,False,2,2,False,True,-1.1280503664307835,HIST_TIME_FALLBACK
fresh,T010,0.1,PAPER:BTWUSDT:1791052199999:SHORT,BTWUSDT,Fresh_2026-10-03,False,1,2,True,True,-3.480765530753359,HIST_TIME_FALLBACK
fresh,T010,0.1,PAPER:RIVERUSDT:1791034799999:SHORT,RIVERUSDT,Fresh_2026-10-03,True,0,0,False,True,1.1762976002167467,FULL_CLOSE_050
fresh,T010,0.1,PAPER:1000PEPEUSDT:1790839499999:SHORT,1000PEPEUSDT,Fresh_2026-10-01,False,1,1,False,True,-1.9153840345033457,HIST_TIME_FALLBACK
fresh,T010,0.1,PAPER:ERAUSDT:1790860199999:SHORT,ERAUSDT,Fresh_2026-10-01,False,2,2,False,False,,
fresh,T010,0.1,PAPER:XPINUSDT:1790860199999:SHORT,XPINUSDT,Fresh_2026-10-01,False,1,1,False,True,-0.38900708953446006,BE0.10
fresh,T010,0.1,PAPER:BLUAIUSDT:1790885399999:SHORT,BLUAIUSDT,Fresh_2026-10-01,True,3,3,False,False,,
fresh,T010,0.1,PAPER:CHRUSDT:1790945099999:SHORT,CHRUSDT,Fresh_2026-10-02,False,3,3,False,False,,
fresh,T010,0.1,PAPER:牛来USDT:1790951999999:SHORT,牛来USDT,Fresh_2026-10-02,False,2,2,False,True,1.618442915799946,FULL_CLOSE_050
fresh,T010,0.1,PAPER:BIOUSDT:1790864099999:SHORT,BIOUSDT,Fresh_2026-10-01,False,0,0,False,True,-0.11029877955449291,BE0.10
fresh,T010,0.1,PAPER:龙虾USDT:1791041099999:SHORT,龙虾USDT,Fresh_2026-10-03,False,0,0,False,True,0.9025811857341735,FULL_CLOSE_050
fresh,T010,0.1,PAPER:SOONUSDT:1790869199999:SHORT,SOONUSDT,Fresh_2026-10-01,False,0,0,False,True,-1.5512649539993615,HIST_TIME_FALLBACK
fresh,T010,0.1,PAPER:PHAUSDT:1790861999999:SHORT,PHAUSDT,Fresh_2026-10-01,True,2,2,False,True,1.8326686455935544,FULL_CLOSE_050
fresh,T010,0.1,PAPER:LSKUSDT:1790917499999:SHORT,LSKUSDT,Fresh_2026-10-02,False,2,2,False,True,-2.768637137163076,HIST_TIME_FALLBACK
fresh,T010,0.1,PAPER:PENDLEUSDT:1790849999999:SHORT,PENDLEUSDT,Fresh_2026-10-01,True,2,2,False,True,2.74501104965327,FULL_CLOSE_050
fresh,T010,0.1,PAPER:PROMPTUSDT:1790867699999:SHORT,PROMPTUSDT,Fresh_2026-10-01,False,0,0,False,True,-0.2510626776193837,BE0.10
fresh,T010,0.1,PAPER:GRAMUSDT:1790880599999:SHORT,GRAMUSDT,Fresh_2026-10-01,False,0,0,False,True,-0.3009355762202893,BE0.10
fresh,T010,0.1,PAPER:SOONUSDT:1790924999999:SHORT,SOONUSDT,Fresh_2026-10-02,False,0,0,False,True,-5.314946303909512,HIST_TIME_FALLBACK
fresh,T010,0.1,PAPER:ELSAUSDT:1790968199999:SHORT,ELSAUSDT,Fresh_2026-10-02,True,3,3,False,True,5.349849370207195,RUNNER_CLOSE
fresh,T010,0.1,PAPER:XPLUSDT:1790965199999:SHORT,XPLUSDT,Fresh_2026-10-02,False,2,2,False,True,-1.3211827675222412,HIST_TIME_FALLBACK
fresh,T010,0.1,PAPER:PHAUSDT:1790975399999:SHORT,PHAUSDT,Fresh_2026-10-02,True,1,1,False,True,5.18633777375308,RUNNER_CLOSE
fresh,T010,0.1,PAPER:GRASSUSDT:1790859899999:SHORT,GRASSUSDT,Fresh_2026-10-01,False,3,3,False,True,-2.0742361234222306,HIST_TIME_FALLBACK
fresh,T010,0.1,PAPER:TAUSDT:1790890799999:SHORT,TAUSDT,Fresh_2026-10-01,True,0,0,False,True,2.94574644314652,FULL_CLOSE_050
fresh,T010,0.1,PAPER:BRUSDT:1791032399999:SHORT,BRUSDT,Fresh_2026-10-03,False,2,2,False,False,,
fresh,T010,0.1,PAPER:ILVUSDT:1790965799999:SHORT,ILVUSDT,Fresh_2026-10-02,False,1,1,False,False,,
fresh,T010,0.1,PAPER:XPLUSDT:1790976599999:SHORT,XPLUSDT,Fresh_2026-10-02,False,1,1,False,True,-0.06529300556826434,BE0.10
fresh,T010,0.1,PAPER:MONUSDT:1791000299999:SHORT,MONUSDT,Fresh_2026-10-03,False,1,2,True,True,-0.15814068668161096,BE0.10
fresh,T010,0.1,PAPER:DATAIPUSDT:1790982899999:SHORT,DATAIPUSDT,Fresh_2026-10-02,False,1,1,False,True,1.1579881137669492,FULL_CLOSE_050
fresh,T010,0.1,PAPER:TNSRUSDT:1791012899999:SHORT,TNSRUSDT,Fresh_2026-10-03,True,1,1,False,True,1.3309120938112318,FULL_CLOSE_050
fresh,T010,0.1,PAPER:EPICUSDT:1790990699999:SHORT,EPICUSDT,Fresh_2026-10-03,False,3,3,False,True,0.2940695165801051,FULL_CLOSE_050
fresh,T010,0.1,PAPER:ALLOUSDT:1790929499999:SHORT,ALLOUSDT,Fresh_2026-10-02,True,2,2,False,True,4.404947391172128,FULL_CLOSE_050
fresh,T010,0.1,PAPER:AWEUSDT:1790860799999:SHORT,AWEUSDT,Fresh_2026-10-01,False,0,0,False,True,-0.04750208260544464,BE0.10
fresh,T010,0.1,PAPER:PUMPBTCUSDT:1790931899999:SHORT,PUMPBTCUSDT,Fresh_2026-10-02,True,0,0,False,True,1.5811636410721557,FULL_CLOSE_050
fresh,T010,0.1,PAPER:JASMYUSDT:1790950199999:SHORT,JASMYUSDT,Fresh_2026-10-02,False,2,2,False,True,-3.1420901585900505,HIST_TIME_FALLBACK
fresh,T010,0.1,PAPER:COMPUSDT:1790913899999:SHORT,COMPUSDT,Fresh_2026-10-02,False,0,0,False,True,-0.12176605780390604,BE0.10
fresh,T010,0.1,PAPER:GENIUSUSDT:1790864099999:SHORT,GENIUSUSDT,Fresh_2026-10-01,False,0,0,False,True,-3.021315903855524,HIST_TIME_FALLBACK
fresh,T010,0.1,PAPER:ATUSDT:1791008399999:SHORT,ATUSDT,Fresh_2026-10-03,False,1,1,False,True,-4.685825784559835,HIST_TIME_FALLBACK
fresh,T010,0.1,PAPER:1000000BOBUSDT:1791023099999:SHORT,1000000BOBUSDT,Fresh_2026-10-03,False,0,0,False,True,-0.5519599743337846,BE0.10
fresh,T010,0.1,PAPER:DYDXUSDT:1790890199999:SHORT,DYDXUSDT,Fresh_2026-10-01,False,1,1,False,True,-5.350107191823761,HIST_TIME_FALLBACK
fresh,T010,0.1,PAPER:PONSUSDT:1790859899999:SHORT,PONSUSDT,Fresh_2026-10-01,True,1,1,False,True,1.1097901679100781,FULL_CLOSE_050
fresh,T010,0.1,PAPER:ARXUSDT:1790939399999:SHORT,ARXUSDT,Fresh_2026-10-02,True,2,2,False,True,1.6943581357781672,FULL_CLOSE_050
fresh,T010,0.1,PAPER:KSMUSDT:1790965799999:SHORT,KSMUSDT,Fresh_2026-10-02,False,1,1,False,True,-1.5428204918805983,HIST_TIME_FALLBACK
fresh,T010,0.1,PAPER:SPORTFUNUSDT:1791060899999:SHORT,SPORTFUNUSDT,Fresh_2026-10-03,False,2,2,False,False,,
fresh,T010,0.1,PAPER:INJUSDT:1790838899999:SHORT,INJUSDT,Fresh_2026-10-01,True,2,2,False,True,1.3547871559577351,FULL_CLOSE_050
fresh,T010,0.1,PAPER:SEIUSDT:1790903099999:SHORT,SEIUSDT,Fresh_2026-10-02,False,1,1,False,True,-3.1794431469254993,HIST_TIME_FALLBACK
fresh,T010,0.1,PAPER:CTRUSDT:1790860799999:SHORT,CTRUSDT,Fresh_2026-10-01,False,2,2,False,True,-3.4552529478808056,HIST_TIME_FALLBACK
fresh,T010,0.1,PAPER:HANAUSDT:1790882999999:SHORT,HANAUSDT,Fresh_2026-10-01,False,2,3,True,True,-4.609959908309805,HIST_TIME_FALLBACK
fresh,T010,0.1,PAPER:PUMPBTCUSDT:1790879399999:SHORT,PUMPBTCUSDT,Fresh_2026-10-01,False,2,2,False,True,-0.9501900380075186,HIST_TIME_FALLBACK
fresh,T010,0.1,PAPER:MARSCOINUSDT:1790995199999:SHORT,MARSCOINUSDT,Fresh_2026-10-03,True,3,3,False,True,4.191897956916806,FULL_CLOSE_050
fresh,T010,0.1,PAPER:CUSDT:1790936099999:SHORT,CUSDT,Fresh_2026-10-02,False,0,0,False,True,-3.55762963744015,HIST_TIME_FALLBACK
fresh,T010,0.1,PAPER:CAPUSDT:1790924699999:SHORT,CAPUSDT,Fresh_2026-10-02,False,2,3,True,False,,NO_EXECUTABLE_ENTRY
fresh,T010,0.1,PAPER:COAIUSDT:1790953499999:SHORT,COAIUSDT,Fresh_2026-10-02,False,3,3,False,True,-5.213764211832833,HIST_TIME_FALLBACK
fresh,T010,0.1,PAPER:SAGAUSDT:1791011999999:SHORT,SAGAUSDT,Fresh_2026-10-03,False,2,2,False,True,-0.05590653637642157,BE0.10
fresh,T010,0.1,PAPER:PORTALUSDT:1791054299999:SHORT,PORTALUSDT,Fresh_2026-10-03,False,3,3,False,True,-0.10271511130677669,BE0.10
fresh,T010,0.1,PAPER:HUMAUSDT:1791011099999:SHORT,HUMAUSDT,Fresh_2026-10-03,True,1,2,True,True,3.525016350761228,FULL_CLOSE_050
fresh,T010,0.1,PAPER:BROCCOLIF3BUSDT:1790966699999:SHORT,BROCCOLIF3BUSDT,Fresh_2026-10-02,False,3,3,False,True,1.259350374641172,FULL_CLOSE_050
fresh,T010,0.1,PAPER:BLUAIUSDT:1791031199999:SHORT,BLUAIUSDT,Fresh_2026-10-03,False,1,1,False,True,-7.262463431301457,HIST_TIME_FALLBACK
fresh,T010,0.1,PAPER:DOLOUSDT:1790965799999:SHORT,DOLOUSDT,Fresh_2026-10-02,True,1,2,True,True,5.331797155335986,RUNNER_CLOSE
fresh,T010,0.1,PAPER:STARUSDT:1790885399999:SHORT,STARUSDT,Fresh_2026-10-01,True,2,2,False,True,-0.09887168760280546,BE0.10
fresh,T010,0.1,PAPER:ZKCUSDT:1790903699999:SHORT,ZKCUSDT,Fresh_2026-10-02,False,0,0,False,True,1.024236465622565,FULL_CLOSE_050
fresh,T010,0.1,PAPER:PENGUUSDT:1790961899999:SHORT,PENGUUSDT,Fresh_2026-10-02,True,0,0,False,True,9.551754576237864,RUNNER_CLOSE
fresh,T010,0.1,PAPER:EDGEUSDT:1790883299999:SHORT,EDGEUSDT,Fresh_2026-10-01,False,3,3,False,False,,
fresh,T010,0.1,PAPER:FARTCOINUSDT:1790965499999:SHORT,FARTCOINUSDT,Fresh_2026-10-02,True,1,1,False,True,1.3187060074905008,FULL_CLOSE_050
fresh,T010,0.1,PAPER:2ZUSDT:1790866199999:SHORT,2ZUSDT,Fresh_2026-10-01,False,0,0,False,True,-1.9180801927655708,HIST_TIME_FALLBACK
fresh,T010,0.1,PAPER:NMRUSDT:1790852699999:SHORT,NMRUSDT,Fresh_2026-10-01,True,2,2,False,True,-0.0027291104907989916,BE0.10
fresh,T010,0.1,PAPER:GRASSUSDT:1790996099999:SHORT,GRASSUSDT,Fresh_2026-10-03,False,1,2,True,True,-2.1574220185220137,HIST_TIME_FALLBACK
fresh,T010,0.1,PAPER:NILUSDT:1790848499999:SHORT,NILUSDT,Fresh_2026-10-01,True,1,1,False,True,2.0553826829647024,FULL_CLOSE_050
fresh,T010,0.1,PAPER:USELESSUSDT:1790942699999:SHORT,USELESSUSDT,Fresh_2026-10-02,False,0,0,False,True,-0.040384167345975164,BE0.10
fresh,T010,0.1,PAPER:GRASSUSDT:1790888699999:SHORT,GRASSUSDT,Fresh_2026-10-01,False,1,1,False,True,-0.03092496236216241,BE0.10
fresh,T010,0.1,PAPER:NOMUSDT:1791012299999:SHORT,NOMUSDT,Fresh_2026-10-03,False,2,2,False,True,-1.5774772435689564,HIST_TIME_FALLBACK
fresh,T010,0.1,PAPER:ALCHUSDT:1790968799999:SHORT,ALCHUSDT,Fresh_2026-10-02,False,1,1,False,False,,
fresh,T010,0.1,PAPER:BERAUSDT:1790973899999:SHORT,BERAUSDT,Fresh_2026-10-02,False,3,3,False,True,-2.736363775877332,HIST_TIME_FALLBACK
fresh,T010,0.1,PAPER:SPORTFUNUSDT:1790881199999:SHORT,SPORTFUNUSDT,Fresh_2026-10-01,False,1,1,False,True,-3.4712738154793583,HIST_TIME_FALLBACK
fresh,T010,0.1,PAPER:CCUSDT:1790950499999:SHORT,CCUSDT,Fresh_2026-10-02,False,2,2,False,True,-2.875942151642586,HIST_TIME_FALLBACK
fresh,T010,0.1,PAPER:SKLUSDT:1790859899999:SHORT,SKLUSDT,Fresh_2026-10-01,False,3,3,False,True,0.8304242440307943,FULL_CLOSE_050
fresh,T010,0.1,PAPER:2ZUSDT:1790890799999:SHORT,2ZUSDT,Fresh_2026-10-01,False,2,2,False,True,-14.281816770139868,HIST_TIME_FALLBACK
fresh,T010,0.1,PAPER:TRIAUSDT:1790961899999:SHORT,TRIAUSDT,Fresh_2026-10-02,False,3,3,False,True,-3.6121804128774264,HIST_TIME_FALLBACK
fresh,T010,0.1,PAPER:CROSSUSDT:1791010199999:SHORT,CROSSUSDT,Fresh_2026-10-03,False,0,0,False,True,-4.055988057145402,HIST_TIME_FALLBACK
fresh,T010,0.1,PAPER:JUPUSDT:1790839199999:SHORT,JUPUSDT,Fresh_2026-10-01,True,0,0,False,True,0.8963830577366747,FULL_CLOSE_050
fresh,T010,0.1,PAPER:KERNELUSDT:1790962799999:SHORT,KERNELUSDT,Fresh_2026-10-02,False,0,0,False,True,-2.935474077818361,HIST_TIME_FALLBACK
fresh,T010,0.1,PAPER:THEUSDT:1790968199999:SHORT,THEUSDT,Fresh_2026-10-02,False,0,0,False,True,1.9465753524734892,FULL_CLOSE_050
fresh,T010,0.1,PAPER:STARUSDT:1790958599999:SHORT,STARUSDT,Fresh_2026-10-02,False,0,0,False,True,-1.5105876758896017,HIST_TIME_FALLBACK
fresh,T010,0.1,PAPER:INJUSDT:1791001199999:SHORT,INJUSDT,Fresh_2026-10-03,False,1,1,False,True,-4.153017167016389,HIST_TIME_FALLBACK
fresh,T010,0.1,PAPER:FORMUSDT:1790848499999:SHORT,FORMUSDT,Fresh_2026-10-01,True,0,0,False,True,1.6761226064730785,FULL_CLOSE_050
fresh,T010,0.1,PAPER:MARSCOINUSDT:1790962499999:SHORT,MARSCOINUSDT,Fresh_2026-10-02,True,2,2,False,True,2.7966302467080366,FULL_CLOSE_050
fresh,T010,0.1,PAPER:STXUSDT:1790924999999:SHORT,STXUSDT,Fresh_2026-10-02,True,2,2,False,True,-0.13866581746507928,BE0.10
fresh,T010,0.1,PAPER:0GUSDT:1790845799999:SHORT,0GUSDT,Fresh_2026-10-01,True,2,2,False,True,1.810036439659064,FULL_CLOSE_050
fresh,T010,0.1,PAPER:ZECUSDT:1791036899999:SHORT,ZECUSDT,Fresh_2026-10-03,False,3,3,False,True,-0.0025704926567072794,BE0.10
fresh,T010,0.1,PAPER:2ZUSDT:1790998499999:SHORT,2ZUSDT,Fresh_2026-10-03,False,3,3,False,True,-1.9600929096377473,HIST_TIME_FALLBACK
fresh,T010,0.1,PAPER:TURTLEUSDT:1791023999999:SHORT,TURTLEUSDT,Fresh_2026-10-03,False,1,1,False,True,-3.9896470536516797,HIST_TIME_FALLBACK
fresh,T010,0.1,PAPER:SPXUSDT:1790839199999:SHORT,SPXUSDT,Fresh_2026-10-01,True,1,1,False,True,2.9501064115316473,FULL_CLOSE_050
fresh,T010,0.1,PAPER:ARBUSDT:1790966399999:SHORT,ARBUSDT,Fresh_2026-10-02,True,0,0,False,True,-0.0224353612485243,BE0.10
fresh,T010,0.1,PAPER:POWERUSDT:1790930699999:SHORT,POWERUSDT,Fresh_2026-10-02,False,1,1,False,True,-1.3802902381138638,HIST_TIME_FALLBACK
fresh,T010,0.1,PAPER:ROSEUSDT:1790965199999:SHORT,ROSEUSDT,Fresh_2026-10-02,False,1,1,False,True,-0.048252758659721506,BE0.10
fresh,T010,0.1,PAPER:ARUSDT:1790877899999:SHORT,ARUSDT,Fresh_2026-10-01,True,1,1,False,True,1.03575587346178,FULL_CLOSE_050
fresh,T010,0.1,PAPER:MINAUSDT:1790889299999:SHORT,MINAUSDT,Fresh_2026-10-01,False,0,0,False,True,-0.015409104229864079,BE0.10
fresh,T010,0.1,PAPER:TOSHIUSDT:1790961299999:SHORT,TOSHIUSDT,Fresh_2026-10-02,False,1,1,False,True,-0.142810699236592,BE0.10
fresh,T010,0.1,PAPER:PENDLEUSDT:1790929499999:SHORT,PENDLEUSDT,Fresh_2026-10-02,False,1,1,False,True,-0.011445745873896407,BE0.10
fresh,T010,0.1,PAPER:ATOMUSDT:1790858999999:SHORT,ATOMUSDT,Fresh_2026-10-01,True,2,2,False,True,0.7859088869797443,FULL_CLOSE_050
fresh,T010,0.1,PAPER:DEEPUSDT:1790866199999:SHORT,DEEPUSDT,Fresh_2026-10-01,False,1,1,False,True,-0.4953284387000207,BE0.10
fresh,T010,0.1,PAPER:AKEUSDT:1790849699999:SHORT,AKEUSDT,Fresh_2026-10-01,False,1,1,False,False,,
fresh,T010,0.1,PAPER:ZKUSDT:1790842199999:SHORT,ZKUSDT,Fresh_2026-10-01,False,2,2,False,True,-5.598595749329737,HIST_TIME_FALLBACK
fresh,T010,0.1,PAPER:XPINUSDT:1790968199999:SHORT,XPINUSDT,Fresh_2026-10-02,False,0,0,False,True,0.8856602922052357,FULL_CLOSE_050
fresh,T010,0.1,PAPER:ANIMEUSDT:1790903699999:SHORT,ANIMEUSDT,Fresh_2026-10-02,False,2,2,False,True,-0.04798182526257144,BE0.10
fresh,T010,0.1,PAPER:WALUSDT:1790914199999:SHORT,WALUSDT,Fresh_2026-10-02,False,2,2,False,True,-5.970708168182231,HIST_TIME_FALLBACK
fresh,T010,0.1,PAPER:ENAUSDT:1790838899999:SHORT,ENAUSDT,Fresh_2026-10-01,True,3,3,False,True,2.1001696828051575,FULL_CLOSE_050
fresh,T010,0.1,PAPER:CAPUSDT:1790930399999:SHORT,CAPUSDT,Fresh_2026-10-02,True,2,2,False,True,1.7603737014050471,FULL_CLOSE_050
fresh,T010,0.1,PAPER:SUPERUSDT:1790848799999:SHORT,SUPERUSDT,Fresh_2026-10-01,False,1,1,False,True,-0.013399686917256126,BE0.10
fresh,T010,0.1,PAPER:PLAYUSDT:1790829599999:SHORT,PLAYUSDT,Fresh_2026-10-01,False,2,2,False,False,,
fresh,T010,0.1,PAPER:OUSDT:1790942399999:SHORT,OUSDT,Fresh_2026-10-02,False,2,2,False,True,-3.460037787501743,HIST_TIME_FALLBACK
fresh,T010,0.1,PAPER:HEMIUSDT:1790912999999:SHORT,HEMIUSDT,Fresh_2026-10-02,False,2,2,False,True,-2.5186537385809844,HIST_TIME_FALLBACK
fresh,T010,0.1,PAPER:IOTAUSDT:1790950199999:SHORT,IOTAUSDT,Fresh_2026-10-02,False,1,1,False,True,-0.04154021038367084,BE0.10
fresh,T010,0.1,PAPER:KASUSDT:1790878199999:SHORT,KASUSDT,Fresh_2026-10-01,False,2,2,False,True,2.1753995251499854,FULL_CLOSE_050
fresh,T010,0.1,PAPER:PIPPINUSDT:1790882699999:SHORT,PIPPINUSDT,Fresh_2026-10-01,False,1,3,True,True,-0.13668756232277357,BE0.10
fresh,T010,0.1,PAPER:0GUSDT:1790962799999:SHORT,0GUSDT,Fresh_2026-10-02,False,0,0,False,True,3.9425233125492705,FULL_CLOSE_050
fresh,T010,0.1,PAPER:BANANAS31USDT:1790965499999:SHORT,BANANAS31USDT,Fresh_2026-10-02,True,2,2,False,True,8.619730295915788,RUNNER_CLOSE
fresh,T010,0.1,PAPER:1000SATSUSDT:1790840399999:SHORT,1000SATSUSDT,Fresh_2026-10-01,False,1,1,False,True,1.0601520906591284,FULL_CLOSE_050
fresh,T010,0.1,PAPER:ZECUSDT:1790880599999:SHORT,ZECUSDT,Fresh_2026-10-01,True,2,2,False,True,2.438729125232133,FULL_CLOSE_050
fresh,T010,0.1,PAPER:NIGHTUSDT:1791047099999:SHORT,NIGHTUSDT,Fresh_2026-10-03,False,2,2,False,True,-0.03728695587141734,BE0.10
fresh,T010,0.1,PAPER:TACUSDT:1790882699999:SHORT,TACUSDT,Fresh_2026-10-01,True,0,0,False,True,1.5988879507282867,FULL_CLOSE_050
fresh,T010,0.1,PAPER:ICNTUSDT:1790865299999:SHORT,ICNTUSDT,Fresh_2026-10-01,False,3,3,False,True,0.6157386065325869,FULL_CLOSE_050
fresh,T010,0.1,PAPER:USELESSUSDT:1790849099999:SHORT,USELESSUSDT,Fresh_2026-10-01,False,1,1,False,True,-1.1951007301046612,HIST_TIME_FALLBACK
fresh,T010,0.1,PAPER:MARSCOINUSDT:1790924399999:SHORT,MARSCOINUSDT,Fresh_2026-10-02,True,1,1,False,True,-0.011560544213807422,BE0.10
fresh,T010,0.1,PAPER:GWEIUSDT:1790951699999:SHORT,GWEIUSDT,Fresh_2026-10-02,False,0,0,False,True,-0.7174726088871157,HIST_TIME_FALLBACK
fresh,T010,0.1,PAPER:BTRUSDT:1790996699999:SHORT,BTRUSDT,Fresh_2026-10-03,False,2,2,False,True,-3.7920605410618866,HIST_TIME_FALLBACK
fresh,T010,0.1,PAPER:GPSUSDT:1790882399999:SHORT,GPSUSDT,Fresh_2026-10-01,False,0,0,False,True,-4.137005645497225,HIST_TIME_FALLBACK
fresh,T010,0.1,PAPER:1000000BOBUSDT:1790988599999:SHORT,1000000BOBUSDT,Fresh_2026-10-03,False,0,0,False,True,-0.9501900380076012,BE0.10
fresh,T010,0.1,PAPER:NOMUSDT:1791008699999:SHORT,NOMUSDT,Fresh_2026-10-03,False,2,2,False,True,-0.11797858324781152,BE0.10
fresh,T010,0.1,PAPER:PUMPUSDT:1790891099999:SHORT,PUMPUSDT,Fresh_2026-10-01,True,3,3,False,True,3.612458495204804,FULL_CLOSE_050
fresh,T010,0.1,PAPER:SUPERUSDT:1790938799999:SHORT,SUPERUSDT,Fresh_2026-10-02,False,2,2,False,True,-0.7257671776453357,BE0.10
fresh,T010,0.1,PAPER:USUSDT:1791040799999:SHORT,USUSDT,Fresh_2026-10-03,True,1,1,False,True,5.803953409208827,RUNNER_CLOSE
fresh,T010,0.1,PAPER:DYDXUSDT:1791053699999:SHORT,DYDXUSDT,Fresh_2026-10-03,False,2,2,False,True,-4.678238169637902,HIST_TIME_FALLBACK
fresh,T010,0.1,PAPER:1000XECUSDT:1790912999999:SHORT,1000XECUSDT,Fresh_2026-10-02,False,1,2,True,False,,NO_EXECUTABLE_ENTRY
fresh,T010,0.1,PAPER:TIAUSDT:1790859899999:SHORT,TIAUSDT,Fresh_2026-10-01,True,0,0,False,True,1.8404730423436915,FULL_CLOSE_050
fresh,T010,0.1,PAPER:ALLOUSDT:1790842499999:SHORT,ALLOUSDT,Fresh_2026-10-01,False,2,2,False,True,-3.3262545454135,HIST_TIME_FALLBACK
fresh,T010,0.1,PAPER:CAKEUSDT:1790966699999:SHORT,CAKEUSDT,Fresh_2026-10-02,False,3,3,False,True,-2.660305377327315,HIST_TIME_FALLBACK
fresh,T010,0.1,PAPER:HYPEUSDT:1790870399999:SHORT,HYPEUSDT,Fresh_2026-10-01,False,0,0,False,True,-3.074716950219544,HIST_TIME_FALLBACK
fresh,T010,0.1,PAPER:PTBUSDT:1790965799999:SHORT,PTBUSDT,Fresh_2026-10-02,False,2,2,False,False,,
fresh,T010,0.1,PAPER:ZECUSDT:1790866199999:SHORT,ZECUSDT,Fresh_2026-10-01,False,2,2,False,True,-1.0524496052247967,HIST_TIME_FALLBACK
fresh,T010,0.1,PAPER:SPXUSDT:1790965499999:SHORT,SPXUSDT,Fresh_2026-10-02,True,2,2,False,True,1.9895280148348782,FULL_CLOSE_050
fresh,T010,0.1,PAPER:NILUSDT:1790828399999:SHORT,NILUSDT,Fresh_2026-10-01,False,3,3,False,True,-1.7656488069780758,HIST_TIME_FALLBACK
fresh,T010,0.1,PAPER:RAVEUSDT:1790872799999:SHORT,RAVEUSDT,Fresh_2026-10-01,False,1,1,False,True,-1.4563327984100372,HIST_TIME_FALLBACK
fresh,T010,0.1,PAPER:USUSDT:1790954999999:SHORT,USUSDT,Fresh_2026-10-02,True,3,3,False,False,,
fresh,T010,0.1,PAPER:CGPTUSDT:1790989199999:SHORT,CGPTUSDT,Fresh_2026-10-03,False,1,1,False,True,-3.4383631470984204,HIST_TIME_FALLBACK
fresh,T010,0.1,PAPER:ENAUSDT:1790866499999:SHORT,ENAUSDT,Fresh_2026-10-01,True,2,2,False,True,2.352492058427586,FULL_CLOSE_050
fresh,T010,0.1,PAPER:ESPORTSUSDT:1790882699999:SHORT,ESPORTSUSDT,Fresh_2026-10-01,False,3,3,False,False,,
fresh,T010,0.1,PAPER:ATUSDT:1791039899999:SHORT,ATUSDT,Fresh_2026-10-03,True,0,0,False,True,8.640786337075735,RUNNER_CLOSE
fresh,T010,0.1,PAPER:GRTUSDT:1790966399999:SHORT,GRTUSDT,Fresh_2026-10-02,False,2,2,False,False,,
fresh,T010,0.1,PAPER:牛来USDT:1790961599999:SHORT,牛来USDT,Fresh_2026-10-02,False,2,2,False,False,,
fresh,T010,0.1,PAPER:REDUSDT:1790911799999:SHORT,REDUSDT,Fresh_2026-10-02,False,2,2,False,False,,
fresh,T010,0.1,PAPER:PONSUSDT:1790966099999:SHORT,PONSUSDT,Fresh_2026-10-02,True,2,2,False,True,14.738239537695877,RUNNER_CLOSE
fresh,T010,0.1,PAPER:ATHUSDT:1790865899999:SHORT,ATHUSDT,Fresh_2026-10-01,False,2,3,True,False,,NO_EXECUTABLE_ENTRY
fresh,T010,0.1,PAPER:POLUSDT:1790955599999:SHORT,POLUSDT,Fresh_2026-10-02,False,0,0,False,True,-0.1714055380856993,BE0.10
fresh,T010,0.1,PAPER:ZETAUSDT:1790971799999:SHORT,ZETAUSDT,Fresh_2026-10-02,False,2,2,False,True,-0.8454233594730631,HIST_TIME_FALLBACK
fresh,T010,0.1,PAPER:SYNUSDT:1791032699999:SHORT,SYNUSDT,Fresh_2026-10-03,True,2,3,True,True,1.037205257428646,FULL_CLOSE_050
fresh,T010,0.1,PAPER:我踏马来了USDT:1790903999999:SHORT,我踏马来了USDT,Fresh_2026-10-02,False,3,3,False,True,-0.39531650985775557,BE0.10
fresh,T010,0.1,PAPER:LUMIAUSDT:1790919599999:SHORT,LUMIAUSDT,Fresh_2026-10-02,False,0,0,False,True,-3.2160248118564407,HIST_TIME_FALLBACK
fresh,T010,0.1,PAPER:NOMUSDT:1790882999999:SHORT,NOMUSDT,Fresh_2026-10-01,False,0,0,False,True,0.928140881459629,FULL_CLOSE_050
fresh,T010,0.1,PAPER:MEGAUSDT:1790968199999:SHORT,MEGAUSDT,Fresh_2026-10-02,False,1,1,False,True,-0.06811921855730213,BE0.10
fresh,T010,0.1,PAPER:JUPUSDT:1790858699999:SHORT,JUPUSDT,Fresh_2026-10-01,True,2,2,False,True,2.3246009248578114,FULL_CLOSE_050
fresh,T010,0.1,PAPER:BICOUSDT:1790840699999:SHORT,BICOUSDT,Fresh_2026-10-01,False,0,0,False,True,-2.812795396288553,HIST_TIME_FALLBACK
fresh,T010,0.1,PAPER:XVSUSDT:1790939999999:SHORT,XVSUSDT,Fresh_2026-10-02,False,0,0,False,True,-0.23813429115407192,BE0.10
fresh,T010,0.1,PAPER:HUMAUSDT:1790914499999:SHORT,HUMAUSDT,Fresh_2026-10-02,False,1,1,False,True,-0.45742443614455164,HIST_TIME_FALLBACK
fresh,T010,0.1,PAPER:STBLUSDT:1790931899999:SHORT,STBLUSDT,Fresh_2026-10-02,False,0,0,False,True,-0.5686540699907927,BE0.10
fresh,T010,0.1,PAPER:TRUMPUSDT:1790962799999:SHORT,TRUMPUSDT,Fresh_2026-10-02,False,2,3,True,True,-0.22611792126995772,BE0.10
fresh,T010,0.1,PAPER:YBUSDT:1790857199999:SHORT,YBUSDT,Fresh_2026-10-01,False,0,0,False,True,-2.1934873757720053,HIST_TIME_FALLBACK
fresh,T010,0.1,PAPER:TWTUSDT:1790926199999:SHORT,TWTUSDT,Fresh_2026-10-02,False,1,1,False,True,-1.906481648014208,HIST_TIME_FALLBACK
fresh,T010,0.1,PAPER:WCTUSDT:1790966699999:SHORT,WCTUSDT,Fresh_2026-10-02,False,3,3,False,False,,
fresh,T010,0.1,PAPER:ZKUSDT:1790916899999:SHORT,ZKUSDT,Fresh_2026-10-02,False,0,0,False,True,1.0812406719476404,FULL_CLOSE_050
fresh,T010,0.1,PAPER:OPNUSDT:1790965199999:SHORT,OPNUSDT,Fresh_2026-10-02,True,1,1,False,True,0.7225022959217706,FULL_CLOSE_050
fresh,T010,0.1,PAPER:1000RATSUSDT:1790852099999:SHORT,1000RATSUSDT,Fresh_2026-10-01,False,3,3,False,False,,
fresh,T010,0.1,PAPER:CRVUSDT:1791000299999:SHORT,CRVUSDT,Fresh_2026-10-03,False,2,3,True,True,1.8932178577993155,FULL_CLOSE_050
fresh,T010,0.1,PAPER:BULLAUSDT:1791031499999:SHORT,BULLAUSDT,Fresh_2026-10-03,False,0,0,False,True,-2.9190206772917415,HIST_TIME_FALLBACK
fresh,T010,0.1,PAPER:ZAMAUSDT:1791029999999:SHORT,ZAMAUSDT,Fresh_2026-10-03,False,2,3,True,True,-4.18707791577337,HIST_TIME_FALLBACK
fresh,T010,0.1,PAPER:POWERUSDT:1790945399999:SHORT,POWERUSDT,Fresh_2026-10-02,False,0,0,False,True,-0.02297000212586825,BE0.10
fresh,T010,0.1,PAPER:BRETTUSDT:1790891099999:SHORT,BRETTUSDT,Fresh_2026-10-01,False,1,2,True,True,-0.0400533288475578,BE0.10
fresh,T010,0.1,PAPER:EDENUSDT:1790941499999:SHORT,EDENUSDT,Fresh_2026-10-02,False,1,1,False,True,-0.03216284720764728,BE0.10
fresh,T010,0.1,PAPER:PUMPBTCUSDT:1790901299999:SHORT,PUMPBTCUSDT,Fresh_2026-10-02,False,2,2,False,False,,
fresh,T010,0.1,PAPER:BRUSDT:1790925599999:SHORT,BRUSDT,Fresh_2026-10-02,False,1,1,False,True,1.036046217920719,FULL_CLOSE_050
fresh,T010,0.1,PAPER:SKYUSDT:1791046199999:SHORT,SKYUSDT,Fresh_2026-10-03,False,0,0,False,True,-0.04447896251194905,BE0.10
fresh,T010,0.1,PAPER:SUIUSDT:1790839499999:SHORT,SUIUSDT,Fresh_2026-10-01,False,2,2,False,True,-3.1368718047296182,HIST_TIME_FALLBACK
fresh,T010,0.1,PAPER:API3USDT:1790842499999:SHORT,API3USDT,Fresh_2026-10-01,False,3,3,False,False,,
fresh,T010,0.1,PAPER:RIFUSDT:1790914499999:SHORT,RIFUSDT,Fresh_2026-10-02,False,0,0,False,True,-0.015234509359754955,BE0.10
fresh,T010,0.1,PAPER:GTCUSDT:1790976599999:SHORT,GTCUSDT,Fresh_2026-10-02,False,0,0,False,True,-1.3741966929420544,HIST_TIME_FALLBACK
fresh,T010,0.1,PAPER:LITUSDT:1790953499999:SHORT,LITUSDT,Fresh_2026-10-02,False,1,1,False,True,-2.492667306675072,HIST_TIME_FALLBACK
fresh,T010,0.1,PAPER:BANANAS31USDT:1790961899999:SHORT,BANANAS31USDT,Fresh_2026-10-02,False,0,0,False,True,1.7120899249654769,FULL_CLOSE_050
fresh,T010,0.1,PAPER:NILUSDT:1790965799999:SHORT,NILUSDT,Fresh_2026-10-02,False,1,2,True,True,-2.363155675784865,HIST_TIME_FALLBACK
fresh,T010,0.1,PAPER:BRUSDT:1790858399999:SHORT,BRUSDT,Fresh_2026-10-01,False,0,0,False,True,-1.3011393420655004,HIST_TIME_FALLBACK
fresh,T010,0.1,PAPER:COOKIEUSDT:1790959199999:SHORT,COOKIEUSDT,Fresh_2026-10-02,False,2,2,False,True,-1.1421430980727831,HIST_TIME_FALLBACK
fresh,T010,0.1,PAPER:GTCUSDT:1790861399999:SHORT,GTCUSDT,Fresh_2026-10-01,False,1,1,False,False,,
fresh,T010,0.1,PAPER:JASMYUSDT:1790961899999:SHORT,JASMYUSDT,Fresh_2026-10-02,True,1,3,True,True,-0.3816776132056461,FULL_CLOSE_050
fresh,T010,0.1,PAPER:PONSUSDT:1790965199999:SHORT,PONSUSDT,Fresh_2026-10-02,False,1,1,False,True,-1.1526062086659317,HIST_TIME_FALLBACK
fresh,T010,0.1,PAPER:TSTUSDT:1790965799999:SHORT,TSTUSDT,Fresh_2026-10-02,True,1,1,False,True,2.664071261905762,FULL_CLOSE_050
fresh,T010,0.1,PAPER:ONEUSDT:1790966399999:SHORT,ONEUSDT,Fresh_2026-10-02,False,0,0,False,True,-2.856677578191415,HIST_TIME_FALLBACK
fresh,T010,0.1,PAPER:JCTUSDT:1790890199999:SHORT,JCTUSDT,Fresh_2026-10-01,False,2,2,False,True,-0.354621697688707,BE0.10
fresh,T010,0.1,PAPER:ARBUSDT:1790842199999:SHORT,ARBUSDT,Fresh_2026-10-01,False,3,3,False,True,-4.807167631592496,HIST_TIME_FALLBACK
fresh,T010,0.1,PAPER:TAKEUSDT:1790933099999:SHORT,TAKEUSDT,Fresh_2026-10-02,True,2,3,True,True,-2.3452785314073594,HIST_TIME_FALLBACK
fresh,T010,0.1,PAPER:TAGUSDT:1790838299999:SHORT,TAGUSDT,Fresh_2026-10-01,True,2,2,False,True,1.1345747516000304,FULL_CLOSE_050
fresh,T010,0.1,PAPER:CROSSUSDT:1790944199999:SHORT,CROSSUSDT,Fresh_2026-10-02,False,0,0,False,True,-2.159043405827064,HIST_TIME_FALLBACK
fresh,T010,0.1,PAPER:DRIFTUSDT:1790914199999:SHORT,DRIFTUSDT,Fresh_2026-10-02,False,2,2,False,True,-0.20749687771375463,BE0.10
fresh,T010,0.1,PAPER:CHILLGUYUSDT:1791036299999:SHORT,CHILLGUYUSDT,Fresh_2026-10-03,False,0,0,False,True,-0.09966067587942107,BE0.10
fresh,T010,0.1,PAPER:NILUSDT:1790963099999:SHORT,NILUSDT,Fresh_2026-10-02,False,2,2,False,False,,
fresh,T010,0.1,PAPER:BABYUSDT:1790860499999:SHORT,BABYUSDT,Fresh_2026-10-01,False,0,0,False,True,-0.20306288869709926,BE0.10
fresh,T010,0.1,PAPER:PUMPBTCUSDT:1790949599999:SHORT,PUMPBTCUSDT,Fresh_2026-10-02,False,2,2,False,False,,
fresh,T010,0.1,PAPER:AEROUSDT:1790868599999:SHORT,AEROUSDT,Fresh_2026-10-01,True,1,1,False,True,0.640958054929462,FULL_CLOSE_050
fresh,T010,0.1,PAPER:PONSUSDT:1790950199999:SHORT,PONSUSDT,Fresh_2026-10-02,False,1,1,False,True,-0.08646750918441459,BE0.10
fresh,T010,0.1,PAPER:PUMPBTCUSDT:1790923199999:SHORT,PUMPBTCUSDT,Fresh_2026-10-02,False,2,2,False,True,-0.9501900380076607,HIST_TIME_FALLBACK
fresh,T010,0.1,PAPER:MOVEUSDT:1790894099999:SHORT,MOVEUSDT,Fresh_2026-10-01,False,0,0,False,True,-2.7564150396481732,HIST_TIME_FALLBACK
fresh,T010,0.1,PAPER:ARKUSDT:1790986199999:SHORT,ARKUSDT,Fresh_2026-10-03,True,2,2,False,True,1.895334490867922,FULL_CLOSE_050
fresh,T010,0.1,PAPER:INITUSDT:1791015899999:SHORT,INITUSDT,Fresh_2026-10-03,True,1,1,False,True,0.784747687406864,FULL_CLOSE_050
fresh,T010,0.1,PAPER:FIGHTUSDT:1790871299999:SHORT,FIGHTUSDT,Fresh_2026-10-01,False,0,0,False,True,-0.1282274927891761,BE0.10
fresh,T010,0.1,PAPER:YGGUSDT:1791011699999:SHORT,YGGUSDT,Fresh_2026-10-03,False,2,2,False,True,-3.112501874024921,HIST_TIME_FALLBACK
fresh,T010,0.1,PAPER:ARXUSDT:1790924699999:SHORT,ARXUSDT,Fresh_2026-10-02,False,3,3,False,True,-0.053423305585454495,BE0.10
fresh,T010,0.1,PAPER:USELESSUSDT:1790961299999:SHORT,USELESSUSDT,Fresh_2026-10-02,True,1,1,False,False,,
fresh,T010,0.1,PAPER:1000PEPEUSDT:1790962799999:SHORT,1000PEPEUSDT,Fresh_2026-10-02,False,2,2,False,True,-0.09766014339504236,BE0.10
fresh,T010,0.1,PAPER:SKYAIUSDT:1790924699999:SHORT,SKYAIUSDT,Fresh_2026-10-02,False,3,3,False,False,,
fresh,T010,0.1,PAPER:SOONUSDT:1790932799999:SHORT,SOONUSDT,Fresh_2026-10-02,False,1,3,True,True,-0.19932725295046594,BE0.10
fresh,T010,0.1,PAPER:SXTUSDT:1790966099999:SHORT,SXTUSDT,Fresh_2026-10-02,True,2,3,True,True,8.731383059431892,RUNNER_CLOSE
fresh,T010,0.1,PAPER:FETUSDT:1790859899999:SHORT,FETUSDT,Fresh_2026-10-01,False,1,1,False,True,-0.2857096972491835,BE0.10
fresh,T010,0.1,PAPER:EDGEUSDT:1790849399999:SHORT,EDGEUSDT,Fresh_2026-10-01,False,0,0,False,True,-3.0969062525954265,HIST_TIME_FALLBACK
fresh,T010,0.1,PAPER:MOVRUSDT:1791059399999:SHORT,MOVRUSDT,Fresh_2026-10-03,False,0,0,False,True,-0.003100549799046004,BE0.10
fresh,T010,0.1,PAPER:BBUSDT:1790965199999:SHORT,BBUSDT,Fresh_2026-10-02,True,1,3,True,True,-0.8449719213416984,BE0.10
fresh,T010,0.1,PAPER:2ZUSDT:1791048899999:SHORT,2ZUSDT,Fresh_2026-10-03,False,3,3,False,False,,
fresh,T010,0.1,PAPER:SENTUSDT:1791008399999:SHORT,SENTUSDT,Fresh_2026-10-03,False,1,2,True,True,-0.010583862431759905,BE0.10
fresh,T010,0.1,PAPER:STRKUSDT:1791013499999:SHORT,STRKUSDT,Fresh_2026-10-03,False,2,2,False,True,-0.011904770832221634,BE0.10
fresh,T010,0.1,PAPER:AEROUSDT:1790883599999:SHORT,AEROUSDT,Fresh_2026-10-01,False,1,1,False,True,1.1747110774097087,FULL_CLOSE_050
fresh,T010,0.1,PAPER:PUMPUSDT:1790843699999:SHORT,PUMPUSDT,Fresh_2026-10-01,False,2,2,False,True,-2.843235057060045,HIST_TIME_FALLBACK
fresh,T010,0.1,PAPER:HANAUSDT:1790963099999:SHORT,HANAUSDT,Fresh_2026-10-02,False,0,0,False,True,-0.9501900380075354,HIST_TIME_FALLBACK
fresh,T010,0.1,PAPER:HEIUSDT:1790861099999:SHORT,HEIUSDT,Fresh_2026-10-01,False,2,2,False,True,-2.324497658715959,HIST_TIME_FALLBACK
fresh,T010,0.1,PAPER:BBUSDT:1790861099999:SHORT,BBUSDT,Fresh_2026-10-01,False,1,1,False,True,-4.290893107117147,HIST_TIME_FALLBACK
fresh,T010,0.1,PAPER:USUSDT:1790958299999:SHORT,USUSDT,Fresh_2026-10-02,False,0,0,False,True,-0.14616344584439595,BE0.10
fresh,T010,0.1,PAPER:ATUSDT:1791009899999:SHORT,ATUSDT,Fresh_2026-10-03,True,2,2,False,True,5.954295341827023,RUNNER_CLOSE
fresh,T010,0.1,PAPER:ALGOUSDT:1790996699999:SHORT,ALGOUSDT,Fresh_2026-10-03,False,2,2,False,True,-2.3718298961149187,HIST_TIME_FALLBACK
fresh,T010,0.1,PAPER:CROSSUSDT:1791031199999:SHORT,CROSSUSDT,Fresh_2026-10-03,True,1,1,False,False,,
fresh,T010,0.1,PAPER:USELESSUSDT:1791043499999:SHORT,USELESSUSDT,Fresh_2026-10-03,False,1,2,True,True,-0.001314096181293356,BE0.10
fresh,T010,0.1,PAPER:APTUSDT:1790965199999:SHORT,APTUSDT,Fresh_2026-10-02,False,1,3,True,True,-0.9501900380076185,HIST_TIME_FALLBACK
fresh,T010,0.1,PAPER:ARUSDT:1791030899999:SHORT,ARUSDT,Fresh_2026-10-03,False,2,2,False,True,-0.07962449011536726,BE0.10
fresh,T010,0.1,PAPER:1000SATSUSDT:1790965799999:SHORT,1000SATSUSDT,Fresh_2026-10-02,True,3,3,False,True,0.6711061240588136,FULL_CLOSE_050
fresh,T010,0.1,PAPER:LITUSDT:1790912399999:SHORT,LITUSDT,Fresh_2026-10-02,False,3,3,False,False,,
fresh,T010,0.1,PAPER:BILLUSDT:1790961299999:SHORT,BILLUSDT,Fresh_2026-10-02,True,0,0,False,True,7.066138628081491,RUNNER_CLOSE
fresh,T010,0.1,PAPER:SYNUSDT:1790866499999:SHORT,SYNUSDT,Fresh_2026-10-01,False,0,0,False,True,-2.4390803468385633,HIST_TIME_FALLBACK
fresh,T010,0.1,PAPER:ALGOUSDT:1790965199999:SHORT,ALGOUSDT,Fresh_2026-10-02,False,2,3,True,False,,NO_EXECUTABLE_ENTRY
fresh,T010,0.1,PAPER:XVSUSDT:1790837699999:SHORT,XVSUSDT,Fresh_2026-10-01,False,2,3,True,True,-3.4399257165607384,HIST_TIME_FALLBACK
fresh,T010,0.1,PAPER:SOONUSDT:1790989199999:SHORT,SOONUSDT,Fresh_2026-10-03,True,0,0,False,True,2.4486094598061987,FULL_CLOSE_050
fresh,T010,0.1,PAPER:AEROUSDT:1790914199999:SHORT,AEROUSDT,Fresh_2026-10-02,False,1,2,True,True,-6.680044414543266,HIST_TIME_FALLBACK
fresh,T010,0.1,PAPER:LSKUSDT:1790923199999:SHORT,LSKUSDT,Fresh_2026-10-02,False,2,2,False,True,-0.008156693832137574,BE0.10
fresh,T010,0.1,PAPER:PUMPBTCUSDT:1790901899999:SHORT,PUMPBTCUSDT,Fresh_2026-10-02,False,0,0,False,True,-0.32290283244622264,BE0.10
fresh,T010,0.1,PAPER:CVXUSDT:1790866199999:SHORT,CVXUSDT,Fresh_2026-10-01,False,1,2,True,True,-1.6572171425809599,HIST_TIME_FALLBACK
fresh,T010,0.1,PAPER:2ZUSDT:1790950199999:SHORT,2ZUSDT,Fresh_2026-10-02,False,2,2,False,False,,
fresh,T010,0.1,PAPER:AEROUSDT:1791025799999:SHORT,AEROUSDT,Fresh_2026-10-03,False,1,2,True,True,-0.13235951513537036,BE0.10
fresh,T010,0.1,PAPER:HUSDT:1790916299999:SHORT,HUSDT,Fresh_2026-10-02,False,0,0,False,True,-0.02478084140716763,BE0.10
fresh,T010,0.1,PAPER:LITUSDT:1791050999999:SHORT,LITUSDT,Fresh_2026-10-03,False,0,0,False,True,-0.0059967306767271245,BE0.10
fresh,T010,0.1,PAPER:哈基米USDT:1790903699999:SHORT,哈基米USDT,Fresh_2026-10-02,True,1,1,False,True,4.352513246293395,FULL_CLOSE_050
fresh,T010,0.1,PAPER:PHAUSDT:1791039899999:SHORT,PHAUSDT,Fresh_2026-10-03,False,2,2,False,True,-1.7528616255320375,HIST_TIME_FALLBACK
fresh,T010,0.1,PAPER:MEGAUSDT:1790965799999:SHORT,MEGAUSDT,Fresh_2026-10-02,True,1,1,False,True,0.8708624401962106,FULL_CLOSE_050
fresh,T010,0.1,PAPER:SNXUSDT:1790899499999:SHORT,SNXUSDT,Fresh_2026-10-02,False,2,2,False,True,-0.1518245036567476,BE0.10
fresh,T010,0.1,PAPER:POWERUSDT:1790985899999:SHORT,POWERUSDT,Fresh_2026-10-03,False,3,3,False,True,-2.2765098173090337,HIST_TIME_FALLBACK
fresh,T010,0.1,PAPER:ROSEUSDT:1790839499999:SHORT,ROSEUSDT,Fresh_2026-10-01,False,2,2,False,True,-4.209589836061792,HIST_TIME_FALLBACK
fresh,T010,0.1,PAPER:ETHFIUSDT:1790952899999:SHORT,ETHFIUSDT,Fresh_2026-10-02,False,2,2,False,False,,
fresh,T010,0.1,PAPER:FFUSDT:1790903399999:SHORT,FFUSDT,Fresh_2026-10-02,True,2,2,False,True,1.202465426926,FULL_CLOSE_050
fresh,T010,0.1,PAPER:QUSDT:1790852699999:SHORT,QUSDT,Fresh_2026-10-01,False,1,2,True,True,1.1308633959134464,FULL_CLOSE_050
fresh,T010,0.1,PAPER:ARUSDT:1790839199999:SHORT,ARUSDT,Fresh_2026-10-01,False,2,2,False,True,1.2474571377690213,FULL_CLOSE_050
fresh,T010,0.1,PAPER:FOGOUSDT:1790970899999:SHORT,FOGOUSDT,Fresh_2026-10-02,False,2,2,False,True,-1.9236929357867711,HIST_TIME_FALLBACK
fresh,T010,0.1,PAPER:B2USDT:1790951399999:SHORT,B2USDT,Fresh_2026-10-02,False,1,3,True,True,-0.13309117648872998,BE0.10
fresh,T010,0.1,PAPER:TAOUSDT:1790962799999:SHORT,TAOUSDT,Fresh_2026-10-02,False,3,3,False,True,-0.012043597810178774,BE0.10
fresh,T010,0.1,PAPER:USELESSUSDT:1790966099999:SHORT,USELESSUSDT,Fresh_2026-10-02,True,2,2,False,True,8.17698245646959,RUNNER_CLOSE
fresh,T010,0.1,PAPER:IOSTUSDT:1790860199999:SHORT,IOSTUSDT,Fresh_2026-10-01,False,3,3,False,True,-0.03328070307818426,BE0.10
fresh,T010,0.1,PAPER:BBUSDT:1790998799999:SHORT,BBUSDT,Fresh_2026-10-03,False,2,2,False,True,1.1451435326831172,FULL_CLOSE_050
fresh,T010,0.1,PAPER:CATIUSDT:1790857799999:SHORT,CATIUSDT,Fresh_2026-10-01,False,2,2,False,True,-1.3559082986965152,BE0.10
fresh,T010,0.1,PAPER:XPLUSDT:1790952899999:SHORT,XPLUSDT,Fresh_2026-10-02,False,0,0,False,True,-3.7469835621939516,HIST_TIME_FALLBACK