position_id,symbol,source,block,lane,mfe_pct,mfe_bucket,strong,executable,pnl,reason
PAPER:MARSCOINUSDT:1790750399999:SHORT,MARSCOINUSDT,research,Research_Discovery,1,0.54913,GRAY_0P50_1P00,False,True,-1.7961134685745213,HIST_TIME_FALLBACK
PAPER:ONUSDT:1790816699999:SHORT,ONUSDT,research,Research_Reserve,1,1.147195,TARGET_GE_1P00,True,True,1.3005976869833946,FULL_CLOSE_050
PAPER:1000FLOKIUSDT:1790749499999:SHORT,1000FLOKIUSDT,research,Research_Discovery,0,0.527351,GRAY_0P50_1P00,False,True,-0.21968994309620082,BE0.10
PAPER:RVNUSDT:1790750399999:SHORT,RVNUSDT,research,Research_Discovery,2,0.195185,BAD_A_LT_0P30,False,True,-0.09046450767179115,BE0.10
PAPER:币安人生USDT:1790813099999:SHORT,币安人生USDT,research,Research_Reserve,3,0.139804,BAD_A_LT_0P30,False,True,-3.350071092924139,HIST_TIME_FALLBACK
PAPER:CCUSDT:1790804399999:SHORT,CCUSDT,research,Research_Reserve,3,0.548107,GRAY_0P50_1P00,False,False,,
PAPER:RAREUSDT:1790813399999:SHORT,RAREUSDT,research,Research_Reserve,0,0.097667,BAD_A_LT_0P30,False,True,-2.4224700087075477,HIST_TIME_FALLBACK
PAPER:ASTERUSDT:1790790899999:SHORT,ASTERUSDT,research,Research_Validation,1,0.01994,BAD_A_LT_0P30,False,True,-2.146307576927568,HIST_TIME_FALLBACK
PAPER:CLOUSDT:1790821199999:SHORT,CLOUSDT,research,Research_Reserve,2,0.325309,BAD_B_0P30_0P50,False,True,-4.172534216639878e-06,BE0.10
PAPER:GRTUSDT:1790791499999:SHORT,GRTUSDT,research,Research_Validation,0,1.324166,TARGET_GE_1P00,True,True,2.154687088348092,FULL_CLOSE_050
PAPER:WETUSDT:1790805899999:SHORT,WETUSDT,research,Research_Reserve,1,0.212637,BAD_A_LT_0P30,False,True,-3.280976271305775,HIST_TIME_FALLBACK
PAPER:PHAUSDT:1790813699999:SHORT,PHAUSDT,research,Research_Reserve,0,1.716863,TARGET_GE_1P00,True,True,1.2719742734289923,FULL_CLOSE_050
PAPER:牛来USDT:1790811299999:SHORT,牛来USDT,research,Research_Reserve,1,0.189024,BAD_A_LT_0P30,False,True,-2.851529664018463,HIST_TIME_FALLBACK
PAPER:WUSDT:1790818799999:SHORT,WUSDT,research,Research_Reserve,2,0.864465,GRAY_0P50_1P00,False,True,1.1885391301331734,FULL_CLOSE_050
PAPER:FETUSDT:1790755499999:SHORT,FETUSDT,research,Research_Discovery,2,0.30534,BAD_B_0P30_0P50,False,True,-0.019752881803106137,BE0.10
PAPER:BERAUSDT:1790767199999:SHORT,BERAUSDT,research,Research_Discovery,0,0.228802,BAD_A_LT_0P30,False,True,-0.5351193995017857,BE0.10
PAPER:MORPHOUSDT:1790778899999:SHORT,MORPHOUSDT,research,Research_Discovery,2,0.737844,GRAY_0P50_1P00,False,False,,
PAPER:AKEUSDT:1790789699999:SHORT,AKEUSDT,research,Research_Validation,2,1.470787,TARGET_GE_1P00,True,True,1.5949447540122403,FULL_CLOSE_050
PAPER:HANAUSDT:1790750699999:SHORT,HANAUSDT,research,Research_Discovery,1,0.138758,BAD_A_LT_0P30,False,True,-0.15625635039777086,BE0.10
PAPER:ATHUSDT:1790751599999:SHORT,ATHUSDT,research,Research_Discovery,0,0.451709,BAD_B_0P30_0P50,False,True,-0.022730531452432978,BE0.10
PAPER:MOVEUSDT:1790660099999:SHORT,MOVEUSDT,research,Research_Discovery,2,0.244508,BAD_A_LT_0P30,False,True,-7.46764555987584,HIST_TIME_FALLBACK
PAPER:EIGENUSDT:1790778299999:SHORT,EIGENUSDT,research,Research_Discovery,1,0.912489,GRAY_0P50_1P00,False,True,-2.9925204747191225,HIST_TIME_FALLBACK
PAPER:EDENUSDT:1790748299999:SHORT,EDENUSDT,research,Research_Discovery,3,1.288421,TARGET_GE_1P00,True,True,1.2128405322081666,FULL_CLOSE_050
PAPER:SOMIUSDT:1790813099999:SHORT,SOMIUSDT,research,Research_Reserve,1,0.518462,GRAY_0P50_1P00,False,False,,
PAPER:0GUSDT:1790815499999:SHORT,0GUSDT,research,Research_Reserve,3,1.05548,TARGET_GE_1P00,True,False,,
PAPER:ZETAUSDT:1790813099999:SHORT,ZETAUSDT,research,Research_Reserve,2,0.096253,BAD_A_LT_0P30,False,True,-1.2409966937229422,HIST_TIME_FALLBACK
PAPER:GUSDT:1790789699999:SHORT,GUSDT,research,Research_Validation,2,1.171208,TARGET_GE_1P00,True,True,1.2485296839747715,FULL_CLOSE_050
PAPER:TOWNSUSDT:1790798999999:SHORT,TOWNSUSDT,research,Research_Validation,0,0.267823,BAD_A_LT_0P30,False,True,-0.4700219900094974,BE0.10
PAPER:XANUSDT:1790820299999:SHORT,XANUSDT,research,Research_Reserve,2,0.375989,BAD_B_0P30_0P50,False,True,-2.736824202959218,HIST_TIME_FALLBACK
PAPER:ZECUSDT:1790793599999:SHORT,ZECUSDT,research,Research_Validation,0,0.826235,GRAY_0P50_1P00,False,True,1.8850132448752173,FULL_CLOSE_050
PAPER:SKYAIUSDT:1790793599999:SHORT,SKYAIUSDT,research,Research_Validation,0,0.856741,GRAY_0P50_1P00,False,True,1.3030505710239628,FULL_CLOSE_050
PAPER:PARTIUSDT:1790805899999:SHORT,PARTIUSDT,research,Research_Reserve,1,0.209137,BAD_A_LT_0P30,False,True,-2.862241948007635,HIST_TIME_FALLBACK
PAPER:MUBARAKUSDT:1790813999999:SHORT,MUBARAKUSDT,research,Research_Reserve,0,0.497283,BAD_B_0P30_0P50,False,True,-0.03155021644970191,BE0.10
PAPER:GRASSUSDT:1790753399999:SHORT,GRASSUSDT,research,Research_Discovery,2,1.058263,TARGET_GE_1P00,False,False,,
PAPER:APRUSDT:1790766599999:SHORT,APRUSDT,research,Research_Discovery,1,0.480931,BAD_B_0P30_0P50,False,True,-0.11240729317412473,BE0.10
PAPER:XVSUSDT:1790803499999:SHORT,XVSUSDT,research,Research_Reserve,0,0.172713,BAD_A_LT_0P30,False,True,-0.12347626420409064,BE0.10
PAPER:PHAROSUSDT:1790821499999:SHORT,PHAROSUSDT,research,Research_Reserve,0,0.313767,BAD_B_0P30_0P50,False,True,-0.11497003238248377,BE0.10
PAPER:FIGHTUSDT:1790683499999:SHORT,FIGHTUSDT,research,Research_Discovery,0,2.035042,TARGET_GE_1P00,True,True,2.322307118439893,FULL_CLOSE_050
PAPER:AINUSDT:1790820899999:SHORT,AINUSDT,research,Research_Reserve,3,0.287615,BAD_A_LT_0P30,False,True,-3.369490165607828,HIST_TIME_FALLBACK
PAPER:MARSCOINUSDT:1790779199999:SHORT,MARSCOINUSDT,research,Research_Discovery,0,1.506906,TARGET_GE_1P00,True,True,-0.8389016453802545,HIST_TIME_FALLBACK
PAPER:CAPUSDT:1790776799999:SHORT,CAPUSDT,research,Research_Discovery,2,0.707184,GRAY_0P50_1P00,False,True,1.0977965774114582,FULL_CLOSE_050
PAPER:NEOUSDT:1790660099999:SHORT,NEOUSDT,research,Research_Discovery,2,0.384608,BAD_B_0P30_0P50,False,True,-7.245456119621564,HIST_TIME_FALLBACK
PAPER:HUSDT:1790811599999:SHORT,HUSDT,research,Research_Reserve,1,1.150488,TARGET_GE_1P00,True,True,3.4045000065329796,FULL_CLOSE_050
PAPER:PTBUSDT:1790748899999:SHORT,PTBUSDT,research,Research_Discovery,1,0.710997,GRAY_0P50_1P00,False,True,0.9581766718693765,FULL_CLOSE_050
PAPER:CFGUSDT:1790781299999:SHORT,CFGUSDT,research,Research_Discovery,1,0.784446,GRAY_0P50_1P00,False,True,1.3983530787927339,FULL_CLOSE_050
PAPER:PIPPINUSDT:1790796899999:SHORT,PIPPINUSDT,research,Research_Validation,2,0.732026,GRAY_0P50_1P00,False,False,,
PAPER:TACUSDT:1790794199999:SHORT,TACUSDT,research,Research_Validation,0,1.490475,TARGET_GE_1P00,True,True,2.6652578217547758,FULL_CLOSE_050
PAPER:PTBUSDT:1790793299999:SHORT,PTBUSDT,research,Research_Validation,2,1.923731,TARGET_GE_1P00,True,False,,
PAPER:BLURUSDT:1790764499999:SHORT,BLURUSDT,research,Research_Discovery,2,1.800283,TARGET_GE_1P00,False,True,1.4460530928588362,FULL_CLOSE_050
PAPER:牛来USDT:1790750399999:SHORT,牛来USDT,research,Research_Discovery,2,0.316667,BAD_B_0P30_0P50,False,True,-1.9140394459944603,HIST_TIME_FALLBACK
PAPER:BREVUSDT:1790819099999:SHORT,BREVUSDT,research,Research_Reserve,2,0.313857,BAD_B_0P30_0P50,False,True,-0.02725813657777526,BE0.10
PAPER:PHAUSDT:1790768399999:SHORT,PHAUSDT,research,Research_Discovery,2,1.615493,TARGET_GE_1P00,False,False,,
PAPER:ONDOUSDT:1790793299999:SHORT,ONDOUSDT,research,Research_Validation,0,1.085078,TARGET_GE_1P00,True,True,0.9604022903817784,FULL_CLOSE_050
PAPER:STARUSDT:1790788499999:SHORT,STARUSDT,research,Research_Validation,2,0.608537,GRAY_0P50_1P00,False,False,,
PAPER:我踏马来了USDT:1790777999999:SHORT,我踏马来了USDT,research,Research_Discovery,0,2.096646,TARGET_GE_1P00,True,True,0.8705347996937391,FULL_CLOSE_050
PAPER:REUSDT:1790777999999:SHORT,REUSDT,research,Research_Discovery,2,1.102899,TARGET_GE_1P00,True,True,-0.3327041950330578,BE0.10
PAPER:我踏马来了USDT:1790750999999:SHORT,我踏马来了USDT,research,Research_Discovery,1,0.711389,GRAY_0P50_1P00,False,True,1.2306965277149566,FULL_CLOSE_050
PAPER:HAEDALUSDT:1790666699999:SHORT,HAEDALUSDT,research,Research_Discovery,3,5.428362,TARGET_GE_1P00,True,True,1.303525174769847,FULL_CLOSE_050
PAPER:PHAUSDT:1790677199999:SHORT,PHAUSDT,research,Research_Discovery,2,0.785859,GRAY_0P50_1P00,False,False,,
PAPER:ZESTUSDT:1790787599999:SHORT,ZESTUSDT,research,Research_Discovery,3,2.116673,TARGET_GE_1P00,False,False,,NO_EXECUTABLE_ENTRY
PAPER:ASTERUSDT:1790793599999:SHORT,ASTERUSDT,research,Research_Validation,2,0.433904,BAD_B_0P30_0P50,False,True,-0.014535477188919177,BE0.10
PAPER:WLDUSDT:1790670899999:SHORT,WLDUSDT,research,Research_Discovery,1,0.501351,GRAY_0P50_1P00,False,True,-0.0446268801498757,BE0.10
PAPER:SOPHUSDT:1790812499999:SHORT,SOPHUSDT,research,Research_Reserve,2,0.388241,BAD_B_0P30_0P50,False,True,-2.585166162247095,HIST_TIME_FALLBACK
PAPER:LUMIAUSDT:1790793299999:SHORT,LUMIAUSDT,research,Research_Validation,3,1.004333,TARGET_GE_1P00,True,True,1.0532892393663902,FULL_CLOSE_050
PAPER:ZECUSDT:1790778299999:SHORT,ZECUSDT,research,Research_Discovery,0,0.850067,GRAY_0P50_1P00,False,True,-0.0029589651554833285,BE0.10
PAPER:ONEUSDT:1790766299999:SHORT,ONEUSDT,research,Research_Discovery,2,1.059538,TARGET_GE_1P00,False,False,,
PAPER:BROCCOLIF3BUSDT:1790799899999:SHORT,BROCCOLIF3BUSDT,research,Research_Validation,0,0.70612,GRAY_0P50_1P00,False,True,-5.58184660063678,HIST_TIME_FALLBACK
PAPER:TAKEUSDT:1790766599999:SHORT,TAKEUSDT,research,Research_Discovery,1,0.137812,BAD_A_LT_0P30,False,True,-1.7393259130017942,HIST_TIME_FALLBACK
PAPER:SYRUPUSDT:1790781599999:SHORT,SYRUPUSDT,research,Research_Discovery,0,0.426771,BAD_B_0P30_0P50,False,True,-0.08678583600488882,BE0.10
PAPER:AZTECUSDT:1790683199999:SHORT,AZTECUSDT,research,Research_Discovery,1,0.190897,BAD_A_LT_0P30,False,True,-3.3275919959717752,HIST_TIME_FALLBACK
PAPER:SYRUPUSDT:1790748899999:SHORT,SYRUPUSDT,research,Research_Discovery,0,1.050447,TARGET_GE_1P00,True,True,2.4117040846100197,FULL_CLOSE_050
PAPER:LDOUSDT:1790801699999:SHORT,LDOUSDT,research,Research_Reserve,1,0.88947,GRAY_0P50_1P00,False,True,-0.05650525329343392,BE0.10
PAPER:BUSDT:1790749799999:SHORT,BUSDT,research,Research_Discovery,2,1.476268,TARGET_GE_1P00,True,True,2.52401602356332,FULL_CLOSE_050
PAPER:ZETAUSDT:1790755799999:SHORT,ZETAUSDT,research,Research_Discovery,1,0.384701,BAD_B_0P30_0P50,False,True,-8.865185329777047,HIST_TIME_FALLBACK
PAPER:SYNUSDT:1790801099999:SHORT,SYNUSDT,research,Research_Validation,0,1.884366,TARGET_GE_1P00,True,True,1.4559707481167836,FULL_CLOSE_050
PAPER:DOTUSDT:1790805899999:SHORT,DOTUSDT,research,Research_Reserve,2,0.177827,BAD_A_LT_0P30,False,True,-3.5110995010289994,HIST_TIME_FALLBACK
PAPER:POWERUSDT:1790821199999:SHORT,POWERUSDT,research,Research_Reserve,1,0.418241,BAD_B_0P30_0P50,False,True,-0.07132715105852316,BE0.10
PAPER:SYRUPUSDT:1790778599999:SHORT,SYRUPUSDT,research,Research_Discovery,2,0.513725,GRAY_0P50_1P00,False,False,,NO_EXECUTABLE_ENTRY
PAPER:MARSCOINUSDT:1790740499999:SHORT,MARSCOINUSDT,research,Research_Discovery,2,0.755978,GRAY_0P50_1P00,False,True,-3.179236236025787,HIST_TIME_FALLBACK
PAPER:HAEDALUSDT:1790684699999:SHORT,HAEDALUSDT,research,Research_Discovery,2,1.010068,TARGET_GE_1P00,True,True,1.6287650884117804,FULL_CLOSE_050
PAPER:SAGAUSDT:1790789699999:SHORT,SAGAUSDT,research,Research_Validation,2,0.289536,BAD_A_LT_0P30,False,True,-0.17470562276667806,BE0.10
PAPER:ZKCUSDT:1790749499999:SHORT,ZKCUSDT,research,Research_Discovery,3,1.028823,TARGET_GE_1P00,True,True,1.3164755031558943,FULL_CLOSE_050
PAPER:ONEUSDT:1790787899999:SHORT,ONEUSDT,research,Research_Validation,0,1.126486,TARGET_GE_1P00,True,True,1.9413494865586918,FULL_CLOSE_050
PAPER:4USDT:1790755499999:SHORT,4USDT,research,Research_Discovery,0,0.193585,BAD_A_LT_0P30,False,True,-0.2065659685021447,BE0.10
PAPER:FARTCOINUSDT:1790788799999:SHORT,FARTCOINUSDT,research,Research_Validation,3,0.480931,BAD_B_0P30_0P50,False,True,-0.11403994328924544,BE0.10
PAPER:ARKMUSDT:1790775599999:SHORT,ARKMUSDT,research,Research_Discovery,1,0.787793,GRAY_0P50_1P00,False,True,-2.789187797147939,HIST_TIME_FALLBACK
PAPER:RPLUSDT:1790752499999:SHORT,RPLUSDT,research,Research_Discovery,2,1.223124,TARGET_GE_1P00,False,False,,
PAPER:B2USDT:1790799899999:SHORT,B2USDT,research,Research_Validation,2,2.834312,TARGET_GE_1P00,True,False,,
PAPER:AEROUSDT:1790777999999:SHORT,AEROUSDT,research,Research_Discovery,2,1.097469,TARGET_GE_1P00,True,True,-0.02170879025565997,BE0.10
PAPER:FILUSDT:1790805899999:SHORT,FILUSDT,research,Research_Reserve,2,0.048196,BAD_A_LT_0P30,False,True,-2.5572511598340295,HIST_TIME_FALLBACK
PAPER:PONSUSDT:1790810999999:SHORT,PONSUSDT,research,Research_Reserve,3,0.188016,BAD_A_LT_0P30,False,False,,
PAPER:VVVUSDT:1790683799999:SHORT,VVVUSDT,research,Research_Discovery,2,1.975569,TARGET_GE_1P00,True,True,1.379914949359523,FULL_CLOSE_050
PAPER:ONEUSDT:1790781899999:SHORT,ONEUSDT,research,Research_Discovery,1,0.763667,GRAY_0P50_1P00,False,True,-0.5185421932802584,BE0.10
PAPER:EVAAUSDT:1790674499999:SHORT,EVAAUSDT,research,Research_Discovery,3,1.67828,TARGET_GE_1P00,True,True,3.374755742151028,FULL_CLOSE_050
PAPER:ONDOUSDT:1790777999999:SHORT,ONDOUSDT,research,Research_Discovery,2,1.581107,TARGET_GE_1P00,True,True,1.639850746268645,FULL_CLOSE_050
PAPER:CRVUSDT:1790775599999:SHORT,CRVUSDT,research,Research_Discovery,1,0.800252,GRAY_0P50_1P00,False,True,-2.749895395103578,HIST_TIME_FALLBACK
PAPER:SIRENUSDT:1790774399999:SHORT,SIRENUSDT,research,Research_Discovery,0,0.330022,BAD_B_0P30_0P50,False,True,-2.920958502724164,HIST_TIME_FALLBACK
PAPER:EIGENUSDT:1790798099999:SHORT,EIGENUSDT,research,Research_Validation,2,0.845078,GRAY_0P50_1P00,False,False,,NO_EXECUTABLE_ENTRY
PAPER:AZTECUSDT:1790777399999:SHORT,AZTECUSDT,research,Research_Discovery,0,2.205265,TARGET_GE_1P00,True,True,2.2736548627056496,FULL_CLOSE_050
PAPER:AIOTUSDT:1790750999999:SHORT,AIOTUSDT,research,Research_Discovery,0,1.244824,TARGET_GE_1P00,True,True,-0.04588274774352036,BE0.10
PAPER:SPORTFUNUSDT:1790755499999:SHORT,SPORTFUNUSDT,research,Research_Discovery,2,0.598792,GRAY_0P50_1P00,False,True,-0.10462383861902647,BE0.10
PAPER:SLXUSDT:1790789999999:SHORT,SLXUSDT,research,Research_Validation,3,1.038409,TARGET_GE_1P00,True,True,2.657414630748092,FULL_CLOSE_050
PAPER:FLOCKUSDT:1790769899999:SHORT,FLOCKUSDT,research,Research_Discovery,2,0.558575,GRAY_0P50_1P00,False,False,,NO_EXECUTABLE_ENTRY
PAPER:HBARUSDT:1790805899999:SHORT,HBARUSDT,research,Research_Reserve,1,0.673787,GRAY_0P50_1P00,False,True,-1.617560065674552,HIST_TIME_FALLBACK
PAPER:INUSDT:1790660099999:SHORT,INUSDT,research,Research_Discovery,1,0.385702,BAD_B_0P30_0P50,False,True,-0.0016176692294866402,BE0.10
PAPER:NOMUSDT:1790781899999:SHORT,NOMUSDT,research,Research_Discovery,0,0.927077,GRAY_0P50_1P00,False,True,1.5228039020731798,FULL_CLOSE_050
PAPER:4USDT:1790809799999:SHORT,4USDT,research,Research_Reserve,1,0.250977,BAD_A_LT_0P30,False,True,-3.8313668454327505,HIST_TIME_FALLBACK
PAPER:ZAMAUSDT:1790781599999:SHORT,ZAMAUSDT,research,Research_Discovery,1,0.278873,BAD_A_LT_0P30,False,True,-2.3798478571476576,HIST_TIME_FALLBACK
PAPER:HBARUSDT:1790813399999:SHORT,HBARUSDT,research,Research_Reserve,1,0.461139,BAD_B_0P30_0P50,False,True,-0.08330977817649882,BE0.10
PAPER:XVSUSDT:1790818499999:SHORT,XVSUSDT,research,Research_Reserve,3,0.854249,GRAY_0P50_1P00,False,True,-1.7739561214492259,HIST_TIME_FALLBACK
PAPER:REDUSDT:1790793899999:SHORT,REDUSDT,research,Research_Validation,2,1.112084,TARGET_GE_1P00,False,True,-0.9501900380075392,HIST_TIME_FALLBACK
PAPER:QNTUSDT:1790774399999:SHORT,QNTUSDT,research,Research_Discovery,2,0.783865,GRAY_0P50_1P00,False,False,,
PAPER:AUCTIONUSDT:1790660099999:SHORT,AUCTIONUSDT,research,Research_Discovery,2,0.172501,BAD_A_LT_0P30,False,True,-5.498367700797842,HIST_TIME_FALLBACK
PAPER:YBUSDT:1790781599999:SHORT,YBUSDT,research,Research_Discovery,1,0.612683,GRAY_0P50_1P00,False,False,,
PAPER:KASUSDT:1790775599999:SHORT,KASUSDT,research,Research_Discovery,0,1.855805,TARGET_GE_1P00,False,True,1.3678242710362163,FULL_CLOSE_050
PAPER:HANAUSDT:1790816699999:SHORT,HANAUSDT,research,Research_Reserve,0,0.301088,BAD_B_0P30_0P50,False,True,-0.1466985612210322,BE0.10
PAPER:MMTUSDT:1790765399999:SHORT,MMTUSDT,research,Research_Discovery,3,2.19914,TARGET_GE_1P00,True,True,1.1742670019414785,FULL_CLOSE_050
PAPER:CHIPUSDT:1790777999999:SHORT,CHIPUSDT,research,Research_Discovery,2,1.233545,TARGET_GE_1P00,True,True,-0.17444810082224432,BE0.10
PAPER:RAYSOLUSDT:1790792099999:SHORT,RAYSOLUSDT,research,Research_Validation,2,2.758468,TARGET_GE_1P00,True,True,7.695495368728812,RUNNER_CLOSE
PAPER:SKYAIUSDT:1790796299999:SHORT,SKYAIUSDT,research,Research_Validation,1,0.761021,GRAY_0P50_1P00,False,True,-1.4389136797336677,HIST_TIME_FALLBACK
PAPER:BILLUSDT:1790663699999:SHORT,BILLUSDT,research,Research_Discovery,1,0.156398,BAD_A_LT_0P30,False,True,-4.042887593405706,HIST_TIME_FALLBACK
PAPER:INJUSDT:1790775599999:SHORT,INJUSDT,research,Research_Discovery,0,1.267289,TARGET_GE_1P00,False,True,-3.29904801512659,HIST_TIME_FALLBACK
PAPER:INITUSDT:1790754299999:SHORT,INITUSDT,research,Research_Discovery,0,6.107878,TARGET_GE_1P00,True,True,2.9325237580653862,FULL_CLOSE_050
PAPER:NOMUSDT:1790824799999:SHORT,NOMUSDT,research,Research_Reserve,0,0.149163,BAD_A_LT_0P30,False,True,-1.1618497378122843,HIST_TIME_FALLBACK
PAPER:ONDOUSDT:1790793599999:SHORT,ONDOUSDT,research,Research_Validation,0,0.997219,GRAY_0P50_1P00,False,True,-1.2618806918294359,HIST_TIME_FALLBACK
PAPER:DUSKUSDT:1790660099999:SHORT,DUSKUSDT,research,Research_Discovery,2,0.200116,BAD_A_LT_0P30,False,True,-4.68674003706758,HIST_TIME_FALLBACK
PAPER:LITUSDT:1790772299999:SHORT,LITUSDT,research,Research_Discovery,2,0.784556,GRAY_0P50_1P00,False,False,,
PAPER:FOLKSUSDT:1790780399999:SHORT,FOLKSUSDT,research,Research_Discovery,2,0.579397,GRAY_0P50_1P00,False,True,-0.14958997397233398,BE0.10
PAPER:OPUSDT:1790778299999:SHORT,OPUSDT,research,Research_Discovery,1,0.698794,GRAY_0P50_1P00,False,True,-3.37474888881066,HIST_TIME_FALLBACK
PAPER:CKBUSDT:1790752199999:SHORT,CKBUSDT,research,Research_Discovery,1,0.316158,BAD_B_0P30_0P50,False,True,-0.12854872248483168,BE0.10
PAPER:MEGAUSDT:1790770799999:SHORT,MEGAUSDT,research,Research_Discovery,1,0.520264,GRAY_0P50_1P00,False,True,-5.4354192814511295,HIST_TIME_FALLBACK
PAPER:COTIUSDT:1790820299999:SHORT,COTIUSDT,research,Research_Reserve,3,0.828458,GRAY_0P50_1P00,False,True,1.284351553294667,FULL_CLOSE_050
PAPER:MTLUSDT:1790819099999:SHORT,MTLUSDT,research,Research_Reserve,2,1.02251,TARGET_GE_1P00,True,True,1.0478073431695234,FULL_CLOSE_050
PAPER:THEUSDT:1790805599999:SHORT,THEUSDT,research,Research_Reserve,2,0.526044,GRAY_0P50_1P00,False,True,-0.016032125380005813,BE0.10
PAPER:FUSDT:1790821499999:SHORT,FUSDT,research,Research_Reserve,2,0.149857,BAD_A_LT_0P30,False,True,-3.643741046425173,HIST_TIME_FALLBACK
PAPER:GRASSUSDT:1790801699999:SHORT,GRASSUSDT,research,Research_Reserve,0,1.518319,TARGET_GE_1P00,True,True,2.971902280920612,FULL_CLOSE_050
PAPER:HANAUSDT:1790760299999:SHORT,HANAUSDT,research,Research_Discovery,1,0.865129,GRAY_0P50_1P00,False,False,,
PAPER:PTBUSDT:1790790899999:SHORT,PTBUSDT,research,Research_Validation,3,0.152686,BAD_A_LT_0P30,False,True,-1.165931958075711,HIST_TIME_FALLBACK
PAPER:AEROUSDT:1790670899999:SHORT,AEROUSDT,research,Research_Discovery,2,0.21848,BAD_A_LT_0P30,False,True,-3.339570420050535,HIST_TIME_FALLBACK
PAPER:MARSCOINUSDT:1790747699999:SHORT,MARSCOINUSDT,research,Research_Discovery,2,0.348897,BAD_B_0P30_0P50,False,True,-0.09579120200352242,BE0.10
PAPER:COMPUSDT:1790763599999:SHORT,COMPUSDT,research,Research_Discovery,3,0.258936,BAD_A_LT_0P30,False,True,-3.345286641060264,HIST_TIME_FALLBACK
PAPER:ALCHUSDT:1790781299999:SHORT,ALCHUSDT,research,Research_Discovery,1,0.923399,GRAY_0P50_1P00,False,True,3.1860000410920306,FULL_CLOSE_050
PAPER:APRUSDT:1790784599999:SHORT,APRUSDT,research,Research_Discovery,1,3.776376,TARGET_GE_1P00,False,False,,
PAPER:HANAUSDT:1790762399999:SHORT,HANAUSDT,research,Research_Discovery,0,0.22296,BAD_A_LT_0P30,False,True,-2.976810240590549,HIST_TIME_FALLBACK
PAPER:HBARUSDT:1790685299999:SHORT,HBARUSDT,research,Research_Discovery,1,1.067827,TARGET_GE_1P00,True,True,-1.9059836659225111,HIST_TIME_FALLBACK
PAPER:龙虾USDT:1790779799999:SHORT,龙虾USDT,research,Research_Discovery,1,1.034424,TARGET_GE_1P00,True,True,1.6918656304305664,FULL_CLOSE_050
PAPER:我踏马来了USDT:1790795699999:SHORT,我踏马来了USDT,research,Research_Validation,0,0.814774,GRAY_0P50_1P00,False,True,2.2897788295524304,HIST_TIME_FALLBACK
PAPER:MOVRUSDT:1790746799999:SHORT,MOVRUSDT,research,Research_Discovery,2,2.535095,TARGET_GE_1P00,True,False,,
PAPER:OUSDT:1790823299999:SHORT,OUSDT,research,Research_Reserve,3,0.182168,BAD_A_LT_0P30,False,True,-3.43649065077915,HIST_TIME_FALLBACK
PAPER:USUSDT:1790819699999:SHORT,USUSDT,research,Research_Reserve,2,2.611257,TARGET_GE_1P00,True,True,2.9693928998101957,FULL_CLOSE_050
PAPER:TNSRUSDT:1790750999999:SHORT,TNSRUSDT,research,Research_Discovery,1,0.262684,BAD_A_LT_0P30,False,True,-2.108035504556577,HIST_TIME_FALLBACK
PAPER:INUSDT:1790670899999:SHORT,INUSDT,research,Research_Discovery,1,0.584585,GRAY_0P50_1P00,False,True,-1.7418218620001003,HIST_TIME_FALLBACK
PAPER:PHAUSDT:1790813399999:SHORT,PHAUSDT,research,Research_Reserve,0,1.654134,TARGET_GE_1P00,True,True,3.2716066860705864,FULL_CLOSE_050
PAPER:VELVETUSDT:1790660099999:SHORT,VELVETUSDT,research,Research_Discovery,2,0.091398,BAD_A_LT_0P30,False,True,-7.086512947091679,HIST_TIME_FALLBACK
PAPER:PHAROSUSDT:1790666399999:SHORT,PHAROSUSDT,research,Research_Discovery,2,0.689672,GRAY_0P50_1P00,False,True,-0.059486852886541985,BE0.10
PAPER:TOWNSUSDT:1790790899999:SHORT,TOWNSUSDT,research,Research_Validation,0,1.158921,TARGET_GE_1P00,False,True,3.2979728194579354,FULL_CLOSE_050
PAPER:ZESTUSDT:1790768699999:SHORT,ZESTUSDT,research,Research_Discovery,0,1.051796,TARGET_GE_1P00,True,True,2.503404021558807,FULL_CLOSE_050
PAPER:AUSDT:1790775299999:SHORT,AUSDT,research,Research_Discovery,1,0.600669,GRAY_0P50_1P00,False,True,-0.18595310665184778,BE0.10
PAPER:EIGENUSDT:1790789999999:SHORT,EIGENUSDT,research,Research_Validation,2,0.345923,BAD_B_0P30_0P50,False,True,-0.13525281368846265,BE0.10
PAPER:WLFIUSDT:1790804999999:SHORT,WLFIUSDT,research,Research_Reserve,2,0.474419,BAD_B_0P30_0P50,False,True,-0.03288164504804292,BE0.10
PAPER:COTIUSDT:1790769899999:SHORT,COTIUSDT,research,Research_Discovery,1,0.636781,GRAY_0P50_1P00,False,True,-0.04129273426175767,BE0.10
PAPER:龙虾USDT:1790676899999:SHORT,龙虾USDT,research,Research_Discovery,0,6.842023,TARGET_GE_1P00,True,True,1.4983779303207718,FULL_CLOSE_050
PAPER:ALICEUSDT:1790748899999:SHORT,ALICEUSDT,research,Research_Discovery,2,2.941313,TARGET_GE_1P00,True,True,0.8623936314118819,FULL_CLOSE_050
PAPER:MEGAUSDT:1790779799999:SHORT,MEGAUSDT,research,Research_Discovery,3,1.197183,TARGET_GE_1P00,True,True,1.1629322463929945,FULL_CLOSE_050
PAPER:DRIFTUSDT:1790802899999:SHORT,DRIFTUSDT,research,Research_Reserve,1,0.663983,GRAY_0P50_1P00,False,True,-2.002924401915092,HIST_TIME_FALLBACK
PAPER:哈基米USDT:1790798699999:SHORT,哈基米USDT,research,Research_Validation,1,0.912359,GRAY_0P50_1P00,False,True,1.1456159106217818,FULL_CLOSE_050
PAPER:ERAUSDT:1790777999999:SHORT,ERAUSDT,research,Research_Discovery,2,1.397555,TARGET_GE_1P00,True,True,1.0063576079617556,FULL_CLOSE_050
PAPER:INXUSDT:1790741399999:SHORT,INXUSDT,research,Research_Discovery,2,0.756281,GRAY_0P50_1P00,False,False,,
PAPER:METISUSDT:1790667299999:SHORT,METISUSDT,research,Research_Discovery,2,0.187261,BAD_A_LT_0P30,False,True,-0.6558206231073102,HIST_TIME_FALLBACK
PAPER:SAGAUSDT:1790780699999:SHORT,SAGAUSDT,research,Research_Discovery,2,0.5778,GRAY_0P50_1P00,False,True,-0.011728864333088507,BE0.10
PAPER:HAEDALUSDT:1790666399999:SHORT,HAEDALUSDT,research,Research_Discovery,2,0.529008,GRAY_0P50_1P00,False,True,-0.19932725295063947,BE0.10
PAPER:SHELLUSDT:1790673899999:SHORT,SHELLUSDT,research,Research_Discovery,2,0.493527,BAD_B_0P30_0P50,False,True,-3.1291876994314487,HIST_TIME_FALLBACK
PAPER:SAGAUSDT:1790801099999:SHORT,SAGAUSDT,research,Research_Validation,2,1.318846,TARGET_GE_1P00,True,True,1.6178752621084787,FULL_CLOSE_050
PAPER:INJUSDT:1790777999999:SHORT,INJUSDT,research,Research_Discovery,2,1.661796,TARGET_GE_1P00,True,True,2.366670585638417,FULL_CLOSE_050
PAPER:AGTUSDT:1790684699999:SHORT,AGTUSDT,research,Research_Discovery,2,1.477604,TARGET_GE_1P00,False,True,3.5729105117802886,FULL_CLOSE_050
PAPER:GPSUSDT:1790792699999:SHORT,GPSUSDT,research,Research_Validation,0,1.553621,TARGET_GE_1P00,True,True,-2.2311615223244305,HIST_TIME_FALLBACK
PAPER:TRUMPUSDT:1790750999999:SHORT,TRUMPUSDT,research,Research_Discovery,1,0.327288,BAD_B_0P30_0P50,False,True,-2.439997151215881,HIST_TIME_FALLBACK
PAPER:COMPUSDT:1790742899999:SHORT,COMPUSDT,research,Research_Discovery,2,0.252742,BAD_A_LT_0P30,False,True,-0.17078141202388475,BE0.10
PAPER:CCUSDT:1790757299999:SHORT,CCUSDT,research,Research_Discovery,1,0.272428,BAD_A_LT_0P30,False,True,-2.169123130632578,HIST_TIME_FALLBACK
PAPER:FLOWUSDT:1790780999999:SHORT,FLOWUSDT,research,Research_Discovery,2,0.82949,GRAY_0P50_1P00,False,False,,
PAPER:BABYUSDT:1790672099999:SHORT,BABYUSDT,research,Research_Discovery,2,0.356861,BAD_B_0P30_0P50,False,True,-0.5729668352660259,BE0.10
PAPER:龙虾USDT:1790784599999:SHORT,龙虾USDT,research,Research_Discovery,0,1.338001,TARGET_GE_1P00,True,True,-0.06369324337118304,BE0.10
PAPER:ETCUSDT:1790789699999:SHORT,ETCUSDT,research,Research_Validation,0,0.844075,GRAY_0P50_1P00,False,True,0.7346810156377386,FULL_CLOSE_050
PAPER:NOMUSDT:1790669399999:SHORT,NOMUSDT,research,Research_Discovery,1,0.320531,BAD_B_0P30_0P50,False,True,-0.46277505257625146,BE0.10
PAPER:ARUSDT:1790748599999:SHORT,ARUSDT,research,Research_Discovery,0,1.906168,TARGET_GE_1P00,True,True,0.9307876605852432,FULL_CLOSE_050
PAPER:FLOWUSDT:1790793599999:SHORT,FLOWUSDT,research,Research_Validation,3,0.687306,GRAY_0P50_1P00,False,False,,NO_EXECUTABLE_ENTRY
PAPER:KAITOUSDT:1790766599999:SHORT,KAITOUSDT,research,Research_Discovery,1,0.332593,BAD_B_0P30_0P50,False,True,-0.06708179330665048,BE0.10
PAPER:PLAYUSDT:1790684699999:SHORT,PLAYUSDT,research,Research_Discovery,3,1.258102,TARGET_GE_1P00,True,True,2.331194360799401,FULL_CLOSE_050
PAPER:NILUSDT:1790759999999:SHORT,NILUSDT,research,Research_Discovery,0,0.5403,GRAY_0P50_1P00,False,True,-1.9230696802444132,HIST_TIME_FALLBACK
PAPER:0GUSDT:1790778899999:SHORT,0GUSDT,research,Research_Discovery,3,0.963383,GRAY_0P50_1P00,False,True,-0.15360316652766193,BE0.10
PAPER:SPACEUSDT:1790750099999:SHORT,SPACEUSDT,research,Research_Discovery,3,0.134259,BAD_A_LT_0P30,False,True,-0.08364325779182069,BE0.10
PAPER:LSKUSDT:1790755499999:SHORT,LSKUSDT,research,Research_Discovery,2,0.540075,GRAY_0P50_1P00,False,True,-1.1880736992613221,HIST_TIME_FALLBACK
PAPER:HOMEUSDT:1790789699999:SHORT,HOMEUSDT,research,Research_Validation,2,0.228555,BAD_A_LT_0P30,False,True,-3.0258874589647404,HIST_TIME_FALLBACK
PAPER:MUSDT:1790676299999:SHORT,MUSDT,research,Research_Discovery,3,1.385974,TARGET_GE_1P00,True,True,1.6718481849957416,FULL_CLOSE_050
PAPER:NILUSDT:1790671499999:SHORT,NILUSDT,research,Research_Discovery,2,0.911327,GRAY_0P50_1P00,False,True,-1.68723326260338,HIST_TIME_FALLBACK
PAPER:AVAAIUSDT:1790752199999:SHORT,AVAAIUSDT,research,Research_Discovery,2,0.520645,GRAY_0P50_1P00,False,False,,
PAPER:ADAUSDT:1790749499999:SHORT,ADAUSDT,research,Research_Discovery,1,0.062419,BAD_A_LT_0P30,False,True,-2.39395861248885,HIST_TIME_FALLBACK
PAPER:ONDOUSDT:1790766599999:SHORT,ONDOUSDT,research,Research_Discovery,2,0.238292,BAD_A_LT_0P30,False,True,-0.056483092889133946,BE0.10
PAPER:NILUSDT:1790799599999:SHORT,NILUSDT,research,Research_Validation,1,0.674661,GRAY_0P50_1P00,False,True,-1.2448193435038157,HIST_TIME_FALLBACK
PAPER:2ZUSDT:1790787899999:SHORT,2ZUSDT,research,Research_Discovery,2,0.680327,GRAY_0P50_1P00,False,True,-2.789951842238101,HIST_TIME_FALLBACK
PAPER:EPICUSDT:1790766899999:SHORT,EPICUSDT,research,Research_Discovery,1,0.586067,GRAY_0P50_1P00,False,True,-0.8582063573685147,HIST_TIME_FALLBACK
PAPER:1000000MOGUSDT:1790766599999:SHORT,1000000MOGUSDT,research,Research_Discovery,1,0.404169,BAD_B_0P30_0P50,False,True,-11.183413684440444,HIST_TIME_FALLBACK
PAPER:XPINUSDT:1790796299999:SHORT,XPINUSDT,research,Research_Validation,1,0.455715,BAD_B_0P30_0P50,False,True,-0.35497578112532235,BE0.10
PAPER:MMTUSDT:1790793299999:SHORT,MMTUSDT,research,Research_Validation,0,0.139518,BAD_A_LT_0P30,False,True,-1.216311882791259,HIST_TIME_FALLBACK
PAPER:CLOUSDT:1790801099999:SHORT,CLOUSDT,research,Research_Validation,0,2.152527,TARGET_GE_1P00,True,True,0.8062141375643592,FULL_CLOSE_050
PAPER:THETAUSDT:1790775599999:SHORT,THETAUSDT,research,Research_Discovery,1,0.848602,GRAY_0P50_1P00,False,False,,
PAPER:SKRUSDT:1790777699999:SHORT,SKRUSDT,research,Research_Discovery,3,1.338858,TARGET_GE_1P00,True,True,1.5995230327209335,FULL_CLOSE_050
PAPER:MUBARAKUSDT:1790672399999:SHORT,MUBARAKUSDT,research,Research_Discovery,0,1.078584,TARGET_GE_1P00,True,True,0.828626660560662,FULL_CLOSE_050
PAPER:OUSDT:1790770799999:SHORT,OUSDT,research,Research_Discovery,0,0.144053,BAD_A_LT_0P30,False,True,-0.5852728227439044,HIST_TIME_FALLBACK
PAPER:CHIPUSDT:1790749499999:SHORT,CHIPUSDT,research,Research_Discovery,0,0.486077,BAD_B_0P30_0P50,False,True,-0.25942390640049334,BE0.10
PAPER:UBUSDT:1790778299999:SHORT,UBUSDT,research,Research_Discovery,2,1.400715,TARGET_GE_1P00,True,True,0.8788678780223829,FULL_CLOSE_050
PAPER:EPICUSDT:1790798999999:SHORT,EPICUSDT,research,Research_Validation,1,0.280019,BAD_A_LT_0P30,False,True,-3.1102705953947467,HIST_TIME_FALLBACK
PAPER:TRBUSDT:1790757299999:SHORT,TRBUSDT,research,Research_Discovery,0,0.360131,BAD_B_0P30_0P50,False,True,-0.28308588543956853,BE0.10
PAPER:RIVERUSDT:1790786999999:SHORT,RIVERUSDT,research,Research_Discovery,2,1.276852,TARGET_GE_1P00,True,True,1.0846684580818091,FULL_CLOSE_050
PAPER:LIGHTUSDT:1790795699999:SHORT,LIGHTUSDT,research,Research_Validation,3,0.252679,BAD_A_LT_0P30,False,True,-2.0401741208339974,HIST_TIME_FALLBACK
PAPER:ZKUSDT:1790778299999:SHORT,ZKUSDT,research,Research_Discovery,2,0.812672,GRAY_0P50_1P00,False,False,,
PAPER:WLDUSDT:1790757299999:SHORT,WLDUSDT,research,Research_Discovery,0,0.080904,BAD_A_LT_0P30,False,True,-3.5762907121375966,HIST_TIME_FALLBACK
PAPER:XLMUSDT:1790777999999:SHORT,XLMUSDT,research,Research_Discovery,0,1.645067,TARGET_GE_1P00,True,True,2.570280006771414,FULL_CLOSE_050
PAPER:AVNTUSDT:1790802599999:SHORT,AVNTUSDT,research,Research_Reserve,1,0.301755,BAD_B_0P30_0P50,False,True,-0.20388364984674845,BE0.10
PAPER:MARSCOINUSDT:1790674499999:SHORT,MARSCOINUSDT,research,Research_Discovery,1,1.319952,TARGET_GE_1P00,True,True,-0.39616801778327787,BE0.10
PAPER:COAIUSDT:1790821499999:SHORT,COAIUSDT,research,Research_Reserve,2,0.166775,BAD_A_LT_0P30,False,True,-3.6020374143385245,HIST_TIME_FALLBACK
PAPER:FLOCKUSDT:1790778599999:SHORT,FLOCKUSDT,research,Research_Discovery,2,7.371807,TARGET_GE_1P00,True,True,2.5147321701945122,FULL_CLOSE_050
PAPER:FFUSDT:1790764499999:SHORT,FFUSDT,research,Research_Discovery,2,0.762074,GRAY_0P50_1P00,False,True,-0.04669561982709142,BE0.10
PAPER:PLAYUSDT:1790766599999:SHORT,PLAYUSDT,research,Research_Discovery,2,0.971213,GRAY_0P50_1P00,False,True,-0.1748257411705499,BE0.10
PAPER:OPNUSDT:1790668799999:SHORT,OPNUSDT,research,Research_Discovery,1,0.26697,BAD_A_LT_0P30,False,True,-0.18449185056895184,BE0.10
PAPER:GMTUSDT:1790660099999:SHORT,GMTUSDT,research,Research_Discovery,2,0.23652,BAD_A_LT_0P30,False,True,-7.686582367855947,HIST_TIME_FALLBACK
PAPER:SLXUSDT:1790793299999:SHORT,SLXUSDT,research,Research_Validation,1,2.689857,TARGET_GE_1P00,True,True,1.1806146347148097,FULL_CLOSE_050
PAPER:ARKMUSDT:1790678399999:SHORT,ARKMUSDT,research,Research_Discovery,3,0.133991,BAD_A_LT_0P30,False,True,-0.5651321995167891,HIST_TIME_FALLBACK
PAPER:MARSCOINUSDT:1790770199999:SHORT,MARSCOINUSDT,research,Research_Discovery,2,0.356256,BAD_B_0P30_0P50,False,True,-0.40651993080531473,BE0.10
PAPER:NILUSDT:1790793599999:SHORT,NILUSDT,research,Research_Validation,1,1.183227,TARGET_GE_1P00,True,False,,
PAPER:AVAUSDT:1790788499999:SHORT,AVAUSDT,research,Research_Validation,1,1.948261,TARGET_GE_1P00,True,True,2.064112591687342,FULL_CLOSE_050
PAPER:币安人生USDT:1790680199999:SHORT,币安人生USDT,research,Research_Discovery,3,0.273884,BAD_A_LT_0P30,False,True,-3.1086875254314106,HIST_TIME_FALLBACK
PAPER:ACTUSDT:1790793599999:SHORT,ACTUSDT,research,Research_Validation,0,1.513586,TARGET_GE_1P00,True,True,2.6534271677634664,FULL_CLOSE_050
PAPER:BRUSDT:1790801399999:SHORT,BRUSDT,research,Research_Validation,1,0.339903,BAD_B_0P30_0P50,False,True,-5.169103781048132,HIST_TIME_FALLBACK
PAPER:SENTUSDT:1790789699999:SHORT,SENTUSDT,research,Research_Validation,0,0.20961,BAD_A_LT_0P30,False,True,-0.03086002875506,BE0.10
PAPER:USUALUSDT:1790797499999:SHORT,USUALUSDT,research,Research_Validation,2,0.663436,GRAY_0P50_1P00,False,True,0.8367807430294817,FULL_CLOSE_050
PAPER:TRBUSDT:1790813399999:SHORT,TRBUSDT,research,Research_Reserve,1,0.730362,GRAY_0P50_1P00,False,True,1.3288592792362746,FULL_CLOSE_050
PAPER:龙虾USDT:1790774099999:SHORT,龙虾USDT,research,Research_Discovery,2,0.516921,GRAY_0P50_1P00,False,True,-4.676556216950601,HIST_TIME_FALLBACK
PAPER:MITOUSDT:1790744399999:SHORT,MITOUSDT,research,Research_Discovery,0,0.04641,BAD_A_LT_0P30,False,True,-4.938836970581371,HIST_TIME_FALLBACK
PAPER:RAREUSDT:1790770499999:SHORT,RAREUSDT,research,Research_Discovery,0,1.482801,TARGET_GE_1P00,True,True,-0.6716284408801546,HIST_TIME_FALLBACK
PAPER:APRUSDT:1790812499999:SHORT,APRUSDT,research,Research_Reserve,0,0.759741,GRAY_0P50_1P00,False,True,-0.24065752200751456,BE0.10
PAPER:KGENUSDT:1790664599999:SHORT,KGENUSDT,research,Research_Discovery,2,0.602398,GRAY_0P50_1P00,False,False,,
PAPER:CCUSDT:1790781599999:SHORT,CCUSDT,research,Research_Discovery,0,1.405421,TARGET_GE_1P00,True,True,3.6988669711524746,FULL_CLOSE_050
PAPER:ZESTUSDT:1790782499999:SHORT,ZESTUSDT,research,Research_Discovery,0,0.209411,BAD_A_LT_0P30,False,True,-3.3740976303217503,HIST_TIME_FALLBACK
PAPER:GRAMUSDT:1790660099999:SHORT,GRAMUSDT,research,Research_Discovery,0,0.304736,BAD_B_0P30_0P50,False,True,-0.30009238860757104,BE0.10
PAPER:BROCCOLI714USDT:1790750999999:SHORT,BROCCOLI714USDT,research,Research_Discovery,2,0.248867,BAD_A_LT_0P30,False,True,-3.8325807675930474,HIST_TIME_FALLBACK
PAPER:POWERUSDT:1790765099999:SHORT,POWERUSDT,research,Research_Discovery,2,0.04675,BAD_A_LT_0P30,False,True,-2.340058957482309,HIST_TIME_FALLBACK
PAPER:EDGEUSDT:1790777999999:SHORT,EDGEUSDT,research,Research_Discovery,2,1.628151,TARGET_GE_1P00,True,True,1.1803292463483968,FULL_CLOSE_050
PAPER:BNTUSDT:1790778599999:SHORT,BNTUSDT,research,Research_Discovery,3,0.733552,GRAY_0P50_1P00,False,True,1.0828974759268606,FULL_CLOSE_050
PAPER:STOUSDT:1790803499999:SHORT,STOUSDT,research,Research_Reserve,0,0.17133,BAD_A_LT_0P30,False,True,-0.3517022450400825,BE0.10
PAPER:LINEAUSDT:1790778599999:SHORT,LINEAUSDT,research,Research_Discovery,1,0.528426,GRAY_0P50_1P00,False,True,1.1076730248413855,FULL_CLOSE_050
PAPER:OUSDT:1790770199999:SHORT,OUSDT,research,Research_Discovery,1,0.911581,GRAY_0P50_1P00,False,True,-2.4848660038590373,HIST_TIME_FALLBACK
PAPER:LITUSDT:1790787599999:SHORT,LITUSDT,research,Research_Discovery,0,0.280657,BAD_A_LT_0P30,False,True,-0.1727436005737612,BE0.10
PAPER:RAREUSDT:1790670899999:SHORT,RAREUSDT,research,Research_Discovery,1,0.559486,GRAY_0P50_1P00,False,True,-0.07861396713475921,BE0.10
PAPER:MEUSDT:1790802599999:SHORT,MEUSDT,research,Research_Reserve,3,0.270521,BAD_A_LT_0P30,False,True,-0.02527877226498687,BE0.10
PAPER:NILUSDT:1790678399999:SHORT,NILUSDT,research,Research_Discovery,1,1.028812,TARGET_GE_1P00,False,False,,
PAPER:ACTUSDT:1790660099999:SHORT,ACTUSDT,research,Research_Discovery,3,0.199757,BAD_A_LT_0P30,False,True,-4.812873699346963,HIST_TIME_FALLBACK
PAPER:POWERUSDT:1790814599999:SHORT,POWERUSDT,research,Research_Reserve,0,0.620913,GRAY_0P50_1P00,False,True,-0.45670864302247915,BE0.10
PAPER:BSBUSDT:1790770199999:SHORT,BSBUSDT,research,Research_Discovery,2,0.282643,BAD_A_LT_0P30,False,True,-0.07121692117171291,BE0.10
PAPER:TRIAUSDT:1790778299999:SHORT,TRIAUSDT,research,Research_Discovery,3,1.554559,TARGET_GE_1P00,False,False,,
PAPER:BERAUSDT:1790818799999:SHORT,BERAUSDT,research,Research_Reserve,3,0.181487,BAD_A_LT_0P30,False,False,,NO_EXECUTABLE_ENTRY
PAPER:JUPUSDT:1790747699999:SHORT,JUPUSDT,research,Research_Discovery,2,2.63864,TARGET_GE_1P00,True,True,2.5706752130242827,FULL_CLOSE_050
PAPER:SYRUPUSDT:1790779499999:SHORT,SYRUPUSDT,research,Research_Discovery,2,0.339449,BAD_B_0P30_0P50,False,True,-2.2872783855277468,HIST_TIME_FALLBACK
PAPER:LAUSDT:1790749499999:SHORT,LAUSDT,research,Research_Discovery,3,0.76861,GRAY_0P50_1P00,False,True,1.43527624363298,FULL_CLOSE_050
PAPER:APEUSDT:1790660099999:SHORT,APEUSDT,research,Research_Discovery,2,0.60599,GRAY_0P50_1P00,False,True,-0.25106267761925444,BE0.10
PAPER:UBUSDT:1790781599999:SHORT,UBUSDT,research,Research_Discovery,2,0.832203,GRAY_0P50_1P00,False,True,1.0246705539196908,FULL_CLOSE_050
PAPER:JOEUSDT:1790777699999:SHORT,JOEUSDT,research,Research_Discovery,2,1.204518,TARGET_GE_1P00,True,True,1.0062007516146165,FULL_CLOSE_050
PAPER:RAVEUSDT:1790789699999:SHORT,RAVEUSDT,research,Research_Validation,0,0.944044,GRAY_0P50_1P00,False,True,1.2209794609524334,FULL_CLOSE_050
PAPER:NOMUSDT:1790790599999:SHORT,NOMUSDT,research,Research_Validation,1,0.945764,GRAY_0P50_1P00,False,False,,
PAPER:FETUSDT:1790805899999:SHORT,FETUSDT,research,Research_Reserve,2,0.203955,BAD_A_LT_0P30,False,True,-0.950190038007563,HIST_TIME_FALLBACK
PAPER:GTCUSDT:1790818199999:SHORT,GTCUSDT,research,Research_Reserve,1,0.609053,GRAY_0P50_1P00,False,True,-4.386141578380004,HIST_TIME_FALLBACK
PAPER:RAREUSDT:1790753699999:SHORT,RAREUSDT,research,Research_Discovery,2,0.642015,GRAY_0P50_1P00,False,False,,
PAPER:METUSDT:1790795699999:SHORT,METUSDT,research,Research_Validation,0,1.007919,TARGET_GE_1P00,True,True,1.3882178880497411,FULL_CLOSE_050
PAPER:EVAAUSDT:1790675099999:SHORT,EVAAUSDT,research,Research_Discovery,1,0.836409,GRAY_0P50_1P00,False,True,-1.8533478008186528,HIST_TIME_FALLBACK
PAPER:AZTECUSDT:1790821199999:SHORT,AZTECUSDT,research,Research_Reserve,1,0.67781,GRAY_0P50_1P00,False,True,-0.07505858689219491,BE0.10
PAPER:KMNOUSDT:1790798699999:SHORT,KMNOUSDT,research,Research_Validation,0,0.671857,GRAY_0P50_1P00,False,True,1.3582037366661506,FULL_CLOSE_050
PAPER:EDGEUSDT:1790757299999:SHORT,EDGEUSDT,research,Research_Discovery,1,0.52169,GRAY_0P50_1P00,False,True,-2.2127972305754513,HIST_TIME_FALLBACK
PAPER:MAGMAUSDT:1790798099999:SHORT,MAGMAUSDT,research,Research_Validation,2,0.164205,BAD_A_LT_0P30,False,True,-0.5027073524816215,BE0.10
PAPER:MUSDT:1790750699999:SHORT,MUSDT,research,Research_Discovery,1,0.511598,GRAY_0P50_1P00,False,True,-0.011858486042035543,BE0.10
PAPER:TIAUSDT:1790805899999:SHORT,TIAUSDT,research,Research_Reserve,0,0.141505,BAD_A_LT_0P30,False,True,-1.643027671278168,HIST_TIME_FALLBACK
PAPER:LDOUSDT:1790789699999:SHORT,LDOUSDT,research,Research_Validation,0,0.543245,GRAY_0P50_1P00,False,True,-0.08282995130533888,BE0.10
PAPER:BIOUSDT:1790749799999:SHORT,BIOUSDT,research,Research_Discovery,1,0.792374,GRAY_0P50_1P00,False,True,0.8387401408157015,FULL_CLOSE_050
PAPER:PROMUSDT:1790772599999:SHORT,PROMUSDT,research,Research_Discovery,0,0.483162,BAD_B_0P30_0P50,False,True,-0.08455144495331979,BE0.10
PAPER:WUSDT:1790778599999:SHORT,WUSDT,research,Research_Discovery,3,0.900935,GRAY_0P50_1P00,False,True,-0.002992055041342534,BE0.10
PAPER:PIXELUSDT:1790802599999:SHORT,PIXELUSDT,research,Research_Reserve,0,0.294524,BAD_A_LT_0P30,False,True,-0.25057411901662313,BE0.10
PAPER:LTCUSDT:1790793899999:SHORT,LTCUSDT,research,Research_Validation,0,0.329504,BAD_B_0P30_0P50,False,True,-2.547284992550075,HIST_TIME_FALLBACK
PAPER:NIGHTUSDT:1790746799999:SHORT,NIGHTUSDT,research,Research_Discovery,3,0.664,GRAY_0P50_1P00,False,True,-0.01482686758466284,BE0.10
PAPER:ASTERUSDT:1790766299999:SHORT,ASTERUSDT,research,Research_Discovery,2,0.537432,GRAY_0P50_1P00,False,True,-2.4158081083876977,HIST_TIME_FALLBACK
PAPER:POWERUSDT:1790801699999:SHORT,POWERUSDT,research,Research_Reserve,0,0.120326,BAD_A_LT_0P30,False,True,-1.301347659921344,HIST_TIME_FALLBACK
PAPER:JTOUSDT:1790778299999:SHORT,JTOUSDT,research,Research_Discovery,2,0.727502,GRAY_0P50_1P00,False,False,,
PAPER:EDENUSDT:1790804999999:SHORT,EDENUSDT,research,Research_Reserve,2,1.128293,TARGET_GE_1P00,True,True,1.507764670949792,FULL_CLOSE_050
PAPER:HANAUSDT:1790681399999:SHORT,HANAUSDT,research,Research_Discovery,1,2.842131,TARGET_GE_1P00,True,True,1.3834938316334577,FULL_CLOSE_050
PAPER:IOSTUSDT:1790660099999:SHORT,IOSTUSDT,research,Research_Discovery,0,0.174543,BAD_A_LT_0P30,False,True,-0.14835334915950815,BE0.10
PAPER:JELLYJELLYUSDT:1790791499999:SHORT,JELLYJELLYUSDT,research,Research_Validation,0,0.194977,BAD_A_LT_0P30,False,True,-0.23290515169131493,BE0.10
PAPER:ETCUSDT:1790778599999:SHORT,ETCUSDT,research,Research_Discovery,2,0.567827,GRAY_0P50_1P00,False,False,,
PAPER:METISUSDT:1790660099999:SHORT,METISUSDT,research,Research_Discovery,3,0.370464,BAD_B_0P30_0P50,False,True,-7.263750993441857,HIST_TIME_FALLBACK
PAPER:LUNA2USDT:1790683799999:SHORT,LUNA2USDT,research,Research_Discovery,1,1.113035,TARGET_GE_1P00,True,True,1.5957714136724483,FULL_CLOSE_050
PAPER:CTSIUSDT:1790660099999:SHORT,CTSIUSDT,research,Research_Discovery,1,0.230135,BAD_A_LT_0P30,False,True,-5.7892627666241365,HIST_TIME_FALLBACK
PAPER:XVSUSDT:1790791499999:SHORT,XVSUSDT,research,Research_Validation,2,0.774458,GRAY_0P50_1P00,False,True,-0.1261979556404389,BE0.10
PAPER:QUSDT:1790660699999:SHORT,QUSDT,research,Research_Discovery,2,0.920034,GRAY_0P50_1P00,False,True,-0.004604089388512256,BE0.10
PAPER:AEROUSDT:1790755799999:SHORT,AEROUSDT,research,Research_Discovery,0,0.030087,BAD_A_LT_0P30,False,True,-3.4571397815308362,HIST_TIME_FALLBACK
PAPER:FLUIDUSDT:1790777999999:SHORT,FLUIDUSDT,research,Research_Discovery,2,1.125006,TARGET_GE_1P00,True,True,1.0819149283171636,FULL_CLOSE_050
PAPER:TURBOUSDT:1790792099999:SHORT,TURBOUSDT,research,Research_Validation,0,1.619032,TARGET_GE_1P00,True,True,1.573800060118589,FULL_CLOSE_050
PAPER:FLUXUSDT:1790678399999:SHORT,FLUXUSDT,research,Research_Discovery,1,0.22757,BAD_A_LT_0P30,False,True,-4.468565822453265,HIST_TIME_FALLBACK
PAPER:XPINUSDT:1790789699999:SHORT,XPINUSDT,research,Research_Validation,2,0.215892,BAD_A_LT_0P30,False,True,-2.1321857641894573,HIST_TIME_FALLBACK
PAPER:ETHFIUSDT:1790789699999:SHORT,ETHFIUSDT,research,Research_Validation,0,0.809308,GRAY_0P50_1P00,False,True,1.3766041870434633,FULL_CLOSE_050
PAPER:NOMUSDT:1790819699999:SHORT,NOMUSDT,research,Research_Reserve,2,0.846345,GRAY_0P50_1P00,False,False,,
PAPER:LDOUSDT:1790825099999:SHORT,LDOUSDT,research,Research_Reserve,3,0.505095,GRAY_0P50_1P00,False,True,-0.033595503719588415,BE0.10
PAPER:FOGOUSDT:1790789699999:SHORT,FOGOUSDT,research,Research_Validation,3,1.07126,TARGET_GE_1P00,True,True,1.8710114839048841,FULL_CLOSE_050
PAPER:AGTUSDT:1790659799999:SHORT,AGTUSDT,research,Research_Discovery,3,0.340398,BAD_B_0P30_0P50,False,True,-2.8693814650577143,HIST_TIME_FALLBACK
PAPER:龙虾USDT:1790750999999:SHORT,龙虾USDT,research,Research_Discovery,1,0.671948,GRAY_0P50_1P00,False,True,-0.040804886823749,BE0.10
PAPER:MEWUSDT:1790766899999:SHORT,MEWUSDT,research,Research_Discovery,3,1.145909,TARGET_GE_1P00,False,False,,
PAPER:PROMPTUSDT:1790821499999:SHORT,PROMPTUSDT,research,Research_Reserve,1,14.917735,TARGET_GE_1P00,True,True,23.485814888932357,RUNNER_CLOSE
PAPER:MUBARAKUSDT:1790777999999:SHORT,MUBARAKUSDT,research,Research_Discovery,1,0.9264,GRAY_0P50_1P00,False,True,-0.03292748754650582,BE0.10
PAPER:POWERUSDT:1790804999999:SHORT,POWERUSDT,research,Research_Reserve,2,2.226574,TARGET_GE_1P00,True,True,3.2074112081552326,FULL_CLOSE_050
PAPER:BRUSDT:1790781899999:SHORT,BRUSDT,research,Research_Discovery,0,0.596805,GRAY_0P50_1P00,False,True,1.1031671716827733,FULL_CLOSE_050
PAPER:RAREUSDT:1790788499999:SHORT,RAREUSDT,research,Research_Validation,3,0.668602,GRAY_0P50_1P00,False,False,,
PAPER:PLAYUSDT:1790820899999:SHORT,PLAYUSDT,research,Research_Reserve,2,0.920623,GRAY_0P50_1P00,False,True,-0.3217215006089877,HIST_TIME_FALLBACK
PAPER:VTHOUSDT:1790775299999:SHORT,VTHOUSDT,research,Research_Discovery,0,4.040826,TARGET_GE_1P00,True,True,4.351577199817728,FULL_CLOSE_050
PAPER:AGLDUSDT:1790686199999:SHORT,AGLDUSDT,research,Research_Discovery,2,2.16523,TARGET_GE_1P00,True,True,3.8740775116933532,FULL_CLOSE_050
PAPER:JTOUSDT:1790781899999:SHORT,JTOUSDT,research,Research_Discovery,1,0.643259,GRAY_0P50_1P00,False,True,-0.0005121969186465125,BE0.10
PAPER:SNXUSDT:1790660099999:SHORT,SNXUSDT,research,Research_Discovery,2,0.313535,BAD_B_0P30_0P50,False,True,-6.807317209367433,HIST_TIME_FALLBACK
PAPER:1000SATSUSDT:1790791499999:SHORT,1000SATSUSDT,research,Research_Validation,2,0.698416,GRAY_0P50_1P00,False,True,1.4449065650451085,FULL_CLOSE_050
PAPER:HEIUSDT:1790755199999:SHORT,HEIUSDT,research,Research_Discovery,1,0.188511,BAD_A_LT_0P30,False,True,-0.6520511517431047,BE0.10
PAPER:SPXUSDT:1790798099999:SHORT,SPXUSDT,research,Research_Validation,2,0.28175,BAD_A_LT_0P30,False,True,-3.3914531570967306,HIST_TIME_FALLBACK
PAPER:XMRUSDT:1790778899999:SHORT,XMRUSDT,research,Research_Discovery,2,0.314816,BAD_B_0P30_0P50,False,True,-0.08502821241082537,BE0.10
PAPER:HUMAUSDT:1790796299999:SHORT,HUMAUSDT,research,Research_Validation,2,0.337933,BAD_B_0P30_0P50,False,True,-1.696644078885666,HIST_TIME_FALLBACK
PAPER:METUSDT:1790742899999:SHORT,METUSDT,research,Research_Discovery,1,0.788867,GRAY_0P50_1P00,False,True,-2.0445143135435186,HIST_TIME_FALLBACK
PAPER:BANUSDT:1790802599999:SHORT,BANUSDT,research,Research_Reserve,0,0.108165,BAD_A_LT_0P30,False,True,-2.8745540554530713,HIST_TIME_FALLBACK
PAPER:STRKUSDT:1790751899999:SHORT,STRKUSDT,research,Research_Discovery,2,0.826394,GRAY_0P50_1P00,False,True,0.9895539776398392,FULL_CLOSE_050
PAPER:NMRUSDT:1790823899999:SHORT,NMRUSDT,research,Research_Reserve,2,1.331497,TARGET_GE_1P00,True,True,0.7135974243896215,FULL_CLOSE_050
PAPER:HANAUSDT:1790680499999:SHORT,HANAUSDT,research,Research_Discovery,1,0.590339,GRAY_0P50_1P00,False,True,-0.1847845486528612,BE0.10
PAPER:ZAMAUSDT:1790820299999:SHORT,ZAMAUSDT,research,Research_Reserve,0,0.211375,BAD_A_LT_0P30,False,True,-2.815847474211391,HIST_TIME_FALLBACK
PAPER:PONSUSDT:1790895899999:SHORT,PONSUSDT,fresh,Fresh_2026-10-01,1,0.395921,BAD_B_0P30_0P50,False,True,-0.056483092889133946,BE0.10
PAPER:MOVRUSDT:1791047999999:SHORT,MOVRUSDT,fresh,Fresh_2026-10-03,0,0.279725,BAD_A_LT_0P30,False,True,-0.0027789218008638095,BE0.10
PAPER:FFUSDT:1790893799999:SHORT,FFUSDT,fresh,Fresh_2026-10-01,0,0.803307,GRAY_0P50_1P00,False,True,1.4160170542665933,FULL_CLOSE_050
PAPER:YGGUSDT:1791017999999:SHORT,YGGUSDT,fresh,Fresh_2026-10-03,1,0.454024,BAD_B_0P30_0P50,False,True,-3.322584303590572,HIST_TIME_FALLBACK
PAPER:SKYUSDT:1790903999999:SHORT,SKYUSDT,fresh,Fresh_2026-10-02,1,0.416077,BAD_B_0P30_0P50,False,True,-7.926213650994881,HIST_TIME_FALLBACK
PAPER:PLUMEUSDT:1790832899999:SHORT,PLUMEUSDT,fresh,Fresh_2026-10-01,2,0.614889,GRAY_0P50_1P00,False,False,,
PAPER:牛来USDT:1790973899999:SHORT,牛来USDT,fresh,Fresh_2026-10-02,1,1.106717,TARGET_GE_1P00,True,False,,
PAPER:PROMPTUSDT:1790858999999:SHORT,PROMPTUSDT,fresh,Fresh_2026-10-01,0,3.250048,TARGET_GE_1P00,True,True,-0.07734750960658576,BE0.10
PAPER:HEIUSDT:1790885999999:SHORT,HEIUSDT,fresh,Fresh_2026-10-01,1,0.748589,GRAY_0P50_1P00,False,True,-0.05587581131982283,BE0.10
PAPER:BROCCOLI714USDT:1790935499999:SHORT,BROCCOLI714USDT,fresh,Fresh_2026-10-02,2,0.589874,GRAY_0P50_1P00,False,True,1.1466595775362198,FULL_CLOSE_050
PAPER:1000000BOBUSDT:1791006599999:SHORT,1000000BOBUSDT,fresh,Fresh_2026-10-03,0,1.045783,TARGET_GE_1P00,True,True,1.1013476260826998,FULL_CLOSE_050
PAPER:我踏马来了USDT:1791043799999:SHORT,我踏马来了USDT,fresh,Fresh_2026-10-03,3,3.322098,TARGET_GE_1P00,True,True,4.309413817028814,FULL_CLOSE_050
PAPER:NOMUSDT:1791016499999:SHORT,NOMUSDT,fresh,Fresh_2026-10-03,3,1.391741,TARGET_GE_1P00,True,True,4.609380633068161,FULL_CLOSE_050
PAPER:PONSUSDT:1791051299999:SHORT,PONSUSDT,fresh,Fresh_2026-10-03,1,0.402231,BAD_B_0P30_0P50,False,True,-0.08113588863602345,BE0.10
PAPER:KAITOUSDT:1790966099999:SHORT,KAITOUSDT,fresh,Fresh_2026-10-02,3,0.0,BAD_A_LT_0P30,False,False,,
PAPER:SEIUSDT:1791000299999:SHORT,SEIUSDT,fresh,Fresh_2026-10-03,2,1.177081,TARGET_GE_1P00,True,True,1.5925934869491563,FULL_CLOSE_050
PAPER:USELESSUSDT:1790839199999:SHORT,USELESSUSDT,fresh,Fresh_2026-10-01,1,1.963774,TARGET_GE_1P00,True,True,1.8157660541275467,FULL_CLOSE_050
PAPER:EVAAUSDT:1790995199999:SHORT,EVAAUSDT,fresh,Fresh_2026-10-03,2,0.702589,GRAY_0P50_1P00,False,False,,
PAPER:TUSDT:1791030299999:SHORT,TUSDT,fresh,Fresh_2026-10-03,2,1.244448,TARGET_GE_1P00,True,True,1.3468693876441307,FULL_CLOSE_050
PAPER:RAYSOLUSDT:1790838899999:SHORT,RAYSOLUSDT,fresh,Fresh_2026-10-01,0,1.728597,TARGET_GE_1P00,True,True,0.6694562297284123,FULL_CLOSE_050
PAPER:WETUSDT:1790864099999:SHORT,WETUSDT,fresh,Fresh_2026-10-01,3,0.239115,BAD_A_LT_0P30,False,True,-0.03492228233859501,BE0.10
PAPER:BLESSUSDT:1790990699999:SHORT,BLESSUSDT,fresh,Fresh_2026-10-03,1,0.33023,BAD_B_0P30_0P50,False,True,-1.7389410408812456,HIST_TIME_FALLBACK
PAPER:SAGAUSDT:1791054899999:SHORT,SAGAUSDT,fresh,Fresh_2026-10-03,3,0.158523,BAD_A_LT_0P30,False,True,-2.9605321666743194,HIST_TIME_FALLBACK
PAPER:LSKUSDT:1790979299999:SHORT,LSKUSDT,fresh,Fresh_2026-10-02,0,0.581171,GRAY_0P50_1P00,False,True,-2.4461502782071296,HIST_TIME_FALLBACK
PAPER:ONUSDT:1790831999999:SHORT,ONUSDT,fresh,Fresh_2026-10-01,2,5.381616,TARGET_GE_1P00,True,True,2.209436950510006,FULL_CLOSE_050
PAPER:PLAYUSDT:1790901599999:SHORT,PLAYUSDT,fresh,Fresh_2026-10-02,3,0.619101,GRAY_0P50_1P00,False,False,,
PAPER:POLUSDT:1790850899999:SHORT,POLUSDT,fresh,Fresh_2026-10-01,2,0.290164,BAD_A_LT_0P30,False,True,-0.17367956892771064,BE0.10
PAPER:MARSCOINUSDT:1791014699999:SHORT,MARSCOINUSDT,fresh,Fresh_2026-10-03,1,0.366245,BAD_B_0P30_0P50,False,True,-11.528313311504577,HIST_TIME_FALLBACK
PAPER:ETHFIUSDT:1790965199999:SHORT,ETHFIUSDT,fresh,Fresh_2026-10-02,1,3.776229,TARGET_GE_1P00,True,True,1.277143231861546,FULL_CLOSE_050
PAPER:SQDUSDT:1790866499999:SHORT,SQDUSDT,fresh,Fresh_2026-10-01,0,0.185869,BAD_A_LT_0P30,False,True,-2.6674291118944105,HIST_TIME_FALLBACK
PAPER:ARIAUSDT:1790903099999:SHORT,ARIAUSDT,fresh,Fresh_2026-10-02,0,0.39721,BAD_B_0P30_0P50,False,True,-0.11497003238246445,BE0.10
PAPER:COAIUSDT:1790961899999:SHORT,COAIUSDT,fresh,Fresh_2026-10-02,1,1.06095,TARGET_GE_1P00,True,True,0.323133179895185,FULL_CLOSE_050
PAPER:AVAAIUSDT:1791036599999:SHORT,AVAAIUSDT,fresh,Fresh_2026-10-03,1,0.637446,GRAY_0P50_1P00,False,True,1.461428089844492,FULL_CLOSE_050
PAPER:1000000BOBUSDT:1790917499999:SHORT,1000000BOBUSDT,fresh,Fresh_2026-10-02,2,4.159936,TARGET_GE_1P00,True,True,1.3012725858515042,FULL_CLOSE_050
PAPER:FRAXUSDT:1790966099999:SHORT,FRAXUSDT,fresh,Fresh_2026-10-02,2,1.149625,TARGET_GE_1P00,True,False,,
PAPER:OPNUSDT:1790921699999:SHORT,OPNUSDT,fresh,Fresh_2026-10-02,2,1.079483,TARGET_GE_1P00,True,False,,
PAPER:PTBUSDT:1791029399999:SHORT,PTBUSDT,fresh,Fresh_2026-10-03,2,0.537031,GRAY_0P50_1P00,False,True,1.0846684580818937,FULL_CLOSE_050
PAPER:SKRUSDT:1790878499999:SHORT,SKRUSDT,fresh,Fresh_2026-10-01,0,0.89907,GRAY_0P50_1P00,False,True,1.8804171507565957,FULL_CLOSE_050
PAPER:METUSDT:1790842199999:SHORT,METUSDT,fresh,Fresh_2026-10-01,2,0.904578,GRAY_0P50_1P00,False,True,-0.12443089904688148,BE0.10
PAPER:BRUSDT:1790987999999:SHORT,BRUSDT,fresh,Fresh_2026-10-03,2,1.43867,TARGET_GE_1P00,False,False,,
PAPER:LYNUSDT:1791013499999:SHORT,LYNUSDT,fresh,Fresh_2026-10-03,2,0.777725,GRAY_0P50_1P00,False,True,1.33120087747134,FULL_CLOSE_050
PAPER:GOATUSDT:1790833799999:SHORT,GOATUSDT,fresh,Fresh_2026-10-01,1,0.828522,GRAY_0P50_1P00,False,False,,
PAPER:ARCUSDT:1790882999999:SHORT,ARCUSDT,fresh,Fresh_2026-10-01,1,1.305596,TARGET_GE_1P00,True,True,3.029277999951506,FULL_CLOSE_050
PAPER:VIRTUALUSDT:1790919599999:SHORT,VIRTUALUSDT,fresh,Fresh_2026-10-02,1,0.229516,BAD_A_LT_0P30,False,True,-2.1975740151768255,HIST_TIME_FALLBACK
PAPER:EIGENUSDT:1790842199999:SHORT,EIGENUSDT,fresh,Fresh_2026-10-01,2,0.35044,BAD_B_0P30_0P50,False,True,-0.7439373845102625,BE0.10
PAPER:SHELLUSDT:1790963099999:SHORT,SHELLUSDT,fresh,Fresh_2026-10-02,2,0.342096,BAD_B_0P30_0P50,False,True,-4.568805869607683,HIST_TIME_FALLBACK
PAPER:YGGUSDT:1790965199999:SHORT,YGGUSDT,fresh,Fresh_2026-10-02,2,4.271283,TARGET_GE_1P00,True,True,1.072707497046878,FULL_CLOSE_050
PAPER:ACUUSDT:1790894999999:SHORT,ACUUSDT,fresh,Fresh_2026-10-01,0,0.056271,BAD_A_LT_0P30,False,True,-2.4389746343228706,HIST_TIME_FALLBACK
PAPER:METISUSDT:1790958299999:SHORT,METISUSDT,fresh,Fresh_2026-10-02,1,1.352586,TARGET_GE_1P00,True,True,3.387031506988597,FULL_CLOSE_050
PAPER:SIGNUSDT:1790948999999:SHORT,SIGNUSDT,fresh,Fresh_2026-10-02,1,0.252424,BAD_A_LT_0P30,False,True,-3.0516485050878317,HIST_TIME_FALLBACK
PAPER:TWTUSDT:1790924999999:SHORT,TWTUSDT,fresh,Fresh_2026-10-02,2,1.22939,TARGET_GE_1P00,True,True,-0.43128002760197753,BE0.10
PAPER:ATOMUSDT:1790966399999:SHORT,ATOMUSDT,fresh,Fresh_2026-10-02,3,0.906107,GRAY_0P50_1P00,False,False,,
PAPER:TOSHIUSDT:1790838899999:SHORT,TOSHIUSDT,fresh,Fresh_2026-10-01,3,2.063746,TARGET_GE_1P00,True,True,1.0601520906590065,FULL_CLOSE_050
PAPER:2ZUSDT:1791000299999:SHORT,2ZUSDT,fresh,Fresh_2026-10-03,1,0.940224,GRAY_0P50_1P00,False,True,-0.16576507040827337,BE0.10
PAPER:NOMUSDT:1790873099999:SHORT,NOMUSDT,fresh,Fresh_2026-10-01,0,0.980911,GRAY_0P50_1P00,False,True,-2.023617893700241,HIST_TIME_FALLBACK
PAPER:DRIFTUSDT:1790890199999:SHORT,DRIFTUSDT,fresh,Fresh_2026-10-01,0,0.663393,GRAY_0P50_1P00,False,True,0.027018727318001257,FULL_CLOSE_050
PAPER:RECALLUSDT:1790882099999:SHORT,RECALLUSDT,fresh,Fresh_2026-10-01,3,0.726259,GRAY_0P50_1P00,False,True,1.2284791828832158,FULL_CLOSE_050
PAPER:BRETTUSDT:1790952899999:SHORT,BRETTUSDT,fresh,Fresh_2026-10-02,0,0.328498,BAD_B_0P30_0P50,False,True,-4.106297093166739,HIST_TIME_FALLBACK
PAPER:MARSCOINUSDT:1790859899999:SHORT,MARSCOINUSDT,fresh,Fresh_2026-10-01,1,0.933419,GRAY_0P50_1P00,False,True,-0.01600223934005135,BE0.10
PAPER:APRUSDT:1790842199999:SHORT,APRUSDT,fresh,Fresh_2026-10-01,0,0.341601,BAD_B_0P30_0P50,False,True,-0.5882412382692143,BE0.10
PAPER:SYNUSDT:1790925599999:SHORT,SYNUSDT,fresh,Fresh_2026-10-02,3,1.500195,TARGET_GE_1P00,True,True,2.514097195726058,FULL_CLOSE_050
PAPER:ENAUSDT:1790980799999:SHORT,ENAUSDT,fresh,Fresh_2026-10-02,2,0.31396,BAD_B_0P30_0P50,False,True,-0.015997373989753316,BE0.10
PAPER:CVXUSDT:1790889599999:SHORT,CVXUSDT,fresh,Fresh_2026-10-01,3,1.637524,TARGET_GE_1P00,True,True,1.664400223349473,FULL_CLOSE_050
PAPER:DIAUSDT:1790951399999:SHORT,DIAUSDT,fresh,Fresh_2026-10-02,1,0.661669,GRAY_0P50_1P00,False,True,0.9129930514639889,FULL_CLOSE_050
PAPER:PLUMEUSDT:1790962799999:SHORT,PLUMEUSDT,fresh,Fresh_2026-10-02,0,0.534738,GRAY_0P50_1P00,False,True,-1.2278246414673406,HIST_TIME_FALLBACK
PAPER:XPLUSDT:1790863499999:SHORT,XPLUSDT,fresh,Fresh_2026-10-01,2,1.154089,TARGET_GE_1P00,False,True,1.163279204289324,FULL_CLOSE_050
PAPER:WLDUSDT:1790863499999:SHORT,WLDUSDT,fresh,Fresh_2026-10-01,3,0.31817,BAD_B_0P30_0P50,False,True,-0.9501900380075836,HIST_TIME_FALLBACK
PAPER:JUPUSDT:1790945099999:SHORT,JUPUSDT,fresh,Fresh_2026-10-02,0,0.374492,BAD_B_0P30_0P50,False,True,-8.391993530684283,HIST_TIME_FALLBACK
PAPER:MAGMAUSDT:1790893499999:SHORT,MAGMAUSDT,fresh,Fresh_2026-10-01,0,0.164424,BAD_A_LT_0P30,False,True,-1.1863104106670146,HIST_TIME_FALLBACK
PAPER:BRUSDT:1790893499999:SHORT,BRUSDT,fresh,Fresh_2026-10-01,2,0.605705,GRAY_0P50_1P00,False,False,,NO_EXECUTABLE_ENTRY
PAPER:STBLUSDT:1790966699999:SHORT,STBLUSDT,fresh,Fresh_2026-10-02,3,0.724367,GRAY_0P50_1P00,False,False,,
PAPER:我踏马来了USDT:1790965499999:SHORT,我踏马来了USDT,fresh,Fresh_2026-10-02,2,0.824647,GRAY_0P50_1P00,False,True,-2.720049283869659,HIST_TIME_FALLBACK
PAPER:1000BONKUSDT:1790966099999:SHORT,1000BONKUSDT,fresh,Fresh_2026-10-02,3,3.72801,TARGET_GE_1P00,True,True,8.854179201357557,RUNNER_CLOSE
PAPER:APRUSDT:1790876399999:SHORT,APRUSDT,fresh,Fresh_2026-10-01,0,1.512031,TARGET_GE_1P00,True,True,3.066095221232374,FULL_CLOSE_050
PAPER:CAPUSDT:1790922599999:SHORT,CAPUSDT,fresh,Fresh_2026-10-02,1,0.675337,GRAY_0P50_1P00,False,True,1.0968731709810076,FULL_CLOSE_050
PAPER:BATUSDT:1790939699999:SHORT,BATUSDT,fresh,Fresh_2026-10-02,0,1.974756,TARGET_GE_1P00,True,True,5.478832450733665,RUNNER_CLOSE
PAPER:CETUSUSDT:1790839199999:SHORT,CETUSUSDT,fresh,Fresh_2026-10-01,1,1.877109,TARGET_GE_1P00,True,True,1.6946242806151641,FULL_CLOSE_050
PAPER:CHILLGUYUSDT:1790882699999:SHORT,CHILLGUYUSDT,fresh,Fresh_2026-10-01,3,0.183304,BAD_A_LT_0P30,False,True,-5.290219203747215,HIST_TIME_FALLBACK
PAPER:MOVEUSDT:1790890799999:SHORT,MOVEUSDT,fresh,Fresh_2026-10-01,1,3.360029,TARGET_GE_1P00,True,True,7.661231999951747,RUNNER_CLOSE
PAPER:AVAUSDT:1791051299999:SHORT,AVAUSDT,fresh,Fresh_2026-10-03,1,0.243901,BAD_A_LT_0P30,False,True,-3.5937406455263243,HIST_TIME_FALLBACK
PAPER:FILUSDT:1790952899999:SHORT,FILUSDT,fresh,Fresh_2026-10-02,2,0.742991,GRAY_0P50_1P00,False,False,,
PAPER:RUNEUSDT:1790839499999:SHORT,RUNEUSDT,fresh,Fresh_2026-10-01,2,0.580986,GRAY_0P50_1P00,False,True,-1.4626806344120546,HIST_TIME_FALLBACK
PAPER:HUSDT:1790897399999:SHORT,HUSDT,fresh,Fresh_2026-10-01,0,0.23719,BAD_A_LT_0P30,False,True,-0.020550399365551364,BE0.10
PAPER:MONUSDT:1790959199999:SHORT,MONUSDT,fresh,Fresh_2026-10-02,2,0.746207,GRAY_0P50_1P00,False,False,,
PAPER:ORCAUSDT:1790838299999:SHORT,ORCAUSDT,fresh,Fresh_2026-10-01,2,1.696316,TARGET_GE_1P00,True,True,0.8301603711376397,FULL_CLOSE_050
PAPER:RSRUSDT:1790962799999:SHORT,RSRUSDT,fresh,Fresh_2026-10-02,3,0.334467,BAD_B_0P30_0P50,False,True,-2.7263290919567247,HIST_TIME_FALLBACK
PAPER:1000000BOBUSDT:1791055799999:SHORT,1000000BOBUSDT,fresh,Fresh_2026-10-03,3,0.540556,GRAY_0P50_1P00,False,True,-0.9501900380076379,BE0.10
PAPER:BSBUSDT:1790950199999:SHORT,BSBUSDT,fresh,Fresh_2026-10-02,2,0.259465,BAD_A_LT_0P30,False,True,-4.501432892993429,HIST_TIME_FALLBACK
PAPER:EPICUSDT:1790922899999:SHORT,EPICUSDT,fresh,Fresh_2026-10-02,0,2.26261,TARGET_GE_1P00,True,True,1.3157104827227037,FULL_CLOSE_050
PAPER:SYNUSDT:1791019799999:SHORT,SYNUSDT,fresh,Fresh_2026-10-03,1,0.444803,BAD_B_0P30_0P50,False,True,-8.058790198914433,HIST_TIME_FALLBACK
PAPER:BROCCOLI714USDT:1790873699999:SHORT,BROCCOLI714USDT,fresh,Fresh_2026-10-01,2,0.469921,BAD_B_0P30_0P50,False,True,-0.19545925770150302,BE0.10
PAPER:HAEDALUSDT:1790853899999:SHORT,HAEDALUSDT,fresh,Fresh_2026-10-01,3,0.701046,GRAY_0P50_1P00,False,True,1.1087310521230167,FULL_CLOSE_050
PAPER:VELVETUSDT:1790863499999:SHORT,VELVETUSDT,fresh,Fresh_2026-10-01,2,0.642043,GRAY_0P50_1P00,False,True,-1.7187292243504957,HIST_TIME_FALLBACK
PAPER:ARKUSDT:1790876699999:SHORT,ARKUSDT,fresh,Fresh_2026-10-01,1,1.299304,TARGET_GE_1P00,True,True,2.358030961830592,FULL_CLOSE_050
PAPER:FRAXUSDT:1790951099999:SHORT,FRAXUSDT,fresh,Fresh_2026-10-02,1,1.282671,TARGET_GE_1P00,True,True,0.9622271159102581,FULL_CLOSE_050
PAPER:XANUSDT:1791008099999:SHORT,XANUSDT,fresh,Fresh_2026-10-03,2,0.421641,BAD_B_0P30_0P50,False,True,-4.3790736386354165,HIST_TIME_FALLBACK
PAPER:PHAUSDT:1791015299999:SHORT,PHAUSDT,fresh,Fresh_2026-10-03,2,0.276875,BAD_A_LT_0P30,False,True,-3.853101323942283,HIST_TIME_FALLBACK
PAPER:RAYSOLUSDT:1791061799999:SHORT,RAYSOLUSDT,fresh,Fresh_2026-10-03,0,0.129857,BAD_A_LT_0P30,False,True,-3.611537109258515,HIST_TIME_FALLBACK
PAPER:CYSUSDT:1791042299999:SHORT,CYSUSDT,fresh,Fresh_2026-10-03,3,0.041096,BAD_A_LT_0P30,False,True,-3.0907070387808986,HIST_TIME_FALLBACK
PAPER:VVVUSDT:1790996699999:SHORT,VVVUSDT,fresh,Fresh_2026-10-03,0,0.260797,BAD_A_LT_0P30,False,True,-2.8483130468656936,HIST_TIME_FALLBACK
PAPER:ZENUSDT:1790872799999:SHORT,ZENUSDT,fresh,Fresh_2026-10-01,0,0.219818,BAD_A_LT_0P30,False,True,-0.03235118462339831,BE0.10
PAPER:GWEIUSDT:1790963099999:SHORT,GWEIUSDT,fresh,Fresh_2026-10-02,2,0.456963,BAD_B_0P30_0P50,False,True,-3.099606407445633,HIST_TIME_FALLBACK
PAPER:QUSDT:1790984099999:SHORT,QUSDT,fresh,Fresh_2026-10-02,0,1.161317,TARGET_GE_1P00,True,True,-2.4846584562821254,HIST_TIME_FALLBACK
PAPER:ATHUSDT:1790987999999:SHORT,ATHUSDT,fresh,Fresh_2026-10-03,0,1.932731,TARGET_GE_1P00,False,True,-0.103713928796416,BE0.10
PAPER:哈基米USDT:1790882699999:SHORT,哈基米USDT,fresh,Fresh_2026-10-01,3,0.410322,BAD_B_0P30_0P50,False,True,-8.827183154927742,HIST_TIME_FALLBACK
PAPER:RONINUSDT:1790965799999:SHORT,RONINUSDT,fresh,Fresh_2026-10-02,0,1.090822,TARGET_GE_1P00,True,True,-0.49325239306190033,HIST_TIME_FALLBACK
PAPER:PYTHUSDT:1790839499999:SHORT,PYTHUSDT,fresh,Fresh_2026-10-01,1,0.252424,BAD_A_LT_0P30,False,True,-4.3979463826488265,HIST_TIME_FALLBACK
PAPER:PHAUSDT:1790951699999:SHORT,PHAUSDT,fresh,Fresh_2026-10-02,1,4.727612,TARGET_GE_1P00,True,True,5.874922832447855,RUNNER_CLOSE
PAPER:XNYUSDT:1790851199999:SHORT,XNYUSDT,fresh,Fresh_2026-10-01,1,0.440918,BAD_B_0P30_0P50,False,True,2.13225778837565,FULL_CLOSE_050
PAPER:DASHUSDT:1790963099999:SHORT,DASHUSDT,fresh,Fresh_2026-10-02,2,0.320838,BAD_B_0P30_0P50,False,True,-2.657763601159539,HIST_TIME_FALLBACK
PAPER:ALCHUSDT:1790882699999:SHORT,ALCHUSDT,fresh,Fresh_2026-10-01,0,0.46412,BAD_B_0P30_0P50,False,True,-0.07793898082612194,BE0.10
PAPER:JSTUSDT:1790849999999:SHORT,JSTUSDT,fresh,Fresh_2026-10-01,3,0.349352,BAD_B_0P30_0P50,False,True,-0.007345183720595394,BE0.10
PAPER:COLLECTUSDT:1790940299999:SHORT,COLLECTUSDT,fresh,Fresh_2026-10-02,1,1.777396,TARGET_GE_1P00,True,True,2.229747643546826,FULL_CLOSE_050
PAPER:ILVUSDT:1790963099999:SHORT,ILVUSDT,fresh,Fresh_2026-10-02,2,0.202648,BAD_A_LT_0P30,False,True,-1.443489067362551,HIST_TIME_FALLBACK
PAPER:USUSDT:1791017699999:SHORT,USUSDT,fresh,Fresh_2026-10-03,2,0.50974,GRAY_0P50_1P00,False,False,,
PAPER:MAGMAUSDT:1791033899999:SHORT,MAGMAUSDT,fresh,Fresh_2026-10-03,0,0.517022,GRAY_0P50_1P00,False,True,-2.111268181646319,HIST_TIME_FALLBACK
PAPER:ONDOUSDT:1790872799999:SHORT,ONDOUSDT,fresh,Fresh_2026-10-01,1,0.288192,BAD_A_LT_0P30,False,True,-1.3619319175371172,HIST_TIME_FALLBACK
PAPER:1000000MOGUSDT:1790868899999:SHORT,1000000MOGUSDT,fresh,Fresh_2026-10-01,1,0.328194,BAD_B_0P30_0P50,False,True,-0.07886681774990878,BE0.10
PAPER:ROBOUSDT:1790867399999:SHORT,ROBOUSDT,fresh,Fresh_2026-10-01,0,0.423544,BAD_B_0P30_0P50,False,True,-6.4998041182514745,HIST_TIME_FALLBACK
PAPER:INITUSDT:1791016499999:SHORT,INITUSDT,fresh,Fresh_2026-10-03,1,0.760756,GRAY_0P50_1P00,False,False,,
PAPER:CRVUSDT:1790966099999:SHORT,CRVUSDT,fresh,Fresh_2026-10-02,2,0.280849,BAD_A_LT_0P30,False,False,,
PAPER:ONUSDT:1790868899999:SHORT,ONUSDT,fresh,Fresh_2026-10-01,0,0.946373,GRAY_0P50_1P00,False,True,-1.4338375646143875,HIST_TIME_FALLBACK
PAPER:FILUSDT:1790838899999:SHORT,FILUSDT,fresh,Fresh_2026-10-01,3,2.491039,TARGET_GE_1P00,True,True,2.077191835122341,FULL_CLOSE_050
PAPER:BANKUSDT:1790958899999:SHORT,BANKUSDT,fresh,Fresh_2026-10-02,1,0.750411,GRAY_0P50_1P00,False,True,1.5610567347583904,FULL_CLOSE_050
PAPER:BLUAIUSDT:1790859599999:SHORT,BLUAIUSDT,fresh,Fresh_2026-10-01,3,0.838946,GRAY_0P50_1P00,False,False,,
PAPER:PUMPBTCUSDT:1790925299999:SHORT,PUMPBTCUSDT,fresh,Fresh_2026-10-02,2,0.850817,GRAY_0P50_1P00,False,False,,
PAPER:USELESSUSDT:1790842199999:SHORT,USELESSUSDT,fresh,Fresh_2026-10-01,2,0.76217,GRAY_0P50_1P00,False,True,0.8071164772384387,FULL_CLOSE_050
PAPER:IRYSUSDT:1790860499999:SHORT,IRYSUSDT,fresh,Fresh_2026-10-01,2,0.358621,BAD_B_0P30_0P50,False,True,-1.2662097286881986,HIST_TIME_FALLBACK
PAPER:IOTAUSDT:1790846399999:SHORT,IOTAUSDT,fresh,Fresh_2026-10-01,0,0.164059,BAD_A_LT_0P30,False,True,-3.161048440825394,HIST_TIME_FALLBACK
PAPER:ZAMAUSDT:1790882099999:SHORT,ZAMAUSDT,fresh,Fresh_2026-10-01,0,2.100561,TARGET_GE_1P00,False,True,1.0806738399113982,FULL_CLOSE_050
PAPER:ARPAUSDT:1790864099999:SHORT,ARPAUSDT,fresh,Fresh_2026-10-01,2,0.108203,BAD_A_LT_0P30,False,True,-0.03547977754529946,BE0.10
PAPER:NOMUSDT:1790912699999:SHORT,NOMUSDT,fresh,Fresh_2026-10-02,0,1.972876,TARGET_GE_1P00,False,True,0.9316715786766379,FULL_CLOSE_050
PAPER:牛来USDT:1790828399999:SHORT,牛来USDT,fresh,Fresh_2026-10-01,3,0.096524,BAD_A_LT_0P30,False,True,-1.8711669539291484,HIST_TIME_FALLBACK
PAPER:BSBUSDT:1790853299999:SHORT,BSBUSDT,fresh,Fresh_2026-10-01,1,0.334467,BAD_B_0P30_0P50,False,True,-0.012783315089948954,BE0.10
PAPER:AXSUSDT:1790951399999:SHORT,AXSUSDT,fresh,Fresh_2026-10-02,1,0.808824,GRAY_0P50_1P00,False,True,-0.29723039015112224,BE0.10
PAPER:ALCHUSDT:1791030599999:SHORT,ALCHUSDT,fresh,Fresh_2026-10-03,0,0.040602,BAD_A_LT_0P30,False,True,-3.073413425363308,HIST_TIME_FALLBACK
PAPER:THETAUSDT:1790882399999:SHORT,THETAUSDT,fresh,Fresh_2026-10-01,1,1.938493,TARGET_GE_1P00,True,True,2.7036434659195465,FULL_CLOSE_050
PAPER:ZAMAUSDT:1790839199999:SHORT,ZAMAUSDT,fresh,Fresh_2026-10-01,1,1.516162,TARGET_GE_1P00,True,True,2.6487165570369027,FULL_CLOSE_050
PAPER:NEOUSDT:1790935499999:SHORT,NEOUSDT,fresh,Fresh_2026-10-02,0,0.132002,BAD_A_LT_0P30,False,True,-0.9501900380076159,HIST_TIME_FALLBACK
PAPER:XTZUSDT:1790965199999:SHORT,XTZUSDT,fresh,Fresh_2026-10-02,1,0.138657,BAD_A_LT_0P30,False,True,-1.2680155554920063,HIST_TIME_FALLBACK
PAPER:RONINUSDT:1791014699999:SHORT,RONINUSDT,fresh,Fresh_2026-10-03,0,1.205036,TARGET_GE_1P00,True,True,1.8162449181396698,FULL_CLOSE_050
PAPER:GPSUSDT:1790842199999:SHORT,GPSUSDT,fresh,Fresh_2026-10-01,2,0.123373,BAD_A_LT_0P30,False,True,-3.2971601185608392,HIST_TIME_FALLBACK
PAPER:SCRUSDT:1791053699999:SHORT,SCRUSDT,fresh,Fresh_2026-10-03,2,0.179001,BAD_A_LT_0P30,False,True,-3.1430721926941847,HIST_TIME_FALLBACK
PAPER:PROMPTUSDT:1790994299999:SHORT,PROMPTUSDT,fresh,Fresh_2026-10-03,2,0.42563,BAD_B_0P30_0P50,False,True,-0.2056557940244686,BE0.10
PAPER:APRUSDT:1790861399999:SHORT,APRUSDT,fresh,Fresh_2026-10-01,0,0.553999,GRAY_0P50_1P00,False,True,0.4861806651143046,FULL_CLOSE_050
PAPER:APEUSDT:1790866199999:SHORT,APEUSDT,fresh,Fresh_2026-10-01,2,0.393017,BAD_B_0P30_0P50,False,True,-0.2625867549882736,BE0.10
PAPER:PENDLEUSDT:1790858699999:SHORT,PENDLEUSDT,fresh,Fresh_2026-10-01,3,1.455417,TARGET_GE_1P00,True,True,1.019161147471252,FULL_CLOSE_050
PAPER:AIOUSDT:1790882999999:SHORT,AIOUSDT,fresh,Fresh_2026-10-01,1,0.085031,BAD_A_LT_0P30,False,True,-1.606079962061648,HIST_TIME_FALLBACK
PAPER:EDGEUSDT:1791031199999:SHORT,EDGEUSDT,fresh,Fresh_2026-10-03,2,0.738841,GRAY_0P50_1P00,False,True,-0.10229642794950228,BE0.10
PAPER:BTWUSDT:1790939699999:SHORT,BTWUSDT,fresh,Fresh_2026-10-02,0,1.774077,TARGET_GE_1P00,True,True,6.625779766379385,RUNNER_CLOSE
PAPER:ILVUSDT:1790836499999:SHORT,ILVUSDT,fresh,Fresh_2026-10-01,2,0.952057,GRAY_0P50_1P00,False,True,1.102925327439278,FULL_CLOSE_050
PAPER:TUTUSDT:1790945699999:SHORT,TUTUSDT,fresh,Fresh_2026-10-02,1,1.22351,TARGET_GE_1P00,False,True,-0.11450524662533412,BE0.10
PAPER:POWERUSDT:1791065399999:SHORT,POWERUSDT,fresh,Fresh_2026-10-03,0,1.153216,TARGET_GE_1P00,True,True,2.904950643564761,FULL_CLOSE_050
PAPER:HANAUSDT:1791020099999:SHORT,HANAUSDT,fresh,Fresh_2026-10-03,2,0.579431,GRAY_0P50_1P00,False,False,,
PAPER:SUSHIUSDT:1790951699999:SHORT,SUSHIUSDT,fresh,Fresh_2026-10-02,3,1.504691,TARGET_GE_1P00,True,True,4.389278655731225,FULL_CLOSE_050
PAPER:MARSCOINUSDT:1790959499999:SHORT,MARSCOINUSDT,fresh,Fresh_2026-10-02,2,0.611984,GRAY_0P50_1P00,False,False,,
PAPER:XVGUSDT:1791031199999:SHORT,XVGUSDT,fresh,Fresh_2026-10-03,1,0.296315,BAD_A_LT_0P30,False,True,-3.8060865263385937,HIST_TIME_FALLBACK
PAPER:PEOPLEUSDT:1790863499999:SHORT,PEOPLEUSDT,fresh,Fresh_2026-10-01,1,0.225007,BAD_A_LT_0P30,False,True,-3.2898470579938808,HIST_TIME_FALLBACK
PAPER:牛来USDT:1790872799999:SHORT,牛来USDT,fresh,Fresh_2026-10-01,3,0.214068,BAD_A_LT_0P30,False,False,,
PAPER:BRETTUSDT:1790965199999:SHORT,BRETTUSDT,fresh,Fresh_2026-10-02,2,0.200978,BAD_A_LT_0P30,False,True,-1.2908332432052418,HIST_TIME_FALLBACK
PAPER:ICNTUSDT:1790856599999:SHORT,ICNTUSDT,fresh,Fresh_2026-10-01,1,0.707792,GRAY_0P50_1P00,False,True,1.1333695459175614,FULL_CLOSE_050
PAPER:LYNUSDT:1790985899999:SHORT,LYNUSDT,fresh,Fresh_2026-10-03,2,0.749085,GRAY_0P50_1P00,False,False,,
PAPER:BRETTUSDT:1790866199999:SHORT,BRETTUSDT,fresh,Fresh_2026-10-01,0,0.354803,BAD_B_0P30_0P50,False,True,-0.2355930500875676,BE0.10
PAPER:DYDXUSDT:1790965199999:SHORT,DYDXUSDT,fresh,Fresh_2026-10-02,3,4.223269,TARGET_GE_1P00,True,True,3.7817833992187215,FULL_CLOSE_050
PAPER:牛来USDT:1790962199999:SHORT,牛来USDT,fresh,Fresh_2026-10-02,0,6.705991,TARGET_GE_1P00,True,True,10.358943975367037,RUNNER_CLOSE
PAPER:EVAAUSDT:1791011999999:SHORT,EVAAUSDT,fresh,Fresh_2026-10-03,0,0.773485,GRAY_0P50_1P00,False,True,-3.104070108091766,HIST_TIME_FALLBACK
PAPER:NMRUSDT:1790867399999:SHORT,NMRUSDT,fresh,Fresh_2026-10-01,2,0.776786,GRAY_0P50_1P00,False,True,-3.2996594556348984,HIST_TIME_FALLBACK
PAPER:SAGAUSDT:1790890499999:SHORT,SAGAUSDT,fresh,Fresh_2026-10-01,2,0.753451,GRAY_0P50_1P00,False,True,1.4976104022760648,FULL_CLOSE_050
PAPER:SPXUSDT:1790961899999:SHORT,SPXUSDT,fresh,Fresh_2026-10-02,0,1.372969,TARGET_GE_1P00,True,True,3.0498400193737796,FULL_CLOSE_050
PAPER:FOGOUSDT:1790975099999:SHORT,FOGOUSDT,fresh,Fresh_2026-10-02,2,0.136859,BAD_A_LT_0P30,False,False,,
PAPER:FOGOUSDT:1790966099999:SHORT,FOGOUSDT,fresh,Fresh_2026-10-02,2,4.278251,TARGET_GE_1P00,True,True,13.381987573311559,RUNNER_CLOSE
PAPER:CTRUSDT:1790847299999:SHORT,CTRUSDT,fresh,Fresh_2026-10-01,1,0.552749,GRAY_0P50_1P00,False,True,-0.005782793222393279,BE0.10
PAPER:TRBUSDT:1790868899999:SHORT,TRBUSDT,fresh,Fresh_2026-10-01,0,0.100097,BAD_A_LT_0P30,False,True,-1.310834987602681,HIST_TIME_FALLBACK
PAPER:SCRUSDT:1790994299999:SHORT,SCRUSDT,fresh,Fresh_2026-10-03,2,0.305794,BAD_B_0P30_0P50,False,True,-1.3129256829626328,HIST_TIME_FALLBACK
PAPER:QNTUSDT:1791004199999:SHORT,QNTUSDT,fresh,Fresh_2026-10-03,2,0.480904,BAD_B_0P30_0P50,False,True,-0.0016723016833556925,BE0.10
PAPER:PLAYUSDT:1791015599999:SHORT,PLAYUSDT,fresh,Fresh_2026-10-03,2,0.144448,BAD_A_LT_0P30,False,True,-3.916073323288742,HIST_TIME_FALLBACK
PAPER:PLUMEUSDT:1790866199999:SHORT,PLUMEUSDT,fresh,Fresh_2026-10-01,2,0.837157,GRAY_0P50_1P00,False,True,-2.5666868842013786,HIST_TIME_FALLBACK
PAPER:NOMUSDT:1790914499999:SHORT,NOMUSDT,fresh,Fresh_2026-10-02,1,0.936942,GRAY_0P50_1P00,False,True,-0.18096193191776422,BE0.10
PAPER:WAXPUSDT:1791056099999:SHORT,WAXPUSDT,fresh,Fresh_2026-10-03,3,0.355214,BAD_B_0P30_0P50,False,True,-5.372811154181004,HIST_TIME_FALLBACK
PAPER:PARTIUSDT:1791050699999:SHORT,PARTIUSDT,fresh,Fresh_2026-10-03,2,0.300345,BAD_B_0P30_0P50,False,True,-0.06295999540214064,BE0.10
PAPER:BANUSDT:1791040499999:SHORT,BANUSDT,fresh,Fresh_2026-10-03,3,0.056289,BAD_A_LT_0P30,False,True,-3.0880950595243526,HIST_TIME_FALLBACK
PAPER:BIOUSDT:1791046799999:SHORT,BIOUSDT,fresh,Fresh_2026-10-03,2,0.428516,BAD_B_0P30_0P50,False,True,-5.286260019087613,HIST_TIME_FALLBACK
PAPER:RAVEUSDT:1790842799999:SHORT,RAVEUSDT,fresh,Fresh_2026-10-01,2,0.27738,BAD_A_LT_0P30,False,True,-2.1886244517581748,HIST_TIME_FALLBACK
PAPER:NEARUSDT:1790839499999:SHORT,NEARUSDT,fresh,Fresh_2026-10-01,2,0.576574,GRAY_0P50_1P00,False,True,-3.479767079187888,HIST_TIME_FALLBACK
PAPER:POLUSDT:1790872799999:SHORT,POLUSDT,fresh,Fresh_2026-10-01,2,0.149394,BAD_A_LT_0P30,False,True,-1.562312836473764,HIST_TIME_FALLBACK
PAPER:IMXUSDT:1790848799999:SHORT,IMXUSDT,fresh,Fresh_2026-10-01,2,0.999996,GRAY_0P50_1P00,False,True,-0.04444482080981249,BE0.10
PAPER:GRIFFAINUSDT:1790838899999:SHORT,GRIFFAINUSDT,fresh,Fresh_2026-10-01,2,1.38087,TARGET_GE_1P00,True,True,1.1784937176974712,FULL_CLOSE_050
PAPER:2ZUSDT:1790957699999:SHORT,2ZUSDT,fresh,Fresh_2026-10-02,1,0.905582,GRAY_0P50_1P00,False,True,-0.1917427803742966,BE0.10
PAPER:ONEUSDT:1790925599999:SHORT,ONEUSDT,fresh,Fresh_2026-10-02,2,0.0,BAD_A_LT_0P30,False,False,,
PAPER:POWERUSDT:1790929499999:SHORT,POWERUSDT,fresh,Fresh_2026-10-02,2,1.634408,TARGET_GE_1P00,True,True,1.278336256229769,FULL_CLOSE_050
PAPER:ONUSDT:1791031499999:SHORT,ONUSDT,fresh,Fresh_2026-10-03,2,0.259642,BAD_A_LT_0P30,False,False,,
PAPER:API3USDT:1790863499999:SHORT,API3USDT,fresh,Fresh_2026-10-01,0,0.08899,BAD_A_LT_0P30,False,True,-3.3139668162473557,HIST_TIME_FALLBACK
PAPER:BULLAUSDT:1790957399999:SHORT,BULLAUSDT,fresh,Fresh_2026-10-02,2,0.918872,GRAY_0P50_1P00,False,False,,
PAPER:ZECUSDT:1790882399999:SHORT,ZECUSDT,fresh,Fresh_2026-10-01,2,0.901087,GRAY_0P50_1P00,False,True,-0.25576811196677013,BE0.10
PAPER:LUNA2USDT:1790926499999:SHORT,LUNA2USDT,fresh,Fresh_2026-10-02,3,0.365652,BAD_B_0P30_0P50,False,True,-3.5548402848809837,HIST_TIME_FALLBACK
PAPER:SAFEUSDT:1790866199999:SHORT,SAFEUSDT,fresh,Fresh_2026-10-01,2,0.314077,BAD_B_0P30_0P50,False,True,-4.536038920036239,HIST_TIME_FALLBACK
PAPER:龙虾USDT:1791061499999:SHORT,龙虾USDT,fresh,Fresh_2026-10-03,1,0.346133,BAD_B_0P30_0P50,False,True,1.8379322715442763,FULL_CLOSE_050
PAPER:STRKUSDT:1790965199999:SHORT,STRKUSDT,fresh,Fresh_2026-10-02,0,0.258992,BAD_A_LT_0P30,False,True,-0.13567903608612858,BE0.10
PAPER:ZESTUSDT:1790850599999:SHORT,ZESTUSDT,fresh,Fresh_2026-10-01,2,0.536152,GRAY_0P50_1P00,False,False,,
PAPER:GUNUSDT:1790840399999:SHORT,GUNUSDT,fresh,Fresh_2026-10-01,1,0.247787,BAD_A_LT_0P30,False,True,-1.6189611669827892,HIST_TIME_FALLBACK
PAPER:ENAUSDT:1790894999999:SHORT,ENAUSDT,fresh,Fresh_2026-10-01,2,0.526531,GRAY_0P50_1P00,False,False,,
PAPER:PROMPTUSDT:1790848199999:SHORT,PROMPTUSDT,fresh,Fresh_2026-10-01,2,0.560102,GRAY_0P50_1P00,False,True,-0.9501900380076529,HIST_TIME_FALLBACK
PAPER:ALCHUSDT:1790978099999:SHORT,ALCHUSDT,fresh,Fresh_2026-10-02,2,0.701873,GRAY_0P50_1P00,False,True,-2.5642978656190762,HIST_TIME_FALLBACK
PAPER:MONUSDT:1790887199999:SHORT,MONUSDT,fresh,Fresh_2026-10-01,2,0.30618,BAD_B_0P30_0P50,False,True,-3.476846282261099,HIST_TIME_FALLBACK
PAPER:QUSDT:1790921099999:SHORT,QUSDT,fresh,Fresh_2026-10-02,3,0.855991,GRAY_0P50_1P00,False,True,0.20286984886681264,FULL_CLOSE_050
PAPER:FIGHTUSDT:1790873999999:SHORT,FIGHTUSDT,fresh,Fresh_2026-10-01,0,0.857364,GRAY_0P50_1P00,False,True,-0.47548620677187603,HIST_TIME_FALLBACK
PAPER:CVCUSDT:1791031499999:SHORT,CVCUSDT,fresh,Fresh_2026-10-03,0,0.150446,BAD_A_LT_0P30,False,True,-2.8269204710062,HIST_TIME_FALLBACK
PAPER:USUALUSDT:1790882999999:SHORT,USUALUSDT,fresh,Fresh_2026-10-01,3,0.241065,BAD_A_LT_0P30,False,True,-3.8350170898633382,HIST_TIME_FALLBACK
PAPER:BRUSDT:1791028499999:SHORT,BRUSDT,fresh,Fresh_2026-10-03,1,1.173552,TARGET_GE_1P00,False,False,,
PAPER:ENJUSDT:1791014999999:SHORT,ENJUSDT,fresh,Fresh_2026-10-03,0,0.335307,BAD_B_0P30_0P50,False,True,-0.06106891893469174,BE0.10
PAPER:TUSDT:1790926499999:SHORT,TUSDT,fresh,Fresh_2026-10-02,1,0.311982,BAD_B_0P30_0P50,False,True,-3.5385751388504896,HIST_TIME_FALLBACK
PAPER:XPLUSDT:1790864099999:SHORT,XPLUSDT,fresh,Fresh_2026-10-01,1,0.723639,GRAY_0P50_1P00,False,True,-2.4385733151727056,HIST_TIME_FALLBACK
PAPER:QNTUSDT:1790964899999:SHORT,QNTUSDT,fresh,Fresh_2026-10-02,2,0.542796,GRAY_0P50_1P00,False,False,,
PAPER:FLOWUSDT:1790861099999:SHORT,FLOWUSDT,fresh,Fresh_2026-10-01,2,0.563392,GRAY_0P50_1P00,False,True,-1.1126616998180485,HIST_TIME_FALLBACK
PAPER:ALPINEUSDT:1790965799999:SHORT,ALPINEUSDT,fresh,Fresh_2026-10-02,2,1.74472,TARGET_GE_1P00,True,True,5.317683713179801,RUNNER_CLOSE
PAPER:COMPUSDT:1790950199999:SHORT,COMPUSDT,fresh,Fresh_2026-10-02,2,0.183041,BAD_A_LT_0P30,False,True,-3.1858080203129417,HIST_TIME_FALLBACK
PAPER:CYBERUSDT:1790866199999:SHORT,CYBERUSDT,fresh,Fresh_2026-10-01,3,0.651915,GRAY_0P50_1P00,False,True,-1.9112944028805248,HIST_TIME_FALLBACK
PAPER:ETHFIUSDT:1790962799999:SHORT,ETHFIUSDT,fresh,Fresh_2026-10-02,3,0.814793,GRAY_0P50_1P00,False,True,-0.026881656836470535,BE0.10
PAPER:FOLKSUSDT:1790973899999:SHORT,FOLKSUSDT,fresh,Fresh_2026-10-02,3,0.553881,GRAY_0P50_1P00,False,False,,
PAPER:POLUSDT:1790863499999:SHORT,POLUSDT,fresh,Fresh_2026-10-01,0,0.081249,BAD_A_LT_0P30,False,True,-2.5165029830924404,HIST_TIME_FALLBACK
PAPER:MERLUSDT:1790830499999:SHORT,MERLUSDT,fresh,Fresh_2026-10-01,1,0.272073,BAD_A_LT_0P30,False,True,-7.455390688274124,HIST_TIME_FALLBACK
PAPER:TAOUSDT:1790872799999:SHORT,TAOUSDT,fresh,Fresh_2026-10-01,2,0.079426,BAD_A_LT_0P30,False,False,,
PAPER:THETAUSDT:1790964299999:SHORT,THETAUSDT,fresh,Fresh_2026-10-02,2,5.52688,TARGET_GE_1P00,True,True,7.440571859409447,RUNNER_CLOSE
PAPER:BERAUSDT:1790849099999:SHORT,BERAUSDT,fresh,Fresh_2026-10-01,1,0.314511,BAD_B_0P30_0P50,False,True,-0.32342644447085384,BE0.10
PAPER:2ZUSDT:1790953199999:SHORT,2ZUSDT,fresh,Fresh_2026-10-02,3,0.751674,GRAY_0P50_1P00,False,False,,
PAPER:FFUSDT:1790968499999:SHORT,FFUSDT,fresh,Fresh_2026-10-02,1,0.533261,GRAY_0P50_1P00,False,True,-0.08286752213123333,BE0.10
PAPER:KASUSDT:1790871599999:SHORT,KASUSDT,fresh,Fresh_2026-10-01,3,0.625286,GRAY_0P50_1P00,False,True,-1.1895279247099184,HIST_TIME_FALLBACK
PAPER:PENDLEUSDT:1790887499999:SHORT,PENDLEUSDT,fresh,Fresh_2026-10-01,1,0.11125,BAD_A_LT_0P30,False,True,-2.410889019341629,HIST_TIME_FALLBACK
PAPER:METUSDT:1791051599999:SHORT,METUSDT,fresh,Fresh_2026-10-03,0,0.149349,BAD_A_LT_0P30,False,True,-2.6453312165989002,HIST_TIME_FALLBACK
PAPER:OPENUSDT:1791029099999:SHORT,OPENUSDT,fresh,Fresh_2026-10-03,1,9.368996,TARGET_GE_1P00,True,True,0.9945465200266574,FULL_CLOSE_050
PAPER:1000BONKUSDT:1790839499999:SHORT,1000BONKUSDT,fresh,Fresh_2026-10-01,1,0.912521,GRAY_0P50_1P00,False,True,1.455778832669097,FULL_CLOSE_050
PAPER:SQDUSDT:1790890799999:SHORT,SQDUSDT,fresh,Fresh_2026-10-01,0,0.318817,BAD_B_0P30_0P50,False,True,-0.102332331303641,BE0.10
PAPER:WLDUSDT:1790869499999:SHORT,WLDUSDT,fresh,Fresh_2026-10-01,2,0.847938,GRAY_0P50_1P00,False,False,,NO_EXECUTABLE_ENTRY
PAPER:ARXUSDT:1791041099999:SHORT,ARXUSDT,fresh,Fresh_2026-10-03,1,0.601465,GRAY_0P50_1P00,False,True,-0.5836025681883767,BE0.10
PAPER:MEWUSDT:1790839499999:SHORT,MEWUSDT,fresh,Fresh_2026-10-01,1,0.945013,GRAY_0P50_1P00,False,True,-0.141832847796804,BE0.10
PAPER:TRUTHUSDT:1790960699999:SHORT,TRUTHUSDT,fresh,Fresh_2026-10-02,1,0.673831,GRAY_0P50_1P00,False,False,,
PAPER:FETUSDT:1790849099999:SHORT,FETUSDT,fresh,Fresh_2026-10-01,1,0.242401,BAD_A_LT_0P30,False,True,-3.794367254132665,HIST_TIME_FALLBACK
PAPER:LISTAUSDT:1790864099999:SHORT,LISTAUSDT,fresh,Fresh_2026-10-01,0,0.410415,BAD_B_0P30_0P50,False,True,-0.19333059738249647,BE0.10
PAPER:WLDUSDT:1790859899999:SHORT,WLDUSDT,fresh,Fresh_2026-10-01,2,0.737723,GRAY_0P50_1P00,False,True,-0.07198795022150356,BE0.10
PAPER:STRKUSDT:1790966099999:SHORT,STRKUSDT,fresh,Fresh_2026-10-02,2,0.638641,GRAY_0P50_1P00,False,False,,
PAPER:GTCUSDT:1790924699999:SHORT,GTCUSDT,fresh,Fresh_2026-10-02,2,1.924607,TARGET_GE_1P00,True,True,5.9090035281109055,RUNNER_CLOSE
PAPER:SAFEUSDT:1790882699999:SHORT,SAFEUSDT,fresh,Fresh_2026-10-01,3,0.414544,BAD_B_0P30_0P50,False,True,-0.0696300333115486,BE0.10
PAPER:ARBUSDT:1790919599999:SHORT,ARBUSDT,fresh,Fresh_2026-10-02,0,0.029011,BAD_A_LT_0P30,False,True,-3.354206926360326,HIST_TIME_FALLBACK
PAPER:4USDT:1790866499999:SHORT,4USDT,fresh,Fresh_2026-10-01,1,0.618774,GRAY_0P50_1P00,False,False,,
PAPER:GENIUSUSDT:1790964599999:SHORT,GENIUSUSDT,fresh,Fresh_2026-10-02,3,0.625683,GRAY_0P50_1P00,False,False,,
PAPER:TRUSTUSDT:1790840399999:SHORT,TRUSTUSDT,fresh,Fresh_2026-10-01,0,0.178284,BAD_A_LT_0P30,False,True,-0.12320310584499516,BE0.10
PAPER:币安人生USDT:1790931899999:SHORT,币安人生USDT,fresh,Fresh_2026-10-02,1,0.259214,BAD_A_LT_0P30,False,True,1.0097754672313561,HIST_TIME_FALLBACK
PAPER:BABYUSDT:1790962799999:SHORT,BABYUSDT,fresh,Fresh_2026-10-02,0,0.3445,BAD_B_0P30_0P50,False,True,-2.774443646017745,HIST_TIME_FALLBACK
PAPER:WUSDT:1790926499999:SHORT,WUSDT,fresh,Fresh_2026-10-02,3,0.142199,BAD_A_LT_0P30,False,True,-1.0977652709197068,HIST_TIME_FALLBACK
PAPER:THETAUSDT:1790951699999:SHORT,THETAUSDT,fresh,Fresh_2026-10-02,2,0.625842,GRAY_0P50_1P00,False,True,-1.3815344499317685,HIST_TIME_FALLBACK
PAPER:REZUSDT:1790834999999:SHORT,REZUSDT,fresh,Fresh_2026-10-01,2,0.639843,GRAY_0P50_1P00,False,False,,
PAPER:SYNUSDT:1790973899999:SHORT,SYNUSDT,fresh,Fresh_2026-10-02,0,0.600698,GRAY_0P50_1P00,False,True,1.2852982831225583,FULL_CLOSE_050
PAPER:POLYXUSDT:1790861099999:SHORT,POLYXUSDT,fresh,Fresh_2026-10-01,3,0.216338,BAD_A_LT_0P30,False,True,-5.2093975164685205,HIST_TIME_FALLBACK
PAPER:NEARUSDT:1790882699999:SHORT,NEARUSDT,fresh,Fresh_2026-10-01,3,1.844495,TARGET_GE_1P00,True,True,1.2398264184086814,FULL_CLOSE_050
PAPER:PUMPBTCUSDT:1790908799999:SHORT,PUMPBTCUSDT,fresh,Fresh_2026-10-02,0,0.948713,GRAY_0P50_1P00,False,True,1.4739028919585517,FULL_CLOSE_050
PAPER:BLUAIUSDT:1790882699999:SHORT,BLUAIUSDT,fresh,Fresh_2026-10-01,2,3.18189,TARGET_GE_1P00,True,True,8.538056610312786,RUNNER_CLOSE
PAPER:BSVUSDT:1790914499999:SHORT,BSVUSDT,fresh,Fresh_2026-10-02,2,0.178744,BAD_A_LT_0P30,False,True,-4.433317602884386,HIST_TIME_FALLBACK
PAPER:PONSUSDT:1790866199999:SHORT,PONSUSDT,fresh,Fresh_2026-10-01,2,1.061396,TARGET_GE_1P00,True,True,1.0498249906831392,FULL_CLOSE_050
PAPER:PUMPBTCUSDT:1791065999999:SHORT,PUMPBTCUSDT,fresh,Fresh_2026-10-03,2,0.213961,BAD_A_LT_0P30,False,False,,
PAPER:DEEPUSDT:1790938199999:SHORT,DEEPUSDT,fresh,Fresh_2026-10-02,0,0.233854,BAD_A_LT_0P30,False,True,-0.10319310054897751,BE0.10
PAPER:PROMPTUSDT:1790873699999:SHORT,PROMPTUSDT,fresh,Fresh_2026-10-01,2,0.89014,GRAY_0P50_1P00,False,True,-0.22646687168751162,BE0.10
PAPER:TOSHIUSDT:1790926499999:SHORT,TOSHIUSDT,fresh,Fresh_2026-10-02,3,0.219661,BAD_A_LT_0P30,False,True,-4.551450397993204,HIST_TIME_FALLBACK
PAPER:ARXUSDT:1790861699999:SHORT,ARXUSDT,fresh,Fresh_2026-10-01,0,1.02337,TARGET_GE_1P00,False,True,-3.471072289997484,HIST_TIME_FALLBACK
PAPER:CAPUSDT:1790973599999:SHORT,CAPUSDT,fresh,Fresh_2026-10-02,1,3.655307,TARGET_GE_1P00,True,True,6.610545585100193,RUNNER_CLOSE
PAPER:1000XECUSDT:1790864099999:SHORT,1000XECUSDT,fresh,Fresh_2026-10-01,2,0.301604,BAD_B_0P30_0P50,False,True,-0.1465993402435834,BE0.10
PAPER:OUSDT:1790998499999:SHORT,OUSDT,fresh,Fresh_2026-10-03,3,0.252371,BAD_A_LT_0P30,False,True,-0.1710846838628215,BE0.10
PAPER:PROVEUSDT:1790863799999:SHORT,PROVEUSDT,fresh,Fresh_2026-10-01,3,0.8441,GRAY_0P50_1P00,False,False,,
PAPER:MAGMAUSDT:1790868899999:SHORT,MAGMAUSDT,fresh,Fresh_2026-10-01,1,0.154621,BAD_A_LT_0P30,False,True,-4.5419398693630155,HIST_TIME_FALLBACK
PAPER:EULUSDT:1790838899999:SHORT,EULUSDT,fresh,Fresh_2026-10-01,2,1.509156,TARGET_GE_1P00,True,True,1.2077716951638546,FULL_CLOSE_050
PAPER:AZTECUSDT:1790859899999:SHORT,AZTECUSDT,fresh,Fresh_2026-10-01,2,1.646996,TARGET_GE_1P00,True,True,0.49238976037290116,FULL_CLOSE_050
PAPER:ONEUSDT:1790868599999:SHORT,ONEUSDT,fresh,Fresh_2026-10-01,0,0.625516,GRAY_0P50_1P00,False,True,1.2555759215669453,FULL_CLOSE_050
PAPER:FLUIDUSDT:1790976599999:SHORT,FLUIDUSDT,fresh,Fresh_2026-10-02,0,0.04407,BAD_A_LT_0P30,False,True,-1.5915419791197134,HIST_TIME_FALLBACK
PAPER:QUSDT:1790849999999:SHORT,QUSDT,fresh,Fresh_2026-10-01,3,0.607337,GRAY_0P50_1P00,False,False,,
PAPER:OPGUSDT:1791015599999:SHORT,OPGUSDT,fresh,Fresh_2026-10-03,1,0.288224,BAD_A_LT_0P30,False,True,-0.1794815083110266,BE0.10
PAPER:牛来USDT:1790923199999:SHORT,牛来USDT,fresh,Fresh_2026-10-02,1,0.191753,BAD_A_LT_0P30,False,True,-3.526308574025632,HIST_TIME_FALLBACK
PAPER:FLUIDUSDT:1791014999999:SHORT,FLUIDUSDT,fresh,Fresh_2026-10-03,2,1.491786,TARGET_GE_1P00,True,True,0.8689808524999739,FULL_CLOSE_050
PAPER:MITOUSDT:1791011099999:SHORT,MITOUSDT,fresh,Fresh_2026-10-03,1,1.800825,TARGET_GE_1P00,True,True,1.2494498428876812,FULL_CLOSE_050
PAPER:PENGUUSDT:1790951699999:SHORT,PENGUUSDT,fresh,Fresh_2026-10-02,2,0.818438,GRAY_0P50_1P00,False,False,,
PAPER:SYNUSDT:1790923799999:SHORT,SYNUSDT,fresh,Fresh_2026-10-02,3,0.928878,GRAY_0P50_1P00,False,True,-0.10395676283911492,BE0.10
PAPER:AEROUSDT:1790836499999:SHORT,AEROUSDT,fresh,Fresh_2026-10-01,2,5.430223,TARGET_GE_1P00,True,True,1.5574623930033957,FULL_CLOSE_050
PAPER:DOSUSDT:1790925299999:SHORT,DOSUSDT,fresh,Fresh_2026-10-02,1,0.494358,BAD_B_0P30_0P50,False,True,-0.0132219705522153,BE0.10
PAPER:INXUSDT:1790966099999:SHORT,INXUSDT,fresh,Fresh_2026-10-02,2,2.704873,TARGET_GE_1P00,True,True,9.013623714024925,RUNNER_CLOSE
PAPER:1000000BOBUSDT:1790847599999:SHORT,1000000BOBUSDT,fresh,Fresh_2026-10-01,2,1.298789,TARGET_GE_1P00,True,False,,
PAPER:MASKUSDT:1790960699999:SHORT,MASKUSDT,fresh,Fresh_2026-10-02,1,1.842833,TARGET_GE_1P00,True,True,2.9541320517798195,FULL_CLOSE_050
PAPER:CFGUSDT:1790908499999:SHORT,CFGUSDT,fresh,Fresh_2026-10-02,0,0.182602,BAD_A_LT_0P30,False,True,-2.6401805513026693,HIST_TIME_FALLBACK
PAPER:1000000BOBUSDT:1790887499999:SHORT,1000000BOBUSDT,fresh,Fresh_2026-10-01,3,1.007347,TARGET_GE_1P00,False,False,,
PAPER:PUMPBTCUSDT:1790939399999:SHORT,PUMPBTCUSDT,fresh,Fresh_2026-10-02,2,1.250898,TARGET_GE_1P00,False,True,-0.9501900380075656,BE0.10
PAPER:ZENUSDT:1790839499999:SHORT,ZENUSDT,fresh,Fresh_2026-10-01,2,0.394902,BAD_B_0P30_0P50,False,True,-6.499804118251591,HIST_TIME_FALLBACK
PAPER:BEAMXUSDT:1790964599999:SHORT,BEAMXUSDT,fresh,Fresh_2026-10-02,0,3.338877,TARGET_GE_1P00,True,True,1.6180595377471785,FULL_CLOSE_050
PAPER:JTOUSDT:1790890499999:SHORT,JTOUSDT,fresh,Fresh_2026-10-01,3,0.54296,GRAY_0P50_1P00,False,True,-0.009789530703486371,BE0.10
PAPER:PEOPLEUSDT:1790962799999:SHORT,PEOPLEUSDT,fresh,Fresh_2026-10-02,2,0.556951,GRAY_0P50_1P00,False,True,-0.021884351234800203,BE0.10
PAPER:THEUSDT:1790994599999:SHORT,THEUSDT,fresh,Fresh_2026-10-03,1,0.131104,BAD_A_LT_0P30,False,True,-3.4276036813081294,HIST_TIME_FALLBACK
PAPER:BLUAIUSDT:1790881799999:SHORT,BLUAIUSDT,fresh,Fresh_2026-10-01,0,0.706934,GRAY_0P50_1P00,False,True,-0.01309299686158999,BE0.10
PAPER:ONEUSDT:1790866499999:SHORT,ONEUSDT,fresh,Fresh_2026-10-01,3,0.608504,GRAY_0P50_1P00,False,False,,
PAPER:PROMPTUSDT:1790951399999:SHORT,PROMPTUSDT,fresh,Fresh_2026-10-02,3,0.225866,BAD_A_LT_0P30,False,True,-0.7039651535816007,BE0.10
PAPER:PLAYUSDT:1790975099999:SHORT,PLAYUSDT,fresh,Fresh_2026-10-02,0,0.269257,BAD_A_LT_0P30,False,True,-3.0412817701715165,HIST_TIME_FALLBACK
PAPER:DUSKUSDT:1790863199999:SHORT,DUSKUSDT,fresh,Fresh_2026-10-01,1,1.453418,TARGET_GE_1P00,True,True,-0.021909667051607074,BE0.10
PAPER:ATUSDT:1790879699999:SHORT,ATUSDT,fresh,Fresh_2026-10-01,0,0.938654,GRAY_0P50_1P00,False,True,0.9689480707643556,FULL_CLOSE_050
PAPER:REZUSDT:1790834099999:SHORT,REZUSDT,fresh,Fresh_2026-10-01,1,0.904551,GRAY_0P50_1P00,False,True,-0.21109990295886222,BE0.10
PAPER:APRUSDT:1790935799999:SHORT,APRUSDT,fresh,Fresh_2026-10-02,3,0.436708,BAD_B_0P30_0P50,False,True,-0.9501900380075226,BE0.10
PAPER:MIRAUSDT:1790976599999:SHORT,MIRAUSDT,fresh,Fresh_2026-10-02,2,0.059204,BAD_A_LT_0P30,False,True,-2.5342887406594916,HIST_TIME_FALLBACK
PAPER:4USDT:1790962799999:SHORT,4USDT,fresh,Fresh_2026-10-02,0,0.299131,BAD_A_LT_0P30,False,True,-0.9501900380076589,BE0.10
PAPER:SOMIUSDT:1791046799999:SHORT,SOMIUSDT,fresh,Fresh_2026-10-03,1,0.318228,BAD_B_0P30_0P50,False,True,-3.373109641289278,HIST_TIME_FALLBACK
PAPER:FIGHTUSDT:1791022799999:SHORT,FIGHTUSDT,fresh,Fresh_2026-10-03,1,0.803959,GRAY_0P50_1P00,False,True,1.115457238628037,FULL_CLOSE_050
PAPER:MINAUSDT:1790966099999:SHORT,MINAUSDT,fresh,Fresh_2026-10-02,1,0.56361,GRAY_0P50_1P00,False,True,-1.0135981309885347,HIST_TIME_FALLBACK
PAPER:MELANIAUSDT:1790839499999:SHORT,MELANIAUSDT,fresh,Fresh_2026-10-01,1,0.838011,GRAY_0P50_1P00,False,True,-0.19087992797645648,BE0.10
PAPER:FARTCOINUSDT:1790839499999:SHORT,FARTCOINUSDT,fresh,Fresh_2026-10-01,1,0.773356,GRAY_0P50_1P00,False,True,-0.09499324409303361,BE0.10
PAPER:TLMUSDT:1790912699999:SHORT,TLMUSDT,fresh,Fresh_2026-10-02,1,0.591739,GRAY_0P50_1P00,False,True,-3.410018981683281,HIST_TIME_FALLBACK
PAPER:MARSCOINUSDT:1790890199999:SHORT,MARSCOINUSDT,fresh,Fresh_2026-10-01,2,1.326267,TARGET_GE_1P00,True,True,1.5982796272881417,FULL_CLOSE_050
PAPER:POWERUSDT:1790987699999:SHORT,POWERUSDT,fresh,Fresh_2026-10-03,2,0.754059,GRAY_0P50_1P00,False,True,-2.896438832867651,HIST_TIME_FALLBACK
PAPER:ROBOUSDT:1790859899999:SHORT,ROBOUSDT,fresh,Fresh_2026-10-01,0,1.628677,TARGET_GE_1P00,False,True,0.7000578412386667,FULL_CLOSE_050
PAPER:1000000BOBUSDT:1790958299999:SHORT,1000000BOBUSDT,fresh,Fresh_2026-10-02,0,1.747134,TARGET_GE_1P00,True,True,-0.06578157504290699,BE0.10
PAPER:HEIUSDT:1790867999999:SHORT,HEIUSDT,fresh,Fresh_2026-10-01,0,0.687685,GRAY_0P50_1P00,False,True,-3.3788567282189135,HIST_TIME_FALLBACK
PAPER:XNYUSDT:1790923199999:SHORT,XNYUSDT,fresh,Fresh_2026-10-02,1,1.440037,TARGET_GE_1P00,True,True,3.757186604421646,FULL_CLOSE_050
PAPER:1000000BOBUSDT:1791059999999:SHORT,1000000BOBUSDT,fresh,Fresh_2026-10-03,2,1.859457,TARGET_GE_1P00,True,False,,
PAPER:ELSAUSDT:1790993099999:SHORT,ELSAUSDT,fresh,Fresh_2026-10-03,3,0.522465,GRAY_0P50_1P00,False,True,-0.8564142436955655,HIST_TIME_FALLBACK
PAPER:CAPUSDT:1791023099999:SHORT,CAPUSDT,fresh,Fresh_2026-10-03,1,0.348394,BAD_B_0P30_0P50,False,True,-3.936151972618627,HIST_TIME_FALLBACK
PAPER:BTWUSDT:1790927399999:SHORT,BTWUSDT,fresh,Fresh_2026-10-02,0,0.685287,GRAY_0P50_1P00,False,True,-0.015829157881316946,BE0.10
PAPER:INITUSDT:1790840999999:SHORT,INITUSDT,fresh,Fresh_2026-10-01,3,0.7535,GRAY_0P50_1P00,False,False,,
PAPER:AVAAIUSDT:1791031199999:SHORT,AVAAIUSDT,fresh,Fresh_2026-10-03,2,4.277445,TARGET_GE_1P00,True,True,6.493696964337852,RUNNER_CLOSE
PAPER:FLOCKUSDT:1790884199999:SHORT,FLOCKUSDT,fresh,Fresh_2026-10-01,2,1.049902,TARGET_GE_1P00,False,False,,
PAPER:XPINUSDT:1790854199999:SHORT,XPINUSDT,fresh,Fresh_2026-10-01,0,0.646056,GRAY_0P50_1P00,False,True,-0.9501900380075736,HIST_TIME_FALLBACK
PAPER:BBUSDT:1790839499999:SHORT,BBUSDT,fresh,Fresh_2026-10-01,1,0.643479,GRAY_0P50_1P00,False,True,-0.37709188121963627,BE0.10
PAPER:JASMYUSDT:1790962799999:SHORT,JASMYUSDT,fresh,Fresh_2026-10-02,3,0.285751,BAD_A_LT_0P30,False,True,-0.08960231874448304,BE0.10
PAPER:CVCUSDT:1790899799999:SHORT,CVCUSDT,fresh,Fresh_2026-10-02,2,0.143161,BAD_A_LT_0P30,False,True,-3.237413491183804,HIST_TIME_FALLBACK
PAPER:USTCUSDT:1790858699999:SHORT,USTCUSDT,fresh,Fresh_2026-10-01,0,1.869736,TARGET_GE_1P00,True,True,0.839100002979316,FULL_CLOSE_050
PAPER:TUSDT:1790988899999:SHORT,TUSDT,fresh,Fresh_2026-10-03,2,0.599202,GRAY_0P50_1P00,False,True,-0.03756434969759309,BE0.10
PAPER:DEXEUSDT:1790942999999:SHORT,DEXEUSDT,fresh,Fresh_2026-10-02,1,0.131008,BAD_A_LT_0P30,False,True,-2.4602207771871236,HIST_TIME_FALLBACK
PAPER:AKEUSDT:1790849399999:SHORT,AKEUSDT,fresh,Fresh_2026-10-01,1,1.781658,TARGET_GE_1P00,True,True,-0.00012511603124526482,BE0.10
PAPER:VELODROMEUSDT:1790950199999:SHORT,VELODROMEUSDT,fresh,Fresh_2026-10-02,3,0.538111,GRAY_0P50_1P00,False,False,,
PAPER:GRASSUSDT:1790841899999:SHORT,GRASSUSDT,fresh,Fresh_2026-10-01,0,1.916145,TARGET_GE_1P00,True,True,0.772466193841076,FULL_CLOSE_050
PAPER:METUSDT:1790839499999:SHORT,METUSDT,fresh,Fresh_2026-10-01,1,1.053731,TARGET_GE_1P00,False,False,,
PAPER:JOEUSDT:1790873399999:SHORT,JOEUSDT,fresh,Fresh_2026-10-01,2,1.326978,TARGET_GE_1P00,False,False,,
PAPER:SWARMSUSDT:1790830499999:SHORT,SWARMSUSDT,fresh,Fresh_2026-10-01,0,1.538813,TARGET_GE_1P00,True,True,1.6706224752804157,FULL_CLOSE_050
PAPER:IOSTUSDT:1790914199999:SHORT,IOSTUSDT,fresh,Fresh_2026-10-02,3,0.10542,BAD_A_LT_0P30,False,True,-5.177828027372148,HIST_TIME_FALLBACK
PAPER:VELVETUSDT:1790923499999:SHORT,VELVETUSDT,fresh,Fresh_2026-10-02,0,0.61324,GRAY_0P50_1P00,False,True,-0.1375679762575337,BE0.10
PAPER:TAUSDT:1790890499999:SHORT,TAUSDT,fresh,Fresh_2026-10-01,0,1.196682,TARGET_GE_1P00,False,True,1.7794565519648466,FULL_CLOSE_050
PAPER:LYNUSDT:1790964599999:SHORT,LYNUSDT,fresh,Fresh_2026-10-02,0,1.999402,TARGET_GE_1P00,False,True,-0.1575135692220747,BE0.10
PAPER:BRUSDT:1790894099999:SHORT,BRUSDT,fresh,Fresh_2026-10-01,3,0.979891,GRAY_0P50_1P00,False,True,1.8213436222662922,FULL_CLOSE_050
PAPER:TAKEUSDT:1790931899999:SHORT,TAKEUSDT,fresh,Fresh_2026-10-02,0,0.324595,BAD_B_0P30_0P50,False,True,-3.0197515472087013,HIST_TIME_FALLBACK
PAPER:MEWUSDT:1791016199999:SHORT,MEWUSDT,fresh,Fresh_2026-10-03,3,0.407017,BAD_B_0P30_0P50,False,True,-2.410444384676181,HIST_TIME_FALLBACK
PAPER:ARBUSDT:1790968199999:SHORT,ARBUSDT,fresh,Fresh_2026-10-02,3,1.369163,TARGET_GE_1P00,True,True,1.2321684436162297,FULL_CLOSE_050
PAPER:CLOUSDT:1790871599999:SHORT,CLOUSDT,fresh,Fresh_2026-10-01,2,0.137041,BAD_A_LT_0P30,False,True,-2.957027997023489,HIST_TIME_FALLBACK
PAPER:NOMUSDT:1791063299999:SHORT,NOMUSDT,fresh,Fresh_2026-10-03,1,0.520645,GRAY_0P50_1P00,False,True,-2.82812947541569,HIST_TIME_FALLBACK
PAPER:COTIUSDT:1790938799999:SHORT,COTIUSDT,fresh,Fresh_2026-10-02,2,0.79884,GRAY_0P50_1P00,False,True,-0.01902062103770885,BE0.10
PAPER:AGLDUSDT:1791015899999:SHORT,AGLDUSDT,fresh,Fresh_2026-10-03,1,0.966572,GRAY_0P50_1P00,False,True,-0.006598727851094499,BE0.10
PAPER:AZTECUSDT:1790936399999:SHORT,AZTECUSDT,fresh,Fresh_2026-10-02,3,0.432831,BAD_B_0P30_0P50,False,True,-0.09838880708647002,BE0.10
PAPER:VTHOUSDT:1790965499999:SHORT,VTHOUSDT,fresh,Fresh_2026-10-02,2,3.28079,TARGET_GE_1P00,True,True,0.9123460166062667,FULL_CLOSE_050
PAPER:WUSDT:1790966099999:SHORT,WUSDT,fresh,Fresh_2026-10-02,2,1.116672,TARGET_GE_1P00,True,False,,
PAPER:PONSUSDT:1790995499999:SHORT,PONSUSDT,fresh,Fresh_2026-10-03,1,1.184487,TARGET_GE_1P00,True,True,-0.9501900380075758,BE0.10
PAPER:BTWUSDT:1790987099999:SHORT,BTWUSDT,fresh,Fresh_2026-10-03,0,0.565862,GRAY_0P50_1P00,False,True,-0.7274977313249941,HIST_TIME_FALLBACK
PAPER:STARUSDT:1790836499999:SHORT,STARUSDT,fresh,Fresh_2026-10-01,3,0.39849,BAD_B_0P30_0P50,False,True,-0.25145303348783643,BE0.10
PAPER:RIVERUSDT:1790882699999:SHORT,RIVERUSDT,fresh,Fresh_2026-10-01,0,0.986065,GRAY_0P50_1P00,False,True,1.147778067767912,FULL_CLOSE_050
PAPER:1000XECUSDT:1790879399999:SHORT,1000XECUSDT,fresh,Fresh_2026-10-01,3,0.066884,BAD_A_LT_0P30,False,True,-3.122556020813501,HIST_TIME_FALLBACK
PAPER:OPUSDT:1790839499999:SHORT,OPUSDT,fresh,Fresh_2026-10-01,2,0.584019,GRAY_0P50_1P00,False,True,-3.4045629053432203,HIST_TIME_FALLBACK
PAPER:ARUSDT:1791001199999:SHORT,ARUSDT,fresh,Fresh_2026-10-03,2,0.863894,GRAY_0P50_1P00,False,True,0.9163219733204049,FULL_CLOSE_050
PAPER:ROSEUSDT:1790834099999:SHORT,ROSEUSDT,fresh,Fresh_2026-10-01,0,0.292489,BAD_A_LT_0P30,False,True,-2.681704308391275,HIST_TIME_FALLBACK
PAPER:HEIUSDT:1790848199999:SHORT,HEIUSDT,fresh,Fresh_2026-10-01,0,0.377799,BAD_B_0P30_0P50,False,True,-13.547810194624825,HIST_TIME_FALLBACK
PAPER:PUMPBTCUSDT:1790871899999:SHORT,PUMPBTCUSDT,fresh,Fresh_2026-10-01,2,1.202734,TARGET_GE_1P00,True,False,,
PAPER:REZUSDT:1790829899999:SHORT,REZUSDT,fresh,Fresh_2026-10-01,1,0.709765,GRAY_0P50_1P00,False,True,-1.7841345445265666,HIST_TIME_FALLBACK
PAPER:AVAAIUSDT:1790882699999:SHORT,AVAAIUSDT,fresh,Fresh_2026-10-01,3,0.337466,BAD_B_0P30_0P50,False,True,-4.075582729135412,HIST_TIME_FALLBACK
PAPER:SQDUSDT:1790927399999:SHORT,SQDUSDT,fresh,Fresh_2026-10-02,3,0.149867,BAD_A_LT_0P30,False,False,,
PAPER:COTIUSDT:1790936399999:SHORT,COTIUSDT,fresh,Fresh_2026-10-02,0,0.135339,BAD_A_LT_0P30,False,True,-2.505100617723195,HIST_TIME_FALLBACK
PAPER:FFUSDT:1790953499999:SHORT,FFUSDT,fresh,Fresh_2026-10-02,0,0.298038,BAD_A_LT_0P30,False,True,-0.08979954292673226,BE0.10
PAPER:JCTUSDT:1790863799999:SHORT,JCTUSDT,fresh,Fresh_2026-10-01,1,1.158088,TARGET_GE_1P00,True,False,,
PAPER:ETCUSDT:1790966399999:SHORT,ETCUSDT,fresh,Fresh_2026-10-02,2,0.716555,GRAY_0P50_1P00,False,False,,
PAPER:SPORTFUNUSDT:1790979599999:SHORT,SPORTFUNUSDT,fresh,Fresh_2026-10-02,2,0.559486,GRAY_0P50_1P00,False,True,-1.531240751922931,HIST_TIME_FALLBACK
PAPER:NILUSDT:1790903699999:SHORT,NILUSDT,fresh,Fresh_2026-10-02,3,0.671269,GRAY_0P50_1P00,False,False,,
PAPER:NAORISUSDT:1790922599999:SHORT,NAORISUSDT,fresh,Fresh_2026-10-02,2,0.673977,GRAY_0P50_1P00,False,False,,NO_EXECUTABLE_ENTRY
PAPER:ARXUSDT:1790960699999:SHORT,ARXUSDT,fresh,Fresh_2026-10-02,1,2.209159,TARGET_GE_1P00,True,True,4.378987829504217,FULL_CLOSE_050
PAPER:USUALUSDT:1790926499999:SHORT,USUALUSDT,fresh,Fresh_2026-10-02,1,0.753581,GRAY_0P50_1P00,False,True,-2.51032555998081,HIST_TIME_FALLBACK
PAPER:HUMAUSDT:1790840099999:SHORT,HUMAUSDT,fresh,Fresh_2026-10-01,0,1.116696,TARGET_GE_1P00,True,True,2.1978805904836394,FULL_CLOSE_050
PAPER:CTKUSDT:1790966699999:SHORT,CTKUSDT,fresh,Fresh_2026-10-02,3,0.956595,GRAY_0P50_1P00,False,True,-0.13225672095204227,BE0.10
PAPER:BSVUSDT:1790923199999:SHORT,BSVUSDT,fresh,Fresh_2026-10-02,3,0.228308,BAD_A_LT_0P30,False,True,-3.6882940113631597,HIST_TIME_FALLBACK
PAPER:HANAUSDT:1791018899999:SHORT,HANAUSDT,fresh,Fresh_2026-10-03,2,1.345457,TARGET_GE_1P00,False,False,,
PAPER:ONDOUSDT:1790966099999:SHORT,ONDOUSDT,fresh,Fresh_2026-10-02,2,0.228236,BAD_A_LT_0P30,False,False,,
PAPER:OPENUSDT:1790964299999:SHORT,OPENUSDT,fresh,Fresh_2026-10-02,2,6.464893,TARGET_GE_1P00,True,True,2.1090930179925236,FULL_CLOSE_050
PAPER:BRUSDT:1790897099999:SHORT,BRUSDT,fresh,Fresh_2026-10-01,1,1.228759,TARGET_GE_1P00,False,False,,
PAPER:NEIROUSDT:1790859899999:SHORT,NEIROUSDT,fresh,Fresh_2026-10-01,0,0.728665,GRAY_0P50_1P00,False,True,1.1189957547984062,FULL_CLOSE_050
PAPER:STRKUSDT:1790968799999:SHORT,STRKUSDT,fresh,Fresh_2026-10-02,3,0.834242,GRAY_0P50_1P00,False,True,-1.0720437843654271,HIST_TIME_FALLBACK
PAPER:NILUSDT:1790842199999:SHORT,NILUSDT,fresh,Fresh_2026-10-01,2,1.883,TARGET_GE_1P00,False,False,,NO_EXECUTABLE_ENTRY
PAPER:ILVUSDT:1790965499999:SHORT,ILVUSDT,fresh,Fresh_2026-10-02,3,1.212637,TARGET_GE_1P00,True,False,,
PAPER:TWTUSDT:1790849099999:SHORT,TWTUSDT,fresh,Fresh_2026-10-01,2,0.618275,GRAY_0P50_1P00,False,False,,
PAPER:INITUSDT:1790991299999:SHORT,INITUSDT,fresh,Fresh_2026-10-03,2,0.308546,BAD_B_0P30_0P50,False,True,-2.646575883942646,HIST_TIME_FALLBACK
PAPER:MIRAUSDT:1791016199999:SHORT,MIRAUSDT,fresh,Fresh_2026-10-03,0,0.761253,GRAY_0P50_1P00,False,True,1.9107845668962566,FULL_CLOSE_050
PAPER:MELANIAUSDT:1791036599999:SHORT,MELANIAUSDT,fresh,Fresh_2026-10-03,3,0.114393,BAD_A_LT_0P30,False,True,-3.257431167431875,HIST_TIME_FALLBACK
PAPER:LABUSDT:1791054899999:SHORT,LABUSDT,fresh,Fresh_2026-10-03,1,6.755483,TARGET_GE_1P00,True,True,1.2673040627000618,FULL_CLOSE_050
PAPER:TRUTHUSDT:1791031799999:SHORT,TRUTHUSDT,fresh,Fresh_2026-10-03,3,0.11216,BAD_A_LT_0P30,False,True,-0.15060469382574337,BE0.10
PAPER:UAIUSDT:1791014699999:SHORT,UAIUSDT,fresh,Fresh_2026-10-03,1,1.78091,TARGET_GE_1P00,True,True,1.1348159600681993,FULL_CLOSE_050
PAPER:STXUSDT:1790880599999:SHORT,STXUSDT,fresh,Fresh_2026-10-01,2,0.216761,BAD_A_LT_0P30,False,True,-1.6091884451139509,HIST_TIME_FALLBACK
PAPER:NOMUSDT:1790903399999:SHORT,NOMUSDT,fresh,Fresh_2026-10-02,0,0.310459,BAD_B_0P30_0P50,False,True,-0.215131021799066,BE0.10
PAPER:ATUSDT:1791041099999:SHORT,ATUSDT,fresh,Fresh_2026-10-03,0,1.932338,TARGET_GE_1P00,False,True,3.183689159003061,FULL_CLOSE_050
PAPER:GRASSUSDT:1790888999999:SHORT,GRASSUSDT,fresh,Fresh_2026-10-01,1,1.02635,TARGET_GE_1P00,True,True,-0.012107657945023498,BE0.10
PAPER:VELODROMEUSDT:1790838899999:SHORT,VELODROMEUSDT,fresh,Fresh_2026-10-01,0,1.572493,TARGET_GE_1P00,True,True,5.341956205486936,RUNNER_CLOSE
PAPER:NILUSDT:1790942699999:SHORT,NILUSDT,fresh,Fresh_2026-10-02,2,0.165539,BAD_A_LT_0P30,False,True,-0.8266064828815396,HIST_TIME_FALLBACK
PAPER:STRKUSDT:1790842199999:SHORT,STRKUSDT,fresh,Fresh_2026-10-01,2,0.803018,GRAY_0P50_1P00,False,True,-0.14540677428081095,BE0.10
PAPER:1000CHEEMSUSDT:1790966699999:SHORT,1000CHEEMSUSDT,fresh,Fresh_2026-10-02,2,0.539414,GRAY_0P50_1P00,False,False,,
PAPER:TAOUSDT:1790965799999:SHORT,TAOUSDT,fresh,Fresh_2026-10-02,1,5.430933,TARGET_GE_1P00,True,True,2.1839407285295747,FULL_CLOSE_050
PAPER:CFGUSDT:1790966399999:SHORT,CFGUSDT,fresh,Fresh_2026-10-02,0,0.542301,GRAY_0P50_1P00,False,True,-4.116161022084911,HIST_TIME_FALLBACK
PAPER:EDENUSDT:1790965799999:SHORT,EDENUSDT,fresh,Fresh_2026-10-02,1,3.166866,TARGET_GE_1P00,True,True,1.6146700305047748,FULL_CLOSE_050
PAPER:POWERUSDT:1790890799999:SHORT,POWERUSDT,fresh,Fresh_2026-10-01,0,0.141239,BAD_A_LT_0P30,False,True,-2.750373633134391,HIST_TIME_FALLBACK
PAPER:FHEUSDT:1791005699999:SHORT,FHEUSDT,fresh,Fresh_2026-10-03,0,0.716453,GRAY_0P50_1P00,False,True,-0.25910602046775105,BE0.10
PAPER:MYXUSDT:1790966399999:SHORT,MYXUSDT,fresh,Fresh_2026-10-02,0,1.606933,TARGET_GE_1P00,False,True,-6.085046911199443,HIST_TIME_FALLBACK
PAPER:ROBOUSDT:1790965499999:SHORT,ROBOUSDT,fresh,Fresh_2026-10-02,2,8.52674,TARGET_GE_1P00,True,True,13.584513505488648,RUNNER_CLOSE
PAPER:CROSSUSDT:1791017099999:SHORT,CROSSUSDT,fresh,Fresh_2026-10-03,2,0.639843,GRAY_0P50_1P00,False,False,,
PAPER:MOVEUSDT:1790960699999:SHORT,MOVEUSDT,fresh,Fresh_2026-10-02,2,1.037353,TARGET_GE_1P00,True,True,-0.04598999579138496,BE0.10
PAPER:ZKPUSDT:1790842499999:SHORT,ZKPUSDT,fresh,Fresh_2026-10-01,1,0.165256,BAD_A_LT_0P30,False,True,-0.1265369075460105,BE0.10
PAPER:ZETAUSDT:1790985899999:SHORT,ZETAUSDT,fresh,Fresh_2026-10-03,0,0.310436,BAD_B_0P30_0P50,False,True,-0.019945001802336493,BE0.10
PAPER:POWERUSDT:1791033599999:SHORT,POWERUSDT,fresh,Fresh_2026-10-03,1,0.168691,BAD_A_LT_0P30,False,True,-0.1246449018865804,BE0.10
PAPER:COMPUSDT:1790863499999:SHORT,COMPUSDT,fresh,Fresh_2026-10-01,0,0.273925,BAD_A_LT_0P30,False,True,-3.4719794084760855,HIST_TIME_FALLBACK
PAPER:SYNUSDT:1790885099999:SHORT,SYNUSDT,fresh,Fresh_2026-10-01,0,1.179788,TARGET_GE_1P00,True,True,-1.1636890794484025,HIST_TIME_FALLBACK
PAPER:HYPEUSDT:1790951699999:SHORT,HYPEUSDT,fresh,Fresh_2026-10-02,3,0.536751,GRAY_0P50_1P00,False,True,1.0933603718340255,FULL_CLOSE_050
PAPER:SLPUSDT:1790936099999:SHORT,SLPUSDT,fresh,Fresh_2026-10-02,0,2.838109,TARGET_GE_1P00,True,True,1.3524279256465195,FULL_CLOSE_050
PAPER:PLAYUSDT:1790882999999:SHORT,PLAYUSDT,fresh,Fresh_2026-10-01,3,0.205993,BAD_A_LT_0P30,False,True,-1.4339933788948558,HIST_TIME_FALLBACK
PAPER:PONSUSDT:1790976599999:SHORT,PONSUSDT,fresh,Fresh_2026-10-02,2,1.571123,TARGET_GE_1P00,True,True,-5.102012954709281,HIST_TIME_FALLBACK
PAPER:CHILLGUYUSDT:1790864099999:SHORT,CHILLGUYUSDT,fresh,Fresh_2026-10-01,1,0.220187,BAD_A_LT_0P30,False,True,-3.278627234866254,HIST_TIME_FALLBACK
PAPER:AUCTIONUSDT:1790866199999:SHORT,AUCTIONUSDT,fresh,Fresh_2026-10-01,1,0.533051,GRAY_0P50_1P00,False,False,,
PAPER:SPKUSDT:1791003899999:SHORT,SPKUSDT,fresh,Fresh_2026-10-03,1,0.177977,BAD_A_LT_0P30,False,True,-1.7409881265352445,HIST_TIME_FALLBACK
PAPER:ARXUSDT:1790882999999:SHORT,ARXUSDT,fresh,Fresh_2026-10-01,0,0.051618,BAD_A_LT_0P30,False,True,-1.4878647856317206,HIST_TIME_FALLBACK
PAPER:MUSDT:1791058199999:SHORT,MUSDT,fresh,Fresh_2026-10-03,0,0.106076,BAD_A_LT_0P30,False,True,-3.231488780544721,HIST_TIME_FALLBACK
PAPER:ENAUSDT:1790979299999:SHORT,ENAUSDT,fresh,Fresh_2026-10-02,1,0.842538,GRAY_0P50_1P00,False,True,-0.02836086356128542,BE0.10
PAPER:哈基米USDT:1790962799999:SHORT,哈基米USDT,fresh,Fresh_2026-10-02,2,1.656669,TARGET_GE_1P00,True,False,,
PAPER:KMNOUSDT:1790848799999:SHORT,KMNOUSDT,fresh,Fresh_2026-10-01,1,1.252335,TARGET_GE_1P00,True,True,-0.11847241867074537,BE0.10
PAPER:WLDUSDT:1791012599999:SHORT,WLDUSDT,fresh,Fresh_2026-10-03,2,1.006304,TARGET_GE_1P00,True,True,-1.6752672642078732,HIST_TIME_FALLBACK
PAPER:哈基米USDT:1791001499999:SHORT,哈基米USDT,fresh,Fresh_2026-10-03,2,0.634577,GRAY_0P50_1P00,False,True,-0.1293058300081783,BE0.10
PAPER:MAGICUSDT:1790990699999:SHORT,MAGICUSDT,fresh,Fresh_2026-10-03,2,0.549075,GRAY_0P50_1P00,False,True,1.5449423977268113,FULL_CLOSE_050
PAPER:FLOCKUSDT:1790882999999:SHORT,FLOCKUSDT,fresh,Fresh_2026-10-01,0,1.481022,TARGET_GE_1P00,True,True,4.057985172958385,FULL_CLOSE_050
PAPER:USUSDT:1790957999999:SHORT,USUSDT,fresh,Fresh_2026-10-02,1,1.510161,TARGET_GE_1P00,True,True,-0.16374040715446286,BE0.10
PAPER:MOVRUSDT:1791008699999:SHORT,MOVRUSDT,fresh,Fresh_2026-10-03,2,1.676588,TARGET_GE_1P00,False,False,,
PAPER:XANUSDT:1790961899999:SHORT,XANUSDT,fresh,Fresh_2026-10-02,0,4.047213,TARGET_GE_1P00,False,True,1.8617943446994034,FULL_CLOSE_050
PAPER:LISTAUSDT:1790946599999:SHORT,LISTAUSDT,fresh,Fresh_2026-10-02,1,0.619905,GRAY_0P50_1P00,False,True,-1.2358738583694429,HIST_TIME_FALLBACK
PAPER:BERAUSDT:1790839499999:SHORT,BERAUSDT,fresh,Fresh_2026-10-01,2,0.267056,BAD_A_LT_0P30,False,True,-3.622665385233037,HIST_TIME_FALLBACK
PAPER:LPTUSDT:1790997599999:SHORT,LPTUSDT,fresh,Fresh_2026-10-03,2,0.812109,GRAY_0P50_1P00,False,False,,
PAPER:PROMPTUSDT:1790903399999:SHORT,PROMPTUSDT,fresh,Fresh_2026-10-02,3,0.535943,GRAY_0P50_1P00,False,True,-1.9660706875012948,HIST_TIME_FALLBACK
PAPER:JUPUSDT:1790966399999:SHORT,JUPUSDT,fresh,Fresh_2026-10-02,2,1.182316,TARGET_GE_1P00,True,False,,
PAPER:JTOUSDT:1790842199999:SHORT,JTOUSDT,fresh,Fresh_2026-10-01,2,0.373923,BAD_B_0P30_0P50,False,True,-4.33372493124235,HIST_TIME_FALLBACK
PAPER:FETUSDT:1790919599999:SHORT,FETUSDT,fresh,Fresh_2026-10-02,0,0.192533,BAD_A_LT_0P30,False,True,-2.864842273597039,HIST_TIME_FALLBACK
PAPER:DATAIPUSDT:1790897699999:SHORT,DATAIPUSDT,fresh,Fresh_2026-10-01,2,1.971135,TARGET_GE_1P00,True,True,1.8320713239452235,FULL_CLOSE_050
PAPER:CCUSDT:1790919299999:SHORT,CCUSDT,fresh,Fresh_2026-10-02,0,0.69603,GRAY_0P50_1P00,False,True,1.0499439103670498,FULL_CLOSE_050
PAPER:LITUSDT:1790861099999:SHORT,LITUSDT,fresh,Fresh_2026-10-01,0,0.412467,BAD_B_0P30_0P50,False,True,-0.004070138652935373,BE0.10
PAPER:EDUUSDT:1790965799999:SHORT,EDUUSDT,fresh,Fresh_2026-10-02,3,4.961307,TARGET_GE_1P00,True,True,11.519654553686552,RUNNER_CLOSE
PAPER:DOODUSDT:1790966399999:SHORT,DOODUSDT,fresh,Fresh_2026-10-02,2,0.800793,GRAY_0P50_1P00,False,False,,
PAPER:TRIAUSDT:1790903399999:SHORT,TRIAUSDT,fresh,Fresh_2026-10-02,3,0.942884,GRAY_0P50_1P00,False,True,2.420686662585104,FULL_CLOSE_050
PAPER:ARKUSDT:1790991299999:SHORT,ARKUSDT,fresh,Fresh_2026-10-03,0,1.24116,TARGET_GE_1P00,True,True,2.9340015432766298,FULL_CLOSE_050
PAPER:USELESSUSDT:1791001199999:SHORT,USELESSUSDT,fresh,Fresh_2026-10-03,2,1.254338,TARGET_GE_1P00,True,True,1.4376163836711018,FULL_CLOSE_050
PAPER:APRUSDT:1790852999999:SHORT,APRUSDT,fresh,Fresh_2026-10-01,2,0.566624,GRAY_0P50_1P00,False,False,,
PAPER:HUMAUSDT:1790855099999:SHORT,HUMAUSDT,fresh,Fresh_2026-10-01,0,3.169341,TARGET_GE_1P00,True,True,1.5340909942761574,FULL_CLOSE_050
PAPER:币安人生USDT:1790965499999:SHORT,币安人生USDT,fresh,Fresh_2026-10-02,1,2.389625,TARGET_GE_1P00,True,True,7.966689882816838,RUNNER_CLOSE
PAPER:ZENUSDT:1790965199999:SHORT,ZENUSDT,fresh,Fresh_2026-10-02,3,5.182766,TARGET_GE_1P00,True,True,0.9998215232427969,FULL_CLOSE_050
PAPER:BRUSDT:1791032999999:SHORT,BRUSDT,fresh,Fresh_2026-10-03,3,0.612402,GRAY_0P50_1P00,False,False,,
PAPER:ZKUSDT:1790924699999:SHORT,ZKUSDT,fresh,Fresh_2026-10-02,2,0.621537,GRAY_0P50_1P00,False,False,,
PAPER:ONUSDT:1791040499999:SHORT,ONUSDT,fresh,Fresh_2026-10-03,2,3.072402,TARGET_GE_1P00,True,True,0.991905752634519,FULL_CLOSE_050
PAPER:NEOUSDT:1790873699999:SHORT,NEOUSDT,fresh,Fresh_2026-10-01,2,0.259716,BAD_A_LT_0P30,False,True,-0.14990995801085288,BE0.10
PAPER:AEROUSDT:1790961299999:SHORT,AEROUSDT,fresh,Fresh_2026-10-02,1,0.212481,BAD_A_LT_0P30,False,True,-0.1108404352094638,BE0.10
PAPER:ARKUSDT:1790924699999:SHORT,ARKUSDT,fresh,Fresh_2026-10-02,2,2.178238,TARGET_GE_1P00,True,True,1.1173531975785365,FULL_CLOSE_050
PAPER:MITOUSDT:1790864099999:SHORT,MITOUSDT,fresh,Fresh_2026-10-01,2,0.368927,BAD_B_0P30_0P50,False,True,-3.5438438724014416,HIST_TIME_FALLBACK
PAPER:VIRTUALUSDT:1790966099999:SHORT,VIRTUALUSDT,fresh,Fresh_2026-10-02,2,0.0,BAD_A_LT_0P30,False,False,,
PAPER:KMNOUSDT:1790847899999:SHORT,KMNOUSDT,fresh,Fresh_2026-10-01,3,0.58169,GRAY_0P50_1P00,False,False,,
PAPER:PUMPBTCUSDT:1790872199999:SHORT,PUMPBTCUSDT,fresh,Fresh_2026-10-01,0,0.596642,GRAY_0P50_1P00,False,True,-1.5674220849102916,HIST_TIME_FALLBACK
PAPER:JASMYUSDT:1790996099999:SHORT,JASMYUSDT,fresh,Fresh_2026-10-03,3,0.439242,BAD_B_0P30_0P50,False,True,-0.08762509250839112,BE0.10
PAPER:LDOUSDT:1791031199999:SHORT,LDOUSDT,fresh,Fresh_2026-10-03,0,0.418873,BAD_B_0P30_0P50,False,True,-0.07160260485622721,BE0.10
PAPER:STABLEUSDT:1790874899999:SHORT,STABLEUSDT,fresh,Fresh_2026-10-01,1,0.407128,BAD_B_0P30_0P50,False,True,-8.280041034992687,HIST_TIME_FALLBACK
PAPER:BRUSDT:1790986199999:SHORT,BRUSDT,fresh,Fresh_2026-10-03,0,0.204198,BAD_A_LT_0P30,False,True,-0.17396148729083744,BE0.10
PAPER:TRADOORUSDT:1791033899999:SHORT,TRADOORUSDT,fresh,Fresh_2026-10-03,3,0.457384,BAD_B_0P30_0P50,False,True,-5.869136992138272,HIST_TIME_FALLBACK
PAPER:SKYUSDT:1790867399999:SHORT,SKYUSDT,fresh,Fresh_2026-10-01,2,0.42374,BAD_B_0P30_0P50,False,True,-4.884232601368719,HIST_TIME_FALLBACK
PAPER:WAXPUSDT:1790968499999:SHORT,WAXPUSDT,fresh,Fresh_2026-10-02,2,0.607636,GRAY_0P50_1P00,False,True,-2.650073445316445,HIST_TIME_FALLBACK
PAPER:ZROUSDT:1791044699999:SHORT,ZROUSDT,fresh,Fresh_2026-10-03,0,0.653515,GRAY_0P50_1P00,False,True,-0.16285132671650498,BE0.10
PAPER:ARXUSDT:1790923199999:SHORT,ARXUSDT,fresh,Fresh_2026-10-02,2,0.406218,BAD_B_0P30_0P50,False,True,-0.06012035444067315,BE0.10
PAPER:PENGUUSDT:1790839199999:SHORT,PENGUUSDT,fresh,Fresh_2026-10-01,1,1.337454,TARGET_GE_1P00,True,True,2.090470541858818,FULL_CLOSE_050
PAPER:KAITOUSDT:1790859899999:SHORT,KAITOUSDT,fresh,Fresh_2026-10-01,2,0.664046,GRAY_0P50_1P00,False,True,-0.055506945893124715,BE0.10
PAPER:SPACEUSDT:1790891099999:SHORT,SPACEUSDT,fresh,Fresh_2026-10-01,2,0.074479,BAD_A_LT_0P30,False,True,-2.650256721155524,HIST_TIME_FALLBACK
PAPER:OUSDT:1790971799999:SHORT,OUSDT,fresh,Fresh_2026-10-02,2,0.058644,BAD_A_LT_0P30,False,True,-0.3605843960311649,BE0.10
PAPER:KOMAUSDT:1790992499999:SHORT,KOMAUSDT,fresh,Fresh_2026-10-03,2,0.517874,GRAY_0P50_1P00,False,True,-1.1280503664307835,HIST_TIME_FALLBACK
PAPER:BTWUSDT:1791052199999:SHORT,BTWUSDT,fresh,Fresh_2026-10-03,2,0.239204,BAD_A_LT_0P30,False,True,-3.480765530753359,HIST_TIME_FALLBACK
PAPER:RIVERUSDT:1791034799999:SHORT,RIVERUSDT,fresh,Fresh_2026-10-03,0,1.339656,TARGET_GE_1P00,True,True,1.1762976002167467,FULL_CLOSE_050
PAPER:1000PEPEUSDT:1790839499999:SHORT,1000PEPEUSDT,fresh,Fresh_2026-10-01,1,0.318803,BAD_B_0P30_0P50,False,True,-1.9153840345033457,HIST_TIME_FALLBACK
PAPER:ERAUSDT:1790860199999:SHORT,ERAUSDT,fresh,Fresh_2026-10-01,2,0.505685,GRAY_0P50_1P00,False,False,,
PAPER:XPINUSDT:1790860199999:SHORT,XPINUSDT,fresh,Fresh_2026-10-01,1,0.42902,BAD_B_0P30_0P50,False,True,-0.38900708953446006,BE0.10
PAPER:BLUAIUSDT:1790885399999:SHORT,BLUAIUSDT,fresh,Fresh_2026-10-01,3,1.084098,TARGET_GE_1P00,True,False,,
PAPER:CHRUSDT:1790945099999:SHORT,CHRUSDT,fresh,Fresh_2026-10-02,3,0.715437,GRAY_0P50_1P00,False,False,,
PAPER:牛来USDT:1790951999999:SHORT,牛来USDT,fresh,Fresh_2026-10-02,2,0.892344,GRAY_0P50_1P00,False,True,1.618442915799946,FULL_CLOSE_050
PAPER:BIOUSDT:1790864099999:SHORT,BIOUSDT,fresh,Fresh_2026-10-01,0,0.248506,BAD_A_LT_0P30,False,True,-0.11029877955449291,BE0.10
PAPER:龙虾USDT:1791041099999:SHORT,龙虾USDT,fresh,Fresh_2026-10-03,0,0.916391,GRAY_0P50_1P00,False,True,0.9025811857341735,FULL_CLOSE_050
PAPER:SOONUSDT:1790869199999:SHORT,SOONUSDT,fresh,Fresh_2026-10-01,0,1.036884,TARGET_GE_1P00,False,True,-1.5512649539993615,HIST_TIME_FALLBACK
PAPER:PHAUSDT:1790861999999:SHORT,PHAUSDT,fresh,Fresh_2026-10-01,2,1.66044,TARGET_GE_1P00,True,True,1.8326686455935544,FULL_CLOSE_050
PAPER:LSKUSDT:1790917499999:SHORT,LSKUSDT,fresh,Fresh_2026-10-02,2,0.527626,GRAY_0P50_1P00,False,True,-2.768637137163076,HIST_TIME_FALLBACK
PAPER:PENGUUSDT:1790864099999:SHORT,PENGUUSDT,fresh,Fresh_2026-10-01,1,0.72729,GRAY_0P50_1P00,False,False,,
PAPER:PENDLEUSDT:1790849999999:SHORT,PENDLEUSDT,fresh,Fresh_2026-10-01,2,1.533359,TARGET_GE_1P00,True,True,2.74501104965327,FULL_CLOSE_050
PAPER:PROMPTUSDT:1790867699999:SHORT,PROMPTUSDT,fresh,Fresh_2026-10-01,0,1.56318,TARGET_GE_1P00,False,True,-0.2510626776193837,BE0.10
PAPER:GRAMUSDT:1790880599999:SHORT,GRAMUSDT,fresh,Fresh_2026-10-01,0,0.434043,BAD_B_0P30_0P50,False,True,-0.3009355762202893,BE0.10
PAPER:SOONUSDT:1790924999999:SHORT,SOONUSDT,fresh,Fresh_2026-10-02,0,0.129503,BAD_A_LT_0P30,False,True,-5.314946303909512,HIST_TIME_FALLBACK
PAPER:ELSAUSDT:1790968199999:SHORT,ELSAUSDT,fresh,Fresh_2026-10-02,3,2.27293,TARGET_GE_1P00,True,True,5.349849370207195,RUNNER_CLOSE
PAPER:XPLUSDT:1790965199999:SHORT,XPLUSDT,fresh,Fresh_2026-10-02,2,0.297553,BAD_A_LT_0P30,False,True,-1.3211827675222412,HIST_TIME_FALLBACK
PAPER:PHAUSDT:1790975399999:SHORT,PHAUSDT,fresh,Fresh_2026-10-02,1,5.147994,TARGET_GE_1P00,True,True,5.18633777375308,RUNNER_CLOSE
PAPER:GRASSUSDT:1790859899999:SHORT,GRASSUSDT,fresh,Fresh_2026-10-01,3,0.591329,GRAY_0P50_1P00,False,True,-2.0742361234222306,HIST_TIME_FALLBACK
PAPER:TAUSDT:1790890799999:SHORT,TAUSDT,fresh,Fresh_2026-10-01,0,1.747283,TARGET_GE_1P00,True,True,2.94574644314652,FULL_CLOSE_050
PAPER:BRUSDT:1791032399999:SHORT,BRUSDT,fresh,Fresh_2026-10-03,2,0.887684,GRAY_0P50_1P00,False,False,,
PAPER:ILVUSDT:1790965799999:SHORT,ILVUSDT,fresh,Fresh_2026-10-02,1,0.738298,GRAY_0P50_1P00,False,False,,
PAPER:XPLUSDT:1790976599999:SHORT,XPLUSDT,fresh,Fresh_2026-10-02,1,0.245477,BAD_A_LT_0P30,False,True,-0.06529300556826434,BE0.10
PAPER:MONUSDT:1791000299999:SHORT,MONUSDT,fresh,Fresh_2026-10-03,1,0.769544,GRAY_0P50_1P00,False,True,-0.00033199239466602526,BE0.10
PAPER:DATAIPUSDT:1790982899999:SHORT,DATAIPUSDT,fresh,Fresh_2026-10-02,1,0.821286,GRAY_0P50_1P00,False,True,1.1579881137669492,FULL_CLOSE_050
PAPER:TNSRUSDT:1791012899999:SHORT,TNSRUSDT,fresh,Fresh_2026-10-03,1,1.622153,TARGET_GE_1P00,True,True,1.3309120938112318,FULL_CLOSE_050
PAPER:EPICUSDT:1790990699999:SHORT,EPICUSDT,fresh,Fresh_2026-10-03,3,1.393841,TARGET_GE_1P00,False,True,0.2940695165801051,FULL_CLOSE_050
PAPER:ALLOUSDT:1790929499999:SHORT,ALLOUSDT,fresh,Fresh_2026-10-02,2,1.877445,TARGET_GE_1P00,True,True,4.404947391172128,FULL_CLOSE_050
PAPER:AWEUSDT:1790860799999:SHORT,AWEUSDT,fresh,Fresh_2026-10-01,0,0.31298,BAD_B_0P30_0P50,False,True,-0.04750208260544464,BE0.10
PAPER:PUMPBTCUSDT:1790931899999:SHORT,PUMPBTCUSDT,fresh,Fresh_2026-10-02,0,1.244471,TARGET_GE_1P00,True,True,1.5811636410721557,FULL_CLOSE_050
PAPER:JASMYUSDT:1790950199999:SHORT,JASMYUSDT,fresh,Fresh_2026-10-02,2,0.543848,GRAY_0P50_1P00,False,True,-3.1420901585900505,HIST_TIME_FALLBACK
PAPER:COMPUSDT:1790913899999:SHORT,COMPUSDT,fresh,Fresh_2026-10-02,0,0.393815,BAD_B_0P30_0P50,False,True,-0.12176605780390604,BE0.10
PAPER:GENIUSUSDT:1790864099999:SHORT,GENIUSUSDT,fresh,Fresh_2026-10-01,0,0.170995,BAD_A_LT_0P30,False,True,-3.021315903855524,HIST_TIME_FALLBACK
PAPER:ATUSDT:1791008399999:SHORT,ATUSDT,fresh,Fresh_2026-10-03,1,0.587815,GRAY_0P50_1P00,False,True,-4.685825784559835,HIST_TIME_FALLBACK
PAPER:1000000BOBUSDT:1791023099999:SHORT,1000000BOBUSDT,fresh,Fresh_2026-10-03,0,0.218707,BAD_A_LT_0P30,False,True,-0.5519599743337846,BE0.10
PAPER:DYDXUSDT:1790890199999:SHORT,DYDXUSDT,fresh,Fresh_2026-10-01,1,0.926131,GRAY_0P50_1P00,False,True,-5.350107191823761,HIST_TIME_FALLBACK
PAPER:PONSUSDT:1790859899999:SHORT,PONSUSDT,fresh,Fresh_2026-10-01,1,1.208377,TARGET_GE_1P00,True,True,1.1097901679100781,FULL_CLOSE_050
PAPER:ARXUSDT:1790939399999:SHORT,ARXUSDT,fresh,Fresh_2026-10-02,2,1.699966,TARGET_GE_1P00,True,True,1.6943581357781672,FULL_CLOSE_050
PAPER:KSMUSDT:1790965799999:SHORT,KSMUSDT,fresh,Fresh_2026-10-02,1,0.177196,BAD_A_LT_0P30,False,True,-1.5428204918805983,HIST_TIME_FALLBACK
PAPER:SPORTFUNUSDT:1791060899999:SHORT,SPORTFUNUSDT,fresh,Fresh_2026-10-03,2,0.564908,GRAY_0P50_1P00,False,False,,
PAPER:INJUSDT:1790838899999:SHORT,INJUSDT,fresh,Fresh_2026-10-01,2,1.728965,TARGET_GE_1P00,True,True,1.3547871559577351,FULL_CLOSE_050
PAPER:SEIUSDT:1790903099999:SHORT,SEIUSDT,fresh,Fresh_2026-10-02,1,0.566246,GRAY_0P50_1P00,False,True,-3.1794431469254993,HIST_TIME_FALLBACK
PAPER:CTRUSDT:1790860799999:SHORT,CTRUSDT,fresh,Fresh_2026-10-01,2,0.463146,BAD_B_0P30_0P50,False,True,-3.4552529478808056,HIST_TIME_FALLBACK
PAPER:HANAUSDT:1790882999999:SHORT,HANAUSDT,fresh,Fresh_2026-10-01,2,0.467106,BAD_B_0P30_0P50,False,True,-5.430521275125589,HIST_TIME_FALLBACK
PAPER:PUMPBTCUSDT:1790879399999:SHORT,PUMPBTCUSDT,fresh,Fresh_2026-10-01,2,0.617066,GRAY_0P50_1P00,False,True,-0.9501900380075186,HIST_TIME_FALLBACK
PAPER:MARSCOINUSDT:1790995199999:SHORT,MARSCOINUSDT,fresh,Fresh_2026-10-03,3,3.205844,TARGET_GE_1P00,True,True,4.191897956916806,FULL_CLOSE_050
PAPER:CUSDT:1790936099999:SHORT,CUSDT,fresh,Fresh_2026-10-02,0,0.235176,BAD_A_LT_0P30,False,True,-3.55762963744015,HIST_TIME_FALLBACK
PAPER:CAPUSDT:1790924699999:SHORT,CAPUSDT,fresh,Fresh_2026-10-02,3,0.274833,BAD_A_LT_0P30,False,False,,NO_EXECUTABLE_ENTRY
PAPER:COAIUSDT:1790953499999:SHORT,COAIUSDT,fresh,Fresh_2026-10-02,3,0.824971,GRAY_0P50_1P00,False,True,-5.213764211832833,HIST_TIME_FALLBACK
PAPER:SAGAUSDT:1791011999999:SHORT,SAGAUSDT,fresh,Fresh_2026-10-03,2,0.426116,BAD_B_0P30_0P50,False,True,-0.05590653637642157,BE0.10
PAPER:PORTALUSDT:1791054299999:SHORT,PORTALUSDT,fresh,Fresh_2026-10-03,3,0.599141,GRAY_0P50_1P00,False,True,-0.10271511130677669,BE0.10
PAPER:HUMAUSDT:1791011099999:SHORT,HUMAUSDT,fresh,Fresh_2026-10-03,2,3.258553,TARGET_GE_1P00,True,True,3.525016350761228,FULL_CLOSE_050
PAPER:BROCCOLIF3BUSDT:1790966699999:SHORT,BROCCOLIF3BUSDT,fresh,Fresh_2026-10-02,3,1.673182,TARGET_GE_1P00,False,True,1.259350374641172,FULL_CLOSE_050
PAPER:BLUAIUSDT:1791031199999:SHORT,BLUAIUSDT,fresh,Fresh_2026-10-03,1,0.418888,BAD_B_0P30_0P50,False,True,-7.262463431301457,HIST_TIME_FALLBACK
PAPER:DOLOUSDT:1790965799999:SHORT,DOLOUSDT,fresh,Fresh_2026-10-02,2,2.322926,TARGET_GE_1P00,True,True,5.331797155335986,RUNNER_CLOSE
PAPER:STARUSDT:1790885399999:SHORT,STARUSDT,fresh,Fresh_2026-10-01,2,1.299373,TARGET_GE_1P00,True,True,-0.09887168760280546,BE0.10
PAPER:ZKCUSDT:1790903699999:SHORT,ZKCUSDT,fresh,Fresh_2026-10-02,0,0.652984,GRAY_0P50_1P00,False,True,1.024236465622565,FULL_CLOSE_050
PAPER:HANAUSDT:1791005399999:SHORT,HANAUSDT,fresh,Fresh_2026-10-03,1,1.133439,TARGET_GE_1P00,True,True,2.75168071823078,FULL_CLOSE_050
PAPER:PENGUUSDT:1790961899999:SHORT,PENGUUSDT,fresh,Fresh_2026-10-02,0,9.40179,TARGET_GE_1P00,True,True,9.551754576237864,RUNNER_CLOSE
PAPER:EDGEUSDT:1790883299999:SHORT,EDGEUSDT,fresh,Fresh_2026-10-01,3,0.5226,GRAY_0P50_1P00,False,False,,
PAPER:FARTCOINUSDT:1790965499999:SHORT,FARTCOINUSDT,fresh,Fresh_2026-10-02,1,5.178776,TARGET_GE_1P00,True,True,1.3187060074905008,FULL_CLOSE_050
PAPER:2ZUSDT:1790866199999:SHORT,2ZUSDT,fresh,Fresh_2026-10-01,0,0.560179,GRAY_0P50_1P00,False,True,-1.9180801927655708,HIST_TIME_FALLBACK
PAPER:NMRUSDT:1790852699999:SHORT,NMRUSDT,fresh,Fresh_2026-10-01,2,1.377249,TARGET_GE_1P00,True,True,-0.0027291104907989916,BE0.10
PAPER:GRASSUSDT:1790996099999:SHORT,GRASSUSDT,fresh,Fresh_2026-10-03,2,0.305886,BAD_B_0P30_0P50,False,True,-2.1574220185220137,HIST_TIME_FALLBACK
PAPER:NILUSDT:1790848499999:SHORT,NILUSDT,fresh,Fresh_2026-10-01,1,3.463338,TARGET_GE_1P00,True,True,2.0553826829647024,FULL_CLOSE_050
PAPER:USELESSUSDT:1790942699999:SHORT,USELESSUSDT,fresh,Fresh_2026-10-02,0,0.630395,GRAY_0P50_1P00,False,True,-0.040384167345975164,BE0.10
PAPER:GRASSUSDT:1790888699999:SHORT,GRASSUSDT,fresh,Fresh_2026-10-01,1,0.503069,GRAY_0P50_1P00,False,True,-0.03092496236216241,BE0.10
PAPER:NOMUSDT:1791012299999:SHORT,NOMUSDT,fresh,Fresh_2026-10-03,2,0.646518,GRAY_0P50_1P00,False,True,-1.5774772435689564,HIST_TIME_FALLBACK
PAPER:ALCHUSDT:1790968799999:SHORT,ALCHUSDT,fresh,Fresh_2026-10-02,1,6.196042,TARGET_GE_1P00,False,False,,
PAPER:BERAUSDT:1790973899999:SHORT,BERAUSDT,fresh,Fresh_2026-10-02,3,0.024608,BAD_A_LT_0P30,False,True,-2.736363775877332,HIST_TIME_FALLBACK
PAPER:SPORTFUNUSDT:1790881199999:SHORT,SPORTFUNUSDT,fresh,Fresh_2026-10-01,1,0.483171,BAD_B_0P30_0P50,False,True,-3.4712738154793583,HIST_TIME_FALLBACK
PAPER:CCUSDT:1790950499999:SHORT,CCUSDT,fresh,Fresh_2026-10-02,2,0.28518,BAD_A_LT_0P30,False,True,-2.875942151642586,HIST_TIME_FALLBACK
PAPER:SKLUSDT:1790859899999:SHORT,SKLUSDT,fresh,Fresh_2026-10-01,3,0.800559,GRAY_0P50_1P00,False,True,0.8304242440307943,FULL_CLOSE_050
PAPER:2ZUSDT:1790890799999:SHORT,2ZUSDT,fresh,Fresh_2026-10-01,2,0.416844,BAD_B_0P30_0P50,False,True,-14.281816770139868,HIST_TIME_FALLBACK
PAPER:TRIAUSDT:1790961899999:SHORT,TRIAUSDT,fresh,Fresh_2026-10-02,3,0.148949,BAD_A_LT_0P30,False,True,-3.6121804128774264,HIST_TIME_FALLBACK
PAPER:CROSSUSDT:1791010199999:SHORT,CROSSUSDT,fresh,Fresh_2026-10-03,0,0.268633,BAD_A_LT_0P30,False,True,-4.055988057145402,HIST_TIME_FALLBACK
PAPER:JUPUSDT:1790839199999:SHORT,JUPUSDT,fresh,Fresh_2026-10-01,0,1.486599,TARGET_GE_1P00,True,True,0.8963830577366747,FULL_CLOSE_050
PAPER:KERNELUSDT:1790962799999:SHORT,KERNELUSDT,fresh,Fresh_2026-10-02,0,0.168891,BAD_A_LT_0P30,False,True,-2.935474077818361,HIST_TIME_FALLBACK
PAPER:THEUSDT:1790968199999:SHORT,THEUSDT,fresh,Fresh_2026-10-02,0,0.812908,GRAY_0P50_1P00,False,True,1.9465753524734892,FULL_CLOSE_050
PAPER:STARUSDT:1790958599999:SHORT,STARUSDT,fresh,Fresh_2026-10-02,0,0.959761,GRAY_0P50_1P00,False,True,-1.5105876758896017,HIST_TIME_FALLBACK
PAPER:MASKUSDT:1791011399999:SHORT,MASKUSDT,fresh,Fresh_2026-10-03,2,1.629685,TARGET_GE_1P00,True,True,1.5985634754242408,FULL_CLOSE_050
PAPER:INJUSDT:1791001199999:SHORT,INJUSDT,fresh,Fresh_2026-10-03,1,0.632069,GRAY_0P50_1P00,False,True,-4.153017167016389,HIST_TIME_FALLBACK
PAPER:FORMUSDT:1790848499999:SHORT,FORMUSDT,fresh,Fresh_2026-10-01,0,1.694225,TARGET_GE_1P00,True,True,1.6761226064730785,FULL_CLOSE_050
PAPER:MARSCOINUSDT:1790962499999:SHORT,MARSCOINUSDT,fresh,Fresh_2026-10-02,2,3.469832,TARGET_GE_1P00,True,True,2.7966302467080366,FULL_CLOSE_050
PAPER:STXUSDT:1790924999999:SHORT,STXUSDT,fresh,Fresh_2026-10-02,2,1.001157,TARGET_GE_1P00,True,True,-0.13866581746507928,BE0.10
PAPER:0GUSDT:1790845799999:SHORT,0GUSDT,fresh,Fresh_2026-10-01,2,5.673243,TARGET_GE_1P00,True,True,1.810036439659064,FULL_CLOSE_050
PAPER:ZECUSDT:1791036899999:SHORT,ZECUSDT,fresh,Fresh_2026-10-03,3,0.347432,BAD_B_0P30_0P50,False,True,-0.0025704926567072794,BE0.10
PAPER:2ZUSDT:1790998499999:SHORT,2ZUSDT,fresh,Fresh_2026-10-03,3,0.383302,BAD_B_0P30_0P50,False,True,-1.9600929096377473,HIST_TIME_FALLBACK
PAPER:TURTLEUSDT:1791023999999:SHORT,TURTLEUSDT,fresh,Fresh_2026-10-03,1,0.330288,BAD_B_0P30_0P50,False,True,-3.9896470536516797,HIST_TIME_FALLBACK
PAPER:XPLUSDT:1790890499999:SHORT,XPLUSDT,fresh,Fresh_2026-10-01,3,0.603075,GRAY_0P50_1P00,False,True,-0.05063631383773576,BE0.10
PAPER:SPXUSDT:1790839199999:SHORT,SPXUSDT,fresh,Fresh_2026-10-01,1,3.49259,TARGET_GE_1P00,True,True,2.9501064115316473,FULL_CLOSE_050
PAPER:ARBUSDT:1790966399999:SHORT,ARBUSDT,fresh,Fresh_2026-10-02,0,1.308515,TARGET_GE_1P00,True,True,-0.0224353612485243,BE0.10
PAPER:POWERUSDT:1790930699999:SHORT,POWERUSDT,fresh,Fresh_2026-10-02,1,0.250088,BAD_A_LT_0P30,False,True,-1.3802902381138638,HIST_TIME_FALLBACK
PAPER:ROSEUSDT:1790965199999:SHORT,ROSEUSDT,fresh,Fresh_2026-10-02,1,0.291996,BAD_A_LT_0P30,False,True,-0.048252758659721506,BE0.10
PAPER:ARUSDT:1790877899999:SHORT,ARUSDT,fresh,Fresh_2026-10-01,1,1.469359,TARGET_GE_1P00,True,True,1.03575587346178,FULL_CLOSE_050
PAPER:MINAUSDT:1790889299999:SHORT,MINAUSDT,fresh,Fresh_2026-10-01,0,0.52032,GRAY_0P50_1P00,False,True,-0.015409104229864079,BE0.10
PAPER:TOSHIUSDT:1790961299999:SHORT,TOSHIUSDT,fresh,Fresh_2026-10-02,1,0.947932,GRAY_0P50_1P00,False,True,-0.142810699236592,BE0.10
PAPER:PENDLEUSDT:1790929499999:SHORT,PENDLEUSDT,fresh,Fresh_2026-10-02,1,0.326552,BAD_B_0P30_0P50,False,True,-0.011445745873896407,BE0.10
PAPER:ATOMUSDT:1790858999999:SHORT,ATOMUSDT,fresh,Fresh_2026-10-01,2,1.250458,TARGET_GE_1P00,True,True,0.7859088869797443,FULL_CLOSE_050
PAPER:DEEPUSDT:1790866199999:SHORT,DEEPUSDT,fresh,Fresh_2026-10-01,1,0.658558,GRAY_0P50_1P00,False,True,-0.4953284387000207,BE0.10
PAPER:AKEUSDT:1790849699999:SHORT,AKEUSDT,fresh,Fresh_2026-10-01,1,1.355693,TARGET_GE_1P00,False,False,,
PAPER:ZKUSDT:1790842199999:SHORT,ZKUSDT,fresh,Fresh_2026-10-01,2,0.36905,BAD_B_0P30_0P50,False,True,-5.598595749329737,HIST_TIME_FALLBACK
PAPER:XPINUSDT:1790968199999:SHORT,XPINUSDT,fresh,Fresh_2026-10-02,0,0.713639,GRAY_0P50_1P00,False,True,0.8856602922052357,FULL_CLOSE_050
PAPER:ANIMEUSDT:1790903699999:SHORT,ANIMEUSDT,fresh,Fresh_2026-10-02,2,0.280808,BAD_A_LT_0P30,False,True,-0.04798182526257144,BE0.10
PAPER:WALUSDT:1790914199999:SHORT,WALUSDT,fresh,Fresh_2026-10-02,2,0.215545,BAD_A_LT_0P30,False,True,-5.970708168182231,HIST_TIME_FALLBACK
PAPER:ENAUSDT:1790838899999:SHORT,ENAUSDT,fresh,Fresh_2026-10-01,3,2.366976,TARGET_GE_1P00,True,True,2.1001696828051575,FULL_CLOSE_050
PAPER:CAPUSDT:1790930399999:SHORT,CAPUSDT,fresh,Fresh_2026-10-02,2,1.643348,TARGET_GE_1P00,True,True,1.7603737014050471,FULL_CLOSE_050
PAPER:SUPERUSDT:1790848799999:SHORT,SUPERUSDT,fresh,Fresh_2026-10-01,1,0.931225,GRAY_0P50_1P00,False,True,-0.013399686917256126,BE0.10
PAPER:PLAYUSDT:1790829599999:SHORT,PLAYUSDT,fresh,Fresh_2026-10-01,2,0.139264,BAD_A_LT_0P30,False,False,,
PAPER:OUSDT:1790942399999:SHORT,OUSDT,fresh,Fresh_2026-10-02,2,0.571721,GRAY_0P50_1P00,False,True,-3.460037787501743,HIST_TIME_FALLBACK
PAPER:HEMIUSDT:1790912999999:SHORT,HEMIUSDT,fresh,Fresh_2026-10-02,2,0.309422,BAD_B_0P30_0P50,False,True,-2.5186537385809844,HIST_TIME_FALLBACK
PAPER:IOTAUSDT:1790950199999:SHORT,IOTAUSDT,fresh,Fresh_2026-10-02,1,0.324705,BAD_B_0P30_0P50,False,True,-0.04154021038367084,BE0.10
PAPER:KASUSDT:1790878199999:SHORT,KASUSDT,fresh,Fresh_2026-10-01,2,0.77457,GRAY_0P50_1P00,False,True,2.1753995251499854,FULL_CLOSE_050
PAPER:PIPPINUSDT:1790882699999:SHORT,PIPPINUSDT,fresh,Fresh_2026-10-01,3,0.843168,GRAY_0P50_1P00,False,True,-0.13668756232277357,BE0.10
PAPER:0GUSDT:1790962799999:SHORT,0GUSDT,fresh,Fresh_2026-10-02,0,3.249946,TARGET_GE_1P00,False,True,3.9425233125492705,FULL_CLOSE_050
PAPER:BANANAS31USDT:1790965499999:SHORT,BANANAS31USDT,fresh,Fresh_2026-10-02,2,2.856798,TARGET_GE_1P00,True,True,8.619730295915788,RUNNER_CLOSE
PAPER:1000SATSUSDT:1790840399999:SHORT,1000SATSUSDT,fresh,Fresh_2026-10-01,1,0.462408,BAD_B_0P30_0P50,False,True,1.0601520906591284,FULL_CLOSE_050
PAPER:ZECUSDT:1790880599999:SHORT,ZECUSDT,fresh,Fresh_2026-10-01,2,1.279297,TARGET_GE_1P00,True,True,2.438729125232133,FULL_CLOSE_050
PAPER:NIGHTUSDT:1791047099999:SHORT,NIGHTUSDT,fresh,Fresh_2026-10-03,2,0.446148,BAD_B_0P30_0P50,False,True,-0.03728695587141734,BE0.10
PAPER:TACUSDT:1790882699999:SHORT,TACUSDT,fresh,Fresh_2026-10-01,0,1.062326,TARGET_GE_1P00,True,True,1.5988879507282867,FULL_CLOSE_050
PAPER:ICNTUSDT:1790865299999:SHORT,ICNTUSDT,fresh,Fresh_2026-10-01,3,0.397616,BAD_B_0P30_0P50,False,True,0.6157386065325869,FULL_CLOSE_050
PAPER:USELESSUSDT:1790849099999:SHORT,USELESSUSDT,fresh,Fresh_2026-10-01,1,0.663046,GRAY_0P50_1P00,False,True,-1.1951007301046612,HIST_TIME_FALLBACK
PAPER:MARSCOINUSDT:1790924399999:SHORT,MARSCOINUSDT,fresh,Fresh_2026-10-02,1,1.024232,TARGET_GE_1P00,True,True,-0.011560544213807422,BE0.10
PAPER:GWEIUSDT:1790951699999:SHORT,GWEIUSDT,fresh,Fresh_2026-10-02,0,0.723985,GRAY_0P50_1P00,False,True,-0.7174726088871157,HIST_TIME_FALLBACK
PAPER:BTRUSDT:1790996699999:SHORT,BTRUSDT,fresh,Fresh_2026-10-03,2,0.202893,BAD_A_LT_0P30,False,True,-3.7920605410618866,HIST_TIME_FALLBACK
PAPER:GPSUSDT:1790882399999:SHORT,GPSUSDT,fresh,Fresh_2026-10-01,0,0.077959,BAD_A_LT_0P30,False,True,-4.137005645497225,HIST_TIME_FALLBACK
PAPER:1000000BOBUSDT:1790988599999:SHORT,1000000BOBUSDT,fresh,Fresh_2026-10-03,0,0.647909,GRAY_0P50_1P00,False,True,-0.9501900380076012,BE0.10
PAPER:NOMUSDT:1791008699999:SHORT,NOMUSDT,fresh,Fresh_2026-10-03,2,0.765277,GRAY_0P50_1P00,False,True,-0.11797858324781152,BE0.10
PAPER:PUMPUSDT:1790891099999:SHORT,PUMPUSDT,fresh,Fresh_2026-10-01,3,1.53925,TARGET_GE_1P00,True,True,3.612458495204804,FULL_CLOSE_050
PAPER:SUPERUSDT:1790938799999:SHORT,SUPERUSDT,fresh,Fresh_2026-10-02,2,0.775259,GRAY_0P50_1P00,False,True,-0.7257671776453357,BE0.10
PAPER:NEARUSDT:1790965199999:SHORT,NEARUSDT,fresh,Fresh_2026-10-02,1,0.194217,BAD_A_LT_0P30,False,True,-1.0574025439057229,HIST_TIME_FALLBACK
PAPER:USUSDT:1791040799999:SHORT,USUSDT,fresh,Fresh_2026-10-03,1,7.663194,TARGET_GE_1P00,True,True,5.803953409208827,RUNNER_CLOSE
PAPER:1000XECUSDT:1790912999999:SHORT,1000XECUSDT,fresh,Fresh_2026-10-02,2,0.802898,GRAY_0P50_1P00,False,False,,NO_EXECUTABLE_ENTRY
PAPER:TIAUSDT:1790859899999:SHORT,TIAUSDT,fresh,Fresh_2026-10-01,0,1.025501,TARGET_GE_1P00,True,True,1.8404730423436915,FULL_CLOSE_050
PAPER:DYDXUSDT:1791053699999:SHORT,DYDXUSDT,fresh,Fresh_2026-10-03,2,0.386031,BAD_B_0P30_0P50,False,True,-4.678238169637902,HIST_TIME_FALLBACK
PAPER:ALLOUSDT:1790842499999:SHORT,ALLOUSDT,fresh,Fresh_2026-10-01,2,0.264453,BAD_A_LT_0P30,False,True,-3.3262545454135,HIST_TIME_FALLBACK
PAPER:CAKEUSDT:1790966699999:SHORT,CAKEUSDT,fresh,Fresh_2026-10-02,3,0.789875,GRAY_0P50_1P00,False,True,-2.660305377327315,HIST_TIME_FALLBACK
PAPER:HYPEUSDT:1790870399999:SHORT,HYPEUSDT,fresh,Fresh_2026-10-01,0,0.224857,BAD_A_LT_0P30,False,True,-3.074716950219544,HIST_TIME_FALLBACK
PAPER:PTBUSDT:1790965799999:SHORT,PTBUSDT,fresh,Fresh_2026-10-02,2,0.62115,GRAY_0P50_1P00,False,False,,
PAPER:ZECUSDT:1790866199999:SHORT,ZECUSDT,fresh,Fresh_2026-10-01,2,0.865638,GRAY_0P50_1P00,False,True,-1.0524496052247967,HIST_TIME_FALLBACK
PAPER:SPXUSDT:1790965499999:SHORT,SPXUSDT,fresh,Fresh_2026-10-02,2,3.988297,TARGET_GE_1P00,True,True,1.9895280148348782,FULL_CLOSE_050
PAPER:NILUSDT:1790828399999:SHORT,NILUSDT,fresh,Fresh_2026-10-01,3,0.293757,BAD_A_LT_0P30,False,True,-1.7656488069780758,HIST_TIME_FALLBACK
PAPER:RAVEUSDT:1790872799999:SHORT,RAVEUSDT,fresh,Fresh_2026-10-01,1,0.232827,BAD_A_LT_0P30,False,True,-1.4563327984100372,HIST_TIME_FALLBACK
PAPER:USUSDT:1790954999999:SHORT,USUSDT,fresh,Fresh_2026-10-02,3,1.684433,TARGET_GE_1P00,True,False,,
PAPER:CGPTUSDT:1790989199999:SHORT,CGPTUSDT,fresh,Fresh_2026-10-03,1,0.296086,BAD_A_LT_0P30,False,True,-3.4383631470984204,HIST_TIME_FALLBACK
PAPER:ENAUSDT:1790866499999:SHORT,ENAUSDT,fresh,Fresh_2026-10-01,2,1.790816,TARGET_GE_1P00,True,True,2.352492058427586,FULL_CLOSE_050
PAPER:ESPORTSUSDT:1790882699999:SHORT,ESPORTSUSDT,fresh,Fresh_2026-10-01,3,0.628875,GRAY_0P50_1P00,False,False,,
PAPER:ATUSDT:1791039899999:SHORT,ATUSDT,fresh,Fresh_2026-10-03,0,2.707144,TARGET_GE_1P00,True,True,8.640786337075735,RUNNER_CLOSE
PAPER:GRTUSDT:1790966399999:SHORT,GRTUSDT,fresh,Fresh_2026-10-02,2,0.927017,GRAY_0P50_1P00,False,False,,
PAPER:牛来USDT:1790961599999:SHORT,牛来USDT,fresh,Fresh_2026-10-02,2,0.751385,GRAY_0P50_1P00,False,False,,
PAPER:REDUSDT:1790911799999:SHORT,REDUSDT,fresh,Fresh_2026-10-02,2,1.187828,TARGET_GE_1P00,False,False,,
PAPER:PROMUSDT:1791030299999:SHORT,PROMUSDT,fresh,Fresh_2026-10-03,2,1.521761,TARGET_GE_1P00,True,True,1.0823549921938405,FULL_CLOSE_050
PAPER:PONSUSDT:1790966099999:SHORT,PONSUSDT,fresh,Fresh_2026-10-02,2,6.845128,TARGET_GE_1P00,True,True,14.738239537695877,RUNNER_CLOSE
PAPER:ATHUSDT:1790865899999:SHORT,ATHUSDT,fresh,Fresh_2026-10-01,3,0.60242,GRAY_0P50_1P00,False,False,,NO_EXECUTABLE_ENTRY
PAPER:POLUSDT:1790955599999:SHORT,POLUSDT,fresh,Fresh_2026-10-02,0,0.208833,BAD_A_LT_0P30,False,True,-0.1714055380856993,BE0.10
PAPER:ZETAUSDT:1790971799999:SHORT,ZETAUSDT,fresh,Fresh_2026-10-02,2,0.147815,BAD_A_LT_0P30,False,True,-0.8454233594730631,HIST_TIME_FALLBACK
PAPER:SYNUSDT:1791032699999:SHORT,SYNUSDT,fresh,Fresh_2026-10-03,2,2.019538,TARGET_GE_1P00,True,True,1.0646968649904975,FULL_CLOSE_050
PAPER:我踏马来了USDT:1790903999999:SHORT,我踏马来了USDT,fresh,Fresh_2026-10-02,3,0.241953,BAD_A_LT_0P30,False,True,-0.39531650985775557,BE0.10
PAPER:LUMIAUSDT:1790919599999:SHORT,LUMIAUSDT,fresh,Fresh_2026-10-02,0,0.1193,BAD_A_LT_0P30,False,True,-3.2160248118564407,HIST_TIME_FALLBACK
PAPER:NOMUSDT:1790882999999:SHORT,NOMUSDT,fresh,Fresh_2026-10-01,0,0.618022,GRAY_0P50_1P00,False,True,0.928140881459629,FULL_CLOSE_050
PAPER:MEGAUSDT:1790968199999:SHORT,MEGAUSDT,fresh,Fresh_2026-10-02,1,0.573913,GRAY_0P50_1P00,False,True,-0.06811921855730213,BE0.10
PAPER:BRETTUSDT:1790962799999:SHORT,BRETTUSDT,fresh,Fresh_2026-10-02,3,0.684244,GRAY_0P50_1P00,False,True,-0.023666886330251102,BE0.10
PAPER:JUPUSDT:1790858699999:SHORT,JUPUSDT,fresh,Fresh_2026-10-01,2,1.441277,TARGET_GE_1P00,True,True,2.3246009248578114,FULL_CLOSE_050
PAPER:BICOUSDT:1790840699999:SHORT,BICOUSDT,fresh,Fresh_2026-10-01,0,0.212601,BAD_A_LT_0P30,False,True,-2.812795396288553,HIST_TIME_FALLBACK
PAPER:XVSUSDT:1790939999999:SHORT,XVSUSDT,fresh,Fresh_2026-10-02,0,0.634465,GRAY_0P50_1P00,False,True,-0.23813429115407192,BE0.10
PAPER:HUMAUSDT:1790914499999:SHORT,HUMAUSDT,fresh,Fresh_2026-10-02,1,0.735529,GRAY_0P50_1P00,False,True,-0.45742443614455164,HIST_TIME_FALLBACK
PAPER:STBLUSDT:1790931899999:SHORT,STBLUSDT,fresh,Fresh_2026-10-02,0,0.399287,BAD_B_0P30_0P50,False,True,-0.5686540699907927,BE0.10
PAPER:TRUMPUSDT:1790962799999:SHORT,TRUMPUSDT,fresh,Fresh_2026-10-02,3,0.987875,GRAY_0P50_1P00,False,True,-0.22611792126995772,BE0.10
PAPER:YBUSDT:1790857199999:SHORT,YBUSDT,fresh,Fresh_2026-10-01,0,0.20476,BAD_A_LT_0P30,False,True,-2.1934873757720053,HIST_TIME_FALLBACK
PAPER:TWTUSDT:1790926199999:SHORT,TWTUSDT,fresh,Fresh_2026-10-02,1,0.55144,GRAY_0P50_1P00,False,True,-1.906481648014208,HIST_TIME_FALLBACK
PAPER:WCTUSDT:1790966699999:SHORT,WCTUSDT,fresh,Fresh_2026-10-02,3,1.186837,TARGET_GE_1P00,False,False,,
PAPER:ZKUSDT:1790916899999:SHORT,ZKUSDT,fresh,Fresh_2026-10-02,0,0.868382,GRAY_0P50_1P00,False,True,1.0812406719476404,FULL_CLOSE_050
PAPER:OPNUSDT:1790965199999:SHORT,OPNUSDT,fresh,Fresh_2026-10-02,1,4.612501,TARGET_GE_1P00,True,True,0.7225022959217706,FULL_CLOSE_050
PAPER:1000RATSUSDT:1790852099999:SHORT,1000RATSUSDT,fresh,Fresh_2026-10-01,3,0.984853,GRAY_0P50_1P00,False,False,,
PAPER:CRVUSDT:1791000299999:SHORT,CRVUSDT,fresh,Fresh_2026-10-03,2,0.872066,GRAY_0P50_1P00,False,True,1.6245063915328246,FULL_CLOSE_050
PAPER:BULLAUSDT:1791031499999:SHORT,BULLAUSDT,fresh,Fresh_2026-10-03,0,0.0,BAD_A_LT_0P30,False,True,-2.9190206772917415,HIST_TIME_FALLBACK
PAPER:ZAMAUSDT:1791029999999:SHORT,ZAMAUSDT,fresh,Fresh_2026-10-03,3,0.245973,BAD_A_LT_0P30,False,True,-4.18707791577337,HIST_TIME_FALLBACK
PAPER:POWERUSDT:1790945399999:SHORT,POWERUSDT,fresh,Fresh_2026-10-02,0,0.239371,BAD_A_LT_0P30,False,True,-0.02297000212586825,BE0.10
PAPER:BRETTUSDT:1790891099999:SHORT,BRETTUSDT,fresh,Fresh_2026-10-01,2,0.578484,GRAY_0P50_1P00,False,True,-0.0400533288475578,BE0.10
PAPER:EDENUSDT:1790941499999:SHORT,EDENUSDT,fresh,Fresh_2026-10-02,1,0.462381,BAD_B_0P30_0P50,False,True,-0.03216284720764728,BE0.10
PAPER:PUMPBTCUSDT:1790901299999:SHORT,PUMPBTCUSDT,fresh,Fresh_2026-10-02,2,0.103937,BAD_A_LT_0P30,False,False,,
PAPER:BRUSDT:1790925599999:SHORT,BRUSDT,fresh,Fresh_2026-10-02,1,0.977973,GRAY_0P50_1P00,False,True,1.036046217920719,FULL_CLOSE_050
PAPER:SKYUSDT:1791046199999:SHORT,SKYUSDT,fresh,Fresh_2026-10-03,0,0.240141,BAD_A_LT_0P30,False,True,-0.04447896251194905,BE0.10
PAPER:SUIUSDT:1790839499999:SHORT,SUIUSDT,fresh,Fresh_2026-10-01,2,0.631734,GRAY_0P50_1P00,False,True,-3.1368718047296182,HIST_TIME_FALLBACK
PAPER:API3USDT:1790842499999:SHORT,API3USDT,fresh,Fresh_2026-10-01,3,1.519867,TARGET_GE_1P00,False,False,,
PAPER:RIFUSDT:1790914499999:SHORT,RIFUSDT,fresh,Fresh_2026-10-02,0,0.253989,BAD_A_LT_0P30,False,True,-0.015234509359754955,BE0.10
PAPER:GTCUSDT:1790976599999:SHORT,GTCUSDT,fresh,Fresh_2026-10-02,0,1.123727,TARGET_GE_1P00,False,True,-1.3741966929420544,HIST_TIME_FALLBACK
PAPER:LITUSDT:1790953499999:SHORT,LITUSDT,fresh,Fresh_2026-10-02,1,0.25271,BAD_A_LT_0P30,False,True,-2.492667306675072,HIST_TIME_FALLBACK
PAPER:BANANAS31USDT:1790961899999:SHORT,BANANAS31USDT,fresh,Fresh_2026-10-02,0,1.363067,TARGET_GE_1P00,False,True,1.7120899249654769,FULL_CLOSE_050
PAPER:NILUSDT:1790965799999:SHORT,NILUSDT,fresh,Fresh_2026-10-02,1,0.390072,BAD_B_0P30_0P50,False,True,-2.8789410913263294,HIST_TIME_FALLBACK
PAPER:BRUSDT:1790858399999:SHORT,BRUSDT,fresh,Fresh_2026-10-01,0,1.20985,TARGET_GE_1P00,False,True,-1.3011393420655004,HIST_TIME_FALLBACK
PAPER:COOKIEUSDT:1790959199999:SHORT,COOKIEUSDT,fresh,Fresh_2026-10-02,2,0.753741,GRAY_0P50_1P00,False,True,-1.1421430980727831,HIST_TIME_FALLBACK
PAPER:GTCUSDT:1790861399999:SHORT,GTCUSDT,fresh,Fresh_2026-10-01,1,1.132016,TARGET_GE_1P00,False,False,,
PAPER:JASMYUSDT:1790961899999:SHORT,JASMYUSDT,fresh,Fresh_2026-10-02,1,1.281161,TARGET_GE_1P00,True,True,1.5040726323655196,FULL_CLOSE_050
PAPER:PONSUSDT:1790965199999:SHORT,PONSUSDT,fresh,Fresh_2026-10-02,1,0.567158,GRAY_0P50_1P00,False,True,-1.1526062086659317,HIST_TIME_FALLBACK
PAPER:TSTUSDT:1790965799999:SHORT,TSTUSDT,fresh,Fresh_2026-10-02,1,1.600968,TARGET_GE_1P00,True,True,2.664071261905762,FULL_CLOSE_050
PAPER:ONEUSDT:1790966399999:SHORT,ONEUSDT,fresh,Fresh_2026-10-02,0,1.142338,TARGET_GE_1P00,False,True,-2.856677578191415,HIST_TIME_FALLBACK
PAPER:JCTUSDT:1790890199999:SHORT,JCTUSDT,fresh,Fresh_2026-10-01,2,0.455998,BAD_B_0P30_0P50,False,True,-0.354621697688707,BE0.10
PAPER:ARBUSDT:1790842199999:SHORT,ARBUSDT,fresh,Fresh_2026-10-01,3,0.352154,BAD_B_0P30_0P50,False,True,-4.807167631592496,HIST_TIME_FALLBACK
PAPER:TAKEUSDT:1790933099999:SHORT,TAKEUSDT,fresh,Fresh_2026-10-02,3,1.018625,TARGET_GE_1P00,True,True,-2.3452785314073594,HIST_TIME_FALLBACK
PAPER:TAGUSDT:1790838299999:SHORT,TAGUSDT,fresh,Fresh_2026-10-01,2,1.006611,TARGET_GE_1P00,True,True,1.1345747516000304,FULL_CLOSE_050
PAPER:CROSSUSDT:1790944199999:SHORT,CROSSUSDT,fresh,Fresh_2026-10-02,0,0.44112,BAD_B_0P30_0P50,False,True,-2.159043405827064,HIST_TIME_FALLBACK
PAPER:SAGAUSDT:1790918399999:SHORT,SAGAUSDT,fresh,Fresh_2026-10-02,2,2.352807,TARGET_GE_1P00,True,True,3.075344260649532,FULL_CLOSE_050
PAPER:DRIFTUSDT:1790914199999:SHORT,DRIFTUSDT,fresh,Fresh_2026-10-02,2,0.079026,BAD_A_LT_0P30,False,True,-0.20749687771375463,BE0.10
PAPER:CHILLGUYUSDT:1791036299999:SHORT,CHILLGUYUSDT,fresh,Fresh_2026-10-03,0,0.296711,BAD_A_LT_0P30,False,True,-0.09966067587942107,BE0.10
PAPER:NILUSDT:1790963099999:SHORT,NILUSDT,fresh,Fresh_2026-10-02,2,1.064812,TARGET_GE_1P00,False,False,,
PAPER:BABYUSDT:1790860499999:SHORT,BABYUSDT,fresh,Fresh_2026-10-01,0,0.427847,BAD_B_0P30_0P50,False,True,-0.20306288869709926,BE0.10
PAPER:PUMPBTCUSDT:1790949599999:SHORT,PUMPBTCUSDT,fresh,Fresh_2026-10-02,2,1.207235,TARGET_GE_1P00,False,False,,
PAPER:AEROUSDT:1790868599999:SHORT,AEROUSDT,fresh,Fresh_2026-10-01,1,1.715179,TARGET_GE_1P00,True,True,0.640958054929462,FULL_CLOSE_050
PAPER:PONSUSDT:1790950199999:SHORT,PONSUSDT,fresh,Fresh_2026-10-02,1,0.64973,GRAY_0P50_1P00,False,True,-0.08646750918441459,BE0.10
PAPER:PUMPBTCUSDT:1790923199999:SHORT,PUMPBTCUSDT,fresh,Fresh_2026-10-02,2,0.598932,GRAY_0P50_1P00,False,True,-0.9501900380076607,HIST_TIME_FALLBACK
PAPER:MOVEUSDT:1790894099999:SHORT,MOVEUSDT,fresh,Fresh_2026-10-01,0,0.651675,GRAY_0P50_1P00,False,True,-2.7564150396481732,HIST_TIME_FALLBACK
PAPER:ARKUSDT:1790986199999:SHORT,ARKUSDT,fresh,Fresh_2026-10-03,2,2.802762,TARGET_GE_1P00,True,True,1.895334490867922,FULL_CLOSE_050
PAPER:INITUSDT:1791015899999:SHORT,INITUSDT,fresh,Fresh_2026-10-03,1,1.154773,TARGET_GE_1P00,True,True,0.784747687406864,FULL_CLOSE_050
PAPER:FIGHTUSDT:1790871299999:SHORT,FIGHTUSDT,fresh,Fresh_2026-10-01,0,0.566555,GRAY_0P50_1P00,False,True,-0.1282274927891761,BE0.10
PAPER:YGGUSDT:1791011699999:SHORT,YGGUSDT,fresh,Fresh_2026-10-03,2,0.33991,BAD_B_0P30_0P50,False,True,-3.112501874024921,HIST_TIME_FALLBACK
PAPER:ARXUSDT:1790924699999:SHORT,ARXUSDT,fresh,Fresh_2026-10-02,3,0.942755,GRAY_0P50_1P00,False,True,-0.053423305585454495,BE0.10
PAPER:USELESSUSDT:1790961299999:SHORT,USELESSUSDT,fresh,Fresh_2026-10-02,1,1.237062,TARGET_GE_1P00,True,False,,
PAPER:1000PEPEUSDT:1790962799999:SHORT,1000PEPEUSDT,fresh,Fresh_2026-10-02,2,0.851832,GRAY_0P50_1P00,False,True,-0.09766014339504236,BE0.10
PAPER:SKYAIUSDT:1790924699999:SHORT,SKYAIUSDT,fresh,Fresh_2026-10-02,3,0.655807,GRAY_0P50_1P00,False,False,,
PAPER:SOONUSDT:1790932799999:SHORT,SOONUSDT,fresh,Fresh_2026-10-02,1,0.851901,GRAY_0P50_1P00,False,True,0.9194882116363763,FULL_CLOSE_050
PAPER:SXTUSDT:1790966099999:SHORT,SXTUSDT,fresh,Fresh_2026-10-02,3,2.620326,TARGET_GE_1P00,True,True,8.731383059431892,RUNNER_CLOSE
PAPER:FETUSDT:1790859899999:SHORT,FETUSDT,fresh,Fresh_2026-10-01,1,0.685916,GRAY_0P50_1P00,False,True,-0.2857096972491835,BE0.10
PAPER:EDGEUSDT:1790849399999:SHORT,EDGEUSDT,fresh,Fresh_2026-10-01,0,0.01899,BAD_A_LT_0P30,False,True,-3.0969062525954265,HIST_TIME_FALLBACK
PAPER:MOVRUSDT:1791059399999:SHORT,MOVRUSDT,fresh,Fresh_2026-10-03,0,0.777865,GRAY_0P50_1P00,False,True,-0.003100549799046004,BE0.10
PAPER:BBUSDT:1790965199999:SHORT,BBUSDT,fresh,Fresh_2026-10-02,3,1.037135,TARGET_GE_1P00,True,True,-0.8449719213416984,BE0.10
PAPER:2ZUSDT:1791048899999:SHORT,2ZUSDT,fresh,Fresh_2026-10-03,3,0.240861,BAD_A_LT_0P30,False,False,,
PAPER:SENTUSDT:1791008399999:SHORT,SENTUSDT,fresh,Fresh_2026-10-03,1,0.541906,GRAY_0P50_1P00,False,True,-0.010583862431759905,BE0.10
PAPER:STRKUSDT:1791013499999:SHORT,STRKUSDT,fresh,Fresh_2026-10-03,2,0.704948,GRAY_0P50_1P00,False,True,-0.011904770832221634,BE0.10
PAPER:AEROUSDT:1790883599999:SHORT,AEROUSDT,fresh,Fresh_2026-10-01,1,0.405284,BAD_B_0P30_0P50,False,True,1.1747110774097087,FULL_CLOSE_050
PAPER:PUMPUSDT:1790843699999:SHORT,PUMPUSDT,fresh,Fresh_2026-10-01,2,0.501683,GRAY_0P50_1P00,False,True,-2.843235057060045,HIST_TIME_FALLBACK
PAPER:HANAUSDT:1790963099999:SHORT,HANAUSDT,fresh,Fresh_2026-10-02,0,1.084318,TARGET_GE_1P00,False,True,-0.9501900380075354,HIST_TIME_FALLBACK
PAPER:HEIUSDT:1790861099999:SHORT,HEIUSDT,fresh,Fresh_2026-10-01,2,2.016308,TARGET_GE_1P00,False,True,-2.324497658715959,HIST_TIME_FALLBACK
PAPER:BBUSDT:1790861099999:SHORT,BBUSDT,fresh,Fresh_2026-10-01,1,0.508029,GRAY_0P50_1P00,False,True,-4.290893107117147,HIST_TIME_FALLBACK
PAPER:USUSDT:1790958299999:SHORT,USUSDT,fresh,Fresh_2026-10-02,0,0.708811,GRAY_0P50_1P00,False,True,-0.14616344584439595,BE0.10
PAPER:ATUSDT:1791009899999:SHORT,ATUSDT,fresh,Fresh_2026-10-03,2,4.019134,TARGET_GE_1P00,True,True,5.954295341827023,RUNNER_CLOSE
PAPER:PEOPLEUSDT:1790864099999:SHORT,PEOPLEUSDT,fresh,Fresh_2026-10-01,1,1.085251,TARGET_GE_1P00,False,True,1.1690008289091565,FULL_CLOSE_050
PAPER:ALGOUSDT:1790996699999:SHORT,ALGOUSDT,fresh,Fresh_2026-10-03,2,0.074787,BAD_A_LT_0P30,False,True,-2.3718298961149187,HIST_TIME_FALLBACK
PAPER:CROSSUSDT:1791031199999:SHORT,CROSSUSDT,fresh,Fresh_2026-10-03,1,1.047155,TARGET_GE_1P00,True,False,,
PAPER:USELESSUSDT:1791043499999:SHORT,USELESSUSDT,fresh,Fresh_2026-10-03,1,0.668602,GRAY_0P50_1P00,False,True,-0.020556576332096455,BE0.10
PAPER:THEUSDT:1790929499999:SHORT,THEUSDT,fresh,Fresh_2026-10-02,1,0.622351,GRAY_0P50_1P00,False,True,-1.0839800126269696,HIST_TIME_FALLBACK
PAPER:APTUSDT:1790965199999:SHORT,APTUSDT,fresh,Fresh_2026-10-02,3,0.278749,BAD_A_LT_0P30,False,True,-0.9501900380076185,HIST_TIME_FALLBACK
PAPER:ARUSDT:1791030899999:SHORT,ARUSDT,fresh,Fresh_2026-10-03,2,0.760555,GRAY_0P50_1P00,False,True,-0.07962449011536726,BE0.10
PAPER:1000SATSUSDT:1790965799999:SHORT,1000SATSUSDT,fresh,Fresh_2026-10-02,3,4.103699,TARGET_GE_1P00,True,True,0.6711061240588136,FULL_CLOSE_050
PAPER:AEROUSDT:1790866499999:SHORT,AEROUSDT,fresh,Fresh_2026-10-01,1,0.393613,BAD_B_0P30_0P50,False,True,-2.2669981290508407,HIST_TIME_FALLBACK
PAPER:LITUSDT:1790912399999:SHORT,LITUSDT,fresh,Fresh_2026-10-02,3,0.682619,GRAY_0P50_1P00,False,False,,
PAPER:BILLUSDT:1790961299999:SHORT,BILLUSDT,fresh,Fresh_2026-10-02,0,8.967559,TARGET_GE_1P00,True,True,7.066138628081491,RUNNER_CLOSE
PAPER:SYNUSDT:1790866499999:SHORT,SYNUSDT,fresh,Fresh_2026-10-01,0,2.000913,TARGET_GE_1P00,False,True,-2.4390803468385633,HIST_TIME_FALLBACK
PAPER:ALGOUSDT:1790965199999:SHORT,ALGOUSDT,fresh,Fresh_2026-10-02,2,0.128905,BAD_A_LT_0P30,False,False,,
PAPER:XVSUSDT:1790837699999:SHORT,XVSUSDT,fresh,Fresh_2026-10-01,2,0.283756,BAD_A_LT_0P30,False,True,-3.5789707485443403,HIST_TIME_FALLBACK
PAPER:SOONUSDT:1790989199999:SHORT,SOONUSDT,fresh,Fresh_2026-10-03,0,1.283896,TARGET_GE_1P00,True,True,2.4486094598061987,FULL_CLOSE_050
PAPER:AEROUSDT:1790914199999:SHORT,AEROUSDT,fresh,Fresh_2026-10-02,2,0.29409,BAD_A_LT_0P30,False,True,-6.680044414543266,HIST_TIME_FALLBACK
PAPER:LSKUSDT:1790923199999:SHORT,LSKUSDT,fresh,Fresh_2026-10-02,2,0.582291,GRAY_0P50_1P00,False,True,-0.008156693832137574,BE0.10
PAPER:PUMPBTCUSDT:1790901899999:SHORT,PUMPBTCUSDT,fresh,Fresh_2026-10-02,0,0.230673,BAD_A_LT_0P30,False,True,-0.32290283244622264,BE0.10
PAPER:CVXUSDT:1790866199999:SHORT,CVXUSDT,fresh,Fresh_2026-10-01,2,0.544284,GRAY_0P50_1P00,False,True,-1.6572171425809599,HIST_TIME_FALLBACK
PAPER:2ZUSDT:1790950199999:SHORT,2ZUSDT,fresh,Fresh_2026-10-02,2,0.101527,BAD_A_LT_0P30,False,False,,
PAPER:AEROUSDT:1791025799999:SHORT,AEROUSDT,fresh,Fresh_2026-10-03,2,0.394548,BAD_B_0P30_0P50,False,True,-0.13235951513537036,BE0.10
PAPER:HUSDT:1790916299999:SHORT,HUSDT,fresh,Fresh_2026-10-02,0,0.335585,BAD_B_0P30_0P50,False,True,-0.02478084140716763,BE0.10
PAPER:LITUSDT:1791050999999:SHORT,LITUSDT,fresh,Fresh_2026-10-03,0,0.340668,BAD_B_0P30_0P50,False,True,-0.0059967306767271245,BE0.10
PAPER:哈基米USDT:1790903699999:SHORT,哈基米USDT,fresh,Fresh_2026-10-02,1,2.549262,TARGET_GE_1P00,True,True,4.352513246293395,FULL_CLOSE_050
PAPER:PHAUSDT:1791039899999:SHORT,PHAUSDT,fresh,Fresh_2026-10-03,2,0.533639,GRAY_0P50_1P00,False,True,-1.7528616255320375,HIST_TIME_FALLBACK
PAPER:MEGAUSDT:1790965799999:SHORT,MEGAUSDT,fresh,Fresh_2026-10-02,1,1.985944,TARGET_GE_1P00,True,True,0.8708624401962106,FULL_CLOSE_050
PAPER:SNXUSDT:1790899499999:SHORT,SNXUSDT,fresh,Fresh_2026-10-02,2,0.298658,BAD_A_LT_0P30,False,True,-0.1518245036567476,BE0.10
PAPER:POWERUSDT:1790985899999:SHORT,POWERUSDT,fresh,Fresh_2026-10-03,3,0.178777,BAD_A_LT_0P30,False,True,-2.2765098173090337,HIST_TIME_FALLBACK
PAPER:ROSEUSDT:1790839499999:SHORT,ROSEUSDT,fresh,Fresh_2026-10-01,2,0.471186,BAD_B_0P30_0P50,False,True,-4.209589836061792,HIST_TIME_FALLBACK
PAPER:ETHFIUSDT:1790952899999:SHORT,ETHFIUSDT,fresh,Fresh_2026-10-02,2,0.945595,GRAY_0P50_1P00,False,False,,
PAPER:FFUSDT:1790903399999:SHORT,FFUSDT,fresh,Fresh_2026-10-02,2,1.066544,TARGET_GE_1P00,True,True,1.202465426926,FULL_CLOSE_050
PAPER:QUSDT:1790852699999:SHORT,QUSDT,fresh,Fresh_2026-10-01,2,0.819325,GRAY_0P50_1P00,False,True,1.1308633959134464,FULL_CLOSE_050
PAPER:ARUSDT:1790839199999:SHORT,ARUSDT,fresh,Fresh_2026-10-01,2,0.956039,GRAY_0P50_1P00,False,True,1.2474571377690213,FULL_CLOSE_050
PAPER:FOGOUSDT:1790970899999:SHORT,FOGOUSDT,fresh,Fresh_2026-10-02,2,0.27143,BAD_A_LT_0P30,False,True,-1.9236929357867711,HIST_TIME_FALLBACK
PAPER:B2USDT:1790951399999:SHORT,B2USDT,fresh,Fresh_2026-10-02,3,0.468395,BAD_B_0P30_0P50,False,True,-0.13309117648872998,BE0.10
PAPER:TAOUSDT:1790962799999:SHORT,TAOUSDT,fresh,Fresh_2026-10-02,3,0.687824,GRAY_0P50_1P00,False,True,-0.012043597810178774,BE0.10
PAPER:USELESSUSDT:1790966099999:SHORT,USELESSUSDT,fresh,Fresh_2026-10-02,2,3.283856,TARGET_GE_1P00,True,True,8.17698245646959,RUNNER_CLOSE
PAPER:IOSTUSDT:1790860199999:SHORT,IOSTUSDT,fresh,Fresh_2026-10-01,3,0.334799,BAD_B_0P30_0P50,False,True,-0.03328070307818426,BE0.10
PAPER:BBUSDT:1790998799999:SHORT,BBUSDT,fresh,Fresh_2026-10-03,2,0.891937,GRAY_0P50_1P00,False,True,1.1451435326831172,FULL_CLOSE_050
PAPER:CATIUSDT:1790857799999:SHORT,CATIUSDT,fresh,Fresh_2026-10-01,2,0.786479,GRAY_0P50_1P00,False,True,-1.3559082986965152,BE0.10
PAPER:PEOPLEUSDT:1791019199999:SHORT,PEOPLEUSDT,fresh,Fresh_2026-10-03,2,0.148664,BAD_A_LT_0P30,False,True,-0.6127236177572708,HIST_TIME_FALLBACK
PAPER:XPLUSDT:1790952899999:SHORT,XPLUSDT,fresh,Fresh_2026-10-02,0,1.788566,TARGET_GE_1P00,False,True,-3.7469835621939516,HIST_TIME_FALLBACK