n_features,need,percentile,features,transport_candidate,train_bad,train_precision,oos_bad,oos_precision,holdout_research_bad,holdout_research_precision,fresh_bad,fresh_precision,all_bad,all_target,all_strong,all_pnl
2,2,0.15,f_micro_distance_selected_extreme_15m|f_ret_1h_pct_for_selected,True,17,0.8095238095238095,30,0.6976744186046512,6,0.6666666666666666,24,0.7058823529411765,47,17,17,-102.85425138451092
2,2,0.2,f_micro_distance_selected_extreme_15m|f_ret_1h_pct_for_selected,True,22,0.8148148148148148,50,0.746268656716418,8,0.6666666666666666,42,0.7636363636363637,72,22,22,-164.59232757682898
2,2,0.25,f_micro_distance_selected_extreme_15m|f_ret_1h_pct_for_selected,True,28,0.8484848484848485,64,0.7441860465116279,9,0.6923076923076923,55,0.7534246575342466,92,27,26,-199.843307088503
2,2,0.3,f_micro_distance_selected_extreme_15m|f_ret_1h_pct_for_selected,True,31,0.8378378378378378,84,0.711864406779661,12,0.6666666666666666,72,0.72,115,40,37,-226.74145318773216
2,2,0.35,f_micro_distance_selected_extreme_15m|f_ret_1h_pct_for_selected,True,32,0.8,97,0.708029197080292,14,0.6363636363636364,83,0.7217391304347827,129,48,43,-220.47383646138852
2,2,0.4,f_micro_distance_selected_extreme_15m|f_ret_1h_pct_for_selected,True,35,0.7777777777777778,121,0.7159763313609467,15,0.625,106,0.7310344827586207,156,58,52,-267.5925329314789
2,2,0.45,f_micro_distance_selected_extreme_15m|f_ret_1h_pct_for_selected,True,39,0.7647058823529411,165,0.7081545064377682,29,0.6444444444444445,136,0.723404255319149,204,80,74,-320.53127625016816
2,2,0.15,f_micro_distance_selected_extreme_15m|f_f_relative_overextension_30m,False,4,1.0,21,0.7,2,0.4,19,0.76,25,9,9,-43.94363186207859
2,2,0.2,f_micro_distance_selected_extreme_15m|f_f_relative_overextension_30m,False,8,1.0,33,0.7674418604651163,4,0.5,29,0.8285714285714286,41,10,10,-90.63158502038046
2,2,0.25,f_micro_distance_selected_extreme_15m|f_f_relative_overextension_30m,True,13,0.7647058823529411,40,0.7843137254901961,4,0.5,36,0.8372093023255814,53,15,15,-115.08628366969656
2,2,0.3,f_micro_distance_selected_extreme_15m|f_f_relative_overextension_30m,False,22,0.7096774193548387,61,0.7349397590361446,9,0.6,52,0.7647058823529411,83,31,30,-114.84921347318365
2,2,0.35,f_micro_distance_selected_extreme_15m|f_f_relative_overextension_30m,False,27,0.7105263157894737,89,0.7295081967213115,13,0.5652173913043478,76,0.7676767676767676,116,44,40,-136.4763097772229
2,2,0.4,f_micro_distance_selected_extreme_15m|f_f_relative_overextension_30m,False,29,0.6904761904761905,100,0.6993006993006993,16,0.5714285714285714,84,0.7304347826086957,129,56,51,-145.51923595260058
2,2,0.45,f_micro_distance_selected_extreme_15m|f_f_relative_overextension_30m,False,31,0.6595744680851063,114,0.6951219512195121,19,0.5757575757575758,95,0.7251908396946565,145,66,60,-160.12270288028594
2,2,0.15,f_micro_distance_selected_extreme_15m|f_median_abs_ret_5m_pct,False,8,0.8888888888888888,41,0.7454545454545455,5,0.7142857142857143,36,0.75,49,15,14,-88.67779432570917
2,2,0.2,f_micro_distance_selected_extreme_15m|f_median_abs_ret_5m_pct,True,13,0.8666666666666667,60,0.7142857142857143,7,0.6363636363636364,53,0.726027397260274,73,26,22,-137.99553146116943
2,2,0.25,f_micro_distance_selected_extreme_15m|f_median_abs_ret_5m_pct,True,14,0.7777777777777778,75,0.6696428571428571,9,0.5625,66,0.6875,89,41,36,-135.69962153830272
2,2,0.3,f_micro_distance_selected_extreme_15m|f_median_abs_ret_5m_pct,True,16,0.7272727272727273,87,0.6850393700787402,11,0.6111111111111112,76,0.6972477064220184,103,46,41,-146.7710699239754
2,2,0.35,f_micro_distance_selected_extreme_15m|f_median_abs_ret_5m_pct,False,22,0.7333333333333333,105,0.6687898089171974,16,0.64,89,0.6742424242424242,127,60,54,-158.59578536300248
2,2,0.4,f_micro_distance_selected_extreme_15m|f_median_abs_ret_5m_pct,False,28,0.717948717948718,123,0.6871508379888268,19,0.6785714285714286,104,0.6887417218543046,151,67,60,-198.32003451383673
2,2,0.45,f_micro_distance_selected_extreme_15m|f_median_abs_ret_5m_pct,False,33,0.7021276595744681,142,0.6859903381642513,25,0.7142857142857143,117,0.6802325581395349,175,79,72,-219.32087661862283
2,2,0.15,f_micro_distance_selected_extreme_15m|f_context_quote_volume_5m,True,14,0.875,41,0.7592592592592593,6,0.6666666666666666,35,0.7777777777777778,55,15,14,-140.86237935043937
2,2,0.2,f_micro_distance_selected_extreme_15m|f_context_quote_volume_5m,True,17,0.7727272727272727,62,0.7380952380952381,8,0.5714285714285714,54,0.7714285714285715,79,27,23,-155.1259385282528
2,2,0.25,f_micro_distance_selected_extreme_15m|f_context_quote_volume_5m,True,20,0.7407407407407407,72,0.6923076923076923,10,0.5263157894736842,62,0.7294117647058823,92,39,34,-172.04151211200067
2,2,0.3,f_micro_distance_selected_extreme_15m|f_context_quote_volume_5m,False,22,0.6875,91,0.7054263565891473,12,0.5714285714285714,79,0.7314814814814815,113,48,43,-192.72505820712004
2,2,0.35,f_micro_distance_selected_extreme_15m|f_context_quote_volume_5m,False,25,0.6578947368421053,103,0.6959459459459459,14,0.56,89,0.7235772357723578,128,58,52,-182.48681530045639
2,2,0.4,f_micro_distance_selected_extreme_15m|f_context_quote_volume_5m,False,29,0.6590909090909091,114,0.7037037037037037,16,0.5714285714285714,98,0.7313432835820896,143,63,57,-203.52992558069286
2,2,0.45,f_micro_distance_selected_extreme_15m|f_context_quote_volume_5m,False,34,0.6666666666666666,129,0.6825396825396826,20,0.6060606060606061,109,0.6987179487179487,163,77,71,-204.52742956974745
2,2,0.15,f_micro_distance_selected_extreme_15m|f_gate_side_ret_3m_pct,False,2,0.5,22,0.6666666666666666,4,0.5714285714285714,18,0.6923076923076923,24,13,13,-52.40338998780899
2,2,0.2,f_micro_distance_selected_extreme_15m|f_gate_side_ret_3m_pct,False,4,0.5714285714285714,38,0.6551724137931034,6,0.46153846153846156,32,0.7111111111111111,42,23,23,-49.50225129563564
2,2,0.25,f_micro_distance_selected_extreme_15m|f_gate_side_ret_3m_pct,False,9,0.6923076923076923,49,0.6125,8,0.47058823529411764,41,0.6507936507936508,58,35,35,-50.68445864286065
2,2,0.3,f_micro_distance_selected_extreme_15m|f_gate_side_ret_3m_pct,False,12,0.6,60,0.631578947368421,10,0.5263157894736842,50,0.6578947368421053,72,43,42,-63.923005934409055
2,2,0.35,f_micro_distance_selected_extreme_15m|f_gate_side_ret_3m_pct,False,18,0.6666666666666666,80,0.6557377049180327,11,0.55,69,0.6764705882352942,98,51,49,-99.46483620336157
2,2,0.4,f_micro_distance_selected_extreme_15m|f_gate_side_ret_3m_pct,False,21,0.6774193548387096,94,0.6527777777777778,13,0.5416666666666666,81,0.675,115,60,57,-122.79393112876556
2,2,0.45,f_micro_distance_selected_extreme_15m|f_gate_side_ret_3m_pct,False,25,0.6578947368421053,108,0.6625766871165644,17,0.5862068965517241,91,0.6791044776119403,133,68,65,-137.53400165656214
2,2,0.15,f_micro_distance_selected_extreme_15m|f_f_coin_residual_5m_vs_btc,False,14,0.875,25,0.7352941176470589,1,0.5,24,0.75,39,11,10,-100.69118735990196
2,2,0.2,f_micro_distance_selected_extreme_15m|f_f_coin_residual_5m_vs_btc,True,15,0.8823529411764706,32,0.6956521739130435,4,0.8,28,0.6829268292682927,47,16,15,-108.40045944730511
2,2,0.25,f_micro_distance_selected_extreme_15m|f_f_coin_residual_5m_vs_btc,False,17,0.7727272727272727,52,0.6419753086419753,9,0.75,43,0.6231884057971014,69,34,32,-99.57653137172666
2,2,0.3,f_micro_distance_selected_extreme_15m|f_f_coin_residual_5m_vs_btc,False,18,0.75,56,0.6363636363636364,9,0.6923076923076923,47,0.6266666666666667,74,38,35,-102.94854830737356
2,2,0.35,f_micro_distance_selected_extreme_15m|f_f_coin_residual_5m_vs_btc,False,21,0.7,85,0.68,11,0.6111111111111112,74,0.6915887850467289,106,49,44,-161.81910201296938
2,2,0.4,f_micro_distance_selected_extreme_15m|f_f_coin_residual_5m_vs_btc,False,26,0.6666666666666666,105,0.6645569620253164,14,0.5833333333333334,91,0.6791044776119403,131,66,60,-186.60107341152806
2,2,0.45,f_micro_distance_selected_extreme_15m|f_f_coin_residual_5m_vs_btc,False,32,0.6666666666666666,127,0.654639175257732,18,0.5806451612903226,109,0.6687116564417178,159,83,76,-200.79851729110575
2,2,0.15,f_micro_distance_selected_extreme_15m|f_micro_selected_vwap_extension_20,False,0,0.0,22,0.7333333333333333,6,0.8571428571428571,16,0.6956521739130435,22,9,8,-37.07885152504812
2,2,0.2,f_micro_distance_selected_extreme_15m|f_micro_selected_vwap_extension_20,False,5,0.7142857142857143,45,0.75,8,0.6666666666666666,37,0.7708333333333334,50,17,15,-51.43847519213648
2,2,0.25,f_micro_distance_selected_extreme_15m|f_micro_selected_vwap_extension_20,False,8,0.7272727272727273,56,0.7,11,0.6111111111111112,45,0.7258064516129032,64,27,24,-43.53691556146707
2,2,0.3,f_micro_distance_selected_extreme_15m|f_micro_selected_vwap_extension_20,True,13,0.8125,67,0.6907216494845361,12,0.5714285714285714,55,0.7236842105263158,80,33,30,-63.04746102547044
2,2,0.35,f_micro_distance_selected_extreme_15m|f_micro_selected_vwap_extension_20,False,13,0.6842105263157895,84,0.7058823529411765,17,0.6296296296296297,67,0.7282608695652174,97,41,37,-87.63862555416362
2,2,0.4,f_micro_distance_selected_extreme_15m|f_micro_selected_vwap_extension_20,False,19,0.7037037037037037,101,0.6688741721854304,19,0.6129032258064516,82,0.6833333333333333,120,58,53,-109.3404532940686
2,2,0.45,f_micro_distance_selected_extreme_15m|f_micro_selected_vwap_extension_20,False,24,0.6666666666666666,127,0.6649214659685864,22,0.6111111111111112,105,0.6774193548387096,151,76,70,-143.54723332653288
2,2,0.15,f_ret_1h_pct_for_selected|f_f_relative_overextension_30m,False,6,0.5454545454545454,26,0.5909090909090909,5,0.625,21,0.5833333333333334,32,23,18,-59.87221025508176
2,2,0.2,f_ret_1h_pct_for_selected|f_f_relative_overextension_30m,False,8,0.6153846153846154,41,0.6833333333333333,7,0.7,34,0.68,49,24,19,-108.63103197656783
2,2,0.25,f_ret_1h_pct_for_selected|f_f_relative_overextension_30m,False,13,0.65,57,0.7402597402597403,9,0.75,48,0.7384615384615385,70,27,22,-150.92401149902767
2,2,0.3,f_ret_1h_pct_for_selected|f_f_relative_overextension_30m,True,21,0.7241379310344828,88,0.7394957983193278,14,0.7777777777777778,74,0.7326732673267327,109,39,34,-203.21540302553393
2,2,0.35,f_ret_1h_pct_for_selected|f_f_relative_overextension_30m,False,26,0.7027027027027027,119,0.7391304347826086,20,0.7407407407407407,99,0.7388059701492538,145,53,46,-236.47921405849124
2,2,0.4,f_ret_1h_pct_for_selected|f_f_relative_overextension_30m,False,30,0.6976744186046512,142,0.7282051282051282,26,0.7222222222222222,116,0.7295597484276729,172,66,56,-275.85802338511263
2,2,0.45,f_ret_1h_pct_for_selected|f_f_relative_overextension_30m,False,36,0.7058823529411765,172,0.7020408163265306,33,0.7021276595744681,139,0.702020202020202,208,88,77,-319.2285239926856
2,2,0.15,f_ret_1h_pct_for_selected|f_median_abs_ret_5m_pct,False,3,0.6,31,0.7209302325581395,5,0.8333333333333334,26,0.7027027027027027,34,14,13,-72.04662596458152
2,2,0.2,f_ret_1h_pct_for_selected|f_median_abs_ret_5m_pct,False,8,0.6153846153846154,63,0.7682926829268293,9,0.8181818181818182,54,0.7605633802816901,71,24,23,-150.35076750717215
2,2,0.25,f_ret_1h_pct_for_selected|f_median_abs_ret_5m_pct,False,12,0.6,84,0.75,11,0.7857142857142857,73,0.7448979591836735,96,36,33,-175.74919839739204
2,2,0.3,f_ret_1h_pct_for_selected|f_median_abs_ret_5m_pct,False,14,0.5185185185185185,101,0.7214285714285714,13,0.7647058823529411,88,0.7154471544715447,115,52,48,-168.47863385860765
2,2,0.35,f_ret_1h_pct_for_selected|f_median_abs_ret_5m_pct,False,22,0.6111111111111112,117,0.7134146341463414,17,0.7083333333333334,100,0.7142857142857143,139,61,56,-188.22764782393725
2,2,0.4,f_ret_1h_pct_for_selected|f_median_abs_ret_5m_pct,False,28,0.6086956521739131,141,0.7121212121212122,22,0.7586206896551724,119,0.7041420118343196,169,75,65,-239.92188147896928
2,2,0.45,f_ret_1h_pct_for_selected|f_median_abs_ret_5m_pct,False,36,0.6428571428571429,185,0.7061068702290076,37,0.7872340425531915,148,0.6883720930232559,221,97,83,-337.3896422716054
2,2,0.15,f_ret_1h_pct_for_selected|f_context_quote_volume_5m,False,10,0.7692307692307693,24,0.6857142857142857,5,0.7142857142857143,19,0.6785714285714286,34,14,13,-69.7153285026308
2,2,0.2,f_ret_1h_pct_for_selected|f_context_quote_volume_5m,True,16,0.8421052631578947,50,0.8064516129032258,7,0.7777777777777778,43,0.8113207547169812,66,15,14,-145.01058961018452
2,2,0.25,f_ret_1h_pct_for_selected|f_context_quote_volume_5m,True,18,0.75,66,0.7674418604651163,10,0.7692307692307693,56,0.7671232876712328,84,26,24,-181.22730700414886
2,2,0.3,f_ret_1h_pct_for_selected|f_context_quote_volume_5m,True,23,0.7419354838709677,97,0.7461538461538462,14,0.7368421052631579,83,0.7477477477477478,120,41,37,-237.10512624733758
2,2,0.35,f_ret_1h_pct_for_selected|f_context_quote_volume_5m,True,27,0.7297297297297297,110,0.7236842105263158,15,0.6521739130434783,95,0.7364341085271318,137,52,47,-231.16772520011997
2,2,0.4,f_ret_1h_pct_for_selected|f_context_quote_volume_5m,False,31,0.7045454545454546,127,0.7134831460674157,17,0.6296296296296297,110,0.7284768211920529,158,64,56,-258.2940130659557
2,2,0.45,f_ret_1h_pct_for_selected|f_context_quote_volume_5m,False,36,0.7058823529411765,162,0.7012987012987013,27,0.6923076923076923,135,0.703125,198,84,74,-325.06332274058525
2,2,0.15,f_ret_1h_pct_for_selected|f_gate_side_ret_3m_pct,False,6,0.75,28,0.7368421052631579,3,0.6,25,0.7575757575757576,34,12,9,-70.90418995876877
2,2,0.2,f_ret_1h_pct_for_selected|f_gate_side_ret_3m_pct,False,8,0.6666666666666666,49,0.7538461538461538,7,0.6363636363636364,42,0.7777777777777778,57,20,17,-119.76988589852958
2,2,0.25,f_ret_1h_pct_for_selected|f_gate_side_ret_3m_pct,False,11,0.6875,69,0.7582417582417582,11,0.7333333333333333,58,0.7631578947368421,80,27,23,-152.1229704588306
2,2,0.3,f_ret_1h_pct_for_selected|f_gate_side_ret_3m_pct,False,12,0.6666666666666666,85,0.7142857142857143,12,0.75,73,0.7087378640776699,97,40,35,-160.96199396966745
2,2,0.35,f_ret_1h_pct_for_selected|f_gate_side_ret_3m_pct,False,18,0.6666666666666666,102,0.7083333333333334,14,0.7,88,0.7096774193548387,120,51,44,-165.60722158883414
2,2,0.4,f_ret_1h_pct_for_selected|f_gate_side_ret_3m_pct,False,23,0.696969696969697,124,0.7045454545454546,18,0.6923076923076923,106,0.7066666666666667,147,62,52,-218.03465494482103
2,2,0.45,f_ret_1h_pct_for_selected|f_gate_side_ret_3m_pct,False,29,0.6744186046511628,151,0.695852534562212,25,0.6944444444444444,126,0.6961325966850829,180,80,69,-263.42219519505966
2,2,0.15,f_ret_1h_pct_for_selected|f_f_coin_residual_5m_vs_btc,False,10,0.7692307692307693,14,0.6666666666666666,1,0.5,13,0.6842105263157895,24,10,8,-70.07057984008193
2,2,0.2,f_ret_1h_pct_for_selected|f_f_coin_residual_5m_vs_btc,True,12,0.75,29,0.7631578947368421,3,0.75,26,0.7647058823529411,41,13,11,-111.00917227785088
2,2,0.25,f_ret_1h_pct_for_selected|f_f_coin_residual_5m_vs_btc,True,15,0.7894736842105263,50,0.7692307692307693,7,0.7777777777777778,43,0.7678571428571429,65,19,17,-163.82733629380425
2,2,0.3,f_ret_1h_pct_for_selected|f_f_coin_residual_5m_vs_btc,True,18,0.72,66,0.7021276595744681,9,0.8181818181818182,57,0.6867469879518072,84,35,32,-163.23542856904663
2,2,0.35,f_ret_1h_pct_for_selected|f_f_coin_residual_5m_vs_btc,False,19,0.7037037037037037,95,0.7037037037037037,12,0.6666666666666666,83,0.7094017094017094,114,48,44,-193.48021512746686
2,2,0.4,f_ret_1h_pct_for_selected|f_f_coin_residual_5m_vs_btc,True,28,0.7368421052631579,119,0.7041420118343196,17,0.68,102,0.7083333333333334,147,60,52,-263.21778343603444
2,2,0.45,f_ret_1h_pct_for_selected|f_f_coin_residual_5m_vs_btc,False,36,0.7346938775510204,162,0.6923076923076923,26,0.7027027027027027,136,0.6903553299492385,198,85,76,-333.96730461495275
2,2,0.15,f_ret_1h_pct_for_selected|f_micro_selected_vwap_extension_20,False,2,0.6666666666666666,26,0.7647058823529411,6,0.8571428571428571,20,0.7407407407407407,28,9,9,-61.29439837542835
2,2,0.2,f_ret_1h_pct_for_selected|f_micro_selected_vwap_extension_20,False,7,0.7,49,0.7205882352941176,9,0.8181818181818182,40,0.7017543859649122,56,22,21,-107.14241769543358
2,2,0.25,f_ret_1h_pct_for_selected|f_micro_selected_vwap_extension_20,False,9,0.6428571428571429,70,0.7368421052631579,9,0.6923076923076923,61,0.7439024390243902,79,30,28,-140.97271248050936
2,2,0.3,f_ret_1h_pct_for_selected|f_micro_selected_vwap_extension_20,False,13,0.5652173913043478,87,0.696,12,0.7058823529411765,75,0.6944444444444444,100,48,43,-140.8290272577455
2,2,0.35,f_ret_1h_pct_for_selected|f_micro_selected_vwap_extension_20,False,17,0.6071428571428571,103,0.7054794520547946,17,0.68,86,0.7107438016528925,120,54,49,-143.78831600241574
2,2,0.4,f_ret_1h_pct_for_selected|f_micro_selected_vwap_extension_20,False,23,0.6216216216216216,129,0.6789473684210526,22,0.7096774193548387,107,0.6729559748427673,152,75,64,-195.89964222209795
2,2,0.45,f_ret_1h_pct_for_selected|f_micro_selected_vwap_extension_20,False,34,0.6666666666666666,184,0.6789667896678967,37,0.7254901960784313,147,0.6681818181818182,218,104,90,-320.2286417608317
2,2,0.15,f_f_relative_overextension_30m|f_median_abs_ret_5m_pct,False,2,0.6666666666666666,15,0.7142857142857143,1,0.5,14,0.7368421052631579,17,7,6,-36.6389380357563
2,2,0.2,f_f_relative_overextension_30m|f_median_abs_ret_5m_pct,False,4,0.5714285714285714,27,0.75,2,0.6666666666666666,25,0.7575757575757576,31,12,11,-74.26473367391901
2,2,0.25,f_f_relative_overextension_30m|f_median_abs_ret_5m_pct,False,8,0.6666666666666666,42,0.7636363636363637,3,0.6,39,0.78,50,17,14,-112.82348868104334
2,2,0.3,f_f_relative_overextension_30m|f_median_abs_ret_5m_pct,False,12,0.631578947368421,81,0.7714285714285715,11,0.7333333333333333,70,0.7777777777777778,93,31,26,-130.59464789700738
2,2,0.35,f_f_relative_overextension_30m|f_median_abs_ret_5m_pct,False,20,0.6451612903225806,126,0.7636363636363637,18,0.72,108,0.7714285714285715,146,50,44,-204.54641057439298
2,2,0.4,f_f_relative_overextension_30m|f_median_abs_ret_5m_pct,False,25,0.625,139,0.7554347826086957,24,0.7741935483870968,115,0.7516339869281046,164,60,53,-234.39742620133367
2,2,0.45,f_f_relative_overextension_30m|f_median_abs_ret_5m_pct,False,28,0.6222222222222222,150,0.7389162561576355,27,0.75,123,0.7365269461077845,178,70,61,-267.32277683389424
2,2,0.15,f_f_relative_overextension_30m|f_context_quote_volume_5m,False,4,0.5,16,0.6666666666666666,1,0.3333333333333333,15,0.7142857142857143,20,12,11,-34.56610375587187
2,2,0.2,f_f_relative_overextension_30m|f_context_quote_volume_5m,False,7,0.6363636363636364,30,0.7692307692307693,2,0.5,28,0.8,37,13,12,-93.33878617423731
2,2,0.25,f_f_relative_overextension_30m|f_context_quote_volume_5m,False,12,0.6666666666666666,39,0.75,3,0.42857142857142855,36,0.8,51,19,17,-127.73610831176687
2,2,0.3,f_f_relative_overextension_30m|f_context_quote_volume_5m,False,18,0.6666666666666666,66,0.7674418604651163,8,0.6153846153846154,58,0.7945205479452054,84,29,26,-152.76847605750146
2,2,0.35,f_f_relative_overextension_30m|f_context_quote_volume_5m,False,25,0.6944444444444444,102,0.7285714285714285,15,0.5769230769230769,87,0.7631578947368421,127,49,44,-189.5745449853633
2,2,0.4,f_f_relative_overextension_30m|f_context_quote_volume_5m,False,26,0.6842105263157895,114,0.7125,21,0.6363636363636364,93,0.7322834645669292,140,58,52,-200.93223250787403
2,2,0.45,f_f_relative_overextension_30m|f_context_quote_volume_5m,False,29,0.6744186046511628,127,0.7055555555555556,23,0.6216216216216216,104,0.7272727272727273,156,67,60,-228.8164660341597
2,2,0.15,f_f_relative_overextension_30m|f_gate_side_ret_3m_pct,False,1,0.3333333333333333,16,0.6956521739130435,2,0.5,14,0.7368421052631579,17,9,6,-38.70129155745459
2,2,0.2,f_f_relative_overextension_30m|f_gate_side_ret_3m_pct,False,1,0.25,29,0.7631578947368421,5,0.7142857142857143,24,0.7741935483870968,30,12,9,-68.95659017574607
2,2,0.25,f_f_relative_overextension_30m|f_gate_side_ret_3m_pct,False,4,0.4444444444444444,40,0.7692307692307693,6,0.75,34,0.7727272727272727,44,17,13,-111.71389236656582
2,2,0.3,f_f_relative_overextension_30m|f_gate_side_ret_3m_pct,False,8,0.5,65,0.7558139534883721,12,0.6666666666666666,53,0.7794117647058824,73,29,24,-106.13541347833878
2,2,0.35,f_f_relative_overextension_30m|f_gate_side_ret_3m_pct,False,14,0.5833333333333334,103,0.7357142857142858,17,0.6296296296296297,86,0.7610619469026548,117,47,41,-164.15142214784393
2,2,0.4,f_f_relative_overextension_30m|f_gate_side_ret_3m_pct,False,19,0.5588235294117647,118,0.7195121951219512,21,0.6774193548387096,97,0.7293233082706767,137,61,54,-198.43021071671288
2,2,0.45,f_f_relative_overextension_30m|f_gate_side_ret_3m_pct,False,21,0.5384615384615384,124,0.7209302325581395,21,0.6774193548387096,103,0.7304964539007093,145,66,59,-206.61585148492705
2,2,0.15,f_f_relative_overextension_30m|f_f_coin_residual_5m_vs_btc,False,3,0.5,17,0.7391304347826086,1,0.5,16,0.7619047619047619,20,9,8,-45.809103751597185
2,2,0.2,f_f_relative_overextension_30m|f_f_coin_residual_5m_vs_btc,False,5,0.5555555555555556,21,0.6774193548387096,2,0.5,19,0.7037037037037037,26,14,13,-69.9708511733457
2,2,0.25,f_f_relative_overextension_30m|f_f_coin_residual_5m_vs_btc,False,10,0.625,35,0.7142857142857143,4,0.5714285714285714,31,0.7380952380952381,45,20,18,-125.2010521312494
2,2,0.3,f_f_relative_overextension_30m|f_f_coin_residual_5m_vs_btc,False,17,0.68,60,0.6976744186046512,9,0.6,51,0.7183098591549296,77,34,30,-115.78465199740035
2,2,0.35,f_f_relative_overextension_30m|f_f_coin_residual_5m_vs_btc,False,22,0.6470588235294118,106,0.7114093959731543,14,0.5833333333333334,92,0.736,128,55,49,-195.173858831332
2,2,0.4,f_f_relative_overextension_30m|f_f_coin_residual_5m_vs_btc,False,25,0.5952380952380952,129,0.712707182320442,20,0.625,109,0.7315436241610739,154,69,63,-257.88876213738365
2,2,0.45,f_f_relative_overextension_30m|f_f_coin_residual_5m_vs_btc,False,30,0.5882352941176471,145,0.7107843137254902,21,0.6176470588235294,124,0.7294117647058823,175,80,72,-284.3132455444864
2,2,0.15,f_f_relative_overextension_30m|f_micro_selected_vwap_extension_20,False,2,0.5,18,0.782608695652174,2,0.5,16,0.8421052631578947,20,7,7,-52.0821829053187
2,2,0.2,f_f_relative_overextension_30m|f_micro_selected_vwap_extension_20,False,3,0.5,31,0.7045454545454546,2,0.4,29,0.7435897435897436,34,16,14,-79.51332909473572
2,2,0.25,f_f_relative_overextension_30m|f_micro_selected_vwap_extension_20,False,8,0.6153846153846154,45,0.7258064516129032,3,0.42857142857142855,42,0.7636363636363637,53,22,19,-123.34924158854203
2,2,0.3,f_f_relative_overextension_30m|f_micro_selected_vwap_extension_20,False,14,0.6666666666666666,79,0.7383177570093458,11,0.6111111111111112,68,0.7640449438202247,93,35,30,-134.97379451922865
2,2,0.35,f_f_relative_overextension_30m|f_micro_selected_vwap_extension_20,False,18,0.6206896551724138,124,0.7380952380952381,20,0.625,104,0.7647058823529411,142,55,49,-188.98246719360614
2,2,0.4,f_f_relative_overextension_30m|f_micro_selected_vwap_extension_20,False,21,0.6,138,0.711340206185567,27,0.6923076923076923,111,0.7161290322580646,159,70,64,-206.64729388552672
2,2,0.45,f_f_relative_overextension_30m|f_micro_selected_vwap_extension_20,False,27,0.627906976744186,156,0.6995515695067265,29,0.6590909090909091,127,0.7094972067039106,183,83,74,-257.133742595527
2,2,0.15,f_median_abs_ret_5m_pct|f_context_quote_volume_5m,False,5,0.7142857142857143,47,0.7966101694915254,8,0.8,39,0.7959183673469388,52,14,11,-89.06651662289053
2,2,0.2,f_median_abs_ret_5m_pct|f_context_quote_volume_5m,False,8,0.6153846153846154,72,0.782608695652174,11,0.7333333333333333,61,0.7922077922077922,80,25,20,-138.15868015866974
2,2,0.25,f_median_abs_ret_5m_pct|f_context_quote_volume_5m,False,10,0.5555555555555556,89,0.7063492063492064,15,0.6818181818181818,74,0.7115384615384616,99,45,38,-120.75865472475395
2,2,0.3,f_median_abs_ret_5m_pct|f_context_quote_volume_5m,False,12,0.5217391304347826,110,0.6832298136645962,17,0.6538461538461539,93,0.6888888888888889,122,62,54,-139.07154985886507
2,2,0.35,f_median_abs_ret_5m_pct|f_context_quote_volume_5m,False,24,0.6486486486486487,126,0.6702127659574468,19,0.6785714285714286,107,0.66875,150,75,67,-169.12244593952317
2,2,0.4,f_median_abs_ret_5m_pct|f_context_quote_volume_5m,False,28,0.6363636363636364,136,0.6666666666666666,22,0.7096774193548387,114,0.6589595375722543,164,84,75,-189.36794605349272
2,2,0.45,f_median_abs_ret_5m_pct|f_context_quote_volume_5m,False,34,0.6538461538461539,149,0.6563876651982379,27,0.7105263157894737,122,0.6455026455026455,183,96,85,-190.8455361317739
2,2,0.15,f_median_abs_ret_5m_pct|f_gate_side_ret_3m_pct,False,2,0.4,31,0.6888888888888889,2,0.6666666666666666,29,0.6904761904761905,33,17,13,-65.06144072195926
2,2,0.2,f_median_abs_ret_5m_pct|f_gate_side_ret_3m_pct,False,5,0.5,55,0.7142857142857143,4,0.5714285714285714,51,0.7285714285714285,60,27,23,-106.71798220862601
2,2,0.25,f_median_abs_ret_5m_pct|f_gate_side_ret_3m_pct,False,9,0.5625,77,0.6875,9,0.6,68,0.7010309278350515,86,42,37,-108.95980435141374
2,2,0.3,f_median_abs_ret_5m_pct|f_gate_side_ret_3m_pct,False,13,0.6190476190476191,88,0.6984126984126984,10,0.625,78,0.7090909090909091,101,46,41,-130.18852020400664
2,2,0.35,f_median_abs_ret_5m_pct|f_gate_side_ret_3m_pct,False,21,0.7,113,0.6608187134502924,16,0.6153846153846154,97,0.6689655172413793,134,67,60,-152.1787562672817
2,2,0.4,f_median_abs_ret_5m_pct|f_gate_side_ret_3m_pct,False,27,0.6923076923076923,120,0.6417112299465241,18,0.6428571428571429,102,0.6415094339622641,147,79,69,-179.6576699170853
2,2,0.45,f_median_abs_ret_5m_pct|f_gate_side_ret_3m_pct,False,29,0.6590909090909091,132,0.6439024390243903,21,0.65625,111,0.6416184971098265,161,88,77,-196.6672834169009
2,2,0.15,f_median_abs_ret_5m_pct|f_f_coin_residual_5m_vs_btc,False,5,0.625,28,0.6829268292682927,2,0.6666666666666666,26,0.6842105263157895,33,16,14,-38.511948363081345
2,2,0.2,f_median_abs_ret_5m_pct|f_f_coin_residual_5m_vs_btc,False,7,0.6363636363636364,37,0.6727272727272727,3,0.75,34,0.6666666666666666,44,22,20,-71.44193401982277
2,2,0.25,f_median_abs_ret_5m_pct|f_f_coin_residual_5m_vs_btc,False,10,0.625,60,0.631578947368421,6,0.6,54,0.6352941176470588,70,41,37,-85.90557896025527
2,2,0.3,f_median_abs_ret_5m_pct|f_f_coin_residual_5m_vs_btc,False,12,0.5714285714285714,71,0.6228070175438597,6,0.5454545454545454,65,0.6310679611650486,83,52,45,-96.34983830841277
2,2,0.35,f_median_abs_ret_5m_pct|f_f_coin_residual_5m_vs_btc,False,17,0.5862068965517241,113,0.6608187134502924,15,0.625,98,0.6666666666666666,130,70,61,-162.49563209632717
2,2,0.4,f_median_abs_ret_5m_pct|f_f_coin_residual_5m_vs_btc,False,25,0.625,134,0.67,21,0.6774193548387096,113,0.6686390532544378,159,81,70,-220.38755247988337
2,2,0.45,f_median_abs_ret_5m_pct|f_f_coin_residual_5m_vs_btc,False,31,0.6326530612244898,157,0.6738197424892703,24,0.6666666666666666,133,0.6751269035532995,188,94,81,-262.24228635475924
2,2,0.15,f_median_abs_ret_5m_pct|f_micro_selected_vwap_extension_20,False,1,0.2,55,0.7142857142857143,13,0.8666666666666667,42,0.6774193548387096,56,26,23,-82.62580102068057
2,2,0.2,f_median_abs_ret_5m_pct|f_micro_selected_vwap_extension_20,False,8,0.47058823529411764,78,0.6902654867256637,14,0.7,64,0.6881720430107527,86,44,39,-131.84591970806517
2,2,0.25,f_median_abs_ret_5m_pct|f_micro_selected_vwap_extension_20,False,10,0.45454545454545453,97,0.6736111111111112,17,0.68,80,0.6722689075630253,107,59,51,-140.38030427507002
2,2,0.3,f_median_abs_ret_5m_pct|f_micro_selected_vwap_extension_20,False,15,0.4838709677419355,113,0.6766467065868264,21,0.6774193548387096,92,0.6764705882352942,128,70,59,-171.9595395328388
2,2,0.35,f_median_abs_ret_5m_pct|f_micro_selected_vwap_extension_20,False,19,0.5135135135135135,138,0.6764705882352942,27,0.675,111,0.676829268292683,157,84,72,-219.86318301611308
2,2,0.4,f_median_abs_ret_5m_pct|f_micro_selected_vwap_extension_20,False,25,0.5681818181818182,152,0.6608695652173913,29,0.6904761904761905,123,0.6542553191489362,177,97,82,-223.32188673418054
2,2,0.45,f_median_abs_ret_5m_pct|f_micro_selected_vwap_extension_20,False,30,0.5882352941176471,173,0.6628352490421456,33,0.6875,140,0.6572769953051644,203,109,93,-269.32279124737414
2,2,0.15,f_context_quote_volume_5m|f_gate_side_ret_3m_pct,False,1,0.25,26,0.7647058823529411,2,0.5,24,0.8,27,11,9,-23.603648607185193
2,2,0.2,f_context_quote_volume_5m|f_gate_side_ret_3m_pct,False,4,0.4444444444444444,43,0.7413793103448276,3,0.5,40,0.7692307692307693,47,20,18,-45.78031617265369
2,2,0.25,f_context_quote_volume_5m|f_gate_side_ret_3m_pct,False,9,0.6,63,0.6847826086956522,8,0.5333333333333333,55,0.7142857142857143,72,35,32,-67.04313592789241
2,2,0.3,f_context_quote_volume_5m|f_gate_side_ret_3m_pct,False,12,0.6,77,0.6695652173913044,9,0.5,68,0.7010309278350515,89,46,41,-89.58281023928342
2,2,0.35,f_context_quote_volume_5m|f_gate_side_ret_3m_pct,False,18,0.6206896551724138,101,0.6644736842105263,11,0.5238095238095238,90,0.6870229007633588,119,62,56,-101.50367706752537
2,2,0.4,f_context_quote_volume_5m|f_gate_side_ret_3m_pct,False,22,0.6285714285714286,109,0.6488095238095238,14,0.5833333333333334,95,0.6597222222222222,131,72,63,-113.89977033966662
2,2,0.45,f_context_quote_volume_5m|f_gate_side_ret_3m_pct,False,24,0.6153846153846154,118,0.6555555555555556,16,0.5925925925925926,102,0.6666666666666666,142,77,68,-125.47336071929377
2,2,0.15,f_context_quote_volume_5m|f_f_coin_residual_5m_vs_btc,False,12,0.8571428571428571,21,0.75,2,0.6666666666666666,19,0.76,33,9,7,-91.61386824506206
2,2,0.2,f_context_quote_volume_5m|f_f_coin_residual_5m_vs_btc,True,12,0.8,29,0.725,3,0.75,26,0.7222222222222222,41,14,11,-85.195767789687
2,2,0.25,f_context_quote_volume_5m|f_f_coin_residual_5m_vs_btc,False,15,0.7894736842105263,48,0.676056338028169,7,0.7,41,0.6721311475409836,63,27,23,-95.54543553118238
2,2,0.3,f_context_quote_volume_5m|f_f_coin_residual_5m_vs_btc,False,17,0.7391304347826086,60,0.6521739130434783,8,0.6153846153846154,52,0.6582278481012658,77,38,34,-111.9583455329128
2,2,0.35,f_context_quote_volume_5m|f_f_coin_residual_5m_vs_btc,False,20,0.6666666666666666,95,0.6597222222222222,13,0.5652173913043478,82,0.6776859504132231,115,59,54,-143.09505475466622
2,2,0.4,f_context_quote_volume_5m|f_f_coin_residual_5m_vs_btc,False,25,0.6410256410256411,116,0.6705202312138728,18,0.6,98,0.6853146853146853,141,71,64,-199.04470284140368
2,2,0.45,f_context_quote_volume_5m|f_f_coin_residual_5m_vs_btc,False,30,0.6521739130434783,142,0.6761904761904762,21,0.6,121,0.6914285714285714,172,84,76,-212.7957228080899
2,2,0.15,f_context_quote_volume_5m|f_micro_selected_vwap_extension_20,False,2,0.5,35,0.7777777777777778,8,0.8888888888888888,27,0.75,37,12,12,-30.64673558277275
2,2,0.2,f_context_quote_volume_5m|f_micro_selected_vwap_extension_20,False,7,0.6363636363636364,59,0.7283950617283951,11,0.7333333333333333,48,0.7272727272727273,66,26,24,-70.79320269932076
2,2,0.25,f_context_quote_volume_5m|f_micro_selected_vwap_extension_20,False,9,0.6,71,0.6893203883495146,15,0.6521739130434783,56,0.7,80,38,35,-85.79284530419639
2,2,0.3,f_context_quote_volume_5m|f_micro_selected_vwap_extension_20,False,16,0.6666666666666666,88,0.676923076923077,18,0.6428571428571429,70,0.6862745098039216,104,50,45,-118.04183879716032
2,2,0.35,f_context_quote_volume_5m|f_micro_selected_vwap_extension_20,False,17,0.6296296296296297,109,0.6646341463414634,21,0.6363636363636364,88,0.6717557251908397,126,65,60,-117.50741658426692
2,2,0.4,f_context_quote_volume_5m|f_micro_selected_vwap_extension_20,False,18,0.5806451612903226,120,0.6521739130434783,23,0.6388888888888888,97,0.6554054054054054,138,77,69,-135.61807045609996
2,2,0.45,f_context_quote_volume_5m|f_micro_selected_vwap_extension_20,False,27,0.627906976744186,142,0.6635514018691588,26,0.6341463414634146,116,0.6705202312138728,169,88,80,-190.868345282631
2,2,0.15,f_gate_side_ret_3m_pct|f_f_coin_residual_5m_vs_btc,False,3,0.42857142857142855,26,0.7027027027027027,3,0.5,23,0.7419354838709677,29,15,11,-56.196368818229054
2,2,0.2,f_gate_side_ret_3m_pct|f_f_coin_residual_5m_vs_btc,False,4,0.3333333333333333,35,0.6730769230769231,6,0.6666666666666666,29,0.6744186046511628,39,25,21,-55.92979967993087
2,2,0.25,f_gate_side_ret_3m_pct|f_f_coin_residual_5m_vs_btc,False,5,0.35714285714285715,62,0.6391752577319587,10,0.625,52,0.6419753086419753,67,44,38,-49.58025448099063
2,2,0.3,f_gate_side_ret_3m_pct|f_f_coin_residual_5m_vs_btc,False,7,0.3888888888888889,72,0.6371681415929203,13,0.6190476190476191,59,0.6413043478260869,79,52,46,-45.97682972721871
2,2,0.35,f_gate_side_ret_3m_pct|f_f_coin_residual_5m_vs_btc,False,14,0.5,105,0.6363636363636364,17,0.6296296296296297,88,0.6376811594202898,119,74,67,-82.07670464820606
2,2,0.4,f_gate_side_ret_3m_pct|f_f_coin_residual_5m_vs_btc,False,24,0.6,127,0.6512820512820513,22,0.6666666666666666,105,0.6481481481481481,151,84,76,-144.81030049747685
2,2,0.45,f_gate_side_ret_3m_pct|f_f_coin_residual_5m_vs_btc,False,29,0.5918367346938775,145,0.6651376146788991,22,0.6285714285714286,123,0.6721311475409836,174,93,85,-175.64572289281062
2,2,0.15,f_gate_side_ret_3m_pct|f_micro_selected_vwap_extension_20,False,1,0.5,33,0.6875,3,0.375,30,0.75,34,16,14,-37.063402637563875
2,2,0.2,f_gate_side_ret_3m_pct|f_micro_selected_vwap_extension_20,False,8,0.7272727272727273,57,0.6404494382022472,5,0.38461538461538464,52,0.6842105263157895,65,35,31,-54.910227064758516
2,2,0.25,f_gate_side_ret_3m_pct|f_micro_selected_vwap_extension_20,False,14,0.7,83,0.6434108527131783,10,0.5,73,0.6697247706422018,97,52,45,-86.55134897536107
2,2,0.3,f_gate_side_ret_3m_pct|f_micro_selected_vwap_extension_20,False,15,0.625,89,0.644927536231884,11,0.5,78,0.6724137931034483,104,58,50,-90.94328429419535
2,2,0.35,f_gate_side_ret_3m_pct|f_micro_selected_vwap_extension_20,False,17,0.6071428571428571,110,0.6470588235294118,15,0.5555555555555556,95,0.6643356643356644,127,71,61,-110.33704951910867
2,2,0.4,f_gate_side_ret_3m_pct|f_micro_selected_vwap_extension_20,False,23,0.5897435897435898,125,0.6218905472636815,21,0.6176470588235294,104,0.6227544910179641,148,92,79,-122.67650699000603
2,2,0.45,f_gate_side_ret_3m_pct|f_micro_selected_vwap_extension_20,False,27,0.574468085106383,147,0.6447368421052632,23,0.6052631578947368,124,0.6526315789473685,174,101,87,-172.88142251620403
2,2,0.15,f_f_coin_residual_5m_vs_btc|f_micro_selected_vwap_extension_20,False,4,0.5714285714285714,24,0.6857142857142857,2,0.6666666666666666,22,0.6875,28,14,13,-34.66936231820947
2,2,0.2,f_f_coin_residual_5m_vs_btc|f_micro_selected_vwap_extension_20,False,6,0.6666666666666666,35,0.660377358490566,4,0.6666666666666666,31,0.6595744680851063,41,21,20,-52.68498088013949
2,2,0.25,f_f_coin_residual_5m_vs_btc|f_micro_selected_vwap_extension_20,False,8,0.5714285714285714,62,0.6262626262626263,7,0.5384615384615384,55,0.6395348837209303,70,43,37,-67.96747490634553
2,2,0.3,f_f_coin_residual_5m_vs_btc|f_micro_selected_vwap_extension_20,False,12,0.5714285714285714,71,0.6068376068376068,8,0.5714285714285714,63,0.6116504854368932,83,55,47,-70.87230334239082
2,2,0.35,f_f_coin_residual_5m_vs_btc|f_micro_selected_vwap_extension_20,False,15,0.5555555555555556,109,0.6606060606060606,13,0.5652173913043478,96,0.676056338028169,124,68,59,-113.94555335083759
2,2,0.4,f_f_coin_residual_5m_vs_btc|f_micro_selected_vwap_extension_20,False,23,0.6216216216216216,133,0.6456310679611651,22,0.6470588235294118,111,0.6453488372093024,156,87,77,-171.41490498824348
2,2,0.45,f_f_coin_residual_5m_vs_btc|f_micro_selected_vwap_extension_20,False,32,0.64,161,0.6491935483870968,24,0.6153846153846154,137,0.6555023923444976,193,105,93,-222.8280565759523
3,2,0.15,f_micro_distance_selected_extreme_15m|f_ret_1h_pct_for_selected|f_f_relative_overextension_30m,False,19,0.6785714285714286,55,0.6790123456790124,9,0.75,46,0.6666666666666666,74,35,30,-152.14851261837728
3,3,0.15,f_micro_distance_selected_extreme_15m|f_ret_1h_pct_for_selected|f_f_relative_overextension_30m,False,4,1.0,11,0.6111111111111112,2,0.4,9,0.6923076923076923,15,7,7,-27.260790441646996
3,2,0.2,f_micro_distance_selected_extreme_15m|f_ret_1h_pct_for_selected|f_f_relative_overextension_30m,False,24,0.7058823529411765,86,0.7288135593220338,13,0.7222222222222222,73,0.73,110,42,37,-229.09293230752485
3,3,0.2,f_micro_distance_selected_extreme_15m|f_ret_1h_pct_for_selected|f_f_relative_overextension_30m,False,7,1.0,19,0.7307692307692307,3,0.5,16,0.8,26,7,7,-67.3810061331262
3,2,0.25,f_micro_distance_selected_extreme_15m|f_ret_1h_pct_for_selected|f_f_relative_overextension_30m,False,30,0.7142857142857143,105,0.7291666666666666,14,0.7368421052631579,91,0.728,135,51,45,-259.0561716357029
3,3,0.25,f_micro_distance_selected_extreme_15m|f_ret_1h_pct_for_selected|f_f_relative_overextension_30m,True,12,0.8571428571428571,28,0.8,4,0.5714285714285714,24,0.8571428571428571,40,9,9,-103.39871531076214
3,2,0.3,f_micro_distance_selected_extreme_15m|f_ret_1h_pct_for_selected|f_f_relative_overextension_30m,False,38,0.6909090909090909,135,0.703125,21,0.7241379310344828,114,0.6993865030674846,173,74,65,-273.98324672894154
3,3,0.3,f_micro_distance_selected_extreme_15m|f_ret_1h_pct_for_selected|f_f_relative_overextension_30m,True,18,0.8571428571428571,49,0.765625,7,0.6363636363636364,42,0.7924528301886793,67,18,18,-135.4114114787541
3,2,0.35,f_micro_distance_selected_extreme_15m|f_ret_1h_pct_for_selected|f_f_relative_overextension_30m,False,41,0.6721311475409836,161,0.6939655172413793,25,0.6578947368421053,136,0.7010309278350515,202,91,81,-297.3410970558698
3,3,0.35,f_micro_distance_selected_extreme_15m|f_ret_1h_pct_for_selected|f_f_relative_overextension_30m,True,22,0.8148148148148148,72,0.7659574468085106,11,0.6470588235294118,61,0.7922077922077922,94,27,24,-148.0441316206164
3,2,0.4,f_micro_distance_selected_extreme_15m|f_ret_1h_pct_for_selected|f_f_relative_overextension_30m,False,42,0.6363636363636364,191,0.7047970479704797,29,0.6304347826086957,162,0.72,233,104,91,-349.5993038663154
3,3,0.4,f_micro_distance_selected_extreme_15m|f_ret_1h_pct_for_selected|f_f_relative_overextension_30m,True,26,0.8125,86,0.7288135593220338,14,0.6666666666666666,72,0.7422680412371134,112,38,34,-169.68524420143834
3,2,0.45,f_micro_distance_selected_extreme_15m|f_ret_1h_pct_for_selected|f_f_relative_overextension_30m,False,46,0.6133333333333333,233,0.6976047904191617,43,0.6825396825396826,190,0.7011070110701108,279,130,115,-408.10600017455005
3,3,0.45,f_micro_distance_selected_extreme_15m|f_ret_1h_pct_for_selected|f_f_relative_overextension_30m,True,30,0.8108108108108109,109,0.7077922077922078,19,0.6129032258064516,90,0.7317073170731707,139,52,48,-195.88825147429483
3,2,0.15,f_micro_distance_selected_extreme_15m|f_ret_1h_pct_for_selected|f_median_abs_ret_5m_pct,True,24,0.7741935483870968,76,0.7238095238095238,10,0.7142857142857143,66,0.7252747252747253,100,36,34,-194.49329986825242
3,3,0.15,f_micro_distance_selected_extreme_15m|f_ret_1h_pct_for_selected|f_median_abs_ret_5m_pct,False,2,1.0,13,0.7222222222222222,3,0.75,10,0.7142857142857143,15,5,5,-34.542685903274595
3,2,0.2,f_micro_distance_selected_extreme_15m|f_ret_1h_pct_for_selected|f_median_abs_ret_5m_pct,True,31,0.7560975609756098,109,0.7218543046357616,16,0.6666666666666666,93,0.7322834645669292,140,52,47,-268.0779869572831
3,3,0.2,f_micro_distance_selected_extreme_15m|f_ret_1h_pct_for_selected|f_median_abs_ret_5m_pct,False,6,0.8571428571428571,32,0.7804878048780488,4,0.8,28,0.7777777777777778,38,10,10,-92.43031979394372
3,2,0.25,f_micro_distance_selected_extreme_15m|f_ret_1h_pct_for_selected|f_median_abs_ret_5m_pct,False,34,0.723404255319149,131,0.6894736842105263,17,0.6296296296296297,114,0.6993865030674846,165,72,65,-274.68846332548003
3,3,0.25,f_micro_distance_selected_extreme_15m|f_ret_1h_pct_for_selected|f_median_abs_ret_5m_pct,False,10,0.8333333333333334,46,0.7666666666666667,6,0.75,40,0.7692307692307693,56,16,15,-118.30183184935885
3,2,0.3,f_micro_distance_selected_extreme_15m|f_ret_1h_pct_for_selected|f_median_abs_ret_5m_pct,False,37,0.7115384615384616,154,0.6724890829694323,22,0.6666666666666666,132,0.673469387755102,191,90,80,-272.01692363649454
3,3,0.3,f_micro_distance_selected_extreme_15m|f_ret_1h_pct_for_selected|f_median_abs_ret_5m_pct,False,12,0.7058823529411765,59,0.7564102564102564,7,0.7,52,0.7647058823529411,71,24,23,-134.98711666691034
3,2,0.35,f_micro_distance_selected_extreme_15m|f_ret_1h_pct_for_selected|f_median_abs_ret_5m_pct,False,44,0.7096774193548387,173,0.6653846153846154,29,0.6744186046511628,144,0.663594470046083,217,105,93,-304.0223662417199
3,3,0.35,f_micro_distance_selected_extreme_15m|f_ret_1h_pct_for_selected|f_median_abs_ret_5m_pct,True,16,0.7272727272727273,73,0.7373737373737373,9,0.6428571428571429,64,0.7529411764705882,89,32,30,-131.63745170330415
3,2,0.4,f_micro_distance_selected_extreme_15m|f_ret_1h_pct_for_selected|f_median_abs_ret_5m_pct,False,47,0.6714285714285714,197,0.6793103448275862,32,0.6808510638297872,165,0.6790123456790124,244,116,101,-338.75087251724204
3,3,0.4,f_micro_distance_selected_extreme_15m|f_ret_1h_pct_for_selected|f_median_abs_ret_5m_pct,True,22,0.7333333333333333,94,0.734375,12,0.7058823529411765,82,0.7387387387387387,116,42,38,-183.54178820352143
3,2,0.45,f_micro_distance_selected_extreme_15m|f_ret_1h_pct_for_selected|f_median_abs_ret_5m_pct,False,52,0.6666666666666666,240,0.6629834254143646,45,0.6923076923076923,195,0.6565656565656566,292,148,129,-387.113543308669
3,3,0.45,f_micro_distance_selected_extreme_15m|f_ret_1h_pct_for_selected|f_median_abs_ret_5m_pct,True,28,0.7368421052631579,126,0.7411764705882353,23,0.7419354838709677,103,0.7410071942446043,154,54,50,-245.0641259158637
3,2,0.15,f_micro_distance_selected_extreme_15m|f_ret_1h_pct_for_selected|f_context_quote_volume_5m,True,25,0.8333333333333334,77,0.7403846153846154,11,0.7333333333333333,66,0.7415730337078652,102,32,30,-216.02197935772202
3,3,0.15,f_micro_distance_selected_extreme_15m|f_ret_1h_pct_for_selected|f_context_quote_volume_5m,False,8,0.8,9,0.6428571428571429,3,0.6,6,0.6666666666666666,17,7,7,-48.70498993992954
3,2,0.2,f_micro_distance_selected_extreme_15m|f_ret_1h_pct_for_selected|f_context_quote_volume_5m,True,29,0.7631578947368421,116,0.7483870967741936,17,0.68,99,0.7615384615384615,145,48,43,-264.36309272106325
3,3,0.2,f_micro_distance_selected_extreme_15m|f_ret_1h_pct_for_selected|f_context_quote_volume_5m,False,13,0.8666666666666667,23,0.7931034482758621,3,0.6,20,0.8333333333333334,36,8,8,-100.18288149710152
3,2,0.25,f_micro_distance_selected_extreme_15m|f_ret_1h_pct_for_selected|f_context_quote_volume_5m,True,34,0.7391304347826086,126,0.7,17,0.6296296296296297,109,0.7124183006535948,160,66,58,-265.0279869460091
3,3,0.25,f_micro_distance_selected_extreme_15m|f_ret_1h_pct_for_selected|f_context_quote_volume_5m,True,16,0.8421052631578947,38,0.7916666666666666,6,0.6666666666666666,32,0.8205128205128205,54,13,13,-144.0420696293217
3,2,0.3,f_micro_distance_selected_extreme_15m|f_ret_1h_pct_for_selected|f_context_quote_volume_5m,False,42,0.7241379310344828,148,0.6757990867579908,20,0.625,128,0.6844919786096256,190,87,77,-269.85381571855345
3,3,0.3,f_micro_distance_selected_extreme_15m|f_ret_1h_pct_for_selected|f_context_quote_volume_5m,True,17,0.8095238095238095,62,0.7848101265822784,9,0.6923076923076923,53,0.803030303030303,79,21,20,-193.35891096181817
3,2,0.35,f_micro_distance_selected_extreme_15m|f_ret_1h_pct_for_selected|f_context_quote_volume_5m,False,44,0.676923076923077,164,0.6639676113360324,23,0.6052631578947368,141,0.6746411483253588,208,104,92,-264.2288969492477
3,3,0.35,f_micro_distance_selected_extreme_15m|f_ret_1h_pct_for_selected|f_context_quote_volume_5m,True,20,0.8,73,0.7684210526315789,10,0.625,63,0.7974683544303798,93,27,25,-184.94974000635858
3,2,0.4,f_micro_distance_selected_extreme_15m|f_ret_1h_pct_for_selected|f_context_quote_volume_5m,False,49,0.6533333333333333,188,0.6738351254480287,26,0.6046511627906976,162,0.6864406779661016,237,117,103,-296.29799513321234
3,3,0.4,f_micro_distance_selected_extreme_15m|f_ret_1h_pct_for_selected|f_context_quote_volume_5m,True,23,0.7931034482758621,87,0.7565217391304347,11,0.6111111111111112,76,0.7835051546391752,110,34,31,-216.55923822245757
3,2,0.45,f_micro_distance_selected_extreme_15m|f_ret_1h_pct_for_selected|f_context_quote_volume_5m,False,51,0.6144578313253012,230,0.6666666666666666,40,0.6349206349206349,190,0.6737588652482269,281,147,131,-332.12520107236526
3,3,0.45,f_micro_distance_selected_extreme_15m|f_ret_1h_pct_for_selected|f_context_quote_volume_5m,True,29,0.8285714285714286,113,0.7337662337662337,18,0.6666666666666666,95,0.7480314960629921,142,47,44,-258.9984137440678
3,2,0.15,f_micro_distance_selected_extreme_15m|f_ret_1h_pct_for_selected|f_gate_side_ret_3m_pct,True,21,0.7777777777777778,58,0.6904761904761905,9,0.6923076923076923,49,0.6901408450704225,79,32,29,-164.18222067019644
3,3,0.15,f_micro_distance_selected_extreme_15m|f_ret_1h_pct_for_selected|f_gate_side_ret_3m_pct,False,2,0.6666666666666666,11,0.7333333333333333,2,0.5,9,0.8181818181818182,13,5,5,-30.98980533044612
3,2,0.2,f_micro_distance_selected_extreme_15m|f_ret_1h_pct_for_selected|f_gate_side_ret_3m_pct,True,28,0.7777777777777778,101,0.7318840579710145,15,0.625,86,0.7543859649122807,129,45,42,-240.13008732640833
3,3,0.2,f_micro_distance_selected_extreme_15m|f_ret_1h_pct_for_selected|f_gate_side_ret_3m_pct,False,3,0.6,18,0.6923076923076923,3,0.5,15,0.75,21,10,10,-46.86718872229293
3,2,0.25,f_micro_distance_selected_extreme_15m|f_ret_1h_pct_for_selected|f_gate_side_ret_3m_pct,True,34,0.7727272727272727,128,0.6994535519125683,18,0.6206896551724138,110,0.7142857142857143,162,65,60,-257.6988454208465
3,3,0.25,f_micro_distance_selected_extreme_15m|f_ret_1h_pct_for_selected|f_gate_side_ret_3m_pct,False,7,0.7777777777777778,27,0.7297297297297297,5,0.625,22,0.7586206896551724,34,12,12,-72.47594538467388
3,2,0.3,f_micro_distance_selected_extreme_15m|f_ret_1h_pct_for_selected|f_gate_side_ret_3m_pct,False,37,0.6981132075471698,147,0.6621621621621622,22,0.6285714285714286,125,0.6684491978609626,184,91,82,-240.43750592134174
3,3,0.3,f_micro_distance_selected_extreme_15m|f_ret_1h_pct_for_selected|f_gate_side_ret_3m_pct,False,9,0.8181818181818182,41,0.7454545454545455,6,0.6666666666666666,35,0.7608695652173914,50,16,16,-105.59447358523346
3,2,0.35,f_micro_distance_selected_extreme_15m|f_ret_1h_pct_for_selected|f_gate_side_ret_3m_pct,False,42,0.7,165,0.6626506024096386,23,0.6388888888888888,142,0.6666666666666666,207,102,92,-265.9042455822821
3,3,0.35,f_micro_distance_selected_extreme_15m|f_ret_1h_pct_for_selected|f_gate_side_ret_3m_pct,True,13,0.7647058823529411,57,0.7402597402597403,8,0.6153846153846154,49,0.765625,70,24,22,-109.82082433565105
3,2,0.4,f_micro_distance_selected_extreme_15m|f_ret_1h_pct_for_selected|f_gate_side_ret_3m_pct,False,45,0.6716417910447762,193,0.6632302405498282,28,0.6086956521739131,165,0.673469387755102,238,120,107,-295.06172671445677
3,3,0.4,f_micro_distance_selected_extreme_15m|f_ret_1h_pct_for_selected|f_gate_side_ret_3m_pct,True,17,0.8095238095238095,73,0.7373737373737373,9,0.6428571428571429,64,0.7529411764705882,90,30,27,-156.67969614530435
3,2,0.45,f_micro_distance_selected_extreme_15m|f_ret_1h_pct_for_selected|f_gate_side_ret_3m_pct,False,51,0.6538461538461539,230,0.6628242074927954,41,0.6612903225806451,189,0.6631578947368421,281,144,130,-319.8735600606303
3,3,0.45,f_micro_distance_selected_extreme_15m|f_ret_1h_pct_for_selected|f_gate_side_ret_3m_pct,True,21,0.7777777777777778,97,0.7293233082706767,15,0.625,82,0.7522935779816514,118,42,39,-200.80695652057983
3,2,0.15,f_micro_distance_selected_extreme_15m|f_ret_1h_pct_for_selected|f_f_coin_residual_5m_vs_btc,True,29,0.8055555555555556,63,0.7325581395348837,8,0.7272727272727273,55,0.7333333333333333,92,30,27,-216.06653893179302
3,3,0.15,f_micro_distance_selected_extreme_15m|f_ret_1h_pct_for_selected|f_f_coin_residual_5m_vs_btc,False,6,0.8571428571428571,3,0.5,0,0.0,3,0.6,9,4,4,-28.774739826350896
3,2,0.2,f_micro_distance_selected_extreme_15m|f_ret_1h_pct_for_selected|f_f_coin_residual_5m_vs_btc,True,33,0.825,85,0.7142857142857143,13,0.7647058823529411,72,0.7058823529411765,118,41,38,-249.06549780805693
3,3,0.2,f_micro_distance_selected_extreme_15m|f_ret_1h_pct_for_selected|f_f_coin_residual_5m_vs_btc,False,8,0.8,13,0.8125,1,0.5,12,0.8571428571428571,21,5,5,-67.46823074696403
3,2,0.25,f_micro_distance_selected_extreme_15m|f_ret_1h_pct_for_selected|f_f_coin_residual_5m_vs_btc,True,36,0.782608695652174,116,0.6987951807228916,19,0.7307692307692307,97,0.6928571428571428,152,60,55,-273.56835687061636
3,3,0.25,f_micro_distance_selected_extreme_15m|f_ret_1h_pct_for_selected|f_f_coin_residual_5m_vs_btc,True,12,0.8571428571428571,25,0.7575757575757576,3,0.75,22,0.7586206896551724,37,10,10,-94.83940894170878
3,2,0.3,f_micro_distance_selected_extreme_15m|f_ret_1h_pct_for_selected|f_f_coin_residual_5m_vs_btc,False,39,0.7222222222222222,134,0.6504854368932039,20,0.6666666666666666,114,0.6477272727272727,173,87,78,-271.61422865949214
3,3,0.3,f_micro_distance_selected_extreme_15m|f_ret_1h_pct_for_selected|f_f_coin_residual_5m_vs_btc,True,14,0.875,36,0.7659574468085106,5,0.8333333333333334,31,0.7560975609756098,50,13,13,-110.6556007023301
3,2,0.35,f_micro_distance_selected_extreme_15m|f_ret_1h_pct_for_selected|f_f_coin_residual_5m_vs_btc,False,40,0.7017543859649122,161,0.6680497925311203,21,0.6176470588235294,140,0.6763285024154589,201,97,87,-300.2404774289559
3,3,0.35,f_micro_distance_selected_extreme_15m|f_ret_1h_pct_for_selected|f_f_coin_residual_5m_vs_btc,True,16,0.8,58,0.7435897435897436,8,0.6666666666666666,50,0.7575757575757576,74,24,22,-137.76633808643442
3,2,0.4,f_micro_distance_selected_extreme_15m|f_ret_1h_pct_for_selected|f_f_coin_residual_5m_vs_btc,False,47,0.6714285714285714,193,0.660958904109589,26,0.5777777777777777,167,0.6761133603238867,240,122,108,-348.92531390678204
3,3,0.4,f_micro_distance_selected_extreme_15m|f_ret_1h_pct_for_selected|f_f_coin_residual_5m_vs_btc,True,21,0.8076923076923077,76,0.7450980392156863,10,0.7142857142857143,66,0.75,97,31,28,-184.2430379361297
3,2,0.45,f_micro_distance_selected_extreme_15m|f_ret_1h_pct_for_selected|f_f_coin_residual_5m_vs_btc,False,53,0.6463414634146342,244,0.6684931506849315,41,0.6307692307692307,203,0.6766666666666666,297,150,134,-373.4867135845878
3,3,0.45,f_micro_distance_selected_extreme_15m|f_ret_1h_pct_for_selected|f_f_coin_residual_5m_vs_btc,True,27,0.8181818181818182,105,0.7094594594594594,16,0.6666666666666666,89,0.717741935483871,132,49,46,-240.90519228581945
3,2,0.15,f_micro_distance_selected_extreme_15m|f_ret_1h_pct_for_selected|f_micro_selected_vwap_extension_20,True,19,0.8260869565217391,64,0.735632183908046,10,0.7692307692307693,54,0.7297297297297297,83,27,26,-167.03485814513112
3,3,0.15,f_micro_distance_selected_extreme_15m|f_ret_1h_pct_for_selected|f_micro_selected_vwap_extension_20,False,0,0.0,7,0.7,4,0.8,3,0.6,7,4,4,-17.096321569928126
3,2,0.2,f_micro_distance_selected_extreme_15m|f_ret_1h_pct_for_selected|f_micro_selected_vwap_extension_20,True,28,0.7777777777777778,102,0.7338129496402878,15,0.6521739130434783,87,0.75,130,45,42,-215.2293248323009
3,3,0.2,f_micro_distance_selected_extreme_15m|f_ret_1h_pct_for_selected|f_micro_selected_vwap_extension_20,False,3,0.75,21,0.75,5,0.8333333333333334,16,0.7272727272727273,24,8,8,-53.97194781604907
3,2,0.25,f_micro_distance_selected_extreme_15m|f_ret_1h_pct_for_selected|f_micro_selected_vwap_extension_20,True,33,0.75,128,0.7231638418079096,19,0.6785714285714286,109,0.7315436241610739,161,60,54,-253.97060060594762
3,3,0.25,f_micro_distance_selected_extreme_15m|f_ret_1h_pct_for_selected|f_micro_selected_vwap_extension_20,False,6,0.8571428571428571,31,0.7380952380952381,5,0.625,26,0.7647058823529411,37,12,12,-65.1911672622659
3,2,0.3,f_micro_distance_selected_extreme_15m|f_ret_1h_pct_for_selected|f_micro_selected_vwap_extension_20,False,39,0.7222222222222222,152,0.6785714285714286,24,0.6666666666666666,128,0.6808510638297872,191,87,76,-244.66640402401146
3,3,0.3,f_micro_distance_selected_extreme_15m|f_ret_1h_pct_for_selected|f_micro_selected_vwap_extension_20,False,9,0.8181818181818182,43,0.7413793103448276,6,0.6,37,0.7708333333333334,52,17,17,-92.97576872346833
3,2,0.35,f_micro_distance_selected_extreme_15m|f_ret_1h_pct_for_selected|f_micro_selected_vwap_extension_20,False,44,0.6984126984126984,172,0.688,30,0.6818181818181818,142,0.6893203883495146,216,97,85,-283.7165283539877
3,3,0.35,f_micro_distance_selected_extreme_15m|f_ret_1h_pct_for_selected|f_micro_selected_vwap_extension_20,False,9,0.75,56,0.7368421052631579,9,0.6,47,0.7704918032786885,65,23,22,-84.09212483199008
3,2,0.4,f_micro_distance_selected_extreme_15m|f_ret_1h_pct_for_selected|f_micro_selected_vwap_extension_20,False,49,0.6712328767123288,201,0.6836734693877551,34,0.6538461538461539,167,0.6900826446280992,250,117,101,-334.3704947895671
3,3,0.4,f_micro_distance_selected_extreme_15m|f_ret_1h_pct_for_selected|f_micro_selected_vwap_extension_20,True,14,0.7777777777777778,75,0.6944444444444444,11,0.6470588235294118,64,0.7032967032967034,89,37,34,-119.2310668290392
3,2,0.45,f_micro_distance_selected_extreme_15m|f_ret_1h_pct_for_selected|f_micro_selected_vwap_extension_20,False,55,0.6547619047619048,244,0.6612466124661247,48,0.6857142857142857,196,0.6555183946488294,299,154,136,-390.35269560374303
3,3,0.45,f_micro_distance_selected_extreme_15m|f_ret_1h_pct_for_selected|f_micro_selected_vwap_extension_20,True,21,0.7777777777777778,116,0.7116564417177914,20,0.6451612903225806,96,0.7272727272727273,137,53,49,-196.97722786689485
3,2,0.15,f_micro_distance_selected_extreme_15m|f_f_relative_overextension_30m|f_median_abs_ret_5m_pct,True,12,0.8571428571428571,65,0.7222222222222222,8,0.6666666666666666,57,0.7307692307692307,77,27,25,-134.67264271784526
3,3,0.15,f_micro_distance_selected_extreme_15m|f_f_relative_overextension_30m|f_median_abs_ret_5m_pct,False,1,1.0,6,0.75,0,0.0,6,0.8571428571428571,7,2,2,-17.293860752849397
3,2,0.2,f_micro_distance_selected_extreme_15m|f_f_relative_overextension_30m|f_median_abs_ret_5m_pct,True,17,0.7727272727272727,88,0.704,11,0.6111111111111112,77,0.719626168224299,105,42,37,-193.30032656154697
3,3,0.2,f_micro_distance_selected_extreme_15m|f_f_relative_overextension_30m|f_median_abs_ret_5m_pct,False,4,1.0,16,0.8421052631578947,1,0.5,15,0.8823529411764706,20,3,3,-54.79576179696097
3,2,0.25,f_micro_distance_selected_extreme_15m|f_f_relative_overextension_30m|f_median_abs_ret_5m_pct,True,21,0.7241379310344828,107,0.6772151898734177,14,0.6086956521739131,93,0.6888888888888889,128,59,51,-216.02368497753122
3,3,0.25,f_micro_distance_selected_extreme_15m|f_f_relative_overextension_30m|f_median_abs_ret_5m_pct,False,7,0.7777777777777778,25,0.8333333333333334,1,0.3333333333333333,24,0.8888888888888888,32,7,7,-73.7928544557557
3,2,0.3,f_micro_distance_selected_extreme_15m|f_f_relative_overextension_30m|f_median_abs_ret_5m_pct,False,28,0.6666666666666666,137,0.681592039800995,19,0.6333333333333333,118,0.6900584795321637,165,78,67,-248.44100890486237
3,3,0.3,f_micro_distance_selected_extreme_15m|f_f_relative_overextension_30m|f_median_abs_ret_5m_pct,False,11,0.7333333333333333,46,0.8070175438596491,6,0.6666666666666666,40,0.8333333333333334,57,15,15,-71.88696119465203
3,2,0.35,f_micro_distance_selected_extreme_15m|f_f_relative_overextension_30m|f_median_abs_ret_5m_pct,False,39,0.6610169491525424,176,0.6821705426356589,29,0.6444444444444445,147,0.6901408450704225,215,102,90,-292.32591821757103
3,3,0.35,f_micro_distance_selected_extreme_15m|f_f_relative_overextension_30m|f_median_abs_ret_5m_pct,True,15,0.75,72,0.7741935483870968,9,0.6428571428571429,63,0.7974683544303798,87,26,24,-103.64629374852368
3,2,0.4,f_micro_distance_selected_extreme_15m|f_f_relative_overextension_30m|f_median_abs_ret_5m_pct,False,44,0.6376811594202898,194,0.6879432624113475,33,0.6470588235294118,161,0.696969696969697,238,113,100,-311.26200922219226
3,3,0.4,f_micro_distance_selected_extreme_15m|f_f_relative_overextension_30m|f_median_abs_ret_5m_pct,True,19,0.7307692307692307,84,0.75,13,0.7222222222222222,71,0.7553191489361702,103,35,32,-133.48734372278935
3,2,0.45,f_micro_distance_selected_extreme_15m|f_f_relative_overextension_30m|f_median_abs_ret_5m_pct,False,48,0.64,218,0.68125,39,0.6724137931034483,179,0.683206106870229,266,129,115,-349.249657199072
3,3,0.45,f_micro_distance_selected_extreme_15m|f_f_relative_overextension_30m|f_median_abs_ret_5m_pct,False,22,0.6875,94,0.7401574803149606,16,0.6956521739130435,78,0.75,116,43,39,-148.75834956686552
3,2,0.15,f_micro_distance_selected_extreme_15m|f_f_relative_overextension_30m|f_context_quote_volume_5m,True,16,0.7272727272727273,64,0.7619047619047619,9,0.6923076923076923,55,0.7746478873239436,80,26,24,-176.9426373620179
3,3,0.15,f_micro_distance_selected_extreme_15m|f_f_relative_overextension_30m|f_context_quote_volume_5m,False,3,1.0,7,0.5833333333333334,0,0.0,7,0.7,10,5,5,-21.214738803185966
3,2,0.2,f_micro_distance_selected_extreme_15m|f_f_relative_overextension_30m|f_context_quote_volume_5m,False,20,0.6896551724137931,89,0.7416666666666667,12,0.6,77,0.77,109,40,35,-197.06851297794702
3,3,0.2,f_micro_distance_selected_extreme_15m|f_f_relative_overextension_30m|f_context_quote_volume_5m,False,6,1.0,18,0.782608695652174,1,0.3333333333333333,17,0.85,24,5,5,-71.01389837246177
3,2,0.25,f_micro_distance_selected_extreme_15m|f_f_relative_overextension_30m|f_context_quote_volume_5m,False,25,0.6944444444444444,103,0.7006802721088435,15,0.5769230769230769,88,0.7272727272727273,128,55,48,-210.1816046225537
3,3,0.25,f_micro_distance_selected_extreme_15m|f_f_relative_overextension_30m|f_context_quote_volume_5m,False,10,0.7692307692307693,24,0.8,1,0.25,23,0.8846153846153846,34,9,9,-102.3411497354552
3,2,0.3,f_micro_distance_selected_extreme_15m|f_f_relative_overextension_30m|f_context_quote_volume_5m,False,32,0.6956521739130435,136,0.6938775510204082,19,0.6129032258064516,117,0.7090909090909091,168,74,65,-252.99485897062073
3,3,0.3,f_micro_distance_selected_extreme_15m|f_f_relative_overextension_30m|f_context_quote_volume_5m,False,15,0.6818181818181818,41,0.803921568627451,5,0.5555555555555556,36,0.8571428571428571,56,17,17,-103.67394438359223
3,2,0.35,f_micro_distance_selected_extreme_15m|f_f_relative_overextension_30m|f_context_quote_volume_5m,False,37,0.6607142857142857,164,0.6776859504132231,24,0.5714285714285714,140,0.7,201,97,88,-253.01031123835216
3,3,0.35,f_micro_distance_selected_extreme_15m|f_f_relative_overextension_30m|f_context_quote_volume_5m,False,20,0.7142857142857143,65,0.7738095238095238,9,0.5625,56,0.8235294117647058,85,27,24,-127.76367941234521
3,2,0.4,f_micro_distance_selected_extreme_15m|f_f_relative_overextension_30m|f_context_quote_volume_5m,False,40,0.625,184,0.6840148698884758,29,0.5918367346938775,155,0.7045454545454546,224,109,98,-275.5576424404866
3,3,0.4,f_micro_distance_selected_extreme_15m|f_f_relative_overextension_30m|f_context_quote_volume_5m,True,22,0.7333333333333333,72,0.7346938775510204,12,0.6,60,0.7692307692307693,94,34,31,-137.21187580034044
3,2,0.45,f_micro_distance_selected_extreme_15m|f_f_relative_overextension_30m|f_context_quote_volume_5m,False,44,0.6197183098591549,204,0.6822742474916388,32,0.6037735849056604,172,0.6991869918699187,248,122,111,-291.19390511224105
3,3,0.45,f_micro_distance_selected_extreme_15m|f_f_relative_overextension_30m|f_context_quote_volume_5m,False,25,0.7142857142857143,83,0.7094017094017094,15,0.6,68,0.7391304347826086,108,44,40,-151.13634668597604
3,2,0.15,f_micro_distance_selected_extreme_15m|f_f_relative_overextension_30m|f_gate_side_ret_3m_pct,False,7,0.6363636363636364,49,0.7,6,0.6,43,0.7166666666666667,56,25,22,-113.81576579800226
3,3,0.15,f_micro_distance_selected_extreme_15m|f_f_relative_overextension_30m|f_gate_side_ret_3m_pct,False,0,0.0,5,0.625,1,0.3333333333333333,4,0.8,5,3,3,-10.616273804669955
3,2,0.2,f_micro_distance_selected_extreme_15m|f_f_relative_overextension_30m|f_gate_side_ret_3m_pct,False,11,0.6470588235294118,76,0.7102803738317757,11,0.55,65,0.7471264367816092,87,37,34,-140.72250986345705
3,3,0.2,f_micro_distance_selected_extreme_15m|f_f_relative_overextension_30m|f_gate_side_ret_3m_pct,False,1,1.0,12,0.75,2,0.5,10,0.8333333333333334,13,4,4,-34.183958314152555
3,2,0.25,f_micro_distance_selected_extreme_15m|f_f_relative_overextension_30m|f_gate_side_ret_3m_pct,False,20,0.6896551724137931,103,0.7006802721088435,14,0.56,89,0.7295081967213115,123,53,49,-191.95846131700006
3,3,0.25,f_micro_distance_selected_extreme_15m|f_f_relative_overextension_30m|f_gate_side_ret_3m_pct,False,3,0.6,13,0.7222222222222222,2,0.5,11,0.7857142857142857,16,7,7,-42.76308668106147
3,2,0.3,f_micro_distance_selected_extreme_15m|f_f_relative_overextension_30m|f_gate_side_ret_3m_pct,False,28,0.6829268292682927,130,0.6914893617021277,19,0.59375,111,0.7115384615384616,158,71,66,-208.62375009079065
3,3,0.3,f_micro_distance_selected_extreme_15m|f_f_relative_overextension_30m|f_gate_side_ret_3m_pct,False,7,0.5384615384615384,28,0.7368421052631579,6,0.6,22,0.7857142857142857,35,16,15,-38.14194139757041
3,2,0.35,f_micro_distance_selected_extreme_15m|f_f_relative_overextension_30m|f_gate_side_ret_3m_pct,False,39,0.7090909090909091,170,0.6854838709677419,27,0.6428571428571429,143,0.6941747572815534,209,94,86,-271.4400409202216
3,3,0.35,f_micro_distance_selected_extreme_15m|f_f_relative_overextension_30m|f_gate_side_ret_3m_pct,False,10,0.5882352941176471,51,0.75,7,0.5,44,0.8148148148148148,61,24,22,-64.3262636041034
3,2,0.4,f_micro_distance_selected_extreme_15m|f_f_relative_overextension_30m|f_gate_side_ret_3m_pct,False,41,0.6507936507936508,192,0.6832740213523132,32,0.6274509803921569,160,0.6956521739130435,233,111,102,-303.77535695003354
3,3,0.4,f_micro_distance_selected_extreme_15m|f_f_relative_overextension_30m|f_gate_side_ret_3m_pct,False,14,0.6363636363636364,60,0.7058823529411765,9,0.5625,51,0.7391304347826086,74,33,30,-81.48401042402273
3,2,0.45,f_micro_distance_selected_extreme_15m|f_f_relative_overextension_30m|f_gate_side_ret_3m_pct,False,45,0.625,202,0.6755852842809364,33,0.6226415094339622,169,0.6869918699186992,247,124,114,-293.2639551162162
3,3,0.45,f_micro_distance_selected_extreme_15m|f_f_relative_overextension_30m|f_gate_side_ret_3m_pct,False,16,0.6153846153846154,72,0.72,12,0.6,60,0.75,88,38,35,-105.50430045277947
3,2,0.15,f_micro_distance_selected_extreme_15m|f_f_relative_overextension_30m|f_f_coin_residual_5m_vs_btc,True,19,0.7916666666666666,49,0.7313432835820896,4,0.5714285714285714,45,0.75,68,23,21,-161.55611724182103
3,3,0.15,f_micro_distance_selected_extreme_15m|f_f_relative_overextension_30m|f_f_coin_residual_5m_vs_btc,False,1,1.0,7,0.7,0,0.0,7,0.7777777777777778,8,3,3,-14.443902865878353
3,2,0.2,f_micro_distance_selected_extreme_15m|f_f_relative_overextension_30m|f_f_coin_residual_5m_vs_btc,True,22,0.7857142857142857,64,0.6956521739130435,8,0.6153846153846154,56,0.7088607594936709,86,34,32,-176.4127518960174
3,3,0.2,f_micro_distance_selected_extreme_15m|f_f_relative_overextension_30m|f_f_coin_residual_5m_vs_btc,False,3,1.0,11,0.7857142857142857,1,0.5,10,0.8333333333333334,14,3,3,-46.29507187250694
3,2,0.25,f_micro_distance_selected_extreme_15m|f_f_relative_overextension_30m|f_f_coin_residual_5m_vs_btc,False,26,0.6666666666666666,93,0.6788321167883211,15,0.6521739130434783,78,0.6842105263157895,119,57,53,-186.9823536252205
3,3,0.25,f_micro_distance_selected_extreme_15m|f_f_relative_overextension_30m|f_f_coin_residual_5m_vs_btc,False,7,0.875,17,0.7727272727272727,1,0.5,16,0.8,24,6,6,-76.44075677372606
3,2,0.3,f_micro_distance_selected_extreme_15m|f_f_relative_overextension_30m|f_f_coin_residual_5m_vs_btc,False,31,0.6458333333333334,117,0.6763005780346821,19,0.6129032258064516,98,0.6901408450704225,148,73,67,-214.9677158854782
3,3,0.3,f_micro_distance_selected_extreme_15m|f_f_relative_overextension_30m|f_f_coin_residual_5m_vs_btc,True,13,0.8125,30,0.7142857142857143,4,0.6666666666666666,26,0.7222222222222222,43,15,14,-59.307348946239664
3,2,0.35,f_micro_distance_selected_extreme_15m|f_f_relative_overextension_30m|f_f_coin_residual_5m_vs_btc,False,36,0.6428571428571429,160,0.6896551724137931,22,0.5945945945945946,138,0.7076923076923077,196,92,83,-275.4732763392833
3,3,0.35,f_micro_distance_selected_extreme_15m|f_f_relative_overextension_30m|f_f_coin_residual_5m_vs_btc,True,17,0.7391304347826086,60,0.7317073170731707,8,0.5714285714285714,52,0.7647058823529411,77,28,25,-108.99799714112048
3,2,0.4,f_micro_distance_selected_extreme_15m|f_f_relative_overextension_30m|f_f_coin_residual_5m_vs_btc,False,40,0.6349206349206349,188,0.6911764705882353,28,0.6086956521739131,160,0.7079646017699115,228,107,98,-314.0880841691915
3,3,0.4,f_micro_distance_selected_extreme_15m|f_f_relative_overextension_30m|f_f_coin_residual_5m_vs_btc,False,20,0.6666666666666666,73,0.6952380952380952,11,0.5789473684210527,62,0.7209302325581395,93,42,38,-137.9604936661604
3,2,0.45,f_micro_distance_selected_extreme_15m|f_f_relative_overextension_30m|f_f_coin_residual_5m_vs_btc,False,43,0.6142857142857143,210,0.6818181818181818,30,0.6,180,0.6976744186046512,253,125,114,-333.87573363588376
3,3,0.45,f_micro_distance_selected_extreme_15m|f_f_relative_overextension_30m|f_f_coin_residual_5m_vs_btc,False,25,0.6578947368421053,88,0.6929133858267716,14,0.5833333333333334,74,0.7184466019417476,113,52,47,-155.67936603999718
3,2,0.15,f_micro_distance_selected_extreme_15m|f_f_relative_overextension_30m|f_micro_selected_vwap_extension_20,False,6,0.6666666666666666,57,0.7402597402597403,8,0.6666666666666666,49,0.7538461538461538,63,23,22,-132.38791668975503
3,3,0.15,f_micro_distance_selected_extreme_15m|f_f_relative_overextension_30m|f_micro_selected_vwap_extension_20,False,0,0.0,2,0.6666666666666666,1,0.5,1,1.0,2,1,1,-0.3583748013451977
3,2,0.2,f_micro_distance_selected_extreme_15m|f_f_relative_overextension_30m|f_micro_selected_vwap_extension_20,True,14,0.7368421052631579,83,0.7217391304347827,12,0.5714285714285714,71,0.7553191489361702,97,37,33,-152.9913365293497
3,3,0.2,f_micro_distance_selected_extreme_15m|f_f_relative_overextension_30m|f_micro_selected_vwap_extension_20,False,1,1.0,13,0.8125,1,0.5,12,0.8571428571428571,14,3,3,-34.29602638895148
3,2,0.25,f_micro_distance_selected_extreme_15m|f_f_relative_overextension_30m|f_micro_selected_vwap_extension_20,True,21,0.7241379310344828,109,0.7315436241610739,16,0.5925925925925926,93,0.7622950819672131,130,48,42,-199.80213479223087
3,3,0.25,f_micro_distance_selected_extreme_15m|f_f_relative_overextension_30m|f_micro_selected_vwap_extension_20,False,4,0.6666666666666666,16,0.7272727272727273,1,0.3333333333333333,15,0.7894736842105263,20,8,8,-41.08515301373738
3,2,0.3,f_micro_distance_selected_extreme_15m|f_f_relative_overextension_30m|f_micro_selected_vwap_extension_20,False,27,0.675,143,0.7185929648241206,22,0.6111111111111112,121,0.7423312883435583,170,69,60,-239.8776806243962
3,3,0.3,f_micro_distance_selected_extreme_15m|f_f_relative_overextension_30m|f_micro_selected_vwap_extension_20,False,11,0.7857142857142857,32,0.7272727272727273,5,0.5555555555555556,27,0.7714285714285715,43,15,15,-36.496394196743275
3,2,0.35,f_micro_distance_selected_extreme_15m|f_f_relative_overextension_30m|f_micro_selected_vwap_extension_20,False,34,0.6538461538461539,179,0.7131474103585658,30,0.625,149,0.7339901477832512,213,90,80,-296.9768292658255
3,3,0.35,f_micro_distance_selected_extreme_15m|f_f_relative_overextension_30m|f_micro_selected_vwap_extension_20,False,12,0.7058823529411765,59,0.7468354430379747,10,0.5882352941176471,49,0.7903225806451613,71,25,23,-58.06028662958359
3,2,0.4,f_micro_distance_selected_extreme_15m|f_f_relative_overextension_30m|f_micro_selected_vwap_extension_20,False,39,0.6290322580645161,199,0.7007042253521126,36,0.6428571428571429,163,0.7149122807017544,238,108,96,-322.7253745825034
3,3,0.4,f_micro_distance_selected_extreme_15m|f_f_relative_overextension_30m|f_micro_selected_vwap_extension_20,False,15,0.7142857142857143,70,0.6862745098039216,13,0.6190476190476191,57,0.7037037037037037,85,38,36,-69.39080427484626
3,2,0.45,f_micro_distance_selected_extreme_15m|f_f_relative_overextension_30m|f_micro_selected_vwap_extension_20,False,42,0.6,221,0.6820987654320988,42,0.6666666666666666,179,0.685823754789272,263,131,118,-318.317094422954
3,3,0.45,f_micro_distance_selected_extreme_15m|f_f_relative_overextension_30m|f_micro_selected_vwap_extension_20,False,20,0.7142857142857143,88,0.6929133858267716,14,0.56,74,0.7254901960784313,108,47,43,-121.2432921896959
3,2,0.15,f_micro_distance_selected_extreme_15m|f_median_abs_ret_5m_pct|f_context_quote_volume_5m,True,21,0.8076923076923077,85,0.7203389830508474,11,0.6875,74,0.7254901960784313,106,38,33,-193.4077327894935
3,3,0.15,f_micro_distance_selected_extreme_15m|f_median_abs_ret_5m_pct|f_context_quote_volume_5m,False,3,1.0,22,0.88,4,0.8,18,0.9,25,3,3,-62.59947875477279
3,2,0.2,f_micro_distance_selected_extreme_15m|f_median_abs_ret_5m_pct|f_context_quote_volume_5m,True,28,0.7368421052631579,114,0.6951219512195121,16,0.6666666666666666,98,0.7,142,60,53,-207.33677898314542
3,3,0.2,f_micro_distance_selected_extreme_15m|f_median_abs_ret_5m_pct|f_context_quote_volume_5m,False,5,0.8333333333333334,40,0.8333333333333334,5,0.625,35,0.875,45,9,6,-111.97168558247328
3,2,0.25,f_micro_distance_selected_extreme_15m|f_median_abs_ret_5m_pct|f_context_quote_volume_5m,False,30,0.6976744186046512,128,0.64,18,0.6206896551724138,110,0.6432748538011696,158,85,76,-204.18233158345694
3,3,0.25,f_micro_distance_selected_extreme_15m|f_median_abs_ret_5m_pct|f_context_quote_volume_5m,False,7,0.7,54,0.7605633802816901,8,0.5714285714285714,46,0.8070175438596491,61,20,16,-112.15872839580021
3,2,0.3,f_micro_distance_selected_extreme_15m|f_median_abs_ret_5m_pct|f_context_quote_volume_5m,False,34,0.6666666666666666,156,0.6473029045643154,24,0.6486486486486487,132,0.6470588235294118,190,102,92,-222.86457539616532
3,3,0.3,f_micro_distance_selected_extreme_15m|f_median_abs_ret_5m_pct|f_context_quote_volume_5m,False,8,0.6153846153846154,66,0.75,8,0.5714285714285714,58,0.7837837837837838,74,27,23,-127.85155129689758
3,2,0.35,f_micro_distance_selected_extreme_15m|f_median_abs_ret_5m_pct|f_context_quote_volume_5m,False,41,0.6721311475409836,172,0.6394052044609665,27,0.6136363636363636,145,0.6444444444444445,213,117,107,-239.5768124670912
3,3,0.35,f_micro_distance_selected_extreme_15m|f_median_abs_ret_5m_pct|f_context_quote_volume_5m,False,15,0.6818181818181818,81,0.7232142857142857,11,0.6470588235294118,70,0.7368421052631579,96,38,33,-135.3141170679454
3,2,0.4,f_micro_distance_selected_extreme_15m|f_median_abs_ret_5m_pct|f_context_quote_volume_5m,False,43,0.6417910447761194,187,0.6470588235294118,29,0.6170212765957447,158,0.6528925619834711,230,126,114,-264.7078367284069
3,3,0.4,f_micro_distance_selected_extreme_15m|f_median_abs_ret_5m_pct|f_context_quote_volume_5m,False,21,0.7,93,0.7265625,14,0.7,79,0.7314814814814815,114,44,39,-163.2550347098077
3,2,0.45,f_micro_distance_selected_extreme_15m|f_median_abs_ret_5m_pct|f_context_quote_volume_5m,False,47,0.6025641025641025,206,0.6498422712933754,34,0.6538461538461539,172,0.6490566037735849,253,142,128,-258.8207869593148
3,3,0.45,f_micro_distance_selected_extreme_15m|f_median_abs_ret_5m_pct|f_context_quote_volume_5m,True,27,0.75,107,0.6993464052287581,19,0.7037037037037037,88,0.6984126984126984,134,55,50,-177.9365276804147
3,2,0.15,f_micro_distance_selected_extreme_15m|f_median_abs_ret_5m_pct|f_gate_side_ret_3m_pct,True,12,0.75,72,0.6857142857142857,7,0.5384615384615384,65,0.7065217391304348,84,37,32,-150.5680660538874
3,3,0.15,f_micro_distance_selected_extreme_15m|f_median_abs_ret_5m_pct|f_gate_side_ret_3m_pct,False,0,0.0,11,0.7857142857142857,2,1.0,9,0.75,11,4,4,-27.787279490795008
3,2,0.2,f_micro_distance_selected_extreme_15m|f_median_abs_ret_5m_pct|f_gate_side_ret_3m_pct,False,16,0.6666666666666666,105,0.6687898089171974,11,0.4782608695652174,94,0.7014925373134329,121,60,52,-185.05365565997437
3,3,0.2,f_micro_distance_selected_extreme_15m|f_median_abs_ret_5m_pct|f_gate_side_ret_3m_pct,False,3,0.75,24,0.7741935483870968,3,0.75,21,0.7777777777777778,27,8,8,-54.581054652728355
3,2,0.25,f_micro_distance_selected_extreme_15m|f_median_abs_ret_5m_pct|f_gate_side_ret_3m_pct,False,22,0.6666666666666666,137,0.6586538461538461,18,0.5625,119,0.6761363636363636,159,82,72,-198.69186743172017
3,3,0.25,f_micro_distance_selected_extreme_15m|f_median_abs_ret_5m_pct|f_gate_side_ret_3m_pct,False,5,0.7142857142857143,32,0.6666666666666666,4,0.5,28,0.7,37,18,18,-48.326008550428476
3,2,0.3,f_micro_distance_selected_extreme_15m|f_median_abs_ret_5m_pct|f_gate_side_ret_3m_pct,False,23,0.5897435897435898,151,0.6741071428571429,21,0.6,130,0.6878306878306878,174,89,78,-215.81299280669364
3,3,0.3,f_micro_distance_selected_extreme_15m|f_median_abs_ret_5m_pct|f_gate_side_ret_3m_pct,False,9,0.75,42,0.6774193548387096,5,0.5555555555555556,37,0.6981132075471698,51,23,23,-62.53480162784872
3,2,0.35,f_micro_distance_selected_extreme_15m|f_median_abs_ret_5m_pct|f_gate_side_ret_3m_pct,False,33,0.6470588235294118,174,0.6492537313432836,27,0.6,147,0.6591928251121076,207,112,99,-226.25700783444788
3,3,0.35,f_micro_distance_selected_extreme_15m|f_median_abs_ret_5m_pct|f_gate_side_ret_3m_pct,True,14,0.7777777777777778,62,0.6813186813186813,8,0.6153846153846154,54,0.6923076923076923,76,33,32,-91.99118499959894
3,2,0.4,f_micro_distance_selected_extreme_15m|f_median_abs_ret_5m_pct|f_gate_side_ret_3m_pct,False,36,0.6101694915254238,195,0.6587837837837838,32,0.6153846153846154,163,0.6680327868852459,231,124,110,-253.0721958530924
3,3,0.4,f_micro_distance_selected_extreme_15m|f_median_abs_ret_5m_pct|f_gate_side_ret_3m_pct,False,20,0.8,71,0.6635514018691588,9,0.6428571428571429,62,0.6666666666666666,91,41,38,-123.84971985329757
3,2,0.45,f_micro_distance_selected_extreme_15m|f_median_abs_ret_5m_pct|f_gate_side_ret_3m_pct,False,41,0.6119402985074627,216,0.6646153846153846,35,0.625,181,0.6728624535315985,257,135,120,-284.73727624316496
3,3,0.45,f_micro_distance_selected_extreme_15m|f_median_abs_ret_5m_pct|f_gate_side_ret_3m_pct,False,23,0.7419354838709677,83,0.664,14,0.7,69,0.6571428571428571,106,50,47,-134.39244272446047
3,2,0.15,f_micro_distance_selected_extreme_15m|f_median_abs_ret_5m_pct|f_f_coin_residual_5m_vs_btc,True,21,0.84,72,0.6923076923076923,6,0.6,66,0.7021276595744681,93,36,32,-182.74850042733885
3,3,0.15,f_micro_distance_selected_extreme_15m|f_median_abs_ret_5m_pct|f_f_coin_residual_5m_vs_btc,False,3,0.75,11,0.8461538461538461,1,1.0,10,0.8333333333333334,14,3,3,-22.56621481067682
3,2,0.2,f_micro_distance_selected_extreme_15m|f_median_abs_ret_5m_pct|f_f_coin_residual_5m_vs_btc,False,23,0.7931034482758621,91,0.6642335766423357,10,0.625,81,0.6694214876033058,114,52,45,-203.79018900994714
3,3,0.2,f_micro_distance_selected_extreme_15m|f_median_abs_ret_5m_pct|f_f_coin_residual_5m_vs_btc,False,6,0.8571428571428571,19,0.7916666666666666,2,1.0,17,0.7727272727272727,25,6,6,-57.02386795917509
3,2,0.25,f_micro_distance_selected_extreme_15m|f_median_abs_ret_5m_pct|f_f_coin_residual_5m_vs_btc,False,27,0.7105263157894737,121,0.657608695652174,16,0.6666666666666666,105,0.65625,148,74,67,-200.82389466468982
3,3,0.25,f_micro_distance_selected_extreme_15m|f_median_abs_ret_5m_pct|f_f_coin_residual_5m_vs_btc,False,7,0.7777777777777778,33,0.6346153846153846,4,0.5714285714285714,29,0.6444444444444445,40,21,19,-60.17891860279742
3,2,0.3,f_micro_distance_selected_extreme_15m|f_median_abs_ret_5m_pct|f_f_coin_residual_5m_vs_btc,False,28,0.6222222222222222,138,0.6540284360189573,18,0.6428571428571429,120,0.6557377049180327,166,90,79,-226.82959115960125
3,3,0.3,f_micro_distance_selected_extreme_15m|f_median_abs_ret_5m_pct|f_f_coin_residual_5m_vs_btc,False,9,0.8181818181818182,38,0.6440677966101694,4,0.5714285714285714,34,0.6538461538461539,47,23,21,-59.61993269008024
3,2,0.35,f_micro_distance_selected_extreme_15m|f_median_abs_ret_5m_pct|f_f_coin_residual_5m_vs_btc,False,36,0.631578947368421,175,0.660377358490566,26,0.6666666666666666,149,0.6592920353982301,211,111,99,-274.57963096909054
3,3,0.35,f_micro_distance_selected_extreme_15m|f_median_abs_ret_5m_pct|f_f_coin_residual_5m_vs_btc,True,12,0.75,64,0.6808510638297872,8,0.5714285714285714,56,0.7,76,34,30,-104.16544425160423
3,2,0.4,f_micro_distance_selected_extreme_15m|f_median_abs_ret_5m_pct|f_f_coin_residual_5m_vs_btc,False,43,0.6323529411764706,198,0.6491803278688525,32,0.6530612244897959,166,0.6484375,241,132,118,-284.42608258239494
3,3,0.4,f_micro_distance_selected_extreme_15m|f_median_abs_ret_5m_pct|f_f_coin_residual_5m_vs_btc,True,18,0.72,82,0.7068965517241379,11,0.6470588235294118,71,0.7171717171717171,100,41,36,-160.4412889114266
3,2,0.45,f_micro_distance_selected_extreme_15m|f_median_abs_ret_5m_pct|f_f_coin_residual_5m_vs_btc,False,46,0.6052631578947368,222,0.6529411764705882,37,0.6607142857142857,185,0.6514084507042254,268,148,133,-314.9919920273017
3,3,0.45,f_micro_distance_selected_extreme_15m|f_median_abs_ret_5m_pct|f_f_coin_residual_5m_vs_btc,True,25,0.7352941176470589,102,0.6938775510204082,15,0.6521739130434783,87,0.7016129032258065,127,54,48,-183.68484411859308
3,2,0.15,f_micro_distance_selected_extreme_15m|f_median_abs_ret_5m_pct|f_micro_selected_vwap_extension_20,False,9,0.6,88,0.6875,18,0.782608695652174,70,0.6666666666666666,97,46,41,-133.38229986119194
3,3,0.15,f_micro_distance_selected_extreme_15m|f_median_abs_ret_5m_pct|f_micro_selected_vwap_extension_20,False,0,0.0,15,0.8823529411764706,3,1.0,12,0.8571428571428571,15,2,2,-37.50007350512297
3,2,0.2,f_micro_distance_selected_extreme_15m|f_median_abs_ret_5m_pct|f_micro_selected_vwap_extension_20,False,18,0.6206896551724138,121,0.6685082872928176,21,0.6774193548387096,100,0.6666666666666666,139,71,62,-170.2399637723129
3,3,0.2,f_micro_distance_selected_extreme_15m|f_median_abs_ret_5m_pct|f_micro_selected_vwap_extension_20,False,4,0.8,31,0.8157894736842105,4,0.6666666666666666,27,0.84375,35,8,7,-75.5199812945291
3,2,0.25,f_micro_distance_selected_extreme_15m|f_median_abs_ret_5m_pct|f_micro_selected_vwap_extension_20,False,20,0.6060606060606061,144,0.6545454545454545,23,0.6571428571428571,121,0.654054054054054,164,89,79,-212.59418535372612
3,3,0.25,f_micro_distance_selected_extreme_15m|f_median_abs_ret_5m_pct|f_micro_selected_vwap_extension_20,False,6,0.6666666666666666,42,0.7241379310344828,7,0.5833333333333334,35,0.7608695652173914,48,19,16,-53.51132801055685
3,2,0.3,f_micro_distance_selected_extreme_15m|f_median_abs_ret_5m_pct|f_micro_selected_vwap_extension_20,False,26,0.5777777777777777,163,0.659919028340081,26,0.65,137,0.6618357487922706,189,103,90,-242.6036456977332
3,3,0.3,f_micro_distance_selected_extreme_15m|f_median_abs_ret_5m_pct|f_micro_selected_vwap_extension_20,False,9,0.75,52,0.7222222222222222,9,0.6,43,0.7543859649122807,61,23,20,-69.5872123922757
3,2,0.35,f_micro_distance_selected_extreme_15m|f_median_abs_ret_5m_pct|f_micro_selected_vwap_extension_20,False,32,0.5714285714285714,179,0.6392857142857142,30,0.625,149,0.6422413793103449,211,125,111,-225.259302569364
3,3,0.35,f_micro_distance_selected_extreme_15m|f_median_abs_ret_5m_pct|f_micro_selected_vwap_extension_20,False,11,0.7333333333333333,74,0.74,15,0.6818181818181818,59,0.7564102564102564,85,30,26,-120.41914568195759
3,2,0.4,f_micro_distance_selected_extreme_15m|f_median_abs_ret_5m_pct|f_micro_selected_vwap_extension_20,False,38,0.5757575757575758,196,0.6405228758169934,35,0.6363636363636364,161,0.6414342629482072,234,138,121,-253.16073239028097
3,3,0.4,f_micro_distance_selected_extreme_15m|f_median_abs_ret_5m_pct|f_micro_selected_vwap_extension_20,True,17,0.7727272727272727,90,0.7086614173228346,16,0.6956521739130435,74,0.7115384615384616,107,42,37,-138.91082107590245
3,2,0.45,f_micro_distance_selected_extreme_15m|f_median_abs_ret_5m_pct|f_micro_selected_vwap_extension_20,False,45,0.6081081081081081,226,0.6550724637681159,40,0.6557377049180327,186,0.6549295774647887,271,148,131,-340.04780805142974
3,3,0.45,f_micro_distance_selected_extreme_15m|f_median_abs_ret_5m_pct|f_micro_selected_vwap_extension_20,False,21,0.7,108,0.6878980891719745,20,0.6896551724137931,88,0.6875,129,58,52,-146.07154657055003
3,2,0.15,f_micro_distance_selected_extreme_15m|f_context_quote_volume_5m|f_gate_side_ret_3m_pct,False,15,0.6818181818181818,71,0.7319587628865979,8,0.5714285714285714,63,0.7590361445783133,86,33,30,-162.92759733239697
3,3,0.15,f_micro_distance_selected_extreme_15m|f_context_quote_volume_5m|f_gate_side_ret_3m_pct,False,1,1.0,9,0.75,2,0.6666666666666666,7,0.7777777777777778,10,3,3,-26.970910306518288
3,2,0.2,f_micro_distance_selected_extreme_15m|f_context_quote_volume_5m|f_gate_side_ret_3m_pct,False,21,0.65625,105,0.7094594594594594,13,0.5652173913043478,92,0.736,126,54,48,-202.33558882754866
3,3,0.2,f_micro_distance_selected_extreme_15m|f_context_quote_volume_5m|f_gate_side_ret_3m_pct,False,2,0.6666666666666666,19,0.7307692307692307,2,0.4,17,0.8095238095238095,21,8,8,-24.036458584496735
3,2,0.25,f_micro_distance_selected_extreme_15m|f_context_quote_volume_5m|f_gate_side_ret_3m_pct,False,26,0.6666666666666666,130,0.6632653061224489,18,0.5806451612903226,112,0.6787878787878788,156,79,71,-208.89109846139766
3,3,0.25,f_micro_distance_selected_extreme_15m|f_context_quote_volume_5m|f_gate_side_ret_3m_pct,False,6,0.75,27,0.675,4,0.4,23,0.7666666666666667,33,15,15,-40.43900411067803
3,2,0.3,f_micro_distance_selected_extreme_15m|f_context_quote_volume_5m|f_gate_side_ret_3m_pct,False,32,0.6666666666666666,144,0.6515837104072398,23,0.6052631578947368,121,0.6612021857923497,176,93,82,-207.77534700874594
3,3,0.3,f_micro_distance_selected_extreme_15m|f_context_quote_volume_5m|f_gate_side_ret_3m_pct,False,7,0.5833333333333334,42,0.711864406779661,4,0.4,38,0.7755102040816326,49,22,22,-69.22776368603328
3,2,0.35,f_micro_distance_selected_extreme_15m|f_context_quote_volume_5m|f_gate_side_ret_3m_pct,False,37,0.6607142857142857,162,0.6428571428571429,26,0.5909090909090909,136,0.6538461538461539,199,109,97,-181.5665801295394
3,3,0.35,f_micro_distance_selected_extreme_15m|f_context_quote_volume_5m|f_gate_side_ret_3m_pct,False,12,0.631578947368421,61,0.7176470588235294,5,0.45454545454545453,56,0.7567567567567568,73,31,30,-100.94437422090196
3,2,0.4,f_micro_distance_selected_extreme_15m|f_context_quote_volume_5m|f_gate_side_ret_3m_pct,False,42,0.6363636363636364,181,0.6510791366906474,29,0.6041666666666666,152,0.6608695652173913,223,121,107,-207.26053489122702
3,3,0.4,f_micro_distance_selected_extreme_15m|f_context_quote_volume_5m|f_gate_side_ret_3m_pct,False,15,0.6818181818181818,68,0.6938775510204082,7,0.5,61,0.7261904761904762,83,37,35,-116.48154607894901
3,2,0.45,f_micro_distance_selected_extreme_15m|f_context_quote_volume_5m|f_gate_side_ret_3m_pct,False,45,0.6081081081081081,199,0.6503267973856209,31,0.6078431372549019,168,0.6588235294117647,244,136,122,-204.83904445501548
3,3,0.45,f_micro_distance_selected_extreme_15m|f_context_quote_volume_5m|f_gate_side_ret_3m_pct,False,19,0.7037037037037037,78,0.6902654867256637,11,0.5789473684210527,67,0.7127659574468085,97,43,41,-131.34787374529395
3,2,0.15,f_micro_distance_selected_extreme_15m|f_context_quote_volume_5m|f_f_coin_residual_5m_vs_btc,True,22,0.7857142857142857,65,0.7065217391304348,7,0.7,58,0.7073170731707317,87,33,29,-187.32696487979757
3,3,0.15,f_micro_distance_selected_extreme_15m|f_context_quote_volume_5m|f_f_coin_residual_5m_vs_btc,False,9,1.0,11,0.9166666666666666,1,0.5,10,1.0,20,1,1,-72.92023503780291
3,2,0.2,f_micro_distance_selected_extreme_15m|f_context_quote_volume_5m|f_f_coin_residual_5m_vs_btc,True,26,0.7222222222222222,91,0.6893939393939394,11,0.6470588235294118,80,0.6956521739130435,117,51,45,-187.52045765030476
3,3,0.2,f_micro_distance_selected_extreme_15m|f_context_quote_volume_5m|f_f_coin_residual_5m_vs_btc,False,9,1.0,16,0.8421052631578947,2,0.6666666666666666,14,0.875,25,3,2,-80.60085405747007
3,2,0.25,f_micro_distance_selected_extreme_15m|f_context_quote_volume_5m|f_f_coin_residual_5m_vs_btc,False,30,0.6818181818181818,116,0.6444444444444445,16,0.5925925925925926,100,0.6535947712418301,146,78,71,-209.13369129727278
3,3,0.25,f_micro_distance_selected_extreme_15m|f_context_quote_volume_5m|f_f_coin_residual_5m_vs_btc,False,11,0.9166666666666666,28,0.7368421052631579,5,0.7142857142857143,23,0.7419354838709677,39,11,9,-79.01489385881847
3,2,0.3,f_micro_distance_selected_extreme_15m|f_context_quote_volume_5m|f_f_coin_residual_5m_vs_btc,False,33,0.6470588235294118,139,0.6465116279069767,19,0.6129032258064516,120,0.6521739130434783,172,94,86,-231.21263036966974
3,3,0.3,f_micro_distance_selected_extreme_15m|f_context_quote_volume_5m|f_f_coin_residual_5m_vs_btc,True,12,0.8571428571428571,34,0.723404255319149,5,0.625,29,0.7435897435897436,46,15,13,-88.20966083886834
3,2,0.35,f_micro_distance_selected_extreme_15m|f_context_quote_volume_5m|f_f_coin_residual_5m_vs_btc,False,36,0.6428571428571429,165,0.6521739130434783,24,0.6,141,0.6619718309859155,201,108,100,-219.12484274258566
3,3,0.35,f_micro_distance_selected_extreme_15m|f_context_quote_volume_5m|f_f_coin_residual_5m_vs_btc,False,15,0.7142857142857143,59,0.7195121951219512,7,0.5384615384615384,52,0.7536231884057971,74,29,25,-134.13806466275315
3,2,0.4,f_micro_distance_selected_extreme_15m|f_context_quote_volume_5m|f_f_coin_residual_5m_vs_btc,False,44,0.6470588235294118,189,0.6494845360824743,30,0.625,159,0.654320987654321,233,126,115,-254.09944571503905
3,3,0.4,f_micro_distance_selected_extreme_15m|f_context_quote_volume_5m|f_f_coin_residual_5m_vs_btc,False,18,0.6666666666666666,73,0.7227722772277227,9,0.5294117647058824,64,0.7619047619047619,91,37,33,-167.53812805929277
3,2,0.45,f_micro_distance_selected_extreme_15m|f_context_quote_volume_5m|f_f_coin_residual_5m_vs_btc,False,46,0.5974025974025974,212,0.6563467492260062,33,0.6226415094339622,179,0.662962962962963,258,142,131,-259.0535815868617
3,3,0.45,f_micro_distance_selected_extreme_15m|f_context_quote_volume_5m|f_f_coin_residual_5m_vs_btc,True,25,0.7352941176470589,93,0.6888888888888889,13,0.5652173913043478,80,0.7142857142857143,118,51,46,-179.53404404104072
3,2,0.15,f_micro_distance_selected_extreme_15m|f_context_quote_volume_5m|f_micro_selected_vwap_extension_20,True,16,0.7619047619047619,76,0.7102803738317757,12,0.7058823529411765,64,0.7111111111111111,92,36,34,-156.0419030839013
3,3,0.15,f_micro_distance_selected_extreme_15m|f_context_quote_volume_5m|f_micro_selected_vwap_extension_20,False,0,0.0,11,1.0,4,1.0,7,1.0,11,0,0,-26.273031687179472
3,2,0.2,f_micro_distance_selected_extreme_15m|f_context_quote_volume_5m|f_micro_selected_vwap_extension_20,True,25,0.7352941176470589,110,0.7006369426751592,17,0.6296296296296297,93,0.7153846153846154,135,56,52,-194.99615105353317
3,3,0.2,f_micro_distance_selected_extreme_15m|f_context_quote_volume_5m|f_micro_selected_vwap_extension_20,False,2,0.6666666666666666,28,0.8235294117647058,5,0.7142857142857143,23,0.8518518518518519,30,7,5,-41.180732683088436
3,2,0.25,f_micro_distance_selected_extreme_15m|f_context_quote_volume_5m|f_micro_selected_vwap_extension_20,False,27,0.6923076923076923,127,0.6649214659685864,20,0.5882352941176471,107,0.6815286624203821,154,76,71,-191.31868325536666
3,3,0.25,f_micro_distance_selected_extreme_15m|f_context_quote_volume_5m|f_micro_selected_vwap_extension_20,False,5,0.7142857142857143,36,0.75,8,0.6153846153846154,28,0.8,41,14,11,-55.02629486114874
3,2,0.3,f_micro_distance_selected_extreme_15m|f_context_quote_volume_5m|f_micro_selected_vwap_extension_20,False,33,0.66,154,0.6637931034482759,26,0.6190476190476191,128,0.6736842105263158,187,95,88,-239.95292311433963
3,3,0.3,f_micro_distance_selected_extreme_15m|f_context_quote_volume_5m|f_micro_selected_vwap_extension_20,False,9,0.8181818181818182,46,0.7419354838709677,8,0.5714285714285714,38,0.7916666666666666,55,18,15,-66.9307174577056
3,2,0.35,f_micro_distance_selected_extreme_15m|f_context_quote_volume_5m|f_micro_selected_vwap_extension_20,False,35,0.625,170,0.6614785992217899,30,0.6122448979591837,140,0.6730769230769231,205,108,101,-208.67815060937968
3,3,0.35,f_micro_distance_selected_extreme_15m|f_context_quote_volume_5m|f_micro_selected_vwap_extension_20,False,10,0.7142857142857143,63,0.7241379310344828,11,0.6111111111111112,52,0.7536231884057971,73,28,24,-89.47735341475362
3,2,0.4,f_micro_distance_selected_extreme_15m|f_context_quote_volume_5m|f_micro_selected_vwap_extension_20,False,42,0.6363636363636364,189,0.6585365853658537,34,0.6181818181818182,155,0.6681034482758621,231,122,111,-257.97333553120995
3,3,0.4,f_micro_distance_selected_extreme_15m|f_context_quote_volume_5m|f_micro_selected_vwap_extension_20,False,12,0.6666666666666666,73,0.6952380952380952,12,0.6,61,0.7176470588235294,85,38,34,-95.25755689982573
3,2,0.45,f_micro_distance_selected_extreme_15m|f_context_quote_volume_5m|f_micro_selected_vwap_extension_20,False,47,0.618421052631579,212,0.6625,38,0.6333333333333333,174,0.6692307692307692,259,137,125,-265.8809357482161
3,3,0.45,f_micro_distance_selected_extreme_15m|f_context_quote_volume_5m|f_micro_selected_vwap_extension_20,False,19,0.7037037037037037,93,0.6788321167883211,15,0.6,78,0.6964285714285714,112,52,48,-136.53103621534763
3,2,0.15,f_micro_distance_selected_extreme_15m|f_gate_side_ret_3m_pct|f_f_coin_residual_5m_vs_btc,True,17,0.8095238095238095,59,0.686046511627907,6,0.5454545454545454,53,0.7066666666666667,76,31,26,-177.14571192463075
3,3,0.15,f_micro_distance_selected_extreme_15m|f_gate_side_ret_3m_pct|f_f_coin_residual_5m_vs_btc,False,1,0.3333333333333333,7,0.7777777777777778,1,0.5,6,0.8571428571428571,8,4,4,-16.072617120654638
3,2,0.2,f_micro_distance_selected_extreme_15m|f_gate_side_ret_3m_pct|f_f_coin_residual_5m_vs_btc,False,19,0.6785714285714286,83,0.6587301587301587,10,0.5263157894736842,73,0.6822429906542056,102,52,47,-161.450421650694
3,3,0.2,f_micro_distance_selected_extreme_15m|f_gate_side_ret_3m_pct|f_f_coin_residual_5m_vs_btc,False,2,0.5,11,0.7333333333333333,3,0.75,8,0.7272727272727273,13,6,6,-26.19104438608881
3,2,0.25,f_micro_distance_selected_extreme_15m|f_gate_side_ret_3m_pct|f_f_coin_residual_5m_vs_btc,False,25,0.6756756756756757,111,0.6098901098901099,17,0.5862068965517241,94,0.6143790849673203,136,83,75,-149.34059370831244
3,3,0.25,f_micro_distance_selected_extreme_15m|f_gate_side_ret_3m_pct|f_f_coin_residual_5m_vs_btc,False,3,0.5,26,0.6842105263157895,5,0.625,21,0.7,29,15,15,-25.250325393632753
3,2,0.3,f_micro_distance_selected_extreme_15m|f_gate_side_ret_3m_pct|f_f_coin_residual_5m_vs_btc,False,27,0.6428571428571429,124,0.6078431372549019,18,0.5806451612903226,106,0.6127167630057804,151,95,87,-159.3661675605418
3,3,0.3,f_micro_distance_selected_extreme_15m|f_gate_side_ret_3m_pct|f_f_coin_residual_5m_vs_btc,False,5,0.5,32,0.6956521739130435,7,0.6363636363636364,25,0.7142857142857143,37,19,18,-26.74110820422976
3,2,0.35,f_micro_distance_selected_extreme_15m|f_gate_side_ret_3m_pct|f_f_coin_residual_5m_vs_btc,False,35,0.6862745098039216,160,0.6201550387596899,23,0.5897435897435898,137,0.6255707762557078,195,114,104,-184.4867217409166
3,3,0.35,f_micro_distance_selected_extreme_15m|f_gate_side_ret_3m_pct|f_f_coin_residual_5m_vs_btc,False,9,0.5294117647058824,55,0.7142857142857143,8,0.6153846153846154,47,0.734375,64,30,28,-79.4369605618102
3,2,0.4,f_micro_distance_selected_extreme_15m|f_gate_side_ret_3m_pct|f_f_coin_residual_5m_vs_btc,False,39,0.65,182,0.621160409556314,25,0.5555555555555556,157,0.6330645161290323,221,132,121,-237.97866284420618
3,3,0.4,f_micro_distance_selected_extreme_15m|f_gate_side_ret_3m_pct|f_f_coin_residual_5m_vs_btc,False,16,0.64,72,0.7058823529411765,12,0.6666666666666666,60,0.7142857142857143,88,39,36,-108.11332109678213
3,2,0.45,f_micro_distance_selected_extreme_15m|f_gate_side_ret_3m_pct|f_f_coin_residual_5m_vs_btc,False,44,0.6376811594202898,202,0.6332288401253918,25,0.5555555555555556,177,0.6459854014598541,246,142,130,-264.71866427340893
3,3,0.45,f_micro_distance_selected_extreme_15m|f_gate_side_ret_3m_pct|f_f_coin_residual_5m_vs_btc,False,21,0.6363636363636364,89,0.6953125,16,0.64,73,0.7087378640776699,110,51,48,-124.62978878353479
3,2,0.15,f_micro_distance_selected_extreme_15m|f_gate_side_ret_3m_pct|f_micro_selected_vwap_extension_20,False,3,0.6,59,0.6781609195402298,9,0.5625,50,0.704225352112676,62,30,27,-80.341224961533
3,3,0.15,f_micro_distance_selected_extreme_15m|f_gate_side_ret_3m_pct|f_micro_selected_vwap_extension_20,False,0,0.0,9,0.75,2,0.6666666666666666,7,0.7777777777777778,9,4,4,-23.102209594443995
3,2,0.2,f_micro_distance_selected_extreme_15m|f_gate_side_ret_3m_pct|f_micro_selected_vwap_extension_20,False,11,0.6470588235294118,100,0.6535947712418301,13,0.5,87,0.6850393700787402,111,59,53,-97.16578402738413
3,3,0.2,f_micro_distance_selected_extreme_15m|f_gate_side_ret_3m_pct|f_micro_selected_vwap_extension_20,False,3,0.75,20,0.7407407407407407,3,0.5,17,0.8095238095238095,23,8,8,-29.342584762573246
3,2,0.25,f_micro_distance_selected_extreme_15m|f_gate_side_ret_3m_pct|f_micro_selected_vwap_extension_20,False,19,0.6333333333333333,132,0.6502463054187192,21,0.5675675675675675,111,0.6686746987951807,151,82,72,-123.95447702471556
3,3,0.25,f_micro_distance_selected_extreme_15m|f_gate_side_ret_3m_pct|f_micro_selected_vwap_extension_20,False,6,0.8571428571428571,28,0.6511627906976745,4,0.4444444444444444,24,0.7058823529411765,34,16,16,-28.409123077486615
3,2,0.3,f_micro_distance_selected_extreme_15m|f_gate_side_ret_3m_pct|f_micro_selected_vwap_extension_20,False,26,0.6190476190476191,144,0.6545454545454545,23,0.575,121,0.6722222222222223,170,92,80,-147.00395436386407
3,3,0.3,f_micro_distance_selected_extreme_15m|f_gate_side_ret_3m_pct|f_micro_selected_vwap_extension_20,False,7,0.7777777777777778,36,0.6545454545454545,5,0.45454545454545453,31,0.7045454545454546,43,21,21,-35.454898445105385
3,2,0.35,f_micro_distance_selected_extreme_15m|f_gate_side_ret_3m_pct|f_micro_selected_vwap_extension_20,False,32,0.64,168,0.6486486486486487,27,0.6136363636363636,141,0.6558139534883721,200,109,95,-176.14965964303755
3,3,0.35,f_micro_distance_selected_extreme_15m|f_gate_side_ret_3m_pct|f_micro_selected_vwap_extension_20,False,8,0.6666666666666666,53,0.6973684210526315,8,0.5333333333333333,45,0.7377049180327869,61,27,26,-60.645425816798166
3,2,0.4,f_micro_distance_selected_extreme_15m|f_gate_side_ret_3m_pct|f_micro_selected_vwap_extension_20,False,35,0.6140350877192983,188,0.6351351351351351,31,0.6078431372549019,157,0.6408163265306123,223,130,113,-206.4379252232012
3,3,0.4,f_micro_distance_selected_extreme_15m|f_gate_side_ret_3m_pct|f_micro_selected_vwap_extension_20,False,14,0.7,66,0.66,11,0.5789473684210527,55,0.6790123456790124,80,40,38,-74.1864830948195
3,2,0.45,f_micro_distance_selected_extreme_15m|f_gate_side_ret_3m_pct|f_micro_selected_vwap_extension_20,False,40,0.5970149253731343,206,0.64375,36,0.631578947368421,170,0.6463878326996197,246,141,124,-227.21965972939802
3,3,0.45,f_micro_distance_selected_extreme_15m|f_gate_side_ret_3m_pct|f_micro_selected_vwap_extension_20,False,18,0.6666666666666666,88,0.6717557251908397,13,0.5652173913043478,75,0.6944444444444444,106,52,49,-113.3714988849505
3,2,0.15,f_micro_distance_selected_extreme_15m|f_f_coin_residual_5m_vs_btc|f_micro_selected_vwap_extension_20,True,18,0.8181818181818182,59,0.6941176470588235,9,0.75,50,0.684931506849315,77,30,29,-146.04205850701814
3,3,0.15,f_micro_distance_selected_extreme_15m|f_f_coin_residual_5m_vs_btc|f_micro_selected_vwap_extension_20,False,0,0.0,6,0.8571428571428571,0,0.0,6,0.8571428571428571,6,2,1,-13.198671348070713
3,2,0.2,f_micro_distance_selected_extreme_15m|f_f_coin_residual_5m_vs_btc|f_micro_selected_vwap_extension_20,True,22,0.8148148148148148,86,0.6771653543307087,12,0.631578947368421,74,0.6851851851851852,108,46,44,-162.46284929474578
3,3,0.2,f_micro_distance_selected_extreme_15m|f_f_coin_residual_5m_vs_btc|f_micro_selected_vwap_extension_20,False,2,0.6666666666666666,13,0.8125,2,1.0,11,0.7857142857142857,15,4,3,-25.030533112417658
3,2,0.25,f_micro_distance_selected_extreme_15m|f_f_coin_residual_5m_vs_btc|f_micro_selected_vwap_extension_20,False,25,0.6756756756756757,116,0.6373626373626373,19,0.6129032258064516,97,0.6423841059602649,141,78,69,-181.05937704640945
3,3,0.25,f_micro_distance_selected_extreme_15m|f_f_coin_residual_5m_vs_btc|f_micro_selected_vwap_extension_20,False,4,0.8,27,0.6923076923076923,4,0.6666666666666666,23,0.696969696969697,31,13,12,-15.010772396564896
3,2,0.3,f_micro_distance_selected_extreme_15m|f_f_coin_residual_5m_vs_btc|f_micro_selected_vwap_extension_20,False,29,0.6444444444444445,130,0.625,19,0.5588235294117647,111,0.6379310344827587,159,94,82,-180.26378121166442
3,3,0.3,f_micro_distance_selected_extreme_15m|f_f_coin_residual_5m_vs_btc|f_micro_selected_vwap_extension_20,False,7,0.875,32,0.6808510638297872,5,0.7142857142857143,27,0.675,39,16,15,-28.302265731785198
3,2,0.35,f_micro_distance_selected_extreme_15m|f_f_coin_residual_5m_vs_btc|f_micro_selected_vwap_extension_20,False,33,0.6346153846153846,164,0.6533864541832669,25,0.625,139,0.6587677725118484,197,106,94,-231.14885525707828
3,3,0.35,f_micro_distance_selected_extreme_15m|f_f_coin_residual_5m_vs_btc|f_micro_selected_vwap_extension_20,False,8,0.6666666666666666,57,0.7215189873417721,8,0.5714285714285714,49,0.7538461538461538,65,26,23,-66.12721283044614
3,2,0.4,f_micro_distance_selected_extreme_15m|f_f_coin_residual_5m_vs_btc|f_micro_selected_vwap_extension_20,False,40,0.6349206349206349,191,0.6387959866220736,31,0.6326530612244898,160,0.64,231,131,116,-282.70758575560586
3,3,0.4,f_micro_distance_selected_extreme_15m|f_f_coin_residual_5m_vs_btc|f_micro_selected_vwap_extension_20,False,14,0.7,74,0.6851851851851852,12,0.6,62,0.7045454545454546,88,40,37,-92.32442296911714
3,2,0.45,f_micro_distance_selected_extreme_15m|f_f_coin_residual_5m_vs_btc|f_micro_selected_vwap_extension_20,False,44,0.6111111111111112,221,0.6480938416422287,36,0.6428571428571429,185,0.6491228070175439,265,148,133,-307.6426930060865
3,3,0.45,f_micro_distance_selected_extreme_15m|f_f_coin_residual_5m_vs_btc|f_micro_selected_vwap_extension_20,False,22,0.7096774193548387,97,0.6643835616438356,14,0.56,83,0.6859504132231405,119,58,53,-129.7655570937522
3,2,0.15,f_ret_1h_pct_for_selected|f_f_relative_overextension_30m|f_median_abs_ret_5m_pct,False,7,0.5384615384615384,54,0.6923076923076923,11,0.7857142857142857,43,0.671875,61,30,25,-127.80558050376898
3,3,0.15,f_ret_1h_pct_for_selected|f_f_relative_overextension_30m|f_median_abs_ret_5m_pct,False,2,0.6666666666666666,9,0.6,0,0.0,9,0.6428571428571429,11,7,6,-20.376096875825297
3,2,0.2,f_ret_1h_pct_for_selected|f_f_relative_overextension_30m|f_median_abs_ret_5m_pct,False,14,0.56,91,0.7338709677419355,16,0.8,75,0.7211538461538461,105,44,39,-223.6612488416561
3,3,0.2,f_ret_1h_pct_for_selected|f_f_relative_overextension_30m|f_median_abs_ret_5m_pct,False,3,0.75,20,0.7407407407407407,1,0.5,19,0.76,23,8,7,-54.792642158001435
3,2,0.25,f_ret_1h_pct_for_selected|f_f_relative_overextension_30m|f_median_abs_ret_5m_pct,False,21,0.5833333333333334,121,0.7469135802469136,17,0.8095238095238095,104,0.7375886524822695,142,56,49,-280.61563189770965
3,3,0.25,f_ret_1h_pct_for_selected|f_f_relative_overextension_30m|f_median_abs_ret_5m_pct,False,6,0.75,31,0.7560975609756098,3,0.6,28,0.7777777777777778,37,12,10,-79.44053333987671
3,2,0.3,f_ret_1h_pct_for_selected|f_f_relative_overextension_30m|f_median_abs_ret_5m_pct,False,29,0.5918367346938775,140,0.7,20,0.7142857142857143,120,0.6976744186046512,169,80,70,-261.1460251422245
3,3,0.3,f_ret_1h_pct_for_selected|f_f_relative_overextension_30m|f_median_abs_ret_5m_pct,False,9,0.6923076923076923,65,0.7926829268292683,9,0.8181818181818182,56,0.7887323943661971,74,21,19,-120.57132981946222
3,2,0.35,f_ret_1h_pct_for_selected|f_f_relative_overextension_30m|f_median_abs_ret_5m_pct,False,38,0.6129032258064516,176,0.6984126984126984,29,0.725,147,0.6933962264150944,214,100,86,-332.9951847663015
3,3,0.35,f_ret_1h_pct_for_selected|f_f_relative_overextension_30m|f_median_abs_ret_5m_pct,False,15,0.7142857142857143,93,0.7815126050420168,13,0.7222222222222222,80,0.7920792079207921,108,32,30,-148.12904384525996
3,2,0.4,f_ret_1h_pct_for_selected|f_f_relative_overextension_30m|f_median_abs_ret_5m_pct,False,43,0.6056338028169014,198,0.6996466431095406,34,0.7083333333333334,164,0.6978723404255319,241,113,98,-370.1744235116462
3,3,0.4,f_ret_1h_pct_for_selected|f_f_relative_overextension_30m|f_median_abs_ret_5m_pct,False,20,0.6896551724137931,112,0.7619047619047619,19,0.7916666666666666,93,0.7560975609756098,132,44,38,-190.0014537768847
3,2,0.45,f_ret_1h_pct_for_selected|f_f_relative_overextension_30m|f_median_abs_ret_5m_pct,False,46,0.6052631578947368,231,0.6834319526627219,43,0.6935483870967742,188,0.6811594202898551,277,137,117,-418.66765350561803
3,3,0.45,f_ret_1h_pct_for_selected|f_f_relative_overextension_30m|f_median_abs_ret_5m_pct,False,27,0.7105263157894737,138,0.7419354838709677,27,0.7941176470588235,111,0.7302631578947368,165,59,52,-252.6366447962836
3,2,0.15,f_ret_1h_pct_for_selected|f_f_relative_overextension_30m|f_context_quote_volume_5m,False,12,0.5454545454545454,54,0.7012987012987013,11,0.7857142857142857,43,0.6825396825396826,66,33,28,-128.71793006979024
3,3,0.15,f_ret_1h_pct_for_selected|f_f_relative_overextension_30m|f_context_quote_volume_5m,False,4,0.8,6,0.46153846153846156,0,0.0,6,0.5454545454545454,10,8,7,-17.7178562218971
3,2,0.2,f_ret_1h_pct_for_selected|f_f_relative_overextension_30m|f_context_quote_volume_5m,False,17,0.6296296296296297,81,0.7570093457943925,14,0.8235294117647058,67,0.7444444444444445,98,36,31,-207.30467018672798
3,3,0.2,f_ret_1h_pct_for_selected|f_f_relative_overextension_30m|f_context_quote_volume_5m,False,7,0.875,20,0.7407407407407407,1,0.3333333333333333,19,0.7916666666666666,27,8,7,-69.83786878713084
3,2,0.25,f_ret_1h_pct_for_selected|f_f_relative_overextension_30m|f_context_quote_volume_5m,False,23,0.6052631578947368,104,0.7591240875912408,16,0.8,88,0.7521367521367521,127,48,43,-249.96396928813073
3,3,0.25,f_ret_1h_pct_for_selected|f_f_relative_overextension_30m|f_context_quote_volume_5m,False,10,0.8333333333333334,29,0.7435897435897436,3,0.5,26,0.7878787878787878,39,12,10,-104.96172876340634
3,2,0.3,f_ret_1h_pct_for_selected|f_f_relative_overextension_30m|f_context_quote_volume_5m,False,32,0.6274509803921569,143,0.7258883248730964,20,0.7142857142857143,123,0.727810650887574,175,73,67,-266.20023053272297
3,3,0.3,f_ret_1h_pct_for_selected|f_f_relative_overextension_30m|f_context_quote_volume_5m,True,15,0.8333333333333334,54,0.782608695652174,8,0.7272727272727273,46,0.7931034482758621,69,18,15,-163.44438739882503
3,2,0.35,f_ret_1h_pct_for_selected|f_f_relative_overextension_30m|f_context_quote_volume_5m,False,38,0.6333333333333333,171,0.7095435684647303,28,0.6666666666666666,143,0.7185929648241206,209,92,83,-306.3749019446272
3,3,0.35,f_ret_1h_pct_for_selected|f_f_relative_overextension_30m|f_context_quote_volume_5m,True,20,0.8,80,0.7547169811320755,11,0.6470588235294118,69,0.7752808988764045,100,31,27,-175.42329114967364
3,2,0.4,f_ret_1h_pct_for_selected|f_f_relative_overextension_30m|f_context_quote_volume_5m,False,41,0.6119402985074627,197,0.701067615658363,32,0.6666666666666666,165,0.7081545064377682,238,110,98,-349.58853929293224
3,3,0.4,f_ret_1h_pct_for_selected|f_f_relative_overextension_30m|f_context_quote_volume_5m,True,23,0.7931034482758621,93,0.7380952380952381,16,0.6666666666666666,77,0.7549019607843137,116,39,33,-192.74786483300505
3,2,0.45,f_ret_1h_pct_for_selected|f_f_relative_overextension_30m|f_context_quote_volume_5m,False,45,0.6,225,0.6859756097560976,39,0.6610169491525424,186,0.6914498141263941,270,133,117,-390.14309978621225
3,3,0.45,f_ret_1h_pct_for_selected|f_f_relative_overextension_30m|f_context_quote_volume_5m,True,28,0.8,118,0.7195121951219512,22,0.6875,96,0.7272727272727273,146,53,47,-241.48260649060916
3,2,0.15,f_ret_1h_pct_for_selected|f_f_relative_overextension_30m|f_gate_side_ret_3m_pct,False,11,0.6111111111111112,50,0.704225352112676,6,0.6666666666666666,44,0.7096774193548387,61,28,23,-120.98105175797309
3,3,0.15,f_ret_1h_pct_for_selected|f_f_relative_overextension_30m|f_gate_side_ret_3m_pct,False,1,0.5,10,0.5882352941176471,2,0.5,8,0.6153846153846154,11,8,5,-24.24832000666601
3,2,0.2,f_ret_1h_pct_for_selected|f_f_relative_overextension_30m|f_gate_side_ret_3m_pct,False,15,0.6,77,0.7333333333333333,11,0.6875,66,0.7415730337078652,92,38,33,-195.80262742485297
3,3,0.2,f_ret_1h_pct_for_selected|f_f_relative_overextension_30m|f_gate_side_ret_3m_pct,False,1,0.5,21,0.7241379310344828,4,0.6666666666666666,17,0.7391304347826086,22,9,6,-50.77744031299526
3,2,0.25,f_ret_1h_pct_for_selected|f_f_relative_overextension_30m|f_gate_side_ret_3m_pct,False,20,0.6060606060606061,106,0.7464788732394366,14,0.7368421052631579,92,0.7479674796747967,126,49,42,-247.51118243156566
3,3,0.25,f_ret_1h_pct_for_selected|f_f_relative_overextension_30m|f_gate_side_ret_3m_pct,False,4,0.6666666666666666,30,0.7692307692307693,6,0.75,24,0.7741935483870968,34,11,8,-83.62484594642922
3,2,0.3,f_ret_1h_pct_for_selected|f_f_relative_overextension_30m|f_gate_side_ret_3m_pct,False,27,0.6,134,0.7052631578947368,18,0.6923076923076923,116,0.7073170731707317,161,74,65,-241.48672492277666
3,3,0.3,f_ret_1h_pct_for_selected|f_f_relative_overextension_30m|f_gate_side_ret_3m_pct,False,7,0.7777777777777778,52,0.7761194029850746,10,0.7692307692307693,42,0.7777777777777778,59,17,14,-114.41304277538175
3,2,0.35,f_ret_1h_pct_for_selected|f_f_relative_overextension_30m|f_gate_side_ret_3m_pct,False,34,0.6296296296296297,168,0.6970954356846473,25,0.6578947368421053,143,0.7044334975369458,202,93,81,-290.06656221079913
3,3,0.35,f_ret_1h_pct_for_selected|f_f_relative_overextension_30m|f_gate_side_ret_3m_pct,False,12,0.7058823529411765,78,0.7647058823529411,13,0.7222222222222222,65,0.7738095238095238,90,29,25,-138.08564779218509
3,2,0.4,f_ret_1h_pct_for_selected|f_f_relative_overextension_30m|f_gate_side_ret_3m_pct,False,38,0.6129032258064516,190,0.6909090909090909,29,0.6744186046511628,161,0.6939655172413793,228,109,94,-322.63804554940225
3,3,0.4,f_ret_1h_pct_for_selected|f_f_relative_overextension_30m|f_gate_side_ret_3m_pct,False,17,0.7083333333333334,97,0.7461538461538462,18,0.72,79,0.7523809523809524,114,40,34,-184.84242174862214
3,2,0.45,f_ret_1h_pct_for_selected|f_f_relative_overextension_30m|f_gate_side_ret_3m_pct,False,46,0.5974025974025974,219,0.6801242236024845,37,0.6851851851851852,182,0.6791044776119403,265,134,117,-372.7864476001641
3,3,0.45,f_ret_1h_pct_for_selected|f_f_relative_overextension_30m|f_gate_side_ret_3m_pct,False,20,0.7142857142857143,114,0.7307692307692307,21,0.7,93,0.7380952380952381,134,50,44,-208.2400615362541
3,2,0.15,f_ret_1h_pct_for_selected|f_f_relative_overextension_30m|f_f_coin_residual_5m_vs_btc,False,15,0.625,43,0.671875,5,0.625,38,0.6785714285714286,58,30,24,-109.00993452277444
3,3,0.15,f_ret_1h_pct_for_selected|f_f_relative_overextension_30m|f_f_coin_residual_5m_vs_btc,False,2,0.6666666666666666,7,0.5833333333333334,1,0.5,6,0.6,9,6,5,-33.37097966199322
3,2,0.2,f_ret_1h_pct_for_selected|f_f_relative_overextension_30m|f_f_coin_residual_5m_vs_btc,False,17,0.6071428571428571,69,0.7263157894736842,10,0.7142857142857143,59,0.7283950617283951,86,37,31,-195.31004475131988
3,3,0.2,f_ret_1h_pct_for_selected|f_f_relative_overextension_30m|f_f_coin_residual_5m_vs_btc,False,4,0.8,11,0.6470588235294118,1,0.5,10,0.6666666666666666,15,7,6,-47.15050533822227
3,2,0.25,f_ret_1h_pct_for_selected|f_f_relative_overextension_30m|f_f_coin_residual_5m_vs_btc,False,24,0.6486486486486487,94,0.7401574803149606,12,0.6666666666666666,82,0.7522935779816514,118,46,39,-247.951742111621
3,3,0.25,f_ret_1h_pct_for_selected|f_f_relative_overextension_30m|f_f_coin_residual_5m_vs_btc,False,7,0.7777777777777778,24,0.75,4,0.8,20,0.7407407407407407,31,10,9,-96.00032890623017
3,2,0.3,f_ret_1h_pct_for_selected|f_f_relative_overextension_30m|f_f_coin_residual_5m_vs_btc,False,30,0.6122448979591837,122,0.6815642458100558,18,0.6428571428571429,104,0.6887417218543046,152,76,66,-236.07540871093482
3,3,0.3,f_ret_1h_pct_for_selected|f_f_relative_overextension_30m|f_f_coin_residual_5m_vs_btc,True,13,0.8666666666666667,46,0.7666666666666667,7,0.875,39,0.75,59,16,15,-123.08003744052304
3,2,0.35,f_ret_1h_pct_for_selected|f_f_relative_overextension_30m|f_f_coin_residual_5m_vs_btc,False,35,0.603448275862069,160,0.6751054852320675,24,0.6486486486486487,136,0.68,195,100,87,-276.5267824401551
3,3,0.35,f_ret_1h_pct_for_selected|f_f_relative_overextension_30m|f_f_coin_residual_5m_vs_btc,True,16,0.8,80,0.7692307692307693,11,0.6875,69,0.7840909090909091,96,28,26,-174.3032527885675
3,2,0.4,f_ret_1h_pct_for_selected|f_f_relative_overextension_30m|f_f_coin_residual_5m_vs_btc,False,39,0.6,186,0.6863468634686347,29,0.6444444444444445,157,0.6946902654867256,225,111,97,-339.61891728055747
3,3,0.4,f_ret_1h_pct_for_selected|f_f_relative_overextension_30m|f_f_coin_residual_5m_vs_btc,True,22,0.7586206896551724,102,0.7445255474452555,17,0.7083333333333334,85,0.7522123893805309,124,42,37,-228.6728258389866
3,2,0.45,f_ret_1h_pct_for_selected|f_f_relative_overextension_30m|f_f_coin_residual_5m_vs_btc,False,46,0.5974025974025974,215,0.6782334384858044,38,0.6785714285714286,177,0.6781609195402298,261,133,117,-374.57003643681145
3,3,0.45,f_ret_1h_pct_for_selected|f_f_relative_overextension_30m|f_f_coin_residual_5m_vs_btc,True,28,0.7567567567567568,132,0.7213114754098361,21,0.6774193548387096,111,0.7302631578947368,160,60,54,-281.4695188576566
3,2,0.15,f_ret_1h_pct_for_selected|f_f_relative_overextension_30m|f_micro_selected_vwap_extension_20,False,8,0.5,52,0.6933333333333334,11,0.7333333333333333,41,0.6833333333333333,60,31,26,-110.98556876062587
3,3,0.15,f_ret_1h_pct_for_selected|f_f_relative_overextension_30m|f_micro_selected_vwap_extension_20,False,1,1.0,9,0.6923076923076923,1,0.5,8,0.7272727272727273,10,4,4,-31.13161138760147
3,2,0.2,f_ret_1h_pct_for_selected|f_f_relative_overextension_30m|f_micro_selected_vwap_extension_20,False,14,0.56,83,0.7033898305084746,14,0.7,69,0.7040816326530612,97,46,40,-177.3207388168898
3,3,0.2,f_ret_1h_pct_for_selected|f_f_relative_overextension_30m|f_micro_selected_vwap_extension_20,False,2,1.0,19,0.7037037037037037,2,0.6666666666666666,17,0.7083333333333334,21,8,7,-58.983019974923664
3,2,0.25,f_ret_1h_pct_for_selected|f_f_relative_overextension_30m|f_micro_selected_vwap_extension_20,False,20,0.5714285714285714,112,0.7368421052631579,15,0.6818181818181818,97,0.7461538461538462,132,55,47,-253.37249061021691
3,3,0.25,f_ret_1h_pct_for_selected|f_f_relative_overextension_30m|f_micro_selected_vwap_extension_20,False,5,0.8333333333333334,30,0.7317073170731707,3,0.6,27,0.75,35,12,11,-80.93673747893108
3,2,0.3,f_ret_1h_pct_for_selected|f_f_relative_overextension_30m|f_micro_selected_vwap_extension_20,False,28,0.5957446808510638,138,0.6934673366834171,21,0.6774193548387096,117,0.6964285714285714,166,80,69,-243.1017717822466
3,3,0.3,f_ret_1h_pct_for_selected|f_f_relative_overextension_30m|f_micro_selected_vwap_extension_20,False,10,0.7692307692307693,58,0.7631578947368421,8,0.7272727272727273,50,0.7692307692307693,68,21,19,-117.95822651013073
3,2,0.35,f_ret_1h_pct_for_selected|f_f_relative_overextension_30m|f_micro_selected_vwap_extension_20,False,37,0.6166666666666667,174,0.6932270916334662,31,0.6739130434782609,143,0.697560975609756,211,100,86,-297.73216316110467
3,3,0.35,f_ret_1h_pct_for_selected|f_f_relative_overextension_30m|f_micro_selected_vwap_extension_20,False,12,0.7058823529411765,86,0.7678571428571429,13,0.6842105263157895,73,0.7849462365591398,98,31,29,-135.7589170467042
3,2,0.4,f_ret_1h_pct_for_selected|f_f_relative_overextension_30m|f_micro_selected_vwap_extension_20,False,42,0.6086956521739131,199,0.6791808873720137,35,0.6730769230769231,164,0.6804979253112033,241,121,104,-329.131407441469
3,3,0.4,f_ret_1h_pct_for_selected|f_f_relative_overextension_30m|f_micro_selected_vwap_extension_20,False,16,0.6956521739130435,105,0.7342657342657343,20,0.7407407407407407,85,0.7327586206896551,121,45,40,-174.63677602563416
3,2,0.45,f_ret_1h_pct_for_selected|f_f_relative_overextension_30m|f_micro_selected_vwap_extension_20,False,47,0.6103896103896104,228,0.6686217008797654,43,0.6935483870967742,185,0.6630824372759857,275,143,123,-370.6043662863642
3,3,0.45,f_ret_1h_pct_for_selected|f_f_relative_overextension_30m|f_micro_selected_vwap_extension_20,True,25,0.7352941176470589,142,0.7135678391959799,28,0.7,114,0.7169811320754716,167,66,59,-262.99327103134
3,2,0.15,f_ret_1h_pct_for_selected|f_median_abs_ret_5m_pct|f_context_quote_volume_5m,True,16,0.7619047619047619,70,0.7368421052631579,8,0.7272727272727273,62,0.7380952380952381,86,30,27,-165.24782872279928
3,3,0.15,f_ret_1h_pct_for_selected|f_median_abs_ret_5m_pct|f_context_quote_volume_5m,False,1,0.5,16,0.7619047619047619,5,0.8333333333333334,11,0.7333333333333333,17,6,5,-32.790321183651784
3,2,0.2,f_ret_1h_pct_for_selected|f_median_abs_ret_5m_pct|f_context_quote_volume_5m,False,24,0.6857142857142857,107,0.7328767123287672,13,0.6842105263157895,94,0.7401574803149606,131,50,45,-252.82860767424532
3,3,0.2,f_ret_1h_pct_for_selected|f_median_abs_ret_5m_pct|f_context_quote_volume_5m,False,4,0.8,39,0.8666666666666667,7,0.875,32,0.8648648648648649,43,7,6,-90.34571480089055
3,2,0.25,f_ret_1h_pct_for_selected|f_median_abs_ret_5m_pct|f_context_quote_volume_5m,False,32,0.6956521739130435,125,0.6793478260869565,16,0.64,109,0.6855345911949685,157,73,63,-256.7215807598172
3,3,0.25,f_ret_1h_pct_for_selected|f_median_abs_ret_5m_pct|f_context_quote_volume_5m,False,4,0.5,57,0.8142857142857143,10,0.8333333333333334,47,0.8103448275862069,61,17,16,-110.50678968323881
3,2,0.3,f_ret_1h_pct_for_selected|f_median_abs_ret_5m_pct|f_context_quote_volume_5m,False,35,0.6862745098039216,156,0.6695278969957081,22,0.6875,134,0.6666666666666666,191,93,81,-274.1018870126223
3,3,0.3,f_ret_1h_pct_for_selected|f_median_abs_ret_5m_pct|f_context_quote_volume_5m,False,7,0.4666666666666667,76,0.7676767676767676,11,0.7333333333333333,65,0.7738095238095238,83,31,29,-135.27671147609402
3,2,0.35,f_ret_1h_pct_for_selected|f_median_abs_ret_5m_pct|f_context_quote_volume_5m,False,39,0.6724137931034483,177,0.6704545454545454,27,0.7297297297297297,150,0.6607929515418502,216,106,92,-288.44035363198293
3,3,0.35,f_ret_1h_pct_for_selected|f_median_abs_ret_5m_pct|f_context_quote_volume_5m,False,17,0.6538461538461539,88,0.7333333333333333,12,0.631578947368421,76,0.7524752475247525,105,41,39,-150.03873266579873
3,2,0.4,f_ret_1h_pct_for_selected|f_median_abs_ret_5m_pct|f_context_quote_volume_5m,False,43,0.6515151515151515,196,0.6666666666666666,31,0.7209302325581395,165,0.6573705179282868,239,121,102,-336.96010536643973
3,3,0.4,f_ret_1h_pct_for_selected|f_median_abs_ret_5m_pct|f_context_quote_volume_5m,False,22,0.6470588235294118,104,0.7272727272727273,15,0.6818181818181818,89,0.7355371900826446,126,51,47,-175.311867615989
3,2,0.45,f_ret_1h_pct_for_selected|f_median_abs_ret_5m_pct|f_context_quote_volume_5m,False,48,0.6575342465753424,226,0.6608187134502924,39,0.7222222222222222,187,0.6493055555555556,274,141,120,-374.49079428362313
3,3,0.45,f_ret_1h_pct_for_selected|f_median_abs_ret_5m_pct|f_context_quote_volume_5m,False,29,0.6744186046511628,135,0.7142857142857143,26,0.7428571428571429,109,0.7077922077922078,164,68,61,-239.4038534301707
3,2,0.15,f_ret_1h_pct_for_selected|f_median_abs_ret_5m_pct|f_gate_side_ret_3m_pct,False,9,0.6428571428571429,66,0.717391304347826,8,0.6666666666666666,58,0.725,75,31,25,-139.29926125470533
3,3,0.15,f_ret_1h_pct_for_selected|f_median_abs_ret_5m_pct|f_gate_side_ret_3m_pct,False,1,0.5,12,0.7058823529411765,1,1.0,11,0.6875,13,6,5,-34.35649769530211
3,2,0.2,f_ret_1h_pct_for_selected|f_median_abs_ret_5m_pct|f_gate_side_ret_3m_pct,False,13,0.6190476190476191,113,0.743421052631579,16,0.6956521739130435,97,0.751937984496124,126,47,41,-216.27571328249928
3,3,0.2,f_ret_1h_pct_for_selected|f_median_abs_ret_5m_pct|f_gate_side_ret_3m_pct,False,4,0.5714285714285714,27,0.75,2,0.6666666666666666,25,0.7575757575757576,31,12,11,-80.28146116591422
3,2,0.25,f_ret_1h_pct_for_selected|f_median_abs_ret_5m_pct|f_gate_side_ret_3m_pct,False,20,0.6666666666666666,136,0.7120418848167539,19,0.6785714285714286,117,0.7177914110429447,156,65,57,-228.84076163564043
3,3,0.25,f_ret_1h_pct_for_selected|f_median_abs_ret_5m_pct|f_gate_side_ret_3m_pct,False,6,0.5454545454545454,47,0.7580645161290323,6,0.75,41,0.7592592592592593,53,20,18,-103.99560578599797
3,2,0.3,f_ret_1h_pct_for_selected|f_median_abs_ret_5m_pct|f_gate_side_ret_3m_pct,False,23,0.6052631578947368,154,0.6968325791855203,21,0.6774193548387096,133,0.7,177,82,72,-246.37679321071633
3,3,0.3,f_ret_1h_pct_for_selected|f_median_abs_ret_5m_pct|f_gate_side_ret_3m_pct,False,8,0.5714285714285714,60,0.7317073170731707,7,0.7777777777777778,53,0.726027397260274,68,28,26,-106.6261774107827
3,2,0.35,f_ret_1h_pct_for_selected|f_median_abs_ret_5m_pct|f_gate_side_ret_3m_pct,False,31,0.6078431372549019,180,0.6741573033707865,27,0.6428571428571429,153,0.68,211,107,94,-272.21529690084446
3,3,0.35,f_ret_1h_pct_for_selected|f_median_abs_ret_5m_pct|f_gate_side_ret_3m_pct,False,15,0.7142857142857143,76,0.7169811320754716,10,0.7142857142857143,66,0.717391304347826,91,36,33,-116.89916438960431
3,2,0.4,f_ret_1h_pct_for_selected|f_median_abs_ret_5m_pct|f_gate_side_ret_3m_pct,False,34,0.5862068965517241,199,0.6655518394648829,34,0.6666666666666666,165,0.6653225806451613,233,124,108,-283.79598481256744
3,3,0.4,f_ret_1h_pct_for_selected|f_median_abs_ret_5m_pct|f_gate_side_ret_3m_pct,True,22,0.7333333333333333,93,0.7099236641221374,12,0.75,81,0.7043478260869566,115,46,39,-176.9091107641541
3,2,0.45,f_ret_1h_pct_for_selected|f_median_abs_ret_5m_pct|f_gate_side_ret_3m_pct,False,40,0.5797101449275363,230,0.6647398843930635,43,0.6825396825396826,187,0.6607773851590106,270,145,127,-326.24601153638895
3,3,0.45,f_ret_1h_pct_for_selected|f_median_abs_ret_5m_pct|f_gate_side_ret_3m_pct,True,27,0.7297297297297297,119,0.7041420118343196,20,0.7692307692307693,99,0.6923076923076923,146,60,51,-235.61655467358852
3,2,0.15,f_ret_1h_pct_for_selected|f_median_abs_ret_5m_pct|f_f_coin_residual_5m_vs_btc,True,18,0.8181818181818182,61,0.7011494252873564,8,0.7272727272727273,53,0.6973684210526315,79,30,27,-154.24068404087689
3,3,0.15,f_ret_1h_pct_for_selected|f_median_abs_ret_5m_pct|f_f_coin_residual_5m_vs_btc,False,0,0.0,6,0.6666666666666666,0,0.0,6,0.6666666666666666,6,5,4,-13.194235063433954
3,2,0.2,f_ret_1h_pct_for_selected|f_median_abs_ret_5m_pct|f_f_coin_residual_5m_vs_btc,True,23,0.7666666666666667,89,0.712,11,0.7333333333333333,78,0.7090909090909091,112,43,40,-231.09228151143836
3,3,0.2,f_ret_1h_pct_for_selected|f_median_abs_ret_5m_pct|f_f_coin_residual_5m_vs_btc,False,2,0.4,20,0.8,2,1.0,18,0.782608695652174,22,8,7,-50.85479614670371
3,2,0.25,f_ret_1h_pct_for_selected|f_median_abs_ret_5m_pct|f_f_coin_residual_5m_vs_btc,False,27,0.7297297297297297,118,0.686046511627907,14,0.7368421052631579,104,0.6797385620915033,145,64,57,-258.5275688069442
3,3,0.25,f_ret_1h_pct_for_selected|f_median_abs_ret_5m_pct|f_f_coin_residual_5m_vs_btc,False,5,0.5555555555555556,38,0.76,5,0.7142857142857143,33,0.7674418604651163,43,16,15,-83.47727242225368
3,2,0.3,f_ret_1h_pct_for_selected|f_median_abs_ret_5m_pct|f_f_coin_residual_5m_vs_btc,False,28,0.6511627906976745,138,0.6764705882352942,18,0.72,120,0.6703910614525139,166,81,69,-275.6899669997662
3,3,0.3,f_ret_1h_pct_for_selected|f_median_abs_ret_5m_pct|f_f_coin_residual_5m_vs_btc,False,8,0.5333333333333333,50,0.6944444444444444,5,0.7142857142857143,45,0.6923076923076923,58,29,28,-76.18696686815042
3,2,0.35,f_ret_1h_pct_for_selected|f_median_abs_ret_5m_pct|f_f_coin_residual_5m_vs_btc,False,36,0.6428571428571429,171,0.6785714285714286,26,0.7222222222222222,145,0.6712962962962963,207,101,87,-334.89375628132626
3,3,0.35,f_ret_1h_pct_for_selected|f_median_abs_ret_5m_pct|f_f_coin_residual_5m_vs_btc,False,11,0.6111111111111112,77,0.7064220183486238,9,0.6,68,0.723404255319149,88,39,37,-104.6548693832025
3,2,0.4,f_ret_1h_pct_for_selected|f_median_abs_ret_5m_pct|f_f_coin_residual_5m_vs_btc,False,43,0.6515151515151515,198,0.6711864406779661,32,0.7111111111111111,166,0.664,241,120,103,-378.1065448925661
3,3,0.4,f_ret_1h_pct_for_selected|f_median_abs_ret_5m_pct|f_f_coin_residual_5m_vs_btc,False,19,0.6551724137931034,98,0.7205882352941176,14,0.7,84,0.7241379310344828,117,48,42,-172.71033625116053
3,2,0.45,f_ret_1h_pct_for_selected|f_median_abs_ret_5m_pct|f_f_coin_residual_5m_vs_btc,False,47,0.6351351351351351,234,0.6591549295774648,41,0.7068965517241379,193,0.6498316498316499,281,148,126,-414.66526378477596
3,3,0.45,f_ret_1h_pct_for_selected|f_median_abs_ret_5m_pct|f_f_coin_residual_5m_vs_btc,False,28,0.7,135,0.7219251336898396,23,0.7419354838709677,112,0.717948717948718,163,64,57,-259.46698472827075
3,2,0.15,f_ret_1h_pct_for_selected|f_median_abs_ret_5m_pct|f_micro_selected_vwap_extension_20,False,6,0.46153846153846156,76,0.7037037037037037,14,0.7777777777777778,62,0.6888888888888889,82,39,35,-126.87098552062335
3,3,0.15,f_ret_1h_pct_for_selected|f_median_abs_ret_5m_pct|f_micro_selected_vwap_extension_20,False,0,0.0,18,0.782608695652174,5,1.0,13,0.7222222222222222,18,5,5,-44.54791992003354
3,2,0.2,f_ret_1h_pct_for_selected|f_median_abs_ret_5m_pct|f_micro_selected_vwap_extension_20,False,17,0.5666666666666667,108,0.6792452830188679,16,0.6666666666666666,92,0.6814814814814815,125,64,57,-206.42284959892015
3,3,0.2,f_ret_1h_pct_for_selected|f_median_abs_ret_5m_pct|f_micro_selected_vwap_extension_20,False,3,0.6,41,0.7884615384615384,8,0.8888888888888888,33,0.7674418604651163,44,13,13,-91.45812765587537
3,2,0.25,f_ret_1h_pct_for_selected|f_median_abs_ret_5m_pct|f_micro_selected_vwap_extension_20,False,21,0.5833333333333334,139,0.6847290640394089,21,0.65625,118,0.6900584795321637,160,79,68,-233.90145042612366
3,3,0.25,f_ret_1h_pct_for_selected|f_median_abs_ret_5m_pct|f_micro_selected_vwap_extension_20,False,5,0.5,56,0.7567567567567568,8,0.8,48,0.75,61,23,22,-111.60038236342388
3,2,0.3,f_ret_1h_pct_for_selected|f_median_abs_ret_5m_pct|f_micro_selected_vwap_extension_20,False,24,0.5581395348837209,159,0.6794871794871795,24,0.6486486486486487,135,0.6852791878172588,183,94,80,-257.5970651443768
3,3,0.3,f_ret_1h_pct_for_selected|f_median_abs_ret_5m_pct|f_micro_selected_vwap_extension_20,False,9,0.47368421052631576,71,0.7171717171717171,11,0.7857142857142857,60,0.7058823529411765,80,38,35,-111.83506775240757
3,2,0.35,f_ret_1h_pct_for_selected|f_median_abs_ret_5m_pct|f_micro_selected_vwap_extension_20,False,32,0.6037735849056604,184,0.6764705882352942,31,0.6595744680851063,153,0.68,216,109,95,-304.5061827233432
3,3,0.35,f_ret_1h_pct_for_selected|f_median_abs_ret_5m_pct|f_micro_selected_vwap_extension_20,False,13,0.5416666666666666,87,0.71900826446281,15,0.7142857142857143,72,0.72,100,45,41,-123.68648205956144
3,2,0.4,f_ret_1h_pct_for_selected|f_median_abs_ret_5m_pct|f_micro_selected_vwap_extension_20,False,40,0.6349206349206349,204,0.6754966887417219,37,0.6851851851851852,167,0.6733870967741935,244,121,103,-352.6997097060186
3,3,0.4,f_ret_1h_pct_for_selected|f_median_abs_ret_5m_pct|f_micro_selected_vwap_extension_20,False,18,0.5625,109,0.689873417721519,18,0.75,91,0.6791044776119403,127,63,54,-153.22185036461457
3,2,0.45,f_ret_1h_pct_for_selected|f_median_abs_ret_5m_pct|f_micro_selected_vwap_extension_20,False,46,0.6216216216216216,236,0.6555555555555556,45,0.6818181818181818,191,0.6496598639455783,282,152,130,-387.7682045019254
3,3,0.45,f_ret_1h_pct_for_selected|f_median_abs_ret_5m_pct|f_micro_selected_vwap_extension_20,False,27,0.6428571428571429,153,0.7050691244239631,31,0.775,122,0.6892655367231638,180,79,68,-269.5864353889429
3,2,0.15,f_ret_1h_pct_for_selected|f_context_quote_volume_5m|f_gate_side_ret_3m_pct,False,15,0.7142857142857143,56,0.691358024691358,8,0.6666666666666666,48,0.6956521739130435,71,31,27,-124.27339050930271
3,3,0.15,f_ret_1h_pct_for_selected|f_context_quote_volume_5m|f_gate_side_ret_3m_pct,False,1,0.5,11,0.8461538461538461,1,0.5,10,0.9090909090909091,12,3,2,-19.97488827964102
3,2,0.2,f_ret_1h_pct_for_selected|f_context_quote_volume_5m|f_gate_side_ret_3m_pct,False,22,0.6875,98,0.725925925925926,15,0.6818181818181818,83,0.7345132743362832,120,47,43,-202.89708151831766
3,3,0.2,f_ret_1h_pct_for_selected|f_context_quote_volume_5m|f_gate_side_ret_3m_pct,False,3,0.75,22,0.88,1,0.5,21,0.9130434782608695,25,4,3,-53.83185508152506
3,2,0.25,f_ret_1h_pct_for_selected|f_context_quote_volume_5m|f_gate_side_ret_3m_pct,False,26,0.6666666666666666,124,0.7005649717514124,19,0.6551724137931034,105,0.7094594594594594,150,66,61,-225.1515506443044
3,3,0.25,f_ret_1h_pct_for_selected|f_context_quote_volume_5m|f_gate_side_ret_3m_pct,False,6,0.75,37,0.8043478260869565,5,0.7142857142857143,32,0.8205128205128205,43,11,9,-87.62093137328372
3,2,0.3,f_ret_1h_pct_for_selected|f_context_quote_volume_5m|f_gate_side_ret_3m_pct,False,31,0.6326530612244898,155,0.6858407079646017,25,0.6756756756756757,130,0.6878306878306878,186,89,81,-270.47282058355387
3,3,0.3,f_ret_1h_pct_for_selected|f_context_quote_volume_5m|f_gate_side_ret_3m_pct,False,8,0.8,52,0.7536231884057971,5,0.625,47,0.7704918032786885,60,19,16,-108.58855493636729
3,2,0.35,f_ret_1h_pct_for_selected|f_context_quote_volume_5m|f_gate_side_ret_3m_pct,False,35,0.6140350877192983,177,0.6755725190839694,28,0.6666666666666666,149,0.6772727272727272,212,107,97,-286.41735990503815
3,3,0.35,f_ret_1h_pct_for_selected|f_context_quote_volume_5m|f_gate_side_ret_3m_pct,True,14,0.7777777777777778,68,0.7311827956989247,6,0.5454545454545454,62,0.7560975609756098,82,29,25,-105.93063197572067
3,2,0.4,f_ret_1h_pct_for_selected|f_context_quote_volume_5m|f_gate_side_ret_3m_pct,False,40,0.625,192,0.6666666666666666,31,0.6595744680851063,161,0.6680497925311203,232,120,107,-319.64409046504016
3,3,0.4,f_ret_1h_pct_for_selected|f_context_quote_volume_5m|f_gate_side_ret_3m_pct,True,18,0.75,84,0.717948717948718,9,0.6,75,0.7352941176470589,102,39,32,-135.2921739427016
3,2,0.45,f_ret_1h_pct_for_selected|f_context_quote_volume_5m|f_gate_side_ret_3m_pct,False,45,0.6164383561643836,223,0.6676646706586826,38,0.6785714285714286,185,0.6654676258992805,268,139,125,-355.15601657480954
3,3,0.45,f_ret_1h_pct_for_selected|f_context_quote_volume_5m|f_gate_side_ret_3m_pct,True,22,0.7333333333333333,104,0.7074829931972789,15,0.6521739130434783,89,0.717741935483871,126,51,43,-179.40143104006458
3,2,0.15,f_ret_1h_pct_for_selected|f_context_quote_volume_5m|f_f_coin_residual_5m_vs_btc,True,20,0.7692307692307693,53,0.7571428571428571,8,0.8,45,0.75,73,23,20,-158.11036640174436
3,3,0.15,f_ret_1h_pct_for_selected|f_context_quote_volume_5m|f_f_coin_residual_5m_vs_btc,False,6,0.8571428571428571,3,0.42857142857142855,0,0.0,3,0.5,9,5,4,-36.644705093015226
3,2,0.2,f_ret_1h_pct_for_selected|f_context_quote_volume_5m|f_f_coin_residual_5m_vs_btc,True,24,0.75,82,0.7735849056603774,13,0.8666666666666667,69,0.7582417582417582,106,32,28,-216.61485305865563
3,3,0.2,f_ret_1h_pct_for_selected|f_context_quote_volume_5m|f_f_coin_residual_5m_vs_btc,False,8,0.8888888888888888,13,0.7647058823529411,0,0.0,13,0.8125,21,5,4,-62.300338309533394
3,2,0.25,f_ret_1h_pct_for_selected|f_context_quote_volume_5m|f_f_coin_residual_5m_vs_btc,True,28,0.7368421052631579,106,0.7162162162162162,16,0.7272727272727273,90,0.7142857142857143,134,52,46,-245.17106181939795
3,3,0.25,f_ret_1h_pct_for_selected|f_context_quote_volume_5m|f_f_coin_residual_5m_vs_btc,False,10,0.8333333333333334,29,0.7837837837837838,4,0.8,25,0.78125,39,10,9,-97.71450850486877
3,2,0.3,f_ret_1h_pct_for_selected|f_context_quote_volume_5m|f_f_coin_residual_5m_vs_btc,False,32,0.6808510638297872,137,0.6782178217821783,21,0.7241379310344828,116,0.6705202312138728,169,80,71,-273.03661958070506
3,3,0.3,f_ret_1h_pct_for_selected|f_context_quote_volume_5m|f_f_coin_residual_5m_vs_btc,True,13,0.8125,43,0.7543859649122807,5,0.7142857142857143,38,0.76,56,17,16,-119.63114038429599
3,2,0.35,f_ret_1h_pct_for_selected|f_context_quote_volume_5m|f_f_coin_residual_5m_vs_btc,False,38,0.6551724137931034,168,0.6746987951807228,26,0.6842105263157895,142,0.6729857819905213,206,101,89,-290.15516903882286
3,3,0.35,f_ret_1h_pct_for_selected|f_context_quote_volume_5m|f_f_coin_residual_5m_vs_btc,True,14,0.7777777777777778,66,0.7252747252747253,7,0.5384615384615384,59,0.7564102564102564,80,29,28,-138.79391302171507
3,2,0.4,f_ret_1h_pct_for_selected|f_context_quote_volume_5m|f_f_coin_residual_5m_vs_btc,False,42,0.6268656716417911,194,0.6689655172413793,32,0.6666666666666666,162,0.6694214876033058,236,121,106,-344.2488974466947
3,3,0.4,f_ret_1h_pct_for_selected|f_context_quote_volume_5m|f_f_coin_residual_5m_vs_btc,True,21,0.7777777777777778,84,0.7304347826086957,10,0.5882352941176471,74,0.7551020408163265,105,37,33,-188.15380094834958
3,2,0.45,f_ret_1h_pct_for_selected|f_context_quote_volume_5m|f_f_coin_residual_5m_vs_btc,False,46,0.6216216216216216,226,0.6588921282798834,38,0.6666666666666666,188,0.6573426573426573,272,145,128,-370.47400604537773
3,3,0.45,f_ret_1h_pct_for_selected|f_context_quote_volume_5m|f_f_coin_residual_5m_vs_btc,True,28,0.7777777777777778,120,0.7228915662650602,18,0.6666666666666666,102,0.7338129496402878,148,54,49,-250.6761720591251
3,2,0.15,f_ret_1h_pct_for_selected|f_context_quote_volume_5m|f_micro_selected_vwap_extension_20,False,12,0.6666666666666666,57,0.7125,9,0.6923076923076923,48,0.7164179104477612,69,29,28,-103.17154076701017
3,3,0.15,f_ret_1h_pct_for_selected|f_context_quote_volume_5m|f_micro_selected_vwap_extension_20,False,1,1.0,14,0.8235294117647058,5,1.0,9,0.75,15,3,3,-29.242460846910863
3,2,0.2,f_ret_1h_pct_for_selected|f_context_quote_volume_5m|f_micro_selected_vwap_extension_20,False,22,0.6875,96,0.7007299270072993,15,0.6521739130434783,81,0.7105263157894737,118,51,47,-189.6981700152252
3,3,0.2,f_ret_1h_pct_for_selected|f_context_quote_volume_5m|f_micro_selected_vwap_extension_20,False,4,1.0,31,0.8378378378378378,6,1.0,25,0.8064516129032258,35,6,6,-66.62401999485684
3,2,0.25,f_ret_1h_pct_for_selected|f_context_quote_volume_5m|f_micro_selected_vwap_extension_20,False,26,0.6666666666666666,125,0.7102272727272727,20,0.6451612903225806,105,0.7241379310344828,151,64,57,-252.58277118406804
3,3,0.25,f_ret_1h_pct_for_selected|f_context_quote_volume_5m|f_micro_selected_vwap_extension_20,False,5,0.7142857142857143,41,0.7592592592592593,7,0.7777777777777778,34,0.7555555555555555,46,15,15,-77.7050468023933
3,2,0.3,f_ret_1h_pct_for_selected|f_context_quote_volume_5m|f_micro_selected_vwap_extension_20,False,32,0.6666666666666666,156,0.6995515695067265,24,0.6666666666666666,132,0.7058823529411765,188,83,73,-282.95686376025543
3,3,0.3,f_ret_1h_pct_for_selected|f_context_quote_volume_5m|f_micro_selected_vwap_extension_20,False,10,0.6666666666666666,58,0.7160493827160493,10,0.7142857142857143,48,0.7164179104477612,68,28,26,-106.50956427099399
3,2,0.35,f_ret_1h_pct_for_selected|f_context_quote_volume_5m|f_micro_selected_vwap_extension_20,False,35,0.6481481481481481,176,0.6929133858267716,29,0.6744186046511628,147,0.6966824644549763,211,97,86,-280.22302074007905
3,3,0.35,f_ret_1h_pct_for_selected|f_context_quote_volume_5m|f_micro_selected_vwap_extension_20,False,13,0.6842105263157895,73,0.7019230769230769,12,0.631578947368421,61,0.7176470588235294,86,37,35,-106.12021852336179
3,2,0.4,f_ret_1h_pct_for_selected|f_context_quote_volume_5m|f_micro_selected_vwap_extension_20,False,42,0.65625,202,0.6870748299319728,34,0.68,168,0.6885245901639344,244,114,97,-363.0129042398953
3,3,0.4,f_ret_1h_pct_for_selected|f_context_quote_volume_5m|f_micro_selected_vwap_extension_20,False,15,0.625,87,0.6744186046511628,14,0.6363636363636364,73,0.6822429906542056,102,51,46,-113.39941075212917
3,2,0.45,f_ret_1h_pct_for_selected|f_context_quote_volume_5m|f_micro_selected_vwap_extension_20,False,47,0.6266666666666667,242,0.6759776536312849,46,0.7076923076923077,196,0.6689419795221843,289,144,122,-401.47608361062737
3,3,0.45,f_ret_1h_pct_for_selected|f_context_quote_volume_5m|f_micro_selected_vwap_extension_20,False,25,0.7142857142857143,123,0.6871508379888268,22,0.6666666666666666,101,0.6917808219178082,148,66,61,-217.34211308671027
3,2,0.15,f_ret_1h_pct_for_selected|f_gate_side_ret_3m_pct|f_f_coin_residual_5m_vs_btc,True,13,0.7222222222222222,52,0.7027027027027027,7,0.6363636363636364,45,0.7142857142857143,65,27,20,-145.46031597147945
3,3,0.15,f_ret_1h_pct_for_selected|f_gate_side_ret_3m_pct|f_f_coin_residual_5m_vs_btc,False,3,0.6,8,0.7272727272727273,0,0.0,8,0.8,11,5,4,-25.855411322800155
3,2,0.2,f_ret_1h_pct_for_selected|f_gate_side_ret_3m_pct|f_f_coin_residual_5m_vs_btc,False,18,0.6923076923076923,81,0.7168141592920354,12,0.6666666666666666,69,0.7263157894736842,99,40,33,-193.21606340302046
3,3,0.2,f_ret_1h_pct_for_selected|f_gate_side_ret_3m_pct|f_f_coin_residual_5m_vs_btc,False,3,0.42857142857142855,16,0.7619047619047619,2,0.6666666666666666,14,0.7777777777777778,19,9,8,-46.74639722664545
3,2,0.25,f_ret_1h_pct_for_selected|f_gate_side_ret_3m_pct|f_f_coin_residual_5m_vs_btc,False,23,0.696969696969697,107,0.6729559748427673,14,0.6363636363636364,93,0.6788321167883211,130,62,54,-186.11636081612667
3,3,0.25,f_ret_1h_pct_for_selected|f_gate_side_ret_3m_pct|f_f_coin_residual_5m_vs_btc,False,4,0.5,37,0.7872340425531915,7,0.7777777777777778,30,0.7894736842105263,41,14,12,-89.7071002087494
3,2,0.3,f_ret_1h_pct_for_selected|f_gate_side_ret_3m_pct|f_f_coin_residual_5m_vs_btc,False,25,0.6756756756756757,131,0.6752577319587629,18,0.6428571428571429,113,0.6807228915662651,156,75,67,-193.32600452479795
3,3,0.3,f_ret_1h_pct_for_selected|f_gate_side_ret_3m_pct|f_f_coin_residual_5m_vs_btc,False,6,0.5,46,0.696969696969697,8,0.8,38,0.6785714285714286,52,26,23,-88.42412387056741
3,2,0.35,f_ret_1h_pct_for_selected|f_gate_side_ret_3m_pct|f_f_coin_residual_5m_vs_btc,False,33,0.66,160,0.6557377049180327,23,0.6216216216216216,137,0.6618357487922706,193,101,91,-220.95291696894975
3,3,0.35,f_ret_1h_pct_for_selected|f_gate_side_ret_3m_pct|f_f_coin_residual_5m_vs_btc,False,9,0.5625,71,0.71,10,0.7142857142857143,61,0.7093023255813954,80,36,32,-110.10561219777865
3,2,0.4,f_ret_1h_pct_for_selected|f_gate_side_ret_3m_pct|f_f_coin_residual_5m_vs_btc,False,41,0.6507936507936508,190,0.6506849315068494,27,0.6428571428571429,163,0.652,231,124,110,-277.2073559323821
3,3,0.4,f_ret_1h_pct_for_selected|f_gate_side_ret_3m_pct|f_f_coin_residual_5m_vs_btc,False,17,0.7083333333333334,90,0.7258064516129032,15,0.7142857142857143,75,0.7281553398058253,107,41,35,-174.42769147297508
3,2,0.45,f_ret_1h_pct_for_selected|f_gate_side_ret_3m_pct|f_f_coin_residual_5m_vs_btc,False,44,0.6197183098591549,216,0.6447761194029851,33,0.6346153846153846,183,0.6466431095406361,260,146,132,-320.3517358283612
3,3,0.45,f_ret_1h_pct_for_selected|f_gate_side_ret_3m_pct|f_f_coin_residual_5m_vs_btc,False,25,0.7142857142857143,121,0.7245508982035929,20,0.7142857142857143,101,0.7266187050359713,146,56,49,-226.3417434372309
3,2,0.15,f_ret_1h_pct_for_selected|f_gate_side_ret_3m_pct|f_micro_selected_vwap_extension_20,False,7,0.7777777777777778,61,0.7093023255813954,8,0.5714285714285714,53,0.7361111111111112,68,27,22,-93.12550817059034
3,3,0.15,f_ret_1h_pct_for_selected|f_gate_side_ret_3m_pct|f_micro_selected_vwap_extension_20,False,1,0.5,13,0.7647058823529411,2,0.6666666666666666,11,0.7857142857142857,14,5,5,-38.06824140058533
3,2,0.2,f_ret_1h_pct_for_selected|f_gate_side_ret_3m_pct|f_micro_selected_vwap_extension_20,False,13,0.6190476190476191,105,0.7094594594594594,15,0.6,90,0.7317073170731707,118,51,45,-137.01164297301582
3,3,0.2,f_ret_1h_pct_for_selected|f_gate_side_ret_3m_pct|f_micro_selected_vwap_extension_20,False,5,0.8333333333333334,25,0.6756756756756757,3,0.6,22,0.6875,30,13,12,-72.40544384285293
3,2,0.25,f_ret_1h_pct_for_selected|f_gate_side_ret_3m_pct|f_micro_selected_vwap_extension_20,False,18,0.6,130,0.6878306878306878,18,0.6,112,0.7044025157232704,148,71,62,-162.244942008613
3,3,0.25,f_ret_1h_pct_for_selected|f_gate_side_ret_3m_pct|f_micro_selected_vwap_extension_20,False,8,0.8,46,0.7301587301587301,6,0.6666666666666666,40,0.7407407407407407,54,19,17,-108.70104495304402
3,2,0.3,f_ret_1h_pct_for_selected|f_gate_side_ret_3m_pct|f_micro_selected_vwap_extension_20,False,22,0.5945945945945946,149,0.6834862385321101,23,0.6216216216216216,126,0.6961325966850829,171,84,74,-191.93332541346936
3,3,0.3,f_ret_1h_pct_for_selected|f_gate_side_ret_3m_pct|f_micro_selected_vwap_extension_20,False,9,0.6428571428571429,56,0.6829268292682927,6,0.6666666666666666,50,0.684931506849315,65,31,27,-100.40049005406945
3,2,0.35,f_ret_1h_pct_for_selected|f_gate_side_ret_3m_pct|f_micro_selected_vwap_extension_20,False,28,0.5714285714285714,173,0.67578125,28,0.6363636363636364,145,0.6839622641509434,201,104,90,-222.73370471199576
3,3,0.35,f_ret_1h_pct_for_selected|f_gate_side_ret_3m_pct|f_micro_selected_vwap_extension_20,False,12,0.7058823529411765,71,0.696078431372549,9,0.6428571428571429,62,0.7045454545454546,83,36,32,-98.4994411991814
3,2,0.4,f_ret_1h_pct_for_selected|f_gate_side_ret_3m_pct|f_micro_selected_vwap_extension_20,False,33,0.559322033898305,192,0.6464646464646465,31,0.6326530612244898,161,0.6491935483870968,225,131,111,-228.0668819003951
3,3,0.4,f_ret_1h_pct_for_selected|f_gate_side_ret_3m_pct|f_micro_selected_vwap_extension_20,True,18,0.72,93,0.6888888888888889,15,0.7142857142857143,78,0.6842105263157895,111,49,42,-154.27196112826496
3,2,0.45,f_ret_1h_pct_for_selected|f_gate_side_ret_3m_pct|f_micro_selected_vwap_extension_20,False,40,0.5797101449275363,222,0.6453488372093024,41,0.6721311475409836,181,0.6395759717314488,262,151,128,-317.73724687353297
3,3,0.45,f_ret_1h_pct_for_selected|f_gate_side_ret_3m_pct|f_micro_selected_vwap_extension_20,False,25,0.6944444444444444,130,0.6989247311827957,22,0.6875,108,0.7012987012987013,155,67,59,-219.3975062992812
3,2,0.15,f_ret_1h_pct_for_selected|f_f_coin_residual_5m_vs_btc|f_micro_selected_vwap_extension_20,False,12,0.7058823529411765,50,0.6944444444444444,9,0.75,41,0.6833333333333333,62,27,24,-105.01244232953519
3,3,0.15,f_ret_1h_pct_for_selected|f_f_coin_residual_5m_vs_btc|f_micro_selected_vwap_extension_20,False,2,0.6666666666666666,7,0.7777777777777778,0,0.0,7,0.7777777777777778,9,3,3,-30.510949102092283
3,2,0.2,f_ret_1h_pct_for_selected|f_f_coin_residual_5m_vs_btc|f_micro_selected_vwap_extension_20,True,21,0.7241379310344828,79,0.6869565217391305,12,0.7058823529411765,67,0.6836734693877551,100,44,40,-160.6874915580709
3,3,0.2,f_ret_1h_pct_for_selected|f_f_coin_residual_5m_vs_btc|f_micro_selected_vwap_extension_20,False,2,0.6666666666666666,17,0.7727272727272727,2,1.0,15,0.75,19,6,6,-55.07453964767653
3,2,0.25,f_ret_1h_pct_for_selected|f_f_coin_residual_5m_vs_btc|f_micro_selected_vwap_extension_20,False,24,0.6857142857142857,112,0.6706586826347305,15,0.6,97,0.6830985915492958,136,66,58,-189.2615431851459
3,3,0.25,f_ret_1h_pct_for_selected|f_f_coin_residual_5m_vs_btc|f_micro_selected_vwap_extension_20,False,4,0.6666666666666666,35,0.7608695652173914,4,0.8,31,0.7560975609756098,39,13,12,-91.75299024775661
3,2,0.3,f_ret_1h_pct_for_selected|f_f_coin_residual_5m_vs_btc|f_micro_selected_vwap_extension_20,False,29,0.6744186046511628,130,0.6565656565656566,19,0.6333333333333333,111,0.6607142857142857,159,82,72,-212.3657698487964
3,3,0.3,f_ret_1h_pct_for_selected|f_f_coin_residual_5m_vs_btc|f_micro_selected_vwap_extension_20,False,7,0.5384615384615384,47,0.6811594202898551,5,0.8333333333333334,42,0.6666666666666666,54,28,25,-81.28549466019328
3,2,0.35,f_ret_1h_pct_for_selected|f_f_coin_residual_5m_vs_btc|f_micro_selected_vwap_extension_20,False,35,0.6481481481481481,159,0.673728813559322,26,0.65,133,0.6785714285714286,194,96,84,-247.86349469729933
3,3,0.35,f_ret_1h_pct_for_selected|f_f_coin_residual_5m_vs_btc|f_micro_selected_vwap_extension_20,False,8,0.5714285714285714,74,0.7047619047619048,8,0.6153846153846154,66,0.717391304347826,82,37,34,-101.67529489171042
3,2,0.4,f_ret_1h_pct_for_selected|f_f_coin_residual_5m_vs_btc|f_micro_selected_vwap_extension_20,False,40,0.6451612903225806,191,0.6655052264808362,33,0.66,158,0.6666666666666666,231,118,103,-301.06888577876094
3,3,0.4,f_ret_1h_pct_for_selected|f_f_coin_residual_5m_vs_btc|f_micro_selected_vwap_extension_20,False,17,0.68,95,0.6834532374100719,14,0.7,81,0.680672268907563,112,52,45,-164.73172243380745
3,2,0.45,f_ret_1h_pct_for_selected|f_f_coin_residual_5m_vs_btc|f_micro_selected_vwap_extension_20,False,46,0.6571428571428571,229,0.6524216524216524,43,0.7049180327868853,186,0.6413793103448275,275,146,127,-369.55099888638864
3,3,0.45,f_ret_1h_pct_for_selected|f_f_coin_residual_5m_vs_btc|f_micro_selected_vwap_extension_20,False,28,0.7,139,0.6915422885572139,22,0.6666666666666666,117,0.6964285714285714,167,74,66,-253.73650203267403
3,2,0.15,f_f_relative_overextension_30m|f_median_abs_ret_5m_pct|f_context_quote_volume_5m,False,9,0.6428571428571429,62,0.7560975609756098,8,0.7272727272727273,54,0.7605633802816901,71,25,22,-130.61561552869253
3,3,0.15,f_f_relative_overextension_30m|f_median_abs_ret_5m_pct|f_context_quote_volume_5m,False,1,0.5,8,0.7272727272727273,1,0.5,7,0.7777777777777778,9,4,3,-14.827971442913087
3,2,0.2,f_f_relative_overextension_30m|f_median_abs_ret_5m_pct|f_context_quote_volume_5m,False,13,0.6842105263157895,89,0.7478991596638656,11,0.6875,78,0.7572815533980582,102,36,31,-180.76144549093166
3,3,0.2,f_f_relative_overextension_30m|f_median_abs_ret_5m_pct|f_context_quote_volume_5m,False,3,0.5,20,0.8333333333333334,2,0.6666666666666666,18,0.8571428571428571,23,7,6,-62.50037725794721
3,2,0.25,f_f_relative_overextension_30m|f_median_abs_ret_5m_pct|f_context_quote_volume_5m,False,18,0.6,110,0.6832298136645962,15,0.625,95,0.6934306569343066,128,63,53,-185.4831658595417
3,3,0.25,f_f_relative_overextension_30m|f_median_abs_ret_5m_pct|f_context_quote_volume_5m,False,6,0.6666666666666666,30,0.8333333333333334,3,0.6,27,0.8709677419354839,36,9,8,-87.91754292901122
3,2,0.3,f_f_relative_overextension_30m|f_median_abs_ret_5m_pct|f_context_quote_volume_5m,False,28,0.6222222222222222,147,0.6805555555555556,22,0.6875,125,0.6793478260869565,175,86,74,-238.73802976964353
3,3,0.3,f_f_relative_overextension_30m|f_median_abs_ret_5m_pct|f_context_quote_volume_5m,False,7,0.5833333333333334,55,0.8088235294117647,7,0.6363636363636364,48,0.8421052631578947,62,18,16,-91.84832202186519
3,2,0.35,f_f_relative_overextension_30m|f_median_abs_ret_5m_pct|f_context_quote_volume_5m,False,37,0.6379310344827587,184,0.6789667896678967,30,0.6666666666666666,154,0.6814159292035398,221,108,95,-296.4236215226449
3,3,0.35,f_f_relative_overextension_30m|f_median_abs_ret_5m_pct|f_context_quote_volume_5m,False,16,0.6956521739130435,85,0.7657657657657657,11,0.6470588235294118,74,0.7872340425531915,101,33,30,-133.40988998831727
3,2,0.4,f_f_relative_overextension_30m|f_median_abs_ret_5m_pct|f_context_quote_volume_5m,False,41,0.6212121212121212,193,0.6701388888888888,33,0.673469387755102,160,0.6694560669456067,234,120,106,-306.06941751705494
3,3,0.4,f_f_relative_overextension_30m|f_median_abs_ret_5m_pct|f_context_quote_volume_5m,False,19,0.6785714285714286,98,0.7538461538461538,17,0.7391304347826086,81,0.7570093457943925,117,41,37,-159.31409362282272
3,2,0.45,f_f_relative_overextension_30m|f_median_abs_ret_5m_pct|f_context_quote_volume_5m,False,43,0.5972222222222222,208,0.6666666666666666,35,0.6862745098039216,173,0.6628352490421456,251,133,118,-304.2572644715097
3,3,0.45,f_f_relative_overextension_30m|f_median_abs_ret_5m_pct|f_context_quote_volume_5m,False,24,0.7058823529411765,109,0.7315436241610739,21,0.7,88,0.7394957983193278,133,50,44,-191.36375726415906
3,2,0.15,f_f_relative_overextension_30m|f_median_abs_ret_5m_pct|f_gate_side_ret_3m_pct,False,3,0.42857142857142855,54,0.72,5,0.5555555555555556,49,0.7424242424242424,57,25,19,-118.7528547888203
3,3,0.15,f_f_relative_overextension_30m|f_median_abs_ret_5m_pct|f_gate_side_ret_3m_pct,False,1,0.5,4,0.5714285714285714,0,0.0,4,0.5714285714285714,5,4,3,-10.824407763174921
3,2,0.2,f_f_relative_overextension_30m|f_median_abs_ret_5m_pct|f_gate_side_ret_3m_pct,False,8,0.5333333333333333,85,0.7264957264957265,9,0.6,76,0.7450980392156863,93,39,33,-170.5785605874433
3,3,0.2,f_f_relative_overextension_30m|f_median_abs_ret_5m_pct|f_gate_side_ret_3m_pct,False,1,0.3333333333333333,13,0.7647058823529411,1,1.0,12,0.75,14,6,5,-39.6803727354239
3,2,0.25,f_f_relative_overextension_30m|f_median_abs_ret_5m_pct|f_gate_side_ret_3m_pct,False,15,0.6,119,0.7391304347826086,14,0.6363636363636364,105,0.7553956834532374,134,52,46,-208.64573342615853
3,3,0.25,f_f_relative_overextension_30m|f_median_abs_ret_5m_pct|f_gate_side_ret_3m_pct,False,3,0.5,20,0.6896551724137931,2,0.6666666666666666,18,0.6923076923076923,23,12,9,-62.42572598643219
3,2,0.3,f_f_relative_overextension_30m|f_median_abs_ret_5m_pct|f_gate_side_ret_3m_pct,False,21,0.5833333333333334,140,0.7253886010362695,19,0.6129032258064516,121,0.7469135802469136,161,68,59,-246.40908267537617
3,3,0.3,f_f_relative_overextension_30m|f_median_abs_ret_5m_pct|f_gate_side_ret_3m_pct,False,6,0.6,47,0.7580645161290323,7,0.7777777777777778,40,0.7547169811320755,53,19,16,-60.2547494519883
3,2,0.35,f_f_relative_overextension_30m|f_median_abs_ret_5m_pct|f_gate_side_ret_3m_pct,False,29,0.5918367346938775,178,0.6846153846153846,29,0.6304347826086957,149,0.6962616822429907,207,102,91,-262.505477945791
3,3,0.35,f_f_relative_overextension_30m|f_median_abs_ret_5m_pct|f_gate_side_ret_3m_pct,True,13,0.7222222222222222,82,0.7592592592592593,11,0.6875,71,0.7717391304347826,95,31,27,-129.18555552186382
3,2,0.4,f_f_relative_overextension_30m|f_median_abs_ret_5m_pct|f_gate_side_ret_3m_pct,False,33,0.6,189,0.6774193548387096,35,0.6730769230769231,154,0.6784140969162996,222,112,100,-274.36360669782925
3,3,0.4,f_f_relative_overextension_30m|f_median_abs_ret_5m_pct|f_gate_side_ret_3m_pct,False,19,0.6551724137931034,94,0.734375,14,0.7368421052631579,80,0.7339449541284404,113,44,38,-169.0608500686513
3,2,0.45,f_f_relative_overextension_30m|f_median_abs_ret_5m_pct|f_gate_side_ret_3m_pct,False,38,0.5757575757575758,202,0.6733333333333333,37,0.6727272727272727,165,0.673469387755102,240,126,113,-294.79948081278866
3,3,0.45,f_f_relative_overextension_30m|f_median_abs_ret_5m_pct|f_gate_side_ret_3m_pct,False,20,0.6451612903225806,102,0.7285714285714285,16,0.7272727272727273,86,0.7288135593220338,122,49,42,-187.90321546146674
3,2,0.15,f_f_relative_overextension_30m|f_median_abs_ret_5m_pct|f_f_coin_residual_5m_vs_btc,False,10,0.6666666666666666,46,0.7076923076923077,4,0.5714285714285714,42,0.7241379310344828,56,24,22,-88.47703463854027
3,3,0.15,f_f_relative_overextension_30m|f_median_abs_ret_5m_pct|f_f_coin_residual_5m_vs_btc,False,0,0.0,7,0.7,0,0.0,7,0.7,7,4,3,-16.24147775594728
3,2,0.2,f_f_relative_overextension_30m|f_median_abs_ret_5m_pct|f_f_coin_residual_5m_vs_btc,False,14,0.6666666666666666,61,0.6931818181818182,5,0.5555555555555556,56,0.7088607594936709,75,34,32,-139.98697342102415
3,3,0.2,f_f_relative_overextension_30m|f_median_abs_ret_5m_pct|f_f_coin_residual_5m_vs_btc,False,1,0.3333333333333333,12,0.7058823529411765,1,1.0,11,0.6875,13,7,6,-37.845272723031655
3,2,0.25,f_f_relative_overextension_30m|f_median_abs_ret_5m_pct|f_f_coin_residual_5m_vs_btc,False,20,0.6666666666666666,93,0.6788321167883211,9,0.5625,84,0.6942148760330579,113,54,47,-195.69215356972163
3,3,0.25,f_f_relative_overextension_30m|f_median_abs_ret_5m_pct|f_f_coin_residual_5m_vs_btc,False,4,0.5714285714285714,22,0.7096774193548387,2,0.6666666666666666,20,0.7142857142857143,26,12,11,-64.1189831014132
3,2,0.3,f_f_relative_overextension_30m|f_median_abs_ret_5m_pct|f_f_coin_residual_5m_vs_btc,False,23,0.5897435897435898,122,0.6666666666666666,16,0.64,106,0.6708860759493671,145,77,67,-214.7443487912254
3,3,0.3,f_f_relative_overextension_30m|f_median_abs_ret_5m_pct|f_f_coin_residual_5m_vs_btc,False,9,0.6923076923076923,45,0.7377049180327869,5,0.625,40,0.7547169811320755,54,20,17,-63.992394705797544
3,2,0.35,f_f_relative_overextension_30m|f_median_abs_ret_5m_pct|f_f_coin_residual_5m_vs_btc,False,31,0.62,165,0.673469387755102,25,0.6410256410256411,140,0.6796116504854369,196,99,86,-282.1957287793465
3,3,0.35,f_f_relative_overextension_30m|f_median_abs_ret_5m_pct|f_f_coin_residual_5m_vs_btc,False,14,0.6363636363636364,90,0.75,11,0.6470588235294118,79,0.7669902912621359,104,38,34,-140.01008636135285
3,2,0.4,f_f_relative_overextension_30m|f_median_abs_ret_5m_pct|f_f_coin_residual_5m_vs_btc,False,37,0.6166666666666667,186,0.6714801444043321,31,0.6739130434782609,155,0.670995670995671,223,114,100,-324.16631195370127
3,3,0.4,f_f_relative_overextension_30m|f_median_abs_ret_5m_pct|f_f_coin_residual_5m_vs_btc,False,19,0.6129032258064516,108,0.75,17,0.7083333333333334,91,0.7583333333333333,127,48,43,-194.2537144324497
3,2,0.45,f_f_relative_overextension_30m|f_median_abs_ret_5m_pct|f_f_coin_residual_5m_vs_btc,False,41,0.5774647887323944,204,0.6623376623376623,34,0.68,170,0.6589147286821705,245,134,116,-340.1380961063735
3,3,0.45,f_f_relative_overextension_30m|f_median_abs_ret_5m_pct|f_f_coin_residual_5m_vs_btc,False,24,0.6486486486486487,124,0.7469879518072289,19,0.6785714285714286,105,0.7608695652173914,148,55,49,-236.8701063133832
3,2,0.15,f_f_relative_overextension_30m|f_median_abs_ret_5m_pct|f_micro_selected_vwap_extension_20,False,5,0.4166666666666667,72,0.7128712871287128,14,0.7368421052631579,58,0.7073170731707317,77,36,32,-122.12105838042542
3,3,0.15,f_f_relative_overextension_30m|f_median_abs_ret_5m_pct|f_micro_selected_vwap_extension_20,False,0,0.0,8,0.8,1,1.0,7,0.7777777777777778,8,2,2,-24.612931790665073
3,2,0.2,f_f_relative_overextension_30m|f_median_abs_ret_5m_pct|f_micro_selected_vwap_extension_20,False,13,0.5416666666666666,98,0.6853146853146853,16,0.6153846153846154,82,0.7008547008547008,111,56,48,-173.12269930573564
3,3,0.2,f_f_relative_overextension_30m|f_median_abs_ret_5m_pct|f_micro_selected_vwap_extension_20,False,1,0.3333333333333333,19,0.76,1,1.0,18,0.75,20,8,8,-56.25064158549214
3,2,0.25,f_f_relative_overextension_30m|f_median_abs_ret_5m_pct|f_micro_selected_vwap_extension_20,False,16,0.5161290322580645,126,0.6961325966850829,19,0.6129032258064516,107,0.7133333333333334,142,70,60,-206.40079607968121
3,3,0.25,f_f_relative_overextension_30m|f_median_abs_ret_5m_pct|f_micro_selected_vwap_extension_20,False,5,0.625,29,0.725,2,0.6666666666666666,27,0.7297297297297297,34,14,12,-85.07611923248709
3,2,0.3,f_f_relative_overextension_30m|f_median_abs_ret_5m_pct|f_micro_selected_vwap_extension_20,False,23,0.5609756097560976,147,0.6901408450704225,23,0.6052631578947368,124,0.7085714285714285,170,84,73,-246.73192970272515
3,3,0.3,f_f_relative_overextension_30m|f_median_abs_ret_5m_pct|f_micro_selected_vwap_extension_20,False,9,0.6,63,0.7590361445783133,10,0.7692307692307693,53,0.7571428571428571,72,26,21,-95.39802612317483
3,2,0.35,f_f_relative_overextension_30m|f_median_abs_ret_5m_pct|f_micro_selected_vwap_extension_20,False,27,0.574468085106383,178,0.6716981132075471,31,0.6078431372549019,147,0.6869158878504673,205,107,95,-266.1103926598567
3,3,0.35,f_f_relative_overextension_30m|f_median_abs_ret_5m_pct|f_micro_selected_vwap_extension_20,False,15,0.6,105,0.7720588235294118,17,0.7391304347826086,88,0.7787610619469026,120,41,35,-173.64083406212774
3,2,0.4,f_f_relative_overextension_30m|f_median_abs_ret_5m_pct|f_micro_selected_vwap_extension_20,False,31,0.5636363636363636,199,0.6677852348993288,38,0.6551724137931034,161,0.6708333333333333,230,123,107,-303.72800899382116
3,3,0.4,f_f_relative_overextension_30m|f_median_abs_ret_5m_pct|f_micro_selected_vwap_extension_20,False,20,0.625,115,0.7419354838709677,21,0.7777777777777778,94,0.734375,135,52,46,-180.31929891360988
3,2,0.45,f_f_relative_overextension_30m|f_median_abs_ret_5m_pct|f_micro_selected_vwap_extension_20,False,37,0.5692307692307692,215,0.6534954407294833,41,0.6612903225806451,174,0.651685393258427,252,142,124,-315.7330367311214
3,3,0.45,f_f_relative_overextension_30m|f_median_abs_ret_5m_pct|f_micro_selected_vwap_extension_20,False,24,0.6486486486486487,132,0.7374301675977654,24,0.7272727272727273,108,0.7397260273972602,156,60,52,-239.02313697283697
3,2,0.15,f_f_relative_overextension_30m|f_context_quote_volume_5m|f_gate_side_ret_3m_pct,False,6,0.5454545454545454,54,0.7397260273972602,5,0.5555555555555556,49,0.765625,60,24,20,-100.58251243142477
3,3,0.15,f_f_relative_overextension_30m|f_context_quote_volume_5m|f_gate_side_ret_3m_pct,False,0,0.0,2,0.5,0,0.0,2,0.6666666666666666,2,4,3,1.85573425545656
3,2,0.2,f_f_relative_overextension_30m|f_context_quote_volume_5m|f_gate_side_ret_3m_pct,False,10,0.625,78,0.7289719626168224,8,0.6153846153846154,70,0.7446808510638298,88,35,31,-153.5106063646598
3,3,0.2,f_f_relative_overextension_30m|f_context_quote_volume_5m|f_gate_side_ret_3m_pct,False,1,0.25,12,0.8571428571428571,1,0.5,11,0.9166666666666666,13,5,4,-27.28254307898865
3,2,0.25,f_f_relative_overextension_30m|f_context_quote_volume_5m|f_gate_side_ret_3m_pct,False,17,0.6538461538461539,104,0.7027027027027027,13,0.5909090909090909,91,0.7222222222222222,121,53,48,-191.73076122969835
3,3,0.25,f_f_relative_overextension_30m|f_context_quote_volume_5m|f_gate_side_ret_3m_pct,False,4,0.5,19,0.7916666666666666,2,0.5,17,0.85,23,9,7,-57.381187688263374
3,2,0.3,f_f_relative_overextension_30m|f_context_quote_volume_5m|f_gate_side_ret_3m_pct,False,26,0.6666666666666666,130,0.6878306878306878,19,0.5757575757575758,111,0.7115384615384616,156,72,65,-230.9707977820344
3,3,0.3,f_f_relative_overextension_30m|f_context_quote_volume_5m|f_gate_side_ret_3m_pct,False,6,0.5,39,0.7959183673469388,5,0.625,34,0.8292682926829268,45,16,13,-58.757950996544636
3,2,0.35,f_f_relative_overextension_30m|f_context_quote_volume_5m|f_gate_side_ret_3m_pct,False,33,0.6470588235294118,172,0.6935483870967742,31,0.6458333333333334,141,0.705,205,94,83,-282.2925690515322
3,3,0.35,f_f_relative_overextension_30m|f_context_quote_volume_5m|f_gate_side_ret_3m_pct,False,12,0.631578947368421,67,0.7282608695652174,6,0.46153846153846156,61,0.7721518987341772,79,32,29,-86.4685375746002
3,2,0.4,f_f_relative_overextension_30m|f_context_quote_volume_5m|f_gate_side_ret_3m_pct,False,37,0.6271186440677966,185,0.6851851851851852,34,0.6538461538461539,151,0.6926605504587156,222,107,95,-289.2727359812729
3,3,0.4,f_f_relative_overextension_30m|f_context_quote_volume_5m|f_gate_side_ret_3m_pct,False,15,0.625,78,0.7027027027027027,11,0.6111111111111112,67,0.7204301075268817,93,42,37,-111.99473879149033
3,2,0.45,f_f_relative_overextension_30m|f_context_quote_volume_5m|f_gate_side_ret_3m_pct,False,40,0.5970149253731343,193,0.6701388888888888,34,0.6415094339622641,159,0.676595744680851,233,122,109,-286.6384481035222
3,3,0.45,f_f_relative_overextension_30m|f_context_quote_volume_5m|f_gate_side_ret_3m_pct,False,17,0.6296296296296297,88,0.7213114754098361,13,0.6190476190476191,75,0.7425742574257426,105,44,39,-137.13361506742916
3,2,0.15,f_f_relative_overextension_30m|f_context_quote_volume_5m|f_f_coin_residual_5m_vs_btc,True,15,0.75,42,0.7636363636363637,4,0.6666666666666666,38,0.7755102040816326,57,18,16,-142.90523088292971
3,3,0.15,f_f_relative_overextension_30m|f_context_quote_volume_5m|f_f_coin_residual_5m_vs_btc,False,2,0.5,6,0.6,0,0.0,6,0.6666666666666666,8,6,5,-14.541922434800709
3,2,0.2,f_f_relative_overextension_30m|f_context_quote_volume_5m|f_f_coin_residual_5m_vs_btc,False,16,0.6956521739130435,60,0.75,5,0.625,55,0.7638888888888888,76,27,24,-164.0110887921966
3,3,0.2,f_f_relative_overextension_30m|f_context_quote_volume_5m|f_f_coin_residual_5m_vs_btc,False,4,0.6666666666666666,10,0.6666666666666666,1,0.5,9,0.6923076923076923,14,7,6,-42.24715817253671
3,2,0.25,f_f_relative_overextension_30m|f_context_quote_volume_5m|f_f_coin_residual_5m_vs_btc,False,21,0.6363636363636364,86,0.7049180327868853,10,0.625,76,0.7169811320754716,107,48,42,-191.25839535299892
3,3,0.25,f_f_relative_overextension_30m|f_context_quote_volume_5m|f_f_coin_residual_5m_vs_btc,False,8,0.8,18,0.72,2,0.5,16,0.7619047619047619,26,9,8,-78.61210031059986
3,2,0.3,f_f_relative_overextension_30m|f_context_quote_volume_5m|f_f_coin_residual_5m_vs_btc,False,28,0.6222222222222222,116,0.6744186046511628,17,0.6296296296296297,99,0.6827586206896552,144,73,64,-220.49420026607288
3,3,0.3,f_f_relative_overextension_30m|f_context_quote_volume_5m|f_f_coin_residual_5m_vs_btc,True,12,0.8,35,0.7608695652173914,4,0.5714285714285714,31,0.7948717948717948,47,14,13,-80.00863666087086
3,2,0.35,f_f_relative_overextension_30m|f_context_quote_volume_5m|f_f_coin_residual_5m_vs_btc,False,33,0.6111111111111112,169,0.678714859437751,28,0.6222222222222222,141,0.6911764705882353,202,101,89,-278.5716719790892
3,3,0.35,f_f_relative_overextension_30m|f_context_quote_volume_5m|f_f_coin_residual_5m_vs_btc,True,17,0.7391304347826086,67,0.7282608695652174,7,0.5,60,0.7692307692307693,84,31,29,-124.63589329613616
3,2,0.4,f_f_relative_overextension_30m|f_context_quote_volume_5m|f_f_coin_residual_5m_vs_btc,False,36,0.6101694915254238,189,0.675,35,0.660377358490566,154,0.6784140969162996,225,114,101,-305.12197772186045
3,3,0.4,f_f_relative_overextension_30m|f_context_quote_volume_5m|f_f_coin_residual_5m_vs_btc,False,20,0.6666666666666666,85,0.7264957264957265,12,0.5714285714285714,73,0.7604166666666666,105,42,39,-176.37185988240046
3,2,0.45,f_f_relative_overextension_30m|f_context_quote_volume_5m|f_f_coin_residual_5m_vs_btc,False,39,0.5909090909090909,202,0.6558441558441559,35,0.6481481481481481,167,0.65748031496063,241,133,118,-300.4440262475794
3,3,0.45,f_f_relative_overextension_30m|f_context_quote_volume_5m|f_f_coin_residual_5m_vs_btc,False,25,0.6756756756756757,106,0.7412587412587412,15,0.5769230769230769,91,0.7777777777777778,131,49,45,-212.74070406957827
3,2,0.15,f_f_relative_overextension_30m|f_context_quote_volume_5m|f_micro_selected_vwap_extension_20,False,6,0.6,57,0.75,9,0.6428571428571429,48,0.7741935483870968,63,23,22,-87.60111085373347
3,3,0.15,f_f_relative_overextension_30m|f_context_quote_volume_5m|f_micro_selected_vwap_extension_20,False,1,0.3333333333333333,6,0.75,1,1.0,5,0.7142857142857143,7,4,4,-14.846955695114929
3,2,0.2,f_f_relative_overextension_30m|f_context_quote_volume_5m|f_micro_selected_vwap_extension_20,False,13,0.65,84,0.711864406779661,13,0.5909090909090909,71,0.7395833333333334,97,41,36,-136.28836071559243
3,3,0.2,f_f_relative_overextension_30m|f_context_quote_volume_5m|f_micro_selected_vwap_extension_20,False,2,0.5,18,0.782608695652174,1,1.0,17,0.7727272727272727,20,7,7,-53.678478626350675
3,2,0.25,f_f_relative_overextension_30m|f_context_quote_volume_5m|f_micro_selected_vwap_extension_20,False,19,0.59375,109,0.7124183006535948,17,0.6296296296296297,92,0.7301587301587301,128,57,49,-194.51230068994712
3,3,0.25,f_f_relative_overextension_30m|f_context_quote_volume_5m|f_micro_selected_vwap_extension_20,False,5,0.7142857142857143,23,0.71875,2,0.4,21,0.7777777777777778,28,11,11,-71.18294725727908
3,2,0.3,f_f_relative_overextension_30m|f_context_quote_volume_5m|f_micro_selected_vwap_extension_20,False,28,0.6363636363636364,139,0.6915422885572139,25,0.6410256410256411,114,0.7037037037037037,167,78,69,-220.5578375525383
3,3,0.3,f_f_relative_overextension_30m|f_context_quote_volume_5m|f_micro_selected_vwap_extension_20,False,10,0.7142857142857143,47,0.7704918032786885,6,0.6,41,0.803921568627451,57,18,16,-92.61313591067608
3,2,0.35,f_f_relative_overextension_30m|f_context_quote_volume_5m|f_micro_selected_vwap_extension_20,False,32,0.64,175,0.6944444444444444,28,0.6222222222222222,147,0.7101449275362319,207,95,85,-259.8261816582757
3,3,0.35,f_f_relative_overextension_30m|f_context_quote_volume_5m|f_micro_selected_vwap_extension_20,False,14,0.6666666666666666,80,0.7272727272727273,14,0.6086956521739131,66,0.7586206896551724,94,37,34,-118.11912355248035
3,2,0.4,f_f_relative_overextension_30m|f_context_quote_volume_5m|f_micro_selected_vwap_extension_20,False,35,0.625,188,0.6714285714285714,33,0.6346153846153846,155,0.6798245614035088,223,113,101,-265.28952493012054
3,3,0.4,f_f_relative_overextension_30m|f_context_quote_volume_5m|f_micro_selected_vwap_extension_20,False,15,0.625,92,0.7131782945736435,19,0.6785714285714286,73,0.7227722772277227,107,46,42,-138.9540359596901
3,2,0.45,f_f_relative_overextension_30m|f_context_quote_volume_5m|f_micro_selected_vwap_extension_20,False,39,0.582089552238806,207,0.6655948553054662,38,0.6551724137931034,169,0.6679841897233202,246,132,118,-282.2581369741462
3,3,0.45,f_f_relative_overextension_30m|f_context_quote_volume_5m|f_micro_selected_vwap_extension_20,False,22,0.7096774193548387,109,0.7124183006535948,20,0.625,89,0.7355371900826446,131,53,48,-197.28020846908575
3,2,0.15,f_f_relative_overextension_30m|f_gate_side_ret_3m_pct|f_f_coin_residual_5m_vs_btc,False,7,0.5,41,0.6949152542372882,6,0.6,35,0.7142857142857143,48,25,19,-86.83555673238175
3,3,0.15,f_f_relative_overextension_30m|f_gate_side_ret_3m_pct|f_f_coin_residual_5m_vs_btc,False,0,0.0,9,0.75,0,0.0,9,0.8181818181818182,9,4,3,-26.935603697449544
3,2,0.2,f_f_relative_overextension_30m|f_gate_side_ret_3m_pct|f_f_coin_residual_5m_vs_btc,False,10,0.47619047619047616,61,0.7011494252873564,9,0.6428571428571429,52,0.7123287671232876,71,37,31,-139.5717001299786
3,3,0.2,f_f_relative_overextension_30m|f_gate_side_ret_3m_pct|f_f_coin_residual_5m_vs_btc,False,0,0.0,12,0.7058823529411765,2,0.6666666666666666,10,0.7142857142857143,12,7,6,-27.642770449522015
3,2,0.25,f_f_relative_overextension_30m|f_gate_side_ret_3m_pct|f_f_coin_residual_5m_vs_btc,False,17,0.5483870967741935,93,0.6739130434782609,12,0.5714285714285714,81,0.6923076923076923,110,59,49,-164.5968160127202
3,3,0.25,f_f_relative_overextension_30m|f_gate_side_ret_3m_pct|f_f_coin_residual_5m_vs_btc,False,1,0.25,22,0.7333333333333333,4,0.8,18,0.72,23,11,10,-60.94919148304282
3,2,0.3,f_f_relative_overextension_30m|f_gate_side_ret_3m_pct|f_f_coin_residual_5m_vs_btc,False,22,0.5641025641025641,117,0.6536312849162011,16,0.5714285714285714,101,0.6688741721854304,139,79,68,-175.20777725223286
3,3,0.3,f_f_relative_overextension_30m|f_gate_side_ret_3m_pct|f_f_coin_residual_5m_vs_btc,False,5,0.5,40,0.7547169811320755,9,0.6923076923076923,31,0.775,45,18,16,-46.344558975362474
3,2,0.35,f_f_relative_overextension_30m|f_gate_side_ret_3m_pct|f_f_coin_residual_5m_vs_btc,False,32,0.6153846153846154,162,0.648,24,0.6,138,0.6571428571428571,194,108,95,-236.62838568448655
3,3,0.35,f_f_relative_overextension_30m|f_gate_side_ret_3m_pct|f_f_coin_residual_5m_vs_btc,False,9,0.5294117647058824,76,0.7450980392156863,12,0.631578947368421,64,0.7710843373493976,85,34,31,-102.38679997144773
3,2,0.4,f_f_relative_overextension_30m|f_gate_side_ret_3m_pct|f_f_coin_residual_5m_vs_btc,False,38,0.59375,182,0.6453900709219859,29,0.6304347826086957,153,0.6483050847457628,220,126,113,-257.8814703092597
3,3,0.4,f_f_relative_overextension_30m|f_gate_side_ret_3m_pct|f_f_coin_residual_5m_vs_btc,False,15,0.5769230769230769,96,0.7441860465116279,17,0.68,79,0.7596153846153846,111,44,40,-171.62390152115682
3,2,0.45,f_f_relative_overextension_30m|f_gate_side_ret_3m_pct|f_f_coin_residual_5m_vs_btc,False,42,0.6086956521739131,196,0.6405228758169934,30,0.6,166,0.6484375,238,137,122,-263.8783667234689
3,3,0.45,f_f_relative_overextension_30m|f_gate_side_ret_3m_pct|f_f_coin_residual_5m_vs_btc,False,19,0.5428571428571428,109,0.7569444444444444,17,0.68,92,0.773109243697479,128,51,47,-201.34822659937757
3,2,0.15,f_f_relative_overextension_30m|f_gate_side_ret_3m_pct|f_micro_selected_vwap_extension_20,False,4,0.4444444444444444,51,0.6891891891891891,5,0.4166666666666667,46,0.7419354838709677,55,28,23,-83.69739631344409
3,3,0.15,f_f_relative_overextension_30m|f_gate_side_ret_3m_pct|f_micro_selected_vwap_extension_20,False,0,0.0,8,0.8,1,0.5,7,0.875,8,2,2,-22.07474039344654
3,2,0.2,f_f_relative_overextension_30m|f_gate_side_ret_3m_pct|f_micro_selected_vwap_extension_20,False,10,0.5882352941176471,79,0.6528925619834711,10,0.47619047619047616,69,0.69,89,49,42,-113.31627387370085
3,3,0.2,f_f_relative_overextension_30m|f_gate_side_ret_3m_pct|f_micro_selected_vwap_extension_20,False,1,0.5,19,0.76,1,0.5,18,0.782608695652174,20,7,6,-45.03193623076973
3,2,0.25,f_f_relative_overextension_30m|f_gate_side_ret_3m_pct|f_micro_selected_vwap_extension_20,False,18,0.6,110,0.6666666666666666,15,0.5172413793103449,95,0.6985294117647058,128,67,57,-160.8429099588122
3,3,0.25,f_f_relative_overextension_30m|f_gate_side_ret_3m_pct|f_micro_selected_vwap_extension_20,False,4,0.6666666666666666,29,0.7435897435897436,2,0.6666666666666666,27,0.75,33,12,10,-80.38578648582835
3,2,0.3,f_f_relative_overextension_30m|f_gate_side_ret_3m_pct|f_micro_selected_vwap_extension_20,False,23,0.5897435897435898,133,0.6820512820512821,20,0.5555555555555556,113,0.710691823899371,156,78,66,-189.95854574703165
3,3,0.3,f_f_relative_overextension_30m|f_gate_side_ret_3m_pct|f_micro_selected_vwap_extension_20,False,7,0.6363636363636364,50,0.7352941176470589,7,0.6363636363636364,43,0.7543859649122807,57,22,19,-71.04697327236556
3,2,0.35,f_f_relative_overextension_30m|f_gate_side_ret_3m_pct|f_micro_selected_vwap_extension_20,False,27,0.574468085106383,169,0.6814516129032258,30,0.625,139,0.695,196,99,85,-203.89845894077413
3,3,0.35,f_f_relative_overextension_30m|f_gate_side_ret_3m_pct|f_micro_selected_vwap_extension_20,False,11,0.6470588235294118,84,0.7304347826086957,11,0.5789473684210527,73,0.7604166666666666,95,37,33,-129.78623995989233
3,2,0.4,f_f_relative_overextension_30m|f_gate_side_ret_3m_pct|f_micro_selected_vwap_extension_20,False,31,0.5740740740740741,185,0.6583629893238434,33,0.6346153846153846,152,0.6637554585152838,216,119,103,-210.90708127532898
3,3,0.4,f_f_relative_overextension_30m|f_gate_side_ret_3m_pct|f_micro_selected_vwap_extension_20,False,16,0.5925925925925926,98,0.7050359712230215,18,0.6923076923076923,80,0.7079646017699115,114,52,47,-158.42346515845833
3,2,0.45,f_f_relative_overextension_30m|f_gate_side_ret_3m_pct|f_micro_selected_vwap_extension_20,False,35,0.5737704918032787,203,0.656957928802589,35,0.6363636363636364,168,0.6614173228346457,238,132,114,-251.80035799537075
3,3,0.45,f_f_relative_overextension_30m|f_gate_side_ret_3m_pct|f_micro_selected_vwap_extension_20,False,20,0.5882352941176471,112,0.7133757961783439,19,0.6551724137931034,93,0.7265625,132,59,53,-192.41532930064363
3,2,0.15,f_f_relative_overextension_30m|f_f_coin_residual_5m_vs_btc|f_micro_selected_vwap_extension_20,False,5,0.45454545454545453,43,0.7049180327868853,5,0.5555555555555556,38,0.7307692307692307,48,24,22,-75.206613783217
3,3,0.15,f_f_relative_overextension_30m|f_f_coin_residual_5m_vs_btc|f_micro_selected_vwap_extension_20,False,2,0.6666666666666666,8,0.8,0,0.0,8,0.8,10,3,3,-28.677017595954183
3,2,0.2,f_f_relative_overextension_30m|f_f_coin_residual_5m_vs_btc|f_micro_selected_vwap_extension_20,False,10,0.5555555555555556,63,0.7,8,0.6153846153846154,55,0.7142857142857143,73,35,31,-125.35960320420754
3,3,0.2,f_f_relative_overextension_30m|f_f_coin_residual_5m_vs_btc|f_micro_selected_vwap_extension_20,False,2,0.6666666666666666,12,0.631578947368421,0,0.0,12,0.6666666666666666,14,8,8,-38.40477897200668
3,2,0.25,f_f_relative_overextension_30m|f_f_coin_residual_5m_vs_btc|f_micro_selected_vwap_extension_20,False,18,0.6666666666666666,98,0.6901408450704225,12,0.5714285714285714,86,0.7107438016528925,116,53,44,-179.84138075194383
3,3,0.25,f_f_relative_overextension_30m|f_f_coin_residual_5m_vs_btc|f_micro_selected_vwap_extension_20,False,4,0.5,22,0.6470588235294118,1,0.3333333333333333,21,0.6774193548387096,26,16,15,-68.33819393709656
3,2,0.3,f_f_relative_overextension_30m|f_f_coin_residual_5m_vs_btc|f_micro_selected_vwap_extension_20,False,25,0.6410256410256411,122,0.6630434782608695,18,0.6206896551724138,104,0.6709677419354839,147,76,65,-199.03127751784342
3,3,0.3,f_f_relative_overextension_30m|f_f_coin_residual_5m_vs_btc|f_micro_selected_vwap_extension_20,False,9,0.6428571428571429,44,0.6984126984126984,5,0.5555555555555556,39,0.7222222222222222,53,24,21,-61.29973617058819
3,2,0.35,f_f_relative_overextension_30m|f_f_coin_residual_5m_vs_btc|f_micro_selected_vwap_extension_20,False,29,0.6304347826086957,161,0.6764705882352942,25,0.6097560975609756,136,0.6903553299492385,190,94,81,-241.02866433451393
3,3,0.35,f_f_relative_overextension_30m|f_f_coin_residual_5m_vs_btc|f_micro_selected_vwap_extension_20,False,13,0.5909090909090909,89,0.7295081967213115,11,0.5789473684210527,78,0.7572815533980582,102,42,38,-128.5366075206309
3,2,0.4,f_f_relative_overextension_30m|f_f_coin_residual_5m_vs_btc|f_micro_selected_vwap_extension_20,False,35,0.603448275862069,184,0.6642599277978339,35,0.660377358490566,149,0.6651785714285714,219,116,102,-290.4770649097466
3,3,0.4,f_f_relative_overextension_30m|f_f_coin_residual_5m_vs_btc|f_micro_selected_vwap_extension_20,False,17,0.6071428571428571,108,0.7105263157894737,17,0.6538461538461539,91,0.7222222222222222,125,55,51,-172.73694805070363
3,2,0.45,f_f_relative_overextension_30m|f_f_coin_residual_5m_vs_btc|f_micro_selected_vwap_extension_20,False,41,0.6029411764705882,208,0.6561514195583596,38,0.6666666666666666,170,0.6538461538461539,249,136,121,-306.8170033113274
3,3,0.45,f_f_relative_overextension_30m|f_f_coin_residual_5m_vs_btc|f_micro_selected_vwap_extension_20,False,24,0.631578947368421,127,0.7094972067039106,18,0.6,109,0.7315436241610739,151,66,59,-228.7290207023191
3,2,0.15,f_median_abs_ret_5m_pct|f_context_quote_volume_5m|f_gate_side_ret_3m_pct,False,8,0.5714285714285714,70,0.7142857142857143,8,0.6153846153846154,62,0.7294117647058823,78,34,29,-98.59193906065758
3,3,0.15,f_median_abs_ret_5m_pct|f_context_quote_volume_5m|f_gate_side_ret_3m_pct,False,0,0.0,17,0.85,2,1.0,15,0.8333333333333334,17,4,2,-39.5698334456887
3,2,0.2,f_median_abs_ret_5m_pct|f_context_quote_volume_5m|f_gate_side_ret_3m_pct,False,13,0.5416666666666666,106,0.7310344827586207,12,0.5454545454545454,94,0.7642276422764228,119,50,43,-176.05900809478484
3,3,0.2,f_median_abs_ret_5m_pct|f_context_quote_volume_5m|f_gate_side_ret_3m_pct,False,2,0.5,32,0.7804878048780488,3,1.0,29,0.7631578947368421,34,11,9,-57.2989852225823
3,2,0.25,f_median_abs_ret_5m_pct|f_context_quote_volume_5m|f_gate_side_ret_3m_pct,False,18,0.5454545454545454,131,0.6683673469387755,18,0.6,113,0.6807228915662651,149,80,69,-177.76103486443313
3,3,0.25,f_median_abs_ret_5m_pct|f_context_quote_volume_5m|f_gate_side_ret_3m_pct,False,5,0.625,49,0.7313432835820896,7,0.6363636363636364,42,0.75,54,21,19,-59.500280069813485
3,2,0.3,f_median_abs_ret_5m_pct|f_context_quote_volume_5m|f_gate_side_ret_3m_pct,False,23,0.5476190476190477,147,0.6447368421052632,20,0.5882352941176471,127,0.654639175257732,170,100,88,-183.092847550271
3,3,0.3,f_median_abs_ret_5m_pct|f_context_quote_volume_5m|f_gate_side_ret_3m_pct,False,7,0.6363636363636364,64,0.735632183908046,8,0.6153846153846154,56,0.7567567567567568,71,27,24,-87.87501637594207
3,2,0.35,f_median_abs_ret_5m_pct|f_context_quote_volume_5m|f_gate_side_ret_3m_pct,False,33,0.5892857142857143,172,0.6346863468634686,28,0.5957446808510638,144,0.6428571428571429,205,122,107,-207.16933481558172
3,3,0.35,f_median_abs_ret_5m_pct|f_context_quote_volume_5m|f_gate_side_ret_3m_pct,True,15,0.75,84,0.7,9,0.6428571428571429,75,0.7075471698113207,99,41,38,-107.81777222937426
3,2,0.4,f_median_abs_ret_5m_pct|f_context_quote_volume_5m|f_gate_side_ret_3m_pct,False,37,0.578125,189,0.6450511945392492,32,0.6274509803921569,157,0.6487603305785123,226,131,113,-244.89058889022263
3,3,0.4,f_median_abs_ret_5m_pct|f_context_quote_volume_5m|f_gate_side_ret_3m_pct,False,20,0.7407407407407407,88,0.6616541353383458,11,0.6875,77,0.6581196581196581,108,52,47,-119.01739871001098
3,2,0.45,f_median_abs_ret_5m_pct|f_context_quote_volume_5m|f_gate_side_ret_3m_pct,False,41,0.5774647887323944,205,0.6487341772151899,34,0.6415094339622641,171,0.6501901140684411,246,141,122,-286.5662226141462
3,3,0.45,f_median_abs_ret_5m_pct|f_context_quote_volume_5m|f_gate_side_ret_3m_pct,False,23,0.71875,97,0.6554054054054054,15,0.6818181818181818,82,0.6507936507936508,120,60,54,-113.20997882691117
3,2,0.15,f_median_abs_ret_5m_pct|f_context_quote_volume_5m|f_f_coin_residual_5m_vs_btc,True,18,0.782608695652174,66,0.7333333333333333,10,0.7142857142857143,56,0.7368421052631579,84,29,26,-171.08275516799236
3,3,0.15,f_median_abs_ret_5m_pct|f_context_quote_volume_5m|f_f_coin_residual_5m_vs_btc,False,2,0.6666666666666666,15,0.7894736842105263,1,1.0,14,0.7777777777777778,17,5,3,-24.05478903152079
3,2,0.2,f_median_abs_ret_5m_pct|f_context_quote_volume_5m|f_f_coin_residual_5m_vs_btc,True,21,0.7241379310344828,94,0.7286821705426356,15,0.7142857142857143,79,0.7314814814814815,115,43,37,-215.57585053885592
3,3,0.2,f_median_abs_ret_5m_pct|f_context_quote_volume_5m|f_f_coin_residual_5m_vs_btc,False,3,0.6,22,0.7586206896551724,1,1.0,21,0.75,25,9,7,-39.61026571466179
3,2,0.25,f_median_abs_ret_5m_pct|f_context_quote_volume_5m|f_f_coin_residual_5m_vs_btc,False,25,0.6756756756756757,119,0.6839080459770115,18,0.6428571428571429,101,0.6917808219178082,144,67,60,-229.85971756729865
3,3,0.25,f_median_abs_ret_5m_pct|f_context_quote_volume_5m|f_f_coin_residual_5m_vs_btc,False,5,0.625,39,0.6610169491525424,5,0.7142857142857143,34,0.6538461538461539,44,23,19,-36.174975824446484
3,2,0.3,f_median_abs_ret_5m_pct|f_context_quote_volume_5m|f_f_coin_residual_5m_vs_btc,False,27,0.6,143,0.6589861751152074,21,0.65625,122,0.6594594594594595,170,92,81,-229.45192144599534
3,3,0.3,f_median_abs_ret_5m_pct|f_context_quote_volume_5m|f_f_coin_residual_5m_vs_btc,False,7,0.6363636363636364,49,0.6533333333333333,5,0.5555555555555556,44,0.6666666666666666,56,30,26,-58.96390612709765
3,2,0.35,f_median_abs_ret_5m_pct|f_context_quote_volume_5m|f_f_coin_residual_5m_vs_btc,False,39,0.6290322580645161,174,0.651685393258427,29,0.6744186046511628,145,0.6473214285714286,213,116,104,-285.49095997020095
3,3,0.35,f_median_abs_ret_5m_pct|f_context_quote_volume_5m|f_f_coin_residual_5m_vs_btc,False,11,0.6470588235294118,80,0.6779661016949152,9,0.5625,71,0.696078431372549,91,44,39,-94.6110864101578
3,2,0.4,f_median_abs_ret_5m_pct|f_context_quote_volume_5m|f_f_coin_residual_5m_vs_btc,False,44,0.6197183098591549,186,0.643598615916955,33,0.6875,153,0.6348547717842323,230,130,115,-320.8704415918907
3,3,0.4,f_median_abs_ret_5m_pct|f_context_quote_volume_5m|f_f_coin_residual_5m_vs_btc,False,17,0.6538461538461539,100,0.6944444444444444,14,0.6363636363636364,86,0.7049180327868853,117,53,47,-143.96487989144453
3,2,0.45,f_median_abs_ret_5m_pct|f_context_quote_volume_5m|f_f_coin_residual_5m_vs_btc,False,45,0.6,208,0.65,34,0.6666666666666666,174,0.6468401486988847,253,142,124,-360.1957566717566
3,3,0.45,f_median_abs_ret_5m_pct|f_context_quote_volume_5m|f_f_coin_residual_5m_vs_btc,False,25,0.6944444444444444,120,0.6857142857142857,19,0.6551724137931034,101,0.6917808219178082,145,66,59,-152.84389431143325
3,2,0.15,f_median_abs_ret_5m_pct|f_context_quote_volume_5m|f_micro_selected_vwap_extension_20,False,6,0.42857142857142855,89,0.7355371900826446,15,0.75,74,0.7326732673267327,95,40,34,-122.50322638980246
3,3,0.15,f_median_abs_ret_5m_pct|f_context_quote_volume_5m|f_micro_selected_vwap_extension_20,False,1,1.0,24,0.8,7,1.0,17,0.7391304347826086,25,6,6,-39.9179134182707
3,2,0.2,f_median_abs_ret_5m_pct|f_context_quote_volume_5m|f_micro_selected_vwap_extension_20,False,15,0.6,123,0.7068965517241379,22,0.6875,101,0.7112676056338029,138,61,51,-207.7752387116517
3,3,0.2,f_median_abs_ret_5m_pct|f_context_quote_volume_5m|f_micro_selected_vwap_extension_20,False,4,0.5,43,0.7678571428571429,7,0.7777777777777778,36,0.7659574468085106,47,17,16,-66.51128192720199
3,2,0.25,f_median_abs_ret_5m_pct|f_context_quote_volume_5m|f_micro_selected_vwap_extension_20,False,17,0.5483870967741935,145,0.6744186046511628,25,0.6578947368421053,120,0.6779661016949152,162,84,72,-231.9089540464777
3,3,0.25,f_median_abs_ret_5m_pct|f_context_quote_volume_5m|f_micro_selected_vwap_extension_20,False,6,0.5,56,0.7088607594936709,11,0.6875,45,0.7142857142857143,62,29,26,-57.51142512877133
3,2,0.3,f_median_abs_ret_5m_pct|f_context_quote_volume_5m|f_micro_selected_vwap_extension_20,False,25,0.5681818181818182,163,0.6680327868852459,28,0.6829268292682927,135,0.6650246305418719,188,100,86,-247.30697363231394
3,3,0.3,f_median_abs_ret_5m_pct|f_context_quote_volume_5m|f_micro_selected_vwap_extension_20,False,9,0.5294117647058824,74,0.6915887850467289,14,0.6363636363636364,60,0.7058823529411765,83,41,36,-90.88297727827512
3,2,0.35,f_median_abs_ret_5m_pct|f_context_quote_volume_5m|f_micro_selected_vwap_extension_20,False,32,0.5818181818181818,187,0.6584507042253521,33,0.6470588235294118,154,0.6609442060085837,219,120,105,-243.57657256200798
3,3,0.35,f_median_abs_ret_5m_pct|f_context_quote_volume_5m|f_micro_selected_vwap_extension_20,False,14,0.6086956521739131,93,0.6838235294117647,17,0.68,76,0.6846846846846847,107,52,47,-131.4582364889476
3,2,0.4,f_median_abs_ret_5m_pct|f_context_quote_volume_5m|f_micro_selected_vwap_extension_20,False,39,0.6,196,0.6363636363636364,38,0.6666666666666666,158,0.6294820717131474,235,138,118,-246.22166251828506
3,3,0.4,f_median_abs_ret_5m_pct|f_context_quote_volume_5m|f_micro_selected_vwap_extension_20,False,16,0.5925925925925926,106,0.6838709677419355,18,0.6923076923076923,88,0.6821705426356589,122,60,54,-151.04312036274408
3,2,0.45,f_median_abs_ret_5m_pct|f_context_quote_volume_5m|f_micro_selected_vwap_extension_20,False,45,0.6081081081081081,218,0.6374269005847953,42,0.6885245901639344,176,0.6263345195729537,263,153,130,-312.16736478420086
3,3,0.45,f_median_abs_ret_5m_pct|f_context_quote_volume_5m|f_micro_selected_vwap_extension_20,False,23,0.6388888888888888,123,0.6833333333333333,22,0.6666666666666666,101,0.6870748299319728,146,70,64,-169.4346539387891
3,2,0.15,f_median_abs_ret_5m_pct|f_gate_side_ret_3m_pct|f_f_coin_residual_5m_vs_btc,False,10,0.625,59,0.6941176470588235,5,0.625,54,0.7012987012987013,69,32,26,-110.53838057013239
3,3,0.15,f_median_abs_ret_5m_pct|f_gate_side_ret_3m_pct|f_f_coin_residual_5m_vs_btc,False,0,0.0,13,0.6842105263157895,1,0.5,12,0.7058823529411765,13,8,6,-24.615688666568634
3,2,0.2,f_median_abs_ret_5m_pct|f_gate_side_ret_3m_pct|f_f_coin_residual_5m_vs_btc,False,12,0.5714285714285714,93,0.7045454545454546,9,0.6428571428571429,84,0.711864406779661,105,48,42,-172.6174047135482
3,3,0.2,f_median_abs_ret_5m_pct|f_gate_side_ret_3m_pct|f_f_coin_residual_5m_vs_btc,False,2,0.3333333333333333,17,0.6538461538461539,2,0.6666666666666666,15,0.6521739130434783,19,13,11,-30.736155597415728
3,2,0.25,f_median_abs_ret_5m_pct|f_gate_side_ret_3m_pct|f_f_coin_residual_5m_vs_btc,False,18,0.6428571428571429,117,0.6428571428571429,15,0.6521739130434783,102,0.6415094339622641,135,75,64,-184.21154455438977
3,3,0.25,f_median_abs_ret_5m_pct|f_gate_side_ret_3m_pct|f_f_coin_residual_5m_vs_btc,False,3,0.3333333333333333,41,0.6721311475409836,5,0.5555555555555556,36,0.6923076923076923,44,26,24,-30.11704661913494
3,2,0.3,f_median_abs_ret_5m_pct|f_gate_side_ret_3m_pct|f_f_coin_residual_5m_vs_btc,False,20,0.5882352941176471,131,0.6328502415458938,19,0.6333333333333333,112,0.632768361581921,151,90,76,-177.57326700747706
3,3,0.3,f_median_abs_ret_5m_pct|f_gate_side_ret_3m_pct|f_f_coin_residual_5m_vs_btc,False,6,0.46153846153846156,50,0.684931506849315,5,0.5555555555555556,45,0.703125,56,30,28,-47.47096061608053
3,2,0.35,f_median_abs_ret_5m_pct|f_gate_side_ret_3m_pct|f_f_coin_residual_5m_vs_btc,False,28,0.5957446808510638,165,0.637065637065637,22,0.5641025641025641,143,0.65,193,113,98,-233.14925424238885
3,3,0.35,f_median_abs_ret_5m_pct|f_gate_side_ret_3m_pct|f_f_coin_residual_5m_vs_btc,False,12,0.6,83,0.6693548387096774,13,0.6842105263157895,70,0.6666666666666666,95,49,45,-81.80091938471304
3,2,0.4,f_median_abs_ret_5m_pct|f_gate_side_ret_3m_pct|f_f_coin_residual_5m_vs_btc,False,34,0.5964912280701754,183,0.6398601398601399,25,0.5952380952380952,158,0.6475409836065574,217,126,111,-242.58923083780496
3,3,0.4,f_median_abs_ret_5m_pct|f_gate_side_ret_3m_pct|f_f_coin_residual_5m_vs_btc,False,21,0.6774193548387096,99,0.668918918918919,18,0.72,81,0.6585365853658537,120,59,52,-151.13314602832028
3,2,0.45,f_median_abs_ret_5m_pct|f_gate_side_ret_3m_pct|f_f_coin_residual_5m_vs_btc,False,39,0.5909090909090909,206,0.64375,29,0.6170212765957447,177,0.6483516483516484,245,141,123,-274.35278420772937
3,3,0.45,f_median_abs_ret_5m_pct|f_gate_side_ret_3m_pct|f_f_coin_residual_5m_vs_btc,False,25,0.6578947368421053,114,0.6785714285714286,19,0.6785714285714286,95,0.6785714285714286,139,67,60,-180.1012542283707
3,2,0.15,f_median_abs_ret_5m_pct|f_gate_side_ret_3m_pct|f_micro_selected_vwap_extension_20,False,4,0.3333333333333333,81,0.6982758620689655,16,0.7272727272727273,65,0.6914893617021277,85,43,36,-84.6879768183689
3,3,0.15,f_median_abs_ret_5m_pct|f_gate_side_ret_3m_pct|f_micro_selected_vwap_extension_20,False,0,0.0,19,0.7037037037037037,1,0.5,18,0.72,19,8,7,-50.0313337809174
3,2,0.2,f_median_abs_ret_5m_pct|f_gate_side_ret_3m_pct|f_micro_selected_vwap_extension_20,False,15,0.5,114,0.6826347305389222,17,0.6071428571428571,97,0.697841726618705,129,68,59,-132.0172101153473
3,3,0.2,f_median_abs_ret_5m_pct|f_gate_side_ret_3m_pct|f_micro_selected_vwap_extension_20,False,3,0.75,38,0.6785714285714286,3,0.5,35,0.7,41,19,17,-80.72845943305121
3,2,0.25,f_median_abs_ret_5m_pct|f_gate_side_ret_3m_pct|f_micro_selected_vwap_extension_20,False,19,0.5277777777777778,137,0.6618357487922706,22,0.6111111111111112,115,0.672514619883041,156,87,73,-187.65106268849905
3,3,0.25,f_median_abs_ret_5m_pct|f_gate_side_ret_3m_pct|f_micro_selected_vwap_extension_20,False,7,0.6363636363636364,60,0.6741573033707865,7,0.5833333333333334,53,0.6883116883116883,67,33,30,-74.1201974566729
3,2,0.3,f_median_abs_ret_5m_pct|f_gate_side_ret_3m_pct|f_micro_selected_vwap_extension_20,False,23,0.5476190476190477,150,0.6493506493506493,26,0.6046511627906976,124,0.6595744680851063,173,100,84,-210.12761403144344
3,3,0.3,f_median_abs_ret_5m_pct|f_gate_side_ret_3m_pct|f_micro_selected_vwap_extension_20,False,10,0.5882352941176471,70,0.7,8,0.6153846153846154,62,0.7126436781609196,80,37,33,-91.48186499979866
3,2,0.35,f_median_abs_ret_5m_pct|f_gate_side_ret_3m_pct|f_micro_selected_vwap_extension_20,False,29,0.5686274509803921,177,0.6531365313653137,30,0.6122448979591837,147,0.6621621621621622,206,116,99,-247.86674177783587
3,3,0.35,f_median_abs_ret_5m_pct|f_gate_side_ret_3m_pct|f_micro_selected_vwap_extension_20,False,14,0.6363636363636364,92,0.6715328467153284,14,0.6363636363636364,78,0.6782608695652174,106,53,47,-117.2561235123338
3,2,0.4,f_median_abs_ret_5m_pct|f_gate_side_ret_3m_pct|f_micro_selected_vwap_extension_20,False,33,0.5689655172413793,193,0.6348684210526315,36,0.6428571428571429,157,0.6330645161290323,226,136,114,-254.53112947363832
3,3,0.4,f_median_abs_ret_5m_pct|f_gate_side_ret_3m_pct|f_micro_selected_vwap_extension_20,False,21,0.65625,102,0.6496815286624203,16,0.6666666666666666,86,0.6466165413533834,123,66,58,-135.56246708381676
3,2,0.45,f_median_abs_ret_5m_pct|f_gate_side_ret_3m_pct|f_micro_selected_vwap_extension_20,False,38,0.5757575757575758,212,0.6385542168674698,39,0.65,173,0.6360294117647058,250,148,125,-284.8706015896439
3,3,0.45,f_median_abs_ret_5m_pct|f_gate_side_ret_3m_pct|f_micro_selected_vwap_extension_20,False,24,0.631578947368421,120,0.6629834254143646,19,0.6551724137931034,101,0.6644736842105263,144,75,66,-177.00044779541756
3,2,0.15,f_median_abs_ret_5m_pct|f_f_coin_residual_5m_vs_btc|f_micro_selected_vwap_extension_20,False,8,0.4444444444444444,71,0.6635514018691588,15,0.8823529411764706,56,0.6222222222222222,79,46,40,-90.93223747854671
3,3,0.15,f_median_abs_ret_5m_pct|f_f_coin_residual_5m_vs_btc|f_micro_selected_vwap_extension_20,False,1,1.0,18,0.782608695652174,1,0.5,17,0.8095238095238095,19,5,5,-32.43743711171234
3,2,0.2,f_median_abs_ret_5m_pct|f_f_coin_residual_5m_vs_btc|f_micro_selected_vwap_extension_20,False,15,0.5172413793103449,100,0.6535947712418301,17,0.7083333333333334,83,0.6434108527131783,115,67,59,-133.4183737469299
3,3,0.2,f_median_abs_ret_5m_pct|f_f_coin_residual_5m_vs_btc|f_micro_selected_vwap_extension_20,False,3,0.75,25,0.7352941176470589,2,0.6666666666666666,23,0.7419354838709677,28,10,10,-61.27723043054877
3,2,0.25,f_median_abs_ret_5m_pct|f_f_coin_residual_5m_vs_btc|f_micro_selected_vwap_extension_20,False,18,0.5294117647058824,131,0.6421568627450981,20,0.625,111,0.6453488372093024,149,89,73,-193.80825391308855
3,3,0.25,f_median_abs_ret_5m_pct|f_f_coin_residual_5m_vs_btc|f_micro_selected_vwap_extension_20,False,5,0.5555555555555556,44,0.6567164179104478,5,0.625,39,0.6610169491525424,49,27,26,-50.222552114291126
3,2,0.3,f_median_abs_ret_5m_pct|f_f_coin_residual_5m_vs_btc|f_micro_selected_vwap_extension_20,False,21,0.5384615384615384,145,0.6473214285714286,25,0.6578947368421053,120,0.6451612903225806,166,97,79,-209.29964456444884
3,3,0.3,f_median_abs_ret_5m_pct|f_f_coin_residual_5m_vs_btc|f_micro_selected_vwap_extension_20,False,9,0.5294117647058824,55,0.632183908045977,5,0.5555555555555556,50,0.6410256410256411,64,40,36,-64.94101830959676
3,2,0.35,f_median_abs_ret_5m_pct|f_f_coin_residual_5m_vs_btc|f_micro_selected_vwap_extension_20,False,27,0.574468085106383,170,0.6439393939393939,31,0.6326530612244898,139,0.6465116279069767,197,114,96,-253.66246721429698
3,3,0.35,f_median_abs_ret_5m_pct|f_f_coin_residual_5m_vs_btc|f_micro_selected_vwap_extension_20,False,12,0.5217391304347826,95,0.6884057971014492,12,0.631578947368421,83,0.6974789915966386,107,54,48,-121.32095062449044
3,2,0.4,f_median_abs_ret_5m_pct|f_f_coin_residual_5m_vs_btc|f_micro_selected_vwap_extension_20,False,33,0.5789473684210527,193,0.6225806451612903,36,0.6545454545454545,157,0.615686274509804,226,141,119,-271.5266380557643
3,3,0.4,f_median_abs_ret_5m_pct|f_f_coin_residual_5m_vs_btc|f_micro_selected_vwap_extension_20,False,20,0.625,113,0.6932515337423313,18,0.6923076923076923,95,0.6934306569343066,133,62,55,-171.79885307327152
3,2,0.45,f_median_abs_ret_5m_pct|f_f_coin_residual_5m_vs_btc|f_micro_selected_vwap_extension_20,False,43,0.6142857142857143,221,0.6314285714285715,39,0.6610169491525424,182,0.6254295532646048,264,156,133,-325.0547914081205
3,3,0.45,f_median_abs_ret_5m_pct|f_f_coin_residual_5m_vs_btc|f_micro_selected_vwap_extension_20,False,25,0.625,135,0.6887755102040817,21,0.65625,114,0.6951219512195121,160,76,67,-214.6691713849826
3,2,0.15,f_context_quote_volume_5m|f_gate_side_ret_3m_pct|f_f_coin_residual_5m_vs_btc,False,16,0.6956521739130435,55,0.7333333333333333,5,0.5555555555555556,50,0.7575757575757576,71,27,23,-138.20501488797063
3,3,0.15,f_context_quote_volume_5m|f_gate_side_ret_3m_pct|f_f_coin_residual_5m_vs_btc,False,0,0.0,9,0.75,1,0.5,8,0.8,9,4,2,-16.604435391252835
3,2,0.2,f_context_quote_volume_5m|f_gate_side_ret_3m_pct|f_f_coin_residual_5m_vs_btc,False,20,0.6666666666666666,85,0.7203389830508474,10,0.6666666666666666,75,0.7281553398058253,105,43,38,-165.74698982549322
3,3,0.2,f_context_quote_volume_5m|f_gate_side_ret_3m_pct|f_f_coin_residual_5m_vs_btc,False,0,0.0,11,0.6875,1,0.5,10,0.7142857142857143,11,8,6,-10.579446908389178
3,2,0.25,f_context_quote_volume_5m|f_gate_side_ret_3m_pct|f_f_coin_residual_5m_vs_btc,False,25,0.6944444444444444,109,0.6337209302325582,17,0.5862068965517241,92,0.6433566433566433,134,74,65,-155.76924830288834
3,3,0.25,f_context_quote_volume_5m|f_gate_side_ret_3m_pct|f_f_coin_residual_5m_vs_btc,False,2,0.3333333333333333,32,0.7272727272727273,4,0.6666666666666666,28,0.7368421052631579,34,16,14,-28.199788818588544
3,2,0.3,f_context_quote_volume_5m|f_gate_side_ret_3m_pct|f_f_coin_residual_5m_vs_btc,False,28,0.6511627906976745,129,0.6323529411764706,22,0.6111111111111112,107,0.6369047619047619,157,90,79,-174.1039341151703
3,3,0.3,f_context_quote_volume_5m|f_gate_side_ret_3m_pct|f_f_coin_residual_5m_vs_btc,False,4,0.4444444444444444,40,0.6896551724137931,4,0.5,36,0.72,44,23,21,-36.707025692122315
3,2,0.35,f_context_quote_volume_5m|f_gate_side_ret_3m_pct|f_f_coin_residual_5m_vs_btc,False,34,0.6666666666666666,161,0.6363636363636364,25,0.6097560975609756,136,0.6415094339622641,195,109,95,-205.46140680742343
3,3,0.35,f_context_quote_volume_5m|f_gate_side_ret_3m_pct|f_f_coin_residual_5m_vs_btc,False,9,0.5,70,0.6730769230769231,8,0.5333333333333333,62,0.6966292134831461,79,43,41,-60.607014831487106
3,2,0.4,f_context_quote_volume_5m|f_gate_side_ret_3m_pct|f_f_coin_residual_5m_vs_btc,False,39,0.65,182,0.6363636363636364,30,0.6382978723404256,152,0.6359832635983264,221,125,111,-238.00816795545722
3,3,0.4,f_context_quote_volume_5m|f_gate_side_ret_3m_pct|f_f_coin_residual_5m_vs_btc,False,16,0.5925925925925926,85,0.68,12,0.6,73,0.6952380952380952,101,51,46,-109.87330286154496
3,2,0.45,f_context_quote_volume_5m|f_gate_side_ret_3m_pct|f_f_coin_residual_5m_vs_btc,False,43,0.6323529411764706,203,0.6464968152866242,31,0.6326530612244898,172,0.6490566037735849,246,136,121,-281.13821297732744
3,3,0.45,f_context_quote_volume_5m|f_gate_side_ret_3m_pct|f_f_coin_residual_5m_vs_btc,False,20,0.6060606060606061,101,0.6870748299319728,14,0.5833333333333334,87,0.7073170731707317,121,59,54,-116.3882967214334
3,2,0.15,f_context_quote_volume_5m|f_gate_side_ret_3m_pct|f_micro_selected_vwap_extension_20,False,4,0.4,66,0.6947368421052632,11,0.6470588235294118,55,0.7051282051282052,70,35,31,-78.54000775407306
3,3,0.15,f_context_quote_volume_5m|f_gate_side_ret_3m_pct|f_micro_selected_vwap_extension_20,False,0,0.0,14,0.875,1,0.5,13,0.9285714285714286,14,2,2,-6.386889536724376
3,2,0.2,f_context_quote_volume_5m|f_gate_side_ret_3m_pct|f_micro_selected_vwap_extension_20,False,13,0.5652173913043478,107,0.6772151898734177,15,0.5357142857142857,92,0.7076923076923077,120,61,53,-105.02922104667107
3,3,0.2,f_context_quote_volume_5m|f_gate_side_ret_3m_pct|f_micro_selected_vwap_extension_20,False,3,0.75,26,0.7428571428571429,2,0.6666666666666666,24,0.75,29,10,10,-33.22726244503095
3,2,0.25,f_context_quote_volume_5m|f_gate_side_ret_3m_pct|f_micro_selected_vwap_extension_20,False,18,0.5294117647058824,127,0.6414141414141414,19,0.5277777777777778,108,0.6666666666666666,145,87,74,-121.46540288308519
3,3,0.25,f_context_quote_volume_5m|f_gate_side_ret_3m_pct|f_micro_selected_vwap_extension_20,False,7,0.875,45,0.7142857142857143,7,0.6363636363636364,38,0.7307692307692307,52,19,19,-58.960963662182344
3,2,0.3,f_context_quote_volume_5m|f_gate_side_ret_3m_pct|f_micro_selected_vwap_extension_20,False,25,0.5681818181818182,146,0.6320346320346321,24,0.5454545454545454,122,0.6524064171122995,171,104,90,-163.18463115697188
3,3,0.3,f_context_quote_volume_5m|f_gate_side_ret_3m_pct|f_micro_selected_vwap_extension_20,False,9,0.75,54,0.7105263157894737,7,0.5833333333333334,47,0.734375,63,25,23,-67.6916510868336
3,2,0.35,f_context_quote_volume_5m|f_gate_side_ret_3m_pct|f_micro_selected_vwap_extension_20,False,28,0.56,166,0.6287878787878788,29,0.5918367346938775,137,0.6372093023255814,194,120,103,-169.9410954709263
3,3,0.35,f_context_quote_volume_5m|f_gate_side_ret_3m_pct|f_micro_selected_vwap_extension_20,False,12,0.7058823529411765,77,0.6936936936936937,9,0.5625,68,0.7157894736842105,89,39,37,-79.70352384998732
3,2,0.4,f_context_quote_volume_5m|f_gate_side_ret_3m_pct|f_micro_selected_vwap_extension_20,False,35,0.5932203389830508,182,0.629757785467128,32,0.6153846153846154,150,0.6329113924050633,217,131,113,-229.5171885391944
3,3,0.4,f_context_quote_volume_5m|f_gate_side_ret_3m_pct|f_micro_selected_vwap_extension_20,False,14,0.6086956521739131,86,0.6515151515151515,13,0.6190476190476191,73,0.6576576576576577,100,55,49,-71.3385796232891
3,2,0.45,f_context_quote_volume_5m|f_gate_side_ret_3m_pct|f_micro_selected_vwap_extension_20,False,42,0.5753424657534246,205,0.640625,35,0.625,170,0.6439393939393939,247,146,127,-282.07616580430476
3,3,0.45,f_context_quote_volume_5m|f_gate_side_ret_3m_pct|f_micro_selected_vwap_extension_20,False,18,0.6428571428571429,101,0.6688741721854304,15,0.6,86,0.6825396825396826,119,60,54,-103.57348135691203
3,2,0.15,f_context_quote_volume_5m|f_f_coin_residual_5m_vs_btc|f_micro_selected_vwap_extension_20,True,14,0.7368421052631579,60,0.75,12,0.8,48,0.7384615384615385,74,25,22,-119.0249879341835
3,3,0.15,f_context_quote_volume_5m|f_f_coin_residual_5m_vs_btc|f_micro_selected_vwap_extension_20,False,2,0.6666666666666666,10,0.7142857142857143,0,0.0,10,0.7142857142857143,12,5,5,-18.952489105930393
3,2,0.2,f_context_quote_volume_5m|f_f_coin_residual_5m_vs_btc|f_micro_selected_vwap_extension_20,True,21,0.7241379310344828,89,0.717741935483871,16,0.6956521739130435,73,0.7227722772277227,110,43,39,-156.3382472911389
3,3,0.2,f_context_quote_volume_5m|f_f_coin_residual_5m_vs_btc|f_micro_selected_vwap_extension_20,False,2,0.6666666666666666,17,0.68,1,1.0,16,0.6666666666666666,19,9,8,-26.167852039004163
3,2,0.25,f_context_quote_volume_5m|f_f_coin_residual_5m_vs_btc|f_micro_selected_vwap_extension_20,False,26,0.65,115,0.6497175141242938,19,0.59375,96,0.6620689655172414,141,76,65,-191.84023615812197
3,3,0.25,f_context_quote_volume_5m|f_f_coin_residual_5m_vs_btc|f_micro_selected_vwap_extension_20,False,3,0.75,33,0.6875,5,0.7142857142857143,28,0.6829268292682927,36,16,15,-28.732759791801165
3,2,0.3,f_context_quote_volume_5m|f_f_coin_residual_5m_vs_btc|f_micro_selected_vwap_extension_20,False,29,0.6304347826086957,135,0.627906976744186,24,0.6153846153846154,111,0.6306818181818182,164,97,84,-178.3697923100751
3,3,0.3,f_context_quote_volume_5m|f_f_coin_residual_5m_vs_btc|f_micro_selected_vwap_extension_20,False,8,0.7272727272727273,42,0.6774193548387096,5,0.625,37,0.6851851851851852,50,23,21,-61.25134768119442
3,2,0.35,f_context_quote_volume_5m|f_f_coin_residual_5m_vs_btc|f_micro_selected_vwap_extension_20,False,34,0.6296296296296297,167,0.6398467432950191,31,0.6595744680851063,136,0.6355140186915887,201,114,101,-214.01214714313065
3,3,0.35,f_context_quote_volume_5m|f_f_coin_residual_5m_vs_btc|f_micro_selected_vwap_extension_20,False,9,0.6,73,0.6886792452830188,8,0.5,65,0.7222222222222222,82,39,36,-80.26793877332004
3,2,0.4,f_context_quote_volume_5m|f_f_coin_residual_5m_vs_btc|f_micro_selected_vwap_extension_20,False,40,0.6349206349206349,185,0.622895622895623,35,0.6730769230769231,150,0.6122448979591837,225,135,120,-248.33900830980124
3,3,0.4,f_context_quote_volume_5m|f_f_coin_residual_5m_vs_btc|f_micro_selected_vwap_extension_20,False,13,0.5909090909090909,92,0.6917293233082706,14,0.5833333333333334,78,0.7155963302752294,105,50,45,-128.86933498797293
3,2,0.45,f_context_quote_volume_5m|f_f_coin_residual_5m_vs_btc|f_micro_selected_vwap_extension_20,False,45,0.6164383561643836,211,0.6355421686746988,37,0.6491228070175439,174,0.6327272727272727,256,149,133,-307.9891832572031
3,3,0.45,f_context_quote_volume_5m|f_f_coin_residual_5m_vs_btc|f_micro_selected_vwap_extension_20,False,22,0.6666666666666666,117,0.6882352941176471,17,0.5862068965517241,100,0.7092198581560284,139,64,58,-159.25147070473506
3,2,0.15,f_gate_side_ret_3m_pct|f_f_coin_residual_5m_vs_btc|f_micro_selected_vwap_extension_20,False,6,0.5,57,0.6333333333333333,6,0.46153846153846156,51,0.6623376623376623,63,39,32,-58.453862251199496
3,3,0.15,f_gate_side_ret_3m_pct|f_f_coin_residual_5m_vs_btc|f_micro_selected_vwap_extension_20,False,1,0.5,13,0.8666666666666667,1,0.5,12,0.9230769230769231,14,3,3,-34.73763576140145
3,2,0.2,f_gate_side_ret_3m_pct|f_f_coin_residual_5m_vs_btc|f_micro_selected_vwap_extension_20,False,14,0.6363636363636364,87,0.6214285714285714,11,0.5,76,0.6440677966101694,101,61,52,-89.99558496943841
3,3,0.2,f_gate_side_ret_3m_pct|f_f_coin_residual_5m_vs_btc|f_micro_selected_vwap_extension_20,False,2,0.4,20,0.7407407407407407,2,0.6666666666666666,18,0.75,22,10,10,-36.76471132769523
3,2,0.25,f_gate_side_ret_3m_pct|f_f_coin_residual_5m_vs_btc|f_micro_selected_vwap_extension_20,False,19,0.59375,113,0.6243093922651933,17,0.5483870967741935,96,0.64,132,81,68,-152.3118003887054
3,3,0.25,f_gate_side_ret_3m_pct|f_f_coin_residual_5m_vs_btc|f_micro_selected_vwap_extension_20,False,4,0.5,47,0.6527777777777778,5,0.5555555555555556,42,0.6666666666666666,51,29,26,-25.893638986995914
3,2,0.3,f_gate_side_ret_3m_pct|f_f_coin_residual_5m_vs_btc|f_micro_selected_vwap_extension_20,False,24,0.5853658536585366,126,0.6237623762376238,20,0.5405405405405406,106,0.6424242424242425,150,93,79,-153.96109057204657
3,3,0.3,f_gate_side_ret_3m_pct|f_f_coin_residual_5m_vs_btc|f_micro_selected_vwap_extension_20,False,5,0.45454545454545453,53,0.6385542168674698,6,0.6,47,0.6438356164383562,58,36,32,-26.91566339587915
3,2,0.35,f_gate_side_ret_3m_pct|f_f_coin_residual_5m_vs_btc|f_micro_selected_vwap_extension_20,False,28,0.5714285714285714,154,0.6260162601626016,23,0.5348837209302325,131,0.645320197044335,182,113,97,-168.65218861370008
3,3,0.35,f_gate_side_ret_3m_pct|f_f_coin_residual_5m_vs_btc|f_micro_selected_vwap_extension_20,False,9,0.5294117647058824,85,0.6692913385826772,11,0.6470588235294118,74,0.6727272727272727,94,50,45,-68.85355945222612
3,2,0.4,f_gate_side_ret_3m_pct|f_f_coin_residual_5m_vs_btc|f_micro_selected_vwap_extension_20,False,34,0.5862068965517241,181,0.6198630136986302,29,0.5918367346938775,152,0.6255144032921811,215,135,116,-206.04099697831768
3,3,0.4,f_gate_side_ret_3m_pct|f_f_coin_residual_5m_vs_btc|f_micro_selected_vwap_extension_20,False,18,0.6206896551724138,102,0.6580645161290323,18,0.6923076923076923,84,0.6511627906976745,120,64,58,-116.43035774870434
3,2,0.45,f_gate_side_ret_3m_pct|f_f_coin_residual_5m_vs_btc|f_micro_selected_vwap_extension_20,False,38,0.59375,199,0.6257861635220126,31,0.5961538461538461,168,0.631578947368421,237,145,125,-234.58413657116392
3,3,0.45,f_gate_side_ret_3m_pct|f_f_coin_residual_5m_vs_btc|f_micro_selected_vwap_extension_20,False,25,0.6097560975609756,127,0.675531914893617,19,0.6333333333333333,108,0.6835443037974683,152,77,70,-168.3855327069015