id,time,block,source,split,lane,strong,primary_veto,conservative_veto,challenger_t2_veto,t1_microvol_pct128,t2_confirm_pct128,t3_confirm_pct128
PAPER:AGTUSDT:1790659799999:SHORT,1790659826768,Research_Discovery,research,Discovery,3,False,False,False,False,,,
PAPER:INUSDT:1790660099999:SHORT,1790660129616,Research_Discovery,research,Discovery,1,False,False,False,False,,,
PAPER:SNXUSDT:1790660099999:SHORT,1790660132046,Research_Discovery,research,Discovery,2,False,False,False,False,,,
PAPER:METISUSDT:1790660099999:SHORT,1790660137369,Research_Discovery,research,Discovery,2,False,False,False,False,,,
PAPER:ACTUSDT:1790660099999:SHORT,1790660137835,Research_Discovery,research,Discovery,2,False,False,False,False,,,
PAPER:APEUSDT:1790660099999:SHORT,1790660141793,Research_Discovery,research,Discovery,2,False,False,False,False,,,
PAPER:IOSTUSDT:1790660099999:SHORT,1790660143747,Research_Discovery,research,Discovery,0,False,False,False,False,,,
PAPER:AUCTIONUSDT:1790660099999:SHORT,1790660148834,Research_Discovery,research,Discovery,2,False,False,False,False,,,
PAPER:GRAMUSDT:1790660099999:SHORT,1790660150881,Research_Discovery,research,Discovery,0,False,False,False,False,,,
PAPER:NEOUSDT:1790660099999:SHORT,1790660152570,Research_Discovery,research,Discovery,2,False,False,False,False,,,
PAPER:MOVEUSDT:1790660099999:SHORT,1790660154036,Research_Discovery,research,Discovery,2,False,False,False,False,,,
PAPER:DUSKUSDT:1790660099999:SHORT,1790660155878,Research_Discovery,research,Discovery,2,False,False,False,False,,,
PAPER:GMTUSDT:1790660099999:SHORT,1790660157118,Research_Discovery,research,Discovery,2,False,False,False,False,,,
PAPER:VELVETUSDT:1790660099999:SHORT,1790660159699,Research_Discovery,research,Discovery,2,False,False,False,False,,,
PAPER:CTSIUSDT:1790660099999:SHORT,1790660163145,Research_Discovery,research,Discovery,1,False,False,False,False,,,
PAPER:QUSDT:1790660699999:SHORT,1790660725241,Research_Discovery,research,Discovery,2,False,False,False,False,,,
PAPER:BILLUSDT:1790663699999:SHORT,1790663745924,Research_Discovery,research,Discovery,1,False,False,False,False,,,
PAPER:KGENUSDT:1790664599999:SHORT,1790664617112,Research_Discovery,research,Discovery,2,False,False,False,False,,,
PAPER:B2USDT:1790665199999:SHORT,1790665234266,Research_Discovery,research,Discovery,2,False,False,False,False,,,
PAPER:PHAROSUSDT:1790666399999:SHORT,1790666428723,Research_Discovery,research,Discovery,2,False,False,False,False,,,
PAPER:HAEDALUSDT:1790666399999:SHORT,1790666450179,Research_Discovery,research,Discovery,2,False,False,False,False,0.25,0.5,0.65
PAPER:HAEDALUSDT:1790666699999:SHORT,1790666744973,Research_Discovery,research,Discovery,3,True,True,False,False,0.5238095238095238,0.047619047619047616,0.2857142857142857
PAPER:METISUSDT:1790667299999:SHORT,1790667354256,Research_Discovery,research,Discovery,2,False,False,False,False,0.45454545454545453,0.7272727272727273,0.0
PAPER:OPNUSDT:1790668799999:SHORT,1790668819461,Research_Discovery,research,Discovery,1,False,True,True,True,0.08695652173913043,0.06521739130434782,0.043478260869565216
PAPER:NOMUSDT:1790669399999:SHORT,1790669465674,Research_Discovery,research,Discovery,1,False,True,True,True,0.0,0.5,0.5
PAPER:AZTECUSDT:1790670299999:SHORT,1790670332041,Research_Discovery,research,Discovery,3,False,True,False,False,1.0,0.08,0.2
PAPER:INUSDT:1790670899999:SHORT,1790670945056,Research_Discovery,research,Discovery,1,False,False,False,False,1.0,0.9615384615384616,0.38461538461538464
PAPER:RAREUSDT:1790670899999:SHORT,1790670948147,Research_Discovery,research,Discovery,1,False,False,False,False,0.4074074074074074,0.5555555555555556,0.12962962962962962
PAPER:AEROUSDT:1790670899999:SHORT,1790670950723,Research_Discovery,research,Discovery,1,False,False,False,False,0.6071428571428571,0.35714285714285715,0.5714285714285714
PAPER:WLDUSDT:1790670899999:SHORT,1790670951360,Research_Discovery,research,Discovery,1,False,False,False,False,0.5517241379310345,0.9655172413793104,0.9655172413793104
PAPER:NILUSDT:1790671499999:SHORT,1790671523957,Research_Discovery,research,Discovery,2,False,False,False,False,0.8333333333333334,0.5666666666666667,0.6166666666666667
PAPER:BABYUSDT:1790672099999:SHORT,1790672124976,Research_Discovery,research,Discovery,2,False,False,False,True,0.06451612903225806,0.22580645161290322,0.22580645161290322
PAPER:MUBARAKUSDT:1790672399999:SHORT,1790672417799,Research_Discovery,research,Discovery,0,True,False,False,False,0.5625,0.125,1.0
PAPER:SHELLUSDT:1790673899999:SHORT,1790673923401,Research_Discovery,research,Discovery,2,False,False,False,False,0.24242424242424243,0.8181818181818182,0.696969696969697
PAPER:CUSDT:1790673899999:SHORT,1790673925372,Research_Discovery,research,Discovery,1,False,True,True,True,0.058823529411764705,0.029411764705882353,0.11764705882352941
PAPER:MARSCOINUSDT:1790674499999:SHORT,1790674563183,Research_Discovery,research,Discovery,1,True,False,False,False,0.3142857142857143,1.0,1.0
PAPER:EVAAUSDT:1790674499999:SHORT,1790674621704,Research_Discovery,research,Discovery,3,True,True,False,False,0.1388888888888889,0.0,0.08333333333333333
PAPER:EVAAUSDT:1790675099999:SHORT,1790675225230,Research_Discovery,research,Discovery,1,False,True,True,True,0.08108108108108109,0.6216216216216216,0.08108108108108109
PAPER:MUSDT:1790676299999:SHORT,1790676321876,Research_Discovery,research,Discovery,3,True,False,False,False,0.47368421052631576,0.07894736842105263,0.868421052631579
PAPER:龙虾USDT:1790676899999:SHORT,1790676914793,Research_Discovery,research,Discovery,0,True,False,False,False,0.7948717948717948,0.9743589743589743,0.9743589743589743
PAPER:PHAUSDT:1790677199999:SHORT,1790677268956,Research_Discovery,research,Discovery,2,False,False,False,False,0.3,0.95,0.9
PAPER:ARKMUSDT:1790678399999:SHORT,1790678418043,Research_Discovery,research,Discovery,3,False,True,False,False,0.975609756097561,0.0,0.2682926829268293
PAPER:CROSSUSDT:1790678399999:SHORT,1790678419494,Research_Discovery,research,Discovery,1,False,False,False,False,0.7142857142857143,0.19047619047619047,0.023809523809523808
PAPER:FLUXUSDT:1790678399999:SHORT,1790678429534,Research_Discovery,research,Discovery,1,False,True,True,True,0.046511627906976744,0.6511627906976745,0.6976744186046512
PAPER:NILUSDT:1790678399999:SHORT,1790678464402,Research_Discovery,research,Discovery,1,False,False,False,False,0.8863636363636364,0.5,0.20454545454545456
PAPER:币安人生USDT:1790680199999:SHORT,1790680245821,Research_Discovery,research,Discovery,2,False,False,False,True,0.7111111111111111,0.2222222222222222,0.3111111111111111
PAPER:HANAUSDT:1790680499999:SHORT,1790680516583,Research_Discovery,research,Discovery,1,False,False,False,False,0.6739130434782609,0.8695652173913043,0.2826086956521739
PAPER:HANAUSDT:1790681399999:SHORT,1790681420278,Research_Discovery,research,Discovery,1,True,False,False,False,0.9148936170212766,0.9574468085106383,0.9787234042553191
PAPER:AZTECUSDT:1790683199999:SHORT,1790683234208,Research_Discovery,research,Discovery,1,False,False,False,False,0.5208333333333334,0.25,0.4375
PAPER:FIGHTUSDT:1790683499999:SHORT,1790683528960,Research_Discovery,research,Discovery,0,True,False,False,False,0.7346938775510204,1.0,1.0
PAPER:LUNA2USDT:1790683799999:SHORT,1790683828771,Research_Discovery,research,Discovery,1,True,True,True,True,0.22,0.64,0.64
PAPER:VVVUSDT:1790683799999:SHORT,1790683833960,Research_Discovery,research,Discovery,1,True,False,False,False,0.3333333333333333,0.3137254901960784,0.6862745098039216
PAPER:HAEDALUSDT:1790684699999:SHORT,1790684718718,Research_Discovery,research,Discovery,2,True,False,False,True,0.19230769230769232,0.038461538461538464,0.21153846153846154
PAPER:PLAYUSDT:1790684699999:SHORT,1790684728350,Research_Discovery,research,Discovery,3,True,False,False,False,0.37735849056603776,0.20754716981132076,0.37735849056603776
PAPER:AGTUSDT:1790684699999:SHORT,1790684781320,Research_Discovery,research,Discovery,2,False,False,False,True,0.2777777777777778,0.2037037037037037,0.3148148148148148
PAPER:HBARUSDT:1790685299999:SHORT,1790685331423,Research_Discovery,research,Discovery,1,True,False,False,False,0.6363636363636364,0.9454545454545454,0.7272727272727273
PAPER:币安人生USDT:1790685899999:SHORT,1790685916038,Research_Discovery,research,Discovery,1,False,True,True,True,0.125,0.32142857142857145,0.05357142857142857
PAPER:AGLDUSDT:1790686199999:SHORT,1790686230963,Research_Discovery,research,Discovery,2,True,False,False,False,0.07017543859649122,0.9122807017543859,0.9473684210526315
PAPER:MARSCOINUSDT:1790740499999:SHORT,1790740516648,Research_Discovery,research,Discovery,2,False,False,False,False,0.5,0.9655172413793104,0.896551724137931
PAPER:INXUSDT:1790741399999:SHORT,1790741435841,Research_Discovery,research,Discovery,2,False,False,False,True,0.3898305084745763,0.0847457627118644,0.11864406779661017
PAPER:COMPUSDT:1790742899999:SHORT,1790742937634,Research_Discovery,research,Discovery,2,False,False,False,False,0.11666666666666667,0.55,0.03333333333333333
PAPER:METUSDT:1790742899999:SHORT,1790742971426,Research_Discovery,research,Discovery,1,False,False,False,False,0.9344262295081968,0.8688524590163934,0.8688524590163934
PAPER:AEROUSDT:1790744099999:SHORT,1790744127823,Research_Discovery,research,Discovery,3,False,True,False,False,0.43548387096774194,0.13709677419354838,0.25806451612903225
PAPER:MITOUSDT:1790744399999:SHORT,1790744420986,Research_Discovery,research,Discovery,0,False,False,False,False,0.0,0.0,0.0
PAPER:NIGHTUSDT:1790746799999:SHORT,1790746821715,Research_Discovery,research,Discovery,3,False,False,False,False,0.0625,0.703125,0.59375
PAPER:MOVRUSDT:1790746799999:SHORT,1790746841536,Research_Discovery,research,Discovery,2,True,False,False,True,0.6461538461538462,0.1076923076923077,0.15384615384615385
PAPER:MARSCOINUSDT:1790747699999:SHORT,1790747719856,Research_Discovery,research,Discovery,1,False,True,True,True,0.15151515151515152,0.7575757575757576,0.21212121212121213
PAPER:JUPUSDT:1790747699999:SHORT,1790747724597,Research_Discovery,research,Discovery,2,True,False,False,True,0.22388059701492538,0.23880597014925373,0.40298507462686567
PAPER:EDENUSDT:1790748299999:SHORT,1790748327605,Research_Discovery,research,Discovery,2,True,False,False,False,0.3088235294117647,0.35294117647058826,0.5441176470588235
PAPER:ARUSDT:1790748599999:SHORT,1790748627516,Research_Discovery,research,Discovery,0,True,False,False,False,0.8115942028985508,0.7971014492753623,0.782608695652174
PAPER:PTBUSDT:1790748899999:SHORT,1790748927244,Research_Discovery,research,Discovery,1,False,True,True,True,0.05714285714285714,0.12857142857142856,0.02857142857142857
PAPER:ALICEUSDT:1790748899999:SHORT,1790748930870,Research_Discovery,research,Discovery,1,True,False,False,False,0.5492957746478874,0.5633802816901409,0.09859154929577464
PAPER:SYRUPUSDT:1790748899999:SHORT,1790748934223,Research_Discovery,research,Discovery,0,True,False,False,False,0.19444444444444445,0.8611111111111112,0.7916666666666666
PAPER:1000FLOKIUSDT:1790749499999:SHORT,1790749525846,Research_Discovery,research,Discovery,0,False,False,False,False,0.3698630136986301,0.8356164383561644,0.8493150684931506
PAPER:LAUSDT:1790749499999:SHORT,1790749528515,Research_Discovery,research,Discovery,3,False,False,False,False,0.9054054054054054,0.20270270270270271,0.44594594594594594
PAPER:ZKCUSDT:1790749499999:SHORT,1790749530917,Research_Discovery,research,Discovery,1,True,False,False,False,0.64,0.36,0.52
PAPER:ADAUSDT:1790749499999:SHORT,1790749531624,Research_Discovery,research,Discovery,1,False,False,False,False,0.9210526315789473,0.2894736842105263,0.11842105263157894
PAPER:CHIPUSDT:1790749499999:SHORT,1790749537432,Research_Discovery,research,Discovery,0,False,False,False,False,0.8311688311688312,0.36363636363636365,0.2857142857142857
PAPER:BUSDT:1790749799999:SHORT,1790749816741,Research_Discovery,research,Discovery,2,True,False,False,False,0.20512820512820512,0.6794871794871795,0.9102564102564102
PAPER:BIOUSDT:1790749799999:SHORT,1790749827367,Research_Discovery,research,Discovery,1,False,False,False,False,0.4050632911392405,0.06329113924050633,0.5063291139240507
PAPER:SPACEUSDT:1790750099999:SHORT,1790750122836,Research_Discovery,research,Discovery,3,False,True,False,False,0.9875,0.0625,0.15
PAPER:CATIUSDT:1790750099999:SHORT,1790750179697,Research_Discovery,research,Discovery,1,False,False,False,False,0.30864197530864196,0.12345679012345678,0.12345679012345678
PAPER:MARSCOINUSDT:1790750399999:SHORT,1790750415513,Research_Discovery,research,Discovery,1,False,True,True,True,0.2682926829268293,0.6097560975609756,0.04878048780487805
PAPER:牛来USDT:1790750399999:SHORT,1790750418892,Research_Discovery,research,Discovery,2,False,False,False,False,0.5060240963855421,0.8554216867469879,0.3493975903614458
PAPER:RVNUSDT:1790750399999:SHORT,1790750438989,Research_Discovery,research,Discovery,2,False,False,False,False,0.38095238095238093,0.5952380952380952,0.09523809523809523
PAPER:MUSDT:1790750699999:SHORT,1790750716001,Research_Discovery,research,Discovery,1,False,False,False,False,0.7294117647058823,0.8352941176470589,0.9058823529411765
PAPER:HANAUSDT:1790750699999:SHORT,1790750717690,Research_Discovery,research,Discovery,1,False,False,False,False,0.6976744186046512,0.1744186046511628,0.22674418604651161
PAPER:TNSRUSDT:1790750999999:SHORT,1790751024744,Research_Discovery,research,Discovery,1,False,False,False,False,0.7471264367816092,0.2413793103448276,0.13793103448275862
PAPER:AWEUSDT:1790750999999:SHORT,1790751027455,Research_Discovery,research,Discovery,1,False,False,False,False,0.9318181818181818,0.17613636363636365,0.2159090909090909
PAPER:龙虾USDT:1790750999999:SHORT,1790751028425,Research_Discovery,research,Discovery,1,False,False,False,False,0.6741573033707865,0.8202247191011236,0.8426966292134831
PAPER:TRUMPUSDT:1790750999999:SHORT,1790751031810,Research_Discovery,research,Discovery,1,False,True,True,True,0.05555555555555555,0.32222222222222224,0.12222222222222222
PAPER:我踏马来了USDT:1790750999999:SHORT,1790751040827,Research_Discovery,research,Discovery,1,False,False,False,False,0.4725274725274725,0.17582417582417584,0.07692307692307693
PAPER:AIOTUSDT:1790750999999:SHORT,1790751047517,Research_Discovery,research,Discovery,0,True,False,False,False,0.40217391304347827,0.5217391304347826,0.43478260869565216
PAPER:BROCCOLI714USDT:1790750999999:SHORT,1790751058562,Research_Discovery,research,Discovery,2,False,False,False,True,0.7634408602150538,0.1774193548387097,0.16129032258064516
PAPER:XNYUSDT:1790750999999:SHORT,1790751076191,Research_Discovery,research,Discovery,3,False,False,False,False,0.031914893617021274,0.2765957446808511,0.3404255319148936
PAPER:USTCUSDT:1790751599999:SHORT,1790751648264,Research_Discovery,research,Discovery,1,False,False,False,False,0.5473684210526316,0.042105263157894736,0.042105263157894736
PAPER:ATHUSDT:1790751599999:SHORT,1790751666601,Research_Discovery,research,Discovery,0,False,False,False,False,0.78125,0.0,0.020833333333333332
PAPER:STRKUSDT:1790751899999:SHORT,1790751926101,Research_Discovery,research,Discovery,2,False,False,False,False,0.5051546391752577,0.8144329896907216,0.6391752577319587
PAPER:CKBUSDT:1790752199999:SHORT,1790752217187,Research_Discovery,research,Discovery,1,False,False,False,False,1.0,0.5816326530612245,0.7653061224489796
PAPER:AVAAIUSDT:1790752199999:SHORT,1790752222645,Research_Discovery,research,Discovery,2,False,False,False,False,0.32323232323232326,0.5555555555555556,0.7171717171717171
PAPER:RPLUSDT:1790752499999:SHORT,1790752536875,Research_Discovery,research,Discovery,2,False,False,False,True,0.85,0.02,0.05
PAPER:GRASSUSDT:1790753399999:SHORT,1790753465038,Research_Discovery,research,Discovery,2,False,False,False,False,0.6039603960396039,0.9405940594059405,0.8415841584158416
PAPER:RAREUSDT:1790753699999:SHORT,1790753717141,Research_Discovery,research,Discovery,2,False,False,False,True,0.21568627450980393,0.049019607843137254,0.049019607843137254
PAPER:INITUSDT:1790754299999:SHORT,1790754319138,Research_Discovery,research,Discovery,0,True,False,False,False,0.7961165048543689,1.0,1.0
PAPER:HEIUSDT:1790755199999:SHORT,1790755226471,Research_Discovery,research,Discovery,1,False,True,True,True,0.038461538461538464,0.9038461538461539,0.8365384615384616
PAPER:LSKUSDT:1790755499999:SHORT,1790755529364,Research_Discovery,research,Discovery,2,False,False,False,False,0.6190476190476191,0.8666666666666667,0.22857142857142856
PAPER:FETUSDT:1790755499999:SHORT,1790755547859,Research_Discovery,research,Discovery,1,False,True,True,True,0.018867924528301886,0.5,0.330188679245283
PAPER:4USDT:1790755499999:SHORT,1790755628563,Research_Discovery,research,Discovery,0,False,False,False,False,0.009345794392523364,0.7757009345794392,0.14953271028037382
PAPER:SPORTFUNUSDT:1790755499999:SHORT,1790755644436,Research_Discovery,research,Discovery,2,False,False,False,False,0.17592592592592593,0.7962962962962963,0.7962962962962963
PAPER:AEROUSDT:1790755799999:SHORT,1790755820187,Research_Discovery,research,Discovery,0,False,False,False,False,0.05504587155963303,0.22935779816513763,0.1559633027522936
PAPER:ZETAUSDT:1790755799999:SHORT,1790755828807,Research_Discovery,research,Discovery,1,False,False,False,False,0.9545454545454546,0.3090909090909091,0.21818181818181817
PAPER:EDGEUSDT:1790757299999:SHORT,1790757315459,Research_Discovery,research,Discovery,1,False,False,False,False,0.5405405405405406,0.8918918918918919,0.6666666666666666
PAPER:CCUSDT:1790757299999:SHORT,1790757320766,Research_Discovery,research,Discovery,1,False,False,False,False,0.7053571428571429,0.13392857142857142,0.15178571428571427
PAPER:TRBUSDT:1790757299999:SHORT,1790757331463,Research_Discovery,research,Discovery,0,False,False,False,False,0.23008849557522124,0.8230088495575221,0.3008849557522124
PAPER:WLDUSDT:1790757299999:SHORT,1790757366241,Research_Discovery,research,Discovery,0,False,False,False,False,0.4649122807017544,0.008771929824561403,0.017543859649122806
PAPER:NILUSDT:1790759999999:SHORT,1790760074266,Research_Discovery,research,Discovery,0,False,False,False,False,0.1826086956521739,0.0,0.02608695652173913
PAPER:HANAUSDT:1790760299999:SHORT,1790760316706,Research_Discovery,research,Discovery,1,False,False,False,False,0.9913793103448276,0.4482758620689655,0.3146551724137931
PAPER:POWERUSDT:1790760599999:SHORT,1790760627938,Research_Discovery,research,Discovery,1,False,True,True,True,0.06837606837606838,0.1452991452991453,0.05982905982905983
PAPER:MERLUSDT:1790762399999:SHORT,1790762428221,Research_Discovery,research,Discovery,3,True,False,False,False,0.8220338983050848,0.211864406779661,0.3728813559322034
PAPER:HANAUSDT:1790762399999:SHORT,1790762471990,Research_Discovery,research,Discovery,0,False,False,False,False,0.05042016806722689,0.04201680672268908,0.04201680672268908
PAPER:4USDT:1790763299999:SHORT,1790763327232,Research_Discovery,research,Discovery,1,False,False,False,False,0.3416666666666667,0.38333333333333336,0.25
PAPER:COMPUSDT:1790763599999:SHORT,1790763645626,Research_Discovery,research,Discovery,3,False,False,False,False,0.628099173553719,0.2190082644628099,0.628099173553719
PAPER:OPNUSDT:1790764199999:SHORT,1790764220425,Research_Discovery,research,Discovery,1,False,False,False,False,0.9754098360655737,0.05737704918032787,0.12295081967213115
PAPER:FFUSDT:1790764499999:SHORT,1790764530118,Research_Discovery,research,Discovery,1,False,False,False,False,0.3902439024390244,0.8780487804878049,0.7967479674796748
PAPER:BLURUSDT:1790764499999:SHORT,1790764530653,Research_Discovery,research,Discovery,1,False,False,False,False,0.41935483870967744,0.532258064516129,0.33064516129032256
PAPER:POWERUSDT:1790765099999:SHORT,1790765144064,Research_Discovery,research,Discovery,2,False,False,False,False,0.16,0.52,0.416
PAPER:MMTUSDT:1790765399999:SHORT,1790765422895,Research_Discovery,research,Discovery,3,True,False,False,False,0.25396825396825395,0.07936507936507936,0.626984126984127
PAPER:ASTERUSDT:1790766299999:SHORT,1790766346030,Research_Discovery,research,Discovery,2,False,False,False,False,0.3858267716535433,0.84251968503937,0.7716535433070866
PAPER:ONEUSDT:1790766299999:SHORT,1790766354312,Research_Discovery,research,Discovery,2,False,False,False,False,0.0703125,0.65625,0.5859375
PAPER:1000000MOGUSDT:1790766599999:SHORT,1790766619024,Research_Discovery,research,Discovery,1,False,True,True,True,0.0703125,0.9296875,0.4921875
PAPER:TAKEUSDT:1790766599999:SHORT,1790766626847,Research_Discovery,research,Discovery,1,False,True,True,True,0.1015625,0.1015625,0.1953125
PAPER:PLAYUSDT:1790766599999:SHORT,1790766628990,Research_Discovery,research,Discovery,1,False,False,False,False,0.4921875,0.7734375,0.375
PAPER:APRUSDT:1790766599999:SHORT,1790766635632,Research_Discovery,research,Discovery,1,False,False,False,False,0.3515625,0.828125,0.33203125
PAPER:KAITOUSDT:1790766599999:SHORT,1790766636323,Research_Discovery,research,Discovery,1,False,True,True,True,0.265625,0.5703125,0.078125
PAPER:MONUSDT:1790766599999:SHORT,1790766637120,Research_Discovery,research,Discovery,1,False,False,False,False,0.8125,0.3359375,0.09375
PAPER:ONDOUSDT:1790766599999:SHORT,1790766642522,Research_Discovery,research,Discovery,1,False,True,True,True,0.078125,0.5390625,0.1796875
PAPER:MEWUSDT:1790766899999:SHORT,1790766924243,Research_Discovery,research,Discovery,3,False,True,False,False,0.59375,0.3984375,0.1875
PAPER:EPICUSDT:1790766899999:SHORT,1790766931320,Research_Discovery,research,Discovery,1,False,True,True,True,0.1640625,0.2265625,0.3046875
PAPER:BERAUSDT:1790767199999:SHORT,1790767216124,Research_Discovery,research,Discovery,0,False,False,False,False,0.4609375,0.23046875,0.234375
PAPER:PHAUSDT:1790768399999:SHORT,1790768481005,Research_Discovery,research,Discovery,2,False,False,False,False,0.5078125,0.859375,0.9375
PAPER:ZESTUSDT:1790768699999:SHORT,1790768728748,Research_Discovery,research,Discovery,0,True,False,False,False,0.9765625,0.9765625,0.9765625
PAPER:FLOCKUSDT:1790769899999:SHORT,1790769924621,Research_Discovery,research,Discovery,1,False,False,False,False,0.5859375,0.609375,0.0390625
PAPER:COTIUSDT:1790769899999:SHORT,1790769928354,Research_Discovery,research,Discovery,1,False,False,False,False,0.359375,0.8046875,0.765625
PAPER:OUSDT:1790770199999:SHORT,1790770220383,Research_Discovery,research,Discovery,1,False,False,False,False,0.75,0.96875,0.828125
PAPER:BSBUSDT:1790770199999:SHORT,1790770231540,Research_Discovery,research,Discovery,2,False,False,False,True,0.0078125,0.234375,0.3125
PAPER:MARSCOINUSDT:1790770199999:SHORT,1790770234263,Research_Discovery,research,Discovery,2,False,False,False,False,0.7421875,0.671875,0.484375
PAPER:RAREUSDT:1790770499999:SHORT,1790770562186,Research_Discovery,research,Discovery,0,True,False,False,False,0.9140625,0.03125,0.39453125
PAPER:OUSDT:1790770799999:SHORT,1790770820432,Research_Discovery,research,Discovery,0,False,False,False,False,0.578125,0.1875,0.3359375
PAPER:PONSUSDT:1790770799999:SHORT,1790770827630,Research_Discovery,research,Discovery,1,False,True,True,True,0.1953125,0.046875,0.109375
PAPER:MEGAUSDT:1790770799999:SHORT,1790770837921,Research_Discovery,research,Discovery,1,False,False,False,False,0.8203125,0.921875,0.859375
PAPER:LITUSDT:1790772299999:SHORT,1790772347314,Research_Discovery,research,Discovery,2,False,False,False,False,0.1875,0.8671875,0.90625
PAPER:PROMUSDT:1790772599999:SHORT,1790772617265,Research_Discovery,research,Discovery,0,False,False,False,False,0.78125,0.0,0.0
PAPER:龙虾USDT:1790774099999:SHORT,1790774124634,Research_Discovery,research,Discovery,2,False,False,False,False,0.4453125,0.6875,0.828125
PAPER:QNTUSDT:1790774399999:SHORT,1790774423795,Research_Discovery,research,Discovery,2,False,False,False,True,0.203125,0.0390625,0.5390625
PAPER:SIRENUSDT:1790774399999:SHORT,1790774425478,Research_Discovery,research,Discovery,0,False,False,False,False,0.578125,0.140625,0.09375
PAPER:VTHOUSDT:1790775299999:SHORT,1790775323962,Research_Discovery,research,Discovery,0,True,False,False,False,0.03125,0.984375,0.984375
PAPER:AUSDT:1790775299999:SHORT,1790775330871,Research_Discovery,research,Discovery,1,False,True,True,True,0.046875,0.7578125,0.875
PAPER:CRVUSDT:1790775599999:SHORT,1790775626078,Research_Discovery,research,Discovery,1,False,False,False,False,0.78125,0.7421875,0.21875
PAPER:THETAUSDT:1790775599999:SHORT,1790775628526,Research_Discovery,research,Discovery,1,False,False,False,False,0.5234375,0.609375,0.1015625
PAPER:ARKMUSDT:1790775599999:SHORT,1790775632273,Research_Discovery,research,Discovery,1,False,False,False,False,0.75,0.6328125,0.0546875
PAPER:INJUSDT:1790775599999:SHORT,1790775662918,Research_Discovery,research,Discovery,0,False,False,False,False,0.6953125,0.0,0.0390625
PAPER:KASUSDT:1790775599999:SHORT,1790775692500,Research_Discovery,research,Discovery,0,False,False,False,False,0.5859375,0.015625,0.0390625
PAPER:CAPUSDT:1790776799999:SHORT,1790776834377,Research_Discovery,research,Discovery,2,False,False,False,False,0.71875,0.59375,0.078125
PAPER:AZTECUSDT:1790777399999:SHORT,1790777473878,Research_Discovery,research,Discovery,0,True,False,False,False,0.515625,0.28125,0.703125
PAPER:JOEUSDT:1790777699999:SHORT,1790777715533,Research_Discovery,research,Discovery,2,True,False,False,False,0.7890625,0.546875,0.515625
PAPER:SKRUSDT:1790777699999:SHORT,1790777721851,Research_Discovery,research,Discovery,3,True,False,False,False,0.625,0.1328125,0.4140625
PAPER:ERAUSDT:1790777999999:SHORT,1790778021147,Research_Discovery,research,Discovery,2,True,False,False,False,0.640625,0.59375,0.9375
PAPER:INJUSDT:1790777999999:SHORT,1790778031845,Research_Discovery,research,Discovery,2,True,False,False,False,0.5234375,0.71875,0.9140625
PAPER:ONDOUSDT:1790777999999:SHORT,1790778039126,Research_Discovery,research,Discovery,2,True,False,False,False,0.390625,0.4453125,0.953125
PAPER:EDGEUSDT:1790777999999:SHORT,1790778040168,Research_Discovery,research,Discovery,2,True,False,False,False,0.8515625,0.7109375,0.96875
PAPER:XLMUSDT:1790777999999:SHORT,1790778045955,Research_Discovery,research,Discovery,0,True,False,False,False,0.578125,0.6796875,0.9453125
PAPER:ORCAUSDT:1790777999999:SHORT,1790778051098,Research_Discovery,research,Discovery,2,True,False,False,False,0.2421875,0.4453125,0.8984375
PAPER:REUSDT:1790777999999:SHORT,1790778054828,Research_Discovery,research,Discovery,2,True,False,False,False,0.6484375,0.8359375,0.9453125
PAPER:AEROUSDT:1790777999999:SHORT,1790778059435,Research_Discovery,research,Discovery,2,True,False,False,False,0.4609375,0.7890625,0.9375
PAPER:我踏马来了USDT:1790777999999:SHORT,1790778061955,Research_Discovery,research,Discovery,0,True,False,False,False,0.046875,0.84375,0.75
PAPER:CHIPUSDT:1790777999999:SHORT,1790778073245,Research_Discovery,research,Discovery,2,True,False,False,False,0.3125,0.9375,0.9140625
PAPER:MUBARAKUSDT:1790777999999:SHORT,1790778126378,Research_Discovery,research,Discovery,1,False,True,True,True,0.1953125,0.890625,0.7890625
PAPER:FLUIDUSDT:1790777999999:SHORT,1790778126572,Research_Discovery,research,Discovery,2,True,False,False,False,0.0859375,0.9453125,0.8515625
PAPER:TRIAUSDT:1790778299999:SHORT,1790778323375,Research_Discovery,research,Discovery,3,False,False,False,False,0.34375,0.328125,0.921875
PAPER:JTOUSDT:1790778299999:SHORT,1790778328837,Research_Discovery,research,Discovery,2,False,False,False,False,0.84375,0.765625,0.9609375
PAPER:ZECUSDT:1790778299999:SHORT,1790778350349,Research_Discovery,research,Discovery,0,False,False,False,False,0.578125,0.640625,0.9453125
PAPER:UBUSDT:1790778299999:SHORT,1790778351764,Research_Discovery,research,Discovery,2,True,False,False,False,0.7890625,0.4609375,0.8203125
PAPER:ZKUSDT:1790778299999:SHORT,1790778360682,Research_Discovery,research,Discovery,2,False,False,False,False,0.1171875,0.8515625,0.8125
PAPER:EIGENUSDT:1790778299999:SHORT,1790778362519,Research_Discovery,research,Discovery,1,False,True,True,True,0.09375,0.9609375,0.890625
PAPER:OPUSDT:1790778299999:SHORT,1790778424757,Research_Discovery,research,Discovery,1,False,False,False,False,0.3671875,0.953125,0.703125
PAPER:FLOCKUSDT:1790778599999:SHORT,1790778623508,Research_Discovery,research,Discovery,2,True,False,False,False,0.1640625,0.953125,0.984375
PAPER:SYRUPUSDT:1790778599999:SHORT,1790778637585,Research_Discovery,research,Discovery,1,False,True,True,True,0.2578125,0.7109375,0.859375
PAPER:WUSDT:1790778599999:SHORT,1790778640998,Research_Discovery,research,Discovery,3,False,False,False,False,0.203125,0.3203125,0.8984375
PAPER:BNTUSDT:1790778599999:SHORT,1790778648211,Research_Discovery,research,Discovery,3,False,False,False,False,0.5546875,0.1953125,0.8203125
PAPER:LINEAUSDT:1790778599999:SHORT,1790778655280,Research_Discovery,research,Discovery,1,False,False,False,False,0.8515625,0.171875,0.71875
PAPER:ETCUSDT:1790778599999:SHORT,1790778656319,Research_Discovery,research,Discovery,2,False,False,False,False,0.6171875,0.5078125,0.8828125
PAPER:MORPHOUSDT:1790778899999:SHORT,1790778918054,Research_Discovery,research,Discovery,2,False,False,False,False,0.8125,0.890625,0.3203125
PAPER:BROCCOLIF3BUSDT:1790778899999:SHORT,1790778942332,Research_Discovery,research,Discovery,1,False,False,False,False,0.625,0.1484375,0.1796875
PAPER:XMRUSDT:1790778899999:SHORT,1790778950226,Research_Discovery,research,Discovery,2,False,False,False,True,0.65625,0.140625,0.28125
PAPER:0GUSDT:1790778899999:SHORT,1790778966194,Research_Discovery,research,Discovery,3,False,False,False,False,0.2578125,0.109375,0.7265625
PAPER:MARSCOINUSDT:1790779199999:SHORT,1790779215786,Research_Discovery,research,Discovery,0,True,False,False,False,0.140625,0.046875,0.140625
PAPER:SYRUPUSDT:1790779499999:SHORT,1790779522854,Research_Discovery,research,Discovery,2,False,False,False,False,0.4609375,0.4921875,0.2421875
PAPER:龙虾USDT:1790779799999:SHORT,1790779824203,Research_Discovery,research,Discovery,1,True,False,False,False,0.375,0.59375,0.5546875
PAPER:MEGAUSDT:1790779799999:SHORT,1790779825525,Research_Discovery,research,Discovery,1,True,False,False,False,0.96875,0.28125,0.5625
PAPER:FOLKSUSDT:1790780399999:SHORT,1790780415316,Research_Discovery,research,Discovery,2,False,False,False,False,0.25,0.625,0.5234375
PAPER:SAGAUSDT:1790780699999:SHORT,1790780723148,Research_Discovery,research,Discovery,2,False,False,False,False,0.2578125,0.5234375,0.6875
PAPER:FLOWUSDT:1790780999999:SHORT,1790781032885,Research_Discovery,research,Discovery,2,False,False,False,False,0.9453125,0.7109375,0.65625
PAPER:ALCHUSDT:1790781299999:SHORT,1790781317058,Research_Discovery,research,Discovery,1,False,True,True,True,0.0,0.0859375,0.4140625
PAPER:CFGUSDT:1790781299999:SHORT,1790781327411,Research_Discovery,research,Discovery,1,False,False,False,False,0.9140625,0.28515625,0.625
PAPER:YBUSDT:1790781599999:SHORT,1790781618157,Research_Discovery,research,Discovery,1,False,False,False,False,0.9765625,0.40625,0.359375
PAPER:CCUSDT:1790781599999:SHORT,1790781626740,Research_Discovery,research,Discovery,0,True,False,False,False,0.34375,0.359375,0.484375
PAPER:ZAMAUSDT:1790781599999:SHORT,1790781635983,Research_Discovery,research,Discovery,1,False,False,False,False,0.75,0.140625,0.15625
PAPER:UBUSDT:1790781599999:SHORT,1790781636529,Research_Discovery,research,Discovery,1,False,False,False,False,0.5,0.5,0.3359375
PAPER:SYRUPUSDT:1790781599999:SHORT,1790781660784,Research_Discovery,research,Discovery,0,False,False,False,False,0.2265625,0.1953125,0.5234375
PAPER:JTOUSDT:1790781899999:SHORT,1790781914332,Research_Discovery,research,Discovery,1,False,False,False,False,0.921875,0.7265625,0.71875
PAPER:BRUSDT:1790781899999:SHORT,1790781916958,Research_Discovery,research,Discovery,0,False,False,False,False,0.671875,0.4296875,0.609375
PAPER:ONEUSDT:1790781899999:SHORT,1790781925204,Research_Discovery,research,Discovery,1,False,False,False,False,0.5234375,0.75,0.7265625
PAPER:NOMUSDT:1790781899999:SHORT,1790781977197,Research_Discovery,research,Discovery,0,False,False,False,False,0.3828125,0.0234375,0.625
PAPER:ZESTUSDT:1790782499999:SHORT,1790782537832,Research_Discovery,research,Discovery,0,False,False,False,False,0.953125,0.078125,0.1484375
PAPER:龙虾USDT:1790784599999:SHORT,1790784623806,Research_Discovery,research,Discovery,0,True,False,False,False,0.859375,0.921875,0.0078125
PAPER:APRUSDT:1790784599999:SHORT,1790784626071,Research_Discovery,research,Discovery,1,False,True,True,True,0.0234375,0.0,0.0
PAPER:RIVERUSDT:1790786999999:SHORT,1790787017387,Research_Discovery,research,Discovery,2,True,False,False,False,0.265625,0.6328125,0.671875
PAPER:ZESTUSDT:1790787599999:SHORT,1790787619297,Research_Discovery,research,Discovery,2,False,False,False,False,0.9140625,0.390625,0.53125
PAPER:LITUSDT:1790787599999:SHORT,1790787623307,Research_Discovery,research,Discovery,0,False,False,False,False,0.40625,0.09375,0.109375
PAPER:2ZUSDT:1790787899999:SHORT,1790787919060,Research_Discovery,research,Discovery,2,False,False,False,False,0.84375,0.6484375,0.796875
PAPER:ONEUSDT:1790787899999:SHORT,1790787946053,Research_Validation,research,Validation,0,True,False,False,False,0.8203125,0.671875,0.6484375
PAPER:RAREUSDT:1790788499999:SHORT,1790788522044,Research_Validation,research,Validation,3,False,True,False,False,0.59375,0.21875,0.21875
PAPER:AVAUSDT:1790788499999:SHORT,1790788524252,Research_Validation,research,Validation,1,True,False,False,False,0.40625,0.234375,0.1953125
PAPER:STARUSDT:1790788499999:SHORT,1790788530328,Research_Validation,research,Validation,2,False,False,False,False,0.0234375,0.8671875,0.4609375
PAPER:FARTCOINUSDT:1790788799999:SHORT,1790788875502,Research_Validation,research,Validation,3,False,False,False,False,0.421875,0.515625,0.640625
PAPER:AKEUSDT:1790789699999:SHORT,1790789718593,Research_Validation,research,Validation,2,True,False,False,True,0.6015625,0.1953125,0.78125
PAPER:FOGOUSDT:1790789699999:SHORT,1790789720656,Research_Validation,research,Validation,3,True,False,False,False,0.7265625,0.0625,0.484375
PAPER:SAGAUSDT:1790789699999:SHORT,1790789723404,Research_Validation,research,Validation,2,False,False,False,False,0.4296875,0.453125,0.5
PAPER:LDOUSDT:1790789699999:SHORT,1790789730322,Research_Validation,research,Validation,0,False,False,False,False,0.515625,0.859375,0.7265625
PAPER:ETHFIUSDT:1790789699999:SHORT,1790789731805,Research_Validation,research,Validation,0,False,False,False,False,0.734375,0.6484375,0.8984375
PAPER:HOMEUSDT:1790789699999:SHORT,1790789736039,Research_Validation,research,Validation,2,False,False,False,False,0.78125,0.5859375,0.5625
PAPER:RAVEUSDT:1790789699999:SHORT,1790789739283,Research_Validation,research,Validation,0,False,False,False,False,0.8125,0.59375,0.7578125
PAPER:XPINUSDT:1790789699999:SHORT,1790789741942,Research_Validation,research,Validation,2,False,False,False,False,0.9375,0.5390625,0.53125
PAPER:ETCUSDT:1790789699999:SHORT,1790789772412,Research_Validation,research,Validation,0,False,False,False,False,0.3984375,0.796875,0.328125
PAPER:SENTUSDT:1790789699999:SHORT,1790789772607,Research_Validation,research,Validation,0,False,False,False,False,0.6484375,0.375,0.25
PAPER:GUSDT:1790789699999:SHORT,1790789812101,Research_Validation,research,Validation,2,True,False,False,False,0.28125,0.8359375,0.5078125
PAPER:EIGENUSDT:1790789999999:SHORT,1790790017123,Research_Validation,research,Validation,2,False,False,False,False,0.5390625,0.5625,0.5625
PAPER:SLXUSDT:1790789999999:SHORT,1790790034205,Research_Validation,research,Validation,3,True,True,False,False,0.125,0.0703125,0.1484375
PAPER:NOMUSDT:1790790599999:SHORT,1790790619865,Research_Validation,research,Validation,1,False,False,False,False,0.6328125,0.3046875,0.8125
PAPER:TOWNSUSDT:1790790899999:SHORT,1790790929611,Research_Validation,research,Validation,0,False,False,False,False,0.8671875,0.2265625,0.2890625
PAPER:PTBUSDT:1790790899999:SHORT,1790790934903,Research_Validation,research,Validation,1,False,False,False,False,0.9921875,0.3828125,0.578125
PAPER:EIGENUSDT:1790790899999:SHORT,1790790949839,Research_Validation,research,Validation,1,False,True,True,True,0.171875,0.125,0.1953125
PAPER:XPLUSDT:1790790899999:SHORT,1790790956167,Research_Validation,research,Validation,1,False,False,False,False,0.515625,0.15625,0.296875
PAPER:ASTERUSDT:1790790899999:SHORT,1790791024350,Research_Validation,research,Validation,1,False,True,True,True,0.0859375,0.1328125,0.0859375
PAPER:XVSUSDT:1790791499999:SHORT,1790791524803,Research_Validation,research,Validation,1,False,False,False,False,0.765625,0.65625,0.2734375
PAPER:JELLYJELLYUSDT:1790791499999:SHORT,1790791531858,Research_Validation,research,Validation,0,False,False,False,False,0.4375,0.4765625,0.28125
PAPER:1000SATSUSDT:1790791499999:SHORT,1790791553702,Research_Validation,research,Validation,2,False,False,False,False,0.71875,0.6328125,0.375
PAPER:BSBUSDT:1790791499999:SHORT,1790791554226,Research_Validation,research,Validation,2,False,False,False,False,0.78125,0.390625,0.171875
PAPER:GRTUSDT:1790791499999:SHORT,1790791561568,Research_Validation,research,Validation,0,True,False,False,False,0.7109375,0.5078125,0.453125
PAPER:TURBOUSDT:1790792099999:SHORT,1790792120409,Research_Validation,research,Validation,0,True,False,False,False,0.2109375,0.296875,0.53125
PAPER:RAYSOLUSDT:1790792099999:SHORT,1790792125825,Research_Validation,research,Validation,2,True,False,False,False,0.453125,0.9140625,0.796875
PAPER:GPSUSDT:1790792699999:SHORT,1790792716861,Research_Validation,research,Validation,0,True,False,False,False,0.9921875,1.0,1.0
PAPER:PTBUSDT:1790793299999:SHORT,1790793319235,Research_Validation,research,Validation,2,True,False,False,False,0.140625,0.3203125,0.4375
PAPER:SLXUSDT:1790793299999:SHORT,1790793325176,Research_Validation,research,Validation,1,True,False,False,False,0.5859375,0.859375,0.609375
PAPER:ONDOUSDT:1790793299999:SHORT,1790793331872,Research_Validation,research,Validation,0,True,False,False,False,0.890625,1.0,1.0
PAPER:LUMIAUSDT:1790793299999:SHORT,1790793339122,Research_Validation,research,Validation,3,True,False,False,False,1.0,0.25,0.375
PAPER:MMTUSDT:1790793299999:SHORT,1790793377165,Research_Validation,research,Validation,0,False,False,False,False,0.9453125,0.390625,0.265625
PAPER:ONDOUSDT:1790793599999:SHORT,1790793618354,Research_Validation,research,Validation,0,False,False,False,False,0.921875,0.09375,0.0625
PAPER:SKYAIUSDT:1790793599999:SHORT,1790793636456,Research_Validation,research,Validation,0,False,False,False,False,0.265625,0.1328125,0.3359375
PAPER:ACTUSDT:1790793599999:SHORT,1790793636955,Research_Validation,research,Validation,0,True,False,False,False,0.3671875,0.234375,0.328125
PAPER:NILUSDT:1790793599999:SHORT,1790793643296,Research_Validation,research,Validation,1,True,True,True,True,0.21875,0.703125,0.5390625
PAPER:ZECUSDT:1790793599999:SHORT,1790793648944,Research_Validation,research,Validation,0,False,False,False,False,0.5859375,0.6953125,0.609375
PAPER:FLOWUSDT:1790793599999:SHORT,1790793684184,Research_Validation,research,Validation,1,False,False,False,False,0.6953125,0.140625,0.390625
PAPER:ASTERUSDT:1790793599999:SHORT,1790793729417,Research_Validation,research,Validation,2,False,False,False,False,0.109375,0.6328125,0.390625
PAPER:REDUSDT:1790793899999:SHORT,1790793915518,Research_Validation,research,Validation,2,False,False,False,False,0.0859375,0.7421875,0.84375
PAPER:LTCUSDT:1790793899999:SHORT,1790793917204,Research_Validation,research,Validation,0,False,False,False,False,0.421875,0.203125,0.1796875
PAPER:TACUSDT:1790794199999:SHORT,1790794224108,Research_Validation,research,Validation,0,True,False,False,False,0.9140625,0.21875,0.1640625
PAPER:METUSDT:1790795699999:SHORT,1790795713269,Research_Validation,research,Validation,0,True,False,False,False,0.4140625,0.3203125,0.875
PAPER:LIGHTUSDT:1790795699999:SHORT,1790795715996,Research_Validation,research,Validation,3,False,False,False,False,0.2734375,0.125,0.390625
PAPER:我踏马来了USDT:1790795699999:SHORT,1790795716578,Research_Validation,research,Validation,0,False,False,False,False,1.0,0.75,0.8515625
PAPER:SKYAIUSDT:1790796299999:SHORT,1790796316213,Research_Validation,research,Validation,1,False,False,False,False,0.9609375,0.4140625,0.125
PAPER:HUMAUSDT:1790796299999:SHORT,1790796325474,Research_Validation,research,Validation,2,False,False,False,False,0.6171875,0.484375,0.1484375
PAPER:XPINUSDT:1790796299999:SHORT,1790796368521,Research_Validation,research,Validation,1,False,True,True,True,0.0,0.33203125,0.5234375
PAPER:PIPPINUSDT:1790796899999:SHORT,1790796920096,Research_Validation,research,Validation,2,False,False,False,False,0.1171875,0.6484375,0.484375
PAPER:USUALUSDT:1790797499999:SHORT,1790797564697,Research_Validation,research,Validation,1,False,False,False,False,0.46875,0.609375,0.515625
PAPER:EIGENUSDT:1790798099999:SHORT,1790798136863,Research_Validation,research,Validation,1,False,True,True,True,0.03125,0.4765625,0.4609375
PAPER:SPXUSDT:1790798099999:SHORT,1790798148099,Research_Validation,research,Validation,2,False,False,False,False,0.0859375,0.734375,0.3515625
PAPER:MAGMAUSDT:1790798099999:SHORT,1790798160936,Research_Validation,research,Validation,1,False,False,False,False,0.46875,0.5625,0.1796875
PAPER:KMNOUSDT:1790798699999:SHORT,1790798730087,Research_Validation,research,Validation,0,False,False,False,False,0.65625,0.1328125,0.0625
PAPER:哈基米USDT:1790798699999:SHORT,1790798732201,Research_Validation,research,Validation,1,False,False,False,False,0.6171875,0.7109375,0.734375
PAPER:TOWNSUSDT:1790798999999:SHORT,1790799019704,Research_Validation,research,Validation,0,False,False,False,False,0.6796875,0.390625,0.546875
PAPER:EPICUSDT:1790798999999:SHORT,1790799074800,Research_Validation,research,Validation,1,False,True,True,True,0.0703125,0.453125,0.3359375
PAPER:NILUSDT:1790799599999:SHORT,1790799624152,Research_Validation,research,Validation,1,False,False,False,False,0.59375,0.265625,0.1484375
PAPER:B2USDT:1790799899999:SHORT,1790799939798,Research_Validation,research,Validation,2,True,False,False,False,0.96875,0.703125,0.765625
PAPER:BROCCOLIF3BUSDT:1790799899999:SHORT,1790799940011,Research_Validation,research,Validation,0,False,False,False,False,1.0,0.0078125,0.0390625
PAPER:SAGAUSDT:1790801099999:SHORT,1790801116314,Research_Validation,research,Validation,2,True,False,False,False,0.859375,0.8359375,0.6171875
PAPER:SYNUSDT:1790801099999:SHORT,1790801121357,Research_Validation,research,Validation,0,True,False,False,False,0.875,0.1171875,0.1640625
PAPER:CLOUSDT:1790801099999:SHORT,1790801165912,Research_Validation,research,Validation,0,True,False,False,False,0.0078125,0.4609375,0.1328125
PAPER:BRUSDT:1790801399999:SHORT,1790801415093,Research_Validation,research,Validation,1,False,True,True,True,0.2578125,0.859375,0.6484375
PAPER:GRASSUSDT:1790801699999:SHORT,1790801714871,Research_Reserve,research,Reserve,0,True,False,False,False,0.90625,0.984375,0.984375
PAPER:POWERUSDT:1790801699999:SHORT,1790801715358,Research_Reserve,research,Reserve,0,False,False,False,False,0.6640625,0.2421875,0.296875
PAPER:LDOUSDT:1790801699999:SHORT,1790801723254,Research_Reserve,research,Reserve,1,False,True,True,True,0.2734375,0.96875,0.953125
PAPER:AVNTUSDT:1790802599999:SHORT,1790802619968,Research_Reserve,research,Reserve,1,False,False,False,False,0.8125,0.34375,0.3046875
PAPER:PONSUSDT:1790802599999:SHORT,1790802628416,Research_Reserve,research,Reserve,1,False,True,True,True,0.2578125,0.1171875,0.015625
PAPER:BANUSDT:1790802599999:SHORT,1790802631066,Research_Reserve,research,Reserve,0,False,False,False,False,0.0546875,0.453125,0.33203125
PAPER:PIXELUSDT:1790802599999:SHORT,1790802633434,Research_Reserve,research,Reserve,0,False,False,False,False,0.2578125,0.3671875,0.21875
PAPER:MEUSDT:1790802599999:SHORT,1790802671346,Research_Reserve,research,Reserve,3,False,False,False,False,0.71875,0.1015625,0.453125
PAPER:DRIFTUSDT:1790802899999:SHORT,1790802914882,Research_Reserve,research,Reserve,1,False,False,False,False,0.8984375,0.21875,0.25
PAPER:XVSUSDT:1790803499999:SHORT,1790803514814,Research_Reserve,research,Reserve,0,False,False,False,False,0.65625,0.5625,0.484375
PAPER:STOUSDT:1790803499999:SHORT,1790803515961,Research_Reserve,research,Reserve,0,False,False,False,False,0.703125,0.4140625,0.3984375
PAPER:CCUSDT:1790804399999:SHORT,1790804435526,Research_Reserve,research,Reserve,3,False,False,False,False,0.984375,0.0390625,0.6171875
PAPER:EDENUSDT:1790804999999:SHORT,1790805015673,Research_Reserve,research,Reserve,2,True,False,False,False,0.0,0.8203125,0.6640625
PAPER:WLFIUSDT:1790804999999:SHORT,1790805017209,Research_Reserve,research,Reserve,2,False,False,False,False,0.6796875,0.5390625,0.5
PAPER:POWERUSDT:1790804999999:SHORT,1790805063053,Research_Reserve,research,Reserve,2,True,False,False,False,0.8515625,0.9375,0.796875
PAPER:BBUSDT:1790805299999:SHORT,1790805324200,Research_Reserve,research,Reserve,2,False,False,False,False,0.078125,0.3984375,0.1171875
PAPER:THEUSDT:1790805599999:SHORT,1790805621327,Research_Reserve,research,Reserve,2,False,False,False,False,0.3984375,0.5546875,0.5234375
PAPER:TIAUSDT:1790805899999:SHORT,1790805929675,Research_Reserve,research,Reserve,0,False,False,False,False,0.9609375,0.4296875,0.2109375
PAPER:EIGENUSDT:1790805899999:SHORT,1790805933123,Research_Reserve,research,Reserve,2,False,False,False,False,0.9765625,0.390625,0.09375
PAPER:APTUSDT:1790805899999:SHORT,1790805939342,Research_Reserve,research,Reserve,2,False,False,False,False,0.9140625,0.5,0.2265625
PAPER:DOTUSDT:1790805899999:SHORT,1790805945204,Research_Reserve,research,Reserve,2,False,False,False,False,0.7421875,0.75,0.6171875
PAPER:FILUSDT:1790805899999:SHORT,1790805945706,Research_Reserve,research,Reserve,2,False,False,False,False,0.59375,0.53125,0.1953125
PAPER:FETUSDT:1790805899999:SHORT,1790805949809,Research_Reserve,research,Reserve,2,False,False,False,False,0.609375,0.75,0.25
PAPER:PARTIUSDT:1790805899999:SHORT,1790805952066,Research_Reserve,research,Reserve,1,False,False,False,False,0.921875,0.5234375,0.3984375
PAPER:WETUSDT:1790805899999:SHORT,1790805961480,Research_Reserve,research,Reserve,1,False,False,False,False,0.734375,0.578125,0.4375
PAPER:ZECUSDT:1790805899999:SHORT,1790805966533,Research_Reserve,research,Reserve,1,False,False,False,False,0.8046875,0.515625,0.2109375
PAPER:HBARUSDT:1790805899999:SHORT,1790805966726,Research_Reserve,research,Reserve,1,False,False,False,False,0.9296875,0.7578125,0.3515625
PAPER:4USDT:1790809799999:SHORT,1790809822345,Research_Reserve,research,Reserve,1,False,False,False,False,0.4375,0.703125,0.3671875
PAPER:PONSUSDT:1790810999999:SHORT,1790811013926,Research_Reserve,research,Reserve,3,False,False,False,False,0.4375,0.3203125,0.6328125
PAPER:牛来USDT:1790811299999:SHORT,1790811327203,Research_Reserve,research,Reserve,1,False,True,True,True,0.1484375,0.2578125,0.42578125
PAPER:HUSDT:1790811599999:SHORT,1790811613524,Research_Reserve,research,Reserve,1,True,False,False,False,0.6328125,0.609375,0.765625
PAPER:SOPHUSDT:1790812499999:SHORT,1790812515926,Research_Reserve,research,Reserve,2,False,False,False,False,0.03125,0.375,0.421875
PAPER:APRUSDT:1790812499999:SHORT,1790812516634,Research_Reserve,research,Reserve,0,False,False,False,False,0.8671875,0.6953125,0.6953125
PAPER:SOMIUSDT:1790813099999:SHORT,1790813137475,Research_Reserve,research,Reserve,1,False,False,False,False,0.4765625,0.859375,0.6796875
PAPER:ZETAUSDT:1790813099999:SHORT,1790813147166,Research_Reserve,research,Reserve,2,False,False,False,False,0.0625,0.5234375,0.2578125
PAPER:币安人生USDT:1790813099999:SHORT,1790813148480,Research_Reserve,research,Reserve,3,False,False,False,False,0.15625,0.140625,0.46875
PAPER:SKYUSDT:1790813099999:SHORT,1790813158844,Research_Reserve,research,Reserve,2,False,False,False,False,0.5234375,0.4765625,0.234375
PAPER:TRBUSDT:1790813399999:SHORT,1790813417747,Research_Reserve,research,Reserve,1,False,True,True,True,0.21875,0.0234375,0.1171875
PAPER:PHAUSDT:1790813399999:SHORT,1790813429218,Research_Reserve,research,Reserve,0,True,False,False,False,0.125,0.953125,0.8828125
PAPER:HBARUSDT:1790813399999:SHORT,1790813431558,Research_Reserve,research,Reserve,1,False,False,False,False,0.3125,0.28125,0.4765625
PAPER:RAREUSDT:1790813399999:SHORT,1790813469360,Research_Reserve,research,Reserve,0,False,False,False,False,0.1484375,0.203125,0.2734375
PAPER:PHAUSDT:1790813699999:SHORT,1790813764914,Research_Reserve,research,Reserve,0,True,False,False,False,0.1640625,0.96875,0.9375
PAPER:MUBARAKUSDT:1790813999999:SHORT,1790814016914,Research_Reserve,research,Reserve,0,False,False,False,False,0.4921875,0.9296875,0.7890625
PAPER:POWERUSDT:1790814599999:SHORT,1790814616796,Research_Reserve,research,Reserve,0,False,False,False,False,0.71875,0.21875,0.59375
PAPER:0GUSDT:1790815499999:SHORT,1790815519164,Research_Reserve,research,Reserve,3,True,False,False,False,0.2578125,0.9296875,0.9296875
PAPER:USUSDT:1790815799999:SHORT,1790815814778,Research_Reserve,research,Reserve,2,False,False,False,False,0.6875,0.3671875,0.21875
PAPER:HANAUSDT:1790816699999:SHORT,1790816723086,Research_Reserve,research,Reserve,0,False,False,False,False,0.96875,0.1640625,0.03125
PAPER:ONUSDT:1790816699999:SHORT,1790816734756,Research_Reserve,research,Reserve,1,True,False,False,False,0.703125,0.5703125,0.5859375
PAPER:GTCUSDT:1790818199999:SHORT,1790818231520,Research_Reserve,research,Reserve,1,False,False,False,False,0.5390625,0.96875,0.859375
PAPER:XVSUSDT:1790818499999:SHORT,1790818563234,Research_Reserve,research,Reserve,3,False,False,False,False,0.234375,0.6640625,0.734375
PAPER:BERAUSDT:1790818799999:SHORT,1790818817060,Research_Reserve,research,Reserve,2,False,False,False,False,0.7890625,0.3671875,0.9375
PAPER:WUSDT:1790818799999:SHORT,1790818825587,Research_Reserve,research,Reserve,2,False,False,False,False,0.3203125,0.8046875,0.46875
PAPER:XNYUSDT:1790819099999:SHORT,1790819117209,Research_Reserve,research,Reserve,2,False,False,False,False,0.9921875,0.3828125,0.2890625
PAPER:BREVUSDT:1790819099999:SHORT,1790819118576,Research_Reserve,research,Reserve,1,False,True,True,True,0.1796875,0.6171875,0.640625
PAPER:MTLUSDT:1790819099999:SHORT,1790819127346,Research_Reserve,research,Reserve,2,True,False,False,False,0.15625,0.640625,0.6640625
PAPER:USUSDT:1790819699999:SHORT,1790819716655,Research_Reserve,research,Reserve,2,True,False,False,False,0.3125,0.6875,0.9609375
PAPER:NOMUSDT:1790819699999:SHORT,1790819721911,Research_Reserve,research,Reserve,2,False,False,False,False,0.3984375,0.5390625,0.3125
PAPER:COTIUSDT:1790820299999:SHORT,1790820318291,Research_Reserve,research,Reserve,3,False,False,False,False,0.3671875,0.328125,0.8125
PAPER:GRASSUSDT:1790820299999:SHORT,1790820323716,Research_Reserve,research,Reserve,3,False,False,False,False,0.796875,0.203125,0.484375
PAPER:ZAMAUSDT:1790820299999:SHORT,1790820324221,Research_Reserve,research,Reserve,0,False,False,False,False,0.265625,0.28515625,0.2421875
PAPER:XANUSDT:1790820299999:SHORT,1790820329437,Research_Reserve,research,Reserve,1,False,False,False,False,0.4140625,0.6171875,0.7421875
PAPER:PLAYUSDT:1790820899999:SHORT,1790820916132,Research_Reserve,research,Reserve,2,False,False,False,False,0.8671875,0.78125,0.6640625
PAPER:AINUSDT:1790820899999:SHORT,1790820967272,Research_Reserve,research,Reserve,3,False,False,False,False,0.390625,0.1953125,0.5703125
PAPER:POWERUSDT:1790821199999:SHORT,1790821222084,Research_Reserve,research,Reserve,1,False,False,False,False,0.796875,0.8984375,0.8671875
PAPER:AEROUSDT:1790821199999:SHORT,1790821228375,Research_Reserve,research,Reserve,2,False,False,False,False,0.2890625,0.484375,0.5
PAPER:AZTECUSDT:1790821199999:SHORT,1790821276400,Research_Reserve,research,Reserve,1,False,False,False,False,0.53125,0.9453125,0.921875
PAPER:CLOUSDT:1790821199999:SHORT,1790821330601,Research_Reserve,research,Reserve,2,False,False,False,False,0.34375,0.421875,0.734375
PAPER:FUSDT:1790821499999:SHORT,1790821532167,Research_Reserve,research,Reserve,2,False,False,False,False,0.828125,0.53125,0.5
PAPER:PROMPTUSDT:1790821499999:SHORT,1790821536151,Research_Reserve,research,Reserve,1,True,False,False,False,0.5625,0.40625,0.390625
PAPER:PHAROSUSDT:1790821499999:SHORT,1790821539233,Research_Reserve,research,Reserve,0,False,False,False,False,0.609375,0.1015625,0.75
PAPER:COAIUSDT:1790821499999:SHORT,1790821544784,Research_Reserve,research,Reserve,2,False,False,False,False,0.6328125,0.7109375,0.6640625
PAPER:OUSDT:1790823299999:SHORT,1790823364883,Research_Reserve,research,Reserve,1,False,False,False,False,0.9609375,0.2734375,0.6171875
PAPER:NMRUSDT:1790823899999:SHORT,1790823932974,Research_Reserve,research,Reserve,2,True,False,False,False,0.4375,0.9375,0.8828125
PAPER:NOMUSDT:1790824799999:SHORT,1790824827692,Research_Reserve,research,Reserve,0,False,False,False,False,0.3359375,0.0390625,0.046875
PAPER:LDOUSDT:1790825099999:SHORT,1790825113973,Research_Reserve,research,Reserve,3,False,False,False,False,0.7578125,0.140625,0.828125
PAPER:NILUSDT:1790828399999:SHORT,1790828418307,Fresh_2026-10-01,fresh,2026-10-01,3,False,False,False,False,0.2265625,0.0390625,0.8046875
PAPER:牛来USDT:1790828399999:SHORT,1790828449570,Fresh_2026-10-01,fresh,2026-10-01,3,False,True,False,False,0.8671875,0.1640625,0.1875
PAPER:PLAYUSDT:1790829599999:SHORT,1790829623376,Fresh_2026-10-01,fresh,2026-10-01,2,False,False,False,True,0.28125,0.140625,0.1328125
PAPER:REZUSDT:1790829899999:SHORT,1790829920215,Fresh_2026-10-01,fresh,2026-10-01,1,False,False,False,False,0.4375,0.03125,0.0546875
PAPER:SWARMSUSDT:1790830499999:SHORT,1790830525330,Fresh_2026-10-01,fresh,2026-10-01,0,True,False,False,False,0.3671875,0.25,0.84375
PAPER:MERLUSDT:1790830499999:SHORT,1790830529121,Fresh_2026-10-01,fresh,2026-10-01,1,False,True,True,True,0.140625,0.75,0.453125
PAPER:ONUSDT:1790831999999:SHORT,1790832018047,Fresh_2026-10-01,fresh,2026-10-01,2,True,False,False,False,0.046875,0.78125,0.7265625
PAPER:PLUMEUSDT:1790832899999:SHORT,1790832925165,Fresh_2026-10-01,fresh,2026-10-01,2,False,False,False,False,0.109375,0.6875,0.5859375
PAPER:GOATUSDT:1790833799999:SHORT,1790833822691,Fresh_2026-10-01,fresh,2026-10-01,1,False,False,False,False,0.5546875,0.6171875,0.5859375
PAPER:PLUMEUSDT:1790833799999:SHORT,1790833823778,Fresh_2026-10-01,fresh,2026-10-01,3,False,False,False,False,0.5625,0.1875,0.4765625
PAPER:REZUSDT:1790834099999:SHORT,1790834116426,Fresh_2026-10-01,fresh,2026-10-01,1,False,False,False,False,0.578125,0.90625,0.8984375
PAPER:ROSEUSDT:1790834099999:SHORT,1790834120020,Fresh_2026-10-01,fresh,2026-10-01,0,False,False,False,False,0.09375,0.3984375,0.3515625
PAPER:REZUSDT:1790834999999:SHORT,1790835076604,Fresh_2026-10-01,fresh,2026-10-01,2,False,False,False,False,0.65625,0.5625,0.578125
PAPER:ILVUSDT:1790836499999:SHORT,1790836527984,Fresh_2026-10-01,fresh,2026-10-01,2,False,False,False,False,0.9296875,0.703125,0.78125
PAPER:AEROUSDT:1790836499999:SHORT,1790836533753,Fresh_2026-10-01,fresh,2026-10-01,2,True,False,False,False,0.4140625,0.65625,0.8046875
PAPER:STARUSDT:1790836499999:SHORT,1790836567397,Fresh_2026-10-01,fresh,2026-10-01,3,False,False,False,False,0.0859375,0.1796875,0.390625
PAPER:XVSUSDT:1790837699999:SHORT,1790837740938,Fresh_2026-10-01,fresh,2026-10-01,2,False,False,False,False,0.359375,0.546875,0.6796875
PAPER:ORCAUSDT:1790838299999:SHORT,1790838326661,Fresh_2026-10-01,fresh,2026-10-01,2,True,False,False,False,0.0546875,0.453125,0.7109375
PAPER:TAGUSDT:1790838299999:SHORT,1790838352499,Fresh_2026-10-01,fresh,2026-10-01,2,True,False,False,False,0.2578125,0.828125,0.8203125
PAPER:CGPTUSDT:1790838599999:SHORT,1790838625424,Fresh_2026-10-01,fresh,2026-10-01,3,False,False,False,False,0.8828125,0.140625,0.4609375
PAPER:RAYSOLUSDT:1790838899999:SHORT,1790838927443,Fresh_2026-10-01,fresh,2026-10-01,0,True,False,False,False,0.8671875,0.3203125,0.953125
PAPER:ENAUSDT:1790838899999:SHORT,1790838948910,Fresh_2026-10-01,fresh,2026-10-01,3,True,False,False,False,0.6640625,0.28125,0.984375
PAPER:FILUSDT:1790838899999:SHORT,1790838957986,Fresh_2026-10-01,fresh,2026-10-01,3,True,False,False,False,0.1796875,0.3203125,0.8828125
PAPER:TOSHIUSDT:1790838899999:SHORT,1790838958916,Fresh_2026-10-01,fresh,2026-10-01,3,True,False,False,False,0.6015625,0.29296875,0.828125
PAPER:EULUSDT:1790838899999:SHORT,1790838961568,Fresh_2026-10-01,fresh,2026-10-01,2,True,False,False,False,0.5,0.71875,0.53125
PAPER:INJUSDT:1790838899999:SHORT,1790838964077,Fresh_2026-10-01,fresh,2026-10-01,2,True,False,False,False,0.2421875,0.90625,0.46875
PAPER:VELODROMEUSDT:1790838899999:SHORT,1790838973420,Fresh_2026-10-01,fresh,2026-10-01,0,True,False,False,False,0.71875,0.921875,0.6640625
PAPER:GRIFFAINUSDT:1790838899999:SHORT,1790838993461,Fresh_2026-10-01,fresh,2026-10-01,2,True,False,False,False,0.8203125,0.8984375,0.734375
PAPER:PENGUUSDT:1790839199999:SHORT,1790839221600,Fresh_2026-10-01,fresh,2026-10-01,1,True,False,False,False,0.7265625,0.65625,0.4296875
PAPER:ARUSDT:1790839199999:SHORT,1790839229937,Fresh_2026-10-01,fresh,2026-10-01,2,False,False,False,False,0.75,0.765625,0.25
PAPER:ZAMAUSDT:1790839199999:SHORT,1790839233908,Fresh_2026-10-01,fresh,2026-10-01,1,True,False,False,False,0.6640625,0.9453125,0.828125
PAPER:JUPUSDT:1790839199999:SHORT,1790839248766,Fresh_2026-10-01,fresh,2026-10-01,0,True,False,False,False,0.625,0.9140625,0.8671875
PAPER:USELESSUSDT:1790839199999:SHORT,1790839250099,Fresh_2026-10-01,fresh,2026-10-01,1,True,False,False,False,0.4453125,0.84375,0.75
PAPER:SPXUSDT:1790839199999:SHORT,1790839251362,Fresh_2026-10-01,fresh,2026-10-01,1,True,False,False,False,0.453125,0.7109375,0.875
PAPER:CETUSUSDT:1790839199999:SHORT,1790839256246,Fresh_2026-10-01,fresh,2026-10-01,1,True,False,False,False,0.8203125,0.890625,0.8828125
PAPER:MEWUSDT:1790839499999:SHORT,1790839527196,Fresh_2026-10-01,fresh,2026-10-01,1,False,False,False,False,0.7109375,0.9296875,0.984375
PAPER:ARBUSDT:1790839499999:SHORT,1790839560997,Fresh_2026-10-01,fresh,2026-10-01,1,False,False,False,False,0.5078125,0.9921875,0.9609375
PAPER:RUNEUSDT:1790839499999:SHORT,1790839568747,Fresh_2026-10-01,fresh,2026-10-01,2,False,False,False,False,0.7890625,0.8671875,0.765625
PAPER:ROSEUSDT:1790839499999:SHORT,1790839569616,Fresh_2026-10-01,fresh,2026-10-01,2,False,False,False,True,0.6640625,0.21875,0.546875
PAPER:ZENUSDT:1790839499999:SHORT,1790839572072,Fresh_2026-10-01,fresh,2026-10-01,1,False,False,False,False,0.3359375,0.5625,0.6328125
PAPER:SUIUSDT:1790839499999:SHORT,1790839575158,Fresh_2026-10-01,fresh,2026-10-01,2,False,False,False,False,0.296875,0.796875,0.8828125
PAPER:BERAUSDT:1790839499999:SHORT,1790839582328,Fresh_2026-10-01,fresh,2026-10-01,2,False,False,False,False,0.4609375,0.7109375,0.703125
PAPER:MELANIAUSDT:1790839499999:SHORT,1790839583141,Fresh_2026-10-01,fresh,2026-10-01,1,False,False,False,False,0.78125,0.9609375,0.984375
PAPER:NEARUSDT:1790839499999:SHORT,1790839584111,Fresh_2026-10-01,fresh,2026-10-01,2,False,False,False,False,0.2890625,0.8203125,0.8671875
PAPER:PYTHUSDT:1790839499999:SHORT,1790839589395,Fresh_2026-10-01,fresh,2026-10-01,1,False,False,False,False,0.390625,0.609375,0.609375
PAPER:1000BONKUSDT:1790839499999:SHORT,1790839591623,Fresh_2026-10-01,fresh,2026-10-01,1,False,False,False,False,0.59375,0.8125,0.828125
PAPER:BBUSDT:1790839499999:SHORT,1790839593456,Fresh_2026-10-01,fresh,2026-10-01,1,False,False,False,False,0.7421875,0.90625,0.8359375
PAPER:METUSDT:1790839499999:SHORT,1790839595667,Fresh_2026-10-01,fresh,2026-10-01,1,False,False,False,False,0.734375,0.8515625,0.6484375
PAPER:1000PEPEUSDT:1790839499999:SHORT,1790839596576,Fresh_2026-10-01,fresh,2026-10-01,1,False,True,True,True,0.2578125,0.640625,0.6328125
PAPER:FARTCOINUSDT:1790839499999:SHORT,1790839597855,Fresh_2026-10-01,fresh,2026-10-01,1,False,False,False,False,0.7109375,0.9375,0.96875
PAPER:OPUSDT:1790839499999:SHORT,1790839599613,Fresh_2026-10-01,fresh,2026-10-01,2,False,False,False,False,0.3984375,0.8828125,0.8984375
PAPER:HUMAUSDT:1790840099999:SHORT,1790840161389,Fresh_2026-10-01,fresh,2026-10-01,0,True,False,False,False,0.15625,0.9921875,0.9921875
PAPER:ARXUSDT:1790840399999:SHORT,1790840422833,Fresh_2026-10-01,fresh,2026-10-01,1,False,False,False,False,0.3515625,0.2265625,0.140625
PAPER:1000SATSUSDT:1790840399999:SHORT,1790840427932,Fresh_2026-10-01,fresh,2026-10-01,1,False,False,False,False,0.796875,0.09375,0.25
PAPER:GUNUSDT:1790840399999:SHORT,1790840430169,Fresh_2026-10-01,fresh,2026-10-01,1,False,False,False,False,0.671875,0.015625,0.0234375
PAPER:LPTUSDT:1790840399999:SHORT,1790840434024,Fresh_2026-10-01,fresh,2026-10-01,1,False,False,False,False,0.4921875,0.0078125,0.015625
PAPER:TRUSTUSDT:1790840399999:SHORT,1790840436308,Fresh_2026-10-01,fresh,2026-10-01,0,False,False,False,False,0.7421875,0.1640625,0.1953125
PAPER:BICOUSDT:1790840699999:SHORT,1790840720764,Fresh_2026-10-01,fresh,2026-10-01,0,False,False,False,False,0.3828125,0.0,0.015625
PAPER:INITUSDT:1790840999999:SHORT,1790841020278,Fresh_2026-10-01,fresh,2026-10-01,3,False,False,False,False,0.46875,0.0390625,0.5390625
PAPER:GRASSUSDT:1790841899999:SHORT,1790841921105,Fresh_2026-10-01,fresh,2026-10-01,0,True,False,False,False,0.34375,0.875,0.90625
PAPER:METUSDT:1790842199999:SHORT,1790842218565,Fresh_2026-10-01,fresh,2026-10-01,2,False,False,False,False,0.671875,0.8046875,0.1015625
PAPER:NILUSDT:1790842199999:SHORT,1790842220933,Fresh_2026-10-01,fresh,2026-10-01,1,False,False,False,False,0.8984375,0.578125,0.1484375
PAPER:JTOUSDT:1790842199999:SHORT,1790842237162,Fresh_2026-10-01,fresh,2026-10-01,2,False,False,False,False,0.578125,0.7578125,0.4765625
PAPER:ZKUSDT:1790842199999:SHORT,1790842238005,Fresh_2026-10-01,fresh,2026-10-01,2,False,False,False,False,0.328125,0.734375,0.4609375
PAPER:GPSUSDT:1790842199999:SHORT,1790842242505,Fresh_2026-10-01,fresh,2026-10-01,2,False,False,False,False,0.171875,0.4921875,0.4921875
PAPER:ARBUSDT:1790842199999:SHORT,1790842245478,Fresh_2026-10-01,fresh,2026-10-01,3,False,False,False,False,0.078125,0.5859375,0.5390625
PAPER:STRKUSDT:1790842199999:SHORT,1790842252124,Fresh_2026-10-01,fresh,2026-10-01,2,False,False,False,False,0.6015625,0.65625,0.90625
PAPER:USELESSUSDT:1790842199999:SHORT,1790842257108,Fresh_2026-10-01,fresh,2026-10-01,2,False,False,False,False,0.2265625,0.5390625,0.65625
PAPER:APRUSDT:1790842199999:SHORT,1790842259406,Fresh_2026-10-01,fresh,2026-10-01,0,False,False,False,False,0.7734375,0.5859375,0.2578125
PAPER:EIGENUSDT:1790842199999:SHORT,1790842285380,Fresh_2026-10-01,fresh,2026-10-01,2,False,False,False,False,0.15625,0.53125,0.59375
PAPER:API3USDT:1790842499999:SHORT,1790842528847,Fresh_2026-10-01,fresh,2026-10-01,3,False,True,False,False,0.0390625,0.0703125,0.2109375
PAPER:USUALUSDT:1790842499999:SHORT,1790842531386,Fresh_2026-10-01,fresh,2026-10-01,3,False,False,False,False,0.046875,0.0625,0.3125
PAPER:ZKPUSDT:1790842499999:SHORT,1790842538946,Fresh_2026-10-01,fresh,2026-10-01,1,False,False,False,False,0.90625,0.1171875,0.2734375
PAPER:XPLUSDT:1790842499999:SHORT,1790842556172,Fresh_2026-10-01,fresh,2026-10-01,1,False,False,False,False,0.5234375,0.0234375,0.03125
PAPER:ALLOUSDT:1790842499999:SHORT,1790842582253,Fresh_2026-10-01,fresh,2026-10-01,2,False,False,False,False,0.03125,0.65625,0.4140625
PAPER:RAVEUSDT:1790842799999:SHORT,1790842832255,Fresh_2026-10-01,fresh,2026-10-01,2,False,False,False,False,0.5078125,0.609375,0.0625
PAPER:PUMPUSDT:1790843699999:SHORT,1790843725661,Fresh_2026-10-01,fresh,2026-10-01,2,False,False,False,False,0.78125,0.7109375,0.5703125
PAPER:0GUSDT:1790845799999:SHORT,1790845833686,Fresh_2026-10-01,fresh,2026-10-01,2,True,False,False,False,0.15625,0.8984375,0.7421875
PAPER:IOTAUSDT:1790846399999:SHORT,1790846468525,Fresh_2026-10-01,fresh,2026-10-01,0,False,False,False,False,0.3515625,0.0078125,0.0
PAPER:CTRUSDT:1790847299999:SHORT,1790847372331,Fresh_2026-10-01,fresh,2026-10-01,1,False,False,False,False,0.4296875,0.640625,0.78125
PAPER:XNYUSDT:1790847299999:SHORT,1790847372522,Fresh_2026-10-01,fresh,2026-10-01,2,True,False,False,False,0.0078125,0.34375,0.33984375
PAPER:1000000BOBUSDT:1790847599999:SHORT,1790847621294,Fresh_2026-10-01,fresh,2026-10-01,2,True,False,False,False,0.0,0.9609375,0.53125
PAPER:KMNOUSDT:1790847899999:SHORT,1790848013601,Fresh_2026-10-01,fresh,2026-10-01,3,False,False,False,False,0.8984375,0.734375,0.875
PAPER:PROMPTUSDT:1790848199999:SHORT,1790848226399,Fresh_2026-10-01,fresh,2026-10-01,2,False,False,False,False,0.578125,0.8203125,0.078125
PAPER:HEIUSDT:1790848199999:SHORT,1790848227391,Fresh_2026-10-01,fresh,2026-10-01,0,False,False,False,False,0.6328125,0.0,0.0
PAPER:NILUSDT:1790848499999:SHORT,1790848522056,Fresh_2026-10-01,fresh,2026-10-01,1,True,False,False,False,0.53125,0.90625,0.9921875
PAPER:FORMUSDT:1790848499999:SHORT,1790848548337,Fresh_2026-10-01,fresh,2026-10-01,0,True,False,False,False,0.4140625,0.5390625,0.2265625
PAPER:IMXUSDT:1790848799999:SHORT,1790848880859,Fresh_2026-10-01,fresh,2026-10-01,2,False,False,False,False,0.4921875,0.9375,0.890625
PAPER:SUPERUSDT:1790848799999:SHORT,1790848881062,Fresh_2026-10-01,fresh,2026-10-01,1,False,False,False,False,0.75,0.9453125,0.9375
PAPER:KMNOUSDT:1790848799999:SHORT,1790848928185,Fresh_2026-10-01,fresh,2026-10-01,1,True,True,True,True,0.046875,0.984375,1.0
PAPER:FETUSDT:1790849099999:SHORT,1790849132319,Fresh_2026-10-01,fresh,2026-10-01,1,False,True,True,True,0.03125,0.2109375,0.0078125
PAPER:BERAUSDT:1790849099999:SHORT,1790849166122,Fresh_2026-10-01,fresh,2026-10-01,1,False,False,False,False,0.3203125,0.03125,0.1015625
PAPER:USELESSUSDT:1790849099999:SHORT,1790849176232,Fresh_2026-10-01,fresh,2026-10-01,1,False,False,False,False,0.7421875,0.0234375,0.015625
PAPER:TWTUSDT:1790849099999:SHORT,1790849239176,Fresh_2026-10-01,fresh,2026-10-01,2,False,False,False,False,0.4296875,0.375,0.25
PAPER:AKEUSDT:1790849399999:SHORT,1790849429610,Fresh_2026-10-01,fresh,2026-10-01,1,True,False,False,False,0.359375,1.0,1.0
PAPER:EDGEUSDT:1790849399999:SHORT,1790849468544,Fresh_2026-10-01,fresh,2026-10-01,0,False,False,False,False,0.328125,0.171875,0.0546875
PAPER:AKEUSDT:1790849699999:SHORT,1790849727178,Fresh_2026-10-01,fresh,2026-10-01,1,False,False,False,False,0.453125,0.71875,0.8515625
PAPER:TOWNSUSDT:1790849999999:SHORT,1790850017430,Fresh_2026-10-01,fresh,2026-10-01,1,False,False,False,False,0.59375,0.265625,0.0703125
PAPER:JSTUSDT:1790849999999:SHORT,1790850063050,Fresh_2026-10-01,fresh,2026-10-01,3,False,True,False,False,0.0,0.140625,0.2109375
PAPER:PENDLEUSDT:1790849999999:SHORT,1790850063366,Fresh_2026-10-01,fresh,2026-10-01,2,True,False,False,False,0.9140625,0.8046875,0.40625
PAPER:QUSDT:1790849999999:SHORT,1790850130104,Fresh_2026-10-01,fresh,2026-10-01,3,False,False,False,False,0.0078125,0.234375,0.5390625
PAPER:ZESTUSDT:1790850599999:SHORT,1790850678413,Fresh_2026-10-01,fresh,2026-10-01,2,False,False,False,False,0.15625,0.3203125,0.23046875
PAPER:POLUSDT:1790850899999:SHORT,1790850941172,Fresh_2026-10-01,fresh,2026-10-01,2,False,False,False,False,0.6015625,0.390625,0.3203125
PAPER:XNYUSDT:1790851199999:SHORT,1790851216189,Fresh_2026-10-01,fresh,2026-10-01,1,False,False,False,False,0.5390625,0.0078125,0.046875
PAPER:1000RATSUSDT:1790852099999:SHORT,1790852229129,Fresh_2026-10-01,fresh,2026-10-01,3,False,False,False,False,0.171875,0.3203125,0.484375
PAPER:QUSDT:1790852699999:SHORT,1790852718718,Fresh_2026-10-01,fresh,2026-10-01,1,False,False,False,False,0.75,0.46875,0.5859375
PAPER:NMRUSDT:1790852699999:SHORT,1790852720933,Fresh_2026-10-01,fresh,2026-10-01,2,True,False,False,False,0.140625,0.90625,0.9140625
PAPER:ACEUSDT:1790852699999:SHORT,1790852732373,Fresh_2026-10-01,fresh,2026-10-01,1,False,False,False,False,0.421875,0.3515625,0.1953125
PAPER:APRUSDT:1790852999999:SHORT,1790853132383,Fresh_2026-10-01,fresh,2026-10-01,2,False,False,False,True,0.078125,0.1796875,0.2421875
PAPER:BSBUSDT:1790853299999:SHORT,1790853315833,Fresh_2026-10-01,fresh,2026-10-01,1,False,True,True,True,0.015625,0.484375,0.5703125
PAPER:COLLECTUSDT:1790853899999:SHORT,1790853915472,Fresh_2026-10-01,fresh,2026-10-01,1,False,False,False,False,0.890625,0.29296875,0.03125
PAPER:HAEDALUSDT:1790853899999:SHORT,1790853969652,Fresh_2026-10-01,fresh,2026-10-01,3,False,True,False,False,0.265625,0.203125,0.1796875
PAPER:XPINUSDT:1790854199999:SHORT,1790854227059,Fresh_2026-10-01,fresh,2026-10-01,0,False,False,False,False,0.984375,0.1171875,0.453125
PAPER:HUMAUSDT:1790855099999:SHORT,1790855116562,Fresh_2026-10-01,fresh,2026-10-01,0,True,False,False,False,0.8046875,1.0,1.0
PAPER:ICNTUSDT:1790856599999:SHORT,1790856628066,Fresh_2026-10-01,fresh,2026-10-01,1,False,False,False,False,0.734375,0.30078125,0.4140625
PAPER:YBUSDT:1790857199999:SHORT,1790857217271,Fresh_2026-10-01,fresh,2026-10-01,0,False,False,False,False,0.796875,0.015625,0.03125
PAPER:CATIUSDT:1790857799999:SHORT,1790857821999,Fresh_2026-10-01,fresh,2026-10-01,2,False,False,False,False,0.7421875,0.6640625,0.8984375
PAPER:BRUSDT:1790858399999:SHORT,1790858415792,Fresh_2026-10-01,fresh,2026-10-01,0,False,False,False,False,0.8828125,0.4296875,0.7578125
PAPER:USTCUSDT:1790858699999:SHORT,1790858728168,Fresh_2026-10-01,fresh,2026-10-01,0,True,False,False,False,0.1171875,0.1171875,0.1875
PAPER:PENDLEUSDT:1790858699999:SHORT,1790858739860,Fresh_2026-10-01,fresh,2026-10-01,3,True,False,False,False,0.4765625,0.2265625,0.4765625
PAPER:JUPUSDT:1790858699999:SHORT,1790858765949,Fresh_2026-10-01,fresh,2026-10-01,2,True,False,False,False,0.2109375,0.6953125,0.65625
PAPER:PROMPTUSDT:1790858999999:SHORT,1790859018930,Fresh_2026-10-01,fresh,2026-10-01,0,True,False,False,False,0.0703125,0.96875,0.9296875
PAPER:ATOMUSDT:1790858999999:SHORT,1790859026803,Fresh_2026-10-01,fresh,2026-10-01,2,True,False,False,False,0.3984375,0.65625,0.359375
PAPER:BLUAIUSDT:1790859599999:SHORT,1790859619504,Fresh_2026-10-01,fresh,2026-10-01,3,False,False,False,False,0.3125,0.5234375,0.5859375
PAPER:MARSCOINUSDT:1790859899999:SHORT,1790859927322,Fresh_2026-10-01,fresh,2026-10-01,1,False,False,False,False,0.640625,0.8046875,0.6484375
PAPER:FETUSDT:1790859899999:SHORT,1790859928931,Fresh_2026-10-01,fresh,2026-10-01,1,False,False,False,False,0.65625,0.875,0.75
PAPER:ROBOUSDT:1790859899999:SHORT,1790859930769,Fresh_2026-10-01,fresh,2026-10-01,0,False,False,False,False,0.4453125,0.1328125,0.078125
PAPER:GRASSUSDT:1790859899999:SHORT,1790859935684,Fresh_2026-10-01,fresh,2026-10-01,3,False,False,False,False,0.5859375,0.25,0.6796875
PAPER:PONSUSDT:1790859899999:SHORT,1790859937676,Fresh_2026-10-01,fresh,2026-10-01,1,True,False,False,False,0.90625,0.921875,0.9609375
PAPER:TIAUSDT:1790859899999:SHORT,1790859941369,Fresh_2026-10-01,fresh,2026-10-01,0,True,False,False,False,0.8046875,0.6953125,0.4765625
PAPER:AZTECUSDT:1790859899999:SHORT,1790859951367,Fresh_2026-10-01,fresh,2026-10-01,2,True,False,False,False,0.5703125,0.828125,0.8046875
PAPER:KAITOUSDT:1790859899999:SHORT,1790859965515,Fresh_2026-10-01,fresh,2026-10-01,2,False,False,False,False,0.2578125,0.328125,0.5859375
PAPER:WLDUSDT:1790859899999:SHORT,1790859967727,Fresh_2026-10-01,fresh,2026-10-01,2,False,False,False,False,0.2890625,0.390625,0.65625
PAPER:SKLUSDT:1790859899999:SHORT,1790859976219,Fresh_2026-10-01,fresh,2026-10-01,3,False,False,False,False,0.2578125,0.26953125,0.6171875
PAPER:NEIROUSDT:1790859899999:SHORT,1790859979193,Fresh_2026-10-01,fresh,2026-10-01,0,False,False,False,False,0.3203125,0.3125,0.3671875
PAPER:XPINUSDT:1790860199999:SHORT,1790860246709,Fresh_2026-10-01,fresh,2026-10-01,1,False,False,False,False,0.53125,0.2734375,0.234375
PAPER:ERAUSDT:1790860199999:SHORT,1790860265858,Fresh_2026-10-01,fresh,2026-10-01,2,False,False,False,True,0.84375,0.15625,0.5625
PAPER:IOSTUSDT:1790860199999:SHORT,1790860327572,Fresh_2026-10-01,fresh,2026-10-01,3,False,True,False,False,0.03125,0.15625,0.1328125
PAPER:BABYUSDT:1790860499999:SHORT,1790860519143,Fresh_2026-10-01,fresh,2026-10-01,0,False,False,False,False,0.15625,0.703125,0.640625
PAPER:IRYSUSDT:1790860499999:SHORT,1790860592945,Fresh_2026-10-01,fresh,2026-10-01,2,False,False,False,True,0.953125,0.09375,0.1015625
PAPER:CTRUSDT:1790860799999:SHORT,1790860834533,Fresh_2026-10-01,fresh,2026-10-01,2,False,False,False,False,0.84375,0.7421875,0.7421875
PAPER:AWEUSDT:1790860799999:SHORT,1790860835065,Fresh_2026-10-01,fresh,2026-10-01,0,False,False,False,False,0.7109375,0.0859375,0.203125
PAPER:FLOWUSDT:1790861099999:SHORT,1790861120481,Fresh_2026-10-01,fresh,2026-10-01,2,False,False,False,False,0.8671875,0.6015625,0.59375
PAPER:HEIUSDT:1790861099999:SHORT,1790861121954,Fresh_2026-10-01,fresh,2026-10-01,2,False,False,False,False,0.15625,0.46875,0.9296875
PAPER:LITUSDT:1790861099999:SHORT,1790861124499,Fresh_2026-10-01,fresh,2026-10-01,0,False,False,False,False,0.90625,0.2421875,0.1171875
PAPER:BBUSDT:1790861099999:SHORT,1790861128627,Fresh_2026-10-01,fresh,2026-10-01,1,False,False,False,False,0.984375,0.78125,0.71875
PAPER:POLYXUSDT:1790861099999:SHORT,1790861131052,Fresh_2026-10-01,fresh,2026-10-01,3,False,False,False,False,0.46875,0.4609375,0.5703125
PAPER:GTCUSDT:1790861399999:SHORT,1790861427602,Fresh_2026-10-01,fresh,2026-10-01,1,False,False,False,False,0.9375,0.8125,0.0859375
PAPER:APRUSDT:1790861399999:SHORT,1790861445848,Fresh_2026-10-01,fresh,2026-10-01,0,False,False,False,False,0.8203125,0.390625,0.625
PAPER:ARXUSDT:1790861699999:SHORT,1790861723888,Fresh_2026-10-01,fresh,2026-10-01,0,False,False,False,False,0.75,0.0078125,0.0078125
PAPER:PHAUSDT:1790861999999:SHORT,1790862018638,Fresh_2026-10-01,fresh,2026-10-01,2,True,False,False,False,0.25,0.8984375,0.984375
PAPER:ARIAUSDT:1790862599999:SHORT,1790862626676,Fresh_2026-10-01,fresh,2026-10-01,1,False,False,False,False,0.6484375,0.1484375,0.03125
PAPER:DUSKUSDT:1790863199999:SHORT,1790863222107,Fresh_2026-10-01,fresh,2026-10-01,1,True,False,False,False,1.0,0.96875,0.9609375
PAPER:WLDUSDT:1790863499999:SHORT,1790863523800,Fresh_2026-10-01,fresh,2026-10-01,3,False,True,False,False,0.34375,0.0625,0.203125
PAPER:API3USDT:1790863499999:SHORT,1790863540925,Fresh_2026-10-01,fresh,2026-10-01,0,False,False,False,False,0.6875,0.359375,0.296875
PAPER:POLUSDT:1790863499999:SHORT,1790863541419,Fresh_2026-10-01,fresh,2026-10-01,0,False,False,False,False,0.4296875,0.21875,0.1796875
PAPER:VELVETUSDT:1790863499999:SHORT,1790863545506,Fresh_2026-10-01,fresh,2026-10-01,2,False,False,False,False,0.421875,0.8125,0.8671875
PAPER:PEOPLEUSDT:1790863499999:SHORT,1790863560735,Fresh_2026-10-01,fresh,2026-10-01,1,False,True,True,True,0.1171875,0.4296875,0.3828125
PAPER:COMPUSDT:1790863499999:SHORT,1790863562862,Fresh_2026-10-01,fresh,2026-10-01,0,False,False,False,False,0.0625,0.3125,0.140625
PAPER:XPLUSDT:1790863499999:SHORT,1790863600282,Fresh_2026-10-01,fresh,2026-10-01,2,False,False,False,False,0.53125,0.8046875,0.21875
PAPER:PROVEUSDT:1790863799999:SHORT,1790863832422,Fresh_2026-10-01,fresh,2026-10-01,3,False,False,False,False,0.3046875,0.5078125,0.8125
PAPER:JCTUSDT:1790863799999:SHORT,1790863861983,Fresh_2026-10-01,fresh,2026-10-01,1,True,False,False,False,0.7265625,0.7890625,0.890625
PAPER:CHILLGUYUSDT:1790864099999:SHORT,1790864123037,Fresh_2026-10-01,fresh,2026-10-01,1,False,False,False,False,0.5,0.4296875,0.0703125
PAPER:XPLUSDT:1790864099999:SHORT,1790864127661,Fresh_2026-10-01,fresh,2026-10-01,1,False,False,False,False,0.6796875,0.2734375,0.109375
PAPER:BIOUSDT:1790864099999:SHORT,1790864132690,Fresh_2026-10-01,fresh,2026-10-01,0,False,False,False,False,0.3203125,0.4765625,0.078125
PAPER:MITOUSDT:1790864099999:SHORT,1790864139383,Fresh_2026-10-01,fresh,2026-10-01,2,False,False,False,False,0.671875,0.53125,0.25
PAPER:HOLOUSDT:1790864099999:SHORT,1790864140578,Fresh_2026-10-01,fresh,2026-10-01,1,False,False,False,False,0.9296875,0.40625,0.1640625
PAPER:PENGUUSDT:1790864099999:SHORT,1790864146099,Fresh_2026-10-01,fresh,2026-10-01,1,False,False,False,False,0.8984375,0.4375,0.1484375
PAPER:LISTAUSDT:1790864099999:SHORT,1790864149612,Fresh_2026-10-01,fresh,2026-10-01,0,False,False,False,False,0.8984375,0.21875,0.25
PAPER:1000XECUSDT:1790864099999:SHORT,1790864152000,Fresh_2026-10-01,fresh,2026-10-01,2,False,False,False,False,0.5546875,0.515625,0.3125
PAPER:PEOPLEUSDT:1790864099999:SHORT,1790864163131,Fresh_2026-10-01,fresh,2026-10-01,1,False,True,True,True,0.1171875,0.078125,0.2578125
PAPER:MMTUSDT:1790864099999:SHORT,1790864163333,Fresh_2026-10-01,fresh,2026-10-01,1,False,False,False,False,0.46875,0.15625,0.296875
PAPER:WETUSDT:1790864099999:SHORT,1790864164082,Fresh_2026-10-01,fresh,2026-10-01,3,False,True,False,False,0.515625,0.125,0.2265625
PAPER:GENIUSUSDT:1790864099999:SHORT,1790864170690,Fresh_2026-10-01,fresh,2026-10-01,0,False,False,False,False,0.03125,0.09375,0.1953125
PAPER:ARPAUSDT:1790864099999:SHORT,1790864181803,Fresh_2026-10-01,fresh,2026-10-01,2,False,False,False,True,0.0078125,0.09375,0.1796875
PAPER:ICNTUSDT:1790865299999:SHORT,1790865363664,Fresh_2026-10-01,fresh,2026-10-01,3,False,True,False,False,0.28125,0.109375,0.25
PAPER:ATHUSDT:1790865899999:SHORT,1790865922155,Fresh_2026-10-01,fresh,2026-10-01,2,False,False,False,False,1.0,0.453125,0.671875
PAPER:DEEPUSDT:1790866199999:SHORT,1790866219848,Fresh_2026-10-01,fresh,2026-10-01,1,False,False,False,False,0.90625,0.921875,0.9140625
PAPER:PLUMEUSDT:1790866199999:SHORT,1790866222076,Fresh_2026-10-01,fresh,2026-10-01,2,False,False,False,False,0.9765625,0.7890625,0.8125
PAPER:2ZUSDT:1790866199999:SHORT,1790866228950,Fresh_2026-10-01,fresh,2026-10-01,0,False,False,False,False,0.984375,0.203125,0.3125
PAPER:BRETTUSDT:1790866199999:SHORT,1790866238575,Fresh_2026-10-01,fresh,2026-10-01,0,False,False,False,False,0.90625,0.6953125,0.7578125
PAPER:SAFEUSDT:1790866199999:SHORT,1790866240368,Fresh_2026-10-01,fresh,2026-10-01,2,False,False,False,False,0.15625,0.6171875,0.7734375
PAPER:AUCTIONUSDT:1790866199999:SHORT,1790866242117,Fresh_2026-10-01,fresh,2026-10-01,1,False,False,False,False,1.0,0.5625,0.7421875
PAPER:ZECUSDT:1790866199999:SHORT,1790866243501,Fresh_2026-10-01,fresh,2026-10-01,2,False,False,False,False,0.5859375,0.8828125,0.71875
PAPER:CYBERUSDT:1790866199999:SHORT,1790866247914,Fresh_2026-10-01,fresh,2026-10-01,3,False,False,False,False,0.96875,0.1953125,0.671875
PAPER:PONSUSDT:1790866199999:SHORT,1790866250501,Fresh_2026-10-01,fresh,2026-10-01,2,True,False,False,False,0.6640625,0.8359375,0.78125
PAPER:CVXUSDT:1790866199999:SHORT,1790866264996,Fresh_2026-10-01,fresh,2026-10-01,1,False,False,False,False,0.7734375,0.796875,0.4453125
PAPER:APEUSDT:1790866199999:SHORT,1790866319702,Fresh_2026-10-01,fresh,2026-10-01,2,False,False,False,False,0.90625,0.78125,0.171875
PAPER:ONEUSDT:1790866499999:SHORT,1790866524010,Fresh_2026-10-01,fresh,2026-10-01,3,False,True,False,False,0.25,0.0703125,0.1875
PAPER:ENAUSDT:1790866499999:SHORT,1790866528877,Fresh_2026-10-01,fresh,2026-10-01,2,True,False,False,False,0.28125,0.765625,0.515625
PAPER:SQDUSDT:1790866499999:SHORT,1790866535668,Fresh_2026-10-01,fresh,2026-10-01,0,False,False,False,False,0.921875,0.2421875,0.1484375
PAPER:AEROUSDT:1790866499999:SHORT,1790866549651,Fresh_2026-10-01,fresh,2026-10-01,1,False,True,True,True,0.1640625,0.328125,0.265625
PAPER:SYNUSDT:1790866499999:SHORT,1790866550183,Fresh_2026-10-01,fresh,2026-10-01,0,False,False,False,False,0.53125,0.0234375,0.78125
PAPER:4USDT:1790866499999:SHORT,1790866551743,Fresh_2026-10-01,fresh,2026-10-01,1,False,False,False,False,0.5078125,0.4453125,0.484375
PAPER:CTRUSDT:1790866499999:SHORT,1790866562389,Fresh_2026-10-01,fresh,2026-10-01,1,False,False,False,False,0.40625,0.3984375,0.3203125
PAPER:NMRUSDT:1790867399999:SHORT,1790867425937,Fresh_2026-10-01,fresh,2026-10-01,2,False,False,False,False,0.40625,0.5,0.875
PAPER:ROBOUSDT:1790867399999:SHORT,1790867430307,Fresh_2026-10-01,fresh,2026-10-01,0,False,False,False,False,0.5703125,0.0234375,0.015625
PAPER:SKYUSDT:1790867399999:SHORT,1790867501640,Fresh_2026-10-01,fresh,2026-10-01,2,False,False,False,False,0.140625,0.6015625,0.3984375
PAPER:PROMPTUSDT:1790867699999:SHORT,1790867724155,Fresh_2026-10-01,fresh,2026-10-01,0,False,False,False,False,0.890625,0.03125,0.0546875
PAPER:HEIUSDT:1790867999999:SHORT,1790868018686,Fresh_2026-10-01,fresh,2026-10-01,0,False,False,False,False,0.8828125,0.0078125,0.0
PAPER:ONEUSDT:1790868599999:SHORT,1790868617632,Fresh_2026-10-01,fresh,2026-10-01,0,False,False,False,False,0.0625,0.0390625,0.25
PAPER:AEROUSDT:1790868599999:SHORT,1790868618226,Fresh_2026-10-01,fresh,2026-10-01,1,True,False,False,False,0.765625,0.9140625,0.9140625
PAPER:TRBUSDT:1790868899999:SHORT,1790868926557,Fresh_2026-10-01,fresh,2026-10-01,0,False,False,False,False,0.3515625,0.09375,0.2890625
PAPER:1000000MOGUSDT:1790868899999:SHORT,1790868967824,Fresh_2026-10-01,fresh,2026-10-01,1,False,True,True,True,0.078125,0.375,0.21875
PAPER:KGENUSDT:1790868899999:SHORT,1790868968055,Fresh_2026-10-01,fresh,2026-10-01,1,False,True,True,True,0.0625,0.1484375,0.0546875
PAPER:ONUSDT:1790868899999:SHORT,1790868968649,Fresh_2026-10-01,fresh,2026-10-01,0,False,False,False,False,0.6328125,0.5703125,0.296875
PAPER:GRAMUSDT:1790868899999:SHORT,1790868968839,Fresh_2026-10-01,fresh,2026-10-01,1,False,False,False,False,0.7421875,0.5,0.2578125
PAPER:MAGMAUSDT:1790868899999:SHORT,1790868989569,Fresh_2026-10-01,fresh,2026-10-01,1,False,True,True,True,0.140625,0.1796875,0.2265625
PAPER:SOONUSDT:1790869199999:SHORT,1790869215109,Fresh_2026-10-01,fresh,2026-10-01,0,False,False,False,False,0.8671875,0.0,0.0
PAPER:WLDUSDT:1790869499999:SHORT,1790869528153,Fresh_2026-10-01,fresh,2026-10-01,1,False,False,False,False,0.953125,0.71875,0.3359375
PAPER:HYPEUSDT:1790870399999:SHORT,1790870421283,Fresh_2026-10-01,fresh,2026-10-01,0,False,False,False,False,0.3203125,0.140625,0.078125
PAPER:FIGHTUSDT:1790871299999:SHORT,1790871329495,Fresh_2026-10-01,fresh,2026-10-01,0,False,False,False,False,0.2109375,0.28125,0.0546875
PAPER:KASUSDT:1790871599999:SHORT,1790871615940,Fresh_2026-10-01,fresh,2026-10-01,3,False,False,False,False,0.8046875,0.375,0.8671875
PAPER:CLOUSDT:1790871599999:SHORT,1790871636143,Fresh_2026-10-01,fresh,2026-10-01,1,False,True,True,True,0.015625,0.59375,0.3359375
PAPER:PUMPBTCUSDT:1790871899999:SHORT,1790871915930,Fresh_2026-10-01,fresh,2026-10-01,2,True,False,False,True,0.484375,0.1796875,0.1796875
PAPER:PUMPBTCUSDT:1790872199999:SHORT,1790872216789,Fresh_2026-10-01,fresh,2026-10-01,0,False,False,False,False,0.546875,0.1015625,0.03125
PAPER:RAVEUSDT:1790872799999:SHORT,1790872821248,Fresh_2026-10-01,fresh,2026-10-01,1,False,True,True,True,0.25,0.515625,0.5
PAPER:ZENUSDT:1790872799999:SHORT,1790872830102,Fresh_2026-10-01,fresh,2026-10-01,0,False,False,False,False,0.4921875,0.3828125,0.50390625
PAPER:ONDOUSDT:1790872799999:SHORT,1790872831364,Fresh_2026-10-01,fresh,2026-10-01,1,False,False,False,False,0.703125,0.625,0.640625
PAPER:AIXBTUSDT:1790872799999:SHORT,1790872837566,Fresh_2026-10-01,fresh,2026-10-01,1,False,False,False,False,0.8046875,0.25,0.3359375
PAPER:牛来USDT:1790872799999:SHORT,1790872862235,Fresh_2026-10-01,fresh,2026-10-01,3,False,False,False,False,0.1796875,0.2890625,0.8203125
PAPER:POLUSDT:1790872799999:SHORT,1790872866185,Fresh_2026-10-01,fresh,2026-10-01,2,False,False,False,False,0.5546875,0.6328125,0.4609375
PAPER:TAOUSDT:1790872799999:SHORT,1790872937906,Fresh_2026-10-01,fresh,2026-10-01,2,False,False,False,True,0.2109375,0.15625,0.3125
PAPER:NOMUSDT:1790873099999:SHORT,1790873125534,Fresh_2026-10-01,fresh,2026-10-01,0,False,False,False,False,0.65625,0.0859375,0.640625
PAPER:JOEUSDT:1790873399999:SHORT,1790873417401,Fresh_2026-10-01,fresh,2026-10-01,2,False,False,False,False,0.296875,0.6171875,0.5234375
PAPER:BROCCOLI714USDT:1790873699999:SHORT,1790873723211,Fresh_2026-10-01,fresh,2026-10-01,1,False,False,False,False,0.828125,0.796875,0.65625
PAPER:NEOUSDT:1790873699999:SHORT,1790873726400,Fresh_2026-10-01,fresh,2026-10-01,1,False,False,False,False,0.6015625,0.7421875,0.4921875
PAPER:PROMPTUSDT:1790873699999:SHORT,1790873729528,Fresh_2026-10-01,fresh,2026-10-01,2,False,False,False,False,0.4140625,0.8984375,0.9296875
PAPER:FIGHTUSDT:1790873999999:SHORT,1790874014558,Fresh_2026-10-01,fresh,2026-10-01,0,False,False,False,False,0.1328125,0.296875,0.109375
PAPER:STABLEUSDT:1790874899999:SHORT,1790874933277,Fresh_2026-10-01,fresh,2026-10-01,1,False,False,False,False,0.9296875,0.875,0.6875
PAPER:APRUSDT:1790876399999:SHORT,1790876419695,Fresh_2026-10-01,fresh,2026-10-01,0,True,False,False,False,0.9453125,0.984375,0.859375
PAPER:ARKUSDT:1790876699999:SHORT,1790876767485,Fresh_2026-10-01,fresh,2026-10-01,1,True,True,True,True,0.125,0.78125,0.796875
PAPER:ARUSDT:1790877899999:SHORT,1790877915431,Fresh_2026-10-01,fresh,2026-10-01,1,True,False,False,False,0.6328125,0.875,0.7109375
PAPER:1000XECUSDT:1790877899999:SHORT,1790877915955,Fresh_2026-10-01,fresh,2026-10-01,1,True,False,False,False,0.859375,0.9921875,0.9921875
PAPER:KASUSDT:1790878199999:SHORT,1790878228697,Fresh_2026-10-01,fresh,2026-10-01,2,False,False,False,False,0.9765625,0.484375,0.2421875
PAPER:SKRUSDT:1790878499999:SHORT,1790878516162,Fresh_2026-10-01,fresh,2026-10-01,0,False,False,False,False,1.0,0.9609375,0.96875
PAPER:1000XECUSDT:1790879399999:SHORT,1790879415447,Fresh_2026-10-01,fresh,2026-10-01,3,False,False,False,False,0.234375,0.34375,0.390625
PAPER:PUMPBTCUSDT:1790879399999:SHORT,1790879416009,Fresh_2026-10-01,fresh,2026-10-01,2,False,False,False,False,0.59375,0.6640625,0.6015625
PAPER:ARPAUSDT:1790879699999:SHORT,1790879731417,Fresh_2026-10-01,fresh,2026-10-01,2,False,False,False,False,0.875,0.5234375,0.375
PAPER:ATUSDT:1790879699999:SHORT,1790879732021,Fresh_2026-10-01,fresh,2026-10-01,0,False,False,False,False,0.5234375,0.140625,0.1328125
PAPER:STXUSDT:1790880599999:SHORT,1790880617591,Fresh_2026-10-01,fresh,2026-10-01,2,False,False,False,False,0.546875,0.6875,0.625
PAPER:ZECUSDT:1790880599999:SHORT,1790880618091,Fresh_2026-10-01,fresh,2026-10-01,2,True,False,False,True,0.453125,0.171875,0.6015625
PAPER:GRAMUSDT:1790880599999:SHORT,1790880624178,Fresh_2026-10-01,fresh,2026-10-01,0,False,False,False,False,0.7421875,0.41015625,0.8125
PAPER:SPORTFUNUSDT:1790881199999:SHORT,1790881217552,Fresh_2026-10-01,fresh,2026-10-01,1,False,False,False,False,0.8515625,0.640625,0.5234375
PAPER:BLUAIUSDT:1790881799999:SHORT,1790881819023,Fresh_2026-10-01,fresh,2026-10-01,0,False,False,False,False,0.765625,0.0546875,0.5390625
PAPER:ZAMAUSDT:1790882099999:SHORT,1790882116500,Fresh_2026-10-01,fresh,2026-10-01,0,False,False,False,False,0.5625,0.0546875,0.125
PAPER:RECALLUSDT:1790882099999:SHORT,1790882118040,Fresh_2026-10-01,fresh,2026-10-01,3,False,False,False,False,0.171875,0.1640625,0.453125
PAPER:PONSUSDT:1790882399999:SHORT,1790882424007,Fresh_2026-10-01,fresh,2026-10-01,3,True,False,False,False,0.46875,0.390625,0.515625
PAPER:ZECUSDT:1790882399999:SHORT,1790882424723,Fresh_2026-10-01,fresh,2026-10-01,2,False,False,False,True,0.4765625,0.21875,0.890625
PAPER:THETAUSDT:1790882399999:SHORT,1790882436158,Fresh_2026-10-01,fresh,2026-10-01,1,True,False,False,False,0.328125,0.7890625,0.7890625
PAPER:GPSUSDT:1790882399999:SHORT,1790882436889,Fresh_2026-10-01,fresh,2026-10-01,0,False,False,False,False,0.734375,0.3515625,0.546875
PAPER:XMRUSDT:1790882399999:SHORT,1790882464568,Fresh_2026-10-01,fresh,2026-10-01,1,False,False,False,False,0.4765625,0.203125,0.2109375
PAPER:BLUAIUSDT:1790882699999:SHORT,1790882715786,Fresh_2026-10-01,fresh,2026-10-01,2,True,False,False,False,0.5390625,0.8046875,0.7109375
PAPER:TACUSDT:1790882699999:SHORT,1790882723032,Fresh_2026-10-01,fresh,2026-10-01,0,True,False,False,False,0.375,0.53125,0.7734375
PAPER:NEARUSDT:1790882699999:SHORT,1790882723533,Fresh_2026-10-01,fresh,2026-10-01,1,True,False,False,False,0.6953125,0.0625,0.921875
PAPER:ALCHUSDT:1790882699999:SHORT,1790882732826,Fresh_2026-10-01,fresh,2026-10-01,0,False,False,False,False,0.8515625,0.4921875,0.65625
PAPER:CHILLGUYUSDT:1790882699999:SHORT,1790882735179,Fresh_2026-10-01,fresh,2026-10-01,3,False,False,False,False,0.0390625,0.453125,0.5859375
PAPER:AVAAIUSDT:1790882699999:SHORT,1790882740100,Fresh_2026-10-01,fresh,2026-10-01,2,False,False,False,False,0.2421875,0.5234375,0.6484375
PAPER:SAFEUSDT:1790882699999:SHORT,1790882741636,Fresh_2026-10-01,fresh,2026-10-01,1,False,True,True,True,0.1796875,0.390625,0.6484375
PAPER:RIVERUSDT:1790882699999:SHORT,1790882744756,Fresh_2026-10-01,fresh,2026-10-01,0,False,False,False,False,0.5546875,0.640625,0.8515625
PAPER:PIPPINUSDT:1790882699999:SHORT,1790882747614,Fresh_2026-10-01,fresh,2026-10-01,1,False,False,False,False,0.7421875,0.5390625,0.8828125
PAPER:哈基米USDT:1790882699999:SHORT,1790882777581,Fresh_2026-10-01,fresh,2026-10-01,2,False,False,False,False,0.9453125,0.546875,0.8671875
PAPER:ESPORTSUSDT:1790882699999:SHORT,1790882777770,Fresh_2026-10-01,fresh,2026-10-01,3,False,False,False,False,0.03125,0.78125,0.7890625
PAPER:ARCUSDT:1790882999999:SHORT,1790883018036,Fresh_2026-10-01,fresh,2026-10-01,1,True,False,False,False,0.8984375,0.390625,0.765625
PAPER:NOMUSDT:1790882999999:SHORT,1790883020896,Fresh_2026-10-01,fresh,2026-10-01,0,False,False,False,False,0.125,0.0546875,0.1171875
PAPER:AIOUSDT:1790882999999:SHORT,1790883026551,Fresh_2026-10-01,fresh,2026-10-01,1,False,False,False,False,0.5546875,0.1875,0.4375
PAPER:FLOCKUSDT:1790882999999:SHORT,1790883034913,Fresh_2026-10-01,fresh,2026-10-01,0,True,False,False,False,0.203125,0.1640625,0.171875
PAPER:ARXUSDT:1790882999999:SHORT,1790883040553,Fresh_2026-10-01,fresh,2026-10-01,0,False,False,False,False,0.03125,0.203125,0.28125
PAPER:HANAUSDT:1790882999999:SHORT,1790883047750,Fresh_2026-10-01,fresh,2026-10-01,2,False,False,False,False,0.640625,0.625,0.8203125
PAPER:TAKEUSDT:1790882999999:SHORT,1790883054955,Fresh_2026-10-01,fresh,2026-10-01,1,False,True,True,True,0.171875,0.2265625,0.3046875
PAPER:USUALUSDT:1790882999999:SHORT,1790883091421,Fresh_2026-10-01,fresh,2026-10-01,3,False,False,False,False,0.28125,0.2109375,0.515625
PAPER:PLAYUSDT:1790882999999:SHORT,1790883135025,Fresh_2026-10-01,fresh,2026-10-01,3,False,True,False,False,0.6640625,0.2421875,0.2734375
PAPER:EDGEUSDT:1790883299999:SHORT,1790883321656,Fresh_2026-10-01,fresh,2026-10-01,3,False,False,False,False,0.203125,0.46484375,0.96875
PAPER:AEROUSDT:1790883599999:SHORT,1790883616858,Fresh_2026-10-01,fresh,2026-10-01,1,False,False,False,False,0.5234375,0.171875,0.5859375
PAPER:FLOCKUSDT:1790884199999:SHORT,1790884277853,Fresh_2026-10-01,fresh,2026-10-01,2,False,False,False,False,0.0625,0.8828125,0.8984375
PAPER:SYNUSDT:1790885099999:SHORT,1790885115614,Fresh_2026-10-01,fresh,2026-10-01,0,True,False,False,False,0.8046875,0.8359375,0.640625
PAPER:STARUSDT:1790885399999:SHORT,1790885416202,Fresh_2026-10-01,fresh,2026-10-01,2,True,False,False,False,0.6328125,0.96875,0.9921875
PAPER:BLUAIUSDT:1790885399999:SHORT,1790885419809,Fresh_2026-10-01,fresh,2026-10-01,3,True,False,False,False,0.1640625,0.734375,0.9140625
PAPER:HEIUSDT:1790885999999:SHORT,1790886017119,Fresh_2026-10-01,fresh,2026-10-01,1,False,True,True,True,0.0234375,0.765625,0.828125
PAPER:MONUSDT:1790887199999:SHORT,1790887217226,Fresh_2026-10-01,fresh,2026-10-01,2,False,False,False,False,0.6484375,0.71875,0.71875
PAPER:PROMPTUSDT:1790887499999:SHORT,1790887513934,Fresh_2026-10-01,fresh,2026-10-01,1,False,False,False,False,0.3125,0.453125,0.4765625
PAPER:1000000BOBUSDT:1790887499999:SHORT,1790887519954,Fresh_2026-10-01,fresh,2026-10-01,3,False,False,False,False,0.1796875,0.25,0.5546875
PAPER:PENDLEUSDT:1790887499999:SHORT,1790887523207,Fresh_2026-10-01,fresh,2026-10-01,1,False,False,False,False,0.7109375,0.3046875,0.125
PAPER:GRASSUSDT:1790888699999:SHORT,1790888727434,Fresh_2026-10-01,fresh,2026-10-01,1,False,True,True,True,0.09375,0.34375,0.984375
PAPER:GRASSUSDT:1790888999999:SHORT,1790889014063,Fresh_2026-10-01,fresh,2026-10-01,1,True,True,True,True,0.265625,0.9921875,0.9765625
PAPER:MINAUSDT:1790889299999:SHORT,1790889323326,Fresh_2026-10-01,fresh,2026-10-01,0,False,False,False,False,0.3125,0.6875,0.6171875
PAPER:CVXUSDT:1790889599999:SHORT,1790889616482,Fresh_2026-10-01,fresh,2026-10-01,3,True,False,False,False,0.390625,0.46484375,0.7109375
PAPER:MARSCOINUSDT:1790890199999:SHORT,1790890213758,Fresh_2026-10-01,fresh,2026-10-01,2,True,False,False,False,0.53125,0.9609375,0.8671875
PAPER:DRIFTUSDT:1790890199999:SHORT,1790890217279,Fresh_2026-10-01,fresh,2026-10-01,0,False,False,False,False,0.6640625,0.5234375,0.875
PAPER:DYDXUSDT:1790890199999:SHORT,1790890219616,Fresh_2026-10-01,fresh,2026-10-01,1,False,True,True,True,0.03125,0.7734375,0.5859375
PAPER:JCTUSDT:1790890199999:SHORT,1790890220365,Fresh_2026-10-01,fresh,2026-10-01,2,False,False,False,False,0.15625,0.8046875,0.453125
PAPER:TAUSDT:1790890499999:SHORT,1790890518746,Fresh_2026-10-01,fresh,2026-10-01,0,False,False,False,False,0.1484375,0.3671875,0.5703125
PAPER:JTOUSDT:1790890499999:SHORT,1790890519692,Fresh_2026-10-01,fresh,2026-10-01,3,False,False,False,False,0.4140625,0.3828125,0.546875
PAPER:SAGAUSDT:1790890499999:SHORT,1790890525241,Fresh_2026-10-01,fresh,2026-10-01,2,False,False,False,False,0.359375,0.859375,0.6328125
PAPER:XPLUSDT:1790890499999:SHORT,1790890527790,Fresh_2026-10-01,fresh,2026-10-01,3,False,False,False,False,0.3203125,0.28125,0.5234375
PAPER:SQDUSDT:1790890799999:SHORT,1790890822974,Fresh_2026-10-01,fresh,2026-10-01,0,False,False,False,False,0.9609375,0.9296875,0.6484375
PAPER:MOVEUSDT:1790890799999:SHORT,1790890827200,Fresh_2026-10-01,fresh,2026-10-01,1,True,False,False,False,0.7421875,0.6640625,0.515625
PAPER:POWERUSDT:1790890799999:SHORT,1790890834657,Fresh_2026-10-01,fresh,2026-10-01,0,False,False,False,False,0.703125,0.3359375,0.3671875
PAPER:TAUSDT:1790890799999:SHORT,1790890839054,Fresh_2026-10-01,fresh,2026-10-01,0,True,False,False,False,0.59375,0.9921875,0.984375
PAPER:2ZUSDT:1790890799999:SHORT,1790890875933,Fresh_2026-10-01,fresh,2026-10-01,2,False,False,False,False,0.9765625,0.921875,0.734375
PAPER:PUMPUSDT:1790891099999:SHORT,1790891123661,Fresh_2026-10-01,fresh,2026-10-01,3,True,False,False,False,0.5390625,0.1640625,0.59375
PAPER:SPACEUSDT:1790891099999:SHORT,1790891129980,Fresh_2026-10-01,fresh,2026-10-01,2,False,False,False,False,0.6640625,0.4921875,0.25
PAPER:BRETTUSDT:1790891099999:SHORT,1790891170512,Fresh_2026-10-01,fresh,2026-10-01,1,False,False,False,False,0.7421875,0.765625,0.75
PAPER:MAGMAUSDT:1790893499999:SHORT,1790893517495,Fresh_2026-10-01,fresh,2026-10-01,0,False,False,False,False,0.7578125,0.2265625,0.03125
PAPER:BRUSDT:1790893499999:SHORT,1790893543524,Fresh_2026-10-01,fresh,2026-10-01,1,False,True,True,True,0.1640625,0.765625,0.8359375
PAPER:FFUSDT:1790893799999:SHORT,1790893820488,Fresh_2026-10-01,fresh,2026-10-01,0,False,False,False,False,0.21875,0.7265625,0.3359375
PAPER:我踏马来了USDT:1790894099999:SHORT,1790894116505,Fresh_2026-10-01,fresh,2026-10-01,1,False,False,False,False,0.671875,0.2734375,0.28125
PAPER:BRUSDT:1790894099999:SHORT,1790894117021,Fresh_2026-10-01,fresh,2026-10-01,3,False,False,False,False,0.3828125,0.7265625,0.5625
PAPER:MOVEUSDT:1790894099999:SHORT,1790894117546,Fresh_2026-10-01,fresh,2026-10-01,0,False,False,False,False,0.921875,0.109375,0.078125
PAPER:ENAUSDT:1790894999999:SHORT,1790895014634,Fresh_2026-10-01,fresh,2026-10-01,2,False,False,False,False,0.4765625,0.859375,0.1328125
PAPER:ACUUSDT:1790894999999:SHORT,1790895020914,Fresh_2026-10-01,fresh,2026-10-01,0,False,False,False,False,0.09375,0.5546875,0.375
PAPER:PONSUSDT:1790895899999:SHORT,1790895918465,Fresh_2026-10-01,fresh,2026-10-01,1,False,True,True,True,0.078125,0.75,0.765625
PAPER:BRUSDT:1790897099999:SHORT,1790897116470,Fresh_2026-10-01,fresh,2026-10-01,1,False,False,False,False,0.7265625,0.71875,0.328125
PAPER:HUSDT:1790897399999:SHORT,1790897416406,Fresh_2026-10-01,fresh,2026-10-01,0,False,False,False,False,0.03125,0.078125,0.015625
PAPER:DATAIPUSDT:1790897699999:SHORT,1790897727541,Fresh_2026-10-01,fresh,2026-10-01,2,True,False,False,False,0.6171875,0.45703125,0.4609375
PAPER:SNXUSDT:1790899499999:SHORT,1790899627837,Fresh_2026-10-02,fresh,2026-10-02,2,False,False,False,False,0.984375,0.6171875,0.6484375
PAPER:CVCUSDT:1790899799999:SHORT,1790899872052,Fresh_2026-10-02,fresh,2026-10-02,1,False,True,True,True,0.0,0.6796875,0.484375
PAPER:PUMPBTCUSDT:1790901299999:SHORT,1790901316237,Fresh_2026-10-02,fresh,2026-10-02,2,False,False,False,False,0.1328125,0.7109375,0.078125
PAPER:PLAYUSDT:1790901599999:SHORT,1790901638343,Fresh_2026-10-02,fresh,2026-10-02,3,False,False,False,False,0.328125,0.3828125,0.4453125
PAPER:PUMPBTCUSDT:1790901899999:SHORT,1790901937397,Fresh_2026-10-02,fresh,2026-10-02,0,False,False,False,False,0.4140625,0.71875,0.7265625
PAPER:ARIAUSDT:1790903099999:SHORT,1790903116026,Fresh_2026-10-02,fresh,2026-10-02,0,False,False,False,False,0.6640625,0.3046875,0.15625
PAPER:SEIUSDT:1790903099999:SHORT,1790903161785,Fresh_2026-10-02,fresh,2026-10-02,1,False,False,False,False,0.859375,0.9453125,0.75
PAPER:PROMPTUSDT:1790903399999:SHORT,1790903419243,Fresh_2026-10-02,fresh,2026-10-02,3,False,False,False,False,0.3984375,0.4453125,0.4609375
PAPER:NOMUSDT:1790903399999:SHORT,1790903419919,Fresh_2026-10-02,fresh,2026-10-02,0,False,False,False,False,0.3515625,0.078125,0.4921875
PAPER:FFUSDT:1790903399999:SHORT,1790903430343,Fresh_2026-10-02,fresh,2026-10-02,2,True,False,False,False,0.5859375,0.9296875,0.9140625
PAPER:TRIAUSDT:1790903399999:SHORT,1790903464288,Fresh_2026-10-02,fresh,2026-10-02,3,False,True,False,False,0.0,0.234375,0.2109375
PAPER:ZKCUSDT:1790903699999:SHORT,1790903720870,Fresh_2026-10-02,fresh,2026-10-02,0,False,False,False,False,0.1484375,0.9453125,0.796875
PAPER:哈基米USDT:1790903699999:SHORT,1790903726145,Fresh_2026-10-02,fresh,2026-10-02,1,True,False,False,False,0.3671875,0.796875,0.8359375
PAPER:ANIMEUSDT:1790903699999:SHORT,1790903736896,Fresh_2026-10-02,fresh,2026-10-02,2,False,False,False,True,0.1015625,0.28125,0.1640625
PAPER:NILUSDT:1790903699999:SHORT,1790903773338,Fresh_2026-10-02,fresh,2026-10-02,3,False,False,False,False,0.6484375,0.0625,0.578125
PAPER:SKYUSDT:1790903999999:SHORT,1790904027023,Fresh_2026-10-02,fresh,2026-10-02,1,False,False,False,False,0.6484375,0.5078125,0.5
PAPER:我踏马来了USDT:1790903999999:SHORT,1790904032718,Fresh_2026-10-02,fresh,2026-10-02,3,False,False,False,False,0.3671875,0.6171875,0.609375
PAPER:CFGUSDT:1790908499999:SHORT,1790908543611,Fresh_2026-10-02,fresh,2026-10-02,0,False,False,False,False,0.2109375,0.3359375,0.171875
PAPER:PUMPBTCUSDT:1790908799999:SHORT,1790908816014,Fresh_2026-10-02,fresh,2026-10-02,0,False,False,False,False,0.1953125,0.9296875,0.7109375
PAPER:REDUSDT:1790911799999:SHORT,1790911822030,Fresh_2026-10-02,fresh,2026-10-02,2,False,False,False,False,0.6328125,0.34375,0.0859375
PAPER:LITUSDT:1790912399999:SHORT,1790912468012,Fresh_2026-10-02,fresh,2026-10-02,3,False,True,False,False,0.5,0.2109375,0.1796875
PAPER:NOMUSDT:1790912699999:SHORT,1790912714678,Fresh_2026-10-02,fresh,2026-10-02,0,False,False,False,False,0.2421875,0.0234375,0.1328125
PAPER:TLMUSDT:1790912699999:SHORT,1790912769638,Fresh_2026-10-02,fresh,2026-10-02,1,False,True,True,True,0.09375,0.9140625,0.796875
PAPER:1000XECUSDT:1790912999999:SHORT,1790913015802,Fresh_2026-10-02,fresh,2026-10-02,1,False,True,True,True,0.2734375,0.6796875,0.6171875
PAPER:HEMIUSDT:1790912999999:SHORT,1790913016369,Fresh_2026-10-02,fresh,2026-10-02,2,False,False,False,False,0.9609375,0.75,0.0859375
PAPER:COMPUSDT:1790913899999:SHORT,1790913916852,Fresh_2026-10-02,fresh,2026-10-02,0,False,False,False,False,0.28125,0.359375,0.234375
PAPER:AEROUSDT:1790914199999:SHORT,1790914220162,Fresh_2026-10-02,fresh,2026-10-02,1,False,False,False,False,0.4296875,0.7265625,0.5390625
PAPER:DRIFTUSDT:1790914199999:SHORT,1790914264254,Fresh_2026-10-02,fresh,2026-10-02,2,False,False,False,False,0.1640625,0.5,0.33203125
PAPER:IOSTUSDT:1790914199999:SHORT,1790914264426,Fresh_2026-10-02,fresh,2026-10-02,2,False,False,False,False,0.7109375,0.4609375,0.453125
PAPER:WALUSDT:1790914199999:SHORT,1790914264617,Fresh_2026-10-02,fresh,2026-10-02,2,False,False,False,False,0.109375,0.6015625,0.6796875
PAPER:NOMUSDT:1790914499999:SHORT,1790914518904,Fresh_2026-10-02,fresh,2026-10-02,1,False,False,False,False,0.5390625,0.921875,0.9140625
PAPER:HUMAUSDT:1790914499999:SHORT,1790914521811,Fresh_2026-10-02,fresh,2026-10-02,1,False,False,False,False,0.5703125,0.5,0.375
PAPER:SIRENUSDT:1790914499999:SHORT,1790914533459,Fresh_2026-10-02,fresh,2026-10-02,1,False,False,False,False,0.90625,0.34375,0.2578125
PAPER:BSVUSDT:1790914499999:SHORT,1790914537903,Fresh_2026-10-02,fresh,2026-10-02,2,False,False,False,True,0.015625,0.2421875,0.4609375
PAPER:RIFUSDT:1790914499999:SHORT,1790914543182,Fresh_2026-10-02,fresh,2026-10-02,0,False,False,False,False,0.8515625,0.453125,0.65625
PAPER:HUSDT:1790916299999:SHORT,1790916316647,Fresh_2026-10-02,fresh,2026-10-02,0,False,False,False,False,0.296875,0.4453125,0.1796875
PAPER:ZKUSDT:1790916899999:SHORT,1790916927233,Fresh_2026-10-02,fresh,2026-10-02,0,False,False,False,False,0.4140625,0.9375,0.8671875
PAPER:1000000BOBUSDT:1790917499999:SHORT,1790917533441,Fresh_2026-10-02,fresh,2026-10-02,2,True,False,False,False,0.65625,0.71875,0.921875
PAPER:BOMEUSDT:1790917499999:SHORT,1790917534982,Fresh_2026-10-02,fresh,2026-10-02,1,False,True,True,True,0.125,0.0390625,0.1171875
PAPER:LSKUSDT:1790917499999:SHORT,1790917597116,Fresh_2026-10-02,fresh,2026-10-02,2,False,False,False,False,0.234375,0.9140625,0.90625
PAPER:SAGAUSDT:1790918399999:SHORT,1790918420919,Fresh_2026-10-02,fresh,2026-10-02,1,True,False,False,False,0.8359375,0.5625,0.30859375
PAPER:CCUSDT:1790919299999:SHORT,1790919316917,Fresh_2026-10-02,fresh,2026-10-02,0,False,False,False,False,0.8359375,0.46875,0.578125
PAPER:VIRTUALUSDT:1790919599999:SHORT,1790919623743,Fresh_2026-10-02,fresh,2026-10-02,1,False,False,False,False,0.7578125,0.2578125,0.140625
PAPER:FETUSDT:1790919599999:SHORT,1790919625152,Fresh_2026-10-02,fresh,2026-10-02,0,False,False,False,False,0.4609375,0.140625,0.0234375
PAPER:LUMIAUSDT:1790919599999:SHORT,1790919636791,Fresh_2026-10-02,fresh,2026-10-02,0,False,False,False,False,0.921875,0.25,0.21875
PAPER:ONEUSDT:1790919599999:SHORT,1790919645914,Fresh_2026-10-02,fresh,2026-10-02,1,False,False,False,False,0.8046875,0.140625,0.046875
PAPER:ARBUSDT:1790919599999:SHORT,1790919653630,Fresh_2026-10-02,fresh,2026-10-02,0,False,False,False,False,0.7109375,0.03125,0.015625
PAPER:REUSDT:1790920199999:SHORT,1790920221102,Fresh_2026-10-02,fresh,2026-10-02,1,False,False,False,False,0.8828125,0.265625,0.2265625
PAPER:QUSDT:1790921099999:SHORT,1790921166046,Fresh_2026-10-02,fresh,2026-10-02,3,False,False,False,False,0.4921875,0.4140625,0.859375
PAPER:OPNUSDT:1790921699999:SHORT,1790921721739,Fresh_2026-10-02,fresh,2026-10-02,2,True,False,False,False,0.84375,0.9765625,0.890625
PAPER:NAORISUSDT:1790922599999:SHORT,1790922626560,Fresh_2026-10-02,fresh,2026-10-02,1,False,False,False,False,0.9921875,0.625,0.65625
PAPER:CAPUSDT:1790922599999:SHORT,1790922630363,Fresh_2026-10-02,fresh,2026-10-02,1,False,False,False,False,0.75,0.4609375,0.1015625
PAPER:EPICUSDT:1790922899999:SHORT,1790922968018,Fresh_2026-10-02,fresh,2026-10-02,0,True,False,False,False,0.7109375,0.875,0.671875
PAPER:PUMPBTCUSDT:1790923199999:SHORT,1790923226766,Fresh_2026-10-02,fresh,2026-10-02,2,False,False,False,False,0.2421875,0.9140625,0.5
PAPER:牛来USDT:1790923199999:SHORT,1790923229985,Fresh_2026-10-02,fresh,2026-10-02,1,False,False,False,False,0.4375,0.6015625,0.5234375
PAPER:XNYUSDT:1790923199999:SHORT,1790923237240,Fresh_2026-10-02,fresh,2026-10-02,1,True,False,False,False,0.8828125,0.6171875,0.4140625
PAPER:LSKUSDT:1790923199999:SHORT,1790923239033,Fresh_2026-10-02,fresh,2026-10-02,2,False,False,False,False,0.25,0.8515625,0.7109375
PAPER:BSVUSDT:1790923199999:SHORT,1790923269871,Fresh_2026-10-02,fresh,2026-10-02,3,False,False,False,False,0.2578125,0.41796875,0.47265625
PAPER:ARXUSDT:1790923199999:SHORT,1790923321893,Fresh_2026-10-02,fresh,2026-10-02,1,False,True,True,True,0.078125,0.7890625,0.6640625
PAPER:VELVETUSDT:1790923499999:SHORT,1790923524493,Fresh_2026-10-02,fresh,2026-10-02,0,False,False,False,False,0.5703125,0.1875,0.171875
PAPER:SYNUSDT:1790923799999:SHORT,1790923822384,Fresh_2026-10-02,fresh,2026-10-02,3,False,False,False,False,0.5625,0.375,0.796875
PAPER:MARSCOINUSDT:1790924399999:SHORT,1790924427197,Fresh_2026-10-02,fresh,2026-10-02,1,True,True,True,True,0.234375,0.984375,0.96875
PAPER:CAPUSDT:1790924699999:SHORT,1790924721810,Fresh_2026-10-02,fresh,2026-10-02,2,False,False,False,False,0.2421875,0.484375,0.5234375
PAPER:GTCUSDT:1790924699999:SHORT,1790924722290,Fresh_2026-10-02,fresh,2026-10-02,2,True,False,False,False,0.59375,0.9765625,0.34375
PAPER:ARKUSDT:1790924699999:SHORT,1790924738381,Fresh_2026-10-02,fresh,2026-10-02,1,True,True,True,True,0.1171875,0.859375,0.8046875
PAPER:SKYAIUSDT:1790924699999:SHORT,1790924738847,Fresh_2026-10-02,fresh,2026-10-02,3,False,False,False,False,0.5390625,0.3828125,0.4765625
PAPER:ZKUSDT:1790924699999:SHORT,1790924743788,Fresh_2026-10-02,fresh,2026-10-02,2,False,False,False,False,0.3125,0.7734375,0.8828125
PAPER:ARXUSDT:1790924699999:SHORT,1790924758406,Fresh_2026-10-02,fresh,2026-10-02,3,False,False,False,False,0.65625,0.38671875,0.765625
PAPER:SOONUSDT:1790924999999:SHORT,1790925022137,Fresh_2026-10-02,fresh,2026-10-02,0,False,False,False,False,0.4453125,0.0,0.0
PAPER:TWTUSDT:1790924999999:SHORT,1790925037162,Fresh_2026-10-02,fresh,2026-10-02,2,True,False,False,False,0.5,0.8046875,0.9765625
PAPER:STXUSDT:1790924999999:SHORT,1790925061205,Fresh_2026-10-02,fresh,2026-10-02,2,True,False,False,False,0.484375,0.9375,0.9453125
PAPER:BERAUSDT:1790925299999:SHORT,1790925322782,Fresh_2026-10-02,fresh,2026-10-02,2,False,False,False,False,0.6171875,0.46875,0.359375
PAPER:DOSUSDT:1790925299999:SHORT,1790925323253,Fresh_2026-10-02,fresh,2026-10-02,1,False,False,False,False,0.4453125,0.6015625,0.6640625
PAPER:PUMPBTCUSDT:1790925299999:SHORT,1790925362377,Fresh_2026-10-02,fresh,2026-10-02,2,False,False,False,False,0.859375,0.890625,0.953125
PAPER:ONEUSDT:1790925599999:SHORT,1790925645687,Fresh_2026-10-02,fresh,2026-10-02,2,False,False,False,False,0.0859375,0.46875,0.34375
PAPER:SYNUSDT:1790925599999:SHORT,1790925670619,Fresh_2026-10-02,fresh,2026-10-02,2,True,False,False,False,0.5625,0.5234375,0.671875
PAPER:BRUSDT:1790925599999:SHORT,1790925670787,Fresh_2026-10-02,fresh,2026-10-02,1,False,False,False,False,0.5703125,0.5625,0.765625
PAPER:TWTUSDT:1790926199999:SHORT,1790926260433,Fresh_2026-10-02,fresh,2026-10-02,1,False,False,False,False,0.96875,0.84375,0.8671875
PAPER:WUSDT:1790926499999:SHORT,1790926526819,Fresh_2026-10-02,fresh,2026-10-02,3,False,False,False,False,0.1015625,0.296875,0.421875
PAPER:TOSHIUSDT:1790926499999:SHORT,1790926542805,Fresh_2026-10-02,fresh,2026-10-02,3,False,False,False,False,0.0078125,0.234375,0.6015625
PAPER:LUNA2USDT:1790926499999:SHORT,1790926549311,Fresh_2026-10-02,fresh,2026-10-02,3,False,True,False,False,0.0078125,0.3671875,0.2734375
PAPER:USUALUSDT:1790926499999:SHORT,1790926563876,Fresh_2026-10-02,fresh,2026-10-02,1,False,False,False,False,0.9375,0.8515625,0.7109375
PAPER:TUSDT:1790926499999:SHORT,1790926630429,Fresh_2026-10-02,fresh,2026-10-02,1,False,True,True,True,0.25,0.6875,0.796875
PAPER:BTWUSDT:1790927399999:SHORT,1790927422590,Fresh_2026-10-02,fresh,2026-10-02,0,False,False,False,False,0.8828125,0.0078125,0.0234375
PAPER:SQDUSDT:1790927399999:SHORT,1790927506819,Fresh_2026-10-02,fresh,2026-10-02,3,False,True,False,False,0.8984375,0.35546875,0.296875
PAPER:THEUSDT:1790929499999:SHORT,1790929520254,Fresh_2026-10-02,fresh,2026-10-02,1,False,False,False,False,0.9609375,0.2421875,0.2265625
PAPER:PENDLEUSDT:1790929499999:SHORT,1790929524170,Fresh_2026-10-02,fresh,2026-10-02,1,False,False,False,False,0.515625,0.40625,0.6484375
PAPER:NILUSDT:1790929499999:SHORT,1790929528577,Fresh_2026-10-02,fresh,2026-10-02,1,False,False,False,False,0.9453125,0.1015625,0.171875
PAPER:ALLOUSDT:1790929499999:SHORT,1790929539368,Fresh_2026-10-02,fresh,2026-10-02,2,True,False,False,False,0.296875,0.6484375,0.7421875
PAPER:POWERUSDT:1790929499999:SHORT,1790929542549,Fresh_2026-10-02,fresh,2026-10-02,2,True,False,False,False,0.015625,0.8203125,0.859375
PAPER:CAPUSDT:1790930399999:SHORT,1790930418819,Fresh_2026-10-02,fresh,2026-10-02,2,True,False,False,False,0.75,0.9375,0.8828125
PAPER:POWERUSDT:1790930699999:SHORT,1790930716018,Fresh_2026-10-02,fresh,2026-10-02,1,False,False,False,False,0.9375,0.390625,0.1796875
PAPER:PUMPBTCUSDT:1790931899999:SHORT,1790931920210,Fresh_2026-10-02,fresh,2026-10-02,0,True,False,False,False,0.40625,0.9921875,0.9375
PAPER:STBLUSDT:1790931899999:SHORT,1790931925095,Fresh_2026-10-02,fresh,2026-10-02,0,False,False,False,False,0.8125,0.796875,0.484375
PAPER:币安人生USDT:1790931899999:SHORT,1790931930504,Fresh_2026-10-02,fresh,2026-10-02,1,False,False,False,False,0.953125,0.0,0.0
PAPER:TAKEUSDT:1790931899999:SHORT,1790931943070,Fresh_2026-10-02,fresh,2026-10-02,0,False,False,False,False,0.7421875,0.1015625,0.078125
PAPER:SOONUSDT:1790932799999:SHORT,1790932819760,Fresh_2026-10-02,fresh,2026-10-02,1,False,False,False,False,0.734375,0.3046875,0.7109375
PAPER:TAKEUSDT:1790933099999:SHORT,1790933132117,Fresh_2026-10-02,fresh,2026-10-02,2,True,False,False,False,0.7265625,0.4921875,0.7578125
PAPER:BROCCOLI714USDT:1790935499999:SHORT,1790935516574,Fresh_2026-10-02,fresh,2026-10-02,2,False,False,False,False,0.28125,0.7734375,0.25
PAPER:NEOUSDT:1790935499999:SHORT,1790935569284,Fresh_2026-10-02,fresh,2026-10-02,0,False,False,False,False,0.5234375,0.765625,0.6796875
PAPER:APRUSDT:1790935799999:SHORT,1790935860585,Fresh_2026-10-02,fresh,2026-10-02,3,False,False,False,False,0.734375,0.1171875,0.421875
PAPER:SLPUSDT:1790936099999:SHORT,1790936129529,Fresh_2026-10-02,fresh,2026-10-02,0,True,False,False,False,0.515625,0.7890625,0.984375
PAPER:CUSDT:1790936099999:SHORT,1790936135534,Fresh_2026-10-02,fresh,2026-10-02,0,False,False,False,False,0.1171875,0.3203125,0.265625
PAPER:COTIUSDT:1790936399999:SHORT,1790936414603,Fresh_2026-10-02,fresh,2026-10-02,0,False,False,False,False,0.203125,0.03125,0.0546875
PAPER:AZTECUSDT:1790936399999:SHORT,1790936420110,Fresh_2026-10-02,fresh,2026-10-02,2,False,False,False,False,0.171875,0.515625,0.6328125
PAPER:DEEPUSDT:1790938199999:SHORT,1790938221174,Fresh_2026-10-02,fresh,2026-10-02,0,False,False,False,False,0.9296875,0.36328125,0.33984375
PAPER:SUPERUSDT:1790938799999:SHORT,1790938816539,Fresh_2026-10-02,fresh,2026-10-02,2,False,False,False,False,0.3671875,0.6171875,0.8046875
PAPER:COTIUSDT:1790938799999:SHORT,1790938827209,Fresh_2026-10-02,fresh,2026-10-02,2,False,False,False,False,0.3203125,0.96875,0.9296875
PAPER:ARXUSDT:1790939399999:SHORT,1790939423312,Fresh_2026-10-02,fresh,2026-10-02,2,True,False,False,False,0.796875,0.890625,0.984375
PAPER:PUMPBTCUSDT:1790939399999:SHORT,1790939522427,Fresh_2026-10-02,fresh,2026-10-02,2,False,False,False,False,0.046875,0.890625,0.953125
PAPER:BTWUSDT:1790939699999:SHORT,1790939716346,Fresh_2026-10-02,fresh,2026-10-02,0,True,False,False,False,0.2421875,0.984375,0.9921875
PAPER:BATUSDT:1790939699999:SHORT,1790939723300,Fresh_2026-10-02,fresh,2026-10-02,0,True,False,False,False,0.4765625,0.9609375,1.0
PAPER:OUSDT:1790939699999:SHORT,1790939762825,Fresh_2026-10-02,fresh,2026-10-02,1,False,True,True,True,0.1953125,0.515625,0.09375
PAPER:XVSUSDT:1790939999999:SHORT,1790940016108,Fresh_2026-10-02,fresh,2026-10-02,0,False,False,False,False,1.0,0.015625,0.0546875
PAPER:COLLECTUSDT:1790940299999:SHORT,1790940326801,Fresh_2026-10-02,fresh,2026-10-02,1,True,True,True,True,0.046875,0.7578125,0.6484375
PAPER:EDENUSDT:1790941499999:SHORT,1790941523573,Fresh_2026-10-02,fresh,2026-10-02,1,False,False,False,False,0.484375,0.765625,0.84375
PAPER:OUSDT:1790942399999:SHORT,1790942450769,Fresh_2026-10-02,fresh,2026-10-02,2,False,False,False,False,0.296875,0.6953125,0.890625
PAPER:USELESSUSDT:1790942699999:SHORT,1790942718980,Fresh_2026-10-02,fresh,2026-10-02,0,False,False,False,False,0.5625,0.5703125,0.109375
PAPER:NILUSDT:1790942699999:SHORT,1790942740015,Fresh_2026-10-02,fresh,2026-10-02,2,False,False,False,False,0.359375,0.5078125,0.171875
PAPER:DEXEUSDT:1790942999999:SHORT,1790943044156,Fresh_2026-10-02,fresh,2026-10-02,1,False,False,False,False,0.4375,0.1640625,0.1640625
PAPER:CROSSUSDT:1790944199999:SHORT,1790944226380,Fresh_2026-10-02,fresh,2026-10-02,0,False,False,False,False,0.1875,0.09375,0.3125
PAPER:JUPUSDT:1790945099999:SHORT,1790945163940,Fresh_2026-10-02,fresh,2026-10-02,0,False,False,False,False,0.25,0.1328125,0.1640625
PAPER:CHRUSDT:1790945099999:SHORT,1790945181495,Fresh_2026-10-02,fresh,2026-10-02,3,False,False,False,False,0.0625,0.09375,0.3515625
PAPER:POWERUSDT:1790945399999:SHORT,1790945442387,Fresh_2026-10-02,fresh,2026-10-02,0,False,False,False,False,0.84375,0.0859375,0.2734375
PAPER:TUTUSDT:1790945699999:SHORT,1790945726074,Fresh_2026-10-02,fresh,2026-10-02,1,False,False,False,False,0.703125,0.96875,0.453125
PAPER:LISTAUSDT:1790946599999:SHORT,1790946629798,Fresh_2026-10-02,fresh,2026-10-02,1,False,False,False,False,0.9296875,0.2265625,0.0546875
PAPER:BELUSDT:1790947199999:SHORT,1790947215431,Fresh_2026-10-02,fresh,2026-10-02,2,False,False,False,False,0.9921875,0.5078125,0.265625
PAPER:SIGNUSDT:1790948999999:SHORT,1790949042615,Fresh_2026-10-02,fresh,2026-10-02,1,False,True,True,True,0.046875,0.234375,0.3046875
PAPER:PUMPBTCUSDT:1790949599999:SHORT,1790949617146,Fresh_2026-10-02,fresh,2026-10-02,2,False,False,False,False,0.71875,0.7578125,0.6953125
PAPER:2ZUSDT:1790950199999:SHORT,1790950224427,Fresh_2026-10-02,fresh,2026-10-02,2,False,False,False,False,0.421875,0.890625,0.125
PAPER:PONSUSDT:1790950199999:SHORT,1790950244855,Fresh_2026-10-02,fresh,2026-10-02,1,False,False,False,False,0.7890625,0.75,0.7421875
PAPER:BSBUSDT:1790950199999:SHORT,1790950245336,Fresh_2026-10-02,fresh,2026-10-02,1,False,False,False,False,0.4609375,0.7265625,0.40625
PAPER:JASMYUSDT:1790950199999:SHORT,1790950245830,Fresh_2026-10-02,fresh,2026-10-02,2,False,False,False,False,0.3359375,0.8203125,0.8046875
PAPER:COMPUSDT:1790950199999:SHORT,1790950258119,Fresh_2026-10-02,fresh,2026-10-02,2,False,False,False,False,0.171875,0.703125,0.390625
PAPER:IOTAUSDT:1790950199999:SHORT,1790950272113,Fresh_2026-10-02,fresh,2026-10-02,1,False,False,False,False,0.3671875,0.5859375,0.34765625
PAPER:VELODROMEUSDT:1790950199999:SHORT,1790950326845,Fresh_2026-10-02,fresh,2026-10-02,3,False,True,False,False,0.546875,0.2578125,0.25
PAPER:CCUSDT:1790950499999:SHORT,1790950556025,Fresh_2026-10-02,fresh,2026-10-02,2,False,False,False,True,0.6171875,0.1171875,0.171875
PAPER:FRAXUSDT:1790951099999:SHORT,1790951136409,Fresh_2026-10-02,fresh,2026-10-02,1,True,False,False,False,0.5,0.65625,0.4375
PAPER:DIAUSDT:1790951399999:SHORT,1790951418012,Fresh_2026-10-02,fresh,2026-10-02,1,False,False,False,False,0.328125,0.6953125,0.9140625
PAPER:AXSUSDT:1790951399999:SHORT,1790951424079,Fresh_2026-10-02,fresh,2026-10-02,1,False,False,False,False,0.9609375,0.8984375,0.484375
PAPER:B2USDT:1790951399999:SHORT,1790951446199,Fresh_2026-10-02,fresh,2026-10-02,1,False,False,False,False,0.6640625,0.4921875,0.5078125
PAPER:PROMPTUSDT:1790951399999:SHORT,1790951465459,Fresh_2026-10-02,fresh,2026-10-02,3,False,False,False,False,0.875,0.1875,0.4140625
PAPER:HYPEUSDT:1790951699999:SHORT,1790951739361,Fresh_2026-10-02,fresh,2026-10-02,2,False,False,False,False,0.59375,0.4921875,0.6640625
PAPER:SUSHIUSDT:1790951699999:SHORT,1790951739890,Fresh_2026-10-02,fresh,2026-10-02,3,True,False,False,False,0.671875,0.21875,0.5703125
PAPER:PHAUSDT:1790951699999:SHORT,1790951742804,Fresh_2026-10-02,fresh,2026-10-02,1,True,False,False,False,0.71875,0.78125,0.953125
PAPER:GWEIUSDT:1790951699999:SHORT,1790951747264,Fresh_2026-10-02,fresh,2026-10-02,0,False,False,False,False,0.8359375,0.140625,0.40625
PAPER:PENGUUSDT:1790951699999:SHORT,1790951748391,Fresh_2026-10-02,fresh,2026-10-02,2,False,False,False,False,0.7578125,0.6015625,0.8984375
PAPER:THETAUSDT:1790951699999:SHORT,1790951778793,Fresh_2026-10-02,fresh,2026-10-02,2,False,False,False,False,0.21875,0.9375,0.3984375
PAPER:牛来USDT:1790951999999:SHORT,1790952027783,Fresh_2026-10-02,fresh,2026-10-02,2,False,False,False,False,0.640625,0.640625,0.5390625
PAPER:XPLUSDT:1790952899999:SHORT,1790952927065,Fresh_2026-10-02,fresh,2026-10-02,0,False,False,False,False,0.8828125,0.0078125,0.015625
PAPER:BRETTUSDT:1790952899999:SHORT,1790952934236,Fresh_2026-10-02,fresh,2026-10-02,0,False,False,False,False,0.8359375,0.0234375,0.0234375
PAPER:FILUSDT:1790952899999:SHORT,1790952995590,Fresh_2026-10-02,fresh,2026-10-02,2,False,False,False,True,0.671875,0.2578125,0.296875
PAPER:ETHFIUSDT:1790952899999:SHORT,1790953006872,Fresh_2026-10-02,fresh,2026-10-02,2,False,False,False,True,0.4765625,0.1953125,0.203125
PAPER:2ZUSDT:1790953199999:SHORT,1790953217831,Fresh_2026-10-02,fresh,2026-10-02,3,False,False,False,False,0.7421875,0.0625,0.75
PAPER:FFUSDT:1790953499999:SHORT,1790953517832,Fresh_2026-10-02,fresh,2026-10-02,0,False,False,False,False,0.9140625,0.3046875,0.0546875
PAPER:GRASSUSDT:1790953499999:SHORT,1790953523479,Fresh_2026-10-02,fresh,2026-10-02,2,False,False,False,False,0.34375,0.5234375,0.3828125
PAPER:LITUSDT:1790953499999:SHORT,1790953524229,Fresh_2026-10-02,fresh,2026-10-02,1,False,True,True,True,0.0703125,0.171875,0.3046875
PAPER:MERLUSDT:1790953499999:SHORT,1790953530646,Fresh_2026-10-02,fresh,2026-10-02,1,False,True,True,True,0.015625,0.265625,0.453125
PAPER:COAIUSDT:1790953499999:SHORT,1790953540971,Fresh_2026-10-02,fresh,2026-10-02,3,False,False,False,False,0.875,0.4296875,0.7109375
PAPER:USUSDT:1790954999999:SHORT,1790955060303,Fresh_2026-10-02,fresh,2026-10-02,3,True,False,False,False,0.3203125,0.8984375,0.8828125
PAPER:POLUSDT:1790955599999:SHORT,1790955616554,Fresh_2026-10-02,fresh,2026-10-02,0,False,False,False,False,0.3125,0.3125,0.0703125
PAPER:BULLAUSDT:1790957399999:SHORT,1790957456505,Fresh_2026-10-02,fresh,2026-10-02,2,False,False,False,False,0.984375,0.609375,0.4765625
PAPER:2ZUSDT:1790957699999:SHORT,1790957719095,Fresh_2026-10-02,fresh,2026-10-02,1,False,True,True,True,0.265625,0.828125,0.8125
PAPER:USUSDT:1790957999999:SHORT,1790958022006,Fresh_2026-10-02,fresh,2026-10-02,1,True,False,False,False,0.3203125,1.0,0.9375
PAPER:1000000BOBUSDT:1790958299999:SHORT,1790958320090,Fresh_2026-10-02,fresh,2026-10-02,0,True,False,False,False,0.953125,0.0859375,0.59375
PAPER:USUSDT:1790958299999:SHORT,1790958327559,Fresh_2026-10-02,fresh,2026-10-02,0,False,False,False,False,0.1171875,0.9921875,0.96875
PAPER:METISUSDT:1790958299999:SHORT,1790958334965,Fresh_2026-10-02,fresh,2026-10-02,1,True,False,False,False,0.328125,0.7265625,0.33984375
PAPER:STARUSDT:1790958599999:SHORT,1790958616115,Fresh_2026-10-02,fresh,2026-10-02,0,False,False,False,False,0.9140625,0.21875,0.3359375
PAPER:BANKUSDT:1790958899999:SHORT,1790958915225,Fresh_2026-10-02,fresh,2026-10-02,1,False,True,True,True,0.2734375,0.1640625,0.140625
PAPER:BANUSDT:1790958899999:SHORT,1790958934570,Fresh_2026-10-02,fresh,2026-10-02,2,False,False,False,False,0.03125,0.46875,0.3671875
PAPER:COOKIEUSDT:1790959199999:SHORT,1790959223730,Fresh_2026-10-02,fresh,2026-10-02,2,False,False,False,False,0.3515625,0.7890625,0.5625
PAPER:MONUSDT:1790959199999:SHORT,1790959228016,Fresh_2026-10-02,fresh,2026-10-02,2,False,False,False,False,0.5234375,0.71875,0.921875
PAPER:MARSCOINUSDT:1790959499999:SHORT,1790959514547,Fresh_2026-10-02,fresh,2026-10-02,2,False,False,False,False,0.3046875,0.390625,0.2109375
PAPER:PUMPUSDT:1790960099999:SHORT,1790960122293,Fresh_2026-10-02,fresh,2026-10-02,3,False,False,False,False,0.3125,0.2109375,0.4296875
PAPER:MOVEUSDT:1790960699999:SHORT,1790960714850,Fresh_2026-10-02,fresh,2026-10-02,2,True,False,False,False,0.1953125,0.8984375,0.9140625
PAPER:ARXUSDT:1790960699999:SHORT,1790960715703,Fresh_2026-10-02,fresh,2026-10-02,1,True,False,False,False,0.75,0.9140625,0.9609375
PAPER:MASKUSDT:1790960699999:SHORT,1790960718324,Fresh_2026-10-02,fresh,2026-10-02,1,True,False,False,False,0.6484375,0.8671875,0.890625
PAPER:TRUTHUSDT:1790960699999:SHORT,1790960722057,Fresh_2026-10-02,fresh,2026-10-02,1,False,False,False,False,0.96875,0.84375,0.5546875
PAPER:USELESSUSDT:1790961299999:SHORT,1790961320578,Fresh_2026-10-02,fresh,2026-10-02,1,True,False,False,False,0.671875,0.9375,0.828125
PAPER:AEROUSDT:1790961299999:SHORT,1790961323411,Fresh_2026-10-02,fresh,2026-10-02,1,False,False,False,False,0.4921875,0.1640625,0.25
PAPER:TOSHIUSDT:1790961299999:SHORT,1790961325112,Fresh_2026-10-02,fresh,2026-10-02,1,False,True,True,True,0.15625,0.34375,0.3046875
PAPER:BILLUSDT:1790961299999:SHORT,1790961326496,Fresh_2026-10-02,fresh,2026-10-02,0,True,False,False,False,0.8828125,0.0703125,0.4765625
PAPER:牛来USDT:1790961599999:SHORT,1790961620130,Fresh_2026-10-02,fresh,2026-10-02,2,False,False,False,False,0.625,0.875,0.7734375
PAPER:JASMYUSDT:1790961899999:SHORT,1790961920426,Fresh_2026-10-02,fresh,2026-10-02,1,True,False,False,False,0.96875,0.35546875,0.7734375
PAPER:XANUSDT:1790961899999:SHORT,1790961926686,Fresh_2026-10-02,fresh,2026-10-02,0,False,False,False,False,0.75,0.5703125,0.34375
PAPER:PENGUUSDT:1790961899999:SHORT,1790961928862,Fresh_2026-10-02,fresh,2026-10-02,0,True,False,False,False,0.625,0.515625,0.53125
PAPER:BANANAS31USDT:1790961899999:SHORT,1790961939254,Fresh_2026-10-02,fresh,2026-10-02,0,False,False,False,False,0.765625,0.453125,0.1796875
PAPER:SPXUSDT:1790961899999:SHORT,1790961951889,Fresh_2026-10-02,fresh,2026-10-02,0,True,False,False,False,0.859375,0.2890625,0.31640625
PAPER:TRIAUSDT:1790961899999:SHORT,1790961954674,Fresh_2026-10-02,fresh,2026-10-02,3,False,False,False,False,0.4453125,0.3046875,0.5234375
PAPER:COAIUSDT:1790961899999:SHORT,1790961966966,Fresh_2026-10-02,fresh,2026-10-02,1,True,False,False,False,0.90625,0.4140625,0.3125
PAPER:牛来USDT:1790962199999:SHORT,1790962214007,Fresh_2026-10-02,fresh,2026-10-02,0,True,False,False,False,0.40625,1.0,1.0
PAPER:MARSCOINUSDT:1790962499999:SHORT,1790962563154,Fresh_2026-10-02,fresh,2026-10-02,2,True,False,False,False,0.5390625,0.7890625,0.9765625
PAPER:ETHFIUSDT:1790962799999:SHORT,1790962821277,Fresh_2026-10-02,fresh,2026-10-02,3,False,False,False,False,0.578125,0.3203125,0.7265625
PAPER:PLUMEUSDT:1790962799999:SHORT,1790962829321,Fresh_2026-10-02,fresh,2026-10-02,0,False,False,False,False,0.1171875,0.59375,0.6953125
PAPER:BABYUSDT:1790962799999:SHORT,1790962835028,Fresh_2026-10-02,fresh,2026-10-02,0,False,False,False,False,0.9921875,0.2421875,0.31640625
PAPER:4USDT:1790962799999:SHORT,1790962835989,Fresh_2026-10-02,fresh,2026-10-02,0,False,False,False,False,0.8046875,0.34375,0.203125
PAPER:RSRUSDT:1790962799999:SHORT,1790962836923,Fresh_2026-10-02,fresh,2026-10-02,2,False,False,False,False,0.46875,0.484375,0.6015625
PAPER:BRETTUSDT:1790962799999:SHORT,1790962841503,Fresh_2026-10-02,fresh,2026-10-02,3,False,False,False,False,0.8203125,0.171875,0.484375
PAPER:JASMYUSDT:1790962799999:SHORT,1790962843170,Fresh_2026-10-02,fresh,2026-10-02,3,False,False,False,False,0.1015625,0.28125,0.46875
PAPER:KERNELUSDT:1790962799999:SHORT,1790962848634,Fresh_2026-10-02,fresh,2026-10-02,0,False,False,False,False,0.8203125,0.2421875,0.2109375
PAPER:PEOPLEUSDT:1790962799999:SHORT,1790962851021,Fresh_2026-10-02,fresh,2026-10-02,2,False,False,False,False,0.6796875,0.59375,0.65625
PAPER:1000PEPEUSDT:1790962799999:SHORT,1790962851516,Fresh_2026-10-02,fresh,2026-10-02,2,False,False,False,False,0.421875,0.765625,0.890625
PAPER:TAOUSDT:1790962799999:SHORT,1790962854290,Fresh_2026-10-02,fresh,2026-10-02,3,False,False,False,False,0.796875,0.40625,0.8203125
PAPER:0GUSDT:1790962799999:SHORT,1790962857263,Fresh_2026-10-02,fresh,2026-10-02,0,False,False,False,False,0.703125,0.453125,0.6171875
PAPER:TRUMPUSDT:1790962799999:SHORT,1790962858674,Fresh_2026-10-02,fresh,2026-10-02,2,False,False,False,False,0.65625,0.46875,0.7734375
PAPER:哈基米USDT:1790962799999:SHORT,1790962919235,Fresh_2026-10-02,fresh,2026-10-02,2,True,False,False,False,0.46875,0.765625,0.78125
PAPER:NILUSDT:1790963099999:SHORT,1790963115623,Fresh_2026-10-02,fresh,2026-10-02,2,False,False,False,False,0.375,0.38671875,0.1015625
PAPER:GWEIUSDT:1790963099999:SHORT,1790963118508,Fresh_2026-10-02,fresh,2026-10-02,2,False,False,False,False,0.875,0.71875,0.5078125
PAPER:DASHUSDT:1790963099999:SHORT,1790963128145,Fresh_2026-10-02,fresh,2026-10-02,2,False,False,False,False,0.2109375,0.46875,0.53125
PAPER:SHELLUSDT:1790963099999:SHORT,1790963135775,Fresh_2026-10-02,fresh,2026-10-02,2,False,False,False,False,0.8671875,0.5546875,0.203125
PAPER:ILVUSDT:1790963099999:SHORT,1790963146254,Fresh_2026-10-02,fresh,2026-10-02,2,False,False,False,True,0.046875,0.2421875,0.03125
PAPER:COLLECTUSDT:1790963099999:SHORT,1790963151447,Fresh_2026-10-02,fresh,2026-10-02,2,False,False,False,False,0.5390625,0.5,0.125
PAPER:HANAUSDT:1790963099999:SHORT,1790963171895,Fresh_2026-10-02,fresh,2026-10-02,0,False,False,False,False,0.0703125,0.09375,0.21875
PAPER:OPENUSDT:1790964299999:SHORT,1790964316439,Fresh_2026-10-02,fresh,2026-10-02,2,True,False,False,False,0.9765625,0.7109375,0.59375
PAPER:THETAUSDT:1790964299999:SHORT,1790964321308,Fresh_2026-10-02,fresh,2026-10-02,2,True,False,False,False,0.5078125,0.8359375,0.65625
PAPER:LYNUSDT:1790964599999:SHORT,1790964635322,Fresh_2026-10-02,fresh,2026-10-02,0,False,False,False,False,0.390625,0.546875,0.890625
PAPER:BEAMXUSDT:1790964599999:SHORT,1790964638081,Fresh_2026-10-02,fresh,2026-10-02,0,True,False,False,False,0.828125,0.0546875,0.265625
PAPER:GENIUSUSDT:1790964599999:SHORT,1790964667893,Fresh_2026-10-02,fresh,2026-10-02,3,False,False,False,False,0.3046875,0.6796875,0.5078125
PAPER:QNTUSDT:1790964899999:SHORT,1790964915668,Fresh_2026-10-02,fresh,2026-10-02,2,False,False,False,False,0.3046875,0.9453125,0.8203125
PAPER:PONSUSDT:1790965199999:SHORT,1790965226427,Fresh_2026-10-02,fresh,2026-10-02,1,False,False,False,False,0.828125,0.15625,0.1796875
PAPER:ROSEUSDT:1790965199999:SHORT,1790965231970,Fresh_2026-10-02,fresh,2026-10-02,1,False,False,False,False,0.6875,0.6171875,0.421875
PAPER:BBUSDT:1790965199999:SHORT,1790965235276,Fresh_2026-10-02,fresh,2026-10-02,1,True,False,False,False,0.4140625,0.21875,0.8671875
PAPER:XTZUSDT:1790965199999:SHORT,1790965236086,Fresh_2026-10-02,fresh,2026-10-02,1,False,False,False,False,0.5390625,0.5234375,0.33984375
PAPER:XPLUSDT:1790965199999:SHORT,1790965238331,Fresh_2026-10-02,fresh,2026-10-02,2,False,False,False,False,0.421875,0.6796875,0.3984375
PAPER:ALGOUSDT:1790965199999:SHORT,1790965238803,Fresh_2026-10-02,fresh,2026-10-02,2,False,False,False,False,0.921875,0.5625,0.5859375
PAPER:APTUSDT:1790965199999:SHORT,1790965239267,Fresh_2026-10-02,fresh,2026-10-02,1,False,False,False,False,0.734375,0.5,0.5625
PAPER:ETHFIUSDT:1790965199999:SHORT,1790965242814,Fresh_2026-10-02,fresh,2026-10-02,1,True,False,False,False,0.4765625,0.7265625,0.625
PAPER:ZETAUSDT:1790965199999:SHORT,1790965244070,Fresh_2026-10-02,fresh,2026-10-02,1,False,False,False,False,0.7109375,0.359375,0.3984375
PAPER:YGGUSDT:1790965199999:SHORT,1790965245930,Fresh_2026-10-02,fresh,2026-10-02,1,True,False,False,False,0.890625,0.7890625,0.6796875
PAPER:ONDOUSDT:1790965199999:SHORT,1790965250107,Fresh_2026-10-02,fresh,2026-10-02,2,False,False,False,False,0.6484375,0.484375,0.3984375
PAPER:STRKUSDT:1790965199999:SHORT,1790965251913,Fresh_2026-10-02,fresh,2026-10-02,0,False,False,False,False,0.6015625,0.390625,0.28125
PAPER:ZENUSDT:1790965199999:SHORT,1790965252842,Fresh_2026-10-02,fresh,2026-10-02,1,True,False,False,False,0.3359375,0.4140625,0.4765625
PAPER:BRETTUSDT:1790965199999:SHORT,1790965255025,Fresh_2026-10-02,fresh,2026-10-02,2,False,False,False,False,0.875,0.5625,0.21875
PAPER:DASHUSDT:1790965199999:SHORT,1790965257671,Fresh_2026-10-02,fresh,2026-10-02,1,False,False,False,False,0.7890625,0.2734375,0.1015625
PAPER:NEARUSDT:1790965199999:SHORT,1790965260284,Fresh_2026-10-02,fresh,2026-10-02,1,False,True,True,True,0.1953125,0.34375,0.234375
PAPER:DYDXUSDT:1790965199999:SHORT,1790965260829,Fresh_2026-10-02,fresh,2026-10-02,3,True,False,False,False,0.28125,0.34765625,0.8203125
PAPER:OPNUSDT:1790965199999:SHORT,1790965261302,Fresh_2026-10-02,fresh,2026-10-02,1,True,False,False,False,0.4375,0.8046875,0.46875
PAPER:SPXUSDT:1790965499999:SHORT,1790965519229,Fresh_2026-10-02,fresh,2026-10-02,2,True,False,False,False,0.3984375,0.4375,0.71875
PAPER:我踏马来了USDT:1790965499999:SHORT,1790965524925,Fresh_2026-10-02,fresh,2026-10-02,1,False,False,False,False,0.9765625,0.7265625,0.9296875
PAPER:FARTCOINUSDT:1790965499999:SHORT,1790965530813,Fresh_2026-10-02,fresh,2026-10-02,1,True,False,False,False,0.453125,0.6796875,0.828125
PAPER:币安人生USDT:1790965499999:SHORT,1790965532514,Fresh_2026-10-02,fresh,2026-10-02,1,True,False,False,False,0.4765625,0.78125,0.859375
PAPER:ILVUSDT:1790965499999:SHORT,1790965534098,Fresh_2026-10-02,fresh,2026-10-02,3,True,False,False,False,0.1640625,0.3984375,0.8828125
PAPER:VTHOUSDT:1790965499999:SHORT,1790965535593,Fresh_2026-10-02,fresh,2026-10-02,2,True,False,False,False,0.0546875,0.59375,0.5859375
PAPER:ROBOUSDT:1790965499999:SHORT,1790965537863,Fresh_2026-10-02,fresh,2026-10-02,2,True,False,False,False,0.609375,0.75,0.90625
PAPER:BANANAS31USDT:1790965499999:SHORT,1790965565430,Fresh_2026-10-02,fresh,2026-10-02,2,True,False,False,False,0.109375,0.6328125,0.6640625
PAPER:EDENUSDT:1790965799999:SHORT,1790965816468,Fresh_2026-10-02,fresh,2026-10-02,1,True,False,False,False,0.515625,0.8125,0.703125
PAPER:ZECUSDT:1790965799999:SHORT,1790965823934,Fresh_2026-10-02,fresh,2026-10-02,1,False,True,True,True,0.109375,0.234375,0.125
PAPER:PTBUSDT:1790965799999:SHORT,1790965824441,Fresh_2026-10-02,fresh,2026-10-02,2,False,False,False,False,0.0546875,0.890625,0.5546875
PAPER:RONINUSDT:1790965799999:SHORT,1790965824917,Fresh_2026-10-02,fresh,2026-10-02,0,True,False,False,False,0.3515625,0.9296875,0.546875
PAPER:ILVUSDT:1790965799999:SHORT,1790965826814,Fresh_2026-10-02,fresh,2026-10-02,1,False,True,True,True,0.0234375,0.8359375,0.5234375
PAPER:TAOUSDT:1790965799999:SHORT,1790965829488,Fresh_2026-10-02,fresh,2026-10-02,1,True,True,True,True,0.09375,0.9921875,1.0
PAPER:NILUSDT:1790965799999:SHORT,1790965830581,Fresh_2026-10-02,fresh,2026-10-02,1,False,False,False,False,0.6015625,0.7421875,0.5390625
PAPER:KSMUSDT:1790965799999:SHORT,1790965832693,Fresh_2026-10-02,fresh,2026-10-02,1,False,False,False,False,0.40625,0.515625,0.125
PAPER:MEGAUSDT:1790965799999:SHORT,1790965833208,Fresh_2026-10-02,fresh,2026-10-02,1,True,False,False,False,0.640625,0.875,0.8046875
PAPER:DOLOUSDT:1790965799999:SHORT,1790965839001,Fresh_2026-10-02,fresh,2026-10-02,1,True,True,True,True,0.0,0.703125,0.421875
PAPER:1000SATSUSDT:1790965799999:SHORT,1790965839779,Fresh_2026-10-02,fresh,2026-10-02,3,True,False,False,False,0.046875,0.625,0.4453125
PAPER:EDUUSDT:1790965799999:SHORT,1790965845447,Fresh_2026-10-02,fresh,2026-10-02,3,True,False,False,False,0.5546875,0.71875,0.703125
PAPER:TSTUSDT:1790965799999:SHORT,1790965846393,Fresh_2026-10-02,fresh,2026-10-02,1,True,True,True,True,0.2421875,0.7421875,0.5390625
PAPER:ALPINEUSDT:1790965799999:SHORT,1790965851056,Fresh_2026-10-02,fresh,2026-10-02,2,True,False,False,False,0.5234375,0.5859375,0.1328125
PAPER:PONSUSDT:1790966099999:SHORT,1790966124740,Fresh_2026-10-02,fresh,2026-10-02,2,True,False,False,False,0.3046875,0.6640625,0.8359375
PAPER:KAITOUSDT:1790966099999:SHORT,1790966127059,Fresh_2026-10-02,fresh,2026-10-02,3,False,False,False,False,0.2578125,0.84375,0.78125
PAPER:CRVUSDT:1790966099999:SHORT,1790966131036,Fresh_2026-10-02,fresh,2026-10-02,2,False,False,False,False,0.5625,0.6328125,0.84375
PAPER:USELESSUSDT:1790966099999:SHORT,1790966131841,Fresh_2026-10-02,fresh,2026-10-02,2,True,False,False,False,0.1640625,0.6796875,0.7734375
PAPER:1000BONKUSDT:1790966099999:SHORT,1790966132314,Fresh_2026-10-02,fresh,2026-10-02,3,True,False,False,False,0.2421875,0.2421875,0.6484375
PAPER:ONDOUSDT:1790966099999:SHORT,1790966137230,Fresh_2026-10-02,fresh,2026-10-02,2,False,False,False,True,0.265625,0.078125,0.7265625
PAPER:HMSTRUSDT:1790966099999:SHORT,1790966140214,Fresh_2026-10-02,fresh,2026-10-02,3,True,False,False,False,0.15625,0.296875,0.359375
PAPER:VIRTUALUSDT:1790966099999:SHORT,1790966142305,Fresh_2026-10-02,fresh,2026-10-02,2,False,False,False,False,0.1484375,0.546875,0.1796875
PAPER:SXTUSDT:1790966099999:SHORT,1790966144202,Fresh_2026-10-02,fresh,2026-10-02,2,True,False,False,False,0.765625,0.3828125,0.703125
PAPER:FOGOUSDT:1790966099999:SHORT,1790966145870,Fresh_2026-10-02,fresh,2026-10-02,2,True,False,False,False,0.1015625,0.671875,0.734375
PAPER:INXUSDT:1790966099999:SHORT,1790966151624,Fresh_2026-10-02,fresh,2026-10-02,2,True,False,False,False,0.171875,0.484375,0.125
PAPER:STRKUSDT:1790966099999:SHORT,1790966152367,Fresh_2026-10-02,fresh,2026-10-02,2,False,False,False,True,0.078125,0.109375,0.4921875
PAPER:MINAUSDT:1790966099999:SHORT,1790966152920,Fresh_2026-10-02,fresh,2026-10-02,1,False,False,False,False,0.65625,0.0546875,0.375
PAPER:FRAXUSDT:1790966099999:SHORT,1790966166339,Fresh_2026-10-02,fresh,2026-10-02,2,True,False,False,False,0.9765625,0.6171875,0.71875
PAPER:WUSDT:1790966099999:SHORT,1790966231904,Fresh_2026-10-02,fresh,2026-10-02,2,True,False,False,False,0.0546875,0.953125,1.0
PAPER:ARBUSDT:1790966399999:SHORT,1790966427846,Fresh_2026-10-02,fresh,2026-10-02,0,True,False,False,False,0.6796875,0.265625,0.1875
PAPER:CFGUSDT:1790966399999:SHORT,1790966430651,Fresh_2026-10-02,fresh,2026-10-02,0,False,False,False,False,0.9375,0.6171875,0.0703125
PAPER:ONEUSDT:1790966399999:SHORT,1790966432975,Fresh_2026-10-02,fresh,2026-10-02,0,False,False,False,False,0.7890625,0.015625,0.0078125
PAPER:MYXUSDT:1790966399999:SHORT,1790966433434,Fresh_2026-10-02,fresh,2026-10-02,0,False,False,False,False,0.9453125,0.0078125,0.0078125
PAPER:ATOMUSDT:1790966399999:SHORT,1790966461800,Fresh_2026-10-02,fresh,2026-10-02,3,False,False,False,False,0.328125,0.6171875,0.890625
PAPER:GRTUSDT:1790966399999:SHORT,1790966474895,Fresh_2026-10-02,fresh,2026-10-02,2,False,False,False,False,0.765625,0.8984375,0.921875
PAPER:JUPUSDT:1790966399999:SHORT,1790966481860,Fresh_2026-10-02,fresh,2026-10-02,2,True,False,False,False,0.671875,0.6953125,0.9296875
PAPER:ETCUSDT:1790966399999:SHORT,1790966522232,Fresh_2026-10-02,fresh,2026-10-02,2,False,False,False,False,0.3203125,0.890625,0.59375
PAPER:DOODUSDT:1790966399999:SHORT,1790966522410,Fresh_2026-10-02,fresh,2026-10-02,2,False,False,False,False,0.4765625,0.8515625,0.25390625
PAPER:CAKEUSDT:1790966699999:SHORT,1790966720566,Fresh_2026-10-02,fresh,2026-10-02,3,False,False,False,False,0.3984375,0.171875,0.875
PAPER:CTKUSDT:1790966699999:SHORT,1790966723840,Fresh_2026-10-02,fresh,2026-10-02,3,False,False,False,False,0.0859375,0.0390625,0.875
PAPER:WCTUSDT:1790966699999:SHORT,1790966731403,Fresh_2026-10-02,fresh,2026-10-02,3,False,False,False,False,0.9765625,0.015625,0.8671875
PAPER:BROCCOLIF3BUSDT:1790966699999:SHORT,1790966734761,Fresh_2026-10-02,fresh,2026-10-02,3,False,False,False,False,0.078125,0.0234375,0.5703125
PAPER:STBLUSDT:1790966699999:SHORT,1790966737160,Fresh_2026-10-02,fresh,2026-10-02,3,False,False,False,False,0.0390625,0.03125,0.5703125
PAPER:1000CHEEMSUSDT:1790966699999:SHORT,1790966766504,Fresh_2026-10-02,fresh,2026-10-02,2,False,False,False,False,0.21875,0.9453125,0.5
PAPER:MEGAUSDT:1790968199999:SHORT,1790968218131,Fresh_2026-10-02,fresh,2026-10-02,1,False,False,False,False,0.765625,0.5859375,0.609375
PAPER:ARBUSDT:1790968199999:SHORT,1790968220229,Fresh_2026-10-02,fresh,2026-10-02,2,True,False,False,False,0.53125,0.359375,0.75
PAPER:XPINUSDT:1790968199999:SHORT,1790968226961,Fresh_2026-10-02,fresh,2026-10-02,0,False,False,False,False,0.140625,0.765625,0.65625
PAPER:THEUSDT:1790968199999:SHORT,1790968270932,Fresh_2026-10-02,fresh,2026-10-02,0,False,False,False,False,0.1015625,0.34375,0.53125
PAPER:ELSAUSDT:1790968199999:SHORT,1790968281578,Fresh_2026-10-02,fresh,2026-10-02,3,True,False,False,False,0.375,0.8046875,0.5625
PAPER:FFUSDT:1790968499999:SHORT,1790968520590,Fresh_2026-10-02,fresh,2026-10-02,1,False,True,True,True,0.1484375,0.7578125,0.78125
PAPER:WAXPUSDT:1790968499999:SHORT,1790968523104,Fresh_2026-10-02,fresh,2026-10-02,2,False,False,False,False,0.3125,0.875,0.84375
PAPER:STRKUSDT:1790968799999:SHORT,1790968813954,Fresh_2026-10-02,fresh,2026-10-02,1,False,False,False,False,0.5078125,0.3203125,0.7265625
PAPER:ALCHUSDT:1790968799999:SHORT,1790968820030,Fresh_2026-10-02,fresh,2026-10-02,1,False,False,False,False,0.65625,0.3515625,0.0546875
PAPER:RAYSOLUSDT:1790968799999:SHORT,1790968820666,Fresh_2026-10-02,fresh,2026-10-02,1,False,True,True,True,0.09375,0.15625,0.1640625
PAPER:FOGOUSDT:1790970899999:SHORT,1790970919389,Fresh_2026-10-02,fresh,2026-10-02,2,False,False,False,False,0.1875,0.53125,0.3125
PAPER:ZETAUSDT:1790971799999:SHORT,1790971820910,Fresh_2026-10-02,fresh,2026-10-02,2,False,False,False,True,0.1796875,0.078125,0.0234375
PAPER:OUSDT:1790971799999:SHORT,1790971859441,Fresh_2026-10-02,fresh,2026-10-02,2,False,False,False,True,0.59375,0.1171875,0.1015625
PAPER:CAPUSDT:1790973599999:SHORT,1790973616919,Fresh_2026-10-02,fresh,2026-10-02,1,True,False,False,False,0.34375,0.8828125,0.3671875
PAPER:FOLKSUSDT:1790973899999:SHORT,1790973916993,Fresh_2026-10-02,fresh,2026-10-02,3,False,True,False,False,0.0078125,0.0546875,0.125
PAPER:BERAUSDT:1790973899999:SHORT,1790973922350,Fresh_2026-10-02,fresh,2026-10-02,3,False,True,False,False,0.078125,0.09375,0.109375
PAPER:牛来USDT:1790973899999:SHORT,1790973922805,Fresh_2026-10-02,fresh,2026-10-02,1,True,False,False,False,0.3359375,0.8515625,0.96875
PAPER:SYNUSDT:1790973899999:SHORT,1790973925096,Fresh_2026-10-02,fresh,2026-10-02,0,False,False,False,False,0.1328125,0.1171875,0.0703125
PAPER:FOGOUSDT:1790975099999:SHORT,1790975117873,Fresh_2026-10-02,fresh,2026-10-02,2,False,False,False,True,0.7265625,0.1171875,0.0234375
PAPER:PLAYUSDT:1790975099999:SHORT,1790975125820,Fresh_2026-10-02,fresh,2026-10-02,0,False,False,False,False,0.1328125,0.1484375,0.0703125
PAPER:PHAUSDT:1790975399999:SHORT,1790975416375,Fresh_2026-10-02,fresh,2026-10-02,1,True,False,False,False,0.6875,0.8515625,0.71875
PAPER:XPLUSDT:1790976599999:SHORT,1790976617375,Fresh_2026-10-02,fresh,2026-10-02,1,False,False,False,False,0.7421875,0.1640625,0.0859375
PAPER:GTCUSDT:1790976599999:SHORT,1790976618760,Fresh_2026-10-02,fresh,2026-10-02,0,False,False,False,False,0.890625,0.671875,0.4296875
PAPER:FLUIDUSDT:1790976599999:SHORT,1790976622931,Fresh_2026-10-02,fresh,2026-10-02,0,False,False,False,False,0.8828125,0.0390625,0.03125
PAPER:MIRAUSDT:1790976599999:SHORT,1790976629518,Fresh_2026-10-02,fresh,2026-10-02,2,False,False,False,True,0.09375,0.140625,0.078125
PAPER:PONSUSDT:1790976599999:SHORT,1790976632142,Fresh_2026-10-02,fresh,2026-10-02,2,True,False,False,False,0.21875,0.8515625,0.9765625
PAPER:ALCHUSDT:1790978099999:SHORT,1790978222585,Fresh_2026-10-02,fresh,2026-10-02,2,False,False,False,False,0.6484375,0.59375,0.921875
PAPER:LSKUSDT:1790979299999:SHORT,1790979317386,Fresh_2026-10-02,fresh,2026-10-02,0,False,False,False,False,0.234375,0.015625,0.0703125
PAPER:ENAUSDT:1790979299999:SHORT,1790979360345,Fresh_2026-10-02,fresh,2026-10-02,1,False,False,False,False,0.4921875,0.984375,0.7421875
PAPER:SPORTFUNUSDT:1790979599999:SHORT,1790979660828,Fresh_2026-10-02,fresh,2026-10-02,2,False,False,False,False,0.0390625,0.5703125,0.3359375
PAPER:ENAUSDT:1790980799999:SHORT,1790980816972,Fresh_2026-10-02,fresh,2026-10-02,2,False,False,False,False,0.1953125,0.515625,0.40625
PAPER:PROMUSDT:1790982599999:SHORT,1790982619553,Fresh_2026-10-02,fresh,2026-10-02,3,False,False,False,False,0.3828125,0.3671875,0.3203125
PAPER:DATAIPUSDT:1790982899999:SHORT,1790982968800,Fresh_2026-10-02,fresh,2026-10-02,1,False,False,False,False,0.4765625,0.65625,0.6640625
PAPER:QUSDT:1790984099999:SHORT,1790984118640,Fresh_2026-10-02,fresh,2026-10-02,0,True,False,False,False,0.7421875,0.890625,0.6171875
PAPER:POWERUSDT:1790985899999:SHORT,1790985927642,Fresh_2026-10-03,fresh,2026-10-03,3,False,False,False,False,0.6015625,0.359375,0.6640625
PAPER:ZETAUSDT:1790985899999:SHORT,1790985939163,Fresh_2026-10-03,fresh,2026-10-03,0,False,False,False,False,0.3828125,0.1015625,0.3046875
PAPER:LYNUSDT:1790985899999:SHORT,1790986029639,Fresh_2026-10-03,fresh,2026-10-03,2,False,False,False,False,0.1171875,0.890625,0.859375
PAPER:BRUSDT:1790986199999:SHORT,1790986219845,Fresh_2026-10-03,fresh,2026-10-03,0,False,False,False,False,0.2578125,0.203125,0.015625
PAPER:ARKUSDT:1790986199999:SHORT,1790986220701,Fresh_2026-10-03,fresh,2026-10-03,2,True,False,False,False,0.15625,0.8671875,0.953125
PAPER:BTWUSDT:1790986499999:SHORT,1790986521563,Fresh_2026-10-03,fresh,2026-10-03,3,True,False,False,False,0.3203125,0.109375,0.328125
PAPER:BTWUSDT:1790987099999:SHORT,1790987182826,Fresh_2026-10-03,fresh,2026-10-03,0,False,False,False,False,0.125,0.9609375,0.7890625
PAPER:POWERUSDT:1790987699999:SHORT,1790987770472,Fresh_2026-10-03,fresh,2026-10-03,2,False,False,False,False,0.15625,0.984375,0.859375
PAPER:ATHUSDT:1790987999999:SHORT,1790988025377,Fresh_2026-10-03,fresh,2026-10-03,0,False,False,False,False,0.8203125,0.828125,0.1015625
PAPER:BRUSDT:1790987999999:SHORT,1790988025856,Fresh_2026-10-03,fresh,2026-10-03,2,False,False,False,True,0.4609375,0.2421875,0.6796875
PAPER:1000000BOBUSDT:1790988599999:SHORT,1790988620689,Fresh_2026-10-03,fresh,2026-10-03,0,False,False,False,False,0.46875,0.8671875,0.28125
PAPER:TUSDT:1790988899999:SHORT,1790988926197,Fresh_2026-10-03,fresh,2026-10-03,2,False,False,False,False,0.0078125,0.4453125,0.4765625
PAPER:CGPTUSDT:1790989199999:SHORT,1790989215234,Fresh_2026-10-03,fresh,2026-10-03,1,False,False,False,False,0.5078125,0.2890625,0.421875
PAPER:SOONUSDT:1790989199999:SHORT,1790989220302,Fresh_2026-10-03,fresh,2026-10-03,0,True,False,False,False,0.84375,0.9921875,0.9765625
PAPER:BLESSUSDT:1790990699999:SHORT,1790990724215,Fresh_2026-10-03,fresh,2026-10-03,1,False,True,True,True,0.0390625,0.0234375,0.0234375
PAPER:MAGICUSDT:1790990699999:SHORT,1790990746859,Fresh_2026-10-03,fresh,2026-10-03,2,False,False,False,True,0.84375,0.1640625,0.046875
PAPER:EPICUSDT:1790990699999:SHORT,1790990768771,Fresh_2026-10-03,fresh,2026-10-03,3,False,False,False,False,0.3125,0.0390625,0.46875
PAPER:VELODROMEUSDT:1790991299999:SHORT,1790991315334,Fresh_2026-10-03,fresh,2026-10-03,3,True,False,False,False,0.9453125,0.359375,0.34375
PAPER:INITUSDT:1790991299999:SHORT,1790991316450,Fresh_2026-10-03,fresh,2026-10-03,2,False,False,False,False,0.421875,0.3203125,0.7265625
PAPER:ARKUSDT:1790991299999:SHORT,1790991317614,Fresh_2026-10-03,fresh,2026-10-03,0,True,False,False,False,0.7890625,0.421875,0.6640625
PAPER:RONINUSDT:1790992499999:SHORT,1790992523634,Fresh_2026-10-03,fresh,2026-10-03,3,False,False,False,False,0.140625,0.30078125,0.3671875
PAPER:KOMAUSDT:1790992499999:SHORT,1790992527372,Fresh_2026-10-03,fresh,2026-10-03,2,False,False,False,False,0.1015625,0.9296875,0.3203125
PAPER:ELSAUSDT:1790993099999:SHORT,1790993128497,Fresh_2026-10-03,fresh,2026-10-03,3,False,False,False,False,0.90625,0.09375,0.671875
PAPER:SCRUSDT:1790994299999:SHORT,1790994324604,Fresh_2026-10-03,fresh,2026-10-03,1,False,False,False,False,0.671875,0.6015625,0.5234375
PAPER:PROMPTUSDT:1790994299999:SHORT,1790994329198,Fresh_2026-10-03,fresh,2026-10-03,1,False,False,False,False,0.609375,0.609375,0.53125
PAPER:THEUSDT:1790994599999:SHORT,1790994614296,Fresh_2026-10-03,fresh,2026-10-03,1,False,False,False,False,0.3203125,0.4765625,0.28125
PAPER:EVAAUSDT:1790995199999:SHORT,1790995225407,Fresh_2026-10-03,fresh,2026-10-03,2,False,False,False,True,0.2421875,0.0859375,0.0546875
PAPER:MARSCOINUSDT:1790995199999:SHORT,1790995228537,Fresh_2026-10-03,fresh,2026-10-03,3,True,False,False,False,0.1015625,0.140625,0.7734375
PAPER:PONSUSDT:1790995499999:SHORT,1790995567681,Fresh_2026-10-03,fresh,2026-10-03,1,True,False,False,False,0.671875,0.9765625,0.96875
PAPER:GRASSUSDT:1790996099999:SHORT,1790996114558,Fresh_2026-10-03,fresh,2026-10-03,1,False,False,False,False,0.3203125,0.6328125,0.4453125
PAPER:JASMYUSDT:1790996099999:SHORT,1790996115182,Fresh_2026-10-03,fresh,2026-10-03,3,False,False,False,False,0.9296875,0.1328125,0.3828125
PAPER:BTRUSDT:1790996699999:SHORT,1790996720900,Fresh_2026-10-03,fresh,2026-10-03,2,False,False,False,False,0.703125,0.5546875,0.3984375
PAPER:VVVUSDT:1790996699999:SHORT,1790996726001,Fresh_2026-10-03,fresh,2026-10-03,0,False,False,False,False,0.890625,0.0625,0.03125
PAPER:ALGOUSDT:1790996699999:SHORT,1790996733549,Fresh_2026-10-03,fresh,2026-10-03,2,False,False,False,True,0.3828125,0.2890625,0.2421875
PAPER:LPTUSDT:1790997599999:SHORT,1790997659924,Fresh_2026-10-03,fresh,2026-10-03,2,False,False,False,False,0.2265625,0.84375,0.625
PAPER:2ZUSDT:1790998499999:SHORT,1790998551896,Fresh_2026-10-03,fresh,2026-10-03,3,False,False,False,False,0.5546875,0.1796875,0.515625
PAPER:OUSDT:1790998499999:SHORT,1790998598369,Fresh_2026-10-03,fresh,2026-10-03,3,False,True,False,False,0.84375,0.296875,0.265625
PAPER:BBUSDT:1790998799999:SHORT,1790998846039,Fresh_2026-10-03,fresh,2026-10-03,2,False,False,False,True,0.59375,0.25,0.09375
PAPER:MARSCOINUSDT:1790999399999:SHORT,1790999454399,Fresh_2026-10-03,fresh,2026-10-03,3,False,True,False,False,0.9375,0.296875,0.296875
PAPER:2ZUSDT:1791000299999:SHORT,1791000331096,Fresh_2026-10-03,fresh,2026-10-03,1,False,True,True,True,0.28125,0.6796875,0.625
PAPER:SEIUSDT:1791000299999:SHORT,1791000350583,Fresh_2026-10-03,fresh,2026-10-03,2,True,False,False,False,0.546875,0.6015625,0.578125
PAPER:CRVUSDT:1791000299999:SHORT,1791000366354,Fresh_2026-10-03,fresh,2026-10-03,2,False,False,False,False,0.4140625,0.46875,0.5546875
PAPER:MONUSDT:1791000299999:SHORT,1791000366532,Fresh_2026-10-03,fresh,2026-10-03,1,False,False,False,False,0.953125,0.5625,0.609375
PAPER:INJUSDT:1791001199999:SHORT,1791001217830,Fresh_2026-10-03,fresh,2026-10-03,1,False,False,False,False,0.5703125,0.640625,0.078125
PAPER:IOUSDT:1791001199999:SHORT,1791001235313,Fresh_2026-10-03,fresh,2026-10-03,3,False,False,False,False,0.84375,0.33984375,0.359375
PAPER:USELESSUSDT:1791001199999:SHORT,1791001238700,Fresh_2026-10-03,fresh,2026-10-03,2,True,False,False,False,0.765625,0.5,0.59375
PAPER:ARUSDT:1791001199999:SHORT,1791001252067,Fresh_2026-10-03,fresh,2026-10-03,1,False,False,False,False,0.9609375,0.6796875,0.671875
PAPER:哈基米USDT:1791001499999:SHORT,1791001566195,Fresh_2026-10-03,fresh,2026-10-03,2,False,False,False,False,0.0,0.78125,0.6640625
PAPER:SPKUSDT:1791003899999:SHORT,1791003965601,Fresh_2026-10-03,fresh,2026-10-03,1,False,False,False,False,0.59375,0.0703125,0.0390625
PAPER:QNTUSDT:1791004199999:SHORT,1791004231020,Fresh_2026-10-03,fresh,2026-10-03,2,False,False,False,False,0.65625,0.78125,0.0703125
PAPER:HANAUSDT:1791005399999:SHORT,1791005429696,Fresh_2026-10-03,fresh,2026-10-03,1,True,False,False,False,0.4375,0.046875,0.0703125
PAPER:FHEUSDT:1791005699999:SHORT,1791005728858,Fresh_2026-10-03,fresh,2026-10-03,0,False,False,False,False,0.984375,0.5859375,0.3046875
PAPER:1000000BOBUSDT:1791006599999:SHORT,1791006724941,Fresh_2026-10-03,fresh,2026-10-03,0,True,False,False,False,0.015625,0.625,0.5625
PAPER:XANUSDT:1791008099999:SHORT,1791008119883,Fresh_2026-10-03,fresh,2026-10-03,2,False,False,False,False,0.9609375,0.921875,0.7421875
PAPER:SENTUSDT:1791008399999:SHORT,1791008460759,Fresh_2026-10-03,fresh,2026-10-03,1,False,True,True,True,0.09375,0.7265625,0.6875
PAPER:ATUSDT:1791008399999:SHORT,1791008460932,Fresh_2026-10-03,fresh,2026-10-03,1,False,False,False,False,1.0,0.9375,0.0625
PAPER:MOVRUSDT:1791008699999:SHORT,1791008726049,Fresh_2026-10-03,fresh,2026-10-03,2,False,False,False,False,0.5625,0.921875,0.546875
PAPER:NOMUSDT:1791008699999:SHORT,1791008763126,Fresh_2026-10-03,fresh,2026-10-03,2,False,False,False,False,0.2265625,0.921875,0.9375
PAPER:ATUSDT:1791009899999:SHORT,1791009931322,Fresh_2026-10-03,fresh,2026-10-03,2,True,False,False,False,0.5703125,0.7890625,0.9765625
PAPER:CROSSUSDT:1791010199999:SHORT,1791010241936,Fresh_2026-10-03,fresh,2026-10-03,0,False,False,False,False,0.0546875,0.3984375,0.0390625
PAPER:HUMAUSDT:1791011099999:SHORT,1791011155512,Fresh_2026-10-03,fresh,2026-10-03,1,True,False,False,False,0.5390625,0.59375,0.734375
PAPER:MITOUSDT:1791011099999:SHORT,1791011166820,Fresh_2026-10-03,fresh,2026-10-03,1,True,False,False,False,0.9375,0.5546875,0.7109375
PAPER:MASKUSDT:1791011399999:SHORT,1791011419072,Fresh_2026-10-03,fresh,2026-10-03,1,True,False,False,False,0.515625,0.4765625,0.2890625
PAPER:YGGUSDT:1791011699999:SHORT,1791011732815,Fresh_2026-10-03,fresh,2026-10-03,2,False,False,False,False,0.609375,0.421875,0.453125
PAPER:EVAAUSDT:1791011999999:SHORT,1791012015261,Fresh_2026-10-03,fresh,2026-10-03,0,False,False,False,False,0.421875,0.0703125,0.03125
PAPER:SAGAUSDT:1791011999999:SHORT,1791012040148,Fresh_2026-10-03,fresh,2026-10-03,2,False,False,False,False,0.875,0.515625,0.4921875
PAPER:NOMUSDT:1791012299999:SHORT,1791012333863,Fresh_2026-10-03,fresh,2026-10-03,2,False,False,False,False,0.4140625,0.671875,0.71875
PAPER:WLDUSDT:1791012599999:SHORT,1791012657153,Fresh_2026-10-03,fresh,2026-10-03,2,True,False,False,False,0.4296875,0.96875,0.9140625
PAPER:TNSRUSDT:1791012899999:SHORT,1791012964361,Fresh_2026-10-03,fresh,2026-10-03,1,True,False,False,False,0.578125,0.6953125,0.5546875
PAPER:LYNUSDT:1791013499999:SHORT,1791013518658,Fresh_2026-10-03,fresh,2026-10-03,2,False,False,False,False,0.7421875,0.5390625,0.2734375
PAPER:STRKUSDT:1791013499999:SHORT,1791013524200,Fresh_2026-10-03,fresh,2026-10-03,2,False,False,False,False,0.0,0.7578125,0.6171875
PAPER:UAIUSDT:1791014699999:SHORT,1791014742780,Fresh_2026-10-03,fresh,2026-10-03,1,True,False,False,False,0.703125,0.7421875,0.8515625
PAPER:MARSCOINUSDT:1791014699999:SHORT,1791014747857,Fresh_2026-10-03,fresh,2026-10-03,1,False,False,False,False,0.703125,0.2890625,0.203125
PAPER:RONINUSDT:1791014699999:SHORT,1791014770016,Fresh_2026-10-03,fresh,2026-10-03,0,True,False,False,False,0.2890625,0.8125,0.75
PAPER:ENJUSDT:1791014999999:SHORT,1791015027216,Fresh_2026-10-03,fresh,2026-10-03,0,False,False,False,False,0.859375,0.1875,0.125
PAPER:FLUIDUSDT:1791014999999:SHORT,1791015046533,Fresh_2026-10-03,fresh,2026-10-03,2,True,False,False,False,0.8828125,0.35546875,0.5625
PAPER:PHAUSDT:1791015299999:SHORT,1791015335431,Fresh_2026-10-03,fresh,2026-10-03,2,False,False,False,False,0.5234375,0.609375,0.40625
PAPER:OPGUSDT:1791015599999:SHORT,1791015624151,Fresh_2026-10-03,fresh,2026-10-03,1,False,True,True,True,0.2421875,0.34375,0.27734375
PAPER:PLAYUSDT:1791015599999:SHORT,1791015666501,Fresh_2026-10-03,fresh,2026-10-03,2,False,False,False,False,0.0390625,0.4140625,0.3125
PAPER:AGLDUSDT:1791015899999:SHORT,1791015915941,Fresh_2026-10-03,fresh,2026-10-03,1,False,False,False,False,0.328125,0.8125,0.8359375
PAPER:INITUSDT:1791015899999:SHORT,1791015944194,Fresh_2026-10-03,fresh,2026-10-03,1,True,False,False,False,0.6328125,0.6953125,0.765625
PAPER:MEWUSDT:1791016199999:SHORT,1791016218014,Fresh_2026-10-03,fresh,2026-10-03,1,False,False,False,False,0.578125,0.453125,0.5078125
PAPER:MIRAUSDT:1791016199999:SHORT,1791016239827,Fresh_2026-10-03,fresh,2026-10-03,0,False,False,False,False,0.6015625,0.578125,0.5234375
PAPER:INITUSDT:1791016499999:SHORT,1791016529984,Fresh_2026-10-03,fresh,2026-10-03,1,False,True,True,True,0.0390625,0.1875,0.28125
PAPER:NOMUSDT:1791016499999:SHORT,1791016633879,Fresh_2026-10-03,fresh,2026-10-03,3,True,False,False,False,0.359375,0.921875,0.4296875
PAPER:CROSSUSDT:1791017099999:SHORT,1791017169453,Fresh_2026-10-03,fresh,2026-10-03,2,False,False,False,False,0.4296875,0.8984375,0.9296875
PAPER:USUSDT:1791017699999:SHORT,1791017725366,Fresh_2026-10-03,fresh,2026-10-03,2,False,False,False,True,0.578125,0.0234375,0.125
PAPER:YGGUSDT:1791017999999:SHORT,1791018026559,Fresh_2026-10-03,fresh,2026-10-03,1,False,True,True,True,0.0234375,0.4296875,0.1484375
PAPER:HANAUSDT:1791018899999:SHORT,1791018928091,Fresh_2026-10-03,fresh,2026-10-03,2,False,False,False,False,0.7421875,0.65625,0.26171875
PAPER:PEOPLEUSDT:1791019199999:SHORT,1791019217578,Fresh_2026-10-03,fresh,2026-10-03,1,False,False,False,False,0.984375,0.5078125,0.2421875
PAPER:SYNUSDT:1791019799999:SHORT,1791019814589,Fresh_2026-10-03,fresh,2026-10-03,1,False,False,False,False,0.6640625,0.3046875,0.015625
PAPER:HANAUSDT:1791020099999:SHORT,1791020118662,Fresh_2026-10-03,fresh,2026-10-03,2,False,False,False,True,0.2109375,0.2265625,0.078125
PAPER:FIGHTUSDT:1791022799999:SHORT,1791022922896,Fresh_2026-10-03,fresh,2026-10-03,1,False,True,True,True,0.203125,0.6328125,0.6171875
PAPER:1000000BOBUSDT:1791023099999:SHORT,1791023117067,Fresh_2026-10-03,fresh,2026-10-03,0,False,False,False,False,0.3671875,0.0390625,0.015625
PAPER:CAPUSDT:1791023099999:SHORT,1791023165338,Fresh_2026-10-03,fresh,2026-10-03,1,False,False,False,False,0.640625,0.8359375,0.796875
PAPER:TURTLEUSDT:1791023999999:SHORT,1791024036076,Fresh_2026-10-03,fresh,2026-10-03,1,False,False,False,False,0.9921875,0.453125,0.0625
PAPER:AEROUSDT:1791025799999:SHORT,1791025826009,Fresh_2026-10-03,fresh,2026-10-03,1,False,True,True,True,0.2109375,0.5625,0.390625
PAPER:BRUSDT:1791028499999:SHORT,1791028528334,Fresh_2026-10-03,fresh,2026-10-03,1,False,False,False,False,0.921875,0.7890625,0.765625
PAPER:OPENUSDT:1791029099999:SHORT,1791029140478,Fresh_2026-10-03,fresh,2026-10-03,1,True,False,False,False,0.515625,0.625,0.7265625
PAPER:PTBUSDT:1791029399999:SHORT,1791029421405,Fresh_2026-10-03,fresh,2026-10-03,2,False,False,False,False,0.2265625,0.5859375,0.171875
PAPER:ZAMAUSDT:1791029999999:SHORT,1791030019217,Fresh_2026-10-03,fresh,2026-10-03,2,False,False,False,False,0.0859375,0.4296875,0.546875
PAPER:PROMUSDT:1791030299999:SHORT,1791030387672,Fresh_2026-10-03,fresh,2026-10-03,1,True,True,True,True,0.171875,0.5234375,0.3515625
PAPER:TUSDT:1791030299999:SHORT,1791030387836,Fresh_2026-10-03,fresh,2026-10-03,1,True,False,False,False,0.5625,0.5078125,0.6328125
PAPER:ALCHUSDT:1791030599999:SHORT,1791030647073,Fresh_2026-10-03,fresh,2026-10-03,0,False,False,False,False,0.5,0.32421875,0.265625
PAPER:ARUSDT:1791030899999:SHORT,1791030957511,Fresh_2026-10-03,fresh,2026-10-03,2,False,False,False,False,0.265625,0.578125,0.859375
PAPER:EDGEUSDT:1791031199999:SHORT,1791031246685,Fresh_2026-10-03,fresh,2026-10-03,2,False,False,False,False,0.5078125,0.8515625,0.9140625
PAPER:AVAAIUSDT:1791031199999:SHORT,1791031259140,Fresh_2026-10-03,fresh,2026-10-03,2,True,False,False,False,0.6484375,0.4609375,0.8828125
PAPER:XVGUSDT:1791031199999:SHORT,1791031268718,Fresh_2026-10-03,fresh,2026-10-03,1,False,True,True,True,0.0234375,0.7265625,0.6796875
PAPER:BLUAIUSDT:1791031199999:SHORT,1791031268885,Fresh_2026-10-03,fresh,2026-10-03,1,False,False,False,False,0.8671875,0.7421875,0.6640625
PAPER:CROSSUSDT:1791031199999:SHORT,1791031269227,Fresh_2026-10-03,fresh,2026-10-03,1,True,False,False,False,0.8515625,0.9296875,0.9609375
PAPER:LDOUSDT:1791031199999:SHORT,1791031322344,Fresh_2026-10-03,fresh,2026-10-03,0,False,False,False,False,0.3515625,0.7421875,0.6171875
PAPER:ONUSDT:1791031499999:SHORT,1791031539636,Fresh_2026-10-03,fresh,2026-10-03,2,False,False,False,True,0.3125,0.1875,0.140625
PAPER:BULLAUSDT:1791031499999:SHORT,1791031543515,Fresh_2026-10-03,fresh,2026-10-03,0,False,False,False,False,0.046875,0.109375,0.2109375
PAPER:CVCUSDT:1791031499999:SHORT,1791031553308,Fresh_2026-10-03,fresh,2026-10-03,0,False,False,False,False,0.5859375,0.109375,0.421875
PAPER:TRUTHUSDT:1791031799999:SHORT,1791031822911,Fresh_2026-10-03,fresh,2026-10-03,3,False,True,False,False,0.3828125,0.15625,0.2265625
PAPER:BRUSDT:1791032399999:SHORT,1791032415454,Fresh_2026-10-03,fresh,2026-10-03,2,False,False,False,False,0.7109375,0.6875,0.671875
PAPER:SYNUSDT:1791032699999:SHORT,1791032721859,Fresh_2026-10-03,fresh,2026-10-03,2,True,False,False,False,0.78125,0.4921875,0.8359375
PAPER:BRUSDT:1791032999999:SHORT,1791033013333,Fresh_2026-10-03,fresh,2026-10-03,3,False,False,False,False,0.546875,0.953125,0.7265625
PAPER:POWERUSDT:1791033599999:SHORT,1791033623214,Fresh_2026-10-03,fresh,2026-10-03,1,False,False,False,False,0.9609375,0.2109375,0.4609375
PAPER:TRADOORUSDT:1791033899999:SHORT,1791033926965,Fresh_2026-10-03,fresh,2026-10-03,3,False,True,False,False,0.0546875,0.28125,0.1953125
PAPER:MAGMAUSDT:1791033899999:SHORT,1791033968918,Fresh_2026-10-03,fresh,2026-10-03,0,False,False,False,False,0.21875,0.0,0.0
PAPER:RIVERUSDT:1791034799999:SHORT,1791034816115,Fresh_2026-10-03,fresh,2026-10-03,0,True,False,False,False,0.96875,1.0,0.03125
PAPER:CHILLGUYUSDT:1791036299999:SHORT,1791036322990,Fresh_2026-10-03,fresh,2026-10-03,0,False,False,False,False,0.65625,0.8359375,0.25
PAPER:MELANIAUSDT:1791036599999:SHORT,1791036624645,Fresh_2026-10-03,fresh,2026-10-03,2,False,False,False,False,0.078125,0.3984375,0.5234375
PAPER:AVAAIUSDT:1791036599999:SHORT,1791036629250,Fresh_2026-10-03,fresh,2026-10-03,1,False,False,False,False,0.421875,0.3203125,0.2578125
PAPER:ZECUSDT:1791036899999:SHORT,1791036961886,Fresh_2026-10-03,fresh,2026-10-03,3,False,False,False,False,0.3203125,0.3125,0.3359375
PAPER:ATUSDT:1791039899999:SHORT,1791039928875,Fresh_2026-10-03,fresh,2026-10-03,0,True,False,False,False,0.640625,1.0,1.0
PAPER:PHAUSDT:1791039899999:SHORT,1791039995640,Fresh_2026-10-03,fresh,2026-10-03,2,False,False,False,True,0.265625,0.234375,0.4609375
PAPER:ONUSDT:1791040499999:SHORT,1791040551366,Fresh_2026-10-03,fresh,2026-10-03,2,True,False,False,False,0.6484375,0.8203125,0.9296875
PAPER:BANUSDT:1791040499999:SHORT,1791040551828,Fresh_2026-10-03,fresh,2026-10-03,3,False,True,False,False,0.828125,0.25,0.1640625
PAPER:USUSDT:1791040799999:SHORT,1791040867961,Fresh_2026-10-03,fresh,2026-10-03,1,True,False,False,False,0.3828125,0.9921875,0.984375
PAPER:龙虾USDT:1791041099999:SHORT,1791041125180,Fresh_2026-10-03,fresh,2026-10-03,0,False,False,False,False,0.84375,0.0,0.0
PAPER:ARXUSDT:1791041099999:SHORT,1791041163590,Fresh_2026-10-03,fresh,2026-10-03,1,False,True,True,True,0.1015625,0.703125,0.8125
PAPER:ATUSDT:1791041099999:SHORT,1791041174771,Fresh_2026-10-03,fresh,2026-10-03,0,False,False,False,False,0.3828125,0.1875,0.84375
PAPER:CYSUSDT:1791042299999:SHORT,1791042369220,Fresh_2026-10-03,fresh,2026-10-03,3,False,False,False,False,0.0703125,0.29296875,0.40625
PAPER:MUBARAKUSDT:1791043499999:SHORT,1791043558469,Fresh_2026-10-03,fresh,2026-10-03,3,False,False,False,False,0.2265625,0.3359375,0.4140625
PAPER:USELESSUSDT:1791043499999:SHORT,1791043604121,Fresh_2026-10-03,fresh,2026-10-03,1,False,False,False,False,0.625,0.8828125,0.5859375
PAPER:我踏马来了USDT:1791043799999:SHORT,1791043835108,Fresh_2026-10-03,fresh,2026-10-03,1,True,False,False,False,0.7421875,0.15625,0.3984375
PAPER:ZROUSDT:1791044699999:SHORT,1791044727998,Fresh_2026-10-03,fresh,2026-10-03,0,False,False,False,False,0.640625,0.5703125,0.234375
PAPER:SKYUSDT:1791046199999:SHORT,1791046239257,Fresh_2026-10-03,fresh,2026-10-03,0,False,False,False,False,0.984375,0.1015625,0.2734375
PAPER:SOMIUSDT:1791046799999:SHORT,1791046815301,Fresh_2026-10-03,fresh,2026-10-03,1,False,True,True,True,0.0703125,0.40625,0.5
PAPER:BIOUSDT:1791046799999:SHORT,1791046826546,Fresh_2026-10-03,fresh,2026-10-03,2,False,False,False,False,0.4609375,0.875,0.59375
PAPER:NIGHTUSDT:1791047099999:SHORT,1791047129803,Fresh_2026-10-03,fresh,2026-10-03,2,False,False,False,False,0.4375,0.828125,0.3125
PAPER:MOVRUSDT:1791047999999:SHORT,1791048067006,Fresh_2026-10-03,fresh,2026-10-03,0,False,False,False,False,0.15625,0.2109375,0.015625
PAPER:2ZUSDT:1791048899999:SHORT,1791048920860,Fresh_2026-10-03,fresh,2026-10-03,3,False,False,False,False,0.265625,0.29296875,0.5078125
PAPER:PARTIUSDT:1791050699999:SHORT,1791050716568,Fresh_2026-10-03,fresh,2026-10-03,2,False,False,False,True,0.0390625,0.21875,0.078125
PAPER:LITUSDT:1791050999999:SHORT,1791051032913,Fresh_2026-10-03,fresh,2026-10-03,0,False,False,False,False,0.234375,0.015625,0.015625
PAPER:PONSUSDT:1791051299999:SHORT,1791051361048,Fresh_2026-10-03,fresh,2026-10-03,1,False,False,False,False,0.7109375,0.125,0.1875
PAPER:AVAUSDT:1791051299999:SHORT,1791051361220,Fresh_2026-10-03,fresh,2026-10-03,1,False,True,True,True,0.2109375,0.4375,0.1484375
PAPER:METUSDT:1791051599999:SHORT,1791051625984,Fresh_2026-10-03,fresh,2026-10-03,0,False,False,False,False,0.828125,0.421875,0.515625
PAPER:BTWUSDT:1791052199999:SHORT,1791052233123,Fresh_2026-10-03,fresh,2026-10-03,1,False,False,False,False,0.703125,0.65625,0.6015625
PAPER:SCRUSDT:1791053699999:SHORT,1791053714732,Fresh_2026-10-03,fresh,2026-10-03,2,False,False,False,False,0.703125,0.4375,0.609375
PAPER:DYDXUSDT:1791053699999:SHORT,1791053766442,Fresh_2026-10-03,fresh,2026-10-03,2,False,False,False,False,0.9375,0.4140625,0.4453125
PAPER:PORTALUSDT:1791054299999:SHORT,1791054368775,Fresh_2026-10-03,fresh,2026-10-03,3,False,False,False,False,0.90625,0.21875,0.6484375
PAPER:SAGAUSDT:1791054899999:SHORT,1791054938980,Fresh_2026-10-03,fresh,2026-10-03,3,False,True,False,False,0.2890625,0.30859375,0.2734375
PAPER:LABUSDT:1791054899999:SHORT,1791054964616,Fresh_2026-10-03,fresh,2026-10-03,1,True,False,False,False,0.625,0.921875,0.9921875
PAPER:1000000BOBUSDT:1791055799999:SHORT,1791055821193,Fresh_2026-10-03,fresh,2026-10-03,3,False,False,False,False,0.2109375,0.296875,0.46875
PAPER:WAXPUSDT:1791056099999:SHORT,1791056115531,Fresh_2026-10-03,fresh,2026-10-03,3,False,False,False,False,0.6171875,0.0703125,0.5546875
PAPER:MUSDT:1791058199999:SHORT,1791058235856,Fresh_2026-10-03,fresh,2026-10-03,0,False,False,False,False,0.1328125,0.15625,0.046875
PAPER:MOVRUSDT:1791059399999:SHORT,1791059428232,Fresh_2026-10-03,fresh,2026-10-03,0,False,False,False,False,0.6953125,0.6328125,0.3125
PAPER:1000000BOBUSDT:1791059999999:SHORT,1791060040587,Fresh_2026-10-03,fresh,2026-10-03,2,True,False,False,False,0.9609375,0.484375,0.9375
PAPER:SPORTFUNUSDT:1791060899999:SHORT,1791060915817,Fresh_2026-10-03,fresh,2026-10-03,2,False,False,False,False,0.703125,0.6953125,0.8671875
PAPER:龙虾USDT:1791061499999:SHORT,1791061527868,Fresh_2026-10-03,fresh,2026-10-03,1,False,False,False,False,0.8125,0.0234375,0.875
PAPER:MEGAUSDT:1791061799999:SHORT,1791061825117,Fresh_2026-10-03,fresh,2026-10-03,1,False,True,True,True,0.1796875,0.078125,0.03125
PAPER:RAYSOLUSDT:1791061799999:SHORT,1791061827852,Fresh_2026-10-03,fresh,2026-10-03,0,False,False,False,False,0.8671875,0.0390625,0.1640625
PAPER:SONICUSDT:1791062699999:SHORT,1791062738836,Fresh_2026-10-03,fresh,2026-10-03,2,False,False,False,False,0.796875,0.390625,0.3828125
PAPER:NOMUSDT:1791063299999:SHORT,1791063329300,Fresh_2026-10-03,fresh,2026-10-03,1,False,True,True,True,0.125,0.859375,0.90625
PAPER:POWERUSDT:1791065399999:SHORT,1791065415873,Fresh_2026-10-03,fresh,2026-10-03,0,True,False,False,False,0.4375,0.5390625,0.5078125
PAPER:PUMPBTCUSDT:1791065999999:SHORT,1791066035537,Fresh_2026-10-03,fresh,2026-10-03,2,False,False,False,True,0.1953125,0.1328125,0.5546875