position_id,symbol,strong,lane,block,primary_veto,conservative_veto,challenger_t2_veto,hold,v43,comp,reason,actual_old_pnl
PAPER:NILUSDT:1790828399999:SHORT,NILUSDT,False,3,Fresh_2026-10-01,False,False,False,-1.7656488069780758,-1.7656488069780758,-1.7656488069780758,HIST_TIME_FALLBACK,-1.0083491166689942
PAPER:牛来USDT:1790828399999:SHORT,牛来USDT,False,3,Fresh_2026-10-01,True,False,False,-1.8711669539291484,-1.8711669539291484,-1.8711669539291484,HIST_TIME_FALLBACK,-3.185768556623948
PAPER:REZUSDT:1790829899999:SHORT,REZUSDT,False,1,Fresh_2026-10-01,False,False,False,-1.7841345445265666,-1.7841345445265666,-1.7841345445265666,HIST_TIME_FALLBACK,-2.6198175219783595
PAPER:SWARMSUSDT:1790830499999:SHORT,SWARMSUSDT,True,0,Fresh_2026-10-01,False,False,False,1.7925207317124403,1.6706224752804157,1.6706224752804157,FULL_CLOSE_050,2.097266372792501
PAPER:MERLUSDT:1790830499999:SHORT,MERLUSDT,False,1,Fresh_2026-10-01,True,True,True,-7.455390688274124,-7.455390688274124,-7.455390688274124,HIST_TIME_FALLBACK,-6.79727207608943
PAPER:ONUSDT:1790831999999:SHORT,ONUSDT,True,2,Fresh_2026-10-01,False,False,False,13.945194336432676,2.209436950510006,2.209436950510006,FULL_CLOSE_050,16.171193599656057
PAPER:PLUMEUSDT:1790833799999:SHORT,PLUMEUSDT,False,3,Fresh_2026-10-01,False,False,False,2.261792918800937,1.520566082614288,1.520566082614288,FULL_CLOSE_050,-1.8188133226545737
PAPER:REZUSDT:1790834099999:SHORT,REZUSDT,False,1,Fresh_2026-10-01,False,False,False,-2.4283703081049635,-2.4283703081049635,-0.21109990295886222,BE0.10,0.04885708496742608
PAPER:ROSEUSDT:1790834099999:SHORT,ROSEUSDT,False,0,Fresh_2026-10-01,False,False,False,-2.681704308391275,-2.681704308391275,-2.681704308391275,HIST_TIME_FALLBACK,-2.5420660607797108
PAPER:ILVUSDT:1790836499999:SHORT,ILVUSDT,False,2,Fresh_2026-10-01,False,False,False,-0.821870327667147,1.102925327439278,1.102925327439278,FULL_CLOSE_050,0.5220899326924718
PAPER:AEROUSDT:1790836499999:SHORT,AEROUSDT,True,2,Fresh_2026-10-01,False,False,False,17.91690920483719,1.5574623930033957,1.5574623930033957,FULL_CLOSE_050,13.403006963677134
PAPER:STARUSDT:1790836499999:SHORT,STARUSDT,False,3,Fresh_2026-10-01,False,False,False,-5.8413490696464505,-5.8413490696464505,-0.25145303348783643,BE0.10,-3.8126144161886932
PAPER:XVSUSDT:1790837699999:SHORT,XVSUSDT,False,2,Fresh_2026-10-01,False,False,False,-3.5789707485443403,-3.5789707485443403,-3.5789707485443403,HIST_TIME_FALLBACK,-1.7794145383466164
PAPER:ORCAUSDT:1790838299999:SHORT,ORCAUSDT,True,2,Fresh_2026-10-01,False,False,False,1.4236105075193954,0.8301603711376397,0.8301603711376397,FULL_CLOSE_050,2.6041900095995407
PAPER:TAGUSDT:1790838299999:SHORT,TAGUSDT,True,2,Fresh_2026-10-01,False,False,False,-0.9501900380075445,1.1345747516000304,1.1345747516000304,FULL_CLOSE_050,0.6951095717356275
PAPER:RAYSOLUSDT:1790838899999:SHORT,RAYSOLUSDT,True,0,Fresh_2026-10-01,False,False,False,1.4531560366973726,0.6694562297284123,0.6694562297284123,FULL_CLOSE_050,2.0409308919241362
PAPER:ENAUSDT:1790838899999:SHORT,ENAUSDT,True,3,Fresh_2026-10-01,False,False,False,2.3605662443379787,2.1001696828051575,2.1001696828051575,FULL_CLOSE_050,4.217252816197661
PAPER:FILUSDT:1790838899999:SHORT,FILUSDT,True,3,Fresh_2026-10-01,False,False,False,6.5942378045543935,2.077191835122341,2.077191835122341,FULL_CLOSE_050,7.707707796590064
PAPER:TOSHIUSDT:1790838899999:SHORT,TOSHIUSDT,True,3,Fresh_2026-10-01,False,False,False,3.472562645059136,1.0601520906590065,1.0601520906590065,FULL_CLOSE_050,5.066338688410844
PAPER:EULUSDT:1790838899999:SHORT,EULUSDT,True,2,Fresh_2026-10-01,False,False,False,2.322718590635738,1.2077716951638546,1.2077716951638546,FULL_CLOSE_050,3.289536664869587
PAPER:INJUSDT:1790838899999:SHORT,INJUSDT,True,2,Fresh_2026-10-01,False,False,False,1.947495577263044,1.3547871559577351,1.3547871559577351,FULL_CLOSE_050,2.505002898752239
PAPER:VELODROMEUSDT:1790838899999:SHORT,VELODROMEUSDT,True,0,Fresh_2026-10-01,False,False,False,2.8250977080891113,5.341956205486936,5.341956205486936,RUNNER_CLOSE,3.314486860360908
PAPER:GRIFFAINUSDT:1790838899999:SHORT,GRIFFAINUSDT,True,2,Fresh_2026-10-01,False,False,False,0.6311178948017815,1.1784937176974712,1.1784937176974712,FULL_CLOSE_050,1.8117297033044273
PAPER:PENGUUSDT:1790839199999:SHORT,PENGUUSDT,True,1,Fresh_2026-10-01,False,False,False,0.3382254619357176,2.090470541858818,2.090470541858818,FULL_CLOSE_050,1.2371886969930492
PAPER:ARUSDT:1790839199999:SHORT,ARUSDT,False,2,Fresh_2026-10-01,False,False,False,-0.5839155087116148,1.2474571377690213,1.2474571377690213,FULL_CLOSE_050,-0.8280687425602902
PAPER:ZAMAUSDT:1790839199999:SHORT,ZAMAUSDT,True,1,Fresh_2026-10-01,False,False,False,0.8165459268324256,2.6487165570369027,2.6487165570369027,FULL_CLOSE_050,2.405220906539699
PAPER:JUPUSDT:1790839199999:SHORT,JUPUSDT,True,0,Fresh_2026-10-01,False,False,False,1.358026331672727,0.8963830577366747,0.8963830577366747,FULL_CLOSE_050,1.5888479686407528
PAPER:USELESSUSDT:1790839199999:SHORT,USELESSUSDT,True,1,Fresh_2026-10-01,False,False,False,0.9985517541785449,1.8157660541275467,1.8157660541275467,FULL_CLOSE_050,2.1223621744266503
PAPER:SPXUSDT:1790839199999:SHORT,SPXUSDT,True,1,Fresh_2026-10-01,False,False,False,9.302017772209831,2.9501064115316473,2.9501064115316473,FULL_CLOSE_050,11.288812163410721
PAPER:CETUSUSDT:1790839199999:SHORT,CETUSUSDT,True,1,Fresh_2026-10-01,False,False,False,1.3419823714655095,1.6946242806151641,1.6946242806151641,FULL_CLOSE_050,2.9179708966028897
PAPER:MEWUSDT:1790839499999:SHORT,MEWUSDT,False,1,Fresh_2026-10-01,False,False,False,-2.6679490672053605,-2.6679490672053605,-0.141832847796804,BE0.10,0.005682184175535204
PAPER:ARBUSDT:1790839499999:SHORT,ARBUSDT,False,1,Fresh_2026-10-01,False,False,False,-4.854243296329548,-4.854243296329548,-4.854243296329548,HIST_TIME_FALLBACK,-0.5880516228226897
PAPER:RUNEUSDT:1790839499999:SHORT,RUNEUSDT,False,2,Fresh_2026-10-01,False,False,False,-1.4626806344120546,-1.4626806344120546,-1.4626806344120546,HIST_TIME_FALLBACK,-0.9181921352948843
PAPER:ROSEUSDT:1790839499999:SHORT,ROSEUSDT,False,2,Fresh_2026-10-01,False,False,True,-4.209589836061792,-4.209589836061792,-4.209589836061792,HIST_TIME_FALLBACK,-4.151675949625739
PAPER:ZENUSDT:1790839499999:SHORT,ZENUSDT,False,1,Fresh_2026-10-01,False,False,False,-6.149350715593908,-6.149350715593908,-6.149350715593908,HIST_TIME_FALLBACK,-5.2416255720723255
PAPER:SUIUSDT:1790839499999:SHORT,SUIUSDT,False,2,Fresh_2026-10-01,False,False,False,-3.1368718047296182,-3.1368718047296182,-3.1368718047296182,HIST_TIME_FALLBACK,-0.53703067177291
PAPER:BERAUSDT:1790839499999:SHORT,BERAUSDT,False,2,Fresh_2026-10-01,False,False,False,-3.622665385233037,-3.622665385233037,-3.622665385233037,HIST_TIME_FALLBACK,-3.207806721245811
PAPER:MELANIAUSDT:1790839499999:SHORT,MELANIAUSDT,False,1,Fresh_2026-10-01,False,False,False,-3.3704910137317317,-3.3704910137317317,-0.19087992797645648,BE0.10,-0.5254938926133865
PAPER:NEARUSDT:1790839499999:SHORT,NEARUSDT,False,2,Fresh_2026-10-01,False,False,False,-3.479767079187888,-3.479767079187888,-3.479767079187888,HIST_TIME_FALLBACK,-0.5769746120705719
PAPER:PYTHUSDT:1790839499999:SHORT,PYTHUSDT,False,1,Fresh_2026-10-01,False,False,False,-4.3979463826488265,-4.3979463826488265,-4.3979463826488265,HIST_TIME_FALLBACK,-3.4822824389780633
PAPER:1000BONKUSDT:1790839499999:SHORT,1000BONKUSDT,False,1,Fresh_2026-10-01,False,False,False,-1.083854975267437,1.455778832669097,1.455778832669097,FULL_CLOSE_050,0.44992703588670324
PAPER:BBUSDT:1790839499999:SHORT,BBUSDT,False,1,Fresh_2026-10-01,False,False,False,-3.450981994900143,-3.450981994900143,-0.37709188121963627,BE0.10,-1.3133768467002254
PAPER:1000PEPEUSDT:1790839499999:SHORT,1000PEPEUSDT,False,1,Fresh_2026-10-01,True,True,True,-1.9153840345033457,-1.9153840345033457,-1.9153840345033457,HIST_TIME_FALLBACK,-1.542504246307603
PAPER:FARTCOINUSDT:1790839499999:SHORT,FARTCOINUSDT,False,1,Fresh_2026-10-01,False,False,False,-2.6605836258367304,-2.6605836258367304,-0.09499324409303361,BE0.10,-0.9501900380075341
PAPER:OPUSDT:1790839499999:SHORT,OPUSDT,False,2,Fresh_2026-10-01,False,False,False,-3.4045629053432203,-3.4045629053432203,-3.4045629053432203,HIST_TIME_FALLBACK,-0.7564089951003662
PAPER:HUMAUSDT:1790840099999:SHORT,HUMAUSDT,True,0,Fresh_2026-10-01,False,False,False,-1.8770331672080853,2.1978805904836394,2.1978805904836394,FULL_CLOSE_050,-0.2870177990107559
PAPER:ARXUSDT:1790840399999:SHORT,ARXUSDT,False,1,Fresh_2026-10-01,False,False,False,-2.804859137815012,-2.804859137815012,-2.804859137815012,HIST_TIME_FALLBACK,-2.9903260477958113
PAPER:1000SATSUSDT:1790840399999:SHORT,1000SATSUSDT,False,1,Fresh_2026-10-01,False,False,False,-1.3522584637409323,1.0601520906591284,1.0601520906591284,FULL_CLOSE_050,-2.1573649335976355
PAPER:GUNUSDT:1790840399999:SHORT,GUNUSDT,False,1,Fresh_2026-10-01,False,False,False,-1.6189611669827892,-1.6189611669827892,-1.6189611669827892,HIST_TIME_FALLBACK,-2.374182379146492
PAPER:LPTUSDT:1790840399999:SHORT,LPTUSDT,False,1,Fresh_2026-10-01,False,False,False,-1.2370526110952482,-1.2370526110952482,-1.2370526110952482,HIST_TIME_FALLBACK,-2.8212301387821666
PAPER:TRUSTUSDT:1790840399999:SHORT,TRUSTUSDT,False,0,Fresh_2026-10-01,False,False,False,-1.942574356602685,-1.942574356602685,-0.12320310584499516,BE0.10,-1.8185263167782737
PAPER:BICOUSDT:1790840699999:SHORT,BICOUSDT,False,0,Fresh_2026-10-01,False,False,False,-2.812795396288553,-2.812795396288553,-2.812795396288553,HIST_TIME_FALLBACK,-2.8127953962885526
PAPER:GRASSUSDT:1790841899999:SHORT,GRASSUSDT,True,0,Fresh_2026-10-01,False,False,False,0.9877982228221054,0.772466193841076,0.772466193841076,FULL_CLOSE_050,-0.3041939510643103
PAPER:METUSDT:1790842199999:SHORT,METUSDT,False,2,Fresh_2026-10-01,False,False,False,-0.12443089904688148,-0.12443089904688148,-0.12443089904688148,BE0.10,-0.6196682882301066
PAPER:JTOUSDT:1790842199999:SHORT,JTOUSDT,False,2,Fresh_2026-10-01,False,False,False,-4.33372493124235,-4.33372493124235,-4.33372493124235,HIST_TIME_FALLBACK,-3.719688932628894
PAPER:ZKUSDT:1790842199999:SHORT,ZKUSDT,False,2,Fresh_2026-10-01,False,False,False,-5.598595749329737,-5.598595749329737,-5.598595749329737,HIST_TIME_FALLBACK,-3.2494470972734297
PAPER:GPSUSDT:1790842199999:SHORT,GPSUSDT,False,2,Fresh_2026-10-01,False,False,False,-3.2971601185608392,-3.2971601185608392,-3.2971601185608392,HIST_TIME_FALLBACK,-2.5766767028864264
PAPER:ARBUSDT:1790842199999:SHORT,ARBUSDT,False,3,Fresh_2026-10-01,False,False,False,-4.807167631592496,-4.807167631592496,-4.807167631592496,HIST_TIME_FALLBACK,-4.033479497966157
PAPER:STRKUSDT:1790842199999:SHORT,STRKUSDT,False,2,Fresh_2026-10-01,False,False,False,-2.559756565460918,-2.559756565460918,-0.14540677428081095,BE0.10,-0.5497298859772358
PAPER:USELESSUSDT:1790842199999:SHORT,USELESSUSDT,False,2,Fresh_2026-10-01,False,False,False,-0.6715926636392681,0.8071164772384387,0.8071164772384387,FULL_CLOSE_050,-0.2977588044637428
PAPER:APRUSDT:1790842199999:SHORT,APRUSDT,False,0,Fresh_2026-10-01,False,False,False,-2.7599340366987826,-2.7599340366987826,-0.5882412382692143,BE0.10,-2.7599340366987826
PAPER:EIGENUSDT:1790842199999:SHORT,EIGENUSDT,False,2,Fresh_2026-10-01,False,False,False,-5.28149576145135,-5.28149576145135,-0.7439373845102625,BE0.10,-3.731163315996488
PAPER:ZKPUSDT:1790842499999:SHORT,ZKPUSDT,False,1,Fresh_2026-10-01,False,False,False,-2.2886263750075875,-2.2886263750075875,-0.1265369075460105,BE0.10,-2.650023467854675
PAPER:XPLUSDT:1790842499999:SHORT,XPLUSDT,False,1,Fresh_2026-10-01,False,False,False,-2.57509379624617,-2.57509379624617,-2.57509379624617,HIST_TIME_FALLBACK,-3.6821285226818676
PAPER:ALLOUSDT:1790842499999:SHORT,ALLOUSDT,False,2,Fresh_2026-10-01,False,False,False,-3.3262545454135,-3.3262545454135,-3.3262545454135,HIST_TIME_FALLBACK,-2.611099256735586
PAPER:RAVEUSDT:1790842799999:SHORT,RAVEUSDT,False,2,Fresh_2026-10-01,False,False,False,-2.1886244517581748,-2.1886244517581748,-2.1886244517581748,HIST_TIME_FALLBACK,-2.9346308310224303
PAPER:PUMPUSDT:1790843699999:SHORT,PUMPUSDT,False,2,Fresh_2026-10-01,False,False,False,-2.843235057060045,-2.843235057060045,-2.843235057060045,HIST_TIME_FALLBACK,-1.4903790920054718
PAPER:0GUSDT:1790845799999:SHORT,0GUSDT,True,2,Fresh_2026-10-01,False,False,False,9.441250819090232,1.810036439659064,1.810036439659064,FULL_CLOSE_050,9.330057234765203
PAPER:IOTAUSDT:1790846399999:SHORT,IOTAUSDT,False,0,Fresh_2026-10-01,False,False,False,-3.161048440825394,-3.161048440825394,-3.161048440825394,HIST_TIME_FALLBACK,-3.068929340707997
PAPER:CTRUSDT:1790847299999:SHORT,CTRUSDT,False,1,Fresh_2026-10-01,False,False,False,-2.4848518107834923,-2.4848518107834923,-0.005782793222393279,BE0.10,-1.441027022277679
PAPER:XNYUSDT:1790847299999:SHORT,XNYUSDT,True,2,Fresh_2026-10-01,False,False,False,2.1664518696862847,2.0956190990568646,2.0956190990568646,FULL_CLOSE_050,1.8126789701275037
PAPER:PROMPTUSDT:1790848199999:SHORT,PROMPTUSDT,False,2,Fresh_2026-10-01,False,False,False,-0.9501900380076529,-0.9501900380076529,-0.9501900380076529,HIST_TIME_FALLBACK,-1.6760119665305848
PAPER:HEIUSDT:1790848199999:SHORT,HEIUSDT,False,0,Fresh_2026-10-01,False,False,False,-13.547810194624825,-13.547810194624825,-13.547810194624825,HIST_TIME_FALLBACK,-13.513484254143643
PAPER:NILUSDT:1790848499999:SHORT,NILUSDT,True,1,Fresh_2026-10-01,False,False,False,4.8841570085856505,2.0553826829647024,2.0553826829647024,FULL_CLOSE_050,6.504435798627765
PAPER:FORMUSDT:1790848499999:SHORT,FORMUSDT,True,0,Fresh_2026-10-01,False,False,False,2.9017351738973014,1.6761226064730785,1.6761226064730785,FULL_CLOSE_050,2.7266476642652973
PAPER:IMXUSDT:1790848799999:SHORT,IMXUSDT,False,2,Fresh_2026-10-01,False,False,False,-2.459765400004042,-2.459765400004042,-0.04444482080981249,BE0.10,0.7013777755550901
PAPER:SUPERUSDT:1790848799999:SHORT,SUPERUSDT,False,1,Fresh_2026-10-01,False,False,False,-2.1654856286112825,-2.1654856286112825,-0.013399686917256126,BE0.10,0.611509845369666
PAPER:KMNOUSDT:1790848799999:SHORT,KMNOUSDT,True,1,Fresh_2026-10-01,True,True,True,-2.3759916711564606,-2.3759916711564606,-0.11847241867074537,BE0.10,1.4082325298981915
PAPER:FETUSDT:1790849099999:SHORT,FETUSDT,False,1,Fresh_2026-10-01,True,True,True,-3.794367254132665,-3.794367254132665,-3.794367254132665,HIST_TIME_FALLBACK,-4.233367935064903
PAPER:BERAUSDT:1790849099999:SHORT,BERAUSDT,False,1,Fresh_2026-10-01,False,False,False,0.30333714906592263,0.30333714906592263,-0.32342644447085384,BE0.10,-0.5316489092132274
PAPER:USELESSUSDT:1790849099999:SHORT,USELESSUSDT,False,1,Fresh_2026-10-01,False,False,False,-1.1951007301046612,-1.1951007301046612,-1.1951007301046612,HIST_TIME_FALLBACK,-2.5142082179156833
PAPER:AKEUSDT:1790849399999:SHORT,AKEUSDT,True,1,Fresh_2026-10-01,False,False,False,-2.897044386319586,-2.897044386319586,-0.00012511603124526482,BE0.10,2.377096395266884
PAPER:EDGEUSDT:1790849399999:SHORT,EDGEUSDT,False,0,Fresh_2026-10-01,False,False,False,-3.0969062525954265,-3.0969062525954265,-3.0969062525954265,HIST_TIME_FALLBACK,-2.9993282428414503
PAPER:TOWNSUSDT:1790849999999:SHORT,TOWNSUSDT,False,1,Fresh_2026-10-01,False,False,False,-3.031103068188706,-3.031103068188706,-3.031103068188706,HIST_TIME_FALLBACK,-3.031103068188706
PAPER:JSTUSDT:1790849999999:SHORT,JSTUSDT,False,3,Fresh_2026-10-01,True,False,False,-2.6850245698955204,-2.6850245698955204,-0.007345183720595394,BE0.10,-3.0439365936718215
PAPER:PENDLEUSDT:1790849999999:SHORT,PENDLEUSDT,True,2,Fresh_2026-10-01,False,False,False,1.4163994226290724,2.74501104965327,2.74501104965327,FULL_CLOSE_050,2.3253371725450487
PAPER:POLUSDT:1790850899999:SHORT,POLUSDT,False,2,Fresh_2026-10-01,False,False,False,-2.9143047539154137,-2.9143047539154137,-0.17367956892771064,BE0.10,-2.776440275286022
PAPER:XNYUSDT:1790851199999:SHORT,XNYUSDT,False,1,Fresh_2026-10-01,False,False,False,-1.0218748711793295,2.13225778837565,2.13225778837565,FULL_CLOSE_050,-3.7616002355137272
PAPER:QUSDT:1790852699999:SHORT,QUSDT,False,1,Fresh_2026-10-01,False,False,False,-2.3986947417486015,0.8020333939373374,0.8020333939373374,FULL_CLOSE_050,-1.451932069980394
PAPER:NMRUSDT:1790852699999:SHORT,NMRUSDT,True,2,Fresh_2026-10-01,False,False,False,-1.3562447212289988,-1.3562447212289988,-0.0027291104907989916,BE0.10,2.277302903940655
PAPER:ACEUSDT:1790852699999:SHORT,ACEUSDT,False,1,Fresh_2026-10-01,False,False,False,-2.3856669924504748,-2.3856669924504748,-2.3856669924504748,HIST_TIME_FALLBACK,-2.1141924807738315
PAPER:BSBUSDT:1790853299999:SHORT,BSBUSDT,False,1,Fresh_2026-10-01,True,True,True,-4.305119362133781,-4.305119362133781,-0.012783315089948954,BE0.10,-2.280720667169418
PAPER:COLLECTUSDT:1790853899999:SHORT,COLLECTUSDT,False,1,Fresh_2026-10-01,False,False,False,-3.1032016080635385,-3.1032016080635385,-3.1032016080635385,HIST_TIME_FALLBACK,-3.1032016080635385
PAPER:HAEDALUSDT:1790853899999:SHORT,HAEDALUSDT,False,3,Fresh_2026-10-01,True,False,False,-0.43545976547490345,1.1087310521230167,1.1087310521230167,FULL_CLOSE_050,-2.4967663203082546
PAPER:XPINUSDT:1790854199999:SHORT,XPINUSDT,False,0,Fresh_2026-10-01,False,False,False,-0.9501900380075736,-0.9501900380075736,-0.9501900380075736,HIST_TIME_FALLBACK,-0.9501900380075736
PAPER:HUMAUSDT:1790855099999:SHORT,HUMAUSDT,True,0,Fresh_2026-10-01,False,False,False,4.2712629100858015,1.5340909942761574,1.5340909942761574,FULL_CLOSE_050,3.586969931133313
PAPER:ICNTUSDT:1790856599999:SHORT,ICNTUSDT,False,1,Fresh_2026-10-01,False,False,False,-0.42930014202629535,1.1333695459175614,1.1333695459175614,FULL_CLOSE_050,-1.4705384684006115
PAPER:YBUSDT:1790857199999:SHORT,YBUSDT,False,0,Fresh_2026-10-01,False,False,False,-2.1934873757720053,-2.1934873757720053,-2.1934873757720053,HIST_TIME_FALLBACK,-2.9631476324832606
PAPER:CATIUSDT:1790857799999:SHORT,CATIUSDT,False,2,Fresh_2026-10-01,False,False,False,-2.4919194286255357,-2.4919194286255357,-1.3559082986965152,BE0.10,0.09923384047880401
PAPER:BRUSDT:1790858399999:SHORT,BRUSDT,False,0,Fresh_2026-10-01,False,False,False,-1.3011393420655004,-1.3011393420655004,-1.3011393420655004,HIST_TIME_FALLBACK,-1.0919195646463147
PAPER:USTCUSDT:1790858699999:SHORT,USTCUSDT,True,0,Fresh_2026-10-01,False,False,False,6.888604427268462,0.839100002979316,0.839100002979316,FULL_CLOSE_050,4.204669365788059
PAPER:PENDLEUSDT:1790858699999:SHORT,PENDLEUSDT,True,3,Fresh_2026-10-01,False,False,False,0.29918329471555494,1.019161147471252,1.019161147471252,FULL_CLOSE_050,1.6310759996372102
PAPER:JUPUSDT:1790858699999:SHORT,JUPUSDT,True,2,Fresh_2026-10-01,False,False,False,1.5448887908422182,2.3246009248578114,2.3246009248578114,FULL_CLOSE_050,3.328895360203484
PAPER:PROMPTUSDT:1790858999999:SHORT,PROMPTUSDT,True,0,Fresh_2026-10-01,False,False,False,-0.07734750960658576,-0.07734750960658576,-0.07734750960658576,BE0.10,-0.2955581417068187
PAPER:ATOMUSDT:1790858999999:SHORT,ATOMUSDT,True,2,Fresh_2026-10-01,False,False,False,0.4965590661484597,0.7859088869797443,0.7859088869797443,FULL_CLOSE_050,2.3734904963094317
PAPER:MARSCOINUSDT:1790859899999:SHORT,MARSCOINUSDT,False,1,Fresh_2026-10-01,False,False,False,-2.145950420302052,-2.145950420302052,-0.01600223934005135,BE0.10,-0.8383546514932434
PAPER:FETUSDT:1790859899999:SHORT,FETUSDT,False,1,Fresh_2026-10-01,False,False,False,-1.6146703787659775,-1.6146703787659775,-0.2857096972491835,BE0.10,0.7058813891142214
PAPER:ROBOUSDT:1790859899999:SHORT,ROBOUSDT,False,0,Fresh_2026-10-01,False,False,False,1.2501404676539791,0.7000578412386667,0.7000578412386667,FULL_CLOSE_050,1.8002230940693869
PAPER:GRASSUSDT:1790859899999:SHORT,GRASSUSDT,False,3,Fresh_2026-10-01,False,False,False,-2.0742361234222306,-2.0742361234222306,-2.0742361234222306,HIST_TIME_FALLBACK,-0.16664211084617656
PAPER:PONSUSDT:1790859899999:SHORT,PONSUSDT,True,1,Fresh_2026-10-01,False,False,False,-1.6056382853450422,1.1097901679100781,1.1097901679100781,FULL_CLOSE_050,1.099057111385149
PAPER:TIAUSDT:1790859899999:SHORT,TIAUSDT,True,0,Fresh_2026-10-01,False,False,False,0.793974387212,1.8404730423436915,1.8404730423436915,FULL_CLOSE_050,0.9102520155599443
PAPER:AZTECUSDT:1790859899999:SHORT,AZTECUSDT,True,2,Fresh_2026-10-01,False,False,False,1.3579376394011302,0.49238976037290116,0.49238976037290116,FULL_CLOSE_050,2.789739542736078
PAPER:KAITOUSDT:1790859899999:SHORT,KAITOUSDT,False,2,Fresh_2026-10-01,False,False,False,-0.9501900380074988,-0.9501900380074988,-0.055506945893124715,BE0.10,-0.2803748863064506
PAPER:WLDUSDT:1790859899999:SHORT,WLDUSDT,False,2,Fresh_2026-10-01,False,False,False,-3.487218291611441,-3.487218291611441,-0.07198795022150356,BE0.10,-0.6584795543023951
PAPER:SKLUSDT:1790859899999:SHORT,SKLUSDT,False,3,Fresh_2026-10-01,False,False,False,-1.617920393771927,0.8304242440307943,0.8304242440307943,FULL_CLOSE_050,-0.6172131931929193
PAPER:NEIROUSDT:1790859899999:SHORT,NEIROUSDT,False,0,Fresh_2026-10-01,False,False,False,-0.5587224555848052,1.1189957547984062,1.1189957547984062,FULL_CLOSE_050,-0.30706472402731216
PAPER:XPINUSDT:1790860199999:SHORT,XPINUSDT,False,1,Fresh_2026-10-01,False,False,False,-7.123202471211767,-7.123202471211767,-0.38900708953446006,BE0.10,-4.601973130316299
PAPER:IOSTUSDT:1790860199999:SHORT,IOSTUSDT,False,3,Fresh_2026-10-01,True,False,False,-4.961668378323565,-4.961668378323565,-0.03328070307818426,BE0.10,-4.75935014071121
PAPER:BABYUSDT:1790860499999:SHORT,BABYUSDT,False,0,Fresh_2026-10-01,False,False,False,-0.9501900380075788,-0.9501900380075788,-0.20306288869709926,BE0.10,-1.3237536126627862
PAPER:IRYSUSDT:1790860499999:SHORT,IRYSUSDT,False,2,Fresh_2026-10-01,False,False,True,-1.2662097286881986,-1.2662097286881986,-1.2662097286881986,HIST_TIME_FALLBACK,-1.266010347179816
PAPER:CTRUSDT:1790860799999:SHORT,CTRUSDT,False,2,Fresh_2026-10-01,False,False,False,-3.4552529478808056,-3.4552529478808056,-3.4552529478808056,HIST_TIME_FALLBACK,-1.4853313957453809
PAPER:AWEUSDT:1790860799999:SHORT,AWEUSDT,False,0,Fresh_2026-10-01,False,False,False,-1.089065108069432,-1.089065108069432,-0.04750208260544464,BE0.10,-1.089065108069432
PAPER:FLOWUSDT:1790861099999:SHORT,FLOWUSDT,False,2,Fresh_2026-10-01,False,False,False,-1.1126616998180485,-1.1126616998180485,-1.1126616998180485,HIST_TIME_FALLBACK,-0.30135635033681785
PAPER:HEIUSDT:1790861099999:SHORT,HEIUSDT,False,2,Fresh_2026-10-01,False,False,False,-2.324497658715959,-2.324497658715959,-2.324497658715959,HIST_TIME_FALLBACK,-0.005954282114430887
PAPER:LITUSDT:1790861099999:SHORT,LITUSDT,False,0,Fresh_2026-10-01,False,False,False,-6.302895769972913,-6.302895769972913,-0.004070138652935373,BE0.10,-6.13440866460841
PAPER:BBUSDT:1790861099999:SHORT,BBUSDT,False,1,Fresh_2026-10-01,False,False,False,-4.290893107117147,-4.290893107117147,-4.290893107117147,HIST_TIME_FALLBACK,-2.6415009957961915
PAPER:POLYXUSDT:1790861099999:SHORT,POLYXUSDT,False,3,Fresh_2026-10-01,False,False,False,-5.2093975164685205,-5.2093975164685205,-5.2093975164685205,HIST_TIME_FALLBACK,-4.616974275053448
PAPER:APRUSDT:1790861399999:SHORT,APRUSDT,False,0,Fresh_2026-10-01,False,False,False,-0.23200468644662703,0.4861806651143046,0.4861806651143046,FULL_CLOSE_050,-0.23200468644662703
PAPER:ARXUSDT:1790861699999:SHORT,ARXUSDT,False,0,Fresh_2026-10-01,False,False,False,-3.471072289997484,-3.471072289997484,-3.471072289997484,HIST_TIME_FALLBACK,-2.210631164002473
PAPER:PHAUSDT:1790861999999:SHORT,PHAUSDT,True,2,Fresh_2026-10-01,False,False,False,-2.8506788951009767,1.8326686455935544,1.8326686455935544,FULL_CLOSE_050,1.1691807262662253
PAPER:ARIAUSDT:1790862599999:SHORT,ARIAUSDT,False,1,Fresh_2026-10-01,False,False,False,-1.2285193068638909,-1.2285193068638909,-1.2285193068638909,HIST_TIME_FALLBACK,-2.972011836211245
PAPER:DUSKUSDT:1790863199999:SHORT,DUSKUSDT,True,1,Fresh_2026-10-01,False,False,False,-1.1242426075618435,-1.1242426075618435,-0.021909667051607074,BE0.10,2.160761770261755
PAPER:WLDUSDT:1790863499999:SHORT,WLDUSDT,False,3,Fresh_2026-10-01,True,False,False,-0.9501900380075836,-0.9501900380075836,-0.9501900380075836,HIST_TIME_FALLBACK,-2.543110292702864
PAPER:API3USDT:1790863499999:SHORT,API3USDT,False,0,Fresh_2026-10-01,False,False,False,-3.3139668162473557,-3.3139668162473557,-3.3139668162473557,HIST_TIME_FALLBACK,-3.404881307718147
PAPER:POLUSDT:1790863499999:SHORT,POLUSDT,False,0,Fresh_2026-10-01,False,False,False,-2.5165029830924404,-2.5165029830924404,-2.5165029830924404,HIST_TIME_FALLBACK,-2.954149247160249
PAPER:VELVETUSDT:1790863499999:SHORT,VELVETUSDT,False,2,Fresh_2026-10-01,False,False,False,-1.7187292243504957,-1.7187292243504957,-1.7187292243504957,HIST_TIME_FALLBACK,0.23922826826056642
PAPER:PEOPLEUSDT:1790863499999:SHORT,PEOPLEUSDT,False,1,Fresh_2026-10-01,True,True,True,-3.2898470579938808,-3.2898470579938808,-3.2898470579938808,HIST_TIME_FALLBACK,-3.4862295822375655
PAPER:COMPUSDT:1790863499999:SHORT,COMPUSDT,False,0,Fresh_2026-10-01,False,False,False,-3.4719794084760855,-3.4719794084760855,-3.4719794084760855,HIST_TIME_FALLBACK,-3.0516811800646577
PAPER:XPLUSDT:1790863499999:SHORT,XPLUSDT,False,2,Fresh_2026-10-01,False,False,False,2.431360749667319,1.163279204289324,1.163279204289324,FULL_CLOSE_050,0.24089940529353882
PAPER:CHILLGUYUSDT:1790864099999:SHORT,CHILLGUYUSDT,False,1,Fresh_2026-10-01,False,False,False,-3.278627234866254,-3.278627234866254,-3.278627234866254,HIST_TIME_FALLBACK,-2.772719585748429
PAPER:XPLUSDT:1790864099999:SHORT,XPLUSDT,False,1,Fresh_2026-10-01,False,False,False,-2.4385733151727056,-2.4385733151727056,-2.4385733151727056,HIST_TIME_FALLBACK,-2.438889487934739
PAPER:BIOUSDT:1790864099999:SHORT,BIOUSDT,False,0,Fresh_2026-10-01,False,False,False,-3.3018855616760763,-3.3018855616760763,-0.11029877955449291,BE0.10,-2.7979508066042427
PAPER:MITOUSDT:1790864099999:SHORT,MITOUSDT,False,2,Fresh_2026-10-01,False,False,False,-3.5438438724014416,-3.5438438724014416,-3.5438438724014416,HIST_TIME_FALLBACK,-2.896691101019929
PAPER:HOLOUSDT:1790864099999:SHORT,HOLOUSDT,False,1,Fresh_2026-10-01,False,False,False,-3.39394293425621,-3.39394293425621,-0.3195441292983522,BE0.10,-3.077280080662072
PAPER:LISTAUSDT:1790864099999:SHORT,LISTAUSDT,False,0,Fresh_2026-10-01,False,False,False,-1.7070494786326391,-1.7070494786326391,-0.19333059738249647,BE0.10,-1.9690392850028373
PAPER:1000XECUSDT:1790864099999:SHORT,1000XECUSDT,False,2,Fresh_2026-10-01,False,False,False,-2.6191861025947794,-2.6191861025947794,-0.1465993402435834,BE0.10,-2.6216629703631025
PAPER:PEOPLEUSDT:1790864099999:SHORT,PEOPLEUSDT,False,1,Fresh_2026-10-01,True,True,True,2.8420462501591315,1.1690008289091565,1.1690008289091565,FULL_CLOSE_050,-0.2238280031270815
PAPER:MMTUSDT:1790864099999:SHORT,MMTUSDT,False,1,Fresh_2026-10-01,False,False,False,-3.131345550155713,-3.131345550155713,-3.131345550155713,HIST_TIME_FALLBACK,-3.133724127595352
PAPER:WETUSDT:1790864099999:SHORT,WETUSDT,False,3,Fresh_2026-10-01,True,False,False,-2.7044532363733302,-2.7044532363733302,-0.03492228233859501,BE0.10,-1.941881209981747
PAPER:GENIUSUSDT:1790864099999:SHORT,GENIUSUSDT,False,0,Fresh_2026-10-01,False,False,False,-3.021315903855524,-3.021315903855524,-3.021315903855524,HIST_TIME_FALLBACK,-2.861998529559522
PAPER:ARPAUSDT:1790864099999:SHORT,ARPAUSDT,False,2,Fresh_2026-10-01,False,False,True,-1.6819582463774194,-1.6819582463774194,-0.03547977754529946,BE0.10,-2.5772198170177427
PAPER:ICNTUSDT:1790865299999:SHORT,ICNTUSDT,False,3,Fresh_2026-10-01,True,False,False,-1.9941424677010464,0.6157386065325869,0.6157386065325869,FULL_CLOSE_050,-2.5177532635964206
PAPER:DEEPUSDT:1790866199999:SHORT,DEEPUSDT,False,1,Fresh_2026-10-01,False,False,False,-2.5422056355842124,-2.5422056355842124,-0.4953284387000207,BE0.10,0.18182079428098333
PAPER:PLUMEUSDT:1790866199999:SHORT,PLUMEUSDT,False,2,Fresh_2026-10-01,False,False,False,-2.5666868842013786,-2.5666868842013786,-2.5666868842013786,HIST_TIME_FALLBACK,-0.5480139346025885
PAPER:2ZUSDT:1790866199999:SHORT,2ZUSDT,False,0,Fresh_2026-10-01,False,False,False,-1.9180801927655708,-1.9180801927655708,-1.9180801927655708,HIST_TIME_FALLBACK,-1.9180801927655708
PAPER:BRETTUSDT:1790866199999:SHORT,BRETTUSDT,False,0,Fresh_2026-10-01,False,False,False,-3.4512794957278223,-3.4512794957278223,-0.2355930500875676,BE0.10,-3.4512794957278223
PAPER:SAFEUSDT:1790866199999:SHORT,SAFEUSDT,False,2,Fresh_2026-10-01,False,False,False,-4.536038920036239,-4.536038920036239,-4.536038920036239,HIST_TIME_FALLBACK,-3.179509867458662
PAPER:ZECUSDT:1790866199999:SHORT,ZECUSDT,False,2,Fresh_2026-10-01,False,False,False,-1.0524496052247967,-1.0524496052247967,-1.0524496052247967,HIST_TIME_FALLBACK,0.017578699513912777
PAPER:CYBERUSDT:1790866199999:SHORT,CYBERUSDT,False,3,Fresh_2026-10-01,False,False,False,-1.9112944028805248,-1.9112944028805248,-1.9112944028805248,HIST_TIME_FALLBACK,-1.4305884929385293
PAPER:PONSUSDT:1790866199999:SHORT,PONSUSDT,True,2,Fresh_2026-10-01,False,False,False,-0.47399598355746575,1.0498249906831392,1.0498249906831392,FULL_CLOSE_050,0.8538556013554859
PAPER:CVXUSDT:1790866199999:SHORT,CVXUSDT,False,1,Fresh_2026-10-01,False,False,False,-2.3662443238293553,-2.3662443238293553,-0.006153847459667017,BE0.10,-0.9501900380076633
PAPER:APEUSDT:1790866199999:SHORT,APEUSDT,False,2,Fresh_2026-10-01,False,False,False,-6.794817943671089,-6.794817943671089,-0.2625867549882736,BE0.10,-5.77335085048663
PAPER:ENAUSDT:1790866499999:SHORT,ENAUSDT,True,2,Fresh_2026-10-01,False,False,False,1.138855866364073,2.352492058427586,2.352492058427586,FULL_CLOSE_050,2.1800196904628524
PAPER:SQDUSDT:1790866499999:SHORT,SQDUSDT,False,0,Fresh_2026-10-01,False,False,False,-2.6674291118944105,-2.6674291118944105,-2.6674291118944105,HIST_TIME_FALLBACK,-2.925014972977425
PAPER:AEROUSDT:1790866499999:SHORT,AEROUSDT,False,1,Fresh_2026-10-01,True,True,True,-2.2669981290508407,-2.2669981290508407,-2.2669981290508407,HIST_TIME_FALLBACK,-2.518408051911122
PAPER:SYNUSDT:1790866499999:SHORT,SYNUSDT,False,0,Fresh_2026-10-01,False,False,False,-2.4390803468385633,-2.4390803468385633,-2.4390803468385633,HIST_TIME_FALLBACK,-1.2582363088001274
PAPER:CTRUSDT:1790866499999:SHORT,CTRUSDT,False,1,Fresh_2026-10-01,False,False,False,-2.6255552449241666,-2.6255552449241666,-2.6255552449241666,HIST_TIME_FALLBACK,-2.7650243923286366
PAPER:NMRUSDT:1790867399999:SHORT,NMRUSDT,False,2,Fresh_2026-10-01,False,False,False,-3.2996594556348984,-3.2996594556348984,-3.2996594556348984,HIST_TIME_FALLBACK,-0.7210099308571802
PAPER:ROBOUSDT:1790867399999:SHORT,ROBOUSDT,False,0,Fresh_2026-10-01,False,False,False,-6.4998041182514745,-6.4998041182514745,-6.4998041182514745,HIST_TIME_FALLBACK,-6.4998041182514745
PAPER:SKYUSDT:1790867399999:SHORT,SKYUSDT,False,2,Fresh_2026-10-01,False,False,False,-4.884232601368719,-4.884232601368719,-4.884232601368719,HIST_TIME_FALLBACK,-4.820780301959699
PAPER:PROMPTUSDT:1790867699999:SHORT,PROMPTUSDT,False,0,Fresh_2026-10-01,False,False,False,-2.115402305321431,-2.115402305321431,-0.2510626776193837,BE0.10,-1.4162749449330925
PAPER:HEIUSDT:1790867999999:SHORT,HEIUSDT,False,0,Fresh_2026-10-01,False,False,False,-3.3788567282189135,-3.3788567282189135,-3.3788567282189135,HIST_TIME_FALLBACK,-3.7161715463038454
PAPER:ONEUSDT:1790868599999:SHORT,ONEUSDT,False,0,Fresh_2026-10-01,False,False,False,-2.9108708909628214,1.2555759215669453,1.2555759215669453,FULL_CLOSE_050,-3.155955997582214
PAPER:AEROUSDT:1790868599999:SHORT,AEROUSDT,True,1,Fresh_2026-10-01,False,False,False,1.7229387581266604,0.640958054929462,0.640958054929462,FULL_CLOSE_050,3.106643210369289
PAPER:TRBUSDT:1790868899999:SHORT,TRBUSDT,False,0,Fresh_2026-10-01,False,False,False,-1.310834987602681,-1.310834987602681,-1.310834987602681,HIST_TIME_FALLBACK,-1.503178960720072
PAPER:1000000MOGUSDT:1790868899999:SHORT,1000000MOGUSDT,False,1,Fresh_2026-10-01,True,True,True,-3.1284980886516163,-3.1284980886516163,-0.07886681774990878,BE0.10,-3.1284980886516163
PAPER:KGENUSDT:1790868899999:SHORT,KGENUSDT,False,1,Fresh_2026-10-01,True,True,True,-2.1977294524324913,-2.1977294524324913,-2.1977294524324913,HIST_TIME_FALLBACK,-2.823833918374388
PAPER:ONUSDT:1790868899999:SHORT,ONUSDT,False,0,Fresh_2026-10-01,False,False,False,-1.4338375646143875,-1.4338375646143875,-1.4338375646143875,HIST_TIME_FALLBACK,-1.9174850912211212
PAPER:GRAMUSDT:1790868899999:SHORT,GRAMUSDT,False,1,Fresh_2026-10-01,False,False,False,-1.6145234023579123,-1.6145234023579123,-1.6145234023579123,HIST_TIME_FALLBACK,-1.2821364504995862
PAPER:MAGMAUSDT:1790868899999:SHORT,MAGMAUSDT,False,1,Fresh_2026-10-01,True,True,True,-4.5419398693630155,-4.5419398693630155,-4.5419398693630155,HIST_TIME_FALLBACK,-4.708187050065192
PAPER:SOONUSDT:1790869199999:SHORT,SOONUSDT,False,0,Fresh_2026-10-01,False,False,False,-1.5512649539993615,-1.5512649539993615,-1.5512649539993615,HIST_TIME_FALLBACK,-2.753414785983057
PAPER:HYPEUSDT:1790870399999:SHORT,HYPEUSDT,False,0,Fresh_2026-10-01,False,False,False,-3.074716950219544,-3.074716950219544,-3.074716950219544,HIST_TIME_FALLBACK,-3.037494780598599
PAPER:FIGHTUSDT:1790871299999:SHORT,FIGHTUSDT,False,0,Fresh_2026-10-01,False,False,False,-3.533500894408247,-3.533500894408247,-0.1282274927891761,BE0.10,-3.298654452917329
PAPER:KASUSDT:1790871599999:SHORT,KASUSDT,False,3,Fresh_2026-10-01,False,False,False,-1.1895279247099184,-1.1895279247099184,-1.1895279247099184,HIST_TIME_FALLBACK,-0.7707724071696258
PAPER:CLOUSDT:1790871599999:SHORT,CLOUSDT,False,1,Fresh_2026-10-01,True,True,True,-3.746699479560733,-3.746699479560733,-3.746699479560733,HIST_TIME_FALLBACK,-3.0024435212407985
PAPER:PUMPBTCUSDT:1790872199999:SHORT,PUMPBTCUSDT,False,0,Fresh_2026-10-01,False,False,False,-1.5674220849102916,-1.5674220849102916,-1.5674220849102916,HIST_TIME_FALLBACK,-0.9501900380075687
PAPER:RAVEUSDT:1790872799999:SHORT,RAVEUSDT,False,1,Fresh_2026-10-01,True,True,True,-1.4563327984100372,-1.4563327984100372,-1.4563327984100372,HIST_TIME_FALLBACK,-1.4563327984100372
PAPER:ZENUSDT:1790872799999:SHORT,ZENUSDT,False,0,Fresh_2026-10-01,False,False,False,-0.8795870492857581,-0.8795870492857581,-0.03235118462339831,BE0.10,-0.8795870492857581
PAPER:ONDOUSDT:1790872799999:SHORT,ONDOUSDT,False,1,Fresh_2026-10-01,False,False,False,-1.3619319175371172,-1.3619319175371172,-1.3619319175371172,HIST_TIME_FALLBACK,-0.8473602947787617
PAPER:AIXBTUSDT:1790872799999:SHORT,AIXBTUSDT,False,1,Fresh_2026-10-01,False,False,False,-1.1731633965990804,-1.1731633965990804,-1.1731633965990804,HIST_TIME_FALLBACK,-0.9501900380075259
PAPER:POLUSDT:1790872799999:SHORT,POLUSDT,False,2,Fresh_2026-10-01,False,False,False,-1.562312836473764,-1.562312836473764,-1.562312836473764,HIST_TIME_FALLBACK,-1.89218324470317
PAPER:NOMUSDT:1790873099999:SHORT,NOMUSDT,False,0,Fresh_2026-10-01,False,False,False,-2.023617893700241,-2.023617893700241,-2.023617893700241,HIST_TIME_FALLBACK,-1.8447132510847628
PAPER:BROCCOLI714USDT:1790873699999:SHORT,BROCCOLI714USDT,False,1,Fresh_2026-10-01,False,False,False,-4.157795854308434,-4.157795854308434,-0.19545925770150302,BE0.10,-3.9679756599398055
PAPER:NEOUSDT:1790873699999:SHORT,NEOUSDT,False,1,Fresh_2026-10-01,False,False,False,-2.1515704940987166,-2.1515704940987166,-2.1515704940987166,HIST_TIME_FALLBACK,-1.7501503896464816
PAPER:PROMPTUSDT:1790873699999:SHORT,PROMPTUSDT,False,2,Fresh_2026-10-01,False,False,False,-3.3626005924076026,-3.3626005924076026,-0.22646687168751162,BE0.10,-0.23097281094151245
PAPER:FIGHTUSDT:1790873999999:SHORT,FIGHTUSDT,False,0,Fresh_2026-10-01,False,False,False,-0.47548620677187603,-0.47548620677187603,-0.47548620677187603,HIST_TIME_FALLBACK,-0.7128381223897042
PAPER:STABLEUSDT:1790874899999:SHORT,STABLEUSDT,False,1,Fresh_2026-10-01,False,False,False,-8.280041034992687,-8.280041034992687,-8.280041034992687,HIST_TIME_FALLBACK,-3.4441589563464206
PAPER:APRUSDT:1790876399999:SHORT,APRUSDT,True,0,Fresh_2026-10-01,False,False,False,0.5102773289888629,3.066095221232374,3.066095221232374,FULL_CLOSE_050,1.4230694333616034
PAPER:ARKUSDT:1790876699999:SHORT,ARKUSDT,True,1,Fresh_2026-10-01,True,True,True,0.08362902444184905,2.358030961830592,2.358030961830592,FULL_CLOSE_050,0.7005113306256248
PAPER:ARUSDT:1790877899999:SHORT,ARUSDT,True,1,Fresh_2026-10-01,False,False,False,-0.01562725613964311,1.03575587346178,1.03575587346178,FULL_CLOSE_050,1.3209165710527437
PAPER:1000XECUSDT:1790877899999:SHORT,1000XECUSDT,True,1,Fresh_2026-10-01,False,False,False,-4.5092253170603085,-4.5092253170603085,-0.26335866836573324,BE0.10,1.6116388418267862
PAPER:KASUSDT:1790878199999:SHORT,KASUSDT,False,2,Fresh_2026-10-01,False,False,False,0.612604743571211,2.1753995251499854,2.1753995251499854,FULL_CLOSE_050,-0.34766814340231994
PAPER:SKRUSDT:1790878499999:SHORT,SKRUSDT,False,0,Fresh_2026-10-01,False,False,False,-2.837261497183657,1.8804171507565957,1.8804171507565957,FULL_CLOSE_050,-1.6430990894237523
PAPER:1000XECUSDT:1790879399999:SHORT,1000XECUSDT,False,3,Fresh_2026-10-01,False,False,False,-3.122556020813501,-3.122556020813501,-3.122556020813501,HIST_TIME_FALLBACK,-3.559293783551888
PAPER:PUMPBTCUSDT:1790879399999:SHORT,PUMPBTCUSDT,False,2,Fresh_2026-10-01,False,False,False,-0.9501900380075186,-0.9501900380075186,-0.9501900380075186,HIST_TIME_FALLBACK,-0.9501900380075186
PAPER:ARPAUSDT:1790879699999:SHORT,ARPAUSDT,False,2,Fresh_2026-10-01,False,False,False,-1.892470334780445,-1.892470334780445,-1.892470334780445,HIST_TIME_FALLBACK,-2.34242320606594
PAPER:ATUSDT:1790879699999:SHORT,ATUSDT,False,0,Fresh_2026-10-01,False,False,False,-0.31047733508357767,0.9689480707643556,0.9689480707643556,FULL_CLOSE_050,-0.4704055108145804
PAPER:STXUSDT:1790880599999:SHORT,STXUSDT,False,2,Fresh_2026-10-01,False,False,False,-1.6091884451139509,-1.6091884451139509,-1.6091884451139509,HIST_TIME_FALLBACK,-0.9501900380076
PAPER:ZECUSDT:1790880599999:SHORT,ZECUSDT,True,2,Fresh_2026-10-01,False,False,True,0.8697157225829428,2.438729125232133,2.438729125232133,FULL_CLOSE_050,1.3364036864691307
PAPER:GRAMUSDT:1790880599999:SHORT,GRAMUSDT,False,0,Fresh_2026-10-01,False,False,False,-0.9501900380075928,-0.9501900380075928,-0.3009355762202893,BE0.10,-1.761758115241686
PAPER:SPORTFUNUSDT:1790881199999:SHORT,SPORTFUNUSDT,False,1,Fresh_2026-10-01,False,False,False,-3.4712738154793583,-3.4712738154793583,-3.4712738154793583,HIST_TIME_FALLBACK,-2.0694190822513465
PAPER:BLUAIUSDT:1790881799999:SHORT,BLUAIUSDT,False,0,Fresh_2026-10-01,False,False,False,-1.2809301701766302,-1.2809301701766302,-0.01309299686158999,BE0.10,-1.0604367487305821
PAPER:ZAMAUSDT:1790882099999:SHORT,ZAMAUSDT,False,0,Fresh_2026-10-01,False,False,False,1.277209053903543,1.0806738399113982,1.0806738399113982,FULL_CLOSE_050,1.9978381718747702
PAPER:RECALLUSDT:1790882099999:SHORT,RECALLUSDT,False,3,Fresh_2026-10-01,False,False,False,0.39850995587717014,1.2284791828832158,1.2284791828832158,FULL_CLOSE_050,1.176606106195329
PAPER:PONSUSDT:1790882399999:SHORT,PONSUSDT,True,3,Fresh_2026-10-01,False,False,False,1.388946364039091,1.0965543137833083,1.0965543137833083,FULL_CLOSE_050,1.8718707145394198
PAPER:ZECUSDT:1790882399999:SHORT,ZECUSDT,False,2,Fresh_2026-10-01,False,False,True,-2.4038974765873578,-2.4038974765873578,-0.25576811196677013,BE0.10,-0.31743089239854066
PAPER:THETAUSDT:1790882399999:SHORT,THETAUSDT,True,1,Fresh_2026-10-01,False,False,False,2.4752788719240275,2.7036434659195465,2.7036434659195465,FULL_CLOSE_050,1.6712191994409415
PAPER:GPSUSDT:1790882399999:SHORT,GPSUSDT,False,0,Fresh_2026-10-01,False,False,False,-4.137005645497225,-4.137005645497225,-4.137005645497225,HIST_TIME_FALLBACK,-3.9654078820170993
PAPER:XMRUSDT:1790882399999:SHORT,XMRUSDT,False,1,Fresh_2026-10-01,False,False,False,-1.6486627727439307,0.832753521714341,0.832753521714341,FULL_CLOSE_050,-2.3912440129711703
PAPER:BLUAIUSDT:1790882699999:SHORT,BLUAIUSDT,True,2,Fresh_2026-10-01,False,False,False,5.169448332802549,8.538056610312786,8.538056610312786,RUNNER_CLOSE,3.3361321063742038
PAPER:TACUSDT:1790882699999:SHORT,TACUSDT,True,0,Fresh_2026-10-01,False,False,False,1.5988879507282867,1.5988879507282867,1.5988879507282867,FULL_CLOSE_050,1.4395705764322626
PAPER:NEARUSDT:1790882699999:SHORT,NEARUSDT,True,1,Fresh_2026-10-01,False,False,False,4.839196711709151,4.115523367994555,4.115523367994555,FULL_CLOSE_050,3.300759173168591
PAPER:ALCHUSDT:1790882699999:SHORT,ALCHUSDT,False,0,Fresh_2026-10-01,False,False,False,-2.694692152370389,-2.694692152370389,-0.07793898082612194,BE0.10,-1.4347739586638664
PAPER:CHILLGUYUSDT:1790882699999:SHORT,CHILLGUYUSDT,False,3,Fresh_2026-10-01,False,False,False,-5.290219203747215,-5.290219203747215,-5.290219203747215,HIST_TIME_FALLBACK,-3.1171006325408466
PAPER:AVAAIUSDT:1790882699999:SHORT,AVAAIUSDT,False,2,Fresh_2026-10-01,False,False,False,-3.7664375269693933,-3.7664375269693933,-3.7664375269693933,HIST_TIME_FALLBACK,-2.4069849850190455
PAPER:SAFEUSDT:1790882699999:SHORT,SAFEUSDT,False,1,Fresh_2026-10-01,True,True,True,-3.4482087296306045,-3.4482087296306045,-0.024997929999048984,BE0.10,-1.7136851975219962
PAPER:RIVERUSDT:1790882699999:SHORT,RIVERUSDT,False,0,Fresh_2026-10-01,False,False,False,-0.5305964168524093,1.147778067767912,1.147778067767912,FULL_CLOSE_050,0.09879401488016465
PAPER:PIPPINUSDT:1790882699999:SHORT,PIPPINUSDT,False,1,Fresh_2026-10-01,False,False,False,-0.40961207900327,1.2121217980096646,1.2121217980096646,FULL_CLOSE_050,1.2097892070324596
PAPER:哈基米USDT:1790882699999:SHORT,哈基米USDT,False,2,Fresh_2026-10-01,False,False,False,-8.513614124304885,-8.513614124304885,-8.513614124304885,HIST_TIME_FALLBACK,-4.334533670716884
PAPER:ARCUSDT:1790882999999:SHORT,ARCUSDT,True,1,Fresh_2026-10-01,False,False,False,1.0744515953399376,3.029277999951506,3.029277999951506,FULL_CLOSE_050,1.214685923373287
PAPER:NOMUSDT:1790882999999:SHORT,NOMUSDT,False,0,Fresh_2026-10-01,False,False,False,-2.8285209574747836,0.928140881459629,0.928140881459629,FULL_CLOSE_050,-2.8285209574747836
PAPER:AIOUSDT:1790882999999:SHORT,AIOUSDT,False,1,Fresh_2026-10-01,False,False,False,-1.606079962061648,-1.606079962061648,-1.606079962061648,HIST_TIME_FALLBACK,-2.395799670566866
PAPER:FLOCKUSDT:1790882999999:SHORT,FLOCKUSDT,True,0,Fresh_2026-10-01,False,False,False,1.1500124698168528,4.057985172958385,4.057985172958385,FULL_CLOSE_050,0.6249618428607436
PAPER:ARXUSDT:1790882999999:SHORT,ARXUSDT,False,0,Fresh_2026-10-01,False,False,False,-1.4878647856317206,-1.4878647856317206,-1.4878647856317206,HIST_TIME_FALLBACK,-1.4878647856317206
PAPER:HANAUSDT:1790882999999:SHORT,HANAUSDT,False,2,Fresh_2026-10-01,False,False,False,-5.430521275125589,-5.430521275125589,-5.430521275125589,HIST_TIME_FALLBACK,-2.9817451923825984
PAPER:TAKEUSDT:1790882999999:SHORT,TAKEUSDT,False,1,Fresh_2026-10-01,True,True,True,-2.0259839660112178,-2.0259839660112178,-2.0259839660112178,HIST_TIME_FALLBACK,-2.897469787369122
PAPER:USUALUSDT:1790882999999:SHORT,USUALUSDT,False,3,Fresh_2026-10-01,False,False,False,-3.8350170898633382,-3.8350170898633382,-3.8350170898633382,HIST_TIME_FALLBACK,-3.217496671835557
PAPER:PLAYUSDT:1790882999999:SHORT,PLAYUSDT,False,3,Fresh_2026-10-01,True,False,False,-1.4339933788948558,-1.4339933788948558,-1.4339933788948558,HIST_TIME_FALLBACK,-2.404411054903051
PAPER:AEROUSDT:1790883599999:SHORT,AEROUSDT,False,1,Fresh_2026-10-01,False,False,False,-9.385403556785402,1.1747110774097087,1.1747110774097087,FULL_CLOSE_050,-6.142343471593437
PAPER:SYNUSDT:1790885099999:SHORT,SYNUSDT,True,0,Fresh_2026-10-01,False,False,False,-1.1636890794484025,-1.1636890794484025,-1.1636890794484025,HIST_TIME_FALLBACK,-1.670749302870108
PAPER:STARUSDT:1790885399999:SHORT,STARUSDT,True,2,Fresh_2026-10-01,False,False,False,-5.3486681817655555,-5.3486681817655555,-0.09887168760280546,BE0.10,0.10350458037166424
PAPER:HEIUSDT:1790885999999:SHORT,HEIUSDT,False,1,Fresh_2026-10-01,True,True,True,-2.085281171880607,-2.085281171880607,-0.05587581131982283,BE0.10,-1.4997065416514368
PAPER:MONUSDT:1790887199999:SHORT,MONUSDT,False,2,Fresh_2026-10-01,False,False,False,-3.476846282261099,-3.476846282261099,-3.476846282261099,HIST_TIME_FALLBACK,-2.8794747906000144
PAPER:PROMPTUSDT:1790887499999:SHORT,PROMPTUSDT,False,1,Fresh_2026-10-01,False,False,False,-0.6946641625415089,-0.6946641625415089,-0.6946641625415089,HIST_TIME_FALLBACK,-1.2057159134736388
PAPER:PENDLEUSDT:1790887499999:SHORT,PENDLEUSDT,False,1,Fresh_2026-10-01,False,False,False,-2.410889019341629,-2.410889019341629,-2.410889019341629,HIST_TIME_FALLBACK,-2.7831390257860296
PAPER:GRASSUSDT:1790888699999:SHORT,GRASSUSDT,False,1,Fresh_2026-10-01,True,True,True,0.18121313201750983,0.18121313201750983,-0.03092496236216241,BE0.10,-0.3487922831915773
PAPER:GRASSUSDT:1790888999999:SHORT,GRASSUSDT,True,1,Fresh_2026-10-01,True,True,True,-4.341718642849256,-4.341718642849256,-0.012107657945023498,BE0.10,-0.8067176418947193
PAPER:MINAUSDT:1790889299999:SHORT,MINAUSDT,False,0,Fresh_2026-10-01,False,False,False,-0.21571930432509917,-0.21571930432509917,-0.015409104229864079,BE0.10,-0.5495696378171422
PAPER:CVXUSDT:1790889599999:SHORT,CVXUSDT,True,3,Fresh_2026-10-01,False,False,False,1.1890201758300998,1.664400223349473,1.664400223349473,FULL_CLOSE_050,1.6569724101070702
PAPER:MARSCOINUSDT:1790890199999:SHORT,MARSCOINUSDT,True,2,Fresh_2026-10-01,False,False,False,-1.2289289076493952,1.5982796272881417,1.5982796272881417,FULL_CLOSE_050,1.586374662105839
PAPER:DRIFTUSDT:1790890199999:SHORT,DRIFTUSDT,False,0,Fresh_2026-10-01,False,False,False,-0.46158565534478196,0.027018727318001257,0.027018727318001257,FULL_CLOSE_050,-0.46158565534478196
PAPER:DYDXUSDT:1790890199999:SHORT,DYDXUSDT,False,1,Fresh_2026-10-01,True,True,True,-5.350107191823761,-5.350107191823761,-5.350107191823761,HIST_TIME_FALLBACK,-5.008907795072529
PAPER:JCTUSDT:1790890199999:SHORT,JCTUSDT,False,2,Fresh_2026-10-01,False,False,False,-1.2479742081669931,-1.2479742081669931,-0.354621697688707,BE0.10,-1.0990821230872787
PAPER:TAUSDT:1790890499999:SHORT,TAUSDT,False,0,Fresh_2026-10-01,False,False,False,0.41463325697861236,1.7794565519648466,1.7794565519648466,FULL_CLOSE_050,0.7295924788985266
PAPER:JTOUSDT:1790890499999:SHORT,JTOUSDT,False,3,Fresh_2026-10-01,False,False,False,-0.8561499872772624,-0.8561499872772624,-0.009789530703486371,BE0.10,-0.38669076216737874
PAPER:SAGAUSDT:1790890499999:SHORT,SAGAUSDT,False,2,Fresh_2026-10-01,False,False,False,-1.1541734080311952,1.4976104022760648,1.4976104022760648,FULL_CLOSE_050,-0.44085427280805967
PAPER:XPLUSDT:1790890499999:SHORT,XPLUSDT,False,3,Fresh_2026-10-01,False,False,False,-1.1089348128610732,-1.1089348128610732,-0.05063631383773576,BE0.10,-0.500935564844968
PAPER:SQDUSDT:1790890799999:SHORT,SQDUSDT,False,0,Fresh_2026-10-01,False,False,False,-2.8154769927562726,-2.8154769927562726,-0.102332331303641,BE0.10,-1.5436904327003387
PAPER:MOVEUSDT:1790890799999:SHORT,MOVEUSDT,True,1,Fresh_2026-10-01,False,False,False,8.290156081375702,7.661231999951747,7.661231999951747,RUNNER_CLOSE,8.426230437745371
PAPER:POWERUSDT:1790890799999:SHORT,POWERUSDT,False,0,Fresh_2026-10-01,False,False,False,-2.750373633134391,-2.750373633134391,-2.750373633134391,HIST_TIME_FALLBACK,-2.4399971512159637
PAPER:TAUSDT:1790890799999:SHORT,TAUSDT,True,0,Fresh_2026-10-01,False,False,False,3.9987022488637463,2.94574644314652,2.94574644314652,FULL_CLOSE_050,2.6298597014312284
PAPER:2ZUSDT:1790890799999:SHORT,2ZUSDT,False,2,Fresh_2026-10-01,False,False,False,-14.281816770139868,-14.281816770139868,-14.281816770139868,HIST_TIME_FALLBACK,-9.239970255197475
PAPER:PUMPUSDT:1790891099999:SHORT,PUMPUSDT,True,3,Fresh_2026-10-01,False,False,False,1.945336915761803,3.612458495204804,3.612458495204804,FULL_CLOSE_050,2.995489336963566
PAPER:SPACEUSDT:1790891099999:SHORT,SPACEUSDT,False,2,Fresh_2026-10-01,False,False,False,-2.650256721155524,-2.650256721155524,-2.650256721155524,HIST_TIME_FALLBACK,-2.510645476440856
PAPER:BRETTUSDT:1790891099999:SHORT,BRETTUSDT,False,1,Fresh_2026-10-01,False,False,False,-2.7684798674227746,-2.7684798674227746,-0.4956175806537768,BE0.10,-1.9486174342755218
PAPER:MAGMAUSDT:1790893499999:SHORT,MAGMAUSDT,False,0,Fresh_2026-10-01,False,False,False,-1.1863104106670146,-1.1863104106670146,-1.1863104106670146,HIST_TIME_FALLBACK,-1.3365688296321263
PAPER:FFUSDT:1790893799999:SHORT,FFUSDT,False,0,Fresh_2026-10-01,False,False,False,-0.13425655791302704,1.4160170542665933,1.4160170542665933,FULL_CLOSE_050,-1.3785551150572282
PAPER:我踏马来了USDT:1790894099999:SHORT,我踏马来了USDT,False,1,Fresh_2026-10-01,False,False,False,-4.416558996407364,-4.416558996407364,-4.416558996407364,HIST_TIME_FALLBACK,-3.55160441143352
PAPER:BRUSDT:1790894099999:SHORT,BRUSDT,False,3,Fresh_2026-10-01,False,False,False,-0.7273531607995913,1.8213436222662922,1.8213436222662922,FULL_CLOSE_050,0.9472444525698934
PAPER:MOVEUSDT:1790894099999:SHORT,MOVEUSDT,False,0,Fresh_2026-10-01,False,False,False,-2.7564150396481732,-2.7564150396481732,-2.7564150396481732,HIST_TIME_FALLBACK,-2.0038212889646125
PAPER:ACUUSDT:1790894999999:SHORT,ACUUSDT,False,0,Fresh_2026-10-01,False,False,False,-2.4389746343228706,-2.4389746343228706,-2.4389746343228706,HIST_TIME_FALLBACK,-2.5534965263471197
PAPER:PONSUSDT:1790895899999:SHORT,PONSUSDT,False,1,Fresh_2026-10-01,True,True,True,-1.545994668086548,-1.545994668086548,-0.056483092889133946,BE0.10,-0.6528186379850119
PAPER:HUSDT:1790897399999:SHORT,HUSDT,False,0,Fresh_2026-10-01,False,False,False,-2.3088941252535493,-2.3088941252535493,-0.020550399365551364,BE0.10,-2.3088941252535493
PAPER:DATAIPUSDT:1790897699999:SHORT,DATAIPUSDT,True,2,Fresh_2026-10-01,False,False,False,2.527636664433402,1.8320713239452235,1.8320713239452235,FULL_CLOSE_050,3.4530176521415226
PAPER:SNXUSDT:1790899499999:SHORT,SNXUSDT,False,2,Fresh_2026-10-02,False,False,False,-3.74446940823564,-3.74446940823564,-0.1518245036567476,BE0.10,-2.5450134232341766
PAPER:CVCUSDT:1790899799999:SHORT,CVCUSDT,False,1,Fresh_2026-10-02,True,True,True,-3.401586659153512,-3.401586659153512,-3.401586659153512,HIST_TIME_FALLBACK,-2.991687550397476
PAPER:PUMPBTCUSDT:1790901899999:SHORT,PUMPBTCUSDT,False,0,Fresh_2026-10-02,False,False,False,-0.9501900380075441,-0.9501900380075441,-0.32290283244622264,BE0.10,-0.9501900380075441
PAPER:ARIAUSDT:1790903099999:SHORT,ARIAUSDT,False,0,Fresh_2026-10-02,False,False,False,-4.569476729049869,-4.569476729049869,-0.11497003238246445,BE0.10,-2.8294350506641734
PAPER:SEIUSDT:1790903099999:SHORT,SEIUSDT,False,1,Fresh_2026-10-02,False,False,False,-3.1794431469254993,-3.1794431469254993,-3.1794431469254993,HIST_TIME_FALLBACK,-0.37769518163824745
PAPER:PROMPTUSDT:1790903399999:SHORT,PROMPTUSDT,False,3,Fresh_2026-10-02,False,False,False,-1.9660706875012948,-1.9660706875012948,-1.9660706875012948,HIST_TIME_FALLBACK,-0.19135953264425876
PAPER:NOMUSDT:1790903399999:SHORT,NOMUSDT,False,0,Fresh_2026-10-02,False,False,False,-4.625485119050164,-4.625485119050164,-0.215131021799066,BE0.10,-4.074190856893816
PAPER:FFUSDT:1790903399999:SHORT,FFUSDT,True,2,Fresh_2026-10-02,False,False,False,-1.239970581364041,1.202465426926,1.202465426926,FULL_CLOSE_050,1.3979941305519343
PAPER:TRIAUSDT:1790903399999:SHORT,TRIAUSDT,False,3,Fresh_2026-10-02,True,False,False,-0.2278593164519831,2.420686662585104,2.420686662585104,FULL_CLOSE_050,0.4955144819578009
PAPER:ZKCUSDT:1790903699999:SHORT,ZKCUSDT,False,0,Fresh_2026-10-02,False,False,False,-0.3694763604692933,1.024236465622565,1.024236465622565,FULL_CLOSE_050,-0.3694763604693336
PAPER:哈基米USDT:1790903699999:SHORT,哈基米USDT,True,1,Fresh_2026-10-02,False,False,False,4.0495016300475655,4.352513246293395,4.352513246293395,FULL_CLOSE_050,2.529178161108216
PAPER:ANIMEUSDT:1790903699999:SHORT,ANIMEUSDT,False,2,Fresh_2026-10-02,False,False,True,-2.3035023571250237,-2.3035023571250237,-0.04798182526257144,BE0.10,-2.8320516546918455
PAPER:SKYUSDT:1790903999999:SHORT,SKYUSDT,False,1,Fresh_2026-10-02,False,False,False,-7.926213650994881,-7.926213650994881,-7.926213650994881,HIST_TIME_FALLBACK,-4.436089690082854
PAPER:我踏马来了USDT:1790903999999:SHORT,我踏马来了USDT,False,3,Fresh_2026-10-02,False,False,False,-1.901401800550057,-1.901401800550057,-0.39531650985775557,BE0.10,-3.0557840913420007
PAPER:CFGUSDT:1790908499999:SHORT,CFGUSDT,False,0,Fresh_2026-10-02,False,False,False,-2.6401805513026693,-2.6401805513026693,-2.6401805513026693,HIST_TIME_FALLBACK,-2.133183397314109
PAPER:PUMPBTCUSDT:1790908799999:SHORT,PUMPBTCUSDT,False,0,Fresh_2026-10-02,False,False,False,-0.9501900380075478,1.4739028919585517,1.4739028919585517,FULL_CLOSE_050,0.2618564269754496
PAPER:NOMUSDT:1790912699999:SHORT,NOMUSDT,False,0,Fresh_2026-10-02,False,False,False,3.566277842034613,0.9316715786766379,0.9316715786766379,FULL_CLOSE_050,0.6493923361739864
PAPER:TLMUSDT:1790912699999:SHORT,TLMUSDT,False,1,Fresh_2026-10-02,True,True,True,-3.410018981683281,-3.410018981683281,-3.410018981683281,HIST_TIME_FALLBACK,-0.950190038007634
PAPER:HEMIUSDT:1790912999999:SHORT,HEMIUSDT,False,2,Fresh_2026-10-02,False,False,False,-2.5186537385809844,-2.5186537385809844,-2.5186537385809844,HIST_TIME_FALLBACK,-2.598884986376132
PAPER:COMPUSDT:1790913899999:SHORT,COMPUSDT,False,0,Fresh_2026-10-02,False,False,False,-3.8496739687199986,-3.8496739687199986,-0.12176605780390604,BE0.10,-3.746120971194588
PAPER:AEROUSDT:1790914199999:SHORT,AEROUSDT,False,1,Fresh_2026-10-02,False,False,False,-6.680044414543266,-6.680044414543266,-6.680044414543266,HIST_TIME_FALLBACK,-5.917586095412738
PAPER:DRIFTUSDT:1790914199999:SHORT,DRIFTUSDT,False,2,Fresh_2026-10-02,False,False,False,-2.4355763585951125,-2.4355763585951125,-0.20749687771375463,BE0.10,-2.6848565381393303
PAPER:IOSTUSDT:1790914199999:SHORT,IOSTUSDT,False,2,Fresh_2026-10-02,False,False,False,-5.06262884251883,-5.06262884251883,-5.06262884251883,HIST_TIME_FALLBACK,-4.031706255751822
PAPER:WALUSDT:1790914199999:SHORT,WALUSDT,False,2,Fresh_2026-10-02,False,False,False,-5.970708168182231,-5.970708168182231,-5.970708168182231,HIST_TIME_FALLBACK,-4.928856546993733
PAPER:NOMUSDT:1790914499999:SHORT,NOMUSDT,False,1,Fresh_2026-10-02,False,False,False,-4.411716515412274,-4.411716515412274,-0.18096193191776422,BE0.10,-2.2911874854879204
PAPER:HUMAUSDT:1790914499999:SHORT,HUMAUSDT,False,1,Fresh_2026-10-02,False,False,False,-0.45742443614455164,-0.45742443614455164,-0.45742443614455164,HIST_TIME_FALLBACK,-1.4135056828043244
PAPER:SIRENUSDT:1790914499999:SHORT,SIRENUSDT,False,1,Fresh_2026-10-02,False,False,False,-2.4769988965112026,-2.4769988965112026,-2.4769988965112026,HIST_TIME_FALLBACK,-2.6958750948096846
PAPER:BSVUSDT:1790914499999:SHORT,BSVUSDT,False,2,Fresh_2026-10-02,False,False,True,-4.433317602884386,-4.433317602884386,-4.433317602884386,HIST_TIME_FALLBACK,-4.307251670155198
PAPER:RIFUSDT:1790914499999:SHORT,RIFUSDT,False,0,Fresh_2026-10-02,False,False,False,-3.00709220103265,-3.00709220103265,-0.015234509359754955,BE0.10,-2.7889359110148186
PAPER:HUSDT:1790916299999:SHORT,HUSDT,False,0,Fresh_2026-10-02,False,False,False,-2.01796988023883,-2.01796988023883,-0.02478084140716763,BE0.10,-1.5196726205309639
PAPER:ZKUSDT:1790916899999:SHORT,ZKUSDT,False,0,Fresh_2026-10-02,False,False,False,-1.295149969886777,1.0812406719476404,1.0812406719476404,FULL_CLOSE_050,-0.6052301061283483
PAPER:1000000BOBUSDT:1790917499999:SHORT,1000000BOBUSDT,True,2,Fresh_2026-10-02,False,False,False,10.682366851931103,1.3012725858515042,1.3012725858515042,FULL_CLOSE_050,10.81706256363215
PAPER:BOMEUSDT:1790917499999:SHORT,BOMEUSDT,False,1,Fresh_2026-10-02,True,True,True,0.39611239560391265,1.0941951389580962,1.0941951389580962,FULL_CLOSE_050,0.1740804526946307
PAPER:LSKUSDT:1790917499999:SHORT,LSKUSDT,False,2,Fresh_2026-10-02,False,False,False,-2.768637137163076,-2.768637137163076,-2.768637137163076,HIST_TIME_FALLBACK,-0.5364915338439306
PAPER:SAGAUSDT:1790918399999:SHORT,SAGAUSDT,True,1,Fresh_2026-10-02,False,False,False,6.1030030583411135,2.677166411543166,2.677166411543166,FULL_CLOSE_050,5.390026482377363
PAPER:CCUSDT:1790919299999:SHORT,CCUSDT,False,0,Fresh_2026-10-02,False,False,False,-0.2834787218826787,1.0499439103670498,1.0499439103670498,FULL_CLOSE_050,-0.2626439932537866
PAPER:VIRTUALUSDT:1790919599999:SHORT,VIRTUALUSDT,False,1,Fresh_2026-10-02,False,False,False,-2.1975740151768255,-2.1975740151768255,-2.1975740151768255,HIST_TIME_FALLBACK,-2.8545861083779505
PAPER:FETUSDT:1790919599999:SHORT,FETUSDT,False,0,Fresh_2026-10-02,False,False,False,-2.864842273597039,-2.864842273597039,-2.864842273597039,HIST_TIME_FALLBACK,-2.864842273597039
PAPER:LUMIAUSDT:1790919599999:SHORT,LUMIAUSDT,False,0,Fresh_2026-10-02,False,False,False,-3.2160248118564407,-3.2160248118564407,-3.2160248118564407,HIST_TIME_FALLBACK,-3.738909759667714
PAPER:ONEUSDT:1790919599999:SHORT,ONEUSDT,False,1,Fresh_2026-10-02,False,False,False,-1.9049973323345117,-1.9049973323345117,-1.9049973323345117,HIST_TIME_FALLBACK,-2.3492263433122416
PAPER:ARBUSDT:1790919599999:SHORT,ARBUSDT,False,0,Fresh_2026-10-02,False,False,False,-3.354206926360326,-3.354206926360326,-3.354206926360326,HIST_TIME_FALLBACK,-3.341941534072767
PAPER:REUSDT:1790920199999:SHORT,REUSDT,False,1,Fresh_2026-10-02,False,False,False,-1.9418207631224869,-1.9418207631224869,-1.9418207631224869,HIST_TIME_FALLBACK,-2.6869199796541454
PAPER:QUSDT:1790921099999:SHORT,QUSDT,False,3,Fresh_2026-10-02,False,False,False,-0.43499306727646025,0.20286984886681264,0.20286984886681264,FULL_CLOSE_050,0.04175120852047018
PAPER:CAPUSDT:1790922599999:SHORT,CAPUSDT,False,1,Fresh_2026-10-02,False,False,False,-4.361962052988501,1.0968731709810076,1.0968731709810076,FULL_CLOSE_050,-4.361962052988501
PAPER:EPICUSDT:1790922899999:SHORT,EPICUSDT,True,0,Fresh_2026-10-02,False,False,False,3.7704360468472173,1.3157104827227037,1.3157104827227037,FULL_CLOSE_050,2.9207233515733195
PAPER:PUMPBTCUSDT:1790923199999:SHORT,PUMPBTCUSDT,False,2,Fresh_2026-10-02,False,False,False,-0.9501900380076607,-0.9501900380076607,-0.9501900380076607,HIST_TIME_FALLBACK,-0.3306662879605815
PAPER:牛来USDT:1790923199999:SHORT,牛来USDT,False,1,Fresh_2026-10-02,False,False,False,-3.526308574025632,-3.526308574025632,-3.526308574025632,HIST_TIME_FALLBACK,-1.8585833660330056
PAPER:XNYUSDT:1790923199999:SHORT,XNYUSDT,True,1,Fresh_2026-10-02,False,False,False,1.7293935892213528,3.757186604421646,3.757186604421646,FULL_CLOSE_050,2.305465916857334
PAPER:LSKUSDT:1790923199999:SHORT,LSKUSDT,False,2,Fresh_2026-10-02,False,False,False,-1.3234485328695125,-1.3234485328695125,-0.008156693832137574,BE0.10,-0.17887408155346182
PAPER:BSVUSDT:1790923199999:SHORT,BSVUSDT,False,3,Fresh_2026-10-02,False,False,False,-3.6882940113631597,-3.6882940113631597,-3.6882940113631597,HIST_TIME_FALLBACK,-2.8142982432136074
PAPER:ARXUSDT:1790923199999:SHORT,ARXUSDT,False,1,Fresh_2026-10-02,True,True,True,-5.045967117649678,-5.045967117649678,-0.23788098067846686,BE0.10,-4.327650482156049
PAPER:VELVETUSDT:1790923499999:SHORT,VELVETUSDT,False,0,Fresh_2026-10-02,False,False,False,-2.169123130632578,-2.169123130632578,-0.1375679762575337,BE0.10,-1.6815498935825854
PAPER:SYNUSDT:1790923799999:SHORT,SYNUSDT,False,3,Fresh_2026-10-02,False,False,False,-1.9938777440486588,-1.9938777440486588,-0.10395676283911492,BE0.10,0.2159641321157209
PAPER:MARSCOINUSDT:1790924399999:SHORT,MARSCOINUSDT,True,1,Fresh_2026-10-02,True,True,True,-2.133679399747483,-2.133679399747483,-0.011560544213807422,BE0.10,1.2374969369076352
PAPER:GTCUSDT:1790924699999:SHORT,GTCUSDT,True,2,Fresh_2026-10-02,False,False,False,0.39975763191993663,5.9090035281109055,5.9090035281109055,RUNNER_CLOSE,1.6924737119200464
PAPER:ARKUSDT:1790924699999:SHORT,ARKUSDT,True,1,Fresh_2026-10-02,True,True,True,2.72544238081219,1.1173531975785365,1.1173531975785365,FULL_CLOSE_050,5.009038414825854
PAPER:ARXUSDT:1790924699999:SHORT,ARXUSDT,False,3,Fresh_2026-10-02,False,False,False,-2.38501680988287,-2.38501680988287,-0.053423305585454495,BE0.10,0.03132994245910417
PAPER:SOONUSDT:1790924999999:SHORT,SOONUSDT,False,0,Fresh_2026-10-02,False,False,False,-5.314946303909512,-5.314946303909512,-5.314946303909512,HIST_TIME_FALLBACK,-4.566702372612064
PAPER:TWTUSDT:1790924999999:SHORT,TWTUSDT,True,2,Fresh_2026-10-02,False,False,False,-3.371770086567411,-3.371770086567411,-0.43128002760197753,BE0.10,1.6194977958631152
PAPER:STXUSDT:1790924999999:SHORT,STXUSDT,True,2,Fresh_2026-10-02,False,False,False,-1.4912061850359606,-1.4912061850359606,-0.13866581746507928,BE0.10,1.8741192018629058
PAPER:BERAUSDT:1790925299999:SHORT,BERAUSDT,False,2,Fresh_2026-10-02,False,False,False,-3.683275913897593,-3.683275913897593,-0.10924053773369452,BE0.10,-3.2637728491076423
PAPER:DOSUSDT:1790925299999:SHORT,DOSUSDT,False,1,Fresh_2026-10-02,False,False,False,-4.463820290965027,-4.463820290965027,-0.0132219705522153,BE0.10,-2.2373165201062117
PAPER:SYNUSDT:1790925599999:SHORT,SYNUSDT,True,2,Fresh_2026-10-02,False,False,False,0.8770393102176501,3.418030122593299,3.418030122593299,FULL_CLOSE_050,1.742606424597952
PAPER:BRUSDT:1790925599999:SHORT,BRUSDT,False,1,Fresh_2026-10-02,False,False,False,-0.6882687734896168,1.036046217920719,1.036046217920719,FULL_CLOSE_050,-0.9029337276761934
PAPER:TWTUSDT:1790926199999:SHORT,TWTUSDT,False,1,Fresh_2026-10-02,False,False,False,-1.906481648014208,-1.906481648014208,-1.906481648014208,HIST_TIME_FALLBACK,-0.4302019597132536
PAPER:WUSDT:1790926499999:SHORT,WUSDT,False,3,Fresh_2026-10-02,False,False,False,-1.0977652709197068,-1.0977652709197068,-1.0977652709197068,HIST_TIME_FALLBACK,-1.171585522323356
PAPER:TOSHIUSDT:1790926499999:SHORT,TOSHIUSDT,False,3,Fresh_2026-10-02,False,False,False,-4.551450397993204,-4.551450397993204,-4.551450397993204,HIST_TIME_FALLBACK,-2.949292234644953
PAPER:LUNA2USDT:1790926499999:SHORT,LUNA2USDT,False,3,Fresh_2026-10-02,True,False,False,-3.5548402848809837,-3.5548402848809837,-3.5548402848809837,HIST_TIME_FALLBACK,-3.5075917222194706
PAPER:USUALUSDT:1790926499999:SHORT,USUALUSDT,False,1,Fresh_2026-10-02,False,False,False,-2.51032555998081,-2.51032555998081,-2.51032555998081,HIST_TIME_FALLBACK,-0.8173409960653942
PAPER:TUSDT:1790926499999:SHORT,TUSDT,False,1,Fresh_2026-10-02,True,True,True,-3.5385751388504896,-3.5385751388504896,-3.5385751388504896,HIST_TIME_FALLBACK,-1.9194025579041085
PAPER:BTWUSDT:1790927399999:SHORT,BTWUSDT,False,0,Fresh_2026-10-02,False,False,False,-1.2270377061932074,-1.2270377061932074,-0.015829157881316946,BE0.10,-1.6423092084714512
PAPER:THEUSDT:1790929499999:SHORT,THEUSDT,False,1,Fresh_2026-10-02,False,False,False,-1.0839800126269696,-1.0839800126269696,-1.0839800126269696,HIST_TIME_FALLBACK,-1.3520432812813543
PAPER:PENDLEUSDT:1790929499999:SHORT,PENDLEUSDT,False,1,Fresh_2026-10-02,False,False,False,-2.970531014556337,-2.970531014556337,-0.011445745873896407,BE0.10,-2.4601592236757996
PAPER:NILUSDT:1790929499999:SHORT,NILUSDT,False,1,Fresh_2026-10-02,False,False,False,-0.2653234844730265,-0.2653234844730265,-0.2653234844730265,HIST_TIME_FALLBACK,-0.9501900380075935
PAPER:ALLOUSDT:1790929499999:SHORT,ALLOUSDT,True,2,Fresh_2026-10-02,False,False,False,3.028974579508016,4.404947391172128,4.404947391172128,FULL_CLOSE_050,2.351243280261606
PAPER:POWERUSDT:1790929499999:SHORT,POWERUSDT,True,2,Fresh_2026-10-02,False,False,False,0.6760318523818939,1.278336256229769,1.278336256229769,FULL_CLOSE_050,2.589775946919042
PAPER:CAPUSDT:1790930399999:SHORT,CAPUSDT,True,2,Fresh_2026-10-02,False,False,False,-0.21760524357165312,1.7603737014050471,1.7603737014050471,FULL_CLOSE_050,2.6279550111335253
PAPER:POWERUSDT:1790930699999:SHORT,POWERUSDT,False,1,Fresh_2026-10-02,False,False,False,-1.3802902381138638,-1.3802902381138638,-1.3802902381138638,HIST_TIME_FALLBACK,-1.4417331238433053
PAPER:PUMPBTCUSDT:1790931899999:SHORT,PUMPBTCUSDT,True,0,Fresh_2026-10-02,False,False,False,1.5811636410721557,1.5811636410721557,1.5811636410721557,FULL_CLOSE_050,0.9483252213022173
PAPER:STBLUSDT:1790931899999:SHORT,STBLUSDT,False,0,Fresh_2026-10-02,False,False,False,-5.147085686192141,-5.147085686192141,-0.5686540699907927,BE0.10,-3.6209418141250365
PAPER:币安人生USDT:1790931899999:SHORT,币安人生USDT,False,1,Fresh_2026-10-02,False,False,False,1.0097754672313561,1.0097754672313561,1.0097754672313561,HIST_TIME_FALLBACK,-8.735806154251767
PAPER:TAKEUSDT:1790931899999:SHORT,TAKEUSDT,False,0,Fresh_2026-10-02,False,False,False,-3.0197515472087013,-3.0197515472087013,-3.0197515472087013,HIST_TIME_FALLBACK,-3.062867411983702
PAPER:SOONUSDT:1790932799999:SHORT,SOONUSDT,False,1,Fresh_2026-10-02,False,False,False,-0.451609171435837,0.9194882116363763,0.9194882116363763,FULL_CLOSE_050,-0.5761612534212154
PAPER:TAKEUSDT:1790933099999:SHORT,TAKEUSDT,True,2,Fresh_2026-10-02,False,False,False,-0.3422742971564497,0.8735571845458621,0.8735571845458621,FULL_CLOSE_050,1.1723596601459607
PAPER:BROCCOLI714USDT:1790935499999:SHORT,BROCCOLI714USDT,False,2,Fresh_2026-10-02,False,False,False,-0.9501900380076292,1.1466595775362198,1.1466595775362198,FULL_CLOSE_050,-1.3317260060243619
PAPER:NEOUSDT:1790935499999:SHORT,NEOUSDT,False,0,Fresh_2026-10-02,False,False,False,-0.9501900380076159,-0.9501900380076159,-0.9501900380076159,HIST_TIME_FALLBACK,-1.1403781801193222
PAPER:APRUSDT:1790935799999:SHORT,APRUSDT,False,3,Fresh_2026-10-02,False,False,False,-1.7121005251278252,-1.7121005251278252,-0.9501900380075226,BE0.10,-1.7121005251278252
PAPER:SLPUSDT:1790936099999:SHORT,SLPUSDT,True,0,Fresh_2026-10-02,False,False,False,4.631914116305255,1.3524279256465195,1.3524279256465195,FULL_CLOSE_050,3.7597103421938813
PAPER:CUSDT:1790936099999:SHORT,CUSDT,False,0,Fresh_2026-10-02,False,False,False,-3.55762963744015,-3.55762963744015,-3.55762963744015,HIST_TIME_FALLBACK,-2.5465816294968455
PAPER:COTIUSDT:1790936399999:SHORT,COTIUSDT,False,0,Fresh_2026-10-02,False,False,False,-2.505100617723195,-2.505100617723195,-2.505100617723195,HIST_TIME_FALLBACK,-2.681795001781767
PAPER:AZTECUSDT:1790936399999:SHORT,AZTECUSDT,False,2,Fresh_2026-10-02,False,False,False,-8.33246737265776,-8.33246737265776,-0.09838880708647002,BE0.10,-4.491327488757409
PAPER:DEEPUSDT:1790938199999:SHORT,DEEPUSDT,False,0,Fresh_2026-10-02,False,False,False,-2.855933147289329,-2.855933147289329,-0.10319310054897751,BE0.10,-2.7500585301070246
PAPER:SUPERUSDT:1790938799999:SHORT,SUPERUSDT,False,2,Fresh_2026-10-02,False,False,False,-1.8703237654927964,-1.8703237654927964,-0.7257671776453357,BE0.10,-0.011066529650161
PAPER:COTIUSDT:1790938799999:SHORT,COTIUSDT,False,2,Fresh_2026-10-02,False,False,False,-2.2753157467724687,-2.2753157467724687,-0.01902062103770885,BE0.10,0.15451779221794787
PAPER:ARXUSDT:1790939399999:SHORT,ARXUSDT,True,2,Fresh_2026-10-02,False,False,False,-3.2169456155381235,1.6943581357781672,1.6943581357781672,FULL_CLOSE_050,2.7924282052673055
PAPER:PUMPBTCUSDT:1790939399999:SHORT,PUMPBTCUSDT,False,2,Fresh_2026-10-02,False,False,False,-2.2287984416805617,-2.2287984416805617,-0.9501900380075656,BE0.10,1.5940294793394405
PAPER:BTWUSDT:1790939699999:SHORT,BTWUSDT,True,0,Fresh_2026-10-02,False,False,False,1.8206507700784285,6.625779766379385,6.625779766379385,RUNNER_CLOSE,1.7329659343795059
PAPER:BATUSDT:1790939699999:SHORT,BATUSDT,True,0,Fresh_2026-10-02,False,False,False,2.917677150340767,5.478832450733665,5.478832450733665,RUNNER_CLOSE,3.074482576895499
PAPER:OUSDT:1790939699999:SHORT,OUSDT,False,1,Fresh_2026-10-02,True,True,True,-0.49312722752736804,1.9750119490662457,1.9750119490662457,FULL_CLOSE_050,-1.6359094764157567
PAPER:XVSUSDT:1790939999999:SHORT,XVSUSDT,False,0,Fresh_2026-10-02,False,False,False,-2.659123830455974,-2.659123830455974,-0.23813429115407192,BE0.10,-2.3743015317145737
PAPER:COLLECTUSDT:1790940299999:SHORT,COLLECTUSDT,True,1,Fresh_2026-10-02,True,True,True,1.434763223158181,2.229747643546826,2.229747643546826,FULL_CLOSE_050,2.092418146684288
PAPER:EDENUSDT:1790941499999:SHORT,EDENUSDT,False,1,Fresh_2026-10-02,False,False,False,-5.6237830093527466,-5.6237830093527466,-0.03216284720764728,BE0.10,-4.280143073351022
PAPER:OUSDT:1790942399999:SHORT,OUSDT,False,2,Fresh_2026-10-02,False,False,False,-3.460037787501743,-3.460037787501743,-3.460037787501743,HIST_TIME_FALLBACK,-1.2278246414673597
PAPER:USELESSUSDT:1790942699999:SHORT,USELESSUSDT,False,0,Fresh_2026-10-02,False,False,False,-1.152369120376794,-1.152369120376794,-0.040384167345975164,BE0.10,-1.213022845087593
PAPER:NILUSDT:1790942699999:SHORT,NILUSDT,False,2,Fresh_2026-10-02,False,False,False,-0.8266064828815396,-0.8266064828815396,-0.8266064828815396,HIST_TIME_FALLBACK,-1.754973301734271
PAPER:DEXEUSDT:1790942999999:SHORT,DEXEUSDT,False,1,Fresh_2026-10-02,False,False,False,-2.4602207771871236,-2.4602207771871236,-2.4602207771871236,HIST_TIME_FALLBACK,-2.965590903787209
PAPER:CROSSUSDT:1790944199999:SHORT,CROSSUSDT,False,0,Fresh_2026-10-02,False,False,False,-2.159043405827064,-2.159043405827064,-2.159043405827064,HIST_TIME_FALLBACK,-2.0125157248793113
PAPER:JUPUSDT:1790945099999:SHORT,JUPUSDT,False,0,Fresh_2026-10-02,False,False,False,-8.391993530684283,-8.391993530684283,-8.391993530684283,HIST_TIME_FALLBACK,-8.24011999001736
PAPER:POWERUSDT:1790945399999:SHORT,POWERUSDT,False,0,Fresh_2026-10-02,False,False,False,-2.1246687501244974,-2.1246687501244974,-0.02297000212586825,BE0.10,-2.3101127573007485
PAPER:TUTUSDT:1790945699999:SHORT,TUTUSDT,False,1,Fresh_2026-10-02,False,False,False,-6.1732199841470425,-6.1732199841470425,-0.11450524662533412,BE0.10,-2.402335222535578
PAPER:LISTAUSDT:1790946599999:SHORT,LISTAUSDT,False,1,Fresh_2026-10-02,False,False,False,-1.2358738583694429,-1.2358738583694429,-1.2358738583694429,HIST_TIME_FALLBACK,-1.3505129364727864
PAPER:SIGNUSDT:1790948999999:SHORT,SIGNUSDT,False,1,Fresh_2026-10-02,True,True,True,-3.0516485050878317,-3.0516485050878317,-3.0516485050878317,HIST_TIME_FALLBACK,-2.956386324930347
PAPER:PONSUSDT:1790950199999:SHORT,PONSUSDT,False,1,Fresh_2026-10-02,False,False,False,-1.5260050572230663,-1.5260050572230663,-0.08646750918441459,BE0.10,-0.18405238346314182
PAPER:BSBUSDT:1790950199999:SHORT,BSBUSDT,False,1,Fresh_2026-10-02,False,False,False,-4.803848269653947,-4.803848269653947,-4.803848269653947,HIST_TIME_FALLBACK,-3.697584055779334
PAPER:JASMYUSDT:1790950199999:SHORT,JASMYUSDT,False,2,Fresh_2026-10-02,False,False,False,-3.1420901585900505,-3.1420901585900505,-3.1420901585900505,HIST_TIME_FALLBACK,-0.5405540396130208
PAPER:COMPUSDT:1790950199999:SHORT,COMPUSDT,False,2,Fresh_2026-10-02,False,False,False,-3.1858080203129417,-3.1858080203129417,-3.1858080203129417,HIST_TIME_FALLBACK,-2.9825700219215445
PAPER:IOTAUSDT:1790950199999:SHORT,IOTAUSDT,False,1,Fresh_2026-10-02,False,False,False,-3.0400846415425824,-3.0400846415425824,-0.04154021038367084,BE0.10,-2.993168774785233
PAPER:CCUSDT:1790950499999:SHORT,CCUSDT,False,2,Fresh_2026-10-02,False,False,True,-2.875942151642586,-2.875942151642586,-2.875942151642586,HIST_TIME_FALLBACK,-3.5025045206970065
PAPER:FRAXUSDT:1790951099999:SHORT,FRAXUSDT,True,1,Fresh_2026-10-02,False,False,False,2.237171885188842,0.9622271159102581,0.9622271159102581,FULL_CLOSE_050,2.8661392380128
PAPER:DIAUSDT:1790951399999:SHORT,DIAUSDT,False,1,Fresh_2026-10-02,False,False,False,-1.5712510678313159,0.9129930514639889,0.9129930514639889,FULL_CLOSE_050,-1.415408616109841
PAPER:AXSUSDT:1790951399999:SHORT,AXSUSDT,False,1,Fresh_2026-10-02,False,False,False,-1.8480095538102137,-1.8480095538102137,-0.29723039015112224,BE0.10,-0.7671866782568426
PAPER:B2USDT:1790951399999:SHORT,B2USDT,False,1,Fresh_2026-10-02,False,False,False,-7.064707831631399,-7.064707831631399,-0.03301236896399101,BE0.10,-6.144357828839395
PAPER:PROMPTUSDT:1790951399999:SHORT,PROMPTUSDT,False,3,Fresh_2026-10-02,False,False,False,-3.904888651119238,-3.904888651119238,-0.7039651535816007,BE0.10,-3.6573321670232937
PAPER:HYPEUSDT:1790951699999:SHORT,HYPEUSDT,False,2,Fresh_2026-10-02,False,False,False,-2.2736800372156196,-2.2736800372156196,-0.0008512200102290257,BE0.10,-1.8446315903889297
PAPER:SUSHIUSDT:1790951699999:SHORT,SUSHIUSDT,True,3,Fresh_2026-10-02,False,False,False,2.673020861315145,4.389278655731225,4.389278655731225,FULL_CLOSE_050,1.1482577860846517
PAPER:PHAUSDT:1790951699999:SHORT,PHAUSDT,True,1,Fresh_2026-10-02,False,False,False,7.41391887186425,5.874922832447855,5.874922832447855,RUNNER_CLOSE,4.155676900380045
PAPER:GWEIUSDT:1790951699999:SHORT,GWEIUSDT,False,0,Fresh_2026-10-02,False,False,False,-0.7174726088871157,-0.7174726088871157,-0.7174726088871157,HIST_TIME_FALLBACK,-0.7174726088871157
PAPER:THETAUSDT:1790951699999:SHORT,THETAUSDT,False,2,Fresh_2026-10-02,False,False,False,-1.3815344499317685,-1.3815344499317685,-1.3815344499317685,HIST_TIME_FALLBACK,-0.3037304727411078
PAPER:牛来USDT:1790951999999:SHORT,牛来USDT,False,2,Fresh_2026-10-02,False,False,False,-0.7960720607791356,1.618442915799946,1.618442915799946,FULL_CLOSE_050,-0.5141042416231009
PAPER:XPLUSDT:1790952899999:SHORT,XPLUSDT,False,0,Fresh_2026-10-02,False,False,False,-3.7469835621939516,-3.7469835621939516,-3.7469835621939516,HIST_TIME_FALLBACK,-3.79783435354284
PAPER:BRETTUSDT:1790952899999:SHORT,BRETTUSDT,False,0,Fresh_2026-10-02,False,False,False,-4.106297093166739,-4.106297093166739,-4.106297093166739,HIST_TIME_FALLBACK,-3.857130746706755
PAPER:FFUSDT:1790953499999:SHORT,FFUSDT,False,0,Fresh_2026-10-02,False,False,False,-3.0581467509554505,-3.0581467509554505,-0.08979954292673226,BE0.10,-3.015127226201432
PAPER:GRASSUSDT:1790953499999:SHORT,GRASSUSDT,False,2,Fresh_2026-10-02,False,False,False,-11.894116361531935,-11.894116361531935,-11.894116361531935,HIST_TIME_FALLBACK,-8.42636036860582
PAPER:LITUSDT:1790953499999:SHORT,LITUSDT,False,1,Fresh_2026-10-02,True,True,True,-2.492667306675072,-2.492667306675072,-2.492667306675072,HIST_TIME_FALLBACK,-3.100889028503846
PAPER:MERLUSDT:1790953499999:SHORT,MERLUSDT,False,1,Fresh_2026-10-02,True,True,True,-2.860119656605608,-2.860119656605608,-2.860119656605608,HIST_TIME_FALLBACK,-2.7739372605610733
PAPER:COAIUSDT:1790953499999:SHORT,COAIUSDT,False,3,Fresh_2026-10-02,False,False,False,-5.213764211832833,-5.213764211832833,-5.213764211832833,HIST_TIME_FALLBACK,-1.0285028024065066
PAPER:POLUSDT:1790955599999:SHORT,POLUSDT,False,0,Fresh_2026-10-02,False,False,False,-2.6910024495976184,-2.6910024495976184,-0.1714055380856993,BE0.10,-2.7368133025341757
PAPER:2ZUSDT:1790957699999:SHORT,2ZUSDT,False,1,Fresh_2026-10-02,True,True,True,-2.751502274886824,-2.751502274886824,-0.1917427803742966,BE0.10,-1.5174140493821215
PAPER:USUSDT:1790957999999:SHORT,USUSDT,True,1,Fresh_2026-10-02,False,False,False,-0.5569652225810311,-0.5569652225810311,-0.16374040715446286,BE0.10,3.656330115716408
PAPER:1000000BOBUSDT:1790958299999:SHORT,1000000BOBUSDT,True,0,Fresh_2026-10-02,False,False,False,-0.950190038007609,-0.950190038007609,-0.06578157504290699,BE0.10,-0.950190038007609
PAPER:USUSDT:1790958299999:SHORT,USUSDT,False,0,Fresh_2026-10-02,False,False,False,-0.1657738505313076,-0.1657738505313076,-0.14616344584439595,BE0.10,-0.47954032552182696
PAPER:METISUSDT:1790958299999:SHORT,METISUSDT,True,1,Fresh_2026-10-02,False,False,False,1.4427597799213294,3.387031506988597,3.387031506988597,FULL_CLOSE_050,2.1858717134238628
PAPER:STARUSDT:1790958599999:SHORT,STARUSDT,False,0,Fresh_2026-10-02,False,False,False,-1.5105876758896017,-1.5105876758896017,-1.5105876758896017,HIST_TIME_FALLBACK,-1.5105876758896017
PAPER:BANKUSDT:1790958899999:SHORT,BANKUSDT,False,1,Fresh_2026-10-02,True,True,True,0.7239744771696968,1.5610567347583904,1.5610567347583904,FULL_CLOSE_050,-2.123675078284215
PAPER:BANUSDT:1790958899999:SHORT,BANUSDT,False,2,Fresh_2026-10-02,False,False,False,-2.4845201224151787,-2.4845201224151787,-2.4845201224151787,HIST_TIME_FALLBACK,-1.9471989962570593
PAPER:COOKIEUSDT:1790959199999:SHORT,COOKIEUSDT,False,2,Fresh_2026-10-02,False,False,False,-1.1421430980727831,-1.1421430980727831,-1.1421430980727831,HIST_TIME_FALLBACK,-0.7776572289412312
PAPER:PUMPUSDT:1790960099999:SHORT,PUMPUSDT,False,3,Fresh_2026-10-02,False,False,False,0.15426981781280774,1.3436881240809304,1.3436881240809304,FULL_CLOSE_050,-1.1199053084053092
PAPER:MOVEUSDT:1790960699999:SHORT,MOVEUSDT,True,2,Fresh_2026-10-02,False,False,False,-3.1604568078694077,-3.1604568078694077,-0.04598999579138496,BE0.10,0.8969508846419039
PAPER:ARXUSDT:1790960699999:SHORT,ARXUSDT,True,1,Fresh_2026-10-02,False,False,False,1.6225165187222186,4.378987829504217,4.378987829504217,FULL_CLOSE_050,3.9878918512968324
PAPER:MASKUSDT:1790960699999:SHORT,MASKUSDT,True,1,Fresh_2026-10-02,False,False,False,1.1047163250384116,2.9541320517798195,2.9541320517798195,FULL_CLOSE_050,3.7625522341472153
PAPER:AEROUSDT:1790961299999:SHORT,AEROUSDT,False,1,Fresh_2026-10-02,False,False,False,-1.5958435786215517,-1.5958435786215517,-0.1108404352094638,BE0.10,-1.9844362984167316
PAPER:TOSHIUSDT:1790961299999:SHORT,TOSHIUSDT,False,1,Fresh_2026-10-02,True,True,True,-0.142810699236592,-0.142810699236592,-0.142810699236592,BE0.10,-0.3446555339293448
PAPER:BILLUSDT:1790961299999:SHORT,BILLUSDT,True,0,Fresh_2026-10-02,False,False,False,19.09063162721515,7.066138628081491,7.066138628081491,RUNNER_CLOSE,19.31330742349541
PAPER:JASMYUSDT:1790961899999:SHORT,JASMYUSDT,True,1,Fresh_2026-10-02,False,False,False,1.1264937600003615,1.5040726323655196,1.5040726323655196,FULL_CLOSE_050,0.5598407011718755
PAPER:XANUSDT:1790961899999:SHORT,XANUSDT,False,0,Fresh_2026-10-02,False,False,False,7.6536427747527185,1.8617943446994034,1.8617943446994034,FULL_CLOSE_050,4.002260068849581
PAPER:PENGUUSDT:1790961899999:SHORT,PENGUUSDT,True,0,Fresh_2026-10-02,False,False,False,32.91858134293387,9.551754576237864,9.551754576237864,RUNNER_CLOSE,20.342502667374962
PAPER:BANANAS31USDT:1790961899999:SHORT,BANANAS31USDT,False,0,Fresh_2026-10-02,False,False,False,2.5773309129317186,1.7120899249654769,1.7120899249654769,FULL_CLOSE_050,0.14800044671881385
PAPER:SPXUSDT:1790961899999:SHORT,SPXUSDT,True,0,Fresh_2026-10-02,False,False,False,1.5641145694892848,3.0498400193737796,3.0498400193737796,FULL_CLOSE_050,1.8498310021593825
PAPER:TRIAUSDT:1790961899999:SHORT,TRIAUSDT,False,3,Fresh_2026-10-02,False,False,False,-3.6121804128774264,-3.6121804128774264,-3.6121804128774264,HIST_TIME_FALLBACK,-2.7621176081258896
PAPER:COAIUSDT:1790961899999:SHORT,COAIUSDT,True,1,Fresh_2026-10-02,False,False,False,-0.15436302681832142,0.323133179895185,0.323133179895185,FULL_CLOSE_050,0.32272843634212184
PAPER:牛来USDT:1790962199999:SHORT,牛来USDT,True,0,Fresh_2026-10-02,False,False,False,4.943302335159431,10.358943975367037,10.358943975367037,RUNNER_CLOSE,6.695421689344283
PAPER:MARSCOINUSDT:1790962499999:SHORT,MARSCOINUSDT,True,2,Fresh_2026-10-02,False,False,False,0.34038139339445717,2.7966302467080366,2.7966302467080366,FULL_CLOSE_050,6.237957646458527
PAPER:ETHFIUSDT:1790962799999:SHORT,ETHFIUSDT,False,3,Fresh_2026-10-02,False,False,False,-2.725783078721351,-2.725783078721351,-0.026881656836470535,BE0.10,-0.8793773077716903
PAPER:PLUMEUSDT:1790962799999:SHORT,PLUMEUSDT,False,0,Fresh_2026-10-02,False,False,False,-1.2278246414673406,-1.2278246414673406,-1.2278246414673406,HIST_TIME_FALLBACK,-1.2278246414673406
PAPER:BABYUSDT:1790962799999:SHORT,BABYUSDT,False,0,Fresh_2026-10-02,False,False,False,-2.774443646017745,-2.774443646017745,-2.774443646017745,HIST_TIME_FALLBACK,-2.5920182852167484
PAPER:4USDT:1790962799999:SHORT,4USDT,False,0,Fresh_2026-10-02,False,False,False,-1.1334741854218768,-1.1334741854218768,-0.9501900380076589,BE0.10,-1.1334741854218768
PAPER:RSRUSDT:1790962799999:SHORT,RSRUSDT,False,2,Fresh_2026-10-02,False,False,False,-3.3211796888684937,-3.3211796888684937,-3.3211796888684937,HIST_TIME_FALLBACK,-2.576394140316453
PAPER:BRETTUSDT:1790962799999:SHORT,BRETTUSDT,False,3,Fresh_2026-10-02,False,False,False,-3.729759493039464,-3.729759493039464,-0.023666886330251102,BE0.10,-1.5795804697402762
PAPER:JASMYUSDT:1790962799999:SHORT,JASMYUSDT,False,3,Fresh_2026-10-02,False,False,False,-2.671365476533655,-2.671365476533655,-0.08960231874448304,BE0.10,-3.0064312657142818
PAPER:KERNELUSDT:1790962799999:SHORT,KERNELUSDT,False,0,Fresh_2026-10-02,False,False,False,-2.935474077818361,-2.935474077818361,-2.935474077818361,HIST_TIME_FALLBACK,-2.7936680749747693
PAPER:PEOPLEUSDT:1790962799999:SHORT,PEOPLEUSDT,False,2,Fresh_2026-10-02,False,False,False,-1.5508584235664706,-1.5508584235664706,-0.021884351234800203,BE0.10,-0.5960608765745035
PAPER:1000PEPEUSDT:1790962799999:SHORT,1000PEPEUSDT,False,2,Fresh_2026-10-02,False,False,False,-3.7647065393993984,-3.7647065393993984,-0.09766014339504236,BE0.10,-0.4337861999907554
PAPER:TAOUSDT:1790962799999:SHORT,TAOUSDT,False,3,Fresh_2026-10-02,False,False,False,-2.0858409919309113,-2.0858409919309113,-0.012043597810178774,BE0.10,-0.14656693624935757
PAPER:0GUSDT:1790962799999:SHORT,0GUSDT,False,0,Fresh_2026-10-02,False,False,False,6.135808607626482,3.9425233125492705,3.9425233125492705,FULL_CLOSE_050,1.7492380174720592
PAPER:TRUMPUSDT:1790962799999:SHORT,TRUMPUSDT,False,2,Fresh_2026-10-02,False,False,False,-2.155233827217952,1.2188887825711336,1.2188887825711336,FULL_CLOSE_050,-0.10949274187844879
PAPER:GWEIUSDT:1790963099999:SHORT,GWEIUSDT,False,2,Fresh_2026-10-02,False,False,False,-3.099606407445633,-3.099606407445633,-3.099606407445633,HIST_TIME_FALLBACK,-2.859871258944213
PAPER:DASHUSDT:1790963099999:SHORT,DASHUSDT,False,2,Fresh_2026-10-02,False,False,False,-2.657763601159539,-2.657763601159539,-2.657763601159539,HIST_TIME_FALLBACK,-2.400143732103069
PAPER:SHELLUSDT:1790963099999:SHORT,SHELLUSDT,False,2,Fresh_2026-10-02,False,False,False,-4.568805869607683,-4.568805869607683,-4.568805869607683,HIST_TIME_FALLBACK,-4.574628260326192
PAPER:ILVUSDT:1790963099999:SHORT,ILVUSDT,False,2,Fresh_2026-10-02,False,False,True,-1.443489067362551,-1.443489067362551,-1.443489067362551,HIST_TIME_FALLBACK,-3.1788206144815128
PAPER:COLLECTUSDT:1790963099999:SHORT,COLLECTUSDT,False,2,Fresh_2026-10-02,False,False,False,-2.045540563254883,-2.045540563254883,-2.045540563254883,HIST_TIME_FALLBACK,-2.8702044655506977
PAPER:HANAUSDT:1790963099999:SHORT,HANAUSDT,False,0,Fresh_2026-10-02,False,False,False,-0.9501900380075354,-0.9501900380075354,-0.9501900380075354,HIST_TIME_FALLBACK,-0.5554146515422875
PAPER:OPENUSDT:1790964299999:SHORT,OPENUSDT,True,2,Fresh_2026-10-02,False,False,False,19.31756020799279,2.1090930179925236,2.1090930179925236,FULL_CLOSE_050,11.841014284092566
PAPER:THETAUSDT:1790964299999:SHORT,THETAUSDT,True,2,Fresh_2026-10-02,False,False,False,18.70185756383746,7.440571859409447,7.440571859409447,RUNNER_CLOSE,20.972006884871703
PAPER:LYNUSDT:1790964599999:SHORT,LYNUSDT,False,0,Fresh_2026-10-02,False,False,False,-2.9318812099711344,-2.9318812099711344,-0.1575135692220747,BE0.10,0.040655547974257134
PAPER:BEAMXUSDT:1790964599999:SHORT,BEAMXUSDT,True,0,Fresh_2026-10-02,False,False,False,7.454990391735097,1.6180595377471785,1.6180595377471785,FULL_CLOSE_050,3.135661559783949
PAPER:PONSUSDT:1790965199999:SHORT,PONSUSDT,False,1,Fresh_2026-10-02,False,False,False,-1.1526062086659317,-1.1526062086659317,-1.1526062086659317,HIST_TIME_FALLBACK,-1.6595071089116409
PAPER:ROSEUSDT:1790965199999:SHORT,ROSEUSDT,False,1,Fresh_2026-10-02,False,False,False,-1.250835797790103,-1.250835797790103,-0.048252758659721506,BE0.10,-0.7700190038007642
PAPER:BBUSDT:1790965199999:SHORT,BBUSDT,True,1,Fresh_2026-10-02,False,False,False,2.6103866275347265,1.4060739318367128,1.4060739318367128,FULL_CLOSE_050,1.9570852913257895
PAPER:XTZUSDT:1790965199999:SHORT,XTZUSDT,False,1,Fresh_2026-10-02,False,False,False,-1.2680155554920063,-1.2680155554920063,-1.2680155554920063,HIST_TIME_FALLBACK,-1.10900196378118
PAPER:XPLUSDT:1790965199999:SHORT,XPLUSDT,False,2,Fresh_2026-10-02,False,False,False,-1.3211827675222412,-1.3211827675222412,-1.3211827675222412,HIST_TIME_FALLBACK,-1.003166563569893
PAPER:APTUSDT:1790965199999:SHORT,APTUSDT,False,1,Fresh_2026-10-02,False,False,False,-1.1371578629719437,-1.1371578629719437,-1.1371578629719437,HIST_TIME_FALLBACK,-0.8255913597156708
PAPER:ETHFIUSDT:1790965199999:SHORT,ETHFIUSDT,True,1,Fresh_2026-10-02,False,False,False,6.5221538351017445,1.277143231861546,1.277143231861546,FULL_CLOSE_050,9.266361749505474
PAPER:ZETAUSDT:1790965199999:SHORT,ZETAUSDT,False,1,Fresh_2026-10-02,False,False,False,-0.5425555184326362,-0.5425555184326362,-0.03301236896401921,BE0.10,-0.8482606570183637
PAPER:YGGUSDT:1790965199999:SHORT,YGGUSDT,True,1,Fresh_2026-10-02,False,False,False,11.927525251467163,1.073450936052803,1.073450936052803,FULL_CLOSE_050,8.595064777531995
PAPER:ONDOUSDT:1790965199999:SHORT,ONDOUSDT,False,2,Fresh_2026-10-02,False,False,False,-1.2552947861006025,-1.2552947861006025,-1.2552947861006025,HIST_TIME_FALLBACK,-1.1534693029976708
PAPER:STRKUSDT:1790965199999:SHORT,STRKUSDT,False,0,Fresh_2026-10-02,False,False,False,-0.9501900380076558,-0.9501900380076558,-0.13567903608612858,BE0.10,-0.9501900380076558
PAPER:ZENUSDT:1790965199999:SHORT,ZENUSDT,True,1,Fresh_2026-10-02,False,False,False,13.984814911238242,1.0700038681705697,1.0700038681705697,FULL_CLOSE_050,7.056127843003819
PAPER:BRETTUSDT:1790965199999:SHORT,BRETTUSDT,False,2,Fresh_2026-10-02,False,False,False,-1.2908332432052418,-1.2908332432052418,-1.2908332432052418,HIST_TIME_FALLBACK,-0.7800421148130894
PAPER:DASHUSDT:1790965199999:SHORT,DASHUSDT,False,1,Fresh_2026-10-02,False,False,False,-1.379942089894586,-1.379942089894586,-1.379942089894586,HIST_TIME_FALLBACK,-1.6381476948198201
PAPER:NEARUSDT:1790965199999:SHORT,NEARUSDT,False,1,Fresh_2026-10-02,True,True,True,-1.0574025439057229,-1.0574025439057229,-1.0574025439057229,HIST_TIME_FALLBACK,-0.9501900380076698
PAPER:DYDXUSDT:1790965199999:SHORT,DYDXUSDT,True,3,Fresh_2026-10-02,False,False,False,6.823766323149803,3.7817833992187215,3.7817833992187215,FULL_CLOSE_050,11.859141424244442
PAPER:OPNUSDT:1790965199999:SHORT,OPNUSDT,True,1,Fresh_2026-10-02,False,False,False,8.733818211056981,0.7225022959217706,0.7225022959217706,FULL_CLOSE_050,9.895605746149247
PAPER:SPXUSDT:1790965499999:SHORT,SPXUSDT,True,2,Fresh_2026-10-02,False,False,False,8.456907731088185,1.9895280148348782,1.9895280148348782,FULL_CLOSE_050,12.364851928084288
PAPER:我踏马来了USDT:1790965499999:SHORT,我踏马来了USDT,False,1,Fresh_2026-10-02,False,False,False,-0.5725557789680331,-0.5725557789680331,-0.02708407146646824,BE0.10,0.3891415741342454
PAPER:FARTCOINUSDT:1790965499999:SHORT,FARTCOINUSDT,True,1,Fresh_2026-10-02,False,False,False,18.33542634872584,1.3187060074905008,1.3187060074905008,FULL_CLOSE_050,14.32159542077909
PAPER:币安人生USDT:1790965499999:SHORT,币安人生USDT,True,1,Fresh_2026-10-02,False,False,False,-2.4875831278049096,7.966689882816838,7.966689882816838,RUNNER_CLOSE,0.5317087483442019
PAPER:VTHOUSDT:1790965499999:SHORT,VTHOUSDT,True,2,Fresh_2026-10-02,False,False,False,5.531435432048571,0.9123460166062667,0.9123460166062667,FULL_CLOSE_050,7.607286824542011
PAPER:ROBOUSDT:1790965499999:SHORT,ROBOUSDT,True,2,Fresh_2026-10-02,False,False,False,32.7703221829035,13.584513505488648,13.584513505488648,RUNNER_CLOSE,26.795317031073665
PAPER:BANANAS31USDT:1790965499999:SHORT,BANANAS31USDT,True,2,Fresh_2026-10-02,False,False,False,5.748754195738784,8.619730295915788,8.619730295915788,RUNNER_CLOSE,8.363947562890438
PAPER:EDENUSDT:1790965799999:SHORT,EDENUSDT,True,1,Fresh_2026-10-02,False,False,False,4.692502112719765,1.6146700305047748,1.6146700305047748,FULL_CLOSE_050,8.218634792301813
PAPER:RONINUSDT:1790965799999:SHORT,RONINUSDT,True,0,Fresh_2026-10-02,False,False,False,-0.49325239306190033,-0.49325239306190033,-0.49325239306190033,HIST_TIME_FALLBACK,-0.5694086672194785
PAPER:TAOUSDT:1790965799999:SHORT,TAOUSDT,True,1,Fresh_2026-10-02,True,True,True,10.291800755006136,2.1839407285295747,2.1839407285295747,FULL_CLOSE_050,19.644634720762795
PAPER:NILUSDT:1790965799999:SHORT,NILUSDT,False,1,Fresh_2026-10-02,False,False,False,-2.8789410913263294,-2.8789410913263294,-2.8789410913263294,HIST_TIME_FALLBACK,-2.168758726120637
PAPER:KSMUSDT:1790965799999:SHORT,KSMUSDT,False,1,Fresh_2026-10-02,False,False,False,-1.5428204918805983,-1.5428204918805983,-1.5428204918805983,HIST_TIME_FALLBACK,-1.3449654244728821
PAPER:MEGAUSDT:1790965799999:SHORT,MEGAUSDT,True,1,Fresh_2026-10-02,False,False,False,3.441760056483781,0.8708624401962106,0.8708624401962106,FULL_CLOSE_050,4.229647110881583
PAPER:DOLOUSDT:1790965799999:SHORT,DOLOUSDT,True,1,Fresh_2026-10-02,True,True,True,5.174572538515671,4.677970167446233,4.677970167446233,RUNNER_CLOSE,6.399066298743122
PAPER:1000SATSUSDT:1790965799999:SHORT,1000SATSUSDT,True,3,Fresh_2026-10-02,False,False,False,10.39888309645737,0.6711061240588136,0.6711061240588136,FULL_CLOSE_050,12.40387727909371
PAPER:EDUUSDT:1790965799999:SHORT,EDUUSDT,True,3,Fresh_2026-10-02,False,False,False,12.707258800514598,11.519654553686552,11.519654553686552,RUNNER_CLOSE,14.865226891342829
PAPER:TSTUSDT:1790965799999:SHORT,TSTUSDT,True,1,Fresh_2026-10-02,True,True,True,1.1581290536086217,2.664071261905762,2.664071261905762,FULL_CLOSE_050,2.5051609136354296
PAPER:ALPINEUSDT:1790965799999:SHORT,ALPINEUSDT,True,2,Fresh_2026-10-02,False,False,False,2.89600521840284,5.317683713179801,5.317683713179801,RUNNER_CLOSE,1.4002626186876836
PAPER:PONSUSDT:1790966099999:SHORT,PONSUSDT,True,2,Fresh_2026-10-02,False,False,False,22.73829965245856,14.738239537695877,14.738239537695877,RUNNER_CLOSE,21.61036225231407
PAPER:USELESSUSDT:1790966099999:SHORT,USELESSUSDT,True,2,Fresh_2026-10-02,False,False,False,8.963054728721179,8.17698245646959,8.17698245646959,RUNNER_CLOSE,11.168220117206761
PAPER:1000BONKUSDT:1790966099999:SHORT,1000BONKUSDT,True,3,Fresh_2026-10-02,False,False,False,8.3018203709708,8.854179201357557,8.854179201357557,RUNNER_CLOSE,12.741691527583443
PAPER:HMSTRUSDT:1790966099999:SHORT,HMSTRUSDT,True,3,Fresh_2026-10-02,False,False,False,2.61262270247649,6.472336504667519,6.472336504667519,RUNNER_CLOSE,4.371932478639912
PAPER:SXTUSDT:1790966099999:SHORT,SXTUSDT,True,2,Fresh_2026-10-02,False,False,False,3.3777052611429816,8.62527831136312,8.62527831136312,RUNNER_CLOSE,6.250196544265234
PAPER:FOGOUSDT:1790966099999:SHORT,FOGOUSDT,True,2,Fresh_2026-10-02,False,False,False,6.6936380213625934,13.381987573311559,13.381987573311559,RUNNER_CLOSE,8.806219351400287
PAPER:INXUSDT:1790966099999:SHORT,INXUSDT,True,2,Fresh_2026-10-02,False,False,False,3.222689225664116,9.013623714024925,9.013623714024925,RUNNER_CLOSE,3.0131585635192897
PAPER:MINAUSDT:1790966099999:SHORT,MINAUSDT,False,1,Fresh_2026-10-02,False,False,False,-1.0135981309885347,-1.0135981309885347,-1.0135981309885347,HIST_TIME_FALLBACK,-2.315366239671463
PAPER:ARBUSDT:1790966399999:SHORT,ARBUSDT,True,0,Fresh_2026-10-02,False,False,False,-2.599531685579305,-2.599531685579305,-0.0224353612485243,BE0.10,-2.8056993915257364
PAPER:CFGUSDT:1790966399999:SHORT,CFGUSDT,False,0,Fresh_2026-10-02,False,False,False,-4.116161022084911,-4.116161022084911,-4.116161022084911,HIST_TIME_FALLBACK,-4.116161022084911
PAPER:ONEUSDT:1790966399999:SHORT,ONEUSDT,False,0,Fresh_2026-10-02,False,False,False,-2.856677578191415,-2.856677578191415,-2.856677578191415,HIST_TIME_FALLBACK,-2.7833511343382615
PAPER:MYXUSDT:1790966399999:SHORT,MYXUSDT,False,0,Fresh_2026-10-02,False,False,False,-6.085046911199443,-6.085046911199443,-6.085046911199443,HIST_TIME_FALLBACK,-6.451822402141633
PAPER:CAKEUSDT:1790966699999:SHORT,CAKEUSDT,False,3,Fresh_2026-10-02,False,False,False,-2.660305377327315,-2.660305377327315,-2.660305377327315,HIST_TIME_FALLBACK,-0.4030025833100975
PAPER:CTKUSDT:1790966699999:SHORT,CTKUSDT,False,3,Fresh_2026-10-02,False,False,False,-2.5860566721187284,-2.5860566721187284,-0.13225672095204227,BE0.10,-0.5428871982695977
PAPER:BROCCOLIF3BUSDT:1790966699999:SHORT,BROCCOLIF3BUSDT,False,3,Fresh_2026-10-02,False,False,False,0.497439887520896,1.259350374641172,1.259350374641172,FULL_CLOSE_050,-0.4921374010961871
PAPER:MEGAUSDT:1790968199999:SHORT,MEGAUSDT,False,1,Fresh_2026-10-02,False,False,False,-1.1707077428701629,-1.1707077428701629,-0.06811921855730213,BE0.10,-0.4547890362106255
PAPER:ARBUSDT:1790968199999:SHORT,ARBUSDT,True,2,Fresh_2026-10-02,False,False,False,0.3662123972683092,2.1565197092435056,2.1565197092435056,FULL_CLOSE_050,2.460437567073144
PAPER:XPINUSDT:1790968199999:SHORT,XPINUSDT,False,0,Fresh_2026-10-02,False,False,False,-0.9501900380075429,0.8856602922052357,0.8856602922052357,FULL_CLOSE_050,-0.9501900380075429
PAPER:THEUSDT:1790968199999:SHORT,THEUSDT,False,0,Fresh_2026-10-02,False,False,False,-0.8795372236055732,1.9465753524734892,1.9465753524734892,FULL_CLOSE_050,-0.561599558796686
PAPER:ELSAUSDT:1790968199999:SHORT,ELSAUSDT,True,3,Fresh_2026-10-02,False,False,False,3.7748395181535033,5.349849370207195,5.349849370207195,RUNNER_CLOSE,4.232322559908602
PAPER:FFUSDT:1790968499999:SHORT,FFUSDT,False,1,Fresh_2026-10-02,True,True,True,-1.2103867927704113,-1.2103867927704113,-0.08286752213123333,BE0.10,-0.34448107858386046
PAPER:WAXPUSDT:1790968499999:SHORT,WAXPUSDT,False,2,Fresh_2026-10-02,False,False,False,-2.650073445316445,-2.650073445316445,-2.650073445316445,HIST_TIME_FALLBACK,-0.18503085774031075
PAPER:STRKUSDT:1790968799999:SHORT,STRKUSDT,False,1,Fresh_2026-10-02,False,False,False,-2.6615582090776737,0.39445638211897427,0.39445638211897427,FULL_CLOSE_050,-1.8052477076674993
PAPER:RAYSOLUSDT:1790968799999:SHORT,RAYSOLUSDT,False,1,Fresh_2026-10-02,True,True,True,-4.3707916945393155,-4.3707916945393155,-4.3707916945393155,HIST_TIME_FALLBACK,-4.101708195098944
PAPER:FOGOUSDT:1790970899999:SHORT,FOGOUSDT,False,2,Fresh_2026-10-02,False,False,False,-1.9236929357867711,-1.9236929357867711,-1.9236929357867711,HIST_TIME_FALLBACK,-0.9988084519584736
PAPER:ZETAUSDT:1790971799999:SHORT,ZETAUSDT,False,2,Fresh_2026-10-02,False,False,True,-0.8454233594730631,-0.8454233594730631,-0.8454233594730631,HIST_TIME_FALLBACK,-1.895067703767255
PAPER:OUSDT:1790971799999:SHORT,OUSDT,False,2,Fresh_2026-10-02,False,False,True,-1.638063286980196,-1.638063286980196,-0.3605843960311649,BE0.10,-2.573836712988263
PAPER:CAPUSDT:1790973599999:SHORT,CAPUSDT,True,1,Fresh_2026-10-02,False,False,False,4.975791936860635,6.610545585100193,6.610545585100193,RUNNER_CLOSE,3.190160686374535
PAPER:BERAUSDT:1790973899999:SHORT,BERAUSDT,False,3,Fresh_2026-10-02,True,False,False,-2.736363775877332,-2.736363775877332,-2.736363775877332,HIST_TIME_FALLBACK,-2.736363775877332
PAPER:SYNUSDT:1790973899999:SHORT,SYNUSDT,False,0,Fresh_2026-10-02,False,False,False,-0.3405114049721235,1.2852982831225583,1.2852982831225583,FULL_CLOSE_050,0.29819954392218107
PAPER:PLAYUSDT:1790975099999:SHORT,PLAYUSDT,False,0,Fresh_2026-10-02,False,False,False,-3.0412817701715165,-3.0412817701715165,-3.0412817701715165,HIST_TIME_FALLBACK,-2.3174423244224633
PAPER:PHAUSDT:1790975399999:SHORT,PHAUSDT,True,1,Fresh_2026-10-02,False,False,False,18.217840654907814,5.18633777375308,5.18633777375308,RUNNER_CLOSE,19.34246917062403
PAPER:XPLUSDT:1790976599999:SHORT,XPLUSDT,False,1,Fresh_2026-10-02,False,False,False,-0.8395779089526556,-0.8395779089526556,-0.06529300556826434,BE0.10,-1.3377178338786333
PAPER:GTCUSDT:1790976599999:SHORT,GTCUSDT,False,0,Fresh_2026-10-02,False,False,False,-1.3741966929420544,-1.3741966929420544,-1.3741966929420544,HIST_TIME_FALLBACK,-1.5508661324980295
PAPER:FLUIDUSDT:1790976599999:SHORT,FLUIDUSDT,False,0,Fresh_2026-10-02,False,False,False,-1.5915419791197134,-1.5915419791197134,-1.5915419791197134,HIST_TIME_FALLBACK,-1.9122179496757743
PAPER:MIRAUSDT:1790976599999:SHORT,MIRAUSDT,False,2,Fresh_2026-10-02,False,False,True,-2.5342887406594916,-2.5342887406594916,-2.5342887406594916,HIST_TIME_FALLBACK,-2.8331693709559502
PAPER:PONSUSDT:1790976599999:SHORT,PONSUSDT,True,2,Fresh_2026-10-02,False,False,False,-5.102012954709281,-5.102012954709281,-5.102012954709281,HIST_TIME_FALLBACK,2.146607425771546
PAPER:ALCHUSDT:1790978099999:SHORT,ALCHUSDT,False,2,Fresh_2026-10-02,False,False,False,-2.5642978656190762,-2.5642978656190762,-2.5642978656190762,HIST_TIME_FALLBACK,-0.04698700866873409
PAPER:LSKUSDT:1790979299999:SHORT,LSKUSDT,False,0,Fresh_2026-10-02,False,False,False,-2.4461502782071296,-2.4461502782071296,-2.4461502782071296,HIST_TIME_FALLBACK,-2.4629588202317656
PAPER:ENAUSDT:1790979299999:SHORT,ENAUSDT,False,1,Fresh_2026-10-02,False,False,False,-5.274007832434171,-5.274007832434171,-0.02836086356128542,BE0.10,-1.1900126464752818
PAPER:SPORTFUNUSDT:1790979599999:SHORT,SPORTFUNUSDT,False,2,Fresh_2026-10-02,False,False,False,-1.531240751922931,-1.531240751922931,-1.531240751922931,HIST_TIME_FALLBACK,-1.0952002321090317
PAPER:ENAUSDT:1790980799999:SHORT,ENAUSDT,False,2,Fresh_2026-10-02,False,False,False,-3.1227311171188115,-3.1227311171188115,-0.015997373989753316,BE0.10,-2.0138119239562142
PAPER:PROMUSDT:1790982599999:SHORT,PROMUSDT,False,3,Fresh_2026-10-02,False,False,False,-2.287995136364153,-2.287995136364153,-2.287995136364153,HIST_TIME_FALLBACK,-2.44585423217678
PAPER:DATAIPUSDT:1790982899999:SHORT,DATAIPUSDT,False,1,Fresh_2026-10-02,False,False,False,-1.1844320548713798,1.1579881137669492,1.1579881137669492,FULL_CLOSE_050,-0.2484491173935406
PAPER:QUSDT:1790984099999:SHORT,QUSDT,True,0,Fresh_2026-10-02,False,False,False,-2.4846584562821254,-2.4846584562821254,-2.4846584562821254,HIST_TIME_FALLBACK,-2.8457098488173096
PAPER:POWERUSDT:1790985899999:SHORT,POWERUSDT,False,3,Fresh_2026-10-03,False,False,False,-2.2765098173090337,-2.2765098173090337,-2.2765098173090337,HIST_TIME_FALLBACK,-2.3319256845738194
PAPER:ZETAUSDT:1790985899999:SHORT,ZETAUSDT,False,0,Fresh_2026-10-03,False,False,False,-5.084612421142093,-5.084612421142093,-0.019945001802336493,BE0.10,-5.49805465945548
PAPER:BRUSDT:1790986199999:SHORT,BRUSDT,False,0,Fresh_2026-10-03,False,False,False,-1.5419682400392403,-1.5419682400392403,-0.17396148729083744,BE0.10,-2.179859029242147
PAPER:ARKUSDT:1790986199999:SHORT,ARKUSDT,True,2,Fresh_2026-10-03,False,False,False,1.4210804027219828,1.895334490867922,1.895334490867922,FULL_CLOSE_050,5.289340787960111
PAPER:BTWUSDT:1790986499999:SHORT,BTWUSDT,True,3,Fresh_2026-10-03,False,False,False,1.3028230655353856,1.930711963244164,1.930711963244164,FULL_CLOSE_050,1.802253069072761
PAPER:BTWUSDT:1790987099999:SHORT,BTWUSDT,False,0,Fresh_2026-10-03,False,False,False,-0.7274977313249941,-0.7274977313249941,-0.7274977313249941,HIST_TIME_FALLBACK,-0.9873054224546637
PAPER:POWERUSDT:1790987699999:SHORT,POWERUSDT,False,2,Fresh_2026-10-03,False,False,False,-2.896438832867651,-2.896438832867651,-2.896438832867651,HIST_TIME_FALLBACK,-0.5351193995017473
PAPER:ATHUSDT:1790987999999:SHORT,ATHUSDT,False,0,Fresh_2026-10-03,False,False,False,-0.33457104949039357,-0.33457104949039357,-0.103713928796416,BE0.10,0.35800031259140563
PAPER:1000000BOBUSDT:1790988599999:SHORT,1000000BOBUSDT,False,0,Fresh_2026-10-03,False,False,False,-0.9501900380076012,-0.9501900380076012,-0.9501900380076012,BE0.10,-0.9501900380076012
PAPER:TUSDT:1790988899999:SHORT,TUSDT,False,2,Fresh_2026-10-03,False,False,False,-1.4065028821625558,-1.4065028821625558,-0.03756434969759309,BE0.10,-0.7223244198183427
PAPER:CGPTUSDT:1790989199999:SHORT,CGPTUSDT,False,1,Fresh_2026-10-03,False,False,False,-3.4383631470984204,-3.4383631470984204,-3.4383631470984204,HIST_TIME_FALLBACK,-2.758136548302886
PAPER:SOONUSDT:1790989199999:SHORT,SOONUSDT,True,0,Fresh_2026-10-03,False,False,False,1.36099362050581,2.4486094598061987,2.4486094598061987,FULL_CLOSE_050,1.4969456004183304
PAPER:BLESSUSDT:1790990699999:SHORT,BLESSUSDT,False,1,Fresh_2026-10-03,True,True,True,-1.7389410408812456,-1.7389410408812456,-1.7389410408812456,HIST_TIME_FALLBACK,-3.268453089126792
PAPER:MAGICUSDT:1790990699999:SHORT,MAGICUSDT,False,2,Fresh_2026-10-03,False,False,True,1.2868252492025207,1.5449423977268113,1.5449423977268113,FULL_CLOSE_050,-1.4680264414951585
PAPER:EPICUSDT:1790990699999:SHORT,EPICUSDT,False,3,Fresh_2026-10-03,False,False,False,1.1554799774485964,0.2940695165801051,0.2940695165801051,FULL_CLOSE_050,3.0658859852199787
PAPER:VELODROMEUSDT:1790991299999:SHORT,VELODROMEUSDT,True,3,Fresh_2026-10-03,False,False,False,1.201279260150053,1.0578479736062822,1.0578479736062822,FULL_CLOSE_050,3.2713560186308195
PAPER:INITUSDT:1790991299999:SHORT,INITUSDT,False,2,Fresh_2026-10-03,False,False,False,-2.646575883942646,-2.646575883942646,-2.646575883942646,HIST_TIME_FALLBACK,-1.1850915819014691
PAPER:ARKUSDT:1790991299999:SHORT,ARKUSDT,True,0,Fresh_2026-10-03,False,False,False,1.9629536479556415,2.9340015432766298,2.9340015432766298,FULL_CLOSE_050,0.5063818049740251
PAPER:RONINUSDT:1790992499999:SHORT,RONINUSDT,False,3,Fresh_2026-10-03,False,False,False,-3.001727702097895,-3.001727702097895,-3.001727702097895,HIST_TIME_FALLBACK,-1.937817518732184
PAPER:KOMAUSDT:1790992499999:SHORT,KOMAUSDT,False,2,Fresh_2026-10-03,False,False,False,-1.1280503664307835,-1.1280503664307835,-1.1280503664307835,HIST_TIME_FALLBACK,-0.8486071269349755
PAPER:ELSAUSDT:1790993099999:SHORT,ELSAUSDT,False,3,Fresh_2026-10-03,False,False,False,-0.8564142436955655,-0.8564142436955655,-0.8564142436955655,HIST_TIME_FALLBACK,-0.43529130129376803
PAPER:SCRUSDT:1790994299999:SHORT,SCRUSDT,False,1,Fresh_2026-10-03,False,False,False,-1.8580159176557092,-1.8580159176557092,-1.8580159176557092,HIST_TIME_FALLBACK,-1.85604452595189
PAPER:PROMPTUSDT:1790994299999:SHORT,PROMPTUSDT,False,1,Fresh_2026-10-03,False,False,False,-4.919071624037364,-4.919071624037364,-0.20602474062698495,BE0.10,-3.676094538214577
PAPER:THEUSDT:1790994599999:SHORT,THEUSDT,False,1,Fresh_2026-10-03,False,False,False,-3.4276036813081294,-3.4276036813081294,-3.4276036813081294,HIST_TIME_FALLBACK,-2.7720884772339214
PAPER:MARSCOINUSDT:1790995199999:SHORT,MARSCOINUSDT,True,3,Fresh_2026-10-03,False,False,False,2.304893188137158,4.191897956916806,4.191897956916806,FULL_CLOSE_050,7.192287578764703
PAPER:PONSUSDT:1790995499999:SHORT,PONSUSDT,True,1,Fresh_2026-10-03,False,False,False,-3.923433029442661,-3.923433029442661,-0.9501900380075758,BE0.10,-0.5955913201530452
PAPER:GRASSUSDT:1790996099999:SHORT,GRASSUSDT,False,1,Fresh_2026-10-03,False,False,False,-2.4423233227198957,-2.4423233227198957,-2.4423233227198957,HIST_TIME_FALLBACK,-1.5174944041081737
PAPER:JASMYUSDT:1790996099999:SHORT,JASMYUSDT,False,3,Fresh_2026-10-03,False,False,False,-6.508941909002117,-6.508941909002117,-0.08762509250839112,BE0.10,-4.4935766902758845
PAPER:BTRUSDT:1790996699999:SHORT,BTRUSDT,False,2,Fresh_2026-10-03,False,False,False,-3.7920605410618866,-3.7920605410618866,-3.7920605410618866,HIST_TIME_FALLBACK,-3.434811625513877
PAPER:VVVUSDT:1790996699999:SHORT,VVVUSDT,False,0,Fresh_2026-10-03,False,False,False,-2.8483130468656936,-2.8483130468656936,-2.8483130468656936,HIST_TIME_FALLBACK,-2.884815412420723
PAPER:ALGOUSDT:1790996699999:SHORT,ALGOUSDT,False,2,Fresh_2026-10-03,False,False,True,-2.3718298961149187,-2.3718298961149187,-2.3718298961149187,HIST_TIME_FALLBACK,-2.9268729871388492
PAPER:2ZUSDT:1790998499999:SHORT,2ZUSDT,False,3,Fresh_2026-10-03,False,False,False,-1.9600929096377473,-1.9600929096377473,-1.9600929096377473,HIST_TIME_FALLBACK,-2.3518902789294134
PAPER:OUSDT:1790998499999:SHORT,OUSDT,False,3,Fresh_2026-10-03,True,False,False,-2.118848069224623,-2.118848069224623,-0.1710846838628215,BE0.10,-2.264674586833276
PAPER:BBUSDT:1790998799999:SHORT,BBUSDT,False,2,Fresh_2026-10-03,False,False,True,0.5165434614759637,1.1451435326831172,1.1451435326831172,FULL_CLOSE_050,-1.6584026837331285
PAPER:2ZUSDT:1791000299999:SHORT,2ZUSDT,False,1,Fresh_2026-10-03,True,True,True,-1.1743114573217004,-1.1743114573217004,-0.16576507040827337,BE0.10,0.2791752422822695
PAPER:SEIUSDT:1791000299999:SHORT,SEIUSDT,True,2,Fresh_2026-10-03,False,False,False,0.4624674758573482,1.5925934869491563,1.5925934869491563,FULL_CLOSE_050,1.6224647685802993
PAPER:CRVUSDT:1791000299999:SHORT,CRVUSDT,False,2,Fresh_2026-10-03,False,False,False,-0.9501900380075219,1.6245063915328246,1.6245063915328246,FULL_CLOSE_050,-0.003155894692443123
PAPER:MONUSDT:1791000299999:SHORT,MONUSDT,False,1,Fresh_2026-10-03,False,False,False,-1.5834287350828506,-1.5834287350828506,-0.00033199239466602526,BE0.10,-0.23892121730311167
PAPER:INJUSDT:1791001199999:SHORT,INJUSDT,False,1,Fresh_2026-10-03,False,False,False,-4.153017167016389,-4.153017167016389,-4.153017167016389,HIST_TIME_FALLBACK,-2.4820193848508634
PAPER:IOUSDT:1791001199999:SHORT,IOUSDT,False,3,Fresh_2026-10-03,False,False,False,-4.848244730062149,-4.848244730062149,-0.3005142559985619,BE0.10,-3.3880562232576383
PAPER:USELESSUSDT:1791001199999:SHORT,USELESSUSDT,True,2,Fresh_2026-10-03,False,False,False,0.39152976084045893,1.4376163836711018,1.4376163836711018,FULL_CLOSE_050,1.7166693965635351
PAPER:ARUSDT:1791001199999:SHORT,ARUSDT,False,1,Fresh_2026-10-03,False,False,False,-0.7168760365914355,0.9163219733204049,0.9163219733204049,FULL_CLOSE_050,0.09752547602537373
PAPER:哈基米USDT:1791001499999:SHORT,哈基米USDT,False,2,Fresh_2026-10-03,False,False,False,-1.114366879607433,-1.114366879607433,-0.1293058300081783,BE0.10,-0.13118612760504994
PAPER:SPKUSDT:1791003899999:SHORT,SPKUSDT,False,1,Fresh_2026-10-03,False,False,False,-1.7409881265352445,-1.7409881265352445,-1.7409881265352445,HIST_TIME_FALLBACK,-3.130050327167501
PAPER:QNTUSDT:1791004199999:SHORT,QNTUSDT,False,2,Fresh_2026-10-03,False,False,False,-9.688661949250092,-9.688661949250092,-0.0016723016833556925,BE0.10,-11.068844424680576
PAPER:HANAUSDT:1791005399999:SHORT,HANAUSDT,True,1,Fresh_2026-10-03,False,False,False,3.574318664061546,2.75168071823078,2.75168071823078,FULL_CLOSE_050,1.7299901392963541
PAPER:FHEUSDT:1791005699999:SHORT,FHEUSDT,False,0,Fresh_2026-10-03,False,False,False,-0.7198286988276419,-0.7198286988276419,-0.25910602046775105,BE0.10,-0.6046480292376891
PAPER:1000000BOBUSDT:1791006599999:SHORT,1000000BOBUSDT,True,0,Fresh_2026-10-03,False,False,False,1.1013476260826998,1.1013476260826998,1.1013476260826998,FULL_CLOSE_050,1.1013476260826998
PAPER:XANUSDT:1791008099999:SHORT,XANUSDT,False,2,Fresh_2026-10-03,False,False,False,-4.3790736386354165,-4.3790736386354165,-4.3790736386354165,HIST_TIME_FALLBACK,-2.4098360974368864
PAPER:SENTUSDT:1791008399999:SHORT,SENTUSDT,False,1,Fresh_2026-10-03,True,True,True,-2.5945008452652405,-2.5945008452652405,-0.010583862431759905,BE0.10,-1.1845417187369534
PAPER:ATUSDT:1791008399999:SHORT,ATUSDT,False,1,Fresh_2026-10-03,False,False,False,-4.685825784559835,-4.685825784559835,-4.685825784559835,HIST_TIME_FALLBACK,-2.6401805513026693
PAPER:NOMUSDT:1791008699999:SHORT,NOMUSDT,False,2,Fresh_2026-10-03,False,False,False,-2.822665811217098,-2.822665811217098,-0.11797858324781152,BE0.10,0.18748084844245191
PAPER:ATUSDT:1791009899999:SHORT,ATUSDT,True,2,Fresh_2026-10-03,False,False,False,3.1925011898931124,5.954295341827023,5.954295341827023,RUNNER_CLOSE,10.527748953281439
PAPER:CROSSUSDT:1791010199999:SHORT,CROSSUSDT,False,0,Fresh_2026-10-03,False,False,False,-4.055988057145402,-4.055988057145402,-4.055988057145402,HIST_TIME_FALLBACK,-3.6226208916842806
PAPER:HUMAUSDT:1791011099999:SHORT,HUMAUSDT,True,1,Fresh_2026-10-03,False,False,False,9.627355382555677,1.035920908670005,1.035920908670005,FULL_CLOSE_050,6.885853715514118
PAPER:MITOUSDT:1791011099999:SHORT,MITOUSDT,True,1,Fresh_2026-10-03,False,False,False,3.1348554550835095,1.2494498428876812,1.2494498428876812,FULL_CLOSE_050,1.4065669772372609
PAPER:MASKUSDT:1791011399999:SHORT,MASKUSDT,True,1,Fresh_2026-10-03,False,False,False,4.864520749065297,1.2940843008627074,1.2940843008627074,FULL_CLOSE_050,2.6173382966147325
PAPER:YGGUSDT:1791011699999:SHORT,YGGUSDT,False,2,Fresh_2026-10-03,False,False,False,-3.112501874024921,-3.112501874024921,-3.112501874024921,HIST_TIME_FALLBACK,-2.9315959719471745
PAPER:EVAAUSDT:1791011999999:SHORT,EVAAUSDT,False,0,Fresh_2026-10-03,False,False,False,-3.104070108091766,-3.104070108091766,-3.104070108091766,HIST_TIME_FALLBACK,-2.9694526037115323
PAPER:SAGAUSDT:1791011999999:SHORT,SAGAUSDT,False,2,Fresh_2026-10-03,False,False,False,-7.657316300240738,-7.657316300240738,-0.05590653637642157,BE0.10,-4.075994079279732
PAPER:NOMUSDT:1791012299999:SHORT,NOMUSDT,False,2,Fresh_2026-10-03,False,False,False,-1.5774772435689564,-1.5774772435689564,-1.5774772435689564,HIST_TIME_FALLBACK,0.09224059514116087
PAPER:WLDUSDT:1791012599999:SHORT,WLDUSDT,True,2,Fresh_2026-10-03,False,False,False,-1.6752672642078732,-1.6752672642078732,-1.6752672642078732,HIST_TIME_FALLBACK,1.167454780334944
PAPER:TNSRUSDT:1791012899999:SHORT,TNSRUSDT,True,1,Fresh_2026-10-03,False,False,False,4.752565291539368,1.3309120938112318,1.3309120938112318,FULL_CLOSE_050,3.0958837385057225
PAPER:LYNUSDT:1791013499999:SHORT,LYNUSDT,False,2,Fresh_2026-10-03,False,False,False,-0.5699582187611097,1.33120087747134,1.33120087747134,FULL_CLOSE_050,-0.3798423091378912
PAPER:STRKUSDT:1791013499999:SHORT,STRKUSDT,False,2,Fresh_2026-10-03,False,False,False,-1.4193326715951682,-1.4193326715951682,-0.011904770832221634,BE0.10,-0.3649957545869147
PAPER:UAIUSDT:1791014699999:SHORT,UAIUSDT,True,1,Fresh_2026-10-03,False,False,False,2.003568459266413,1.1348159600681993,1.1348159600681993,FULL_CLOSE_050,2.776391189768378
PAPER:MARSCOINUSDT:1791014699999:SHORT,MARSCOINUSDT,False,1,Fresh_2026-10-03,False,False,False,-11.528313311504577,-11.528313311504577,-11.528313311504577,HIST_TIME_FALLBACK,-9.1427593490379
PAPER:RONINUSDT:1791014699999:SHORT,RONINUSDT,True,0,Fresh_2026-10-03,False,False,False,5.106059460585062,1.8162449181396698,1.8162449181396698,FULL_CLOSE_050,4.0219160318246425
PAPER:ENJUSDT:1791014999999:SHORT,ENJUSDT,False,0,Fresh_2026-10-03,False,False,False,-1.2465637443651743,-1.2465637443651743,-0.06106891893469174,BE0.10,-0.9501900380075023
PAPER:FLUIDUSDT:1791014999999:SHORT,FLUIDUSDT,True,2,Fresh_2026-10-03,False,False,False,2.6881517430075847,0.8689808524999739,0.8689808524999739,FULL_CLOSE_050,2.9841977917953404
PAPER:PHAUSDT:1791015299999:SHORT,PHAUSDT,False,2,Fresh_2026-10-03,False,False,False,-3.853101323942283,-3.853101323942283,-3.853101323942283,HIST_TIME_FALLBACK,-3.4619100728273384
PAPER:OPGUSDT:1791015599999:SHORT,OPGUSDT,False,1,Fresh_2026-10-03,True,True,True,-4.803732686491096,-4.803732686491096,-0.1794815083110266,BE0.10,-5.9636549613465855
PAPER:PLAYUSDT:1791015599999:SHORT,PLAYUSDT,False,2,Fresh_2026-10-03,False,False,False,-3.916073323288742,-3.916073323288742,-3.916073323288742,HIST_TIME_FALLBACK,-3.748538683402576
PAPER:AGLDUSDT:1791015899999:SHORT,AGLDUSDT,False,1,Fresh_2026-10-03,False,False,False,-2.3655770032422865,-2.3655770032422865,-0.006598727851094499,BE0.10,-0.5975067195213998
PAPER:INITUSDT:1791015899999:SHORT,INITUSDT,True,1,Fresh_2026-10-03,False,False,False,1.1499977348625527,0.784747687406864,0.784747687406864,FULL_CLOSE_050,1.9211781648873032
PAPER:MEWUSDT:1791016199999:SHORT,MEWUSDT,False,1,Fresh_2026-10-03,False,False,False,-1.6305835001951228,-1.6305835001951228,-1.3389863021146926,BE0.10,-1.338759950709296
PAPER:MIRAUSDT:1791016199999:SHORT,MIRAUSDT,False,0,Fresh_2026-10-03,False,False,False,2.2922478475501116,1.9107845668962566,1.9107845668962566,FULL_CLOSE_050,2.2922478475501116
PAPER:NOMUSDT:1791016499999:SHORT,NOMUSDT,True,3,Fresh_2026-10-03,False,False,False,0.97427673274945,4.609380633068161,4.609380633068161,FULL_CLOSE_050,0.8696941002828532
PAPER:YGGUSDT:1791017999999:SHORT,YGGUSDT,False,1,Fresh_2026-10-03,True,True,True,-3.322584303590572,-3.322584303590572,-3.322584303590572,HIST_TIME_FALLBACK,-3.505076170173883
PAPER:PEOPLEUSDT:1791019199999:SHORT,PEOPLEUSDT,False,1,Fresh_2026-10-03,False,False,False,-1.288112083487762,-1.288112083487762,-1.288112083487762,HIST_TIME_FALLBACK,-0.8939140188914976
PAPER:SYNUSDT:1791019799999:SHORT,SYNUSDT,False,1,Fresh_2026-10-03,False,False,False,-8.058790198914433,-8.058790198914433,-8.058790198914433,HIST_TIME_FALLBACK,-8.794500267718062
PAPER:FIGHTUSDT:1791022799999:SHORT,FIGHTUSDT,False,1,Fresh_2026-10-03,True,True,True,-0.8354318559722691,1.115457238628037,1.115457238628037,FULL_CLOSE_050,0.7107573888919787
PAPER:1000000BOBUSDT:1791023099999:SHORT,1000000BOBUSDT,False,0,Fresh_2026-10-03,False,False,False,-4.136030547398308,-4.136030547398308,-0.5519599743337846,BE0.10,-4.136030547398308
PAPER:CAPUSDT:1791023099999:SHORT,CAPUSDT,False,1,Fresh_2026-10-03,False,False,False,-3.936151972618627,-3.936151972618627,-3.936151972618627,HIST_TIME_FALLBACK,-2.1911683388525773
PAPER:TURTLEUSDT:1791023999999:SHORT,TURTLEUSDT,False,1,Fresh_2026-10-03,False,False,False,-3.9896470536516797,-3.9896470536516797,-3.9896470536516797,HIST_TIME_FALLBACK,-3.8136250498990387
PAPER:AEROUSDT:1791025799999:SHORT,AEROUSDT,False,1,Fresh_2026-10-03,True,True,True,-3.6573631195865515,-3.6573631195865515,-0.06878484865623413,BE0.10,-2.018989112441916
PAPER:OPENUSDT:1791029099999:SHORT,OPENUSDT,True,1,Fresh_2026-10-03,False,False,False,30.554542202146767,0.9945465200266574,0.9945465200266574,FULL_CLOSE_050,30.505659762673965
PAPER:PTBUSDT:1791029399999:SHORT,PTBUSDT,False,2,Fresh_2026-10-03,False,False,False,0.5491793801635649,1.0846684580818937,1.0846684580818937,FULL_CLOSE_050,-0.17281612180846562
PAPER:ZAMAUSDT:1791029999999:SHORT,ZAMAUSDT,False,2,Fresh_2026-10-03,False,False,False,-3.9955143880487074,-3.9955143880487074,-3.9955143880487074,HIST_TIME_FALLBACK,-3.54909883774905
PAPER:PROMUSDT:1791030299999:SHORT,PROMUSDT,True,1,Fresh_2026-10-03,True,True,True,1.651045116460843,1.1633135249980198,1.1633135249980198,FULL_CLOSE_050,2.5829952234971314
PAPER:TUSDT:1791030299999:SHORT,TUSDT,True,1,Fresh_2026-10-03,False,False,False,1.9873500465727427,3.2725238335765527,3.2725238335765527,FULL_CLOSE_050,3.0393703809468575
PAPER:ALCHUSDT:1791030599999:SHORT,ALCHUSDT,False,0,Fresh_2026-10-03,False,False,False,-3.073413425363308,-3.073413425363308,-3.073413425363308,HIST_TIME_FALLBACK,-3.073413425363308
PAPER:ARUSDT:1791030899999:SHORT,ARUSDT,False,2,Fresh_2026-10-03,False,False,False,-4.214810842603284,-4.214810842603284,-0.07962449011536726,BE0.10,-2.903442459573652
PAPER:EDGEUSDT:1791031199999:SHORT,EDGEUSDT,False,2,Fresh_2026-10-03,False,False,False,-2.3280171543518726,-2.3280171543518726,-0.10229642794950228,BE0.10,-0.053480003166106654
PAPER:AVAAIUSDT:1791031199999:SHORT,AVAAIUSDT,True,2,Fresh_2026-10-03,False,False,False,4.868623041290634,6.493696964337852,6.493696964337852,RUNNER_CLOSE,6.984675838077299
PAPER:XVGUSDT:1791031199999:SHORT,XVGUSDT,False,1,Fresh_2026-10-03,True,True,True,-3.8060865263385937,-3.8060865263385937,-3.8060865263385937,HIST_TIME_FALLBACK,-2.770751292099085
PAPER:BLUAIUSDT:1791031199999:SHORT,BLUAIUSDT,False,1,Fresh_2026-10-03,False,False,False,-7.262463431301457,-7.262463431301457,-7.262463431301457,HIST_TIME_FALLBACK,-5.699480266072115
PAPER:LDOUSDT:1791031199999:SHORT,LDOUSDT,False,0,Fresh_2026-10-03,False,False,False,-8.088712932362693,-8.088712932362693,-0.07160260485622721,BE0.10,-4.903833487188899
PAPER:BULLAUSDT:1791031499999:SHORT,BULLAUSDT,False,0,Fresh_2026-10-03,False,False,False,-2.9190206772917415,-2.9190206772917415,-2.9190206772917415,HIST_TIME_FALLBACK,-2.734442804858854
PAPER:CVCUSDT:1791031499999:SHORT,CVCUSDT,False,0,Fresh_2026-10-03,False,False,False,-2.8269204710062,-2.8269204710062,-2.8269204710062,HIST_TIME_FALLBACK,-2.485696755915584
PAPER:TRUTHUSDT:1791031799999:SHORT,TRUTHUSDT,False,3,Fresh_2026-10-03,True,False,False,-1.0544837785530305,-1.0544837785530305,-0.15060469382574337,BE0.10,-1.8553263437999297
PAPER:SYNUSDT:1791032699999:SHORT,SYNUSDT,True,2,Fresh_2026-10-03,False,False,False,1.1475004363465837,1.0646968649904975,1.0646968649904975,FULL_CLOSE_050,2.7916053805463
PAPER:POWERUSDT:1791033599999:SHORT,POWERUSDT,False,1,Fresh_2026-10-03,False,False,False,-3.249922917202145,-3.249922917202145,-0.1246449018865804,BE0.10,-3.2520922207080236
PAPER:TRADOORUSDT:1791033899999:SHORT,TRADOORUSDT,False,3,Fresh_2026-10-03,True,False,False,-5.869136992138272,-5.869136992138272,-5.869136992138272,HIST_TIME_FALLBACK,-6.7422084359017616
PAPER:MAGMAUSDT:1791033899999:SHORT,MAGMAUSDT,False,0,Fresh_2026-10-03,False,False,False,-2.111268181646319,-2.111268181646319,-2.111268181646319,HIST_TIME_FALLBACK,-1.6167348982446283
PAPER:RIVERUSDT:1791034799999:SHORT,RIVERUSDT,True,0,Fresh_2026-10-03,False,False,False,-1.800785093297337,1.1762976002167467,1.1762976002167467,FULL_CLOSE_050,-3.0766776762318497
PAPER:CHILLGUYUSDT:1791036299999:SHORT,CHILLGUYUSDT,False,0,Fresh_2026-10-03,False,False,False,-1.6460776979307021,-1.6460776979307021,-0.09966067587942107,BE0.10,-1.6460776979307021
PAPER:MELANIAUSDT:1791036599999:SHORT,MELANIAUSDT,False,2,Fresh_2026-10-03,False,False,False,-3.6440407627940714,-3.6440407627940714,-3.6440407627940714,HIST_TIME_FALLBACK,-2.823923833139723
PAPER:AVAAIUSDT:1791036599999:SHORT,AVAAIUSDT,False,1,Fresh_2026-10-03,False,False,False,-1.607904072876284,1.461428089844492,1.461428089844492,FULL_CLOSE_050,-2.019560787979196
PAPER:ZECUSDT:1791036899999:SHORT,ZECUSDT,False,3,Fresh_2026-10-03,False,False,False,-2.2304433829509653,-2.2304433829509653,-0.0025704926567072794,BE0.10,-2.4871455712255535
PAPER:ATUSDT:1791039899999:SHORT,ATUSDT,True,0,Fresh_2026-10-03,False,False,False,3.8452981495340337,8.640786337075735,8.640786337075735,RUNNER_CLOSE,4.5830655630019335
PAPER:PHAUSDT:1791039899999:SHORT,PHAUSDT,False,2,Fresh_2026-10-03,False,False,True,-1.7528616255320375,-1.7528616255320375,-1.7528616255320375,HIST_TIME_FALLBACK,-1.3147750271102738
PAPER:ONUSDT:1791040499999:SHORT,ONUSDT,True,2,Fresh_2026-10-03,False,False,False,3.9050494385977523,0.991905752634519,0.991905752634519,FULL_CLOSE_050,5.82087533448722
PAPER:BANUSDT:1791040499999:SHORT,BANUSDT,False,3,Fresh_2026-10-03,True,False,False,-3.0880950595243526,-3.0880950595243526,-3.0880950595243526,HIST_TIME_FALLBACK,-3.0502385088000796
PAPER:USUSDT:1791040799999:SHORT,USUSDT,True,1,Fresh_2026-10-03,False,False,False,-6.237054046690759,5.803953409208827,5.803953409208827,RUNNER_CLOSE,-1.4813655568484334
PAPER:龙虾USDT:1791041099999:SHORT,龙虾USDT,False,0,Fresh_2026-10-03,False,False,False,-5.854584453794699,0.9025811857341735,0.9025811857341735,FULL_CLOSE_050,-3.674853602333762
PAPER:ARXUSDT:1791041099999:SHORT,ARXUSDT,False,1,Fresh_2026-10-03,True,True,True,-4.249477266379595,-4.249477266379595,-0.5836025681883767,BE0.10,-2.4138601843174827
PAPER:ATUSDT:1791041099999:SHORT,ATUSDT,False,0,Fresh_2026-10-03,False,False,False,2.4320747595465466,3.183689159003061,3.183689159003061,FULL_CLOSE_050,1.868363959954213
PAPER:CYSUSDT:1791042299999:SHORT,CYSUSDT,False,3,Fresh_2026-10-03,False,False,False,-3.0907070387808986,-3.0907070387808986,-3.0907070387808986,HIST_TIME_FALLBACK,-2.4791307528456885
PAPER:MUBARAKUSDT:1791043499999:SHORT,MUBARAKUSDT,False,3,Fresh_2026-10-03,False,False,False,-4.525146759590536,-4.525146759590536,-4.525146759590536,HIST_TIME_FALLBACK,-1.760313342810954
PAPER:USELESSUSDT:1791043499999:SHORT,USELESSUSDT,False,1,Fresh_2026-10-03,False,False,False,-3.6093741260561174,-3.6093741260561174,-0.020556576332096455,BE0.10,-1.8763833758576138
PAPER:我踏马来了USDT:1791043799999:SHORT,我踏马来了USDT,True,1,Fresh_2026-10-03,False,False,False,7.522352454606935,4.524375880297194,4.524375880297194,FULL_CLOSE_050,6.435487995880704
PAPER:ZROUSDT:1791044699999:SHORT,ZROUSDT,False,0,Fresh_2026-10-03,False,False,False,-2.131198104944122,-2.131198104944122,-0.16285132671650498,BE0.10,-1.8113417534820688
PAPER:SKYUSDT:1791046199999:SHORT,SKYUSDT,False,0,Fresh_2026-10-03,False,False,False,-2.8748260734359055,-2.8748260734359055,-0.04447896251194905,BE0.10,-2.563487891234269
PAPER:SOMIUSDT:1791046799999:SHORT,SOMIUSDT,False,1,Fresh_2026-10-03,True,True,True,-3.373109641289278,-3.373109641289278,-3.373109641289278,HIST_TIME_FALLBACK,-2.5220444994796223
PAPER:BIOUSDT:1791046799999:SHORT,BIOUSDT,False,2,Fresh_2026-10-03,False,False,False,-5.286260019087613,-5.286260019087613,-5.286260019087613,HIST_TIME_FALLBACK,-3.7561047803730903
PAPER:NIGHTUSDT:1791047099999:SHORT,NIGHTUSDT,False,2,Fresh_2026-10-03,False,False,False,-7.746246316132599,-7.746246316132599,-0.03728695587141734,BE0.10,-4.65251920444884
PAPER:MOVRUSDT:1791047999999:SHORT,MOVRUSDT,False,0,Fresh_2026-10-03,False,False,False,-6.897826489749901,-6.897826489749901,-0.0027789218008638095,BE0.10,-6.897826489749901
PAPER:PARTIUSDT:1791050699999:SHORT,PARTIUSDT,False,2,Fresh_2026-10-03,False,False,True,-0.4178520124443394,-0.4178520124443394,-0.06295999540214064,BE0.10,-2.37531513420118
PAPER:LITUSDT:1791050999999:SHORT,LITUSDT,False,0,Fresh_2026-10-03,False,False,False,-4.560340918978424,-4.560340918978424,-0.0059967306767271245,BE0.10,-4.421488962018065
PAPER:PONSUSDT:1791051299999:SHORT,PONSUSDT,False,1,Fresh_2026-10-03,False,False,False,-8.026773825747197,-8.026773825747197,-0.08113588863602345,BE0.10,-6.792512842027087
PAPER:AVAUSDT:1791051299999:SHORT,AVAUSDT,False,1,Fresh_2026-10-03,True,True,True,-3.5937406455263243,-3.5937406455263243,-3.5937406455263243,HIST_TIME_FALLBACK,-2.9313583363110824
PAPER:METUSDT:1791051599999:SHORT,METUSDT,False,0,Fresh_2026-10-03,False,False,False,-2.6453312165989002,-2.6453312165989002,-2.6453312165989002,HIST_TIME_FALLBACK,-2.6453312165989002
PAPER:BTWUSDT:1791052199999:SHORT,BTWUSDT,False,1,Fresh_2026-10-03,False,False,False,-3.480765530753359,-3.480765530753359,-3.480765530753359,HIST_TIME_FALLBACK,-2.384013810877885
PAPER:SCRUSDT:1791053699999:SHORT,SCRUSDT,False,2,Fresh_2026-10-03,False,False,False,-3.1430721926941847,-3.1430721926941847,-3.1430721926941847,HIST_TIME_FALLBACK,-2.7429384305033957
PAPER:DYDXUSDT:1791053699999:SHORT,DYDXUSDT,False,2,Fresh_2026-10-03,False,False,False,-4.678238169637902,-4.678238169637902,-4.678238169637902,HIST_TIME_FALLBACK,-2.9822950043323195
PAPER:PORTALUSDT:1791054299999:SHORT,PORTALUSDT,False,3,Fresh_2026-10-03,False,False,False,-1.5151733224748618,-1.5151733224748618,-0.10271511130677669,BE0.10,-0.1050996777857588
PAPER:SAGAUSDT:1791054899999:SHORT,SAGAUSDT,False,3,Fresh_2026-10-03,True,False,False,-2.9605321666743194,-2.9605321666743194,-2.9605321666743194,HIST_TIME_FALLBACK,-2.8488464928594803
PAPER:LABUSDT:1791054899999:SHORT,LABUSDT,True,1,Fresh_2026-10-03,False,False,False,12.065536205276524,1.2673040627000618,1.2673040627000618,FULL_CLOSE_050,14.083396076163991
PAPER:1000000BOBUSDT:1791055799999:SHORT,1000000BOBUSDT,False,3,Fresh_2026-10-03,False,False,False,-1.7530371751976588,-1.7530371751976588,-0.9501900380076379,BE0.10,-0.9501900380076083
PAPER:WAXPUSDT:1791056099999:SHORT,WAXPUSDT,False,3,Fresh_2026-10-03,False,False,False,-5.372811154181004,-5.372811154181004,-5.372811154181004,HIST_TIME_FALLBACK,-3.032177861522364
PAPER:MUSDT:1791058199999:SHORT,MUSDT,False,0,Fresh_2026-10-03,False,False,False,-3.231488780544721,-3.231488780544721,-3.231488780544721,HIST_TIME_FALLBACK,-3.231488780544721
PAPER:MOVRUSDT:1791059399999:SHORT,MOVRUSDT,False,0,Fresh_2026-10-03,False,False,False,-0.6686228928644795,-0.6686228928644795,-0.003100549799046004,BE0.10,-0.3614587345265827
PAPER:龙虾USDT:1791061499999:SHORT,龙虾USDT,False,1,Fresh_2026-10-03,False,False,False,0.8728130105455763,1.8379322715442763,1.8379322715442763,FULL_CLOSE_050,-1.8125073335079867
PAPER:MEGAUSDT:1791061799999:SHORT,MEGAUSDT,False,1,Fresh_2026-10-03,True,True,True,-2.7886624764250336,-2.7886624764250336,-2.7886624764250336,HIST_TIME_FALLBACK,-3.8170555158280703
PAPER:RAYSOLUSDT:1791061799999:SHORT,RAYSOLUSDT,False,0,Fresh_2026-10-03,False,False,False,-3.611537109258515,-3.611537109258515,-3.611537109258515,HIST_TIME_FALLBACK,-3.684119302110716
PAPER:SONICUSDT:1791062699999:SHORT,SONICUSDT,False,2,Fresh_2026-10-03,False,False,False,1.0809154914716221,1.634853363147748,1.634853363147748,FULL_CLOSE_050,-0.5808981235568191
PAPER:NOMUSDT:1791063299999:SHORT,NOMUSDT,False,1,Fresh_2026-10-03,True,True,True,-2.82812947541569,-2.82812947541569,-2.82812947541569,HIST_TIME_FALLBACK,-1.1583294101648576
PAPER:POWERUSDT:1791065399999:SHORT,POWERUSDT,True,0,Fresh_2026-10-03,False,False,False,1.066345087737957,2.904950643564761,2.904950643564761,FULL_CLOSE_050,1.6297887258138826