family,features,n_features,need,percentile,selected,bad,target,gray,strong,bad_recall,target_hit,precision,discovery_bad,discovery_target,holdout_bad,holdout_target,fresh_bad,fresh_target,block_agree,transport,thresholds
B1,f_f_range_climax_fade_10m,1,1,0.55,122,45,42,35,38,0.6716417910447762,0.525,0.5172413793103449,9,9,2,2,34,31,5,False,"{""f_f_range_climax_fade_10m"": 0.432308422479179}"
B1,f_f_range_climax_fade_10m,1,1,0.6,103,40,34,29,30,0.5970149253731343,0.425,0.5405405405405406,9,8,1,1,30,25,5,False,"{""f_f_range_climax_fade_10m"": 0.501995757529145}"
B1,f_f_range_climax_fade_10m,1,1,0.65,92,36,29,27,26,0.5373134328358209,0.3625,0.5538461538461539,6,7,1,1,29,21,5,False,"{""f_f_range_climax_fade_10m"": 0.5356474929894339}"
B1,f_f_range_climax_fade_10m,1,1,0.7,85,35,25,25,22,0.5223880597014925,0.3125,0.5833333333333334,5,6,1,1,29,18,5,False,"{""f_f_range_climax_fade_10m"": 0.5531950923979595}"
B1,f_f_range_climax_fade_10m,1,1,0.75,75,31,21,23,19,0.4626865671641791,0.2625,0.5961538461538461,5,5,1,0,25,16,4,False,"{""f_f_range_climax_fade_10m"": 0.5773000408860016}"
B1,f_f_range_climax_fade_10m,1,1,0.8,65,27,17,21,16,0.40298507462686567,0.2125,0.6136363636363636,4,4,1,0,22,13,5,False,"{""f_f_range_climax_fade_10m"": 0.5967600597832041}"
B1,f_f_range_climax_fade_10m,1,1,0.85,57,24,14,19,13,0.3582089552238806,0.175,0.631578947368421,4,3,1,0,19,11,5,False,"{""f_f_range_climax_fade_10m"": 0.6245459164277767}"
B1,f_f_range_climax_fade_10m,1,1,0.9,38,15,11,12,10,0.22388059701492538,0.1375,0.5769230769230769,4,2,1,0,10,9,4,False,"{""f_f_range_climax_fade_10m"": 0.6954557545573573}"
B1,f_micro_range_contraction_after_impulse,1,1,0.55,137,49,47,41,44,0.7313432835820896,0.5875,0.5104166666666666,10,9,4,3,35,35,5,False,"{""f_micro_range_contraction_after_impulse"": 0.33702119514504103}"
B1,f_micro_range_contraction_after_impulse,1,1,0.6,117,43,40,34,39,0.6417910447761194,0.5,0.5180722891566265,8,8,4,2,31,30,6,False,"{""f_micro_range_contraction_after_impulse"": 0.5505882794358062}"
B1,f_micro_range_contraction_after_impulse,1,1,0.65,101,36,34,31,33,0.5373134328358209,0.425,0.5142857142857142,7,7,3,1,26,26,6,False,"{""f_micro_range_contraction_after_impulse"": 0.7262586795808337}"
B1,f_micro_range_contraction_after_impulse,1,1,0.7,92,33,30,29,29,0.4925373134328358,0.375,0.5238095238095238,6,6,3,1,24,23,6,False,"{""f_micro_range_contraction_after_impulse"": 0.8002554399048774}"
B1,f_micro_range_contraction_after_impulse,1,1,0.75,89,31,29,29,28,0.4626865671641791,0.3625,0.5166666666666667,6,5,3,1,22,23,5,False,"{""f_micro_range_contraction_after_impulse"": 0.8394825087251624}"
B1,f_micro_range_contraction_after_impulse,1,1,0.8,85,30,27,28,26,0.44776119402985076,0.3375,0.5263157894736842,6,4,3,1,21,22,5,False,"{""f_micro_range_contraction_after_impulse"": 0.8925925775797736}"
B1,f_micro_range_contraction_after_impulse,1,1,0.85,73,25,25,23,24,0.373134328358209,0.3125,0.5,4,3,2,0,19,22,3,False,"{""f_micro_range_contraction_after_impulse"": 1.1033100695751457}"
B1,f_micro_range_contraction_after_impulse,1,1,0.9,46,16,16,14,16,0.23880597014925373,0.2,0.5,3,2,2,0,11,14,3,False,"{""f_micro_range_contraction_after_impulse"": 1.66362013899931}"
B1,f_f_range_climax_fade_10m|f_micro_range_contraction_after_impulse,2,2,0.55,111,43,35,33,33,0.6417910447761194,0.4375,0.5512820512820513,9,6,2,2,32,27,5,False,"{""f_f_range_climax_fade_10m"": 0.432308422479179, ""f_micro_range_contraction_after_impulse"": 0.33702119514504103}"
B1,f_f_range_climax_fade_10m|f_micro_range_contraction_after_impulse,2,2,0.6,87,34,27,26,26,0.5074626865671642,0.3375,0.5573770491803278,8,6,1,0,25,21,5,False,"{""f_f_range_climax_fade_10m"": 0.501995757529145, ""f_micro_range_contraction_after_impulse"": 0.5505882794358062}"
B1,f_f_range_climax_fade_10m|f_micro_range_contraction_after_impulse,2,2,0.65,72,27,22,23,21,0.40298507462686567,0.275,0.5510204081632653,5,5,1,0,21,17,4,False,"{""f_f_range_climax_fade_10m"": 0.5356474929894339, ""f_micro_range_contraction_after_impulse"": 0.7262586795808337}"
B1,f_f_range_climax_fade_10m|f_micro_range_contraction_after_impulse,2,2,0.7,61,25,15,21,14,0.373134328358209,0.1875,0.625,4,3,1,0,20,12,5,False,"{""f_f_range_climax_fade_10m"": 0.5531950923979595, ""f_micro_range_contraction_after_impulse"": 0.8002554399048774}"
B1,f_f_range_climax_fade_10m|f_micro_range_contraction_after_impulse,2,2,0.75,55,23,13,19,13,0.34328358208955223,0.1625,0.6388888888888888,4,3,1,0,18,10,5,False,"{""f_f_range_climax_fade_10m"": 0.5773000408860016, ""f_micro_range_contraction_after_impulse"": 0.8394825087251624}"
B1,f_f_range_climax_fade_10m|f_micro_range_contraction_after_impulse,2,2,0.8,49,20,12,17,12,0.29850746268656714,0.15,0.625,4,3,1,0,15,9,5,False,"{""f_f_range_climax_fade_10m"": 0.5967600597832041, ""f_micro_range_contraction_after_impulse"": 0.8925925775797736}"
B1,f_f_range_climax_fade_10m|f_micro_range_contraction_after_impulse,2,2,0.85,43,16,10,17,10,0.23880597014925373,0.125,0.6153846153846154,2,3,1,0,13,7,4,False,"{""f_f_range_climax_fade_10m"": 0.6245459164277767, ""f_micro_range_contraction_after_impulse"": 1.1033100695751457}"
B1,f_f_range_climax_fade_10m|f_micro_range_contraction_after_impulse,2,2,0.9,25,10,5,10,5,0.14925373134328357,0.0625,0.6666666666666666,2,1,1,0,7,4,4,False,"{""f_f_range_climax_fade_10m"": 0.6954557545573573, ""f_micro_range_contraction_after_impulse"": 1.66362013899931}"
B2,f_gate_positioning_oi_change_pct,1,1,0.55,29,9,9,11,6,0.2727272727272727,0.1956521739130435,0.5,1,5,2,0,6,4,4,False,"{""f_gate_positioning_oi_change_pct"": 0.12700735231065743}"
B2,f_gate_positioning_oi_change_pct,1,1,0.6,21,7,5,9,3,0.21212121212121213,0.10869565217391304,0.5833333333333334,1,4,1,0,5,1,3,False,"{""f_gate_positioning_oi_change_pct"": 0.1621629269770119}"
B2,f_gate_positioning_oi_change_pct,1,1,0.65,20,7,5,8,3,0.21212121212121213,0.10869565217391304,0.5833333333333334,1,4,1,0,5,1,3,False,"{""f_gate_positioning_oi_change_pct"": 0.19670468238149225}"
B2,f_gate_positioning_oi_change_pct,1,1,0.7,16,6,4,6,2,0.18181818181818182,0.08695652173913043,0.6,1,3,1,0,4,1,3,False,"{""f_gate_positioning_oi_change_pct"": 0.21236756747563978}"
B2,f_gate_positioning_oi_change_pct,1,1,0.75,15,5,4,6,2,0.15151515151515152,0.08695652173913043,0.5555555555555556,0,3,1,0,4,1,3,False,"{""f_gate_positioning_oi_change_pct"": 0.21859101741462106}"
B2,f_gate_positioning_oi_change_pct,1,1,0.8,9,4,2,3,2,0.12121212121212122,0.043478260869565216,0.6666666666666666,0,2,1,0,3,0,3,False,"{""f_gate_positioning_oi_change_pct"": 0.26494511524836734}"
B2,f_gate_positioning_oi_change_pct,1,1,0.85,6,3,2,1,2,0.09090909090909091,0.043478260869565216,0.6,0,2,0,0,3,0,2,False,"{""f_gate_positioning_oi_change_pct"": 0.3614625229505696}"
B2,f_micro_selected_taker_share_prev3m,1,1,0.55,80,21,24,35,18,0.6363636363636364,0.5217391304347826,0.4666666666666667,4,5,2,3,15,16,3,False,"{""f_micro_selected_taker_share_prev3m"": 0.6419992213727249}"
B2,f_micro_selected_taker_share_prev3m,1,1,0.6,63,19,20,24,16,0.5757575757575758,0.43478260869565216,0.48717948717948717,4,4,2,3,13,13,4,False,"{""f_micro_selected_taker_share_prev3m"": 0.6817079920724427}"
B2,f_micro_selected_taker_share_prev3m,1,1,0.65,44,15,11,18,8,0.45454545454545453,0.2391304347826087,0.5769230769230769,3,4,2,1,10,6,5,False,"{""f_micro_selected_taker_share_prev3m"": 0.7238235853967332}"
B2,f_micro_selected_taker_share_prev3m,1,1,0.7,31,11,7,13,5,0.3333333333333333,0.15217391304347827,0.6111111111111112,3,3,2,0,6,4,5,False,"{""f_micro_selected_taker_share_prev3m"": 0.7522288015749875}"
B2,f_micro_selected_taker_share_prev3m,1,1,0.75,25,10,7,8,5,0.30303030303030304,0.15217391304347827,0.5882352941176471,2,3,2,0,6,4,5,False,"{""f_micro_selected_taker_share_prev3m"": 0.7737788291802238}"
B2,f_micro_selected_taker_share_prev3m,1,1,0.8,18,8,6,4,5,0.24242424242424243,0.13043478260869565,0.5714285714285714,2,2,2,0,4,4,4,False,"{""f_micro_selected_taker_share_prev3m"": 0.7920567396352612}"
B2,f_micro_selected_taker_share_prev3m,1,1,0.85,13,7,4,2,4,0.21212121212121213,0.08695652173913043,0.6363636363636364,2,2,1,0,4,2,4,False,"{""f_micro_selected_taker_share_prev3m"": 0.8062445036525503}"
B2,f_micro_selected_taker_share_prev3m,1,1,0.9,10,6,2,2,2,0.18181818181818182,0.043478260869565216,0.75,2,1,1,0,3,1,4,True,"{""f_micro_selected_taker_share_prev3m"": 0.8225219437602855}"
B2,f_f_market_dispersion_15m,1,1,0.55,106,26,30,50,22,0.7878787878787878,0.6521739130434783,0.4642857142857143,2,5,4,4,20,21,3,False,"{""f_f_market_dispersion_15m"": 0.09289213148896941}"
B2,f_f_market_dispersion_15m,1,1,0.6,103,25,29,49,22,0.7575757575757576,0.6304347826086957,0.46296296296296297,2,4,4,4,19,21,4,False,"{""f_f_market_dispersion_15m"": 0.090819954887291}"
B2,f_f_market_dispersion_15m,1,1,0.65,103,25,29,49,22,0.7575757575757576,0.6304347826086957,0.46296296296296297,2,4,4,4,19,21,4,False,"{""f_f_market_dispersion_15m"": 0.08984644379961478}"
B2,f_f_market_dispersion_15m,1,1,0.7,101,25,28,48,22,0.7575757575757576,0.6086956521739131,0.4716981132075472,2,3,4,4,19,21,4,False,"{""f_f_market_dispersion_15m"": 0.08730329330185219}"
B2,f_f_market_dispersion_15m,1,1,0.75,99,24,28,47,22,0.7272727272727273,0.6086956521739131,0.46153846153846156,2,3,4,4,18,21,3,False,"{""f_f_market_dispersion_15m"": 0.08397532309904639}"
B2,f_f_market_dispersion_15m,1,1,0.8,96,23,27,46,21,0.696969696969697,0.5869565217391305,0.46,1,2,4,4,18,21,3,False,"{""f_f_market_dispersion_15m"": 0.081451648230247}"
B2,f_f_market_dispersion_15m,1,1,0.85,96,23,27,46,21,0.696969696969697,0.5869565217391305,0.46,1,2,4,4,18,21,3,False,"{""f_f_market_dispersion_15m"": 0.07993334252895565}"
B2,f_f_market_dispersion_15m,1,1,0.9,86,21,25,40,19,0.6363636363636364,0.5434782608695652,0.45652173913043476,1,1,4,4,16,20,2,False,"{""f_f_market_dispersion_15m"": 0.07698814464435187}"
B2,f_context_breakdown_down_pct,1,1,0.55,51,12,11,28,9,0.36363636363636365,0.2391304347826087,0.5217391304347826,2,5,0,0,10,6,2,False,"{""f_context_breakdown_down_pct"": 0.14433969999999996}"
B2,f_context_breakdown_down_pct,1,1,0.6,46,12,9,25,7,0.36363636363636365,0.1956521739130435,0.5714285714285714,2,4,0,0,10,5,3,False,"{""f_context_breakdown_down_pct"": 0.10880200000000001}"
B2,f_context_breakdown_down_pct,1,1,0.65,44,11,9,24,7,0.3333333333333333,0.1956521739130435,0.55,2,4,0,0,9,5,3,False,"{""f_context_breakdown_down_pct"": 0.07557175}"
B2,f_context_breakdown_down_pct,1,1,0.7,37,11,7,19,5,0.3333333333333333,0.15217391304347827,0.6111111111111112,2,3,0,0,9,4,3,False,"{""f_context_breakdown_down_pct"": 0.045146500000000006}"
B2,f_context_breakdown_down_pct,1,1,0.75,34,11,7,16,5,0.3333333333333333,0.15217391304347827,0.6111111111111112,2,3,0,0,9,4,3,False,"{""f_context_breakdown_down_pct"": 0.01612375}"
B2,f_context_breakdown_down_pct,1,1,0.8,33,11,7,15,5,0.3333333333333333,0.15217391304347827,0.6111111111111112,2,3,0,0,9,4,3,False,"{""f_context_breakdown_down_pct"": 0.0}"
B2,f_context_breakdown_down_pct,1,1,0.85,33,11,7,15,5,0.3333333333333333,0.15217391304347827,0.6111111111111112,2,3,0,0,9,4,3,False,"{""f_context_breakdown_down_pct"": 0.0}"
B2,f_context_breakdown_down_pct,1,1,0.9,33,11,7,15,5,0.3333333333333333,0.15217391304347827,0.6111111111111112,2,3,0,0,9,4,3,False,"{""f_context_breakdown_down_pct"": 0.0}"
B2,f_f_market_selected_ret_30m,1,1,0.55,121,29,34,58,24,0.8787878787878788,0.7391304347826086,0.4603174603174603,4,5,4,4,21,25,2,False,"{""f_f_market_selected_ret_30m"": 0.3157608147100679}"
B2,f_f_market_selected_ret_30m,1,1,0.6,116,28,32,56,22,0.8484848484848485,0.6956521739130435,0.4666666666666667,3,4,4,4,21,24,2,False,"{""f_f_market_selected_ret_30m"": 0.27953051404961293}"
B2,f_f_market_selected_ret_30m,1,1,0.65,112,27,29,56,20,0.8181818181818182,0.6304347826086957,0.48214285714285715,3,4,4,4,20,21,3,False,"{""f_f_market_selected_ret_30m"": 0.24800416168246048}"
B2,f_f_market_selected_ret_30m,1,1,0.7,106,27,25,54,18,0.8181818181818182,0.5434782608695652,0.5192307692307693,3,3,4,3,20,19,4,False,"{""f_f_market_selected_ret_30m"": 0.20612865023261098}"
B2,f_f_market_selected_ret_30m,1,1,0.75,96,23,24,49,17,0.696969696969697,0.5217391304347826,0.48936170212765956,2,3,4,3,17,18,4,False,"{""f_f_market_selected_ret_30m"": 0.1590785592414129}"
B2,f_f_market_selected_ret_30m,1,1,0.8,87,21,22,44,16,0.6363636363636364,0.4782608695652174,0.4883720930232558,2,2,3,3,16,17,3,False,"{""f_f_market_selected_ret_30m"": 0.13117480044327}"
B2,f_f_market_selected_ret_30m,1,1,0.85,85,21,21,43,15,0.6363636363636364,0.45652173913043476,0.5,2,2,3,2,16,17,4,False,"{""f_f_market_selected_ret_30m"": 0.1272039568864461}"
B2,f_f_market_selected_ret_30m,1,1,0.9,84,21,20,43,14,0.6363636363636364,0.43478260869565216,0.5121951219512195,2,1,3,2,16,17,4,False,"{""f_f_market_selected_ret_30m"": 0.11864422057320188}"
B2,f_micro_price_flow_divergence,1,1,0.55,66,18,20,28,16,0.5454545454545454,0.43478260869565216,0.47368421052631576,4,5,2,2,12,13,4,False,"{""f_micro_price_flow_divergence"": 0.0119500913633334}"
B2,f_micro_price_flow_divergence,1,1,0.6,65,18,19,28,16,0.5454545454545454,0.41304347826086957,0.4864864864864865,4,4,2,2,12,13,4,False,"{""f_micro_price_flow_divergence"": 0.012675127220891261}"
B2,f_micro_price_flow_divergence,1,1,0.65,65,18,19,28,16,0.5454545454545454,0.41304347826086957,0.4864864864864865,4,4,2,2,12,13,4,False,"{""f_micro_price_flow_divergence"": 0.012783221361499118}"
B2,f_micro_price_flow_divergence,1,1,0.7,62,18,17,27,15,0.5454545454545454,0.3695652173913043,0.5142857142857142,4,3,2,2,12,12,4,False,"{""f_micro_price_flow_divergence"": 0.013646104500558977}"
B2,f_micro_price_flow_divergence,1,1,0.75,59,18,16,25,14,0.5454545454545454,0.34782608695652173,0.5294117647058824,4,3,2,2,12,11,4,False,"{""f_micro_price_flow_divergence"": 0.01488638213884484}"
B2,f_micro_price_flow_divergence,1,1,0.8,49,16,13,20,11,0.48484848484848486,0.2826086956521739,0.5517241379310345,4,2,2,1,10,10,4,False,"{""f_micro_price_flow_divergence"": 0.019082996203197426}"
B2,f_micro_price_flow_divergence,1,1,0.85,43,13,13,17,11,0.3939393939393939,0.2826086956521739,0.5,3,2,2,1,8,10,4,False,"{""f_micro_price_flow_divergence"": 0.026975030800133398}"
B2,f_micro_price_flow_divergence,1,1,0.9,20,8,8,4,6,0.24242424242424243,0.17391304347826086,0.5,2,1,2,0,4,7,4,False,"{""f_micro_price_flow_divergence"": 0.046956635495231006}"
B2,f_f_market_aligned_fraction_5m,1,1,0.55,126,28,36,62,28,0.8484848484848485,0.782608695652174,0.4375,4,6,4,3,20,27,3,False,"{""f_f_market_aligned_fraction_5m"": 0.25}"
B2,f_f_market_aligned_fraction_5m,1,1,0.6,95,20,26,49,21,0.6060606060606061,0.5652173913043478,0.43478260869565216,4,4,2,2,14,20,4,False,"{""f_f_market_aligned_fraction_5m"": 0.5499999999999996}"
B2,f_f_market_aligned_fraction_5m,1,1,0.65,77,19,19,39,17,0.5757575757575758,0.41304347826086957,0.5,4,4,2,1,13,14,4,False,"{""f_f_market_aligned_fraction_5m"": 0.8875000000000004}"
B2,f_f_market_aligned_fraction_5m,1,1,0.7,77,19,19,39,17,0.5757575757575758,0.41304347826086957,0.5,4,4,2,1,13,14,4,False,"{""f_f_market_aligned_fraction_5m"": 1.0}"
B2,f_f_market_aligned_fraction_5m,1,1,0.75,77,19,19,39,17,0.5757575757575758,0.41304347826086957,0.5,4,4,2,1,13,14,4,False,"{""f_f_market_aligned_fraction_5m"": 1.0}"
B2,f_f_market_aligned_fraction_5m,1,1,0.8,77,19,19,39,17,0.5757575757575758,0.41304347826086957,0.5,4,4,2,1,13,14,4,False,"{""f_f_market_aligned_fraction_5m"": 1.0}"
B2,f_f_market_aligned_fraction_5m,1,1,0.85,77,19,19,39,17,0.5757575757575758,0.41304347826086957,0.5,4,4,2,1,13,14,4,False,"{""f_f_market_aligned_fraction_5m"": 1.0}"
B2,f_f_market_aligned_fraction_5m,1,1,0.9,77,19,19,39,17,0.5757575757575758,0.41304347826086957,0.5,4,4,2,1,13,14,4,False,"{""f_f_market_aligned_fraction_5m"": 1.0}"
B2,f_new_family_balance,1,1,0.55,54,15,15,24,11,0.45454545454545453,0.32608695652173914,0.5,3,5,2,0,10,10,5,False,"{""f_new_family_balance"": 2.95}"
B2,f_new_family_balance,1,1,0.6,54,15,15,24,11,0.45454545454545453,0.32608695652173914,0.5,3,5,2,0,10,10,5,False,"{""f_new_family_balance"": 3.0}"
B2,f_new_family_balance,1,1,0.65,54,15,15,24,11,0.45454545454545453,0.32608695652173914,0.5,3,5,2,0,10,10,5,False,"{""f_new_family_balance"": 3.0}"
B2,f_new_family_balance,1,1,0.7,54,15,15,24,11,0.45454545454545453,0.32608695652173914,0.5,3,5,2,0,10,10,5,False,"{""f_new_family_balance"": 3.0}"
B2,f_new_family_balance,1,1,0.75,54,15,15,24,11,0.45454545454545453,0.32608695652173914,0.5,3,5,2,0,10,10,5,False,"{""f_new_family_balance"": 3.0}"
B2,f_gate_positioning_oi_change_pct|f_micro_selected_taker_share_prev3m,2,2,0.55,10,5,3,2,0,0.15151515151515152,0.06521739130434782,0.625,1,1,1,0,3,2,3,False,"{""f_gate_positioning_oi_change_pct"": 0.12700735231065743, ""f_micro_selected_taker_share_prev3m"": 0.6419992213727249}"
B2,f_gate_positioning_oi_change_pct|f_micro_selected_taker_share_prev3m,2,2,0.6,7,4,1,2,0,0.12121212121212122,0.021739130434782608,0.8,1,0,1,0,2,1,4,True,"{""f_gate_positioning_oi_change_pct"": 0.1621629269770119, ""f_micro_selected_taker_share_prev3m"": 0.6817079920724427}"
B2,f_gate_positioning_oi_change_pct|f_f_market_dispersion_15m,2,2,0.55,20,8,7,5,4,0.24242424242424243,0.15217391304347827,0.5333333333333333,1,3,2,0,5,4,4,False,"{""f_gate_positioning_oi_change_pct"": 0.12700735231065743, ""f_f_market_dispersion_15m"": 0.09289213148896941}"
B2,f_gate_positioning_oi_change_pct|f_f_market_dispersion_15m,2,2,0.6,11,5,3,3,1,0.15151515151515152,0.06521739130434782,0.625,1,2,1,0,3,1,4,False,"{""f_gate_positioning_oi_change_pct"": 0.1621629269770119, ""f_f_market_dispersion_15m"": 0.090819954887291}"
B2,f_gate_positioning_oi_change_pct|f_f_market_dispersion_15m,2,2,0.65,11,5,3,3,1,0.15151515151515152,0.06521739130434782,0.625,1,2,1,0,3,1,4,False,"{""f_gate_positioning_oi_change_pct"": 0.19670468238149225, ""f_f_market_dispersion_15m"": 0.08984644379961478}"
B2,f_gate_positioning_oi_change_pct|f_f_market_dispersion_15m,2,2,0.7,8,4,2,2,1,0.12121212121212122,0.043478260869565216,0.6666666666666666,1,1,1,0,2,1,4,False,"{""f_gate_positioning_oi_change_pct"": 0.21236756747563978, ""f_f_market_dispersion_15m"": 0.08730329330185219}"
B2,f_gate_positioning_oi_change_pct|f_f_market_dispersion_15m,2,2,0.75,7,3,2,2,1,0.09090909090909091,0.043478260869565216,0.6,0,1,1,0,2,1,3,False,"{""f_gate_positioning_oi_change_pct"": 0.21859101741462106, ""f_f_market_dispersion_15m"": 0.08397532309904639}"
B2,f_gate_positioning_oi_change_pct|f_f_market_dispersion_15m,2,2,0.8,3,3,0,0,0,0.09090909090909091,0.0,1.0,0,0,1,0,2,0,3,False,"{""f_gate_positioning_oi_change_pct"": 0.26494511524836734, ""f_f_market_dispersion_15m"": 0.081451648230247}"
B2,f_gate_positioning_oi_change_pct|f_context_breakdown_down_pct,2,2,0.55,15,6,3,6,3,0.18181818181818182,0.06521739130434782,0.6666666666666666,1,2,0,0,5,1,3,False,"{""f_gate_positioning_oi_change_pct"": 0.12700735231065743, ""f_context_breakdown_down_pct"": 0.14433969999999996}"
B2,f_gate_positioning_oi_change_pct|f_context_breakdown_down_pct,2,2,0.6,9,5,1,3,1,0.15151515151515152,0.021739130434782608,0.8333333333333334,1,1,0,0,4,0,3,False,"{""f_gate_positioning_oi_change_pct"": 0.1621629269770119, ""f_context_breakdown_down_pct"": 0.10880200000000001}"
B2,f_gate_positioning_oi_change_pct|f_context_breakdown_down_pct,2,2,0.65,9,5,1,3,1,0.15151515151515152,0.021739130434782608,0.8333333333333334,1,1,0,0,4,0,3,False,"{""f_gate_positioning_oi_change_pct"": 0.19670468238149225, ""f_context_breakdown_down_pct"": 0.07557175}"
B2,f_gate_positioning_oi_change_pct|f_context_breakdown_down_pct,2,2,0.7,8,4,1,3,1,0.12121212121212122,0.021739130434782608,0.8,1,1,0,0,3,0,3,False,"{""f_gate_positioning_oi_change_pct"": 0.21236756747563978, ""f_context_breakdown_down_pct"": 0.045146500000000006}"
B2,f_gate_positioning_oi_change_pct|f_context_breakdown_down_pct,2,2,0.75,6,3,1,2,1,0.09090909090909091,0.021739130434782608,0.75,0,1,0,0,3,0,2,False,"{""f_gate_positioning_oi_change_pct"": 0.21859101741462106, ""f_context_breakdown_down_pct"": 0.01612375}"
B2,f_gate_positioning_oi_change_pct|f_context_breakdown_down_pct,2,2,0.8,5,3,1,1,1,0.09090909090909091,0.021739130434782608,0.75,0,1,0,0,3,0,2,False,"{""f_gate_positioning_oi_change_pct"": 0.26494511524836734, ""f_context_breakdown_down_pct"": 0.0}"
B2,f_gate_positioning_oi_change_pct|f_context_breakdown_down_pct,2,2,0.85,4,3,1,0,1,0.09090909090909091,0.021739130434782608,0.75,0,1,0,0,3,0,2,False,"{""f_gate_positioning_oi_change_pct"": 0.3614625229505696, ""f_context_breakdown_down_pct"": 0.0}"
B2,f_gate_positioning_oi_change_pct|f_f_market_selected_ret_30m,2,2,0.55,22,9,5,8,2,0.2727272727272727,0.10869565217391304,0.6428571428571429,1,2,2,0,6,3,5,False,"{""f_gate_positioning_oi_change_pct"": 0.12700735231065743, ""f_f_market_selected_ret_30m"": 0.3157608147100679}"
B2,f_gate_positioning_oi_change_pct|f_f_market_selected_ret_30m,2,2,0.6,15,7,3,5,1,0.21212121212121213,0.06521739130434782,0.7,1,2,1,0,5,1,4,True,"{""f_gate_positioning_oi_change_pct"": 0.1621629269770119, ""f_f_market_selected_ret_30m"": 0.27953051404961293}"
B2,f_gate_positioning_oi_change_pct|f_f_market_selected_ret_30m,2,2,0.65,13,7,2,4,1,0.21212121212121213,0.043478260869565216,0.7777777777777778,1,2,1,0,5,0,4,True,"{""f_gate_positioning_oi_change_pct"": 0.19670468238149225, ""f_f_market_selected_ret_30m"": 0.24800416168246048}"
B2,f_gate_positioning_oi_change_pct|f_f_market_selected_ret_30m,2,2,0.7,10,6,2,2,1,0.18181818181818182,0.043478260869565216,0.75,1,2,1,0,4,0,4,True,"{""f_gate_positioning_oi_change_pct"": 0.21236756747563978, ""f_f_market_selected_ret_30m"": 0.20612865023261098}"
B2,f_gate_positioning_oi_change_pct|f_f_market_selected_ret_30m,2,2,0.75,8,4,2,2,1,0.12121212121212122,0.043478260869565216,0.6666666666666666,0,2,1,0,3,0,3,False,"{""f_gate_positioning_oi_change_pct"": 0.21859101741462106, ""f_f_market_selected_ret_30m"": 0.1590785592414129}"
B2,f_gate_positioning_oi_change_pct|f_micro_price_flow_divergence,2,2,0.55,9,5,1,3,0,0.15151515151515152,0.021739130434782608,0.8333333333333334,1,1,1,0,3,0,4,True,"{""f_gate_positioning_oi_change_pct"": 0.12700735231065743, ""f_micro_price_flow_divergence"": 0.0119500913633334}"
B2,f_gate_positioning_oi_change_pct|f_micro_price_flow_divergence,2,2,0.6,6,4,0,2,0,0.12121212121212122,0.0,1.0,1,0,1,0,2,0,4,True,"{""f_gate_positioning_oi_change_pct"": 0.1621629269770119, ""f_micro_price_flow_divergence"": 0.012675127220891261}"
B2,f_gate_positioning_oi_change_pct|f_micro_price_flow_divergence,2,2,0.65,6,4,0,2,0,0.12121212121212122,0.0,1.0,1,0,1,0,2,0,4,True,"{""f_gate_positioning_oi_change_pct"": 0.19670468238149225, ""f_micro_price_flow_divergence"": 0.012783221361499118}"
B2,f_gate_positioning_oi_change_pct|f_micro_price_flow_divergence,2,2,0.7,5,4,0,1,0,0.12121212121212122,0.0,1.0,1,0,1,0,2,0,4,True,"{""f_gate_positioning_oi_change_pct"": 0.21236756747563978, ""f_micro_price_flow_divergence"": 0.013646104500558977}"
B2,f_gate_positioning_oi_change_pct|f_micro_price_flow_divergence,2,2,0.75,4,3,0,1,0,0.09090909090909091,0.0,1.0,0,0,1,0,2,0,3,False,"{""f_gate_positioning_oi_change_pct"": 0.21859101741462106, ""f_micro_price_flow_divergence"": 0.01488638213884484}"
B2,f_gate_positioning_oi_change_pct|f_f_market_aligned_fraction_5m,2,2,0.55,24,7,7,10,5,0.21212121212121213,0.15217391304347827,0.5,1,3,2,0,4,4,4,False,"{""f_gate_positioning_oi_change_pct"": 0.12700735231065743, ""f_f_market_aligned_fraction_5m"": 0.25}"
B2,f_gate_positioning_oi_change_pct|f_f_market_aligned_fraction_5m,2,2,0.6,16,6,2,8,2,0.18181818181818182,0.043478260869565216,0.75,1,2,1,0,4,0,4,True,"{""f_gate_positioning_oi_change_pct"": 0.1621629269770119, ""f_f_market_aligned_fraction_5m"": 0.5499999999999996}"
B2,f_gate_positioning_oi_change_pct|f_f_market_aligned_fraction_5m,2,2,0.65,15,6,2,7,2,0.18181818181818182,0.043478260869565216,0.75,1,2,1,0,4,0,4,True,"{""f_gate_positioning_oi_change_pct"": 0.19670468238149225, ""f_f_market_aligned_fraction_5m"": 0.8875000000000004}"
B2,f_gate_positioning_oi_change_pct|f_f_market_aligned_fraction_5m,2,2,0.7,11,5,1,5,1,0.15151515151515152,0.021739130434782608,0.8333333333333334,1,1,1,0,3,0,4,True,"{""f_gate_positioning_oi_change_pct"": 0.21236756747563978, ""f_f_market_aligned_fraction_5m"": 1.0}"
B2,f_gate_positioning_oi_change_pct|f_f_market_aligned_fraction_5m,2,2,0.75,10,4,1,5,1,0.12121212121212122,0.021739130434782608,0.8,0,1,1,0,3,0,3,False,"{""f_gate_positioning_oi_change_pct"": 0.21859101741462106, ""f_f_market_aligned_fraction_5m"": 1.0}"
B2,f_gate_positioning_oi_change_pct|f_f_market_aligned_fraction_5m,2,2,0.8,8,4,1,3,1,0.12121212121212122,0.021739130434782608,0.8,0,1,1,0,3,0,3,False,"{""f_gate_positioning_oi_change_pct"": 0.26494511524836734, ""f_f_market_aligned_fraction_5m"": 1.0}"
B2,f_gate_positioning_oi_change_pct|f_f_market_aligned_fraction_5m,2,2,0.85,5,3,1,1,1,0.09090909090909091,0.021739130434782608,0.75,0,1,0,0,3,0,2,False,"{""f_gate_positioning_oi_change_pct"": 0.3614625229505696, ""f_f_market_aligned_fraction_5m"": 1.0}"
B2,f_gate_positioning_oi_change_pct|f_new_family_balance,2,2,0.55,19,7,6,6,5,0.21212121212121213,0.13043478260869565,0.5384615384615384,1,4,2,0,4,2,4,False,"{""f_gate_positioning_oi_change_pct"": 0.12700735231065743, ""f_new_family_balance"": 2.95}"
B2,f_gate_positioning_oi_change_pct|f_new_family_balance,2,2,0.6,14,5,4,5,3,0.15151515151515152,0.08695652173913043,0.5555555555555556,1,3,1,0,3,1,3,False,"{""f_gate_positioning_oi_change_pct"": 0.1621629269770119, ""f_new_family_balance"": 3.0}"
B2,f_gate_positioning_oi_change_pct|f_new_family_balance,2,2,0.65,13,5,4,4,3,0.15151515151515152,0.08695652173913043,0.5555555555555556,1,3,1,0,3,1,3,False,"{""f_gate_positioning_oi_change_pct"": 0.19670468238149225, ""f_new_family_balance"": 3.0}"
B2,f_gate_positioning_oi_change_pct|f_new_family_balance,2,2,0.7,11,5,3,3,2,0.15151515151515152,0.06521739130434782,0.625,1,2,1,0,3,1,4,False,"{""f_gate_positioning_oi_change_pct"": 0.21236756747563978, ""f_new_family_balance"": 3.0}"
B2,f_gate_positioning_oi_change_pct|f_new_family_balance,2,2,0.75,10,4,3,3,2,0.12121212121212122,0.06521739130434782,0.5714285714285714,0,2,1,0,3,1,3,False,"{""f_gate_positioning_oi_change_pct"": 0.21859101741462106, ""f_new_family_balance"": 3.0}"
B2,f_micro_selected_taker_share_prev3m|f_f_market_dispersion_15m,2,2,0.55,55,16,16,23,10,0.48484848484848486,0.34782608695652173,0.5,2,3,2,3,12,10,3,False,"{""f_micro_selected_taker_share_prev3m"": 0.6419992213727249, ""f_f_market_dispersion_15m"": 0.09289213148896941}"
B2,f_micro_selected_taker_share_prev3m|f_f_market_dispersion_15m,2,2,0.6,43,14,13,16,10,0.42424242424242425,0.2826086956521739,0.5185185185185185,2,1,2,3,10,9,3,False,"{""f_micro_selected_taker_share_prev3m"": 0.6817079920724427, ""f_f_market_dispersion_15m"": 0.090819954887291}"
B2,f_micro_selected_taker_share_prev3m|f_f_market_dispersion_15m,2,2,0.65,27,10,6,11,4,0.30303030303030304,0.13043478260869565,0.625,1,1,2,1,7,4,5,False,"{""f_micro_selected_taker_share_prev3m"": 0.7238235853967332, ""f_f_market_dispersion_15m"": 0.08984644379961478}"
B2,f_micro_selected_taker_share_prev3m|f_f_market_dispersion_15m,2,2,0.7,20,9,3,8,2,0.2727272727272727,0.06521739130434782,0.75,1,0,2,0,6,3,5,True,"{""f_micro_selected_taker_share_prev3m"": 0.7522288015749875, ""f_f_market_dispersion_15m"": 0.08730329330185219}"
B2,f_micro_selected_taker_share_prev3m|f_f_market_dispersion_15m,2,2,0.75,16,8,3,5,2,0.24242424242424243,0.06521739130434782,0.7272727272727273,1,0,2,0,5,3,5,True,"{""f_micro_selected_taker_share_prev3m"": 0.7737788291802238, ""f_f_market_dispersion_15m"": 0.08397532309904639}"
B2,f_micro_selected_taker_share_prev3m|f_f_market_dispersion_15m,2,2,0.8,11,5,3,3,2,0.15151515151515152,0.06521739130434782,0.625,0,0,2,0,3,3,3,False,"{""f_micro_selected_taker_share_prev3m"": 0.7920567396352612, ""f_f_market_dispersion_15m"": 0.081451648230247}"
B2,f_micro_selected_taker_share_prev3m|f_f_market_dispersion_15m,2,2,0.85,6,4,1,1,1,0.12121212121212122,0.021739130434782608,0.8,0,0,1,0,3,1,3,False,"{""f_micro_selected_taker_share_prev3m"": 0.8062445036525503, ""f_f_market_dispersion_15m"": 0.07993334252895565}"
B2,f_micro_selected_taker_share_prev3m|f_context_breakdown_down_pct,2,2,0.55,27,8,4,15,4,0.24242424242424243,0.08695652173913043,0.6666666666666666,2,2,0,0,6,2,4,False,"{""f_micro_selected_taker_share_prev3m"": 0.6419992213727249, ""f_context_breakdown_down_pct"": 0.14433969999999996}"
B2,f_micro_selected_taker_share_prev3m|f_context_breakdown_down_pct,2,2,0.6,18,7,3,8,3,0.21212121212121213,0.06521739130434782,0.7,2,2,0,0,5,1,3,False,"{""f_micro_selected_taker_share_prev3m"": 0.6817079920724427, ""f_context_breakdown_down_pct"": 0.10880200000000001}"
B2,f_micro_selected_taker_share_prev3m|f_context_breakdown_down_pct,2,2,0.65,12,4,2,6,2,0.12121212121212122,0.043478260869565216,0.6666666666666666,1,2,0,0,3,0,2,False,"{""f_micro_selected_taker_share_prev3m"": 0.7238235853967332, ""f_context_breakdown_down_pct"": 0.07557175}"
B2,f_micro_selected_taker_share_prev3m|f_context_breakdown_down_pct,2,2,0.7,8,3,1,4,1,0.09090909090909091,0.021739130434782608,0.75,1,1,0,0,2,0,2,False,"{""f_micro_selected_taker_share_prev3m"": 0.7522288015749875, ""f_context_breakdown_down_pct"": 0.045146500000000006}"
B2,f_micro_selected_taker_share_prev3m|f_context_breakdown_down_pct,2,2,0.75,6,3,1,2,1,0.09090909090909091,0.021739130434782608,0.75,1,1,0,0,2,0,2,False,"{""f_micro_selected_taker_share_prev3m"": 0.7737788291802238, ""f_context_breakdown_down_pct"": 0.01612375}"
B2,f_micro_selected_taker_share_prev3m|f_context_breakdown_down_pct,2,2,0.8,4,3,1,0,1,0.09090909090909091,0.021739130434782608,0.75,1,1,0,0,2,0,2,False,"{""f_micro_selected_taker_share_prev3m"": 0.7920567396352612, ""f_context_breakdown_down_pct"": 0.0}"
B2,f_micro_selected_taker_share_prev3m|f_context_breakdown_down_pct,2,2,0.85,4,3,1,0,1,0.09090909090909091,0.021739130434782608,0.75,1,1,0,0,2,0,2,False,"{""f_micro_selected_taker_share_prev3m"": 0.8062445036525503, ""f_context_breakdown_down_pct"": 0.0}"
B2,f_micro_selected_taker_share_prev3m|f_context_breakdown_down_pct,2,2,0.9,3,3,0,0,0,0.09090909090909091,0.0,1.0,1,0,0,0,2,0,2,False,"{""f_micro_selected_taker_share_prev3m"": 0.8225219437602855, ""f_context_breakdown_down_pct"": 0.0}"
B2,f_micro_selected_taker_share_prev3m|f_f_market_selected_ret_30m,2,2,0.55,61,18,19,24,13,0.5454545454545454,0.41304347826086957,0.4864864864864865,4,4,2,3,12,12,2,False,"{""f_micro_selected_taker_share_prev3m"": 0.6419992213727249, ""f_f_market_selected_ret_30m"": 0.3157608147100679}"
B2,f_micro_selected_taker_share_prev3m|f_f_market_selected_ret_30m,2,2,0.6,48,15,15,18,11,0.45454545454545453,0.32608695652173914,0.5,3,2,2,3,10,10,3,False,"{""f_micro_selected_taker_share_prev3m"": 0.6817079920724427, ""f_f_market_selected_ret_30m"": 0.27953051404961293}"
B2,f_micro_selected_taker_share_prev3m|f_f_market_selected_ret_30m,2,2,0.65,32,11,5,16,3,0.3333333333333333,0.10869565217391304,0.6875,2,2,2,1,7,2,5,False,"{""f_micro_selected_taker_share_prev3m"": 0.7238235853967332, ""f_f_market_selected_ret_30m"": 0.24800416168246048}"
B2,f_micro_selected_taker_share_prev3m|f_f_market_selected_ret_30m,2,2,0.7,22,9,2,11,2,0.2727272727272727,0.043478260869565216,0.8181818181818182,2,1,2,0,5,1,5,True,"{""f_micro_selected_taker_share_prev3m"": 0.7522288015749875, ""f_f_market_selected_ret_30m"": 0.20612865023261098}"
B2,f_micro_selected_taker_share_prev3m|f_f_market_selected_ret_30m,2,2,0.75,16,8,2,6,2,0.24242424242424243,0.043478260869565216,0.8,1,1,2,0,5,1,5,True,"{""f_micro_selected_taker_share_prev3m"": 0.7737788291802238, ""f_f_market_selected_ret_30m"": 0.1590785592414129}"
B2,f_micro_selected_taker_share_prev3m|f_f_market_selected_ret_30m,2,2,0.8,9,5,2,2,2,0.15151515151515152,0.043478260869565216,0.7142857142857143,1,1,1,0,3,1,4,True,"{""f_micro_selected_taker_share_prev3m"": 0.7920567396352612, ""f_f_market_selected_ret_30m"": 0.13117480044327}"
B2,f_micro_selected_taker_share_prev3m|f_f_market_selected_ret_30m,2,2,0.85,6,5,1,0,1,0.15151515151515152,0.021739130434782608,0.8333333333333334,1,1,1,0,3,0,4,True,"{""f_micro_selected_taker_share_prev3m"": 0.8062445036525503, ""f_f_market_selected_ret_30m"": 0.1272039568864461}"
B2,f_micro_selected_taker_share_prev3m|f_f_market_selected_ret_30m,2,2,0.9,4,4,0,0,0,0.12121212121212122,0.0,1.0,1,0,1,0,2,0,4,True,"{""f_micro_selected_taker_share_prev3m"": 0.8225219437602855, ""f_f_market_selected_ret_30m"": 0.11864422057320188}"
B2,f_micro_selected_taker_share_prev3m|f_micro_price_flow_divergence,2,2,0.55,57,18,18,21,15,0.5454545454545454,0.391304347826087,0.5,4,5,2,2,12,11,4,False,"{""f_micro_selected_taker_share_prev3m"": 0.6419992213727249, ""f_micro_price_flow_divergence"": 0.0119500913633334}"
B2,f_micro_selected_taker_share_prev3m|f_micro_price_flow_divergence,2,2,0.6,47,16,15,16,13,0.48484848484848486,0.32608695652173914,0.5161290322580645,4,4,2,2,10,9,5,False,"{""f_micro_selected_taker_share_prev3m"": 0.6817079920724427, ""f_micro_price_flow_divergence"": 0.012675127220891261}"
B2,f_micro_selected_taker_share_prev3m|f_micro_price_flow_divergence,2,2,0.65,37,14,9,14,8,0.42424242424242425,0.1956521739130435,0.6086956521739131,3,4,2,1,9,4,5,False,"{""f_micro_selected_taker_share_prev3m"": 0.7238235853967332, ""f_micro_price_flow_divergence"": 0.012783221361499118}"
B2,f_micro_selected_taker_share_prev3m|f_micro_price_flow_divergence,2,2,0.7,23,10,4,9,4,0.30303030303030304,0.08695652173913043,0.7142857142857143,3,2,2,0,5,2,5,True,"{""f_micro_selected_taker_share_prev3m"": 0.7522288015749875, ""f_micro_price_flow_divergence"": 0.013646104500558977}"
B2,f_micro_selected_taker_share_prev3m|f_micro_price_flow_divergence,2,2,0.75,18,9,4,5,4,0.2727272727272727,0.08695652173913043,0.6923076923076923,2,2,2,0,5,2,5,False,"{""f_micro_selected_taker_share_prev3m"": 0.7737788291802238, ""f_micro_price_flow_divergence"": 0.01488638213884484}"
B2,f_micro_selected_taker_share_prev3m|f_micro_price_flow_divergence,2,2,0.8,13,7,3,3,3,0.21212121212121213,0.06521739130434782,0.7,2,1,2,0,3,2,4,True,"{""f_micro_selected_taker_share_prev3m"": 0.7920567396352612, ""f_micro_price_flow_divergence"": 0.019082996203197426}"
B2,f_micro_selected_taker_share_prev3m|f_micro_price_flow_divergence,2,2,0.85,11,6,3,2,3,0.18181818181818182,0.06521739130434782,0.6666666666666666,2,1,1,0,3,2,4,False,"{""f_micro_selected_taker_share_prev3m"": 0.8062445036525503, ""f_micro_price_flow_divergence"": 0.026975030800133398}"
B2,f_micro_selected_taker_share_prev3m|f_micro_price_flow_divergence,2,2,0.9,6,4,1,1,1,0.12121212121212122,0.021739130434782608,0.8,1,0,1,0,2,1,4,True,"{""f_micro_selected_taker_share_prev3m"": 0.8225219437602855, ""f_micro_price_flow_divergence"": 0.046956635495231006}"
B2,f_micro_selected_taker_share_prev3m|f_f_market_aligned_fraction_5m,2,2,0.55,64,18,19,27,15,0.5454545454545454,0.41304347826086957,0.4864864864864865,4,2,2,2,12,15,4,False,"{""f_micro_selected_taker_share_prev3m"": 0.6419992213727249, ""f_f_market_aligned_fraction_5m"": 0.25}"
B2,f_micro_selected_taker_share_prev3m|f_f_market_aligned_fraction_5m,2,2,0.6,35,11,10,14,9,0.3333333333333333,0.21739130434782608,0.5238095238095238,4,1,1,1,6,8,4,False,"{""f_micro_selected_taker_share_prev3m"": 0.6817079920724427, ""f_f_market_aligned_fraction_5m"": 0.5499999999999996}"
B2,f_micro_selected_taker_share_prev3m|f_f_market_aligned_fraction_5m,2,2,0.65,22,8,5,9,5,0.24242424242424243,0.10869565217391304,0.6153846153846154,3,1,1,1,4,3,3,False,"{""f_micro_selected_taker_share_prev3m"": 0.7238235853967332, ""f_f_market_aligned_fraction_5m"": 0.8875000000000004}"
B2,f_micro_selected_taker_share_prev3m|f_f_market_aligned_fraction_5m,2,2,0.7,15,5,3,7,3,0.15151515151515152,0.06521739130434782,0.625,3,1,1,0,1,2,2,False,"{""f_micro_selected_taker_share_prev3m"": 0.7522288015749875, ""f_f_market_aligned_fraction_5m"": 1.0}"
B2,f_micro_selected_taker_share_prev3m|f_f_market_aligned_fraction_5m,2,2,0.75,11,4,3,4,3,0.12121212121212122,0.06521739130434782,0.5714285714285714,2,1,1,0,1,2,2,False,"{""f_micro_selected_taker_share_prev3m"": 0.7737788291802238, ""f_f_market_aligned_fraction_5m"": 1.0}"
B2,f_micro_selected_taker_share_prev3m|f_f_market_aligned_fraction_5m,2,2,0.8,8,4,3,1,3,0.12121212121212122,0.06521739130434782,0.5714285714285714,2,1,1,0,1,2,2,False,"{""f_micro_selected_taker_share_prev3m"": 0.7920567396352612, ""f_f_market_aligned_fraction_5m"": 1.0}"
B2,f_micro_selected_taker_share_prev3m|f_f_market_aligned_fraction_5m,2,2,0.85,6,3,3,0,3,0.09090909090909091,0.06521739130434782,0.5,2,1,0,0,1,2,1,False,"{""f_micro_selected_taker_share_prev3m"": 0.8062445036525503, ""f_f_market_aligned_fraction_5m"": 1.0}"
B2,f_micro_selected_taker_share_prev3m|f_f_market_aligned_fraction_5m,2,2,0.9,4,3,1,0,1,0.09090909090909091,0.021739130434782608,0.75,2,0,0,0,1,1,2,False,"{""f_micro_selected_taker_share_prev3m"": 0.8225219437602855, ""f_f_market_aligned_fraction_5m"": 1.0}"
B2,f_micro_selected_taker_share_prev3m|f_new_family_balance,2,2,0.55,24,9,5,10,2,0.2727272727272727,0.10869565217391304,0.6428571428571429,3,1,1,0,5,4,4,False,"{""f_micro_selected_taker_share_prev3m"": 0.6419992213727249, ""f_new_family_balance"": 2.95}"
B2,f_micro_selected_taker_share_prev3m|f_new_family_balance,2,2,0.6,17,9,4,4,1,0.2727272727272727,0.08695652173913043,0.6923076923076923,3,1,1,0,5,3,4,False,"{""f_micro_selected_taker_share_prev3m"": 0.6817079920724427, ""f_new_family_balance"": 3.0}"
B2,f_micro_selected_taker_share_prev3m|f_new_family_balance,2,2,0.65,11,5,3,3,0,0.15151515151515152,0.06521739130434782,0.625,2,1,1,0,2,2,4,False,"{""f_micro_selected_taker_share_prev3m"": 0.7238235853967332, ""f_new_family_balance"": 3.0}"
B2,f_micro_selected_taker_share_prev3m|f_new_family_balance,2,2,0.7,10,5,2,3,0,0.15151515151515152,0.043478260869565216,0.7142857142857143,2,1,1,0,2,1,4,True,"{""f_micro_selected_taker_share_prev3m"": 0.7522288015749875, ""f_new_family_balance"": 3.0}"
B2,f_micro_selected_taker_share_prev3m|f_new_family_balance,2,2,0.75,8,4,2,2,0,0.12121212121212122,0.043478260869565216,0.6666666666666666,1,1,1,0,2,1,4,False,"{""f_micro_selected_taker_share_prev3m"": 0.7737788291802238, ""f_new_family_balance"": 3.0}"
B2,f_f_market_dispersion_15m|f_context_breakdown_down_pct,2,2,0.55,38,11,8,19,6,0.3333333333333333,0.17391304347826086,0.5789473684210527,1,3,0,0,10,5,2,False,"{""f_f_market_dispersion_15m"": 0.09289213148896941, ""f_context_breakdown_down_pct"": 0.14433969999999996}"
B2,f_f_market_dispersion_15m|f_context_breakdown_down_pct,2,2,0.6,35,10,8,17,6,0.30303030303030304,0.17391304347826086,0.5555555555555556,1,3,0,0,9,5,2,False,"{""f_f_market_dispersion_15m"": 0.090819954887291, ""f_context_breakdown_down_pct"": 0.10880200000000001}"
B2,f_f_market_dispersion_15m|f_context_breakdown_down_pct,2,2,0.65,34,9,8,17,6,0.2727272727272727,0.17391304347826086,0.5294117647058824,1,3,0,0,8,5,2,False,"{""f_f_market_dispersion_15m"": 0.08984644379961478, ""f_context_breakdown_down_pct"": 0.07557175}"
B2,f_f_market_dispersion_15m|f_context_breakdown_down_pct,2,2,0.7,29,9,6,14,4,0.2727272727272727,0.13043478260869565,0.6,1,2,0,0,8,4,3,False,"{""f_f_market_dispersion_15m"": 0.08730329330185219, ""f_context_breakdown_down_pct"": 0.045146500000000006}"
B2,f_f_market_dispersion_15m|f_context_breakdown_down_pct,2,2,0.75,25,8,6,11,4,0.24242424242424243,0.13043478260869565,0.5714285714285714,1,2,0,0,7,4,3,False,"{""f_f_market_dispersion_15m"": 0.08397532309904639, ""f_context_breakdown_down_pct"": 0.01612375}"
B2,f_f_market_dispersion_15m|f_context_breakdown_down_pct,2,2,0.8,24,8,5,11,3,0.24242424242424243,0.10869565217391304,0.6153846153846154,1,1,0,0,7,4,3,False,"{""f_f_market_dispersion_15m"": 0.081451648230247, ""f_context_breakdown_down_pct"": 0.0}"
B2,f_f_market_dispersion_15m|f_context_breakdown_down_pct,2,2,0.85,24,8,5,11,3,0.24242424242424243,0.10869565217391304,0.6153846153846154,1,1,0,0,7,4,3,False,"{""f_f_market_dispersion_15m"": 0.07993334252895565, ""f_context_breakdown_down_pct"": 0.0}"
B2,f_f_market_dispersion_15m|f_context_breakdown_down_pct,2,2,0.9,21,7,4,10,2,0.21212121212121213,0.08695652173913043,0.6363636363636364,1,0,0,0,6,4,3,False,"{""f_f_market_dispersion_15m"": 0.07698814464435187, ""f_context_breakdown_down_pct"": 0.0}"
B2,f_f_market_dispersion_15m|f_f_market_selected_ret_30m,2,2,0.55,94,24,26,44,18,0.7272727272727273,0.5652173913043478,0.48,2,4,4,4,18,18,3,False,"{""f_f_market_dispersion_15m"": 0.09289213148896941, ""f_f_market_selected_ret_30m"": 0.3157608147100679}"
B2,f_f_market_dispersion_15m|f_f_market_selected_ret_30m,2,2,0.6,89,23,24,42,17,0.696969696969697,0.5217391304347826,0.48936170212765956,2,2,4,4,17,18,3,False,"{""f_f_market_dispersion_15m"": 0.090819954887291, ""f_f_market_selected_ret_30m"": 0.27953051404961293}"
B2,f_f_market_dispersion_15m|f_f_market_selected_ret_30m,2,2,0.65,88,23,23,42,17,0.696969696969697,0.5,0.5,2,2,4,4,17,17,3,False,"{""f_f_market_dispersion_15m"": 0.08984644379961478, ""f_f_market_selected_ret_30m"": 0.24800416168246048}"
B2,f_f_market_dispersion_15m|f_f_market_selected_ret_30m,2,2,0.7,82,23,19,40,15,0.696969696969697,0.41304347826086957,0.5476190476190477,2,1,4,3,17,15,5,False,"{""f_f_market_dispersion_15m"": 0.08730329330185219, ""f_f_market_selected_ret_30m"": 0.20612865023261098}"
B2,f_f_market_dispersion_15m|f_f_market_selected_ret_30m,2,2,0.75,77,20,19,38,15,0.6060606060606061,0.41304347826086957,0.5128205128205128,2,1,4,3,14,15,5,False,"{""f_f_market_dispersion_15m"": 0.08397532309904639, ""f_f_market_selected_ret_30m"": 0.1590785592414129}"
B2,f_f_market_dispersion_15m|f_f_market_selected_ret_30m,2,2,0.8,70,17,17,36,14,0.5151515151515151,0.3695652173913043,0.5,1,0,3,3,13,14,4,False,"{""f_f_market_dispersion_15m"": 0.081451648230247, ""f_f_market_selected_ret_30m"": 0.13117480044327}"
B2,f_f_market_dispersion_15m|f_f_market_selected_ret_30m,2,2,0.85,68,17,16,35,13,0.5151515151515151,0.34782608695652173,0.5151515151515151,1,0,3,2,13,14,5,False,"{""f_f_market_dispersion_15m"": 0.07993334252895565, ""f_f_market_selected_ret_30m"": 0.1272039568864461}"
B2,f_f_market_dispersion_15m|f_f_market_selected_ret_30m,2,2,0.9,64,17,16,31,13,0.5151515151515151,0.34782608695652173,0.5151515151515151,1,0,3,2,13,14,5,False,"{""f_f_market_dispersion_15m"": 0.07698814464435187, ""f_f_market_selected_ret_30m"": 0.11864422057320188}"
B2,f_f_market_dispersion_15m|f_micro_price_flow_divergence,2,2,0.55,44,13,11,20,8,0.3939393939393939,0.2391304347826087,0.5416666666666666,2,3,2,2,9,6,5,False,"{""f_f_market_dispersion_15m"": 0.09289213148896941, ""f_micro_price_flow_divergence"": 0.0119500913633334}"
B2,f_f_market_dispersion_15m|f_micro_price_flow_divergence,2,2,0.6,41,13,9,19,8,0.3939393939393939,0.1956521739130435,0.5909090909090909,2,1,2,2,9,6,5,False,"{""f_f_market_dispersion_15m"": 0.090819954887291, ""f_micro_price_flow_divergence"": 0.012675127220891261}"
B2,f_f_market_dispersion_15m|f_micro_price_flow_divergence,2,2,0.65,41,13,9,19,8,0.3939393939393939,0.1956521739130435,0.5909090909090909,2,1,2,2,9,6,5,False,"{""f_f_market_dispersion_15m"": 0.08984644379961478, ""f_micro_price_flow_divergence"": 0.012783221361499118}"
B2,f_f_market_dispersion_15m|f_micro_price_flow_divergence,2,2,0.7,39,13,8,18,7,0.3939393939393939,0.17391304347826086,0.6190476190476191,2,1,2,2,9,5,5,False,"{""f_f_market_dispersion_15m"": 0.08730329330185219, ""f_micro_price_flow_divergence"": 0.013646104500558977}"
B2,f_f_market_dispersion_15m|f_micro_price_flow_divergence,2,2,0.75,37,12,8,17,7,0.36363636363636365,0.17391304347826086,0.6,2,1,2,2,8,5,4,False,"{""f_f_market_dispersion_15m"": 0.08397532309904639, ""f_micro_price_flow_divergence"": 0.01488638213884484}"
B2,f_f_market_dispersion_15m|f_micro_price_flow_divergence,2,2,0.8,28,9,7,12,6,0.2727272727272727,0.15217391304347827,0.5625,1,1,2,1,6,5,3,False,"{""f_f_market_dispersion_15m"": 0.081451648230247, ""f_micro_price_flow_divergence"": 0.019082996203197426}"
B2,f_f_market_dispersion_15m|f_micro_price_flow_divergence,2,2,0.85,24,6,7,11,6,0.18181818181818182,0.15217391304347827,0.46153846153846156,0,1,2,1,4,5,2,False,"{""f_f_market_dispersion_15m"": 0.07993334252895565, ""f_micro_price_flow_divergence"": 0.026975030800133398}"
B2,f_f_market_dispersion_15m|f_micro_price_flow_divergence,2,2,0.9,10,4,3,3,2,0.12121212121212122,0.06521739130434782,0.5714285714285714,0,1,2,0,2,2,3,False,"{""f_f_market_dispersion_15m"": 0.07698814464435187, ""f_micro_price_flow_divergence"": 0.046956635495231006}"
B2,f_f_market_dispersion_15m|f_f_market_aligned_fraction_5m,2,2,0.55,80,22,22,36,16,0.6666666666666666,0.4782608695652174,0.5,2,1,4,3,16,18,4,False,"{""f_f_market_dispersion_15m"": 0.09289213148896941, ""f_f_market_aligned_fraction_5m"": 0.25}"
B2,f_f_market_dispersion_15m|f_f_market_aligned_fraction_5m,2,2,0.6,55,14,13,28,10,0.42424242424242425,0.2826086956521739,0.5185185185185185,2,0,2,2,10,11,4,False,"{""f_f_market_dispersion_15m"": 0.090819954887291, ""f_f_market_aligned_fraction_5m"": 0.5499999999999996}"
B2,f_f_market_dispersion_15m|f_f_market_aligned_fraction_5m,2,2,0.65,43,13,8,22,7,0.3939393939393939,0.17391304347826086,0.6190476190476191,2,0,2,1,9,7,4,False,"{""f_f_market_dispersion_15m"": 0.08984644379961478, ""f_f_market_aligned_fraction_5m"": 0.8875000000000004}"
B2,f_f_market_dispersion_15m|f_f_market_aligned_fraction_5m,2,2,0.7,42,13,8,21,7,0.3939393939393939,0.17391304347826086,0.6190476190476191,2,0,2,1,9,7,4,False,"{""f_f_market_dispersion_15m"": 0.08730329330185219, ""f_f_market_aligned_fraction_5m"": 1.0}"
B2,f_f_market_dispersion_15m|f_f_market_aligned_fraction_5m,2,2,0.75,41,13,8,20,7,0.3939393939393939,0.17391304347826086,0.6190476190476191,2,0,2,1,9,7,4,False,"{""f_f_market_dispersion_15m"": 0.08397532309904639, ""f_f_market_aligned_fraction_5m"": 1.0}"
B2,f_f_market_dispersion_15m|f_f_market_aligned_fraction_5m,2,2,0.8,40,12,8,20,7,0.36363636363636365,0.17391304347826086,0.6,1,0,2,1,9,7,4,False,"{""f_f_market_dispersion_15m"": 0.081451648230247, ""f_f_market_aligned_fraction_5m"": 1.0}"
B2,f_f_market_dispersion_15m|f_f_market_aligned_fraction_5m,2,2,0.85,40,12,8,20,7,0.36363636363636365,0.17391304347826086,0.6,1,0,2,1,9,7,4,False,"{""f_f_market_dispersion_15m"": 0.07993334252895565, ""f_f_market_aligned_fraction_5m"": 1.0}"
B2,f_f_market_dispersion_15m|f_f_market_aligned_fraction_5m,2,2,0.9,35,10,7,18,6,0.30303030303030304,0.15217391304347827,0.5882352941176471,1,0,2,1,7,6,4,False,"{""f_f_market_dispersion_15m"": 0.07698814464435187, ""f_f_market_aligned_fraction_5m"": 1.0}"
B2,f_f_market_dispersion_15m|f_new_family_balance,2,2,0.55,38,12,11,15,7,0.36363636363636365,0.2391304347826087,0.5217391304347826,1,3,2,0,9,8,4,False,"{""f_f_market_dispersion_15m"": 0.09289213148896941, ""f_new_family_balance"": 2.95}"
B2,f_f_market_dispersion_15m|f_new_family_balance,2,2,0.6,36,11,10,15,7,0.3333333333333333,0.21739130434782608,0.5238095238095238,1,2,2,0,8,8,5,False,"{""f_f_market_dispersion_15m"": 0.090819954887291, ""f_new_family_balance"": 3.0}"
B2,f_f_market_dispersion_15m|f_new_family_balance,2,2,0.65,36,11,10,15,7,0.3333333333333333,0.21739130434782608,0.5238095238095238,1,2,2,0,8,8,5,False,"{""f_f_market_dispersion_15m"": 0.08984644379961478, ""f_new_family_balance"": 3.0}"
B2,f_f_market_dispersion_15m|f_new_family_balance,2,2,0.7,36,11,10,15,7,0.3333333333333333,0.21739130434782608,0.5238095238095238,1,2,2,0,8,8,5,False,"{""f_f_market_dispersion_15m"": 0.08730329330185219, ""f_new_family_balance"": 3.0}"
B2,f_f_market_dispersion_15m|f_new_family_balance,2,2,0.75,35,10,10,15,7,0.30303030303030304,0.21739130434782608,0.5,1,2,2,0,7,8,4,False,"{""f_f_market_dispersion_15m"": 0.08397532309904639, ""f_new_family_balance"": 3.0}"
B2,f_context_breakdown_down_pct|f_f_market_selected_ret_30m,2,2,0.55,42,10,8,24,6,0.30303030303030304,0.17391304347826086,0.5555555555555556,2,2,0,0,8,6,3,False,"{""f_context_breakdown_down_pct"": 0.14433969999999996, ""f_f_market_selected_ret_30m"": 0.3157608147100679}"
B2,f_context_breakdown_down_pct|f_f_market_selected_ret_30m,2,2,0.6,36,10,6,20,4,0.30303030303030304,0.13043478260869565,0.625,2,1,0,0,8,5,3,False,"{""f_context_breakdown_down_pct"": 0.10880200000000001, ""f_f_market_selected_ret_30m"": 0.27953051404961293}"
B2,f_context_breakdown_down_pct|f_f_market_selected_ret_30m,2,2,0.65,34,9,6,19,4,0.2727272727272727,0.13043478260869565,0.6,2,1,0,0,7,5,3,False,"{""f_context_breakdown_down_pct"": 0.07557175, ""f_f_market_selected_ret_30m"": 0.24800416168246048}"
B2,f_context_breakdown_down_pct|f_f_market_selected_ret_30m,2,2,0.7,27,9,5,13,3,0.2727272727272727,0.10869565217391304,0.6428571428571429,2,1,0,0,7,4,3,False,"{""f_context_breakdown_down_pct"": 0.045146500000000006, ""f_f_market_selected_ret_30m"": 0.20612865023261098}"
B2,f_context_breakdown_down_pct|f_f_market_selected_ret_30m,2,2,0.75,22,7,5,10,3,0.21212121212121213,0.10869565217391304,0.5833333333333334,1,1,0,0,6,4,3,False,"{""f_context_breakdown_down_pct"": 0.01612375, ""f_f_market_selected_ret_30m"": 0.1590785592414129}"
B2,f_context_breakdown_down_pct|f_f_market_selected_ret_30m,2,2,0.8,20,7,3,10,2,0.21212121212121213,0.06521739130434782,0.7,1,0,0,0,6,3,3,False,"{""f_context_breakdown_down_pct"": 0.0, ""f_f_market_selected_ret_30m"": 0.13117480044327}"
B2,f_context_breakdown_down_pct|f_f_market_selected_ret_30m,2,2,0.85,19,7,3,9,2,0.21212121212121213,0.06521739130434782,0.7,1,0,0,0,6,3,3,False,"{""f_context_breakdown_down_pct"": 0.0, ""f_f_market_selected_ret_30m"": 0.1272039568864461}"
B2,f_context_breakdown_down_pct|f_f_market_selected_ret_30m,2,2,0.9,19,7,3,9,2,0.21212121212121213,0.06521739130434782,0.7,1,0,0,0,6,3,3,False,"{""f_context_breakdown_down_pct"": 0.0, ""f_f_market_selected_ret_30m"": 0.11864422057320188}"
B2,f_context_breakdown_down_pct|f_micro_price_flow_divergence,2,2,0.55,22,7,4,11,4,0.21212121212121213,0.08695652173913043,0.6363636363636364,2,2,0,0,5,2,4,False,"{""f_context_breakdown_down_pct"": 0.14433969999999996, ""f_micro_price_flow_divergence"": 0.0119500913633334}"
B2,f_context_breakdown_down_pct|f_micro_price_flow_divergence,2,2,0.6,20,7,3,10,3,0.21212121212121213,0.06521739130434782,0.7,2,2,0,0,5,1,4,True,"{""f_context_breakdown_down_pct"": 0.10880200000000001, ""f_micro_price_flow_divergence"": 0.012675127220891261}"
B2,f_context_breakdown_down_pct|f_micro_price_flow_divergence,2,2,0.65,20,7,3,10,3,0.21212121212121213,0.06521739130434782,0.7,2,2,0,0,5,1,4,True,"{""f_context_breakdown_down_pct"": 0.07557175, ""f_micro_price_flow_divergence"": 0.012783221361499118}"
B2,f_context_breakdown_down_pct|f_micro_price_flow_divergence,2,2,0.7,18,7,2,9,2,0.21212121212121213,0.043478260869565216,0.7777777777777778,2,1,0,0,5,1,4,True,"{""f_context_breakdown_down_pct"": 0.045146500000000006, ""f_micro_price_flow_divergence"": 0.013646104500558977}"
B2,f_context_breakdown_down_pct|f_micro_price_flow_divergence,2,2,0.75,18,7,2,9,2,0.21212121212121213,0.043478260869565216,0.7777777777777778,2,1,0,0,5,1,4,True,"{""f_context_breakdown_down_pct"": 0.01612375, ""f_micro_price_flow_divergence"": 0.01488638213884484}"
B2,f_context_breakdown_down_pct|f_micro_price_flow_divergence,2,2,0.8,12,6,1,5,1,0.18181818181818182,0.021739130434782608,0.8571428571428571,2,0,0,0,4,1,3,False,"{""f_context_breakdown_down_pct"": 0.0, ""f_micro_price_flow_divergence"": 0.019082996203197426}"
B2,f_context_breakdown_down_pct|f_micro_price_flow_divergence,2,2,0.85,10,4,1,5,1,0.12121212121212122,0.021739130434782608,0.8,1,0,0,0,3,1,2,False,"{""f_context_breakdown_down_pct"": 0.0, ""f_micro_price_flow_divergence"": 0.026975030800133398}"
B2,f_context_breakdown_down_pct|f_f_market_aligned_fraction_5m,2,2,0.55,45,11,9,25,7,0.3333333333333333,0.1956521739130435,0.55,2,3,0,0,9,6,3,False,"{""f_context_breakdown_down_pct"": 0.14433969999999996, ""f_f_market_aligned_fraction_5m"": 0.25}"
B2,f_context_breakdown_down_pct|f_f_market_aligned_fraction_5m,2,2,0.6,32,10,5,17,3,0.30303030303030304,0.10869565217391304,0.6666666666666666,2,1,0,0,8,4,3,False,"{""f_context_breakdown_down_pct"": 0.10880200000000001, ""f_f_market_aligned_fraction_5m"": 0.5499999999999996}"
B2,f_context_breakdown_down_pct|f_f_market_aligned_fraction_5m,2,2,0.65,24,9,3,12,2,0.2727272727272727,0.06521739130434782,0.75,2,1,0,0,7,2,3,False,"{""f_context_breakdown_down_pct"": 0.07557175, ""f_f_market_aligned_fraction_5m"": 0.8875000000000004}"
B2,f_context_breakdown_down_pct|f_f_market_aligned_fraction_5m,2,2,0.7,21,9,2,10,1,0.2727272727272727,0.043478260869565216,0.8181818181818182,2,1,0,0,7,1,3,False,"{""f_context_breakdown_down_pct"": 0.045146500000000006, ""f_f_market_aligned_fraction_5m"": 1.0}"
B2,f_context_breakdown_down_pct|f_f_market_aligned_fraction_5m,2,2,0.75,19,9,2,8,1,0.2727272727272727,0.043478260869565216,0.8181818181818182,2,1,0,0,7,1,3,False,"{""f_context_breakdown_down_pct"": 0.01612375, ""f_f_market_aligned_fraction_5m"": 1.0}"
B2,f_context_breakdown_down_pct|f_f_market_aligned_fraction_5m,2,2,0.8,18,9,2,7,1,0.2727272727272727,0.043478260869565216,0.8181818181818182,2,1,0,0,7,1,3,False,"{""f_context_breakdown_down_pct"": 0.0, ""f_f_market_aligned_fraction_5m"": 1.0}"
B2,f_context_breakdown_down_pct|f_f_market_aligned_fraction_5m,2,2,0.85,18,9,2,7,1,0.2727272727272727,0.043478260869565216,0.8181818181818182,2,1,0,0,7,1,3,False,"{""f_context_breakdown_down_pct"": 0.0, ""f_f_market_aligned_fraction_5m"": 1.0}"
B2,f_context_breakdown_down_pct|f_f_market_aligned_fraction_5m,2,2,0.9,18,9,2,7,1,0.2727272727272727,0.043478260869565216,0.8181818181818182,2,1,0,0,7,1,3,False,"{""f_context_breakdown_down_pct"": 0.0, ""f_f_market_aligned_fraction_5m"": 1.0}"
B2,f_context_breakdown_down_pct|f_new_family_balance,2,2,0.55,26,7,4,15,3,0.21212121212121213,0.08695652173913043,0.6363636363636364,2,2,0,0,5,2,3,False,"{""f_context_breakdown_down_pct"": 0.14433969999999996, ""f_new_family_balance"": 2.95}"
B2,f_context_breakdown_down_pct|f_new_family_balance,2,2,0.6,24,7,4,13,3,0.21212121212121213,0.08695652173913043,0.6363636363636364,2,2,0,0,5,2,3,False,"{""f_context_breakdown_down_pct"": 0.10880200000000001, ""f_new_family_balance"": 3.0}"
B2,f_context_breakdown_down_pct|f_new_family_balance,2,2,0.65,23,7,4,12,3,0.21212121212121213,0.08695652173913043,0.6363636363636364,2,2,0,0,5,2,3,False,"{""f_context_breakdown_down_pct"": 0.07557175, ""f_new_family_balance"": 3.0}"
B2,f_context_breakdown_down_pct|f_new_family_balance,2,2,0.7,20,7,4,9,3,0.21212121212121213,0.08695652173913043,0.6363636363636364,2,2,0,0,5,2,3,False,"{""f_context_breakdown_down_pct"": 0.045146500000000006, ""f_new_family_balance"": 3.0}"
B2,f_context_breakdown_down_pct|f_new_family_balance,2,2,0.75,19,7,4,8,3,0.21212121212121213,0.08695652173913043,0.6363636363636364,2,2,0,0,5,2,3,False,"{""f_context_breakdown_down_pct"": 0.01612375, ""f_new_family_balance"": 3.0}"
B2,f_f_market_selected_ret_30m|f_micro_price_flow_divergence,2,2,0.55,51,16,14,21,10,0.48484848484848486,0.30434782608695654,0.5333333333333333,4,4,2,2,10,8,4,False,"{""f_f_market_selected_ret_30m"": 0.3157608147100679, ""f_micro_price_flow_divergence"": 0.0119500913633334}"
B2,f_f_market_selected_ret_30m|f_micro_price_flow_divergence,2,2,0.6,46,15,11,20,8,0.45454545454545453,0.2391304347826087,0.5769230769230769,3,2,2,2,10,7,5,False,"{""f_f_market_selected_ret_30m"": 0.27953051404961293, ""f_micro_price_flow_divergence"": 0.012675127220891261}"
B2,f_f_market_selected_ret_30m|f_micro_price_flow_divergence,2,2,0.65,43,14,9,20,6,0.42424242424242425,0.1956521739130435,0.6086956521739131,3,2,2,2,9,5,5,False,"{""f_f_market_selected_ret_30m"": 0.24800416168246048, ""f_micro_price_flow_divergence"": 0.012783221361499118}"
B2,f_f_market_selected_ret_30m|f_micro_price_flow_divergence,2,2,0.7,39,14,6,19,4,0.42424242424242425,0.13043478260869565,0.7,3,1,2,1,9,4,5,False,"{""f_f_market_selected_ret_30m"": 0.20612865023261098, ""f_micro_price_flow_divergence"": 0.013646104500558977}"
B2,f_f_market_selected_ret_30m|f_micro_price_flow_divergence,2,2,0.75,34,13,6,15,4,0.3939393939393939,0.13043478260869565,0.6842105263157895,2,1,2,1,9,4,5,False,"{""f_f_market_selected_ret_30m"": 0.1590785592414129, ""f_micro_price_flow_divergence"": 0.01488638213884484}"
B2,f_f_market_selected_ret_30m|f_micro_price_flow_divergence,2,2,0.8,27,10,6,11,4,0.30303030303030304,0.13043478260869565,0.625,2,1,1,1,7,4,5,False,"{""f_f_market_selected_ret_30m"": 0.13117480044327, ""f_micro_price_flow_divergence"": 0.019082996203197426}"
B2,f_f_market_selected_ret_30m|f_micro_price_flow_divergence,2,2,0.85,23,7,5,11,3,0.21212121212121213,0.10869565217391304,0.5833333333333334,1,1,1,0,5,4,5,False,"{""f_f_market_selected_ret_30m"": 0.1272039568864461, ""f_micro_price_flow_divergence"": 0.026975030800133398}"
B2,f_f_market_selected_ret_30m|f_micro_price_flow_divergence,2,2,0.9,12,6,3,3,1,0.18181818181818182,0.06521739130434782,0.6666666666666666,1,0,1,0,4,3,5,False,"{""f_f_market_selected_ret_30m"": 0.11864422057320188, ""f_micro_price_flow_divergence"": 0.046956635495231006}"
B2,f_f_market_selected_ret_30m|f_f_market_aligned_fraction_5m,2,2,0.55,94,24,26,44,18,0.7272727272727273,0.5652173913043478,0.48,4,2,4,3,16,21,4,False,"{""f_f_market_selected_ret_30m"": 0.3157608147100679, ""f_f_market_aligned_fraction_5m"": 0.25}"
B2,f_f_market_selected_ret_30m|f_f_market_aligned_fraction_5m,2,2,0.6,61,15,15,31,10,0.45454545454545453,0.32608695652173914,0.5,3,0,2,2,10,13,4,False,"{""f_f_market_selected_ret_30m"": 0.27953051404961293, ""f_f_market_aligned_fraction_5m"": 0.5499999999999996}"
B2,f_f_market_selected_ret_30m|f_f_market_aligned_fraction_5m,2,2,0.65,43,13,7,23,5,0.3939393939393939,0.15217391304347827,0.65,3,0,2,1,8,6,4,False,"{""f_f_market_selected_ret_30m"": 0.24800416168246048, ""f_f_market_aligned_fraction_5m"": 0.8875000000000004}"
B2,f_f_market_selected_ret_30m|f_f_market_aligned_fraction_5m,2,2,0.7,41,13,7,21,5,0.3939393939393939,0.15217391304347827,0.65,3,0,2,1,8,6,4,False,"{""f_f_market_selected_ret_30m"": 0.20612865023261098, ""f_f_market_aligned_fraction_5m"": 1.0}"
B2,f_f_market_selected_ret_30m|f_f_market_aligned_fraction_5m,2,2,0.75,34,9,7,18,5,0.2727272727272727,0.15217391304347827,0.5625,2,0,2,1,5,6,3,False,"{""f_f_market_selected_ret_30m"": 0.1590785592414129, ""f_f_market_aligned_fraction_5m"": 1.0}"
B2,f_f_market_selected_ret_30m|f_f_market_aligned_fraction_5m,2,2,0.8,30,8,7,15,5,0.24242424242424243,0.15217391304347827,0.5333333333333333,2,0,1,1,5,6,3,False,"{""f_f_market_selected_ret_30m"": 0.13117480044327, ""f_f_market_aligned_fraction_5m"": 1.0}"
B2,f_f_market_selected_ret_30m|f_f_market_aligned_fraction_5m,2,2,0.85,29,8,6,15,4,0.24242424242424243,0.13043478260869565,0.5714285714285714,2,0,1,0,5,6,3,False,"{""f_f_market_selected_ret_30m"": 0.1272039568864461, ""f_f_market_aligned_fraction_5m"": 1.0}"
B2,f_f_market_selected_ret_30m|f_f_market_aligned_fraction_5m,2,2,0.9,29,8,6,15,4,0.24242424242424243,0.13043478260869565,0.5714285714285714,2,0,1,0,5,6,3,False,"{""f_f_market_selected_ret_30m"": 0.11864422057320188, ""f_f_market_aligned_fraction_5m"": 1.0}"
B2,f_f_market_selected_ret_30m|f_new_family_balance,2,2,0.55,44,14,12,18,8,0.42424242424242425,0.2608695652173913,0.5384615384615384,3,2,2,0,9,10,5,False,"{""f_f_market_selected_ret_30m"": 0.3157608147100679, ""f_new_family_balance"": 2.95}"
B2,f_f_market_selected_ret_30m|f_new_family_balance,2,2,0.6,41,13,11,17,7,0.3939393939393939,0.2391304347826087,0.5416666666666666,2,2,2,0,9,9,5,False,"{""f_f_market_selected_ret_30m"": 0.27953051404961293, ""f_new_family_balance"": 3.0}"
B2,f_f_market_selected_ret_30m|f_new_family_balance,2,2,0.65,40,13,10,17,7,0.3939393939393939,0.21739130434782608,0.5652173913043478,2,2,2,0,9,8,5,False,"{""f_f_market_selected_ret_30m"": 0.24800416168246048, ""f_new_family_balance"": 3.0}"
B2,f_f_market_selected_ret_30m|f_new_family_balance,2,2,0.7,38,13,9,16,7,0.3939393939393939,0.1956521739130435,0.5909090909090909,2,1,2,0,9,8,5,False,"{""f_f_market_selected_ret_30m"": 0.20612865023261098, ""f_new_family_balance"": 3.0}"
B2,f_f_market_selected_ret_30m|f_new_family_balance,2,2,0.75,30,10,8,12,6,0.30303030303030304,0.17391304347826086,0.5555555555555556,1,1,2,0,7,7,5,False,"{""f_f_market_selected_ret_30m"": 0.1590785592414129, ""f_new_family_balance"": 3.0}"
B2,f_micro_price_flow_divergence|f_f_market_aligned_fraction_5m,2,2,0.55,52,16,16,20,14,0.48484848484848486,0.34782608695652173,0.5,4,2,2,2,10,12,4,False,"{""f_micro_price_flow_divergence"": 0.0119500913633334, ""f_f_market_aligned_fraction_5m"": 0.25}"
B2,f_micro_price_flow_divergence|f_f_market_aligned_fraction_5m,2,2,0.6,38,11,11,16,10,0.3333333333333333,0.2391304347826087,0.5,4,1,1,1,6,9,3,False,"{""f_micro_price_flow_divergence"": 0.012675127220891261, ""f_f_market_aligned_fraction_5m"": 0.5499999999999996}"
B2,f_micro_price_flow_divergence|f_f_market_aligned_fraction_5m,2,2,0.65,34,11,11,12,10,0.3333333333333333,0.2391304347826087,0.5,4,1,1,1,6,9,3,False,"{""f_micro_price_flow_divergence"": 0.012783221361499118, ""f_f_market_aligned_fraction_5m"": 0.8875000000000004}"
B2,f_micro_price_flow_divergence|f_f_market_aligned_fraction_5m,2,2,0.7,34,11,11,12,10,0.3333333333333333,0.2391304347826087,0.5,4,1,1,1,6,9,3,False,"{""f_micro_price_flow_divergence"": 0.013646104500558977, ""f_f_market_aligned_fraction_5m"": 1.0}"
B2,f_micro_price_flow_divergence|f_f_market_aligned_fraction_5m,2,2,0.75,32,11,10,11,9,0.3333333333333333,0.21739130434782608,0.5238095238095238,4,1,1,1,6,8,3,False,"{""f_micro_price_flow_divergence"": 0.01488638213884484, ""f_f_market_aligned_fraction_5m"": 1.0}"
B2,f_micro_price_flow_divergence|f_f_market_aligned_fraction_5m,2,2,0.8,27,10,8,9,7,0.30303030303030304,0.17391304347826086,0.5555555555555556,4,0,1,1,5,7,4,False,"{""f_micro_price_flow_divergence"": 0.019082996203197426, ""f_f_market_aligned_fraction_5m"": 1.0}"
B2,f_micro_price_flow_divergence|f_f_market_aligned_fraction_5m,2,2,0.85,24,8,8,8,7,0.24242424242424243,0.17391304347826086,0.5,3,0,1,1,4,7,3,False,"{""f_micro_price_flow_divergence"": 0.026975030800133398, ""f_f_market_aligned_fraction_5m"": 1.0}"
B2,f_micro_price_flow_divergence|f_f_market_aligned_fraction_5m,2,2,0.9,11,3,5,3,4,0.09090909090909091,0.10869565217391304,0.375,2,0,1,0,0,5,2,False,"{""f_micro_price_flow_divergence"": 0.046956635495231006, ""f_f_market_aligned_fraction_5m"": 1.0}"
B2,f_micro_price_flow_divergence|f_new_family_balance,2,2,0.55,16,7,3,6,2,0.21212121212121213,0.06521739130434782,0.7,3,1,1,0,3,2,4,True,"{""f_micro_price_flow_divergence"": 0.0119500913633334, ""f_new_family_balance"": 2.95}"
B2,f_micro_price_flow_divergence|f_new_family_balance,2,2,0.6,16,7,3,6,2,0.21212121212121213,0.06521739130434782,0.7,3,1,1,0,3,2,4,True,"{""f_micro_price_flow_divergence"": 0.012675127220891261, ""f_new_family_balance"": 3.0}"
B2,f_micro_price_flow_divergence|f_new_family_balance,2,2,0.65,16,7,3,6,2,0.21212121212121213,0.06521739130434782,0.7,3,1,1,0,3,2,4,True,"{""f_micro_price_flow_divergence"": 0.012783221361499118, ""f_new_family_balance"": 3.0}"
B2,f_micro_price_flow_divergence|f_new_family_balance,2,2,0.7,15,7,2,6,2,0.21212121212121213,0.043478260869565216,0.7777777777777778,3,0,1,0,3,2,4,True,"{""f_micro_price_flow_divergence"": 0.013646104500558977, ""f_new_family_balance"": 3.0}"
B2,f_micro_price_flow_divergence|f_new_family_balance,2,2,0.75,15,7,2,6,2,0.21212121212121213,0.043478260869565216,0.7777777777777778,3,0,1,0,3,2,4,True,"{""f_micro_price_flow_divergence"": 0.01488638213884484, ""f_new_family_balance"": 3.0}"
B2,f_f_market_aligned_fraction_5m|f_new_family_balance,2,2,0.55,45,12,12,21,9,0.36363636363636365,0.2608695652173913,0.5,3,3,2,0,7,9,5,False,"{""f_f_market_aligned_fraction_5m"": 0.25, ""f_new_family_balance"": 2.95}"
B2,f_f_market_aligned_fraction_5m|f_new_family_balance,2,2,0.6,36,8,9,19,7,0.24242424242424243,0.1956521739130435,0.47058823529411764,3,2,1,0,4,7,4,False,"{""f_f_market_aligned_fraction_5m"": 0.5499999999999996, ""f_new_family_balance"": 3.0}"
B2,f_f_market_aligned_fraction_5m|f_new_family_balance,2,2,0.65,28,8,5,15,5,0.24242424242424243,0.10869565217391304,0.6153846153846154,3,2,1,0,4,3,4,False,"{""f_f_market_aligned_fraction_5m"": 0.8875000000000004, ""f_new_family_balance"": 3.0}"
B2,f_f_market_aligned_fraction_5m|f_new_family_balance,2,2,0.7,28,8,5,15,5,0.24242424242424243,0.10869565217391304,0.6153846153846154,3,2,1,0,4,3,4,False,"{""f_f_market_aligned_fraction_5m"": 1.0, ""f_new_family_balance"": 3.0}"
B2,f_f_market_aligned_fraction_5m|f_new_family_balance,2,2,0.75,28,8,5,15,5,0.24242424242424243,0.10869565217391304,0.6153846153846154,3,2,1,0,4,3,4,False,"{""f_f_market_aligned_fraction_5m"": 1.0, ""f_new_family_balance"": 3.0}"
B2,f_gate_positioning_oi_change_pct|f_micro_selected_taker_share_prev3m|f_f_market_dispersion_15m,3,2,0.55,69,19,20,30,14,0.5757575757575758,0.43478260869565216,0.48717948717948717,2,5,3,3,14,12,3,False,"{""f_gate_positioning_oi_change_pct"": 0.12700735231065743, ""f_micro_selected_taker_share_prev3m"": 0.6419992213727249, ""f_f_market_dispersion_15m"": 0.09289213148896941}"
B2,f_gate_positioning_oi_change_pct|f_micro_selected_taker_share_prev3m|f_f_market_dispersion_15m,3,3,0.55,8,5,3,0,0,0.15151515151515152,0.06521739130434782,0.625,1,1,1,0,3,2,3,False,"{""f_gate_positioning_oi_change_pct"": 0.12700735231065743, ""f_micro_selected_taker_share_prev3m"": 0.6419992213727249, ""f_f_market_dispersion_15m"": 0.09289213148896941}"
B2,f_gate_positioning_oi_change_pct|f_micro_selected_taker_share_prev3m|f_f_market_dispersion_15m,3,2,0.6,51,15,15,21,11,0.45454545454545453,0.32608695652173914,0.5,2,3,2,3,11,9,4,False,"{""f_gate_positioning_oi_change_pct"": 0.1621629269770119, ""f_micro_selected_taker_share_prev3m"": 0.6817079920724427, ""f_f_market_dispersion_15m"": 0.090819954887291}"
B2,f_gate_positioning_oi_change_pct|f_micro_selected_taker_share_prev3m|f_f_market_dispersion_15m,3,3,0.6,5,4,1,0,0,0.12121212121212122,0.021739130434782608,0.8,1,0,1,0,2,1,4,True,"{""f_gate_positioning_oi_change_pct"": 0.1621629269770119, ""f_micro_selected_taker_share_prev3m"": 0.6817079920724427, ""f_f_market_dispersion_15m"": 0.090819954887291}"
B2,f_gate_positioning_oi_change_pct|f_micro_selected_taker_share_prev3m|f_f_market_dispersion_15m,3,2,0.65,37,13,8,16,5,0.3939393939393939,0.17391304347826086,0.6190476190476191,2,3,2,1,9,4,5,False,"{""f_gate_positioning_oi_change_pct"": 0.19670468238149225, ""f_micro_selected_taker_share_prev3m"": 0.7238235853967332, ""f_f_market_dispersion_15m"": 0.08984644379961478}"
B2,f_gate_positioning_oi_change_pct|f_micro_selected_taker_share_prev3m|f_f_market_dispersion_15m,3,2,0.7,27,12,4,11,3,0.36363636363636365,0.08695652173913043,0.75,2,1,2,0,8,3,5,True,"{""f_gate_positioning_oi_change_pct"": 0.21236756747563978, ""f_micro_selected_taker_share_prev3m"": 0.7522288015749875, ""f_f_market_dispersion_15m"": 0.08730329330185219}"
B2,f_gate_positioning_oi_change_pct|f_micro_selected_taker_share_prev3m|f_f_market_dispersion_15m,3,2,0.75,22,10,4,8,3,0.30303030303030304,0.08695652173913043,0.7142857142857143,1,1,2,0,7,3,5,True,"{""f_gate_positioning_oi_change_pct"": 0.21859101741462106, ""f_micro_selected_taker_share_prev3m"": 0.7737788291802238, ""f_f_market_dispersion_15m"": 0.08397532309904639}"
B2,f_gate_positioning_oi_change_pct|f_micro_selected_taker_share_prev3m|f_f_market_dispersion_15m,3,2,0.8,13,7,3,3,2,0.21212121212121213,0.06521739130434782,0.7,0,0,2,0,5,3,4,True,"{""f_gate_positioning_oi_change_pct"": 0.26494511524836734, ""f_micro_selected_taker_share_prev3m"": 0.7920567396352612, ""f_f_market_dispersion_15m"": 0.081451648230247}"
B2,f_gate_positioning_oi_change_pct|f_micro_selected_taker_share_prev3m|f_f_market_dispersion_15m,3,2,0.85,8,6,1,1,1,0.18181818181818182,0.021739130434782608,0.8571428571428571,0,0,1,0,5,1,4,True,"{""f_gate_positioning_oi_change_pct"": 0.3614625229505696, ""f_micro_selected_taker_share_prev3m"": 0.8062445036525503, ""f_f_market_dispersion_15m"": 0.07993334252895565}"
B2,f_gate_positioning_oi_change_pct|f_micro_selected_taker_share_prev3m|f_f_market_dispersion_15m,3,2,0.9,3,3,0,0,0,0.09090909090909091,0.0,1.0,0,0,1,0,2,0,3,False,"{""f_gate_positioning_oi_change_pct"": 0.5043494634907606, ""f_micro_selected_taker_share_prev3m"": 0.8225219437602855, ""f_f_market_dispersion_15m"": 0.07698814464435187}"
B2,f_gate_positioning_oi_change_pct|f_micro_selected_taker_share_prev3m|f_context_breakdown_down_pct,3,2,0.55,40,11,10,19,7,0.3333333333333333,0.21739130434782608,0.5238095238095238,2,5,1,0,8,5,3,False,"{""f_gate_positioning_oi_change_pct"": 0.12700735231065743, ""f_micro_selected_taker_share_prev3m"": 0.6419992213727249, ""f_context_breakdown_down_pct"": 0.14433969999999996}"
B2,f_gate_positioning_oi_change_pct|f_micro_selected_taker_share_prev3m|f_context_breakdown_down_pct,3,3,0.55,6,4,0,2,0,0.12121212121212122,0.0,1.0,1,0,0,0,3,0,3,False,"{""f_gate_positioning_oi_change_pct"": 0.12700735231065743, ""f_micro_selected_taker_share_prev3m"": 0.6419992213727249, ""f_context_breakdown_down_pct"": 0.14433969999999996}"
B2,f_gate_positioning_oi_change_pct|f_micro_selected_taker_share_prev3m|f_context_breakdown_down_pct,3,2,0.6,26,10,5,11,4,0.30303030303030304,0.10869565217391304,0.6666666666666666,2,3,1,0,7,2,4,False,"{""f_gate_positioning_oi_change_pct"": 0.1621629269770119, ""f_micro_selected_taker_share_prev3m"": 0.6817079920724427, ""f_context_breakdown_down_pct"": 0.10880200000000001}"
B2,f_gate_positioning_oi_change_pct|f_micro_selected_taker_share_prev3m|f_context_breakdown_down_pct,3,3,0.6,4,3,0,1,0,0.09090909090909091,0.0,1.0,1,0,0,0,2,0,3,False,"{""f_gate_positioning_oi_change_pct"": 0.1621629269770119, ""f_micro_selected_taker_share_prev3m"": 0.6817079920724427, ""f_context_breakdown_down_pct"": 0.10880200000000001}"
B2,f_gate_positioning_oi_change_pct|f_micro_selected_taker_share_prev3m|f_context_breakdown_down_pct,3,2,0.65,22,9,4,9,3,0.2727272727272727,0.08695652173913043,0.6923076923076923,2,3,1,0,6,1,4,False,"{""f_gate_positioning_oi_change_pct"": 0.19670468238149225, ""f_micro_selected_taker_share_prev3m"": 0.7238235853967332, ""f_context_breakdown_down_pct"": 0.07557175}"
B2,f_gate_positioning_oi_change_pct|f_micro_selected_taker_share_prev3m|f_context_breakdown_down_pct,3,2,0.7,17,8,3,6,2,0.24242424242424243,0.06521739130434782,0.7272727272727273,2,2,1,0,5,1,4,True,"{""f_gate_positioning_oi_change_pct"": 0.21236756747563978, ""f_micro_selected_taker_share_prev3m"": 0.7522288015749875, ""f_context_breakdown_down_pct"": 0.045146500000000006}"
B2,f_gate_positioning_oi_change_pct|f_micro_selected_taker_share_prev3m|f_context_breakdown_down_pct,3,2,0.75,15,7,3,5,2,0.21212121212121213,0.06521739130434782,0.7,1,2,1,0,5,1,4,True,"{""f_gate_positioning_oi_change_pct"": 0.21859101741462106, ""f_micro_selected_taker_share_prev3m"": 0.7737788291802238, ""f_context_breakdown_down_pct"": 0.01612375}"
B2,f_gate_positioning_oi_change_pct|f_micro_selected_taker_share_prev3m|f_context_breakdown_down_pct,3,2,0.8,10,7,2,1,2,0.21212121212121213,0.043478260869565216,0.7777777777777778,1,2,1,0,5,0,4,True,"{""f_gate_positioning_oi_change_pct"": 0.26494511524836734, ""f_micro_selected_taker_share_prev3m"": 0.7920567396352612, ""f_context_breakdown_down_pct"": 0.0}"
B2,f_gate_positioning_oi_change_pct|f_micro_selected_taker_share_prev3m|f_context_breakdown_down_pct,3,2,0.85,8,6,2,0,2,0.18181818181818182,0.043478260869565216,0.75,1,2,0,0,5,0,3,False,"{""f_gate_positioning_oi_change_pct"": 0.3614625229505696, ""f_micro_selected_taker_share_prev3m"": 0.8062445036525503, ""f_context_breakdown_down_pct"": 0.0}"
B2,f_gate_positioning_oi_change_pct|f_micro_selected_taker_share_prev3m|f_context_breakdown_down_pct,3,2,0.9,5,5,0,0,0,0.15151515151515152,0.0,1.0,1,0,0,0,4,0,2,False,"{""f_gate_positioning_oi_change_pct"": 0.5043494634907606, ""f_micro_selected_taker_share_prev3m"": 0.8225219437602855, ""f_context_breakdown_down_pct"": 0.0}"
B2,f_gate_positioning_oi_change_pct|f_micro_selected_taker_share_prev3m|f_f_market_selected_ret_30m,3,2,0.55,73,22,21,30,15,0.6666666666666666,0.45652173913043476,0.5116279069767442,4,5,3,3,15,13,4,False,"{""f_gate_positioning_oi_change_pct"": 0.12700735231065743, ""f_micro_selected_taker_share_prev3m"": 0.6419992213727249, ""f_f_market_selected_ret_30m"": 0.3157608147100679}"
B2,f_gate_positioning_oi_change_pct|f_micro_selected_taker_share_prev3m|f_f_market_selected_ret_30m,3,3,0.55,10,5,3,2,0,0.15151515151515152,0.06521739130434782,0.625,1,1,1,0,3,2,3,False,"{""f_gate_positioning_oi_change_pct"": 0.12700735231065743, ""f_micro_selected_taker_share_prev3m"": 0.6419992213727249, ""f_f_market_selected_ret_30m"": 0.3157608147100679}"
B2,f_gate_positioning_oi_change_pct|f_micro_selected_taker_share_prev3m|f_f_market_selected_ret_30m,3,2,0.6,56,18,17,21,12,0.5454545454545454,0.3695652173913043,0.5142857142857142,3,4,2,3,13,10,4,False,"{""f_gate_positioning_oi_change_pct"": 0.1621629269770119, ""f_micro_selected_taker_share_prev3m"": 0.6817079920724427, ""f_f_market_selected_ret_30m"": 0.27953051404961293}"
B2,f_gate_positioning_oi_change_pct|f_micro_selected_taker_share_prev3m|f_f_market_selected_ret_30m,3,3,0.6,7,4,1,2,0,0.12121212121212122,0.021739130434782608,0.8,1,0,1,0,2,1,4,True,"{""f_gate_positioning_oi_change_pct"": 0.1621629269770119, ""f_micro_selected_taker_share_prev3m"": 0.6817079920724427, ""f_f_market_selected_ret_30m"": 0.27953051404961293}"
B2,f_gate_positioning_oi_change_pct|f_micro_selected_taker_share_prev3m|f_f_market_selected_ret_30m,3,2,0.65,42,16,8,18,4,0.48484848484848486,0.17391304347826086,0.6666666666666666,3,4,2,1,11,3,5,False,"{""f_gate_positioning_oi_change_pct"": 0.19670468238149225, ""f_micro_selected_taker_share_prev3m"": 0.7238235853967332, ""f_f_market_selected_ret_30m"": 0.24800416168246048}"
B2,f_gate_positioning_oi_change_pct|f_micro_selected_taker_share_prev3m|f_f_market_selected_ret_30m,3,2,0.7,31,14,5,12,3,0.42424242424242425,0.10869565217391304,0.7368421052631579,3,3,2,0,9,2,5,True,"{""f_gate_positioning_oi_change_pct"": 0.21236756747563978, ""f_micro_selected_taker_share_prev3m"": 0.7522288015749875, ""f_f_market_selected_ret_30m"": 0.20612865023261098}"
B2,f_gate_positioning_oi_change_pct|f_micro_selected_taker_share_prev3m|f_f_market_selected_ret_30m,3,2,0.75,23,11,5,7,3,0.3333333333333333,0.10869565217391304,0.6875,1,3,2,0,8,2,4,False,"{""f_gate_positioning_oi_change_pct"": 0.21859101741462106, ""f_micro_selected_taker_share_prev3m"": 0.7737788291802238, ""f_f_market_selected_ret_30m"": 0.1590785592414129}"
B2,f_gate_positioning_oi_change_pct|f_micro_selected_taker_share_prev3m|f_f_market_selected_ret_30m,3,2,0.8,13,8,2,3,2,0.24242424242424243,0.043478260869565216,0.8,1,1,2,0,5,1,5,True,"{""f_gate_positioning_oi_change_pct"": 0.26494511524836734, ""f_micro_selected_taker_share_prev3m"": 0.7920567396352612, ""f_f_market_selected_ret_30m"": 0.13117480044327}"
B2,f_gate_positioning_oi_change_pct|f_micro_selected_taker_share_prev3m|f_f_market_selected_ret_30m,3,2,0.85,9,7,1,1,1,0.21212121212121213,0.021739130434782608,0.875,1,1,1,0,5,0,5,True,"{""f_gate_positioning_oi_change_pct"": 0.3614625229505696, ""f_micro_selected_taker_share_prev3m"": 0.8062445036525503, ""f_f_market_selected_ret_30m"": 0.1272039568864461}"
B2,f_gate_positioning_oi_change_pct|f_micro_selected_taker_share_prev3m|f_f_market_selected_ret_30m,3,2,0.9,6,5,0,1,0,0.15151515151515152,0.0,1.0,1,0,1,0,3,0,4,True,"{""f_gate_positioning_oi_change_pct"": 0.5043494634907606, ""f_micro_selected_taker_share_prev3m"": 0.8225219437602855, ""f_f_market_selected_ret_30m"": 0.11864422057320188}"
B2,f_gate_positioning_oi_change_pct|f_micro_selected_taker_share_prev3m|f_micro_price_flow_divergence,3,2,0.55,62,18,20,24,15,0.5454545454545454,0.43478260869565216,0.47368421052631576,4,5,2,2,12,13,4,False,"{""f_gate_positioning_oi_change_pct"": 0.12700735231065743, ""f_micro_selected_taker_share_prev3m"": 0.6419992213727249, ""f_micro_price_flow_divergence"": 0.0119500913633334}"
B2,f_gate_positioning_oi_change_pct|f_micro_selected_taker_share_prev3m|f_micro_price_flow_divergence,3,3,0.55,7,5,1,1,0,0.15151515151515152,0.021739130434782608,0.8333333333333334,1,1,1,0,3,0,4,True,"{""f_gate_positioning_oi_change_pct"": 0.12700735231065743, ""f_micro_selected_taker_share_prev3m"": 0.6419992213727249, ""f_micro_price_flow_divergence"": 0.0119500913633334}"
B2,f_gate_positioning_oi_change_pct|f_micro_selected_taker_share_prev3m|f_micro_price_flow_divergence,3,2,0.6,50,16,16,18,13,0.48484848484848486,0.34782608695652173,0.5,4,4,2,2,10,10,5,False,"{""f_gate_positioning_oi_change_pct"": 0.1621629269770119, ""f_micro_selected_taker_share_prev3m"": 0.6817079920724427, ""f_micro_price_flow_divergence"": 0.012675127220891261}"
B2,f_gate_positioning_oi_change_pct|f_micro_selected_taker_share_prev3m|f_micro_price_flow_divergence,3,3,0.6,5,4,0,1,0,0.12121212121212122,0.0,1.0,1,0,1,0,2,0,4,True,"{""f_gate_positioning_oi_change_pct"": 0.1621629269770119, ""f_micro_selected_taker_share_prev3m"": 0.6817079920724427, ""f_micro_price_flow_divergence"": 0.012675127220891261}"
B2,f_gate_positioning_oi_change_pct|f_micro_selected_taker_share_prev3m|f_micro_price_flow_divergence,3,2,0.65,42,16,10,16,8,0.48484848484848486,0.21739130434782608,0.6153846153846154,4,4,2,1,10,5,5,False,"{""f_gate_positioning_oi_change_pct"": 0.19670468238149225, ""f_micro_selected_taker_share_prev3m"": 0.7238235853967332, ""f_micro_price_flow_divergence"": 0.012783221361499118}"
B2,f_gate_positioning_oi_change_pct|f_micro_selected_taker_share_prev3m|f_micro_price_flow_divergence,3,2,0.7,29,13,5,11,4,0.3939393939393939,0.10869565217391304,0.7222222222222222,4,2,2,0,7,3,5,True,"{""f_gate_positioning_oi_change_pct"": 0.21236756747563978, ""f_micro_selected_taker_share_prev3m"": 0.7522288015749875, ""f_micro_price_flow_divergence"": 0.013646104500558977}"
B2,f_gate_positioning_oi_change_pct|f_micro_selected_taker_share_prev3m|f_micro_price_flow_divergence,3,2,0.75,23,11,5,7,4,0.3333333333333333,0.10869565217391304,0.6875,2,2,2,0,7,3,5,False,"{""f_gate_positioning_oi_change_pct"": 0.21859101741462106, ""f_micro_selected_taker_share_prev3m"": 0.7737788291802238, ""f_micro_price_flow_divergence"": 0.01488638213884484}"
B2,f_gate_positioning_oi_change_pct|f_micro_selected_taker_share_prev3m|f_micro_price_flow_divergence,3,2,0.8,14,8,3,3,3,0.24242424242424243,0.06521739130434782,0.7272727272727273,2,1,2,0,4,2,4,True,"{""f_gate_positioning_oi_change_pct"": 0.26494511524836734, ""f_micro_selected_taker_share_prev3m"": 0.7920567396352612, ""f_micro_price_flow_divergence"": 0.019082996203197426}"
B2,f_gate_positioning_oi_change_pct|f_micro_selected_taker_share_prev3m|f_micro_price_flow_divergence,3,2,0.85,12,7,3,2,3,0.21212121212121213,0.06521739130434782,0.7,2,1,1,0,4,2,4,True,"{""f_gate_positioning_oi_change_pct"": 0.3614625229505696, ""f_micro_selected_taker_share_prev3m"": 0.8062445036525503, ""f_micro_price_flow_divergence"": 0.026975030800133398}"
B2,f_gate_positioning_oi_change_pct|f_micro_selected_taker_share_prev3m|f_micro_price_flow_divergence,3,2,0.9,6,4,1,1,1,0.12121212121212122,0.021739130434782608,0.8,1,0,1,0,2,1,4,True,"{""f_gate_positioning_oi_change_pct"": 0.5043494634907606, ""f_micro_selected_taker_share_prev3m"": 0.8225219437602855, ""f_micro_price_flow_divergence"": 0.046956635495231006}"
B2,f_gate_positioning_oi_change_pct|f_micro_selected_taker_share_prev3m|f_f_market_aligned_fraction_5m,3,2,0.55,82,22,25,35,20,0.6666666666666666,0.5434782608695652,0.46808510638297873,4,6,3,2,15,17,4,False,"{""f_gate_positioning_oi_change_pct"": 0.12700735231065743, ""f_micro_selected_taker_share_prev3m"": 0.6419992213727249, ""f_f_market_aligned_fraction_5m"": 0.25}"
B2,f_gate_positioning_oi_change_pct|f_micro_selected_taker_share_prev3m|f_f_market_aligned_fraction_5m,3,3,0.55,8,4,2,2,0,0.12121212121212122,0.043478260869565216,0.6666666666666666,1,0,1,0,2,2,3,False,"{""f_gate_positioning_oi_change_pct"": 0.12700735231065743, ""f_micro_selected_taker_share_prev3m"": 0.6419992213727249, ""f_f_market_aligned_fraction_5m"": 0.25}"
B2,f_gate_positioning_oi_change_pct|f_micro_selected_taker_share_prev3m|f_f_market_aligned_fraction_5m,3,2,0.6,46,13,13,20,11,0.3939393939393939,0.2826086956521739,0.5,4,3,1,1,8,9,4,False,"{""f_gate_positioning_oi_change_pct"": 0.1621629269770119, ""f_micro_selected_taker_share_prev3m"": 0.6817079920724427, ""f_f_market_aligned_fraction_5m"": 0.5499999999999996}"
B2,f_gate_positioning_oi_change_pct|f_micro_selected_taker_share_prev3m|f_f_market_aligned_fraction_5m,3,3,0.6,6,4,0,2,0,0.12121212121212122,0.0,1.0,1,0,1,0,2,0,4,True,"{""f_gate_positioning_oi_change_pct"": 0.1621629269770119, ""f_micro_selected_taker_share_prev3m"": 0.6817079920724427, ""f_f_market_aligned_fraction_5m"": 0.5499999999999996}"
B2,f_gate_positioning_oi_change_pct|f_micro_selected_taker_share_prev3m|f_f_market_aligned_fraction_5m,3,2,0.65,34,12,8,14,7,0.36363636363636365,0.17391304347826086,0.6,4,3,1,1,7,4,4,False,"{""f_gate_positioning_oi_change_pct"": 0.19670468238149225, ""f_micro_selected_taker_share_prev3m"": 0.7238235853967332, ""f_f_market_aligned_fraction_5m"": 0.8875000000000004}"
B2,f_gate_positioning_oi_change_pct|f_micro_selected_taker_share_prev3m|f_f_market_aligned_fraction_5m,3,2,0.7,25,9,5,11,4,0.2727272727272727,0.10869565217391304,0.6428571428571429,4,2,1,0,4,3,4,False,"{""f_gate_positioning_oi_change_pct"": 0.21236756747563978, ""f_micro_selected_taker_share_prev3m"": 0.7522288015749875, ""f_f_market_aligned_fraction_5m"": 1.0}"
B2,f_gate_positioning_oi_change_pct|f_micro_selected_taker_share_prev3m|f_f_market_aligned_fraction_5m,3,2,0.75,20,7,5,8,4,0.21212121212121213,0.10869565217391304,0.5833333333333334,2,2,1,0,4,3,4,False,"{""f_gate_positioning_oi_change_pct"": 0.21859101741462106, ""f_micro_selected_taker_share_prev3m"": 0.7737788291802238, ""f_f_market_aligned_fraction_5m"": 1.0}"
B2,f_gate_positioning_oi_change_pct|f_micro_selected_taker_share_prev3m|f_f_market_aligned_fraction_5m,3,2,0.8,15,7,4,4,4,0.21212121212121213,0.08695652173913043,0.6363636363636364,2,2,1,0,4,2,4,False,"{""f_gate_positioning_oi_change_pct"": 0.26494511524836734, ""f_micro_selected_taker_share_prev3m"": 0.7920567396352612, ""f_f_market_aligned_fraction_5m"": 1.0}"
B2,f_gate_positioning_oi_change_pct|f_micro_selected_taker_share_prev3m|f_f_market_aligned_fraction_5m,3,2,0.85,11,6,4,1,4,0.18181818181818182,0.08695652173913043,0.6,2,2,0,0,4,2,3,False,"{""f_gate_positioning_oi_change_pct"": 0.3614625229505696, ""f_micro_selected_taker_share_prev3m"": 0.8062445036525503, ""f_f_market_aligned_fraction_5m"": 1.0}"
B2,f_gate_positioning_oi_change_pct|f_micro_selected_taker_share_prev3m|f_f_market_aligned_fraction_5m,3,2,0.9,8,5,2,1,2,0.15151515151515152,0.043478260869565216,0.7142857142857143,2,1,0,0,3,1,2,False,"{""f_gate_positioning_oi_change_pct"": 0.5043494634907606, ""f_micro_selected_taker_share_prev3m"": 0.8225219437602855, ""f_f_market_aligned_fraction_5m"": 1.0}"
B2,f_gate_positioning_oi_change_pct|f_micro_selected_taker_share_prev3m|f_new_family_balance,3,2,0.55,41,13,12,16,7,0.3939393939393939,0.2608695652173913,0.52,3,6,2,0,8,6,5,False,"{""f_gate_positioning_oi_change_pct"": 0.12700735231065743, ""f_micro_selected_taker_share_prev3m"": 0.6419992213727249, ""f_new_family_balance"": 2.95}"
B2,f_gate_positioning_oi_change_pct|f_micro_selected_taker_share_prev3m|f_new_family_balance,3,3,0.55,6,4,1,1,0,0.12121212121212122,0.021739130434782608,0.8,1,0,1,0,2,1,4,True,"{""f_gate_positioning_oi_change_pct"": 0.12700735231065743, ""f_micro_selected_taker_share_prev3m"": 0.6419992213727249, ""f_new_family_balance"": 2.95}"
B2,f_gate_positioning_oi_change_pct|f_micro_selected_taker_share_prev3m|f_new_family_balance,3,2,0.6,28,12,7,9,4,0.36363636363636365,0.15217391304347827,0.631578947368421,3,4,1,0,8,3,4,False,"{""f_gate_positioning_oi_change_pct"": 0.1621629269770119, ""f_micro_selected_taker_share_prev3m"": 0.6817079920724427, ""f_new_family_balance"": 3.0}"
B2,f_gate_positioning_oi_change_pct|f_micro_selected_taker_share_prev3m|f_new_family_balance,3,3,0.6,5,3,1,1,0,0.09090909090909091,0.021739130434782608,0.75,1,0,1,0,1,1,3,False,"{""f_gate_positioning_oi_change_pct"": 0.1621629269770119, ""f_micro_selected_taker_share_prev3m"": 0.6817079920724427, ""f_new_family_balance"": 3.0}"
B2,f_gate_positioning_oi_change_pct|f_micro_selected_taker_share_prev3m|f_new_family_balance,3,2,0.65,23,10,6,7,3,0.30303030303030304,0.13043478260869565,0.625,3,4,1,0,6,2,4,False,"{""f_gate_positioning_oi_change_pct"": 0.19670468238149225, ""f_micro_selected_taker_share_prev3m"": 0.7238235853967332, ""f_new_family_balance"": 3.0}"
B2,f_gate_positioning_oi_change_pct|f_micro_selected_taker_share_prev3m|f_new_family_balance,3,2,0.7,20,9,4,7,2,0.2727272727272727,0.08695652173913043,0.6923076923076923,3,3,1,0,5,1,4,False,"{""f_gate_positioning_oi_change_pct"": 0.21236756747563978, ""f_micro_selected_taker_share_prev3m"": 0.7522288015749875, ""f_new_family_balance"": 3.0}"
B2,f_gate_positioning_oi_change_pct|f_micro_selected_taker_share_prev3m|f_new_family_balance,3,2,0.75,17,7,4,6,2,0.21212121212121213,0.08695652173913043,0.6363636363636364,1,3,1,0,5,1,3,False,"{""f_gate_positioning_oi_change_pct"": 0.21859101741462106, ""f_micro_selected_taker_share_prev3m"": 0.7737788291802238, ""f_new_family_balance"": 3.0}"
B2,f_gate_positioning_oi_change_pct|f_micro_selected_taker_share_prev3m|f_new_family_balance,3,2,0.8,6,3,1,2,1,0.09090909090909091,0.021739130434782608,0.75,0,1,1,0,2,0,3,False,"{""f_gate_positioning_oi_change_pct"": 0.26494511524836734, ""f_micro_selected_taker_share_prev3m"": 0.7920567396352612, ""f_new_family_balance"": 3.2}"
B2,f_gate_positioning_oi_change_pct|f_f_market_dispersion_15m|f_context_breakdown_down_pct,3,2,0.55,49,13,12,24,7,0.3939393939393939,0.2608695652173913,0.52,1,4,2,0,10,8,4,False,"{""f_gate_positioning_oi_change_pct"": 0.12700735231065743, ""f_f_market_dispersion_15m"": 0.09289213148896941, ""f_context_breakdown_down_pct"": 0.14433969999999996}"
B2,f_gate_positioning_oi_change_pct|f_f_market_dispersion_15m|f_context_breakdown_down_pct,3,3,0.55,12,6,3,3,3,0.18181818181818182,0.06521739130434782,0.6666666666666666,1,2,0,0,5,1,3,False,"{""f_gate_positioning_oi_change_pct"": 0.12700735231065743, ""f_f_market_dispersion_15m"": 0.09289213148896941, ""f_context_breakdown_down_pct"": 0.14433969999999996}"
B2,f_gate_positioning_oi_change_pct|f_f_market_dispersion_15m|f_context_breakdown_down_pct,3,2,0.6,43,12,10,21,6,0.36363636363636365,0.21739130434782608,0.5454545454545454,1,4,1,0,10,6,3,False,"{""f_gate_positioning_oi_change_pct"": 0.1621629269770119, ""f_f_market_dispersion_15m"": 0.090819954887291, ""f_context_breakdown_down_pct"": 0.10880200000000001}"
B2,f_gate_positioning_oi_change_pct|f_f_market_dispersion_15m|f_context_breakdown_down_pct,3,3,0.6,6,4,1,1,1,0.12121212121212122,0.021739130434782608,0.8,1,1,0,0,3,0,3,False,"{""f_gate_positioning_oi_change_pct"": 0.1621629269770119, ""f_f_market_dispersion_15m"": 0.090819954887291, ""f_context_breakdown_down_pct"": 0.10880200000000001}"
B2,f_gate_positioning_oi_change_pct|f_f_market_dispersion_15m|f_context_breakdown_down_pct,3,2,0.65,42,11,10,21,6,0.3333333333333333,0.21739130434782608,0.5238095238095238,1,4,1,0,9,6,3,False,"{""f_gate_positioning_oi_change_pct"": 0.19670468238149225, ""f_f_market_dispersion_15m"": 0.08984644379961478, ""f_context_breakdown_down_pct"": 0.07557175}"
B2,f_gate_positioning_oi_change_pct|f_f_market_dispersion_15m|f_context_breakdown_down_pct,3,3,0.65,6,4,1,1,1,0.12121212121212122,0.021739130434782608,0.8,1,1,0,0,3,0,3,False,"{""f_gate_positioning_oi_change_pct"": 0.19670468238149225, ""f_f_market_dispersion_15m"": 0.08984644379961478, ""f_context_breakdown_down_pct"": 0.07557175}"
B2,f_gate_positioning_oi_change_pct|f_f_market_dispersion_15m|f_context_breakdown_down_pct,3,2,0.7,35,11,7,17,4,0.3333333333333333,0.15217391304347827,0.6111111111111112,1,2,1,0,9,5,4,False,"{""f_gate_positioning_oi_change_pct"": 0.21236756747563978, ""f_f_market_dispersion_15m"": 0.08730329330185219, ""f_context_breakdown_down_pct"": 0.045146500000000006}"
B2,f_gate_positioning_oi_change_pct|f_f_market_dispersion_15m|f_context_breakdown_down_pct,3,3,0.7,5,3,1,1,1,0.09090909090909091,0.021739130434782608,0.75,1,1,0,0,2,0,3,False,"{""f_gate_positioning_oi_change_pct"": 0.21236756747563978, ""f_f_market_dispersion_15m"": 0.08730329330185219, ""f_context_breakdown_down_pct"": 0.045146500000000006}"
B2,f_gate_positioning_oi_change_pct|f_f_market_dispersion_15m|f_context_breakdown_down_pct,3,2,0.75,30,10,7,13,4,0.30303030303030304,0.15217391304347827,0.5882352941176471,1,2,1,0,8,5,4,False,"{""f_gate_positioning_oi_change_pct"": 0.21859101741462106, ""f_f_market_dispersion_15m"": 0.08397532309904639, ""f_context_breakdown_down_pct"": 0.01612375}"
B2,f_gate_positioning_oi_change_pct|f_f_market_dispersion_15m|f_context_breakdown_down_pct,3,2,0.8,28,10,6,12,4,0.30303030303030304,0.13043478260869565,0.625,1,2,1,0,8,4,4,False,"{""f_gate_positioning_oi_change_pct"": 0.26494511524836734, ""f_f_market_dispersion_15m"": 0.081451648230247, ""f_context_breakdown_down_pct"": 0.0}"
B2,f_gate_positioning_oi_change_pct|f_f_market_dispersion_15m|f_context_breakdown_down_pct,3,2,0.85,26,9,6,11,4,0.2727272727272727,0.13043478260869565,0.6,1,2,0,0,8,4,3,False,"{""f_gate_positioning_oi_change_pct"": 0.3614625229505696, ""f_f_market_dispersion_15m"": 0.07993334252895565, ""f_context_breakdown_down_pct"": 0.0}"
B2,f_gate_positioning_oi_change_pct|f_f_market_dispersion_15m|f_context_breakdown_down_pct,3,2,0.9,22,8,4,10,2,0.24242424242424243,0.08695652173913043,0.6666666666666666,1,0,0,0,7,4,3,False,"{""f_gate_positioning_oi_change_pct"": 0.5043494634907606, ""f_f_market_dispersion_15m"": 0.07698814464435187, ""f_context_breakdown_down_pct"": 0.0}"
B2,f_gate_positioning_oi_change_pct|f_f_market_dispersion_15m|f_f_market_selected_ret_30m,3,2,0.55,100,25,28,47,20,0.7575757575757576,0.6086956521739131,0.4716981132075472,2,5,4,4,19,19,2,False,"{""f_gate_positioning_oi_change_pct"": 0.12700735231065743, ""f_f_market_dispersion_15m"": 0.09289213148896941, ""f_f_market_selected_ret_30m"": 0.3157608147100679}"
B2,f_gate_positioning_oi_change_pct|f_f_market_dispersion_15m|f_f_market_selected_ret_30m,3,3,0.55,18,8,5,5,2,0.24242424242424243,0.10869565217391304,0.6153846153846154,1,2,2,0,5,3,5,False,"{""f_gate_positioning_oi_change_pct"": 0.12700735231065743, ""f_f_market_dispersion_15m"": 0.09289213148896941, ""f_f_market_selected_ret_30m"": 0.3157608147100679}"
B2,f_gate_positioning_oi_change_pct|f_f_market_dispersion_15m|f_f_market_selected_ret_30m,3,2,0.6,95,25,24,46,17,0.7575757575757576,0.5217391304347826,0.5102040816326531,2,2,4,4,19,18,3,False,"{""f_gate_positioning_oi_change_pct"": 0.1621629269770119, ""f_f_market_dispersion_15m"": 0.090819954887291, ""f_f_market_selected_ret_30m"": 0.27953051404961293}"
B2,f_gate_positioning_oi_change_pct|f_f_market_dispersion_15m|f_f_market_selected_ret_30m,3,3,0.6,10,5,3,2,1,0.15151515151515152,0.06521739130434782,0.625,1,2,1,0,3,1,4,False,"{""f_gate_positioning_oi_change_pct"": 0.1621629269770119, ""f_f_market_dispersion_15m"": 0.090819954887291, ""f_f_market_selected_ret_30m"": 0.27953051404961293}"
B2,f_gate_positioning_oi_change_pct|f_f_market_dispersion_15m|f_f_market_selected_ret_30m,3,2,0.65,94,25,24,45,17,0.7575757575757576,0.5217391304347826,0.5102040816326531,2,2,4,4,19,18,3,False,"{""f_gate_positioning_oi_change_pct"": 0.19670468238149225, ""f_f_market_dispersion_15m"": 0.08984644379961478, ""f_f_market_selected_ret_30m"": 0.24800416168246048}"
B2,f_gate_positioning_oi_change_pct|f_f_market_dispersion_15m|f_f_market_selected_ret_30m,3,3,0.65,9,5,2,2,1,0.15151515151515152,0.043478260869565216,0.7142857142857143,1,2,1,0,3,0,4,True,"{""f_gate_positioning_oi_change_pct"": 0.19670468238149225, ""f_f_market_dispersion_15m"": 0.08984644379961478, ""f_f_market_selected_ret_30m"": 0.24800416168246048}"
B2,f_gate_positioning_oi_change_pct|f_f_market_dispersion_15m|f_f_market_selected_ret_30m,3,2,0.7,88,25,21,42,15,0.7575757575757576,0.45652173913043476,0.5434782608695652,2,2,4,3,19,16,5,False,"{""f_gate_positioning_oi_change_pct"": 0.21236756747563978, ""f_f_market_dispersion_15m"": 0.08730329330185219, ""f_f_market_selected_ret_30m"": 0.20612865023261098}"
B2,f_gate_positioning_oi_change_pct|f_f_market_dispersion_15m|f_f_market_selected_ret_30m,3,3,0.7,6,4,1,1,1,0.12121212121212122,0.021739130434782608,0.8,1,1,1,0,2,0,4,True,"{""f_gate_positioning_oi_change_pct"": 0.21236756747563978, ""f_f_market_dispersion_15m"": 0.08730329330185219, ""f_f_market_selected_ret_30m"": 0.20612865023261098}"
B2,f_gate_positioning_oi_change_pct|f_f_market_dispersion_15m|f_f_market_selected_ret_30m,3,2,0.75,82,21,21,40,15,0.6363636363636364,0.45652173913043476,0.5,2,2,4,3,15,16,4,False,"{""f_gate_positioning_oi_change_pct"": 0.21859101741462106, ""f_f_market_dispersion_15m"": 0.08397532309904639, ""f_f_market_selected_ret_30m"": 0.1590785592414129}"
B2,f_gate_positioning_oi_change_pct|f_f_market_dispersion_15m|f_f_market_selected_ret_30m,3,3,0.75,5,3,1,1,1,0.09090909090909091,0.021739130434782608,0.75,0,1,1,0,2,0,3,False,"{""f_gate_positioning_oi_change_pct"": 0.21859101741462106, ""f_f_market_dispersion_15m"": 0.08397532309904639, ""f_f_market_selected_ret_30m"": 0.1590785592414129}"
B2,f_gate_positioning_oi_change_pct|f_f_market_dispersion_15m|f_f_market_selected_ret_30m,3,2,0.8,72,18,17,37,14,0.5454545454545454,0.3695652173913043,0.5142857142857142,1,0,4,3,13,14,5,False,"{""f_gate_positioning_oi_change_pct"": 0.26494511524836734, ""f_f_market_dispersion_15m"": 0.081451648230247, ""f_f_market_selected_ret_30m"": 0.13117480044327}"
B2,f_gate_positioning_oi_change_pct|f_f_market_dispersion_15m|f_f_market_selected_ret_30m,3,2,0.85,69,17,16,36,13,0.5151515151515151,0.34782608695652173,0.5151515151515151,1,0,3,2,13,14,5,False,"{""f_gate_positioning_oi_change_pct"": 0.3614625229505696, ""f_f_market_dispersion_15m"": 0.07993334252895565, ""f_f_market_selected_ret_30m"": 0.1272039568864461}"
B2,f_gate_positioning_oi_change_pct|f_f_market_dispersion_15m|f_f_market_selected_ret_30m,3,2,0.9,65,17,16,32,13,0.5151515151515151,0.34782608695652173,0.5151515151515151,1,0,3,2,13,14,5,False,"{""f_gate_positioning_oi_change_pct"": 0.5043494634907606, ""f_f_market_dispersion_15m"": 0.07698814464435187, ""f_f_market_selected_ret_30m"": 0.11864422057320188}"
B2,f_gate_positioning_oi_change_pct|f_f_market_dispersion_15m|f_micro_price_flow_divergence,3,2,0.55,57,16,17,24,12,0.48484848484848486,0.3695652173913043,0.48484848484848486,2,5,3,2,11,10,4,False,"{""f_gate_positioning_oi_change_pct"": 0.12700735231065743, ""f_f_market_dispersion_15m"": 0.09289213148896941, ""f_micro_price_flow_divergence"": 0.0119500913633334}"
B2,f_gate_positioning_oi_change_pct|f_f_market_dispersion_15m|f_micro_price_flow_divergence,3,3,0.55,8,5,1,2,0,0.15151515151515152,0.021739130434782608,0.8333333333333334,1,1,1,0,3,0,4,True,"{""f_gate_positioning_oi_change_pct"": 0.12700735231065743, ""f_f_market_dispersion_15m"": 0.09289213148896941, ""f_micro_price_flow_divergence"": 0.0119500913633334}"
B2,f_gate_positioning_oi_change_pct|f_f_market_dispersion_15m|f_micro_price_flow_divergence,3,2,0.6,48,14,12,22,9,0.42424242424242425,0.2608695652173913,0.5384615384615384,2,3,2,2,10,7,5,False,"{""f_gate_positioning_oi_change_pct"": 0.1621629269770119, ""f_f_market_dispersion_15m"": 0.090819954887291, ""f_micro_price_flow_divergence"": 0.012675127220891261}"
B2,f_gate_positioning_oi_change_pct|f_f_market_dispersion_15m|f_micro_price_flow_divergence,3,3,0.6,5,4,0,1,0,0.12121212121212122,0.0,1.0,1,0,1,0,2,0,4,True,"{""f_gate_positioning_oi_change_pct"": 0.1621629269770119, ""f_f_market_dispersion_15m"": 0.090819954887291, ""f_micro_price_flow_divergence"": 0.012675127220891261}"
B2,f_gate_positioning_oi_change_pct|f_f_market_dispersion_15m|f_micro_price_flow_divergence,3,2,0.65,48,14,12,22,9,0.42424242424242425,0.2608695652173913,0.5384615384615384,2,3,2,2,10,7,5,False,"{""f_gate_positioning_oi_change_pct"": 0.19670468238149225, ""f_f_market_dispersion_15m"": 0.08984644379961478, ""f_micro_price_flow_divergence"": 0.012783221361499118}"
B2,f_gate_positioning_oi_change_pct|f_f_market_dispersion_15m|f_micro_price_flow_divergence,3,3,0.65,5,4,0,1,0,0.12121212121212122,0.0,1.0,1,0,1,0,2,0,4,True,"{""f_gate_positioning_oi_change_pct"": 0.19670468238149225, ""f_f_market_dispersion_15m"": 0.08984644379961478, ""f_micro_price_flow_divergence"": 0.012783221361499118}"
B2,f_gate_positioning_oi_change_pct|f_f_market_dispersion_15m|f_micro_price_flow_divergence,3,2,0.7,42,13,10,19,8,0.3939393939393939,0.21739130434782608,0.5652173913043478,2,2,2,2,9,6,5,False,"{""f_gate_positioning_oi_change_pct"": 0.21236756747563978, ""f_f_market_dispersion_15m"": 0.08730329330185219, ""f_micro_price_flow_divergence"": 0.013646104500558977}"
B2,f_gate_positioning_oi_change_pct|f_f_market_dispersion_15m|f_micro_price_flow_divergence,3,3,0.7,5,4,0,1,0,0.12121212121212122,0.0,1.0,1,0,1,0,2,0,4,True,"{""f_gate_positioning_oi_change_pct"": 0.21236756747563978, ""f_f_market_dispersion_15m"": 0.08730329330185219, ""f_micro_price_flow_divergence"": 0.013646104500558977}"
B2,f_gate_positioning_oi_change_pct|f_f_market_dispersion_15m|f_micro_price_flow_divergence,3,2,0.75,40,12,10,18,8,0.36363636363636365,0.21739130434782608,0.5454545454545454,2,2,2,2,8,6,4,False,"{""f_gate_positioning_oi_change_pct"": 0.21859101741462106, ""f_f_market_dispersion_15m"": 0.08397532309904639, ""f_micro_price_flow_divergence"": 0.01488638213884484}"
B2,f_gate_positioning_oi_change_pct|f_f_market_dispersion_15m|f_micro_price_flow_divergence,3,3,0.75,4,3,0,1,0,0.09090909090909091,0.0,1.0,0,0,1,0,2,0,3,False,"{""f_gate_positioning_oi_change_pct"": 0.21859101741462106, ""f_f_market_dispersion_15m"": 0.08397532309904639, ""f_micro_price_flow_divergence"": 0.01488638213884484}"
B2,f_gate_positioning_oi_change_pct|f_f_market_dispersion_15m|f_micro_price_flow_divergence,3,2,0.8,29,10,7,12,6,0.30303030303030304,0.15217391304347827,0.5882352941176471,1,1,2,1,7,5,4,False,"{""f_gate_positioning_oi_change_pct"": 0.26494511524836734, ""f_f_market_dispersion_15m"": 0.081451648230247, ""f_micro_price_flow_divergence"": 0.019082996203197426}"
B2,f_gate_positioning_oi_change_pct|f_f_market_dispersion_15m|f_micro_price_flow_divergence,3,2,0.85,25,7,7,11,6,0.21212121212121213,0.15217391304347827,0.5,0,1,2,1,5,5,3,False,"{""f_gate_positioning_oi_change_pct"": 0.3614625229505696, ""f_f_market_dispersion_15m"": 0.07993334252895565, ""f_micro_price_flow_divergence"": 0.026975030800133398}"
B2,f_gate_positioning_oi_change_pct|f_f_market_dispersion_15m|f_micro_price_flow_divergence,3,2,0.9,11,5,3,3,2,0.15151515151515152,0.06521739130434782,0.625,0,1,2,0,3,2,4,False,"{""f_gate_positioning_oi_change_pct"": 0.5043494634907606, ""f_f_market_dispersion_15m"": 0.07698814464435187, ""f_micro_price_flow_divergence"": 0.046956635495231006}"
B2,f_gate_positioning_oi_change_pct|f_f_market_dispersion_15m|f_f_market_aligned_fraction_5m,3,2,0.55,92,23,26,43,19,0.696969696969697,0.5652173913043478,0.46938775510204084,2,5,4,3,17,18,3,False,"{""f_gate_positioning_oi_change_pct"": 0.12700735231065743, ""f_f_market_dispersion_15m"": 0.09289213148896941, ""f_f_market_aligned_fraction_5m"": 0.25}"
B2,f_gate_positioning_oi_change_pct|f_f_market_dispersion_15m|f_f_market_aligned_fraction_5m,3,3,0.55,16,7,5,4,3,0.21212121212121213,0.10869565217391304,0.5833333333333334,1,1,2,0,4,4,5,False,"{""f_gate_positioning_oi_change_pct"": 0.12700735231065743, ""f_f_market_dispersion_15m"": 0.09289213148896941, ""f_f_market_aligned_fraction_5m"": 0.25}"
B2,f_gate_positioning_oi_change_pct|f_f_market_dispersion_15m|f_f_market_aligned_fraction_5m,3,2,0.6,66,15,18,33,13,0.45454545454545453,0.391304347826087,0.45454545454545453,2,4,2,2,11,12,4,False,"{""f_gate_positioning_oi_change_pct"": 0.1621629269770119, ""f_f_market_dispersion_15m"": 0.090819954887291, ""f_f_market_aligned_fraction_5m"": 0.5499999999999996}"
B2,f_gate_positioning_oi_change_pct|f_f_market_dispersion_15m|f_f_market_aligned_fraction_5m,3,3,0.6,8,5,0,3,0,0.15151515151515152,0.0,1.0,1,0,1,0,3,0,4,True,"{""f_gate_positioning_oi_change_pct"": 0.1621629269770119, ""f_f_market_dispersion_15m"": 0.090819954887291, ""f_f_market_aligned_fraction_5m"": 0.5499999999999996}"
B2,f_gate_positioning_oi_change_pct|f_f_market_dispersion_15m|f_f_market_aligned_fraction_5m,3,2,0.65,53,14,13,26,10,0.42424242424242425,0.2826086956521739,0.5185185185185185,2,4,2,1,10,8,4,False,"{""f_gate_positioning_oi_change_pct"": 0.19670468238149225, ""f_f_market_dispersion_15m"": 0.08984644379961478, ""f_f_market_aligned_fraction_5m"": 0.8875000000000004}"
B2,f_gate_positioning_oi_change_pct|f_f_market_dispersion_15m|f_f_market_aligned_fraction_5m,3,3,0.65,8,5,0,3,0,0.15151515151515152,0.0,1.0,1,0,1,0,3,0,4,True,"{""f_gate_positioning_oi_change_pct"": 0.19670468238149225, ""f_f_market_dispersion_15m"": 0.08984644379961478, ""f_f_market_aligned_fraction_5m"": 0.8875000000000004}"
B2,f_gate_positioning_oi_change_pct|f_f_market_dispersion_15m|f_f_market_aligned_fraction_5m,3,2,0.7,49,14,11,24,9,0.42424242424242425,0.2391304347826087,0.56,2,2,2,1,10,8,4,False,"{""f_gate_positioning_oi_change_pct"": 0.21236756747563978, ""f_f_market_dispersion_15m"": 0.08730329330185219, ""f_f_market_aligned_fraction_5m"": 1.0}"
B2,f_gate_positioning_oi_change_pct|f_f_market_dispersion_15m|f_f_market_aligned_fraction_5m,3,3,0.7,6,4,0,2,0,0.12121212121212122,0.0,1.0,1,0,1,0,2,0,4,True,"{""f_gate_positioning_oi_change_pct"": 0.21236756747563978, ""f_f_market_dispersion_15m"": 0.08730329330185219, ""f_f_market_aligned_fraction_5m"": 1.0}"
B2,f_gate_positioning_oi_change_pct|f_f_market_dispersion_15m|f_f_market_aligned_fraction_5m,3,2,0.75,48,14,11,23,9,0.42424242424242425,0.2391304347826087,0.56,2,2,2,1,10,8,4,False,"{""f_gate_positioning_oi_change_pct"": 0.21859101741462106, ""f_f_market_dispersion_15m"": 0.08397532309904639, ""f_f_market_aligned_fraction_5m"": 1.0}"
B2,f_gate_positioning_oi_change_pct|f_f_market_dispersion_15m|f_f_market_aligned_fraction_5m,3,3,0.75,5,3,0,2,0,0.09090909090909091,0.0,1.0,0,0,1,0,2,0,3,False,"{""f_gate_positioning_oi_change_pct"": 0.21859101741462106, ""f_f_market_dispersion_15m"": 0.08397532309904639, ""f_f_market_aligned_fraction_5m"": 1.0}"
B2,f_gate_positioning_oi_change_pct|f_f_market_dispersion_15m|f_f_market_aligned_fraction_5m,3,2,0.8,45,13,9,23,8,0.3939393939393939,0.1956521739130435,0.5909090909090909,1,1,2,1,10,7,4,False,"{""f_gate_positioning_oi_change_pct"": 0.26494511524836734, ""f_f_market_dispersion_15m"": 0.081451648230247, ""f_f_market_aligned_fraction_5m"": 1.0}"
B2,f_gate_positioning_oi_change_pct|f_f_market_dispersion_15m|f_f_market_aligned_fraction_5m,3,3,0.8,3,3,0,0,0,0.09090909090909091,0.0,1.0,0,0,1,0,2,0,3,False,"{""f_gate_positioning_oi_change_pct"": 0.26494511524836734, ""f_f_market_dispersion_15m"": 0.081451648230247, ""f_f_market_aligned_fraction_5m"": 1.0}"
B2,f_gate_positioning_oi_change_pct|f_f_market_dispersion_15m|f_f_market_aligned_fraction_5m,3,2,0.85,43,13,9,21,8,0.3939393939393939,0.1956521739130435,0.5909090909090909,1,1,2,1,10,7,4,False,"{""f_gate_positioning_oi_change_pct"": 0.3614625229505696, ""f_f_market_dispersion_15m"": 0.07993334252895565, ""f_f_market_aligned_fraction_5m"": 1.0}"
B2,f_gate_positioning_oi_change_pct|f_f_market_dispersion_15m|f_f_market_aligned_fraction_5m,3,2,0.9,38,11,8,19,7,0.3333333333333333,0.17391304347826086,0.5789473684210527,1,1,2,1,8,6,4,False,"{""f_gate_positioning_oi_change_pct"": 0.5043494634907606, ""f_f_market_dispersion_15m"": 0.07698814464435187, ""f_f_market_aligned_fraction_5m"": 1.0}"
B2,f_gate_positioning_oi_change_pct|f_f_market_dispersion_15m|f_new_family_balance,3,2,0.55,53,15,16,22,10,0.45454545454545453,0.34782608695652173,0.4838709677419355,1,6,2,0,12,10,4,False,"{""f_gate_positioning_oi_change_pct"": 0.12700735231065743, ""f_f_market_dispersion_15m"": 0.09289213148896941, ""f_new_family_balance"": 2.95}"
B2,f_gate_positioning_oi_change_pct|f_f_market_dispersion_15m|f_new_family_balance,3,3,0.55,12,6,4,2,3,0.18181818181818182,0.08695652173913043,0.6,1,2,2,0,3,2,5,False,"{""f_gate_positioning_oi_change_pct"": 0.12700735231065743, ""f_f_market_dispersion_15m"": 0.09289213148896941, ""f_new_family_balance"": 2.95}"
B2,f_gate_positioning_oi_change_pct|f_f_market_dispersion_15m|f_new_family_balance,3,2,0.6,49,15,13,21,9,0.45454545454545453,0.2826086956521739,0.5357142857142857,1,5,2,0,12,8,4,False,"{""f_gate_positioning_oi_change_pct"": 0.1621629269770119, ""f_f_market_dispersion_15m"": 0.090819954887291, ""f_new_family_balance"": 3.0}"
B2,f_gate_positioning_oi_change_pct|f_f_market_dispersion_15m|f_new_family_balance,3,3,0.6,6,3,2,1,1,0.09090909090909091,0.043478260869565216,0.6,1,1,1,0,1,1,3,False,"{""f_gate_positioning_oi_change_pct"": 0.1621629269770119, ""f_f_market_dispersion_15m"": 0.090819954887291, ""f_new_family_balance"": 3.0}"
B2,f_gate_positioning_oi_change_pct|f_f_market_dispersion_15m|f_new_family_balance,3,2,0.65,48,15,13,20,9,0.45454545454545453,0.2826086956521739,0.5357142857142857,1,5,2,0,12,8,4,False,"{""f_gate_positioning_oi_change_pct"": 0.19670468238149225, ""f_f_market_dispersion_15m"": 0.08984644379961478, ""f_new_family_balance"": 3.0}"
B2,f_gate_positioning_oi_change_pct|f_f_market_dispersion_15m|f_new_family_balance,3,3,0.65,6,3,2,1,1,0.09090909090909091,0.043478260869565216,0.6,1,1,1,0,1,1,3,False,"{""f_gate_positioning_oi_change_pct"": 0.19670468238149225, ""f_f_market_dispersion_15m"": 0.08984644379961478, ""f_new_family_balance"": 3.0}"
B2,f_gate_positioning_oi_change_pct|f_f_market_dispersion_15m|f_new_family_balance,3,2,0.7,43,14,11,18,8,0.42424242424242425,0.2391304347826087,0.56,1,3,2,0,11,8,4,False,"{""f_gate_positioning_oi_change_pct"": 0.21236756747563978, ""f_f_market_dispersion_15m"": 0.08730329330185219, ""f_new_family_balance"": 3.0}"
B2,f_gate_positioning_oi_change_pct|f_f_market_dispersion_15m|f_new_family_balance,3,3,0.7,6,3,2,1,1,0.09090909090909091,0.043478260869565216,0.6,1,1,1,0,1,1,3,False,"{""f_gate_positioning_oi_change_pct"": 0.21236756747563978, ""f_f_market_dispersion_15m"": 0.08730329330185219, ""f_new_family_balance"": 3.0}"
B2,f_gate_positioning_oi_change_pct|f_f_market_dispersion_15m|f_new_family_balance,3,2,0.75,42,13,11,18,8,0.3939393939393939,0.2391304347826087,0.5416666666666666,1,3,2,0,10,8,4,False,"{""f_gate_positioning_oi_change_pct"": 0.21859101741462106, ""f_f_market_dispersion_15m"": 0.08397532309904639, ""f_new_family_balance"": 3.0}"
B2,f_gate_positioning_oi_change_pct|f_f_market_dispersion_15m|f_new_family_balance,3,2,0.8,11,3,3,5,2,0.09090909090909091,0.06521739130434782,0.5,0,2,1,0,2,1,3,False,"{""f_gate_positioning_oi_change_pct"": 0.26494511524836734, ""f_f_market_dispersion_15m"": 0.081451648230247, ""f_new_family_balance"": 3.2}"
B2,f_gate_positioning_oi_change_pct|f_context_breakdown_down_pct|f_f_market_selected_ret_30m,3,2,0.55,53,13,12,28,7,0.3939393939393939,0.2608695652173913,0.52,2,4,2,0,9,8,4,False,"{""f_gate_positioning_oi_change_pct"": 0.12700735231065743, ""f_context_breakdown_down_pct"": 0.14433969999999996, ""f_f_market_selected_ret_30m"": 0.3157608147100679}"
B2,f_gate_positioning_oi_change_pct|f_context_breakdown_down_pct|f_f_market_selected_ret_30m,3,3,0.55,13,6,2,5,2,0.18181818181818182,0.043478260869565216,0.75,1,1,0,0,5,1,3,False,"{""f_gate_positioning_oi_change_pct"": 0.12700735231065743, ""f_context_breakdown_down_pct"": 0.14433969999999996, ""f_f_market_selected_ret_30m"": 0.3157608147100679}"
B2,f_gate_positioning_oi_change_pct|f_context_breakdown_down_pct|f_f_market_selected_ret_30m,3,2,0.6,46,12,8,26,4,0.36363636363636365,0.17391304347826086,0.6,2,2,1,0,9,6,4,False,"{""f_gate_positioning_oi_change_pct"": 0.1621629269770119, ""f_context_breakdown_down_pct"": 0.10880200000000001, ""f_f_market_selected_ret_30m"": 0.27953051404961293}"
B2,f_gate_positioning_oi_change_pct|f_context_breakdown_down_pct|f_f_market_selected_ret_30m,3,3,0.6,7,5,1,1,1,0.15151515151515152,0.021739130434782608,0.8333333333333334,1,1,0,0,4,0,3,False,"{""f_gate_positioning_oi_change_pct"": 0.1621629269770119, ""f_context_breakdown_down_pct"": 0.10880200000000001, ""f_f_market_selected_ret_30m"": 0.27953051404961293}"
B2,f_gate_positioning_oi_change_pct|f_context_breakdown_down_pct|f_f_market_selected_ret_30m,3,2,0.65,42,11,7,24,4,0.3333333333333333,0.15217391304347827,0.6111111111111112,2,2,1,0,8,5,4,False,"{""f_gate_positioning_oi_change_pct"": 0.19670468238149225, ""f_context_breakdown_down_pct"": 0.07557175, ""f_f_market_selected_ret_30m"": 0.24800416168246048}"
B2,f_gate_positioning_oi_change_pct|f_context_breakdown_down_pct|f_f_market_selected_ret_30m,3,3,0.65,7,5,1,1,1,0.15151515151515152,0.021739130434782608,0.8333333333333334,1,1,0,0,4,0,3,False,"{""f_gate_positioning_oi_change_pct"": 0.19670468238149225, ""f_context_breakdown_down_pct"": 0.07557175, ""f_f_market_selected_ret_30m"": 0.24800416168246048}"
B2,f_gate_positioning_oi_change_pct|f_context_breakdown_down_pct|f_f_market_selected_ret_30m,3,2,0.7,33,11,6,16,3,0.3333333333333333,0.13043478260869565,0.6470588235294118,2,2,1,0,8,4,4,False,"{""f_gate_positioning_oi_change_pct"": 0.21236756747563978, ""f_context_breakdown_down_pct"": 0.045146500000000006, ""f_f_market_selected_ret_30m"": 0.20612865023261098}"
B2,f_gate_positioning_oi_change_pct|f_context_breakdown_down_pct|f_f_market_selected_ret_30m,3,3,0.7,6,4,1,1,1,0.12121212121212122,0.021739130434782608,0.8,1,1,0,0,3,0,3,False,"{""f_gate_positioning_oi_change_pct"": 0.21236756747563978, ""f_context_breakdown_down_pct"": 0.045146500000000006, ""f_f_market_selected_ret_30m"": 0.20612865023261098}"
B2,f_gate_positioning_oi_change_pct|f_context_breakdown_down_pct|f_f_market_selected_ret_30m,3,2,0.75,30,10,6,14,3,0.30303030303030304,0.13043478260869565,0.625,1,2,1,0,8,4,4,False,"{""f_gate_positioning_oi_change_pct"": 0.21859101741462106, ""f_context_breakdown_down_pct"": 0.01612375, ""f_f_market_selected_ret_30m"": 0.1590785592414129}"
B2,f_gate_positioning_oi_change_pct|f_context_breakdown_down_pct|f_f_market_selected_ret_30m,3,2,0.8,24,8,4,12,3,0.24242424242424243,0.08695652173913043,0.6666666666666666,1,1,0,0,7,3,3,False,"{""f_gate_positioning_oi_change_pct"": 0.26494511524836734, ""f_context_breakdown_down_pct"": 0.0, ""f_f_market_selected_ret_30m"": 0.13117480044327}"
B2,f_gate_positioning_oi_change_pct|f_context_breakdown_down_pct|f_f_market_selected_ret_30m,3,2,0.85,22,8,4,10,3,0.24242424242424243,0.08695652173913043,0.6666666666666666,1,1,0,0,7,3,3,False,"{""f_gate_positioning_oi_change_pct"": 0.3614625229505696, ""f_context_breakdown_down_pct"": 0.0, ""f_f_market_selected_ret_30m"": 0.1272039568864461}"
B2,f_gate_positioning_oi_change_pct|f_context_breakdown_down_pct|f_f_market_selected_ret_30m,3,2,0.9,21,8,3,10,2,0.24242424242424243,0.06521739130434782,0.7272727272727273,1,0,0,0,7,3,3,False,"{""f_gate_positioning_oi_change_pct"": 0.5043494634907606, ""f_context_breakdown_down_pct"": 0.0, ""f_f_market_selected_ret_30m"": 0.11864422057320188}"
B2,f_gate_positioning_oi_change_pct|f_context_breakdown_down_pct|f_micro_price_flow_divergence,3,2,0.55,32,10,8,14,7,0.30303030303030304,0.17391304347826086,0.5555555555555556,2,5,1,0,7,3,3,False,"{""f_gate_positioning_oi_change_pct"": 0.12700735231065743, ""f_context_breakdown_down_pct"": 0.14433969999999996, ""f_micro_price_flow_divergence"": 0.0119500913633334}"
B2,f_gate_positioning_oi_change_pct|f_context_breakdown_down_pct|f_micro_price_flow_divergence,3,3,0.55,7,4,0,3,0,0.12121212121212122,0.0,1.0,1,0,0,0,3,0,3,False,"{""f_gate_positioning_oi_change_pct"": 0.12700735231065743, ""f_context_breakdown_down_pct"": 0.14433969999999996, ""f_micro_price_flow_divergence"": 0.0119500913633334}"
B2,f_gate_positioning_oi_change_pct|f_context_breakdown_down_pct|f_micro_price_flow_divergence,3,2,0.6,27,10,4,13,4,0.30303030303030304,0.08695652173913043,0.7142857142857143,2,3,1,0,7,1,5,True,"{""f_gate_positioning_oi_change_pct"": 0.1621629269770119, ""f_context_breakdown_down_pct"": 0.10880200000000001, ""f_micro_price_flow_divergence"": 0.012675127220891261}"
B2,f_gate_positioning_oi_change_pct|f_context_breakdown_down_pct|f_micro_price_flow_divergence,3,3,0.6,4,3,0,1,0,0.09090909090909091,0.0,1.0,1,0,0,0,2,0,3,False,"{""f_gate_positioning_oi_change_pct"": 0.1621629269770119, ""f_context_breakdown_down_pct"": 0.10880200000000001, ""f_micro_price_flow_divergence"": 0.012675127220891261}"
B2,f_gate_positioning_oi_change_pct|f_context_breakdown_down_pct|f_micro_price_flow_divergence,3,2,0.65,27,10,4,13,4,0.30303030303030304,0.08695652173913043,0.7142857142857143,2,3,1,0,7,1,5,True,"{""f_gate_positioning_oi_change_pct"": 0.19670468238149225, ""f_context_breakdown_down_pct"": 0.07557175, ""f_micro_price_flow_divergence"": 0.012783221361499118}"
B2,f_gate_positioning_oi_change_pct|f_context_breakdown_down_pct|f_micro_price_flow_divergence,3,3,0.65,4,3,0,1,0,0.09090909090909091,0.0,1.0,1,0,0,0,2,0,3,False,"{""f_gate_positioning_oi_change_pct"": 0.19670468238149225, ""f_context_breakdown_down_pct"": 0.07557175, ""f_micro_price_flow_divergence"": 0.012783221361499118}"
B2,f_gate_positioning_oi_change_pct|f_context_breakdown_down_pct|f_micro_price_flow_divergence,3,2,0.7,23,9,3,11,3,0.2727272727272727,0.06521739130434782,0.75,2,2,1,0,6,1,5,True,"{""f_gate_positioning_oi_change_pct"": 0.21236756747563978, ""f_context_breakdown_down_pct"": 0.045146500000000006, ""f_micro_price_flow_divergence"": 0.013646104500558977}"
B2,f_gate_positioning_oi_change_pct|f_context_breakdown_down_pct|f_micro_price_flow_divergence,3,3,0.7,4,3,0,1,0,0.09090909090909091,0.0,1.0,1,0,0,0,2,0,3,False,"{""f_gate_positioning_oi_change_pct"": 0.21236756747563978, ""f_context_breakdown_down_pct"": 0.045146500000000006, ""f_micro_price_flow_divergence"": 0.013646104500558977}"
B2,f_gate_positioning_oi_change_pct|f_context_breakdown_down_pct|f_micro_price_flow_divergence,3,2,0.75,22,9,3,10,3,0.2727272727272727,0.06521739130434782,0.75,2,2,1,0,6,1,5,True,"{""f_gate_positioning_oi_change_pct"": 0.21859101741462106, ""f_context_breakdown_down_pct"": 0.01612375, ""f_micro_price_flow_divergence"": 0.01488638213884484}"
B2,f_gate_positioning_oi_change_pct|f_context_breakdown_down_pct|f_micro_price_flow_divergence,3,2,0.8,17,9,2,6,2,0.2727272727272727,0.043478260869565216,0.8181818181818182,2,1,1,0,6,1,5,True,"{""f_gate_positioning_oi_change_pct"": 0.26494511524836734, ""f_context_breakdown_down_pct"": 0.0, ""f_micro_price_flow_divergence"": 0.019082996203197426}"
B2,f_gate_positioning_oi_change_pct|f_context_breakdown_down_pct|f_micro_price_flow_divergence,3,2,0.85,13,6,2,5,2,0.18181818181818182,0.043478260869565216,0.75,1,1,0,0,5,1,3,False,"{""f_gate_positioning_oi_change_pct"": 0.3614625229505696, ""f_context_breakdown_down_pct"": 0.0, ""f_micro_price_flow_divergence"": 0.026975030800133398}"
B2,f_gate_positioning_oi_change_pct|f_context_breakdown_down_pct|f_micro_price_flow_divergence,3,2,0.9,4,3,1,0,1,0.09090909090909091,0.021739130434782608,0.75,0,0,0,0,3,1,1,False,"{""f_gate_positioning_oi_change_pct"": 0.5043494634907606, ""f_context_breakdown_down_pct"": 0.0, ""f_micro_price_flow_divergence"": 0.046956635495231006}"
B2,f_gate_positioning_oi_change_pct|f_context_breakdown_down_pct|f_f_market_aligned_fraction_5m,3,2,0.55,58,14,15,29,11,0.42424242424242425,0.32608695652173914,0.4827586206896552,2,6,2,0,10,9,4,False,"{""f_gate_positioning_oi_change_pct"": 0.12700735231065743, ""f_context_breakdown_down_pct"": 0.14433969999999996, ""f_f_market_aligned_fraction_5m"": 0.25}"
B2,f_gate_positioning_oi_change_pct|f_context_breakdown_down_pct|f_f_market_aligned_fraction_5m,3,3,0.55,13,5,2,6,2,0.15151515151515152,0.043478260869565216,0.7142857142857143,1,1,0,0,4,1,3,False,"{""f_gate_positioning_oi_change_pct"": 0.12700735231065743, ""f_context_breakdown_down_pct"": 0.14433969999999996, ""f_f_market_aligned_fraction_5m"": 0.25}"
B2,f_gate_positioning_oi_change_pct|f_context_breakdown_down_pct|f_f_market_aligned_fraction_5m,3,2,0.6,41,11,8,22,6,0.3333333333333333,0.17391304347826086,0.5789473684210527,2,4,1,0,8,4,4,False,"{""f_gate_positioning_oi_change_pct"": 0.1621629269770119, ""f_context_breakdown_down_pct"": 0.10880200000000001, ""f_f_market_aligned_fraction_5m"": 0.5499999999999996}"
B2,f_gate_positioning_oi_change_pct|f_context_breakdown_down_pct|f_f_market_aligned_fraction_5m,3,3,0.6,8,5,0,3,0,0.15151515151515152,0.0,1.0,1,0,0,0,4,0,3,False,"{""f_gate_positioning_oi_change_pct"": 0.1621629269770119, ""f_context_breakdown_down_pct"": 0.10880200000000001, ""f_f_market_aligned_fraction_5m"": 0.5499999999999996}"
B2,f_gate_positioning_oi_change_pct|f_context_breakdown_down_pct|f_f_market_aligned_fraction_5m,3,2,0.65,32,10,6,16,5,0.30303030303030304,0.13043478260869565,0.625,2,4,1,0,7,2,4,False,"{""f_gate_positioning_oi_change_pct"": 0.19670468238149225, ""f_context_breakdown_down_pct"": 0.07557175, ""f_f_market_aligned_fraction_5m"": 0.8875000000000004}"
B2,f_gate_positioning_oi_change_pct|f_context_breakdown_down_pct|f_f_market_aligned_fraction_5m,3,3,0.65,8,5,0,3,0,0.15151515151515152,0.0,1.0,1,0,0,0,4,0,3,False,"{""f_gate_positioning_oi_change_pct"": 0.19670468238149225, ""f_context_breakdown_down_pct"": 0.07557175, ""f_f_market_aligned_fraction_5m"": 0.8875000000000004}"
B2,f_gate_positioning_oi_change_pct|f_context_breakdown_down_pct|f_f_market_aligned_fraction_5m,3,2,0.7,26,10,4,12,3,0.30303030303030304,0.08695652173913043,0.7142857142857143,2,3,1,0,7,1,4,True,"{""f_gate_positioning_oi_change_pct"": 0.21236756747563978, ""f_context_breakdown_down_pct"": 0.045146500000000006, ""f_f_market_aligned_fraction_5m"": 1.0}"
B2,f_gate_positioning_oi_change_pct|f_context_breakdown_down_pct|f_f_market_aligned_fraction_5m,3,3,0.7,7,4,0,3,0,0.12121212121212122,0.0,1.0,1,0,0,0,3,0,3,False,"{""f_gate_positioning_oi_change_pct"": 0.21236756747563978, ""f_context_breakdown_down_pct"": 0.045146500000000006, ""f_f_market_aligned_fraction_5m"": 1.0}"
B2,f_gate_positioning_oi_change_pct|f_context_breakdown_down_pct|f_f_market_aligned_fraction_5m,3,2,0.75,25,10,4,11,3,0.30303030303030304,0.08695652173913043,0.7142857142857143,2,3,1,0,7,1,4,True,"{""f_gate_positioning_oi_change_pct"": 0.21859101741462106, ""f_context_breakdown_down_pct"": 0.01612375, ""f_f_market_aligned_fraction_5m"": 1.0}"
B2,f_gate_positioning_oi_change_pct|f_context_breakdown_down_pct|f_f_market_aligned_fraction_5m,3,3,0.75,5,3,0,2,0,0.09090909090909091,0.0,1.0,0,0,0,0,3,0,2,False,"{""f_gate_positioning_oi_change_pct"": 0.21859101741462106, ""f_context_breakdown_down_pct"": 0.01612375, ""f_f_market_aligned_fraction_5m"": 1.0}"
B2,f_gate_positioning_oi_change_pct|f_context_breakdown_down_pct|f_f_market_aligned_fraction_5m,3,2,0.8,23,10,4,9,3,0.30303030303030304,0.08695652173913043,0.7142857142857143,2,3,1,0,7,1,4,True,"{""f_gate_positioning_oi_change_pct"": 0.26494511524836734, ""f_context_breakdown_down_pct"": 0.0, ""f_f_market_aligned_fraction_5m"": 1.0}"
B2,f_gate_positioning_oi_change_pct|f_context_breakdown_down_pct|f_f_market_aligned_fraction_5m,3,3,0.8,4,3,0,1,0,0.09090909090909091,0.0,1.0,0,0,0,0,3,0,2,False,"{""f_gate_positioning_oi_change_pct"": 0.26494511524836734, ""f_context_breakdown_down_pct"": 0.0, ""f_f_market_aligned_fraction_5m"": 1.0}"
B2,f_gate_positioning_oi_change_pct|f_context_breakdown_down_pct|f_f_market_aligned_fraction_5m,3,2,0.85,21,9,4,8,3,0.2727272727272727,0.08695652173913043,0.6923076923076923,2,3,0,0,7,1,3,False,"{""f_gate_positioning_oi_change_pct"": 0.3614625229505696, ""f_context_breakdown_down_pct"": 0.0, ""f_f_market_aligned_fraction_5m"": 1.0}"
B2,f_gate_positioning_oi_change_pct|f_context_breakdown_down_pct|f_f_market_aligned_fraction_5m,3,3,0.85,3,3,0,0,0,0.09090909090909091,0.0,1.0,0,0,0,0,3,0,2,False,"{""f_gate_positioning_oi_change_pct"": 0.3614625229505696, ""f_context_breakdown_down_pct"": 0.0, ""f_f_market_aligned_fraction_5m"": 1.0}"
B2,f_gate_positioning_oi_change_pct|f_context_breakdown_down_pct|f_f_market_aligned_fraction_5m,3,2,0.9,20,9,3,8,2,0.2727272727272727,0.06521739130434782,0.75,2,2,0,0,7,1,3,False,"{""f_gate_positioning_oi_change_pct"": 0.5043494634907606, ""f_context_breakdown_down_pct"": 0.0, ""f_f_market_aligned_fraction_5m"": 1.0}"
B2,f_gate_positioning_oi_change_pct|f_context_breakdown_down_pct|f_new_family_balance,3,2,0.55,38,12,7,19,5,0.36363636363636365,0.15217391304347827,0.631578947368421,2,4,2,0,8,3,5,False,"{""f_gate_positioning_oi_change_pct"": 0.12700735231065743, ""f_context_breakdown_down_pct"": 0.14433969999999996, ""f_new_family_balance"": 2.95}"
B2,f_gate_positioning_oi_change_pct|f_context_breakdown_down_pct|f_new_family_balance,3,3,0.55,11,4,3,4,3,0.12121212121212122,0.06521739130434782,0.5714285714285714,1,2,0,0,3,1,3,False,"{""f_gate_positioning_oi_change_pct"": 0.12700735231065743, ""f_context_breakdown_down_pct"": 0.14433969999999996, ""f_new_family_balance"": 2.95}"
B2,f_gate_positioning_oi_change_pct|f_context_breakdown_down_pct|f_new_family_balance,3,2,0.6,35,11,7,17,5,0.3333333333333333,0.15217391304347827,0.6111111111111112,2,4,1,0,8,3,4,False,"{""f_gate_positioning_oi_change_pct"": 0.1621629269770119, ""f_context_breakdown_down_pct"": 0.10880200000000001, ""f_new_family_balance"": 3.0}"
B2,f_gate_positioning_oi_change_pct|f_context_breakdown_down_pct|f_new_family_balance,3,3,0.6,6,3,1,2,1,0.09090909090909091,0.021739130434782608,0.75,1,1,0,0,2,0,3,False,"{""f_gate_positioning_oi_change_pct"": 0.1621629269770119, ""f_context_breakdown_down_pct"": 0.10880200000000001, ""f_new_family_balance"": 3.0}"
B2,f_gate_positioning_oi_change_pct|f_context_breakdown_down_pct|f_new_family_balance,3,2,0.65,33,11,7,15,5,0.3333333333333333,0.15217391304347827,0.6111111111111112,2,4,1,0,8,3,4,False,"{""f_gate_positioning_oi_change_pct"": 0.19670468238149225, ""f_context_breakdown_down_pct"": 0.07557175, ""f_new_family_balance"": 3.0}"
B2,f_gate_positioning_oi_change_pct|f_context_breakdown_down_pct|f_new_family_balance,3,3,0.65,6,3,1,2,1,0.09090909090909091,0.021739130434782608,0.75,1,1,0,0,2,0,3,False,"{""f_gate_positioning_oi_change_pct"": 0.19670468238149225, ""f_context_breakdown_down_pct"": 0.07557175, ""f_new_family_balance"": 3.0}"
B2,f_gate_positioning_oi_change_pct|f_context_breakdown_down_pct|f_new_family_balance,3,2,0.7,27,10,6,11,4,0.30303030303030304,0.13043478260869565,0.625,2,3,1,0,7,3,4,False,"{""f_gate_positioning_oi_change_pct"": 0.21236756747563978, ""f_context_breakdown_down_pct"": 0.045146500000000006, ""f_new_family_balance"": 3.0}"
B2,f_gate_positioning_oi_change_pct|f_context_breakdown_down_pct|f_new_family_balance,3,3,0.7,6,3,1,2,1,0.09090909090909091,0.021739130434782608,0.75,1,1,0,0,2,0,3,False,"{""f_gate_positioning_oi_change_pct"": 0.21236756747563978, ""f_context_breakdown_down_pct"": 0.045146500000000006, ""f_new_family_balance"": 3.0}"
B2,f_gate_positioning_oi_change_pct|f_context_breakdown_down_pct|f_new_family_balance,3,2,0.75,25,10,6,9,4,0.30303030303030304,0.13043478260869565,0.625,2,3,1,0,7,3,4,False,"{""f_gate_positioning_oi_change_pct"": 0.21859101741462106, ""f_context_breakdown_down_pct"": 0.01612375, ""f_new_family_balance"": 3.0}"
B2,f_gate_positioning_oi_change_pct|f_context_breakdown_down_pct|f_new_family_balance,3,2,0.8,9,4,3,2,2,0.12121212121212122,0.06521739130434782,0.5714285714285714,0,2,0,0,4,1,2,False,"{""f_gate_positioning_oi_change_pct"": 0.26494511524836734, ""f_context_breakdown_down_pct"": 0.0, ""f_new_family_balance"": 3.2}"
B2,f_gate_positioning_oi_change_pct|f_context_breakdown_down_pct|f_new_family_balance,3,2,0.85,8,4,3,1,2,0.12121212121212122,0.06521739130434782,0.5714285714285714,0,2,0,0,4,1,2,False,"{""f_gate_positioning_oi_change_pct"": 0.3614625229505696, ""f_context_breakdown_down_pct"": 0.0, ""f_new_family_balance"": 3.6499999999999995}"
B2,f_gate_positioning_oi_change_pct|f_context_breakdown_down_pct|f_new_family_balance,3,2,0.9,8,4,3,1,2,0.12121212121212122,0.06521739130434782,0.5714285714285714,0,2,0,0,4,1,2,False,"{""f_gate_positioning_oi_change_pct"": 0.5043494634907606, ""f_context_breakdown_down_pct"": 0.0, ""f_new_family_balance"": 4.0}"
B2,f_gate_positioning_oi_change_pct|f_f_market_selected_ret_30m|f_micro_price_flow_divergence,3,2,0.55,64,20,18,26,12,0.6060606060606061,0.391304347826087,0.5263157894736842,4,5,3,2,13,11,5,False,"{""f_gate_positioning_oi_change_pct"": 0.12700735231065743, ""f_f_market_selected_ret_30m"": 0.3157608147100679, ""f_micro_price_flow_divergence"": 0.0119500913633334}"
B2,f_gate_positioning_oi_change_pct|f_f_market_selected_ret_30m|f_micro_price_flow_divergence,3,3,0.55,9,5,1,3,0,0.15151515151515152,0.021739130434782608,0.8333333333333334,1,1,1,0,3,0,4,True,"{""f_gate_positioning_oi_change_pct"": 0.12700735231065743, ""f_f_market_selected_ret_30m"": 0.3157608147100679, ""f_micro_price_flow_divergence"": 0.0119500913633334}"
B2,f_gate_positioning_oi_change_pct|f_f_market_selected_ret_30m|f_micro_price_flow_divergence,3,2,0.6,57,18,14,25,9,0.5454545454545454,0.30434782608695654,0.5625,3,4,2,2,13,8,5,False,"{""f_gate_positioning_oi_change_pct"": 0.1621629269770119, ""f_f_market_selected_ret_30m"": 0.27953051404961293, ""f_micro_price_flow_divergence"": 0.012675127220891261}"
B2,f_gate_positioning_oi_change_pct|f_f_market_selected_ret_30m|f_micro_price_flow_divergence,3,3,0.6,5,4,0,1,0,0.12121212121212122,0.0,1.0,1,0,1,0,2,0,4,True,"{""f_gate_positioning_oi_change_pct"": 0.1621629269770119, ""f_f_market_selected_ret_30m"": 0.27953051404961293, ""f_micro_price_flow_divergence"": 0.012675127220891261}"
B2,f_gate_positioning_oi_change_pct|f_f_market_selected_ret_30m|f_micro_price_flow_divergence,3,2,0.65,52,17,11,24,7,0.5151515151515151,0.2391304347826087,0.6071428571428571,3,4,2,2,12,5,5,False,"{""f_gate_positioning_oi_change_pct"": 0.19670468238149225, ""f_f_market_selected_ret_30m"": 0.24800416168246048, ""f_micro_price_flow_divergence"": 0.012783221361499118}"
B2,f_gate_positioning_oi_change_pct|f_f_market_selected_ret_30m|f_micro_price_flow_divergence,3,3,0.65,5,4,0,1,0,0.12121212121212122,0.0,1.0,1,0,1,0,2,0,4,True,"{""f_gate_positioning_oi_change_pct"": 0.19670468238149225, ""f_f_market_selected_ret_30m"": 0.24800416168246048, ""f_micro_price_flow_divergence"": 0.012783221361499118}"
B2,f_gate_positioning_oi_change_pct|f_f_market_selected_ret_30m|f_micro_price_flow_divergence,3,2,0.7,46,16,8,22,5,0.48484848484848486,0.17391304347826086,0.6666666666666666,3,3,2,1,11,4,5,False,"{""f_gate_positioning_oi_change_pct"": 0.21236756747563978, ""f_f_market_selected_ret_30m"": 0.20612865023261098, ""f_micro_price_flow_divergence"": 0.013646104500558977}"
B2,f_gate_positioning_oi_change_pct|f_f_market_selected_ret_30m|f_micro_price_flow_divergence,3,3,0.7,4,4,0,0,0,0.12121212121212122,0.0,1.0,1,0,1,0,2,0,4,True,"{""f_gate_positioning_oi_change_pct"": 0.21236756747563978, ""f_f_market_selected_ret_30m"": 0.20612865023261098, ""f_micro_price_flow_divergence"": 0.013646104500558977}"
B2,f_gate_positioning_oi_change_pct|f_f_market_selected_ret_30m|f_micro_price_flow_divergence,3,2,0.75,40,14,8,18,5,0.42424242424242425,0.17391304347826086,0.6363636363636364,2,3,2,1,10,4,5,False,"{""f_gate_positioning_oi_change_pct"": 0.21859101741462106, ""f_f_market_selected_ret_30m"": 0.1590785592414129, ""f_micro_price_flow_divergence"": 0.01488638213884484}"
B2,f_gate_positioning_oi_change_pct|f_f_market_selected_ret_30m|f_micro_price_flow_divergence,3,3,0.75,3,3,0,0,0,0.09090909090909091,0.0,1.0,0,0,1,0,2,0,3,False,"{""f_gate_positioning_oi_change_pct"": 0.21859101741462106, ""f_f_market_selected_ret_30m"": 0.1590785592414129, ""f_micro_price_flow_divergence"": 0.01488638213884484}"
B2,f_gate_positioning_oi_change_pct|f_f_market_selected_ret_30m|f_micro_price_flow_divergence,3,2,0.8,30,12,6,12,4,0.36363636363636365,0.13043478260869565,0.6666666666666666,2,1,2,1,8,4,5,False,"{""f_gate_positioning_oi_change_pct"": 0.26494511524836734, ""f_f_market_selected_ret_30m"": 0.13117480044327, ""f_micro_price_flow_divergence"": 0.019082996203197426}"
B2,f_gate_positioning_oi_change_pct|f_f_market_selected_ret_30m|f_micro_price_flow_divergence,3,2,0.85,25,8,5,12,3,0.24242424242424243,0.10869565217391304,0.6153846153846154,1,1,1,0,6,4,5,False,"{""f_gate_positioning_oi_change_pct"": 0.3614625229505696, ""f_f_market_selected_ret_30m"": 0.1272039568864461, ""f_micro_price_flow_divergence"": 0.026975030800133398}"
B2,f_gate_positioning_oi_change_pct|f_f_market_selected_ret_30m|f_micro_price_flow_divergence,3,2,0.9,14,7,3,4,1,0.21212121212121213,0.06521739130434782,0.7,1,0,1,0,5,3,5,True,"{""f_gate_positioning_oi_change_pct"": 0.5043494634907606, ""f_f_market_selected_ret_30m"": 0.11864422057320188, ""f_micro_price_flow_divergence"": 0.046956635495231006}"
B2,f_gate_positioning_oi_change_pct|f_f_market_selected_ret_30m|f_f_market_aligned_fraction_5m,3,2,0.55,104,26,30,48,21,0.7878787878787878,0.6521739130434783,0.4642857142857143,4,5,4,3,18,22,4,False,"{""f_gate_positioning_oi_change_pct"": 0.12700735231065743, ""f_f_market_selected_ret_30m"": 0.3157608147100679, ""f_f_market_aligned_fraction_5m"": 0.25}"
B2,f_gate_positioning_oi_change_pct|f_f_market_selected_ret_30m|f_f_market_aligned_fraction_5m,3,3,0.55,18,7,4,7,2,0.21212121212121213,0.08695652173913043,0.6363636363636364,1,1,2,0,4,3,5,False,"{""f_gate_positioning_oi_change_pct"": 0.12700735231065743, ""f_f_market_selected_ret_30m"": 0.3157608147100679, ""f_f_market_aligned_fraction_5m"": 0.25}"
B2,f_gate_positioning_oi_change_pct|f_f_market_selected_ret_30m|f_f_market_aligned_fraction_5m,3,2,0.6,70,16,20,34,13,0.48484848484848486,0.43478260869565216,0.4444444444444444,3,4,2,2,11,14,4,False,"{""f_gate_positioning_oi_change_pct"": 0.1621629269770119, ""f_f_market_selected_ret_30m"": 0.27953051404961293, ""f_f_market_aligned_fraction_5m"": 0.5499999999999996}"
B2,f_gate_positioning_oi_change_pct|f_f_market_selected_ret_30m|f_f_market_aligned_fraction_5m,3,3,0.6,11,6,0,5,0,0.18181818181818182,0.0,1.0,1,0,1,0,4,0,4,True,"{""f_gate_positioning_oi_change_pct"": 0.1621629269770119, ""f_f_market_selected_ret_30m"": 0.27953051404961293, ""f_f_market_aligned_fraction_5m"": 0.5499999999999996}"
B2,f_gate_positioning_oi_change_pct|f_f_market_selected_ret_30m|f_f_market_aligned_fraction_5m,3,2,0.65,51,14,11,26,8,0.42424242424242425,0.2391304347826087,0.56,3,4,2,1,9,6,4,False,"{""f_gate_positioning_oi_change_pct"": 0.19670468238149225, ""f_f_market_selected_ret_30m"": 0.24800416168246048, ""f_f_market_aligned_fraction_5m"": 0.8875000000000004}"
B2,f_gate_positioning_oi_change_pct|f_f_market_selected_ret_30m|f_f_market_aligned_fraction_5m,3,3,0.65,10,6,0,4,0,0.18181818181818182,0.0,1.0,1,0,1,0,4,0,4,True,"{""f_gate_positioning_oi_change_pct"": 0.19670468238149225, ""f_f_market_selected_ret_30m"": 0.24800416168246048, ""f_f_market_aligned_fraction_5m"": 0.8875000000000004}"
B2,f_gate_positioning_oi_change_pct|f_f_market_selected_ret_30m|f_f_market_aligned_fraction_5m,3,2,0.7,48,14,10,24,7,0.42424242424242425,0.21739130434782608,0.5833333333333334,3,3,2,1,9,6,4,False,"{""f_gate_positioning_oi_change_pct"": 0.21236756747563978, ""f_f_market_selected_ret_30m"": 0.20612865023261098, ""f_f_market_aligned_fraction_5m"": 1.0}"
B2,f_gate_positioning_oi_change_pct|f_f_market_selected_ret_30m|f_f_market_aligned_fraction_5m,3,3,0.7,7,5,0,2,0,0.15151515151515152,0.0,1.0,1,0,1,0,3,0,4,True,"{""f_gate_positioning_oi_change_pct"": 0.21236756747563978, ""f_f_market_selected_ret_30m"": 0.20612865023261098, ""f_f_market_aligned_fraction_5m"": 1.0}"
B2,f_gate_positioning_oi_change_pct|f_f_market_selected_ret_30m|f_f_market_aligned_fraction_5m,3,2,0.75,42,11,10,21,7,0.3333333333333333,0.21739130434782608,0.5238095238095238,2,3,2,1,7,6,3,False,"{""f_gate_positioning_oi_change_pct"": 0.21859101741462106, ""f_f_market_selected_ret_30m"": 0.1590785592414129, ""f_f_market_aligned_fraction_5m"": 1.0}"
B2,f_gate_positioning_oi_change_pct|f_f_market_selected_ret_30m|f_f_market_aligned_fraction_5m,3,3,0.75,5,3,0,2,0,0.09090909090909091,0.0,1.0,0,0,1,0,2,0,3,False,"{""f_gate_positioning_oi_change_pct"": 0.21859101741462106, ""f_f_market_selected_ret_30m"": 0.1590785592414129, ""f_f_market_aligned_fraction_5m"": 1.0}"
B2,f_gate_positioning_oi_change_pct|f_f_market_selected_ret_30m|f_f_market_aligned_fraction_5m,3,2,0.8,35,10,8,17,6,0.30303030303030304,0.17391304347826086,0.5555555555555556,2,1,2,1,6,6,3,False,"{""f_gate_positioning_oi_change_pct"": 0.26494511524836734, ""f_f_market_selected_ret_30m"": 0.13117480044327, ""f_f_market_aligned_fraction_5m"": 1.0}"
B2,f_gate_positioning_oi_change_pct|f_f_market_selected_ret_30m|f_f_market_aligned_fraction_5m,3,2,0.85,31,9,7,15,5,0.2727272727272727,0.15217391304347827,0.5625,2,1,1,0,6,6,3,False,"{""f_gate_positioning_oi_change_pct"": 0.3614625229505696, ""f_f_market_selected_ret_30m"": 0.1272039568864461, ""f_f_market_aligned_fraction_5m"": 1.0}"
B2,f_gate_positioning_oi_change_pct|f_f_market_selected_ret_30m|f_f_market_aligned_fraction_5m,3,2,0.9,31,9,7,15,5,0.2727272727272727,0.15217391304347827,0.5625,2,1,1,0,6,6,3,False,"{""f_gate_positioning_oi_change_pct"": 0.5043494634907606, ""f_f_market_selected_ret_30m"": 0.11864422057320188, ""f_f_market_aligned_fraction_5m"": 1.0}"
B2,f_gate_positioning_oi_change_pct|f_f_market_selected_ret_30m|f_new_family_balance,3,2,0.55,57,16,17,24,11,0.48484848484848486,0.3695652173913043,0.48484848484848486,3,6,2,0,11,11,5,False,"{""f_gate_positioning_oi_change_pct"": 0.12700735231065743, ""f_f_market_selected_ret_30m"": 0.3157608147100679, ""f_new_family_balance"": 2.95}"
B2,f_gate_positioning_oi_change_pct|f_f_market_selected_ret_30m|f_new_family_balance,3,3,0.55,14,7,3,4,2,0.21212121212121213,0.06521739130434782,0.7,1,1,2,0,4,2,5,True,"{""f_gate_positioning_oi_change_pct"": 0.12700735231065743, ""f_f_market_selected_ret_30m"": 0.3157608147100679, ""f_new_family_balance"": 2.95}"
B2,f_gate_positioning_oi_change_pct|f_f_market_selected_ret_30m|f_new_family_balance,3,2,0.6,52,15,14,23,9,0.45454545454545453,0.30434782608695654,0.5172413793103449,2,5,2,0,11,9,4,False,"{""f_gate_positioning_oi_change_pct"": 0.1621629269770119, ""f_f_market_selected_ret_30m"": 0.27953051404961293, ""f_new_family_balance"": 3.0}"
B2,f_gate_positioning_oi_change_pct|f_f_market_selected_ret_30m|f_new_family_balance,3,3,0.6,9,5,2,2,1,0.15151515151515152,0.043478260869565216,0.7142857142857143,1,1,1,0,3,1,4,True,"{""f_gate_positioning_oi_change_pct"": 0.1621629269770119, ""f_f_market_selected_ret_30m"": 0.27953051404961293, ""f_new_family_balance"": 3.0}"
B2,f_gate_positioning_oi_change_pct|f_f_market_selected_ret_30m|f_new_family_balance,3,2,0.65,52,15,14,23,9,0.45454545454545453,0.30434782608695654,0.5172413793103449,2,5,2,0,11,9,4,False,"{""f_gate_positioning_oi_change_pct"": 0.19670468238149225, ""f_f_market_selected_ret_30m"": 0.24800416168246048, ""f_new_family_balance"": 3.0}"
B2,f_gate_positioning_oi_change_pct|f_f_market_selected_ret_30m|f_new_family_balance,3,3,0.65,7,5,1,1,1,0.15151515151515152,0.021739130434782608,0.8333333333333334,1,1,1,0,3,0,4,True,"{""f_gate_positioning_oi_change_pct"": 0.19670468238149225, ""f_f_market_selected_ret_30m"": 0.24800416168246048, ""f_new_family_balance"": 3.0}"
B2,f_gate_positioning_oi_change_pct|f_f_market_selected_ret_30m|f_new_family_balance,3,2,0.7,47,14,12,21,8,0.42424242424242425,0.2608695652173913,0.5384615384615384,2,3,2,0,10,9,5,False,"{""f_gate_positioning_oi_change_pct"": 0.21236756747563978, ""f_f_market_selected_ret_30m"": 0.20612865023261098, ""f_new_family_balance"": 3.0}"
B2,f_gate_positioning_oi_change_pct|f_f_market_selected_ret_30m|f_new_family_balance,3,3,0.7,6,5,1,0,1,0.15151515151515152,0.021739130434782608,0.8333333333333334,1,1,1,0,3,0,4,True,"{""f_gate_positioning_oi_change_pct"": 0.21236756747563978, ""f_f_market_selected_ret_30m"": 0.20612865023261098, ""f_new_family_balance"": 3.0}"
B2,f_gate_positioning_oi_change_pct|f_f_market_selected_ret_30m|f_new_family_balance,3,2,0.75,40,12,11,17,7,0.36363636363636365,0.2391304347826087,0.5217391304347826,1,3,2,0,9,8,4,False,"{""f_gate_positioning_oi_change_pct"": 0.21859101741462106, ""f_f_market_selected_ret_30m"": 0.1590785592414129, ""f_new_family_balance"": 3.0}"
B2,f_gate_positioning_oi_change_pct|f_f_market_selected_ret_30m|f_new_family_balance,3,3,0.75,4,3,1,0,1,0.09090909090909091,0.021739130434782608,0.75,0,1,1,0,2,0,3,False,"{""f_gate_positioning_oi_change_pct"": 0.21859101741462106, ""f_f_market_selected_ret_30m"": 0.1590785592414129, ""f_new_family_balance"": 3.0}"
B2,f_gate_positioning_oi_change_pct|f_f_market_selected_ret_30m|f_new_family_balance,3,2,0.8,9,3,1,5,1,0.09090909090909091,0.021739130434782608,0.75,0,1,0,0,3,0,2,False,"{""f_gate_positioning_oi_change_pct"": 0.26494511524836734, ""f_f_market_selected_ret_30m"": 0.13117480044327, ""f_new_family_balance"": 3.2}"
B2,f_gate_positioning_oi_change_pct|f_f_market_selected_ret_30m|f_new_family_balance,3,2,0.85,7,3,1,3,1,0.09090909090909091,0.021739130434782608,0.75,0,1,0,0,3,0,2,False,"{""f_gate_positioning_oi_change_pct"": 0.3614625229505696, ""f_f_market_selected_ret_30m"": 0.1272039568864461, ""f_new_family_balance"": 3.6499999999999995}"
B2,f_gate_positioning_oi_change_pct|f_f_market_selected_ret_30m|f_new_family_balance,3,2,0.9,6,3,0,3,0,0.09090909090909091,0.0,1.0,0,0,0,0,3,0,2,False,"{""f_gate_positioning_oi_change_pct"": 0.5043494634907606, ""f_f_market_selected_ret_30m"": 0.11864422057320188, ""f_new_family_balance"": 4.0}"
B2,f_gate_positioning_oi_change_pct|f_micro_price_flow_divergence|f_f_market_aligned_fraction_5m,3,2,0.55,71,20,24,27,19,0.6060606060606061,0.5217391304347826,0.45454545454545453,4,6,3,2,13,16,4,False,"{""f_gate_positioning_oi_change_pct"": 0.12700735231065743, ""f_micro_price_flow_divergence"": 0.0119500913633334, ""f_f_market_aligned_fraction_5m"": 0.25}"
B2,f_gate_positioning_oi_change_pct|f_micro_price_flow_divergence|f_f_market_aligned_fraction_5m,3,3,0.55,7,4,0,3,0,0.12121212121212122,0.0,1.0,1,0,1,0,2,0,4,True,"{""f_gate_positioning_oi_change_pct"": 0.12700735231065743, ""f_micro_price_flow_divergence"": 0.0119500913633334, ""f_f_market_aligned_fraction_5m"": 0.25}"
B2,f_gate_positioning_oi_change_pct|f_micro_price_flow_divergence|f_f_market_aligned_fraction_5m,3,2,0.6,48,13,13,22,12,0.3939393939393939,0.2826086956521739,0.5,4,3,1,1,8,9,4,False,"{""f_gate_positioning_oi_change_pct"": 0.1621629269770119, ""f_micro_price_flow_divergence"": 0.012675127220891261, ""f_f_market_aligned_fraction_5m"": 0.5499999999999996}"
B2,f_gate_positioning_oi_change_pct|f_micro_price_flow_divergence|f_f_market_aligned_fraction_5m,3,3,0.6,6,4,0,2,0,0.12121212121212122,0.0,1.0,1,0,1,0,2,0,4,True,"{""f_gate_positioning_oi_change_pct"": 0.1621629269770119, ""f_micro_price_flow_divergence"": 0.012675127220891261, ""f_f_market_aligned_fraction_5m"": 0.5499999999999996}"
B2,f_gate_positioning_oi_change_pct|f_micro_price_flow_divergence|f_f_market_aligned_fraction_5m,3,2,0.65,43,13,13,17,12,0.3939393939393939,0.2826086956521739,0.5,4,3,1,1,8,9,4,False,"{""f_gate_positioning_oi_change_pct"": 0.19670468238149225, ""f_micro_price_flow_divergence"": 0.012783221361499118, ""f_f_market_aligned_fraction_5m"": 0.8875000000000004}"
B2,f_gate_positioning_oi_change_pct|f_micro_price_flow_divergence|f_f_market_aligned_fraction_5m,3,3,0.65,6,4,0,2,0,0.12121212121212122,0.0,1.0,1,0,1,0,2,0,4,True,"{""f_gate_positioning_oi_change_pct"": 0.19670468238149225, ""f_micro_price_flow_divergence"": 0.012783221361499118, ""f_f_market_aligned_fraction_5m"": 0.8875000000000004}"
B2,f_gate_positioning_oi_change_pct|f_micro_price_flow_divergence|f_f_market_aligned_fraction_5m,3,2,0.7,40,12,12,16,11,0.36363636363636365,0.2608695652173913,0.5,4,2,1,1,7,9,3,False,"{""f_gate_positioning_oi_change_pct"": 0.21236756747563978, ""f_micro_price_flow_divergence"": 0.013646104500558977, ""f_f_market_aligned_fraction_5m"": 1.0}"
B2,f_gate_positioning_oi_change_pct|f_micro_price_flow_divergence|f_f_market_aligned_fraction_5m,3,3,0.7,5,4,0,1,0,0.12121212121212122,0.0,1.0,1,0,1,0,2,0,4,True,"{""f_gate_positioning_oi_change_pct"": 0.21236756747563978, ""f_micro_price_flow_divergence"": 0.013646104500558977, ""f_f_market_aligned_fraction_5m"": 1.0}"
B2,f_gate_positioning_oi_change_pct|f_micro_price_flow_divergence|f_f_market_aligned_fraction_5m,3,2,0.75,38,12,11,15,10,0.36363636363636365,0.2391304347826087,0.5217391304347826,4,2,1,1,7,8,4,False,"{""f_gate_positioning_oi_change_pct"": 0.21859101741462106, ""f_micro_price_flow_divergence"": 0.01488638213884484, ""f_f_market_aligned_fraction_5m"": 1.0}"
B2,f_gate_positioning_oi_change_pct|f_micro_price_flow_divergence|f_f_market_aligned_fraction_5m,3,3,0.75,4,3,0,1,0,0.09090909090909091,0.0,1.0,0,0,1,0,2,0,3,False,"{""f_gate_positioning_oi_change_pct"": 0.21859101741462106, ""f_micro_price_flow_divergence"": 0.01488638213884484, ""f_f_market_aligned_fraction_5m"": 1.0}"
B2,f_gate_positioning_oi_change_pct|f_micro_price_flow_divergence|f_f_market_aligned_fraction_5m,3,2,0.8,33,12,9,12,8,0.36363636363636365,0.1956521739130435,0.5714285714285714,4,1,1,1,7,7,4,False,"{""f_gate_positioning_oi_change_pct"": 0.26494511524836734, ""f_micro_price_flow_divergence"": 0.019082996203197426, ""f_f_market_aligned_fraction_5m"": 1.0}"
B2,f_gate_positioning_oi_change_pct|f_micro_price_flow_divergence|f_f_market_aligned_fraction_5m,3,2,0.85,28,10,9,9,8,0.30303030303030304,0.1956521739130435,0.5263157894736842,3,1,1,1,6,7,3,False,"{""f_gate_positioning_oi_change_pct"": 0.3614625229505696, ""f_micro_price_flow_divergence"": 0.026975030800133398, ""f_f_market_aligned_fraction_5m"": 1.0}"
B2,f_gate_positioning_oi_change_pct|f_micro_price_flow_divergence|f_f_market_aligned_fraction_5m,3,2,0.9,15,5,6,4,5,0.15151515151515152,0.13043478260869565,0.45454545454545453,2,1,1,0,2,5,2,False,"{""f_gate_positioning_oi_change_pct"": 0.5043494634907606, ""f_micro_price_flow_divergence"": 0.046956635495231006, ""f_f_market_aligned_fraction_5m"": 1.0}"
B2,f_gate_positioning_oi_change_pct|f_micro_price_flow_divergence|f_new_family_balance,3,2,0.55,30,11,10,9,7,0.3333333333333333,0.21739130434782608,0.5238095238095238,3,6,2,0,6,4,5,False,"{""f_gate_positioning_oi_change_pct"": 0.12700735231065743, ""f_micro_price_flow_divergence"": 0.0119500913633334, ""f_new_family_balance"": 2.95}"
B2,f_gate_positioning_oi_change_pct|f_micro_price_flow_divergence|f_new_family_balance,3,3,0.55,7,4,0,3,0,0.12121212121212122,0.0,1.0,1,0,1,0,2,0,4,True,"{""f_gate_positioning_oi_change_pct"": 0.12700735231065743, ""f_micro_price_flow_divergence"": 0.0119500913633334, ""f_new_family_balance"": 2.95}"
B2,f_gate_positioning_oi_change_pct|f_micro_price_flow_divergence|f_new_family_balance,3,2,0.6,26,10,7,9,5,0.30303030303030304,0.15217391304347827,0.5882352941176471,3,4,1,0,6,3,4,False,"{""f_gate_positioning_oi_change_pct"": 0.1621629269770119, ""f_micro_price_flow_divergence"": 0.012675127220891261, ""f_new_family_balance"": 3.0}"
B2,f_gate_positioning_oi_change_pct|f_micro_price_flow_divergence|f_new_family_balance,3,3,0.6,5,3,0,2,0,0.09090909090909091,0.0,1.0,1,0,1,0,1,0,3,False,"{""f_gate_positioning_oi_change_pct"": 0.1621629269770119, ""f_micro_price_flow_divergence"": 0.012675127220891261, ""f_new_family_balance"": 3.0}"
B2,f_gate_positioning_oi_change_pct|f_micro_price_flow_divergence|f_new_family_balance,3,2,0.65,25,10,7,8,5,0.30303030303030304,0.15217391304347827,0.5882352941176471,3,4,1,0,6,3,4,False,"{""f_gate_positioning_oi_change_pct"": 0.19670468238149225, ""f_micro_price_flow_divergence"": 0.012783221361499118, ""f_new_family_balance"": 3.0}"
B2,f_gate_positioning_oi_change_pct|f_micro_price_flow_divergence|f_new_family_balance,3,3,0.65,5,3,0,2,0,0.09090909090909091,0.0,1.0,1,0,1,0,1,0,3,False,"{""f_gate_positioning_oi_change_pct"": 0.19670468238149225, ""f_micro_price_flow_divergence"": 0.012783221361499118, ""f_new_family_balance"": 3.0}"
B2,f_gate_positioning_oi_change_pct|f_micro_price_flow_divergence|f_new_family_balance,3,2,0.7,23,10,5,8,4,0.30303030303030304,0.10869565217391304,0.6666666666666666,3,2,1,0,6,3,4,False,"{""f_gate_positioning_oi_change_pct"": 0.21236756747563978, ""f_micro_price_flow_divergence"": 0.013646104500558977, ""f_new_family_balance"": 3.0}"
B2,f_gate_positioning_oi_change_pct|f_micro_price_flow_divergence|f_new_family_balance,3,3,0.7,4,3,0,1,0,0.09090909090909091,0.0,1.0,1,0,1,0,1,0,3,False,"{""f_gate_positioning_oi_change_pct"": 0.21236756747563978, ""f_micro_price_flow_divergence"": 0.013646104500558977, ""f_new_family_balance"": 3.0}"
B2,f_gate_positioning_oi_change_pct|f_micro_price_flow_divergence|f_new_family_balance,3,2,0.75,23,10,5,8,4,0.30303030303030304,0.10869565217391304,0.6666666666666666,3,2,1,0,6,3,4,False,"{""f_gate_positioning_oi_change_pct"": 0.21859101741462106, ""f_micro_price_flow_divergence"": 0.01488638213884484, ""f_new_family_balance"": 3.0}"
B2,f_gate_positioning_oi_change_pct|f_micro_price_flow_divergence|f_new_family_balance,3,2,0.8,7,4,1,2,1,0.12121212121212122,0.021739130434782608,0.8,0,1,1,0,3,0,3,False,"{""f_gate_positioning_oi_change_pct"": 0.26494511524836734, ""f_micro_price_flow_divergence"": 0.019082996203197426, ""f_new_family_balance"": 3.2}"
B2,f_gate_positioning_oi_change_pct|f_micro_price_flow_divergence|f_new_family_balance,3,2,0.85,4,3,1,0,1,0.09090909090909091,0.021739130434782608,0.75,0,1,0,0,3,0,2,False,"{""f_gate_positioning_oi_change_pct"": 0.3614625229505696, ""f_micro_price_flow_divergence"": 0.026975030800133398, ""f_new_family_balance"": 3.6499999999999995}"
B2,f_gate_positioning_oi_change_pct|f_f_market_aligned_fraction_5m|f_new_family_balance,3,2,0.55,56,16,15,25,11,0.48484848484848486,0.32608695652173914,0.5161290322580645,3,4,2,0,11,11,5,False,"{""f_gate_positioning_oi_change_pct"": 0.12700735231065743, ""f_f_market_aligned_fraction_5m"": 0.25, ""f_new_family_balance"": 2.95}"
B2,f_gate_positioning_oi_change_pct|f_f_market_aligned_fraction_5m|f_new_family_balance,3,3,0.55,16,5,5,6,4,0.15151515151515152,0.10869565217391304,0.5,1,3,2,0,2,2,4,False,"{""f_gate_positioning_oi_change_pct"": 0.12700735231065743, ""f_f_market_aligned_fraction_5m"": 0.25, ""f_new_family_balance"": 2.95}"
B2,f_gate_positioning_oi_change_pct|f_f_market_aligned_fraction_5m|f_new_family_balance,3,2,0.6,44,11,11,22,8,0.3333333333333333,0.2391304347826087,0.5,3,3,1,0,7,8,4,False,"{""f_gate_positioning_oi_change_pct"": 0.1621629269770119, ""f_f_market_aligned_fraction_5m"": 0.5499999999999996, ""f_new_family_balance"": 3.0}"
B2,f_gate_positioning_oi_change_pct|f_f_market_aligned_fraction_5m|f_new_family_balance,3,3,0.6,11,4,2,5,2,0.12121212121212122,0.043478260869565216,0.6666666666666666,1,2,1,0,2,0,4,False,"{""f_gate_positioning_oi_change_pct"": 0.1621629269770119, ""f_f_market_aligned_fraction_5m"": 0.5499999999999996, ""f_new_family_balance"": 3.0}"
B2,f_gate_positioning_oi_change_pct|f_f_market_aligned_fraction_5m|f_new_family_balance,3,2,0.65,36,11,7,18,6,0.3333333333333333,0.15217391304347827,0.6111111111111112,3,3,1,0,7,4,4,False,"{""f_gate_positioning_oi_change_pct"": 0.19670468238149225, ""f_f_market_aligned_fraction_5m"": 0.8875000000000004, ""f_new_family_balance"": 3.0}"
B2,f_gate_positioning_oi_change_pct|f_f_market_aligned_fraction_5m|f_new_family_balance,3,3,0.65,10,4,2,4,2,0.12121212121212122,0.043478260869565216,0.6666666666666666,1,2,1,0,2,0,4,False,"{""f_gate_positioning_oi_change_pct"": 0.19670468238149225, ""f_f_market_aligned_fraction_5m"": 0.8875000000000004, ""f_new_family_balance"": 3.0}"
B2,f_gate_positioning_oi_change_pct|f_f_market_aligned_fraction_5m|f_new_family_balance,3,2,0.7,34,10,7,17,6,0.30303030303030304,0.15217391304347827,0.5882352941176471,3,3,1,0,6,4,4,False,"{""f_gate_positioning_oi_change_pct"": 0.21236756747563978, ""f_f_market_aligned_fraction_5m"": 1.0, ""f_new_family_balance"": 3.0}"
B2,f_gate_positioning_oi_change_pct|f_f_market_aligned_fraction_5m|f_new_family_balance,3,3,0.7,8,4,1,3,1,0.12121212121212122,0.021739130434782608,0.8,1,1,1,0,2,0,4,True,"{""f_gate_positioning_oi_change_pct"": 0.21236756747563978, ""f_f_market_aligned_fraction_5m"": 1.0, ""f_new_family_balance"": 3.0}"
B2,f_gate_positioning_oi_change_pct|f_f_market_aligned_fraction_5m|f_new_family_balance,3,2,0.75,34,10,7,17,6,0.30303030303030304,0.15217391304347827,0.5882352941176471,3,3,1,0,6,4,4,False,"{""f_gate_positioning_oi_change_pct"": 0.21859101741462106, ""f_f_market_aligned_fraction_5m"": 1.0, ""f_new_family_balance"": 3.0}"
B2,f_gate_positioning_oi_change_pct|f_f_market_aligned_fraction_5m|f_new_family_balance,3,3,0.75,7,3,1,3,1,0.09090909090909091,0.021739130434782608,0.75,0,1,1,0,2,0,3,False,"{""f_gate_positioning_oi_change_pct"": 0.21859101741462106, ""f_f_market_aligned_fraction_5m"": 1.0, ""f_new_family_balance"": 3.0}"
B2,f_gate_positioning_oi_change_pct|f_f_market_aligned_fraction_5m|f_new_family_balance,3,2,0.8,11,4,2,5,2,0.12121212121212122,0.043478260869565216,0.6666666666666666,0,2,1,0,3,0,3,False,"{""f_gate_positioning_oi_change_pct"": 0.26494511524836734, ""f_f_market_aligned_fraction_5m"": 1.0, ""f_new_family_balance"": 3.2}"
B2,f_gate_positioning_oi_change_pct|f_f_market_aligned_fraction_5m|f_new_family_balance,3,2,0.85,10,3,2,5,2,0.09090909090909091,0.043478260869565216,0.6,0,2,0,0,3,0,2,False,"{""f_gate_positioning_oi_change_pct"": 0.3614625229505696, ""f_f_market_aligned_fraction_5m"": 1.0, ""f_new_family_balance"": 3.6499999999999995}"
B2,f_gate_positioning_oi_change_pct|f_f_market_aligned_fraction_5m|f_new_family_balance,3,2,0.9,9,3,1,5,1,0.09090909090909091,0.021739130434782608,0.75,0,1,0,0,3,0,2,False,"{""f_gate_positioning_oi_change_pct"": 0.5043494634907606, ""f_f_market_aligned_fraction_5m"": 1.0, ""f_new_family_balance"": 4.0}"
B2,f_micro_selected_taker_share_prev3m|f_f_market_dispersion_15m|f_context_breakdown_down_pct,3,2,0.55,80,21,24,35,16,0.6363636363636364,0.5217391304347826,0.4666666666666667,3,6,2,3,16,15,3,False,"{""f_micro_selected_taker_share_prev3m"": 0.6419992213727249, ""f_f_market_dispersion_15m"": 0.09289213148896941, ""f_context_breakdown_down_pct"": 0.14433969999999996}"
B2,f_micro_selected_taker_share_prev3m|f_f_market_dispersion_15m|f_context_breakdown_down_pct,3,3,0.55,20,7,2,11,2,0.21212121212121213,0.043478260869565216,0.7777777777777778,1,1,0,0,6,1,4,True,"{""f_micro_selected_taker_share_prev3m"": 0.6419992213727249, ""f_f_market_dispersion_15m"": 0.09289213148896941, ""f_context_breakdown_down_pct"": 0.14433969999999996}"
B2,f_micro_selected_taker_share_prev3m|f_f_market_dispersion_15m|f_context_breakdown_down_pct,3,2,0.6,68,19,20,29,15,0.5757575757575758,0.43478260869565216,0.48717948717948717,3,4,2,3,14,13,4,False,"{""f_micro_selected_taker_share_prev3m"": 0.6817079920724427, ""f_f_market_dispersion_15m"": 0.090819954887291, ""f_context_breakdown_down_pct"": 0.10880200000000001}"
B2,f_micro_selected_taker_share_prev3m|f_f_market_dispersion_15m|f_context_breakdown_down_pct,3,3,0.6,14,6,2,6,2,0.18181818181818182,0.043478260869565216,0.75,1,1,0,0,5,1,3,False,"{""f_micro_selected_taker_share_prev3m"": 0.6817079920724427, ""f_f_market_dispersion_15m"": 0.090819954887291, ""f_context_breakdown_down_pct"": 0.10880200000000001}"
B2,f_micro_selected_taker_share_prev3m|f_f_market_dispersion_15m|f_context_breakdown_down_pct,3,2,0.65,57,17,14,26,10,0.5151515151515151,0.30434782608695654,0.5483870967741935,3,4,2,1,12,9,4,False,"{""f_micro_selected_taker_share_prev3m"": 0.7238235853967332, ""f_f_market_dispersion_15m"": 0.08984644379961478, ""f_context_breakdown_down_pct"": 0.07557175}"
B2,f_micro_selected_taker_share_prev3m|f_f_market_dispersion_15m|f_context_breakdown_down_pct,3,3,0.65,8,3,1,4,1,0.09090909090909091,0.021739130434782608,0.75,0,1,0,0,3,0,1,False,"{""f_micro_selected_taker_share_prev3m"": 0.7238235853967332, ""f_f_market_dispersion_15m"": 0.08984644379961478, ""f_context_breakdown_down_pct"": 0.07557175}"
B2,f_micro_selected_taker_share_prev3m|f_f_market_dispersion_15m|f_context_breakdown_down_pct,3,2,0.7,47,17,10,20,7,0.5151515151515151,0.21739130434782608,0.6296296296296297,3,3,2,0,12,7,5,False,"{""f_micro_selected_taker_share_prev3m"": 0.7522288015749875, ""f_f_market_dispersion_15m"": 0.08730329330185219, ""f_context_breakdown_down_pct"": 0.045146500000000006}"
B2,f_micro_selected_taker_share_prev3m|f_f_market_dispersion_15m|f_context_breakdown_down_pct,3,2,0.75,41,17,10,14,7,0.5151515151515151,0.21739130434782608,0.6296296296296297,3,3,2,0,12,7,5,False,"{""f_micro_selected_taker_share_prev3m"": 0.7737788291802238, ""f_f_market_dispersion_15m"": 0.08397532309904639, ""f_context_breakdown_down_pct"": 0.01612375}"
B2,f_micro_selected_taker_share_prev3m|f_f_market_dispersion_15m|f_context_breakdown_down_pct,3,2,0.8,37,14,9,14,6,0.42424242424242425,0.1956521739130435,0.6086956521739131,2,2,2,0,10,7,4,False,"{""f_micro_selected_taker_share_prev3m"": 0.7920567396352612, ""f_f_market_dispersion_15m"": 0.081451648230247, ""f_context_breakdown_down_pct"": 0.0}"
B2,f_micro_selected_taker_share_prev3m|f_f_market_dispersion_15m|f_context_breakdown_down_pct,3,2,0.85,32,13,7,12,5,0.3939393939393939,0.15217391304347827,0.65,2,2,1,0,10,5,5,False,"{""f_micro_selected_taker_share_prev3m"": 0.8062445036525503, ""f_f_market_dispersion_15m"": 0.07993334252895565, ""f_context_breakdown_down_pct"": 0.0}"
B2,f_micro_selected_taker_share_prev3m|f_f_market_dispersion_15m|f_context_breakdown_down_pct,3,2,0.9,26,12,4,10,2,0.36363636363636365,0.08695652173913043,0.75,2,0,1,0,9,4,4,True,"{""f_micro_selected_taker_share_prev3m"": 0.8225219437602855, ""f_f_market_dispersion_15m"": 0.07698814464435187, ""f_context_breakdown_down_pct"": 0.0}"
B2,f_micro_selected_taker_share_prev3m|f_f_market_dispersion_15m|f_f_market_selected_ret_30m,3,2,0.55,116,30,31,55,23,0.9090909090909091,0.6739130434782609,0.4918032786885246,4,5,4,4,22,22,4,False,"{""f_micro_selected_taker_share_prev3m"": 0.6419992213727249, ""f_f_market_dispersion_15m"": 0.09289213148896941, ""f_f_market_selected_ret_30m"": 0.3157608147100679}"
B2,f_micro_selected_taker_share_prev3m|f_f_market_dispersion_15m|f_f_market_selected_ret_30m,3,3,0.55,47,14,15,18,9,0.42424242424242425,0.32608695652173914,0.4827586206896552,2,3,2,3,10,9,3,False,"{""f_micro_selected_taker_share_prev3m"": 0.6419992213727249, ""f_f_market_dispersion_15m"": 0.09289213148896941, ""f_f_market_selected_ret_30m"": 0.3157608147100679}"
B2,f_micro_selected_taker_share_prev3m|f_f_market_dispersion_15m|f_f_market_selected_ret_30m,3,2,0.6,110,28,30,52,22,0.8484848484848485,0.6521739130434783,0.4827586206896552,3,5,4,4,21,21,4,False,"{""f_micro_selected_taker_share_prev3m"": 0.6817079920724427, ""f_f_market_dispersion_15m"": 0.090819954887291, ""f_f_market_selected_ret_30m"": 0.27953051404961293}"
B2,f_micro_selected_taker_share_prev3m|f_f_market_dispersion_15m|f_f_market_selected_ret_30m,3,3,0.6,35,12,11,12,8,0.36363636363636365,0.2391304347826087,0.5217391304347826,2,0,2,3,8,8,3,False,"{""f_micro_selected_taker_share_prev3m"": 0.6817079920724427, ""f_f_market_dispersion_15m"": 0.090819954887291, ""f_f_market_selected_ret_30m"": 0.27953051404961293}"
B2,f_micro_selected_taker_share_prev3m|f_f_market_dispersion_15m|f_f_market_selected_ret_30m,3,2,0.65,103,26,28,49,20,0.7878787878787878,0.6086956521739131,0.48148148148148145,3,5,4,4,19,19,4,False,"{""f_micro_selected_taker_share_prev3m"": 0.7238235853967332, ""f_f_market_dispersion_15m"": 0.08984644379961478, ""f_f_market_selected_ret_30m"": 0.24800416168246048}"
B2,f_micro_selected_taker_share_prev3m|f_f_market_dispersion_15m|f_f_market_selected_ret_30m,3,3,0.65,22,9,3,10,2,0.2727272727272727,0.06521739130434782,0.75,1,0,2,1,6,2,5,True,"{""f_micro_selected_taker_share_prev3m"": 0.7238235853967332, ""f_f_market_dispersion_15m"": 0.08984644379961478, ""f_f_market_selected_ret_30m"": 0.24800416168246048}"
B2,f_micro_selected_taker_share_prev3m|f_f_market_dispersion_15m|f_f_market_selected_ret_30m,3,2,0.7,92,25,22,45,17,0.7575757575757576,0.4782608695652174,0.5319148936170213,3,2,4,3,18,17,5,False,"{""f_micro_selected_taker_share_prev3m"": 0.7522288015749875, ""f_f_market_dispersion_15m"": 0.08730329330185219, ""f_f_market_selected_ret_30m"": 0.20612865023261098}"
B2,f_micro_selected_taker_share_prev3m|f_f_market_dispersion_15m|f_f_market_selected_ret_30m,3,3,0.7,16,8,1,7,1,0.24242424242424243,0.021739130434782608,0.8888888888888888,1,0,2,0,5,1,5,True,"{""f_micro_selected_taker_share_prev3m"": 0.7522288015749875, ""f_f_market_dispersion_15m"": 0.08730329330185219, ""f_f_market_selected_ret_30m"": 0.20612865023261098}"
B2,f_micro_selected_taker_share_prev3m|f_f_market_dispersion_15m|f_f_market_selected_ret_30m,3,2,0.75,85,22,22,41,17,0.6666666666666666,0.4782608695652174,0.5,2,2,4,3,16,17,4,False,"{""f_micro_selected_taker_share_prev3m"": 0.7737788291802238, ""f_f_market_dispersion_15m"": 0.08397532309904639, ""f_f_market_selected_ret_30m"": 0.1590785592414129}"
B2,f_micro_selected_taker_share_prev3m|f_f_market_dispersion_15m|f_f_market_selected_ret_30m,3,3,0.75,12,7,1,4,1,0.21212121212121213,0.021739130434782608,0.875,1,0,2,0,4,1,4,True,"{""f_micro_selected_taker_share_prev3m"": 0.7737788291802238, ""f_f_market_dispersion_15m"": 0.08397532309904639, ""f_f_market_selected_ret_30m"": 0.1590785592414129}"
B2,f_micro_selected_taker_share_prev3m|f_f_market_dispersion_15m|f_f_market_selected_ret_30m,3,2,0.8,78,21,20,37,16,0.6363636363636364,0.43478260869565216,0.5121951219512195,2,1,4,3,15,16,4,False,"{""f_micro_selected_taker_share_prev3m"": 0.7920567396352612, ""f_f_market_dispersion_15m"": 0.081451648230247, ""f_f_market_selected_ret_30m"": 0.13117480044327}"
B2,f_micro_selected_taker_share_prev3m|f_f_market_dispersion_15m|f_f_market_selected_ret_30m,3,3,0.8,6,3,1,2,1,0.09090909090909091,0.021739130434782608,0.75,0,0,1,0,2,1,2,False,"{""f_micro_selected_taker_share_prev3m"": 0.7920567396352612, ""f_f_market_dispersion_15m"": 0.081451648230247, ""f_f_market_selected_ret_30m"": 0.13117480044327}"
B2,f_micro_selected_taker_share_prev3m|f_f_market_dispersion_15m|f_f_market_selected_ret_30m,3,2,0.85,74,20,18,36,15,0.6060606060606061,0.391304347826087,0.5263157894736842,2,1,3,2,15,15,5,False,"{""f_micro_selected_taker_share_prev3m"": 0.8062445036525503, ""f_f_market_dispersion_15m"": 0.07993334252895565, ""f_f_market_selected_ret_30m"": 0.1272039568864461}"
B2,f_micro_selected_taker_share_prev3m|f_f_market_dispersion_15m|f_f_market_selected_ret_30m,3,3,0.85,3,3,0,0,0,0.09090909090909091,0.0,1.0,0,0,1,0,2,0,2,False,"{""f_micro_selected_taker_share_prev3m"": 0.8062445036525503, ""f_f_market_dispersion_15m"": 0.07993334252895565, ""f_f_market_selected_ret_30m"": 0.1272039568864461}"
B2,f_micro_selected_taker_share_prev3m|f_f_market_dispersion_15m|f_f_market_selected_ret_30m,3,2,0.9,66,19,16,31,13,0.5757575757575758,0.34782608695652173,0.5428571428571428,2,0,3,2,14,14,5,False,"{""f_micro_selected_taker_share_prev3m"": 0.8225219437602855, ""f_f_market_dispersion_15m"": 0.07698814464435187, ""f_f_market_selected_ret_30m"": 0.11864422057320188}"
B2,f_micro_selected_taker_share_prev3m|f_f_market_dispersion_15m|f_micro_price_flow_divergence,3,2,0.55,80,21,25,34,19,0.6363636363636364,0.5434782608695652,0.45652173913043476,4,5,2,3,15,17,3,False,"{""f_micro_selected_taker_share_prev3m"": 0.6419992213727249, ""f_f_market_dispersion_15m"": 0.09289213148896941, ""f_micro_price_flow_divergence"": 0.0119500913633334}"
B2,f_micro_selected_taker_share_prev3m|f_f_market_dispersion_15m|f_micro_price_flow_divergence,3,3,0.55,38,13,10,15,7,0.3939393939393939,0.21739130434782608,0.5652173913043478,2,3,2,2,9,5,5,False,"{""f_micro_selected_taker_share_prev3m"": 0.6419992213727249, ""f_f_market_dispersion_15m"": 0.09289213148896941, ""f_micro_price_flow_divergence"": 0.0119500913633334}"
B2,f_micro_selected_taker_share_prev3m|f_f_market_dispersion_15m|f_micro_price_flow_divergence,3,2,0.6,73,21,21,31,17,0.6363636363636364,0.45652173913043476,0.5,4,4,2,3,15,14,3,False,"{""f_micro_selected_taker_share_prev3m"": 0.6817079920724427, ""f_f_market_dispersion_15m"": 0.090819954887291, ""f_micro_price_flow_divergence"": 0.012675127220891261}"
B2,f_micro_selected_taker_share_prev3m|f_f_market_dispersion_15m|f_micro_price_flow_divergence,3,3,0.6,29,11,8,10,7,0.3333333333333333,0.17391304347826086,0.5789473684210527,2,1,2,2,7,5,5,False,"{""f_micro_selected_taker_share_prev3m"": 0.6817079920724427, ""f_f_market_dispersion_15m"": 0.090819954887291, ""f_micro_price_flow_divergence"": 0.012675127220891261}"
B2,f_micro_selected_taker_share_prev3m|f_f_market_dispersion_15m|f_micro_price_flow_divergence,3,2,0.65,63,19,16,28,12,0.5757575757575758,0.34782608695652173,0.5428571428571428,4,4,2,2,13,10,5,False,"{""f_micro_selected_taker_share_prev3m"": 0.7238235853967332, ""f_f_market_dispersion_15m"": 0.08984644379961478, ""f_micro_price_flow_divergence"": 0.012783221361499118}"
B2,f_micro_selected_taker_share_prev3m|f_f_market_dispersion_15m|f_micro_price_flow_divergence,3,3,0.65,21,9,4,8,4,0.2727272727272727,0.08695652173913043,0.6923076923076923,1,1,2,1,6,2,5,False,"{""f_micro_selected_taker_share_prev3m"": 0.7238235853967332, ""f_f_market_dispersion_15m"": 0.08984644379961478, ""f_micro_price_flow_divergence"": 0.012783221361499118}"
B2,f_micro_selected_taker_share_prev3m|f_f_market_dispersion_15m|f_micro_price_flow_divergence,3,2,0.7,54,16,13,25,11,0.48484848484848486,0.2826086956521739,0.5517241379310345,4,3,2,2,10,8,4,False,"{""f_micro_selected_taker_share_prev3m"": 0.7522288015749875, ""f_f_market_dispersion_15m"": 0.08730329330185219, ""f_micro_price_flow_divergence"": 0.013646104500558977}"
B2,f_micro_selected_taker_share_prev3m|f_f_market_dispersion_15m|f_micro_price_flow_divergence,3,3,0.7,14,8,1,5,1,0.24242424242424243,0.021739130434782608,0.8888888888888888,1,0,2,0,5,1,5,True,"{""f_micro_selected_taker_share_prev3m"": 0.7522288015749875, ""f_f_market_dispersion_15m"": 0.08730329330185219, ""f_micro_price_flow_divergence"": 0.013646104500558977}"
B2,f_micro_selected_taker_share_prev3m|f_f_market_dispersion_15m|f_micro_price_flow_divergence,3,2,0.75,49,15,13,21,11,0.45454545454545453,0.2826086956521739,0.5357142857142857,3,3,2,2,10,8,4,False,"{""f_micro_selected_taker_share_prev3m"": 0.7737788291802238, ""f_f_market_dispersion_15m"": 0.08397532309904639, ""f_micro_price_flow_divergence"": 0.01488638213884484}"
B2,f_micro_selected_taker_share_prev3m|f_f_market_dispersion_15m|f_micro_price_flow_divergence,3,3,0.75,11,7,1,3,1,0.21212121212121213,0.021739130434782608,0.875,1,0,2,0,4,1,5,True,"{""f_micro_selected_taker_share_prev3m"": 0.7737788291802238, ""f_f_market_dispersion_15m"": 0.08397532309904639, ""f_micro_price_flow_divergence"": 0.01488638213884484}"
B2,f_micro_selected_taker_share_prev3m|f_f_market_dispersion_15m|f_micro_price_flow_divergence,3,2,0.8,38,13,11,14,9,0.3939393939393939,0.2391304347826087,0.5416666666666666,3,2,2,1,8,8,3,False,"{""f_micro_selected_taker_share_prev3m"": 0.7920567396352612, ""f_f_market_dispersion_15m"": 0.081451648230247, ""f_micro_price_flow_divergence"": 0.019082996203197426}"
B2,f_micro_selected_taker_share_prev3m|f_f_market_dispersion_15m|f_micro_price_flow_divergence,3,3,0.8,7,4,1,2,1,0.12121212121212122,0.021739130434782608,0.8,0,0,2,0,2,1,3,False,"{""f_micro_selected_taker_share_prev3m"": 0.7920567396352612, ""f_f_market_dispersion_15m"": 0.081451648230247, ""f_micro_price_flow_divergence"": 0.019082996203197426}"
B2,f_micro_selected_taker_share_prev3m|f_f_market_dispersion_15m|f_micro_price_flow_divergence,3,2,0.85,31,10,9,12,8,0.30303030303030304,0.1956521739130435,0.5263157894736842,2,2,2,1,6,6,3,False,"{""f_micro_selected_taker_share_prev3m"": 0.8062445036525503, ""f_f_market_dispersion_15m"": 0.07993334252895565, ""f_micro_price_flow_divergence"": 0.026975030800133398}"
B2,f_micro_selected_taker_share_prev3m|f_f_market_dispersion_15m|f_micro_price_flow_divergence,3,3,0.85,5,3,1,1,1,0.09090909090909091,0.021739130434782608,0.75,0,0,1,0,2,1,3,False,"{""f_micro_selected_taker_share_prev3m"": 0.8062445036525503, ""f_f_market_dispersion_15m"": 0.07993334252895565, ""f_micro_price_flow_divergence"": 0.026975030800133398}"
B2,f_micro_selected_taker_share_prev3m|f_f_market_dispersion_15m|f_micro_price_flow_divergence,3,2,0.9,14,6,4,4,3,0.18181818181818182,0.08695652173913043,0.6,1,1,2,0,3,3,4,False,"{""f_micro_selected_taker_share_prev3m"": 0.8225219437602855, ""f_f_market_dispersion_15m"": 0.07698814464435187, ""f_micro_price_flow_divergence"": 0.046956635495231006}"
B2,f_micro_selected_taker_share_prev3m|f_f_market_dispersion_15m|f_f_market_aligned_fraction_5m,3,2,0.55,117,30,35,52,27,0.9090909090909091,0.7608695652173914,0.46153846153846156,4,6,4,4,22,25,3,False,"{""f_micro_selected_taker_share_prev3m"": 0.6419992213727249, ""f_f_market_dispersion_15m"": 0.09289213148896941, ""f_f_market_aligned_fraction_5m"": 0.25}"
B2,f_micro_selected_taker_share_prev3m|f_f_market_dispersion_15m|f_f_market_aligned_fraction_5m,3,3,0.55,41,13,11,17,7,0.3939393939393939,0.2391304347826087,0.5416666666666666,2,0,2,2,9,9,4,False,"{""f_micro_selected_taker_share_prev3m"": 0.6419992213727249, ""f_f_market_dispersion_15m"": 0.09289213148896941, ""f_f_market_aligned_fraction_5m"": 0.25}"
B2,f_micro_selected_taker_share_prev3m|f_f_market_dispersion_15m|f_f_market_aligned_fraction_5m,3,2,0.6,87,25,26,36,21,0.7575757575757576,0.5652173913043478,0.49019607843137253,4,2,3,4,18,20,3,False,"{""f_micro_selected_taker_share_prev3m"": 0.6817079920724427, ""f_f_market_dispersion_15m"": 0.090819954887291, ""f_f_market_aligned_fraction_5m"": 0.5499999999999996}"
B2,f_micro_selected_taker_share_prev3m|f_f_market_dispersion_15m|f_f_market_aligned_fraction_5m,3,3,0.6,23,7,5,11,4,0.21212121212121213,0.10869565217391304,0.5833333333333334,2,0,1,1,4,4,4,False,"{""f_micro_selected_taker_share_prev3m"": 0.6817079920724427, ""f_f_market_dispersion_15m"": 0.090819954887291, ""f_f_market_aligned_fraction_5m"": 0.5499999999999996}"
B2,f_micro_selected_taker_share_prev3m|f_f_market_dispersion_15m|f_f_market_aligned_fraction_5m,3,2,0.65,68,23,15,30,12,0.696969696969697,0.32608695652173914,0.6052631578947368,4,2,3,1,16,12,5,False,"{""f_micro_selected_taker_share_prev3m"": 0.7238235853967332, ""f_f_market_dispersion_15m"": 0.08984644379961478, ""f_f_market_aligned_fraction_5m"": 0.8875000000000004}"
B2,f_micro_selected_taker_share_prev3m|f_f_market_dispersion_15m|f_f_market_aligned_fraction_5m,3,3,0.65,12,4,2,6,2,0.12121212121212122,0.043478260869565216,0.6666666666666666,1,0,1,1,2,1,3,False,"{""f_micro_selected_taker_share_prev3m"": 0.7238235853967332, ""f_f_market_dispersion_15m"": 0.08984644379961478, ""f_f_market_aligned_fraction_5m"": 0.8875000000000004}"
B2,f_micro_selected_taker_share_prev3m|f_f_market_dispersion_15m|f_f_market_aligned_fraction_5m,3,2,0.7,61,21,12,28,10,0.6363636363636364,0.2608695652173913,0.6363636363636364,4,1,3,1,14,10,5,False,"{""f_micro_selected_taker_share_prev3m"": 0.7522288015749875, ""f_f_market_dispersion_15m"": 0.08730329330185219, ""f_f_market_aligned_fraction_5m"": 1.0}"
B2,f_micro_selected_taker_share_prev3m|f_f_market_dispersion_15m|f_f_market_aligned_fraction_5m,3,3,0.7,8,3,1,4,1,0.09090909090909091,0.021739130434782608,0.75,1,0,1,0,1,1,3,False,"{""f_micro_selected_taker_share_prev3m"": 0.7522288015749875, ""f_f_market_dispersion_15m"": 0.08730329330185219, ""f_f_market_aligned_fraction_5m"": 1.0}"
B2,f_micro_selected_taker_share_prev3m|f_f_market_dispersion_15m|f_f_market_aligned_fraction_5m,3,2,0.75,56,19,12,25,10,0.5757575757575758,0.2608695652173913,0.6129032258064516,3,1,3,1,13,10,5,False,"{""f_micro_selected_taker_share_prev3m"": 0.7737788291802238, ""f_f_market_dispersion_15m"": 0.08397532309904639, ""f_f_market_aligned_fraction_5m"": 1.0}"
B2,f_micro_selected_taker_share_prev3m|f_f_market_dispersion_15m|f_f_market_aligned_fraction_5m,3,3,0.75,6,3,1,2,1,0.09090909090909091,0.021739130434782608,0.75,1,0,1,0,1,1,3,False,"{""f_micro_selected_taker_share_prev3m"": 0.7737788291802238, ""f_f_market_dispersion_15m"": 0.08397532309904639, ""f_f_market_aligned_fraction_5m"": 1.0}"
B2,f_micro_selected_taker_share_prev3m|f_f_market_dispersion_15m|f_f_market_aligned_fraction_5m,3,2,0.8,51,17,12,22,10,0.5151515151515151,0.2608695652173913,0.5862068965517241,3,1,3,1,11,10,5,False,"{""f_micro_selected_taker_share_prev3m"": 0.7920567396352612, ""f_f_market_dispersion_15m"": 0.081451648230247, ""f_f_market_aligned_fraction_5m"": 1.0}"
B2,f_micro_selected_taker_share_prev3m|f_f_market_dispersion_15m|f_f_market_aligned_fraction_5m,3,2,0.85,48,17,10,21,9,0.5151515151515151,0.21739130434782608,0.6296296296296297,3,1,3,1,11,8,5,False,"{""f_micro_selected_taker_share_prev3m"": 0.8062445036525503, ""f_f_market_dispersion_15m"": 0.07993334252895565, ""f_f_market_aligned_fraction_5m"": 1.0}"
B2,f_micro_selected_taker_share_prev3m|f_f_market_dispersion_15m|f_f_market_aligned_fraction_5m,3,2,0.9,41,15,8,18,7,0.45454545454545453,0.17391304347826086,0.6521739130434783,3,0,3,1,9,7,5,False,"{""f_micro_selected_taker_share_prev3m"": 0.8225219437602855, ""f_f_market_dispersion_15m"": 0.07698814464435187, ""f_f_market_aligned_fraction_5m"": 1.0}"
B2,f_micro_selected_taker_share_prev3m|f_f_market_dispersion_15m|f_new_family_balance,3,2,0.55,81,23,24,34,17,0.696969696969697,0.5217391304347826,0.48936170212765956,4,5,3,3,16,16,3,False,"{""f_micro_selected_taker_share_prev3m"": 0.6419992213727249, ""f_f_market_dispersion_15m"": 0.09289213148896941, ""f_new_family_balance"": 2.95}"
B2,f_micro_selected_taker_share_prev3m|f_f_market_dispersion_15m|f_new_family_balance,3,3,0.55,18,7,4,7,1,0.21212121212121213,0.08695652173913043,0.6363636363636364,1,1,1,0,5,3,4,False,"{""f_micro_selected_taker_share_prev3m"": 0.6419992213727249, ""f_f_market_dispersion_15m"": 0.09289213148896941, ""f_new_family_balance"": 2.95}"
B2,f_micro_selected_taker_share_prev3m|f_f_market_dispersion_15m|f_new_family_balance,3,2,0.6,70,20,21,29,16,0.6060606060606061,0.45652173913043476,0.4878048780487805,4,4,3,3,13,14,3,False,"{""f_micro_selected_taker_share_prev3m"": 0.6817079920724427, ""f_f_market_dispersion_15m"": 0.090819954887291, ""f_new_family_balance"": 3.0}"
B2,f_micro_selected_taker_share_prev3m|f_f_market_dispersion_15m|f_new_family_balance,3,3,0.6,13,7,3,3,1,0.21212121212121213,0.06521739130434782,0.7,1,0,1,0,5,3,4,True,"{""f_micro_selected_taker_share_prev3m"": 0.6817079920724427, ""f_f_market_dispersion_15m"": 0.090819954887291, ""f_new_family_balance"": 3.0}"
B2,f_micro_selected_taker_share_prev3m|f_f_market_dispersion_15m|f_new_family_balance,3,2,0.65,60,20,15,25,11,0.6060606060606061,0.32608695652173914,0.5714285714285714,4,4,3,1,13,10,4,False,"{""f_micro_selected_taker_share_prev3m"": 0.7238235853967332, ""f_f_market_dispersion_15m"": 0.08984644379961478, ""f_new_family_balance"": 3.0}"
B2,f_micro_selected_taker_share_prev3m|f_f_market_dispersion_15m|f_new_family_balance,3,3,0.65,7,3,2,2,0,0.09090909090909091,0.043478260869565216,0.6,0,0,1,0,2,2,3,False,"{""f_micro_selected_taker_share_prev3m"": 0.7238235853967332, ""f_f_market_dispersion_15m"": 0.08984644379961478, ""f_new_family_balance"": 3.0}"
B2,f_micro_selected_taker_share_prev3m|f_f_market_dispersion_15m|f_new_family_balance,3,2,0.7,54,19,13,22,9,0.5757575757575758,0.2826086956521739,0.59375,4,3,3,0,12,10,5,False,"{""f_micro_selected_taker_share_prev3m"": 0.7522288015749875, ""f_f_market_dispersion_15m"": 0.08730329330185219, ""f_new_family_balance"": 3.0}"
B2,f_micro_selected_taker_share_prev3m|f_f_market_dispersion_15m|f_new_family_balance,3,3,0.7,6,3,1,2,0,0.09090909090909091,0.021739130434782608,0.75,0,0,1,0,2,1,3,False,"{""f_micro_selected_taker_share_prev3m"": 0.7522288015749875, ""f_f_market_dispersion_15m"": 0.08730329330185219, ""f_new_family_balance"": 3.0}"
B2,f_micro_selected_taker_share_prev3m|f_f_market_dispersion_15m|f_new_family_balance,3,2,0.75,51,18,13,20,9,0.5454545454545454,0.2826086956521739,0.5806451612903226,3,3,3,0,12,10,5,False,"{""f_micro_selected_taker_share_prev3m"": 0.7737788291802238, ""f_f_market_dispersion_15m"": 0.08397532309904639, ""f_new_family_balance"": 3.0}"
B2,f_micro_selected_taker_share_prev3m|f_f_market_dispersion_15m|f_new_family_balance,3,2,0.8,18,7,5,6,3,0.21212121212121213,0.10869565217391304,0.5833333333333334,0,1,2,0,5,4,3,False,"{""f_micro_selected_taker_share_prev3m"": 0.7920567396352612, ""f_f_market_dispersion_15m"": 0.081451648230247, ""f_new_family_balance"": 3.2}"
B2,f_micro_selected_taker_share_prev3m|f_f_market_dispersion_15m|f_new_family_balance,3,2,0.85,13,6,3,4,2,0.18181818181818182,0.06521739130434782,0.6666666666666666,0,1,1,0,5,2,4,False,"{""f_micro_selected_taker_share_prev3m"": 0.8062445036525503, ""f_f_market_dispersion_15m"": 0.07993334252895565, ""f_new_family_balance"": 3.6499999999999995}"
B2,f_micro_selected_taker_share_prev3m|f_f_market_dispersion_15m|f_new_family_balance,3,2,0.9,8,4,1,3,0,0.12121212121212122,0.021739130434782608,0.8,0,0,1,0,3,1,3,False,"{""f_micro_selected_taker_share_prev3m"": 0.8225219437602855, ""f_f_market_dispersion_15m"": 0.07698814464435187, ""f_new_family_balance"": 4.0}"
B2,f_micro_selected_taker_share_prev3m|f_context_breakdown_down_pct|f_f_market_selected_ret_30m,3,2,0.55,86,24,25,37,17,0.7272727272727273,0.5434782608695652,0.4897959183673469,4,6,2,3,18,16,4,False,"{""f_micro_selected_taker_share_prev3m"": 0.6419992213727249, ""f_context_breakdown_down_pct"": 0.14433969999999996, ""f_f_market_selected_ret_30m"": 0.3157608147100679}"
B2,f_micro_selected_taker_share_prev3m|f_context_breakdown_down_pct|f_f_market_selected_ret_30m,3,3,0.55,22,6,3,13,3,0.18181818181818182,0.06521739130434782,0.6666666666666666,2,1,0,0,4,2,4,False,"{""f_micro_selected_taker_share_prev3m"": 0.6419992213727249, ""f_context_breakdown_down_pct"": 0.14433969999999996, ""f_f_market_selected_ret_30m"": 0.3157608147100679}"
B2,f_micro_selected_taker_share_prev3m|f_context_breakdown_down_pct|f_f_market_selected_ret_30m,3,2,0.6,76,22,22,32,16,0.6666666666666666,0.4782608695652174,0.5,3,5,2,3,17,14,4,False,"{""f_micro_selected_taker_share_prev3m"": 0.6817079920724427, ""f_context_breakdown_down_pct"": 0.10880200000000001, ""f_f_market_selected_ret_30m"": 0.27953051404961293}"
B2,f_micro_selected_taker_share_prev3m|f_context_breakdown_down_pct|f_f_market_selected_ret_30m,3,3,0.6,13,5,1,7,1,0.15151515151515152,0.021739130434782608,0.8333333333333334,2,0,0,0,3,1,3,False,"{""f_micro_selected_taker_share_prev3m"": 0.6817079920724427, ""f_context_breakdown_down_pct"": 0.10880200000000001, ""f_f_market_selected_ret_30m"": 0.27953051404961293}"
B2,f_micro_selected_taker_share_prev3m|f_context_breakdown_down_pct|f_f_market_selected_ret_30m,3,2,0.65,60,18,13,29,9,0.5454545454545454,0.2826086956521739,0.5806451612903226,3,5,2,1,13,7,4,False,"{""f_micro_selected_taker_share_prev3m"": 0.7238235853967332, ""f_context_breakdown_down_pct"": 0.07557175, ""f_f_market_selected_ret_30m"": 0.24800416168246048}"
B2,f_micro_selected_taker_share_prev3m|f_context_breakdown_down_pct|f_f_market_selected_ret_30m,3,3,0.65,9,3,0,6,0,0.09090909090909091,0.0,1.0,1,0,0,0,2,0,2,False,"{""f_micro_selected_taker_share_prev3m"": 0.7238235853967332, ""f_context_breakdown_down_pct"": 0.07557175, ""f_f_market_selected_ret_30m"": 0.24800416168246048}"
B2,f_micro_selected_taker_share_prev3m|f_context_breakdown_down_pct|f_f_market_selected_ret_30m,3,2,0.7,45,17,8,20,6,0.5151515151515151,0.17391304347826086,0.68,3,3,2,0,12,5,5,False,"{""f_micro_selected_taker_share_prev3m"": 0.7522288015749875, ""f_context_breakdown_down_pct"": 0.045146500000000006, ""f_f_market_selected_ret_30m"": 0.20612865023261098}"
B2,f_micro_selected_taker_share_prev3m|f_context_breakdown_down_pct|f_f_market_selected_ret_30m,3,2,0.75,38,16,8,14,6,0.48484848484848486,0.17391304347826086,0.6666666666666666,3,3,2,0,11,5,5,False,"{""f_micro_selected_taker_share_prev3m"": 0.7737788291802238, ""f_context_breakdown_down_pct"": 0.01612375, ""f_f_market_selected_ret_30m"": 0.1590785592414129}"
B2,f_micro_selected_taker_share_prev3m|f_context_breakdown_down_pct|f_f_market_selected_ret_30m,3,2,0.8,31,13,6,12,5,0.3939393939393939,0.13043478260869565,0.6842105263157895,3,2,1,0,9,4,5,False,"{""f_micro_selected_taker_share_prev3m"": 0.7920567396352612, ""f_context_breakdown_down_pct"": 0.0, ""f_f_market_selected_ret_30m"": 0.13117480044327}"
B2,f_micro_selected_taker_share_prev3m|f_context_breakdown_down_pct|f_f_market_selected_ret_30m,3,2,0.85,27,13,5,9,4,0.3939393939393939,0.10869565217391304,0.7222222222222222,3,2,1,0,9,3,5,True,"{""f_micro_selected_taker_share_prev3m"": 0.8062445036525503, ""f_context_breakdown_down_pct"": 0.0, ""f_f_market_selected_ret_30m"": 0.1272039568864461}"
B2,f_micro_selected_taker_share_prev3m|f_context_breakdown_down_pct|f_f_market_selected_ret_30m,3,2,0.9,24,12,3,9,2,0.36363636363636365,0.06521739130434782,0.8,3,0,1,0,8,3,5,True,"{""f_micro_selected_taker_share_prev3m"": 0.8225219437602855, ""f_context_breakdown_down_pct"": 0.0, ""f_f_market_selected_ret_30m"": 0.11864422057320188}"
B2,f_micro_selected_taker_share_prev3m|f_context_breakdown_down_pct|f_micro_price_flow_divergence,3,2,0.55,68,19,18,31,15,0.5757575757575758,0.391304347826087,0.5135135135135135,4,5,2,2,13,11,4,False,"{""f_micro_selected_taker_share_prev3m"": 0.6419992213727249, ""f_context_breakdown_down_pct"": 0.14433969999999996, ""f_micro_price_flow_divergence"": 0.0119500913633334}"
B2,f_micro_selected_taker_share_prev3m|f_context_breakdown_down_pct|f_micro_price_flow_divergence,3,3,0.55,19,7,4,8,4,0.21212121212121213,0.08695652173913043,0.6363636363636364,2,2,0,0,5,2,4,False,"{""f_micro_selected_taker_share_prev3m"": 0.6419992213727249, ""f_context_breakdown_down_pct"": 0.14433969999999996, ""f_micro_price_flow_divergence"": 0.0119500913633334}"
B2,f_micro_selected_taker_share_prev3m|f_context_breakdown_down_pct|f_micro_price_flow_divergence,3,2,0.6,59,18,15,26,13,0.5454545454545454,0.32608695652173914,0.5454545454545454,4,4,2,2,12,9,5,False,"{""f_micro_selected_taker_share_prev3m"": 0.6817079920724427, ""f_context_breakdown_down_pct"": 0.10880200000000001, ""f_micro_price_flow_divergence"": 0.012675127220891261}"
B2,f_micro_selected_taker_share_prev3m|f_context_breakdown_down_pct|f_micro_price_flow_divergence,3,3,0.6,13,6,3,4,3,0.18181818181818182,0.06521739130434782,0.6666666666666666,2,2,0,0,4,1,3,False,"{""f_micro_selected_taker_share_prev3m"": 0.6817079920724427, ""f_context_breakdown_down_pct"": 0.10880200000000001, ""f_micro_price_flow_divergence"": 0.012675127220891261}"
B2,f_micro_selected_taker_share_prev3m|f_context_breakdown_down_pct|f_micro_price_flow_divergence,3,2,0.65,51,17,10,24,9,0.5151515151515151,0.21739130434782608,0.6296296296296297,4,4,2,1,11,5,5,False,"{""f_micro_selected_taker_share_prev3m"": 0.7238235853967332, ""f_context_breakdown_down_pct"": 0.07557175, ""f_micro_price_flow_divergence"": 0.012783221361499118}"
B2,f_micro_selected_taker_share_prev3m|f_context_breakdown_down_pct|f_micro_price_flow_divergence,3,3,0.65,9,4,2,3,2,0.12121212121212122,0.043478260869565216,0.6666666666666666,1,2,0,0,3,0,2,False,"{""f_micro_selected_taker_share_prev3m"": 0.7238235853967332, ""f_context_breakdown_down_pct"": 0.07557175, ""f_micro_price_flow_divergence"": 0.012783221361499118}"
B2,f_micro_selected_taker_share_prev3m|f_context_breakdown_down_pct|f_micro_price_flow_divergence,3,2,0.7,37,14,5,18,5,0.42424242424242425,0.10869565217391304,0.7368421052631579,4,2,2,0,8,3,5,False,"{""f_micro_selected_taker_share_prev3m"": 0.7522288015749875, ""f_context_breakdown_down_pct"": 0.045146500000000006, ""f_micro_price_flow_divergence"": 0.013646104500558977}"
B2,f_micro_selected_taker_share_prev3m|f_context_breakdown_down_pct|f_micro_price_flow_divergence,3,3,0.7,6,3,1,2,1,0.09090909090909091,0.021739130434782608,0.75,1,1,0,0,2,0,2,False,"{""f_micro_selected_taker_share_prev3m"": 0.7522288015749875, ""f_context_breakdown_down_pct"": 0.045146500000000006, ""f_micro_price_flow_divergence"": 0.013646104500558977}"
B2,f_micro_selected_taker_share_prev3m|f_context_breakdown_down_pct|f_micro_price_flow_divergence,3,2,0.75,32,13,5,14,5,0.3939393939393939,0.10869565217391304,0.7222222222222222,3,2,2,0,8,3,5,False,"{""f_micro_selected_taker_share_prev3m"": 0.7737788291802238, ""f_context_breakdown_down_pct"": 0.01612375, ""f_micro_price_flow_divergence"": 0.01488638213884484}"
B2,f_micro_selected_taker_share_prev3m|f_context_breakdown_down_pct|f_micro_price_flow_divergence,3,3,0.75,5,3,1,1,1,0.09090909090909091,0.021739130434782608,0.75,1,1,0,0,2,0,2,False,"{""f_micro_selected_taker_share_prev3m"": 0.7737788291802238, ""f_context_breakdown_down_pct"": 0.01612375, ""f_micro_price_flow_divergence"": 0.01488638213884484}"
B2,f_micro_selected_taker_share_prev3m|f_context_breakdown_down_pct|f_micro_price_flow_divergence,3,2,0.8,23,10,5,8,5,0.30303030303030304,0.10869565217391304,0.6666666666666666,3,2,2,0,5,3,4,False,"{""f_micro_selected_taker_share_prev3m"": 0.7920567396352612, ""f_context_breakdown_down_pct"": 0.0, ""f_micro_price_flow_divergence"": 0.019082996203197426}"
B2,f_micro_selected_taker_share_prev3m|f_context_breakdown_down_pct|f_micro_price_flow_divergence,3,3,0.8,3,3,0,0,0,0.09090909090909091,0.0,1.0,1,0,0,0,2,0,2,False,"{""f_micro_selected_taker_share_prev3m"": 0.7920567396352612, ""f_context_breakdown_down_pct"": 0.0, ""f_micro_price_flow_divergence"": 0.019082996203197426}"
B2,f_micro_selected_taker_share_prev3m|f_context_breakdown_down_pct|f_micro_price_flow_divergence,3,2,0.85,19,7,5,7,5,0.21212121212121213,0.10869565217391304,0.5833333333333334,2,2,1,0,4,3,4,False,"{""f_micro_selected_taker_share_prev3m"": 0.8062445036525503, ""f_context_breakdown_down_pct"": 0.0, ""f_micro_price_flow_divergence"": 0.026975030800133398}"
B2,f_micro_selected_taker_share_prev3m|f_context_breakdown_down_pct|f_micro_price_flow_divergence,3,3,0.85,3,3,0,0,0,0.09090909090909091,0.0,1.0,1,0,0,0,2,0,2,False,"{""f_micro_selected_taker_share_prev3m"": 0.8062445036525503, ""f_context_breakdown_down_pct"": 0.0, ""f_micro_price_flow_divergence"": 0.026975030800133398}"
B2,f_micro_selected_taker_share_prev3m|f_context_breakdown_down_pct|f_micro_price_flow_divergence,3,2,0.9,9,6,2,1,2,0.18181818181818182,0.043478260869565216,0.75,2,0,1,0,3,2,4,True,"{""f_micro_selected_taker_share_prev3m"": 0.8225219437602855, ""f_context_breakdown_down_pct"": 0.0, ""f_micro_price_flow_divergence"": 0.046956635495231006}"
B2,f_micro_selected_taker_share_prev3m|f_context_breakdown_down_pct|f_f_market_aligned_fraction_5m,3,2,0.55,90,23,26,41,20,0.696969696969697,0.5652173913043478,0.46938775510204084,4,5,2,2,17,19,4,False,"{""f_micro_selected_taker_share_prev3m"": 0.6419992213727249, ""f_context_breakdown_down_pct"": 0.14433969999999996, ""f_f_market_aligned_fraction_5m"": 0.25}"
B2,f_micro_selected_taker_share_prev3m|f_context_breakdown_down_pct|f_f_market_aligned_fraction_5m,3,3,0.55,23,7,3,13,3,0.21212121212121213,0.06521739130434782,0.7,2,1,0,0,5,2,4,True,"{""f_micro_selected_taker_share_prev3m"": 0.6419992213727249, ""f_context_breakdown_down_pct"": 0.14433969999999996, ""f_f_market_aligned_fraction_5m"": 0.25}"
B2,f_micro_selected_taker_share_prev3m|f_context_breakdown_down_pct|f_f_market_aligned_fraction_5m,3,2,0.6,63,16,16,31,13,0.48484848484848486,0.34782608695652173,0.5,4,2,1,1,11,13,4,False,"{""f_micro_selected_taker_share_prev3m"": 0.6817079920724427, ""f_context_breakdown_down_pct"": 0.10880200000000001, ""f_f_market_aligned_fraction_5m"": 0.5499999999999996}"
B2,f_micro_selected_taker_share_prev3m|f_context_breakdown_down_pct|f_f_market_aligned_fraction_5m,3,3,0.6,11,6,1,4,1,0.18181818181818182,0.021739130434782608,0.8571428571428571,2,1,0,0,4,0,3,False,"{""f_micro_selected_taker_share_prev3m"": 0.6817079920724427, ""f_context_breakdown_down_pct"": 0.10880200000000001, ""f_f_market_aligned_fraction_5m"": 0.5499999999999996}"
B2,f_micro_selected_taker_share_prev3m|f_context_breakdown_down_pct|f_f_market_aligned_fraction_5m,3,2,0.65,46,15,8,23,7,0.45454545454545453,0.17391304347826086,0.6521739130434783,4,2,1,1,10,5,4,False,"{""f_micro_selected_taker_share_prev3m"": 0.7238235853967332, ""f_context_breakdown_down_pct"": 0.07557175, ""f_f_market_aligned_fraction_5m"": 0.8875000000000004}"
B2,f_micro_selected_taker_share_prev3m|f_context_breakdown_down_pct|f_f_market_aligned_fraction_5m,3,3,0.65,6,3,1,2,1,0.09090909090909091,0.021739130434782608,0.75,1,1,0,0,2,0,2,False,"{""f_micro_selected_taker_share_prev3m"": 0.7238235853967332, ""f_context_breakdown_down_pct"": 0.07557175, ""f_f_market_aligned_fraction_5m"": 0.8875000000000004}"
B2,f_micro_selected_taker_share_prev3m|f_context_breakdown_down_pct|f_f_market_aligned_fraction_5m,3,2,0.7,34,13,4,17,3,0.3939393939393939,0.08695652173913043,0.7647058823529411,4,1,1,0,8,3,4,True,"{""f_micro_selected_taker_share_prev3m"": 0.7522288015749875, ""f_context_breakdown_down_pct"": 0.045146500000000006, ""f_f_market_aligned_fraction_5m"": 1.0}"
B2,f_micro_selected_taker_share_prev3m|f_context_breakdown_down_pct|f_f_market_aligned_fraction_5m,3,2,0.75,28,12,4,12,3,0.36363636363636365,0.08695652173913043,0.75,3,1,1,0,8,3,4,True,"{""f_micro_selected_taker_share_prev3m"": 0.7737788291802238, ""f_context_breakdown_down_pct"": 0.01612375, ""f_f_market_aligned_fraction_5m"": 1.0}"
B2,f_micro_selected_taker_share_prev3m|f_context_breakdown_down_pct|f_f_market_aligned_fraction_5m,3,2,0.8,24,12,4,8,3,0.36363636363636365,0.08695652173913043,0.75,3,1,1,0,8,3,4,True,"{""f_micro_selected_taker_share_prev3m"": 0.7920567396352612, ""f_context_breakdown_down_pct"": 0.0, ""f_f_market_aligned_fraction_5m"": 1.0}"
B2,f_micro_selected_taker_share_prev3m|f_context_breakdown_down_pct|f_f_market_aligned_fraction_5m,3,2,0.85,22,11,4,7,3,0.3333333333333333,0.08695652173913043,0.7333333333333333,3,1,0,0,8,3,3,False,"{""f_micro_selected_taker_share_prev3m"": 0.8062445036525503, ""f_context_breakdown_down_pct"": 0.0, ""f_f_market_aligned_fraction_5m"": 1.0}"
B2,f_micro_selected_taker_share_prev3m|f_context_breakdown_down_pct|f_f_market_aligned_fraction_5m,3,2,0.9,21,11,3,7,2,0.3333333333333333,0.06521739130434782,0.7857142857142857,3,1,0,0,8,2,3,False,"{""f_micro_selected_taker_share_prev3m"": 0.8225219437602855, ""f_context_breakdown_down_pct"": 0.0, ""f_f_market_aligned_fraction_5m"": 1.0}"
B2,f_micro_selected_taker_share_prev3m|f_context_breakdown_down_pct|f_new_family_balance,3,2,0.55,53,14,13,26,9,0.42424242424242425,0.2826086956521739,0.5185185185185185,3,5,1,0,10,8,4,False,"{""f_micro_selected_taker_share_prev3m"": 0.6419992213727249, ""f_context_breakdown_down_pct"": 0.14433969999999996, ""f_new_family_balance"": 2.95}"
B2,f_micro_selected_taker_share_prev3m|f_context_breakdown_down_pct|f_new_family_balance,3,3,0.55,12,5,0,7,0,0.15151515151515152,0.0,1.0,2,0,0,0,3,0,3,False,"{""f_micro_selected_taker_share_prev3m"": 0.6419992213727249, ""f_context_breakdown_down_pct"": 0.14433969999999996, ""f_new_family_balance"": 2.95}"
B2,f_micro_selected_taker_share_prev3m|f_context_breakdown_down_pct|f_new_family_balance,3,2,0.6,45,13,11,21,7,0.3939393939393939,0.2391304347826087,0.5416666666666666,3,5,1,0,9,6,4,False,"{""f_micro_selected_taker_share_prev3m"": 0.6817079920724427, ""f_context_breakdown_down_pct"": 0.10880200000000001, ""f_new_family_balance"": 3.0}"
B2,f_micro_selected_taker_share_prev3m|f_context_breakdown_down_pct|f_new_family_balance,3,3,0.6,7,5,0,2,0,0.15151515151515152,0.0,1.0,2,0,0,0,3,0,3,False,"{""f_micro_selected_taker_share_prev3m"": 0.6817079920724427, ""f_context_breakdown_down_pct"": 0.10880200000000001, ""f_new_family_balance"": 3.0}"
B2,f_micro_selected_taker_share_prev3m|f_context_breakdown_down_pct|f_new_family_balance,3,2,0.65,40,12,9,19,5,0.36363636363636365,0.1956521739130435,0.5714285714285714,3,5,1,0,8,4,4,False,"{""f_micro_selected_taker_share_prev3m"": 0.7238235853967332, ""f_context_breakdown_down_pct"": 0.07557175, ""f_new_family_balance"": 3.0}"
B2,f_micro_selected_taker_share_prev3m|f_context_breakdown_down_pct|f_new_family_balance,3,2,0.7,32,11,7,14,4,0.3333333333333333,0.15217391304347827,0.6111111111111112,3,4,1,0,7,3,4,False,"{""f_micro_selected_taker_share_prev3m"": 0.7522288015749875, ""f_context_breakdown_down_pct"": 0.045146500000000006, ""f_new_family_balance"": 3.0}"
B2,f_micro_selected_taker_share_prev3m|f_context_breakdown_down_pct|f_new_family_balance,3,2,0.75,27,10,7,10,4,0.30303030303030304,0.15217391304347827,0.5882352941176471,2,4,1,0,7,3,4,False,"{""f_micro_selected_taker_share_prev3m"": 0.7737788291802238, ""f_context_breakdown_down_pct"": 0.01612375, ""f_new_family_balance"": 3.0}"
B2,f_micro_selected_taker_share_prev3m|f_context_breakdown_down_pct|f_new_family_balance,3,2,0.8,9,4,4,1,3,0.12121212121212122,0.08695652173913043,0.5,1,3,0,0,3,1,2,False,"{""f_micro_selected_taker_share_prev3m"": 0.7920567396352612, ""f_context_breakdown_down_pct"": 0.0, ""f_new_family_balance"": 3.2}"
B2,f_micro_selected_taker_share_prev3m|f_context_breakdown_down_pct|f_new_family_balance,3,2,0.85,9,4,4,1,3,0.12121212121212122,0.08695652173913043,0.5,1,3,0,0,3,1,2,False,"{""f_micro_selected_taker_share_prev3m"": 0.8062445036525503, ""f_context_breakdown_down_pct"": 0.0, ""f_new_family_balance"": 3.6499999999999995}"
B2,f_micro_selected_taker_share_prev3m|f_context_breakdown_down_pct|f_new_family_balance,3,2,0.9,8,4,3,1,2,0.12121212121212122,0.06521739130434782,0.5714285714285714,1,2,0,0,3,1,3,False,"{""f_micro_selected_taker_share_prev3m"": 0.8225219437602855, ""f_context_breakdown_down_pct"": 0.0, ""f_new_family_balance"": 4.0}"
B2,f_micro_selected_taker_share_prev3m|f_f_market_selected_ret_30m|f_micro_price_flow_divergence,3,2,0.55,81,20,25,36,18,0.6060606060606061,0.5434782608695652,0.4444444444444444,4,5,2,3,14,17,2,False,"{""f_micro_selected_taker_share_prev3m"": 0.6419992213727249, ""f_f_market_selected_ret_30m"": 0.3157608147100679, ""f_micro_price_flow_divergence"": 0.0119500913633334}"
B2,f_micro_selected_taker_share_prev3m|f_f_market_selected_ret_30m|f_micro_price_flow_divergence,3,3,0.55,44,16,13,15,10,0.48484848484848486,0.2826086956521739,0.5517241379310345,4,4,2,2,10,7,4,False,"{""f_micro_selected_taker_share_prev3m"": 0.6419992213727249, ""f_f_market_selected_ret_30m"": 0.3157608147100679, ""f_micro_price_flow_divergence"": 0.0119500913633334}"
B2,f_micro_selected_taker_share_prev3m|f_f_market_selected_ret_30m|f_micro_price_flow_divergence,3,2,0.6,71,20,21,30,16,0.6060606060606061,0.45652173913043476,0.4878048780487805,4,4,2,3,14,14,3,False,"{""f_micro_selected_taker_share_prev3m"": 0.6817079920724427, ""f_f_market_selected_ret_30m"": 0.27953051404961293, ""f_micro_price_flow_divergence"": 0.012675127220891261}"
B2,f_micro_selected_taker_share_prev3m|f_f_market_selected_ret_30m|f_micro_price_flow_divergence,3,3,0.6,35,13,10,12,8,0.3939393939393939,0.21739130434782608,0.5652173913043478,3,2,2,2,8,6,5,False,"{""f_micro_selected_taker_share_prev3m"": 0.6817079920724427, ""f_f_market_selected_ret_30m"": 0.27953051404961293, ""f_micro_price_flow_divergence"": 0.012675127220891261}"
B2,f_micro_selected_taker_share_prev3m|f_f_market_selected_ret_30m|f_micro_price_flow_divergence,3,2,0.65,60,19,15,26,11,0.5757575757575758,0.32608695652173914,0.5588235294117647,4,4,2,2,13,9,5,False,"{""f_micro_selected_taker_share_prev3m"": 0.7238235853967332, ""f_f_market_selected_ret_30m"": 0.24800416168246048, ""f_micro_price_flow_divergence"": 0.012783221361499118}"
B2,f_micro_selected_taker_share_prev3m|f_f_market_selected_ret_30m|f_micro_price_flow_divergence,3,3,0.65,26,10,4,12,3,0.30303030303030304,0.08695652173913043,0.7142857142857143,2,2,2,1,6,1,5,True,"{""f_micro_selected_taker_share_prev3m"": 0.7238235853967332, ""f_f_market_selected_ret_30m"": 0.24800416168246048, ""f_micro_price_flow_divergence"": 0.012783221361499118}"
B2,f_micro_selected_taker_share_prev3m|f_f_market_selected_ret_30m|f_micro_price_flow_divergence,3,2,0.7,52,17,10,25,8,0.5151515151515151,0.21739130434782608,0.6296296296296297,4,2,2,1,11,7,5,False,"{""f_micro_selected_taker_share_prev3m"": 0.7522288015749875, ""f_f_market_selected_ret_30m"": 0.20612865023261098, ""f_micro_price_flow_divergence"": 0.013646104500558977}"
B2,f_micro_selected_taker_share_prev3m|f_f_market_selected_ret_30m|f_micro_price_flow_divergence,3,3,0.7,16,8,1,7,1,0.24242424242424243,0.021739130434782608,0.8888888888888888,2,1,2,0,4,0,5,True,"{""f_micro_selected_taker_share_prev3m"": 0.7522288015749875, ""f_f_market_selected_ret_30m"": 0.20612865023261098, ""f_micro_price_flow_divergence"": 0.013646104500558977}"
B2,f_micro_selected_taker_share_prev3m|f_f_market_selected_ret_30m|f_micro_price_flow_divergence,3,2,0.75,46,16,10,20,8,0.48484848484848486,0.21739130434782608,0.6153846153846154,3,2,2,1,11,7,5,False,"{""f_micro_selected_taker_share_prev3m"": 0.7737788291802238, ""f_f_market_selected_ret_30m"": 0.1590785592414129, ""f_micro_price_flow_divergence"": 0.01488638213884484}"
B2,f_micro_selected_taker_share_prev3m|f_f_market_selected_ret_30m|f_micro_price_flow_divergence,3,3,0.75,11,7,1,3,1,0.21212121212121213,0.021739130434782608,0.875,1,1,2,0,4,0,5,True,"{""f_micro_selected_taker_share_prev3m"": 0.7737788291802238, ""f_f_market_selected_ret_30m"": 0.1590785592414129, ""f_micro_price_flow_divergence"": 0.01488638213884484}"
B2,f_micro_selected_taker_share_prev3m|f_f_market_selected_ret_30m|f_micro_price_flow_divergence,3,2,0.8,37,14,9,14,7,0.42424242424242425,0.1956521739130435,0.6086956521739131,3,1,2,1,9,7,5,False,"{""f_micro_selected_taker_share_prev3m"": 0.7920567396352612, ""f_f_market_selected_ret_30m"": 0.13117480044327, ""f_micro_price_flow_divergence"": 0.019082996203197426}"
B2,f_micro_selected_taker_share_prev3m|f_f_market_selected_ret_30m|f_micro_price_flow_divergence,3,3,0.8,6,4,1,1,1,0.12121212121212122,0.021739130434782608,0.8,1,1,1,0,2,0,4,True,"{""f_micro_selected_taker_share_prev3m"": 0.7920567396352612, ""f_f_market_selected_ret_30m"": 0.13117480044327, ""f_micro_price_flow_divergence"": 0.019082996203197426}"
B2,f_micro_selected_taker_share_prev3m|f_f_market_selected_ret_30m|f_micro_price_flow_divergence,3,2,0.85,30,10,7,13,5,0.30303030303030304,0.15217391304347827,0.5882352941176471,2,1,1,0,7,6,5,False,"{""f_micro_selected_taker_share_prev3m"": 0.8062445036525503, ""f_f_market_selected_ret_30m"": 0.1272039568864461, ""f_micro_price_flow_divergence"": 0.026975030800133398}"
B2,f_micro_selected_taker_share_prev3m|f_f_market_selected_ret_30m|f_micro_price_flow_divergence,3,3,0.85,5,4,1,0,1,0.12121212121212122,0.021739130434782608,0.8,1,1,1,0,2,0,4,True,"{""f_micro_selected_taker_share_prev3m"": 0.8062445036525503, ""f_f_market_selected_ret_30m"": 0.1272039568864461, ""f_micro_price_flow_divergence"": 0.026975030800133398}"
B2,f_micro_selected_taker_share_prev3m|f_f_market_selected_ret_30m|f_micro_price_flow_divergence,3,2,0.9,14,6,4,4,2,0.18181818181818182,0.08695652173913043,0.6,1,0,1,0,4,4,4,False,"{""f_micro_selected_taker_share_prev3m"": 0.8225219437602855, ""f_f_market_selected_ret_30m"": 0.11864422057320188, ""f_micro_price_flow_divergence"": 0.046956635495231006}"
B2,f_micro_selected_taker_share_prev3m|f_f_market_selected_ret_30m|f_micro_price_flow_divergence,3,3,0.9,4,4,0,0,0,0.12121212121212122,0.0,1.0,1,0,1,0,2,0,4,True,"{""f_micro_selected_taker_share_prev3m"": 0.8225219437602855, ""f_f_market_selected_ret_30m"": 0.11864422057320188, ""f_micro_price_flow_divergence"": 0.046956635495231006}"
B2,f_micro_selected_taker_share_prev3m|f_f_market_selected_ret_30m|f_f_market_aligned_fraction_5m,3,2,0.55,125,30,36,59,26,0.9090909090909091,0.782608695652174,0.45454545454545453,4,6,4,4,22,26,3,False,"{""f_micro_selected_taker_share_prev3m"": 0.6419992213727249, ""f_f_market_selected_ret_30m"": 0.3157608147100679, ""f_f_market_aligned_fraction_5m"": 0.25}"
B2,f_micro_selected_taker_share_prev3m|f_f_market_selected_ret_30m|f_f_market_aligned_fraction_5m,3,3,0.55,47,15,14,18,10,0.45454545454545453,0.30434782608695654,0.5172413793103449,4,1,2,2,9,11,3,False,"{""f_micro_selected_taker_share_prev3m"": 0.6419992213727249, ""f_f_market_selected_ret_30m"": 0.3157608147100679, ""f_f_market_aligned_fraction_5m"": 0.25}"
B2,f_micro_selected_taker_share_prev3m|f_f_market_selected_ret_30m|f_f_market_aligned_fraction_5m,3,2,0.6,98,27,28,43,20,0.8181818181818182,0.6086956521739131,0.4909090909090909,4,3,3,4,20,21,3,False,"{""f_micro_selected_taker_share_prev3m"": 0.6817079920724427, ""f_f_market_selected_ret_30m"": 0.27953051404961293, ""f_f_market_aligned_fraction_5m"": 0.5499999999999996}"
B2,f_micro_selected_taker_share_prev3m|f_f_market_selected_ret_30m|f_f_market_aligned_fraction_5m,3,3,0.6,23,7,6,10,5,0.21212121212121213,0.13043478260869565,0.5384615384615384,3,0,1,1,3,5,3,False,"{""f_micro_selected_taker_share_prev3m"": 0.6817079920724427, ""f_f_market_selected_ret_30m"": 0.27953051404961293, ""f_f_market_aligned_fraction_5m"": 0.5499999999999996}"
B2,f_micro_selected_taker_share_prev3m|f_f_market_selected_ret_30m|f_f_market_aligned_fraction_5m,3,2,0.65,71,24,15,32,11,0.7272727272727273,0.32608695652173914,0.6153846153846154,4,3,3,1,17,11,5,False,"{""f_micro_selected_taker_share_prev3m"": 0.7238235853967332, ""f_f_market_selected_ret_30m"": 0.24800416168246048, ""f_f_market_aligned_fraction_5m"": 0.8875000000000004}"
B2,f_micro_selected_taker_share_prev3m|f_f_market_selected_ret_30m|f_f_market_aligned_fraction_5m,3,3,0.65,13,4,1,8,1,0.12121212121212122,0.021739130434782608,0.8,2,0,1,1,1,0,3,False,"{""f_micro_selected_taker_share_prev3m"": 0.7238235853967332, ""f_f_market_selected_ret_30m"": 0.24800416168246048, ""f_f_market_aligned_fraction_5m"": 0.8875000000000004}"
B2,f_micro_selected_taker_share_prev3m|f_f_market_selected_ret_30m|f_f_market_aligned_fraction_5m,3,2,0.7,60,21,12,27,10,0.6363636363636364,0.2608695652173913,0.6363636363636364,4,2,3,1,14,9,5,False,"{""f_micro_selected_taker_share_prev3m"": 0.7522288015749875, ""f_f_market_selected_ret_30m"": 0.20612865023261098, ""f_f_market_aligned_fraction_5m"": 1.0}"
B2,f_micro_selected_taker_share_prev3m|f_f_market_selected_ret_30m|f_f_market_aligned_fraction_5m,3,3,0.7,9,3,0,6,0,0.09090909090909091,0.0,1.0,2,0,1,0,0,0,2,False,"{""f_micro_selected_taker_share_prev3m"": 0.7522288015749875, ""f_f_market_selected_ret_30m"": 0.20612865023261098, ""f_f_market_aligned_fraction_5m"": 1.0}"
B2,f_micro_selected_taker_share_prev3m|f_f_market_selected_ret_30m|f_f_market_aligned_fraction_5m,3,2,0.75,51,17,12,22,10,0.5151515151515151,0.2608695652173913,0.5862068965517241,3,2,3,1,11,9,5,False,"{""f_micro_selected_taker_share_prev3m"": 0.7737788291802238, ""f_f_market_selected_ret_30m"": 0.1590785592414129, ""f_f_market_aligned_fraction_5m"": 1.0}"
B2,f_micro_selected_taker_share_prev3m|f_f_market_selected_ret_30m|f_f_market_aligned_fraction_5m,3,2,0.8,43,15,12,16,10,0.45454545454545453,0.2608695652173913,0.5555555555555556,3,2,3,1,9,9,4,False,"{""f_micro_selected_taker_share_prev3m"": 0.7920567396352612, ""f_f_market_selected_ret_30m"": 0.13117480044327, ""f_f_market_aligned_fraction_5m"": 1.0}"
B2,f_micro_selected_taker_share_prev3m|f_f_market_selected_ret_30m|f_f_market_aligned_fraction_5m,3,2,0.85,39,14,10,15,8,0.42424242424242425,0.21739130434782608,0.5833333333333334,3,2,2,0,9,8,4,False,"{""f_micro_selected_taker_share_prev3m"": 0.8062445036525503, ""f_f_market_selected_ret_30m"": 0.1272039568864461, ""f_f_market_aligned_fraction_5m"": 1.0}"
B2,f_micro_selected_taker_share_prev3m|f_f_market_selected_ret_30m|f_f_market_aligned_fraction_5m,3,2,0.9,35,13,7,15,5,0.3939393939393939,0.15217391304347827,0.65,3,0,2,0,8,7,4,False,"{""f_micro_selected_taker_share_prev3m"": 0.8225219437602855, ""f_f_market_selected_ret_30m"": 0.11864422057320188, ""f_f_market_aligned_fraction_5m"": 1.0}"
B2,f_micro_selected_taker_share_prev3m|f_f_market_selected_ret_30m|f_new_family_balance,3,2,0.55,87,25,26,36,19,0.7575757575757576,0.5652173913043478,0.49019607843137253,4,5,3,3,18,18,4,False,"{""f_micro_selected_taker_share_prev3m"": 0.6419992213727249, ""f_f_market_selected_ret_30m"": 0.3157608147100679, ""f_new_family_balance"": 2.95}"
B2,f_micro_selected_taker_share_prev3m|f_f_market_selected_ret_30m|f_new_family_balance,3,3,0.55,21,8,5,8,2,0.24242424242424243,0.10869565217391304,0.6153846153846154,3,1,1,0,4,4,4,False,"{""f_micro_selected_taker_share_prev3m"": 0.6419992213727249, ""f_f_market_selected_ret_30m"": 0.3157608147100679, ""f_new_family_balance"": 2.95}"
B2,f_micro_selected_taker_share_prev3m|f_f_market_selected_ret_30m|f_new_family_balance,3,2,0.6,76,23,22,31,17,0.696969696969697,0.4782608695652174,0.5111111111111111,4,3,3,3,16,16,3,False,"{""f_micro_selected_taker_share_prev3m"": 0.6817079920724427, ""f_f_market_selected_ret_30m"": 0.27953051404961293, ""f_new_family_balance"": 3.0}"
B2,f_micro_selected_taker_share_prev3m|f_f_market_selected_ret_30m|f_new_family_balance,3,3,0.6,15,7,4,4,1,0.21212121212121213,0.08695652173913043,0.6363636363636364,2,1,1,0,4,3,4,False,"{""f_micro_selected_taker_share_prev3m"": 0.6817079920724427, ""f_f_market_selected_ret_30m"": 0.27953051404961293, ""f_new_family_balance"": 3.0}"
B2,f_micro_selected_taker_share_prev3m|f_f_market_selected_ret_30m|f_new_family_balance,3,2,0.65,65,21,14,30,10,0.6363636363636364,0.30434782608695654,0.6,4,3,3,1,14,10,4,False,"{""f_micro_selected_taker_share_prev3m"": 0.7238235853967332, ""f_f_market_selected_ret_30m"": 0.24800416168246048, ""f_new_family_balance"": 3.0}"
B2,f_micro_selected_taker_share_prev3m|f_f_market_selected_ret_30m|f_new_family_balance,3,3,0.65,9,4,2,3,0,0.12121212121212122,0.043478260869565216,0.6666666666666666,1,1,1,0,2,1,4,False,"{""f_micro_selected_taker_share_prev3m"": 0.7238235853967332, ""f_f_market_selected_ret_30m"": 0.24800416168246048, ""f_new_family_balance"": 3.0}"
B2,f_micro_selected_taker_share_prev3m|f_f_market_selected_ret_30m|f_new_family_balance,3,2,0.7,56,19,13,24,9,0.5757575757575758,0.2826086956521739,0.59375,4,3,3,0,12,10,5,False,"{""f_micro_selected_taker_share_prev3m"": 0.7522288015749875, ""f_f_market_selected_ret_30m"": 0.20612865023261098, ""f_new_family_balance"": 3.0}"
B2,f_micro_selected_taker_share_prev3m|f_f_market_selected_ret_30m|f_new_family_balance,3,3,0.7,7,4,0,3,0,0.12121212121212122,0.0,1.0,1,0,1,0,2,0,4,True,"{""f_micro_selected_taker_share_prev3m"": 0.7522288015749875, ""f_f_market_selected_ret_30m"": 0.20612865023261098, ""f_new_family_balance"": 3.0}"
B2,f_micro_selected_taker_share_prev3m|f_f_market_selected_ret_30m|f_new_family_balance,3,2,0.75,46,16,12,18,8,0.48484848484848486,0.2608695652173913,0.5714285714285714,3,3,3,0,10,9,5,False,"{""f_micro_selected_taker_share_prev3m"": 0.7737788291802238, ""f_f_market_selected_ret_30m"": 0.1590785592414129, ""f_new_family_balance"": 3.0}"
B2,f_micro_selected_taker_share_prev3m|f_f_market_selected_ret_30m|f_new_family_balance,3,3,0.75,4,3,0,1,0,0.09090909090909091,0.0,1.0,0,0,1,0,2,0,3,False,"{""f_micro_selected_taker_share_prev3m"": 0.7737788291802238, ""f_f_market_selected_ret_30m"": 0.1590785592414129, ""f_new_family_balance"": 3.0}"
B2,f_micro_selected_taker_share_prev3m|f_f_market_selected_ret_30m|f_new_family_balance,3,2,0.8,12,6,2,4,2,0.18181818181818182,0.043478260869565216,0.75,1,1,1,0,4,1,5,True,"{""f_micro_selected_taker_share_prev3m"": 0.7920567396352612, ""f_f_market_selected_ret_30m"": 0.13117480044327, ""f_new_family_balance"": 3.2}"
B2,f_micro_selected_taker_share_prev3m|f_f_market_selected_ret_30m|f_new_family_balance,3,2,0.85,9,6,1,2,1,0.18181818181818182,0.021739130434782608,0.8571428571428571,1,1,1,0,4,0,5,True,"{""f_micro_selected_taker_share_prev3m"": 0.8062445036525503, ""f_f_market_selected_ret_30m"": 0.1272039568864461, ""f_new_family_balance"": 3.6499999999999995}"
B2,f_micro_selected_taker_share_prev3m|f_f_market_selected_ret_30m|f_new_family_balance,3,2,0.9,7,5,0,2,0,0.15151515151515152,0.0,1.0,1,0,1,0,3,0,5,True,"{""f_micro_selected_taker_share_prev3m"": 0.8225219437602855, ""f_f_market_selected_ret_30m"": 0.11864422057320188, ""f_new_family_balance"": 4.0}"
B2,f_micro_selected_taker_share_prev3m|f_micro_price_flow_divergence|f_f_market_aligned_fraction_5m,3,2,0.55,83,20,23,40,16,0.6060606060606061,0.5,0.46511627906976744,4,5,2,2,14,16,4,False,"{""f_micro_selected_taker_share_prev3m"": 0.6419992213727249, ""f_micro_price_flow_divergence"": 0.0119500913633334, ""f_f_market_aligned_fraction_5m"": 0.25}"
B2,f_micro_selected_taker_share_prev3m|f_micro_price_flow_divergence|f_f_market_aligned_fraction_5m,3,3,0.55,45,16,15,14,14,0.48484848484848486,0.32608695652173914,0.5161290322580645,4,2,2,2,10,11,4,False,"{""f_micro_selected_taker_share_prev3m"": 0.6419992213727249, ""f_micro_price_flow_divergence"": 0.0119500913633334, ""f_f_market_aligned_fraction_5m"": 0.25}"
B2,f_micro_selected_taker_share_prev3m|f_micro_price_flow_divergence|f_f_market_aligned_fraction_5m,3,2,0.6,66,18,20,28,16,0.5454545454545454,0.43478260869565216,0.47368421052631576,4,4,2,2,12,14,4,False,"{""f_micro_selected_taker_share_prev3m"": 0.6817079920724427, ""f_micro_price_flow_divergence"": 0.012675127220891261, ""f_f_market_aligned_fraction_5m"": 0.5499999999999996}"
B2,f_micro_selected_taker_share_prev3m|f_micro_price_flow_divergence|f_f_market_aligned_fraction_5m,3,3,0.6,27,10,8,9,8,0.30303030303030304,0.17391304347826086,0.5555555555555556,4,1,1,1,5,6,4,False,"{""f_micro_selected_taker_share_prev3m"": 0.6817079920724427, ""f_micro_price_flow_divergence"": 0.012675127220891261, ""f_f_market_aligned_fraction_5m"": 0.5499999999999996}"
B2,f_micro_selected_taker_share_prev3m|f_micro_price_flow_divergence|f_f_market_aligned_fraction_5m,3,2,0.65,53,17,15,21,13,0.5151515151515151,0.32608695652173914,0.53125,4,4,2,1,11,10,4,False,"{""f_micro_selected_taker_share_prev3m"": 0.7238235853967332, ""f_micro_price_flow_divergence"": 0.012783221361499118, ""f_f_market_aligned_fraction_5m"": 0.8875000000000004}"
B2,f_micro_selected_taker_share_prev3m|f_micro_price_flow_divergence|f_f_market_aligned_fraction_5m,3,3,0.65,20,8,5,7,5,0.24242424242424243,0.10869565217391304,0.6153846153846154,3,1,1,1,4,3,3,False,"{""f_micro_selected_taker_share_prev3m"": 0.7238235853967332, ""f_micro_price_flow_divergence"": 0.012783221361499118, ""f_f_market_aligned_fraction_5m"": 0.8875000000000004}"
B2,f_micro_selected_taker_share_prev3m|f_micro_price_flow_divergence|f_f_market_aligned_fraction_5m,3,2,0.7,46,16,12,18,11,0.48484848484848486,0.2608695652173913,0.5714285714285714,4,2,2,1,10,9,4,False,"{""f_micro_selected_taker_share_prev3m"": 0.7522288015749875, ""f_micro_price_flow_divergence"": 0.013646104500558977, ""f_f_market_aligned_fraction_5m"": 1.0}"
B2,f_micro_selected_taker_share_prev3m|f_micro_price_flow_divergence|f_f_market_aligned_fraction_5m,3,3,0.7,13,5,3,5,3,0.15151515151515152,0.06521739130434782,0.625,3,1,1,0,1,2,2,False,"{""f_micro_selected_taker_share_prev3m"": 0.7522288015749875, ""f_micro_price_flow_divergence"": 0.013646104500558977, ""f_f_market_aligned_fraction_5m"": 1.0}"
B2,f_micro_selected_taker_share_prev3m|f_micro_price_flow_divergence|f_f_market_aligned_fraction_5m,3,2,0.75,41,16,11,14,10,0.48484848484848486,0.2391304347826087,0.5925925925925926,4,2,2,1,10,8,5,False,"{""f_micro_selected_taker_share_prev3m"": 0.7737788291802238, ""f_micro_price_flow_divergence"": 0.01488638213884484, ""f_f_market_aligned_fraction_5m"": 1.0}"
B2,f_micro_selected_taker_share_prev3m|f_micro_price_flow_divergence|f_f_market_aligned_fraction_5m,3,3,0.75,10,4,3,3,3,0.12121212121212122,0.06521739130434782,0.5714285714285714,2,1,1,0,1,2,2,False,"{""f_micro_selected_taker_share_prev3m"": 0.7737788291802238, ""f_micro_price_flow_divergence"": 0.01488638213884484, ""f_f_market_aligned_fraction_5m"": 1.0}"
B2,f_micro_selected_taker_share_prev3m|f_micro_price_flow_divergence|f_f_market_aligned_fraction_5m,3,2,0.8,34,13,10,11,9,0.3939393939393939,0.21739130434782608,0.5652173913043478,4,2,2,1,7,7,4,False,"{""f_micro_selected_taker_share_prev3m"": 0.7920567396352612, ""f_micro_price_flow_divergence"": 0.019082996203197426, ""f_f_market_aligned_fraction_5m"": 1.0}"
B2,f_micro_selected_taker_share_prev3m|f_micro_price_flow_divergence|f_f_market_aligned_fraction_5m,3,3,0.8,7,4,2,1,2,0.12121212121212122,0.043478260869565216,0.6666666666666666,2,0,1,0,1,2,2,False,"{""f_micro_selected_taker_share_prev3m"": 0.7920567396352612, ""f_micro_price_flow_divergence"": 0.019082996203197426, ""f_f_market_aligned_fraction_5m"": 1.0}"
B2,f_micro_selected_taker_share_prev3m|f_micro_price_flow_divergence|f_f_market_aligned_fraction_5m,3,2,0.85,31,11,10,10,9,0.3333333333333333,0.21739130434782608,0.5238095238095238,3,2,2,1,6,7,4,False,"{""f_micro_selected_taker_share_prev3m"": 0.8062445036525503, ""f_micro_price_flow_divergence"": 0.026975030800133398, ""f_f_market_aligned_fraction_5m"": 1.0}"
B2,f_micro_selected_taker_share_prev3m|f_micro_price_flow_divergence|f_f_market_aligned_fraction_5m,3,3,0.85,5,3,2,0,2,0.09090909090909091,0.043478260869565216,0.6,2,0,0,0,1,2,1,False,"{""f_micro_selected_taker_share_prev3m"": 0.8062445036525503, ""f_micro_price_flow_divergence"": 0.026975030800133398, ""f_f_market_aligned_fraction_5m"": 1.0}"
B2,f_micro_selected_taker_share_prev3m|f_micro_price_flow_divergence|f_f_market_aligned_fraction_5m,3,2,0.9,17,8,5,4,4,0.24242424242424243,0.10869565217391304,0.6153846153846154,3,0,2,0,3,5,3,False,"{""f_micro_selected_taker_share_prev3m"": 0.8225219437602855, ""f_micro_price_flow_divergence"": 0.046956635495231006, ""f_f_market_aligned_fraction_5m"": 1.0}"
B2,f_micro_selected_taker_share_prev3m|f_micro_price_flow_divergence|f_new_family_balance,3,2,0.55,69,20,20,29,15,0.6060606060606061,0.43478260869565216,0.5,4,5,2,2,14,13,4,False,"{""f_micro_selected_taker_share_prev3m"": 0.6419992213727249, ""f_micro_price_flow_divergence"": 0.0119500913633334, ""f_new_family_balance"": 2.95}"
B2,f_micro_selected_taker_share_prev3m|f_micro_price_flow_divergence|f_new_family_balance,3,3,0.55,14,7,3,4,2,0.21212121212121213,0.06521739130434782,0.7,3,1,1,0,3,2,4,True,"{""f_micro_selected_taker_share_prev3m"": 0.6419992213727249, ""f_micro_price_flow_divergence"": 0.0119500913633334, ""f_new_family_balance"": 2.95}"
B2,f_micro_selected_taker_share_prev3m|f_micro_price_flow_divergence|f_new_family_balance,3,2,0.6,60,18,18,24,14,0.5454545454545454,0.391304347826087,0.5,4,4,2,2,12,12,4,False,"{""f_micro_selected_taker_share_prev3m"": 0.6817079920724427, ""f_micro_price_flow_divergence"": 0.012675127220891261, ""f_new_family_balance"": 3.0}"
B2,f_micro_selected_taker_share_prev3m|f_micro_price_flow_divergence|f_new_family_balance,3,3,0.6,10,7,2,1,1,0.21212121212121213,0.043478260869565216,0.7777777777777778,3,1,1,0,3,1,4,True,"{""f_micro_selected_taker_share_prev3m"": 0.6817079920724427, ""f_micro_price_flow_divergence"": 0.012675127220891261, ""f_new_family_balance"": 3.0}"
B2,f_micro_selected_taker_share_prev3m|f_micro_price_flow_divergence|f_new_family_balance,3,2,0.65,50,16,13,21,10,0.48484848484848486,0.2826086956521739,0.5517241379310345,4,4,2,1,10,8,4,False,"{""f_micro_selected_taker_share_prev3m"": 0.7238235853967332, ""f_micro_price_flow_divergence"": 0.012783221361499118, ""f_new_family_balance"": 3.0}"
B2,f_micro_selected_taker_share_prev3m|f_micro_price_flow_divergence|f_new_family_balance,3,3,0.65,7,5,1,1,0,0.15151515151515152,0.021739130434782608,0.8333333333333334,2,1,1,0,2,0,4,True,"{""f_micro_selected_taker_share_prev3m"": 0.7238235853967332, ""f_micro_price_flow_divergence"": 0.012783221361499118, ""f_new_family_balance"": 3.0}"
B2,f_micro_selected_taker_share_prev3m|f_micro_price_flow_divergence|f_new_family_balance,3,2,0.7,36,12,8,16,6,0.36363636363636365,0.17391304347826086,0.6,4,3,2,0,6,5,4,False,"{""f_micro_selected_taker_share_prev3m"": 0.7522288015749875, ""f_micro_price_flow_divergence"": 0.013646104500558977, ""f_new_family_balance"": 3.0}"
B2,f_micro_selected_taker_share_prev3m|f_micro_price_flow_divergence|f_new_family_balance,3,3,0.7,6,5,0,1,0,0.15151515151515152,0.0,1.0,2,0,1,0,2,0,4,True,"{""f_micro_selected_taker_share_prev3m"": 0.7522288015749875, ""f_micro_price_flow_divergence"": 0.013646104500558977, ""f_new_family_balance"": 3.0}"
B2,f_micro_selected_taker_share_prev3m|f_micro_price_flow_divergence|f_new_family_balance,3,2,0.75,31,12,8,11,6,0.36363636363636365,0.17391304347826086,0.6,4,3,2,0,6,5,4,False,"{""f_micro_selected_taker_share_prev3m"": 0.7737788291802238, ""f_micro_price_flow_divergence"": 0.01488638213884484, ""f_new_family_balance"": 3.0}"
B2,f_micro_selected_taker_share_prev3m|f_micro_price_flow_divergence|f_new_family_balance,3,3,0.75,5,4,0,1,0,0.12121212121212122,0.0,1.0,1,0,1,0,2,0,4,True,"{""f_micro_selected_taker_share_prev3m"": 0.7737788291802238, ""f_micro_price_flow_divergence"": 0.01488638213884484, ""f_new_family_balance"": 3.0}"
B2,f_micro_selected_taker_share_prev3m|f_micro_price_flow_divergence|f_new_family_balance,3,2,0.8,13,7,3,3,3,0.21212121212121213,0.06521739130434782,0.7,2,1,2,0,3,2,4,True,"{""f_micro_selected_taker_share_prev3m"": 0.7920567396352612, ""f_micro_price_flow_divergence"": 0.019082996203197426, ""f_new_family_balance"": 3.2}"
B2,f_micro_selected_taker_share_prev3m|f_micro_price_flow_divergence|f_new_family_balance,3,2,0.85,11,6,3,2,3,0.18181818181818182,0.06521739130434782,0.6666666666666666,2,1,1,0,3,2,4,False,"{""f_micro_selected_taker_share_prev3m"": 0.8062445036525503, ""f_micro_price_flow_divergence"": 0.026975030800133398, ""f_new_family_balance"": 3.6499999999999995}"
B2,f_micro_selected_taker_share_prev3m|f_micro_price_flow_divergence|f_new_family_balance,3,2,0.9,6,4,1,1,1,0.12121212121212122,0.021739130434782608,0.8,1,0,1,0,2,1,4,True,"{""f_micro_selected_taker_share_prev3m"": 0.8225219437602855, ""f_micro_price_flow_divergence"": 0.046956635495231006, ""f_new_family_balance"": 4.0}"
B2,f_micro_selected_taker_share_prev3m|f_f_market_aligned_fraction_5m|f_new_family_balance,3,2,0.55,93,23,28,42,22,0.696969696969697,0.6086956521739131,0.45098039215686275,4,6,3,2,16,20,3,False,"{""f_micro_selected_taker_share_prev3m"": 0.6419992213727249, ""f_f_market_aligned_fraction_5m"": 0.25, ""f_new_family_balance"": 2.95}"
B2,f_micro_selected_taker_share_prev3m|f_f_market_aligned_fraction_5m|f_new_family_balance,3,3,0.55,20,8,4,8,2,0.24242424242424243,0.08695652173913043,0.6666666666666666,3,0,1,0,4,4,3,False,"{""f_micro_selected_taker_share_prev3m"": 0.6419992213727249, ""f_f_market_aligned_fraction_5m"": 0.25, ""f_new_family_balance"": 2.95}"
B2,f_micro_selected_taker_share_prev3m|f_f_market_aligned_fraction_5m|f_new_family_balance,3,2,0.6,66,16,19,31,15,0.48484848484848486,0.41304347826086957,0.45714285714285713,4,4,1,1,11,14,4,False,"{""f_micro_selected_taker_share_prev3m"": 0.6817079920724427, ""f_f_market_aligned_fraction_5m"": 0.5499999999999996, ""f_new_family_balance"": 3.0}"
B2,f_micro_selected_taker_share_prev3m|f_f_market_aligned_fraction_5m|f_new_family_balance,3,3,0.6,11,6,2,3,1,0.18181818181818182,0.043478260869565216,0.75,3,0,1,0,2,2,3,False,"{""f_micro_selected_taker_share_prev3m"": 0.6817079920724427, ""f_f_market_aligned_fraction_5m"": 0.5499999999999996, ""f_new_family_balance"": 3.0}"
B2,f_micro_selected_taker_share_prev3m|f_f_market_aligned_fraction_5m|f_new_family_balance,3,2,0.65,51,15,13,23,10,0.45454545454545453,0.2826086956521739,0.5357142857142857,4,4,1,1,10,8,4,False,"{""f_micro_selected_taker_share_prev3m"": 0.7238235853967332, ""f_f_market_aligned_fraction_5m"": 0.8875000000000004, ""f_new_family_balance"": 3.0}"
B2,f_micro_selected_taker_share_prev3m|f_f_market_aligned_fraction_5m|f_new_family_balance,3,3,0.65,5,3,0,2,0,0.09090909090909091,0.0,1.0,2,0,1,0,0,0,2,False,"{""f_micro_selected_taker_share_prev3m"": 0.7238235853967332, ""f_f_market_aligned_fraction_5m"": 0.8875000000000004, ""f_new_family_balance"": 3.0}"
B2,f_micro_selected_taker_share_prev3m|f_f_market_aligned_fraction_5m|f_new_family_balance,3,2,0.7,43,12,10,21,8,0.36363636363636365,0.21739130434782608,0.5454545454545454,4,4,1,0,7,6,4,False,"{""f_micro_selected_taker_share_prev3m"": 0.7522288015749875, ""f_f_market_aligned_fraction_5m"": 1.0, ""f_new_family_balance"": 3.0}"
B2,f_micro_selected_taker_share_prev3m|f_f_market_aligned_fraction_5m|f_new_family_balance,3,3,0.7,5,3,0,2,0,0.09090909090909091,0.0,1.0,2,0,1,0,0,0,2,False,"{""f_micro_selected_taker_share_prev3m"": 0.7522288015749875, ""f_f_market_aligned_fraction_5m"": 1.0, ""f_new_family_balance"": 3.0}"
B2,f_micro_selected_taker_share_prev3m|f_f_market_aligned_fraction_5m|f_new_family_balance,3,2,0.75,41,12,10,19,8,0.36363636363636365,0.21739130434782608,0.5454545454545454,4,4,1,0,7,6,4,False,"{""f_micro_selected_taker_share_prev3m"": 0.7737788291802238, ""f_f_market_aligned_fraction_5m"": 1.0, ""f_new_family_balance"": 3.0}"
B2,f_micro_selected_taker_share_prev3m|f_f_market_aligned_fraction_5m|f_new_family_balance,3,2,0.8,14,6,3,5,3,0.18181818181818182,0.06521739130434782,0.6666666666666666,2,1,1,0,3,2,4,False,"{""f_micro_selected_taker_share_prev3m"": 0.7920567396352612, ""f_f_market_aligned_fraction_5m"": 1.0, ""f_new_family_balance"": 3.2}"
B2,f_micro_selected_taker_share_prev3m|f_f_market_aligned_fraction_5m|f_new_family_balance,3,2,0.85,12,5,3,4,3,0.15151515151515152,0.06521739130434782,0.625,2,1,0,0,3,2,3,False,"{""f_micro_selected_taker_share_prev3m"": 0.8062445036525503, ""f_f_market_aligned_fraction_5m"": 1.0, ""f_new_family_balance"": 3.6499999999999995}"
B2,f_micro_selected_taker_share_prev3m|f_f_market_aligned_fraction_5m|f_new_family_balance,3,2,0.9,10,5,1,4,1,0.15151515151515152,0.021739130434782608,0.8333333333333334,2,0,0,0,3,1,3,False,"{""f_micro_selected_taker_share_prev3m"": 0.8225219437602855, ""f_f_market_aligned_fraction_5m"": 1.0, ""f_new_family_balance"": 4.0}"
B2,f_f_market_dispersion_15m|f_context_breakdown_down_pct|f_f_market_selected_ret_30m,3,2,0.55,106,27,28,51,20,0.8181818181818182,0.6086956521739131,0.4909090909090909,3,5,4,4,20,19,4,False,"{""f_f_market_dispersion_15m"": 0.09289213148896941, ""f_context_breakdown_down_pct"": 0.14433969999999996, ""f_f_market_selected_ret_30m"": 0.3157608147100679}"
B2,f_f_market_dispersion_15m|f_context_breakdown_down_pct|f_f_market_selected_ret_30m,3,3,0.55,34,9,7,18,5,0.2727272727272727,0.15217391304347827,0.5625,1,2,0,0,8,5,3,False,"{""f_f_market_dispersion_15m"": 0.09289213148896941, ""f_context_breakdown_down_pct"": 0.14433969999999996, ""f_f_market_selected_ret_30m"": 0.3157608147100679}"
B2,f_f_market_dispersion_15m|f_context_breakdown_down_pct|f_f_market_selected_ret_30m,3,2,0.6,102,27,26,49,19,0.8181818181818182,0.5652173913043478,0.5094339622641509,3,4,4,4,20,18,4,False,"{""f_f_market_dispersion_15m"": 0.090819954887291, ""f_context_breakdown_down_pct"": 0.10880200000000001, ""f_f_market_selected_ret_30m"": 0.27953051404961293}"
B2,f_f_market_dispersion_15m|f_context_breakdown_down_pct|f_f_market_selected_ret_30m,3,3,0.6,29,8,6,15,4,0.24242424242424243,0.13043478260869565,0.5714285714285714,1,1,0,0,7,5,3,False,"{""f_f_market_dispersion_15m"": 0.090819954887291, ""f_context_breakdown_down_pct"": 0.10880200000000001, ""f_f_market_selected_ret_30m"": 0.27953051404961293}"
B2,f_f_market_dispersion_15m|f_context_breakdown_down_pct|f_f_market_selected_ret_30m,3,2,0.65,100,27,25,48,19,0.8181818181818182,0.5434782608695652,0.5192307692307693,3,4,4,4,20,17,4,False,"{""f_f_market_dispersion_15m"": 0.08984644379961478, ""f_context_breakdown_down_pct"": 0.07557175, ""f_f_market_selected_ret_30m"": 0.24800416168246048}"
B2,f_f_market_dispersion_15m|f_context_breakdown_down_pct|f_f_market_selected_ret_30m,3,3,0.65,28,7,6,15,4,0.21212121212121213,0.13043478260869565,0.5384615384615384,1,1,0,0,6,5,3,False,"{""f_f_market_dispersion_15m"": 0.08984644379961478, ""f_context_breakdown_down_pct"": 0.07557175, ""f_f_market_selected_ret_30m"": 0.24800416168246048}"
B2,f_f_market_dispersion_15m|f_context_breakdown_down_pct|f_f_market_selected_ret_30m,3,2,0.7,92,27,20,45,16,0.8181818181818182,0.43478260869565216,0.574468085106383,3,2,4,3,20,15,5,False,"{""f_f_market_dispersion_15m"": 0.08730329330185219, ""f_context_breakdown_down_pct"": 0.045146500000000006, ""f_f_market_selected_ret_30m"": 0.20612865023261098}"
B2,f_f_market_dispersion_15m|f_context_breakdown_down_pct|f_f_market_selected_ret_30m,3,3,0.7,23,7,5,11,3,0.21212121212121213,0.10869565217391304,0.5833333333333334,1,1,0,0,6,4,3,False,"{""f_f_market_dispersion_15m"": 0.08730329330185219, ""f_context_breakdown_down_pct"": 0.045146500000000006, ""f_f_market_selected_ret_30m"": 0.20612865023261098}"
B2,f_f_market_dispersion_15m|f_context_breakdown_down_pct|f_f_market_selected_ret_30m,3,2,0.75,84,23,20,41,16,0.696969696969697,0.43478260869565216,0.5348837209302325,2,2,4,3,17,15,5,False,"{""f_f_market_dispersion_15m"": 0.08397532309904639, ""f_context_breakdown_down_pct"": 0.01612375, ""f_f_market_selected_ret_30m"": 0.1590785592414129}"
B2,f_f_market_dispersion_15m|f_context_breakdown_down_pct|f_f_market_selected_ret_30m,3,3,0.75,20,6,5,9,3,0.18181818181818182,0.10869565217391304,0.5454545454545454,1,1,0,0,5,4,3,False,"{""f_f_market_dispersion_15m"": 0.08397532309904639, ""f_context_breakdown_down_pct"": 0.01612375, ""f_f_market_selected_ret_30m"": 0.1590785592414129}"
B2,f_f_market_dispersion_15m|f_context_breakdown_down_pct|f_f_market_selected_ret_30m,3,2,0.8,78,20,19,39,15,0.6060606060606061,0.41304347826086957,0.5128205128205128,1,1,3,3,16,15,3,False,"{""f_f_market_dispersion_15m"": 0.081451648230247, ""f_context_breakdown_down_pct"": 0.0, ""f_f_market_selected_ret_30m"": 0.13117480044327}"
B2,f_f_market_dispersion_15m|f_context_breakdown_down_pct|f_f_market_selected_ret_30m,3,3,0.8,18,6,3,9,2,0.18181818181818182,0.06521739130434782,0.6666666666666666,1,0,0,0,5,3,3,False,"{""f_f_market_dispersion_15m"": 0.081451648230247, ""f_context_breakdown_down_pct"": 0.0, ""f_f_market_selected_ret_30m"": 0.13117480044327}"
B2,f_f_market_dispersion_15m|f_context_breakdown_down_pct|f_f_market_selected_ret_30m,3,2,0.85,77,20,18,39,14,0.6060606060606061,0.391304347826087,0.5263157894736842,1,1,3,2,16,15,4,False,"{""f_f_market_dispersion_15m"": 0.07993334252895565, ""f_context_breakdown_down_pct"": 0.0, ""f_f_market_selected_ret_30m"": 0.1272039568864461}"
B2,f_f_market_dispersion_15m|f_context_breakdown_down_pct|f_f_market_selected_ret_30m,3,3,0.85,17,6,3,8,2,0.18181818181818182,0.06521739130434782,0.6666666666666666,1,0,0,0,5,3,3,False,"{""f_f_market_dispersion_15m"": 0.07993334252895565, ""f_context_breakdown_down_pct"": 0.0, ""f_f_market_selected_ret_30m"": 0.1272039568864461}"
B2,f_f_market_dispersion_15m|f_context_breakdown_down_pct|f_f_market_selected_ret_30m,3,2,0.9,70,19,17,34,13,0.5757575757575758,0.3695652173913043,0.5277777777777778,1,0,3,2,15,15,4,False,"{""f_f_market_dispersion_15m"": 0.07698814464435187, ""f_context_breakdown_down_pct"": 0.0, ""f_f_market_selected_ret_30m"": 0.11864422057320188}"
B2,f_f_market_dispersion_15m|f_context_breakdown_down_pct|f_f_market_selected_ret_30m,3,3,0.9,17,6,3,8,2,0.18181818181818182,0.06521739130434782,0.6666666666666666,1,0,0,0,5,3,3,False,"{""f_f_market_dispersion_15m"": 0.07698814464435187, ""f_context_breakdown_down_pct"": 0.0, ""f_f_market_selected_ret_30m"": 0.11864422057320188}"
B2,f_f_market_dispersion_15m|f_context_breakdown_down_pct|f_micro_price_flow_divergence,3,2,0.55,70,19,19,32,14,0.5757575757575758,0.41304347826086957,0.5,3,6,2,2,14,11,5,False,"{""f_f_market_dispersion_15m"": 0.09289213148896941, ""f_context_breakdown_down_pct"": 0.14433969999999996, ""f_micro_price_flow_divergence"": 0.0119500913633334}"
B2,f_f_market_dispersion_15m|f_context_breakdown_down_pct|f_micro_price_flow_divergence,3,3,0.55,17,6,2,9,2,0.18181818181818182,0.043478260869565216,0.75,1,1,0,0,5,1,4,True,"{""f_f_market_dispersion_15m"": 0.09289213148896941, ""f_context_breakdown_down_pct"": 0.14433969999999996, ""f_micro_price_flow_divergence"": 0.0119500913633334}"
B2,f_f_market_dispersion_15m|f_context_breakdown_down_pct|f_micro_price_flow_divergence,3,2,0.6,64,18,16,30,13,0.5454545454545454,0.34782608695652173,0.5294117647058824,3,4,2,2,13,10,5,False,"{""f_f_market_dispersion_15m"": 0.090819954887291, ""f_context_breakdown_down_pct"": 0.10880200000000001, ""f_micro_price_flow_divergence"": 0.012675127220891261}"
B2,f_f_market_dispersion_15m|f_context_breakdown_down_pct|f_micro_price_flow_divergence,3,3,0.6,16,6,2,8,2,0.18181818181818182,0.043478260869565216,0.75,1,1,0,0,5,1,4,True,"{""f_f_market_dispersion_15m"": 0.090819954887291, ""f_context_breakdown_down_pct"": 0.10880200000000001, ""f_micro_price_flow_divergence"": 0.012675127220891261}"
B2,f_f_market_dispersion_15m|f_context_breakdown_down_pct|f_micro_price_flow_divergence,3,2,0.65,63,17,16,30,13,0.5151515151515151,0.34782608695652173,0.5151515151515151,3,4,2,2,12,10,5,False,"{""f_f_market_dispersion_15m"": 0.08984644379961478, ""f_context_breakdown_down_pct"": 0.07557175, ""f_micro_price_flow_divergence"": 0.012783221361499118}"
B2,f_f_market_dispersion_15m|f_context_breakdown_down_pct|f_micro_price_flow_divergence,3,3,0.65,16,6,2,8,2,0.18181818181818182,0.043478260869565216,0.75,1,1,0,0,5,1,4,True,"{""f_f_market_dispersion_15m"": 0.08984644379961478, ""f_context_breakdown_down_pct"": 0.07557175, ""f_micro_price_flow_divergence"": 0.012783221361499118}"
B2,f_f_market_dispersion_15m|f_context_breakdown_down_pct|f_micro_price_flow_divergence,3,2,0.7,56,17,14,25,11,0.5151515151515151,0.30434782608695654,0.5483870967741935,3,4,2,2,12,8,5,False,"{""f_f_market_dispersion_15m"": 0.08730329330185219, ""f_context_breakdown_down_pct"": 0.045146500000000006, ""f_micro_price_flow_divergence"": 0.013646104500558977}"
B2,f_f_market_dispersion_15m|f_context_breakdown_down_pct|f_micro_price_flow_divergence,3,3,0.7,15,6,1,8,1,0.18181818181818182,0.021739130434782608,0.8571428571428571,1,0,0,0,5,1,4,True,"{""f_f_market_dispersion_15m"": 0.08730329330185219, ""f_context_breakdown_down_pct"": 0.045146500000000006, ""f_micro_price_flow_divergence"": 0.013646104500558977}"
B2,f_f_market_dispersion_15m|f_context_breakdown_down_pct|f_micro_price_flow_divergence,3,2,0.75,52,17,14,21,11,0.5151515151515151,0.30434782608695654,0.5483870967741935,3,4,2,2,12,8,5,False,"{""f_f_market_dispersion_15m"": 0.08397532309904639, ""f_context_breakdown_down_pct"": 0.01612375, ""f_micro_price_flow_divergence"": 0.01488638213884484}"
B2,f_f_market_dispersion_15m|f_context_breakdown_down_pct|f_micro_price_flow_divergence,3,3,0.75,14,5,1,8,1,0.15151515151515152,0.021739130434782608,0.8333333333333334,1,0,0,0,4,1,4,True,"{""f_f_market_dispersion_15m"": 0.08397532309904639, ""f_context_breakdown_down_pct"": 0.01612375, ""f_micro_price_flow_divergence"": 0.01488638213884484}"
B2,f_f_market_dispersion_15m|f_context_breakdown_down_pct|f_micro_price_flow_divergence,3,2,0.8,44,15,11,18,8,0.45454545454545453,0.2391304347826087,0.5769230769230769,2,2,2,1,11,8,5,False,"{""f_f_market_dispersion_15m"": 0.081451648230247, ""f_context_breakdown_down_pct"": 0.0, ""f_micro_price_flow_divergence"": 0.019082996203197426}"
B2,f_f_market_dispersion_15m|f_context_breakdown_down_pct|f_micro_price_flow_divergence,3,3,0.8,10,4,1,5,1,0.12121212121212122,0.021739130434782608,0.8,1,0,0,0,3,1,3,False,"{""f_f_market_dispersion_15m"": 0.081451648230247, ""f_context_breakdown_down_pct"": 0.0, ""f_micro_price_flow_divergence"": 0.019082996203197426}"
B2,f_f_market_dispersion_15m|f_context_breakdown_down_pct|f_micro_price_flow_divergence,3,2,0.85,42,14,11,17,8,0.42424242424242425,0.2391304347826087,0.56,2,2,2,1,10,8,4,False,"{""f_f_market_dispersion_15m"": 0.07993334252895565, ""f_context_breakdown_down_pct"": 0.0, ""f_micro_price_flow_divergence"": 0.026975030800133398}"
B2,f_f_market_dispersion_15m|f_context_breakdown_down_pct|f_micro_price_flow_divergence,3,2,0.9,31,12,6,13,3,0.36363636363636365,0.13043478260869565,0.6666666666666666,1,1,2,0,9,5,4,False,"{""f_f_market_dispersion_15m"": 0.07698814464435187, ""f_context_breakdown_down_pct"": 0.0, ""f_micro_price_flow_divergence"": 0.046956635495231006}"
B2,f_f_market_dispersion_15m|f_context_breakdown_down_pct|f_f_market_aligned_fraction_5m,3,2,0.55,99,24,27,48,21,0.7272727272727273,0.5869565217391305,0.47058823529411764,3,5,4,3,17,19,4,False,"{""f_f_market_dispersion_15m"": 0.09289213148896941, ""f_context_breakdown_down_pct"": 0.14433969999999996, ""f_f_market_aligned_fraction_5m"": 0.25}"
B2,f_f_market_dispersion_15m|f_context_breakdown_down_pct|f_f_market_aligned_fraction_5m,3,3,0.55,32,10,6,16,4,0.30303030303030304,0.13043478260869565,0.625,1,1,0,0,9,5,3,False,"{""f_f_market_dispersion_15m"": 0.09289213148896941, ""f_context_breakdown_down_pct"": 0.14433969999999996, ""f_f_market_aligned_fraction_5m"": 0.25}"
B2,f_f_market_dispersion_15m|f_context_breakdown_down_pct|f_f_market_aligned_fraction_5m,3,2,0.6,76,18,18,40,15,0.5454545454545454,0.391304347826087,0.5,3,4,2,2,13,12,4,False,"{""f_f_market_dispersion_15m"": 0.090819954887291, ""f_context_breakdown_down_pct"": 0.10880200000000001, ""f_f_market_aligned_fraction_5m"": 0.5499999999999996}"
B2,f_f_market_dispersion_15m|f_context_breakdown_down_pct|f_f_market_aligned_fraction_5m,3,3,0.6,23,8,4,11,2,0.24242424242424243,0.08695652173913043,0.6666666666666666,1,0,0,0,7,4,3,False,"{""f_f_market_dispersion_15m"": 0.090819954887291, ""f_context_breakdown_down_pct"": 0.10880200000000001, ""f_f_market_aligned_fraction_5m"": 0.5499999999999996}"
B2,f_f_market_dispersion_15m|f_context_breakdown_down_pct|f_f_market_aligned_fraction_5m,3,2,0.65,69,17,15,37,13,0.5151515151515151,0.32608695652173914,0.53125,3,4,2,1,12,10,4,False,"{""f_f_market_dispersion_15m"": 0.08984644379961478, ""f_context_breakdown_down_pct"": 0.07557175, ""f_f_market_aligned_fraction_5m"": 0.8875000000000004}"
B2,f_f_market_dispersion_15m|f_context_breakdown_down_pct|f_f_market_aligned_fraction_5m,3,3,0.65,16,7,2,7,1,0.21212121212121213,0.043478260869565216,0.7777777777777778,1,0,0,0,6,2,3,False,"{""f_f_market_dispersion_15m"": 0.08984644379961478, ""f_context_breakdown_down_pct"": 0.07557175, ""f_f_market_aligned_fraction_5m"": 0.8875000000000004}"
B2,f_f_market_dispersion_15m|f_context_breakdown_down_pct|f_f_market_aligned_fraction_5m,3,2,0.7,66,17,14,35,12,0.5151515151515151,0.30434782608695654,0.5483870967741935,3,3,2,1,12,10,4,False,"{""f_f_market_dispersion_15m"": 0.08730329330185219, ""f_context_breakdown_down_pct"": 0.045146500000000006, ""f_f_market_aligned_fraction_5m"": 1.0}"
B2,f_f_market_dispersion_15m|f_context_breakdown_down_pct|f_f_market_aligned_fraction_5m,3,3,0.7,13,7,1,5,0,0.21212121212121213,0.021739130434782608,0.875,1,0,0,0,6,1,3,False,"{""f_f_market_dispersion_15m"": 0.08730329330185219, ""f_context_breakdown_down_pct"": 0.045146500000000006, ""f_f_market_aligned_fraction_5m"": 1.0}"
B2,f_f_market_dispersion_15m|f_context_breakdown_down_pct|f_f_market_aligned_fraction_5m,3,2,0.75,63,16,14,33,12,0.48484848484848486,0.30434782608695654,0.5333333333333333,3,3,2,1,11,10,4,False,"{""f_f_market_dispersion_15m"": 0.08397532309904639, ""f_context_breakdown_down_pct"": 0.01612375, ""f_f_market_aligned_fraction_5m"": 1.0}"
B2,f_f_market_dispersion_15m|f_context_breakdown_down_pct|f_f_market_aligned_fraction_5m,3,3,0.75,11,7,1,3,0,0.21212121212121213,0.021739130434782608,0.875,1,0,0,0,6,1,3,False,"{""f_f_market_dispersion_15m"": 0.08397532309904639, ""f_context_breakdown_down_pct"": 0.01612375, ""f_f_market_aligned_fraction_5m"": 1.0}"
B2,f_f_market_dispersion_15m|f_context_breakdown_down_pct|f_f_market_aligned_fraction_5m,3,2,0.8,60,15,13,32,11,0.45454545454545453,0.2826086956521739,0.5357142857142857,2,2,2,1,11,10,4,False,"{""f_f_market_dispersion_15m"": 0.081451648230247, ""f_context_breakdown_down_pct"": 0.0, ""f_f_market_aligned_fraction_5m"": 1.0}"
B2,f_f_market_dispersion_15m|f_context_breakdown_down_pct|f_f_market_aligned_fraction_5m,3,3,0.8,11,7,1,3,0,0.21212121212121213,0.021739130434782608,0.875,1,0,0,0,6,1,3,False,"{""f_f_market_dispersion_15m"": 0.081451648230247, ""f_context_breakdown_down_pct"": 0.0, ""f_f_market_aligned_fraction_5m"": 1.0}"
B2,f_f_market_dispersion_15m|f_context_breakdown_down_pct|f_f_market_aligned_fraction_5m,3,2,0.85,60,15,13,32,11,0.45454545454545453,0.2826086956521739,0.5357142857142857,2,2,2,1,11,10,4,False,"{""f_f_market_dispersion_15m"": 0.07993334252895565, ""f_context_breakdown_down_pct"": 0.0, ""f_f_market_aligned_fraction_5m"": 1.0}"
B2,f_f_market_dispersion_15m|f_context_breakdown_down_pct|f_f_market_aligned_fraction_5m,3,3,0.85,11,7,1,3,0,0.21212121212121213,0.021739130434782608,0.875,1,0,0,0,6,1,3,False,"{""f_f_market_dispersion_15m"": 0.07993334252895565, ""f_context_breakdown_down_pct"": 0.0, ""f_f_market_aligned_fraction_5m"": 1.0}"
B2,f_f_market_dispersion_15m|f_context_breakdown_down_pct|f_f_market_aligned_fraction_5m,3,2,0.9,56,14,11,31,9,0.42424242424242425,0.2391304347826087,0.56,2,1,2,1,10,9,4,False,"{""f_f_market_dispersion_15m"": 0.07698814464435187, ""f_context_breakdown_down_pct"": 0.0, ""f_f_market_aligned_fraction_5m"": 1.0}"
B2,f_f_market_dispersion_15m|f_context_breakdown_down_pct|f_f_market_aligned_fraction_5m,3,3,0.9,9,6,1,2,0,0.18181818181818182,0.021739130434782608,0.8571428571428571,1,0,0,0,5,1,3,False,"{""f_f_market_dispersion_15m"": 0.07698814464435187, ""f_context_breakdown_down_pct"": 0.0, ""f_f_market_aligned_fraction_5m"": 1.0}"
B2,f_f_market_dispersion_15m|f_context_breakdown_down_pct|f_new_family_balance,3,2,0.55,64,18,15,31,10,0.5454545454545454,0.32608695652173914,0.5454545454545454,2,4,2,0,14,11,5,False,"{""f_f_market_dispersion_15m"": 0.09289213148896941, ""f_context_breakdown_down_pct"": 0.14433969999999996, ""f_new_family_balance"": 2.95}"
B2,f_f_market_dispersion_15m|f_context_breakdown_down_pct|f_new_family_balance,3,3,0.55,19,6,4,9,3,0.18181818181818182,0.08695652173913043,0.6,1,2,0,0,5,2,3,False,"{""f_f_market_dispersion_15m"": 0.09289213148896941, ""f_context_breakdown_down_pct"": 0.14433969999999996, ""f_new_family_balance"": 2.95}"
B2,f_f_market_dispersion_15m|f_context_breakdown_down_pct|f_new_family_balance,3,2,0.6,59,18,14,27,10,0.5454545454545454,0.30434782608695654,0.5625,2,3,2,0,14,11,5,False,"{""f_f_market_dispersion_15m"": 0.090819954887291, ""f_context_breakdown_down_pct"": 0.10880200000000001, ""f_new_family_balance"": 3.0}"
B2,f_f_market_dispersion_15m|f_context_breakdown_down_pct|f_new_family_balance,3,3,0.6,18,5,4,9,3,0.15151515151515152,0.08695652173913043,0.5555555555555556,1,2,0,0,4,2,3,False,"{""f_f_market_dispersion_15m"": 0.090819954887291, ""f_context_breakdown_down_pct"": 0.10880200000000001, ""f_new_family_balance"": 3.0}"
B2,f_f_market_dispersion_15m|f_context_breakdown_down_pct|f_new_family_balance,3,2,0.65,57,17,14,26,10,0.5151515151515151,0.30434782608695654,0.5483870967741935,2,3,2,0,13,11,5,False,"{""f_f_market_dispersion_15m"": 0.08984644379961478, ""f_context_breakdown_down_pct"": 0.07557175, ""f_new_family_balance"": 3.0}"
B2,f_f_market_dispersion_15m|f_context_breakdown_down_pct|f_new_family_balance,3,3,0.65,18,5,4,9,3,0.15151515151515152,0.08695652173913043,0.5555555555555556,1,2,0,0,4,2,3,False,"{""f_f_market_dispersion_15m"": 0.08984644379961478, ""f_context_breakdown_down_pct"": 0.07557175, ""f_new_family_balance"": 3.0}"
B2,f_f_market_dispersion_15m|f_context_breakdown_down_pct|f_new_family_balance,3,2,0.7,55,17,12,26,8,0.5151515151515151,0.2608695652173913,0.5862068965517241,2,2,2,0,13,10,5,False,"{""f_f_market_dispersion_15m"": 0.08730329330185219, ""f_context_breakdown_down_pct"": 0.045146500000000006, ""f_new_family_balance"": 3.0}"
B2,f_f_market_dispersion_15m|f_context_breakdown_down_pct|f_new_family_balance,3,3,0.7,15,5,4,6,3,0.15151515151515152,0.08695652173913043,0.5555555555555556,1,2,0,0,4,2,3,False,"{""f_f_market_dispersion_15m"": 0.08730329330185219, ""f_context_breakdown_down_pct"": 0.045146500000000006, ""f_new_family_balance"": 3.0}"
B2,f_f_market_dispersion_15m|f_context_breakdown_down_pct|f_new_family_balance,3,2,0.75,53,17,12,24,8,0.5151515151515151,0.2608695652173913,0.5862068965517241,2,2,2,0,13,10,5,False,"{""f_f_market_dispersion_15m"": 0.08397532309904639, ""f_context_breakdown_down_pct"": 0.01612375, ""f_new_family_balance"": 3.0}"
B2,f_f_market_dispersion_15m|f_context_breakdown_down_pct|f_new_family_balance,3,3,0.75,13,4,4,5,3,0.12121212121212122,0.08695652173913043,0.5,1,2,0,0,3,2,2,False,"{""f_f_market_dispersion_15m"": 0.08397532309904639, ""f_context_breakdown_down_pct"": 0.01612375, ""f_new_family_balance"": 3.0}"
B2,f_f_market_dispersion_15m|f_context_breakdown_down_pct|f_new_family_balance,3,2,0.8,30,9,6,15,4,0.2727272727272727,0.13043478260869565,0.6,1,2,0,0,8,4,3,False,"{""f_f_market_dispersion_15m"": 0.081451648230247, ""f_context_breakdown_down_pct"": 0.0, ""f_new_family_balance"": 3.2}"
B2,f_f_market_dispersion_15m|f_context_breakdown_down_pct|f_new_family_balance,3,2,0.85,30,9,6,15,4,0.2727272727272727,0.13043478260869565,0.6,1,2,0,0,8,4,3,False,"{""f_f_market_dispersion_15m"": 0.07993334252895565, ""f_context_breakdown_down_pct"": 0.0, ""f_new_family_balance"": 3.6499999999999995}"
B2,f_f_market_dispersion_15m|f_context_breakdown_down_pct|f_new_family_balance,3,2,0.9,28,8,6,14,4,0.24242424242424243,0.13043478260869565,0.5714285714285714,1,2,0,0,7,4,3,False,"{""f_f_market_dispersion_15m"": 0.07698814464435187, ""f_context_breakdown_down_pct"": 0.0, ""f_new_family_balance"": 4.0}"
B2,f_f_market_dispersion_15m|f_f_market_selected_ret_30m|f_micro_price_flow_divergence,3,2,0.55,115,29,33,53,24,0.8787878787878788,0.717391304347826,0.46774193548387094,4,5,4,4,21,24,3,False,"{""f_f_market_dispersion_15m"": 0.09289213148896941, ""f_f_market_selected_ret_30m"": 0.3157608147100679, ""f_micro_price_flow_divergence"": 0.0119500913633334}"
B2,f_f_market_dispersion_15m|f_f_market_selected_ret_30m|f_micro_price_flow_divergence,3,3,0.55,37,12,9,16,6,0.36363636363636365,0.1956521739130435,0.5714285714285714,2,3,2,2,8,4,5,False,"{""f_f_market_dispersion_15m"": 0.09289213148896941, ""f_f_market_selected_ret_30m"": 0.3157608147100679, ""f_micro_price_flow_divergence"": 0.0119500913633334}"
B2,f_f_market_dispersion_15m|f_f_market_selected_ret_30m|f_micro_price_flow_divergence,3,2,0.6,112,27,32,53,23,0.8181818181818182,0.6956521739130435,0.4576271186440678,3,5,4,4,20,23,3,False,"{""f_f_market_dispersion_15m"": 0.090819954887291, ""f_f_market_selected_ret_30m"": 0.27953051404961293, ""f_micro_price_flow_divergence"": 0.012675127220891261}"
B2,f_f_market_dispersion_15m|f_f_market_selected_ret_30m|f_micro_price_flow_divergence,3,3,0.6,32,12,6,14,5,0.36363636363636365,0.13043478260869565,0.6666666666666666,2,0,2,2,8,4,5,False,"{""f_f_market_dispersion_15m"": 0.090819954887291, ""f_f_market_selected_ret_30m"": 0.27953051404961293, ""f_micro_price_flow_divergence"": 0.012675127220891261}"
B2,f_f_market_dispersion_15m|f_f_market_selected_ret_30m|f_micro_price_flow_divergence,3,2,0.65,108,26,29,53,21,0.7878787878787878,0.6304347826086957,0.4727272727272727,3,5,4,4,19,20,4,False,"{""f_f_market_dispersion_15m"": 0.08984644379961478, ""f_f_market_selected_ret_30m"": 0.24800416168246048, ""f_micro_price_flow_divergence"": 0.012783221361499118}"
B2,f_f_market_dispersion_15m|f_f_market_selected_ret_30m|f_micro_price_flow_divergence,3,3,0.65,32,12,6,14,5,0.36363636363636365,0.13043478260869565,0.6666666666666666,2,0,2,2,8,4,5,False,"{""f_f_market_dispersion_15m"": 0.08984644379961478, ""f_f_market_selected_ret_30m"": 0.24800416168246048, ""f_micro_price_flow_divergence"": 0.012783221361499118}"
B2,f_f_market_dispersion_15m|f_f_market_selected_ret_30m|f_micro_price_flow_divergence,3,2,0.7,102,26,25,51,20,0.7878787878787878,0.5434782608695652,0.5098039215686274,3,3,4,4,19,18,4,False,"{""f_f_market_dispersion_15m"": 0.08730329330185219, ""f_f_market_selected_ret_30m"": 0.20612865023261098, ""f_micro_price_flow_divergence"": 0.013646104500558977}"
B2,f_f_market_dispersion_15m|f_f_market_selected_ret_30m|f_micro_price_flow_divergence,3,3,0.7,29,12,4,13,3,0.36363636363636365,0.08695652173913043,0.75,2,0,2,1,8,3,5,True,"{""f_f_market_dispersion_15m"": 0.08730329330185219, ""f_f_market_selected_ret_30m"": 0.20612865023261098, ""f_micro_price_flow_divergence"": 0.013646104500558977}"
B2,f_f_market_dispersion_15m|f_f_market_selected_ret_30m|f_micro_price_flow_divergence,3,2,0.75,94,23,25,46,20,0.696969696969697,0.5434782608695652,0.4791666666666667,2,3,4,4,17,18,4,False,"{""f_f_market_dispersion_15m"": 0.08397532309904639, ""f_f_market_selected_ret_30m"": 0.1590785592414129, ""f_micro_price_flow_divergence"": 0.01488638213884484}"
B2,f_f_market_dispersion_15m|f_f_market_selected_ret_30m|f_micro_price_flow_divergence,3,3,0.75,27,11,4,12,3,0.3333333333333333,0.08695652173913043,0.7333333333333333,2,0,2,1,7,3,5,True,"{""f_f_market_dispersion_15m"": 0.08397532309904639, ""f_f_market_selected_ret_30m"": 0.1590785592414129, ""f_micro_price_flow_divergence"": 0.01488638213884484}"
B2,f_f_market_dispersion_15m|f_f_market_selected_ret_30m|f_micro_price_flow_divergence,3,2,0.8,85,22,22,41,18,0.6666666666666666,0.4782608695652174,0.5,2,2,4,3,16,17,5,False,"{""f_f_market_dispersion_15m"": 0.081451648230247, ""f_f_market_selected_ret_30m"": 0.13117480044327, ""f_micro_price_flow_divergence"": 0.019082996203197426}"
B2,f_f_market_dispersion_15m|f_f_market_selected_ret_30m|f_micro_price_flow_divergence,3,3,0.8,20,7,4,9,3,0.21212121212121213,0.08695652173913043,0.6363636363636364,1,0,1,1,5,3,4,False,"{""f_f_market_dispersion_15m"": 0.081451648230247, ""f_f_market_selected_ret_30m"": 0.13117480044327, ""f_micro_price_flow_divergence"": 0.019082996203197426}"
B2,f_f_market_dispersion_15m|f_f_market_selected_ret_30m|f_micro_price_flow_divergence,3,2,0.85,83,22,22,39,18,0.6666666666666666,0.4782608695652174,0.5,2,2,4,3,16,17,5,False,"{""f_f_market_dispersion_15m"": 0.07993334252895565, ""f_f_market_selected_ret_30m"": 0.1272039568864461, ""f_micro_price_flow_divergence"": 0.026975030800133398}"
B2,f_f_market_dispersion_15m|f_f_market_selected_ret_30m|f_micro_price_flow_divergence,3,3,0.85,16,4,3,9,2,0.12121212121212122,0.06521739130434782,0.5714285714285714,0,0,1,0,3,3,3,False,"{""f_f_market_dispersion_15m"": 0.07993334252895565, ""f_f_market_selected_ret_30m"": 0.1272039568864461, ""f_micro_price_flow_divergence"": 0.026975030800133398}"
B2,f_f_market_dispersion_15m|f_f_market_selected_ret_30m|f_micro_price_flow_divergence,3,2,0.9,70,21,18,31,14,0.6363636363636364,0.391304347826087,0.5384615384615384,2,1,4,2,15,15,6,False,"{""f_f_market_dispersion_15m"": 0.07698814464435187, ""f_f_market_selected_ret_30m"": 0.11864422057320188, ""f_micro_price_flow_divergence"": 0.046956635495231006}"
B2,f_f_market_dispersion_15m|f_f_market_selected_ret_30m|f_micro_price_flow_divergence,3,3,0.9,8,3,2,3,1,0.09090909090909091,0.043478260869565216,0.6,0,0,1,0,2,2,3,False,"{""f_f_market_dispersion_15m"": 0.07698814464435187, ""f_f_market_selected_ret_30m"": 0.11864422057320188, ""f_micro_price_flow_divergence"": 0.046956635495231006}"
B2,f_f_market_dispersion_15m|f_f_market_selected_ret_30m|f_f_market_aligned_fraction_5m,3,2,0.55,124,30,34,60,24,0.9090909090909091,0.7391304347826086,0.46875,4,5,4,4,22,25,4,False,"{""f_f_market_dispersion_15m"": 0.09289213148896941, ""f_f_market_selected_ret_30m"": 0.3157608147100679, ""f_f_market_aligned_fraction_5m"": 0.25}"
B2,f_f_market_dispersion_15m|f_f_market_selected_ret_30m|f_f_market_aligned_fraction_5m,3,3,0.55,72,20,20,32,14,0.6060606060606061,0.43478260869565216,0.5,2,1,4,3,14,16,4,False,"{""f_f_market_dispersion_15m"": 0.09289213148896941, ""f_f_market_selected_ret_30m"": 0.3157608147100679, ""f_f_market_aligned_fraction_5m"": 0.25}"
B2,f_f_market_dispersion_15m|f_f_market_selected_ret_30m|f_f_market_aligned_fraction_5m,3,2,0.6,113,28,30,55,21,0.8484848484848485,0.6521739130434783,0.4827586206896552,3,2,4,4,21,24,3,False,"{""f_f_market_dispersion_15m"": 0.090819954887291, ""f_f_market_selected_ret_30m"": 0.27953051404961293, ""f_f_market_aligned_fraction_5m"": 0.5499999999999996}"
B2,f_f_market_dispersion_15m|f_f_market_selected_ret_30m|f_f_market_aligned_fraction_5m,3,3,0.6,46,12,11,23,8,0.36363636363636365,0.2391304347826087,0.5217391304347826,2,0,2,2,8,9,4,False,"{""f_f_market_dispersion_15m"": 0.090819954887291, ""f_f_market_selected_ret_30m"": 0.27953051404961293, ""f_f_market_aligned_fraction_5m"": 0.5499999999999996}"
B2,f_f_market_dispersion_15m|f_f_market_selected_ret_30m|f_f_market_aligned_fraction_5m,3,2,0.65,106,27,26,53,19,0.8181818181818182,0.5652173913043478,0.5094339622641509,3,2,4,4,20,20,4,False,"{""f_f_market_dispersion_15m"": 0.08984644379961478, ""f_f_market_selected_ret_30m"": 0.24800416168246048, ""f_f_market_aligned_fraction_5m"": 0.8875000000000004}"
B2,f_f_market_dispersion_15m|f_f_market_selected_ret_30m|f_f_market_aligned_fraction_5m,3,3,0.65,34,11,6,17,5,0.3333333333333333,0.13043478260869565,0.6470588235294118,2,0,2,1,7,5,4,False,"{""f_f_market_dispersion_15m"": 0.08984644379961478, ""f_f_market_selected_ret_30m"": 0.24800416168246048, ""f_f_market_aligned_fraction_5m"": 0.8875000000000004}"
B2,f_f_market_dispersion_15m|f_f_market_selected_ret_30m|f_f_market_aligned_fraction_5m,3,2,0.7,101,27,22,52,17,0.8181818181818182,0.4782608695652174,0.5510204081632653,3,1,4,3,20,18,5,False,"{""f_f_market_dispersion_15m"": 0.08730329330185219, ""f_f_market_selected_ret_30m"": 0.20612865023261098, ""f_f_market_aligned_fraction_5m"": 1.0}"
B2,f_f_market_dispersion_15m|f_f_market_selected_ret_30m|f_f_market_aligned_fraction_5m,3,3,0.7,32,11,6,15,5,0.3333333333333333,0.13043478260869565,0.6470588235294118,2,0,2,1,7,5,4,False,"{""f_f_market_dispersion_15m"": 0.08730329330185219, ""f_f_market_selected_ret_30m"": 0.20612865023261098, ""f_f_market_aligned_fraction_5m"": 1.0}"
B2,f_f_market_dispersion_15m|f_f_market_selected_ret_30m|f_f_market_aligned_fraction_5m,3,2,0.75,96,24,22,50,17,0.7272727272727273,0.4782608695652174,0.5217391304347826,2,1,4,3,18,18,5,False,"{""f_f_market_dispersion_15m"": 0.08397532309904639, ""f_f_market_selected_ret_30m"": 0.1590785592414129, ""f_f_market_aligned_fraction_5m"": 1.0}"
B2,f_f_market_dispersion_15m|f_f_market_selected_ret_30m|f_f_market_aligned_fraction_5m,3,3,0.75,28,9,6,13,5,0.2727272727272727,0.13043478260869565,0.6,2,0,2,1,5,5,4,False,"{""f_f_market_dispersion_15m"": 0.08397532309904639, ""f_f_market_selected_ret_30m"": 0.1590785592414129, ""f_f_market_aligned_fraction_5m"": 1.0}"
B2,f_f_market_dispersion_15m|f_f_market_selected_ret_30m|f_f_market_aligned_fraction_5m,3,2,0.8,90,23,20,47,16,0.696969696969697,0.43478260869565216,0.5348837209302325,2,0,4,3,17,17,5,False,"{""f_f_market_dispersion_15m"": 0.081451648230247, ""f_f_market_selected_ret_30m"": 0.13117480044327, ""f_f_market_aligned_fraction_5m"": 1.0}"
B2,f_f_market_dispersion_15m|f_f_market_selected_ret_30m|f_f_market_aligned_fraction_5m,3,3,0.8,25,7,6,12,5,0.21212121212121213,0.13043478260869565,0.5384615384615384,1,0,1,1,5,5,4,False,"{""f_f_market_dispersion_15m"": 0.081451648230247, ""f_f_market_selected_ret_30m"": 0.13117480044327, ""f_f_market_aligned_fraction_5m"": 1.0}"
B2,f_f_market_dispersion_15m|f_f_market_selected_ret_30m|f_f_market_aligned_fraction_5m,3,2,0.85,89,23,20,46,16,0.696969696969697,0.43478260869565216,0.5348837209302325,2,0,4,3,17,17,5,False,"{""f_f_market_dispersion_15m"": 0.07993334252895565, ""f_f_market_selected_ret_30m"": 0.1272039568864461, ""f_f_market_aligned_fraction_5m"": 1.0}"
B2,f_f_market_dispersion_15m|f_f_market_selected_ret_30m|f_f_market_aligned_fraction_5m,3,3,0.85,24,7,5,12,4,0.21212121212121213,0.10869565217391304,0.5833333333333334,1,0,1,0,5,5,4,False,"{""f_f_market_dispersion_15m"": 0.07993334252895565, ""f_f_market_selected_ret_30m"": 0.1272039568864461, ""f_f_market_aligned_fraction_5m"": 1.0}"
B2,f_f_market_dispersion_15m|f_f_market_selected_ret_30m|f_f_market_aligned_fraction_5m,3,2,0.9,82,21,19,42,15,0.6363636363636364,0.41304347826086957,0.525,2,0,4,3,15,16,5,False,"{""f_f_market_dispersion_15m"": 0.07698814464435187, ""f_f_market_selected_ret_30m"": 0.11864422057320188, ""f_f_market_aligned_fraction_5m"": 1.0}"
B2,f_f_market_dispersion_15m|f_f_market_selected_ret_30m|f_f_market_aligned_fraction_5m,3,3,0.9,23,7,5,11,4,0.21212121212121213,0.10869565217391304,0.5833333333333334,1,0,1,0,5,5,4,False,"{""f_f_market_dispersion_15m"": 0.07698814464435187, ""f_f_market_selected_ret_30m"": 0.11864422057320188, ""f_f_market_aligned_fraction_5m"": 1.0}"
B2,f_f_market_dispersion_15m|f_f_market_selected_ret_30m|f_new_family_balance,3,2,0.55,106,28,29,49,21,0.8484848484848485,0.6304347826086957,0.49122807017543857,4,5,4,4,20,20,4,False,"{""f_f_market_dispersion_15m"": 0.09289213148896941, ""f_f_market_selected_ret_30m"": 0.3157608147100679, ""f_new_family_balance"": 2.95}"
B2,f_f_market_dispersion_15m|f_f_market_selected_ret_30m|f_new_family_balance,3,3,0.55,35,11,10,14,6,0.3333333333333333,0.21739130434782608,0.5238095238095238,1,2,2,0,8,8,5,False,"{""f_f_market_dispersion_15m"": 0.09289213148896941, ""f_f_market_selected_ret_30m"": 0.3157608147100679, ""f_new_family_balance"": 2.95}"
B2,f_f_market_dispersion_15m|f_f_market_selected_ret_30m|f_new_family_balance,3,2,0.6,102,27,27,48,19,0.8181818181818182,0.5869565217391305,0.5,3,4,4,4,20,19,4,False,"{""f_f_market_dispersion_15m"": 0.090819954887291, ""f_f_market_selected_ret_30m"": 0.27953051404961293, ""f_new_family_balance"": 3.0}"
B2,f_f_market_dispersion_15m|f_f_market_selected_ret_30m|f_new_family_balance,3,3,0.6,32,10,9,13,6,0.30303030303030304,0.1956521739130435,0.5263157894736842,1,1,2,0,7,8,5,False,"{""f_f_market_dispersion_15m"": 0.090819954887291, ""f_f_market_selected_ret_30m"": 0.27953051404961293, ""f_new_family_balance"": 3.0}"
B2,f_f_market_dispersion_15m|f_f_market_selected_ret_30m|f_new_family_balance,3,2,0.65,102,27,27,48,19,0.8181818181818182,0.5869565217391305,0.5,3,4,4,4,20,19,4,False,"{""f_f_market_dispersion_15m"": 0.08984644379961478, ""f_f_market_selected_ret_30m"": 0.24800416168246048, ""f_new_family_balance"": 3.0}"
B2,f_f_market_dispersion_15m|f_f_market_selected_ret_30m|f_new_family_balance,3,3,0.65,31,10,8,13,6,0.30303030303030304,0.17391304347826086,0.5555555555555556,1,1,2,0,7,7,5,False,"{""f_f_market_dispersion_15m"": 0.08984644379961478, ""f_f_market_selected_ret_30m"": 0.24800416168246048, ""f_new_family_balance"": 3.0}"
B2,f_f_market_dispersion_15m|f_f_market_selected_ret_30m|f_new_family_balance,3,2,0.7,94,27,22,45,17,0.8181818181818182,0.4782608695652174,0.5510204081632653,3,2,4,3,20,17,5,False,"{""f_f_market_dispersion_15m"": 0.08730329330185219, ""f_f_market_selected_ret_30m"": 0.20612865023261098, ""f_new_family_balance"": 3.0}"
B2,f_f_market_dispersion_15m|f_f_market_selected_ret_30m|f_new_family_balance,3,3,0.7,31,10,8,13,6,0.30303030303030304,0.17391304347826086,0.5555555555555556,1,1,2,0,7,7,5,False,"{""f_f_market_dispersion_15m"": 0.08730329330185219, ""f_f_market_selected_ret_30m"": 0.20612865023261098, ""f_new_family_balance"": 3.0}"
B2,f_f_market_dispersion_15m|f_f_market_selected_ret_30m|f_new_family_balance,3,2,0.75,88,24,21,43,16,0.7272727272727273,0.45652173913043476,0.5333333333333333,2,2,4,3,18,16,5,False,"{""f_f_market_dispersion_15m"": 0.08397532309904639, ""f_f_market_selected_ret_30m"": 0.1590785592414129, ""f_new_family_balance"": 3.0}"
B2,f_f_market_dispersion_15m|f_f_market_selected_ret_30m|f_new_family_balance,3,3,0.75,27,8,8,11,6,0.24242424242424243,0.17391304347826086,0.5,1,1,2,0,5,7,4,False,"{""f_f_market_dispersion_15m"": 0.08397532309904639, ""f_f_market_selected_ret_30m"": 0.1590785592414129, ""f_new_family_balance"": 3.0}"
B2,f_f_market_dispersion_15m|f_f_market_selected_ret_30m|f_new_family_balance,3,2,0.8,74,18,19,37,15,0.5454545454545454,0.41304347826086957,0.4864864864864865,1,1,3,3,14,15,3,False,"{""f_f_market_dispersion_15m"": 0.081451648230247, ""f_f_market_selected_ret_30m"": 0.13117480044327, ""f_new_family_balance"": 3.2}"
B2,f_f_market_dispersion_15m|f_f_market_selected_ret_30m|f_new_family_balance,3,2,0.85,72,18,18,36,14,0.5454545454545454,0.391304347826087,0.5,1,1,3,2,14,15,4,False,"{""f_f_market_dispersion_15m"": 0.07993334252895565, ""f_f_market_selected_ret_30m"": 0.1272039568864461, ""f_new_family_balance"": 3.6499999999999995}"
B2,f_f_market_dispersion_15m|f_f_market_selected_ret_30m|f_new_family_balance,3,2,0.9,67,18,17,32,13,0.5454545454545454,0.3695652173913043,0.5142857142857142,1,0,3,2,14,15,4,False,"{""f_f_market_dispersion_15m"": 0.07698814464435187, ""f_f_market_selected_ret_30m"": 0.11864422057320188, ""f_new_family_balance"": 4.0}"
B2,f_f_market_dispersion_15m|f_micro_price_flow_divergence|f_f_market_aligned_fraction_5m,3,2,0.55,112,29,35,48,26,0.8787878787878788,0.7608695652173914,0.453125,4,6,4,3,21,26,3,False,"{""f_f_market_dispersion_15m"": 0.09289213148896941, ""f_micro_price_flow_divergence"": 0.0119500913633334, ""f_f_market_aligned_fraction_5m"": 0.25}"
B2,f_f_market_dispersion_15m|f_micro_price_flow_divergence|f_f_market_aligned_fraction_5m,3,3,0.55,32,11,7,14,6,0.3333333333333333,0.15217391304347827,0.6111111111111112,2,0,2,2,7,5,5,False,"{""f_f_market_dispersion_15m"": 0.09289213148896941, ""f_micro_price_flow_divergence"": 0.0119500913633334, ""f_f_market_aligned_fraction_5m"": 0.25}"
B2,f_f_market_dispersion_15m|f_micro_price_flow_divergence|f_f_market_aligned_fraction_5m,3,2,0.6,90,24,27,39,22,0.7272727272727273,0.5869565217391305,0.47058823529411764,4,2,3,3,17,22,3,False,"{""f_f_market_dispersion_15m"": 0.090819954887291, ""f_micro_price_flow_divergence"": 0.012675127220891261, ""f_f_market_aligned_fraction_5m"": 0.5499999999999996}"
B2,f_f_market_dispersion_15m|f_micro_price_flow_divergence|f_f_market_aligned_fraction_5m,3,3,0.6,22,7,3,12,3,0.21212121212121213,0.06521739130434782,0.7,2,0,1,1,4,2,5,True,"{""f_f_market_dispersion_15m"": 0.090819954887291, ""f_micro_price_flow_divergence"": 0.012675127220891261, ""f_f_market_aligned_fraction_5m"": 0.5499999999999996}"
B2,f_f_market_dispersion_15m|f_micro_price_flow_divergence|f_f_market_aligned_fraction_5m,3,2,0.65,80,23,22,35,19,0.696969696969697,0.4782608695652174,0.5111111111111111,4,2,3,2,16,18,4,False,"{""f_f_market_dispersion_15m"": 0.08984644379961478, ""f_micro_price_flow_divergence"": 0.012783221361499118, ""f_f_market_aligned_fraction_5m"": 0.8875000000000004}"
B2,f_f_market_dispersion_15m|f_micro_price_flow_divergence|f_f_market_aligned_fraction_5m,3,3,0.65,19,7,3,9,3,0.21212121212121213,0.06521739130434782,0.7,2,0,1,1,4,2,5,True,"{""f_f_market_dispersion_15m"": 0.08984644379961478, ""f_micro_price_flow_divergence"": 0.012783221361499118, ""f_f_market_aligned_fraction_5m"": 0.8875000000000004}"
B2,f_f_market_dispersion_15m|f_micro_price_flow_divergence|f_f_market_aligned_fraction_5m,3,2,0.7,77,23,21,33,18,0.696969696969697,0.45652173913043476,0.5227272727272727,4,2,3,2,16,17,4,False,"{""f_f_market_dispersion_15m"": 0.08730329330185219, ""f_micro_price_flow_divergence"": 0.013646104500558977, ""f_f_market_aligned_fraction_5m"": 1.0}"
B2,f_f_market_dispersion_15m|f_micro_price_flow_divergence|f_f_market_aligned_fraction_5m,3,3,0.7,19,7,3,9,3,0.21212121212121213,0.06521739130434782,0.7,2,0,1,1,4,2,5,True,"{""f_f_market_dispersion_15m"": 0.08730329330185219, ""f_micro_price_flow_divergence"": 0.013646104500558977, ""f_f_market_aligned_fraction_5m"": 1.0}"
B2,f_f_market_dispersion_15m|f_micro_price_flow_divergence|f_f_market_aligned_fraction_5m,3,2,0.75,74,22,20,32,17,0.6666666666666666,0.43478260869565216,0.5238095238095238,4,2,3,2,15,16,4,False,"{""f_f_market_dispersion_15m"": 0.08397532309904639, ""f_micro_price_flow_divergence"": 0.01488638213884484, ""f_f_market_aligned_fraction_5m"": 1.0}"
B2,f_f_market_dispersion_15m|f_micro_price_flow_divergence|f_f_market_aligned_fraction_5m,3,3,0.75,18,7,3,8,3,0.21212121212121213,0.06521739130434782,0.7,2,0,1,1,4,2,5,True,"{""f_f_market_dispersion_15m"": 0.08397532309904639, ""f_micro_price_flow_divergence"": 0.01488638213884484, ""f_f_market_aligned_fraction_5m"": 1.0}"
B2,f_f_market_dispersion_15m|f_micro_price_flow_divergence|f_f_market_aligned_fraction_5m,3,2,0.8,67,21,17,29,14,0.6363636363636364,0.3695652173913043,0.5526315789473685,4,1,3,1,14,15,4,False,"{""f_f_market_dispersion_15m"": 0.081451648230247, ""f_micro_price_flow_divergence"": 0.019082996203197426, ""f_f_market_aligned_fraction_5m"": 1.0}"
B2,f_f_market_dispersion_15m|f_micro_price_flow_divergence|f_f_market_aligned_fraction_5m,3,3,0.8,14,5,3,6,3,0.15151515151515152,0.06521739130434782,0.625,1,0,1,1,3,2,4,False,"{""f_f_market_dispersion_15m"": 0.081451648230247, ""f_micro_price_flow_divergence"": 0.019082996203197426, ""f_f_market_aligned_fraction_5m"": 1.0}"
B2,f_f_market_dispersion_15m|f_micro_price_flow_divergence|f_f_market_aligned_fraction_5m,3,2,0.85,66,20,17,29,14,0.6060606060606061,0.3695652173913043,0.5405405405405406,4,1,3,1,13,15,4,False,"{""f_f_market_dispersion_15m"": 0.07993334252895565, ""f_micro_price_flow_divergence"": 0.026975030800133398, ""f_f_market_aligned_fraction_5m"": 1.0}"
B2,f_f_market_dispersion_15m|f_micro_price_flow_divergence|f_f_market_aligned_fraction_5m,3,3,0.85,11,3,3,5,3,0.09090909090909091,0.06521739130434782,0.5,0,0,1,1,2,2,2,False,"{""f_f_market_dispersion_15m"": 0.07993334252895565, ""f_micro_price_flow_divergence"": 0.026975030800133398, ""f_f_market_aligned_fraction_5m"": 1.0}"
B2,f_f_market_dispersion_15m|f_micro_price_flow_divergence|f_f_market_aligned_fraction_5m,3,2,0.9,48,15,15,18,12,0.45454545454545453,0.32608695652173914,0.5,3,1,3,1,9,13,4,False,"{""f_f_market_dispersion_15m"": 0.07698814464435187, ""f_micro_price_flow_divergence"": 0.046956635495231006, ""f_f_market_aligned_fraction_5m"": 1.0}"
B2,f_f_market_dispersion_15m|f_micro_price_flow_divergence|f_new_family_balance,3,2,0.55,76,22,21,33,15,0.6666666666666666,0.45652173913043476,0.5116279069767442,4,5,3,2,15,14,5,False,"{""f_f_market_dispersion_15m"": 0.09289213148896941, ""f_micro_price_flow_divergence"": 0.0119500913633334, ""f_new_family_balance"": 2.95}"
B2,f_f_market_dispersion_15m|f_micro_price_flow_divergence|f_new_family_balance,3,3,0.55,11,5,2,4,1,0.15151515151515152,0.043478260869565216,0.7142857142857143,1,1,1,0,3,1,4,True,"{""f_f_market_dispersion_15m"": 0.09289213148896941, ""f_micro_price_flow_divergence"": 0.0119500913633334, ""f_new_family_balance"": 2.95}"
B2,f_f_market_dispersion_15m|f_micro_price_flow_divergence|f_new_family_balance,3,2,0.6,73,21,20,32,15,0.6363636363636364,0.43478260869565216,0.5121951219512195,4,4,3,2,14,14,4,False,"{""f_f_market_dispersion_15m"": 0.090819954887291, ""f_micro_price_flow_divergence"": 0.012675127220891261, ""f_new_family_balance"": 3.0}"
B2,f_f_market_dispersion_15m|f_micro_price_flow_divergence|f_new_family_balance,3,3,0.6,10,5,1,4,1,0.15151515151515152,0.021739130434782608,0.8333333333333334,1,0,1,0,3,1,4,True,"{""f_f_market_dispersion_15m"": 0.090819954887291, ""f_micro_price_flow_divergence"": 0.012675127220891261, ""f_new_family_balance"": 3.0}"
B2,f_f_market_dispersion_15m|f_micro_price_flow_divergence|f_new_family_balance,3,2,0.65,73,21,20,32,15,0.6363636363636364,0.43478260869565216,0.5121951219512195,4,4,3,2,14,14,4,False,"{""f_f_market_dispersion_15m"": 0.08984644379961478, ""f_micro_price_flow_divergence"": 0.012783221361499118, ""f_new_family_balance"": 3.0}"
B2,f_f_market_dispersion_15m|f_micro_price_flow_divergence|f_new_family_balance,3,3,0.65,10,5,1,4,1,0.15151515151515152,0.021739130434782608,0.8333333333333334,1,0,1,0,3,1,4,True,"{""f_f_market_dispersion_15m"": 0.08984644379961478, ""f_micro_price_flow_divergence"": 0.012783221361499118, ""f_new_family_balance"": 3.0}"
B2,f_f_market_dispersion_15m|f_micro_price_flow_divergence|f_new_family_balance,3,2,0.7,70,21,18,31,14,0.6363636363636364,0.391304347826087,0.5384615384615384,4,3,3,2,14,13,4,False,"{""f_f_market_dispersion_15m"": 0.08730329330185219, ""f_micro_price_flow_divergence"": 0.013646104500558977, ""f_new_family_balance"": 3.0}"
B2,f_f_market_dispersion_15m|f_micro_price_flow_divergence|f_new_family_balance,3,3,0.7,10,5,1,4,1,0.15151515151515152,0.021739130434782608,0.8333333333333334,1,0,1,0,3,1,4,True,"{""f_f_market_dispersion_15m"": 0.08730329330185219, ""f_micro_price_flow_divergence"": 0.013646104500558977, ""f_new_family_balance"": 3.0}"
B2,f_f_market_dispersion_15m|f_micro_price_flow_divergence|f_new_family_balance,3,2,0.75,69,21,18,30,14,0.6363636363636364,0.391304347826087,0.5384615384615384,4,3,3,2,14,13,4,False,"{""f_f_market_dispersion_15m"": 0.08397532309904639, ""f_micro_price_flow_divergence"": 0.01488638213884484, ""f_new_family_balance"": 3.0}"
B2,f_f_market_dispersion_15m|f_micro_price_flow_divergence|f_new_family_balance,3,3,0.75,9,4,1,4,1,0.12121212121212122,0.021739130434782608,0.8,1,0,1,0,2,1,3,False,"{""f_f_market_dispersion_15m"": 0.08397532309904639, ""f_micro_price_flow_divergence"": 0.01488638213884484, ""f_new_family_balance"": 3.0}"
B2,f_f_market_dispersion_15m|f_micro_price_flow_divergence|f_new_family_balance,3,2,0.8,35,11,9,15,7,0.3333333333333333,0.1956521739130435,0.55,1,2,2,1,8,6,5,False,"{""f_f_market_dispersion_15m"": 0.081451648230247, ""f_micro_price_flow_divergence"": 0.019082996203197426, ""f_new_family_balance"": 3.2}"
B2,f_f_market_dispersion_15m|f_micro_price_flow_divergence|f_new_family_balance,3,2,0.85,31,8,9,14,7,0.24242424242424243,0.1956521739130435,0.47058823529411764,0,2,2,1,6,6,3,False,"{""f_f_market_dispersion_15m"": 0.07993334252895565, ""f_micro_price_flow_divergence"": 0.026975030800133398, ""f_new_family_balance"": 3.6499999999999995}"
B2,f_f_market_dispersion_15m|f_micro_price_flow_divergence|f_new_family_balance,3,2,0.9,16,6,4,6,2,0.18181818181818182,0.08695652173913043,0.6,0,1,2,0,4,3,3,False,"{""f_f_market_dispersion_15m"": 0.07698814464435187, ""f_micro_price_flow_divergence"": 0.046956635495231006, ""f_new_family_balance"": 4.0}"
B2,f_f_market_dispersion_15m|f_f_market_aligned_fraction_5m|f_new_family_balance,3,2,0.55,101,26,27,48,20,0.7878787878787878,0.5869565217391305,0.49056603773584906,4,5,4,3,18,19,4,False,"{""f_f_market_dispersion_15m"": 0.09289213148896941, ""f_f_market_aligned_fraction_5m"": 0.25, ""f_new_family_balance"": 2.95}"
B2,f_f_market_dispersion_15m|f_f_market_aligned_fraction_5m|f_new_family_balance,3,3,0.55,31,10,9,12,6,0.30303030303030304,0.1956521739130435,0.5263157894736842,1,1,2,0,7,8,5,False,"{""f_f_market_dispersion_15m"": 0.09289213148896941, ""f_f_market_aligned_fraction_5m"": 0.25, ""f_new_family_balance"": 2.95}"
B2,f_f_market_dispersion_15m|f_f_market_aligned_fraction_5m|f_new_family_balance,3,2,0.6,85,23,20,42,16,0.696969696969697,0.43478260869565216,0.5348837209302325,4,4,3,2,16,14,4,False,"{""f_f_market_dispersion_15m"": 0.090819954887291, ""f_f_market_aligned_fraction_5m"": 0.5499999999999996, ""f_new_family_balance"": 3.0}"
B2,f_f_market_dispersion_15m|f_f_market_aligned_fraction_5m|f_new_family_balance,3,3,0.6,21,5,6,10,4,0.15151515151515152,0.13043478260869565,0.45454545454545453,1,0,1,0,3,6,3,False,"{""f_f_market_dispersion_15m"": 0.090819954887291, ""f_f_market_aligned_fraction_5m"": 0.5499999999999996, ""f_new_family_balance"": 3.0}"
B2,f_f_market_dispersion_15m|f_f_market_aligned_fraction_5m|f_new_family_balance,3,2,0.65,79,22,19,38,15,0.6666666666666666,0.41304347826086957,0.5365853658536586,4,4,3,1,15,14,4,False,"{""f_f_market_dispersion_15m"": 0.08984644379961478, ""f_f_market_aligned_fraction_5m"": 0.8875000000000004, ""f_new_family_balance"": 3.0}"
B2,f_f_market_dispersion_15m|f_f_market_aligned_fraction_5m|f_new_family_balance,3,3,0.65,14,5,2,7,2,0.15151515151515152,0.043478260869565216,0.7142857142857143,1,0,1,0,3,2,3,False,"{""f_f_market_dispersion_15m"": 0.08984644379961478, ""f_f_market_aligned_fraction_5m"": 0.8875000000000004, ""f_new_family_balance"": 3.0}"
B2,f_f_market_dispersion_15m|f_f_market_aligned_fraction_5m|f_new_family_balance,3,2,0.7,78,22,19,37,15,0.6666666666666666,0.41304347826086957,0.5365853658536586,4,4,3,1,15,14,4,False,"{""f_f_market_dispersion_15m"": 0.08730329330185219, ""f_f_market_aligned_fraction_5m"": 1.0, ""f_new_family_balance"": 3.0}"
B2,f_f_market_dispersion_15m|f_f_market_aligned_fraction_5m|f_new_family_balance,3,3,0.7,14,5,2,7,2,0.15151515151515152,0.043478260869565216,0.7142857142857143,1,0,1,0,3,2,3,False,"{""f_f_market_dispersion_15m"": 0.08730329330185219, ""f_f_market_aligned_fraction_5m"": 1.0, ""f_new_family_balance"": 3.0}"
B2,f_f_market_dispersion_15m|f_f_market_aligned_fraction_5m|f_new_family_balance,3,2,0.75,76,21,19,36,15,0.6363636363636364,0.41304347826086957,0.525,4,4,3,1,14,14,4,False,"{""f_f_market_dispersion_15m"": 0.08397532309904639, ""f_f_market_aligned_fraction_5m"": 1.0, ""f_new_family_balance"": 3.0}"
B2,f_f_market_dispersion_15m|f_f_market_aligned_fraction_5m|f_new_family_balance,3,3,0.75,14,5,2,7,2,0.15151515151515152,0.043478260869565216,0.7142857142857143,1,0,1,0,3,2,3,False,"{""f_f_market_dispersion_15m"": 0.08397532309904639, ""f_f_market_aligned_fraction_5m"": 1.0, ""f_new_family_balance"": 3.0}"
B2,f_f_market_dispersion_15m|f_f_market_aligned_fraction_5m|f_new_family_balance,3,2,0.8,47,12,10,25,8,0.36363636363636365,0.21739130434782608,0.5454545454545454,1,1,2,1,9,8,4,False,"{""f_f_market_dispersion_15m"": 0.081451648230247, ""f_f_market_aligned_fraction_5m"": 1.0, ""f_new_family_balance"": 3.2}"
B2,f_f_market_dispersion_15m|f_f_market_aligned_fraction_5m|f_new_family_balance,3,2,0.85,47,12,10,25,8,0.36363636363636365,0.21739130434782608,0.5454545454545454,1,1,2,1,9,8,4,False,"{""f_f_market_dispersion_15m"": 0.07993334252895565, ""f_f_market_aligned_fraction_5m"": 1.0, ""f_new_family_balance"": 3.6499999999999995}"
B2,f_f_market_dispersion_15m|f_f_market_aligned_fraction_5m|f_new_family_balance,3,2,0.9,41,10,8,23,6,0.30303030303030304,0.17391304347826086,0.5555555555555556,1,0,2,1,7,7,4,False,"{""f_f_market_dispersion_15m"": 0.07698814464435187, ""f_f_market_aligned_fraction_5m"": 1.0, ""f_new_family_balance"": 4.0}"
B2,f_context_breakdown_down_pct|f_f_market_selected_ret_30m|f_micro_price_flow_divergence,3,2,0.55,79,21,20,38,14,0.6363636363636364,0.43478260869565216,0.5121951219512195,4,6,2,2,15,12,5,False,"{""f_context_breakdown_down_pct"": 0.14433969999999996, ""f_f_market_selected_ret_30m"": 0.3157608147100679, ""f_micro_price_flow_divergence"": 0.0119500913633334}"
B2,f_context_breakdown_down_pct|f_f_market_selected_ret_30m|f_micro_price_flow_divergence,3,3,0.55,18,6,3,9,3,0.18181818181818182,0.06521739130434782,0.6666666666666666,2,1,0,0,4,2,4,False,"{""f_context_breakdown_down_pct"": 0.14433969999999996, ""f_f_market_selected_ret_30m"": 0.3157608147100679, ""f_micro_price_flow_divergence"": 0.0119500913633334}"
B2,f_context_breakdown_down_pct|f_f_market_selected_ret_30m|f_micro_price_flow_divergence,3,2,0.6,74,20,18,36,13,0.6060606060606061,0.391304347826087,0.5263157894736842,3,5,2,2,15,11,5,False,"{""f_context_breakdown_down_pct"": 0.10880200000000001, ""f_f_market_selected_ret_30m"": 0.27953051404961293, ""f_micro_price_flow_divergence"": 0.012675127220891261}"
B2,f_context_breakdown_down_pct|f_f_market_selected_ret_30m|f_micro_price_flow_divergence,3,3,0.6,14,6,1,7,1,0.18181818181818182,0.021739130434782608,0.8571428571428571,2,0,0,0,4,1,4,True,"{""f_context_breakdown_down_pct"": 0.10880200000000001, ""f_f_market_selected_ret_30m"": 0.27953051404961293, ""f_micro_price_flow_divergence"": 0.012675127220891261}"
B2,f_context_breakdown_down_pct|f_f_market_selected_ret_30m|f_micro_price_flow_divergence,3,2,0.65,69,18,16,35,11,0.5454545454545454,0.34782608695652173,0.5294117647058824,3,5,2,2,13,9,5,False,"{""f_context_breakdown_down_pct"": 0.07557175, ""f_f_market_selected_ret_30m"": 0.24800416168246048, ""f_micro_price_flow_divergence"": 0.012783221361499118}"
B2,f_context_breakdown_down_pct|f_f_market_selected_ret_30m|f_micro_price_flow_divergence,3,3,0.65,14,6,1,7,1,0.18181818181818182,0.021739130434782608,0.8571428571428571,2,0,0,0,4,1,4,True,"{""f_context_breakdown_down_pct"": 0.07557175, ""f_f_market_selected_ret_30m"": 0.24800416168246048, ""f_micro_price_flow_divergence"": 0.012783221361499118}"
B2,f_context_breakdown_down_pct|f_f_market_selected_ret_30m|f_micro_price_flow_divergence,3,2,0.7,58,18,11,29,7,0.5454545454545454,0.2391304347826087,0.6206896551724138,3,3,2,1,13,7,5,False,"{""f_context_breakdown_down_pct"": 0.045146500000000006, ""f_f_market_selected_ret_30m"": 0.20612865023261098, ""f_micro_price_flow_divergence"": 0.013646104500558977}"
B2,f_context_breakdown_down_pct|f_f_market_selected_ret_30m|f_micro_price_flow_divergence,3,3,0.7,13,6,1,6,1,0.18181818181818182,0.021739130434782608,0.8571428571428571,2,0,0,0,4,1,4,True,"{""f_context_breakdown_down_pct"": 0.045146500000000006, ""f_f_market_selected_ret_30m"": 0.20612865023261098, ""f_micro_price_flow_divergence"": 0.013646104500558977}"
B2,f_context_breakdown_down_pct|f_f_market_selected_ret_30m|f_micro_price_flow_divergence,3,2,0.75,50,17,11,22,7,0.5151515151515151,0.2391304347826087,0.6071428571428571,3,3,2,1,12,7,5,False,"{""f_context_breakdown_down_pct"": 0.01612375, ""f_f_market_selected_ret_30m"": 0.1590785592414129, ""f_micro_price_flow_divergence"": 0.01488638213884484}"
B2,f_context_breakdown_down_pct|f_f_market_selected_ret_30m|f_micro_price_flow_divergence,3,3,0.75,12,5,1,6,1,0.15151515151515152,0.021739130434782608,0.8333333333333334,1,0,0,0,4,1,4,True,"{""f_context_breakdown_down_pct"": 0.01612375, ""f_f_market_selected_ret_30m"": 0.1590785592414129, ""f_micro_price_flow_divergence"": 0.01488638213884484}"
B2,f_context_breakdown_down_pct|f_f_market_selected_ret_30m|f_micro_price_flow_divergence,3,2,0.8,41,15,8,18,5,0.45454545454545453,0.17391304347826086,0.6521739130434783,3,1,1,1,11,6,5,False,"{""f_context_breakdown_down_pct"": 0.0, ""f_f_market_selected_ret_30m"": 0.13117480044327, ""f_micro_price_flow_divergence"": 0.019082996203197426}"
B2,f_context_breakdown_down_pct|f_f_market_selected_ret_30m|f_micro_price_flow_divergence,3,3,0.8,9,4,1,4,1,0.12121212121212122,0.021739130434782608,0.8,1,0,0,0,3,1,3,False,"{""f_context_breakdown_down_pct"": 0.0, ""f_f_market_selected_ret_30m"": 0.13117480044327, ""f_micro_price_flow_divergence"": 0.019082996203197426}"
B2,f_context_breakdown_down_pct|f_f_market_selected_ret_30m|f_micro_price_flow_divergence,3,2,0.85,38,14,7,17,4,0.42424242424242425,0.15217391304347827,0.6666666666666666,3,1,1,0,10,6,5,False,"{""f_context_breakdown_down_pct"": 0.0, ""f_f_market_selected_ret_30m"": 0.1272039568864461, ""f_micro_price_flow_divergence"": 0.026975030800133398}"
B2,f_context_breakdown_down_pct|f_f_market_selected_ret_30m|f_micro_price_flow_divergence,3,2,0.9,29,12,5,12,2,0.36363636363636365,0.10869565217391304,0.7058823529411765,2,0,1,0,9,5,5,True,"{""f_context_breakdown_down_pct"": 0.0, ""f_f_market_selected_ret_30m"": 0.11864422057320188, ""f_micro_price_flow_divergence"": 0.046956635495231006}"
B2,f_context_breakdown_down_pct|f_f_market_selected_ret_30m|f_f_market_aligned_fraction_5m,3,2,0.55,107,27,29,51,21,0.8181818181818182,0.6304347826086957,0.48214285714285715,4,5,4,3,19,21,4,False,"{""f_context_breakdown_down_pct"": 0.14433969999999996, ""f_f_market_selected_ret_30m"": 0.3157608147100679, ""f_f_market_aligned_fraction_5m"": 0.25}"
B2,f_context_breakdown_down_pct|f_f_market_selected_ret_30m|f_f_market_aligned_fraction_5m,3,3,0.55,37,9,7,21,5,0.2727272727272727,0.15217391304347827,0.5625,2,1,0,0,7,6,3,False,"{""f_context_breakdown_down_pct"": 0.14433969999999996, ""f_f_market_selected_ret_30m"": 0.3157608147100679, ""f_f_market_aligned_fraction_5m"": 0.25}"
B2,f_context_breakdown_down_pct|f_f_market_selected_ret_30m|f_f_market_aligned_fraction_5m,3,2,0.6,81,19,18,44,13,0.5757575757575758,0.391304347826087,0.5135135135135135,3,2,2,2,14,14,4,False,"{""f_context_breakdown_down_pct"": 0.10880200000000001, ""f_f_market_selected_ret_30m"": 0.27953051404961293, ""f_f_market_aligned_fraction_5m"": 0.5499999999999996}"
B2,f_context_breakdown_down_pct|f_f_market_selected_ret_30m|f_f_market_aligned_fraction_5m,3,3,0.6,24,8,4,12,2,0.24242424242424243,0.08695652173913043,0.6666666666666666,2,0,0,0,6,4,3,False,"{""f_context_breakdown_down_pct"": 0.10880200000000001, ""f_f_market_selected_ret_30m"": 0.27953051404961293, ""f_f_market_aligned_fraction_5m"": 0.5499999999999996}"
B2,f_context_breakdown_down_pct|f_f_market_selected_ret_30m|f_f_market_aligned_fraction_5m,3,2,0.65,69,17,12,40,9,0.5151515151515151,0.2608695652173913,0.5862068965517241,3,2,2,1,12,9,4,False,"{""f_context_breakdown_down_pct"": 0.07557175, ""f_f_market_selected_ret_30m"": 0.24800416168246048, ""f_f_market_aligned_fraction_5m"": 0.8875000000000004}"
B2,f_context_breakdown_down_pct|f_f_market_selected_ret_30m|f_f_market_aligned_fraction_5m,3,3,0.65,16,7,2,7,1,0.21212121212121213,0.043478260869565216,0.7777777777777778,2,0,0,0,5,2,3,False,"{""f_context_breakdown_down_pct"": 0.07557175, ""f_f_market_selected_ret_30m"": 0.24800416168246048, ""f_f_market_aligned_fraction_5m"": 0.8875000000000004}"
B2,f_context_breakdown_down_pct|f_f_market_selected_ret_30m|f_f_market_aligned_fraction_5m,3,2,0.7,65,17,12,36,9,0.5151515151515151,0.2608695652173913,0.5862068965517241,3,2,2,1,12,9,4,False,"{""f_context_breakdown_down_pct"": 0.045146500000000006, ""f_f_market_selected_ret_30m"": 0.20612865023261098, ""f_f_market_aligned_fraction_5m"": 1.0}"
B2,f_context_breakdown_down_pct|f_f_market_selected_ret_30m|f_f_market_aligned_fraction_5m,3,3,0.7,12,7,1,4,0,0.21212121212121213,0.021739130434782608,0.875,2,0,0,0,5,1,3,False,"{""f_context_breakdown_down_pct"": 0.045146500000000006, ""f_f_market_selected_ret_30m"": 0.20612865023261098, ""f_f_market_aligned_fraction_5m"": 1.0}"
B2,f_context_breakdown_down_pct|f_f_market_selected_ret_30m|f_f_market_aligned_fraction_5m,3,2,0.75,59,15,12,32,9,0.45454545454545453,0.2608695652173913,0.5555555555555556,3,2,2,1,10,9,4,False,"{""f_context_breakdown_down_pct"": 0.01612375, ""f_f_market_selected_ret_30m"": 0.1590785592414129, ""f_f_market_aligned_fraction_5m"": 1.0}"
B2,f_context_breakdown_down_pct|f_f_market_selected_ret_30m|f_f_market_aligned_fraction_5m,3,3,0.75,8,5,1,2,0,0.15151515151515152,0.021739130434782608,0.8333333333333334,1,0,0,0,4,1,3,False,"{""f_context_breakdown_down_pct"": 0.01612375, ""f_f_market_selected_ret_30m"": 0.1590785592414129, ""f_f_market_aligned_fraction_5m"": 1.0}"
B2,f_context_breakdown_down_pct|f_f_market_selected_ret_30m|f_f_market_aligned_fraction_5m,3,2,0.8,52,14,10,28,8,0.42424242424242425,0.21739130434782608,0.5833333333333334,3,1,1,1,10,8,4,False,"{""f_context_breakdown_down_pct"": 0.0, ""f_f_market_selected_ret_30m"": 0.13117480044327, ""f_f_market_aligned_fraction_5m"": 1.0}"
B2,f_context_breakdown_down_pct|f_f_market_selected_ret_30m|f_f_market_aligned_fraction_5m,3,3,0.8,8,5,1,2,0,0.15151515151515152,0.021739130434782608,0.8333333333333334,1,0,0,0,4,1,3,False,"{""f_context_breakdown_down_pct"": 0.0, ""f_f_market_selected_ret_30m"": 0.13117480044327, ""f_f_market_aligned_fraction_5m"": 1.0}"
B2,f_context_breakdown_down_pct|f_f_market_selected_ret_30m|f_f_market_aligned_fraction_5m,3,2,0.85,50,14,9,27,7,0.42424242424242425,0.1956521739130435,0.6086956521739131,3,1,1,0,10,8,4,False,"{""f_context_breakdown_down_pct"": 0.0, ""f_f_market_selected_ret_30m"": 0.1272039568864461, ""f_f_market_aligned_fraction_5m"": 1.0}"
B2,f_context_breakdown_down_pct|f_f_market_selected_ret_30m|f_f_market_aligned_fraction_5m,3,3,0.85,8,5,1,2,0,0.15151515151515152,0.021739130434782608,0.8333333333333334,1,0,0,0,4,1,3,False,"{""f_context_breakdown_down_pct"": 0.0, ""f_f_market_selected_ret_30m"": 0.1272039568864461, ""f_f_market_aligned_fraction_5m"": 1.0}"
B2,f_context_breakdown_down_pct|f_f_market_selected_ret_30m|f_f_market_aligned_fraction_5m,3,2,0.9,50,14,9,27,7,0.42424242424242425,0.1956521739130435,0.6086956521739131,3,1,1,0,10,8,4,False,"{""f_context_breakdown_down_pct"": 0.0, ""f_f_market_selected_ret_30m"": 0.11864422057320188, ""f_f_market_aligned_fraction_5m"": 1.0}"
B2,f_context_breakdown_down_pct|f_f_market_selected_ret_30m|f_f_market_aligned_fraction_5m,3,3,0.9,8,5,1,2,0,0.15151515151515152,0.021739130434782608,0.8333333333333334,1,0,0,0,4,1,3,False,"{""f_context_breakdown_down_pct"": 0.0, ""f_f_market_selected_ret_30m"": 0.11864422057320188, ""f_f_market_aligned_fraction_5m"": 1.0}"
B2,f_context_breakdown_down_pct|f_f_market_selected_ret_30m|f_new_family_balance,3,2,0.55,70,19,18,33,13,0.5757575757575758,0.391304347826087,0.5135135135135135,3,4,2,0,14,14,5,False,"{""f_context_breakdown_down_pct"": 0.14433969999999996, ""f_f_market_selected_ret_30m"": 0.3157608147100679, ""f_new_family_balance"": 2.95}"
B2,f_context_breakdown_down_pct|f_f_market_selected_ret_30m|f_new_family_balance,3,3,0.55,21,6,3,12,2,0.18181818181818182,0.06521739130434782,0.6666666666666666,2,1,0,0,4,2,3,False,"{""f_context_breakdown_down_pct"": 0.14433969999999996, ""f_f_market_selected_ret_30m"": 0.3157608147100679, ""f_new_family_balance"": 2.95}"
B2,f_context_breakdown_down_pct|f_f_market_selected_ret_30m|f_new_family_balance,3,2,0.6,63,18,15,30,10,0.5454545454545454,0.32608695652173914,0.5454545454545454,2,3,2,0,14,12,5,False,"{""f_context_breakdown_down_pct"": 0.10880200000000001, ""f_f_market_selected_ret_30m"": 0.27953051404961293, ""f_new_family_balance"": 3.0}"
B2,f_context_breakdown_down_pct|f_f_market_selected_ret_30m|f_new_family_balance,3,3,0.6,19,6,3,10,2,0.18181818181818182,0.06521739130434782,0.6666666666666666,2,1,0,0,4,2,3,False,"{""f_context_breakdown_down_pct"": 0.10880200000000001, ""f_f_market_selected_ret_30m"": 0.27953051404961293, ""f_new_family_balance"": 3.0}"
B2,f_context_breakdown_down_pct|f_f_market_selected_ret_30m|f_new_family_balance,3,2,0.65,61,17,14,30,10,0.5151515151515151,0.30434782608695654,0.5483870967741935,2,3,2,0,13,11,5,False,"{""f_context_breakdown_down_pct"": 0.07557175, ""f_f_market_selected_ret_30m"": 0.24800416168246048, ""f_new_family_balance"": 3.0}"
B2,f_context_breakdown_down_pct|f_f_market_selected_ret_30m|f_new_family_balance,3,3,0.65,18,6,3,9,2,0.18181818181818182,0.06521739130434782,0.6666666666666666,2,1,0,0,4,2,3,False,"{""f_context_breakdown_down_pct"": 0.07557175, ""f_f_market_selected_ret_30m"": 0.24800416168246048, ""f_new_family_balance"": 3.0}"
B2,f_context_breakdown_down_pct|f_f_market_selected_ret_30m|f_new_family_balance,3,2,0.7,55,17,12,26,9,0.5151515151515151,0.2608695652173913,0.5862068965517241,2,2,2,0,13,10,5,False,"{""f_context_breakdown_down_pct"": 0.045146500000000006, ""f_f_market_selected_ret_30m"": 0.20612865023261098, ""f_new_family_balance"": 3.0}"
B2,f_context_breakdown_down_pct|f_f_market_selected_ret_30m|f_new_family_balance,3,3,0.7,15,6,3,6,2,0.18181818181818182,0.06521739130434782,0.6666666666666666,2,1,0,0,4,2,3,False,"{""f_context_breakdown_down_pct"": 0.045146500000000006, ""f_f_market_selected_ret_30m"": 0.20612865023261098, ""f_new_family_balance"": 3.0}"
B2,f_context_breakdown_down_pct|f_f_market_selected_ret_30m|f_new_family_balance,3,2,0.75,47,16,11,20,8,0.48484848484848486,0.2391304347826087,0.5925925925925926,2,2,2,0,12,9,5,False,"{""f_context_breakdown_down_pct"": 0.01612375, ""f_f_market_selected_ret_30m"": 0.1590785592414129, ""f_new_family_balance"": 3.0}"
B2,f_context_breakdown_down_pct|f_f_market_selected_ret_30m|f_new_family_balance,3,3,0.75,12,4,3,5,2,0.12121212121212122,0.06521739130434782,0.5714285714285714,1,1,0,0,3,2,3,False,"{""f_context_breakdown_down_pct"": 0.01612375, ""f_f_market_selected_ret_30m"": 0.1590785592414129, ""f_new_family_balance"": 3.0}"
B2,f_context_breakdown_down_pct|f_f_market_selected_ret_30m|f_new_family_balance,3,2,0.8,26,7,6,13,4,0.21212121212121213,0.13043478260869565,0.5384615384615384,1,2,0,0,6,4,3,False,"{""f_context_breakdown_down_pct"": 0.0, ""f_f_market_selected_ret_30m"": 0.13117480044327, ""f_new_family_balance"": 3.2}"
B2,f_context_breakdown_down_pct|f_f_market_selected_ret_30m|f_new_family_balance,3,2,0.85,25,7,6,12,4,0.21212121212121213,0.13043478260869565,0.5384615384615384,1,2,0,0,6,4,3,False,"{""f_context_breakdown_down_pct"": 0.0, ""f_f_market_selected_ret_30m"": 0.1272039568864461, ""f_new_family_balance"": 3.6499999999999995}"
B2,f_context_breakdown_down_pct|f_f_market_selected_ret_30m|f_new_family_balance,3,2,0.9,25,7,6,12,4,0.21212121212121213,0.13043478260869565,0.5384615384615384,1,2,0,0,6,4,3,False,"{""f_context_breakdown_down_pct"": 0.0, ""f_f_market_selected_ret_30m"": 0.11864422057320188, ""f_new_family_balance"": 4.0}"
B2,f_context_breakdown_down_pct|f_micro_price_flow_divergence|f_f_market_aligned_fraction_5m,3,2,0.55,83,22,23,38,19,0.6666666666666666,0.5,0.4888888888888889,4,5,2,2,16,16,4,False,"{""f_context_breakdown_down_pct"": 0.14433969999999996, ""f_micro_price_flow_divergence"": 0.0119500913633334, ""f_f_market_aligned_fraction_5m"": 0.25}"
B2,f_context_breakdown_down_pct|f_micro_price_flow_divergence|f_f_market_aligned_fraction_5m,3,3,0.55,18,6,3,9,3,0.18181818181818182,0.06521739130434782,0.6666666666666666,2,1,0,0,4,2,4,False,"{""f_context_breakdown_down_pct"": 0.14433969999999996, ""f_micro_price_flow_divergence"": 0.0119500913633334, ""f_f_market_aligned_fraction_5m"": 0.25}"
B2,f_context_breakdown_down_pct|f_micro_price_flow_divergence|f_f_market_aligned_fraction_5m,3,2,0.6,64,16,17,31,14,0.48484848484848486,0.3695652173913043,0.48484848484848486,4,2,1,1,11,14,4,False,"{""f_context_breakdown_down_pct"": 0.10880200000000001, ""f_micro_price_flow_divergence"": 0.012675127220891261, ""f_f_market_aligned_fraction_5m"": 0.5499999999999996}"
B2,f_context_breakdown_down_pct|f_micro_price_flow_divergence|f_f_market_aligned_fraction_5m,3,3,0.6,13,6,1,6,1,0.18181818181818182,0.021739130434782608,0.8571428571428571,2,1,0,0,4,0,4,True,"{""f_context_breakdown_down_pct"": 0.10880200000000001, ""f_micro_price_flow_divergence"": 0.012675127220891261, ""f_f_market_aligned_fraction_5m"": 0.5499999999999996}"
B2,f_context_breakdown_down_pct|f_micro_price_flow_divergence|f_f_market_aligned_fraction_5m,3,2,0.65,56,15,15,26,13,0.45454545454545453,0.32608695652173914,0.5,4,2,1,1,10,12,4,False,"{""f_context_breakdown_down_pct"": 0.07557175, ""f_micro_price_flow_divergence"": 0.012783221361499118, ""f_f_market_aligned_fraction_5m"": 0.8875000000000004}"
B2,f_context_breakdown_down_pct|f_micro_price_flow_divergence|f_f_market_aligned_fraction_5m,3,3,0.65,11,6,1,4,1,0.18181818181818182,0.021739130434782608,0.8571428571428571,2,1,0,0,4,0,4,True,"{""f_context_breakdown_down_pct"": 0.07557175, ""f_micro_price_flow_divergence"": 0.012783221361499118, ""f_f_market_aligned_fraction_5m"": 0.8875000000000004}"
B2,f_context_breakdown_down_pct|f_micro_price_flow_divergence|f_f_market_aligned_fraction_5m,3,2,0.7,51,15,13,23,11,0.45454545454545453,0.2826086956521739,0.5357142857142857,4,1,1,1,10,11,4,False,"{""f_context_breakdown_down_pct"": 0.045146500000000006, ""f_micro_price_flow_divergence"": 0.013646104500558977, ""f_f_market_aligned_fraction_5m"": 1.0}"
B2,f_context_breakdown_down_pct|f_micro_price_flow_divergence|f_f_market_aligned_fraction_5m,3,3,0.7,11,6,1,4,1,0.18181818181818182,0.021739130434782608,0.8571428571428571,2,1,0,0,4,0,4,True,"{""f_context_breakdown_down_pct"": 0.045146500000000006, ""f_micro_price_flow_divergence"": 0.013646104500558977, ""f_f_market_aligned_fraction_5m"": 1.0}"
B2,f_context_breakdown_down_pct|f_micro_price_flow_divergence|f_f_market_aligned_fraction_5m,3,2,0.75,47,15,12,20,10,0.45454545454545453,0.2608695652173913,0.5555555555555556,4,1,1,1,10,10,4,False,"{""f_context_breakdown_down_pct"": 0.01612375, ""f_micro_price_flow_divergence"": 0.01488638213884484, ""f_f_market_aligned_fraction_5m"": 1.0}"
B2,f_context_breakdown_down_pct|f_micro_price_flow_divergence|f_f_market_aligned_fraction_5m,3,3,0.75,11,6,1,4,1,0.18181818181818182,0.021739130434782608,0.8571428571428571,2,1,0,0,4,0,4,True,"{""f_context_breakdown_down_pct"": 0.01612375, ""f_micro_price_flow_divergence"": 0.01488638213884484, ""f_f_market_aligned_fraction_5m"": 1.0}"
B2,f_context_breakdown_down_pct|f_micro_price_flow_divergence|f_f_market_aligned_fraction_5m,3,2,0.8,45,15,11,19,9,0.45454545454545453,0.2391304347826087,0.5769230769230769,4,1,1,1,10,9,4,False,"{""f_context_breakdown_down_pct"": 0.0, ""f_micro_price_flow_divergence"": 0.019082996203197426, ""f_f_market_aligned_fraction_5m"": 1.0}"
B2,f_context_breakdown_down_pct|f_micro_price_flow_divergence|f_f_market_aligned_fraction_5m,3,3,0.8,6,5,0,1,0,0.15151515151515152,0.0,1.0,2,0,0,0,3,0,3,False,"{""f_context_breakdown_down_pct"": 0.0, ""f_micro_price_flow_divergence"": 0.019082996203197426, ""f_f_market_aligned_fraction_5m"": 1.0}"
B2,f_context_breakdown_down_pct|f_micro_price_flow_divergence|f_f_market_aligned_fraction_5m,3,2,0.85,44,15,11,18,9,0.45454545454545453,0.2391304347826087,0.5769230769230769,4,1,1,1,10,9,4,False,"{""f_context_breakdown_down_pct"": 0.0, ""f_micro_price_flow_divergence"": 0.026975030800133398, ""f_f_market_aligned_fraction_5m"": 1.0}"
B2,f_context_breakdown_down_pct|f_micro_price_flow_divergence|f_f_market_aligned_fraction_5m,3,3,0.85,4,3,0,1,0,0.09090909090909091,0.0,1.0,1,0,0,0,2,0,2,False,"{""f_context_breakdown_down_pct"": 0.0, ""f_micro_price_flow_divergence"": 0.026975030800133398, ""f_f_market_aligned_fraction_5m"": 1.0}"
B2,f_context_breakdown_down_pct|f_micro_price_flow_divergence|f_f_market_aligned_fraction_5m,3,2,0.9,31,13,8,10,6,0.3939393939393939,0.17391304347826086,0.6190476190476191,4,1,1,0,8,7,4,False,"{""f_context_breakdown_down_pct"": 0.0, ""f_micro_price_flow_divergence"": 0.046956635495231006, ""f_f_market_aligned_fraction_5m"": 1.0}"
B2,f_context_breakdown_down_pct|f_micro_price_flow_divergence|f_new_family_balance,3,2,0.55,46,13,11,22,9,0.3939393939393939,0.2391304347826087,0.5416666666666666,3,5,1,0,9,6,4,False,"{""f_context_breakdown_down_pct"": 0.14433969999999996, ""f_micro_price_flow_divergence"": 0.0119500913633334, ""f_new_family_balance"": 2.95}"
B2,f_context_breakdown_down_pct|f_micro_price_flow_divergence|f_new_family_balance,3,3,0.55,9,4,0,5,0,0.12121212121212122,0.0,1.0,2,0,0,0,2,0,3,False,"{""f_context_breakdown_down_pct"": 0.14433969999999996, ""f_micro_price_flow_divergence"": 0.0119500913633334, ""f_new_family_balance"": 2.95}"
B2,f_context_breakdown_down_pct|f_micro_price_flow_divergence|f_new_family_balance,3,2,0.6,44,13,10,21,8,0.3939393939393939,0.21739130434782608,0.5652173913043478,3,5,1,0,9,5,4,False,"{""f_context_breakdown_down_pct"": 0.10880200000000001, ""f_micro_price_flow_divergence"": 0.012675127220891261, ""f_new_family_balance"": 3.0}"
B2,f_context_breakdown_down_pct|f_micro_price_flow_divergence|f_new_family_balance,3,3,0.6,8,4,0,4,0,0.12121212121212122,0.0,1.0,2,0,0,0,2,0,3,False,"{""f_context_breakdown_down_pct"": 0.10880200000000001, ""f_micro_price_flow_divergence"": 0.012675127220891261, ""f_new_family_balance"": 3.0}"
B2,f_context_breakdown_down_pct|f_micro_price_flow_divergence|f_new_family_balance,3,2,0.65,43,13,10,20,8,0.3939393939393939,0.21739130434782608,0.5652173913043478,3,5,1,0,9,5,4,False,"{""f_context_breakdown_down_pct"": 0.07557175, ""f_micro_price_flow_divergence"": 0.012783221361499118, ""f_new_family_balance"": 3.0}"
B2,f_context_breakdown_down_pct|f_micro_price_flow_divergence|f_new_family_balance,3,3,0.65,8,4,0,4,0,0.12121212121212122,0.0,1.0,2,0,0,0,2,0,3,False,"{""f_context_breakdown_down_pct"": 0.07557175, ""f_micro_price_flow_divergence"": 0.012783221361499118, ""f_new_family_balance"": 3.0}"
B2,f_context_breakdown_down_pct|f_micro_price_flow_divergence|f_new_family_balance,3,2,0.7,37,13,8,16,7,0.3939393939393939,0.17391304347826086,0.6190476190476191,3,3,1,0,9,5,4,False,"{""f_context_breakdown_down_pct"": 0.045146500000000006, ""f_micro_price_flow_divergence"": 0.013646104500558977, ""f_new_family_balance"": 3.0}"
B2,f_context_breakdown_down_pct|f_micro_price_flow_divergence|f_new_family_balance,3,3,0.7,8,4,0,4,0,0.12121212121212122,0.0,1.0,2,0,0,0,2,0,3,False,"{""f_context_breakdown_down_pct"": 0.045146500000000006, ""f_micro_price_flow_divergence"": 0.013646104500558977, ""f_new_family_balance"": 3.0}"
B2,f_context_breakdown_down_pct|f_micro_price_flow_divergence|f_new_family_balance,3,2,0.75,36,13,8,15,7,0.3939393939393939,0.17391304347826086,0.6190476190476191,3,3,1,0,9,5,4,False,"{""f_context_breakdown_down_pct"": 0.01612375, ""f_micro_price_flow_divergence"": 0.01488638213884484, ""f_new_family_balance"": 3.0}"
B2,f_context_breakdown_down_pct|f_micro_price_flow_divergence|f_new_family_balance,3,3,0.75,8,4,0,4,0,0.12121212121212122,0.0,1.0,2,0,0,0,2,0,3,False,"{""f_context_breakdown_down_pct"": 0.01612375, ""f_micro_price_flow_divergence"": 0.01488638213884484, ""f_new_family_balance"": 3.0}"
B2,f_context_breakdown_down_pct|f_micro_price_flow_divergence|f_new_family_balance,3,2,0.8,17,7,4,6,3,0.21212121212121213,0.08695652173913043,0.6363636363636364,2,2,0,0,5,2,3,False,"{""f_context_breakdown_down_pct"": 0.0, ""f_micro_price_flow_divergence"": 0.019082996203197426, ""f_new_family_balance"": 3.2}"
B2,f_context_breakdown_down_pct|f_micro_price_flow_divergence|f_new_family_balance,3,2,0.85,15,5,4,6,3,0.15151515151515152,0.08695652173913043,0.5555555555555556,1,2,0,0,4,2,3,False,"{""f_context_breakdown_down_pct"": 0.0, ""f_micro_price_flow_divergence"": 0.026975030800133398, ""f_new_family_balance"": 3.6499999999999995}"
B2,f_context_breakdown_down_pct|f_f_market_aligned_fraction_5m|f_new_family_balance,3,2,0.55,70,18,19,33,15,0.5454545454545454,0.41304347826086957,0.4864864864864865,3,6,2,0,13,13,5,False,"{""f_context_breakdown_down_pct"": 0.14433969999999996, ""f_f_market_aligned_fraction_5m"": 0.25, ""f_new_family_balance"": 2.95}"
B2,f_context_breakdown_down_pct|f_f_market_aligned_fraction_5m|f_new_family_balance,3,3,0.55,23,6,3,14,2,0.18181818181818182,0.06521739130434782,0.6666666666666666,2,1,0,0,4,2,3,False,"{""f_context_breakdown_down_pct"": 0.14433969999999996, ""f_f_market_aligned_fraction_5m"": 0.25, ""f_new_family_balance"": 2.95}"
B2,f_context_breakdown_down_pct|f_f_market_aligned_fraction_5m|f_new_family_balance,3,2,0.6,56,15,14,27,11,0.45454545454545453,0.30434782608695654,0.5172413793103449,3,5,1,0,11,9,4,False,"{""f_context_breakdown_down_pct"": 0.10880200000000001, ""f_f_market_aligned_fraction_5m"": 0.5499999999999996, ""f_new_family_balance"": 3.0}"
B2,f_context_breakdown_down_pct|f_f_market_aligned_fraction_5m|f_new_family_balance,3,3,0.6,18,5,2,11,1,0.15151515151515152,0.043478260869565216,0.7142857142857143,2,0,0,0,3,2,3,False,"{""f_context_breakdown_down_pct"": 0.10880200000000001, ""f_f_market_aligned_fraction_5m"": 0.5499999999999996, ""f_new_family_balance"": 3.0}"
B2,f_context_breakdown_down_pct|f_f_market_aligned_fraction_5m|f_new_family_balance,3,2,0.65,51,14,12,25,10,0.42424242424242425,0.2608695652173913,0.5384615384615384,3,5,1,0,10,7,4,False,"{""f_context_breakdown_down_pct"": 0.07557175, ""f_f_market_aligned_fraction_5m"": 0.8875000000000004, ""f_new_family_balance"": 3.0}"
B2,f_context_breakdown_down_pct|f_f_market_aligned_fraction_5m|f_new_family_balance,3,3,0.65,12,5,0,7,0,0.15151515151515152,0.0,1.0,2,0,0,0,3,0,3,False,"{""f_context_breakdown_down_pct"": 0.07557175, ""f_f_market_aligned_fraction_5m"": 0.8875000000000004, ""f_new_family_balance"": 3.0}"
B2,f_context_breakdown_down_pct|f_f_market_aligned_fraction_5m|f_new_family_balance,3,2,0.7,49,14,11,24,9,0.42424242424242425,0.2391304347826087,0.56,3,5,1,0,10,6,4,False,"{""f_context_breakdown_down_pct"": 0.045146500000000006, ""f_f_market_aligned_fraction_5m"": 1.0, ""f_new_family_balance"": 3.0}"
B2,f_context_breakdown_down_pct|f_f_market_aligned_fraction_5m|f_new_family_balance,3,3,0.7,10,5,0,5,0,0.15151515151515152,0.0,1.0,2,0,0,0,3,0,3,False,"{""f_context_breakdown_down_pct"": 0.045146500000000006, ""f_f_market_aligned_fraction_5m"": 1.0, ""f_new_family_balance"": 3.0}"
B2,f_context_breakdown_down_pct|f_f_market_aligned_fraction_5m|f_new_family_balance,3,2,0.75,48,14,11,23,9,0.42424242424242425,0.2391304347826087,0.56,3,5,1,0,10,6,4,False,"{""f_context_breakdown_down_pct"": 0.01612375, ""f_f_market_aligned_fraction_5m"": 1.0, ""f_new_family_balance"": 3.0}"
B2,f_context_breakdown_down_pct|f_f_market_aligned_fraction_5m|f_new_family_balance,3,3,0.75,9,5,0,4,0,0.15151515151515152,0.0,1.0,2,0,0,0,3,0,3,False,"{""f_context_breakdown_down_pct"": 0.01612375, ""f_f_market_aligned_fraction_5m"": 1.0, ""f_new_family_balance"": 3.0}"
B2,f_context_breakdown_down_pct|f_f_market_aligned_fraction_5m|f_new_family_balance,3,2,0.8,25,10,5,10,3,0.30303030303030304,0.10869565217391304,0.6666666666666666,2,3,0,0,8,2,3,False,"{""f_context_breakdown_down_pct"": 0.0, ""f_f_market_aligned_fraction_5m"": 1.0, ""f_new_family_balance"": 3.2}"
B2,f_context_breakdown_down_pct|f_f_market_aligned_fraction_5m|f_new_family_balance,3,2,0.85,25,10,5,10,3,0.30303030303030304,0.10869565217391304,0.6666666666666666,2,3,0,0,8,2,3,False,"{""f_context_breakdown_down_pct"": 0.0, ""f_f_market_aligned_fraction_5m"": 1.0, ""f_new_family_balance"": 3.6499999999999995}"
B2,f_context_breakdown_down_pct|f_f_market_aligned_fraction_5m|f_new_family_balance,3,2,0.9,25,10,5,10,3,0.30303030303030304,0.10869565217391304,0.6666666666666666,2,3,0,0,8,2,3,False,"{""f_context_breakdown_down_pct"": 0.0, ""f_f_market_aligned_fraction_5m"": 1.0, ""f_new_family_balance"": 4.0}"
B2,f_f_market_selected_ret_30m|f_micro_price_flow_divergence|f_f_market_aligned_fraction_5m,3,2,0.55,117,28,34,55,24,0.8484848484848485,0.7391304347826086,0.45161290322580644,4,6,4,3,20,25,4,False,"{""f_f_market_selected_ret_30m"": 0.3157608147100679, ""f_micro_price_flow_divergence"": 0.0119500913633334, ""f_f_market_aligned_fraction_5m"": 0.25}"
B2,f_f_market_selected_ret_30m|f_micro_price_flow_divergence|f_f_market_aligned_fraction_5m,3,3,0.55,40,14,11,15,9,0.42424242424242425,0.2391304347826087,0.56,4,1,2,2,8,8,4,False,"{""f_f_market_selected_ret_30m"": 0.3157608147100679, ""f_micro_price_flow_divergence"": 0.0119500913633334, ""f_f_market_aligned_fraction_5m"": 0.25}"
B2,f_f_market_selected_ret_30m|f_micro_price_flow_divergence|f_f_market_aligned_fraction_5m,3,2,0.6,99,25,27,47,20,0.7575757575757576,0.5869565217391305,0.4807692307692308,4,3,3,3,18,21,4,False,"{""f_f_market_selected_ret_30m"": 0.27953051404961293, ""f_micro_price_flow_divergence"": 0.012675127220891261, ""f_f_market_aligned_fraction_5m"": 0.5499999999999996}"
B2,f_f_market_selected_ret_30m|f_micro_price_flow_divergence|f_f_market_aligned_fraction_5m,3,3,0.6,23,8,5,10,4,0.24242424242424243,0.10869565217391304,0.6153846153846154,3,0,1,1,4,4,4,False,"{""f_f_market_selected_ret_30m"": 0.27953051404961293, ""f_micro_price_flow_divergence"": 0.012675127220891261, ""f_f_market_aligned_fraction_5m"": 0.5499999999999996}"
B2,f_f_market_selected_ret_30m|f_micro_price_flow_divergence|f_f_market_aligned_fraction_5m,3,2,0.65,86,24,21,41,17,0.7272727272727273,0.45652173913043476,0.5333333333333333,4,3,3,2,17,16,5,False,"{""f_f_market_selected_ret_30m"": 0.24800416168246048, ""f_micro_price_flow_divergence"": 0.012783221361499118, ""f_f_market_aligned_fraction_5m"": 0.8875000000000004}"
B2,f_f_market_selected_ret_30m|f_micro_price_flow_divergence|f_f_market_aligned_fraction_5m,3,3,0.65,17,7,3,7,2,0.21212121212121213,0.06521739130434782,0.7,3,0,1,1,3,2,4,True,"{""f_f_market_selected_ret_30m"": 0.24800416168246048, ""f_micro_price_flow_divergence"": 0.012783221361499118, ""f_f_market_aligned_fraction_5m"": 0.8875000000000004}"
B2,f_f_market_selected_ret_30m|f_micro_price_flow_divergence|f_f_market_aligned_fraction_5m,3,2,0.7,80,24,18,38,15,0.7272727272727273,0.391304347826087,0.5714285714285714,4,2,3,1,17,15,5,False,"{""f_f_market_selected_ret_30m"": 0.20612865023261098, ""f_micro_price_flow_divergence"": 0.013646104500558977, ""f_f_market_aligned_fraction_5m"": 1.0}"
B2,f_f_market_selected_ret_30m|f_micro_price_flow_divergence|f_f_market_aligned_fraction_5m,3,3,0.7,17,7,3,7,2,0.21212121212121213,0.06521739130434782,0.7,3,0,1,1,3,2,4,True,"{""f_f_market_selected_ret_30m"": 0.20612865023261098, ""f_micro_price_flow_divergence"": 0.013646104500558977, ""f_f_market_aligned_fraction_5m"": 1.0}"
B2,f_f_market_selected_ret_30m|f_micro_price_flow_divergence|f_f_market_aligned_fraction_5m,3,2,0.75,72,21,17,34,14,0.6363636363636364,0.3695652173913043,0.5526315789473685,4,2,3,1,14,14,4,False,"{""f_f_market_selected_ret_30m"": 0.1590785592414129, ""f_micro_price_flow_divergence"": 0.01488638213884484, ""f_f_market_aligned_fraction_5m"": 1.0}"
B2,f_f_market_selected_ret_30m|f_micro_price_flow_divergence|f_f_market_aligned_fraction_5m,3,3,0.75,14,6,3,5,2,0.18181818181818182,0.06521739130434782,0.6666666666666666,2,0,1,1,3,2,4,False,"{""f_f_market_selected_ret_30m"": 0.1590785592414129, ""f_micro_price_flow_divergence"": 0.01488638213884484, ""f_f_market_aligned_fraction_5m"": 1.0}"
B2,f_f_market_selected_ret_30m|f_micro_price_flow_divergence|f_f_market_aligned_fraction_5m,3,2,0.8,62,20,15,27,12,0.6060606060606061,0.32608695652173914,0.5714285714285714,4,1,3,1,13,13,5,False,"{""f_f_market_selected_ret_30m"": 0.13117480044327, ""f_micro_price_flow_divergence"": 0.019082996203197426, ""f_f_market_aligned_fraction_5m"": 1.0}"
B2,f_f_market_selected_ret_30m|f_micro_price_flow_divergence|f_f_market_aligned_fraction_5m,3,3,0.8,11,4,3,4,2,0.12121212121212122,0.06521739130434782,0.5714285714285714,2,0,0,1,2,2,3,False,"{""f_f_market_selected_ret_30m"": 0.13117480044327, ""f_micro_price_flow_divergence"": 0.019082996203197426, ""f_f_market_aligned_fraction_5m"": 1.0}"
B2,f_f_market_selected_ret_30m|f_micro_price_flow_divergence|f_f_market_aligned_fraction_5m,3,2,0.85,60,19,15,26,12,0.5757575757575758,0.32608695652173914,0.5588235294117647,4,1,3,1,12,13,5,False,"{""f_f_market_selected_ret_30m"": 0.1272039568864461, ""f_micro_price_flow_divergence"": 0.026975030800133398, ""f_f_market_aligned_fraction_5m"": 1.0}"
B2,f_f_market_selected_ret_30m|f_micro_price_flow_divergence|f_f_market_aligned_fraction_5m,3,2,0.9,42,15,12,15,9,0.45454545454545453,0.2608695652173913,0.5555555555555556,3,0,3,0,9,12,4,False,"{""f_f_market_selected_ret_30m"": 0.11864422057320188, ""f_micro_price_flow_divergence"": 0.046956635495231006, ""f_f_market_aligned_fraction_5m"": 1.0}"
B2,f_f_market_selected_ret_30m|f_micro_price_flow_divergence|f_new_family_balance,3,2,0.55,81,23,23,35,16,0.696969696969697,0.5,0.5,4,5,3,2,16,16,5,False,"{""f_f_market_selected_ret_30m"": 0.3157608147100679, ""f_micro_price_flow_divergence"": 0.0119500913633334, ""f_new_family_balance"": 2.95}"
B2,f_f_market_selected_ret_30m|f_micro_price_flow_divergence|f_new_family_balance,3,3,0.55,15,7,3,5,2,0.21212121212121213,0.06521739130434782,0.7,3,1,1,0,3,2,4,True,"{""f_f_market_selected_ret_30m"": 0.3157608147100679, ""f_micro_price_flow_divergence"": 0.0119500913633334, ""f_new_family_balance"": 2.95}"
B2,f_f_market_selected_ret_30m|f_micro_price_flow_divergence|f_new_family_balance,3,2,0.6,79,23,21,35,15,0.696969696969697,0.45652173913043476,0.5227272727272727,4,3,3,2,16,16,5,False,"{""f_f_market_selected_ret_30m"": 0.27953051404961293, ""f_micro_price_flow_divergence"": 0.012675127220891261, ""f_new_family_balance"": 3.0}"
B2,f_f_market_selected_ret_30m|f_micro_price_flow_divergence|f_new_family_balance,3,3,0.6,12,6,2,4,1,0.18181818181818182,0.043478260869565216,0.75,2,1,1,0,3,1,4,True,"{""f_f_market_selected_ret_30m"": 0.27953051404961293, ""f_micro_price_flow_divergence"": 0.012675127220891261, ""f_new_family_balance"": 3.0}"
B2,f_f_market_selected_ret_30m|f_micro_price_flow_divergence|f_new_family_balance,3,2,0.65,75,22,18,35,13,0.6666666666666666,0.391304347826087,0.55,4,3,3,2,15,13,5,False,"{""f_f_market_selected_ret_30m"": 0.24800416168246048, ""f_micro_price_flow_divergence"": 0.012783221361499118, ""f_new_family_balance"": 3.0}"
B2,f_f_market_selected_ret_30m|f_micro_price_flow_divergence|f_new_family_balance,3,3,0.65,12,6,2,4,1,0.18181818181818182,0.043478260869565216,0.75,2,1,1,0,3,1,4,True,"{""f_f_market_selected_ret_30m"": 0.24800416168246048, ""f_micro_price_flow_divergence"": 0.012783221361499118, ""f_new_family_balance"": 3.0}"
B2,f_f_market_selected_ret_30m|f_micro_price_flow_divergence|f_new_family_balance,3,2,0.7,70,22,15,33,11,0.6666666666666666,0.32608695652173914,0.5945945945945946,4,2,3,1,15,12,5,False,"{""f_f_market_selected_ret_30m"": 0.20612865023261098, ""f_micro_price_flow_divergence"": 0.013646104500558977, ""f_new_family_balance"": 3.0}"
B2,f_f_market_selected_ret_30m|f_micro_price_flow_divergence|f_new_family_balance,3,3,0.7,11,6,1,4,1,0.18181818181818182,0.021739130434782608,0.8571428571428571,2,0,1,0,3,1,4,True,"{""f_f_market_selected_ret_30m"": 0.20612865023261098, ""f_micro_price_flow_divergence"": 0.013646104500558977, ""f_new_family_balance"": 3.0}"
B2,f_f_market_selected_ret_30m|f_micro_price_flow_divergence|f_new_family_balance,3,2,0.75,61,20,14,27,10,0.6060606060606061,0.30434782608695654,0.5882352941176471,4,2,3,1,13,11,5,False,"{""f_f_market_selected_ret_30m"": 0.1590785592414129, ""f_micro_price_flow_divergence"": 0.01488638213884484, ""f_new_family_balance"": 3.0}"
B2,f_f_market_selected_ret_30m|f_micro_price_flow_divergence|f_new_family_balance,3,3,0.75,9,5,1,3,1,0.15151515151515152,0.021739130434782608,0.8333333333333334,1,0,1,0,3,1,4,True,"{""f_f_market_selected_ret_30m"": 0.1590785592414129, ""f_micro_price_flow_divergence"": 0.01488638213884484, ""f_new_family_balance"": 3.0}"
B2,f_f_market_selected_ret_30m|f_micro_price_flow_divergence|f_new_family_balance,3,2,0.8,30,11,6,13,4,0.3333333333333333,0.13043478260869565,0.6470588235294118,2,1,1,1,8,4,5,False,"{""f_f_market_selected_ret_30m"": 0.13117480044327, ""f_micro_price_flow_divergence"": 0.019082996203197426, ""f_new_family_balance"": 3.2}"
B2,f_f_market_selected_ret_30m|f_micro_price_flow_divergence|f_new_family_balance,3,2,0.85,26,8,5,13,3,0.24242424242424243,0.10869565217391304,0.6153846153846154,1,1,1,0,6,4,5,False,"{""f_f_market_selected_ret_30m"": 0.1272039568864461, ""f_micro_price_flow_divergence"": 0.026975030800133398, ""f_new_family_balance"": 3.6499999999999995}"
B2,f_f_market_selected_ret_30m|f_micro_price_flow_divergence|f_new_family_balance,3,2,0.9,15,7,3,5,1,0.21212121212121213,0.06521739130434782,0.7,1,0,1,0,5,3,5,True,"{""f_f_market_selected_ret_30m"": 0.11864422057320188, ""f_micro_price_flow_divergence"": 0.046956635495231006, ""f_new_family_balance"": 4.0}"
B2,f_f_market_selected_ret_30m|f_f_market_aligned_fraction_5m|f_new_family_balance,3,2,0.55,111,28,30,53,21,0.8484848484848485,0.6521739130434783,0.4827586206896552,4,5,4,3,20,22,4,False,"{""f_f_market_selected_ret_30m"": 0.3157608147100679, ""f_f_market_aligned_fraction_5m"": 0.25, ""f_new_family_balance"": 2.95}"
B2,f_f_market_selected_ret_30m|f_f_market_aligned_fraction_5m|f_new_family_balance,3,3,0.55,36,11,10,15,7,0.3333333333333333,0.21739130434782608,0.5238095238095238,3,1,2,0,6,9,5,False,"{""f_f_market_selected_ret_30m"": 0.3157608147100679, ""f_f_market_aligned_fraction_5m"": 0.25, ""f_new_family_balance"": 2.95}"
B2,f_f_market_selected_ret_30m|f_f_market_aligned_fraction_5m|f_new_family_balance,3,2,0.6,90,24,23,43,16,0.7272727272727273,0.5,0.5106382978723404,4,4,3,2,17,17,4,False,"{""f_f_market_selected_ret_30m"": 0.27953051404961293, ""f_f_market_aligned_fraction_5m"": 0.5499999999999996, ""f_new_family_balance"": 3.0}"
B2,f_f_market_selected_ret_30m|f_f_market_aligned_fraction_5m|f_new_family_balance,3,3,0.6,24,6,6,12,4,0.18181818181818182,0.13043478260869565,0.5,2,0,1,0,3,6,4,False,"{""f_f_market_selected_ret_30m"": 0.27953051404961293, ""f_f_market_aligned_fraction_5m"": 0.5499999999999996, ""f_new_family_balance"": 3.0}"
B2,f_f_market_selected_ret_30m|f_f_market_aligned_fraction_5m|f_new_family_balance,3,2,0.65,79,22,18,39,13,0.6666666666666666,0.391304347826087,0.55,4,4,3,1,15,13,4,False,"{""f_f_market_selected_ret_30m"": 0.24800416168246048, ""f_f_market_aligned_fraction_5m"": 0.8875000000000004, ""f_new_family_balance"": 3.0}"
B2,f_f_market_selected_ret_30m|f_f_market_aligned_fraction_5m|f_new_family_balance,3,3,0.65,16,6,2,8,2,0.18181818181818182,0.043478260869565216,0.75,2,0,1,0,3,2,4,True,"{""f_f_market_selected_ret_30m"": 0.24800416168246048, ""f_f_market_aligned_fraction_5m"": 0.8875000000000004, ""f_new_family_balance"": 3.0}"
B2,f_f_market_selected_ret_30m|f_f_market_aligned_fraction_5m|f_new_family_balance,3,2,0.7,77,22,17,38,13,0.6666666666666666,0.3695652173913043,0.5641025641025641,4,3,3,1,15,13,4,False,"{""f_f_market_selected_ret_30m"": 0.20612865023261098, ""f_f_market_aligned_fraction_5m"": 1.0, ""f_new_family_balance"": 3.0}"
B2,f_f_market_selected_ret_30m|f_f_market_aligned_fraction_5m|f_new_family_balance,3,3,0.7,15,6,2,7,2,0.18181818181818182,0.043478260869565216,0.75,2,0,1,0,3,2,4,True,"{""f_f_market_selected_ret_30m"": 0.20612865023261098, ""f_f_market_aligned_fraction_5m"": 1.0, ""f_new_family_balance"": 3.0}"
B2,f_f_market_selected_ret_30m|f_f_market_aligned_fraction_5m|f_new_family_balance,3,2,0.75,74,21,16,37,12,0.6363636363636364,0.34782608695652173,0.5675675675675675,4,3,3,1,14,12,4,False,"{""f_f_market_selected_ret_30m"": 0.1590785592414129, ""f_f_market_aligned_fraction_5m"": 1.0, ""f_new_family_balance"": 3.0}"
B2,f_f_market_selected_ret_30m|f_f_market_aligned_fraction_5m|f_new_family_balance,3,3,0.75,9,3,2,4,2,0.09090909090909091,0.043478260869565216,0.6,1,0,1,0,1,2,2,False,"{""f_f_market_selected_ret_30m"": 0.1590785592414129, ""f_f_market_aligned_fraction_5m"": 1.0, ""f_new_family_balance"": 3.0}"
B2,f_f_market_selected_ret_30m|f_f_market_aligned_fraction_5m|f_new_family_balance,3,2,0.8,37,9,7,21,5,0.2727272727272727,0.15217391304347827,0.5625,2,0,1,1,6,6,3,False,"{""f_f_market_selected_ret_30m"": 0.13117480044327, ""f_f_market_aligned_fraction_5m"": 1.0, ""f_new_family_balance"": 3.2}"
B2,f_f_market_selected_ret_30m|f_f_market_aligned_fraction_5m|f_new_family_balance,3,2,0.85,36,9,6,21,4,0.2727272727272727,0.13043478260869565,0.6,2,0,1,0,6,6,3,False,"{""f_f_market_selected_ret_30m"": 0.1272039568864461, ""f_f_market_aligned_fraction_5m"": 1.0, ""f_new_family_balance"": 3.6499999999999995}"
B2,f_f_market_selected_ret_30m|f_f_market_aligned_fraction_5m|f_new_family_balance,3,2,0.9,36,9,6,21,4,0.2727272727272727,0.13043478260869565,0.6,2,0,1,0,6,6,3,False,"{""f_f_market_selected_ret_30m"": 0.11864422057320188, ""f_f_market_aligned_fraction_5m"": 1.0, ""f_new_family_balance"": 4.0}"
B2,f_micro_price_flow_divergence|f_f_market_aligned_fraction_5m|f_new_family_balance,3,2,0.55,87,23,27,37,21,0.696969696969697,0.5869565217391305,0.46,4,6,3,2,16,19,3,False,"{""f_micro_price_flow_divergence"": 0.0119500913633334, ""f_f_market_aligned_fraction_5m"": 0.25, ""f_new_family_balance"": 2.95}"
B2,f_micro_price_flow_divergence|f_f_market_aligned_fraction_5m|f_new_family_balance,3,3,0.55,13,6,2,5,2,0.18181818181818182,0.043478260869565216,0.75,3,0,1,0,2,2,3,False,"{""f_micro_price_flow_divergence"": 0.0119500913633334, ""f_f_market_aligned_fraction_5m"": 0.25, ""f_new_family_balance"": 2.95}"
B2,f_micro_price_flow_divergence|f_f_market_aligned_fraction_5m|f_new_family_balance,3,2,0.6,68,16,19,33,15,0.48484848484848486,0.41304347826086957,0.45714285714285713,4,4,1,1,11,14,4,False,"{""f_micro_price_flow_divergence"": 0.012675127220891261, ""f_f_market_aligned_fraction_5m"": 0.5499999999999996, ""f_new_family_balance"": 3.0}"
B2,f_micro_price_flow_divergence|f_f_market_aligned_fraction_5m|f_new_family_balance,3,3,0.6,11,5,2,4,2,0.15151515151515152,0.043478260869565216,0.7142857142857143,3,0,1,0,1,2,3,False,"{""f_micro_price_flow_divergence"": 0.012675127220891261, ""f_f_market_aligned_fraction_5m"": 0.5499999999999996, ""f_new_family_balance"": 3.0}"
B2,f_micro_price_flow_divergence|f_f_market_aligned_fraction_5m|f_new_family_balance,3,2,0.65,58,16,15,27,13,0.48484848484848486,0.32608695652173914,0.5161290322580645,4,4,1,1,11,10,5,False,"{""f_micro_price_flow_divergence"": 0.012783221361499118, ""f_f_market_aligned_fraction_5m"": 0.8875000000000004, ""f_new_family_balance"": 3.0}"
B2,f_micro_price_flow_divergence|f_f_market_aligned_fraction_5m|f_new_family_balance,3,3,0.65,10,5,2,3,2,0.15151515151515152,0.043478260869565216,0.7142857142857143,3,0,1,0,1,2,3,False,"{""f_micro_price_flow_divergence"": 0.012783221361499118, ""f_f_market_aligned_fraction_5m"": 0.8875000000000004, ""f_new_family_balance"": 3.0}"
B2,f_micro_price_flow_divergence|f_f_market_aligned_fraction_5m|f_new_family_balance,3,2,0.7,57,16,14,27,13,0.48484848484848486,0.30434782608695654,0.5333333333333333,4,3,1,1,11,10,5,False,"{""f_micro_price_flow_divergence"": 0.013646104500558977, ""f_f_market_aligned_fraction_5m"": 1.0, ""f_new_family_balance"": 3.0}"
B2,f_micro_price_flow_divergence|f_f_market_aligned_fraction_5m|f_new_family_balance,3,3,0.7,10,5,2,3,2,0.15151515151515152,0.043478260869565216,0.7142857142857143,3,0,1,0,1,2,3,False,"{""f_micro_price_flow_divergence"": 0.013646104500558977, ""f_f_market_aligned_fraction_5m"": 1.0, ""f_new_family_balance"": 3.0}"
B2,f_micro_price_flow_divergence|f_f_market_aligned_fraction_5m|f_new_family_balance,3,2,0.75,55,16,13,26,12,0.48484848484848486,0.2826086956521739,0.5517241379310345,4,3,1,1,11,9,5,False,"{""f_micro_price_flow_divergence"": 0.01488638213884484, ""f_f_market_aligned_fraction_5m"": 1.0, ""f_new_family_balance"": 3.0}"
B2,f_micro_price_flow_divergence|f_f_market_aligned_fraction_5m|f_new_family_balance,3,3,0.75,10,5,2,3,2,0.15151515151515152,0.043478260869565216,0.7142857142857143,3,0,1,0,1,2,3,False,"{""f_micro_price_flow_divergence"": 0.01488638213884484, ""f_f_market_aligned_fraction_5m"": 1.0, ""f_new_family_balance"": 3.0}"
B2,f_micro_price_flow_divergence|f_f_market_aligned_fraction_5m|f_new_family_balance,3,2,0.8,33,12,8,13,7,0.36363636363636365,0.17391304347826086,0.6,4,0,1,1,7,7,4,False,"{""f_micro_price_flow_divergence"": 0.019082996203197426, ""f_f_market_aligned_fraction_5m"": 1.0, ""f_new_family_balance"": 3.2}"
B2,f_micro_price_flow_divergence|f_f_market_aligned_fraction_5m|f_new_family_balance,3,2,0.85,30,10,8,12,7,0.30303030303030304,0.17391304347826086,0.5555555555555556,3,0,1,1,6,7,3,False,"{""f_micro_price_flow_divergence"": 0.026975030800133398, ""f_f_market_aligned_fraction_5m"": 1.0, ""f_new_family_balance"": 3.6499999999999995}"
B2,f_micro_price_flow_divergence|f_f_market_aligned_fraction_5m|f_new_family_balance,3,2,0.9,17,5,5,7,4,0.15151515151515152,0.10869565217391304,0.5,2,0,1,0,2,5,3,False,"{""f_micro_price_flow_divergence"": 0.046956635495231006, ""f_f_market_aligned_fraction_5m"": 1.0, ""f_new_family_balance"": 4.0}"
B2,f_gate_positioning_oi_change_pct|f_micro_selected_taker_share_prev3m|f_f_market_dispersion_15m|f_context_breakdown_down_pct,4,3,0.55,34,10,8,16,5,0.30303030303030304,0.17391304347826086,0.5555555555555556,1,4,1,0,8,4,3,False,"{""f_gate_positioning_oi_change_pct"": 0.12700735231065743, ""f_micro_selected_taker_share_prev3m"": 0.6419992213727249, ""f_f_market_dispersion_15m"": 0.09289213148896941, ""f_context_breakdown_down_pct"": 0.14433969999999996}"
B2,f_gate_positioning_oi_change_pct|f_micro_selected_taker_share_prev3m|f_f_market_dispersion_15m|f_context_breakdown_down_pct,4,4,0.55,4,4,0,0,0,0.12121212121212122,0.0,1.0,1,0,0,0,3,0,3,False,"{""f_gate_positioning_oi_change_pct"": 0.12700735231065743, ""f_micro_selected_taker_share_prev3m"": 0.6419992213727249, ""f_f_market_dispersion_15m"": 0.09289213148896941, ""f_context_breakdown_down_pct"": 0.14433969999999996}"
B2,f_gate_positioning_oi_change_pct|f_micro_selected_taker_share_prev3m|f_f_market_dispersion_15m|f_context_breakdown_down_pct,4,3,0.6,20,8,4,8,3,0.24242424242424243,0.08695652173913043,0.6666666666666666,1,2,1,0,6,2,4,False,"{""f_gate_positioning_oi_change_pct"": 0.1621629269770119, ""f_micro_selected_taker_share_prev3m"": 0.6817079920724427, ""f_f_market_dispersion_15m"": 0.090819954887291, ""f_context_breakdown_down_pct"": 0.10880200000000001}"
B2,f_gate_positioning_oi_change_pct|f_micro_selected_taker_share_prev3m|f_f_market_dispersion_15m|f_context_breakdown_down_pct,4,4,0.6,3,3,0,0,0,0.09090909090909091,0.0,1.0,1,0,0,0,2,0,3,False,"{""f_gate_positioning_oi_change_pct"": 0.1621629269770119, ""f_micro_selected_taker_share_prev3m"": 0.6817079920724427, ""f_f_market_dispersion_15m"": 0.090819954887291, ""f_context_breakdown_down_pct"": 0.10880200000000001}"
B2,f_gate_positioning_oi_change_pct|f_micro_selected_taker_share_prev3m|f_f_market_dispersion_15m|f_context_breakdown_down_pct,4,3,0.65,16,7,3,6,2,0.21212121212121213,0.06521739130434782,0.7,1,2,1,0,5,1,4,True,"{""f_gate_positioning_oi_change_pct"": 0.19670468238149225, ""f_micro_selected_taker_share_prev3m"": 0.7238235853967332, ""f_f_market_dispersion_15m"": 0.08984644379961478, ""f_context_breakdown_down_pct"": 0.07557175}"
B2,f_gate_positioning_oi_change_pct|f_micro_selected_taker_share_prev3m|f_f_market_dispersion_15m|f_context_breakdown_down_pct,4,3,0.7,13,6,2,5,1,0.18181818181818182,0.043478260869565216,0.75,1,1,1,0,4,1,4,True,"{""f_gate_positioning_oi_change_pct"": 0.21236756747563978, ""f_micro_selected_taker_share_prev3m"": 0.7522288015749875, ""f_f_market_dispersion_15m"": 0.08730329330185219, ""f_context_breakdown_down_pct"": 0.045146500000000006}"
B2,f_gate_positioning_oi_change_pct|f_micro_selected_taker_share_prev3m|f_f_market_dispersion_15m|f_context_breakdown_down_pct,4,3,0.75,9,4,2,3,1,0.12121212121212122,0.043478260869565216,0.6666666666666666,0,1,1,0,3,1,3,False,"{""f_gate_positioning_oi_change_pct"": 0.21859101741462106, ""f_micro_selected_taker_share_prev3m"": 0.7737788291802238, ""f_f_market_dispersion_15m"": 0.08397532309904639, ""f_context_breakdown_down_pct"": 0.01612375}"
B2,f_gate_positioning_oi_change_pct|f_micro_selected_taker_share_prev3m|f_f_market_dispersion_15m|f_context_breakdown_down_pct,4,3,0.8,4,4,0,0,0,0.12121212121212122,0.0,1.0,0,0,1,0,3,0,3,False,"{""f_gate_positioning_oi_change_pct"": 0.26494511524836734, ""f_micro_selected_taker_share_prev3m"": 0.7920567396352612, ""f_f_market_dispersion_15m"": 0.081451648230247, ""f_context_breakdown_down_pct"": 0.0}"
B2,f_gate_positioning_oi_change_pct|f_micro_selected_taker_share_prev3m|f_f_market_dispersion_15m|f_context_breakdown_down_pct,4,3,0.85,3,3,0,0,0,0.09090909090909091,0.0,1.0,0,0,0,0,3,0,2,False,"{""f_gate_positioning_oi_change_pct"": 0.3614625229505696, ""f_micro_selected_taker_share_prev3m"": 0.8062445036525503, ""f_f_market_dispersion_15m"": 0.07993334252895565, ""f_context_breakdown_down_pct"": 0.0}"
B2,f_gate_positioning_oi_change_pct|f_micro_selected_taker_share_prev3m|f_f_market_dispersion_15m|f_f_market_selected_ret_30m,4,3,0.55,59,17,17,25,11,0.5151515151515151,0.3695652173913043,0.5,2,4,3,3,12,10,3,False,"{""f_gate_positioning_oi_change_pct"": 0.12700735231065743, ""f_micro_selected_taker_share_prev3m"": 0.6419992213727249, ""f_f_market_dispersion_15m"": 0.09289213148896941, ""f_f_market_selected_ret_30m"": 0.3157608147100679}"
B2,f_gate_positioning_oi_change_pct|f_micro_selected_taker_share_prev3m|f_f_market_dispersion_15m|f_f_market_selected_ret_30m,4,4,0.55,8,5,3,0,0,0.15151515151515152,0.06521739130434782,0.625,1,1,1,0,3,2,3,False,"{""f_gate_positioning_oi_change_pct"": 0.12700735231065743, ""f_micro_selected_taker_share_prev3m"": 0.6419992213727249, ""f_f_market_dispersion_15m"": 0.09289213148896941, ""f_f_market_selected_ret_30m"": 0.3157608147100679}"
B2,f_gate_positioning_oi_change_pct|f_micro_selected_taker_share_prev3m|f_f_market_dispersion_15m|f_f_market_selected_ret_30m,4,3,0.6,42,13,13,16,9,0.3939393939393939,0.2826086956521739,0.5,2,2,2,3,9,8,3,False,"{""f_gate_positioning_oi_change_pct"": 0.1621629269770119, ""f_micro_selected_taker_share_prev3m"": 0.6817079920724427, ""f_f_market_dispersion_15m"": 0.090819954887291, ""f_f_market_selected_ret_30m"": 0.27953051404961293}"
B2,f_gate_positioning_oi_change_pct|f_micro_selected_taker_share_prev3m|f_f_market_dispersion_15m|f_f_market_selected_ret_30m,4,4,0.6,5,4,1,0,0,0.12121212121212122,0.021739130434782608,0.8,1,0,1,0,2,1,4,True,"{""f_gate_positioning_oi_change_pct"": 0.1621629269770119, ""f_micro_selected_taker_share_prev3m"": 0.6817079920724427, ""f_f_market_dispersion_15m"": 0.090819954887291, ""f_f_market_selected_ret_30m"": 0.27953051404961293}"
B2,f_gate_positioning_oi_change_pct|f_micro_selected_taker_share_prev3m|f_f_market_dispersion_15m|f_f_market_selected_ret_30m,4,3,0.65,32,12,6,14,3,0.36363636363636365,0.13043478260869565,0.6666666666666666,2,2,2,1,8,3,5,False,"{""f_gate_positioning_oi_change_pct"": 0.19670468238149225, ""f_micro_selected_taker_share_prev3m"": 0.7238235853967332, ""f_f_market_dispersion_15m"": 0.08984644379961478, ""f_f_market_selected_ret_30m"": 0.24800416168246048}"
B2,f_gate_positioning_oi_change_pct|f_micro_selected_taker_share_prev3m|f_f_market_dispersion_15m|f_f_market_selected_ret_30m,4,3,0.7,23,11,3,9,2,0.3333333333333333,0.06521739130434782,0.7857142857142857,2,1,2,0,7,2,5,True,"{""f_gate_positioning_oi_change_pct"": 0.21236756747563978, ""f_micro_selected_taker_share_prev3m"": 0.7522288015749875, ""f_f_market_dispersion_15m"": 0.08730329330185219, ""f_f_market_selected_ret_30m"": 0.20612865023261098}"
B2,f_gate_positioning_oi_change_pct|f_micro_selected_taker_share_prev3m|f_f_market_dispersion_15m|f_f_market_selected_ret_30m,4,3,0.75,18,9,3,6,2,0.2727272727272727,0.06521739130434782,0.75,1,1,2,0,6,2,5,True,"{""f_gate_positioning_oi_change_pct"": 0.21859101741462106, ""f_micro_selected_taker_share_prev3m"": 0.7737788291802238, ""f_f_market_dispersion_15m"": 0.08397532309904639, ""f_f_market_selected_ret_30m"": 0.1590785592414129}"
B2,f_gate_positioning_oi_change_pct|f_micro_selected_taker_share_prev3m|f_f_market_dispersion_15m|f_f_market_selected_ret_30m,4,3,0.8,9,6,1,2,1,0.18181818181818182,0.021739130434782608,0.8571428571428571,0,0,2,0,4,1,4,True,"{""f_gate_positioning_oi_change_pct"": 0.26494511524836734, ""f_micro_selected_taker_share_prev3m"": 0.7920567396352612, ""f_f_market_dispersion_15m"": 0.081451648230247, ""f_f_market_selected_ret_30m"": 0.13117480044327}"
B2,f_gate_positioning_oi_change_pct|f_micro_selected_taker_share_prev3m|f_f_market_dispersion_15m|f_f_market_selected_ret_30m,4,3,0.85,5,5,0,0,0,0.15151515151515152,0.0,1.0,0,0,1,0,4,0,4,True,"{""f_gate_positioning_oi_change_pct"": 0.3614625229505696, ""f_micro_selected_taker_share_prev3m"": 0.8062445036525503, ""f_f_market_dispersion_15m"": 0.07993334252895565, ""f_f_market_selected_ret_30m"": 0.1272039568864461}"
B2,f_gate_positioning_oi_change_pct|f_micro_selected_taker_share_prev3m|f_f_market_dispersion_15m|f_f_market_selected_ret_30m,4,3,0.9,3,3,0,0,0,0.09090909090909091,0.0,1.0,0,0,1,0,2,0,3,False,"{""f_gate_positioning_oi_change_pct"": 0.5043494634907606, ""f_micro_selected_taker_share_prev3m"": 0.8225219437602855, ""f_f_market_dispersion_15m"": 0.07698814464435187, ""f_f_market_selected_ret_30m"": 0.11864422057320188}"
B2,f_gate_positioning_oi_change_pct|f_micro_selected_taker_share_prev3m|f_f_market_dispersion_15m|f_micro_price_flow_divergence,4,3,0.55,43,13,12,18,7,0.3939393939393939,0.2608695652173913,0.52,2,3,2,2,9,7,4,False,"{""f_gate_positioning_oi_change_pct"": 0.12700735231065743, ""f_micro_selected_taker_share_prev3m"": 0.6419992213727249, ""f_f_market_dispersion_15m"": 0.09289213148896941, ""f_micro_price_flow_divergence"": 0.0119500913633334}"
B2,f_gate_positioning_oi_change_pct|f_micro_selected_taker_share_prev3m|f_f_market_dispersion_15m|f_micro_price_flow_divergence,4,4,0.55,6,5,1,0,0,0.15151515151515152,0.021739130434782608,0.8333333333333334,1,1,1,0,3,0,4,True,"{""f_gate_positioning_oi_change_pct"": 0.12700735231065743, ""f_micro_selected_taker_share_prev3m"": 0.6419992213727249, ""f_f_market_dispersion_15m"": 0.09289213148896941, ""f_micro_price_flow_divergence"": 0.0119500913633334}"
B2,f_gate_positioning_oi_change_pct|f_micro_selected_taker_share_prev3m|f_f_market_dispersion_15m|f_micro_price_flow_divergence,4,3,0.6,32,11,9,12,7,0.3333333333333333,0.1956521739130435,0.55,2,1,2,2,7,6,5,False,"{""f_gate_positioning_oi_change_pct"": 0.1621629269770119, ""f_micro_selected_taker_share_prev3m"": 0.6817079920724427, ""f_f_market_dispersion_15m"": 0.090819954887291, ""f_micro_price_flow_divergence"": 0.012675127220891261}"
B2,f_gate_positioning_oi_change_pct|f_micro_selected_taker_share_prev3m|f_f_market_dispersion_15m|f_micro_price_flow_divergence,4,4,0.6,4,4,0,0,0,0.12121212121212122,0.0,1.0,1,0,1,0,2,0,4,True,"{""f_gate_positioning_oi_change_pct"": 0.1621629269770119, ""f_micro_selected_taker_share_prev3m"": 0.6817079920724427, ""f_f_market_dispersion_15m"": 0.090819954887291, ""f_micro_price_flow_divergence"": 0.012675127220891261}"
B2,f_gate_positioning_oi_change_pct|f_micro_selected_taker_share_prev3m|f_f_market_dispersion_15m|f_micro_price_flow_divergence,4,3,0.65,26,11,5,10,4,0.3333333333333333,0.10869565217391304,0.6875,2,1,2,1,7,3,5,False,"{""f_gate_positioning_oi_change_pct"": 0.19670468238149225, ""f_micro_selected_taker_share_prev3m"": 0.7238235853967332, ""f_f_market_dispersion_15m"": 0.08984644379961478, ""f_micro_price_flow_divergence"": 0.012783221361499118}"
B2,f_gate_positioning_oi_change_pct|f_micro_selected_taker_share_prev3m|f_f_market_dispersion_15m|f_micro_price_flow_divergence,4,3,0.7,19,11,2,6,1,0.3333333333333333,0.043478260869565216,0.8461538461538461,2,0,2,0,7,2,5,True,"{""f_gate_positioning_oi_change_pct"": 0.21236756747563978, ""f_micro_selected_taker_share_prev3m"": 0.7522288015749875, ""f_f_market_dispersion_15m"": 0.08730329330185219, ""f_micro_price_flow_divergence"": 0.013646104500558977}"
B2,f_gate_positioning_oi_change_pct|f_micro_selected_taker_share_prev3m|f_f_market_dispersion_15m|f_micro_price_flow_divergence,4,3,0.75,15,9,2,4,1,0.2727272727272727,0.043478260869565216,0.8181818181818182,1,0,2,0,6,2,5,True,"{""f_gate_positioning_oi_change_pct"": 0.21859101741462106, ""f_micro_selected_taker_share_prev3m"": 0.7737788291802238, ""f_f_market_dispersion_15m"": 0.08397532309904639, ""f_micro_price_flow_divergence"": 0.01488638213884484}"
B2,f_gate_positioning_oi_change_pct|f_micro_selected_taker_share_prev3m|f_f_market_dispersion_15m|f_micro_price_flow_divergence,4,3,0.8,8,5,1,2,1,0.15151515151515152,0.021739130434782608,0.8333333333333334,0,0,2,0,3,1,3,False,"{""f_gate_positioning_oi_change_pct"": 0.26494511524836734, ""f_micro_selected_taker_share_prev3m"": 0.7920567396352612, ""f_f_market_dispersion_15m"": 0.081451648230247, ""f_micro_price_flow_divergence"": 0.019082996203197426}"
B2,f_gate_positioning_oi_change_pct|f_micro_selected_taker_share_prev3m|f_f_market_dispersion_15m|f_micro_price_flow_divergence,4,3,0.85,6,4,1,1,1,0.12121212121212122,0.021739130434782608,0.8,0,0,1,0,3,1,3,False,"{""f_gate_positioning_oi_change_pct"": 0.3614625229505696, ""f_micro_selected_taker_share_prev3m"": 0.8062445036525503, ""f_f_market_dispersion_15m"": 0.07993334252895565, ""f_micro_price_flow_divergence"": 0.026975030800133398}"
B2,f_gate_positioning_oi_change_pct|f_micro_selected_taker_share_prev3m|f_f_market_dispersion_15m|f_f_market_aligned_fraction_5m,4,3,0.55,55,17,15,23,10,0.5151515151515151,0.32608695652173914,0.53125,2,2,3,2,12,11,5,False,"{""f_gate_positioning_oi_change_pct"": 0.12700735231065743, ""f_micro_selected_taker_share_prev3m"": 0.6419992213727249, ""f_f_market_dispersion_15m"": 0.09289213148896941, ""f_f_market_aligned_fraction_5m"": 0.25}"
B2,f_gate_positioning_oi_change_pct|f_micro_selected_taker_share_prev3m|f_f_market_dispersion_15m|f_f_market_aligned_fraction_5m,4,4,0.55,6,4,2,0,0,0.12121212121212122,0.043478260869565216,0.6666666666666666,1,0,1,0,2,2,3,False,"{""f_gate_positioning_oi_change_pct"": 0.12700735231065743, ""f_micro_selected_taker_share_prev3m"": 0.6419992213727249, ""f_f_market_dispersion_15m"": 0.09289213148896941, ""f_f_market_aligned_fraction_5m"": 0.25}"
B2,f_gate_positioning_oi_change_pct|f_micro_selected_taker_share_prev3m|f_f_market_dispersion_15m|f_f_market_aligned_fraction_5m,4,3,0.6,30,8,6,16,4,0.24242424242424243,0.13043478260869565,0.5714285714285714,2,0,1,1,5,5,4,False,"{""f_gate_positioning_oi_change_pct"": 0.1621629269770119, ""f_micro_selected_taker_share_prev3m"": 0.6817079920724427, ""f_f_market_dispersion_15m"": 0.090819954887291, ""f_f_market_aligned_fraction_5m"": 0.5499999999999996}"
B2,f_gate_positioning_oi_change_pct|f_micro_selected_taker_share_prev3m|f_f_market_dispersion_15m|f_f_market_aligned_fraction_5m,4,4,0.6,4,4,0,0,0,0.12121212121212122,0.0,1.0,1,0,1,0,2,0,4,True,"{""f_gate_positioning_oi_change_pct"": 0.1621629269770119, ""f_micro_selected_taker_share_prev3m"": 0.6817079920724427, ""f_f_market_dispersion_15m"": 0.090819954887291, ""f_f_market_aligned_fraction_5m"": 0.5499999999999996}"
B2,f_gate_positioning_oi_change_pct|f_micro_selected_taker_share_prev3m|f_f_market_dispersion_15m|f_f_market_aligned_fraction_5m,4,3,0.65,21,7,3,11,2,0.21212121212121213,0.06521739130434782,0.7,2,0,1,1,4,2,4,True,"{""f_gate_positioning_oi_change_pct"": 0.19670468238149225, ""f_micro_selected_taker_share_prev3m"": 0.7238235853967332, ""f_f_market_dispersion_15m"": 0.08984644379961478, ""f_f_market_aligned_fraction_5m"": 0.8875000000000004}"
B2,f_gate_positioning_oi_change_pct|f_micro_selected_taker_share_prev3m|f_f_market_dispersion_15m|f_f_market_aligned_fraction_5m,4,3,0.7,15,6,2,7,1,0.18181818181818182,0.043478260869565216,0.75,2,0,1,0,3,2,4,True,"{""f_gate_positioning_oi_change_pct"": 0.21236756747563978, ""f_micro_selected_taker_share_prev3m"": 0.7522288015749875, ""f_f_market_dispersion_15m"": 0.08730329330185219, ""f_f_market_aligned_fraction_5m"": 1.0}"
B2,f_gate_positioning_oi_change_pct|f_micro_selected_taker_share_prev3m|f_f_market_dispersion_15m|f_f_market_aligned_fraction_5m,4,3,0.75,12,5,2,5,1,0.15151515151515152,0.043478260869565216,0.7142857142857143,1,0,1,0,3,2,4,True,"{""f_gate_positioning_oi_change_pct"": 0.21859101741462106, ""f_micro_selected_taker_share_prev3m"": 0.7737788291802238, ""f_f_market_dispersion_15m"": 0.08397532309904639, ""f_f_market_aligned_fraction_5m"": 1.0}"
B2,f_gate_positioning_oi_change_pct|f_micro_selected_taker_share_prev3m|f_f_market_dispersion_15m|f_f_market_aligned_fraction_5m,4,3,0.8,6,4,1,1,1,0.12121212121212122,0.021739130434782608,0.8,0,0,1,0,3,1,3,False,"{""f_gate_positioning_oi_change_pct"": 0.26494511524836734, ""f_micro_selected_taker_share_prev3m"": 0.7920567396352612, ""f_f_market_dispersion_15m"": 0.081451648230247, ""f_f_market_aligned_fraction_5m"": 1.0}"
B2,f_gate_positioning_oi_change_pct|f_micro_selected_taker_share_prev3m|f_f_market_dispersion_15m|f_f_market_aligned_fraction_5m,4,3,0.85,4,3,1,0,1,0.09090909090909091,0.021739130434782608,0.75,0,0,0,0,3,1,2,False,"{""f_gate_positioning_oi_change_pct"": 0.3614625229505696, ""f_micro_selected_taker_share_prev3m"": 0.8062445036525503, ""f_f_market_dispersion_15m"": 0.07993334252895565, ""f_f_market_aligned_fraction_5m"": 1.0}"
B2,f_gate_positioning_oi_change_pct|f_micro_selected_taker_share_prev3m|f_f_market_dispersion_15m|f_new_family_balance,4,3,0.55,29,10,9,10,4,0.30303030303030304,0.1956521739130435,0.5263157894736842,1,4,2,0,7,5,4,False,"{""f_gate_positioning_oi_change_pct"": 0.12700735231065743, ""f_micro_selected_taker_share_prev3m"": 0.6419992213727249, ""f_f_market_dispersion_15m"": 0.09289213148896941, ""f_new_family_balance"": 2.95}"
B2,f_gate_positioning_oi_change_pct|f_micro_selected_taker_share_prev3m|f_f_market_dispersion_15m|f_new_family_balance,4,4,0.55,5,4,1,0,0,0.12121212121212122,0.021739130434782608,0.8,1,0,1,0,2,1,4,True,"{""f_gate_positioning_oi_change_pct"": 0.12700735231065743, ""f_micro_selected_taker_share_prev3m"": 0.6419992213727249, ""f_f_market_dispersion_15m"": 0.09289213148896941, ""f_new_family_balance"": 2.95}"
B2,f_gate_positioning_oi_change_pct|f_micro_selected_taker_share_prev3m|f_f_market_dispersion_15m|f_new_family_balance,4,3,0.6,17,8,4,5,2,0.24242424242424243,0.08695652173913043,0.6666666666666666,1,1,1,0,6,3,4,False,"{""f_gate_positioning_oi_change_pct"": 0.1621629269770119, ""f_micro_selected_taker_share_prev3m"": 0.6817079920724427, ""f_f_market_dispersion_15m"": 0.090819954887291, ""f_new_family_balance"": 3.0}"
B2,f_gate_positioning_oi_change_pct|f_micro_selected_taker_share_prev3m|f_f_market_dispersion_15m|f_new_family_balance,4,4,0.6,4,3,1,0,0,0.09090909090909091,0.021739130434782608,0.75,1,0,1,0,1,1,3,False,"{""f_gate_positioning_oi_change_pct"": 0.1621629269770119, ""f_micro_selected_taker_share_prev3m"": 0.6817079920724427, ""f_f_market_dispersion_15m"": 0.090819954887291, ""f_new_family_balance"": 3.0}"
B2,f_gate_positioning_oi_change_pct|f_micro_selected_taker_share_prev3m|f_f_market_dispersion_15m|f_new_family_balance,4,3,0.65,13,6,3,4,1,0.18181818181818182,0.06521739130434782,0.6666666666666666,1,1,1,0,4,2,4,False,"{""f_gate_positioning_oi_change_pct"": 0.19670468238149225, ""f_micro_selected_taker_share_prev3m"": 0.7238235853967332, ""f_f_market_dispersion_15m"": 0.08984644379961478, ""f_new_family_balance"": 3.0}"
B2,f_gate_positioning_oi_change_pct|f_micro_selected_taker_share_prev3m|f_f_market_dispersion_15m|f_new_family_balance,4,3,0.7,10,5,2,3,1,0.15151515151515152,0.043478260869565216,0.7142857142857143,1,1,1,0,3,1,4,True,"{""f_gate_positioning_oi_change_pct"": 0.21236756747563978, ""f_micro_selected_taker_share_prev3m"": 0.7522288015749875, ""f_f_market_dispersion_15m"": 0.08730329330185219, ""f_new_family_balance"": 3.0}"
B2,f_gate_positioning_oi_change_pct|f_micro_selected_taker_share_prev3m|f_f_market_dispersion_15m|f_new_family_balance,4,3,0.75,7,3,2,2,1,0.09090909090909091,0.043478260869565216,0.6,0,1,1,0,2,1,2,False,"{""f_gate_positioning_oi_change_pct"": 0.21859101741462106, ""f_micro_selected_taker_share_prev3m"": 0.7737788291802238, ""f_f_market_dispersion_15m"": 0.08397532309904639, ""f_new_family_balance"": 3.0}"
B2,f_gate_positioning_oi_change_pct|f_micro_selected_taker_share_prev3m|f_context_breakdown_down_pct|f_f_market_selected_ret_30m,4,3,0.55,33,9,8,16,5,0.2727272727272727,0.17391304347826086,0.5294117647058824,2,3,1,0,6,5,4,False,"{""f_gate_positioning_oi_change_pct"": 0.12700735231065743, ""f_micro_selected_taker_share_prev3m"": 0.6419992213727249, ""f_context_breakdown_down_pct"": 0.14433969999999996, ""f_f_market_selected_ret_30m"": 0.3157608147100679}"
B2,f_gate_positioning_oi_change_pct|f_micro_selected_taker_share_prev3m|f_context_breakdown_down_pct|f_f_market_selected_ret_30m,4,4,0.55,6,4,0,2,0,0.12121212121212122,0.0,1.0,1,0,0,0,3,0,3,False,"{""f_gate_positioning_oi_change_pct"": 0.12700735231065743, ""f_micro_selected_taker_share_prev3m"": 0.6419992213727249, ""f_context_breakdown_down_pct"": 0.14433969999999996, ""f_f_market_selected_ret_30m"": 0.3157608147100679}"
B2,f_gate_positioning_oi_change_pct|f_micro_selected_taker_share_prev3m|f_context_breakdown_down_pct|f_f_market_selected_ret_30m,4,3,0.6,19,8,3,8,2,0.24242424242424243,0.06521739130434782,0.7272727272727273,2,1,1,0,5,2,4,True,"{""f_gate_positioning_oi_change_pct"": 0.1621629269770119, ""f_micro_selected_taker_share_prev3m"": 0.6817079920724427, ""f_context_breakdown_down_pct"": 0.10880200000000001, ""f_f_market_selected_ret_30m"": 0.27953051404961293}"
B2,f_gate_positioning_oi_change_pct|f_micro_selected_taker_share_prev3m|f_context_breakdown_down_pct|f_f_market_selected_ret_30m,4,4,0.6,4,3,0,1,0,0.09090909090909091,0.0,1.0,1,0,0,0,2,0,3,False,"{""f_gate_positioning_oi_change_pct"": 0.1621629269770119, ""f_micro_selected_taker_share_prev3m"": 0.6817079920724427, ""f_context_breakdown_down_pct"": 0.10880200000000001, ""f_f_market_selected_ret_30m"": 0.27953051404961293}"
B2,f_gate_positioning_oi_change_pct|f_micro_selected_taker_share_prev3m|f_context_breakdown_down_pct|f_f_market_selected_ret_30m,4,3,0.65,16,8,1,7,1,0.24242424242424243,0.021739130434782608,0.8888888888888888,2,1,1,0,5,0,4,True,"{""f_gate_positioning_oi_change_pct"": 0.19670468238149225, ""f_micro_selected_taker_share_prev3m"": 0.7238235853967332, ""f_context_breakdown_down_pct"": 0.07557175, ""f_f_market_selected_ret_30m"": 0.24800416168246048}"
B2,f_gate_positioning_oi_change_pct|f_micro_selected_taker_share_prev3m|f_context_breakdown_down_pct|f_f_market_selected_ret_30m,4,3,0.7,12,7,1,4,1,0.21212121212121213,0.021739130434782608,0.875,2,1,1,0,4,0,4,True,"{""f_gate_positioning_oi_change_pct"": 0.21236756747563978, ""f_micro_selected_taker_share_prev3m"": 0.7522288015749875, ""f_context_breakdown_down_pct"": 0.045146500000000006, ""f_f_market_selected_ret_30m"": 0.20612865023261098}"
B2,f_gate_positioning_oi_change_pct|f_micro_selected_taker_share_prev3m|f_context_breakdown_down_pct|f_f_market_selected_ret_30m,4,3,0.75,8,4,1,3,1,0.12121212121212122,0.021739130434782608,0.8,0,1,1,0,3,0,3,False,"{""f_gate_positioning_oi_change_pct"": 0.21859101741462106, ""f_micro_selected_taker_share_prev3m"": 0.7737788291802238, ""f_context_breakdown_down_pct"": 0.01612375, ""f_f_market_selected_ret_30m"": 0.1590785592414129}"
B2,f_gate_positioning_oi_change_pct|f_micro_selected_taker_share_prev3m|f_context_breakdown_down_pct|f_f_market_selected_ret_30m,4,3,0.8,3,3,0,0,0,0.09090909090909091,0.0,1.0,0,0,0,0,3,0,2,False,"{""f_gate_positioning_oi_change_pct"": 0.26494511524836734, ""f_micro_selected_taker_share_prev3m"": 0.7920567396352612, ""f_context_breakdown_down_pct"": 0.0, ""f_f_market_selected_ret_30m"": 0.13117480044327}"
B2,f_gate_positioning_oi_change_pct|f_micro_selected_taker_share_prev3m|f_context_breakdown_down_pct|f_f_market_selected_ret_30m,4,3,0.85,3,3,0,0,0,0.09090909090909091,0.0,1.0,0,0,0,0,3,0,2,False,"{""f_gate_positioning_oi_change_pct"": 0.3614625229505696, ""f_micro_selected_taker_share_prev3m"": 0.8062445036525503, ""f_context_breakdown_down_pct"": 0.0, ""f_f_market_selected_ret_30m"": 0.1272039568864461}"
B2,f_gate_positioning_oi_change_pct|f_micro_selected_taker_share_prev3m|f_context_breakdown_down_pct|f_micro_price_flow_divergence,4,3,0.55,24,8,5,11,4,0.24242424242424243,0.10869565217391304,0.6153846153846154,2,3,1,0,5,2,5,False,"{""f_gate_positioning_oi_change_pct"": 0.12700735231065743, ""f_micro_selected_taker_share_prev3m"": 0.6419992213727249, ""f_context_breakdown_down_pct"": 0.14433969999999996, ""f_micro_price_flow_divergence"": 0.0119500913633334}"
B2,f_gate_positioning_oi_change_pct|f_micro_selected_taker_share_prev3m|f_context_breakdown_down_pct|f_micro_price_flow_divergence,4,4,0.55,5,4,0,1,0,0.12121212121212122,0.0,1.0,1,0,0,0,3,0,3,False,"{""f_gate_positioning_oi_change_pct"": 0.12700735231065743, ""f_micro_selected_taker_share_prev3m"": 0.6419992213727249, ""f_context_breakdown_down_pct"": 0.14433969999999996, ""f_micro_price_flow_divergence"": 0.0119500913633334}"
B2,f_gate_positioning_oi_change_pct|f_micro_selected_taker_share_prev3m|f_context_breakdown_down_pct|f_micro_price_flow_divergence,4,3,0.6,17,7,3,7,3,0.21212121212121213,0.06521739130434782,0.7,2,2,1,0,4,1,4,True,"{""f_gate_positioning_oi_change_pct"": 0.1621629269770119, ""f_micro_selected_taker_share_prev3m"": 0.6817079920724427, ""f_context_breakdown_down_pct"": 0.10880200000000001, ""f_micro_price_flow_divergence"": 0.012675127220891261}"
B2,f_gate_positioning_oi_change_pct|f_micro_selected_taker_share_prev3m|f_context_breakdown_down_pct|f_micro_price_flow_divergence,4,4,0.6,3,3,0,0,0,0.09090909090909091,0.0,1.0,1,0,0,0,2,0,3,False,"{""f_gate_positioning_oi_change_pct"": 0.1621629269770119, ""f_micro_selected_taker_share_prev3m"": 0.6817079920724427, ""f_context_breakdown_down_pct"": 0.10880200000000001, ""f_micro_price_flow_divergence"": 0.012675127220891261}"
B2,f_gate_positioning_oi_change_pct|f_micro_selected_taker_share_prev3m|f_context_breakdown_down_pct|f_micro_price_flow_divergence,4,3,0.65,15,7,2,6,2,0.21212121212121213,0.043478260869565216,0.7777777777777778,2,2,1,0,4,0,4,True,"{""f_gate_positioning_oi_change_pct"": 0.19670468238149225, ""f_micro_selected_taker_share_prev3m"": 0.7238235853967332, ""f_context_breakdown_down_pct"": 0.07557175, ""f_micro_price_flow_divergence"": 0.012783221361499118}"
B2,f_gate_positioning_oi_change_pct|f_micro_selected_taker_share_prev3m|f_context_breakdown_down_pct|f_micro_price_flow_divergence,4,3,0.7,12,7,1,4,1,0.21212121212121213,0.021739130434782608,0.875,2,1,1,0,4,0,4,True,"{""f_gate_positioning_oi_change_pct"": 0.21236756747563978, ""f_micro_selected_taker_share_prev3m"": 0.7522288015749875, ""f_context_breakdown_down_pct"": 0.045146500000000006, ""f_micro_price_flow_divergence"": 0.013646104500558977}"
B2,f_gate_positioning_oi_change_pct|f_micro_selected_taker_share_prev3m|f_context_breakdown_down_pct|f_micro_price_flow_divergence,4,3,0.75,9,6,1,2,1,0.18181818181818182,0.021739130434782608,0.8571428571428571,1,1,1,0,4,0,4,True,"{""f_gate_positioning_oi_change_pct"": 0.21859101741462106, ""f_micro_selected_taker_share_prev3m"": 0.7737788291802238, ""f_context_breakdown_down_pct"": 0.01612375, ""f_micro_price_flow_divergence"": 0.01488638213884484}"
B2,f_gate_positioning_oi_change_pct|f_micro_selected_taker_share_prev3m|f_context_breakdown_down_pct|f_micro_price_flow_divergence,4,3,0.8,5,5,0,0,0,0.15151515151515152,0.0,1.0,1,0,1,0,3,0,3,False,"{""f_gate_positioning_oi_change_pct"": 0.26494511524836734, ""f_micro_selected_taker_share_prev3m"": 0.7920567396352612, ""f_context_breakdown_down_pct"": 0.0, ""f_micro_price_flow_divergence"": 0.019082996203197426}"
B2,f_gate_positioning_oi_change_pct|f_micro_selected_taker_share_prev3m|f_context_breakdown_down_pct|f_micro_price_flow_divergence,4,3,0.85,4,4,0,0,0,0.12121212121212122,0.0,1.0,1,0,0,0,3,0,2,False,"{""f_gate_positioning_oi_change_pct"": 0.3614625229505696, ""f_micro_selected_taker_share_prev3m"": 0.8062445036525503, ""f_context_breakdown_down_pct"": 0.0, ""f_micro_price_flow_divergence"": 0.026975030800133398}"
B2,f_gate_positioning_oi_change_pct|f_micro_selected_taker_share_prev3m|f_context_breakdown_down_pct|f_f_market_aligned_fraction_5m,4,3,0.55,35,11,7,17,5,0.3333333333333333,0.15217391304347827,0.6111111111111112,2,2,1,0,8,5,4,False,"{""f_gate_positioning_oi_change_pct"": 0.12700735231065743, ""f_micro_selected_taker_share_prev3m"": 0.6419992213727249, ""f_context_breakdown_down_pct"": 0.14433969999999996, ""f_f_market_aligned_fraction_5m"": 0.25}"
B2,f_gate_positioning_oi_change_pct|f_micro_selected_taker_share_prev3m|f_context_breakdown_down_pct|f_f_market_aligned_fraction_5m,4,4,0.55,5,3,0,2,0,0.09090909090909091,0.0,1.0,1,0,0,0,2,0,3,False,"{""f_gate_positioning_oi_change_pct"": 0.12700735231065743, ""f_micro_selected_taker_share_prev3m"": 0.6419992213727249, ""f_context_breakdown_down_pct"": 0.14433969999999996, ""f_f_market_aligned_fraction_5m"": 0.25}"
B2,f_gate_positioning_oi_change_pct|f_micro_selected_taker_share_prev3m|f_context_breakdown_down_pct|f_f_market_aligned_fraction_5m,4,3,0.6,17,9,1,7,1,0.2727272727272727,0.021739130434782608,0.9,2,1,1,0,6,0,4,True,"{""f_gate_positioning_oi_change_pct"": 0.1621629269770119, ""f_micro_selected_taker_share_prev3m"": 0.6817079920724427, ""f_context_breakdown_down_pct"": 0.10880200000000001, ""f_f_market_aligned_fraction_5m"": 0.5499999999999996}"
B2,f_gate_positioning_oi_change_pct|f_micro_selected_taker_share_prev3m|f_context_breakdown_down_pct|f_f_market_aligned_fraction_5m,4,4,0.6,4,3,0,1,0,0.09090909090909091,0.0,1.0,1,0,0,0,2,0,3,False,"{""f_gate_positioning_oi_change_pct"": 0.1621629269770119, ""f_micro_selected_taker_share_prev3m"": 0.6817079920724427, ""f_context_breakdown_down_pct"": 0.10880200000000001, ""f_f_market_aligned_fraction_5m"": 0.5499999999999996}"
B2,f_gate_positioning_oi_change_pct|f_micro_selected_taker_share_prev3m|f_context_breakdown_down_pct|f_f_market_aligned_fraction_5m,4,3,0.65,14,8,1,5,1,0.24242424242424243,0.021739130434782608,0.8888888888888888,2,1,1,0,5,0,4,True,"{""f_gate_positioning_oi_change_pct"": 0.19670468238149225, ""f_micro_selected_taker_share_prev3m"": 0.7238235853967332, ""f_context_breakdown_down_pct"": 0.07557175, ""f_f_market_aligned_fraction_5m"": 0.8875000000000004}"
B2,f_gate_positioning_oi_change_pct|f_micro_selected_taker_share_prev3m|f_context_breakdown_down_pct|f_f_market_aligned_fraction_5m,4,3,0.7,12,7,1,4,1,0.21212121212121213,0.021739130434782608,0.875,2,1,1,0,4,0,4,True,"{""f_gate_positioning_oi_change_pct"": 0.21236756747563978, ""f_micro_selected_taker_share_prev3m"": 0.7522288015749875, ""f_context_breakdown_down_pct"": 0.045146500000000006, ""f_f_market_aligned_fraction_5m"": 1.0}"
B2,f_gate_positioning_oi_change_pct|f_micro_selected_taker_share_prev3m|f_context_breakdown_down_pct|f_f_market_aligned_fraction_5m,4,3,0.75,11,6,1,4,1,0.18181818181818182,0.021739130434782608,0.8571428571428571,1,1,1,0,4,0,4,True,"{""f_gate_positioning_oi_change_pct"": 0.21859101741462106, ""f_micro_selected_taker_share_prev3m"": 0.7737788291802238, ""f_context_breakdown_down_pct"": 0.01612375, ""f_f_market_aligned_fraction_5m"": 1.0}"
B2,f_gate_positioning_oi_change_pct|f_micro_selected_taker_share_prev3m|f_context_breakdown_down_pct|f_f_market_aligned_fraction_5m,4,3,0.8,8,6,1,1,1,0.18181818181818182,0.021739130434782608,0.8571428571428571,1,1,1,0,4,0,4,True,"{""f_gate_positioning_oi_change_pct"": 0.26494511524836734, ""f_micro_selected_taker_share_prev3m"": 0.7920567396352612, ""f_context_breakdown_down_pct"": 0.0, ""f_f_market_aligned_fraction_5m"": 1.0}"
B2,f_gate_positioning_oi_change_pct|f_micro_selected_taker_share_prev3m|f_context_breakdown_down_pct|f_f_market_aligned_fraction_5m,4,3,0.85,6,5,1,0,1,0.15151515151515152,0.021739130434782608,0.8333333333333334,1,1,0,0,4,0,3,False,"{""f_gate_positioning_oi_change_pct"": 0.3614625229505696, ""f_micro_selected_taker_share_prev3m"": 0.8062445036525503, ""f_context_breakdown_down_pct"": 0.0, ""f_f_market_aligned_fraction_5m"": 1.0}"
B2,f_gate_positioning_oi_change_pct|f_micro_selected_taker_share_prev3m|f_context_breakdown_down_pct|f_f_market_aligned_fraction_5m,4,3,0.9,4,4,0,0,0,0.12121212121212122,0.0,1.0,1,0,0,0,3,0,2,False,"{""f_gate_positioning_oi_change_pct"": 0.5043494634907606, ""f_micro_selected_taker_share_prev3m"": 0.8225219437602855, ""f_context_breakdown_down_pct"": 0.0, ""f_f_market_aligned_fraction_5m"": 1.0}"
B2,f_gate_positioning_oi_change_pct|f_micro_selected_taker_share_prev3m|f_context_breakdown_down_pct|f_new_family_balance,4,3,0.55,23,8,4,11,3,0.24242424242424243,0.08695652173913043,0.6666666666666666,2,2,1,0,5,2,4,False,"{""f_gate_positioning_oi_change_pct"": 0.12700735231065743, ""f_micro_selected_taker_share_prev3m"": 0.6419992213727249, ""f_context_breakdown_down_pct"": 0.14433969999999996, ""f_new_family_balance"": 2.95}"
B2,f_gate_positioning_oi_change_pct|f_micro_selected_taker_share_prev3m|f_context_breakdown_down_pct|f_new_family_balance,4,4,0.55,4,3,0,1,0,0.09090909090909091,0.0,1.0,1,0,0,0,2,0,3,False,"{""f_gate_positioning_oi_change_pct"": 0.12700735231065743, ""f_micro_selected_taker_share_prev3m"": 0.6419992213727249, ""f_context_breakdown_down_pct"": 0.14433969999999996, ""f_new_family_balance"": 2.95}"
B2,f_gate_positioning_oi_change_pct|f_micro_selected_taker_share_prev3m|f_context_breakdown_down_pct|f_new_family_balance,4,3,0.6,16,8,2,6,1,0.24242424242424243,0.043478260869565216,0.8,2,1,1,0,5,1,4,True,"{""f_gate_positioning_oi_change_pct"": 0.1621629269770119, ""f_micro_selected_taker_share_prev3m"": 0.6817079920724427, ""f_context_breakdown_down_pct"": 0.10880200000000001, ""f_new_family_balance"": 3.0}"
B2,f_gate_positioning_oi_change_pct|f_micro_selected_taker_share_prev3m|f_context_breakdown_down_pct|f_new_family_balance,4,3,0.65,14,7,2,5,1,0.21212121212121213,0.043478260869565216,0.7777777777777778,2,1,1,0,4,1,4,True,"{""f_gate_positioning_oi_change_pct"": 0.19670468238149225, ""f_micro_selected_taker_share_prev3m"": 0.7238235853967332, ""f_context_breakdown_down_pct"": 0.07557175, ""f_new_family_balance"": 3.0}"
B2,f_gate_positioning_oi_change_pct|f_micro_selected_taker_share_prev3m|f_context_breakdown_down_pct|f_new_family_balance,4,3,0.7,12,6,2,4,1,0.18181818181818182,0.043478260869565216,0.75,2,1,1,0,3,1,4,True,"{""f_gate_positioning_oi_change_pct"": 0.21236756747563978, ""f_micro_selected_taker_share_prev3m"": 0.7522288015749875, ""f_context_breakdown_down_pct"": 0.045146500000000006, ""f_new_family_balance"": 3.0}"
B2,f_gate_positioning_oi_change_pct|f_micro_selected_taker_share_prev3m|f_context_breakdown_down_pct|f_new_family_balance,4,3,0.75,10,5,2,3,1,0.15151515151515152,0.043478260869565216,0.7142857142857143,1,1,1,0,3,1,4,True,"{""f_gate_positioning_oi_change_pct"": 0.21859101741462106, ""f_micro_selected_taker_share_prev3m"": 0.7737788291802238, ""f_context_breakdown_down_pct"": 0.01612375, ""f_new_family_balance"": 3.0}"
B2,f_gate_positioning_oi_change_pct|f_micro_selected_taker_share_prev3m|f_f_market_selected_ret_30m|f_micro_price_flow_divergence,4,3,0.55,49,16,15,18,10,0.48484848484848486,0.32608695652173914,0.5161290322580645,4,4,2,2,10,9,4,False,"{""f_gate_positioning_oi_change_pct"": 0.12700735231065743, ""f_micro_selected_taker_share_prev3m"": 0.6419992213727249, ""f_f_market_selected_ret_30m"": 0.3157608147100679, ""f_micro_price_flow_divergence"": 0.0119500913633334}"
B2,f_gate_positioning_oi_change_pct|f_micro_selected_taker_share_prev3m|f_f_market_selected_ret_30m|f_micro_price_flow_divergence,4,4,0.55,7,5,1,1,0,0.15151515151515152,0.021739130434782608,0.8333333333333334,1,1,1,0,3,0,4,True,"{""f_gate_positioning_oi_change_pct"": 0.12700735231065743, ""f_micro_selected_taker_share_prev3m"": 0.6419992213727249, ""f_f_market_selected_ret_30m"": 0.3157608147100679, ""f_micro_price_flow_divergence"": 0.0119500913633334}"
B2,f_gate_positioning_oi_change_pct|f_micro_selected_taker_share_prev3m|f_f_market_selected_ret_30m|f_micro_price_flow_divergence,4,3,0.6,37,13,11,13,8,0.3939393939393939,0.2391304347826087,0.5416666666666666,3,2,2,2,8,7,5,False,"{""f_gate_positioning_oi_change_pct"": 0.1621629269770119, ""f_micro_selected_taker_share_prev3m"": 0.6817079920724427, ""f_f_market_selected_ret_30m"": 0.27953051404961293, ""f_micro_price_flow_divergence"": 0.012675127220891261}"
B2,f_gate_positioning_oi_change_pct|f_micro_selected_taker_share_prev3m|f_f_market_selected_ret_30m|f_micro_price_flow_divergence,4,4,0.6,5,4,0,1,0,0.12121212121212122,0.0,1.0,1,0,1,0,2,0,4,True,"{""f_gate_positioning_oi_change_pct"": 0.1621629269770119, ""f_micro_selected_taker_share_prev3m"": 0.6817079920724427, ""f_f_market_selected_ret_30m"": 0.27953051404961293, ""f_micro_price_flow_divergence"": 0.012675127220891261}"
B2,f_gate_positioning_oi_change_pct|f_micro_selected_taker_share_prev3m|f_f_market_selected_ret_30m|f_micro_price_flow_divergence,4,3,0.65,29,12,4,13,3,0.36363636363636365,0.08695652173913043,0.75,3,2,2,1,7,1,5,True,"{""f_gate_positioning_oi_change_pct"": 0.19670468238149225, ""f_micro_selected_taker_share_prev3m"": 0.7238235853967332, ""f_f_market_selected_ret_30m"": 0.24800416168246048, ""f_micro_price_flow_divergence"": 0.012783221361499118}"
B2,f_gate_positioning_oi_change_pct|f_micro_selected_taker_share_prev3m|f_f_market_selected_ret_30m|f_micro_price_flow_divergence,4,3,0.7,20,11,1,8,1,0.3333333333333333,0.021739130434782608,0.9166666666666666,3,1,2,0,6,0,5,True,"{""f_gate_positioning_oi_change_pct"": 0.21236756747563978, ""f_micro_selected_taker_share_prev3m"": 0.7522288015749875, ""f_f_market_selected_ret_30m"": 0.20612865023261098, ""f_micro_price_flow_divergence"": 0.013646104500558977}"
B2,f_gate_positioning_oi_change_pct|f_micro_selected_taker_share_prev3m|f_f_market_selected_ret_30m|f_micro_price_flow_divergence,4,3,0.75,14,9,1,4,1,0.2727272727272727,0.021739130434782608,0.9,1,1,2,0,6,0,5,True,"{""f_gate_positioning_oi_change_pct"": 0.21859101741462106, ""f_micro_selected_taker_share_prev3m"": 0.7737788291802238, ""f_f_market_selected_ret_30m"": 0.1590785592414129, ""f_micro_price_flow_divergence"": 0.01488638213884484}"
B2,f_gate_positioning_oi_change_pct|f_micro_selected_taker_share_prev3m|f_f_market_selected_ret_30m|f_micro_price_flow_divergence,4,3,0.8,8,6,1,1,1,0.18181818181818182,0.021739130434782608,0.8571428571428571,1,1,2,0,3,0,4,True,"{""f_gate_positioning_oi_change_pct"": 0.26494511524836734, ""f_micro_selected_taker_share_prev3m"": 0.7920567396352612, ""f_f_market_selected_ret_30m"": 0.13117480044327, ""f_micro_price_flow_divergence"": 0.019082996203197426}"
B2,f_gate_positioning_oi_change_pct|f_micro_selected_taker_share_prev3m|f_f_market_selected_ret_30m|f_micro_price_flow_divergence,4,3,0.85,6,5,1,0,1,0.15151515151515152,0.021739130434782608,0.8333333333333334,1,1,1,0,3,0,4,True,"{""f_gate_positioning_oi_change_pct"": 0.3614625229505696, ""f_micro_selected_taker_share_prev3m"": 0.8062445036525503, ""f_f_market_selected_ret_30m"": 0.1272039568864461, ""f_micro_price_flow_divergence"": 0.026975030800133398}"
B2,f_gate_positioning_oi_change_pct|f_micro_selected_taker_share_prev3m|f_f_market_selected_ret_30m|f_micro_price_flow_divergence,4,3,0.9,4,4,0,0,0,0.12121212121212122,0.0,1.0,1,0,1,0,2,0,4,True,"{""f_gate_positioning_oi_change_pct"": 0.5043494634907606, ""f_micro_selected_taker_share_prev3m"": 0.8225219437602855, ""f_f_market_selected_ret_30m"": 0.11864422057320188, ""f_micro_price_flow_divergence"": 0.046956635495231006}"
B2,f_gate_positioning_oi_change_pct|f_micro_selected_taker_share_prev3m|f_f_market_selected_ret_30m|f_f_market_aligned_fraction_5m,4,3,0.55,59,19,17,23,12,0.5757575757575758,0.3695652173913043,0.5277777777777778,4,3,3,2,12,12,5,False,"{""f_gate_positioning_oi_change_pct"": 0.12700735231065743, ""f_micro_selected_taker_share_prev3m"": 0.6419992213727249, ""f_f_market_selected_ret_30m"": 0.3157608147100679, ""f_f_market_aligned_fraction_5m"": 0.25}"
B2,f_gate_positioning_oi_change_pct|f_micro_selected_taker_share_prev3m|f_f_market_selected_ret_30m|f_f_market_aligned_fraction_5m,4,4,0.55,8,4,2,2,0,0.12121212121212122,0.043478260869565216,0.6666666666666666,1,0,1,0,2,2,3,False,"{""f_gate_positioning_oi_change_pct"": 0.12700735231065743, ""f_micro_selected_taker_share_prev3m"": 0.6419992213727249, ""f_f_market_selected_ret_30m"": 0.3157608147100679, ""f_f_market_aligned_fraction_5m"": 0.25}"
B2,f_gate_positioning_oi_change_pct|f_micro_selected_taker_share_prev3m|f_f_market_selected_ret_30m|f_f_market_aligned_fraction_5m,4,3,0.6,29,9,7,13,5,0.2727272727272727,0.15217391304347827,0.5625,3,0,1,1,5,6,4,False,"{""f_gate_positioning_oi_change_pct"": 0.1621629269770119, ""f_micro_selected_taker_share_prev3m"": 0.6817079920724427, ""f_f_market_selected_ret_30m"": 0.27953051404961293, ""f_f_market_aligned_fraction_5m"": 0.5499999999999996}"
B2,f_gate_positioning_oi_change_pct|f_micro_selected_taker_share_prev3m|f_f_market_selected_ret_30m|f_f_market_aligned_fraction_5m,4,4,0.6,6,4,0,2,0,0.12121212121212122,0.0,1.0,1,0,1,0,2,0,4,True,"{""f_gate_positioning_oi_change_pct"": 0.1621629269770119, ""f_micro_selected_taker_share_prev3m"": 0.6817079920724427, ""f_f_market_selected_ret_30m"": 0.27953051404961293, ""f_f_market_aligned_fraction_5m"": 0.5499999999999996}"
B2,f_gate_positioning_oi_change_pct|f_micro_selected_taker_share_prev3m|f_f_market_selected_ret_30m|f_f_market_aligned_fraction_5m,4,3,0.65,19,8,1,10,1,0.24242424242424243,0.021739130434782608,0.8888888888888888,3,0,1,1,4,0,4,True,"{""f_gate_positioning_oi_change_pct"": 0.19670468238149225, ""f_micro_selected_taker_share_prev3m"": 0.7238235853967332, ""f_f_market_selected_ret_30m"": 0.24800416168246048, ""f_f_market_aligned_fraction_5m"": 0.8875000000000004}"
B2,f_gate_positioning_oi_change_pct|f_micro_selected_taker_share_prev3m|f_f_market_selected_ret_30m|f_f_market_aligned_fraction_5m,4,3,0.7,14,7,0,7,0,0.21212121212121213,0.0,1.0,3,0,1,0,3,0,4,True,"{""f_gate_positioning_oi_change_pct"": 0.21236756747563978, ""f_micro_selected_taker_share_prev3m"": 0.7522288015749875, ""f_f_market_selected_ret_30m"": 0.20612865023261098, ""f_f_market_aligned_fraction_5m"": 1.0}"
B2,f_gate_positioning_oi_change_pct|f_micro_selected_taker_share_prev3m|f_f_market_selected_ret_30m|f_f_market_aligned_fraction_5m,4,3,0.75,8,4,0,4,0,0.12121212121212122,0.0,1.0,1,0,1,0,2,0,4,True,"{""f_gate_positioning_oi_change_pct"": 0.21859101741462106, ""f_micro_selected_taker_share_prev3m"": 0.7737788291802238, ""f_f_market_selected_ret_30m"": 0.1590785592414129, ""f_f_market_aligned_fraction_5m"": 1.0}"
B2,f_gate_positioning_oi_change_pct|f_micro_selected_taker_share_prev3m|f_f_market_selected_ret_30m|f_f_market_aligned_fraction_5m,4,3,0.8,6,4,0,2,0,0.12121212121212122,0.0,1.0,1,0,1,0,2,0,4,True,"{""f_gate_positioning_oi_change_pct"": 0.26494511524836734, ""f_micro_selected_taker_share_prev3m"": 0.7920567396352612, ""f_f_market_selected_ret_30m"": 0.13117480044327, ""f_f_market_aligned_fraction_5m"": 1.0}"
B2,f_gate_positioning_oi_change_pct|f_micro_selected_taker_share_prev3m|f_f_market_selected_ret_30m|f_f_market_aligned_fraction_5m,4,3,0.85,4,3,0,1,0,0.09090909090909091,0.0,1.0,1,0,0,0,2,0,3,False,"{""f_gate_positioning_oi_change_pct"": 0.3614625229505696, ""f_micro_selected_taker_share_prev3m"": 0.8062445036525503, ""f_f_market_selected_ret_30m"": 0.1272039568864461, ""f_f_market_aligned_fraction_5m"": 1.0}"
B2,f_gate_positioning_oi_change_pct|f_micro_selected_taker_share_prev3m|f_f_market_selected_ret_30m|f_new_family_balance,4,3,0.55,33,12,9,12,4,0.36363636363636365,0.1956521739130435,0.5714285714285714,3,3,2,0,7,6,5,False,"{""f_gate_positioning_oi_change_pct"": 0.12700735231065743, ""f_micro_selected_taker_share_prev3m"": 0.6419992213727249, ""f_f_market_selected_ret_30m"": 0.3157608147100679, ""f_new_family_balance"": 2.95}"
B2,f_gate_positioning_oi_change_pct|f_micro_selected_taker_share_prev3m|f_f_market_selected_ret_30m|f_new_family_balance,4,4,0.55,6,4,1,1,0,0.12121212121212122,0.021739130434782608,0.8,1,0,1,0,2,1,4,True,"{""f_gate_positioning_oi_change_pct"": 0.12700735231065743, ""f_micro_selected_taker_share_prev3m"": 0.6419992213727249, ""f_f_market_selected_ret_30m"": 0.3157608147100679, ""f_new_family_balance"": 2.95}"
B2,f_gate_positioning_oi_change_pct|f_micro_selected_taker_share_prev3m|f_f_market_selected_ret_30m|f_new_family_balance,4,3,0.6,21,10,5,6,2,0.30303030303030304,0.10869565217391304,0.6666666666666666,2,2,1,0,7,3,4,False,"{""f_gate_positioning_oi_change_pct"": 0.1621629269770119, ""f_micro_selected_taker_share_prev3m"": 0.6817079920724427, ""f_f_market_selected_ret_30m"": 0.27953051404961293, ""f_new_family_balance"": 3.0}"
B2,f_gate_positioning_oi_change_pct|f_micro_selected_taker_share_prev3m|f_f_market_selected_ret_30m|f_new_family_balance,4,4,0.6,5,3,1,1,0,0.09090909090909091,0.021739130434782608,0.75,1,0,1,0,1,1,3,False,"{""f_gate_positioning_oi_change_pct"": 0.1621629269770119, ""f_micro_selected_taker_share_prev3m"": 0.6817079920724427, ""f_f_market_selected_ret_30m"": 0.27953051404961293, ""f_new_family_balance"": 3.0}"
B2,f_gate_positioning_oi_change_pct|f_micro_selected_taker_share_prev3m|f_f_market_selected_ret_30m|f_new_family_balance,4,3,0.65,17,9,4,4,1,0.2727272727272727,0.08695652173913043,0.6923076923076923,2,2,1,0,6,2,4,False,"{""f_gate_positioning_oi_change_pct"": 0.19670468238149225, ""f_micro_selected_taker_share_prev3m"": 0.7238235853967332, ""f_f_market_selected_ret_30m"": 0.24800416168246048, ""f_new_family_balance"": 3.0}"
B2,f_gate_positioning_oi_change_pct|f_micro_selected_taker_share_prev3m|f_f_market_selected_ret_30m|f_new_family_balance,4,3,0.7,14,8,2,4,1,0.24242424242424243,0.043478260869565216,0.8,2,1,1,0,5,1,4,True,"{""f_gate_positioning_oi_change_pct"": 0.21236756747563978, ""f_micro_selected_taker_share_prev3m"": 0.7522288015749875, ""f_f_market_selected_ret_30m"": 0.20612865023261098, ""f_new_family_balance"": 3.0}"
B2,f_gate_positioning_oi_change_pct|f_micro_selected_taker_share_prev3m|f_f_market_selected_ret_30m|f_new_family_balance,4,3,0.75,9,5,2,2,1,0.15151515151515152,0.043478260869565216,0.7142857142857143,0,1,1,0,4,1,3,False,"{""f_gate_positioning_oi_change_pct"": 0.21859101741462106, ""f_micro_selected_taker_share_prev3m"": 0.7737788291802238, ""f_f_market_selected_ret_30m"": 0.1590785592414129, ""f_new_family_balance"": 3.0}"
B2,f_gate_positioning_oi_change_pct|f_micro_selected_taker_share_prev3m|f_micro_price_flow_divergence|f_f_market_aligned_fraction_5m,4,3,0.55,52,17,18,17,14,0.5151515151515151,0.391304347826087,0.4857142857142857,4,3,2,2,11,13,4,False,"{""f_gate_positioning_oi_change_pct"": 0.12700735231065743, ""f_micro_selected_taker_share_prev3m"": 0.6419992213727249, ""f_micro_price_flow_divergence"": 0.0119500913633334, ""f_f_market_aligned_fraction_5m"": 0.25}"
B2,f_gate_positioning_oi_change_pct|f_micro_selected_taker_share_prev3m|f_micro_price_flow_divergence|f_f_market_aligned_fraction_5m,4,4,0.55,5,4,0,1,0,0.12121212121212122,0.0,1.0,1,0,1,0,2,0,4,True,"{""f_gate_positioning_oi_change_pct"": 0.12700735231065743, ""f_micro_selected_taker_share_prev3m"": 0.6419992213727249, ""f_micro_price_flow_divergence"": 0.0119500913633334, ""f_f_market_aligned_fraction_5m"": 0.25}"
B2,f_gate_positioning_oi_change_pct|f_micro_selected_taker_share_prev3m|f_micro_price_flow_divergence|f_f_market_aligned_fraction_5m,4,3,0.6,29,10,8,11,8,0.30303030303030304,0.17391304347826086,0.5555555555555556,4,1,1,1,5,6,4,False,"{""f_gate_positioning_oi_change_pct"": 0.1621629269770119, ""f_micro_selected_taker_share_prev3m"": 0.6817079920724427, ""f_micro_price_flow_divergence"": 0.012675127220891261, ""f_f_market_aligned_fraction_5m"": 0.5499999999999996}"
B2,f_gate_positioning_oi_change_pct|f_micro_selected_taker_share_prev3m|f_micro_price_flow_divergence|f_f_market_aligned_fraction_5m,4,4,0.6,5,4,0,1,0,0.12121212121212122,0.0,1.0,1,0,1,0,2,0,4,True,"{""f_gate_positioning_oi_change_pct"": 0.1621629269770119, ""f_micro_selected_taker_share_prev3m"": 0.6817079920724427, ""f_micro_price_flow_divergence"": 0.012675127220891261, ""f_f_market_aligned_fraction_5m"": 0.5499999999999996}"
B2,f_gate_positioning_oi_change_pct|f_micro_selected_taker_share_prev3m|f_micro_price_flow_divergence|f_f_market_aligned_fraction_5m,4,3,0.65,24,10,5,9,5,0.30303030303030304,0.10869565217391304,0.6666666666666666,4,1,1,1,5,3,4,False,"{""f_gate_positioning_oi_change_pct"": 0.19670468238149225, ""f_micro_selected_taker_share_prev3m"": 0.7238235853967332, ""f_micro_price_flow_divergence"": 0.012783221361499118, ""f_f_market_aligned_fraction_5m"": 0.8875000000000004}"
B2,f_gate_positioning_oi_change_pct|f_micro_selected_taker_share_prev3m|f_micro_price_flow_divergence|f_f_market_aligned_fraction_5m,4,3,0.7,18,8,3,7,3,0.24242424242424243,0.06521739130434782,0.7272727272727273,4,1,1,0,3,2,4,True,"{""f_gate_positioning_oi_change_pct"": 0.21236756747563978, ""f_micro_selected_taker_share_prev3m"": 0.7522288015749875, ""f_micro_price_flow_divergence"": 0.013646104500558977, ""f_f_market_aligned_fraction_5m"": 1.0}"
B2,f_gate_positioning_oi_change_pct|f_micro_selected_taker_share_prev3m|f_micro_price_flow_divergence|f_f_market_aligned_fraction_5m,4,3,0.75,14,6,3,5,3,0.18181818181818182,0.06521739130434782,0.6666666666666666,2,1,1,0,3,2,4,False,"{""f_gate_positioning_oi_change_pct"": 0.21859101741462106, ""f_micro_selected_taker_share_prev3m"": 0.7737788291802238, ""f_micro_price_flow_divergence"": 0.01488638213884484, ""f_f_market_aligned_fraction_5m"": 1.0}"
B2,f_gate_positioning_oi_change_pct|f_micro_selected_taker_share_prev3m|f_micro_price_flow_divergence|f_f_market_aligned_fraction_5m,4,3,0.8,8,5,2,1,2,0.15151515151515152,0.043478260869565216,0.7142857142857143,2,0,1,0,2,2,3,False,"{""f_gate_positioning_oi_change_pct"": 0.26494511524836734, ""f_micro_selected_taker_share_prev3m"": 0.7920567396352612, ""f_micro_price_flow_divergence"": 0.019082996203197426, ""f_f_market_aligned_fraction_5m"": 1.0}"
B2,f_gate_positioning_oi_change_pct|f_micro_selected_taker_share_prev3m|f_micro_price_flow_divergence|f_f_market_aligned_fraction_5m,4,3,0.85,6,4,2,0,2,0.12121212121212122,0.043478260869565216,0.6666666666666666,2,0,0,0,2,2,2,False,"{""f_gate_positioning_oi_change_pct"": 0.3614625229505696, ""f_micro_selected_taker_share_prev3m"": 0.8062445036525503, ""f_micro_price_flow_divergence"": 0.026975030800133398, ""f_f_market_aligned_fraction_5m"": 1.0}"
B2,f_gate_positioning_oi_change_pct|f_micro_selected_taker_share_prev3m|f_micro_price_flow_divergence|f_new_family_balance,4,3,0.55,19,8,5,6,2,0.24242424242424243,0.10869565217391304,0.6153846153846154,3,2,1,0,4,3,4,False,"{""f_gate_positioning_oi_change_pct"": 0.12700735231065743, ""f_micro_selected_taker_share_prev3m"": 0.6419992213727249, ""f_micro_price_flow_divergence"": 0.0119500913633334, ""f_new_family_balance"": 2.95}"
B2,f_gate_positioning_oi_change_pct|f_micro_selected_taker_share_prev3m|f_micro_price_flow_divergence|f_new_family_balance,4,4,0.55,5,4,0,1,0,0.12121212121212122,0.0,1.0,1,0,1,0,2,0,4,True,"{""f_gate_positioning_oi_change_pct"": 0.12700735231065743, ""f_micro_selected_taker_share_prev3m"": 0.6419992213727249, ""f_micro_price_flow_divergence"": 0.0119500913633334, ""f_new_family_balance"": 2.95}"
B2,f_gate_positioning_oi_change_pct|f_micro_selected_taker_share_prev3m|f_micro_price_flow_divergence|f_new_family_balance,4,3,0.6,13,8,3,2,1,0.24242424242424243,0.06521739130434782,0.7272727272727273,3,1,1,0,4,2,4,True,"{""f_gate_positioning_oi_change_pct"": 0.1621629269770119, ""f_micro_selected_taker_share_prev3m"": 0.6817079920724427, ""f_micro_price_flow_divergence"": 0.012675127220891261, ""f_new_family_balance"": 3.0}"
B2,f_gate_positioning_oi_change_pct|f_micro_selected_taker_share_prev3m|f_micro_price_flow_divergence|f_new_family_balance,4,4,0.6,4,3,0,1,0,0.09090909090909091,0.0,1.0,1,0,1,0,1,0,3,False,"{""f_gate_positioning_oi_change_pct"": 0.1621629269770119, ""f_micro_selected_taker_share_prev3m"": 0.6817079920724427, ""f_micro_price_flow_divergence"": 0.012675127220891261, ""f_new_family_balance"": 3.0}"
B2,f_gate_positioning_oi_change_pct|f_micro_selected_taker_share_prev3m|f_micro_price_flow_divergence|f_new_family_balance,4,3,0.65,12,8,2,2,0,0.24242424242424243,0.043478260869565216,0.8,3,1,1,0,4,1,4,True,"{""f_gate_positioning_oi_change_pct"": 0.19670468238149225, ""f_micro_selected_taker_share_prev3m"": 0.7238235853967332, ""f_micro_price_flow_divergence"": 0.012783221361499118, ""f_new_family_balance"": 3.0}"
B2,f_gate_positioning_oi_change_pct|f_micro_selected_taker_share_prev3m|f_micro_price_flow_divergence|f_new_family_balance,4,3,0.7,10,7,1,2,0,0.21212121212121213,0.021739130434782608,0.875,3,0,1,0,3,1,4,True,"{""f_gate_positioning_oi_change_pct"": 0.21236756747563978, ""f_micro_selected_taker_share_prev3m"": 0.7522288015749875, ""f_micro_price_flow_divergence"": 0.013646104500558977, ""f_new_family_balance"": 3.0}"
B2,f_gate_positioning_oi_change_pct|f_micro_selected_taker_share_prev3m|f_micro_price_flow_divergence|f_new_family_balance,4,3,0.75,8,5,1,2,0,0.15151515151515152,0.021739130434782608,0.8333333333333334,1,0,1,0,3,1,4,True,"{""f_gate_positioning_oi_change_pct"": 0.21859101741462106, ""f_micro_selected_taker_share_prev3m"": 0.7737788291802238, ""f_micro_price_flow_divergence"": 0.01488638213884484, ""f_new_family_balance"": 3.0}"
B2,f_gate_positioning_oi_change_pct|f_micro_selected_taker_share_prev3m|f_f_market_aligned_fraction_5m|f_new_family_balance,4,3,0.55,35,12,9,14,6,0.36363636363636365,0.1956521739130435,0.5714285714285714,3,3,2,0,7,6,5,False,"{""f_gate_positioning_oi_change_pct"": 0.12700735231065743, ""f_micro_selected_taker_share_prev3m"": 0.6419992213727249, ""f_f_market_aligned_fraction_5m"": 0.25, ""f_new_family_balance"": 2.95}"
B2,f_gate_positioning_oi_change_pct|f_micro_selected_taker_share_prev3m|f_f_market_aligned_fraction_5m|f_new_family_balance,4,4,0.55,5,3,1,1,0,0.09090909090909091,0.021739130434782608,0.75,1,0,1,0,1,1,3,False,"{""f_gate_positioning_oi_change_pct"": 0.12700735231065743, ""f_micro_selected_taker_share_prev3m"": 0.6419992213727249, ""f_f_market_aligned_fraction_5m"": 0.25, ""f_new_family_balance"": 2.95}"
B2,f_gate_positioning_oi_change_pct|f_micro_selected_taker_share_prev3m|f_f_market_aligned_fraction_5m|f_new_family_balance,4,3,0.6,21,8,5,8,3,0.24242424242424243,0.10869565217391304,0.6153846153846154,3,2,1,0,4,3,4,False,"{""f_gate_positioning_oi_change_pct"": 0.1621629269770119, ""f_micro_selected_taker_share_prev3m"": 0.6817079920724427, ""f_f_market_aligned_fraction_5m"": 0.5499999999999996, ""f_new_family_balance"": 3.0}"
B2,f_gate_positioning_oi_change_pct|f_micro_selected_taker_share_prev3m|f_f_market_aligned_fraction_5m|f_new_family_balance,4,4,0.6,4,3,0,1,0,0.09090909090909091,0.0,1.0,1,0,1,0,1,0,3,False,"{""f_gate_positioning_oi_change_pct"": 0.1621629269770119, ""f_micro_selected_taker_share_prev3m"": 0.6817079920724427, ""f_f_market_aligned_fraction_5m"": 0.5499999999999996, ""f_new_family_balance"": 3.0}"
B2,f_gate_positioning_oi_change_pct|f_micro_selected_taker_share_prev3m|f_f_market_aligned_fraction_5m|f_new_family_balance,4,3,0.65,16,7,3,6,2,0.21212121212121213,0.06521739130434782,0.7,3,2,1,0,3,1,4,True,"{""f_gate_positioning_oi_change_pct"": 0.19670468238149225, ""f_micro_selected_taker_share_prev3m"": 0.7238235853967332, ""f_f_market_aligned_fraction_5m"": 0.8875000000000004, ""f_new_family_balance"": 3.0}"
B2,f_gate_positioning_oi_change_pct|f_micro_selected_taker_share_prev3m|f_f_market_aligned_fraction_5m|f_new_family_balance,4,3,0.7,14,6,2,6,1,0.18181818181818182,0.043478260869565216,0.75,3,1,1,0,2,1,4,True,"{""f_gate_positioning_oi_change_pct"": 0.21236756747563978, ""f_micro_selected_taker_share_prev3m"": 0.7522288015749875, ""f_f_market_aligned_fraction_5m"": 1.0, ""f_new_family_balance"": 3.0}"
B2,f_gate_positioning_oi_change_pct|f_micro_selected_taker_share_prev3m|f_f_market_aligned_fraction_5m|f_new_family_balance,4,3,0.75,11,4,2,5,1,0.12121212121212122,0.043478260869565216,0.6666666666666666,1,1,1,0,2,1,4,False,"{""f_gate_positioning_oi_change_pct"": 0.21859101741462106, ""f_micro_selected_taker_share_prev3m"": 0.7737788291802238, ""f_f_market_aligned_fraction_5m"": 1.0, ""f_new_family_balance"": 3.0}"
B2,f_gate_positioning_oi_change_pct|f_f_market_dispersion_15m|f_context_breakdown_down_pct|f_f_market_selected_ret_30m,4,3,0.55,44,11,11,22,6,0.3333333333333333,0.2391304347826087,0.5,1,4,2,0,8,7,3,False,"{""f_gate_positioning_oi_change_pct"": 0.12700735231065743, ""f_f_market_dispersion_15m"": 0.09289213148896941, ""f_context_breakdown_down_pct"": 0.14433969999999996, ""f_f_market_selected_ret_30m"": 0.3157608147100679}"
B2,f_gate_positioning_oi_change_pct|f_f_market_dispersion_15m|f_context_breakdown_down_pct|f_f_market_selected_ret_30m,4,4,0.55,11,6,2,3,2,0.18181818181818182,0.043478260869565216,0.75,1,1,0,0,5,1,3,False,"{""f_gate_positioning_oi_change_pct"": 0.12700735231065743, ""f_f_market_dispersion_15m"": 0.09289213148896941, ""f_context_breakdown_down_pct"": 0.14433969999999996, ""f_f_market_selected_ret_30m"": 0.3157608147100679}"
B2,f_gate_positioning_oi_change_pct|f_f_market_dispersion_15m|f_context_breakdown_down_pct|f_f_market_selected_ret_30m,4,3,0.6,37,10,8,19,4,0.30303030303030304,0.17391304347826086,0.5555555555555556,1,2,1,0,8,6,4,False,"{""f_gate_positioning_oi_change_pct"": 0.1621629269770119, ""f_f_market_dispersion_15m"": 0.090819954887291, ""f_context_breakdown_down_pct"": 0.10880200000000001, ""f_f_market_selected_ret_30m"": 0.27953051404961293}"
B2,f_gate_positioning_oi_change_pct|f_f_market_dispersion_15m|f_context_breakdown_down_pct|f_f_market_selected_ret_30m,4,4,0.6,5,4,1,0,1,0.12121212121212122,0.021739130434782608,0.8,1,1,0,0,3,0,3,False,"{""f_gate_positioning_oi_change_pct"": 0.1621629269770119, ""f_f_market_dispersion_15m"": 0.090819954887291, ""f_context_breakdown_down_pct"": 0.10880200000000001, ""f_f_market_selected_ret_30m"": 0.27953051404961293}"
B2,f_gate_positioning_oi_change_pct|f_f_market_dispersion_15m|f_context_breakdown_down_pct|f_f_market_selected_ret_30m,4,3,0.65,35,9,7,19,4,0.2727272727272727,0.15217391304347827,0.5625,1,2,1,0,7,5,4,False,"{""f_gate_positioning_oi_change_pct"": 0.19670468238149225, ""f_f_market_dispersion_15m"": 0.08984644379961478, ""f_context_breakdown_down_pct"": 0.07557175, ""f_f_market_selected_ret_30m"": 0.24800416168246048}"
B2,f_gate_positioning_oi_change_pct|f_f_market_dispersion_15m|f_context_breakdown_down_pct|f_f_market_selected_ret_30m,4,4,0.65,5,4,1,0,1,0.12121212121212122,0.021739130434782608,0.8,1,1,0,0,3,0,3,False,"{""f_gate_positioning_oi_change_pct"": 0.19670468238149225, ""f_f_market_dispersion_15m"": 0.08984644379961478, ""f_context_breakdown_down_pct"": 0.07557175, ""f_f_market_selected_ret_30m"": 0.24800416168246048}"
B2,f_gate_positioning_oi_change_pct|f_f_market_dispersion_15m|f_context_breakdown_down_pct|f_f_market_selected_ret_30m,4,3,0.7,28,9,5,14,3,0.2727272727272727,0.10869565217391304,0.6428571428571429,1,1,1,0,7,4,4,False,"{""f_gate_positioning_oi_change_pct"": 0.21236756747563978, ""f_f_market_dispersion_15m"": 0.08730329330185219, ""f_context_breakdown_down_pct"": 0.045146500000000006, ""f_f_market_selected_ret_30m"": 0.20612865023261098}"
B2,f_gate_positioning_oi_change_pct|f_f_market_dispersion_15m|f_context_breakdown_down_pct|f_f_market_selected_ret_30m,4,4,0.7,4,3,1,0,1,0.09090909090909091,0.021739130434782608,0.75,1,1,0,0,2,0,3,False,"{""f_gate_positioning_oi_change_pct"": 0.21236756747563978, ""f_f_market_dispersion_15m"": 0.08730329330185219, ""f_context_breakdown_down_pct"": 0.045146500000000006, ""f_f_market_selected_ret_30m"": 0.20612865023261098}"
B2,f_gate_positioning_oi_change_pct|f_f_market_dispersion_15m|f_context_breakdown_down_pct|f_f_market_selected_ret_30m,4,3,0.75,23,7,5,11,3,0.21212121212121213,0.10869565217391304,0.5833333333333334,1,1,1,0,5,4,4,False,"{""f_gate_positioning_oi_change_pct"": 0.21859101741462106, ""f_f_market_dispersion_15m"": 0.08397532309904639, ""f_context_breakdown_down_pct"": 0.01612375, ""f_f_market_selected_ret_30m"": 0.1590785592414129}"
B2,f_gate_positioning_oi_change_pct|f_f_market_dispersion_15m|f_context_breakdown_down_pct|f_f_market_selected_ret_30m,4,3,0.8,18,6,3,9,2,0.18181818181818182,0.06521739130434782,0.6666666666666666,1,0,0,0,5,3,3,False,"{""f_gate_positioning_oi_change_pct"": 0.26494511524836734, ""f_f_market_dispersion_15m"": 0.081451648230247, ""f_context_breakdown_down_pct"": 0.0, ""f_f_market_selected_ret_30m"": 0.13117480044327}"
B2,f_gate_positioning_oi_change_pct|f_f_market_dispersion_15m|f_context_breakdown_down_pct|f_f_market_selected_ret_30m,4,3,0.85,17,6,3,8,2,0.18181818181818182,0.06521739130434782,0.6666666666666666,1,0,0,0,5,3,3,False,"{""f_gate_positioning_oi_change_pct"": 0.3614625229505696, ""f_f_market_dispersion_15m"": 0.07993334252895565, ""f_context_breakdown_down_pct"": 0.0, ""f_f_market_selected_ret_30m"": 0.1272039568864461}"
B2,f_gate_positioning_oi_change_pct|f_f_market_dispersion_15m|f_context_breakdown_down_pct|f_f_market_selected_ret_30m,4,3,0.9,17,6,3,8,2,0.18181818181818182,0.06521739130434782,0.6666666666666666,1,0,0,0,5,3,3,False,"{""f_gate_positioning_oi_change_pct"": 0.5043494634907606, ""f_f_market_dispersion_15m"": 0.07698814464435187, ""f_context_breakdown_down_pct"": 0.0, ""f_f_market_selected_ret_30m"": 0.11864422057320188}"
B2,f_gate_positioning_oi_change_pct|f_f_market_dispersion_15m|f_context_breakdown_down_pct|f_micro_price_flow_divergence,4,3,0.55,26,9,6,11,5,0.2727272727272727,0.13043478260869565,0.6,1,4,1,0,7,2,3,False,"{""f_gate_positioning_oi_change_pct"": 0.12700735231065743, ""f_f_market_dispersion_15m"": 0.09289213148896941, ""f_context_breakdown_down_pct"": 0.14433969999999996, ""f_micro_price_flow_divergence"": 0.0119500913633334}"
B2,f_gate_positioning_oi_change_pct|f_f_market_dispersion_15m|f_context_breakdown_down_pct|f_micro_price_flow_divergence,4,4,0.55,6,4,0,2,0,0.12121212121212122,0.0,1.0,1,0,0,0,3,0,3,False,"{""f_gate_positioning_oi_change_pct"": 0.12700735231065743, ""f_f_market_dispersion_15m"": 0.09289213148896941, ""f_context_breakdown_down_pct"": 0.14433969999999996, ""f_micro_price_flow_divergence"": 0.0119500913633334}"
B2,f_gate_positioning_oi_change_pct|f_f_market_dispersion_15m|f_context_breakdown_down_pct|f_micro_price_flow_divergence,4,3,0.6,19,8,3,8,3,0.24242424242424243,0.06521739130434782,0.7272727272727273,1,2,1,0,6,1,5,True,"{""f_gate_positioning_oi_change_pct"": 0.1621629269770119, ""f_f_market_dispersion_15m"": 0.090819954887291, ""f_context_breakdown_down_pct"": 0.10880200000000001, ""f_micro_price_flow_divergence"": 0.012675127220891261}"
B2,f_gate_positioning_oi_change_pct|f_f_market_dispersion_15m|f_context_breakdown_down_pct|f_micro_price_flow_divergence,4,4,0.6,4,3,0,1,0,0.09090909090909091,0.0,1.0,1,0,0,0,2,0,3,False,"{""f_gate_positioning_oi_change_pct"": 0.1621629269770119, ""f_f_market_dispersion_15m"": 0.090819954887291, ""f_context_breakdown_down_pct"": 0.10880200000000001, ""f_micro_price_flow_divergence"": 0.012675127220891261}"
B2,f_gate_positioning_oi_change_pct|f_f_market_dispersion_15m|f_context_breakdown_down_pct|f_micro_price_flow_divergence,4,3,0.65,19,8,3,8,3,0.24242424242424243,0.06521739130434782,0.7272727272727273,1,2,1,0,6,1,5,True,"{""f_gate_positioning_oi_change_pct"": 0.19670468238149225, ""f_f_market_dispersion_15m"": 0.08984644379961478, ""f_context_breakdown_down_pct"": 0.07557175, ""f_micro_price_flow_divergence"": 0.012783221361499118}"
B2,f_gate_positioning_oi_change_pct|f_f_market_dispersion_15m|f_context_breakdown_down_pct|f_micro_price_flow_divergence,4,4,0.65,4,3,0,1,0,0.09090909090909091,0.0,1.0,1,0,0,0,2,0,3,False,"{""f_gate_positioning_oi_change_pct"": 0.19670468238149225, ""f_f_market_dispersion_15m"": 0.08984644379961478, ""f_context_breakdown_down_pct"": 0.07557175, ""f_micro_price_flow_divergence"": 0.012783221361499118}"
B2,f_gate_positioning_oi_change_pct|f_f_market_dispersion_15m|f_context_breakdown_down_pct|f_micro_price_flow_divergence,4,3,0.7,17,7,2,8,2,0.21212121212121213,0.043478260869565216,0.7777777777777778,1,1,1,0,5,1,5,True,"{""f_gate_positioning_oi_change_pct"": 0.21236756747563978, ""f_f_market_dispersion_15m"": 0.08730329330185219, ""f_context_breakdown_down_pct"": 0.045146500000000006, ""f_micro_price_flow_divergence"": 0.013646104500558977}"
B2,f_gate_positioning_oi_change_pct|f_f_market_dispersion_15m|f_context_breakdown_down_pct|f_micro_price_flow_divergence,4,4,0.7,4,3,0,1,0,0.09090909090909091,0.0,1.0,1,0,0,0,2,0,3,False,"{""f_gate_positioning_oi_change_pct"": 0.21236756747563978, ""f_f_market_dispersion_15m"": 0.08730329330185219, ""f_context_breakdown_down_pct"": 0.045146500000000006, ""f_micro_price_flow_divergence"": 0.013646104500558977}"
B2,f_gate_positioning_oi_change_pct|f_f_market_dispersion_15m|f_context_breakdown_down_pct|f_micro_price_flow_divergence,4,3,0.75,16,6,2,8,2,0.18181818181818182,0.043478260869565216,0.75,1,1,1,0,4,1,5,True,"{""f_gate_positioning_oi_change_pct"": 0.21859101741462106, ""f_f_market_dispersion_15m"": 0.08397532309904639, ""f_context_breakdown_down_pct"": 0.01612375, ""f_micro_price_flow_divergence"": 0.01488638213884484}"
B2,f_gate_positioning_oi_change_pct|f_f_market_dispersion_15m|f_context_breakdown_down_pct|f_micro_price_flow_divergence,4,3,0.8,12,6,1,5,1,0.18181818181818182,0.021739130434782608,0.8571428571428571,1,0,1,0,4,1,5,True,"{""f_gate_positioning_oi_change_pct"": 0.26494511524836734, ""f_f_market_dispersion_15m"": 0.081451648230247, ""f_context_breakdown_down_pct"": 0.0, ""f_micro_price_flow_divergence"": 0.019082996203197426}"
B2,f_gate_positioning_oi_change_pct|f_f_market_dispersion_15m|f_context_breakdown_down_pct|f_micro_price_flow_divergence,4,3,0.85,9,3,1,5,1,0.09090909090909091,0.021739130434782608,0.75,0,0,0,0,3,1,2,False,"{""f_gate_positioning_oi_change_pct"": 0.3614625229505696, ""f_f_market_dispersion_15m"": 0.07993334252895565, ""f_context_breakdown_down_pct"": 0.0, ""f_micro_price_flow_divergence"": 0.026975030800133398}"
B2,f_gate_positioning_oi_change_pct|f_f_market_dispersion_15m|f_context_breakdown_down_pct|f_f_market_aligned_fraction_5m,4,3,0.55,43,13,10,20,6,0.3939393939393939,0.21739130434782608,0.5652173913043478,1,2,2,0,10,8,5,False,"{""f_gate_positioning_oi_change_pct"": 0.12700735231065743, ""f_f_market_dispersion_15m"": 0.09289213148896941, ""f_context_breakdown_down_pct"": 0.14433969999999996, ""f_f_market_aligned_fraction_5m"": 0.25}"
B2,f_gate_positioning_oi_change_pct|f_f_market_dispersion_15m|f_context_breakdown_down_pct|f_f_market_aligned_fraction_5m,4,4,0.55,10,5,2,3,2,0.15151515151515152,0.043478260869565216,0.7142857142857143,1,1,0,0,4,1,3,False,"{""f_gate_positioning_oi_change_pct"": 0.12700735231065743, ""f_f_market_dispersion_15m"": 0.09289213148896941, ""f_context_breakdown_down_pct"": 0.14433969999999996, ""f_f_market_aligned_fraction_5m"": 0.25}"
B2,f_gate_positioning_oi_change_pct|f_f_market_dispersion_15m|f_context_breakdown_down_pct|f_f_market_aligned_fraction_5m,4,3,0.6,30,10,5,15,3,0.30303030303030304,0.10869565217391304,0.6666666666666666,1,1,1,0,8,4,4,False,"{""f_gate_positioning_oi_change_pct"": 0.1621629269770119, ""f_f_market_dispersion_15m"": 0.090819954887291, ""f_context_breakdown_down_pct"": 0.10880200000000001, ""f_f_market_aligned_fraction_5m"": 0.5499999999999996}"
B2,f_gate_positioning_oi_change_pct|f_f_market_dispersion_15m|f_context_breakdown_down_pct|f_f_market_aligned_fraction_5m,4,4,0.6,5,4,0,1,0,0.12121212121212122,0.0,1.0,1,0,0,0,3,0,3,False,"{""f_gate_positioning_oi_change_pct"": 0.1621629269770119, ""f_f_market_dispersion_15m"": 0.090819954887291, ""f_context_breakdown_down_pct"": 0.10880200000000001, ""f_f_market_aligned_fraction_5m"": 0.5499999999999996}"
B2,f_gate_positioning_oi_change_pct|f_f_market_dispersion_15m|f_context_breakdown_down_pct|f_f_market_aligned_fraction_5m,4,3,0.65,23,9,3,11,2,0.2727272727272727,0.06521739130434782,0.75,1,1,1,0,7,2,4,True,"{""f_gate_positioning_oi_change_pct"": 0.19670468238149225, ""f_f_market_dispersion_15m"": 0.08984644379961478, ""f_context_breakdown_down_pct"": 0.07557175, ""f_f_market_aligned_fraction_5m"": 0.8875000000000004}"
B2,f_gate_positioning_oi_change_pct|f_f_market_dispersion_15m|f_context_breakdown_down_pct|f_f_market_aligned_fraction_5m,4,4,0.65,5,4,0,1,0,0.12121212121212122,0.0,1.0,1,0,0,0,3,0,3,False,"{""f_gate_positioning_oi_change_pct"": 0.19670468238149225, ""f_f_market_dispersion_15m"": 0.08984644379961478, ""f_context_breakdown_down_pct"": 0.07557175, ""f_f_market_aligned_fraction_5m"": 0.8875000000000004}"
B2,f_gate_positioning_oi_change_pct|f_f_market_dispersion_15m|f_context_breakdown_down_pct|f_f_market_aligned_fraction_5m,4,3,0.7,19,9,2,8,1,0.2727272727272727,0.043478260869565216,0.8181818181818182,1,1,1,0,7,1,4,True,"{""f_gate_positioning_oi_change_pct"": 0.21236756747563978, ""f_f_market_dispersion_15m"": 0.08730329330185219, ""f_context_breakdown_down_pct"": 0.045146500000000006, ""f_f_market_aligned_fraction_5m"": 1.0}"
B2,f_gate_positioning_oi_change_pct|f_f_market_dispersion_15m|f_context_breakdown_down_pct|f_f_market_aligned_fraction_5m,4,4,0.7,4,3,0,1,0,0.09090909090909091,0.0,1.0,1,0,0,0,2,0,3,False,"{""f_gate_positioning_oi_change_pct"": 0.21236756747563978, ""f_f_market_dispersion_15m"": 0.08730329330185219, ""f_context_breakdown_down_pct"": 0.045146500000000006, ""f_f_market_aligned_fraction_5m"": 1.0}"
B2,f_gate_positioning_oi_change_pct|f_f_market_dispersion_15m|f_context_breakdown_down_pct|f_f_market_aligned_fraction_5m,4,3,0.75,16,9,2,5,1,0.2727272727272727,0.043478260869565216,0.8181818181818182,1,1,1,0,7,1,4,True,"{""f_gate_positioning_oi_change_pct"": 0.21859101741462106, ""f_f_market_dispersion_15m"": 0.08397532309904639, ""f_context_breakdown_down_pct"": 0.01612375, ""f_f_market_aligned_fraction_5m"": 1.0}"
B2,f_gate_positioning_oi_change_pct|f_f_market_dispersion_15m|f_context_breakdown_down_pct|f_f_market_aligned_fraction_5m,4,3,0.8,14,9,1,4,0,0.2727272727272727,0.021739130434782608,0.9,1,0,1,0,7,1,4,True,"{""f_gate_positioning_oi_change_pct"": 0.26494511524836734, ""f_f_market_dispersion_15m"": 0.081451648230247, ""f_context_breakdown_down_pct"": 0.0, ""f_f_market_aligned_fraction_5m"": 1.0}"
B2,f_gate_positioning_oi_change_pct|f_f_market_dispersion_15m|f_context_breakdown_down_pct|f_f_market_aligned_fraction_5m,4,3,0.85,12,8,1,3,0,0.24242424242424243,0.021739130434782608,0.8888888888888888,1,0,0,0,7,1,3,False,"{""f_gate_positioning_oi_change_pct"": 0.3614625229505696, ""f_f_market_dispersion_15m"": 0.07993334252895565, ""f_context_breakdown_down_pct"": 0.0, ""f_f_market_aligned_fraction_5m"": 1.0}"
B2,f_gate_positioning_oi_change_pct|f_f_market_dispersion_15m|f_context_breakdown_down_pct|f_f_market_aligned_fraction_5m,4,3,0.9,10,7,1,2,0,0.21212121212121213,0.021739130434782608,0.875,1,0,0,0,6,1,3,False,"{""f_gate_positioning_oi_change_pct"": 0.5043494634907606, ""f_f_market_dispersion_15m"": 0.07698814464435187, ""f_context_breakdown_down_pct"": 0.0, ""f_f_market_aligned_fraction_5m"": 1.0}"
B2,f_gate_positioning_oi_change_pct|f_f_market_dispersion_15m|f_context_breakdown_down_pct|f_new_family_balance,4,3,0.55,27,10,5,12,3,0.30303030303030304,0.10869565217391304,0.6666666666666666,1,2,2,0,7,3,5,False,"{""f_gate_positioning_oi_change_pct"": 0.12700735231065743, ""f_f_market_dispersion_15m"": 0.09289213148896941, ""f_context_breakdown_down_pct"": 0.14433969999999996, ""f_new_family_balance"": 2.95}"
B2,f_gate_positioning_oi_change_pct|f_f_market_dispersion_15m|f_context_breakdown_down_pct|f_new_family_balance,4,4,0.55,9,4,3,2,3,0.12121212121212122,0.06521739130434782,0.5714285714285714,1,2,0,0,3,1,3,False,"{""f_gate_positioning_oi_change_pct"": 0.12700735231065743, ""f_f_market_dispersion_15m"": 0.09289213148896941, ""f_context_breakdown_down_pct"": 0.14433969999999996, ""f_new_family_balance"": 2.95}"
B2,f_gate_positioning_oi_change_pct|f_f_market_dispersion_15m|f_context_breakdown_down_pct|f_new_family_balance,4,3,0.6,24,9,5,10,3,0.2727272727272727,0.10869565217391304,0.6428571428571429,1,2,1,0,7,3,4,False,"{""f_gate_positioning_oi_change_pct"": 0.1621629269770119, ""f_f_market_dispersion_15m"": 0.090819954887291, ""f_context_breakdown_down_pct"": 0.10880200000000001, ""f_new_family_balance"": 3.0}"
B2,f_gate_positioning_oi_change_pct|f_f_market_dispersion_15m|f_context_breakdown_down_pct|f_new_family_balance,4,3,0.65,24,9,5,10,3,0.2727272727272727,0.10869565217391304,0.6428571428571429,1,2,1,0,7,3,4,False,"{""f_gate_positioning_oi_change_pct"": 0.19670468238149225, ""f_f_market_dispersion_15m"": 0.08984644379961478, ""f_context_breakdown_down_pct"": 0.07557175, ""f_new_family_balance"": 3.0}"
B2,f_gate_positioning_oi_change_pct|f_f_market_dispersion_15m|f_context_breakdown_down_pct|f_new_family_balance,4,3,0.7,20,8,5,7,3,0.24242424242424243,0.10869565217391304,0.6153846153846154,1,2,1,0,6,3,4,False,"{""f_gate_positioning_oi_change_pct"": 0.21236756747563978, ""f_f_market_dispersion_15m"": 0.08730329330185219, ""f_context_breakdown_down_pct"": 0.045146500000000006, ""f_new_family_balance"": 3.0}"
B2,f_gate_positioning_oi_change_pct|f_f_market_dispersion_15m|f_context_breakdown_down_pct|f_new_family_balance,4,3,0.75,18,7,5,6,3,0.21212121212121213,0.10869565217391304,0.5833333333333334,1,2,1,0,5,3,4,False,"{""f_gate_positioning_oi_change_pct"": 0.21859101741462106, ""f_f_market_dispersion_15m"": 0.08397532309904639, ""f_context_breakdown_down_pct"": 0.01612375, ""f_new_family_balance"": 3.0}"
B2,f_gate_positioning_oi_change_pct|f_f_market_dispersion_15m|f_f_market_selected_ret_30m|f_micro_price_flow_divergence,4,3,0.55,48,15,13,20,8,0.45454545454545453,0.2826086956521739,0.5357142857142857,2,4,3,2,10,7,5,False,"{""f_gate_positioning_oi_change_pct"": 0.12700735231065743, ""f_f_market_dispersion_15m"": 0.09289213148896941, ""f_f_market_selected_ret_30m"": 0.3157608147100679, ""f_micro_price_flow_divergence"": 0.0119500913633334}"
B2,f_gate_positioning_oi_change_pct|f_f_market_dispersion_15m|f_f_market_selected_ret_30m|f_micro_price_flow_divergence,4,4,0.55,8,5,1,2,0,0.15151515151515152,0.021739130434782608,0.8333333333333334,1,1,1,0,3,0,4,True,"{""f_gate_positioning_oi_change_pct"": 0.12700735231065743, ""f_f_market_dispersion_15m"": 0.09289213148896941, ""f_f_market_selected_ret_30m"": 0.3157608147100679, ""f_micro_price_flow_divergence"": 0.0119500913633334}"
B2,f_gate_positioning_oi_change_pct|f_f_market_dispersion_15m|f_f_market_selected_ret_30m|f_micro_price_flow_divergence,4,3,0.6,40,13,9,18,6,0.3939393939393939,0.1956521739130435,0.5909090909090909,2,2,2,2,9,5,5,False,"{""f_gate_positioning_oi_change_pct"": 0.1621629269770119, ""f_f_market_dispersion_15m"": 0.090819954887291, ""f_f_market_selected_ret_30m"": 0.27953051404961293, ""f_micro_price_flow_divergence"": 0.012675127220891261}"
B2,f_gate_positioning_oi_change_pct|f_f_market_dispersion_15m|f_f_market_selected_ret_30m|f_micro_price_flow_divergence,4,4,0.6,4,4,0,0,0,0.12121212121212122,0.0,1.0,1,0,1,0,2,0,4,True,"{""f_gate_positioning_oi_change_pct"": 0.1621629269770119, ""f_f_market_dispersion_15m"": 0.090819954887291, ""f_f_market_selected_ret_30m"": 0.27953051404961293, ""f_micro_price_flow_divergence"": 0.012675127220891261}"
B2,f_gate_positioning_oi_change_pct|f_f_market_dispersion_15m|f_f_market_selected_ret_30m|f_micro_price_flow_divergence,4,3,0.65,39,13,8,18,6,0.3939393939393939,0.17391304347826086,0.6190476190476191,2,2,2,2,9,4,5,False,"{""f_gate_positioning_oi_change_pct"": 0.19670468238149225, ""f_f_market_dispersion_15m"": 0.08984644379961478, ""f_f_market_selected_ret_30m"": 0.24800416168246048, ""f_micro_price_flow_divergence"": 0.012783221361499118}"
B2,f_gate_positioning_oi_change_pct|f_f_market_dispersion_15m|f_f_market_selected_ret_30m|f_micro_price_flow_divergence,4,4,0.65,4,4,0,0,0,0.12121212121212122,0.0,1.0,1,0,1,0,2,0,4,True,"{""f_gate_positioning_oi_change_pct"": 0.19670468238149225, ""f_f_market_dispersion_15m"": 0.08984644379961478, ""f_f_market_selected_ret_30m"": 0.24800416168246048, ""f_micro_price_flow_divergence"": 0.012783221361499118}"
B2,f_gate_positioning_oi_change_pct|f_f_market_dispersion_15m|f_f_market_selected_ret_30m|f_micro_price_flow_divergence,4,3,0.7,32,12,5,15,4,0.36363636363636365,0.10869565217391304,0.7058823529411765,2,1,2,1,8,3,5,True,"{""f_gate_positioning_oi_change_pct"": 0.21236756747563978, ""f_f_market_dispersion_15m"": 0.08730329330185219, ""f_f_market_selected_ret_30m"": 0.20612865023261098, ""f_micro_price_flow_divergence"": 0.013646104500558977}"
B2,f_gate_positioning_oi_change_pct|f_f_market_dispersion_15m|f_f_market_selected_ret_30m|f_micro_price_flow_divergence,4,4,0.7,4,4,0,0,0,0.12121212121212122,0.0,1.0,1,0,1,0,2,0,4,True,"{""f_gate_positioning_oi_change_pct"": 0.21236756747563978, ""f_f_market_dispersion_15m"": 0.08730329330185219, ""f_f_market_selected_ret_30m"": 0.20612865023261098, ""f_micro_price_flow_divergence"": 0.013646104500558977}"
B2,f_gate_positioning_oi_change_pct|f_f_market_dispersion_15m|f_f_market_selected_ret_30m|f_micro_price_flow_divergence,4,3,0.75,30,11,5,14,4,0.3333333333333333,0.10869565217391304,0.6875,2,1,2,1,7,3,5,False,"{""f_gate_positioning_oi_change_pct"": 0.21859101741462106, ""f_f_market_dispersion_15m"": 0.08397532309904639, ""f_f_market_selected_ret_30m"": 0.1590785592414129, ""f_micro_price_flow_divergence"": 0.01488638213884484}"
B2,f_gate_positioning_oi_change_pct|f_f_market_dispersion_15m|f_f_market_selected_ret_30m|f_micro_price_flow_divergence,4,4,0.75,3,3,0,0,0,0.09090909090909091,0.0,1.0,0,0,1,0,2,0,3,False,"{""f_gate_positioning_oi_change_pct"": 0.21859101741462106, ""f_f_market_dispersion_15m"": 0.08397532309904639, ""f_f_market_selected_ret_30m"": 0.1590785592414129, ""f_micro_price_flow_divergence"": 0.01488638213884484}"
B2,f_gate_positioning_oi_change_pct|f_f_market_dispersion_15m|f_f_market_selected_ret_30m|f_micro_price_flow_divergence,4,3,0.8,22,9,4,9,3,0.2727272727272727,0.08695652173913043,0.6923076923076923,1,0,2,1,6,3,5,False,"{""f_gate_positioning_oi_change_pct"": 0.26494511524836734, ""f_f_market_dispersion_15m"": 0.081451648230247, ""f_f_market_selected_ret_30m"": 0.13117480044327, ""f_micro_price_flow_divergence"": 0.019082996203197426}"
B2,f_gate_positioning_oi_change_pct|f_f_market_dispersion_15m|f_f_market_selected_ret_30m|f_micro_price_flow_divergence,4,3,0.85,17,5,3,9,2,0.15151515151515152,0.06521739130434782,0.625,0,0,1,0,4,3,4,False,"{""f_gate_positioning_oi_change_pct"": 0.3614625229505696, ""f_f_market_dispersion_15m"": 0.07993334252895565, ""f_f_market_selected_ret_30m"": 0.1272039568864461, ""f_micro_price_flow_divergence"": 0.026975030800133398}"
B2,f_gate_positioning_oi_change_pct|f_f_market_dispersion_15m|f_f_market_selected_ret_30m|f_micro_price_flow_divergence,4,3,0.9,9,4,2,3,1,0.12121212121212122,0.043478260869565216,0.6666666666666666,0,0,1,0,3,2,4,False,"{""f_gate_positioning_oi_change_pct"": 0.5043494634907606, ""f_f_market_dispersion_15m"": 0.07698814464435187, ""f_f_market_selected_ret_30m"": 0.11864422057320188, ""f_micro_price_flow_divergence"": 0.046956635495231006}"
B2,f_gate_positioning_oi_change_pct|f_f_market_dispersion_15m|f_f_market_selected_ret_30m|f_f_market_aligned_fraction_5m,4,3,0.55,79,21,22,36,15,0.6363636363636364,0.4782608695652174,0.4883720930232558,2,2,4,3,15,17,4,False,"{""f_gate_positioning_oi_change_pct"": 0.12700735231065743, ""f_f_market_dispersion_15m"": 0.09289213148896941, ""f_f_market_selected_ret_30m"": 0.3157608147100679, ""f_f_market_aligned_fraction_5m"": 0.25}"
B2,f_gate_positioning_oi_change_pct|f_f_market_dispersion_15m|f_f_market_selected_ret_30m|f_f_market_aligned_fraction_5m,4,4,0.55,15,7,4,4,2,0.21212121212121213,0.08695652173913043,0.6363636363636364,1,1,2,0,4,3,5,False,"{""f_gate_positioning_oi_change_pct"": 0.12700735231065743, ""f_f_market_dispersion_15m"": 0.09289213148896941, ""f_f_market_selected_ret_30m"": 0.3157608147100679, ""f_f_market_aligned_fraction_5m"": 0.25}"
B2,f_gate_positioning_oi_change_pct|f_f_market_dispersion_15m|f_f_market_selected_ret_30m|f_f_market_aligned_fraction_5m,4,3,0.6,54,13,14,27,9,0.3939393939393939,0.30434782608695654,0.48148148148148145,2,2,2,2,9,10,4,False,"{""f_gate_positioning_oi_change_pct"": 0.1621629269770119, ""f_f_market_dispersion_15m"": 0.090819954887291, ""f_f_market_selected_ret_30m"": 0.27953051404961293, ""f_f_market_aligned_fraction_5m"": 0.5499999999999996}"
B2,f_gate_positioning_oi_change_pct|f_f_market_dispersion_15m|f_f_market_selected_ret_30m|f_f_market_aligned_fraction_5m,4,4,0.6,7,5,0,2,0,0.15151515151515152,0.0,1.0,1,0,1,0,3,0,4,True,"{""f_gate_positioning_oi_change_pct"": 0.1621629269770119, ""f_f_market_dispersion_15m"": 0.090819954887291, ""f_f_market_selected_ret_30m"": 0.27953051404961293, ""f_f_market_aligned_fraction_5m"": 0.5499999999999996}"
B2,f_gate_positioning_oi_change_pct|f_f_market_dispersion_15m|f_f_market_selected_ret_30m|f_f_market_aligned_fraction_5m,4,3,0.65,40,12,8,20,6,0.36363636363636365,0.17391304347826086,0.6,2,2,2,1,8,5,4,False,"{""f_gate_positioning_oi_change_pct"": 0.19670468238149225, ""f_f_market_dispersion_15m"": 0.08984644379961478, ""f_f_market_selected_ret_30m"": 0.24800416168246048, ""f_f_market_aligned_fraction_5m"": 0.8875000000000004}"
B2,f_gate_positioning_oi_change_pct|f_f_market_dispersion_15m|f_f_market_selected_ret_30m|f_f_market_aligned_fraction_5m,4,4,0.65,7,5,0,2,0,0.15151515151515152,0.0,1.0,1,0,1,0,3,0,4,True,"{""f_gate_positioning_oi_change_pct"": 0.19670468238149225, ""f_f_market_dispersion_15m"": 0.08984644379961478, ""f_f_market_selected_ret_30m"": 0.24800416168246048, ""f_f_market_aligned_fraction_5m"": 0.8875000000000004}"
B2,f_gate_positioning_oi_change_pct|f_f_market_dispersion_15m|f_f_market_selected_ret_30m|f_f_market_aligned_fraction_5m,4,3,0.7,36,12,7,17,6,0.36363636363636365,0.15217391304347827,0.631578947368421,2,1,2,1,8,5,4,False,"{""f_gate_positioning_oi_change_pct"": 0.21236756747563978, ""f_f_market_dispersion_15m"": 0.08730329330185219, ""f_f_market_selected_ret_30m"": 0.20612865023261098, ""f_f_market_aligned_fraction_5m"": 1.0}"
B2,f_gate_positioning_oi_change_pct|f_f_market_dispersion_15m|f_f_market_selected_ret_30m|f_f_market_aligned_fraction_5m,4,4,0.7,5,4,0,1,0,0.12121212121212122,0.0,1.0,1,0,1,0,2,0,4,True,"{""f_gate_positioning_oi_change_pct"": 0.21236756747563978, ""f_f_market_dispersion_15m"": 0.08730329330185219, ""f_f_market_selected_ret_30m"": 0.20612865023261098, ""f_f_market_aligned_fraction_5m"": 1.0}"
B2,f_gate_positioning_oi_change_pct|f_f_market_dispersion_15m|f_f_market_selected_ret_30m|f_f_market_aligned_fraction_5m,4,3,0.75,31,9,7,15,6,0.2727272727272727,0.15217391304347827,0.5625,2,1,2,1,5,5,4,False,"{""f_gate_positioning_oi_change_pct"": 0.21859101741462106, ""f_f_market_dispersion_15m"": 0.08397532309904639, ""f_f_market_selected_ret_30m"": 0.1590785592414129, ""f_f_market_aligned_fraction_5m"": 1.0}"
B2,f_gate_positioning_oi_change_pct|f_f_market_dispersion_15m|f_f_market_selected_ret_30m|f_f_market_aligned_fraction_5m,4,4,0.75,4,3,0,1,0,0.09090909090909091,0.0,1.0,0,0,1,0,2,0,3,False,"{""f_gate_positioning_oi_change_pct"": 0.21859101741462106, ""f_f_market_dispersion_15m"": 0.08397532309904639, ""f_f_market_selected_ret_30m"": 0.1590785592414129, ""f_f_market_aligned_fraction_5m"": 1.0}"
B2,f_gate_positioning_oi_change_pct|f_f_market_dispersion_15m|f_f_market_selected_ret_30m|f_f_market_aligned_fraction_5m,4,3,0.8,27,8,6,13,5,0.24242424242424243,0.13043478260869565,0.5714285714285714,1,0,2,1,5,5,4,False,"{""f_gate_positioning_oi_change_pct"": 0.26494511524836734, ""f_f_market_dispersion_15m"": 0.081451648230247, ""f_f_market_selected_ret_30m"": 0.13117480044327, ""f_f_market_aligned_fraction_5m"": 1.0}"
B2,f_gate_positioning_oi_change_pct|f_f_market_dispersion_15m|f_f_market_selected_ret_30m|f_f_market_aligned_fraction_5m,4,3,0.85,25,7,5,13,4,0.21212121212121213,0.10869565217391304,0.5833333333333334,1,0,1,0,5,5,4,False,"{""f_gate_positioning_oi_change_pct"": 0.3614625229505696, ""f_f_market_dispersion_15m"": 0.07993334252895565, ""f_f_market_selected_ret_30m"": 0.1272039568864461, ""f_f_market_aligned_fraction_5m"": 1.0}"
B2,f_gate_positioning_oi_change_pct|f_f_market_dispersion_15m|f_f_market_selected_ret_30m|f_f_market_aligned_fraction_5m,4,3,0.9,24,7,5,12,4,0.21212121212121213,0.10869565217391304,0.5833333333333334,1,0,1,0,5,5,4,False,"{""f_gate_positioning_oi_change_pct"": 0.5043494634907606, ""f_f_market_dispersion_15m"": 0.07698814464435187, ""f_f_market_selected_ret_30m"": 0.11864422057320188, ""f_f_market_aligned_fraction_5m"": 1.0}"
B2,f_gate_positioning_oi_change_pct|f_f_market_dispersion_15m|f_f_market_selected_ret_30m|f_new_family_balance,4,3,0.55,46,14,13,19,7,0.42424242424242425,0.2826086956521739,0.5185185185185185,1,4,2,0,11,9,4,False,"{""f_gate_positioning_oi_change_pct"": 0.12700735231065743, ""f_f_market_dispersion_15m"": 0.09289213148896941, ""f_f_market_selected_ret_30m"": 0.3157608147100679, ""f_new_family_balance"": 2.95}"
B2,f_gate_positioning_oi_change_pct|f_f_market_dispersion_15m|f_f_market_selected_ret_30m|f_new_family_balance,4,4,0.55,11,6,3,2,2,0.18181818181818182,0.06521739130434782,0.6666666666666666,1,1,2,0,3,2,5,False,"{""f_gate_positioning_oi_change_pct"": 0.12700735231065743, ""f_f_market_dispersion_15m"": 0.09289213148896941, ""f_f_market_selected_ret_30m"": 0.3157608147100679, ""f_new_family_balance"": 2.95}"
B2,f_gate_positioning_oi_change_pct|f_f_market_dispersion_15m|f_f_market_selected_ret_30m|f_new_family_balance,4,3,0.6,42,14,10,18,6,0.42424242424242425,0.21739130434782608,0.5833333333333334,1,2,2,0,11,8,5,False,"{""f_gate_positioning_oi_change_pct"": 0.1621629269770119, ""f_f_market_dispersion_15m"": 0.090819954887291, ""f_f_market_selected_ret_30m"": 0.27953051404961293, ""f_new_family_balance"": 3.0}"
B2,f_gate_positioning_oi_change_pct|f_f_market_dispersion_15m|f_f_market_selected_ret_30m|f_new_family_balance,4,4,0.6,5,3,2,0,1,0.09090909090909091,0.043478260869565216,0.6,1,1,1,0,1,1,3,False,"{""f_gate_positioning_oi_change_pct"": 0.1621629269770119, ""f_f_market_dispersion_15m"": 0.090819954887291, ""f_f_market_selected_ret_30m"": 0.27953051404961293, ""f_new_family_balance"": 3.0}"
B2,f_gate_positioning_oi_change_pct|f_f_market_dispersion_15m|f_f_market_selected_ret_30m|f_new_family_balance,4,3,0.65,41,14,10,17,6,0.42424242424242425,0.21739130434782608,0.5833333333333334,1,2,2,0,11,8,5,False,"{""f_gate_positioning_oi_change_pct"": 0.19670468238149225, ""f_f_market_dispersion_15m"": 0.08984644379961478, ""f_f_market_selected_ret_30m"": 0.24800416168246048, ""f_new_family_balance"": 3.0}"
B2,f_gate_positioning_oi_change_pct|f_f_market_dispersion_15m|f_f_market_selected_ret_30m|f_new_family_balance,4,4,0.65,4,3,1,0,1,0.09090909090909091,0.021739130434782608,0.75,1,1,1,0,1,0,3,False,"{""f_gate_positioning_oi_change_pct"": 0.19670468238149225, ""f_f_market_dispersion_15m"": 0.08984644379961478, ""f_f_market_selected_ret_30m"": 0.24800416168246048, ""f_new_family_balance"": 3.0}"
B2,f_gate_positioning_oi_change_pct|f_f_market_dispersion_15m|f_f_market_selected_ret_30m|f_new_family_balance,4,3,0.7,37,13,9,15,6,0.3939393939393939,0.1956521739130435,0.5909090909090909,1,1,2,0,10,8,5,False,"{""f_gate_positioning_oi_change_pct"": 0.21236756747563978, ""f_f_market_dispersion_15m"": 0.08730329330185219, ""f_f_market_selected_ret_30m"": 0.20612865023261098, ""f_new_family_balance"": 3.0}"
B2,f_gate_positioning_oi_change_pct|f_f_market_dispersion_15m|f_f_market_selected_ret_30m|f_new_family_balance,4,4,0.7,4,3,1,0,1,0.09090909090909091,0.021739130434782608,0.75,1,1,1,0,1,0,3,False,"{""f_gate_positioning_oi_change_pct"": 0.21236756747563978, ""f_f_market_dispersion_15m"": 0.08730329330185219, ""f_f_market_selected_ret_30m"": 0.20612865023261098, ""f_new_family_balance"": 3.0}"
B2,f_gate_positioning_oi_change_pct|f_f_market_dispersion_15m|f_f_market_selected_ret_30m|f_new_family_balance,4,3,0.75,32,10,9,13,6,0.30303030303030304,0.1956521739130435,0.5263157894736842,1,1,2,0,7,8,5,False,"{""f_gate_positioning_oi_change_pct"": 0.21859101741462106, ""f_f_market_dispersion_15m"": 0.08397532309904639, ""f_f_market_selected_ret_30m"": 0.1590785592414129, ""f_new_family_balance"": 3.0}"
B2,f_gate_positioning_oi_change_pct|f_f_market_dispersion_15m|f_micro_price_flow_divergence|f_f_market_aligned_fraction_5m,4,3,0.55,45,15,13,17,9,0.45454545454545453,0.2826086956521739,0.5357142857142857,2,2,3,2,10,9,5,False,"{""f_gate_positioning_oi_change_pct"": 0.12700735231065743, ""f_f_market_dispersion_15m"": 0.09289213148896941, ""f_micro_price_flow_divergence"": 0.0119500913633334, ""f_f_market_aligned_fraction_5m"": 0.25}"
B2,f_gate_positioning_oi_change_pct|f_f_market_dispersion_15m|f_micro_price_flow_divergence|f_f_market_aligned_fraction_5m,4,4,0.55,6,4,0,2,0,0.12121212121212122,0.0,1.0,1,0,1,0,2,0,4,True,"{""f_gate_positioning_oi_change_pct"": 0.12700735231065743, ""f_f_market_dispersion_15m"": 0.09289213148896941, ""f_micro_price_flow_divergence"": 0.0119500913633334, ""f_f_market_aligned_fraction_5m"": 0.25}"
B2,f_gate_positioning_oi_change_pct|f_f_market_dispersion_15m|f_micro_price_flow_divergence|f_f_market_aligned_fraction_5m,4,3,0.6,26,8,3,15,3,0.24242424242424243,0.06521739130434782,0.7272727272727273,2,0,1,1,5,2,5,True,"{""f_gate_positioning_oi_change_pct"": 0.1621629269770119, ""f_f_market_dispersion_15m"": 0.090819954887291, ""f_micro_price_flow_divergence"": 0.012675127220891261, ""f_f_market_aligned_fraction_5m"": 0.5499999999999996}"
B2,f_gate_positioning_oi_change_pct|f_f_market_dispersion_15m|f_micro_price_flow_divergence|f_f_market_aligned_fraction_5m,4,4,0.6,5,4,0,1,0,0.12121212121212122,0.0,1.0,1,0,1,0,2,0,4,True,"{""f_gate_positioning_oi_change_pct"": 0.1621629269770119, ""f_f_market_dispersion_15m"": 0.090819954887291, ""f_micro_price_flow_divergence"": 0.012675127220891261, ""f_f_market_aligned_fraction_5m"": 0.5499999999999996}"
B2,f_gate_positioning_oi_change_pct|f_f_market_dispersion_15m|f_micro_price_flow_divergence|f_f_market_aligned_fraction_5m,4,3,0.65,23,8,3,12,3,0.24242424242424243,0.06521739130434782,0.7272727272727273,2,0,1,1,5,2,5,True,"{""f_gate_positioning_oi_change_pct"": 0.19670468238149225, ""f_f_market_dispersion_15m"": 0.08984644379961478, ""f_micro_price_flow_divergence"": 0.012783221361499118, ""f_f_market_aligned_fraction_5m"": 0.8875000000000004}"
B2,f_gate_positioning_oi_change_pct|f_f_market_dispersion_15m|f_micro_price_flow_divergence|f_f_market_aligned_fraction_5m,4,4,0.65,5,4,0,1,0,0.12121212121212122,0.0,1.0,1,0,1,0,2,0,4,True,"{""f_gate_positioning_oi_change_pct"": 0.19670468238149225, ""f_f_market_dispersion_15m"": 0.08984644379961478, ""f_micro_price_flow_divergence"": 0.012783221361499118, ""f_f_market_aligned_fraction_5m"": 0.8875000000000004}"
B2,f_gate_positioning_oi_change_pct|f_f_market_dispersion_15m|f_micro_price_flow_divergence|f_f_market_aligned_fraction_5m,4,3,0.7,20,7,3,10,3,0.21212121212121213,0.06521739130434782,0.7,2,0,1,1,4,2,5,True,"{""f_gate_positioning_oi_change_pct"": 0.21236756747563978, ""f_f_market_dispersion_15m"": 0.08730329330185219, ""f_micro_price_flow_divergence"": 0.013646104500558977, ""f_f_market_aligned_fraction_5m"": 1.0}"
B2,f_gate_positioning_oi_change_pct|f_f_market_dispersion_15m|f_micro_price_flow_divergence|f_f_market_aligned_fraction_5m,4,4,0.7,5,4,0,1,0,0.12121212121212122,0.0,1.0,1,0,1,0,2,0,4,True,"{""f_gate_positioning_oi_change_pct"": 0.21236756747563978, ""f_f_market_dispersion_15m"": 0.08730329330185219, ""f_micro_price_flow_divergence"": 0.013646104500558977, ""f_f_market_aligned_fraction_5m"": 1.0}"
B2,f_gate_positioning_oi_change_pct|f_f_market_dispersion_15m|f_micro_price_flow_divergence|f_f_market_aligned_fraction_5m,4,3,0.75,19,7,3,9,3,0.21212121212121213,0.06521739130434782,0.7,2,0,1,1,4,2,5,True,"{""f_gate_positioning_oi_change_pct"": 0.21859101741462106, ""f_f_market_dispersion_15m"": 0.08397532309904639, ""f_micro_price_flow_divergence"": 0.01488638213884484, ""f_f_market_aligned_fraction_5m"": 1.0}"
B2,f_gate_positioning_oi_change_pct|f_f_market_dispersion_15m|f_micro_price_flow_divergence|f_f_market_aligned_fraction_5m,4,4,0.75,4,3,0,1,0,0.09090909090909091,0.0,1.0,0,0,1,0,2,0,3,False,"{""f_gate_positioning_oi_change_pct"": 0.21859101741462106, ""f_f_market_dispersion_15m"": 0.08397532309904639, ""f_micro_price_flow_divergence"": 0.01488638213884484, ""f_f_market_aligned_fraction_5m"": 1.0}"
B2,f_gate_positioning_oi_change_pct|f_f_market_dispersion_15m|f_micro_price_flow_divergence|f_f_market_aligned_fraction_5m,4,3,0.8,15,6,3,6,3,0.18181818181818182,0.06521739130434782,0.6666666666666666,1,0,1,1,4,2,5,False,"{""f_gate_positioning_oi_change_pct"": 0.26494511524836734, ""f_f_market_dispersion_15m"": 0.081451648230247, ""f_micro_price_flow_divergence"": 0.019082996203197426, ""f_f_market_aligned_fraction_5m"": 1.0}"
B2,f_gate_positioning_oi_change_pct|f_f_market_dispersion_15m|f_micro_price_flow_divergence|f_f_market_aligned_fraction_5m,4,3,0.85,12,4,3,5,3,0.12121212121212122,0.06521739130434782,0.5714285714285714,0,0,1,1,3,2,3,False,"{""f_gate_positioning_oi_change_pct"": 0.3614625229505696, ""f_f_market_dispersion_15m"": 0.07993334252895565, ""f_micro_price_flow_divergence"": 0.026975030800133398, ""f_f_market_aligned_fraction_5m"": 1.0}"
B2,f_gate_positioning_oi_change_pct|f_f_market_dispersion_15m|f_micro_price_flow_divergence|f_new_family_balance,4,3,0.55,20,8,7,5,4,0.24242424242424243,0.15217391304347827,0.5333333333333333,1,4,2,0,5,3,4,False,"{""f_gate_positioning_oi_change_pct"": 0.12700735231065743, ""f_f_market_dispersion_15m"": 0.09289213148896941, ""f_micro_price_flow_divergence"": 0.0119500913633334, ""f_new_family_balance"": 2.95}"
B2,f_gate_positioning_oi_change_pct|f_f_market_dispersion_15m|f_micro_price_flow_divergence|f_new_family_balance,4,4,0.55,6,4,0,2,0,0.12121212121212122,0.0,1.0,1,0,1,0,2,0,4,True,"{""f_gate_positioning_oi_change_pct"": 0.12700735231065743, ""f_f_market_dispersion_15m"": 0.09289213148896941, ""f_micro_price_flow_divergence"": 0.0119500913633334, ""f_new_family_balance"": 2.95}"
B2,f_gate_positioning_oi_change_pct|f_f_market_dispersion_15m|f_micro_price_flow_divergence|f_new_family_balance,4,3,0.6,14,6,3,5,2,0.18181818181818182,0.06521739130434782,0.6666666666666666,1,1,1,0,4,2,4,False,"{""f_gate_positioning_oi_change_pct"": 0.1621629269770119, ""f_f_market_dispersion_15m"": 0.090819954887291, ""f_micro_price_flow_divergence"": 0.012675127220891261, ""f_new_family_balance"": 3.0}"
B2,f_gate_positioning_oi_change_pct|f_f_market_dispersion_15m|f_micro_price_flow_divergence|f_new_family_balance,4,4,0.6,4,3,0,1,0,0.09090909090909091,0.0,1.0,1,0,1,0,1,0,3,False,"{""f_gate_positioning_oi_change_pct"": 0.1621629269770119, ""f_f_market_dispersion_15m"": 0.090819954887291, ""f_micro_price_flow_divergence"": 0.012675127220891261, ""f_new_family_balance"": 3.0}"
B2,f_gate_positioning_oi_change_pct|f_f_market_dispersion_15m|f_micro_price_flow_divergence|f_new_family_balance,4,3,0.65,14,6,3,5,2,0.18181818181818182,0.06521739130434782,0.6666666666666666,1,1,1,0,4,2,4,False,"{""f_gate_positioning_oi_change_pct"": 0.19670468238149225, ""f_f_market_dispersion_15m"": 0.08984644379961478, ""f_micro_price_flow_divergence"": 0.012783221361499118, ""f_new_family_balance"": 3.0}"
B2,f_gate_positioning_oi_change_pct|f_f_market_dispersion_15m|f_micro_price_flow_divergence|f_new_family_balance,4,4,0.65,4,3,0,1,0,0.09090909090909091,0.0,1.0,1,0,1,0,1,0,3,False,"{""f_gate_positioning_oi_change_pct"": 0.19670468238149225, ""f_f_market_dispersion_15m"": 0.08984644379961478, ""f_micro_price_flow_divergence"": 0.012783221361499118, ""f_new_family_balance"": 3.0}"
B2,f_gate_positioning_oi_change_pct|f_f_market_dispersion_15m|f_micro_price_flow_divergence|f_new_family_balance,4,3,0.7,13,6,3,4,2,0.18181818181818182,0.06521739130434782,0.6666666666666666,1,1,1,0,4,2,4,False,"{""f_gate_positioning_oi_change_pct"": 0.21236756747563978, ""f_f_market_dispersion_15m"": 0.08730329330185219, ""f_micro_price_flow_divergence"": 0.013646104500558977, ""f_new_family_balance"": 3.0}"
B2,f_gate_positioning_oi_change_pct|f_f_market_dispersion_15m|f_micro_price_flow_divergence|f_new_family_balance,4,4,0.7,4,3,0,1,0,0.09090909090909091,0.0,1.0,1,0,1,0,1,0,3,False,"{""f_gate_positioning_oi_change_pct"": 0.21236756747563978, ""f_f_market_dispersion_15m"": 0.08730329330185219, ""f_micro_price_flow_divergence"": 0.013646104500558977, ""f_new_family_balance"": 3.0}"
B2,f_gate_positioning_oi_change_pct|f_f_market_dispersion_15m|f_micro_price_flow_divergence|f_new_family_balance,4,3,0.75,12,5,3,4,2,0.15151515151515152,0.06521739130434782,0.625,1,1,1,0,3,2,4,False,"{""f_gate_positioning_oi_change_pct"": 0.21859101741462106, ""f_f_market_dispersion_15m"": 0.08397532309904639, ""f_micro_price_flow_divergence"": 0.01488638213884484, ""f_new_family_balance"": 3.0}"
B2,f_gate_positioning_oi_change_pct|f_f_market_dispersion_15m|f_micro_price_flow_divergence|f_new_family_balance,4,3,0.8,3,3,0,0,0,0.09090909090909091,0.0,1.0,0,0,1,0,2,0,3,False,"{""f_gate_positioning_oi_change_pct"": 0.26494511524836734, ""f_f_market_dispersion_15m"": 0.081451648230247, ""f_micro_price_flow_divergence"": 0.019082996203197426, ""f_new_family_balance"": 3.2}"
B2,f_gate_positioning_oi_change_pct|f_f_market_dispersion_15m|f_f_market_aligned_fraction_5m|f_new_family_balance,4,3,0.55,45,13,14,18,10,0.3939393939393939,0.30434782608695654,0.48148148148148145,1,4,2,0,10,10,4,False,"{""f_gate_positioning_oi_change_pct"": 0.12700735231065743, ""f_f_market_dispersion_15m"": 0.09289213148896941, ""f_f_market_aligned_fraction_5m"": 0.25, ""f_new_family_balance"": 2.95}"
B2,f_gate_positioning_oi_change_pct|f_f_market_dispersion_15m|f_f_market_aligned_fraction_5m|f_new_family_balance,4,4,0.55,10,5,3,2,2,0.15151515151515152,0.06521739130434782,0.625,1,1,2,0,2,2,5,False,"{""f_gate_positioning_oi_change_pct"": 0.12700735231065743, ""f_f_market_dispersion_15m"": 0.09289213148896941, ""f_f_market_aligned_fraction_5m"": 0.25, ""f_new_family_balance"": 2.95}"
B2,f_gate_positioning_oi_change_pct|f_f_market_dispersion_15m|f_f_market_aligned_fraction_5m|f_new_family_balance,4,3,0.6,34,8,10,16,7,0.24242424242424243,0.21739130434782608,0.4444444444444444,1,3,1,0,6,7,3,False,"{""f_gate_positioning_oi_change_pct"": 0.1621629269770119, ""f_f_market_dispersion_15m"": 0.090819954887291, ""f_f_market_aligned_fraction_5m"": 0.5499999999999996, ""f_new_family_balance"": 3.0}"
B2,f_gate_positioning_oi_change_pct|f_f_market_dispersion_15m|f_f_market_aligned_fraction_5m|f_new_family_balance,4,4,0.6,4,3,0,1,0,0.09090909090909091,0.0,1.0,1,0,1,0,1,0,3,False,"{""f_gate_positioning_oi_change_pct"": 0.1621629269770119, ""f_f_market_dispersion_15m"": 0.090819954887291, ""f_f_market_aligned_fraction_5m"": 0.5499999999999996, ""f_new_family_balance"": 3.0}"
B2,f_gate_positioning_oi_change_pct|f_f_market_dispersion_15m|f_f_market_aligned_fraction_5m|f_new_family_balance,4,3,0.65,26,8,6,12,5,0.24242424242424243,0.13043478260869565,0.5714285714285714,1,3,1,0,6,3,3,False,"{""f_gate_positioning_oi_change_pct"": 0.19670468238149225, ""f_f_market_dispersion_15m"": 0.08984644379961478, ""f_f_market_aligned_fraction_5m"": 0.8875000000000004, ""f_new_family_balance"": 3.0}"
B2,f_gate_positioning_oi_change_pct|f_f_market_dispersion_15m|f_f_market_aligned_fraction_5m|f_new_family_balance,4,4,0.65,4,3,0,1,0,0.09090909090909091,0.0,1.0,1,0,1,0,1,0,3,False,"{""f_gate_positioning_oi_change_pct"": 0.19670468238149225, ""f_f_market_dispersion_15m"": 0.08984644379961478, ""f_f_market_aligned_fraction_5m"": 0.8875000000000004, ""f_new_family_balance"": 3.0}"
B2,f_gate_positioning_oi_change_pct|f_f_market_dispersion_15m|f_f_market_aligned_fraction_5m|f_new_family_balance,4,3,0.7,22,7,5,10,4,0.21212121212121213,0.10869565217391304,0.5833333333333334,1,2,1,0,5,3,4,False,"{""f_gate_positioning_oi_change_pct"": 0.21236756747563978, ""f_f_market_dispersion_15m"": 0.08730329330185219, ""f_f_market_aligned_fraction_5m"": 1.0, ""f_new_family_balance"": 3.0}"
B2,f_gate_positioning_oi_change_pct|f_f_market_dispersion_15m|f_f_market_aligned_fraction_5m|f_new_family_balance,4,4,0.7,4,3,0,1,0,0.09090909090909091,0.0,1.0,1,0,1,0,1,0,3,False,"{""f_gate_positioning_oi_change_pct"": 0.21236756747563978, ""f_f_market_dispersion_15m"": 0.08730329330185219, ""f_f_market_aligned_fraction_5m"": 1.0, ""f_new_family_balance"": 3.0}"
B2,f_gate_positioning_oi_change_pct|f_f_market_dispersion_15m|f_f_market_aligned_fraction_5m|f_new_family_balance,4,3,0.75,22,7,5,10,4,0.21212121212121213,0.10869565217391304,0.5833333333333334,1,2,1,0,5,3,4,False,"{""f_gate_positioning_oi_change_pct"": 0.21859101741462106, ""f_f_market_dispersion_15m"": 0.08397532309904639, ""f_f_market_aligned_fraction_5m"": 1.0, ""f_new_family_balance"": 3.0}"
B2,f_gate_positioning_oi_change_pct|f_f_market_dispersion_15m|f_f_market_aligned_fraction_5m|f_new_family_balance,4,3,0.8,6,3,0,3,0,0.09090909090909091,0.0,1.0,0,0,1,0,2,0,3,False,"{""f_gate_positioning_oi_change_pct"": 0.26494511524836734, ""f_f_market_dispersion_15m"": 0.081451648230247, ""f_f_market_aligned_fraction_5m"": 1.0, ""f_new_family_balance"": 3.2}"
B2,f_gate_positioning_oi_change_pct|f_context_breakdown_down_pct|f_f_market_selected_ret_30m|f_micro_price_flow_divergence,4,3,0.55,26,9,6,11,5,0.2727272727272727,0.13043478260869565,0.6,2,3,1,0,6,3,4,False,"{""f_gate_positioning_oi_change_pct"": 0.12700735231065743, ""f_context_breakdown_down_pct"": 0.14433969999999996, ""f_f_market_selected_ret_30m"": 0.3157608147100679, ""f_micro_price_flow_divergence"": 0.0119500913633334}"
B2,f_gate_positioning_oi_change_pct|f_context_breakdown_down_pct|f_f_market_selected_ret_30m|f_micro_price_flow_divergence,4,4,0.55,7,4,0,3,0,0.12121212121212122,0.0,1.0,1,0,0,0,3,0,3,False,"{""f_gate_positioning_oi_change_pct"": 0.12700735231065743, ""f_context_breakdown_down_pct"": 0.14433969999999996, ""f_f_market_selected_ret_30m"": 0.3157608147100679, ""f_micro_price_flow_divergence"": 0.0119500913633334}"
B2,f_gate_positioning_oi_change_pct|f_context_breakdown_down_pct|f_f_market_selected_ret_30m|f_micro_price_flow_divergence,4,3,0.6,21,9,2,10,2,0.2727272727272727,0.043478260869565216,0.8181818181818182,2,1,1,0,6,1,5,True,"{""f_gate_positioning_oi_change_pct"": 0.1621629269770119, ""f_context_breakdown_down_pct"": 0.10880200000000001, ""f_f_market_selected_ret_30m"": 0.27953051404961293, ""f_micro_price_flow_divergence"": 0.012675127220891261}"
B2,f_gate_positioning_oi_change_pct|f_context_breakdown_down_pct|f_f_market_selected_ret_30m|f_micro_price_flow_divergence,4,4,0.6,3,3,0,0,0,0.09090909090909091,0.0,1.0,1,0,0,0,2,0,3,False,"{""f_gate_positioning_oi_change_pct"": 0.1621629269770119, ""f_context_breakdown_down_pct"": 0.10880200000000001, ""f_f_market_selected_ret_30m"": 0.27953051404961293, ""f_micro_price_flow_divergence"": 0.012675127220891261}"
B2,f_gate_positioning_oi_change_pct|f_context_breakdown_down_pct|f_f_market_selected_ret_30m|f_micro_price_flow_divergence,4,3,0.65,21,9,2,10,2,0.2727272727272727,0.043478260869565216,0.8181818181818182,2,1,1,0,6,1,5,True,"{""f_gate_positioning_oi_change_pct"": 0.19670468238149225, ""f_context_breakdown_down_pct"": 0.07557175, ""f_f_market_selected_ret_30m"": 0.24800416168246048, ""f_micro_price_flow_divergence"": 0.012783221361499118}"
B2,f_gate_positioning_oi_change_pct|f_context_breakdown_down_pct|f_f_market_selected_ret_30m|f_micro_price_flow_divergence,4,4,0.65,3,3,0,0,0,0.09090909090909091,0.0,1.0,1,0,0,0,2,0,3,False,"{""f_gate_positioning_oi_change_pct"": 0.19670468238149225, ""f_context_breakdown_down_pct"": 0.07557175, ""f_f_market_selected_ret_30m"": 0.24800416168246048, ""f_micro_price_flow_divergence"": 0.012783221361499118}"
B2,f_gate_positioning_oi_change_pct|f_context_breakdown_down_pct|f_f_market_selected_ret_30m|f_micro_price_flow_divergence,4,3,0.7,18,8,2,8,2,0.24242424242424243,0.043478260869565216,0.8,2,1,1,0,5,1,5,True,"{""f_gate_positioning_oi_change_pct"": 0.21236756747563978, ""f_context_breakdown_down_pct"": 0.045146500000000006, ""f_f_market_selected_ret_30m"": 0.20612865023261098, ""f_micro_price_flow_divergence"": 0.013646104500558977}"
B2,f_gate_positioning_oi_change_pct|f_context_breakdown_down_pct|f_f_market_selected_ret_30m|f_micro_price_flow_divergence,4,4,0.7,3,3,0,0,0,0.09090909090909091,0.0,1.0,1,0,0,0,2,0,3,False,"{""f_gate_positioning_oi_change_pct"": 0.21236756747563978, ""f_context_breakdown_down_pct"": 0.045146500000000006, ""f_f_market_selected_ret_30m"": 0.20612865023261098, ""f_micro_price_flow_divergence"": 0.013646104500558977}"
B2,f_gate_positioning_oi_change_pct|f_context_breakdown_down_pct|f_f_market_selected_ret_30m|f_micro_price_flow_divergence,4,3,0.75,15,6,2,7,2,0.18181818181818182,0.043478260869565216,0.75,1,1,1,0,4,1,5,True,"{""f_gate_positioning_oi_change_pct"": 0.21859101741462106, ""f_context_breakdown_down_pct"": 0.01612375, ""f_f_market_selected_ret_30m"": 0.1590785592414129, ""f_micro_price_flow_divergence"": 0.01488638213884484}"
B2,f_gate_positioning_oi_change_pct|f_context_breakdown_down_pct|f_f_market_selected_ret_30m|f_micro_price_flow_divergence,4,3,0.8,10,5,1,4,1,0.15151515151515152,0.021739130434782608,0.8333333333333334,1,0,0,0,4,1,4,True,"{""f_gate_positioning_oi_change_pct"": 0.26494511524836734, ""f_context_breakdown_down_pct"": 0.0, ""f_f_market_selected_ret_30m"": 0.13117480044327, ""f_micro_price_flow_divergence"": 0.019082996203197426}"
B2,f_gate_positioning_oi_change_pct|f_context_breakdown_down_pct|f_f_market_selected_ret_30m|f_micro_price_flow_divergence,4,3,0.85,8,3,1,4,1,0.09090909090909091,0.021739130434782608,0.75,0,0,0,0,3,1,2,False,"{""f_gate_positioning_oi_change_pct"": 0.3614625229505696, ""f_context_breakdown_down_pct"": 0.0, ""f_f_market_selected_ret_30m"": 0.1272039568864461, ""f_micro_price_flow_divergence"": 0.026975030800133398}"
B2,f_gate_positioning_oi_change_pct|f_context_breakdown_down_pct|f_f_market_selected_ret_30m|f_f_market_aligned_fraction_5m,4,3,0.55,45,12,9,24,5,0.36363636363636365,0.1956521739130435,0.5714285714285714,2,1,2,0,8,8,4,False,"{""f_gate_positioning_oi_change_pct"": 0.12700735231065743, ""f_context_breakdown_down_pct"": 0.14433969999999996, ""f_f_market_selected_ret_30m"": 0.3157608147100679, ""f_f_market_aligned_fraction_5m"": 0.25}"
B2,f_gate_positioning_oi_change_pct|f_context_breakdown_down_pct|f_f_market_selected_ret_30m|f_f_market_aligned_fraction_5m,4,4,0.55,12,5,2,5,2,0.15151515151515152,0.043478260869565216,0.7142857142857143,1,1,0,0,4,1,3,False,"{""f_gate_positioning_oi_change_pct"": 0.12700735231065743, ""f_context_breakdown_down_pct"": 0.14433969999999996, ""f_f_market_selected_ret_30m"": 0.3157608147100679, ""f_f_market_aligned_fraction_5m"": 0.25}"
B2,f_gate_positioning_oi_change_pct|f_context_breakdown_down_pct|f_f_market_selected_ret_30m|f_f_market_aligned_fraction_5m,4,3,0.6,32,9,5,18,3,0.2727272727272727,0.10869565217391304,0.6428571428571429,2,1,1,0,6,4,4,False,"{""f_gate_positioning_oi_change_pct"": 0.1621629269770119, ""f_context_breakdown_down_pct"": 0.10880200000000001, ""f_f_market_selected_ret_30m"": 0.27953051404961293, ""f_f_market_aligned_fraction_5m"": 0.5499999999999996}"
B2,f_gate_positioning_oi_change_pct|f_context_breakdown_down_pct|f_f_market_selected_ret_30m|f_f_market_aligned_fraction_5m,4,4,0.6,6,5,0,1,0,0.15151515151515152,0.0,1.0,1,0,0,0,4,0,3,False,"{""f_gate_positioning_oi_change_pct"": 0.1621629269770119, ""f_context_breakdown_down_pct"": 0.10880200000000001, ""f_f_market_selected_ret_30m"": 0.27953051404961293, ""f_f_market_aligned_fraction_5m"": 0.5499999999999996}"
B2,f_gate_positioning_oi_change_pct|f_context_breakdown_down_pct|f_f_market_selected_ret_30m|f_f_market_aligned_fraction_5m,4,3,0.65,23,8,3,12,2,0.24242424242424243,0.06521739130434782,0.7272727272727273,2,1,1,0,5,2,4,True,"{""f_gate_positioning_oi_change_pct"": 0.19670468238149225, ""f_context_breakdown_down_pct"": 0.07557175, ""f_f_market_selected_ret_30m"": 0.24800416168246048, ""f_f_market_aligned_fraction_5m"": 0.8875000000000004}"
B2,f_gate_positioning_oi_change_pct|f_context_breakdown_down_pct|f_f_market_selected_ret_30m|f_f_market_aligned_fraction_5m,4,4,0.65,6,5,0,1,0,0.15151515151515152,0.0,1.0,1,0,0,0,4,0,3,False,"{""f_gate_positioning_oi_change_pct"": 0.19670468238149225, ""f_context_breakdown_down_pct"": 0.07557175, ""f_f_market_selected_ret_30m"": 0.24800416168246048, ""f_f_market_aligned_fraction_5m"": 0.8875000000000004}"
B2,f_gate_positioning_oi_change_pct|f_context_breakdown_down_pct|f_f_market_selected_ret_30m|f_f_market_aligned_fraction_5m,4,3,0.7,17,8,2,7,1,0.24242424242424243,0.043478260869565216,0.8,2,1,1,0,5,1,4,True,"{""f_gate_positioning_oi_change_pct"": 0.21236756747563978, ""f_context_breakdown_down_pct"": 0.045146500000000006, ""f_f_market_selected_ret_30m"": 0.20612865023261098, ""f_f_market_aligned_fraction_5m"": 1.0}"
B2,f_gate_positioning_oi_change_pct|f_context_breakdown_down_pct|f_f_market_selected_ret_30m|f_f_market_aligned_fraction_5m,4,4,0.7,5,4,0,1,0,0.12121212121212122,0.0,1.0,1,0,0,0,3,0,3,False,"{""f_gate_positioning_oi_change_pct"": 0.21236756747563978, ""f_context_breakdown_down_pct"": 0.045146500000000006, ""f_f_market_selected_ret_30m"": 0.20612865023261098, ""f_f_market_aligned_fraction_5m"": 1.0}"
B2,f_gate_positioning_oi_change_pct|f_context_breakdown_down_pct|f_f_market_selected_ret_30m|f_f_market_aligned_fraction_5m,4,3,0.75,15,7,2,6,1,0.21212121212121213,0.043478260869565216,0.7777777777777778,1,1,1,0,5,1,4,True,"{""f_gate_positioning_oi_change_pct"": 0.21859101741462106, ""f_context_breakdown_down_pct"": 0.01612375, ""f_f_market_selected_ret_30m"": 0.1590785592414129, ""f_f_market_aligned_fraction_5m"": 1.0}"
B2,f_gate_positioning_oi_change_pct|f_context_breakdown_down_pct|f_f_market_selected_ret_30m|f_f_market_aligned_fraction_5m,4,3,0.8,11,6,1,4,0,0.18181818181818182,0.021739130434782608,0.8571428571428571,1,0,0,0,5,1,3,False,"{""f_gate_positioning_oi_change_pct"": 0.26494511524836734, ""f_context_breakdown_down_pct"": 0.0, ""f_f_market_selected_ret_30m"": 0.13117480044327, ""f_f_market_aligned_fraction_5m"": 1.0}"
B2,f_gate_positioning_oi_change_pct|f_context_breakdown_down_pct|f_f_market_selected_ret_30m|f_f_market_aligned_fraction_5m,4,3,0.85,10,6,1,3,0,0.18181818181818182,0.021739130434782608,0.8571428571428571,1,0,0,0,5,1,3,False,"{""f_gate_positioning_oi_change_pct"": 0.3614625229505696, ""f_context_breakdown_down_pct"": 0.0, ""f_f_market_selected_ret_30m"": 0.1272039568864461, ""f_f_market_aligned_fraction_5m"": 1.0}"
B2,f_gate_positioning_oi_change_pct|f_context_breakdown_down_pct|f_f_market_selected_ret_30m|f_f_market_aligned_fraction_5m,4,3,0.9,10,6,1,3,0,0.18181818181818182,0.021739130434782608,0.8571428571428571,1,0,0,0,5,1,3,False,"{""f_gate_positioning_oi_change_pct"": 0.5043494634907606, ""f_context_breakdown_down_pct"": 0.0, ""f_f_market_selected_ret_30m"": 0.11864422057320188, ""f_f_market_aligned_fraction_5m"": 1.0}"
B2,f_gate_positioning_oi_change_pct|f_context_breakdown_down_pct|f_f_market_selected_ret_30m|f_new_family_balance,4,3,0.55,32,11,5,16,3,0.3333333333333333,0.10869565217391304,0.6875,2,2,2,0,7,3,5,False,"{""f_gate_positioning_oi_change_pct"": 0.12700735231065743, ""f_context_breakdown_down_pct"": 0.14433969999999996, ""f_f_market_selected_ret_30m"": 0.3157608147100679, ""f_new_family_balance"": 2.95}"
B2,f_gate_positioning_oi_change_pct|f_context_breakdown_down_pct|f_f_market_selected_ret_30m|f_new_family_balance,4,4,0.55,9,4,2,3,2,0.12121212121212122,0.043478260869565216,0.6666666666666666,1,1,0,0,3,1,3,False,"{""f_gate_positioning_oi_change_pct"": 0.12700735231065743, ""f_context_breakdown_down_pct"": 0.14433969999999996, ""f_f_market_selected_ret_30m"": 0.3157608147100679, ""f_new_family_balance"": 2.95}"
B2,f_gate_positioning_oi_change_pct|f_context_breakdown_down_pct|f_f_market_selected_ret_30m|f_new_family_balance,4,3,0.6,29,10,4,15,2,0.30303030303030304,0.08695652173913043,0.7142857142857143,2,1,1,0,7,3,4,True,"{""f_gate_positioning_oi_change_pct"": 0.1621629269770119, ""f_context_breakdown_down_pct"": 0.10880200000000001, ""f_f_market_selected_ret_30m"": 0.27953051404961293, ""f_new_family_balance"": 3.0}"
B2,f_gate_positioning_oi_change_pct|f_context_breakdown_down_pct|f_f_market_selected_ret_30m|f_new_family_balance,4,4,0.6,4,3,1,0,1,0.09090909090909091,0.021739130434782608,0.75,1,1,0,0,2,0,3,False,"{""f_gate_positioning_oi_change_pct"": 0.1621629269770119, ""f_context_breakdown_down_pct"": 0.10880200000000001, ""f_f_market_selected_ret_30m"": 0.27953051404961293, ""f_new_family_balance"": 3.0}"
B2,f_gate_positioning_oi_change_pct|f_context_breakdown_down_pct|f_f_market_selected_ret_30m|f_new_family_balance,4,3,0.65,26,10,3,13,2,0.30303030303030304,0.06521739130434782,0.7692307692307693,2,1,1,0,7,2,4,True,"{""f_gate_positioning_oi_change_pct"": 0.19670468238149225, ""f_context_breakdown_down_pct"": 0.07557175, ""f_f_market_selected_ret_30m"": 0.24800416168246048, ""f_new_family_balance"": 3.0}"
B2,f_gate_positioning_oi_change_pct|f_context_breakdown_down_pct|f_f_market_selected_ret_30m|f_new_family_balance,4,4,0.65,4,3,1,0,1,0.09090909090909091,0.021739130434782608,0.75,1,1,0,0,2,0,3,False,"{""f_gate_positioning_oi_change_pct"": 0.19670468238149225, ""f_context_breakdown_down_pct"": 0.07557175, ""f_f_market_selected_ret_30m"": 0.24800416168246048, ""f_new_family_balance"": 3.0}"
B2,f_gate_positioning_oi_change_pct|f_context_breakdown_down_pct|f_f_market_selected_ret_30m|f_new_family_balance,4,3,0.7,21,9,3,9,2,0.2727272727272727,0.06521739130434782,0.75,2,1,1,0,6,2,4,True,"{""f_gate_positioning_oi_change_pct"": 0.21236756747563978, ""f_context_breakdown_down_pct"": 0.045146500000000006, ""f_f_market_selected_ret_30m"": 0.20612865023261098, ""f_new_family_balance"": 3.0}"
B2,f_gate_positioning_oi_change_pct|f_context_breakdown_down_pct|f_f_market_selected_ret_30m|f_new_family_balance,4,4,0.7,4,3,1,0,1,0.09090909090909091,0.021739130434782608,0.75,1,1,0,0,2,0,3,False,"{""f_gate_positioning_oi_change_pct"": 0.21236756747563978, ""f_context_breakdown_down_pct"": 0.045146500000000006, ""f_f_market_selected_ret_30m"": 0.20612865023261098, ""f_new_family_balance"": 3.0}"
B2,f_gate_positioning_oi_change_pct|f_context_breakdown_down_pct|f_f_market_selected_ret_30m|f_new_family_balance,4,3,0.75,18,8,3,7,2,0.24242424242424243,0.06521739130434782,0.7272727272727273,1,1,1,0,6,2,4,True,"{""f_gate_positioning_oi_change_pct"": 0.21859101741462106, ""f_context_breakdown_down_pct"": 0.01612375, ""f_f_market_selected_ret_30m"": 0.1590785592414129, ""f_new_family_balance"": 3.0}"
B2,f_gate_positioning_oi_change_pct|f_context_breakdown_down_pct|f_f_market_selected_ret_30m|f_new_family_balance,4,3,0.8,5,3,1,1,1,0.09090909090909091,0.021739130434782608,0.75,0,1,0,0,3,0,2,False,"{""f_gate_positioning_oi_change_pct"": 0.26494511524836734, ""f_context_breakdown_down_pct"": 0.0, ""f_f_market_selected_ret_30m"": 0.13117480044327, ""f_new_family_balance"": 3.2}"
B2,f_gate_positioning_oi_change_pct|f_context_breakdown_down_pct|f_f_market_selected_ret_30m|f_new_family_balance,4,3,0.85,4,3,1,0,1,0.09090909090909091,0.021739130434782608,0.75,0,1,0,0,3,0,2,False,"{""f_gate_positioning_oi_change_pct"": 0.3614625229505696, ""f_context_breakdown_down_pct"": 0.0, ""f_f_market_selected_ret_30m"": 0.1272039568864461, ""f_new_family_balance"": 3.6499999999999995}"
B2,f_gate_positioning_oi_change_pct|f_context_breakdown_down_pct|f_f_market_selected_ret_30m|f_new_family_balance,4,3,0.9,3,3,0,0,0,0.09090909090909091,0.0,1.0,0,0,0,0,3,0,2,False,"{""f_gate_positioning_oi_change_pct"": 0.5043494634907606, ""f_context_breakdown_down_pct"": 0.0, ""f_f_market_selected_ret_30m"": 0.11864422057320188, ""f_new_family_balance"": 4.0}"
B2,f_gate_positioning_oi_change_pct|f_context_breakdown_down_pct|f_micro_price_flow_divergence|f_f_market_aligned_fraction_5m,4,3,0.55,27,10,5,12,5,0.30303030303030304,0.10869565217391304,0.6666666666666666,2,2,1,0,7,3,4,False,"{""f_gate_positioning_oi_change_pct"": 0.12700735231065743, ""f_context_breakdown_down_pct"": 0.14433969999999996, ""f_micro_price_flow_divergence"": 0.0119500913633334, ""f_f_market_aligned_fraction_5m"": 0.25}"
B2,f_gate_positioning_oi_change_pct|f_context_breakdown_down_pct|f_micro_price_flow_divergence|f_f_market_aligned_fraction_5m,4,4,0.55,6,3,0,3,0,0.09090909090909091,0.0,1.0,1,0,0,0,2,0,3,False,"{""f_gate_positioning_oi_change_pct"": 0.12700735231065743, ""f_context_breakdown_down_pct"": 0.14433969999999996, ""f_micro_price_flow_divergence"": 0.0119500913633334, ""f_f_market_aligned_fraction_5m"": 0.25}"
B2,f_gate_positioning_oi_change_pct|f_context_breakdown_down_pct|f_micro_price_flow_divergence|f_f_market_aligned_fraction_5m,4,3,0.6,19,9,1,9,1,0.2727272727272727,0.021739130434782608,0.9,2,1,1,0,6,0,5,True,"{""f_gate_positioning_oi_change_pct"": 0.1621629269770119, ""f_context_breakdown_down_pct"": 0.10880200000000001, ""f_micro_price_flow_divergence"": 0.012675127220891261, ""f_f_market_aligned_fraction_5m"": 0.5499999999999996}"
B2,f_gate_positioning_oi_change_pct|f_context_breakdown_down_pct|f_micro_price_flow_divergence|f_f_market_aligned_fraction_5m,4,4,0.6,4,3,0,1,0,0.09090909090909091,0.0,1.0,1,0,0,0,2,0,3,False,"{""f_gate_positioning_oi_change_pct"": 0.1621629269770119, ""f_context_breakdown_down_pct"": 0.10880200000000001, ""f_micro_price_flow_divergence"": 0.012675127220891261, ""f_f_market_aligned_fraction_5m"": 0.5499999999999996}"
B2,f_gate_positioning_oi_change_pct|f_context_breakdown_down_pct|f_micro_price_flow_divergence|f_f_market_aligned_fraction_5m,4,3,0.65,17,9,1,7,1,0.2727272727272727,0.021739130434782608,0.9,2,1,1,0,6,0,5,True,"{""f_gate_positioning_oi_change_pct"": 0.19670468238149225, ""f_context_breakdown_down_pct"": 0.07557175, ""f_micro_price_flow_divergence"": 0.012783221361499118, ""f_f_market_aligned_fraction_5m"": 0.8875000000000004}"
B2,f_gate_positioning_oi_change_pct|f_context_breakdown_down_pct|f_micro_price_flow_divergence|f_f_market_aligned_fraction_5m,4,4,0.65,4,3,0,1,0,0.09090909090909091,0.0,1.0,1,0,0,0,2,0,3,False,"{""f_gate_positioning_oi_change_pct"": 0.19670468238149225, ""f_context_breakdown_down_pct"": 0.07557175, ""f_micro_price_flow_divergence"": 0.012783221361499118, ""f_f_market_aligned_fraction_5m"": 0.8875000000000004}"
B2,f_gate_positioning_oi_change_pct|f_context_breakdown_down_pct|f_micro_price_flow_divergence|f_f_market_aligned_fraction_5m,4,3,0.7,15,8,1,6,1,0.24242424242424243,0.021739130434782608,0.8888888888888888,2,1,1,0,5,0,5,True,"{""f_gate_positioning_oi_change_pct"": 0.21236756747563978, ""f_context_breakdown_down_pct"": 0.045146500000000006, ""f_micro_price_flow_divergence"": 0.013646104500558977, ""f_f_market_aligned_fraction_5m"": 1.0}"
B2,f_gate_positioning_oi_change_pct|f_context_breakdown_down_pct|f_micro_price_flow_divergence|f_f_market_aligned_fraction_5m,4,4,0.7,4,3,0,1,0,0.09090909090909091,0.0,1.0,1,0,0,0,2,0,3,False,"{""f_gate_positioning_oi_change_pct"": 0.21236756747563978, ""f_context_breakdown_down_pct"": 0.045146500000000006, ""f_micro_price_flow_divergence"": 0.013646104500558977, ""f_f_market_aligned_fraction_5m"": 1.0}"
B2,f_gate_positioning_oi_change_pct|f_context_breakdown_down_pct|f_micro_price_flow_divergence|f_f_market_aligned_fraction_5m,4,3,0.75,14,8,1,5,1,0.24242424242424243,0.021739130434782608,0.8888888888888888,2,1,1,0,5,0,5,True,"{""f_gate_positioning_oi_change_pct"": 0.21859101741462106, ""f_context_breakdown_down_pct"": 0.01612375, ""f_micro_price_flow_divergence"": 0.01488638213884484, ""f_f_market_aligned_fraction_5m"": 1.0}"
B2,f_gate_positioning_oi_change_pct|f_context_breakdown_down_pct|f_micro_price_flow_divergence|f_f_market_aligned_fraction_5m,4,3,0.8,10,8,0,2,0,0.24242424242424243,0.0,1.0,2,0,1,0,5,0,5,True,"{""f_gate_positioning_oi_change_pct"": 0.26494511524836734, ""f_context_breakdown_down_pct"": 0.0, ""f_micro_price_flow_divergence"": 0.019082996203197426, ""f_f_market_aligned_fraction_5m"": 1.0}"
B2,f_gate_positioning_oi_change_pct|f_context_breakdown_down_pct|f_micro_price_flow_divergence|f_f_market_aligned_fraction_5m,4,3,0.85,6,5,0,1,0,0.15151515151515152,0.0,1.0,1,0,0,0,4,0,3,False,"{""f_gate_positioning_oi_change_pct"": 0.3614625229505696, ""f_context_breakdown_down_pct"": 0.0, ""f_micro_price_flow_divergence"": 0.026975030800133398, ""f_f_market_aligned_fraction_5m"": 1.0}"
B2,f_gate_positioning_oi_change_pct|f_context_breakdown_down_pct|f_micro_price_flow_divergence|f_new_family_balance,4,3,0.55,16,7,3,6,3,0.21212121212121213,0.06521739130434782,0.7,2,2,1,0,4,1,4,True,"{""f_gate_positioning_oi_change_pct"": 0.12700735231065743, ""f_context_breakdown_down_pct"": 0.14433969999999996, ""f_micro_price_flow_divergence"": 0.0119500913633334, ""f_new_family_balance"": 2.95}"
B2,f_gate_positioning_oi_change_pct|f_context_breakdown_down_pct|f_micro_price_flow_divergence|f_new_family_balance,4,4,0.55,6,3,0,3,0,0.09090909090909091,0.0,1.0,1,0,0,0,2,0,3,False,"{""f_gate_positioning_oi_change_pct"": 0.12700735231065743, ""f_context_breakdown_down_pct"": 0.14433969999999996, ""f_micro_price_flow_divergence"": 0.0119500913633334, ""f_new_family_balance"": 2.95}"
B2,f_gate_positioning_oi_change_pct|f_context_breakdown_down_pct|f_micro_price_flow_divergence|f_new_family_balance,4,3,0.6,14,7,1,6,1,0.21212121212121213,0.021739130434782608,0.875,2,1,1,0,4,0,4,True,"{""f_gate_positioning_oi_change_pct"": 0.1621629269770119, ""f_context_breakdown_down_pct"": 0.10880200000000001, ""f_micro_price_flow_divergence"": 0.012675127220891261, ""f_new_family_balance"": 3.0}"
B2,f_gate_positioning_oi_change_pct|f_context_breakdown_down_pct|f_micro_price_flow_divergence|f_new_family_balance,4,3,0.65,14,7,1,6,1,0.21212121212121213,0.021739130434782608,0.875,2,1,1,0,4,0,4,True,"{""f_gate_positioning_oi_change_pct"": 0.19670468238149225, ""f_context_breakdown_down_pct"": 0.07557175, ""f_micro_price_flow_divergence"": 0.012783221361499118, ""f_new_family_balance"": 3.0}"
B2,f_gate_positioning_oi_change_pct|f_context_breakdown_down_pct|f_micro_price_flow_divergence|f_new_family_balance,4,3,0.7,13,7,1,5,1,0.21212121212121213,0.021739130434782608,0.875,2,1,1,0,4,0,4,True,"{""f_gate_positioning_oi_change_pct"": 0.21236756747563978, ""f_context_breakdown_down_pct"": 0.045146500000000006, ""f_micro_price_flow_divergence"": 0.013646104500558977, ""f_new_family_balance"": 3.0}"
B2,f_gate_positioning_oi_change_pct|f_context_breakdown_down_pct|f_micro_price_flow_divergence|f_new_family_balance,4,3,0.75,13,7,1,5,1,0.21212121212121213,0.021739130434782608,0.875,2,1,1,0,4,0,4,True,"{""f_gate_positioning_oi_change_pct"": 0.21859101741462106, ""f_context_breakdown_down_pct"": 0.01612375, ""f_micro_price_flow_divergence"": 0.01488638213884484, ""f_new_family_balance"": 3.0}"
B2,f_gate_positioning_oi_change_pct|f_context_breakdown_down_pct|f_micro_price_flow_divergence|f_new_family_balance,4,3,0.8,5,3,1,1,1,0.09090909090909091,0.021739130434782608,0.75,0,1,0,0,3,0,2,False,"{""f_gate_positioning_oi_change_pct"": 0.26494511524836734, ""f_context_breakdown_down_pct"": 0.0, ""f_micro_price_flow_divergence"": 0.019082996203197426, ""f_new_family_balance"": 3.2}"
B2,f_gate_positioning_oi_change_pct|f_context_breakdown_down_pct|f_micro_price_flow_divergence|f_new_family_balance,4,3,0.85,4,3,1,0,1,0.09090909090909091,0.021739130434782608,0.75,0,1,0,0,3,0,2,False,"{""f_gate_positioning_oi_change_pct"": 0.3614625229505696, ""f_context_breakdown_down_pct"": 0.0, ""f_micro_price_flow_divergence"": 0.026975030800133398, ""f_new_family_balance"": 3.6499999999999995}"
B2,f_gate_positioning_oi_change_pct|f_context_breakdown_down_pct|f_f_market_aligned_fraction_5m|f_new_family_balance,4,3,0.55,36,11,7,18,5,0.3333333333333333,0.15217391304347827,0.6111111111111112,2,4,2,0,7,3,5,False,"{""f_gate_positioning_oi_change_pct"": 0.12700735231065743, ""f_context_breakdown_down_pct"": 0.14433969999999996, ""f_f_market_aligned_fraction_5m"": 0.25, ""f_new_family_balance"": 2.95}"
B2,f_gate_positioning_oi_change_pct|f_context_breakdown_down_pct|f_f_market_aligned_fraction_5m|f_new_family_balance,4,4,0.55,9,3,2,4,2,0.09090909090909091,0.043478260869565216,0.6,1,1,0,0,2,1,3,False,"{""f_gate_positioning_oi_change_pct"": 0.12700735231065743, ""f_context_breakdown_down_pct"": 0.14433969999999996, ""f_f_market_aligned_fraction_5m"": 0.25, ""f_new_family_balance"": 2.95}"
B2,f_gate_positioning_oi_change_pct|f_context_breakdown_down_pct|f_f_market_aligned_fraction_5m|f_new_family_balance,4,3,0.6,28,8,5,15,4,0.24242424242424243,0.10869565217391304,0.6153846153846154,2,3,1,0,5,2,4,False,"{""f_gate_positioning_oi_change_pct"": 0.1621629269770119, ""f_context_breakdown_down_pct"": 0.10880200000000001, ""f_f_market_aligned_fraction_5m"": 0.5499999999999996, ""f_new_family_balance"": 3.0}"
B2,f_gate_positioning_oi_change_pct|f_context_breakdown_down_pct|f_f_market_aligned_fraction_5m|f_new_family_balance,4,4,0.6,5,3,0,2,0,0.09090909090909091,0.0,1.0,1,0,0,0,2,0,3,False,"{""f_gate_positioning_oi_change_pct"": 0.1621629269770119, ""f_context_breakdown_down_pct"": 0.10880200000000001, ""f_f_market_aligned_fraction_5m"": 0.5499999999999996, ""f_new_family_balance"": 3.0}"
B2,f_gate_positioning_oi_change_pct|f_context_breakdown_down_pct|f_f_market_aligned_fraction_5m|f_new_family_balance,4,3,0.65,21,8,3,10,3,0.24242424242424243,0.06521739130434782,0.7272727272727273,2,3,1,0,5,0,4,True,"{""f_gate_positioning_oi_change_pct"": 0.19670468238149225, ""f_context_breakdown_down_pct"": 0.07557175, ""f_f_market_aligned_fraction_5m"": 0.8875000000000004, ""f_new_family_balance"": 3.0}"
B2,f_gate_positioning_oi_change_pct|f_context_breakdown_down_pct|f_f_market_aligned_fraction_5m|f_new_family_balance,4,4,0.65,5,3,0,2,0,0.09090909090909091,0.0,1.0,1,0,0,0,2,0,3,False,"{""f_gate_positioning_oi_change_pct"": 0.19670468238149225, ""f_context_breakdown_down_pct"": 0.07557175, ""f_f_market_aligned_fraction_5m"": 0.8875000000000004, ""f_new_family_balance"": 3.0}"
B2,f_gate_positioning_oi_change_pct|f_context_breakdown_down_pct|f_f_market_aligned_fraction_5m|f_new_family_balance,4,3,0.7,16,7,2,7,2,0.21212121212121213,0.043478260869565216,0.7777777777777778,2,2,1,0,4,0,4,True,"{""f_gate_positioning_oi_change_pct"": 0.21236756747563978, ""f_context_breakdown_down_pct"": 0.045146500000000006, ""f_f_market_aligned_fraction_5m"": 1.0, ""f_new_family_balance"": 3.0}"
B2,f_gate_positioning_oi_change_pct|f_context_breakdown_down_pct|f_f_market_aligned_fraction_5m|f_new_family_balance,4,4,0.7,5,3,0,2,0,0.09090909090909091,0.0,1.0,1,0,0,0,2,0,3,False,"{""f_gate_positioning_oi_change_pct"": 0.21236756747563978, ""f_context_breakdown_down_pct"": 0.045146500000000006, ""f_f_market_aligned_fraction_5m"": 1.0, ""f_new_family_balance"": 3.0}"
B2,f_gate_positioning_oi_change_pct|f_context_breakdown_down_pct|f_f_market_aligned_fraction_5m|f_new_family_balance,4,3,0.75,14,7,2,5,2,0.21212121212121213,0.043478260869565216,0.7777777777777778,2,2,1,0,4,0,4,True,"{""f_gate_positioning_oi_change_pct"": 0.21859101741462106, ""f_context_breakdown_down_pct"": 0.01612375, ""f_f_market_aligned_fraction_5m"": 1.0, ""f_new_family_balance"": 3.0}"
B2,f_gate_positioning_oi_change_pct|f_context_breakdown_down_pct|f_f_market_aligned_fraction_5m|f_new_family_balance,4,3,0.8,6,3,1,2,1,0.09090909090909091,0.021739130434782608,0.75,0,1,0,0,3,0,2,False,"{""f_gate_positioning_oi_change_pct"": 0.26494511524836734, ""f_context_breakdown_down_pct"": 0.0, ""f_f_market_aligned_fraction_5m"": 1.0, ""f_new_family_balance"": 3.2}"
B2,f_gate_positioning_oi_change_pct|f_context_breakdown_down_pct|f_f_market_aligned_fraction_5m|f_new_family_balance,4,3,0.85,5,3,1,1,1,0.09090909090909091,0.021739130434782608,0.75,0,1,0,0,3,0,2,False,"{""f_gate_positioning_oi_change_pct"": 0.3614625229505696, ""f_context_breakdown_down_pct"": 0.0, ""f_f_market_aligned_fraction_5m"": 1.0, ""f_new_family_balance"": 3.6499999999999995}"
B2,f_gate_positioning_oi_change_pct|f_context_breakdown_down_pct|f_f_market_aligned_fraction_5m|f_new_family_balance,4,3,0.9,4,3,0,1,0,0.09090909090909091,0.0,1.0,0,0,0,0,3,0,2,False,"{""f_gate_positioning_oi_change_pct"": 0.5043494634907606, ""f_context_breakdown_down_pct"": 0.0, ""f_f_market_aligned_fraction_5m"": 1.0, ""f_new_family_balance"": 4.0}"
B2,f_gate_positioning_oi_change_pct|f_f_market_selected_ret_30m|f_micro_price_flow_divergence|f_f_market_aligned_fraction_5m,4,3,0.55,53,18,16,19,11,0.5454545454545454,0.34782608695652173,0.5294117647058824,4,3,3,2,11,11,5,False,"{""f_gate_positioning_oi_change_pct"": 0.12700735231065743, ""f_f_market_selected_ret_30m"": 0.3157608147100679, ""f_micro_price_flow_divergence"": 0.0119500913633334, ""f_f_market_aligned_fraction_5m"": 0.25}"
B2,f_gate_positioning_oi_change_pct|f_f_market_selected_ret_30m|f_micro_price_flow_divergence|f_f_market_aligned_fraction_5m,4,4,0.55,7,4,0,3,0,0.12121212121212122,0.0,1.0,1,0,1,0,2,0,4,True,"{""f_gate_positioning_oi_change_pct"": 0.12700735231065743, ""f_f_market_selected_ret_30m"": 0.3157608147100679, ""f_micro_price_flow_divergence"": 0.0119500913633334, ""f_f_market_aligned_fraction_5m"": 0.25}"
B2,f_gate_positioning_oi_change_pct|f_f_market_selected_ret_30m|f_micro_price_flow_divergence|f_f_market_aligned_fraction_5m,4,3,0.6,30,10,5,15,4,0.30303030303030304,0.10869565217391304,0.6666666666666666,3,0,1,1,6,4,5,False,"{""f_gate_positioning_oi_change_pct"": 0.1621629269770119, ""f_f_market_selected_ret_30m"": 0.27953051404961293, ""f_micro_price_flow_divergence"": 0.012675127220891261, ""f_f_market_aligned_fraction_5m"": 0.5499999999999996}"
B2,f_gate_positioning_oi_change_pct|f_f_market_selected_ret_30m|f_micro_price_flow_divergence|f_f_market_aligned_fraction_5m,4,4,0.6,5,4,0,1,0,0.12121212121212122,0.0,1.0,1,0,1,0,2,0,4,True,"{""f_gate_positioning_oi_change_pct"": 0.1621629269770119, ""f_f_market_selected_ret_30m"": 0.27953051404961293, ""f_micro_price_flow_divergence"": 0.012675127220891261, ""f_f_market_aligned_fraction_5m"": 0.5499999999999996}"
B2,f_gate_positioning_oi_change_pct|f_f_market_selected_ret_30m|f_micro_price_flow_divergence|f_f_market_aligned_fraction_5m,4,3,0.65,23,9,3,11,2,0.2727272727272727,0.06521739130434782,0.75,3,0,1,1,5,2,5,True,"{""f_gate_positioning_oi_change_pct"": 0.19670468238149225, ""f_f_market_selected_ret_30m"": 0.24800416168246048, ""f_micro_price_flow_divergence"": 0.012783221361499118, ""f_f_market_aligned_fraction_5m"": 0.8875000000000004}"
B2,f_gate_positioning_oi_change_pct|f_f_market_selected_ret_30m|f_micro_price_flow_divergence|f_f_market_aligned_fraction_5m,4,4,0.65,5,4,0,1,0,0.12121212121212122,0.0,1.0,1,0,1,0,2,0,4,True,"{""f_gate_positioning_oi_change_pct"": 0.19670468238149225, ""f_f_market_selected_ret_30m"": 0.24800416168246048, ""f_micro_price_flow_divergence"": 0.012783221361499118, ""f_f_market_aligned_fraction_5m"": 0.8875000000000004}"
B2,f_gate_positioning_oi_change_pct|f_f_market_selected_ret_30m|f_micro_price_flow_divergence|f_f_market_aligned_fraction_5m,4,3,0.7,21,8,3,10,2,0.24242424242424243,0.06521739130434782,0.7272727272727273,3,0,1,1,4,2,4,True,"{""f_gate_positioning_oi_change_pct"": 0.21236756747563978, ""f_f_market_selected_ret_30m"": 0.20612865023261098, ""f_micro_price_flow_divergence"": 0.013646104500558977, ""f_f_market_aligned_fraction_5m"": 1.0}"
B2,f_gate_positioning_oi_change_pct|f_f_market_selected_ret_30m|f_micro_price_flow_divergence|f_f_market_aligned_fraction_5m,4,4,0.7,4,4,0,0,0,0.12121212121212122,0.0,1.0,1,0,1,0,2,0,4,True,"{""f_gate_positioning_oi_change_pct"": 0.21236756747563978, ""f_f_market_selected_ret_30m"": 0.20612865023261098, ""f_micro_price_flow_divergence"": 0.013646104500558977, ""f_f_market_aligned_fraction_5m"": 1.0}"
B2,f_gate_positioning_oi_change_pct|f_f_market_selected_ret_30m|f_micro_price_flow_divergence|f_f_market_aligned_fraction_5m,4,3,0.75,17,6,3,8,2,0.18181818181818182,0.06521739130434782,0.6666666666666666,2,0,1,1,3,2,4,False,"{""f_gate_positioning_oi_change_pct"": 0.21859101741462106, ""f_f_market_selected_ret_30m"": 0.1590785592414129, ""f_micro_price_flow_divergence"": 0.01488638213884484, ""f_f_market_aligned_fraction_5m"": 1.0}"
B2,f_gate_positioning_oi_change_pct|f_f_market_selected_ret_30m|f_micro_price_flow_divergence|f_f_market_aligned_fraction_5m,4,4,0.75,3,3,0,0,0,0.09090909090909091,0.0,1.0,0,0,1,0,2,0,3,False,"{""f_gate_positioning_oi_change_pct"": 0.21859101741462106, ""f_f_market_selected_ret_30m"": 0.1590785592414129, ""f_micro_price_flow_divergence"": 0.01488638213884484, ""f_f_market_aligned_fraction_5m"": 1.0}"
B2,f_gate_positioning_oi_change_pct|f_f_market_selected_ret_30m|f_micro_price_flow_divergence|f_f_market_aligned_fraction_5m,4,3,0.8,14,6,3,5,2,0.18181818181818182,0.06521739130434782,0.6666666666666666,2,0,1,1,3,2,4,False,"{""f_gate_positioning_oi_change_pct"": 0.26494511524836734, ""f_f_market_selected_ret_30m"": 0.13117480044327, ""f_micro_price_flow_divergence"": 0.019082996203197426, ""f_f_market_aligned_fraction_5m"": 1.0}"
B2,f_gate_positioning_oi_change_pct|f_f_market_selected_ret_30m|f_micro_price_flow_divergence|f_f_market_aligned_fraction_5m,4,3,0.85,10,3,2,5,1,0.09090909090909091,0.043478260869565216,0.6,1,0,0,0,2,2,2,False,"{""f_gate_positioning_oi_change_pct"": 0.3614625229505696, ""f_f_market_selected_ret_30m"": 0.1272039568864461, ""f_micro_price_flow_divergence"": 0.026975030800133398, ""f_f_market_aligned_fraction_5m"": 1.0}"
B2,f_gate_positioning_oi_change_pct|f_f_market_selected_ret_30m|f_micro_price_flow_divergence|f_new_family_balance,4,3,0.55,24,11,7,6,4,0.3333333333333333,0.15217391304347827,0.6111111111111112,3,3,2,0,6,4,5,False,"{""f_gate_positioning_oi_change_pct"": 0.12700735231065743, ""f_f_market_selected_ret_30m"": 0.3157608147100679, ""f_micro_price_flow_divergence"": 0.0119500913633334, ""f_new_family_balance"": 2.95}"
B2,f_gate_positioning_oi_change_pct|f_f_market_selected_ret_30m|f_micro_price_flow_divergence|f_new_family_balance,4,4,0.55,7,4,0,3,0,0.12121212121212122,0.0,1.0,1,0,1,0,2,0,4,True,"{""f_gate_positioning_oi_change_pct"": 0.12700735231065743, ""f_f_market_selected_ret_30m"": 0.3157608147100679, ""f_micro_price_flow_divergence"": 0.0119500913633334, ""f_new_family_balance"": 2.95}"
B2,f_gate_positioning_oi_change_pct|f_f_market_selected_ret_30m|f_micro_price_flow_divergence|f_new_family_balance,4,3,0.6,19,9,4,6,2,0.2727272727272727,0.08695652173913043,0.6923076923076923,2,2,1,0,6,2,4,False,"{""f_gate_positioning_oi_change_pct"": 0.1621629269770119, ""f_f_market_selected_ret_30m"": 0.27953051404961293, ""f_micro_price_flow_divergence"": 0.012675127220891261, ""f_new_family_balance"": 3.0}"
B2,f_gate_positioning_oi_change_pct|f_f_market_selected_ret_30m|f_micro_price_flow_divergence|f_new_family_balance,4,4,0.6,4,3,0,1,0,0.09090909090909091,0.0,1.0,1,0,1,0,1,0,3,False,"{""f_gate_positioning_oi_change_pct"": 0.1621629269770119, ""f_f_market_selected_ret_30m"": 0.27953051404961293, ""f_micro_price_flow_divergence"": 0.012675127220891261, ""f_new_family_balance"": 3.0}"
B2,f_gate_positioning_oi_change_pct|f_f_market_selected_ret_30m|f_micro_price_flow_divergence|f_new_family_balance,4,3,0.65,17,9,3,5,2,0.2727272727272727,0.06521739130434782,0.75,2,2,1,0,6,1,4,True,"{""f_gate_positioning_oi_change_pct"": 0.19670468238149225, ""f_f_market_selected_ret_30m"": 0.24800416168246048, ""f_micro_price_flow_divergence"": 0.012783221361499118, ""f_new_family_balance"": 3.0}"
B2,f_gate_positioning_oi_change_pct|f_f_market_selected_ret_30m|f_micro_price_flow_divergence|f_new_family_balance,4,4,0.65,4,3,0,1,0,0.09090909090909091,0.0,1.0,1,0,1,0,1,0,3,False,"{""f_gate_positioning_oi_change_pct"": 0.19670468238149225, ""f_f_market_selected_ret_30m"": 0.24800416168246048, ""f_micro_price_flow_divergence"": 0.012783221361499118, ""f_new_family_balance"": 3.0}"
B2,f_gate_positioning_oi_change_pct|f_f_market_selected_ret_30m|f_micro_price_flow_divergence|f_new_family_balance,4,3,0.7,16,9,2,5,2,0.2727272727272727,0.043478260869565216,0.8181818181818182,2,1,1,0,6,1,4,True,"{""f_gate_positioning_oi_change_pct"": 0.21236756747563978, ""f_f_market_selected_ret_30m"": 0.20612865023261098, ""f_micro_price_flow_divergence"": 0.013646104500558977, ""f_new_family_balance"": 3.0}"
B2,f_gate_positioning_oi_change_pct|f_f_market_selected_ret_30m|f_micro_price_flow_divergence|f_new_family_balance,4,4,0.7,3,3,0,0,0,0.09090909090909091,0.0,1.0,1,0,1,0,1,0,3,False,"{""f_gate_positioning_oi_change_pct"": 0.21236756747563978, ""f_f_market_selected_ret_30m"": 0.20612865023261098, ""f_micro_price_flow_divergence"": 0.013646104500558977, ""f_new_family_balance"": 3.0}"
B2,f_gate_positioning_oi_change_pct|f_f_market_selected_ret_30m|f_micro_price_flow_divergence|f_new_family_balance,4,3,0.75,13,7,2,4,2,0.21212121212121213,0.043478260869565216,0.7777777777777778,1,1,1,0,5,1,4,True,"{""f_gate_positioning_oi_change_pct"": 0.21859101741462106, ""f_f_market_selected_ret_30m"": 0.1590785592414129, ""f_micro_price_flow_divergence"": 0.01488638213884484, ""f_new_family_balance"": 3.0}"
B2,f_gate_positioning_oi_change_pct|f_f_market_selected_ret_30m|f_micro_price_flow_divergence|f_new_family_balance,4,3,0.8,3,3,0,0,0,0.09090909090909091,0.0,1.0,0,0,0,0,3,0,2,False,"{""f_gate_positioning_oi_change_pct"": 0.26494511524836734, ""f_f_market_selected_ret_30m"": 0.13117480044327, ""f_micro_price_flow_divergence"": 0.019082996203197426, ""f_new_family_balance"": 3.2}"
B2,f_gate_positioning_oi_change_pct|f_f_market_selected_ret_30m|f_micro_price_flow_divergence|f_new_family_balance,4,3,0.85,3,3,0,0,0,0.09090909090909091,0.0,1.0,0,0,0,0,3,0,2,False,"{""f_gate_positioning_oi_change_pct"": 0.3614625229505696, ""f_f_market_selected_ret_30m"": 0.1272039568864461, ""f_micro_price_flow_divergence"": 0.026975030800133398, ""f_new_family_balance"": 3.6499999999999995}"
B2,f_gate_positioning_oi_change_pct|f_f_market_selected_ret_30m|f_f_market_aligned_fraction_5m|f_new_family_balance,4,3,0.55,48,15,13,20,9,0.45454545454545453,0.2826086956521739,0.5357142857142857,3,3,2,0,10,10,5,False,"{""f_gate_positioning_oi_change_pct"": 0.12700735231065743, ""f_f_market_selected_ret_30m"": 0.3157608147100679, ""f_f_market_aligned_fraction_5m"": 0.25, ""f_new_family_balance"": 2.95}"
B2,f_gate_positioning_oi_change_pct|f_f_market_selected_ret_30m|f_f_market_aligned_fraction_5m|f_new_family_balance,4,4,0.55,12,5,3,4,2,0.15151515151515152,0.06521739130434782,0.625,1,1,2,0,2,2,5,False,"{""f_gate_positioning_oi_change_pct"": 0.12700735231065743, ""f_f_market_selected_ret_30m"": 0.3157608147100679, ""f_f_market_aligned_fraction_5m"": 0.25, ""f_new_family_balance"": 2.95}"
B2,f_gate_positioning_oi_change_pct|f_f_market_selected_ret_30m|f_f_market_aligned_fraction_5m|f_new_family_balance,4,3,0.6,37,9,10,18,7,0.2727272727272727,0.21739130434782608,0.47368421052631576,2,3,1,0,6,7,4,False,"{""f_gate_positioning_oi_change_pct"": 0.1621629269770119, ""f_f_market_selected_ret_30m"": 0.27953051404961293, ""f_f_market_aligned_fraction_5m"": 0.5499999999999996, ""f_new_family_balance"": 3.0}"
B2,f_gate_positioning_oi_change_pct|f_f_market_selected_ret_30m|f_f_market_aligned_fraction_5m|f_new_family_balance,4,4,0.6,6,4,0,2,0,0.12121212121212122,0.0,1.0,1,0,1,0,2,0,4,True,"{""f_gate_positioning_oi_change_pct"": 0.1621629269770119, ""f_f_market_selected_ret_30m"": 0.27953051404961293, ""f_f_market_aligned_fraction_5m"": 0.5499999999999996, ""f_new_family_balance"": 3.0}"
B2,f_gate_positioning_oi_change_pct|f_f_market_selected_ret_30m|f_f_market_aligned_fraction_5m|f_new_family_balance,4,3,0.65,28,9,5,14,5,0.2727272727272727,0.10869565217391304,0.6428571428571429,2,3,1,0,6,2,4,False,"{""f_gate_positioning_oi_change_pct"": 0.19670468238149225, ""f_f_market_selected_ret_30m"": 0.24800416168246048, ""f_f_market_aligned_fraction_5m"": 0.8875000000000004, ""f_new_family_balance"": 3.0}"
B2,f_gate_positioning_oi_change_pct|f_f_market_selected_ret_30m|f_f_market_aligned_fraction_5m|f_new_family_balance,4,4,0.65,5,4,0,1,0,0.12121212121212122,0.0,1.0,1,0,1,0,2,0,4,True,"{""f_gate_positioning_oi_change_pct"": 0.19670468238149225, ""f_f_market_selected_ret_30m"": 0.24800416168246048, ""f_f_market_aligned_fraction_5m"": 0.8875000000000004, ""f_new_family_balance"": 3.0}"
B2,f_gate_positioning_oi_change_pct|f_f_market_selected_ret_30m|f_f_market_aligned_fraction_5m|f_new_family_balance,4,3,0.7,24,8,4,12,4,0.24242424242424243,0.08695652173913043,0.6666666666666666,2,2,1,0,5,2,4,False,"{""f_gate_positioning_oi_change_pct"": 0.21236756747563978, ""f_f_market_selected_ret_30m"": 0.20612865023261098, ""f_f_market_aligned_fraction_5m"": 1.0, ""f_new_family_balance"": 3.0}"
B2,f_gate_positioning_oi_change_pct|f_f_market_selected_ret_30m|f_f_market_aligned_fraction_5m|f_new_family_balance,4,4,0.7,4,4,0,0,0,0.12121212121212122,0.0,1.0,1,0,1,0,2,0,4,True,"{""f_gate_positioning_oi_change_pct"": 0.21236756747563978, ""f_f_market_selected_ret_30m"": 0.20612865023261098, ""f_f_market_aligned_fraction_5m"": 1.0, ""f_new_family_balance"": 3.0}"
B2,f_gate_positioning_oi_change_pct|f_f_market_selected_ret_30m|f_f_market_aligned_fraction_5m|f_new_family_balance,4,3,0.75,19,6,4,9,4,0.18181818181818182,0.08695652173913043,0.6,1,2,1,0,4,2,3,False,"{""f_gate_positioning_oi_change_pct"": 0.21859101741462106, ""f_f_market_selected_ret_30m"": 0.1590785592414129, ""f_f_market_aligned_fraction_5m"": 1.0, ""f_new_family_balance"": 3.0}"
B2,f_gate_positioning_oi_change_pct|f_micro_price_flow_divergence|f_f_market_aligned_fraction_5m|f_new_family_balance,4,3,0.55,25,10,7,8,6,0.30303030303030304,0.15217391304347827,0.5882352941176471,3,3,2,0,5,4,5,False,"{""f_gate_positioning_oi_change_pct"": 0.12700735231065743, ""f_micro_price_flow_divergence"": 0.0119500913633334, ""f_f_market_aligned_fraction_5m"": 0.25, ""f_new_family_balance"": 2.95}"
B2,f_gate_positioning_oi_change_pct|f_micro_price_flow_divergence|f_f_market_aligned_fraction_5m|f_new_family_balance,4,4,0.55,6,3,0,3,0,0.09090909090909091,0.0,1.0,1,0,1,0,1,0,3,False,"{""f_gate_positioning_oi_change_pct"": 0.12700735231065743, ""f_micro_price_flow_divergence"": 0.0119500913633334, ""f_f_market_aligned_fraction_5m"": 0.25, ""f_new_family_balance"": 2.95}"
B2,f_gate_positioning_oi_change_pct|f_micro_price_flow_divergence|f_f_market_aligned_fraction_5m|f_new_family_balance,4,3,0.6,18,7,4,7,4,0.21212121212121213,0.08695652173913043,0.6363636363636364,3,2,1,0,3,2,4,False,"{""f_gate_positioning_oi_change_pct"": 0.1621629269770119, ""f_micro_price_flow_divergence"": 0.012675127220891261, ""f_f_market_aligned_fraction_5m"": 0.5499999999999996, ""f_new_family_balance"": 3.0}"
B2,f_gate_positioning_oi_change_pct|f_micro_price_flow_divergence|f_f_market_aligned_fraction_5m|f_new_family_balance,4,4,0.6,5,3,0,2,0,0.09090909090909091,0.0,1.0,1,0,1,0,1,0,3,False,"{""f_gate_positioning_oi_change_pct"": 0.1621629269770119, ""f_micro_price_flow_divergence"": 0.012675127220891261, ""f_f_market_aligned_fraction_5m"": 0.5499999999999996, ""f_new_family_balance"": 3.0}"
B2,f_gate_positioning_oi_change_pct|f_micro_price_flow_divergence|f_f_market_aligned_fraction_5m|f_new_family_balance,4,3,0.65,16,7,4,5,4,0.21212121212121213,0.08695652173913043,0.6363636363636364,3,2,1,0,3,2,4,False,"{""f_gate_positioning_oi_change_pct"": 0.19670468238149225, ""f_micro_price_flow_divergence"": 0.012783221361499118, ""f_f_market_aligned_fraction_5m"": 0.8875000000000004, ""f_new_family_balance"": 3.0}"
B2,f_gate_positioning_oi_change_pct|f_micro_price_flow_divergence|f_f_market_aligned_fraction_5m|f_new_family_balance,4,4,0.65,5,3,0,2,0,0.09090909090909091,0.0,1.0,1,0,1,0,1,0,3,False,"{""f_gate_positioning_oi_change_pct"": 0.19670468238149225, ""f_micro_price_flow_divergence"": 0.012783221361499118, ""f_f_market_aligned_fraction_5m"": 0.8875000000000004, ""f_new_family_balance"": 3.0}"
B2,f_gate_positioning_oi_change_pct|f_micro_price_flow_divergence|f_f_market_aligned_fraction_5m|f_new_family_balance,4,3,0.7,15,7,3,5,3,0.21212121212121213,0.06521739130434782,0.7,3,1,1,0,3,2,4,True,"{""f_gate_positioning_oi_change_pct"": 0.21236756747563978, ""f_micro_price_flow_divergence"": 0.013646104500558977, ""f_f_market_aligned_fraction_5m"": 1.0, ""f_new_family_balance"": 3.0}"
B2,f_gate_positioning_oi_change_pct|f_micro_price_flow_divergence|f_f_market_aligned_fraction_5m|f_new_family_balance,4,4,0.7,4,3,0,1,0,0.09090909090909091,0.0,1.0,1,0,1,0,1,0,3,False,"{""f_gate_positioning_oi_change_pct"": 0.21236756747563978, ""f_micro_price_flow_divergence"": 0.013646104500558977, ""f_f_market_aligned_fraction_5m"": 1.0, ""f_new_family_balance"": 3.0}"
B2,f_gate_positioning_oi_change_pct|f_micro_price_flow_divergence|f_f_market_aligned_fraction_5m|f_new_family_balance,4,3,0.75,15,7,3,5,3,0.21212121212121213,0.06521739130434782,0.7,3,1,1,0,3,2,4,True,"{""f_gate_positioning_oi_change_pct"": 0.21859101741462106, ""f_micro_price_flow_divergence"": 0.01488638213884484, ""f_f_market_aligned_fraction_5m"": 1.0, ""f_new_family_balance"": 3.0}"
B2,f_gate_positioning_oi_change_pct|f_micro_price_flow_divergence|f_f_market_aligned_fraction_5m|f_new_family_balance,4,3,0.8,5,3,0,2,0,0.09090909090909091,0.0,1.0,0,0,1,0,2,0,3,False,"{""f_gate_positioning_oi_change_pct"": 0.26494511524836734, ""f_micro_price_flow_divergence"": 0.019082996203197426, ""f_f_market_aligned_fraction_5m"": 1.0, ""f_new_family_balance"": 3.2}"
B2,f_micro_selected_taker_share_prev3m|f_f_market_dispersion_15m|f_context_breakdown_down_pct|f_f_market_selected_ret_30m,4,3,0.55,72,21,21,30,13,0.6363636363636364,0.45652173913043476,0.5,3,4,2,3,16,14,3,False,"{""f_micro_selected_taker_share_prev3m"": 0.6419992213727249, ""f_f_market_dispersion_15m"": 0.09289213148896941, ""f_context_breakdown_down_pct"": 0.14433969999999996, ""f_f_market_selected_ret_30m"": 0.3157608147100679}"
B2,f_micro_selected_taker_share_prev3m|f_f_market_dispersion_15m|f_context_breakdown_down_pct|f_f_market_selected_ret_30m,4,4,0.55,17,5,2,10,2,0.15151515151515152,0.043478260869565216,0.7142857142857143,1,1,0,0,4,1,4,True,"{""f_micro_selected_taker_share_prev3m"": 0.6419992213727249, ""f_f_market_dispersion_15m"": 0.09289213148896941, ""f_context_breakdown_down_pct"": 0.14433969999999996, ""f_f_market_selected_ret_30m"": 0.3157608147100679}"
B2,f_micro_selected_taker_share_prev3m|f_f_market_dispersion_15m|f_context_breakdown_down_pct|f_f_market_selected_ret_30m,4,3,0.6,61,19,17,25,12,0.5757575757575758,0.3695652173913043,0.5277777777777778,3,2,2,3,14,12,4,False,"{""f_micro_selected_taker_share_prev3m"": 0.6817079920724427, ""f_f_market_dispersion_15m"": 0.090819954887291, ""f_context_breakdown_down_pct"": 0.10880200000000001, ""f_f_market_selected_ret_30m"": 0.27953051404961293}"
B2,f_micro_selected_taker_share_prev3m|f_f_market_dispersion_15m|f_context_breakdown_down_pct|f_f_market_selected_ret_30m,4,4,0.6,10,4,1,5,1,0.12121212121212122,0.021739130434782608,0.8,1,0,0,0,3,1,3,False,"{""f_micro_selected_taker_share_prev3m"": 0.6817079920724427, ""f_f_market_dispersion_15m"": 0.090819954887291, ""f_context_breakdown_down_pct"": 0.10880200000000001, ""f_f_market_selected_ret_30m"": 0.27953051404961293}"
B2,f_micro_selected_taker_share_prev3m|f_f_market_dispersion_15m|f_context_breakdown_down_pct|f_f_market_selected_ret_30m,4,3,0.65,49,16,10,23,7,0.48484848484848486,0.21739130434782608,0.6153846153846154,3,2,2,1,11,7,4,False,"{""f_micro_selected_taker_share_prev3m"": 0.7238235853967332, ""f_f_market_dispersion_15m"": 0.08984644379961478, ""f_context_breakdown_down_pct"": 0.07557175, ""f_f_market_selected_ret_30m"": 0.24800416168246048}"
B2,f_micro_selected_taker_share_prev3m|f_f_market_dispersion_15m|f_context_breakdown_down_pct|f_f_market_selected_ret_30m,4,3,0.7,38,16,6,16,4,0.48484848484848486,0.13043478260869565,0.7272727272727273,3,1,2,0,11,5,5,False,"{""f_micro_selected_taker_share_prev3m"": 0.7522288015749875, ""f_f_market_dispersion_15m"": 0.08730329330185219, ""f_context_breakdown_down_pct"": 0.045146500000000006, ""f_f_market_selected_ret_30m"": 0.20612865023261098}"
B2,f_micro_selected_taker_share_prev3m|f_f_market_dispersion_15m|f_context_breakdown_down_pct|f_f_market_selected_ret_30m,4,3,0.75,32,15,6,11,4,0.45454545454545453,0.13043478260869565,0.7142857142857143,2,1,2,0,11,5,5,False,"{""f_micro_selected_taker_share_prev3m"": 0.7737788291802238, ""f_f_market_dispersion_15m"": 0.08397532309904639, ""f_context_breakdown_down_pct"": 0.01612375, ""f_f_market_selected_ret_30m"": 0.1590785592414129}"
B2,f_micro_selected_taker_share_prev3m|f_f_market_dispersion_15m|f_context_breakdown_down_pct|f_f_market_selected_ret_30m,4,3,0.8,26,11,4,11,3,0.3333333333333333,0.08695652173913043,0.7333333333333333,1,0,1,0,9,4,5,True,"{""f_micro_selected_taker_share_prev3m"": 0.7920567396352612, ""f_f_market_dispersion_15m"": 0.081451648230247, ""f_context_breakdown_down_pct"": 0.0, ""f_f_market_selected_ret_30m"": 0.13117480044327}"
B2,f_micro_selected_taker_share_prev3m|f_f_market_dispersion_15m|f_context_breakdown_down_pct|f_f_market_selected_ret_30m,4,3,0.85,22,11,3,8,2,0.3333333333333333,0.06521739130434782,0.7857142857142857,1,0,1,0,9,3,5,True,"{""f_micro_selected_taker_share_prev3m"": 0.8062445036525503, ""f_f_market_dispersion_15m"": 0.07993334252895565, ""f_context_breakdown_down_pct"": 0.0, ""f_f_market_selected_ret_30m"": 0.1272039568864461}"
B2,f_micro_selected_taker_share_prev3m|f_f_market_dispersion_15m|f_context_breakdown_down_pct|f_f_market_selected_ret_30m,4,3,0.9,20,9,3,8,2,0.2727272727272727,0.06521739130434782,0.75,1,0,1,0,7,3,5,True,"{""f_micro_selected_taker_share_prev3m"": 0.8225219437602855, ""f_f_market_dispersion_15m"": 0.07698814464435187, ""f_context_breakdown_down_pct"": 0.0, ""f_f_market_selected_ret_30m"": 0.11864422057320188}"
B2,f_micro_selected_taker_share_prev3m|f_f_market_dispersion_15m|f_context_breakdown_down_pct|f_micro_price_flow_divergence,4,3,0.55,52,15,12,25,9,0.45454545454545453,0.2608695652173913,0.5555555555555556,3,4,2,2,10,6,5,False,"{""f_micro_selected_taker_share_prev3m"": 0.6419992213727249, ""f_f_market_dispersion_15m"": 0.09289213148896941, ""f_context_breakdown_down_pct"": 0.14433969999999996, ""f_micro_price_flow_divergence"": 0.0119500913633334}"
B2,f_micro_selected_taker_share_prev3m|f_f_market_dispersion_15m|f_context_breakdown_down_pct|f_micro_price_flow_divergence,4,4,0.55,14,6,2,6,2,0.18181818181818182,0.043478260869565216,0.75,1,1,0,0,5,1,4,True,"{""f_micro_selected_taker_share_prev3m"": 0.6419992213727249, ""f_f_market_dispersion_15m"": 0.09289213148896941, ""f_context_breakdown_down_pct"": 0.14433969999999996, ""f_micro_price_flow_divergence"": 0.0119500913633334}"
B2,f_micro_selected_taker_share_prev3m|f_f_market_dispersion_15m|f_context_breakdown_down_pct|f_micro_price_flow_divergence,4,3,0.6,42,14,9,19,8,0.42424242424242425,0.1956521739130435,0.6086956521739131,3,2,2,2,9,5,5,False,"{""f_micro_selected_taker_share_prev3m"": 0.6817079920724427, ""f_f_market_dispersion_15m"": 0.090819954887291, ""f_context_breakdown_down_pct"": 0.10880200000000001, ""f_micro_price_flow_divergence"": 0.012675127220891261}"
B2,f_micro_selected_taker_share_prev3m|f_f_market_dispersion_15m|f_context_breakdown_down_pct|f_micro_price_flow_divergence,4,4,0.6,10,5,2,3,2,0.15151515151515152,0.043478260869565216,0.7142857142857143,1,1,0,0,4,1,3,False,"{""f_micro_selected_taker_share_prev3m"": 0.6817079920724427, ""f_f_market_dispersion_15m"": 0.090819954887291, ""f_context_breakdown_down_pct"": 0.10880200000000001, ""f_micro_price_flow_divergence"": 0.012675127220891261}"
B2,f_micro_selected_taker_share_prev3m|f_f_market_dispersion_15m|f_context_breakdown_down_pct|f_micro_price_flow_divergence,4,3,0.65,36,13,6,17,6,0.3939393939393939,0.13043478260869565,0.6842105263157895,3,2,2,1,8,3,5,False,"{""f_micro_selected_taker_share_prev3m"": 0.7238235853967332, ""f_f_market_dispersion_15m"": 0.08984644379961478, ""f_context_breakdown_down_pct"": 0.07557175, ""f_micro_price_flow_divergence"": 0.012783221361499118}"
B2,f_micro_selected_taker_share_prev3m|f_f_market_dispersion_15m|f_context_breakdown_down_pct|f_micro_price_flow_divergence,4,4,0.65,6,3,1,2,1,0.09090909090909091,0.021739130434782608,0.75,0,1,0,0,3,0,1,False,"{""f_micro_selected_taker_share_prev3m"": 0.7238235853967332, ""f_f_market_dispersion_15m"": 0.08984644379961478, ""f_context_breakdown_down_pct"": 0.07557175, ""f_micro_price_flow_divergence"": 0.012783221361499118}"
B2,f_micro_selected_taker_share_prev3m|f_f_market_dispersion_15m|f_context_breakdown_down_pct|f_micro_price_flow_divergence,4,3,0.7,28,13,3,12,3,0.3939393939393939,0.06521739130434782,0.8125,3,1,2,0,8,2,5,True,"{""f_micro_selected_taker_share_prev3m"": 0.7522288015749875, ""f_f_market_dispersion_15m"": 0.08730329330185219, ""f_context_breakdown_down_pct"": 0.045146500000000006, ""f_micro_price_flow_divergence"": 0.013646104500558977}"
B2,f_micro_selected_taker_share_prev3m|f_f_market_dispersion_15m|f_context_breakdown_down_pct|f_micro_price_flow_divergence,4,3,0.75,27,13,3,11,3,0.3939393939393939,0.06521739130434782,0.8125,3,1,2,0,8,2,5,True,"{""f_micro_selected_taker_share_prev3m"": 0.7737788291802238, ""f_f_market_dispersion_15m"": 0.08397532309904639, ""f_context_breakdown_down_pct"": 0.01612375, ""f_micro_price_flow_divergence"": 0.01488638213884484}"
B2,f_micro_selected_taker_share_prev3m|f_f_market_dispersion_15m|f_context_breakdown_down_pct|f_micro_price_flow_divergence,4,3,0.8,18,9,2,7,2,0.2727272727272727,0.043478260869565216,0.8181818181818182,2,0,2,0,5,2,4,True,"{""f_micro_selected_taker_share_prev3m"": 0.7920567396352612, ""f_f_market_dispersion_15m"": 0.081451648230247, ""f_context_breakdown_down_pct"": 0.0, ""f_micro_price_flow_divergence"": 0.019082996203197426}"
B2,f_micro_selected_taker_share_prev3m|f_f_market_dispersion_15m|f_context_breakdown_down_pct|f_micro_price_flow_divergence,4,3,0.85,14,6,2,6,2,0.18181818181818182,0.043478260869565216,0.75,1,0,1,0,4,2,4,True,"{""f_micro_selected_taker_share_prev3m"": 0.8062445036525503, ""f_f_market_dispersion_15m"": 0.07993334252895565, ""f_context_breakdown_down_pct"": 0.0, ""f_micro_price_flow_divergence"": 0.026975030800133398}"
B2,f_micro_selected_taker_share_prev3m|f_f_market_dispersion_15m|f_context_breakdown_down_pct|f_micro_price_flow_divergence,4,3,0.9,4,3,1,0,1,0.09090909090909091,0.021739130434782608,0.75,0,0,1,0,2,1,3,False,"{""f_micro_selected_taker_share_prev3m"": 0.8225219437602855, ""f_f_market_dispersion_15m"": 0.07698814464435187, ""f_context_breakdown_down_pct"": 0.0, ""f_micro_price_flow_divergence"": 0.046956635495231006}"
B2,f_micro_selected_taker_share_prev3m|f_f_market_dispersion_15m|f_context_breakdown_down_pct|f_f_market_aligned_fraction_5m,4,3,0.55,68,19,19,30,13,0.5757575757575758,0.41304347826086957,0.5,3,3,2,2,14,14,4,False,"{""f_micro_selected_taker_share_prev3m"": 0.6419992213727249, ""f_f_market_dispersion_15m"": 0.09289213148896941, ""f_context_breakdown_down_pct"": 0.14433969999999996, ""f_f_market_aligned_fraction_5m"": 0.25}"
B2,f_micro_selected_taker_share_prev3m|f_f_market_dispersion_15m|f_context_breakdown_down_pct|f_f_market_aligned_fraction_5m,4,4,0.55,16,6,1,9,1,0.18181818181818182,0.021739130434782608,0.8571428571428571,1,0,0,0,5,1,4,True,"{""f_micro_selected_taker_share_prev3m"": 0.6419992213727249, ""f_f_market_dispersion_15m"": 0.09289213148896941, ""f_context_breakdown_down_pct"": 0.14433969999999996, ""f_f_market_aligned_fraction_5m"": 0.25}"
B2,f_micro_selected_taker_share_prev3m|f_f_market_dispersion_15m|f_context_breakdown_down_pct|f_f_market_aligned_fraction_5m,4,3,0.6,47,12,12,23,9,0.36363636363636365,0.2608695652173913,0.5,3,2,1,1,8,9,4,False,"{""f_micro_selected_taker_share_prev3m"": 0.6817079920724427, ""f_f_market_dispersion_15m"": 0.090819954887291, ""f_context_breakdown_down_pct"": 0.10880200000000001, ""f_f_market_aligned_fraction_5m"": 0.5499999999999996}"
B2,f_micro_selected_taker_share_prev3m|f_f_market_dispersion_15m|f_context_breakdown_down_pct|f_f_market_aligned_fraction_5m,4,4,0.6,8,5,0,3,0,0.15151515151515152,0.0,1.0,1,0,0,0,4,0,3,False,"{""f_micro_selected_taker_share_prev3m"": 0.6817079920724427, ""f_f_market_dispersion_15m"": 0.090819954887291, ""f_context_breakdown_down_pct"": 0.10880200000000001, ""f_f_market_aligned_fraction_5m"": 0.5499999999999996}"
B2,f_micro_selected_taker_share_prev3m|f_f_market_dispersion_15m|f_context_breakdown_down_pct|f_f_market_aligned_fraction_5m,4,3,0.65,33,11,6,16,5,0.3333333333333333,0.13043478260869565,0.6470588235294118,3,2,1,1,7,3,4,False,"{""f_micro_selected_taker_share_prev3m"": 0.7238235853967332, ""f_f_market_dispersion_15m"": 0.08984644379961478, ""f_context_breakdown_down_pct"": 0.07557175, ""f_f_market_aligned_fraction_5m"": 0.8875000000000004}"
B2,f_micro_selected_taker_share_prev3m|f_f_market_dispersion_15m|f_context_breakdown_down_pct|f_f_market_aligned_fraction_5m,4,3,0.7,25,11,3,11,2,0.3333333333333333,0.06521739130434782,0.7857142857142857,3,1,1,0,7,2,4,True,"{""f_micro_selected_taker_share_prev3m"": 0.7522288015749875, ""f_f_market_dispersion_15m"": 0.08730329330185219, ""f_context_breakdown_down_pct"": 0.045146500000000006, ""f_f_market_aligned_fraction_5m"": 1.0}"
B2,f_micro_selected_taker_share_prev3m|f_f_market_dispersion_15m|f_context_breakdown_down_pct|f_f_market_aligned_fraction_5m,4,3,0.75,18,10,3,5,2,0.30303030303030304,0.06521739130434782,0.7692307692307693,3,1,1,0,6,2,4,True,"{""f_micro_selected_taker_share_prev3m"": 0.7737788291802238, ""f_f_market_dispersion_15m"": 0.08397532309904639, ""f_context_breakdown_down_pct"": 0.01612375, ""f_f_market_aligned_fraction_5m"": 1.0}"
B2,f_micro_selected_taker_share_prev3m|f_f_market_dispersion_15m|f_context_breakdown_down_pct|f_f_market_aligned_fraction_5m,4,3,0.8,16,9,3,4,2,0.2727272727272727,0.06521739130434782,0.75,2,1,1,0,6,2,4,True,"{""f_micro_selected_taker_share_prev3m"": 0.7920567396352612, ""f_f_market_dispersion_15m"": 0.081451648230247, ""f_context_breakdown_down_pct"": 0.0, ""f_f_market_aligned_fraction_5m"": 1.0}"
B2,f_micro_selected_taker_share_prev3m|f_f_market_dispersion_15m|f_context_breakdown_down_pct|f_f_market_aligned_fraction_5m,4,3,0.85,14,8,3,3,2,0.24242424242424243,0.06521739130434782,0.7272727272727273,2,1,0,0,6,2,3,False,"{""f_micro_selected_taker_share_prev3m"": 0.8062445036525503, ""f_f_market_dispersion_15m"": 0.07993334252895565, ""f_context_breakdown_down_pct"": 0.0, ""f_f_market_aligned_fraction_5m"": 1.0}"
B2,f_micro_selected_taker_share_prev3m|f_f_market_dispersion_15m|f_context_breakdown_down_pct|f_f_market_aligned_fraction_5m,4,3,0.9,11,8,1,2,0,0.24242424242424243,0.021739130434782608,0.8888888888888888,2,0,0,0,6,1,3,False,"{""f_micro_selected_taker_share_prev3m"": 0.8225219437602855, ""f_f_market_dispersion_15m"": 0.07698814464435187, ""f_context_breakdown_down_pct"": 0.0, ""f_f_market_aligned_fraction_5m"": 1.0}"
B2,f_micro_selected_taker_share_prev3m|f_f_market_dispersion_15m|f_context_breakdown_down_pct|f_new_family_balance,4,3,0.55,42,13,10,19,6,0.3939393939393939,0.21739130434782608,0.5652173913043478,2,4,1,0,10,6,4,False,"{""f_micro_selected_taker_share_prev3m"": 0.6419992213727249, ""f_f_market_dispersion_15m"": 0.09289213148896941, ""f_context_breakdown_down_pct"": 0.14433969999999996, ""f_new_family_balance"": 2.95}"
B2,f_micro_selected_taker_share_prev3m|f_f_market_dispersion_15m|f_context_breakdown_down_pct|f_new_family_balance,4,4,0.55,9,4,0,5,0,0.12121212121212122,0.0,1.0,1,0,0,0,3,0,3,False,"{""f_micro_selected_taker_share_prev3m"": 0.6419992213727249, ""f_f_market_dispersion_15m"": 0.09289213148896941, ""f_context_breakdown_down_pct"": 0.14433969999999996, ""f_new_family_balance"": 2.95}"
B2,f_micro_selected_taker_share_prev3m|f_f_market_dispersion_15m|f_context_breakdown_down_pct|f_new_family_balance,4,3,0.6,34,11,9,14,6,0.3333333333333333,0.1956521739130435,0.55,2,3,1,0,8,6,4,False,"{""f_micro_selected_taker_share_prev3m"": 0.6817079920724427, ""f_f_market_dispersion_15m"": 0.090819954887291, ""f_context_breakdown_down_pct"": 0.10880200000000001, ""f_new_family_balance"": 3.0}"
B2,f_micro_selected_taker_share_prev3m|f_f_market_dispersion_15m|f_context_breakdown_down_pct|f_new_family_balance,4,4,0.6,6,4,0,2,0,0.12121212121212122,0.0,1.0,1,0,0,0,3,0,3,False,"{""f_micro_selected_taker_share_prev3m"": 0.6817079920724427, ""f_f_market_dispersion_15m"": 0.090819954887291, ""f_context_breakdown_down_pct"": 0.10880200000000001, ""f_new_family_balance"": 3.0}"
B2,f_micro_selected_taker_share_prev3m|f_f_market_dispersion_15m|f_context_breakdown_down_pct|f_new_family_balance,4,3,0.65,30,10,7,13,4,0.30303030303030304,0.15217391304347827,0.5882352941176471,2,3,1,0,7,4,4,False,"{""f_micro_selected_taker_share_prev3m"": 0.7238235853967332, ""f_f_market_dispersion_15m"": 0.08984644379961478, ""f_context_breakdown_down_pct"": 0.07557175, ""f_new_family_balance"": 3.0}"
B2,f_micro_selected_taker_share_prev3m|f_f_market_dispersion_15m|f_context_breakdown_down_pct|f_new_family_balance,4,3,0.7,23,9,5,9,3,0.2727272727272727,0.10869565217391304,0.6428571428571429,2,2,1,0,6,3,4,False,"{""f_micro_selected_taker_share_prev3m"": 0.7522288015749875, ""f_f_market_dispersion_15m"": 0.08730329330185219, ""f_context_breakdown_down_pct"": 0.045146500000000006, ""f_new_family_balance"": 3.0}"
B2,f_micro_selected_taker_share_prev3m|f_f_market_dispersion_15m|f_context_breakdown_down_pct|f_new_family_balance,4,3,0.75,20,9,5,6,3,0.2727272727272727,0.10869565217391304,0.6428571428571429,2,2,1,0,6,3,4,False,"{""f_micro_selected_taker_share_prev3m"": 0.7737788291802238, ""f_f_market_dispersion_15m"": 0.08397532309904639, ""f_context_breakdown_down_pct"": 0.01612375, ""f_new_family_balance"": 3.0}"
B2,f_micro_selected_taker_share_prev3m|f_f_market_dispersion_15m|f_context_breakdown_down_pct|f_new_family_balance,4,3,0.8,5,3,2,0,1,0.09090909090909091,0.043478260869565216,0.6,0,1,0,0,3,1,2,False,"{""f_micro_selected_taker_share_prev3m"": 0.7920567396352612, ""f_f_market_dispersion_15m"": 0.081451648230247, ""f_context_breakdown_down_pct"": 0.0, ""f_new_family_balance"": 3.2}"
B2,f_micro_selected_taker_share_prev3m|f_f_market_dispersion_15m|f_context_breakdown_down_pct|f_new_family_balance,4,3,0.85,5,3,2,0,1,0.09090909090909091,0.043478260869565216,0.6,0,1,0,0,3,1,2,False,"{""f_micro_selected_taker_share_prev3m"": 0.8062445036525503, ""f_f_market_dispersion_15m"": 0.07993334252895565, ""f_context_breakdown_down_pct"": 0.0, ""f_new_family_balance"": 3.6499999999999995}"
B2,f_micro_selected_taker_share_prev3m|f_f_market_dispersion_15m|f_f_market_selected_ret_30m|f_micro_price_flow_divergence,4,3,0.55,70,19,20,31,14,0.5757575757575758,0.43478260869565216,0.48717948717948717,4,4,2,3,13,13,3,False,"{""f_micro_selected_taker_share_prev3m"": 0.6419992213727249, ""f_f_market_dispersion_15m"": 0.09289213148896941, ""f_f_market_selected_ret_30m"": 0.3157608147100679, ""f_micro_price_flow_divergence"": 0.0119500913633334}"
B2,f_micro_selected_taker_share_prev3m|f_f_market_dispersion_15m|f_f_market_selected_ret_30m|f_micro_price_flow_divergence,4,4,0.55,32,12,9,11,6,0.36363636363636365,0.1956521739130435,0.5714285714285714,2,3,2,2,8,4,5,False,"{""f_micro_selected_taker_share_prev3m"": 0.6419992213727249, ""f_f_market_dispersion_15m"": 0.09289213148896941, ""f_f_market_selected_ret_30m"": 0.3157608147100679, ""f_micro_price_flow_divergence"": 0.0119500913633334}"
B2,f_micro_selected_taker_share_prev3m|f_f_market_dispersion_15m|f_f_market_selected_ret_30m|f_micro_price_flow_divergence,4,3,0.6,62,18,17,27,13,0.5454545454545454,0.3695652173913043,0.5142857142857142,3,3,2,3,13,11,3,False,"{""f_micro_selected_taker_share_prev3m"": 0.6817079920724427, ""f_f_market_dispersion_15m"": 0.090819954887291, ""f_f_market_selected_ret_30m"": 0.27953051404961293, ""f_micro_price_flow_divergence"": 0.012675127220891261}"
B2,f_micro_selected_taker_share_prev3m|f_f_market_dispersion_15m|f_f_market_selected_ret_30m|f_micro_price_flow_divergence,4,4,0.6,23,10,6,7,5,0.30303030303030304,0.13043478260869565,0.625,2,0,2,2,6,4,5,False,"{""f_micro_selected_taker_share_prev3m"": 0.6817079920724427, ""f_f_market_dispersion_15m"": 0.090819954887291, ""f_f_market_selected_ret_30m"": 0.27953051404961293, ""f_micro_price_flow_divergence"": 0.012675127220891261}"
B2,f_micro_selected_taker_share_prev3m|f_f_market_dispersion_15m|f_f_market_selected_ret_30m|f_micro_price_flow_divergence,4,3,0.65,50,16,11,23,8,0.48484848484848486,0.2391304347826087,0.5925925925925926,3,3,2,2,11,6,5,False,"{""f_micro_selected_taker_share_prev3m"": 0.7238235853967332, ""f_f_market_dispersion_15m"": 0.08984644379961478, ""f_f_market_selected_ret_30m"": 0.24800416168246048, ""f_micro_price_flow_divergence"": 0.012783221361499118}"
B2,f_micro_selected_taker_share_prev3m|f_f_market_dispersion_15m|f_f_market_selected_ret_30m|f_micro_price_flow_divergence,4,4,0.65,17,8,2,7,2,0.24242424242424243,0.043478260869565216,0.8,1,0,2,1,5,1,5,True,"{""f_micro_selected_taker_share_prev3m"": 0.7238235853967332, ""f_f_market_dispersion_15m"": 0.08984644379961478, ""f_f_market_selected_ret_30m"": 0.24800416168246048, ""f_micro_price_flow_divergence"": 0.012783221361499118}"
B2,f_micro_selected_taker_share_prev3m|f_f_market_dispersion_15m|f_f_market_selected_ret_30m|f_micro_price_flow_divergence,4,3,0.7,42,15,7,20,6,0.45454545454545453,0.15217391304347827,0.6818181818181818,3,1,2,1,10,5,5,False,"{""f_micro_selected_taker_share_prev3m"": 0.7522288015749875, ""f_f_market_dispersion_15m"": 0.08730329330185219, ""f_f_market_selected_ret_30m"": 0.20612865023261098, ""f_micro_price_flow_divergence"": 0.013646104500558977}"
B2,f_micro_selected_taker_share_prev3m|f_f_market_dispersion_15m|f_f_market_selected_ret_30m|f_micro_price_flow_divergence,4,4,0.7,11,7,0,4,0,0.21212121212121213,0.0,1.0,1,0,2,0,4,0,5,True,"{""f_micro_selected_taker_share_prev3m"": 0.7522288015749875, ""f_f_market_dispersion_15m"": 0.08730329330185219, ""f_f_market_selected_ret_30m"": 0.20612865023261098, ""f_micro_price_flow_divergence"": 0.013646104500558977}"
B2,f_micro_selected_taker_share_prev3m|f_f_market_dispersion_15m|f_f_market_selected_ret_30m|f_micro_price_flow_divergence,4,3,0.75,37,14,7,16,6,0.42424242424242425,0.15217391304347827,0.6666666666666666,2,1,2,1,10,5,5,False,"{""f_micro_selected_taker_share_prev3m"": 0.7737788291802238, ""f_f_market_dispersion_15m"": 0.08397532309904639, ""f_f_market_selected_ret_30m"": 0.1590785592414129, ""f_micro_price_flow_divergence"": 0.01488638213884484}"
B2,f_micro_selected_taker_share_prev3m|f_f_market_dispersion_15m|f_f_market_selected_ret_30m|f_micro_price_flow_divergence,4,4,0.75,8,6,0,2,0,0.18181818181818182,0.0,1.0,1,0,2,0,3,0,4,True,"{""f_micro_selected_taker_share_prev3m"": 0.7737788291802238, ""f_f_market_dispersion_15m"": 0.08397532309904639, ""f_f_market_selected_ret_30m"": 0.1590785592414129, ""f_micro_price_flow_divergence"": 0.01488638213884484}"
B2,f_micro_selected_taker_share_prev3m|f_f_market_dispersion_15m|f_f_market_selected_ret_30m|f_micro_price_flow_divergence,4,3,0.8,30,12,7,11,6,0.36363636363636365,0.15217391304347827,0.631578947368421,2,1,2,1,8,5,4,False,"{""f_micro_selected_taker_share_prev3m"": 0.7920567396352612, ""f_f_market_dispersion_15m"": 0.081451648230247, ""f_f_market_selected_ret_30m"": 0.13117480044327, ""f_micro_price_flow_divergence"": 0.019082996203197426}"
B2,f_micro_selected_taker_share_prev3m|f_f_market_dispersion_15m|f_f_market_selected_ret_30m|f_micro_price_flow_divergence,4,3,0.85,23,8,5,10,4,0.24242424242424243,0.10869565217391304,0.6153846153846154,1,1,1,0,6,4,4,False,"{""f_micro_selected_taker_share_prev3m"": 0.8062445036525503, ""f_f_market_dispersion_15m"": 0.07993334252895565, ""f_f_market_selected_ret_30m"": 0.1272039568864461, ""f_micro_price_flow_divergence"": 0.026975030800133398}"
B2,f_micro_selected_taker_share_prev3m|f_f_market_dispersion_15m|f_f_market_selected_ret_30m|f_micro_price_flow_divergence,4,3,0.9,10,5,2,3,1,0.15151515151515152,0.043478260869565216,0.7142857142857143,1,0,1,0,3,2,5,True,"{""f_micro_selected_taker_share_prev3m"": 0.8225219437602855, ""f_f_market_dispersion_15m"": 0.07698814464435187, ""f_f_market_selected_ret_30m"": 0.11864422057320188, ""f_micro_price_flow_divergence"": 0.046956635495231006}"
B2,f_micro_selected_taker_share_prev3m|f_f_market_dispersion_15m|f_f_market_selected_ret_30m|f_f_market_aligned_fraction_5m,4,3,0.55,102,29,30,43,22,0.8787878787878788,0.6521739130434783,0.4915254237288136,4,5,4,4,21,21,3,False,"{""f_micro_selected_taker_share_prev3m"": 0.6419992213727249, ""f_f_market_dispersion_15m"": 0.09289213148896941, ""f_f_market_selected_ret_30m"": 0.3157608147100679, ""f_f_market_aligned_fraction_5m"": 0.25}"
B2,f_micro_selected_taker_share_prev3m|f_f_market_dispersion_15m|f_f_market_selected_ret_30m|f_f_market_aligned_fraction_5m,4,4,0.55,35,11,10,14,6,0.3333333333333333,0.21739130434782608,0.5238095238095238,2,0,2,2,7,8,4,False,"{""f_micro_selected_taker_share_prev3m"": 0.6419992213727249, ""f_f_market_dispersion_15m"": 0.09289213148896941, ""f_f_market_selected_ret_30m"": 0.3157608147100679, ""f_f_market_aligned_fraction_5m"": 0.25}"
B2,f_micro_selected_taker_share_prev3m|f_f_market_dispersion_15m|f_f_market_selected_ret_30m|f_f_market_aligned_fraction_5m,4,3,0.6,76,23,21,32,16,0.696969696969697,0.45652173913043476,0.5227272727272727,3,0,3,4,17,17,3,False,"{""f_micro_selected_taker_share_prev3m"": 0.6817079920724427, ""f_f_market_dispersion_15m"": 0.090819954887291, ""f_f_market_selected_ret_30m"": 0.27953051404961293, ""f_f_market_aligned_fraction_5m"": 0.5499999999999996}"
B2,f_micro_selected_taker_share_prev3m|f_f_market_dispersion_15m|f_f_market_selected_ret_30m|f_f_market_aligned_fraction_5m,4,4,0.6,17,5,4,8,3,0.15151515151515152,0.08695652173913043,0.5555555555555556,2,0,1,1,2,3,3,False,"{""f_micro_selected_taker_share_prev3m"": 0.6817079920724427, ""f_f_market_dispersion_15m"": 0.090819954887291, ""f_f_market_selected_ret_30m"": 0.27953051404961293, ""f_f_market_aligned_fraction_5m"": 0.5499999999999996}"
B2,f_micro_selected_taker_share_prev3m|f_f_market_dispersion_15m|f_f_market_selected_ret_30m|f_f_market_aligned_fraction_5m,4,3,0.65,51,19,9,23,7,0.5757575757575758,0.1956521739130435,0.6785714285714286,3,0,3,1,13,8,5,False,"{""f_micro_selected_taker_share_prev3m"": 0.7238235853967332, ""f_f_market_dispersion_15m"": 0.08984644379961478, ""f_f_market_selected_ret_30m"": 0.24800416168246048, ""f_f_market_aligned_fraction_5m"": 0.8875000000000004}"
B2,f_micro_selected_taker_share_prev3m|f_f_market_dispersion_15m|f_f_market_selected_ret_30m|f_f_market_aligned_fraction_5m,4,4,0.65,10,3,1,6,1,0.09090909090909091,0.021739130434782608,0.75,1,0,1,1,1,0,3,False,"{""f_micro_selected_taker_share_prev3m"": 0.7238235853967332, ""f_f_market_dispersion_15m"": 0.08984644379961478, ""f_f_market_selected_ret_30m"": 0.24800416168246048, ""f_f_market_aligned_fraction_5m"": 0.8875000000000004}"
B2,f_micro_selected_taker_share_prev3m|f_f_market_dispersion_15m|f_f_market_selected_ret_30m|f_f_market_aligned_fraction_5m,4,3,0.7,47,19,8,20,7,0.5757575757575758,0.17391304347826086,0.7037037037037037,3,0,3,1,13,7,5,False,"{""f_micro_selected_taker_share_prev3m"": 0.7522288015749875, ""f_f_market_dispersion_15m"": 0.08730329330185219, ""f_f_market_selected_ret_30m"": 0.20612865023261098, ""f_f_market_aligned_fraction_5m"": 1.0}"
B2,f_micro_selected_taker_share_prev3m|f_f_market_dispersion_15m|f_f_market_selected_ret_30m|f_f_market_aligned_fraction_5m,4,3,0.75,39,15,8,16,7,0.45454545454545453,0.17391304347826086,0.6521739130434783,2,0,3,1,10,7,5,False,"{""f_micro_selected_taker_share_prev3m"": 0.7737788291802238, ""f_f_market_dispersion_15m"": 0.08397532309904639, ""f_f_market_selected_ret_30m"": 0.1590785592414129, ""f_f_market_aligned_fraction_5m"": 1.0}"
B2,f_micro_selected_taker_share_prev3m|f_f_market_dispersion_15m|f_f_market_selected_ret_30m|f_f_market_aligned_fraction_5m,4,3,0.8,34,13,8,13,7,0.3939393939393939,0.17391304347826086,0.6190476190476191,2,0,3,1,8,7,5,False,"{""f_micro_selected_taker_share_prev3m"": 0.7920567396352612, ""f_f_market_dispersion_15m"": 0.081451648230247, ""f_f_market_selected_ret_30m"": 0.13117480044327, ""f_f_market_aligned_fraction_5m"": 1.0}"
B2,f_micro_selected_taker_share_prev3m|f_f_market_dispersion_15m|f_f_market_selected_ret_30m|f_f_market_aligned_fraction_5m,4,3,0.85,30,12,6,12,5,0.36363636363636365,0.13043478260869565,0.6666666666666666,2,0,2,0,8,6,5,False,"{""f_micro_selected_taker_share_prev3m"": 0.8062445036525503, ""f_f_market_dispersion_15m"": 0.07993334252895565, ""f_f_market_selected_ret_30m"": 0.1272039568864461, ""f_f_market_aligned_fraction_5m"": 1.0}"
B2,f_micro_selected_taker_share_prev3m|f_f_market_dispersion_15m|f_f_market_selected_ret_30m|f_f_market_aligned_fraction_5m,4,3,0.9,26,10,5,11,4,0.30303030303030304,0.10869565217391304,0.6666666666666666,2,0,2,0,6,5,5,False,"{""f_micro_selected_taker_share_prev3m"": 0.8225219437602855, ""f_f_market_dispersion_15m"": 0.07698814464435187, ""f_f_market_selected_ret_30m"": 0.11864422057320188, ""f_f_market_aligned_fraction_5m"": 1.0}"
B2,f_micro_selected_taker_share_prev3m|f_f_market_dispersion_15m|f_f_market_selected_ret_30m|f_new_family_balance,4,3,0.55,70,22,22,26,15,0.6666666666666666,0.4782608695652174,0.5,4,4,3,3,15,15,3,False,"{""f_micro_selected_taker_share_prev3m"": 0.6419992213727249, ""f_f_market_dispersion_15m"": 0.09289213148896941, ""f_f_market_selected_ret_30m"": 0.3157608147100679, ""f_new_family_balance"": 2.95}"
B2,f_micro_selected_taker_share_prev3m|f_f_market_dispersion_15m|f_f_market_selected_ret_30m|f_new_family_balance,4,4,0.55,17,6,4,7,1,0.18181818181818182,0.08695652173913043,0.6,1,1,1,0,4,3,4,False,"{""f_micro_selected_taker_share_prev3m"": 0.6419992213727249, ""f_f_market_dispersion_15m"": 0.09289213148896941, ""f_f_market_selected_ret_30m"": 0.3157608147100679, ""f_new_family_balance"": 2.95}"
B2,f_micro_selected_taker_share_prev3m|f_f_market_dispersion_15m|f_f_market_selected_ret_30m|f_new_family_balance,4,3,0.6,59,18,18,23,13,0.5454545454545454,0.391304347826087,0.5,3,2,3,3,12,13,3,False,"{""f_micro_selected_taker_share_prev3m"": 0.6817079920724427, ""f_f_market_dispersion_15m"": 0.090819954887291, ""f_f_market_selected_ret_30m"": 0.27953051404961293, ""f_new_family_balance"": 3.0}"
B2,f_micro_selected_taker_share_prev3m|f_f_market_dispersion_15m|f_f_market_selected_ret_30m|f_new_family_balance,4,4,0.6,12,6,3,3,1,0.18181818181818182,0.06521739130434782,0.6666666666666666,1,0,1,0,4,3,4,False,"{""f_micro_selected_taker_share_prev3m"": 0.6817079920724427, ""f_f_market_dispersion_15m"": 0.090819954887291, ""f_f_market_selected_ret_30m"": 0.27953051404961293, ""f_new_family_balance"": 3.0}"
B2,f_micro_selected_taker_share_prev3m|f_f_market_dispersion_15m|f_f_market_selected_ret_30m|f_new_family_balance,4,3,0.65,51,17,12,22,8,0.5151515151515151,0.2608695652173913,0.5862068965517241,3,2,3,1,11,9,4,False,"{""f_micro_selected_taker_share_prev3m"": 0.7238235853967332, ""f_f_market_dispersion_15m"": 0.08984644379961478, ""f_f_market_selected_ret_30m"": 0.24800416168246048, ""f_new_family_balance"": 3.0}"
B2,f_micro_selected_taker_share_prev3m|f_f_market_dispersion_15m|f_f_market_selected_ret_30m|f_new_family_balance,4,4,0.65,6,3,1,2,0,0.09090909090909091,0.021739130434782608,0.75,0,0,1,0,2,1,3,False,"{""f_micro_selected_taker_share_prev3m"": 0.7238235853967332, ""f_f_market_dispersion_15m"": 0.08984644379961478, ""f_f_market_selected_ret_30m"": 0.24800416168246048, ""f_new_family_balance"": 3.0}"
B2,f_micro_selected_taker_share_prev3m|f_f_market_dispersion_15m|f_f_market_selected_ret_30m|f_new_family_balance,4,3,0.7,45,16,10,19,7,0.48484848484848486,0.21739130434782608,0.6153846153846154,3,1,3,0,10,9,5,False,"{""f_micro_selected_taker_share_prev3m"": 0.7522288015749875, ""f_f_market_dispersion_15m"": 0.08730329330185219, ""f_f_market_selected_ret_30m"": 0.20612865023261098, ""f_new_family_balance"": 3.0}"
B2,f_micro_selected_taker_share_prev3m|f_f_market_dispersion_15m|f_f_market_selected_ret_30m|f_new_family_balance,4,4,0.7,5,3,0,2,0,0.09090909090909091,0.0,1.0,0,0,1,0,2,0,3,False,"{""f_micro_selected_taker_share_prev3m"": 0.7522288015749875, ""f_f_market_dispersion_15m"": 0.08730329330185219, ""f_f_market_selected_ret_30m"": 0.20612865023261098, ""f_new_family_balance"": 3.0}"
B2,f_micro_selected_taker_share_prev3m|f_f_market_dispersion_15m|f_f_market_selected_ret_30m|f_new_family_balance,4,3,0.75,38,14,10,14,7,0.42424242424242425,0.21739130434782608,0.5833333333333334,2,1,3,0,9,9,5,False,"{""f_micro_selected_taker_share_prev3m"": 0.7737788291802238, ""f_f_market_dispersion_15m"": 0.08397532309904639, ""f_f_market_selected_ret_30m"": 0.1590785592414129, ""f_new_family_balance"": 3.0}"
B2,f_micro_selected_taker_share_prev3m|f_f_market_dispersion_15m|f_f_market_selected_ret_30m|f_new_family_balance,4,3,0.8,10,5,1,4,1,0.15151515151515152,0.021739130434782608,0.8333333333333334,0,0,1,0,4,1,4,True,"{""f_micro_selected_taker_share_prev3m"": 0.7920567396352612, ""f_f_market_dispersion_15m"": 0.081451648230247, ""f_f_market_selected_ret_30m"": 0.13117480044327, ""f_new_family_balance"": 3.2}"
B2,f_micro_selected_taker_share_prev3m|f_f_market_dispersion_15m|f_f_market_selected_ret_30m|f_new_family_balance,4,3,0.85,7,5,0,2,0,0.15151515151515152,0.0,1.0,0,0,1,0,4,0,4,True,"{""f_micro_selected_taker_share_prev3m"": 0.8062445036525503, ""f_f_market_dispersion_15m"": 0.07993334252895565, ""f_f_market_selected_ret_30m"": 0.1272039568864461, ""f_new_family_balance"": 3.6499999999999995}"
B2,f_micro_selected_taker_share_prev3m|f_f_market_dispersion_15m|f_f_market_selected_ret_30m|f_new_family_balance,4,3,0.9,6,4,0,2,0,0.12121212121212122,0.0,1.0,0,0,1,0,3,0,4,True,"{""f_micro_selected_taker_share_prev3m"": 0.8225219437602855, ""f_f_market_dispersion_15m"": 0.07698814464435187, ""f_f_market_selected_ret_30m"": 0.11864422057320188, ""f_new_family_balance"": 4.0}"
B2,f_micro_selected_taker_share_prev3m|f_f_market_dispersion_15m|f_micro_price_flow_divergence|f_f_market_aligned_fraction_5m,4,3,0.55,72,20,22,30,16,0.6060606060606061,0.4782608695652174,0.47619047619047616,4,5,2,2,14,15,4,False,"{""f_micro_selected_taker_share_prev3m"": 0.6419992213727249, ""f_f_market_dispersion_15m"": 0.09289213148896941, ""f_micro_price_flow_divergence"": 0.0119500913633334, ""f_f_market_aligned_fraction_5m"": 0.25}"
B2,f_micro_selected_taker_share_prev3m|f_f_market_dispersion_15m|f_micro_price_flow_divergence|f_f_market_aligned_fraction_5m,4,4,0.55,28,11,7,10,6,0.3333333333333333,0.15217391304347827,0.6111111111111112,2,0,2,2,7,5,5,False,"{""f_micro_selected_taker_share_prev3m"": 0.6419992213727249, ""f_f_market_dispersion_15m"": 0.09289213148896941, ""f_micro_price_flow_divergence"": 0.0119500913633334, ""f_f_market_aligned_fraction_5m"": 0.25}"
B2,f_micro_selected_taker_share_prev3m|f_f_market_dispersion_15m|f_micro_price_flow_divergence|f_f_market_aligned_fraction_5m,4,3,0.6,53,17,15,21,13,0.5151515151515151,0.32608695652173914,0.53125,4,2,2,2,11,11,5,False,"{""f_micro_selected_taker_share_prev3m"": 0.6817079920724427, ""f_f_market_dispersion_15m"": 0.090819954887291, ""f_micro_price_flow_divergence"": 0.012675127220891261, ""f_f_market_aligned_fraction_5m"": 0.5499999999999996}"
B2,f_micro_selected_taker_share_prev3m|f_f_market_dispersion_15m|f_micro_price_flow_divergence|f_f_market_aligned_fraction_5m,4,4,0.6,16,6,3,7,3,0.18181818181818182,0.06521739130434782,0.6666666666666666,2,0,1,1,3,2,4,False,"{""f_micro_selected_taker_share_prev3m"": 0.6817079920724427, ""f_f_market_dispersion_15m"": 0.090819954887291, ""f_micro_price_flow_divergence"": 0.012675127220891261, ""f_f_market_aligned_fraction_5m"": 0.5499999999999996}"
B2,f_micro_selected_taker_share_prev3m|f_f_market_dispersion_15m|f_micro_price_flow_divergence|f_f_market_aligned_fraction_5m,4,3,0.65,39,16,8,15,8,0.48484848484848486,0.17391304347826086,0.6666666666666666,4,2,2,1,10,5,5,False,"{""f_micro_selected_taker_share_prev3m"": 0.7238235853967332, ""f_f_market_dispersion_15m"": 0.08984644379961478, ""f_micro_price_flow_divergence"": 0.012783221361499118, ""f_f_market_aligned_fraction_5m"": 0.8875000000000004}"
B2,f_micro_selected_taker_share_prev3m|f_f_market_dispersion_15m|f_micro_price_flow_divergence|f_f_market_aligned_fraction_5m,4,4,0.65,11,4,2,5,2,0.12121212121212122,0.043478260869565216,0.6666666666666666,1,0,1,1,2,1,3,False,"{""f_micro_selected_taker_share_prev3m"": 0.7238235853967332, ""f_f_market_dispersion_15m"": 0.08984644379961478, ""f_micro_price_flow_divergence"": 0.012783221361499118, ""f_f_market_aligned_fraction_5m"": 0.8875000000000004}"
B2,f_micro_selected_taker_share_prev3m|f_f_market_dispersion_15m|f_micro_price_flow_divergence|f_f_market_aligned_fraction_5m,4,3,0.7,33,14,5,14,5,0.42424242424242425,0.10869565217391304,0.7368421052631579,4,1,2,1,8,3,5,False,"{""f_micro_selected_taker_share_prev3m"": 0.7522288015749875, ""f_f_market_dispersion_15m"": 0.08730329330185219, ""f_micro_price_flow_divergence"": 0.013646104500558977, ""f_f_market_aligned_fraction_5m"": 1.0}"
B2,f_micro_selected_taker_share_prev3m|f_f_market_dispersion_15m|f_micro_price_flow_divergence|f_f_market_aligned_fraction_5m,4,4,0.7,7,3,1,3,1,0.09090909090909091,0.021739130434782608,0.75,1,0,1,0,1,1,3,False,"{""f_micro_selected_taker_share_prev3m"": 0.7522288015749875, ""f_f_market_dispersion_15m"": 0.08730329330185219, ""f_micro_price_flow_divergence"": 0.013646104500558977, ""f_f_market_aligned_fraction_5m"": 1.0}"
B2,f_micro_selected_taker_share_prev3m|f_f_market_dispersion_15m|f_micro_price_flow_divergence|f_f_market_aligned_fraction_5m,4,3,0.75,27,12,5,10,5,0.36363636363636365,0.10869565217391304,0.7058823529411765,3,1,2,1,7,3,5,False,"{""f_micro_selected_taker_share_prev3m"": 0.7737788291802238, ""f_f_market_dispersion_15m"": 0.08397532309904639, ""f_micro_price_flow_divergence"": 0.01488638213884484, ""f_f_market_aligned_fraction_5m"": 1.0}"
B2,f_micro_selected_taker_share_prev3m|f_f_market_dispersion_15m|f_micro_price_flow_divergence|f_f_market_aligned_fraction_5m,4,4,0.75,6,3,1,2,1,0.09090909090909091,0.021739130434782608,0.75,1,0,1,0,1,1,3,False,"{""f_micro_selected_taker_share_prev3m"": 0.7737788291802238, ""f_f_market_dispersion_15m"": 0.08397532309904639, ""f_micro_price_flow_divergence"": 0.01488638213884484, ""f_f_market_aligned_fraction_5m"": 1.0}"
B2,f_micro_selected_taker_share_prev3m|f_f_market_dispersion_15m|f_micro_price_flow_divergence|f_f_market_aligned_fraction_5m,4,3,0.8,20,9,4,7,4,0.2727272727272727,0.08695652173913043,0.6923076923076923,3,0,2,1,4,3,4,False,"{""f_micro_selected_taker_share_prev3m"": 0.7920567396352612, ""f_f_market_dispersion_15m"": 0.081451648230247, ""f_micro_price_flow_divergence"": 0.019082996203197426, ""f_f_market_aligned_fraction_5m"": 1.0}"
B2,f_micro_selected_taker_share_prev3m|f_f_market_dispersion_15m|f_micro_price_flow_divergence|f_f_market_aligned_fraction_5m,4,3,0.85,17,7,4,6,4,0.21212121212121213,0.08695652173913043,0.6363636363636364,2,0,2,1,3,3,4,False,"{""f_micro_selected_taker_share_prev3m"": 0.8062445036525503, ""f_f_market_dispersion_15m"": 0.07993334252895565, ""f_micro_price_flow_divergence"": 0.026975030800133398, ""f_f_market_aligned_fraction_5m"": 1.0}"
B2,f_micro_selected_taker_share_prev3m|f_f_market_dispersion_15m|f_micro_price_flow_divergence|f_f_market_aligned_fraction_5m,4,3,0.9,8,4,1,3,1,0.12121212121212122,0.021739130434782608,0.8,1,0,2,0,1,1,3,False,"{""f_micro_selected_taker_share_prev3m"": 0.8225219437602855, ""f_f_market_dispersion_15m"": 0.07698814464435187, ""f_micro_price_flow_divergence"": 0.046956635495231006, ""f_f_market_aligned_fraction_5m"": 1.0}"
B2,f_micro_selected_taker_share_prev3m|f_f_market_dispersion_15m|f_micro_price_flow_divergence|f_new_family_balance,4,3,0.55,54,17,13,24,8,0.5151515151515151,0.2826086956521739,0.5666666666666667,4,3,2,2,11,8,5,False,"{""f_micro_selected_taker_share_prev3m"": 0.6419992213727249, ""f_f_market_dispersion_15m"": 0.09289213148896941, ""f_micro_price_flow_divergence"": 0.0119500913633334, ""f_new_family_balance"": 2.95}"
B2,f_micro_selected_taker_share_prev3m|f_f_market_dispersion_15m|f_micro_price_flow_divergence|f_new_family_balance,4,4,0.55,9,5,2,2,1,0.15151515151515152,0.043478260869565216,0.7142857142857143,1,1,1,0,3,1,4,True,"{""f_micro_selected_taker_share_prev3m"": 0.6419992213727249, ""f_f_market_dispersion_15m"": 0.09289213148896941, ""f_micro_price_flow_divergence"": 0.0119500913633334, ""f_new_family_balance"": 2.95}"
B2,f_micro_selected_taker_share_prev3m|f_f_market_dispersion_15m|f_micro_price_flow_divergence|f_new_family_balance,4,3,0.6,44,15,11,18,7,0.45454545454545453,0.2391304347826087,0.5769230769230769,4,2,2,2,9,7,5,False,"{""f_micro_selected_taker_share_prev3m"": 0.6817079920724427, ""f_f_market_dispersion_15m"": 0.090819954887291, ""f_micro_price_flow_divergence"": 0.012675127220891261, ""f_new_family_balance"": 3.0}"
B2,f_micro_selected_taker_share_prev3m|f_f_market_dispersion_15m|f_micro_price_flow_divergence|f_new_family_balance,4,4,0.6,6,5,1,0,1,0.15151515151515152,0.021739130434782608,0.8333333333333334,1,0,1,0,3,1,4,True,"{""f_micro_selected_taker_share_prev3m"": 0.6817079920724427, ""f_f_market_dispersion_15m"": 0.090819954887291, ""f_micro_price_flow_divergence"": 0.012675127220891261, ""f_new_family_balance"": 3.0}"
B2,f_micro_selected_taker_share_prev3m|f_f_market_dispersion_15m|f_micro_price_flow_divergence|f_new_family_balance,4,3,0.65,36,13,8,15,5,0.3939393939393939,0.17391304347826086,0.6190476190476191,4,2,2,1,7,5,4,False,"{""f_micro_selected_taker_share_prev3m"": 0.7238235853967332, ""f_f_market_dispersion_15m"": 0.08984644379961478, ""f_micro_price_flow_divergence"": 0.012783221361499118, ""f_new_family_balance"": 3.0}"
B2,f_micro_selected_taker_share_prev3m|f_f_market_dispersion_15m|f_micro_price_flow_divergence|f_new_family_balance,4,4,0.65,3,3,0,0,0,0.09090909090909091,0.0,1.0,0,0,1,0,2,0,3,False,"{""f_micro_selected_taker_share_prev3m"": 0.7238235853967332, ""f_f_market_dispersion_15m"": 0.08984644379961478, ""f_micro_price_flow_divergence"": 0.012783221361499118, ""f_new_family_balance"": 3.0}"
B2,f_micro_selected_taker_share_prev3m|f_f_market_dispersion_15m|f_micro_price_flow_divergence|f_new_family_balance,4,3,0.7,27,12,3,12,2,0.36363636363636365,0.06521739130434782,0.8,4,0,2,0,6,3,5,True,"{""f_micro_selected_taker_share_prev3m"": 0.7522288015749875, ""f_f_market_dispersion_15m"": 0.08730329330185219, ""f_micro_price_flow_divergence"": 0.013646104500558977, ""f_new_family_balance"": 3.0}"
B2,f_micro_selected_taker_share_prev3m|f_f_market_dispersion_15m|f_micro_price_flow_divergence|f_new_family_balance,4,4,0.7,3,3,0,0,0,0.09090909090909091,0.0,1.0,0,0,1,0,2,0,3,False,"{""f_micro_selected_taker_share_prev3m"": 0.7522288015749875, ""f_f_market_dispersion_15m"": 0.08730329330185219, ""f_micro_price_flow_divergence"": 0.013646104500558977, ""f_new_family_balance"": 3.0}"
B2,f_micro_selected_taker_share_prev3m|f_f_market_dispersion_15m|f_micro_price_flow_divergence|f_new_family_balance,4,3,0.75,23,11,3,9,2,0.3333333333333333,0.06521739130434782,0.7857142857142857,3,0,2,0,6,3,5,True,"{""f_micro_selected_taker_share_prev3m"": 0.7737788291802238, ""f_f_market_dispersion_15m"": 0.08397532309904639, ""f_micro_price_flow_divergence"": 0.01488638213884484, ""f_new_family_balance"": 3.0}"
B2,f_micro_selected_taker_share_prev3m|f_f_market_dispersion_15m|f_micro_price_flow_divergence|f_new_family_balance,4,3,0.8,8,5,1,2,1,0.15151515151515152,0.021739130434782608,0.8333333333333334,0,0,2,0,3,1,3,False,"{""f_micro_selected_taker_share_prev3m"": 0.7920567396352612, ""f_f_market_dispersion_15m"": 0.081451648230247, ""f_micro_price_flow_divergence"": 0.019082996203197426, ""f_new_family_balance"": 3.2}"
B2,f_micro_selected_taker_share_prev3m|f_f_market_dispersion_15m|f_micro_price_flow_divergence|f_new_family_balance,4,3,0.85,6,4,1,1,1,0.12121212121212122,0.021739130434782608,0.8,0,0,1,0,3,1,3,False,"{""f_micro_selected_taker_share_prev3m"": 0.8062445036525503, ""f_f_market_dispersion_15m"": 0.07993334252895565, ""f_micro_price_flow_divergence"": 0.026975030800133398, ""f_new_family_balance"": 3.6499999999999995}"
B2,f_micro_selected_taker_share_prev3m|f_f_market_dispersion_15m|f_micro_price_flow_divergence|f_new_family_balance,4,3,0.9,3,3,0,0,0,0.09090909090909091,0.0,1.0,0,0,1,0,2,0,3,False,"{""f_micro_selected_taker_share_prev3m"": 0.8225219437602855, ""f_f_market_dispersion_15m"": 0.07698814464435187, ""f_micro_price_flow_divergence"": 0.046956635495231006, ""f_new_family_balance"": 4.0}"
B2,f_micro_selected_taker_share_prev3m|f_f_market_dispersion_15m|f_f_market_aligned_fraction_5m|f_new_family_balance,4,3,0.55,68,20,19,29,13,0.6060606060606061,0.41304347826086957,0.5128205128205128,4,2,3,2,13,15,4,False,"{""f_micro_selected_taker_share_prev3m"": 0.6419992213727249, ""f_f_market_dispersion_15m"": 0.09289213148896941, ""f_f_market_aligned_fraction_5m"": 0.25, ""f_new_family_balance"": 2.95}"
B2,f_micro_selected_taker_share_prev3m|f_f_market_dispersion_15m|f_f_market_aligned_fraction_5m|f_new_family_balance,4,4,0.55,14,6,3,5,1,0.18181818181818182,0.06521739130434782,0.6666666666666666,1,0,1,0,4,3,3,False,"{""f_micro_selected_taker_share_prev3m"": 0.6419992213727249, ""f_f_market_dispersion_15m"": 0.09289213148896941, ""f_f_market_aligned_fraction_5m"": 0.25, ""f_new_family_balance"": 2.95}"
B2,f_micro_selected_taker_share_prev3m|f_f_market_dispersion_15m|f_f_market_aligned_fraction_5m|f_new_family_balance,4,3,0.6,44,13,10,21,7,0.3939393939393939,0.21739130434782608,0.5652173913043478,4,0,1,1,8,9,4,False,"{""f_micro_selected_taker_share_prev3m"": 0.6817079920724427, ""f_f_market_dispersion_15m"": 0.090819954887291, ""f_f_market_aligned_fraction_5m"": 0.5499999999999996, ""f_new_family_balance"": 3.0}"
B2,f_micro_selected_taker_share_prev3m|f_f_market_dispersion_15m|f_f_market_aligned_fraction_5m|f_new_family_balance,4,4,0.6,8,4,2,2,1,0.12121212121212122,0.043478260869565216,0.6666666666666666,1,0,1,0,2,2,3,False,"{""f_micro_selected_taker_share_prev3m"": 0.6817079920724427, ""f_f_market_dispersion_15m"": 0.090819954887291, ""f_f_market_aligned_fraction_5m"": 0.5499999999999996, ""f_new_family_balance"": 3.0}"
B2,f_micro_selected_taker_share_prev3m|f_f_market_dispersion_15m|f_f_market_aligned_fraction_5m|f_new_family_balance,4,3,0.65,32,12,6,14,4,0.36363636363636365,0.13043478260869565,0.6666666666666666,4,0,1,1,7,5,4,False,"{""f_micro_selected_taker_share_prev3m"": 0.7238235853967332, ""f_f_market_dispersion_15m"": 0.08984644379961478, ""f_f_market_aligned_fraction_5m"": 0.8875000000000004, ""f_new_family_balance"": 3.0}"
B2,f_micro_selected_taker_share_prev3m|f_f_market_dispersion_15m|f_f_market_aligned_fraction_5m|f_new_family_balance,4,3,0.7,27,11,4,12,3,0.3333333333333333,0.08695652173913043,0.7333333333333333,4,0,1,0,6,4,4,True,"{""f_micro_selected_taker_share_prev3m"": 0.7522288015749875, ""f_f_market_dispersion_15m"": 0.08730329330185219, ""f_f_market_aligned_fraction_5m"": 1.0, ""f_new_family_balance"": 3.0}"
B2,f_micro_selected_taker_share_prev3m|f_f_market_dispersion_15m|f_f_market_aligned_fraction_5m|f_new_family_balance,4,3,0.75,24,9,4,11,3,0.2727272727272727,0.08695652173913043,0.6923076923076923,3,0,1,0,5,4,4,False,"{""f_micro_selected_taker_share_prev3m"": 0.7737788291802238, ""f_f_market_dispersion_15m"": 0.08397532309904639, ""f_f_market_aligned_fraction_5m"": 1.0, ""f_new_family_balance"": 3.0}"
B2,f_micro_selected_taker_share_prev3m|f_f_market_dispersion_15m|f_f_market_aligned_fraction_5m|f_new_family_balance,4,3,0.8,6,3,1,2,1,0.09090909090909091,0.021739130434782608,0.75,0,0,1,0,2,1,3,False,"{""f_micro_selected_taker_share_prev3m"": 0.7920567396352612, ""f_f_market_dispersion_15m"": 0.081451648230247, ""f_f_market_aligned_fraction_5m"": 1.0, ""f_new_family_balance"": 3.2}"
B2,f_micro_selected_taker_share_prev3m|f_context_breakdown_down_pct|f_f_market_selected_ret_30m|f_micro_price_flow_divergence,4,3,0.55,58,17,14,27,11,0.5151515151515151,0.30434782608695654,0.5483870967741935,4,5,2,2,11,7,5,False,"{""f_micro_selected_taker_share_prev3m"": 0.6419992213727249, ""f_context_breakdown_down_pct"": 0.14433969999999996, ""f_f_market_selected_ret_30m"": 0.3157608147100679, ""f_micro_price_flow_divergence"": 0.0119500913633334}"
B2,f_micro_selected_taker_share_prev3m|f_context_breakdown_down_pct|f_f_market_selected_ret_30m|f_micro_price_flow_divergence,4,4,0.55,15,6,3,6,3,0.18181818181818182,0.06521739130434782,0.6666666666666666,2,1,0,0,4,2,4,False,"{""f_micro_selected_taker_share_prev3m"": 0.6419992213727249, ""f_context_breakdown_down_pct"": 0.14433969999999996, ""f_f_market_selected_ret_30m"": 0.3157608147100679, ""f_micro_price_flow_divergence"": 0.0119500913633334}"
B2,f_micro_selected_taker_share_prev3m|f_context_breakdown_down_pct|f_f_market_selected_ret_30m|f_micro_price_flow_divergence,4,3,0.6,48,15,12,21,10,0.45454545454545453,0.2608695652173913,0.5555555555555556,3,4,2,2,10,6,5,False,"{""f_micro_selected_taker_share_prev3m"": 0.6817079920724427, ""f_context_breakdown_down_pct"": 0.10880200000000001, ""f_f_market_selected_ret_30m"": 0.27953051404961293, ""f_micro_price_flow_divergence"": 0.012675127220891261}"
B2,f_micro_selected_taker_share_prev3m|f_context_breakdown_down_pct|f_f_market_selected_ret_30m|f_micro_price_flow_divergence,4,4,0.6,9,5,1,3,1,0.15151515151515152,0.021739130434782608,0.8333333333333334,2,0,0,0,3,1,3,False,"{""f_micro_selected_taker_share_prev3m"": 0.6817079920724427, ""f_context_breakdown_down_pct"": 0.10880200000000001, ""f_f_market_selected_ret_30m"": 0.27953051404961293, ""f_micro_price_flow_divergence"": 0.012675127220891261}"
B2,f_micro_selected_taker_share_prev3m|f_context_breakdown_down_pct|f_f_market_selected_ret_30m|f_micro_price_flow_divergence,4,3,0.65,40,14,7,19,6,0.42424242424242425,0.15217391304347827,0.6666666666666666,3,4,2,1,9,2,5,False,"{""f_micro_selected_taker_share_prev3m"": 0.7238235853967332, ""f_context_breakdown_down_pct"": 0.07557175, ""f_f_market_selected_ret_30m"": 0.24800416168246048, ""f_micro_price_flow_divergence"": 0.012783221361499118}"
B2,f_micro_selected_taker_share_prev3m|f_context_breakdown_down_pct|f_f_market_selected_ret_30m|f_micro_price_flow_divergence,4,4,0.65,6,3,0,3,0,0.09090909090909091,0.0,1.0,1,0,0,0,2,0,2,False,"{""f_micro_selected_taker_share_prev3m"": 0.7238235853967332, ""f_context_breakdown_down_pct"": 0.07557175, ""f_f_market_selected_ret_30m"": 0.24800416168246048, ""f_micro_price_flow_divergence"": 0.012783221361499118}"
B2,f_micro_selected_taker_share_prev3m|f_context_breakdown_down_pct|f_f_market_selected_ret_30m|f_micro_price_flow_divergence,4,3,0.7,29,13,3,13,3,0.3939393939393939,0.06521739130434782,0.8125,3,2,2,0,8,1,5,True,"{""f_micro_selected_taker_share_prev3m"": 0.7522288015749875, ""f_context_breakdown_down_pct"": 0.045146500000000006, ""f_f_market_selected_ret_30m"": 0.20612865023261098, ""f_micro_price_flow_divergence"": 0.013646104500558977}"
B2,f_micro_selected_taker_share_prev3m|f_context_breakdown_down_pct|f_f_market_selected_ret_30m|f_micro_price_flow_divergence,4,3,0.75,25,13,3,9,3,0.3939393939393939,0.06521739130434782,0.8125,3,2,2,0,8,1,5,True,"{""f_micro_selected_taker_share_prev3m"": 0.7737788291802238, ""f_context_breakdown_down_pct"": 0.01612375, ""f_f_market_selected_ret_30m"": 0.1590785592414129, ""f_micro_price_flow_divergence"": 0.01488638213884484}"
B2,f_micro_selected_taker_share_prev3m|f_context_breakdown_down_pct|f_f_market_selected_ret_30m|f_micro_price_flow_divergence,4,3,0.8,16,9,2,5,2,0.2727272727272727,0.043478260869565216,0.8181818181818182,3,1,1,0,5,1,4,True,"{""f_micro_selected_taker_share_prev3m"": 0.7920567396352612, ""f_context_breakdown_down_pct"": 0.0, ""f_f_market_selected_ret_30m"": 0.13117480044327, ""f_micro_price_flow_divergence"": 0.019082996203197426}"
B2,f_micro_selected_taker_share_prev3m|f_context_breakdown_down_pct|f_f_market_selected_ret_30m|f_micro_price_flow_divergence,4,3,0.85,13,7,2,4,2,0.21212121212121213,0.043478260869565216,0.7777777777777778,2,1,1,0,4,1,4,True,"{""f_micro_selected_taker_share_prev3m"": 0.8062445036525503, ""f_context_breakdown_down_pct"": 0.0, ""f_f_market_selected_ret_30m"": 0.1272039568864461, ""f_micro_price_flow_divergence"": 0.026975030800133398}"
B2,f_micro_selected_taker_share_prev3m|f_context_breakdown_down_pct|f_f_market_selected_ret_30m|f_micro_price_flow_divergence,4,3,0.9,5,4,1,0,1,0.12121212121212122,0.021739130434782608,0.8,1,0,1,0,2,1,4,True,"{""f_micro_selected_taker_share_prev3m"": 0.8225219437602855, ""f_context_breakdown_down_pct"": 0.0, ""f_f_market_selected_ret_30m"": 0.11864422057320188, ""f_micro_price_flow_divergence"": 0.046956635495231006}"
B2,f_micro_selected_taker_share_prev3m|f_context_breakdown_down_pct|f_f_market_selected_ret_30m|f_f_market_aligned_fraction_5m,4,3,0.55,75,22,21,32,15,0.6666666666666666,0.45652173913043476,0.5116279069767442,4,4,2,2,16,15,4,False,"{""f_micro_selected_taker_share_prev3m"": 0.6419992213727249, ""f_context_breakdown_down_pct"": 0.14433969999999996, ""f_f_market_selected_ret_30m"": 0.3157608147100679, ""f_f_market_aligned_fraction_5m"": 0.25}"
B2,f_micro_selected_taker_share_prev3m|f_context_breakdown_down_pct|f_f_market_selected_ret_30m|f_f_market_aligned_fraction_5m,4,4,0.55,18,5,2,11,2,0.15151515151515152,0.043478260869565216,0.7142857142857143,2,0,0,0,3,2,4,True,"{""f_micro_selected_taker_share_prev3m"": 0.6419992213727249, ""f_context_breakdown_down_pct"": 0.14433969999999996, ""f_f_market_selected_ret_30m"": 0.3157608147100679, ""f_f_market_aligned_fraction_5m"": 0.25}"
B2,f_micro_selected_taker_share_prev3m|f_context_breakdown_down_pct|f_f_market_selected_ret_30m|f_f_market_aligned_fraction_5m,4,3,0.6,50,14,12,24,9,0.42424242424242425,0.2608695652173913,0.5384615384615384,3,1,1,1,10,10,4,False,"{""f_micro_selected_taker_share_prev3m"": 0.6817079920724427, ""f_context_breakdown_down_pct"": 0.10880200000000001, ""f_f_market_selected_ret_30m"": 0.27953051404961293, ""f_f_market_aligned_fraction_5m"": 0.5499999999999996}"
B2,f_micro_selected_taker_share_prev3m|f_context_breakdown_down_pct|f_f_market_selected_ret_30m|f_f_market_aligned_fraction_5m,4,4,0.6,7,4,0,3,0,0.12121212121212122,0.0,1.0,2,0,0,0,2,0,3,False,"{""f_micro_selected_taker_share_prev3m"": 0.6817079920724427, ""f_context_breakdown_down_pct"": 0.10880200000000001, ""f_f_market_selected_ret_30m"": 0.27953051404961293, ""f_f_market_aligned_fraction_5m"": 0.5499999999999996}"
B2,f_micro_selected_taker_share_prev3m|f_context_breakdown_down_pct|f_f_market_selected_ret_30m|f_f_market_aligned_fraction_5m,4,3,0.65,32,11,4,17,3,0.3333333333333333,0.08695652173913043,0.7333333333333333,3,1,1,1,7,2,4,True,"{""f_micro_selected_taker_share_prev3m"": 0.7238235853967332, ""f_context_breakdown_down_pct"": 0.07557175, ""f_f_market_selected_ret_30m"": 0.24800416168246048, ""f_f_market_aligned_fraction_5m"": 0.8875000000000004}"
B2,f_micro_selected_taker_share_prev3m|f_context_breakdown_down_pct|f_f_market_selected_ret_30m|f_f_market_aligned_fraction_5m,4,3,0.7,23,11,2,10,1,0.3333333333333333,0.043478260869565216,0.8461538461538461,3,1,1,0,7,1,4,True,"{""f_micro_selected_taker_share_prev3m"": 0.7522288015749875, ""f_context_breakdown_down_pct"": 0.045146500000000006, ""f_f_market_selected_ret_30m"": 0.20612865023261098, ""f_f_market_aligned_fraction_5m"": 1.0}"
B2,f_micro_selected_taker_share_prev3m|f_context_breakdown_down_pct|f_f_market_selected_ret_30m|f_f_market_aligned_fraction_5m,4,3,0.75,17,10,2,5,1,0.30303030303030304,0.043478260869565216,0.8333333333333334,3,1,1,0,6,1,4,True,"{""f_micro_selected_taker_share_prev3m"": 0.7737788291802238, ""f_context_breakdown_down_pct"": 0.01612375, ""f_f_market_selected_ret_30m"": 0.1590785592414129, ""f_f_market_aligned_fraction_5m"": 1.0}"
B2,f_micro_selected_taker_share_prev3m|f_context_breakdown_down_pct|f_f_market_selected_ret_30m|f_f_market_aligned_fraction_5m,4,3,0.8,14,9,2,3,1,0.2727272727272727,0.043478260869565216,0.8181818181818182,3,1,0,0,6,1,3,False,"{""f_micro_selected_taker_share_prev3m"": 0.7920567396352612, ""f_context_breakdown_down_pct"": 0.0, ""f_f_market_selected_ret_30m"": 0.13117480044327, ""f_f_market_aligned_fraction_5m"": 1.0}"
B2,f_micro_selected_taker_share_prev3m|f_context_breakdown_down_pct|f_f_market_selected_ret_30m|f_f_market_aligned_fraction_5m,4,3,0.85,13,9,2,2,1,0.2727272727272727,0.043478260869565216,0.8181818181818182,3,1,0,0,6,1,3,False,"{""f_micro_selected_taker_share_prev3m"": 0.8062445036525503, ""f_context_breakdown_down_pct"": 0.0, ""f_f_market_selected_ret_30m"": 0.1272039568864461, ""f_f_market_aligned_fraction_5m"": 1.0}"
B2,f_micro_selected_taker_share_prev3m|f_context_breakdown_down_pct|f_f_market_selected_ret_30m|f_f_market_aligned_fraction_5m,4,3,0.9,12,9,1,2,0,0.2727272727272727,0.021739130434782608,0.9,3,0,0,0,6,1,3,False,"{""f_micro_selected_taker_share_prev3m"": 0.8225219437602855, ""f_context_breakdown_down_pct"": 0.0, ""f_f_market_selected_ret_30m"": 0.11864422057320188, ""f_f_market_aligned_fraction_5m"": 1.0}"
B2,f_micro_selected_taker_share_prev3m|f_context_breakdown_down_pct|f_f_market_selected_ret_30m|f_new_family_balance,4,3,0.55,46,13,11,22,7,0.3939393939393939,0.2391304347826087,0.5416666666666666,3,3,1,0,9,8,4,False,"{""f_micro_selected_taker_share_prev3m"": 0.6419992213727249, ""f_context_breakdown_down_pct"": 0.14433969999999996, ""f_f_market_selected_ret_30m"": 0.3157608147100679, ""f_new_family_balance"": 2.95}"
B2,f_micro_selected_taker_share_prev3m|f_context_breakdown_down_pct|f_f_market_selected_ret_30m|f_new_family_balance,4,4,0.55,10,4,0,6,0,0.12121212121212122,0.0,1.0,2,0,0,0,2,0,3,False,"{""f_micro_selected_taker_share_prev3m"": 0.6419992213727249, ""f_context_breakdown_down_pct"": 0.14433969999999996, ""f_f_market_selected_ret_30m"": 0.3157608147100679, ""f_new_family_balance"": 2.95}"
B2,f_micro_selected_taker_share_prev3m|f_context_breakdown_down_pct|f_f_market_selected_ret_30m|f_new_family_balance,4,3,0.6,36,11,8,17,4,0.3333333333333333,0.17391304347826086,0.5789473684210527,2,2,1,0,8,6,4,False,"{""f_micro_selected_taker_share_prev3m"": 0.6817079920724427, ""f_context_breakdown_down_pct"": 0.10880200000000001, ""f_f_market_selected_ret_30m"": 0.27953051404961293, ""f_new_family_balance"": 3.0}"
B2,f_micro_selected_taker_share_prev3m|f_context_breakdown_down_pct|f_f_market_selected_ret_30m|f_new_family_balance,4,4,0.6,6,4,0,2,0,0.12121212121212122,0.0,1.0,2,0,0,0,2,0,3,False,"{""f_micro_selected_taker_share_prev3m"": 0.6817079920724427, ""f_context_breakdown_down_pct"": 0.10880200000000001, ""f_f_market_selected_ret_30m"": 0.27953051404961293, ""f_new_family_balance"": 3.0}"
B2,f_micro_selected_taker_share_prev3m|f_context_breakdown_down_pct|f_f_market_selected_ret_30m|f_new_family_balance,4,3,0.65,30,9,5,16,2,0.2727272727272727,0.10869565217391304,0.6428571428571429,2,2,1,0,6,3,4,False,"{""f_micro_selected_taker_share_prev3m"": 0.7238235853967332, ""f_context_breakdown_down_pct"": 0.07557175, ""f_f_market_selected_ret_30m"": 0.24800416168246048, ""f_new_family_balance"": 3.0}"
B2,f_micro_selected_taker_share_prev3m|f_context_breakdown_down_pct|f_f_market_selected_ret_30m|f_new_family_balance,4,3,0.7,22,8,3,11,2,0.24242424242424243,0.06521739130434782,0.7272727272727273,2,1,1,0,5,2,4,True,"{""f_micro_selected_taker_share_prev3m"": 0.7522288015749875, ""f_context_breakdown_down_pct"": 0.045146500000000006, ""f_f_market_selected_ret_30m"": 0.20612865023261098, ""f_new_family_balance"": 3.0}"
B2,f_micro_selected_taker_share_prev3m|f_context_breakdown_down_pct|f_f_market_selected_ret_30m|f_new_family_balance,4,3,0.75,16,7,3,6,2,0.21212121212121213,0.06521739130434782,0.7,2,1,1,0,4,2,4,True,"{""f_micro_selected_taker_share_prev3m"": 0.7737788291802238, ""f_context_breakdown_down_pct"": 0.01612375, ""f_f_market_selected_ret_30m"": 0.1590785592414129, ""f_new_family_balance"": 3.0}"
B2,f_micro_selected_taker_share_prev3m|f_context_breakdown_down_pct|f_micro_price_flow_divergence|f_f_market_aligned_fraction_5m,4,3,0.55,57,18,16,23,15,0.5454545454545454,0.34782608695652173,0.5294117647058824,4,3,2,2,12,11,4,False,"{""f_micro_selected_taker_share_prev3m"": 0.6419992213727249, ""f_context_breakdown_down_pct"": 0.14433969999999996, ""f_micro_price_flow_divergence"": 0.0119500913633334, ""f_f_market_aligned_fraction_5m"": 0.25}"
B2,f_micro_selected_taker_share_prev3m|f_context_breakdown_down_pct|f_micro_price_flow_divergence|f_f_market_aligned_fraction_5m,4,4,0.55,16,6,3,7,3,0.18181818181818182,0.06521739130434782,0.6666666666666666,2,1,0,0,4,2,4,False,"{""f_micro_selected_taker_share_prev3m"": 0.6419992213727249, ""f_context_breakdown_down_pct"": 0.14433969999999996, ""f_micro_price_flow_divergence"": 0.0119500913633334, ""f_f_market_aligned_fraction_5m"": 0.25}"
B2,f_micro_selected_taker_share_prev3m|f_context_breakdown_down_pct|f_micro_price_flow_divergence|f_f_market_aligned_fraction_5m,4,3,0.6,40,13,10,17,10,0.3939393939393939,0.21739130434782608,0.5652173913043478,4,2,1,1,8,7,5,False,"{""f_micro_selected_taker_share_prev3m"": 0.6817079920724427, ""f_context_breakdown_down_pct"": 0.10880200000000001, ""f_micro_price_flow_divergence"": 0.012675127220891261, ""f_f_market_aligned_fraction_5m"": 0.5499999999999996}"
B2,f_micro_selected_taker_share_prev3m|f_context_breakdown_down_pct|f_micro_price_flow_divergence|f_f_market_aligned_fraction_5m,4,4,0.6,8,5,1,2,1,0.15151515151515152,0.021739130434782608,0.8333333333333334,2,1,0,0,3,0,3,False,"{""f_micro_selected_taker_share_prev3m"": 0.6817079920724427, ""f_context_breakdown_down_pct"": 0.10880200000000001, ""f_micro_price_flow_divergence"": 0.012675127220891261, ""f_f_market_aligned_fraction_5m"": 0.5499999999999996}"
B2,f_micro_selected_taker_share_prev3m|f_context_breakdown_down_pct|f_micro_price_flow_divergence|f_f_market_aligned_fraction_5m,4,3,0.65,31,12,6,13,6,0.36363636363636365,0.13043478260869565,0.6666666666666666,4,2,1,1,7,3,5,False,"{""f_micro_selected_taker_share_prev3m"": 0.7238235853967332, ""f_context_breakdown_down_pct"": 0.07557175, ""f_micro_price_flow_divergence"": 0.012783221361499118, ""f_f_market_aligned_fraction_5m"": 0.8875000000000004}"
B2,f_micro_selected_taker_share_prev3m|f_context_breakdown_down_pct|f_micro_price_flow_divergence|f_f_market_aligned_fraction_5m,4,4,0.65,5,3,1,1,1,0.09090909090909091,0.021739130434782608,0.75,1,1,0,0,2,0,2,False,"{""f_micro_selected_taker_share_prev3m"": 0.7238235853967332, ""f_context_breakdown_down_pct"": 0.07557175, ""f_micro_price_flow_divergence"": 0.012783221361499118, ""f_f_market_aligned_fraction_5m"": 0.8875000000000004}"
B2,f_micro_selected_taker_share_prev3m|f_context_breakdown_down_pct|f_micro_price_flow_divergence|f_f_market_aligned_fraction_5m,4,3,0.7,23,10,3,10,3,0.30303030303030304,0.06521739130434782,0.7692307692307693,4,1,1,0,5,2,5,True,"{""f_micro_selected_taker_share_prev3m"": 0.7522288015749875, ""f_context_breakdown_down_pct"": 0.045146500000000006, ""f_micro_price_flow_divergence"": 0.013646104500558977, ""f_f_market_aligned_fraction_5m"": 1.0}"
B2,f_micro_selected_taker_share_prev3m|f_context_breakdown_down_pct|f_micro_price_flow_divergence|f_f_market_aligned_fraction_5m,4,3,0.75,18,9,3,6,3,0.2727272727272727,0.06521739130434782,0.75,3,1,1,0,5,2,5,True,"{""f_micro_selected_taker_share_prev3m"": 0.7737788291802238, ""f_context_breakdown_down_pct"": 0.01612375, ""f_micro_price_flow_divergence"": 0.01488638213884484, ""f_f_market_aligned_fraction_5m"": 1.0}"
B2,f_micro_selected_taker_share_prev3m|f_context_breakdown_down_pct|f_micro_price_flow_divergence|f_f_market_aligned_fraction_5m,4,3,0.8,13,8,3,2,3,0.24242424242424243,0.06521739130434782,0.7272727272727273,3,1,1,0,4,2,4,True,"{""f_micro_selected_taker_share_prev3m"": 0.7920567396352612, ""f_context_breakdown_down_pct"": 0.0, ""f_micro_price_flow_divergence"": 0.019082996203197426, ""f_f_market_aligned_fraction_5m"": 1.0}"
B2,f_micro_selected_taker_share_prev3m|f_context_breakdown_down_pct|f_micro_price_flow_divergence|f_f_market_aligned_fraction_5m,4,3,0.85,9,5,3,1,3,0.15151515151515152,0.06521739130434782,0.625,2,1,0,0,3,2,2,False,"{""f_micro_selected_taker_share_prev3m"": 0.8062445036525503, ""f_context_breakdown_down_pct"": 0.0, ""f_micro_price_flow_divergence"": 0.026975030800133398, ""f_f_market_aligned_fraction_5m"": 1.0}"
B2,f_micro_selected_taker_share_prev3m|f_context_breakdown_down_pct|f_micro_price_flow_divergence|f_f_market_aligned_fraction_5m,4,3,0.9,5,4,1,0,1,0.12121212121212122,0.021739130434782608,0.8,2,0,0,0,2,1,2,False,"{""f_micro_selected_taker_share_prev3m"": 0.8225219437602855, ""f_context_breakdown_down_pct"": 0.0, ""f_micro_price_flow_divergence"": 0.046956635495231006, ""f_f_market_aligned_fraction_5m"": 1.0}"
B2,f_micro_selected_taker_share_prev3m|f_context_breakdown_down_pct|f_micro_price_flow_divergence|f_new_family_balance,4,3,0.55,33,11,7,15,6,0.3333333333333333,0.15217391304347827,0.6111111111111112,3,3,1,0,7,4,5,False,"{""f_micro_selected_taker_share_prev3m"": 0.6419992213727249, ""f_context_breakdown_down_pct"": 0.14433969999999996, ""f_micro_price_flow_divergence"": 0.0119500913633334, ""f_new_family_balance"": 2.95}"
B2,f_micro_selected_taker_share_prev3m|f_context_breakdown_down_pct|f_micro_price_flow_divergence|f_new_family_balance,4,4,0.55,7,4,0,3,0,0.12121212121212122,0.0,1.0,2,0,0,0,2,0,3,False,"{""f_micro_selected_taker_share_prev3m"": 0.6419992213727249, ""f_context_breakdown_down_pct"": 0.14433969999999996, ""f_micro_price_flow_divergence"": 0.0119500913633334, ""f_new_family_balance"": 2.95}"
B2,f_micro_selected_taker_share_prev3m|f_context_breakdown_down_pct|f_micro_price_flow_divergence|f_new_family_balance,4,3,0.6,26,10,5,11,4,0.30303030303030304,0.10869565217391304,0.6666666666666666,3,3,1,0,6,2,4,False,"{""f_micro_selected_taker_share_prev3m"": 0.6817079920724427, ""f_context_breakdown_down_pct"": 0.10880200000000001, ""f_micro_price_flow_divergence"": 0.012675127220891261, ""f_new_family_balance"": 3.0}"
B2,f_micro_selected_taker_share_prev3m|f_context_breakdown_down_pct|f_micro_price_flow_divergence|f_new_family_balance,4,4,0.6,4,4,0,0,0,0.12121212121212122,0.0,1.0,2,0,0,0,2,0,3,False,"{""f_micro_selected_taker_share_prev3m"": 0.6817079920724427, ""f_context_breakdown_down_pct"": 0.10880200000000001, ""f_micro_price_flow_divergence"": 0.012675127220891261, ""f_new_family_balance"": 3.0}"
B2,f_micro_selected_taker_share_prev3m|f_context_breakdown_down_pct|f_micro_price_flow_divergence|f_new_family_balance,4,3,0.65,21,9,3,9,2,0.2727272727272727,0.06521739130434782,0.75,3,3,1,0,5,0,4,True,"{""f_micro_selected_taker_share_prev3m"": 0.7238235853967332, ""f_context_breakdown_down_pct"": 0.07557175, ""f_micro_price_flow_divergence"": 0.012783221361499118, ""f_new_family_balance"": 3.0}"
B2,f_micro_selected_taker_share_prev3m|f_context_breakdown_down_pct|f_micro_price_flow_divergence|f_new_family_balance,4,3,0.7,17,8,1,8,1,0.24242424242424243,0.021739130434782608,0.8888888888888888,3,1,1,0,4,0,4,True,"{""f_micro_selected_taker_share_prev3m"": 0.7522288015749875, ""f_context_breakdown_down_pct"": 0.045146500000000006, ""f_micro_price_flow_divergence"": 0.013646104500558977, ""f_new_family_balance"": 3.0}"
B2,f_micro_selected_taker_share_prev3m|f_context_breakdown_down_pct|f_micro_price_flow_divergence|f_new_family_balance,4,3,0.75,15,7,1,7,1,0.21212121212121213,0.021739130434782608,0.875,2,1,1,0,4,0,4,True,"{""f_micro_selected_taker_share_prev3m"": 0.7737788291802238, ""f_context_breakdown_down_pct"": 0.01612375, ""f_micro_price_flow_divergence"": 0.01488638213884484, ""f_new_family_balance"": 3.0}"
B2,f_micro_selected_taker_share_prev3m|f_context_breakdown_down_pct|f_micro_price_flow_divergence|f_new_family_balance,4,3,0.8,3,3,0,0,0,0.09090909090909091,0.0,1.0,1,0,0,0,2,0,2,False,"{""f_micro_selected_taker_share_prev3m"": 0.7920567396352612, ""f_context_breakdown_down_pct"": 0.0, ""f_micro_price_flow_divergence"": 0.019082996203197426, ""f_new_family_balance"": 3.2}"
B2,f_micro_selected_taker_share_prev3m|f_context_breakdown_down_pct|f_micro_price_flow_divergence|f_new_family_balance,4,3,0.85,3,3,0,0,0,0.09090909090909091,0.0,1.0,1,0,0,0,2,0,2,False,"{""f_micro_selected_taker_share_prev3m"": 0.8062445036525503, ""f_context_breakdown_down_pct"": 0.0, ""f_micro_price_flow_divergence"": 0.026975030800133398, ""f_new_family_balance"": 3.6499999999999995}"
B2,f_micro_selected_taker_share_prev3m|f_context_breakdown_down_pct|f_f_market_aligned_fraction_5m|f_new_family_balance,4,3,0.55,48,14,10,24,7,0.42424242424242425,0.21739130434782608,0.5833333333333334,3,2,1,0,10,8,4,False,"{""f_micro_selected_taker_share_prev3m"": 0.6419992213727249, ""f_context_breakdown_down_pct"": 0.14433969999999996, ""f_f_market_aligned_fraction_5m"": 0.25, ""f_new_family_balance"": 2.95}"
B2,f_micro_selected_taker_share_prev3m|f_context_breakdown_down_pct|f_f_market_aligned_fraction_5m|f_new_family_balance,4,4,0.55,10,4,0,6,0,0.12121212121212122,0.0,1.0,2,0,0,0,2,0,2,False,"{""f_micro_selected_taker_share_prev3m"": 0.6419992213727249, ""f_context_breakdown_down_pct"": 0.14433969999999996, ""f_f_market_aligned_fraction_5m"": 0.25, ""f_new_family_balance"": 2.95}"
B2,f_micro_selected_taker_share_prev3m|f_context_breakdown_down_pct|f_f_market_aligned_fraction_5m|f_new_family_balance,4,3,0.6,32,10,5,17,3,0.30303030303030304,0.10869565217391304,0.6666666666666666,3,1,1,0,6,4,4,False,"{""f_micro_selected_taker_share_prev3m"": 0.6817079920724427, ""f_context_breakdown_down_pct"": 0.10880200000000001, ""f_f_market_aligned_fraction_5m"": 0.5499999999999996, ""f_new_family_balance"": 3.0}"
B2,f_micro_selected_taker_share_prev3m|f_context_breakdown_down_pct|f_f_market_aligned_fraction_5m|f_new_family_balance,4,4,0.6,5,4,0,1,0,0.12121212121212122,0.0,1.0,2,0,0,0,2,0,2,False,"{""f_micro_selected_taker_share_prev3m"": 0.6817079920724427, ""f_context_breakdown_down_pct"": 0.10880200000000001, ""f_f_market_aligned_fraction_5m"": 0.5499999999999996, ""f_new_family_balance"": 3.0}"
B2,f_micro_selected_taker_share_prev3m|f_context_breakdown_down_pct|f_f_market_aligned_fraction_5m|f_new_family_balance,4,3,0.65,23,10,1,12,1,0.30303030303030304,0.021739130434782608,0.9090909090909091,3,1,1,0,6,0,4,True,"{""f_micro_selected_taker_share_prev3m"": 0.7238235853967332, ""f_context_breakdown_down_pct"": 0.07557175, ""f_f_market_aligned_fraction_5m"": 0.8875000000000004, ""f_new_family_balance"": 3.0}"
B2,f_micro_selected_taker_share_prev3m|f_context_breakdown_down_pct|f_f_market_aligned_fraction_5m|f_new_family_balance,4,3,0.7,20,9,1,10,1,0.2727272727272727,0.021739130434782608,0.9,3,1,1,0,5,0,4,True,"{""f_micro_selected_taker_share_prev3m"": 0.7522288015749875, ""f_context_breakdown_down_pct"": 0.045146500000000006, ""f_f_market_aligned_fraction_5m"": 1.0, ""f_new_family_balance"": 3.0}"
B2,f_micro_selected_taker_share_prev3m|f_context_breakdown_down_pct|f_f_market_aligned_fraction_5m|f_new_family_balance,4,3,0.75,16,8,1,7,1,0.24242424242424243,0.021739130434782608,0.8888888888888888,2,1,1,0,5,0,4,True,"{""f_micro_selected_taker_share_prev3m"": 0.7737788291802238, ""f_context_breakdown_down_pct"": 0.01612375, ""f_f_market_aligned_fraction_5m"": 1.0, ""f_new_family_balance"": 3.0}"
B2,f_micro_selected_taker_share_prev3m|f_context_breakdown_down_pct|f_f_market_aligned_fraction_5m|f_new_family_balance,4,3,0.8,6,4,1,1,1,0.12121212121212122,0.021739130434782608,0.8,1,1,0,0,3,0,3,False,"{""f_micro_selected_taker_share_prev3m"": 0.7920567396352612, ""f_context_breakdown_down_pct"": 0.0, ""f_f_market_aligned_fraction_5m"": 1.0, ""f_new_family_balance"": 3.2}"
B2,f_micro_selected_taker_share_prev3m|f_context_breakdown_down_pct|f_f_market_aligned_fraction_5m|f_new_family_balance,4,3,0.85,6,4,1,1,1,0.12121212121212122,0.021739130434782608,0.8,1,1,0,0,3,0,3,False,"{""f_micro_selected_taker_share_prev3m"": 0.8062445036525503, ""f_context_breakdown_down_pct"": 0.0, ""f_f_market_aligned_fraction_5m"": 1.0, ""f_new_family_balance"": 3.6499999999999995}"
B2,f_micro_selected_taker_share_prev3m|f_context_breakdown_down_pct|f_f_market_aligned_fraction_5m|f_new_family_balance,4,3,0.9,5,4,0,1,0,0.12121212121212122,0.0,1.0,1,0,0,0,3,0,3,False,"{""f_micro_selected_taker_share_prev3m"": 0.8225219437602855, ""f_context_breakdown_down_pct"": 0.0, ""f_f_market_aligned_fraction_5m"": 1.0, ""f_new_family_balance"": 4.0}"
B2,f_micro_selected_taker_share_prev3m|f_f_market_selected_ret_30m|f_micro_price_flow_divergence|f_f_market_aligned_fraction_5m,4,3,0.55,74,19,23,32,16,0.5757575757575758,0.5,0.4523809523809524,4,5,2,2,13,16,3,False,"{""f_micro_selected_taker_share_prev3m"": 0.6419992213727249, ""f_f_market_selected_ret_30m"": 0.3157608147100679, ""f_micro_price_flow_divergence"": 0.0119500913633334, ""f_f_market_aligned_fraction_5m"": 0.25}"
B2,f_micro_selected_taker_share_prev3m|f_f_market_selected_ret_30m|f_micro_price_flow_divergence|f_f_market_aligned_fraction_5m,4,4,0.55,34,14,10,10,9,0.42424242424242425,0.21739130434782608,0.5833333333333334,4,1,2,2,8,7,4,False,"{""f_micro_selected_taker_share_prev3m"": 0.6419992213727249, ""f_f_market_selected_ret_30m"": 0.3157608147100679, ""f_micro_price_flow_divergence"": 0.0119500913633334, ""f_f_market_aligned_fraction_5m"": 0.25}"
B2,f_micro_selected_taker_share_prev3m|f_f_market_selected_ret_30m|f_micro_price_flow_divergence|f_f_market_aligned_fraction_5m,4,3,0.6,57,17,17,23,13,0.5151515151515151,0.3695652173913043,0.5,4,3,2,2,11,12,5,False,"{""f_micro_selected_taker_share_prev3m"": 0.6817079920724427, ""f_f_market_selected_ret_30m"": 0.27953051404961293, ""f_micro_price_flow_divergence"": 0.012675127220891261, ""f_f_market_aligned_fraction_5m"": 0.5499999999999996}"
B2,f_micro_selected_taker_share_prev3m|f_f_market_selected_ret_30m|f_micro_price_flow_divergence|f_f_market_aligned_fraction_5m,4,4,0.6,17,7,4,6,4,0.21212121212121213,0.08695652173913043,0.6363636363636364,3,0,1,1,3,3,4,False,"{""f_micro_selected_taker_share_prev3m"": 0.6817079920724427, ""f_f_market_selected_ret_30m"": 0.27953051404961293, ""f_micro_price_flow_divergence"": 0.012675127220891261, ""f_f_market_aligned_fraction_5m"": 0.5499999999999996}"
B2,f_micro_selected_taker_share_prev3m|f_f_market_selected_ret_30m|f_micro_price_flow_divergence|f_f_market_aligned_fraction_5m,4,3,0.65,43,17,10,16,8,0.5151515151515151,0.21739130434782608,0.6296296296296297,4,3,2,1,11,6,5,False,"{""f_micro_selected_taker_share_prev3m"": 0.7238235853967332, ""f_f_market_selected_ret_30m"": 0.24800416168246048, ""f_micro_price_flow_divergence"": 0.012783221361499118, ""f_f_market_aligned_fraction_5m"": 0.8875000000000004}"
B2,f_micro_selected_taker_share_prev3m|f_f_market_selected_ret_30m|f_micro_price_flow_divergence|f_f_market_aligned_fraction_5m,4,4,0.65,11,4,1,6,1,0.12121212121212122,0.021739130434782608,0.8,2,0,1,1,1,0,3,False,"{""f_micro_selected_taker_share_prev3m"": 0.7238235853967332, ""f_f_market_selected_ret_30m"": 0.24800416168246048, ""f_micro_price_flow_divergence"": 0.012783221361499118, ""f_f_market_aligned_fraction_5m"": 0.8875000000000004}"
B2,f_micro_selected_taker_share_prev3m|f_f_market_selected_ret_30m|f_micro_price_flow_divergence|f_f_market_aligned_fraction_5m,4,3,0.7,34,14,7,13,6,0.42424242424242425,0.15217391304347827,0.6666666666666666,4,2,2,1,8,4,5,False,"{""f_micro_selected_taker_share_prev3m"": 0.7522288015749875, ""f_f_market_selected_ret_30m"": 0.20612865023261098, ""f_micro_price_flow_divergence"": 0.013646104500558977, ""f_f_market_aligned_fraction_5m"": 1.0}"
B2,f_micro_selected_taker_share_prev3m|f_f_market_selected_ret_30m|f_micro_price_flow_divergence|f_f_market_aligned_fraction_5m,4,4,0.7,7,3,0,4,0,0.09090909090909091,0.0,1.0,2,0,1,0,0,0,2,False,"{""f_micro_selected_taker_share_prev3m"": 0.7522288015749875, ""f_f_market_selected_ret_30m"": 0.20612865023261098, ""f_micro_price_flow_divergence"": 0.013646104500558977, ""f_f_market_aligned_fraction_5m"": 1.0}"
B2,f_micro_selected_taker_share_prev3m|f_f_market_selected_ret_30m|f_micro_price_flow_divergence|f_f_market_aligned_fraction_5m,4,3,0.75,28,13,7,8,6,0.3939393939393939,0.15217391304347827,0.65,3,2,2,1,8,4,5,False,"{""f_micro_selected_taker_share_prev3m"": 0.7737788291802238, ""f_f_market_selected_ret_30m"": 0.1590785592414129, ""f_micro_price_flow_divergence"": 0.01488638213884484, ""f_f_market_aligned_fraction_5m"": 1.0}"
B2,f_micro_selected_taker_share_prev3m|f_f_market_selected_ret_30m|f_micro_price_flow_divergence|f_f_market_aligned_fraction_5m,4,3,0.8,20,10,6,4,5,0.30303030303030304,0.13043478260869565,0.625,3,1,2,1,5,4,4,False,"{""f_micro_selected_taker_share_prev3m"": 0.7920567396352612, ""f_f_market_selected_ret_30m"": 0.13117480044327, ""f_micro_price_flow_divergence"": 0.019082996203197426, ""f_f_market_aligned_fraction_5m"": 1.0}"
B2,f_micro_selected_taker_share_prev3m|f_f_market_selected_ret_30m|f_micro_price_flow_divergence|f_f_market_aligned_fraction_5m,4,3,0.85,16,7,5,4,4,0.21212121212121213,0.10869565217391304,0.5833333333333334,2,1,1,0,4,4,4,False,"{""f_micro_selected_taker_share_prev3m"": 0.8062445036525503, ""f_f_market_selected_ret_30m"": 0.1272039568864461, ""f_micro_price_flow_divergence"": 0.026975030800133398, ""f_f_market_aligned_fraction_5m"": 1.0}"
B2,f_micro_selected_taker_share_prev3m|f_f_market_selected_ret_30m|f_micro_price_flow_divergence|f_f_market_aligned_fraction_5m,4,3,0.9,9,4,2,3,1,0.12121212121212122,0.043478260869565216,0.6666666666666666,1,0,1,0,2,2,4,False,"{""f_micro_selected_taker_share_prev3m"": 0.8225219437602855, ""f_f_market_selected_ret_30m"": 0.11864422057320188, ""f_micro_price_flow_divergence"": 0.046956635495231006, ""f_f_market_aligned_fraction_5m"": 1.0}"
B2,f_micro_selected_taker_share_prev3m|f_f_market_selected_ret_30m|f_micro_price_flow_divergence|f_new_family_balance,4,3,0.55,55,17,15,23,10,0.5151515151515151,0.32608695652173914,0.53125,4,4,2,2,11,9,4,False,"{""f_micro_selected_taker_share_prev3m"": 0.6419992213727249, ""f_f_market_selected_ret_30m"": 0.3157608147100679, ""f_micro_price_flow_divergence"": 0.0119500913633334, ""f_new_family_balance"": 2.95}"
B2,f_micro_selected_taker_share_prev3m|f_f_market_selected_ret_30m|f_micro_price_flow_divergence|f_new_family_balance,4,4,0.55,13,7,3,3,2,0.21212121212121213,0.06521739130434782,0.7,3,1,1,0,3,2,4,True,"{""f_micro_selected_taker_share_prev3m"": 0.6419992213727249, ""f_f_market_selected_ret_30m"": 0.3157608147100679, ""f_micro_price_flow_divergence"": 0.0119500913633334, ""f_new_family_balance"": 2.95}"
B2,f_micro_selected_taker_share_prev3m|f_f_market_selected_ret_30m|f_micro_price_flow_divergence|f_new_family_balance,4,3,0.6,45,15,12,18,8,0.45454545454545453,0.2608695652173913,0.5555555555555556,4,2,2,2,9,8,5,False,"{""f_micro_selected_taker_share_prev3m"": 0.6817079920724427, ""f_f_market_selected_ret_30m"": 0.27953051404961293, ""f_micro_price_flow_divergence"": 0.012675127220891261, ""f_new_family_balance"": 3.0}"
B2,f_micro_selected_taker_share_prev3m|f_f_market_selected_ret_30m|f_micro_price_flow_divergence|f_new_family_balance,4,4,0.6,9,6,2,1,1,0.18181818181818182,0.043478260869565216,0.75,2,1,1,0,3,1,4,True,"{""f_micro_selected_taker_share_prev3m"": 0.6817079920724427, ""f_f_market_selected_ret_30m"": 0.27953051404961293, ""f_micro_price_flow_divergence"": 0.012675127220891261, ""f_new_family_balance"": 3.0}"
B2,f_micro_selected_taker_share_prev3m|f_f_market_selected_ret_30m|f_micro_price_flow_divergence|f_new_family_balance,4,3,0.65,36,13,6,17,4,0.3939393939393939,0.13043478260869565,0.6842105263157895,4,2,2,1,7,3,4,False,"{""f_micro_selected_taker_share_prev3m"": 0.7238235853967332, ""f_f_market_selected_ret_30m"": 0.24800416168246048, ""f_micro_price_flow_divergence"": 0.012783221361499118, ""f_new_family_balance"": 3.0}"
B2,f_micro_selected_taker_share_prev3m|f_f_market_selected_ret_30m|f_micro_price_flow_divergence|f_new_family_balance,4,4,0.65,6,4,1,1,0,0.12121212121212122,0.021739130434782608,0.8,1,1,1,0,2,0,4,True,"{""f_micro_selected_taker_share_prev3m"": 0.7238235853967332, ""f_f_market_selected_ret_30m"": 0.24800416168246048, ""f_micro_price_flow_divergence"": 0.012783221361499118, ""f_new_family_balance"": 3.0}"
B2,f_micro_selected_taker_share_prev3m|f_f_market_selected_ret_30m|f_micro_price_flow_divergence|f_new_family_balance,4,3,0.7,25,11,2,12,2,0.3333333333333333,0.043478260869565216,0.8461538461538461,4,1,2,0,5,1,5,True,"{""f_micro_selected_taker_share_prev3m"": 0.7522288015749875, ""f_f_market_selected_ret_30m"": 0.20612865023261098, ""f_micro_price_flow_divergence"": 0.013646104500558977, ""f_new_family_balance"": 3.0}"
B2,f_micro_selected_taker_share_prev3m|f_f_market_selected_ret_30m|f_micro_price_flow_divergence|f_new_family_balance,4,4,0.7,5,4,0,1,0,0.12121212121212122,0.0,1.0,1,0,1,0,2,0,4,True,"{""f_micro_selected_taker_share_prev3m"": 0.7522288015749875, ""f_f_market_selected_ret_30m"": 0.20612865023261098, ""f_micro_price_flow_divergence"": 0.013646104500558977, ""f_new_family_balance"": 3.0}"
B2,f_micro_selected_taker_share_prev3m|f_f_market_selected_ret_30m|f_micro_price_flow_divergence|f_new_family_balance,4,3,0.75,20,10,2,8,2,0.30303030303030304,0.043478260869565216,0.8333333333333334,3,1,2,0,5,1,5,True,"{""f_micro_selected_taker_share_prev3m"": 0.7737788291802238, ""f_f_market_selected_ret_30m"": 0.1590785592414129, ""f_micro_price_flow_divergence"": 0.01488638213884484, ""f_new_family_balance"": 3.0}"
B2,f_micro_selected_taker_share_prev3m|f_f_market_selected_ret_30m|f_micro_price_flow_divergence|f_new_family_balance,4,4,0.75,3,3,0,0,0,0.09090909090909091,0.0,1.0,0,0,1,0,2,0,3,False,"{""f_micro_selected_taker_share_prev3m"": 0.7737788291802238, ""f_f_market_selected_ret_30m"": 0.1590785592414129, ""f_micro_price_flow_divergence"": 0.01488638213884484, ""f_new_family_balance"": 3.0}"
B2,f_micro_selected_taker_share_prev3m|f_f_market_selected_ret_30m|f_micro_price_flow_divergence|f_new_family_balance,4,3,0.8,6,4,1,1,1,0.12121212121212122,0.021739130434782608,0.8,1,1,1,0,2,0,4,True,"{""f_micro_selected_taker_share_prev3m"": 0.7920567396352612, ""f_f_market_selected_ret_30m"": 0.13117480044327, ""f_micro_price_flow_divergence"": 0.019082996203197426, ""f_new_family_balance"": 3.2}"
B2,f_micro_selected_taker_share_prev3m|f_f_market_selected_ret_30m|f_micro_price_flow_divergence|f_new_family_balance,4,3,0.85,5,4,1,0,1,0.12121212121212122,0.021739130434782608,0.8,1,1,1,0,2,0,4,True,"{""f_micro_selected_taker_share_prev3m"": 0.8062445036525503, ""f_f_market_selected_ret_30m"": 0.1272039568864461, ""f_micro_price_flow_divergence"": 0.026975030800133398, ""f_new_family_balance"": 3.6499999999999995}"
B2,f_micro_selected_taker_share_prev3m|f_f_market_selected_ret_30m|f_micro_price_flow_divergence|f_new_family_balance,4,3,0.9,4,4,0,0,0,0.12121212121212122,0.0,1.0,1,0,1,0,2,0,4,True,"{""f_micro_selected_taker_share_prev3m"": 0.8225219437602855, ""f_f_market_selected_ret_30m"": 0.11864422057320188, ""f_micro_price_flow_divergence"": 0.046956635495231006, ""f_new_family_balance"": 4.0}"
B2,f_micro_selected_taker_share_prev3m|f_f_market_selected_ret_30m|f_f_market_aligned_fraction_5m|f_new_family_balance,4,3,0.55,73,21,21,31,15,0.6363636363636364,0.45652173913043476,0.5,4,3,3,2,14,16,4,False,"{""f_micro_selected_taker_share_prev3m"": 0.6419992213727249, ""f_f_market_selected_ret_30m"": 0.3157608147100679, ""f_f_market_aligned_fraction_5m"": 0.25, ""f_new_family_balance"": 2.95}"
B2,f_micro_selected_taker_share_prev3m|f_f_market_selected_ret_30m|f_f_market_aligned_fraction_5m|f_new_family_balance,4,4,0.55,17,7,4,6,2,0.21212121212121213,0.08695652173913043,0.6363636363636364,3,0,1,0,3,4,3,False,"{""f_micro_selected_taker_share_prev3m"": 0.6419992213727249, ""f_f_market_selected_ret_30m"": 0.3157608147100679, ""f_f_market_aligned_fraction_5m"": 0.25, ""f_new_family_balance"": 2.95}"
B2,f_micro_selected_taker_share_prev3m|f_f_market_selected_ret_30m|f_f_market_aligned_fraction_5m|f_new_family_balance,4,3,0.6,46,14,12,20,8,0.42424242424242425,0.2608695652173913,0.5384615384615384,4,1,1,1,9,10,4,False,"{""f_micro_selected_taker_share_prev3m"": 0.6817079920724427, ""f_f_market_selected_ret_30m"": 0.27953051404961293, ""f_f_market_aligned_fraction_5m"": 0.5499999999999996, ""f_new_family_balance"": 3.0}"
B2,f_micro_selected_taker_share_prev3m|f_f_market_selected_ret_30m|f_f_market_aligned_fraction_5m|f_new_family_balance,4,4,0.6,9,4,2,3,1,0.12121212121212122,0.043478260869565216,0.6666666666666666,2,0,1,0,1,2,3,False,"{""f_micro_selected_taker_share_prev3m"": 0.6817079920724427, ""f_f_market_selected_ret_30m"": 0.27953051404961293, ""f_f_market_aligned_fraction_5m"": 0.5499999999999996, ""f_new_family_balance"": 3.0}"
B2,f_micro_selected_taker_share_prev3m|f_f_market_selected_ret_30m|f_f_market_aligned_fraction_5m|f_new_family_balance,4,3,0.65,31,11,5,15,3,0.3333333333333333,0.10869565217391304,0.6875,4,1,1,1,6,3,4,False,"{""f_micro_selected_taker_share_prev3m"": 0.7238235853967332, ""f_f_market_selected_ret_30m"": 0.24800416168246048, ""f_f_market_aligned_fraction_5m"": 0.8875000000000004, ""f_new_family_balance"": 3.0}"
B2,f_micro_selected_taker_share_prev3m|f_f_market_selected_ret_30m|f_f_market_aligned_fraction_5m|f_new_family_balance,4,3,0.7,24,10,2,12,2,0.30303030303030304,0.043478260869565216,0.8333333333333334,4,0,1,0,5,2,4,True,"{""f_micro_selected_taker_share_prev3m"": 0.7522288015749875, ""f_f_market_selected_ret_30m"": 0.20612865023261098, ""f_f_market_aligned_fraction_5m"": 1.0, ""f_new_family_balance"": 3.0}"
B2,f_micro_selected_taker_share_prev3m|f_f_market_selected_ret_30m|f_f_market_aligned_fraction_5m|f_new_family_balance,4,3,0.75,18,7,2,9,2,0.21212121212121213,0.043478260869565216,0.7777777777777778,3,0,1,0,3,2,4,True,"{""f_micro_selected_taker_share_prev3m"": 0.7737788291802238, ""f_f_market_selected_ret_30m"": 0.1590785592414129, ""f_f_market_aligned_fraction_5m"": 1.0, ""f_new_family_balance"": 3.0}"
B2,f_micro_selected_taker_share_prev3m|f_f_market_selected_ret_30m|f_f_market_aligned_fraction_5m|f_new_family_balance,4,3,0.8,4,3,0,1,0,0.09090909090909091,0.0,1.0,1,0,0,0,2,0,3,False,"{""f_micro_selected_taker_share_prev3m"": 0.7920567396352612, ""f_f_market_selected_ret_30m"": 0.13117480044327, ""f_f_market_aligned_fraction_5m"": 1.0, ""f_new_family_balance"": 3.2}"
B2,f_micro_selected_taker_share_prev3m|f_f_market_selected_ret_30m|f_f_market_aligned_fraction_5m|f_new_family_balance,4,3,0.85,3,3,0,0,0,0.09090909090909091,0.0,1.0,1,0,0,0,2,0,3,False,"{""f_micro_selected_taker_share_prev3m"": 0.8062445036525503, ""f_f_market_selected_ret_30m"": 0.1272039568864461, ""f_f_market_aligned_fraction_5m"": 1.0, ""f_new_family_balance"": 3.6499999999999995}"
B2,f_micro_selected_taker_share_prev3m|f_f_market_selected_ret_30m|f_f_market_aligned_fraction_5m|f_new_family_balance,4,3,0.9,3,3,0,0,0,0.09090909090909091,0.0,1.0,1,0,0,0,2,0,3,False,"{""f_micro_selected_taker_share_prev3m"": 0.8225219437602855, ""f_f_market_selected_ret_30m"": 0.11864422057320188, ""f_f_market_aligned_fraction_5m"": 1.0, ""f_new_family_balance"": 4.0}"
B2,f_micro_selected_taker_share_prev3m|f_micro_price_flow_divergence|f_f_market_aligned_fraction_5m|f_new_family_balance,4,3,0.55,59,19,18,22,14,0.5757575757575758,0.391304347826087,0.5135135135135135,4,3,2,2,13,13,4,False,"{""f_micro_selected_taker_share_prev3m"": 0.6419992213727249, ""f_micro_price_flow_divergence"": 0.0119500913633334, ""f_f_market_aligned_fraction_5m"": 0.25, ""f_new_family_balance"": 2.95}"
B2,f_micro_selected_taker_share_prev3m|f_micro_price_flow_divergence|f_f_market_aligned_fraction_5m|f_new_family_balance,4,4,0.55,11,6,2,3,2,0.18181818181818182,0.043478260869565216,0.75,3,0,1,0,2,2,3,False,"{""f_micro_selected_taker_share_prev3m"": 0.6419992213727249, ""f_micro_price_flow_divergence"": 0.0119500913633334, ""f_f_market_aligned_fraction_5m"": 0.25, ""f_new_family_balance"": 2.95}"
B2,f_micro_selected_taker_share_prev3m|f_micro_price_flow_divergence|f_f_market_aligned_fraction_5m|f_new_family_balance,4,3,0.6,38,13,11,14,9,0.3939393939393939,0.2391304347826087,0.5416666666666666,4,2,1,1,8,8,4,False,"{""f_micro_selected_taker_share_prev3m"": 0.6817079920724427, ""f_micro_price_flow_divergence"": 0.012675127220891261, ""f_f_market_aligned_fraction_5m"": 0.5499999999999996, ""f_new_family_balance"": 3.0}"
B2,f_micro_selected_taker_share_prev3m|f_micro_price_flow_divergence|f_f_market_aligned_fraction_5m|f_new_family_balance,4,4,0.6,7,5,1,1,1,0.15151515151515152,0.021739130434782608,0.8333333333333334,3,0,1,0,1,1,3,False,"{""f_micro_selected_taker_share_prev3m"": 0.6817079920724427, ""f_micro_price_flow_divergence"": 0.012675127220891261, ""f_f_market_aligned_fraction_5m"": 0.5499999999999996, ""f_new_family_balance"": 3.0}"
B2,f_micro_selected_taker_share_prev3m|f_micro_price_flow_divergence|f_f_market_aligned_fraction_5m|f_new_family_balance,4,3,0.65,30,12,8,10,7,0.36363636363636365,0.17391304347826086,0.6,4,2,1,1,7,5,4,False,"{""f_micro_selected_taker_share_prev3m"": 0.7238235853967332, ""f_micro_price_flow_divergence"": 0.012783221361499118, ""f_f_market_aligned_fraction_5m"": 0.8875000000000004, ""f_new_family_balance"": 3.0}"
B2,f_micro_selected_taker_share_prev3m|f_micro_price_flow_divergence|f_f_market_aligned_fraction_5m|f_new_family_balance,4,4,0.65,4,3,0,1,0,0.09090909090909091,0.0,1.0,2,0,1,0,0,0,2,False,"{""f_micro_selected_taker_share_prev3m"": 0.7238235853967332, ""f_micro_price_flow_divergence"": 0.012783221361499118, ""f_f_market_aligned_fraction_5m"": 0.8875000000000004, ""f_new_family_balance"": 3.0}"
B2,f_micro_selected_taker_share_prev3m|f_micro_price_flow_divergence|f_f_market_aligned_fraction_5m|f_new_family_balance,4,3,0.7,22,9,5,8,5,0.2727272727272727,0.10869565217391304,0.6428571428571429,4,1,1,0,4,4,3,False,"{""f_micro_selected_taker_share_prev3m"": 0.7522288015749875, ""f_micro_price_flow_divergence"": 0.013646104500558977, ""f_f_market_aligned_fraction_5m"": 1.0, ""f_new_family_balance"": 3.0}"
B2,f_micro_selected_taker_share_prev3m|f_micro_price_flow_divergence|f_f_market_aligned_fraction_5m|f_new_family_balance,4,4,0.7,4,3,0,1,0,0.09090909090909091,0.0,1.0,2,0,1,0,0,0,2,False,"{""f_micro_selected_taker_share_prev3m"": 0.7522288015749875, ""f_micro_price_flow_divergence"": 0.013646104500558977, ""f_f_market_aligned_fraction_5m"": 1.0, ""f_new_family_balance"": 3.0}"
B2,f_micro_selected_taker_share_prev3m|f_micro_price_flow_divergence|f_f_market_aligned_fraction_5m|f_new_family_balance,4,3,0.75,19,9,5,5,5,0.2727272727272727,0.10869565217391304,0.6428571428571429,4,1,1,0,4,4,3,False,"{""f_micro_selected_taker_share_prev3m"": 0.7737788291802238, ""f_micro_price_flow_divergence"": 0.01488638213884484, ""f_f_market_aligned_fraction_5m"": 1.0, ""f_new_family_balance"": 3.0}"
B2,f_micro_selected_taker_share_prev3m|f_micro_price_flow_divergence|f_f_market_aligned_fraction_5m|f_new_family_balance,4,3,0.8,8,5,2,1,2,0.15151515151515152,0.043478260869565216,0.7142857142857143,2,0,1,0,2,2,3,False,"{""f_micro_selected_taker_share_prev3m"": 0.7920567396352612, ""f_micro_price_flow_divergence"": 0.019082996203197426, ""f_f_market_aligned_fraction_5m"": 1.0, ""f_new_family_balance"": 3.2}"
B2,f_micro_selected_taker_share_prev3m|f_micro_price_flow_divergence|f_f_market_aligned_fraction_5m|f_new_family_balance,4,3,0.85,6,4,2,0,2,0.12121212121212122,0.043478260869565216,0.6666666666666666,2,0,0,0,2,2,2,False,"{""f_micro_selected_taker_share_prev3m"": 0.8062445036525503, ""f_micro_price_flow_divergence"": 0.026975030800133398, ""f_f_market_aligned_fraction_5m"": 1.0, ""f_new_family_balance"": 3.6499999999999995}"
B2,f_f_market_dispersion_15m|f_context_breakdown_down_pct|f_f_market_selected_ret_30m|f_micro_price_flow_divergence,4,3,0.55,61,18,15,28,10,0.5454545454545454,0.32608695652173914,0.5454545454545454,3,4,2,2,13,9,5,False,"{""f_f_market_dispersion_15m"": 0.09289213148896941, ""f_context_breakdown_down_pct"": 0.14433969999999996, ""f_f_market_selected_ret_30m"": 0.3157608147100679, ""f_micro_price_flow_divergence"": 0.0119500913633334}"
B2,f_f_market_dispersion_15m|f_context_breakdown_down_pct|f_f_market_selected_ret_30m|f_micro_price_flow_divergence,4,4,0.55,15,5,2,8,2,0.15151515151515152,0.043478260869565216,0.7142857142857143,1,1,0,0,4,1,4,True,"{""f_f_market_dispersion_15m"": 0.09289213148896941, ""f_context_breakdown_down_pct"": 0.14433969999999996, ""f_f_market_selected_ret_30m"": 0.3157608147100679, ""f_micro_price_flow_divergence"": 0.0119500913633334}"
B2,f_f_market_dispersion_15m|f_context_breakdown_down_pct|f_f_market_selected_ret_30m|f_micro_price_flow_divergence,4,3,0.6,55,17,12,26,9,0.5151515151515151,0.2608695652173913,0.5862068965517241,3,2,2,2,12,8,5,False,"{""f_f_market_dispersion_15m"": 0.090819954887291, ""f_context_breakdown_down_pct"": 0.10880200000000001, ""f_f_market_selected_ret_30m"": 0.27953051404961293, ""f_micro_price_flow_divergence"": 0.012675127220891261}"
B2,f_f_market_dispersion_15m|f_context_breakdown_down_pct|f_f_market_selected_ret_30m|f_micro_price_flow_divergence,4,4,0.6,12,5,1,6,1,0.15151515151515152,0.021739130434782608,0.8333333333333334,1,0,0,0,4,1,4,True,"{""f_f_market_dispersion_15m"": 0.090819954887291, ""f_context_breakdown_down_pct"": 0.10880200000000001, ""f_f_market_selected_ret_30m"": 0.27953051404961293, ""f_micro_price_flow_divergence"": 0.012675127220891261}"
B2,f_f_market_dispersion_15m|f_context_breakdown_down_pct|f_f_market_selected_ret_30m|f_micro_price_flow_divergence,4,3,0.65,54,16,12,26,9,0.48484848484848486,0.2608695652173913,0.5714285714285714,3,2,2,2,11,8,5,False,"{""f_f_market_dispersion_15m"": 0.08984644379961478, ""f_context_breakdown_down_pct"": 0.07557175, ""f_f_market_selected_ret_30m"": 0.24800416168246048, ""f_micro_price_flow_divergence"": 0.012783221361499118}"
B2,f_f_market_dispersion_15m|f_context_breakdown_down_pct|f_f_market_selected_ret_30m|f_micro_price_flow_divergence,4,4,0.65,12,5,1,6,1,0.15151515151515152,0.021739130434782608,0.8333333333333334,1,0,0,0,4,1,4,True,"{""f_f_market_dispersion_15m"": 0.08984644379961478, ""f_context_breakdown_down_pct"": 0.07557175, ""f_f_market_selected_ret_30m"": 0.24800416168246048, ""f_micro_price_flow_divergence"": 0.012783221361499118}"
B2,f_f_market_dispersion_15m|f_context_breakdown_down_pct|f_f_market_selected_ret_30m|f_micro_price_flow_divergence,4,3,0.7,44,16,8,20,5,0.48484848484848486,0.17391304347826086,0.6666666666666666,3,1,2,1,11,6,5,False,"{""f_f_market_dispersion_15m"": 0.08730329330185219, ""f_context_breakdown_down_pct"": 0.045146500000000006, ""f_f_market_selected_ret_30m"": 0.20612865023261098, ""f_micro_price_flow_divergence"": 0.013646104500558977}"
B2,f_f_market_dispersion_15m|f_context_breakdown_down_pct|f_f_market_selected_ret_30m|f_micro_price_flow_divergence,4,4,0.7,12,5,1,6,1,0.15151515151515152,0.021739130434782608,0.8333333333333334,1,0,0,0,4,1,4,True,"{""f_f_market_dispersion_15m"": 0.08730329330185219, ""f_context_breakdown_down_pct"": 0.045146500000000006, ""f_f_market_selected_ret_30m"": 0.20612865023261098, ""f_micro_price_flow_divergence"": 0.013646104500558977}"
B2,f_f_market_dispersion_15m|f_context_breakdown_down_pct|f_f_market_selected_ret_30m|f_micro_price_flow_divergence,4,3,0.75,40,15,8,17,5,0.45454545454545453,0.17391304347826086,0.6521739130434783,2,1,2,1,11,6,5,False,"{""f_f_market_dispersion_15m"": 0.08397532309904639, ""f_context_breakdown_down_pct"": 0.01612375, ""f_f_market_selected_ret_30m"": 0.1590785592414129, ""f_micro_price_flow_divergence"": 0.01488638213884484}"
B2,f_f_market_dispersion_15m|f_context_breakdown_down_pct|f_f_market_selected_ret_30m|f_micro_price_flow_divergence,4,4,0.75,11,4,1,6,1,0.12121212121212122,0.021739130434782608,0.8,1,0,0,0,3,1,4,True,"{""f_f_market_dispersion_15m"": 0.08397532309904639, ""f_context_breakdown_down_pct"": 0.01612375, ""f_f_market_selected_ret_30m"": 0.1590785592414129, ""f_micro_price_flow_divergence"": 0.01488638213884484}"
B2,f_f_market_dispersion_15m|f_context_breakdown_down_pct|f_f_market_selected_ret_30m|f_micro_price_flow_divergence,4,3,0.8,33,12,6,15,4,0.36363636363636365,0.13043478260869565,0.6666666666666666,1,0,1,1,10,5,5,False,"{""f_f_market_dispersion_15m"": 0.081451648230247, ""f_context_breakdown_down_pct"": 0.0, ""f_f_market_selected_ret_30m"": 0.13117480044327, ""f_micro_price_flow_divergence"": 0.019082996203197426}"
B2,f_f_market_dispersion_15m|f_context_breakdown_down_pct|f_f_market_selected_ret_30m|f_micro_price_flow_divergence,4,4,0.8,8,3,1,4,1,0.09090909090909091,0.021739130434782608,0.75,1,0,0,0,2,1,3,False,"{""f_f_market_dispersion_15m"": 0.081451648230247, ""f_context_breakdown_down_pct"": 0.0, ""f_f_market_selected_ret_30m"": 0.13117480044327, ""f_micro_price_flow_divergence"": 0.019082996203197426}"
B2,f_f_market_dispersion_15m|f_context_breakdown_down_pct|f_f_market_selected_ret_30m|f_micro_price_flow_divergence,4,3,0.85,30,11,5,14,3,0.3333333333333333,0.10869565217391304,0.6875,1,0,1,0,9,5,5,False,"{""f_f_market_dispersion_15m"": 0.07993334252895565, ""f_context_breakdown_down_pct"": 0.0, ""f_f_market_selected_ret_30m"": 0.1272039568864461, ""f_micro_price_flow_divergence"": 0.026975030800133398}"
B2,f_f_market_dispersion_15m|f_context_breakdown_down_pct|f_f_market_selected_ret_30m|f_micro_price_flow_divergence,4,3,0.9,25,10,4,11,2,0.30303030303030304,0.08695652173913043,0.7142857142857143,1,0,1,0,8,4,5,True,"{""f_f_market_dispersion_15m"": 0.07698814464435187, ""f_context_breakdown_down_pct"": 0.0, ""f_f_market_selected_ret_30m"": 0.11864422057320188, ""f_micro_price_flow_divergence"": 0.046956635495231006}"
B2,f_f_market_dispersion_15m|f_context_breakdown_down_pct|f_f_market_selected_ret_30m|f_f_market_aligned_fraction_5m,4,3,0.55,88,24,22,42,16,0.7272727272727273,0.4782608695652174,0.5217391304347826,3,2,4,3,17,17,4,False,"{""f_f_market_dispersion_15m"": 0.09289213148896941, ""f_context_breakdown_down_pct"": 0.14433969999999996, ""f_f_market_selected_ret_30m"": 0.3157608147100679, ""f_f_market_aligned_fraction_5m"": 0.25}"
B2,f_f_market_dispersion_15m|f_context_breakdown_down_pct|f_f_market_selected_ret_30m|f_f_market_aligned_fraction_5m,4,4,0.55,29,8,6,15,4,0.24242424242424243,0.13043478260869565,0.5714285714285714,1,1,0,0,7,5,3,False,"{""f_f_market_dispersion_15m"": 0.09289213148896941, ""f_context_breakdown_down_pct"": 0.14433969999999996, ""f_f_market_selected_ret_30m"": 0.3157608147100679, ""f_f_market_aligned_fraction_5m"": 0.25}"
B2,f_f_market_dispersion_15m|f_context_breakdown_down_pct|f_f_market_selected_ret_30m|f_f_market_aligned_fraction_5m,4,3,0.6,65,18,13,34,10,0.5454545454545454,0.2826086956521739,0.5806451612903226,3,1,2,2,13,10,4,False,"{""f_f_market_dispersion_15m"": 0.090819954887291, ""f_context_breakdown_down_pct"": 0.10880200000000001, ""f_f_market_selected_ret_30m"": 0.27953051404961293, ""f_f_market_aligned_fraction_5m"": 0.5499999999999996}"
B2,f_f_market_dispersion_15m|f_context_breakdown_down_pct|f_f_market_selected_ret_30m|f_f_market_aligned_fraction_5m,4,4,0.6,19,6,4,9,2,0.18181818181818182,0.08695652173913043,0.6,1,0,0,0,5,4,3,False,"{""f_f_market_dispersion_15m"": 0.090819954887291, ""f_context_breakdown_down_pct"": 0.10880200000000001, ""f_f_market_selected_ret_30m"": 0.27953051404961293, ""f_f_market_aligned_fraction_5m"": 0.5499999999999996}"
B2,f_f_market_dispersion_15m|f_context_breakdown_down_pct|f_f_market_selected_ret_30m|f_f_market_aligned_fraction_5m,4,3,0.65,58,17,10,31,8,0.5151515151515151,0.21739130434782608,0.6296296296296297,3,1,2,1,12,8,4,False,"{""f_f_market_dispersion_15m"": 0.08984644379961478, ""f_context_breakdown_down_pct"": 0.07557175, ""f_f_market_selected_ret_30m"": 0.24800416168246048, ""f_f_market_aligned_fraction_5m"": 0.8875000000000004}"
B2,f_f_market_dispersion_15m|f_context_breakdown_down_pct|f_f_market_selected_ret_30m|f_f_market_aligned_fraction_5m,4,4,0.65,12,5,2,5,1,0.15151515151515152,0.043478260869565216,0.7142857142857143,1,0,0,0,4,2,3,False,"{""f_f_market_dispersion_15m"": 0.08984644379961478, ""f_context_breakdown_down_pct"": 0.07557175, ""f_f_market_selected_ret_30m"": 0.24800416168246048, ""f_f_market_aligned_fraction_5m"": 0.8875000000000004}"
B2,f_f_market_dispersion_15m|f_context_breakdown_down_pct|f_f_market_selected_ret_30m|f_f_market_aligned_fraction_5m,4,3,0.7,56,17,10,29,8,0.5151515151515151,0.21739130434782608,0.6296296296296297,3,1,2,1,12,8,4,False,"{""f_f_market_dispersion_15m"": 0.08730329330185219, ""f_context_breakdown_down_pct"": 0.045146500000000006, ""f_f_market_selected_ret_30m"": 0.20612865023261098, ""f_f_market_aligned_fraction_5m"": 1.0}"
B2,f_f_market_dispersion_15m|f_context_breakdown_down_pct|f_f_market_selected_ret_30m|f_f_market_aligned_fraction_5m,4,4,0.7,8,5,1,2,0,0.15151515151515152,0.021739130434782608,0.8333333333333334,1,0,0,0,4,1,3,False,"{""f_f_market_dispersion_15m"": 0.08730329330185219, ""f_context_breakdown_down_pct"": 0.045146500000000006, ""f_f_market_selected_ret_30m"": 0.20612865023261098, ""f_f_market_aligned_fraction_5m"": 1.0}"
B2,f_f_market_dispersion_15m|f_context_breakdown_down_pct|f_f_market_selected_ret_30m|f_f_market_aligned_fraction_5m,4,3,0.75,46,12,10,24,8,0.36363636363636365,0.21739130434782608,0.5454545454545454,2,1,2,1,8,8,4,False,"{""f_f_market_dispersion_15m"": 0.08397532309904639, ""f_context_breakdown_down_pct"": 0.01612375, ""f_f_market_selected_ret_30m"": 0.1590785592414129, ""f_f_market_aligned_fraction_5m"": 1.0}"
B2,f_f_market_dispersion_15m|f_context_breakdown_down_pct|f_f_market_selected_ret_30m|f_f_market_aligned_fraction_5m,4,4,0.75,7,5,1,1,0,0.15151515151515152,0.021739130434782608,0.8333333333333334,1,0,0,0,4,1,3,False,"{""f_f_market_dispersion_15m"": 0.08397532309904639, ""f_context_breakdown_down_pct"": 0.01612375, ""f_f_market_selected_ret_30m"": 0.1590785592414129, ""f_f_market_aligned_fraction_5m"": 1.0}"
B2,f_f_market_dispersion_15m|f_context_breakdown_down_pct|f_f_market_selected_ret_30m|f_f_market_aligned_fraction_5m,4,3,0.8,41,10,8,23,7,0.30303030303030304,0.17391304347826086,0.5555555555555556,1,0,1,1,8,7,4,False,"{""f_f_market_dispersion_15m"": 0.081451648230247, ""f_context_breakdown_down_pct"": 0.0, ""f_f_market_selected_ret_30m"": 0.13117480044327, ""f_f_market_aligned_fraction_5m"": 1.0}"
B2,f_f_market_dispersion_15m|f_context_breakdown_down_pct|f_f_market_selected_ret_30m|f_f_market_aligned_fraction_5m,4,4,0.8,7,5,1,1,0,0.15151515151515152,0.021739130434782608,0.8333333333333334,1,0,0,0,4,1,3,False,"{""f_f_market_dispersion_15m"": 0.081451648230247, ""f_context_breakdown_down_pct"": 0.0, ""f_f_market_selected_ret_30m"": 0.13117480044327, ""f_f_market_aligned_fraction_5m"": 1.0}"
B2,f_f_market_dispersion_15m|f_context_breakdown_down_pct|f_f_market_selected_ret_30m|f_f_market_aligned_fraction_5m,4,3,0.85,39,10,7,22,6,0.30303030303030304,0.15217391304347827,0.5882352941176471,1,0,1,0,8,7,4,False,"{""f_f_market_dispersion_15m"": 0.07993334252895565, ""f_context_breakdown_down_pct"": 0.0, ""f_f_market_selected_ret_30m"": 0.1272039568864461, ""f_f_market_aligned_fraction_5m"": 1.0}"
B2,f_f_market_dispersion_15m|f_context_breakdown_down_pct|f_f_market_selected_ret_30m|f_f_market_aligned_fraction_5m,4,4,0.85,7,5,1,1,0,0.15151515151515152,0.021739130434782608,0.8333333333333334,1,0,0,0,4,1,3,False,"{""f_f_market_dispersion_15m"": 0.07993334252895565, ""f_context_breakdown_down_pct"": 0.0, ""f_f_market_selected_ret_30m"": 0.1272039568864461, ""f_f_market_aligned_fraction_5m"": 1.0}"
B2,f_f_market_dispersion_15m|f_context_breakdown_down_pct|f_f_market_selected_ret_30m|f_f_market_aligned_fraction_5m,4,3,0.9,36,9,7,20,6,0.2727272727272727,0.15217391304347827,0.5625,1,0,1,0,7,7,4,False,"{""f_f_market_dispersion_15m"": 0.07698814464435187, ""f_context_breakdown_down_pct"": 0.0, ""f_f_market_selected_ret_30m"": 0.11864422057320188, ""f_f_market_aligned_fraction_5m"": 1.0}"
B2,f_f_market_dispersion_15m|f_context_breakdown_down_pct|f_f_market_selected_ret_30m|f_f_market_aligned_fraction_5m,4,4,0.9,7,5,1,1,0,0.15151515151515152,0.021739130434782608,0.8333333333333334,1,0,0,0,4,1,3,False,"{""f_f_market_dispersion_15m"": 0.07698814464435187, ""f_context_breakdown_down_pct"": 0.0, ""f_f_market_selected_ret_30m"": 0.11864422057320188, ""f_f_market_aligned_fraction_5m"": 1.0}"
B2,f_f_market_dispersion_15m|f_context_breakdown_down_pct|f_f_market_selected_ret_30m|f_new_family_balance,4,3,0.55,58,17,15,26,10,0.5151515151515151,0.32608695652173914,0.53125,2,4,2,0,13,11,5,False,"{""f_f_market_dispersion_15m"": 0.09289213148896941, ""f_context_breakdown_down_pct"": 0.14433969999999996, ""f_f_market_selected_ret_30m"": 0.3157608147100679, ""f_new_family_balance"": 2.95}"
B2,f_f_market_dispersion_15m|f_context_breakdown_down_pct|f_f_market_selected_ret_30m|f_new_family_balance,4,4,0.55,17,5,3,9,2,0.15151515151515152,0.06521739130434782,0.625,1,1,0,0,4,2,3,False,"{""f_f_market_dispersion_15m"": 0.09289213148896941, ""f_context_breakdown_down_pct"": 0.14433969999999996, ""f_f_market_selected_ret_30m"": 0.3157608147100679, ""f_new_family_balance"": 2.95}"
B2,f_f_market_dispersion_15m|f_context_breakdown_down_pct|f_f_market_selected_ret_30m|f_new_family_balance,4,3,0.6,53,17,13,23,9,0.5151515151515151,0.2826086956521739,0.5666666666666667,2,2,2,0,13,11,5,False,"{""f_f_market_dispersion_15m"": 0.090819954887291, ""f_context_breakdown_down_pct"": 0.10880200000000001, ""f_f_market_selected_ret_30m"": 0.27953051404961293, ""f_new_family_balance"": 3.0}"
B2,f_f_market_dispersion_15m|f_context_breakdown_down_pct|f_f_market_selected_ret_30m|f_new_family_balance,4,4,0.6,15,4,3,8,2,0.12121212121212122,0.06521739130434782,0.5714285714285714,1,1,0,0,3,2,3,False,"{""f_f_market_dispersion_15m"": 0.090819954887291, ""f_context_breakdown_down_pct"": 0.10880200000000001, ""f_f_market_selected_ret_30m"": 0.27953051404961293, ""f_new_family_balance"": 3.0}"
B2,f_f_market_dispersion_15m|f_context_breakdown_down_pct|f_f_market_selected_ret_30m|f_new_family_balance,4,3,0.65,50,16,12,22,9,0.48484848484848486,0.2608695652173913,0.5714285714285714,2,2,2,0,12,10,5,False,"{""f_f_market_dispersion_15m"": 0.08984644379961478, ""f_context_breakdown_down_pct"": 0.07557175, ""f_f_market_selected_ret_30m"": 0.24800416168246048, ""f_new_family_balance"": 3.0}"
B2,f_f_market_dispersion_15m|f_context_breakdown_down_pct|f_f_market_selected_ret_30m|f_new_family_balance,4,4,0.65,15,4,3,8,2,0.12121212121212122,0.06521739130434782,0.5714285714285714,1,1,0,0,3,2,3,False,"{""f_f_market_dispersion_15m"": 0.08984644379961478, ""f_context_breakdown_down_pct"": 0.07557175, ""f_f_market_selected_ret_30m"": 0.24800416168246048, ""f_new_family_balance"": 3.0}"
B2,f_f_market_dispersion_15m|f_context_breakdown_down_pct|f_f_market_selected_ret_30m|f_new_family_balance,4,3,0.7,48,16,11,21,8,0.48484848484848486,0.2391304347826087,0.5925925925925926,2,2,2,0,12,9,5,False,"{""f_f_market_dispersion_15m"": 0.08730329330185219, ""f_context_breakdown_down_pct"": 0.045146500000000006, ""f_f_market_selected_ret_30m"": 0.20612865023261098, ""f_new_family_balance"": 3.0}"
B2,f_f_market_dispersion_15m|f_context_breakdown_down_pct|f_f_market_selected_ret_30m|f_new_family_balance,4,4,0.7,12,4,3,5,2,0.12121212121212122,0.06521739130434782,0.5714285714285714,1,1,0,0,3,2,3,False,"{""f_f_market_dispersion_15m"": 0.08730329330185219, ""f_context_breakdown_down_pct"": 0.045146500000000006, ""f_f_market_selected_ret_30m"": 0.20612865023261098, ""f_new_family_balance"": 3.0}"
B2,f_f_market_dispersion_15m|f_context_breakdown_down_pct|f_f_market_selected_ret_30m|f_new_family_balance,4,3,0.75,42,13,11,18,8,0.3939393939393939,0.2391304347826087,0.5416666666666666,1,2,2,0,10,9,5,False,"{""f_f_market_dispersion_15m"": 0.08397532309904639, ""f_context_breakdown_down_pct"": 0.01612375, ""f_f_market_selected_ret_30m"": 0.1590785592414129, ""f_new_family_balance"": 3.0}"
B2,f_f_market_dispersion_15m|f_context_breakdown_down_pct|f_f_market_selected_ret_30m|f_new_family_balance,4,4,0.75,10,3,3,4,2,0.09090909090909091,0.06521739130434782,0.5,1,1,0,0,2,2,2,False,"{""f_f_market_dispersion_15m"": 0.08397532309904639, ""f_context_breakdown_down_pct"": 0.01612375, ""f_f_market_selected_ret_30m"": 0.1590785592414129, ""f_new_family_balance"": 3.0}"
B2,f_f_market_dispersion_15m|f_context_breakdown_down_pct|f_f_market_selected_ret_30m|f_new_family_balance,4,3,0.8,23,7,5,11,3,0.21212121212121213,0.10869565217391304,0.5833333333333334,1,1,0,0,6,4,3,False,"{""f_f_market_dispersion_15m"": 0.081451648230247, ""f_context_breakdown_down_pct"": 0.0, ""f_f_market_selected_ret_30m"": 0.13117480044327, ""f_new_family_balance"": 3.2}"
B2,f_f_market_dispersion_15m|f_context_breakdown_down_pct|f_f_market_selected_ret_30m|f_new_family_balance,4,3,0.85,22,7,5,10,3,0.21212121212121213,0.10869565217391304,0.5833333333333334,1,1,0,0,6,4,3,False,"{""f_f_market_dispersion_15m"": 0.07993334252895565, ""f_context_breakdown_down_pct"": 0.0, ""f_f_market_selected_ret_30m"": 0.1272039568864461, ""f_new_family_balance"": 3.6499999999999995}"
B2,f_f_market_dispersion_15m|f_context_breakdown_down_pct|f_f_market_selected_ret_30m|f_new_family_balance,4,3,0.9,21,7,4,10,2,0.21212121212121213,0.08695652173913043,0.6363636363636364,1,0,0,0,6,4,3,False,"{""f_f_market_dispersion_15m"": 0.07698814464435187, ""f_context_breakdown_down_pct"": 0.0, ""f_f_market_selected_ret_30m"": 0.11864422057320188, ""f_new_family_balance"": 4.0}"
B2,f_f_market_dispersion_15m|f_context_breakdown_down_pct|f_micro_price_flow_divergence|f_f_market_aligned_fraction_5m,4,3,0.55,60,18,15,27,12,0.5454545454545454,0.32608695652173914,0.5454545454545454,3,3,2,2,13,10,4,False,"{""f_f_market_dispersion_15m"": 0.09289213148896941, ""f_context_breakdown_down_pct"": 0.14433969999999996, ""f_micro_price_flow_divergence"": 0.0119500913633334, ""f_f_market_aligned_fraction_5m"": 0.25}"
B2,f_f_market_dispersion_15m|f_context_breakdown_down_pct|f_micro_price_flow_divergence|f_f_market_aligned_fraction_5m,4,4,0.55,13,5,1,7,1,0.15151515151515152,0.021739130434782608,0.8333333333333334,1,0,0,0,4,1,4,True,"{""f_f_market_dispersion_15m"": 0.09289213148896941, ""f_context_breakdown_down_pct"": 0.14433969999999996, ""f_micro_price_flow_divergence"": 0.0119500913633334, ""f_f_market_aligned_fraction_5m"": 0.25}"
B2,f_f_market_dispersion_15m|f_context_breakdown_down_pct|f_micro_price_flow_divergence|f_f_market_aligned_fraction_5m,4,3,0.6,44,12,10,22,8,0.36363636363636365,0.21739130434782608,0.5454545454545454,3,2,1,1,8,7,4,False,"{""f_f_market_dispersion_15m"": 0.090819954887291, ""f_context_breakdown_down_pct"": 0.10880200000000001, ""f_micro_price_flow_divergence"": 0.012675127220891261, ""f_f_market_aligned_fraction_5m"": 0.5499999999999996}"
B2,f_f_market_dispersion_15m|f_context_breakdown_down_pct|f_micro_price_flow_divergence|f_f_market_aligned_fraction_5m,4,4,0.6,10,5,0,5,0,0.15151515151515152,0.0,1.0,1,0,0,0,4,0,4,True,"{""f_f_market_dispersion_15m"": 0.090819954887291, ""f_context_breakdown_down_pct"": 0.10880200000000001, ""f_micro_price_flow_divergence"": 0.012675127220891261, ""f_f_market_aligned_fraction_5m"": 0.5499999999999996}"
B2,f_f_market_dispersion_15m|f_context_breakdown_down_pct|f_micro_price_flow_divergence|f_f_market_aligned_fraction_5m,4,3,0.65,38,11,8,19,7,0.3333333333333333,0.17391304347826086,0.5789473684210527,3,2,1,1,7,5,4,False,"{""f_f_market_dispersion_15m"": 0.08984644379961478, ""f_context_breakdown_down_pct"": 0.07557175, ""f_micro_price_flow_divergence"": 0.012783221361499118, ""f_f_market_aligned_fraction_5m"": 0.8875000000000004}"
B2,f_f_market_dispersion_15m|f_context_breakdown_down_pct|f_micro_price_flow_divergence|f_f_market_aligned_fraction_5m,4,4,0.65,8,5,0,3,0,0.15151515151515152,0.0,1.0,1,0,0,0,4,0,4,True,"{""f_f_market_dispersion_15m"": 0.08984644379961478, ""f_context_breakdown_down_pct"": 0.07557175, ""f_micro_price_flow_divergence"": 0.012783221361499118, ""f_f_market_aligned_fraction_5m"": 0.8875000000000004}"
B2,f_f_market_dispersion_15m|f_context_breakdown_down_pct|f_micro_price_flow_divergence|f_f_market_aligned_fraction_5m,4,3,0.7,34,11,6,17,5,0.3333333333333333,0.13043478260869565,0.6470588235294118,3,1,1,1,7,4,4,False,"{""f_f_market_dispersion_15m"": 0.08730329330185219, ""f_context_breakdown_down_pct"": 0.045146500000000006, ""f_micro_price_flow_divergence"": 0.013646104500558977, ""f_f_market_aligned_fraction_5m"": 1.0}"
B2,f_f_market_dispersion_15m|f_context_breakdown_down_pct|f_micro_price_flow_divergence|f_f_market_aligned_fraction_5m,4,4,0.7,8,5,0,3,0,0.15151515151515152,0.0,1.0,1,0,0,0,4,0,4,True,"{""f_f_market_dispersion_15m"": 0.08730329330185219, ""f_context_breakdown_down_pct"": 0.045146500000000006, ""f_micro_price_flow_divergence"": 0.013646104500558977, ""f_f_market_aligned_fraction_5m"": 1.0}"
B2,f_f_market_dispersion_15m|f_context_breakdown_down_pct|f_micro_price_flow_divergence|f_f_market_aligned_fraction_5m,4,3,0.75,30,10,6,14,5,0.30303030303030304,0.13043478260869565,0.625,3,1,1,1,6,4,4,False,"{""f_f_market_dispersion_15m"": 0.08397532309904639, ""f_context_breakdown_down_pct"": 0.01612375, ""f_micro_price_flow_divergence"": 0.01488638213884484, ""f_f_market_aligned_fraction_5m"": 1.0}"
B2,f_f_market_dispersion_15m|f_context_breakdown_down_pct|f_micro_price_flow_divergence|f_f_market_aligned_fraction_5m,4,4,0.75,8,5,0,3,0,0.15151515151515152,0.0,1.0,1,0,0,0,4,0,4,True,"{""f_f_market_dispersion_15m"": 0.08397532309904639, ""f_context_breakdown_down_pct"": 0.01612375, ""f_micro_price_flow_divergence"": 0.01488638213884484, ""f_f_market_aligned_fraction_5m"": 1.0}"
B2,f_f_market_dispersion_15m|f_context_breakdown_down_pct|f_micro_price_flow_divergence|f_f_market_aligned_fraction_5m,4,3,0.8,26,9,5,12,4,0.2727272727272727,0.10869565217391304,0.6428571428571429,2,0,1,1,6,4,4,False,"{""f_f_market_dispersion_15m"": 0.081451648230247, ""f_context_breakdown_down_pct"": 0.0, ""f_micro_price_flow_divergence"": 0.019082996203197426, ""f_f_market_aligned_fraction_5m"": 1.0}"
B2,f_f_market_dispersion_15m|f_context_breakdown_down_pct|f_micro_price_flow_divergence|f_f_market_aligned_fraction_5m,4,4,0.8,5,4,0,1,0,0.12121212121212122,0.0,1.0,1,0,0,0,3,0,3,False,"{""f_f_market_dispersion_15m"": 0.081451648230247, ""f_context_breakdown_down_pct"": 0.0, ""f_micro_price_flow_divergence"": 0.019082996203197426, ""f_f_market_aligned_fraction_5m"": 1.0}"
B2,f_f_market_dispersion_15m|f_context_breakdown_down_pct|f_micro_price_flow_divergence|f_f_market_aligned_fraction_5m,4,3,0.85,25,9,5,11,4,0.2727272727272727,0.10869565217391304,0.6428571428571429,2,0,1,1,6,4,4,False,"{""f_f_market_dispersion_15m"": 0.07993334252895565, ""f_context_breakdown_down_pct"": 0.0, ""f_micro_price_flow_divergence"": 0.026975030800133398, ""f_f_market_aligned_fraction_5m"": 1.0}"
B2,f_f_market_dispersion_15m|f_context_breakdown_down_pct|f_micro_price_flow_divergence|f_f_market_aligned_fraction_5m,4,3,0.9,14,7,2,5,1,0.21212121212121213,0.043478260869565216,0.7777777777777778,1,0,1,0,5,2,4,True,"{""f_f_market_dispersion_15m"": 0.07698814464435187, ""f_context_breakdown_down_pct"": 0.0, ""f_micro_price_flow_divergence"": 0.046956635495231006, ""f_f_market_aligned_fraction_5m"": 1.0}"
B2,f_f_market_dispersion_15m|f_context_breakdown_down_pct|f_micro_price_flow_divergence|f_new_family_balance,4,3,0.55,38,12,8,18,6,0.36363636363636365,0.17391304347826086,0.6,2,4,1,0,9,4,4,False,"{""f_f_market_dispersion_15m"": 0.09289213148896941, ""f_context_breakdown_down_pct"": 0.14433969999999996, ""f_micro_price_flow_divergence"": 0.0119500913633334, ""f_new_family_balance"": 2.95}"
B2,f_f_market_dispersion_15m|f_context_breakdown_down_pct|f_micro_price_flow_divergence|f_new_family_balance,4,4,0.55,6,3,0,3,0,0.09090909090909091,0.0,1.0,1,0,0,0,2,0,3,False,"{""f_f_market_dispersion_15m"": 0.09289213148896941, ""f_context_breakdown_down_pct"": 0.14433969999999996, ""f_micro_price_flow_divergence"": 0.0119500913633334, ""f_new_family_balance"": 2.95}"
B2,f_f_market_dispersion_15m|f_context_breakdown_down_pct|f_micro_price_flow_divergence|f_new_family_balance,4,3,0.6,34,11,7,16,6,0.3333333333333333,0.15217391304347827,0.6111111111111112,2,3,1,0,8,4,4,False,"{""f_f_market_dispersion_15m"": 0.090819954887291, ""f_context_breakdown_down_pct"": 0.10880200000000001, ""f_micro_price_flow_divergence"": 0.012675127220891261, ""f_new_family_balance"": 3.0}"
B2,f_f_market_dispersion_15m|f_context_breakdown_down_pct|f_micro_price_flow_divergence|f_new_family_balance,4,4,0.6,6,3,0,3,0,0.09090909090909091,0.0,1.0,1,0,0,0,2,0,3,False,"{""f_f_market_dispersion_15m"": 0.090819954887291, ""f_context_breakdown_down_pct"": 0.10880200000000001, ""f_micro_price_flow_divergence"": 0.012675127220891261, ""f_new_family_balance"": 3.0}"
B2,f_f_market_dispersion_15m|f_context_breakdown_down_pct|f_micro_price_flow_divergence|f_new_family_balance,4,3,0.65,34,11,7,16,6,0.3333333333333333,0.15217391304347827,0.6111111111111112,2,3,1,0,8,4,4,False,"{""f_f_market_dispersion_15m"": 0.08984644379961478, ""f_context_breakdown_down_pct"": 0.07557175, ""f_micro_price_flow_divergence"": 0.012783221361499118, ""f_new_family_balance"": 3.0}"
B2,f_f_market_dispersion_15m|f_context_breakdown_down_pct|f_micro_price_flow_divergence|f_new_family_balance,4,4,0.65,6,3,0,3,0,0.09090909090909091,0.0,1.0,1,0,0,0,2,0,3,False,"{""f_f_market_dispersion_15m"": 0.08984644379961478, ""f_context_breakdown_down_pct"": 0.07557175, ""f_micro_price_flow_divergence"": 0.012783221361499118, ""f_new_family_balance"": 3.0}"
B2,f_f_market_dispersion_15m|f_context_breakdown_down_pct|f_micro_price_flow_divergence|f_new_family_balance,4,3,0.7,30,11,6,13,5,0.3333333333333333,0.13043478260869565,0.6470588235294118,2,2,1,0,8,4,4,False,"{""f_f_market_dispersion_15m"": 0.08730329330185219, ""f_context_breakdown_down_pct"": 0.045146500000000006, ""f_micro_price_flow_divergence"": 0.013646104500558977, ""f_new_family_balance"": 3.0}"
B2,f_f_market_dispersion_15m|f_context_breakdown_down_pct|f_micro_price_flow_divergence|f_new_family_balance,4,4,0.7,6,3,0,3,0,0.09090909090909091,0.0,1.0,1,0,0,0,2,0,3,False,"{""f_f_market_dispersion_15m"": 0.08730329330185219, ""f_context_breakdown_down_pct"": 0.045146500000000006, ""f_micro_price_flow_divergence"": 0.013646104500558977, ""f_new_family_balance"": 3.0}"
B2,f_f_market_dispersion_15m|f_context_breakdown_down_pct|f_micro_price_flow_divergence|f_new_family_balance,4,3,0.75,29,11,6,12,5,0.3333333333333333,0.13043478260869565,0.6470588235294118,2,2,1,0,8,4,4,False,"{""f_f_market_dispersion_15m"": 0.08397532309904639, ""f_context_breakdown_down_pct"": 0.01612375, ""f_micro_price_flow_divergence"": 0.01488638213884484, ""f_new_family_balance"": 3.0}"
B2,f_f_market_dispersion_15m|f_context_breakdown_down_pct|f_micro_price_flow_divergence|f_new_family_balance,4,3,0.8,14,6,3,5,2,0.18181818181818182,0.06521739130434782,0.6666666666666666,1,1,0,0,5,2,3,False,"{""f_f_market_dispersion_15m"": 0.081451648230247, ""f_context_breakdown_down_pct"": 0.0, ""f_micro_price_flow_divergence"": 0.019082996203197426, ""f_new_family_balance"": 3.2}"
B2,f_f_market_dispersion_15m|f_context_breakdown_down_pct|f_micro_price_flow_divergence|f_new_family_balance,4,3,0.85,12,4,3,5,2,0.12121212121212122,0.06521739130434782,0.5714285714285714,0,1,0,0,4,2,2,False,"{""f_f_market_dispersion_15m"": 0.07993334252895565, ""f_context_breakdown_down_pct"": 0.0, ""f_micro_price_flow_divergence"": 0.026975030800133398, ""f_new_family_balance"": 3.6499999999999995}"
B2,f_f_market_dispersion_15m|f_context_breakdown_down_pct|f_f_market_aligned_fraction_5m|f_new_family_balance,4,3,0.55,57,17,13,27,9,0.5151515151515151,0.2826086956521739,0.5666666666666667,2,2,2,0,13,11,5,False,"{""f_f_market_dispersion_15m"": 0.09289213148896941, ""f_context_breakdown_down_pct"": 0.14433969999999996, ""f_f_market_aligned_fraction_5m"": 0.25, ""f_new_family_balance"": 2.95}"
B2,f_f_market_dispersion_15m|f_context_breakdown_down_pct|f_f_market_aligned_fraction_5m|f_new_family_balance,4,4,0.55,16,5,3,8,2,0.15151515151515152,0.06521739130434782,0.625,1,1,0,0,4,2,3,False,"{""f_f_market_dispersion_15m"": 0.09289213148896941, ""f_context_breakdown_down_pct"": 0.14433969999999996, ""f_f_market_aligned_fraction_5m"": 0.25, ""f_new_family_balance"": 2.95}"
B2,f_f_market_dispersion_15m|f_context_breakdown_down_pct|f_f_market_aligned_fraction_5m|f_new_family_balance,4,3,0.6,44,14,10,20,7,0.42424242424242425,0.21739130434782608,0.5833333333333334,2,2,1,0,11,8,4,False,"{""f_f_market_dispersion_15m"": 0.090819954887291, ""f_context_breakdown_down_pct"": 0.10880200000000001, ""f_f_market_aligned_fraction_5m"": 0.5499999999999996, ""f_new_family_balance"": 3.0}"
B2,f_f_market_dispersion_15m|f_context_breakdown_down_pct|f_f_market_aligned_fraction_5m|f_new_family_balance,4,4,0.6,12,3,2,7,1,0.09090909090909091,0.043478260869565216,0.6,1,0,0,0,2,2,2,False,"{""f_f_market_dispersion_15m"": 0.090819954887291, ""f_context_breakdown_down_pct"": 0.10880200000000001, ""f_f_market_aligned_fraction_5m"": 0.5499999999999996, ""f_new_family_balance"": 3.0}"
B2,f_f_market_dispersion_15m|f_context_breakdown_down_pct|f_f_market_aligned_fraction_5m|f_new_family_balance,4,3,0.65,39,13,8,18,6,0.3939393939393939,0.17391304347826086,0.6190476190476191,2,2,1,0,10,6,4,False,"{""f_f_market_dispersion_15m"": 0.08984644379961478, ""f_context_breakdown_down_pct"": 0.07557175, ""f_f_market_aligned_fraction_5m"": 0.8875000000000004, ""f_new_family_balance"": 3.0}"
B2,f_f_market_dispersion_15m|f_context_breakdown_down_pct|f_f_market_aligned_fraction_5m|f_new_family_balance,4,4,0.65,7,3,0,4,0,0.09090909090909091,0.0,1.0,1,0,0,0,2,0,2,False,"{""f_f_market_dispersion_15m"": 0.08984644379961478, ""f_context_breakdown_down_pct"": 0.07557175, ""f_f_market_aligned_fraction_5m"": 0.8875000000000004, ""f_new_family_balance"": 3.0}"
B2,f_f_market_dispersion_15m|f_context_breakdown_down_pct|f_f_market_aligned_fraction_5m|f_new_family_balance,4,3,0.7,37,13,7,17,5,0.3939393939393939,0.15217391304347827,0.65,2,2,1,0,10,5,4,False,"{""f_f_market_dispersion_15m"": 0.08730329330185219, ""f_context_breakdown_down_pct"": 0.045146500000000006, ""f_f_market_aligned_fraction_5m"": 1.0, ""f_new_family_balance"": 3.0}"
B2,f_f_market_dispersion_15m|f_context_breakdown_down_pct|f_f_market_aligned_fraction_5m|f_new_family_balance,4,4,0.7,5,3,0,2,0,0.09090909090909091,0.0,1.0,1,0,0,0,2,0,2,False,"{""f_f_market_dispersion_15m"": 0.08730329330185219, ""f_context_breakdown_down_pct"": 0.045146500000000006, ""f_f_market_aligned_fraction_5m"": 1.0, ""f_new_family_balance"": 3.0}"
B2,f_f_market_dispersion_15m|f_context_breakdown_down_pct|f_f_market_aligned_fraction_5m|f_new_family_balance,4,3,0.75,35,12,7,16,5,0.36363636363636365,0.15217391304347827,0.631578947368421,2,2,1,0,9,5,4,False,"{""f_f_market_dispersion_15m"": 0.08397532309904639, ""f_context_breakdown_down_pct"": 0.01612375, ""f_f_market_aligned_fraction_5m"": 1.0, ""f_new_family_balance"": 3.0}"
B2,f_f_market_dispersion_15m|f_context_breakdown_down_pct|f_f_market_aligned_fraction_5m|f_new_family_balance,4,4,0.75,4,3,0,1,0,0.09090909090909091,0.0,1.0,1,0,0,0,2,0,2,False,"{""f_f_market_dispersion_15m"": 0.08397532309904639, ""f_context_breakdown_down_pct"": 0.01612375, ""f_f_market_aligned_fraction_5m"": 1.0, ""f_new_family_balance"": 3.0}"
B2,f_f_market_dispersion_15m|f_context_breakdown_down_pct|f_f_market_aligned_fraction_5m|f_new_family_balance,4,3,0.8,15,7,3,5,1,0.21212121212121213,0.06521739130434782,0.7,1,1,0,0,6,2,3,False,"{""f_f_market_dispersion_15m"": 0.081451648230247, ""f_context_breakdown_down_pct"": 0.0, ""f_f_market_aligned_fraction_5m"": 1.0, ""f_new_family_balance"": 3.2}"
B2,f_f_market_dispersion_15m|f_context_breakdown_down_pct|f_f_market_aligned_fraction_5m|f_new_family_balance,4,3,0.85,15,7,3,5,1,0.21212121212121213,0.06521739130434782,0.7,1,1,0,0,6,2,3,False,"{""f_f_market_dispersion_15m"": 0.07993334252895565, ""f_context_breakdown_down_pct"": 0.0, ""f_f_market_aligned_fraction_5m"": 1.0, ""f_new_family_balance"": 3.6499999999999995}"
B2,f_f_market_dispersion_15m|f_context_breakdown_down_pct|f_f_market_aligned_fraction_5m|f_new_family_balance,4,3,0.9,12,6,2,4,0,0.18181818181818182,0.043478260869565216,0.75,1,0,0,0,5,2,3,False,"{""f_f_market_dispersion_15m"": 0.07698814464435187, ""f_context_breakdown_down_pct"": 0.0, ""f_f_market_aligned_fraction_5m"": 1.0, ""f_new_family_balance"": 4.0}"
B2,f_f_market_dispersion_15m|f_f_market_selected_ret_30m|f_micro_price_flow_divergence|f_f_market_aligned_fraction_5m,4,3,0.55,97,27,29,41,20,0.8181818181818182,0.6304347826086957,0.48214285714285715,4,5,4,3,19,21,4,False,"{""f_f_market_dispersion_15m"": 0.09289213148896941, ""f_f_market_selected_ret_30m"": 0.3157608147100679, ""f_micro_price_flow_divergence"": 0.0119500913633334, ""f_f_market_aligned_fraction_5m"": 0.25}"
B2,f_f_market_dispersion_15m|f_f_market_selected_ret_30m|f_micro_price_flow_divergence|f_f_market_aligned_fraction_5m,4,4,0.55,28,10,6,12,5,0.30303030303030304,0.13043478260869565,0.625,2,0,2,2,6,4,5,False,"{""f_f_market_dispersion_15m"": 0.09289213148896941, ""f_f_market_selected_ret_30m"": 0.3157608147100679, ""f_micro_price_flow_divergence"": 0.0119500913633334, ""f_f_market_aligned_fraction_5m"": 0.25}"
B2,f_f_market_dispersion_15m|f_f_market_selected_ret_30m|f_micro_price_flow_divergence|f_f_market_aligned_fraction_5m,4,3,0.6,72,21,19,32,14,0.6363636363636364,0.41304347826086957,0.525,3,0,3,3,15,16,4,False,"{""f_f_market_dispersion_15m"": 0.090819954887291, ""f_f_market_selected_ret_30m"": 0.27953051404961293, ""f_micro_price_flow_divergence"": 0.012675127220891261, ""f_f_market_aligned_fraction_5m"": 0.5499999999999996}"
B2,f_f_market_dispersion_15m|f_f_market_selected_ret_30m|f_micro_price_flow_divergence|f_f_market_aligned_fraction_5m,4,4,0.6,17,6,2,9,2,0.18181818181818182,0.043478260869565216,0.75,2,0,1,1,3,1,5,True,"{""f_f_market_dispersion_15m"": 0.090819954887291, ""f_f_market_selected_ret_30m"": 0.27953051404961293, ""f_micro_price_flow_divergence"": 0.012675127220891261, ""f_f_market_aligned_fraction_5m"": 0.5499999999999996}"
B2,f_f_market_dispersion_15m|f_f_market_selected_ret_30m|f_micro_price_flow_divergence|f_f_market_aligned_fraction_5m,4,3,0.65,60,19,12,29,9,0.5757575757575758,0.2608695652173913,0.6129032258064516,3,0,3,2,13,10,5,False,"{""f_f_market_dispersion_15m"": 0.08984644379961478, ""f_f_market_selected_ret_30m"": 0.24800416168246048, ""f_micro_price_flow_divergence"": 0.012783221361499118, ""f_f_market_aligned_fraction_5m"": 0.8875000000000004}"
B2,f_f_market_dispersion_15m|f_f_market_selected_ret_30m|f_micro_price_flow_divergence|f_f_market_aligned_fraction_5m,4,4,0.65,14,6,2,6,2,0.18181818181818182,0.043478260869565216,0.75,2,0,1,1,3,1,5,True,"{""f_f_market_dispersion_15m"": 0.08984644379961478, ""f_f_market_selected_ret_30m"": 0.24800416168246048, ""f_micro_price_flow_divergence"": 0.012783221361499118, ""f_f_market_aligned_fraction_5m"": 0.8875000000000004}"
B2,f_f_market_dispersion_15m|f_f_market_selected_ret_30m|f_micro_price_flow_divergence|f_f_market_aligned_fraction_5m,4,3,0.7,55,19,10,26,7,0.5757575757575758,0.21739130434782608,0.6551724137931034,3,0,3,1,13,9,5,False,"{""f_f_market_dispersion_15m"": 0.08730329330185219, ""f_f_market_selected_ret_30m"": 0.20612865023261098, ""f_micro_price_flow_divergence"": 0.013646104500558977, ""f_f_market_aligned_fraction_5m"": 1.0}"
B2,f_f_market_dispersion_15m|f_f_market_selected_ret_30m|f_micro_price_flow_divergence|f_f_market_aligned_fraction_5m,4,4,0.7,14,6,2,6,2,0.18181818181818182,0.043478260869565216,0.75,2,0,1,1,3,1,5,True,"{""f_f_market_dispersion_15m"": 0.08730329330185219, ""f_f_market_selected_ret_30m"": 0.20612865023261098, ""f_micro_price_flow_divergence"": 0.013646104500558977, ""f_f_market_aligned_fraction_5m"": 1.0}"
B2,f_f_market_dispersion_15m|f_f_market_selected_ret_30m|f_micro_price_flow_divergence|f_f_market_aligned_fraction_5m,4,3,0.75,48,15,10,23,7,0.45454545454545453,0.21739130434782608,0.6,2,0,3,1,10,9,5,False,"{""f_f_market_dispersion_15m"": 0.08397532309904639, ""f_f_market_selected_ret_30m"": 0.1590785592414129, ""f_micro_price_flow_divergence"": 0.01488638213884484, ""f_f_market_aligned_fraction_5m"": 1.0}"
B2,f_f_market_dispersion_15m|f_f_market_selected_ret_30m|f_micro_price_flow_divergence|f_f_market_aligned_fraction_5m,4,4,0.75,13,6,2,5,2,0.18181818181818182,0.043478260869565216,0.75,2,0,1,1,3,1,5,True,"{""f_f_market_dispersion_15m"": 0.08397532309904639, ""f_f_market_selected_ret_30m"": 0.1590785592414129, ""f_micro_price_flow_divergence"": 0.01488638213884484, ""f_f_market_aligned_fraction_5m"": 1.0}"
B2,f_f_market_dispersion_15m|f_f_market_selected_ret_30m|f_micro_price_flow_divergence|f_f_market_aligned_fraction_5m,4,3,0.8,43,14,10,19,7,0.42424242424242425,0.21739130434782608,0.5833333333333334,2,0,3,1,9,9,5,False,"{""f_f_market_dispersion_15m"": 0.081451648230247, ""f_f_market_selected_ret_30m"": 0.13117480044327, ""f_micro_price_flow_divergence"": 0.019082996203197426, ""f_f_market_aligned_fraction_5m"": 1.0}"
B2,f_f_market_dispersion_15m|f_f_market_selected_ret_30m|f_micro_price_flow_divergence|f_f_market_aligned_fraction_5m,4,4,0.8,9,3,2,4,2,0.09090909090909091,0.043478260869565216,0.6,1,0,0,1,2,1,3,False,"{""f_f_market_dispersion_15m"": 0.081451648230247, ""f_f_market_selected_ret_30m"": 0.13117480044327, ""f_micro_price_flow_divergence"": 0.019082996203197426, ""f_f_market_aligned_fraction_5m"": 1.0}"
B2,f_f_market_dispersion_15m|f_f_market_selected_ret_30m|f_micro_price_flow_divergence|f_f_market_aligned_fraction_5m,4,3,0.85,41,13,10,18,7,0.3939393939393939,0.21739130434782608,0.5652173913043478,2,0,3,1,8,9,5,False,"{""f_f_market_dispersion_15m"": 0.07993334252895565, ""f_f_market_selected_ret_30m"": 0.1272039568864461, ""f_micro_price_flow_divergence"": 0.026975030800133398, ""f_f_market_aligned_fraction_5m"": 1.0}"
B2,f_f_market_dispersion_15m|f_f_market_selected_ret_30m|f_micro_price_flow_divergence|f_f_market_aligned_fraction_5m,4,3,0.9,31,12,8,11,5,0.36363636363636365,0.17391304347826086,0.6,2,0,3,0,7,8,5,False,"{""f_f_market_dispersion_15m"": 0.07698814464435187, ""f_f_market_selected_ret_30m"": 0.11864422057320188, ""f_micro_price_flow_divergence"": 0.046956635495231006, ""f_f_market_aligned_fraction_5m"": 1.0}"
B2,f_f_market_dispersion_15m|f_f_market_selected_ret_30m|f_micro_price_flow_divergence|f_new_family_balance,4,3,0.55,65,20,18,27,12,0.6060606060606061,0.391304347826087,0.5263157894736842,4,4,3,2,13,12,5,False,"{""f_f_market_dispersion_15m"": 0.09289213148896941, ""f_f_market_selected_ret_30m"": 0.3157608147100679, ""f_micro_price_flow_divergence"": 0.0119500913633334, ""f_new_family_balance"": 2.95}"
B2,f_f_market_dispersion_15m|f_f_market_selected_ret_30m|f_micro_price_flow_divergence|f_new_family_balance,4,4,0.55,11,5,2,4,1,0.15151515151515152,0.043478260869565216,0.7142857142857143,1,1,1,0,3,1,4,True,"{""f_f_market_dispersion_15m"": 0.09289213148896941, ""f_f_market_selected_ret_30m"": 0.3157608147100679, ""f_micro_price_flow_divergence"": 0.0119500913633334, ""f_new_family_balance"": 2.95}"
B2,f_f_market_dispersion_15m|f_f_market_selected_ret_30m|f_micro_price_flow_divergence|f_new_family_balance,4,3,0.6,59,18,15,26,10,0.5454545454545454,0.32608695652173914,0.5454545454545454,3,2,3,2,12,11,5,False,"{""f_f_market_dispersion_15m"": 0.090819954887291, ""f_f_market_selected_ret_30m"": 0.27953051404961293, ""f_micro_price_flow_divergence"": 0.012675127220891261, ""f_new_family_balance"": 3.0}"
B2,f_f_market_dispersion_15m|f_f_market_selected_ret_30m|f_micro_price_flow_divergence|f_new_family_balance,4,4,0.6,9,5,1,3,1,0.15151515151515152,0.021739130434782608,0.8333333333333334,1,0,1,0,3,1,4,True,"{""f_f_market_dispersion_15m"": 0.090819954887291, ""f_f_market_selected_ret_30m"": 0.27953051404961293, ""f_micro_price_flow_divergence"": 0.012675127220891261, ""f_new_family_balance"": 3.0}"
B2,f_f_market_dispersion_15m|f_f_market_selected_ret_30m|f_micro_price_flow_divergence|f_new_family_balance,4,3,0.65,58,18,14,26,10,0.5454545454545454,0.30434782608695654,0.5625,3,2,3,2,12,10,5,False,"{""f_f_market_dispersion_15m"": 0.08984644379961478, ""f_f_market_selected_ret_30m"": 0.24800416168246048, ""f_micro_price_flow_divergence"": 0.012783221361499118, ""f_new_family_balance"": 3.0}"
B2,f_f_market_dispersion_15m|f_f_market_selected_ret_30m|f_micro_price_flow_divergence|f_new_family_balance,4,4,0.65,9,5,1,3,1,0.15151515151515152,0.021739130434782608,0.8333333333333334,1,0,1,0,3,1,4,True,"{""f_f_market_dispersion_15m"": 0.08984644379961478, ""f_f_market_selected_ret_30m"": 0.24800416168246048, ""f_micro_price_flow_divergence"": 0.012783221361499118, ""f_new_family_balance"": 3.0}"
B2,f_f_market_dispersion_15m|f_f_market_selected_ret_30m|f_micro_price_flow_divergence|f_new_family_balance,4,3,0.7,54,18,11,25,8,0.5454545454545454,0.2391304347826087,0.6206896551724138,3,1,3,1,12,9,5,False,"{""f_f_market_dispersion_15m"": 0.08730329330185219, ""f_f_market_selected_ret_30m"": 0.20612865023261098, ""f_micro_price_flow_divergence"": 0.013646104500558977, ""f_new_family_balance"": 3.0}"
B2,f_f_market_dispersion_15m|f_f_market_selected_ret_30m|f_micro_price_flow_divergence|f_new_family_balance,4,4,0.7,9,5,1,3,1,0.15151515151515152,0.021739130434782608,0.8333333333333334,1,0,1,0,3,1,4,True,"{""f_f_market_dispersion_15m"": 0.08730329330185219, ""f_f_market_selected_ret_30m"": 0.20612865023261098, ""f_micro_price_flow_divergence"": 0.013646104500558977, ""f_new_family_balance"": 3.0}"
B2,f_f_market_dispersion_15m|f_f_market_selected_ret_30m|f_micro_price_flow_divergence|f_new_family_balance,4,3,0.75,48,16,11,21,8,0.48484848484848486,0.2391304347826087,0.5925925925925926,2,1,3,1,11,9,5,False,"{""f_f_market_dispersion_15m"": 0.08397532309904639, ""f_f_market_selected_ret_30m"": 0.1590785592414129, ""f_micro_price_flow_divergence"": 0.01488638213884484, ""f_new_family_balance"": 3.0}"
B2,f_f_market_dispersion_15m|f_f_market_selected_ret_30m|f_micro_price_flow_divergence|f_new_family_balance,4,4,0.75,8,4,1,3,1,0.12121212121212122,0.021739130434782608,0.8,1,0,1,0,2,1,3,False,"{""f_f_market_dispersion_15m"": 0.08397532309904639, ""f_f_market_selected_ret_30m"": 0.1590785592414129, ""f_micro_price_flow_divergence"": 0.01488638213884484, ""f_new_family_balance"": 3.0}"
B2,f_f_market_dispersion_15m|f_f_market_selected_ret_30m|f_micro_price_flow_divergence|f_new_family_balance,4,3,0.8,24,9,4,11,3,0.2727272727272727,0.08695652173913043,0.6923076923076923,1,0,1,1,7,3,5,False,"{""f_f_market_dispersion_15m"": 0.081451648230247, ""f_f_market_selected_ret_30m"": 0.13117480044327, ""f_micro_price_flow_divergence"": 0.019082996203197426, ""f_new_family_balance"": 3.2}"
B2,f_f_market_dispersion_15m|f_f_market_selected_ret_30m|f_micro_price_flow_divergence|f_new_family_balance,4,3,0.85,20,6,3,11,2,0.18181818181818182,0.06521739130434782,0.6666666666666666,0,0,1,0,5,3,4,False,"{""f_f_market_dispersion_15m"": 0.07993334252895565, ""f_f_market_selected_ret_30m"": 0.1272039568864461, ""f_micro_price_flow_divergence"": 0.026975030800133398, ""f_new_family_balance"": 3.6499999999999995}"
B2,f_f_market_dispersion_15m|f_f_market_selected_ret_30m|f_micro_price_flow_divergence|f_new_family_balance,4,3,0.9,12,5,2,5,1,0.15151515151515152,0.043478260869565216,0.7142857142857143,0,0,1,0,4,2,4,True,"{""f_f_market_dispersion_15m"": 0.07698814464435187, ""f_f_market_selected_ret_30m"": 0.11864422057320188, ""f_micro_price_flow_divergence"": 0.046956635495231006, ""f_new_family_balance"": 4.0}"
B2,f_f_market_dispersion_15m|f_f_market_selected_ret_30m|f_f_market_aligned_fraction_5m|f_new_family_balance,4,3,0.55,87,25,22,40,15,0.7575757575757576,0.4782608695652174,0.5319148936170213,4,2,4,3,17,17,4,False,"{""f_f_market_dispersion_15m"": 0.09289213148896941, ""f_f_market_selected_ret_30m"": 0.3157608147100679, ""f_f_market_aligned_fraction_5m"": 0.25, ""f_new_family_balance"": 2.95}"
B2,f_f_market_dispersion_15m|f_f_market_selected_ret_30m|f_f_market_aligned_fraction_5m|f_new_family_balance,4,4,0.55,29,9,9,11,6,0.2727272727272727,0.1956521739130435,0.5,1,1,2,0,6,8,5,False,"{""f_f_market_dispersion_15m"": 0.09289213148896941, ""f_f_market_selected_ret_30m"": 0.3157608147100679, ""f_f_market_aligned_fraction_5m"": 0.25, ""f_new_family_balance"": 2.95}"
B2,f_f_market_dispersion_15m|f_f_market_selected_ret_30m|f_f_market_aligned_fraction_5m|f_new_family_balance,4,3,0.6,69,21,14,34,10,0.6363636363636364,0.30434782608695654,0.6,3,1,3,2,15,11,4,False,"{""f_f_market_dispersion_15m"": 0.090819954887291, ""f_f_market_selected_ret_30m"": 0.27953051404961293, ""f_f_market_aligned_fraction_5m"": 0.5499999999999996, ""f_new_family_balance"": 3.0}"
B2,f_f_market_dispersion_15m|f_f_market_selected_ret_30m|f_f_market_aligned_fraction_5m|f_new_family_balance,4,4,0.6,18,4,6,8,4,0.12121212121212122,0.13043478260869565,0.4,1,0,1,0,2,6,3,False,"{""f_f_market_dispersion_15m"": 0.090819954887291, ""f_f_market_selected_ret_30m"": 0.27953051404961293, ""f_f_market_aligned_fraction_5m"": 0.5499999999999996, ""f_new_family_balance"": 3.0}"
B2,f_f_market_dispersion_15m|f_f_market_selected_ret_30m|f_f_market_aligned_fraction_5m|f_new_family_balance,4,3,0.65,62,20,12,30,9,0.6060606060606061,0.2608695652173913,0.625,3,1,3,1,14,10,4,False,"{""f_f_market_dispersion_15m"": 0.08984644379961478, ""f_f_market_selected_ret_30m"": 0.24800416168246048, ""f_f_market_aligned_fraction_5m"": 0.8875000000000004, ""f_new_family_balance"": 3.0}"
B2,f_f_market_dispersion_15m|f_f_market_selected_ret_30m|f_f_market_aligned_fraction_5m|f_new_family_balance,4,4,0.65,11,4,2,5,2,0.12121212121212122,0.043478260869565216,0.6666666666666666,1,0,1,0,2,2,3,False,"{""f_f_market_dispersion_15m"": 0.08984644379961478, ""f_f_market_selected_ret_30m"": 0.24800416168246048, ""f_f_market_aligned_fraction_5m"": 0.8875000000000004, ""f_new_family_balance"": 3.0}"
B2,f_f_market_dispersion_15m|f_f_market_selected_ret_30m|f_f_market_aligned_fraction_5m|f_new_family_balance,4,3,0.7,59,20,12,27,9,0.6060606060606061,0.2608695652173913,0.625,3,1,3,1,14,10,4,False,"{""f_f_market_dispersion_15m"": 0.08730329330185219, ""f_f_market_selected_ret_30m"": 0.20612865023261098, ""f_f_market_aligned_fraction_5m"": 1.0, ""f_new_family_balance"": 3.0}"
B2,f_f_market_dispersion_15m|f_f_market_selected_ret_30m|f_f_market_aligned_fraction_5m|f_new_family_balance,4,4,0.7,11,4,2,5,2,0.12121212121212122,0.043478260869565216,0.6666666666666666,1,0,1,0,2,2,3,False,"{""f_f_market_dispersion_15m"": 0.08730329330185219, ""f_f_market_selected_ret_30m"": 0.20612865023261098, ""f_f_market_aligned_fraction_5m"": 1.0, ""f_new_family_balance"": 3.0}"
B2,f_f_market_dispersion_15m|f_f_market_selected_ret_30m|f_f_market_aligned_fraction_5m|f_new_family_balance,4,3,0.75,54,16,12,26,9,0.48484848484848486,0.2608695652173913,0.5714285714285714,2,1,3,1,11,10,4,False,"{""f_f_market_dispersion_15m"": 0.08397532309904639, ""f_f_market_selected_ret_30m"": 0.1590785592414129, ""f_f_market_aligned_fraction_5m"": 1.0, ""f_new_family_balance"": 3.0}"
B2,f_f_market_dispersion_15m|f_f_market_selected_ret_30m|f_f_market_aligned_fraction_5m|f_new_family_balance,4,4,0.75,8,3,2,3,2,0.09090909090909091,0.043478260869565216,0.6,1,0,1,0,1,2,2,False,"{""f_f_market_dispersion_15m"": 0.08397532309904639, ""f_f_market_selected_ret_30m"": 0.1590785592414129, ""f_f_market_aligned_fraction_5m"": 1.0, ""f_new_family_balance"": 3.0}"
B2,f_f_market_dispersion_15m|f_f_market_selected_ret_30m|f_f_market_aligned_fraction_5m|f_new_family_balance,4,3,0.8,28,7,6,15,5,0.21212121212121213,0.13043478260869565,0.5384615384615384,1,0,1,1,5,5,4,False,"{""f_f_market_dispersion_15m"": 0.081451648230247, ""f_f_market_selected_ret_30m"": 0.13117480044327, ""f_f_market_aligned_fraction_5m"": 1.0, ""f_new_family_balance"": 3.2}"
B2,f_f_market_dispersion_15m|f_f_market_selected_ret_30m|f_f_market_aligned_fraction_5m|f_new_family_balance,4,3,0.85,27,7,5,15,4,0.21212121212121213,0.10869565217391304,0.5833333333333334,1,0,1,0,5,5,4,False,"{""f_f_market_dispersion_15m"": 0.07993334252895565, ""f_f_market_selected_ret_30m"": 0.1272039568864461, ""f_f_market_aligned_fraction_5m"": 1.0, ""f_new_family_balance"": 3.6499999999999995}"
B2,f_f_market_dispersion_15m|f_f_market_selected_ret_30m|f_f_market_aligned_fraction_5m|f_new_family_balance,4,3,0.9,26,7,5,14,4,0.21212121212121213,0.10869565217391304,0.5833333333333334,1,0,1,0,5,5,4,False,"{""f_f_market_dispersion_15m"": 0.07698814464435187, ""f_f_market_selected_ret_30m"": 0.11864422057320188, ""f_f_market_aligned_fraction_5m"": 1.0, ""f_new_family_balance"": 4.0}"
B2,f_f_market_dispersion_15m|f_micro_price_flow_divergence|f_f_market_aligned_fraction_5m|f_new_family_balance,4,3,0.55,63,20,17,26,12,0.6060606060606061,0.3695652173913043,0.5405405405405406,4,2,3,2,13,13,4,False,"{""f_f_market_dispersion_15m"": 0.09289213148896941, ""f_micro_price_flow_divergence"": 0.0119500913633334, ""f_f_market_aligned_fraction_5m"": 0.25, ""f_new_family_balance"": 2.95}"
B2,f_f_market_dispersion_15m|f_micro_price_flow_divergence|f_f_market_aligned_fraction_5m|f_new_family_balance,4,4,0.55,8,4,1,3,1,0.12121212121212122,0.021739130434782608,0.8,1,0,1,0,2,1,3,False,"{""f_f_market_dispersion_15m"": 0.09289213148896941, ""f_micro_price_flow_divergence"": 0.0119500913633334, ""f_f_market_aligned_fraction_5m"": 0.25, ""f_new_family_balance"": 2.95}"
B2,f_f_market_dispersion_15m|f_micro_price_flow_divergence|f_f_market_aligned_fraction_5m|f_new_family_balance,4,3,0.6,46,13,9,24,7,0.3939393939393939,0.1956521739130435,0.5909090909090909,4,0,1,1,8,8,4,False,"{""f_f_market_dispersion_15m"": 0.090819954887291, ""f_micro_price_flow_divergence"": 0.012675127220891261, ""f_f_market_aligned_fraction_5m"": 0.5499999999999996, ""f_new_family_balance"": 3.0}"
B2,f_f_market_dispersion_15m|f_micro_price_flow_divergence|f_f_market_aligned_fraction_5m|f_new_family_balance,4,4,0.6,6,3,1,2,1,0.09090909090909091,0.021739130434782608,0.75,1,0,1,0,1,1,3,False,"{""f_f_market_dispersion_15m"": 0.090819954887291, ""f_micro_price_flow_divergence"": 0.012675127220891261, ""f_f_market_aligned_fraction_5m"": 0.5499999999999996, ""f_new_family_balance"": 3.0}"
B2,f_f_market_dispersion_15m|f_micro_price_flow_divergence|f_f_market_aligned_fraction_5m|f_new_family_balance,4,3,0.65,38,13,5,20,5,0.3939393939393939,0.10869565217391304,0.7222222222222222,4,0,1,1,8,4,5,False,"{""f_f_market_dispersion_15m"": 0.08984644379961478, ""f_micro_price_flow_divergence"": 0.012783221361499118, ""f_f_market_aligned_fraction_5m"": 0.8875000000000004, ""f_new_family_balance"": 3.0}"
B2,f_f_market_dispersion_15m|f_micro_price_flow_divergence|f_f_market_aligned_fraction_5m|f_new_family_balance,4,4,0.65,5,3,1,1,1,0.09090909090909091,0.021739130434782608,0.75,1,0,1,0,1,1,3,False,"{""f_f_market_dispersion_15m"": 0.08984644379961478, ""f_micro_price_flow_divergence"": 0.012783221361499118, ""f_f_market_aligned_fraction_5m"": 0.8875000000000004, ""f_new_family_balance"": 3.0}"
B2,f_f_market_dispersion_15m|f_micro_price_flow_divergence|f_f_market_aligned_fraction_5m|f_new_family_balance,4,3,0.7,38,13,5,20,5,0.3939393939393939,0.10869565217391304,0.7222222222222222,4,0,1,1,8,4,5,False,"{""f_f_market_dispersion_15m"": 0.08730329330185219, ""f_micro_price_flow_divergence"": 0.013646104500558977, ""f_f_market_aligned_fraction_5m"": 1.0, ""f_new_family_balance"": 3.0}"
B2,f_f_market_dispersion_15m|f_micro_price_flow_divergence|f_f_market_aligned_fraction_5m|f_new_family_balance,4,4,0.7,5,3,1,1,1,0.09090909090909091,0.021739130434782608,0.75,1,0,1,0,1,1,3,False,"{""f_f_market_dispersion_15m"": 0.08730329330185219, ""f_micro_price_flow_divergence"": 0.013646104500558977, ""f_f_market_aligned_fraction_5m"": 1.0, ""f_new_family_balance"": 3.0}"
B2,f_f_market_dispersion_15m|f_micro_price_flow_divergence|f_f_market_aligned_fraction_5m|f_new_family_balance,4,3,0.75,36,12,5,19,5,0.36363636363636365,0.10869565217391304,0.7058823529411765,4,0,1,1,7,4,5,False,"{""f_f_market_dispersion_15m"": 0.08397532309904639, ""f_micro_price_flow_divergence"": 0.01488638213884484, ""f_f_market_aligned_fraction_5m"": 1.0, ""f_new_family_balance"": 3.0}"
B2,f_f_market_dispersion_15m|f_micro_price_flow_divergence|f_f_market_aligned_fraction_5m|f_new_family_balance,4,4,0.75,5,3,1,1,1,0.09090909090909091,0.021739130434782608,0.75,1,0,1,0,1,1,3,False,"{""f_f_market_dispersion_15m"": 0.08397532309904639, ""f_micro_price_flow_divergence"": 0.01488638213884484, ""f_f_market_aligned_fraction_5m"": 1.0, ""f_new_family_balance"": 3.0}"
B2,f_f_market_dispersion_15m|f_micro_price_flow_divergence|f_f_market_aligned_fraction_5m|f_new_family_balance,4,3,0.8,16,6,3,7,3,0.18181818181818182,0.06521739130434782,0.6666666666666666,1,0,1,1,4,2,5,False,"{""f_f_market_dispersion_15m"": 0.081451648230247, ""f_micro_price_flow_divergence"": 0.019082996203197426, ""f_f_market_aligned_fraction_5m"": 1.0, ""f_new_family_balance"": 3.2}"
B2,f_f_market_dispersion_15m|f_micro_price_flow_divergence|f_f_market_aligned_fraction_5m|f_new_family_balance,4,3,0.85,13,4,3,6,3,0.12121212121212122,0.06521739130434782,0.5714285714285714,0,0,1,1,3,2,3,False,"{""f_f_market_dispersion_15m"": 0.07993334252895565, ""f_micro_price_flow_divergence"": 0.026975030800133398, ""f_f_market_aligned_fraction_5m"": 1.0, ""f_new_family_balance"": 3.6499999999999995}"
B2,f_context_breakdown_down_pct|f_f_market_selected_ret_30m|f_micro_price_flow_divergence|f_f_market_aligned_fraction_5m,4,3,0.55,71,20,18,33,14,0.6060606060606061,0.391304347826087,0.5263157894736842,4,4,2,2,14,12,4,False,"{""f_context_breakdown_down_pct"": 0.14433969999999996, ""f_f_market_selected_ret_30m"": 0.3157608147100679, ""f_micro_price_flow_divergence"": 0.0119500913633334, ""f_f_market_aligned_fraction_5m"": 0.25}"
B2,f_context_breakdown_down_pct|f_f_market_selected_ret_30m|f_micro_price_flow_divergence|f_f_market_aligned_fraction_5m,4,4,0.55,14,5,2,7,2,0.15151515151515152,0.043478260869565216,0.7142857142857143,2,0,0,0,3,2,4,True,"{""f_context_breakdown_down_pct"": 0.14433969999999996, ""f_f_market_selected_ret_30m"": 0.3157608147100679, ""f_micro_price_flow_divergence"": 0.0119500913633334, ""f_f_market_aligned_fraction_5m"": 0.25}"
B2,f_context_breakdown_down_pct|f_f_market_selected_ret_30m|f_micro_price_flow_divergence|f_f_market_aligned_fraction_5m,4,3,0.6,50,13,11,26,8,0.3939393939393939,0.2391304347826087,0.5416666666666666,3,1,1,1,9,9,3,False,"{""f_context_breakdown_down_pct"": 0.10880200000000001, ""f_f_market_selected_ret_30m"": 0.27953051404961293, ""f_micro_price_flow_divergence"": 0.012675127220891261, ""f_f_market_aligned_fraction_5m"": 0.5499999999999996}"
B2,f_context_breakdown_down_pct|f_f_market_selected_ret_30m|f_micro_price_flow_divergence|f_f_market_aligned_fraction_5m,4,4,0.6,8,5,0,3,0,0.15151515151515152,0.0,1.0,2,0,0,0,3,0,4,True,"{""f_context_breakdown_down_pct"": 0.10880200000000001, ""f_f_market_selected_ret_30m"": 0.27953051404961293, ""f_micro_price_flow_divergence"": 0.012675127220891261, ""f_f_market_aligned_fraction_5m"": 0.5499999999999996}"
B2,f_context_breakdown_down_pct|f_f_market_selected_ret_30m|f_micro_price_flow_divergence|f_f_market_aligned_fraction_5m,4,3,0.65,40,11,7,22,5,0.3333333333333333,0.15217391304347827,0.6111111111111112,3,1,1,1,7,5,3,False,"{""f_context_breakdown_down_pct"": 0.07557175, ""f_f_market_selected_ret_30m"": 0.24800416168246048, ""f_micro_price_flow_divergence"": 0.012783221361499118, ""f_f_market_aligned_fraction_5m"": 0.8875000000000004}"
B2,f_context_breakdown_down_pct|f_f_market_selected_ret_30m|f_micro_price_flow_divergence|f_f_market_aligned_fraction_5m,4,4,0.65,6,5,0,1,0,0.15151515151515152,0.0,1.0,2,0,0,0,3,0,4,True,"{""f_context_breakdown_down_pct"": 0.07557175, ""f_f_market_selected_ret_30m"": 0.24800416168246048, ""f_micro_price_flow_divergence"": 0.012783221361499118, ""f_f_market_aligned_fraction_5m"": 0.8875000000000004}"
B2,f_context_breakdown_down_pct|f_f_market_selected_ret_30m|f_micro_price_flow_divergence|f_f_market_aligned_fraction_5m,4,3,0.7,35,11,6,18,4,0.3333333333333333,0.13043478260869565,0.6470588235294118,3,1,1,1,7,4,4,False,"{""f_context_breakdown_down_pct"": 0.045146500000000006, ""f_f_market_selected_ret_30m"": 0.20612865023261098, ""f_micro_price_flow_divergence"": 0.013646104500558977, ""f_f_market_aligned_fraction_5m"": 1.0}"
B2,f_context_breakdown_down_pct|f_f_market_selected_ret_30m|f_micro_price_flow_divergence|f_f_market_aligned_fraction_5m,4,4,0.7,6,5,0,1,0,0.15151515151515152,0.0,1.0,2,0,0,0,3,0,4,True,"{""f_context_breakdown_down_pct"": 0.045146500000000006, ""f_f_market_selected_ret_30m"": 0.20612865023261098, ""f_micro_price_flow_divergence"": 0.013646104500558977, ""f_f_market_aligned_fraction_5m"": 1.0}"
B2,f_context_breakdown_down_pct|f_f_market_selected_ret_30m|f_micro_price_flow_divergence|f_f_market_aligned_fraction_5m,4,3,0.75,30,10,6,14,4,0.30303030303030304,0.13043478260869565,0.625,3,1,1,1,6,4,4,False,"{""f_context_breakdown_down_pct"": 0.01612375, ""f_f_market_selected_ret_30m"": 0.1590785592414129, ""f_micro_price_flow_divergence"": 0.01488638213884484, ""f_f_market_aligned_fraction_5m"": 1.0}"
B2,f_context_breakdown_down_pct|f_f_market_selected_ret_30m|f_micro_price_flow_divergence|f_f_market_aligned_fraction_5m,4,4,0.75,5,4,0,1,0,0.12121212121212122,0.0,1.0,1,0,0,0,3,0,4,True,"{""f_context_breakdown_down_pct"": 0.01612375, ""f_f_market_selected_ret_30m"": 0.1590785592414129, ""f_micro_price_flow_divergence"": 0.01488638213884484, ""f_f_market_aligned_fraction_5m"": 1.0}"
B2,f_context_breakdown_down_pct|f_f_market_selected_ret_30m|f_micro_price_flow_divergence|f_f_market_aligned_fraction_5m,4,3,0.8,25,9,5,11,3,0.2727272727272727,0.10869565217391304,0.6428571428571429,3,0,0,1,6,4,3,False,"{""f_context_breakdown_down_pct"": 0.0, ""f_f_market_selected_ret_30m"": 0.13117480044327, ""f_micro_price_flow_divergence"": 0.019082996203197426, ""f_f_market_aligned_fraction_5m"": 1.0}"
B2,f_context_breakdown_down_pct|f_f_market_selected_ret_30m|f_micro_price_flow_divergence|f_f_market_aligned_fraction_5m,4,4,0.8,3,3,0,0,0,0.09090909090909091,0.0,1.0,1,0,0,0,2,0,3,False,"{""f_context_breakdown_down_pct"": 0.0, ""f_f_market_selected_ret_30m"": 0.13117480044327, ""f_micro_price_flow_divergence"": 0.019082996203197426, ""f_f_market_aligned_fraction_5m"": 1.0}"
B2,f_context_breakdown_down_pct|f_f_market_selected_ret_30m|f_micro_price_flow_divergence|f_f_market_aligned_fraction_5m,4,3,0.85,24,9,4,11,2,0.2727272727272727,0.08695652173913043,0.6923076923076923,3,0,0,0,6,4,3,False,"{""f_context_breakdown_down_pct"": 0.0, ""f_f_market_selected_ret_30m"": 0.1272039568864461, ""f_micro_price_flow_divergence"": 0.026975030800133398, ""f_f_market_aligned_fraction_5m"": 1.0}"
B2,f_context_breakdown_down_pct|f_f_market_selected_ret_30m|f_micro_price_flow_divergence|f_f_market_aligned_fraction_5m,4,3,0.9,15,7,3,5,1,0.21212121212121213,0.06521739130434782,0.7,2,0,0,0,5,3,3,False,"{""f_context_breakdown_down_pct"": 0.0, ""f_f_market_selected_ret_30m"": 0.11864422057320188, ""f_micro_price_flow_divergence"": 0.046956635495231006, ""f_f_market_aligned_fraction_5m"": 1.0}"
B2,f_context_breakdown_down_pct|f_f_market_selected_ret_30m|f_micro_price_flow_divergence|f_new_family_balance,4,3,0.55,39,11,9,19,7,0.3333333333333333,0.1956521739130435,0.55,3,3,1,0,7,6,4,False,"{""f_context_breakdown_down_pct"": 0.14433969999999996, ""f_f_market_selected_ret_30m"": 0.3157608147100679, ""f_micro_price_flow_divergence"": 0.0119500913633334, ""f_new_family_balance"": 2.95}"
B2,f_context_breakdown_down_pct|f_f_market_selected_ret_30m|f_micro_price_flow_divergence|f_new_family_balance,4,4,0.55,8,4,0,4,0,0.12121212121212122,0.0,1.0,2,0,0,0,2,0,3,False,"{""f_context_breakdown_down_pct"": 0.14433969999999996, ""f_f_market_selected_ret_30m"": 0.3157608147100679, ""f_micro_price_flow_divergence"": 0.0119500913633334, ""f_new_family_balance"": 2.95}"
B2,f_context_breakdown_down_pct|f_f_market_selected_ret_30m|f_micro_price_flow_divergence|f_new_family_balance,4,3,0.6,35,10,6,19,4,0.30303030303030304,0.13043478260869565,0.625,2,2,1,0,7,4,4,False,"{""f_context_breakdown_down_pct"": 0.10880200000000001, ""f_f_market_selected_ret_30m"": 0.27953051404961293, ""f_micro_price_flow_divergence"": 0.012675127220891261, ""f_new_family_balance"": 3.0}"
B2,f_context_breakdown_down_pct|f_f_market_selected_ret_30m|f_micro_price_flow_divergence|f_new_family_balance,4,4,0.6,6,4,0,2,0,0.12121212121212122,0.0,1.0,2,0,0,0,2,0,3,False,"{""f_context_breakdown_down_pct"": 0.10880200000000001, ""f_f_market_selected_ret_30m"": 0.27953051404961293, ""f_micro_price_flow_divergence"": 0.012675127220891261, ""f_new_family_balance"": 3.0}"
B2,f_context_breakdown_down_pct|f_f_market_selected_ret_30m|f_micro_price_flow_divergence|f_new_family_balance,4,3,0.65,34,10,6,18,4,0.30303030303030304,0.13043478260869565,0.625,2,2,1,0,7,4,4,False,"{""f_context_breakdown_down_pct"": 0.07557175, ""f_f_market_selected_ret_30m"": 0.24800416168246048, ""f_micro_price_flow_divergence"": 0.012783221361499118, ""f_new_family_balance"": 3.0}"
B2,f_context_breakdown_down_pct|f_f_market_selected_ret_30m|f_micro_price_flow_divergence|f_new_family_balance,4,4,0.65,6,4,0,2,0,0.12121212121212122,0.0,1.0,2,0,0,0,2,0,3,False,"{""f_context_breakdown_down_pct"": 0.07557175, ""f_f_market_selected_ret_30m"": 0.24800416168246048, ""f_micro_price_flow_divergence"": 0.012783221361499118, ""f_new_family_balance"": 3.0}"
B2,f_context_breakdown_down_pct|f_f_market_selected_ret_30m|f_micro_price_flow_divergence|f_new_family_balance,4,3,0.7,29,10,5,14,4,0.30303030303030304,0.10869565217391304,0.6666666666666666,2,1,1,0,7,4,4,False,"{""f_context_breakdown_down_pct"": 0.045146500000000006, ""f_f_market_selected_ret_30m"": 0.20612865023261098, ""f_micro_price_flow_divergence"": 0.013646104500558977, ""f_new_family_balance"": 3.0}"
B2,f_context_breakdown_down_pct|f_f_market_selected_ret_30m|f_micro_price_flow_divergence|f_new_family_balance,4,4,0.7,6,4,0,2,0,0.12121212121212122,0.0,1.0,2,0,0,0,2,0,3,False,"{""f_context_breakdown_down_pct"": 0.045146500000000006, ""f_f_market_selected_ret_30m"": 0.20612865023261098, ""f_micro_price_flow_divergence"": 0.013646104500558977, ""f_new_family_balance"": 3.0}"
B2,f_context_breakdown_down_pct|f_f_market_selected_ret_30m|f_micro_price_flow_divergence|f_new_family_balance,4,3,0.75,26,9,5,12,4,0.2727272727272727,0.10869565217391304,0.6428571428571429,2,1,1,0,6,4,4,False,"{""f_context_breakdown_down_pct"": 0.01612375, ""f_f_market_selected_ret_30m"": 0.1590785592414129, ""f_micro_price_flow_divergence"": 0.01488638213884484, ""f_new_family_balance"": 3.0}"
B2,f_context_breakdown_down_pct|f_f_market_selected_ret_30m|f_micro_price_flow_divergence|f_new_family_balance,4,4,0.75,5,3,0,2,0,0.09090909090909091,0.0,1.0,1,0,0,0,2,0,3,False,"{""f_context_breakdown_down_pct"": 0.01612375, ""f_f_market_selected_ret_30m"": 0.1590785592414129, ""f_micro_price_flow_divergence"": 0.01488638213884484, ""f_new_family_balance"": 3.0}"
B2,f_context_breakdown_down_pct|f_f_market_selected_ret_30m|f_micro_price_flow_divergence|f_new_family_balance,4,3,0.8,10,5,1,4,1,0.15151515151515152,0.021739130434782608,0.8333333333333334,1,0,0,0,4,1,4,True,"{""f_context_breakdown_down_pct"": 0.0, ""f_f_market_selected_ret_30m"": 0.13117480044327, ""f_micro_price_flow_divergence"": 0.019082996203197426, ""f_new_family_balance"": 3.2}"
B2,f_context_breakdown_down_pct|f_f_market_selected_ret_30m|f_micro_price_flow_divergence|f_new_family_balance,4,3,0.85,8,3,1,4,1,0.09090909090909091,0.021739130434782608,0.75,0,0,0,0,3,1,2,False,"{""f_context_breakdown_down_pct"": 0.0, ""f_f_market_selected_ret_30m"": 0.1272039568864461, ""f_micro_price_flow_divergence"": 0.026975030800133398, ""f_new_family_balance"": 3.6499999999999995}"
B2,f_context_breakdown_down_pct|f_f_market_selected_ret_30m|f_f_market_aligned_fraction_5m|f_new_family_balance,4,3,0.55,60,17,14,29,10,0.5151515151515151,0.30434782608695654,0.5483870967741935,3,1,2,0,12,13,5,False,"{""f_context_breakdown_down_pct"": 0.14433969999999996, ""f_f_market_selected_ret_30m"": 0.3157608147100679, ""f_f_market_aligned_fraction_5m"": 0.25, ""f_new_family_balance"": 2.95}"
B2,f_context_breakdown_down_pct|f_f_market_selected_ret_30m|f_f_market_aligned_fraction_5m|f_new_family_balance,4,4,0.55,19,5,3,11,2,0.15151515151515152,0.06521739130434782,0.625,2,1,0,0,3,2,3,False,"{""f_context_breakdown_down_pct"": 0.14433969999999996, ""f_f_market_selected_ret_30m"": 0.3157608147100679, ""f_f_market_aligned_fraction_5m"": 0.25, ""f_new_family_balance"": 2.95}"
B2,f_context_breakdown_down_pct|f_f_market_selected_ret_30m|f_f_market_aligned_fraction_5m|f_new_family_balance,4,3,0.6,43,13,9,21,6,0.3939393939393939,0.1956521739130435,0.5909090909090909,2,1,1,0,10,8,4,False,"{""f_context_breakdown_down_pct"": 0.10880200000000001, ""f_f_market_selected_ret_30m"": 0.27953051404961293, ""f_f_market_aligned_fraction_5m"": 0.5499999999999996, ""f_new_family_balance"": 3.0}"
B2,f_context_breakdown_down_pct|f_f_market_selected_ret_30m|f_f_market_aligned_fraction_5m|f_new_family_balance,4,4,0.6,14,4,2,8,1,0.12121212121212122,0.043478260869565216,0.6666666666666666,2,0,0,0,2,2,3,False,"{""f_context_breakdown_down_pct"": 0.10880200000000001, ""f_f_market_selected_ret_30m"": 0.27953051404961293, ""f_f_market_aligned_fraction_5m"": 0.5499999999999996, ""f_new_family_balance"": 3.0}"
B2,f_context_breakdown_down_pct|f_f_market_selected_ret_30m|f_f_market_aligned_fraction_5m|f_new_family_balance,4,3,0.65,38,12,7,19,5,0.36363636363636365,0.15217391304347827,0.631578947368421,2,1,1,0,9,6,4,False,"{""f_context_breakdown_down_pct"": 0.07557175, ""f_f_market_selected_ret_30m"": 0.24800416168246048, ""f_f_market_aligned_fraction_5m"": 0.8875000000000004, ""f_new_family_balance"": 3.0}"
B2,f_context_breakdown_down_pct|f_f_market_selected_ret_30m|f_f_market_aligned_fraction_5m|f_new_family_balance,4,4,0.65,8,4,0,4,0,0.12121212121212122,0.0,1.0,2,0,0,0,2,0,3,False,"{""f_context_breakdown_down_pct"": 0.07557175, ""f_f_market_selected_ret_30m"": 0.24800416168246048, ""f_f_market_aligned_fraction_5m"": 0.8875000000000004, ""f_new_family_balance"": 3.0}"
B2,f_context_breakdown_down_pct|f_f_market_selected_ret_30m|f_f_market_aligned_fraction_5m|f_new_family_balance,4,3,0.7,34,12,6,16,4,0.36363636363636365,0.13043478260869565,0.6666666666666666,2,1,1,0,9,5,4,False,"{""f_context_breakdown_down_pct"": 0.045146500000000006, ""f_f_market_selected_ret_30m"": 0.20612865023261098, ""f_f_market_aligned_fraction_5m"": 1.0, ""f_new_family_balance"": 3.0}"
B2,f_context_breakdown_down_pct|f_f_market_selected_ret_30m|f_f_market_aligned_fraction_5m|f_new_family_balance,4,4,0.7,6,4,0,2,0,0.12121212121212122,0.0,1.0,2,0,0,0,2,0,3,False,"{""f_context_breakdown_down_pct"": 0.045146500000000006, ""f_f_market_selected_ret_30m"": 0.20612865023261098, ""f_f_market_aligned_fraction_5m"": 1.0, ""f_new_family_balance"": 3.0}"
B2,f_context_breakdown_down_pct|f_f_market_selected_ret_30m|f_f_market_aligned_fraction_5m|f_new_family_balance,4,3,0.75,29,11,6,12,4,0.3333333333333333,0.13043478260869565,0.6470588235294118,2,1,1,0,8,5,4,False,"{""f_context_breakdown_down_pct"": 0.01612375, ""f_f_market_selected_ret_30m"": 0.1590785592414129, ""f_f_market_aligned_fraction_5m"": 1.0, ""f_new_family_balance"": 3.0}"
B2,f_context_breakdown_down_pct|f_f_market_selected_ret_30m|f_f_market_aligned_fraction_5m|f_new_family_balance,4,3,0.8,10,6,1,3,0,0.18181818181818182,0.021739130434782608,0.8571428571428571,1,0,0,0,5,1,3,False,"{""f_context_breakdown_down_pct"": 0.0, ""f_f_market_selected_ret_30m"": 0.13117480044327, ""f_f_market_aligned_fraction_5m"": 1.0, ""f_new_family_balance"": 3.2}"
B2,f_context_breakdown_down_pct|f_f_market_selected_ret_30m|f_f_market_aligned_fraction_5m|f_new_family_balance,4,3,0.85,10,6,1,3,0,0.18181818181818182,0.021739130434782608,0.8571428571428571,1,0,0,0,5,1,3,False,"{""f_context_breakdown_down_pct"": 0.0, ""f_f_market_selected_ret_30m"": 0.1272039568864461, ""f_f_market_aligned_fraction_5m"": 1.0, ""f_new_family_balance"": 3.6499999999999995}"
B2,f_context_breakdown_down_pct|f_f_market_selected_ret_30m|f_f_market_aligned_fraction_5m|f_new_family_balance,4,3,0.9,10,6,1,3,0,0.18181818181818182,0.021739130434782608,0.8571428571428571,1,0,0,0,5,1,3,False,"{""f_context_breakdown_down_pct"": 0.0, ""f_f_market_selected_ret_30m"": 0.11864422057320188, ""f_f_market_aligned_fraction_5m"": 1.0, ""f_new_family_balance"": 4.0}"
B2,f_context_breakdown_down_pct|f_micro_price_flow_divergence|f_f_market_aligned_fraction_5m|f_new_family_balance,4,3,0.55,39,13,8,18,7,0.3939393939393939,0.17391304347826086,0.6190476190476191,3,2,1,0,9,6,4,False,"{""f_context_breakdown_down_pct"": 0.14433969999999996, ""f_micro_price_flow_divergence"": 0.0119500913633334, ""f_f_market_aligned_fraction_5m"": 0.25, ""f_new_family_balance"": 2.95}"
B2,f_context_breakdown_down_pct|f_micro_price_flow_divergence|f_f_market_aligned_fraction_5m|f_new_family_balance,4,4,0.55,8,3,0,5,0,0.09090909090909091,0.0,1.0,2,0,0,0,1,0,2,False,"{""f_context_breakdown_down_pct"": 0.14433969999999996, ""f_micro_price_flow_divergence"": 0.0119500913633334, ""f_f_market_aligned_fraction_5m"": 0.25, ""f_new_family_balance"": 2.95}"
B2,f_context_breakdown_down_pct|f_micro_price_flow_divergence|f_f_market_aligned_fraction_5m|f_new_family_balance,4,3,0.6,32,11,5,16,4,0.3333333333333333,0.10869565217391304,0.6875,3,1,1,0,7,4,4,False,"{""f_context_breakdown_down_pct"": 0.10880200000000001, ""f_micro_price_flow_divergence"": 0.012675127220891261, ""f_f_market_aligned_fraction_5m"": 0.5499999999999996, ""f_new_family_balance"": 3.0}"
B2,f_context_breakdown_down_pct|f_micro_price_flow_divergence|f_f_market_aligned_fraction_5m|f_new_family_balance,4,4,0.6,6,3,0,3,0,0.09090909090909091,0.0,1.0,2,0,0,0,1,0,2,False,"{""f_context_breakdown_down_pct"": 0.10880200000000001, ""f_micro_price_flow_divergence"": 0.012675127220891261, ""f_f_market_aligned_fraction_5m"": 0.5499999999999996, ""f_new_family_balance"": 3.0}"
B2,f_context_breakdown_down_pct|f_micro_price_flow_divergence|f_f_market_aligned_fraction_5m|f_new_family_balance,4,3,0.65,26,11,3,12,3,0.3333333333333333,0.06521739130434782,0.7857142857142857,3,1,1,0,7,2,5,True,"{""f_context_breakdown_down_pct"": 0.07557175, ""f_micro_price_flow_divergence"": 0.012783221361499118, ""f_f_market_aligned_fraction_5m"": 0.8875000000000004, ""f_new_family_balance"": 3.0}"
B2,f_context_breakdown_down_pct|f_micro_price_flow_divergence|f_f_market_aligned_fraction_5m|f_new_family_balance,4,4,0.65,5,3,0,2,0,0.09090909090909091,0.0,1.0,2,0,0,0,1,0,2,False,"{""f_context_breakdown_down_pct"": 0.07557175, ""f_micro_price_flow_divergence"": 0.012783221361499118, ""f_f_market_aligned_fraction_5m"": 0.8875000000000004, ""f_new_family_balance"": 3.0}"
B2,f_context_breakdown_down_pct|f_micro_price_flow_divergence|f_f_market_aligned_fraction_5m|f_new_family_balance,4,3,0.7,24,11,3,10,3,0.3333333333333333,0.06521739130434782,0.7857142857142857,3,1,1,0,7,2,5,True,"{""f_context_breakdown_down_pct"": 0.045146500000000006, ""f_micro_price_flow_divergence"": 0.013646104500558977, ""f_f_market_aligned_fraction_5m"": 1.0, ""f_new_family_balance"": 3.0}"
B2,f_context_breakdown_down_pct|f_micro_price_flow_divergence|f_f_market_aligned_fraction_5m|f_new_family_balance,4,4,0.7,5,3,0,2,0,0.09090909090909091,0.0,1.0,2,0,0,0,1,0,2,False,"{""f_context_breakdown_down_pct"": 0.045146500000000006, ""f_micro_price_flow_divergence"": 0.013646104500558977, ""f_f_market_aligned_fraction_5m"": 1.0, ""f_new_family_balance"": 3.0}"
B2,f_context_breakdown_down_pct|f_micro_price_flow_divergence|f_f_market_aligned_fraction_5m|f_new_family_balance,4,3,0.75,23,11,3,9,3,0.3333333333333333,0.06521739130434782,0.7857142857142857,3,1,1,0,7,2,5,True,"{""f_context_breakdown_down_pct"": 0.01612375, ""f_micro_price_flow_divergence"": 0.01488638213884484, ""f_f_market_aligned_fraction_5m"": 1.0, ""f_new_family_balance"": 3.0}"
B2,f_context_breakdown_down_pct|f_micro_price_flow_divergence|f_f_market_aligned_fraction_5m|f_new_family_balance,4,4,0.75,5,3,0,2,0,0.09090909090909091,0.0,1.0,2,0,0,0,1,0,2,False,"{""f_context_breakdown_down_pct"": 0.01612375, ""f_micro_price_flow_divergence"": 0.01488638213884484, ""f_f_market_aligned_fraction_5m"": 1.0, ""f_new_family_balance"": 3.0}"
B2,f_context_breakdown_down_pct|f_micro_price_flow_divergence|f_f_market_aligned_fraction_5m|f_new_family_balance,4,3,0.8,9,7,0,2,0,0.21212121212121213,0.0,1.0,2,0,0,0,5,0,4,True,"{""f_context_breakdown_down_pct"": 0.0, ""f_micro_price_flow_divergence"": 0.019082996203197426, ""f_f_market_aligned_fraction_5m"": 1.0, ""f_new_family_balance"": 3.2}"
B2,f_context_breakdown_down_pct|f_micro_price_flow_divergence|f_f_market_aligned_fraction_5m|f_new_family_balance,4,3,0.85,7,5,0,2,0,0.15151515151515152,0.0,1.0,1,0,0,0,4,0,3,False,"{""f_context_breakdown_down_pct"": 0.0, ""f_micro_price_flow_divergence"": 0.026975030800133398, ""f_f_market_aligned_fraction_5m"": 1.0, ""f_new_family_balance"": 3.6499999999999995}"
B2,f_f_market_selected_ret_30m|f_micro_price_flow_divergence|f_f_market_aligned_fraction_5m|f_new_family_balance,4,3,0.55,68,20,20,28,14,0.6060606060606061,0.43478260869565216,0.5,4,3,3,2,13,15,4,False,"{""f_f_market_selected_ret_30m"": 0.3157608147100679, ""f_micro_price_flow_divergence"": 0.0119500913633334, ""f_f_market_aligned_fraction_5m"": 0.25, ""f_new_family_balance"": 2.95}"
B2,f_f_market_selected_ret_30m|f_micro_price_flow_divergence|f_f_market_aligned_fraction_5m|f_new_family_balance,4,4,0.55,12,6,2,4,2,0.18181818181818182,0.043478260869565216,0.75,3,0,1,0,2,2,3,False,"{""f_f_market_selected_ret_30m"": 0.3157608147100679, ""f_micro_price_flow_divergence"": 0.0119500913633334, ""f_f_market_aligned_fraction_5m"": 0.25, ""f_new_family_balance"": 2.95}"
B2,f_f_market_selected_ret_30m|f_micro_price_flow_divergence|f_f_market_aligned_fraction_5m|f_new_family_balance,4,3,0.6,49,13,12,24,8,0.3939393939393939,0.2608695652173913,0.52,4,1,1,1,8,10,4,False,"{""f_f_market_selected_ret_30m"": 0.27953051404961293, ""f_micro_price_flow_divergence"": 0.012675127220891261, ""f_f_market_aligned_fraction_5m"": 0.5499999999999996, ""f_new_family_balance"": 3.0}"
B2,f_f_market_selected_ret_30m|f_micro_price_flow_divergence|f_f_market_aligned_fraction_5m|f_new_family_balance,4,4,0.6,7,4,1,2,1,0.12121212121212122,0.021739130434782608,0.8,2,0,1,0,1,1,3,False,"{""f_f_market_selected_ret_30m"": 0.27953051404961293, ""f_micro_price_flow_divergence"": 0.012675127220891261, ""f_f_market_aligned_fraction_5m"": 0.5499999999999996, ""f_new_family_balance"": 3.0}"
B2,f_f_market_selected_ret_30m|f_micro_price_flow_divergence|f_f_market_aligned_fraction_5m|f_new_family_balance,4,3,0.65,37,12,6,19,4,0.36363636363636365,0.13043478260869565,0.6666666666666666,4,1,1,1,7,4,5,False,"{""f_f_market_selected_ret_30m"": 0.24800416168246048, ""f_micro_price_flow_divergence"": 0.012783221361499118, ""f_f_market_aligned_fraction_5m"": 0.8875000000000004, ""f_new_family_balance"": 3.0}"
B2,f_f_market_selected_ret_30m|f_micro_price_flow_divergence|f_f_market_aligned_fraction_5m|f_new_family_balance,4,4,0.65,6,4,1,1,1,0.12121212121212122,0.021739130434782608,0.8,2,0,1,0,1,1,3,False,"{""f_f_market_selected_ret_30m"": 0.24800416168246048, ""f_micro_price_flow_divergence"": 0.012783221361499118, ""f_f_market_aligned_fraction_5m"": 0.8875000000000004, ""f_new_family_balance"": 3.0}"
B2,f_f_market_selected_ret_30m|f_micro_price_flow_divergence|f_f_market_aligned_fraction_5m|f_new_family_balance,4,3,0.7,35,12,5,18,4,0.36363636363636365,0.10869565217391304,0.7058823529411765,4,0,1,1,7,4,5,True,"{""f_f_market_selected_ret_30m"": 0.20612865023261098, ""f_micro_price_flow_divergence"": 0.013646104500558977, ""f_f_market_aligned_fraction_5m"": 1.0, ""f_new_family_balance"": 3.0}"
B2,f_f_market_selected_ret_30m|f_micro_price_flow_divergence|f_f_market_aligned_fraction_5m|f_new_family_balance,4,4,0.7,6,4,1,1,1,0.12121212121212122,0.021739130434782608,0.8,2,0,1,0,1,1,3,False,"{""f_f_market_selected_ret_30m"": 0.20612865023261098, ""f_micro_price_flow_divergence"": 0.013646104500558977, ""f_f_market_aligned_fraction_5m"": 1.0, ""f_new_family_balance"": 3.0}"
B2,f_f_market_selected_ret_30m|f_micro_price_flow_divergence|f_f_market_aligned_fraction_5m|f_new_family_balance,4,3,0.75,30,10,5,15,4,0.30303030303030304,0.10869565217391304,0.6666666666666666,4,0,1,1,5,4,5,False,"{""f_f_market_selected_ret_30m"": 0.1590785592414129, ""f_micro_price_flow_divergence"": 0.01488638213884484, ""f_f_market_aligned_fraction_5m"": 1.0, ""f_new_family_balance"": 3.0}"
B2,f_f_market_selected_ret_30m|f_micro_price_flow_divergence|f_f_market_aligned_fraction_5m|f_new_family_balance,4,4,0.75,4,3,1,0,1,0.09090909090909091,0.021739130434782608,0.75,1,0,1,0,1,1,3,False,"{""f_f_market_selected_ret_30m"": 0.1590785592414129, ""f_micro_price_flow_divergence"": 0.01488638213884484, ""f_f_market_aligned_fraction_5m"": 1.0, ""f_new_family_balance"": 3.0}"
B2,f_f_market_selected_ret_30m|f_micro_price_flow_divergence|f_f_market_aligned_fraction_5m|f_new_family_balance,4,3,0.8,13,6,3,4,2,0.18181818181818182,0.06521739130434782,0.6666666666666666,2,0,0,1,4,2,3,False,"{""f_f_market_selected_ret_30m"": 0.13117480044327, ""f_micro_price_flow_divergence"": 0.019082996203197426, ""f_f_market_aligned_fraction_5m"": 1.0, ""f_new_family_balance"": 3.2}"
B2,f_f_market_selected_ret_30m|f_micro_price_flow_divergence|f_f_market_aligned_fraction_5m|f_new_family_balance,4,3,0.85,10,4,2,4,1,0.12121212121212122,0.043478260869565216,0.6666666666666666,1,0,0,0,3,2,2,False,"{""f_f_market_selected_ret_30m"": 0.1272039568864461, ""f_micro_price_flow_divergence"": 0.026975030800133398, ""f_f_market_aligned_fraction_5m"": 1.0, ""f_new_family_balance"": 3.6499999999999995}"
B2,f_f_market_selected_ret_30m|f_micro_price_flow_divergence|f_f_market_aligned_fraction_5m|f_new_family_balance,4,3,0.9,7,3,1,3,0,0.09090909090909091,0.021739130434782608,0.75,1,0,0,0,2,1,3,False,"{""f_f_market_selected_ret_30m"": 0.11864422057320188, ""f_micro_price_flow_divergence"": 0.046956635495231006, ""f_f_market_aligned_fraction_5m"": 1.0, ""f_new_family_balance"": 4.0}"