position_id,signal_id,symbol,side,opened_at_ms,closed_at_ms,split,primary_meta_label,strong_win,weak_meta_win,historical_wd1_outcome,historical_max_mfe_pct,historical_min_mae_pct,historical_realized_pnl_usdt,historical_realized_pnl_pct,historical_realized_positive,mfe_bucket,peak_mfe_dollar_equiv,primary_label_end_ms,primary_minutes_to_label,t1_raw_available,t1_target_ms,t1_causal_survivor,t2_raw_available,t2_target_ms,t2_causal_survivor,t3_raw_available,t3_target_ms,t3_causal_survivor
PAPER:AGTUSDT:1790659799999:SHORT,AGTUSDT:1790659799999:SHORT,AGTUSDT,SHORT,1790659826768,,Discovery,META_LOSS,False,False,STALL_NO_EDGE,0.340398,-0.347139,-1.6300554493902397,-0.32601108987804794,False,0.30-<0.50%,1.70199,1790660699999,14.55385,True,1790659886572,True,True,1790659946572,True,True,1790660006572,True
PAPER:SAHARAUSDT:1790660099999:SHORT,SAHARAUSDT:1790660099999:SHORT,SAHARAUSDT,SHORT,1790660124602,,Discovery,META_LOSS,False,False,TRUE_WRONG_DIRECTION,0.05839,-1.251915,-5.630296226359761,-1.126059245271952,False,<0.30%,0.29195,1790660159999,0.58995,True,1790660184403,False,True,1790660244403,False,True,1790660304403,False
PAPER:COTIUSDT:1790660099999:SHORT,COTIUSDT:1790660099999:SHORT,COTIUSDT,SHORT,1790660125553,,Discovery,META_LOSS,False,False,TRUE_WRONG_DIRECTION,0.116154,-1.501723,-3.716020284053533,-0.7432040568107066,False,<0.30%,0.58077,1790660459999,5.5741,True,1790660185345,True,True,1790660245345,True,True,1790660305345,True
PAPER:INUSDT:1790660099999:SHORT,INUSDT:1790660099999:SHORT,INUSDT,SHORT,1790660129616,,Discovery,META_LOSS,False,False,STALL_NO_EDGE,0.385702,-1.318263,-4.808057240842453,-0.9616114481684908,False,0.30-<0.50%,1.92851,1790661119999,16.506383333333332,True,1790660189337,True,True,1790660249337,True,True,1790660309337,True
PAPER:SNXUSDT:1790660099999:SHORT,SNXUSDT:1790660099999:SHORT,SNXUSDT,SHORT,1790660132046,,Discovery,META_LOSS,False,False,TRUE_WRONG_DIRECTION,0.313535,-1.145698,-5.540708662783002,-1.1081417325566003,False,0.30-<0.50%,1.567675,1790660459999,5.465883333333333,True,1790660191843,True,True,1790660251843,True,True,1790660311843,True
PAPER:METISUSDT:1790660099999:SHORT,METISUSDT:1790660099999:SHORT,METISUSDT,SHORT,1790660137369,,Discovery,META_LOSS,False,False,STALL_NO_EDGE,0.370464,-1.401662,-5.384714994800708,-1.0769429989601418,False,0.30-<0.50%,1.8523200000000002,1790660459999,5.377166666666667,True,1790660197180,True,True,1790660257180,True,True,1790660317180,True
PAPER:ACTUSDT:1790660099999:SHORT,ACTUSDT:1790660099999:SHORT,ACTUSDT,SHORT,1790660137835,,Discovery,META_LOSS,False,False,TRUE_WRONG_DIRECTION,0.199757,-1.080591,-5.230040965443713,-1.0460081930887426,False,<0.30%,0.9987849999999999,1790660399999,4.3694,True,1790660197647,True,True,1790660257647,True,True,1790660317647,True
PAPER:APEUSDT:1790660099999:SHORT,APEUSDT:1790660099999:SHORT,APEUSDT,SHORT,1790660141793,,Discovery,META_LOSS,False,False,RIGHT_THEN_FAILURE,0.60599,-1.897987,-5.4755568464178745,-1.095111369283575,False,0.50-<1.00%,3.0299500000000004,1790660579999,7.303433333333333,True,1790660201592,True,True,1790660261592,True,True,1790660321592,True
PAPER:IOSTUSDT:1790660099999:SHORT,IOSTUSDT:1790660099999:SHORT,IOSTUSDT,SHORT,1790660143747,,Discovery,META_LOSS,False,False,TRUE_WRONG_DIRECTION,0.174543,-1.049958,-5.188469679061619,-1.0376939358123238,False,<0.30%,0.872715,1790660519999,6.270866666666667,True,1790660203555,True,True,1790660263555,True,True,1790660323555,True
PAPER:AUCTIONUSDT:1790660099999:SHORT,AUCTIONUSDT:1790660099999:SHORT,AUCTIONUSDT,SHORT,1790660148834,,Discovery,META_LOSS,False,False,TRUE_WRONG_DIRECTION,0.172501,-0.927527,-4.597493457311149,-0.9194986914622297,False,<0.30%,0.862505,1790660399999,4.186083333333333,True,1790660208640,True,True,1790660268640,True,True,1790660328640,True
PAPER:GRAMUSDT:1790660099999:SHORT,GRAMUSDT:1790660099999:SHORT,GRAMUSDT,SHORT,1790660150881,,Discovery,META_LOSS,False,False,TRUE_WRONG_DIRECTION,0.304736,-1.383913,-5.500873583807684,-1.100174716761537,False,0.30-<0.50%,1.5236800000000001,1790660399999,4.151966666666667,True,1790660210688,True,True,1790660270688,True,True,1790660330688,True
PAPER:NEOUSDT:1790660099999:SHORT,NEOUSDT:1790660099999:SHORT,NEOUSDT,SHORT,1790660152570,,Discovery,META_LOSS,False,False,STALL_NO_EDGE,0.384608,-0.991072,-5.5063962580137265,-1.1012792516027452,False,0.30-<0.50%,1.92304,1790660459999,5.1238166666666665,True,1790660212379,True,True,1790660272379,True,True,1790660332379,True
PAPER:MOVEUSDT:1790660099999:SHORT,MOVEUSDT:1790660099999:SHORT,MOVEUSDT,SHORT,1790660154036,,Discovery,META_LOSS,False,False,TRUE_WRONG_DIRECTION,0.244508,-1.066551,-5.957668655152153,-1.1915337310304306,False,<0.30%,1.22254,1790660459999,5.099383333333333,True,1790660213847,True,True,1790660273847,True,True,1790660333847,True
PAPER:DUSKUSDT:1790660099999:SHORT,DUSKUSDT:1790660099999:SHORT,DUSKUSDT,SHORT,1790660155878,,Discovery,META_LOSS,False,False,TRUE_WRONG_DIRECTION,0.200116,-0.93717,-4.255124658627688,-0.8510249317255376,False,<0.30%,1.00058,1790660459999,5.068683333333333,True,1790660215688,True,True,1790660275688,True,True,1790660335688,True
PAPER:GMTUSDT:1790660099999:SHORT,GMTUSDT:1790660099999:SHORT,GMTUSDT,SHORT,1790660157118,,Discovery,META_LOSS,False,False,TRUE_WRONG_DIRECTION,0.23652,-1.119393,-6.81917125975257,-1.363834251950514,False,<0.30%,1.1826,1790660399999,4.048016666666666,True,1790660216925,True,True,1790660276925,True,True,1790660336925,True
PAPER:VELVETUSDT:1790660099999:SHORT,VELVETUSDT:1790660099999:SHORT,VELVETUSDT,SHORT,1790660159699,,Discovery,META_LOSS,False,False,TRUE_WRONG_DIRECTION,0.091398,-1.282555,-6.711404402655136,-1.3422808805310271,False,<0.30%,0.45698999999999995,1790660399999,4.005,True,1790660219507,True,True,1790660279507,True,True,1790660339507,True
PAPER:CTSIUSDT:1790660099999:SHORT,CTSIUSDT:1790660099999:SHORT,CTSIUSDT,SHORT,1790660163145,,Discovery,META_LOSS,False,False,TRUE_WRONG_DIRECTION,0.230135,-0.913359,-4.705845268732116,-0.9411690537464231,False,<0.30%,1.1506750000000001,1790660459999,4.947566666666667,True,1790660222533,True,True,1790660282533,True,True,1790660342533,True
PAPER:FRAXUSDT:1790660399999:SHORT,FRAXUSDT:1790660399999:SHORT,FRAXUSDT,SHORT,1790660416640,,Discovery,META_LOSS,False,False,TRUE_WRONG_DIRECTION,0.114658,-0.794309,-3.814470829204555,-0.762894165840911,False,<0.30%,0.57329,1790660639999,3.72265,True,1790660476436,True,True,1790660536436,True,True,1790660596436,True
PAPER:BOMEUSDT:1790660399999:SHORT,BOMEUSDT:1790660399999:SHORT,BOMEUSDT,SHORT,1790660420728,,Discovery,META_LOSS,False,False,TRUE_WRONG_DIRECTION,0.349971,-1.626751,-8.462521150393663,-1.6925042300787325,False,0.30-<0.50%,1.749855,1790660639999,3.654516666666667,True,1790660480364,True,True,1790660540364,True,True,1790660600364,True
PAPER:QUSDT:1790660699999:SHORT,QUSDT:1790660699999:SHORT,QUSDT,SHORT,1790660725241,,Discovery,META_LOSS,False,False,RIGHT_THEN_FAILURE,0.920034,-1.452442,-4.8371304010399685,-0.9674260802079937,False,0.50-<1.00%,4.60017,1790661779999,17.5793,True,1790660785048,True,True,1790660845048,True,True,1790660905048,True
PAPER:NMRUSDT:1790661899999:SHORT,NMRUSDT:1790661899999:SHORT,NMRUSDT,SHORT,1790661966118,,Discovery,META_WIN,True,False,CORRECT_RUNNER,1.962771,-1.467745,3.381407736078409,0.6762815472156818,True,1.50-<2.00%,9.813855,1790662259999,4.898016666666667,True,1790662025833,True,True,1790662085833,True,True,1790662145833,True
PAPER:PHAROSUSDT:1790663099999:SHORT,PHAROSUSDT:1790663099999:SHORT,PHAROSUSDT,SHORT,1790663158792,,Discovery,META_LOSS,False,False,TRUE_WRONG_DIRECTION,0.068327,-0.520546,-3.234239330203362,-0.6468478660406725,False,<0.30%,0.341635,1790663279999,2.0201166666666666,True,1790663218405,True,True,1790663278405,True,True,1790663338405,False
PAPER:BILLUSDT:1790663699999:SHORT,BILLUSDT:1790663699999:SHORT,BILLUSDT,SHORT,1790663745924,,Discovery,META_LOSS,False,False,TRUE_WRONG_DIRECTION,0.156398,-0.461009,-3.378023852124964,-0.6756047704249928,False,<0.30%,0.7819900000000001,1790664539999,13.234583333333333,True,1790663805733,True,True,1790663865733,True,True,1790663925733,True
PAPER:GPSUSDT:1790663699999:SHORT,GPSUSDT:1790663699999:SHORT,GPSUSDT,SHORT,1790663759522,,Discovery,META_LOSS,False,False,TRUE_WRONG_DIRECTION,0.135126,-1.251348,-2.9639424989010528,-0.5927884997802106,False,<0.30%,0.67563,1790663879999,2.00795,True,1790663819327,True,True,1790663879327,True,True,1790663939327,False
PAPER:KGENUSDT:1790664599999:SHORT,KGENUSDT:1790664599999:SHORT,KGENUSDT,SHORT,1790664617112,,Discovery,META_LOSS,False,False,RIGHT_THEN_FAILURE,0.602398,-1.327048,-0.015699950817647967,-0.0031399901635295936,False,0.50-<1.00%,3.01199,1790665439999,13.714783333333333,True,1790664676919,True,True,1790664736919,True,True,1790664796919,True
PAPER:DRIFTUSDT:1790664599999:SHORT,DRIFTUSDT:1790664599999:SHORT,DRIFTUSDT,SHORT,1790664627165,,Discovery,META_LOSS,False,False,RIGHT_THEN_FAILURE,0.570375,-0.757977,-1.4426398068595039,-0.2885279613719008,False,0.50-<1.00%,2.8518749999999997,1790665379999,12.547233333333333,True,1790664686974,True,True,1790664746974,True,True,1790664806974,True
PAPER:OPGUSDT:1790664599999:SHORT,OPGUSDT:1790664599999:SHORT,OPGUSDT,SHORT,1790664665921,,Discovery,META_LOSS,False,False,TRUE_WRONG_DIRECTION,0.0,-0.499716,-2.7508202180004955,-0.5501640436000992,False,<0.30%,0.0,1790665439999,12.9013,True,1790664725628,True,True,1790664785628,True,True,1790664845628,True
PAPER:B2USDT:1790665199999:SHORT,B2USDT:1790665199999:SHORT,B2USDT,SHORT,1790665234266,,Discovery,META_LOSS,False,False,TRUE_WRONG_DIRECTION,0.319589,-0.499429,-3.0496665690237443,-0.6099333138047489,False,0.30-<0.50%,1.5979450000000002,1790665559999,5.428883333333333,True,1790665294072,True,True,1790665354072,True,True,1790665414072,True
PAPER:PHAROSUSDT:1790666399999:SHORT,PHAROSUSDT:1790666399999:SHORT,PHAROSUSDT,SHORT,1790666428723,,Discovery,META_WIN,False,True,RIGHT_THEN_FAILURE,0.689672,-0.093929,-0.35823120278150566,-0.07164624055630114,False,0.50-<1.00%,3.4483599999999996,1790668079999,27.521266666666666,True,1790666488529,True,True,1790666548529,True,True,1790666608529,True
PAPER:HAEDALUSDT:1790666399999:SHORT,HAEDALUSDT:1790666399999:SHORT,HAEDALUSDT,SHORT,1790666450179,,Discovery,META_WIN,False,True,CORRECT_RUNNER,0.529008,-0.369375,0.04896203791655995,0.009792407583311992,True,0.50-<1.00%,2.6450400000000003,1790667839999,23.163666666666668,True,1790666509986,True,True,1790666569986,True,True,1790666629986,True
PAPER:HAEDALUSDT:1790666699999:SHORT,HAEDALUSDT:1790666699999:SHORT,HAEDALUSDT,SHORT,1790666744973,,Discovery,META_WIN,True,False,RECOVERED_DRAWDOWN,5.428362,-0.369899,11.557935650098557,2.3115871300197113,True,>=5.00%,27.14181,1790668139999,23.250433333333334,True,1790666804777,True,True,1790666864777,True,True,1790666924777,True
PAPER:ACEUSDT:1790667299999:SHORT,ACEUSDT:1790667299999:SHORT,ACEUSDT,SHORT,1790667346612,,Discovery,META_LOSS,False,False,TRUE_WRONG_DIRECTION,0.050762,-0.39561,-2.639297569430126,-0.5278595138860251,False,<0.30%,0.25381,1790668439999,18.223116666666666,True,1790667406415,True,True,1790667466415,True,True,1790667526415,True
PAPER:METISUSDT:1790667299999:SHORT,METISUSDT:1790667299999:SHORT,METISUSDT,SHORT,1790667354256,,Discovery,META_LOSS,False,False,TRUE_WRONG_DIRECTION,0.187261,-0.908281,-3.9139271015837136,-0.7827854203167427,False,<0.30%,0.936305,1790667479999,2.0957166666666667,True,1790667414066,True,True,1790667474066,True,True,1790667534066,False
PAPER:0GUSDT:1790667599999:SHORT,0GUSDT:1790667599999:SHORT,0GUSDT,SHORT,1790667624169,,Discovery,META_WIN,True,False,CORRECT_RUNNER,2.566427,-0.428388,3.9891364373589675,0.7978272874717935,True,2.00-<3.00%,12.832135000000001,1790667719999,1.5971666666666666,True,1790667683948,True,True,1790667743948,False,True,1790667803948,False
PAPER:ARXUSDT:1790668199999:SHORT,ARXUSDT:1790668199999:SHORT,ARXUSDT,SHORT,1790668216516,,Discovery,META_WIN,True,False,CORRECT_RUNNER,1.102596,-2.735971,0.13722891211119387,0.027445782422238774,True,1.00-<1.50%,5.51298,1790668319999,1.7247166666666667,True,1790668276303,True,True,1790668336303,False,True,1790668396303,False
PAPER:PHAROSUSDT:1790668199999:SHORT,PHAROSUSDT:1790668199999:SHORT,PHAROSUSDT,SHORT,1790668243974,,Discovery,META_LOSS,False,False,RIGHT_THEN_FAILURE,0.591876,-0.706504,-1.2489517151415344,-0.24979034302830685,False,0.50-<1.00%,2.95938,1790668739999,8.267083333333334,True,1790668303782,True,True,1790668363782,True,True,1790668423782,True
PAPER:ARXUSDT:1790668799999:SHORT,ARXUSDT:1790668799999:SHORT,ARXUSDT,SHORT,1790668818138,,Discovery,META_WIN,True,False,CORRECT_RUNNER,1.262787,-3.377899,0.6548228308430633,0.13096456616861266,True,1.00-<1.50%,6.313935000000001,1790668859999,0.6976833333333333,True,1790668877946,False,True,1790668937946,False,True,1790668997946,False
PAPER:OPNUSDT:1790668799999:SHORT,OPNUSDT:1790668799999:SHORT,OPNUSDT,SHORT,1790668819461,,Discovery,META_LOSS,False,False,TRUE_WRONG_DIRECTION,0.26697,-0.421768,-3.2481633664146856,-0.6496326732829372,False,<0.30%,1.3348499999999999,1790670119999,21.675633333333334,True,1790668879264,True,True,1790668939264,True,True,1790668999264,True
PAPER:NOMUSDT:1790669399999:SHORT,NOMUSDT:1790669399999:SHORT,NOMUSDT,SHORT,1790669465674,,Discovery,META_LOSS,False,False,TRUE_WRONG_DIRECTION,0.320531,-0.506483,-3.141423846539718,-0.6282847693079436,False,0.30-<0.50%,1.602655,1790670119999,10.905416666666667,True,1790669525252,True,True,1790669585252,True,True,1790669645252,True
PAPER:STARUSDT:1790669999999:SHORT,STARUSDT:1790669999999:SHORT,STARUSDT,SHORT,1790670017725,,Discovery,META_LOSS,False,False,RIGHT_THEN_FAILURE,0.924629,-1.020204,-2.479725340901597,-0.49594506818031936,False,0.50-<1.00%,4.623145,1790670179999,2.7045666666666666,True,1790670077527,True,True,1790670137527,True,True,1790670197527,False
PAPER:BULLAUSDT:1790669999999:SHORT,BULLAUSDT:1790669999999:SHORT,BULLAUSDT,SHORT,1790670038951,,Discovery,META_LOSS,False,False,STALL_NO_EDGE,0.441758,-0.943527,-2.8658890400968913,-0.5731778080193783,False,0.30-<0.50%,2.20879,1790670119999,1.3508,True,1790670098757,True,True,1790670158757,False,True,1790670218757,False
PAPER:AZTECUSDT:1790670299999:SHORT,AZTECUSDT:1790670299999:SHORT,AZTECUSDT,SHORT,1790670332041,,Discovery,META_WIN,False,True,RIGHT_THEN_FAILURE,0.563667,-1.611834,-1.4813042979949007,-0.29626085959898013,False,0.50-<1.00%,2.8183350000000003,1790670659999,5.465966666666667,True,1790670391822,True,True,1790670451822,True,True,1790670511822,True
PAPER:AKEUSDT:1790670899999:SHORT,AKEUSDT:1790670899999:SHORT,AKEUSDT,SHORT,1790670937726,,Discovery,META_LOSS,False,False,RIGHT_THEN_FAILURE,0.701217,-1.468829,-0.7984618679686514,-0.15969237359373029,False,0.50-<1.00%,3.5060849999999997,1790671079999,2.3712166666666668,True,1790670997515,True,True,1790671057515,True,True,1790671117515,False
PAPER:INUSDT:1790670899999:SHORT,INUSDT:1790670899999:SHORT,INUSDT,SHORT,1790670945056,,Discovery,META_LOSS,False,False,RIGHT_THEN_FAILURE,0.584585,-0.861171,-0.4897397974995752,-0.09794795949991504,False,0.50-<1.00%,2.922925,1790671199999,4.24905,True,1790671004838,True,True,1790671064838,True,True,1790671124838,True
PAPER:RAREUSDT:1790670899999:SHORT,RAREUSDT:1790670899999:SHORT,RAREUSDT,SHORT,1790670948147,,Discovery,META_WIN,False,True,RIGHT_THEN_FAILURE,0.559486,-1.063086,-1.5302308144131462,-0.30604616288262926,False,0.50-<1.00%,2.7974300000000003,1790672219999,21.197533333333332,True,1790671007949,True,True,1790671067949,True,True,1790671127949,True
PAPER:AEROUSDT:1790670899999:SHORT,AEROUSDT:1790670899999:SHORT,AEROUSDT,SHORT,1790670950723,,Discovery,META_LOSS,False,False,TRUE_WRONG_DIRECTION,0.21848,-0.604289,-2.859871258944146,-0.5719742517888292,False,<0.30%,1.0924,1790671199999,4.1546,True,1790671010524,True,True,1790671070524,True,True,1790671130524,True
PAPER:WLDUSDT:1790670899999:SHORT,WLDUSDT:1790670899999:SHORT,WLDUSDT,SHORT,1790670951360,,Discovery,META_LOSS,False,False,RIGHT_THEN_FAILURE,0.501351,-0.521307,-0.548766469412551,-0.1097532938825102,False,0.50-<1.00%,2.506755,1790672699999,29.143983333333335,True,1790671011160,True,True,1790671071160,True,True,1790671131160,True
PAPER:龙虾USDT:1790671199999:SHORT,龙虾USDT:1790671199999:SHORT,龙虾USDT,SHORT,1790671266243,,Discovery,META_LOSS,False,False,TRUE_WRONG_DIRECTION,0.296939,-2.141086,-4.48868620159129,-0.897737240318258,False,<0.30%,1.484695,1790671319999,0.8959333333333334,True,1790671325836,False,True,1790671385836,False,True,1790671445836,False
PAPER:NILUSDT:1790671499999:SHORT,NILUSDT:1790671499999:SHORT,NILUSDT,SHORT,1790671523957,,Discovery,META_LOSS,False,False,RIGHT_THEN_FAILURE,0.911327,-0.595958,-1.1955099057056597,-0.23910198114113193,False,0.50-<1.00%,4.556635,1790672099999,9.6007,True,1790671583766,True,True,1790671643766,True,True,1790671703766,True
PAPER:BABYUSDT:1790672099999:SHORT,BABYUSDT:1790672099999:SHORT,BABYUSDT,SHORT,1790672124976,,Discovery,META_LOSS,False,False,STALL_NO_EDGE,0.356861,-1.301345,-5.2882568695350916,-1.0576513739070184,False,0.30-<0.50%,1.7843049999999998,1790673659999,25.583716666666668,True,1790672184784,True,True,1790672244784,True,True,1790672304784,True
PAPER:FIGHTUSDT:1790672399999:SHORT,FIGHTUSDT:1790672399999:SHORT,FIGHTUSDT,SHORT,1790672415125,,Discovery,META_LOSS,False,False,RIGHT_THEN_FAILURE,0.58802,-1.212667,-0.013879184534567157,-0.0027758369069134313,False,0.50-<1.00%,2.9401,1790673299999,14.7479,True,1790672474930,True,True,1790672534930,True,True,1790672594930,True
PAPER:MUBARAKUSDT:1790672399999:SHORT,MUBARAKUSDT:1790672399999:SHORT,MUBARAKUSDT,SHORT,1790672417799,,Discovery,META_WIN,True,False,CORRECT_RUNNER,1.078584,-2.411049,0.5052054426392056,0.10104108852784112,True,1.00-<1.50%,5.39292,1790672459999,0.7033333333333334,True,1790672477470,False,True,1790672537470,False,True,1790672597470,False
PAPER:SHELLUSDT:1790673899999:SHORT,SHELLUSDT:1790673899999:SHORT,SHELLUSDT,SHORT,1790673923401,,Discovery,META_LOSS,False,False,STALL_NO_EDGE,0.493527,-0.652042,-1.6421383654692674,-0.32842767309385346,False,0.30-<0.50%,2.467635,1790675339999,23.609966666666665,True,1790673983205,True,True,1790674043205,True,True,1790674103205,True
PAPER:CUSDT:1790673899999:SHORT,CUSDT:1790673899999:SHORT,CUSDT,SHORT,1790673925372,,Discovery,META_LOSS,False,False,TRUE_WRONG_DIRECTION,0.234472,-0.694918,-2.472957485579032,-0.4945914971158064,False,<0.30%,1.17236,1790675279999,22.577116666666665,True,1790673985175,True,True,1790674045175,True,True,1790674105175,True
PAPER:HANAUSDT:1790674499999:SHORT,HANAUSDT:1790674499999:SHORT,HANAUSDT,SHORT,1790674561695,,Discovery,META_LOSS,False,False,TRUE_WRONG_DIRECTION,0.135066,-1.105492,-3.2784467358587515,-0.6556893471717503,False,<0.30%,0.67533,1790674859999,4.971733333333333,True,1790674621499,True,True,1790674681499,True,True,1790674741499,True
PAPER:MARSCOINUSDT:1790674499999:SHORT,MARSCOINUSDT:1790674499999:SHORT,MARSCOINUSDT,SHORT,1790674563183,,Discovery,META_WIN,True,False,RECOVERED_DRAWDOWN,1.319952,-1.675623,1.5484945702589128,0.3096989140517825,True,1.00-<1.50%,6.59976,1790674679999,1.9469333333333334,True,1790674622986,True,True,1790674682986,False,True,1790674742986,False
PAPER:EVAAUSDT:1790674499999:SHORT,EVAAUSDT:1790674499999:SHORT,EVAAUSDT,SHORT,1790674621704,,Discovery,META_WIN,True,False,RECOVERED_DRAWDOWN,1.67828,-1.003221,2.4048715574214454,0.4809743114842891,True,1.50-<2.00%,8.3914,1790674979999,5.971583333333333,True,1790674681450,True,True,1790674741450,True,True,1790674801450,True
PAPER:MARSCOINUSDT:1790674799999:SHORT,MARSCOINUSDT:1790674799999:SHORT,MARSCOINUSDT,SHORT,1790674839856,,Discovery,META_WIN,False,True,RIGHT_THEN_FAILURE,0.706,-1.115492,-0.9501900380075605,-0.1900380076015121,False,0.50-<1.00%,3.53,1790675159999,5.335716666666666,True,1790674899598,True,True,1790674959598,True,True,1790675019598,True
PAPER:EVAAUSDT:1790675099999:SHORT,EVAAUSDT:1790675099999:SHORT,EVAAUSDT,SHORT,1790675225230,,Discovery,META_LOSS,False,False,RIGHT_THEN_FAILURE,0.836409,-0.936516,-1.551752531669021,-0.31035050633380423,False,0.50-<1.00%,4.182045,1790675639999,6.912816666666667,True,1790675285010,True,True,1790675345010,True,True,1790675405010,True
PAPER:牛来USDT:1790676299999:SHORT,牛来USDT:1790676299999:SHORT,牛来USDT,SHORT,1790676317671,,Discovery,META_LOSS,False,False,RIGHT_THEN_FAILURE,1.291068,-1.718858,-1.8743572863008198,-0.3748714572601639,False,1.00-<1.50%,6.4553400000000005,1790676359999,0.7054666666666667,True,1790676377467,False,True,1790676437467,False,True,1790676497467,False
PAPER:MUSDT:1790676299999:SHORT,MUSDT:1790676299999:SHORT,MUSDT,SHORT,1790676321876,,Discovery,META_WIN,True,False,RECOVERED_DRAWDOWN,1.385974,-1.230449,2.1020977061266892,0.42041954122533787,True,1.00-<1.50%,6.92987,1790677139999,13.635383333333333,True,1790676381681,True,True,1790676441681,True,True,1790676501681,True
PAPER:龙虾USDT:1790676899999:SHORT,龙虾USDT:1790676899999:SHORT,龙虾USDT,SHORT,1790676914793,,Discovery,META_WIN,True,False,RECOVERED_DRAWDOWN,6.842023,-2.240441,11.606568773932851,2.3213137547865705,True,>=5.00%,34.210115,1790677079999,2.753433333333333,True,1790676974547,True,True,1790677034547,True,True,1790677094547,False
PAPER:PHAUSDT:1790677199999:SHORT,PHAUSDT:1790677199999:SHORT,PHAUSDT,SHORT,1790677268956,,Discovery,META_WIN,False,True,RIGHT_THEN_FAILURE,0.785859,-1.259793,-0.639948209660447,-0.1279896419320894,False,0.50-<1.00%,3.9292949999999998,1790678639999,22.850716666666667,True,1790677328566,True,True,1790677388566,True,True,1790677448566,True
PAPER:AKEUSDT:1790677799999:SHORT,AKEUSDT:1790677799999:SHORT,AKEUSDT,SHORT,1790677821629,,Discovery,META_LOSS,False,False,RIGHT_THEN_FAILURE,0.813255,-1.026992,-2.9306573536071627,-0.5861314707214325,False,0.50-<1.00%,4.066275,1790677919999,1.6395,True,1790677881434,True,True,1790677941434,False,True,1790678001434,False
PAPER:MARSCOINUSDT:1790678099999:SHORT,MARSCOINUSDT:1790678099999:SHORT,MARSCOINUSDT,SHORT,1790678118426,,Discovery,META_LOSS,False,False,RIGHT_THEN_FAILURE,1.085449,-1.788728,-0.5478253598338098,-0.10956507196676195,False,1.00-<1.50%,5.427245000000001,1790678339999,3.6928833333333335,True,1790678178223,True,True,1790678238223,True,True,1790678298223,True
PAPER:ARKMUSDT:1790678399999:SHORT,ARKMUSDT:1790678399999:SHORT,ARKMUSDT,SHORT,1790678418043,,Discovery,META_LOSS,False,False,TRUE_WRONG_DIRECTION,0.133991,-1.020974,-0.9501900380076691,-0.19003800760153383,False,<0.30%,0.669955,1790679119999,11.699266666666666,True,1790678477838,True,True,1790678537838,True,True,1790678597838,True
PAPER:CROSSUSDT:1790678399999:SHORT,CROSSUSDT:1790678399999:SHORT,CROSSUSDT,SHORT,1790678419494,,Discovery,META_LOSS,False,False,STALL_NO_EDGE,0.383391,-1.01749,-4.272185689429418,-0.8544371378858835,False,0.30-<0.50%,1.916955,1790678579999,2.6750833333333333,True,1790678479294,True,True,1790678539294,True,True,1790678599294,False
PAPER:FLUXUSDT:1790678399999:SHORT,FLUXUSDT:1790678399999:SHORT,FLUXUSDT,SHORT,1790678429534,,Discovery,META_LOSS,False,False,TRUE_WRONG_DIRECTION,0.22757,-0.748973,-3.428285038195707,-0.6856570076391414,False,<0.30%,1.13785,1790678999999,9.50775,True,1790678489316,True,True,1790678549316,True,True,1790678609316,True
PAPER:NILUSDT:1790678399999:SHORT,NILUSDT:1790678399999:SHORT,NILUSDT,SHORT,1790678464402,,Discovery,META_LOSS,False,False,RIGHT_THEN_FAILURE,1.028812,-0.982447,-0.8266827125603569,-0.16533654251207136,False,1.00-<1.50%,5.1440600000000005,1790678939999,7.926616666666667,True,1790678523993,True,True,1790678583993,True,True,1790678643993,True
PAPER:CRVUSDT:1790679899999:SHORT,CRVUSDT:1790679899999:SHORT,CRVUSDT,SHORT,1790679918640,,Discovery,META_LOSS,False,False,STALL_NO_EDGE,0.466898,-1.378205,-4.348919870446026,-0.8697839740892053,False,0.30-<0.50%,2.3344899999999997,1790680019999,1.6893166666666666,True,1790679978440,True,True,1790680038440,False,True,1790680098440,False
PAPER:SOONUSDT:1790679899999:SHORT,SOONUSDT:1790679899999:SHORT,SOONUSDT,SHORT,1790679919134,,Discovery,META_LOSS,False,False,RIGHT_THEN_FAILURE,0.779919,-2.034625,-1.9881125292000568,-0.39762250584001135,False,0.50-<1.00%,3.899595,1790680019999,1.6810833333333333,True,1790679978928,True,True,1790680038928,False,True,1790680098928,False
PAPER:ZAMAUSDT:1790679899999:SHORT,ZAMAUSDT:1790679899999:SHORT,ZAMAUSDT,SHORT,1790679965128,,Discovery,META_LOSS,False,False,TRUE_WRONG_DIRECTION,0.118441,-0.800329,-2.902855306810687,-0.5805710613621373,False,<0.30%,0.592205,1790680199999,3.9145166666666666,True,1790680024725,True,True,1790680084725,True,True,1790680144725,True
PAPER:币安人生USDT:1790680199999:SHORT,币安人生USDT:1790680199999:SHORT,币安人生USDT,SHORT,1790680245821,,Discovery,META_LOSS,False,False,TRUE_WRONG_DIRECTION,0.273884,-0.646966,-2.2249162810035474,-0.4449832562007095,False,<0.30%,1.36942,1790681579999,22.2363,True,1790680305621,True,True,1790680365621,True,True,1790680425621,True
PAPER:HANAUSDT:1790680499999:SHORT,HANAUSDT:1790680499999:SHORT,HANAUSDT,SHORT,1790680516583,,Discovery,META_WIN,False,True,CORRECT_RUNNER,0.590339,-0.859226,0.004377448716357174,0.0008754897432714348,True,0.50-<1.00%,2.951695,1790681339999,13.7236,True,1790680576380,True,True,1790680636380,True,True,1790680696380,True
PAPER:RPLUSDT:1790681099999:SHORT,RPLUSDT:1790681099999:SHORT,RPLUSDT,SHORT,1790681127841,,Discovery,META_LOSS,False,False,TRUE_WRONG_DIRECTION,0.079469,-1.61157,-1.696945667104428,-0.3393891334208856,False,<0.30%,0.397345,1790681339999,3.5359666666666665,True,1790681187647,True,True,1790681247647,True,True,1790681307647,True
PAPER:HANAUSDT:1790681399999:SHORT,HANAUSDT:1790681399999:SHORT,HANAUSDT,SHORT,1790681420278,,Discovery,META_WIN,True,False,RECOVERED_DRAWDOWN,2.842131,-1.567104,4.85694673737543,0.971389347475086,True,2.00-<3.00%,14.210655000000001,1790681579999,2.6620166666666667,True,1790681480090,True,True,1790681540090,True,True,1790681600090,False
PAPER:1000CATUSDT:1790681999999:SHORT,1000CATUSDT:1790681999999:SHORT,1000CATUSDT,SHORT,1790682043009,,Discovery,META_LOSS,False,False,TRUE_WRONG_DIRECTION,0.068548,-0.816976,-2.7229220080403103,-0.5445844016080621,False,<0.30%,0.34274,1790682119999,1.2831666666666666,True,1790682102816,True,True,1790682162816,False,True,1790682222816,False
PAPER:INITUSDT:1790682599999:SHORT,INITUSDT:1790682599999:SHORT,INITUSDT,SHORT,1790682645709,,Discovery,META_LOSS,False,False,CORRECT_RUNNER,1.012905,-0.911141,0.41819409999240986,0.08363881999848198,True,1.00-<1.50%,5.064525,1790682779999,2.238166666666667,True,1790682705487,True,True,1790682765487,True,True,1790682825487,False
PAPER:AZTECUSDT:1790683199999:SHORT,AZTECUSDT:1790683199999:SHORT,AZTECUSDT,SHORT,1790683234208,,Discovery,META_LOSS,False,False,TRUE_WRONG_DIRECTION,0.190897,-1.074511,-2.797330960657063,-0.5594661921314126,False,<0.30%,0.954485,1790683559999,5.42985,True,1790683294011,True,True,1790683354011,True,True,1790683414011,True
PAPER:FIGHTUSDT:1790683499999:SHORT,FIGHTUSDT:1790683499999:SHORT,FIGHTUSDT,SHORT,1790683528960,,Discovery,META_WIN,True,False,RECOVERED_DRAWDOWN,2.035042,-2.004991,3.724805899774521,0.7449611799549042,True,2.00-<3.00%,10.17521,1790683619999,1.5173166666666666,True,1790683588769,True,True,1790683648769,False,True,1790683708769,False
PAPER:LUNA2USDT:1790683799999:SHORT,LUNA2USDT:1790683799999:SHORT,LUNA2USDT,SHORT,1790683828771,,Discovery,META_WIN,True,False,RECOVERED_DRAWDOWN,1.113035,-0.606059,1.5429090530020004,0.30858181060040013,True,1.00-<1.50%,5.565175,1790684519999,11.520466666666668,True,1790683888572,True,True,1790683948572,True,True,1790684008572,True
PAPER:VVVUSDT:1790683799999:SHORT,VVVUSDT:1790683799999:SHORT,VVVUSDT,SHORT,1790683833960,,Discovery,META_WIN,True,False,RECOVERED_DRAWDOWN,1.975569,-0.751234,0.4830122383643807,0.09660244767287614,True,1.50-<2.00%,9.877844999999999,1790684399999,9.433983333333334,True,1790683893766,True,True,1790683953766,True,True,1790684013766,True
PAPER:RAREUSDT:1790683799999:SHORT,RAREUSDT:1790683799999:SHORT,RAREUSDT,SHORT,1790683838129,,Discovery,META_LOSS,False,False,RIGHT_THEN_FAILURE,0.796486,-0.719852,-1.242070615289222,-0.24841412305784438,False,0.50-<1.00%,3.98243,1790684219999,6.3645,True,1790683897930,True,True,1790683957930,True,True,1790684017930,True
PAPER:HAEDALUSDT:1790684699999:SHORT,HAEDALUSDT:1790684699999:SHORT,HAEDALUSDT,SHORT,1790684718718,,Discovery,META_WIN,True,False,RECOVERED_DRAWDOWN,1.010068,-1.359098,0.4675048874347637,0.09350097748695274,True,1.00-<1.50%,5.05034,1790685839999,18.688016666666666,True,1790684778523,True,True,1790684838523,True,True,1790684898523,True
PAPER:PLAYUSDT:1790684699999:SHORT,PLAYUSDT:1790684699999:SHORT,PLAYUSDT,SHORT,1790684728350,,Discovery,META_WIN,True,False,RECOVERED_DRAWDOWN,1.258102,-0.642671,0.5259491200336944,0.10518982400673889,True,1.00-<1.50%,6.29051,1790686199999,24.527483333333333,True,1790684788070,True,True,1790684848070,True,True,1790684908070,True
PAPER:ACHUSDT:1790684699999:SHORT,ACHUSDT:1790684699999:SHORT,ACHUSDT,SHORT,1790684737472,,Discovery,META_LOSS,False,False,RIGHT_THEN_FAILURE,0.531517,-0.701295,-0.8690069063115913,-0.17380138126231826,False,0.50-<1.00%,2.657585,1790685479999,12.37545,True,1790684797275,True,True,1790684857275,True,True,1790684917275,True
PAPER:AGTUSDT:1790684699999:SHORT,AGTUSDT:1790684699999:SHORT,AGTUSDT,SHORT,1790684781320,,Discovery,META_LOSS,False,False,RIGHT_THEN_FAILURE,1.477604,-0.378981,-0.20628904339073273,-0.041257808678146546,False,1.00-<1.50%,7.388019999999999,1790685539999,12.64465,True,1790684841021,True,True,1790684901021,True,True,1790684961021,True
PAPER:HBARUSDT:1790685299999:SHORT,HBARUSDT:1790685299999:SHORT,HBARUSDT,SHORT,1790685331423,,Discovery,META_WIN,True,False,RECOVERED_DRAWDOWN,1.067827,-1.582682,1.4911132194069379,0.2982226438813876,True,1.00-<1.50%,5.339135000000001,1790685779999,7.476266666666667,True,1790685391228,True,True,1790685451228,True,True,1790685511228,True
PAPER:币安人生USDT:1790685299999:SHORT,币安人生USDT:1790685299999:SHORT,币安人生USDT,SHORT,1790685334304,,Discovery,META_LOSS,False,False,RIGHT_THEN_FAILURE,5.413279,-1.189945,-6.110759007471638,-1.2221518014943276,False,>=5.00%,27.066395,1790685359999,0.42825,True,1790685394068,False,True,1790685454068,False,True,1790685514068,False
PAPER:OUSDT:1790685299999:SHORT,OUSDT:1790685299999:SHORT,OUSDT,SHORT,1790685341991,,Discovery,META_LOSS,False,False,TRUE_WRONG_DIRECTION,0.231438,-0.612689,-3.5119413247886073,-0.7023882649577216,False,<0.30%,1.15719,1790685539999,3.300133333333333,True,1790685401797,True,True,1790685461797,True,True,1790685521797,True
PAPER:COTIUSDT:1790685299999:SHORT,COTIUSDT:1790685299999:SHORT,COTIUSDT,SHORT,1790685354792,,Discovery,META_LOSS,False,False,TRUE_WRONG_DIRECTION,0.065265,-0.616884,-2.948145729471369,-0.5896291458942737,False,<0.30%,0.32632500000000003,1790685539999,3.0867833333333334,True,1790685414600,True,True,1790685474600,True,True,1790685534600,True
PAPER:TRADOORUSDT:1790685299999:SHORT,TRADOORUSDT:1790685299999:SHORT,TRADOORUSDT,SHORT,1790685369009,,Discovery,META_LOSS,False,False,TRUE_WRONG_DIRECTION,0.256464,-0.695815,-1.9879303736207459,-0.3975860747241492,False,<0.30%,1.2823200000000001,1790686859999,24.849833333333333,True,1790685428602,True,True,1790685488602,True,True,1790685548602,True
PAPER:币安人生USDT:1790685899999:SHORT,币安人生USDT:1790685899999:SHORT,币安人生USDT,SHORT,1790685916038,,Discovery,META_LOSS,False,False,TRUE_WRONG_DIRECTION,0.220622,-1.403601,-2.756596096685209,-0.5513192193370419,False,<0.30%,1.10311,1790686139999,3.732683333333333,True,1790685975841,True,True,1790686035841,True,True,1790686095841,True
PAPER:AGLDUSDT:1790686199999:SHORT,AGLDUSDT:1790686199999:SHORT,AGLDUSDT,SHORT,1790686230963,,Discovery,META_WIN,True,False,RECOVERED_DRAWDOWN,2.16523,-1.294724,3.4927850215013683,0.6985570043002737,True,2.00-<3.00%,10.826150000000002,1790686379999,2.4839333333333333,True,1790686290748,True,True,1790686350748,True,True,1790686410748,False
PAPER:PROMPTUSDT:1790686799999:SHORT,PROMPTUSDT:1790686799999:SHORT,PROMPTUSDT,SHORT,1790686820878,,Discovery,META_LOSS,False,False,TRUE_WRONG_DIRECTION,0.171147,-0.975761,-3.581019990428983,-0.7162039980857966,False,<0.30%,0.8557349999999999,1790687159999,5.6520166666666665,True,1790686880675,True,True,1790686940675,True,True,1790687000675,True
PAPER:MARSCOINUSDT:1790740499999:SHORT,MARSCOINUSDT:1790740499999:SHORT,MARSCOINUSDT,SHORT,1790740516648,,Discovery,META_WIN,False,True,CORRECT_RUNNER,0.755978,-2.034835,0.36137555451061354,0.0722751109021227,True,0.50-<1.00%,3.77989,1790740739999,3.7225166666666665,True,1790740576453,True,True,1790740636453,True,True,1790740696453,True
PAPER:APRUSDT:1790741399999:SHORT,APRUSDT:1790741399999:SHORT,APRUSDT,SHORT,1790741417578,,Discovery,META_LOSS,False,False,RIGHT_THEN_FAILURE,0.997414,-1.741788,-1.7335627923706818,-0.34671255847413635,False,0.50-<1.00%,4.98707,1790741519999,1.7070166666666666,True,1790741477375,True,True,1790741537375,False,True,1790741597375,False
PAPER:INXUSDT:1790741399999:SHORT,INXUSDT:1790741399999:SHORT,INXUSDT,SHORT,1790741435841,,Discovery,META_LOSS,False,False,RIGHT_THEN_FAILURE,0.756281,-0.692784,-0.25950333219454813,-0.05190066643890962,False,0.50-<1.00%,3.781405,1790741759999,5.402633333333333,True,1790741495653,True,True,1790741555653,True,True,1790741615653,True
PAPER:ARUSDT:1790741399999:SHORT,ARUSDT:1790741399999:SHORT,ARUSDT,SHORT,1790741440844,,Discovery,META_LOSS,False,False,TRUE_WRONG_DIRECTION,0.09717,-0.887094,-2.4162607679690025,-0.48325215359380047,False,<0.30%,0.48585,1790742539999,18.31925,True,1790741500606,True,True,1790741560606,True,True,1790741620606,True
PAPER:BRUSDT:1790742599999:SHORT,BRUSDT:1790742599999:SHORT,BRUSDT,SHORT,1790742618211,,Discovery,META_LOSS,False,False,TRUE_WRONG_DIRECTION,0.11494,-0.880588,-3.9383372770242975,-0.7876674554048595,False,<0.30%,0.5747,1790742779999,2.696466666666667,True,1790742678012,True,True,1790742738012,True,True,1790742798012,False
PAPER:COMPUSDT:1790742899999:SHORT,COMPUSDT:1790742899999:SHORT,COMPUSDT,SHORT,1790742937634,,Discovery,META_LOSS,False,False,TRUE_WRONG_DIRECTION,0.252742,-1.11099,-0.5601820987492445,-0.1120364197498489,False,<0.30%,1.26371,1790744699999,29.37275,True,1790742997360,True,True,1790743057360,True,True,1790743117360,True
PAPER:METUSDT:1790742899999:SHORT,METUSDT:1790742899999:SHORT,METUSDT,SHORT,1790742971426,,Discovery,META_WIN,False,True,RIGHT_THEN_FAILURE,0.788867,-1.295531,-0.09384056826919646,-0.01876811365383929,False,0.50-<1.00%,3.9443349999999997,1790744039999,17.80955,True,1790743031011,True,True,1790743091011,True,True,1790743151011,True
PAPER:AEROUSDT:1790744099999:SHORT,AEROUSDT:1790744099999:SHORT,AEROUSDT,SHORT,1790744127823,,Discovery,META_LOSS,False,False,TRUE_WRONG_DIRECTION,0.142063,-0.531137,-2.821965645777805,-0.5643931291555611,False,<0.30%,0.710315,1790744519999,6.536266666666666,True,1790744187631,True,True,1790744247631,True,True,1790744307631,True
PAPER:TRIAUSDT:1790744399999:SHORT,TRIAUSDT:1790744399999:SHORT,TRIAUSDT,SHORT,1790744417864,,Discovery,META_LOSS,False,False,TRUE_WRONG_DIRECTION,0.094988,-1.123927,-4.748530178558139,-0.9497060357116277,False,<0.30%,0.47494000000000003,1790744459999,0.70225,True,1790744477621,False,True,1790744537621,False,True,1790744597621,False
PAPER:MITOUSDT:1790744399999:SHORT,MITOUSDT:1790744399999:SHORT,MITOUSDT,SHORT,1790744420986,,Discovery,META_LOSS,False,False,TRUE_WRONG_DIRECTION,0.04641,-0.750562,-4.938836970581371,-0.9877673941162742,False,<0.30%,0.23205,1790744579999,2.6502166666666667,True,1790744480755,True,True,1790744540755,True,True,1790744600755,False
PAPER:TRBUSDT:1790744999999:SHORT,TRBUSDT:1790744999999:SHORT,TRBUSDT,SHORT,1790745024103,,Discovery,META_LOSS,False,False,TRUE_WRONG_DIRECTION,0.308993,-0.673088,-3.2479847391983565,-0.6495969478396714,False,0.30-<0.50%,1.5449650000000001,1790745479999,7.5982666666666665,True,1790745083912,True,True,1790745143912,True,True,1790745203912,True
PAPER:COOKIEUSDT:1790744999999:SHORT,COOKIEUSDT:1790744999999:SHORT,COOKIEUSDT,SHORT,1790745063906,,Discovery,META_LOSS,False,False,TRUE_WRONG_DIRECTION,0.218342,-1.101071,-3.634125099487961,-0.7268250198975923,False,<0.30%,1.09171,1790745479999,6.9348833333333335,True,1790745123712,True,True,1790745183712,True,True,1790745243712,True
PAPER:JASMYUSDT:1790745299999:SHORT,JASMYUSDT:1790745299999:SHORT,JASMYUSDT,SHORT,1790745371647,,Discovery,META_LOSS,False,False,RIGHT_THEN_FAILURE,1.556931,-1.385399,-1.816403595081597,-0.3632807190163194,False,1.50-<2.00%,7.784655000000001,1790745539999,2.8058666666666667,True,1790745431452,True,True,1790745491452,True,True,1790745551452,False
PAPER:NIGHTUSDT:1790746799999:SHORT,NIGHTUSDT:1790746799999:SHORT,NIGHTUSDT,SHORT,1790746821715,,Discovery,META_WIN,False,True,RIGHT_THEN_FAILURE,0.664,-0.859463,-1.3391978014813526,-0.26783956029627054,False,0.50-<1.00%,3.3200000000000003,1790748119999,21.638066666666667,True,1790746881516,True,True,1790746941516,True,True,1790747001516,True
PAPER:MOVRUSDT:1790746799999:SHORT,MOVRUSDT:1790746799999:SHORT,MOVRUSDT,SHORT,1790746841536,,Discovery,META_WIN,True,False,CORRECT_RUNNER,2.535095,-5.258671,0.08567984290454106,0.017135968580908212,True,2.00-<3.00%,12.675475,1790747159999,5.307716666666667,True,1790746901341,True,True,1790746961341,True,True,1790747021341,True
PAPER:MARSCOINUSDT:1790747699999:SHORT,MARSCOINUSDT:1790747699999:SHORT,MARSCOINUSDT,SHORT,1790747719856,,Discovery,META_LOSS,False,False,TRUE_WRONG_DIRECTION,0.348897,-0.914931,-2.505833173498896,-0.5011666346997793,False,0.30-<0.50%,1.744485,1790748359999,10.66905,True,1790747779599,True,True,1790747839599,True,True,1790747899599,True
PAPER:JUPUSDT:1790747699999:SHORT,JUPUSDT:1790747699999:SHORT,JUPUSDT,SHORT,1790747724597,,Discovery,META_WIN,True,False,RECOVERED_DRAWDOWN,2.63864,-0.631186,6.39096765274226,1.278193530548452,True,2.00-<3.00%,13.193200000000001,1790748599999,14.590033333333333,True,1790747784384,True,True,1790747844384,True,True,1790747904384,True
PAPER:我踏马来了USDT:1790747999999:SHORT,我踏马来了USDT:1790747999999:SHORT,我踏马来了USDT,SHORT,1790748017750,,Discovery,META_LOSS,False,False,TRUE_WRONG_DIRECTION,0.174872,-1.473453,-2.738248843144153,-0.5476497686288306,False,<0.30%,0.87436,1790748239999,3.70415,True,1790748077550,True,True,1790748137550,True,True,1790748197550,True
PAPER:ESPORTSUSDT:1790748299999:SHORT,ESPORTSUSDT:1790748299999:SHORT,ESPORTSUSDT,SHORT,1790748315952,,Discovery,META_LOSS,False,False,RIGHT_THEN_FAILURE,1.324351,-1.005864,-3.192910423482492,-0.6385820846964985,False,1.00-<1.50%,6.621755,1790748359999,0.7341166666666666,True,1790748375762,False,True,1790748435762,False,True,1790748495762,False
PAPER:EDENUSDT:1790748299999:SHORT,EDENUSDT:1790748299999:SHORT,EDENUSDT,SHORT,1790748327605,,Discovery,META_WIN,True,False,RECOVERED_DRAWDOWN,1.288421,-0.549999,2.2410907727993985,0.4482181545598797,True,1.00-<1.50%,6.442105,1790749499999,19.5399,True,1790748387412,True,True,1790748447412,True,True,1790748507412,True
PAPER:ARUSDT:1790748599999:SHORT,ARUSDT:1790748599999:SHORT,ARUSDT,SHORT,1790748627516,,Discovery,META_WIN,True,False,RECOVERED_DRAWDOWN,1.906168,-0.583762,2.400301487610874,0.48006029752217483,True,1.50-<2.00%,9.530840000000001,1790749559999,15.541383333333334,True,1790748687308,True,True,1790748747308,True,True,1790748807308,True
PAPER:BABYUSDT:1790748899999:SHORT,BABYUSDT:1790748899999:SHORT,BABYUSDT,SHORT,1790748920102,,Discovery,META_LOSS,False,False,RIGHT_THEN_FAILURE,1.044794,-0.800856,-0.9501900380075957,-0.19003800760151915,False,1.00-<1.50%,5.22397,1790749319999,6.66495,True,1790748979907,True,True,1790749039907,True,True,1790749099907,True
PAPER:GRASSUSDT:1790748899999:SHORT,GRASSUSDT:1790748899999:SHORT,GRASSUSDT,SHORT,1790748926263,,Discovery,META_LOSS,False,False,RIGHT_THEN_FAILURE,1.345362,-2.681074,-1.508011673375212,-0.30160233467504244,False,1.00-<1.50%,6.7268099999999995,1790749259999,5.562266666666667,True,1790748986061,True,True,1790749046061,True,True,1790749106061,True
PAPER:PTBUSDT:1790748899999:SHORT,PTBUSDT:1790748899999:SHORT,PTBUSDT,SHORT,1790748927244,,Discovery,META_LOSS,False,False,RIGHT_THEN_FAILURE,0.710997,-0.856947,-2.3022361502805624,-0.46044723005611243,False,0.50-<1.00%,3.554985,1790749079999,2.545916666666667,True,1790748987046,True,True,1790749047046,True,True,1790749107046,False
PAPER:ALICEUSDT:1790748899999:SHORT,ALICEUSDT:1790748899999:SHORT,ALICEUSDT,SHORT,1790748930870,,Discovery,META_WIN,True,False,RECOVERED_DRAWDOWN,2.941313,-0.68479,2.528126992467979,0.5056253984935958,True,2.00-<3.00%,14.706565000000001,1790749379999,7.485483333333334,True,1790748990656,True,True,1790749050656,True,True,1790749110656,True
PAPER:SYRUPUSDT:1790748899999:SHORT,SYRUPUSDT:1790748899999:SHORT,SYRUPUSDT,SHORT,1790748934223,,Discovery,META_WIN,True,False,RECOVERED_DRAWDOWN,1.050447,-0.475054,1.4139806675751345,0.2827961335150269,True,1.00-<1.50%,5.252235,1790749439999,8.4296,True,1790748994012,True,True,1790749054012,True,True,1790749114012,True
PAPER:NIGHTUSDT:1790749199999:SHORT,NIGHTUSDT:1790749199999:SHORT,NIGHTUSDT,SHORT,1790749275907,,Discovery,META_LOSS,False,False,RIGHT_THEN_FAILURE,0.937736,-1.584313,-1.1099650747257281,-0.22199301494514564,False,0.50-<1.00%,4.68868,1790749799999,8.734866666666667,True,1790749335677,True,True,1790749395677,True,True,1790749455677,True
PAPER:1000FLOKIUSDT:1790749499999:SHORT,1000FLOKIUSDT:1790749499999:SHORT,1000FLOKIUSDT,SHORT,1790749525846,,Discovery,META_WIN,False,True,RIGHT_THEN_FAILURE,0.527351,-0.64034,-0.7675650142797656,-0.15351300285595312,False,0.50-<1.00%,2.636755,1790750879999,22.569216666666666,True,1790749585657,True,True,1790749645657,True,True,1790749705657,True
PAPER:LAUSDT:1790749499999:SHORT,LAUSDT:1790749499999:SHORT,LAUSDT,SHORT,1790749528515,,Discovery,META_WIN,False,True,RIGHT_THEN_FAILURE,0.76861,-0.585425,-0.7267854604839195,-0.1453570920967839,False,0.50-<1.00%,3.84305,1790750939999,23.524733333333334,True,1790749588285,True,True,1790749648285,True,True,1790749708285,True
PAPER:ZKCUSDT:1790749499999:SHORT,ZKCUSDT:1790749499999:SHORT,ZKCUSDT,SHORT,1790749530917,,Discovery,META_WIN,True,False,RECOVERED_DRAWDOWN,1.028823,-0.758951,0.5410372917052664,0.10820745834105326,True,1.00-<1.50%,5.144115,1790750879999,22.4847,True,1790749590728,True,True,1790749650728,True,True,1790749710728,True
PAPER:ADAUSDT:1790749499999:SHORT,ADAUSDT:1790749499999:SHORT,ADAUSDT,SHORT,1790749531624,,Discovery,META_LOSS,False,False,TRUE_WRONG_DIRECTION,0.062419,-0.720597,-2.084579632242843,-0.4169159264485687,False,<0.30%,0.312095,1790749919999,6.472916666666666,True,1790749591434,True,True,1790749651434,True,True,1790749711434,True
PAPER:CHIPUSDT:1790749499999:SHORT,CHIPUSDT:1790749499999:SHORT,CHIPUSDT,SHORT,1790749537432,,Discovery,META_LOSS,False,False,STALL_NO_EDGE,0.486077,-2.251361,-7.62759597687711,-1.525519195375422,False,0.30-<0.50%,2.430385,1790749919999,6.376116666666666,True,1790749597224,True,True,1790749657224,True,True,1790749717224,True
PAPER:BUSDT:1790749799999:SHORT,BUSDT:1790749799999:SHORT,BUSDT,SHORT,1790749816741,,Discovery,META_WIN,True,False,CORRECT_RUNNER,1.476268,-1.401178,1.6419714754228885,0.32839429508457774,True,1.00-<1.50%,7.38134,1790750159999,5.7209666666666665,True,1790749876505,True,True,1790749936505,True,True,1790749996505,True
PAPER:BIOUSDT:1790749799999:SHORT,BIOUSDT:1790749799999:SHORT,BIOUSDT,SHORT,1790749827367,,Discovery,META_WIN,False,True,RIGHT_THEN_FAILURE,0.792374,-0.637411,-0.543614997365955,-0.108722999473191,False,0.50-<1.00%,3.9618700000000002,1790750939999,18.543866666666666,True,1790749887172,True,True,1790749947172,True,True,1790750007172,True
PAPER:COMPUSDT:1790749799999:SHORT,COMPUSDT:1790749799999:SHORT,COMPUSDT,SHORT,1790749860358,,Discovery,META_LOSS,False,False,RIGHT_THEN_FAILURE,0.530637,-0.17733,-1.1470343911487921,-0.22940687822975844,False,0.50-<1.00%,2.653185,1790749919999,0.9940166666666667,True,1790749920144,False,True,1790749980144,False,True,1790750040144,False
PAPER:MAGMAUSDT:1790750099999:SHORT,MAGMAUSDT:1790750099999:SHORT,MAGMAUSDT,SHORT,1790750115992,,Discovery,META_LOSS,False,False,TRUE_WRONG_DIRECTION,0.038706,-1.279594,-3.421012080617778,-0.6842024161235556,False,<0.30%,0.19352999999999998,1790750459999,5.73345,True,1790750175785,True,True,1790750235785,True,True,1790750295785,True
PAPER:SPACEUSDT:1790750099999:SHORT,SPACEUSDT:1790750099999:SHORT,SPACEUSDT,SHORT,1790750122836,,Discovery,META_LOSS,False,False,TRUE_WRONG_DIRECTION,0.134259,-0.617772,-2.3977758969954936,-0.47955517939909875,False,<0.30%,0.671295,1790751359999,20.61938333333333,True,1790750182624,True,True,1790750242624,True,True,1790750302624,True
PAPER:LITUSDT:1790750099999:SHORT,LITUSDT:1790750099999:SHORT,LITUSDT,SHORT,1790750124775,,Discovery,META_LOSS,False,False,RIGHT_THEN_FAILURE,0.603341,-2.510697,-4.0564294647195505,-0.8112858929439101,False,0.50-<1.00%,3.016705,1790750159999,0.5870666666666666,True,1790750184547,False,True,1790750244547,False,True,1790750304547,False
PAPER:ATHUSDT:1790750099999:SHORT,ATHUSDT:1790750099999:SHORT,ATHUSDT,SHORT,1790750131882,,Discovery,META_WIN,False,True,RIGHT_THEN_FAILURE,0.51531,-0.371304,-0.5734400204175104,-0.11468800408350208,False,0.50-<1.00%,2.57655,1790751659999,25.468616666666666,True,1790750191690,True,True,1790750251690,True,True,1790750311690,True
PAPER:CATIUSDT:1790750099999:SHORT,CATIUSDT:1790750099999:SHORT,CATIUSDT,SHORT,1790750179697,,Discovery,META_WIN,False,True,RIGHT_THEN_FAILURE,0.977491,-1.321819,-0.5694279766196144,-0.11388559532392288,False,0.50-<1.00%,4.887455,1790751599999,23.6717,True,1790750239485,True,True,1790750299485,True,True,1790750359485,True
PAPER:MARSCOINUSDT:1790750399999:SHORT,MARSCOINUSDT:1790750399999:SHORT,MARSCOINUSDT,SHORT,1790750415513,,Discovery,META_LOSS,False,False,RIGHT_THEN_FAILURE,0.54913,-1.607958,-0.5106262954381906,-0.10212525908763811,False,0.50-<1.00%,2.74565,1790750639999,3.741433333333333,True,1790750475306,True,True,1790750535306,True,True,1790750595306,True
PAPER:AINUSDT:1790750399999:SHORT,AINUSDT:1790750399999:SHORT,AINUSDT,SHORT,1790750417065,,Discovery,META_LOSS,False,False,RECOVERED_DRAWDOWN,0.703853,-0.91418,0.861171867195947,0.1722343734391894,True,0.50-<1.00%,3.519265,1790751959999,25.715566666666668,True,1790750476868,True,True,1790750536868,True,True,1790750596868,True
PAPER:FLOWUSDT:1790750399999:SHORT,FLOWUSDT:1790750399999:SHORT,FLOWUSDT,SHORT,1790750418360,,Discovery,META_LOSS,False,False,RIGHT_THEN_FAILURE,0.509202,-2.230219,-3.910329661637233,-0.7820659323274466,False,0.50-<1.00%,2.5460100000000003,1790750579999,2.693983333333333,True,1790750478161,True,True,1790750538161,True,True,1790750598161,False
PAPER:牛来USDT:1790750399999:SHORT,牛来USDT:1790750399999:SHORT,牛来USDT,SHORT,1790750418892,,Discovery,META_WIN,False,True,TRUE_WRONG_DIRECTION,0.316667,-1.058873,-1.2390389647461675,-0.2478077929492335,False,0.30-<0.50%,1.583335,1790750879999,7.685116666666667,True,1790750478694,True,True,1790750538694,True,True,1790750598694,True
PAPER:AIOUSDT:1790750399999:SHORT,AIOUSDT:1790750399999:SHORT,AIOUSDT,SHORT,1790750435093,,Discovery,META_LOSS,False,False,STALL_NO_EDGE,0.416092,-0.892197,-2.6192019565749707,-0.5238403913149942,False,0.30-<0.50%,2.08046,1790750699999,4.4151,True,1790750494902,True,True,1790750554902,True,True,1790750614902,True
PAPER:RVNUSDT:1790750399999:SHORT,RVNUSDT:1790750399999:SHORT,RVNUSDT,SHORT,1790750438989,,Discovery,META_LOSS,False,False,TRUE_WRONG_DIRECTION,0.195185,-0.493421,-3.2118249327575716,-0.6423649865515143,False,<0.30%,0.9759249999999999,1790751779999,22.350166666666667,True,1790750498799,True,True,1790750558799,True,True,1790750618799,True
PAPER:XPINUSDT:1790750399999:SHORT,XPINUSDT:1790750399999:SHORT,XPINUSDT,SHORT,1790750476543,,Discovery,META_LOSS,False,False,TRUE_WRONG_DIRECTION,0.329309,-1.067944,-1.5329318191926808,-0.30658636383853616,False,0.30-<0.50%,1.6465450000000001,1790751179999,11.724266666666667,True,1790750535872,True,True,1790750595872,True,True,1790750655872,True
PAPER:MUSDT:1790750699999:SHORT,MUSDT:1790750699999:SHORT,MUSDT,SHORT,1790750716001,,Discovery,META_LOSS,False,False,RIGHT_THEN_FAILURE,0.511598,-0.77803,-0.21115186373884418,-0.042230372747768835,False,0.50-<1.00%,2.55799,1790751899999,19.7333,True,1790750775807,True,True,1790750835807,True,True,1790750895807,True
PAPER:HANAUSDT:1790750699999:SHORT,HANAUSDT:1790750699999:SHORT,HANAUSDT,SHORT,1790750717690,,Discovery,META_LOSS,False,False,TRUE_WRONG_DIRECTION,0.138758,-1.290099,-3.9298042644242743,-0.7859608528848548,False,<0.30%,0.6937899999999999,1790751059999,5.70515,True,1790750777436,True,True,1790750837436,True,True,1790750897436,True
PAPER:牛来USDT:1790750999999:SHORT,牛来USDT:1790750999999:SHORT,牛来USDT,SHORT,1790751022691,,Discovery,META_LOSS,False,False,RIGHT_THEN_FAILURE,0.774113,-0.649487,-0.5139800544346109,-0.1027960108869222,False,0.50-<1.00%,3.870565,1790751179999,2.6218,True,1790751082498,True,True,1790751142498,True,True,1790751202498,False
PAPER:TNSRUSDT:1790750999999:SHORT,TNSRUSDT:1790750999999:SHORT,TNSRUSDT,SHORT,1790751024744,,Discovery,META_LOSS,False,False,TRUE_WRONG_DIRECTION,0.262684,-0.868067,-2.8794366594283973,-0.5758873318856795,False,<0.30%,1.3134199999999998,1790751359999,5.587583333333333,True,1790751084529,True,True,1790751144529,True,True,1790751204529,True
PAPER:0GUSDT:1790750999999:SHORT,0GUSDT:1790750999999:SHORT,0GUSDT,SHORT,1790751025368,,Discovery,META_LOSS,False,False,RIGHT_THEN_FAILURE,0.514227,-1.593019,-2.435576358595157,-0.4871152717190314,False,0.50-<1.00%,2.571135,1790751119999,1.5771833333333334,True,1790751085170,True,True,1790751145170,False,True,1790751205170,False
PAPER:AWEUSDT:1790750999999:SHORT,AWEUSDT:1790750999999:SHORT,AWEUSDT,SHORT,1790751027455,,Discovery,META_LOSS,False,False,RIGHT_THEN_FAILURE,0.596021,-1.224052,-0.6348781181908051,-0.126975623638161,False,0.50-<1.00%,2.980105,1790752199999,19.5424,True,1790751087187,True,True,1790751147187,True,True,1790751207187,True
PAPER:龙虾USDT:1790750999999:SHORT,龙虾USDT:1790750999999:SHORT,龙虾USDT,SHORT,1790751028425,,Discovery,META_WIN,False,True,RIGHT_THEN_FAILURE,0.671948,-1.255632,-1.4449110296445518,-0.28898220592891033,False,0.50-<1.00%,3.35974,1790751719999,11.526233333333334,True,1790751088230,True,True,1790751148230,True,True,1790751208230,True
PAPER:TRUMPUSDT:1790750999999:SHORT,TRUMPUSDT:1790750999999:SHORT,TRUMPUSDT,SHORT,1790751031810,,Discovery,META_LOSS,False,False,TRUE_WRONG_DIRECTION,0.327288,-0.91304,-2.6882983367506084,-0.5376596673501217,False,0.30-<0.50%,1.6364400000000001,1790751359999,5.4698166666666665,True,1790751091614,True,True,1790751151614,True,True,1790751211614,True
PAPER:TSTUSDT:1790750999999:SHORT,TSTUSDT:1790750999999:SHORT,TSTUSDT,SHORT,1790751033886,,Discovery,META_LOSS,False,False,TRUE_WRONG_DIRECTION,0.316764,-0.525156,-2.635628388303931,-0.5271256776607862,False,0.30-<0.50%,1.58382,1790751779999,12.435216666666667,True,1790751093691,True,True,1790751153691,True,True,1790751213691,True
PAPER:ORCAUSDT:1790750999999:SHORT,ORCAUSDT:1790750999999:SHORT,ORCAUSDT,SHORT,1790751034428,,Discovery,META_LOSS,False,False,TRUE_WRONG_DIRECTION,0.300162,-0.468237,-2.873014071444186,-0.5746028142888372,False,0.30-<0.50%,1.50081,1790751359999,5.426183333333333,True,1790751094232,True,True,1790751154232,True,True,1790751214232,True
PAPER:我踏马来了USDT:1790750999999:SHORT,我踏马来了USDT:1790750999999:SHORT,我踏马来了USDT,SHORT,1790751040827,,Discovery,META_LOSS,False,False,RIGHT_THEN_FAILURE,0.711389,-0.50486,-1.6082463226685173,-0.32164926453370346,False,0.50-<1.00%,3.5569450000000002,1790751779999,12.319533333333334,True,1790751100637,True,True,1790751160637,True,True,1790751220637,True
PAPER:AIOTUSDT:1790750999999:SHORT,AIOTUSDT:1790750999999:SHORT,AIOTUSDT,SHORT,1790751047517,,Discovery,META_WIN,True,False,RECOVERED_DRAWDOWN,1.244824,-0.611352,1.8038367096148598,0.36076734192297194,True,1.00-<1.50%,6.224119999999999,1790752499999,24.208033333333333,True,1790751107185,True,True,1790751167185,True,True,1790751227185,True
PAPER:SUSHIUSDT:1790750999999:SHORT,SUSHIUSDT:1790750999999:SHORT,SUSHIUSDT,SHORT,1790751049271,,Discovery,META_LOSS,False,False,TRUE_WRONG_DIRECTION,0.245603,-0.930657,-2.849185447863508,-0.5698370895727015,False,<0.30%,1.2280149999999999,1790751359999,5.1788,True,1790751109016,True,True,1790751169016,True,True,1790751229016,True
PAPER:BROCCOLI714USDT:1790750999999:SHORT,BROCCOLI714USDT:1790750999999:SHORT,BROCCOLI714USDT,SHORT,1790751058562,,Discovery,META_LOSS,False,False,TRUE_WRONG_DIRECTION,0.248867,-0.749797,-4.218154028271066,-0.8436308056542132,False,<0.30%,1.244335,1790751359999,5.02395,True,1790751118361,True,True,1790751178361,True,True,1790751238361,True
PAPER:OGNUSDT:1790750999999:SHORT,OGNUSDT:1790750999999:SHORT,OGNUSDT,SHORT,1790751065852,,Discovery,META_LOSS,False,False,TRUE_WRONG_DIRECTION,0.281261,-0.522112,-2.7092394005909366,-0.5418478801181873,False,<0.30%,1.406305,1790752859999,29.90245,True,1790751125581,True,True,1790751185581,True,True,1790751245581,True
PAPER:MYXUSDT:1790750999999:SHORT,MYXUSDT:1790750999999:SHORT,MYXUSDT,SHORT,1790751070383,,Discovery,META_LOSS,False,False,RIGHT_THEN_FAILURE,0.630195,-0.421191,-1.1578975857412201,-0.23157951714824404,False,0.50-<1.00%,3.150975,1790751359999,4.826933333333334,True,1790751130193,True,True,1790751190193,True,True,1790751250193,True
PAPER:XNYUSDT:1790750999999:SHORT,XNYUSDT:1790750999999:SHORT,XNYUSDT,SHORT,1790751076191,,Discovery,META_LOSS,False,False,RIGHT_THEN_FAILURE,0.503113,-0.483336,-0.38917480709233104,-0.07783496141846621,False,0.50-<1.00%,2.515565,1790752199999,18.730133333333335,True,1790751136002,True,True,1790751196002,True,True,1790751256002,True
PAPER:哈基米USDT:1790750999999:SHORT,哈基米USDT:1790750999999:SHORT,哈基米USDT,SHORT,1790751079412,,Discovery,META_LOSS,False,False,RIGHT_THEN_FAILURE,0.736401,-0.718224,-1.750993861512209,-0.3501987723024418,False,0.50-<1.00%,3.6820049999999998,1790752199999,18.67645,True,1790751139200,True,True,1790751199200,True,True,1790751259200,True
PAPER:ZBTUSDT:1790750999999:SHORT,ZBTUSDT:1790750999999:SHORT,ZBTUSDT,SHORT,1790751101067,,Discovery,META_LOSS,False,False,TRUE_WRONG_DIRECTION,0.165368,-0.448678,-2.4867639446457863,-0.4973527889291573,False,<0.30%,0.8268399999999999,1790751359999,4.315533333333334,True,1790751160676,True,True,1790751220676,True,True,1790751280676,True
PAPER:ONEUSDT:1790751599999:SHORT,ONEUSDT:1790751599999:SHORT,ONEUSDT,SHORT,1790751617747,,Discovery,META_LOSS,False,False,RIGHT_THEN_FAILURE,0.676787,-0.969382,-1.429689066214804,-0.2859378132429608,False,0.50-<1.00%,3.383935,1790751719999,1.7042,True,1790751677545,True,True,1790751737545,False,True,1790751797545,False
PAPER:MITOUSDT:1790751599999:SHORT,MITOUSDT:1790751599999:SHORT,MITOUSDT,SHORT,1790751628474,,Discovery,META_LOSS,False,False,TRUE_WRONG_DIRECTION,0.047034,-0.824454,-3.9697454738937408,-0.7939490947787482,False,<0.30%,0.23517,1790751779999,2.5254166666666666,True,1790751688221,True,True,1790751748221,True,True,1790751808221,False
PAPER:CETUSUSDT:1790751599999:SHORT,CETUSUSDT:1790751599999:SHORT,CETUSUSDT,SHORT,1790751631351,,Discovery,META_LOSS,False,False,TRUE_WRONG_DIRECTION,0.124065,-1.208574,-4.0145682269330845,-0.8029136453866168,False,<0.30%,0.620325,1790751779999,2.4774666666666665,True,1790751691159,True,True,1790751751159,True,True,1790751811159,False
PAPER:USTCUSDT:1790751599999:SHORT,USTCUSDT:1790751599999:SHORT,USTCUSDT,SHORT,1790751648264,,Discovery,META_LOSS,False,False,STALL_NO_EDGE,0.489674,-1.074511,-3.7209014219817957,-0.7441802843963592,False,0.30-<0.50%,2.44837,1790752799999,19.19558333333333,True,1790751707857,True,True,1790751767857,True,True,1790751827857,True
PAPER:ATHUSDT:1790751599999:SHORT,ATHUSDT:1790751599999:SHORT,ATHUSDT,SHORT,1790751666601,,Discovery,META_LOSS,False,False,STALL_NO_EDGE,0.451709,-0.761267,-3.1002098032037346,-0.6200419606407469,False,0.30-<0.50%,2.2585450000000002,1790751779999,1.8899666666666666,True,1790751726157,True,True,1790751786157,False,True,1790751846157,False
PAPER:MAGICUSDT:1790751599999:SHORT,MAGICUSDT:1790751599999:SHORT,MAGICUSDT,SHORT,1790751666800,,Discovery,META_LOSS,False,False,TRUE_WRONG_DIRECTION,0.177508,-0.691544,-3.0754599009256616,-0.6150919801851323,False,<0.30%,0.88754,1790751779999,1.88665,True,1790751726357,True,True,1790751786357,False,True,1790751846357,False
PAPER:LIGHTUSDT:1790751899999:SHORT,LIGHTUSDT:1790751899999:SHORT,LIGHTUSDT,SHORT,1790751921178,,Discovery,META_LOSS,False,False,RIGHT_THEN_FAILURE,0.540332,-0.916542,-0.8099728979409219,-0.16199457958818436,False,0.50-<1.00%,2.7016600000000004,1790752559999,10.647016666666667,True,1790751980987,True,True,1790752040987,True,True,1790752100987,True
PAPER:STRKUSDT:1790751899999:SHORT,STRKUSDT:1790751899999:SHORT,STRKUSDT,SHORT,1790751926101,,Discovery,META_WIN,False,True,RIGHT_THEN_FAILURE,0.826394,-1.180778,-0.82916122030009,-0.16583224406001798,False,0.50-<1.00%,4.13197,1790752199999,4.564966666666667,True,1790751985911,True,True,1790752045911,True,True,1790752105911,True
PAPER:CKBUSDT:1790752199999:SHORT,CKBUSDT:1790752199999:SHORT,CKBUSDT,SHORT,1790752217187,,Discovery,META_LOSS,False,False,TRUE_WRONG_DIRECTION,0.316158,-2.420046,-2.0848375689676413,-0.41696751379352825,False,0.30-<0.50%,1.58079,1790752799999,9.713533333333332,True,1790752276989,True,True,1790752336989,True,True,1790752396989,True
PAPER:AVAAIUSDT:1790752199999:SHORT,AVAAIUSDT:1790752199999:SHORT,AVAAIUSDT,SHORT,1790752222645,,Discovery,META_LOSS,False,False,RIGHT_THEN_FAILURE,0.520645,-0.540251,-0.7970308773636974,-0.15940617547273947,False,0.50-<1.00%,2.603225,1790752739999,8.622566666666666,True,1790752282437,True,True,1790752342437,True,True,1790752402437,True
PAPER:MEUSDT:1790752499999:SHORT,MEUSDT:1790752499999:SHORT,MEUSDT,SHORT,1790752517241,,Discovery,META_LOSS,False,False,RIGHT_THEN_FAILURE,0.991913,-0.85883,-2.416198315541659,-0.4832396631083318,False,0.50-<1.00%,4.9595650000000004,1790752619999,1.7126333333333332,True,1790752577050,True,True,1790752637050,False,True,1790752697050,False
PAPER:ILVUSDT:1790752499999:SHORT,ILVUSDT:1790752499999:SHORT,ILVUSDT,SHORT,1790752524118,,Discovery,META_LOSS,False,False,TRUE_WRONG_DIRECTION,0.315547,-0.716918,-3.5983942691763975,-0.7196788538352795,False,0.30-<0.50%,1.577735,1790752739999,3.5980166666666666,True,1790752583932,True,True,1790752643932,True,True,1790752703932,True
PAPER:MAGICUSDT:1790752499999:SHORT,MAGICUSDT:1790752499999:SHORT,MAGICUSDT,SHORT,1790752525206,,Discovery,META_LOSS,False,False,RIGHT_THEN_FAILURE,0.596054,-0.496952,-1.5469417050506298,-0.30938834101012597,False,0.50-<1.00%,2.98027,1790752679999,2.5798833333333335,True,1790752584959,True,True,1790752644959,True,True,1790752704959,False
PAPER:XPLUSDT:1790752499999:SHORT,XPLUSDT:1790752499999:SHORT,XPLUSDT,SHORT,1790752530875,,Discovery,META_LOSS,False,False,RIGHT_THEN_FAILURE,0.688608,-0.6017,-1.5853705688794841,-0.31707411377589684,False,0.50-<1.00%,3.44304,1790752679999,2.4854,True,1790752590500,True,True,1790752650500,True,True,1790752710500,False
PAPER:JOEUSDT:1790752499999:SHORT,JOEUSDT:1790752499999:SHORT,JOEUSDT,SHORT,1790752532050,,Discovery,META_LOSS,False,False,STALL_NO_EDGE,0.372231,-1.641243,-6.5121365939854385,-1.3024273187970878,False,0.30-<0.50%,1.861155,1790752619999,1.4658166666666668,True,1790752591681,True,True,1790752651681,False,True,1790752711681,False
PAPER:RPLUSDT:1790752499999:SHORT,RPLUSDT:1790752499999:SHORT,RPLUSDT,SHORT,1790752536875,,Discovery,META_LOSS,False,False,RIGHT_THEN_FAILURE,1.223124,-0.486177,-0.9501900380075456,-0.19003800760150913,False,1.00-<1.50%,6.115620000000001,1790752739999,3.3854,True,1790752596687,True,True,1790752656687,True,True,1790752716687,True
PAPER:GRIFFAINUSDT:1790752499999:SHORT,GRIFFAINUSDT:1790752499999:SHORT,GRIFFAINUSDT,SHORT,1790752540863,,Discovery,META_LOSS,False,False,TRUE_WRONG_DIRECTION,0.010685,-0.731978,-3.3461684881159597,-0.669233697623192,False,<0.30%,0.053425,1790752679999,2.3189333333333333,True,1790752600676,True,True,1790752660676,True,True,1790752720676,False
PAPER:SKLUSDT:1790752499999:SHORT,SKLUSDT:1790752499999:SHORT,SKLUSDT,SHORT,1790752548457,,Discovery,META_LOSS,False,False,TRUE_WRONG_DIRECTION,0.308793,-0.4584,-3.144251795789721,-0.6288503591579443,False,0.30-<0.50%,1.543965,1790752799999,4.192366666666667,True,1790752608264,True,True,1790752668264,True,True,1790752728264,True
PAPER:MINAUSDT:1790752499999:SHORT,MINAUSDT:1790752499999:SHORT,MINAUSDT,SHORT,1790752574394,,Discovery,META_LOSS,False,False,RIGHT_THEN_FAILURE,1.200444,-0.559272,-1.0922374812647004,-0.21844749625294008,False,1.00-<1.50%,6.00222,1790752799999,3.760083333333333,True,1790752633307,True,True,1790752693307,True,True,1790752753307,True
PAPER:BABYUSDT:1790752499999:SHORT,BABYUSDT:1790752499999:SHORT,BABYUSDT,SHORT,1790752629373,,Discovery,META_LOSS,False,False,RIGHT_THEN_FAILURE,0.554411,-0.522617,-1.6688909569422632,-0.3337781913884526,False,0.50-<1.00%,2.772055,1790752739999,1.8437666666666668,True,1790752688812,True,True,1790752748812,False,True,1790752808812,False
PAPER:GRASSUSDT:1790753399999:SHORT,GRASSUSDT:1790753399999:SHORT,GRASSUSDT,SHORT,1790753465038,,Discovery,META_LOSS,False,False,RIGHT_THEN_FAILURE,1.058263,-1.313924,-1.957528353449982,-0.3915056706899964,False,1.00-<1.50%,5.291315,1790754119999,10.916016666666666,True,1790753524843,True,True,1790753584843,True,True,1790753644843,True
PAPER:RAREUSDT:1790753699999:SHORT,RAREUSDT:1790753699999:SHORT,RAREUSDT,SHORT,1790753717141,,Discovery,META_LOSS,False,False,RIGHT_THEN_FAILURE,0.642015,-2.502574,-2.882912779467075,-0.576582555893415,False,0.50-<1.00%,3.210075,1790753879999,2.7143,True,1790753776942,True,True,1790753836942,True,True,1790753896942,False
PAPER:INITUSDT:1790754299999:SHORT,INITUSDT:1790754299999:SHORT,INITUSDT,SHORT,1790754319138,,Discovery,META_WIN,True,False,RECOVERED_DRAWDOWN,6.107878,-2.160835,11.779213420003634,2.3558426840007267,True,>=5.00%,30.53939,1790754359999,0.6810166666666667,True,1790754378953,False,True,1790754438953,False,True,1790754498953,False
PAPER:GWEIUSDT:1790754599999:SHORT,GWEIUSDT:1790754599999:SHORT,GWEIUSDT,SHORT,1790754617220,,Discovery,META_LOSS,False,False,TRUE_WRONG_DIRECTION,0.120145,-3.150009,-4.691060211107997,-0.9382120422215994,False,<0.30%,0.600725,1790754659999,0.7129833333333333,True,1790754677033,False,True,1790754737033,False,True,1790754797033,False
PAPER:HEIUSDT:1790755199999:SHORT,HEIUSDT:1790755199999:SHORT,HEIUSDT,SHORT,1790755226471,,Discovery,META_LOSS,False,False,TRUE_WRONG_DIRECTION,0.188511,-1.613652,-3.8945307433162695,-0.7789061486632539,False,<0.30%,0.942555,1790755499999,4.5588,True,1790755286214,True,True,1790755346214,True,True,1790755406214,True
PAPER:SHELLUSDT:1790755199999:SHORT,SHELLUSDT:1790755199999:SHORT,SHELLUSDT,SHORT,1790755230892,,Discovery,META_LOSS,False,False,TRUE_WRONG_DIRECTION,0.182057,-0.989895,-2.5682108542920483,-0.5136421708584097,False,<0.30%,0.910285,1790755439999,3.485116666666667,True,1790755290703,True,True,1790755350703,True,True,1790755410703,True
PAPER:LSKUSDT:1790755499999:SHORT,LSKUSDT:1790755499999:SHORT,LSKUSDT,SHORT,1790755529364,,Discovery,META_LOSS,False,False,RIGHT_THEN_FAILURE,0.540075,-1.337039,-0.6953665855345776,-0.13907331710691553,False,0.50-<1.00%,2.7003749999999997,1790756219999,11.510583333333333,True,1790755589176,True,True,1790755649176,True,True,1790755709176,True
PAPER:FETUSDT:1790755499999:SHORT,FETUSDT:1790755499999:SHORT,FETUSDT,SHORT,1790755547859,,Discovery,META_LOSS,False,False,TRUE_WRONG_DIRECTION,0.30534,-0.856603,-3.3925875730443122,-0.6785175146088624,False,0.30-<0.50%,1.5267,1790756219999,11.202333333333334,True,1790755607661,True,True,1790755667661,True,True,1790755727661,True
PAPER:ARCUSDT:1790755499999:SHORT,ARCUSDT:1790755499999:SHORT,ARCUSDT,SHORT,1790755566802,,Discovery,META_LOSS,False,False,RIGHT_THEN_FAILURE,0.620169,-1.07768,-2.2038916409968348,-0.44077832819936696,False,0.50-<1.00%,3.1008449999999996,1790755799999,3.886616666666667,True,1790755625727,True,True,1790755685727,True,True,1790755745727,True
PAPER:PTBUSDT:1790755499999:SHORT,PTBUSDT:1790755499999:SHORT,PTBUSDT,SHORT,1790755612506,,Discovery,META_LOSS,False,False,TRUE_WRONG_DIRECTION,0.022708,-0.735424,-2.6602792961709603,-0.5320558592341921,False,<0.30%,0.11354,1790755979999,6.124883333333333,True,1790755671950,True,True,1790755731950,True,True,1790755791950,True
PAPER:4USDT:1790755499999:SHORT,4USDT:1790755499999:SHORT,4USDT,SHORT,1790755628563,,Discovery,META_LOSS,False,False,TRUE_WRONG_DIRECTION,0.193585,-0.68863,-2.3677234205023012,-0.47354468410046024,False,<0.30%,0.967925,1790756339999,11.857266666666666,True,1790755687952,True,True,1790755747952,True,True,1790755807952,True
PAPER:SPORTFUNUSDT:1790755499999:SHORT,SPORTFUNUSDT:1790755499999:SHORT,SPORTFUNUSDT,SHORT,1790755644436,,Discovery,META_LOSS,False,False,RIGHT_THEN_FAILURE,0.598792,-0.695055,-0.10557498170033508,-0.021114996340067017,False,0.50-<1.00%,2.99396,1790756219999,9.592716666666666,True,1790755703995,True,True,1790755763995,True,True,1790755823995,True
PAPER:BANKUSDT:1790755799999:SHORT,BANKUSDT:1790755799999:SHORT,BANKUSDT,SHORT,1790755816000,,Discovery,META_LOSS,False,False,RIGHT_THEN_FAILURE,0.578541,-0.933573,-1.265512992362275,-0.253102598472455,False,0.50-<1.00%,2.892705,1790756219999,6.733316666666667,True,1790755875748,True,True,1790755935748,True,True,1790755995748,True
PAPER:AEROUSDT:1790755799999:SHORT,AEROUSDT:1790755799999:SHORT,AEROUSDT,SHORT,1790755820187,,Discovery,META_LOSS,False,False,TRUE_WRONG_DIRECTION,0.030087,-0.884081,-3.3004554225606313,-0.6600910845121263,False,<0.30%,0.15043499999999999,1790756219999,6.6635333333333335,True,1790755879919,True,True,1790755939919,True,True,1790755999919,True
PAPER:METISUSDT:1790755799999:SHORT,METISUSDT:1790755799999:SHORT,METISUSDT,SHORT,1790755823122,,Discovery,META_LOSS,False,False,TRUE_WRONG_DIRECTION,0.130402,-0.982603,-2.982600584026568,-0.5965201168053136,False,<0.30%,0.65201,1790756219999,6.614616666666667,True,1790755882875,True,True,1790755942875,True,True,1790756002875,True
PAPER:ZETAUSDT:1790755799999:SHORT,ZETAUSDT:1790755799999:SHORT,ZETAUSDT,SHORT,1790755828807,,Discovery,META_LOSS,False,False,STALL_NO_EDGE,0.384701,-1.600282,-5.579787171307036,-1.1159574342614071,False,0.30-<0.50%,1.923505,1790756339999,8.519866666666667,True,1790755888613,True,True,1790755948613,True,True,1790756008613,True
PAPER:CTRUSDT:1790756099999:SHORT,CTRUSDT:1790756099999:SHORT,CTRUSDT,SHORT,1790756116664,,Discovery,META_LOSS,False,False,TRUE_WRONG_DIRECTION,0.068809,-0.730511,-3.0110016857262303,-0.602200337145246,False,<0.30%,0.344045,1790756279999,2.72225,True,1790756176476,True,True,1790756236476,True,True,1790756296476,False
PAPER:EDGEUSDT:1790757299999:SHORT,EDGEUSDT:1790757299999:SHORT,EDGEUSDT,SHORT,1790757315459,,Discovery,META_LOSS,False,False,RIGHT_THEN_FAILURE,0.52169,-0.851892,-0.36925171301176496,-0.073850342602353,False,0.50-<1.00%,2.60845,1790758259999,15.742333333333333,True,1790757375254,True,True,1790757435254,True,True,1790757495254,True
PAPER:CCUSDT:1790757299999:SHORT,CCUSDT:1790757299999:SHORT,CCUSDT,SHORT,1790757320766,,Discovery,META_LOSS,False,False,TRUE_WRONG_DIRECTION,0.272428,-0.897301,-1.8242553824254284,-0.3648510764850857,False,<0.30%,1.3621400000000001,1790758079999,12.653883333333333,True,1790757380576,True,True,1790757440576,True,True,1790757500576,True
PAPER:TRBUSDT:1790757299999:SHORT,TRBUSDT:1790757299999:SHORT,TRBUSDT,SHORT,1790757331463,,Discovery,META_LOSS,False,False,STALL_NO_EDGE,0.360131,-1.422061,-2.9762100569175143,-0.5952420113835029,False,0.30-<0.50%,1.800655,1790757539999,3.4756,True,1790757391244,True,True,1790757451244,True,True,1790757511244,True
PAPER:BASUSDT:1790757299999:SHORT,BASUSDT:1790757299999:SHORT,BASUSDT,SHORT,1790757342081,,Discovery,META_LOSS,False,False,TRUE_WRONG_DIRECTION,0.037772,-0.735544,-3.0966244231961166,-0.6193248846392233,False,<0.30%,0.18886,1790757599999,4.298633333333333,True,1790757401884,True,True,1790757461884,True,True,1790757521884,True
PAPER:WLDUSDT:1790757299999:SHORT,WLDUSDT:1790757299999:SHORT,WLDUSDT,SHORT,1790757366241,,Discovery,META_LOSS,False,False,TRUE_WRONG_DIRECTION,0.080904,-0.968539,-3.2227771598508603,-0.6445554319701721,False,<0.30%,0.40452,1790757479999,1.8959666666666666,True,1790757425880,True,True,1790757485880,False,True,1790757545880,False
PAPER:OUSDT:1790757599999:SHORT,OUSDT:1790757599999:SHORT,OUSDT,SHORT,1790757615163,,Discovery,META_WIN,False,True,STALL_NO_EDGE,0.120993,-1.764846,0.10829494533266681,0.021658989066533362,True,<0.30%,0.604965,1790757659999,0.7472666666666666,True,1790757674959,False,True,1790757734959,False,True,1790757794959,False
PAPER:BTWUSDT:1790757899999:SHORT,BTWUSDT:1790757899999:SHORT,BTWUSDT,SHORT,1790757919284,,Discovery,META_LOSS,False,False,RIGHT_THEN_FAILURE,1.969861,-1.902573,-1.8777235479277739,-0.37554470958555475,False,1.50-<2.00%,9.849305000000001,1790757959999,0.6785833333333333,True,1790757979089,False,True,1790758039089,False,True,1790758099089,False
PAPER:NILUSDT:1790759999999:SHORT,NILUSDT:1790759999999:SHORT,NILUSDT,SHORT,1790760074266,,Discovery,META_LOSS,False,False,RIGHT_THEN_FAILURE,0.5403,-0.648917,-1.808613251746011,-0.3617226503492022,False,0.50-<1.00%,2.7015000000000002,1790760179999,1.7622166666666668,True,1790760133506,True,True,1790760193506,False,True,1790760253506,False
PAPER:HANAUSDT:1790760299999:SHORT,HANAUSDT:1790760299999:SHORT,HANAUSDT,SHORT,1790760316706,,Discovery,META_LOSS,False,False,RIGHT_THEN_FAILURE,0.865129,-1.951203,-1.755620754078319,-0.35112415081566384,False,0.50-<1.00%,4.325645,1790760779999,7.72155,True,1790760376396,True,True,1790760436396,True,True,1790760496396,True
PAPER:POWERUSDT:1790760599999:SHORT,POWERUSDT:1790760599999:SHORT,POWERUSDT,SHORT,1790760627938,,Discovery,META_LOSS,False,False,TRUE_WRONG_DIRECTION,0.133941,-0.866699,-3.1514881472336547,-0.630297629446731,False,<0.30%,0.669705,1790760779999,2.53435,True,1790760687733,True,True,1790760747733,True,True,1790760807733,False
PAPER:AKTUSDT:1790762099999:SHORT,AKTUSDT:1790762099999:SHORT,AKTUSDT,SHORT,1790762129819,,Discovery,META_LOSS,False,False,TRUE_WRONG_DIRECTION,0.087511,-0.880127,-2.9488010547440346,-0.5897602109488069,False,<0.30%,0.437555,1790762579999,7.503,True,1790762189625,True,True,1790762249625,True,True,1790762309625,True
PAPER:MERLUSDT:1790762399999:SHORT,MERLUSDT:1790762399999:SHORT,MERLUSDT,SHORT,1790762428221,,Discovery,META_WIN,True,False,RECOVERED_DRAWDOWN,2.319447,-0.867631,1.3405777808104005,0.2681155561620801,True,2.00-<3.00%,11.597235,1790763179999,12.529633333333333,True,1790762488025,True,True,1790762548025,True,True,1790762608025,True
PAPER:HANAUSDT:1790762399999:SHORT,HANAUSDT:1790762399999:SHORT,HANAUSDT,SHORT,1790762471990,,Discovery,META_LOSS,False,False,TRUE_WRONG_DIRECTION,0.22296,-1.234822,-2.166162159557387,-0.43323243191147737,False,<0.30%,1.1148,1790762639999,2.80015,True,1790762531755,True,True,1790762591755,True,True,1790762651755,False
PAPER:MAGICUSDT:1790762699999:SHORT,MAGICUSDT:1790762699999:SHORT,MAGICUSDT,SHORT,1790762743175,,Discovery,META_LOSS,False,False,TRUE_WRONG_DIRECTION,0.24789,-1.20639,-0.662888417553426,-0.13257768351068522,False,<0.30%,1.23945,1790763419999,11.2804,True,1790762802972,True,True,1790762862972,True,True,1790762922972,True
PAPER:TAKEUSDT:1790763299999:SHORT,TAKEUSDT:1790763299999:SHORT,TAKEUSDT,SHORT,1790763321786,,Discovery,META_LOSS,False,False,RIGHT_THEN_FAILURE,0.569675,-0.973897,-0.47279042898921775,-0.09455808579784354,False,0.50-<1.00%,2.8483750000000003,1790763659999,5.6368833333333335,True,1790763381593,True,True,1790763441593,True,True,1790763501593,True
PAPER:4USDT:1790763299999:SHORT,4USDT:1790763299999:SHORT,4USDT,SHORT,1790763327232,,Discovery,META_LOSS,False,False,TRUE_WRONG_DIRECTION,0.292209,-0.770247,-2.5827032369760845,-0.5165406473952169,False,<0.30%,1.461045,1790763719999,6.546116666666666,True,1790763387037,True,True,1790763447037,True,True,1790763507037,True
PAPER:BERAUSDT:1790763299999:SHORT,BERAUSDT:1790763299999:SHORT,BERAUSDT,SHORT,1790763367499,,Discovery,META_LOSS,False,False,RIGHT_THEN_FAILURE,0.943657,-0.943513,-1.3520970553002543,-0.27041941106005085,False,0.50-<1.00%,4.718285,1790763719999,5.875,True,1790763427231,True,True,1790763487231,True,True,1790763547231,True
PAPER:COMPUSDT:1790763599999:SHORT,COMPUSDT:1790763599999:SHORT,COMPUSDT,SHORT,1790763645626,,Discovery,META_LOSS,False,False,TRUE_WRONG_DIRECTION,0.258936,-1.255311,-2.9445135042944273,-0.5889027008588855,False,<0.30%,1.29468,1790763899999,4.23955,True,1790763705334,True,True,1790763765334,True,True,1790763825334,True
PAPER:OPNUSDT:1790764199999:SHORT,OPNUSDT:1790764199999:SHORT,OPNUSDT,SHORT,1790764220425,,Discovery,META_LOSS,False,False,RIGHT_THEN_FAILURE,0.547356,-0.55076,-1.7745590609430146,-0.35491181218860296,False,0.50-<1.00%,2.7367799999999995,1790764559999,5.659566666666667,True,1790764280228,True,True,1790764340228,True,True,1790764400228,True
PAPER:FFUSDT:1790764499999:SHORT,FFUSDT:1790764499999:SHORT,FFUSDT,SHORT,1790764530118,,Discovery,META_LOSS,False,False,RIGHT_THEN_FAILURE,0.762074,-0.770799,-0.40221500786193043,-0.08044300157238608,False,0.50-<1.00%,3.8103700000000003,1790765879999,22.49801666666667,True,1790764589919,True,True,1790764649919,True,True,1790764709919,True
PAPER:BLURUSDT:1790764499999:SHORT,BLURUSDT:1790764499999:SHORT,BLURUSDT,SHORT,1790764530653,,Discovery,META_LOSS,False,False,RECOVERED_DRAWDOWN,1.800283,-0.690636,1.3273311810350656,0.26546623620701315,True,1.50-<2.00%,9.001415,1790765759999,20.4891,True,1790764590456,True,True,1790764650456,True,True,1790764710456,True
PAPER:HANAUSDT:1790765099999:SHORT,HANAUSDT:1790765099999:SHORT,HANAUSDT,SHORT,1790765120057,,Discovery,META_LOSS,False,False,TRUE_WRONG_DIRECTION,0.302641,-0.907278,-4.179707393091471,-0.8359414786182943,False,0.30-<0.50%,1.513205,1790765459999,5.6657,True,1790765179859,True,True,1790765239859,True,True,1790765299859,True
PAPER:POWERUSDT:1790765099999:SHORT,POWERUSDT:1790765099999:SHORT,POWERUSDT,SHORT,1790765144064,,Discovery,META_LOSS,False,False,TRUE_WRONG_DIRECTION,0.04675,-0.898934,-2.9547180515079905,-0.5909436103015981,False,<0.30%,0.23375,1790765639999,8.265583333333334,True,1790765203536,True,True,1790765263536,True,True,1790765323536,True
PAPER:NMRUSDT:1790765399999:SHORT,NMRUSDT:1790765399999:SHORT,NMRUSDT,SHORT,1790765416141,,Discovery,META_LOSS,False,False,RIGHT_THEN_FAILURE,1.283188,-1.120673,-1.523081795247956,-0.3046163590495912,False,1.00-<1.50%,6.41594,1790765579999,2.7309666666666668,True,1790765475906,True,True,1790765535906,True,True,1790765595906,False
PAPER:MMTUSDT:1790765399999:SHORT,MMTUSDT:1790765399999:SHORT,MMTUSDT,SHORT,1790765422895,,Discovery,META_WIN,True,False,RECOVERED_DRAWDOWN,2.19914,-1.023903,5.925116322789142,1.1850232645578285,True,2.00-<3.00%,10.9957,1790765819999,6.6184,True,1790765482703,True,True,1790765542703,True,True,1790765602703,True
PAPER:CTRUSDT:1790765699999:SHORT,CTRUSDT:1790765699999:SHORT,CTRUSDT,SHORT,1790765723703,,Discovery,META_LOSS,False,False,TRUE_WRONG_DIRECTION,0.125715,-0.772886,-3.462182088380456,-0.6924364176760912,False,<0.30%,0.628575,1790765879999,2.6049333333333333,True,1790765783420,True,True,1790765843420,True,True,1790765903420,False
PAPER:ASTERUSDT:1790766299999:SHORT,ASTERUSDT:1790766299999:SHORT,ASTERUSDT,SHORT,1790766346030,,Discovery,META_LOSS,False,False,RIGHT_THEN_FAILURE,0.537432,-0.988881,-1.0166145589786513,-0.20332291179573025,False,0.50-<1.00%,2.68716,1790766779999,7.2328166666666664,True,1790766405815,True,True,1790766465815,True,True,1790766525815,True
PAPER:ONEUSDT:1790766299999:SHORT,ONEUSDT:1790766299999:SHORT,ONEUSDT,SHORT,1790766354312,,Discovery,META_LOSS,False,False,RECOVERED_DRAWDOWN,1.059538,-0.638766,0.1479478832761283,0.029589576655225654,True,1.00-<1.50%,5.29769,1790767739999,23.094783333333332,True,1790766414115,True,True,1790766474115,True,True,1790766534115,True
PAPER:1000000MOGUSDT:1790766599999:SHORT,1000000MOGUSDT:1790766599999:SHORT,1000000MOGUSDT,SHORT,1790766619024,,Discovery,META_LOSS,False,False,STALL_NO_EDGE,0.404169,-1.886365,-6.681967023175589,-1.3363934046351178,False,0.30-<0.50%,2.020845,1790767439999,13.682916666666667,True,1790766678823,True,True,1790766738823,True,True,1790766798823,True
PAPER:TAKEUSDT:1790766599999:SHORT,TAKEUSDT:1790766599999:SHORT,TAKEUSDT,SHORT,1790766626847,,Discovery,META_LOSS,False,False,TRUE_WRONG_DIRECTION,0.137812,-1.037038,-2.1788107709199216,-0.4357621541839843,False,<0.30%,0.68906,1790766839999,3.5525333333333333,True,1790766686640,True,True,1790766746640,True,True,1790766806640,True
PAPER:PLAYUSDT:1790766599999:SHORT,PLAYUSDT:1790766599999:SHORT,PLAYUSDT,SHORT,1790766628990,,Discovery,META_LOSS,False,False,RECOVERED_DRAWDOWN,0.971213,-0.918295,0.05747138511011202,0.011494277022022404,True,0.50-<1.00%,4.856065,1790767439999,13.516816666666667,True,1790766688799,True,True,1790766748799,True,True,1790766808799,True
PAPER:APRUSDT:1790766599999:SHORT,APRUSDT:1790766599999:SHORT,APRUSDT,SHORT,1790766635632,,Discovery,META_LOSS,False,False,STALL_NO_EDGE,0.480931,-1.105363,-3.8750868078456877,-0.7750173615691375,False,0.30-<0.50%,2.404655,1790767439999,13.406116666666666,True,1790766695431,True,True,1790766755431,True,True,1790766815431,True
PAPER:KAITOUSDT:1790766599999:SHORT,KAITOUSDT:1790766599999:SHORT,KAITOUSDT,SHORT,1790766636323,,Discovery,META_LOSS,False,False,TRUE_WRONG_DIRECTION,0.332593,-0.607666,-3.0824874103786524,-0.6164974820757304,False,0.30-<0.50%,1.6629650000000002,1790767439999,13.3946,True,1790766696115,True,True,1790766756115,True,True,1790766816115,True
PAPER:MONUSDT:1790766599999:SHORT,MONUSDT:1790766599999:SHORT,MONUSDT,SHORT,1790766637120,,Discovery,META_LOSS,False,False,TRUE_WRONG_DIRECTION,0.163586,-0.754365,-3.6147789717635055,-0.7229557943527011,False,<0.30%,0.81793,1790767439999,13.381316666666667,True,1790766696912,True,True,1790766756912,True,True,1790766816912,True
PAPER:ONDOUSDT:1790766599999:SHORT,ONDOUSDT:1790766599999:SHORT,ONDOUSDT,SHORT,1790766642522,,Discovery,META_LOSS,False,False,TRUE_WRONG_DIRECTION,0.238292,-0.616071,-2.6903699795382154,-0.538073995907643,False,<0.30%,1.19146,1790767439999,13.291283333333332,True,1790766702323,True,True,1790766762323,True,True,1790766822323,True
PAPER:CFGUSDT:1790766599999:SHORT,CFGUSDT:1790766599999:SHORT,CFGUSDT,SHORT,1790766644149,,Discovery,META_LOSS,False,False,RIGHT_THEN_FAILURE,0.512017,-0.618528,-2.6143362814849507,-0.5228672562969902,False,0.50-<1.00%,2.5600850000000004,1790766779999,2.2641666666666667,True,1790766703954,True,True,1790766763954,True,True,1790766823954,False
PAPER:MEWUSDT:1790766899999:SHORT,MEWUSDT:1790766899999:SHORT,MEWUSDT,SHORT,1790766924243,,Discovery,META_LOSS,False,False,RIGHT_THEN_FAILURE,1.145909,-1.128577,-2.3850510834059877,-0.4770102166811976,False,1.00-<1.50%,5.729545,1790767319999,6.595933333333333,True,1790766984046,True,True,1790767044046,True,True,1790767104046,True
PAPER:HUSDT:1790766899999:SHORT,HUSDT:1790766899999:SHORT,HUSDT,SHORT,1790766927782,,Discovery,META_LOSS,False,False,RIGHT_THEN_FAILURE,0.516069,-1.529474,-0.8442855549247481,-0.16885711098494963,False,0.50-<1.00%,2.580345,1790767019999,1.53695,True,1790766987592,True,True,1790767047592,False,True,1790767107592,False
PAPER:EPICUSDT:1790766899999:SHORT,EPICUSDT:1790766899999:SHORT,EPICUSDT,SHORT,1790766931320,,Discovery,META_LOSS,False,False,RIGHT_THEN_FAILURE,0.586067,-0.681172,-0.4906094375320358,-0.09812188750640716,False,0.50-<1.00%,2.930335,1790767439999,8.477983333333333,True,1790766991064,True,True,1790767051064,True,True,1790767111064,True
PAPER:BERAUSDT:1790767199999:SHORT,BERAUSDT:1790767199999:SHORT,BERAUSDT,SHORT,1790767216124,,Discovery,META_LOSS,False,False,TRUE_WRONG_DIRECTION,0.228802,-1.886049,-2.195401953525016,-0.43908039070500327,False,<0.30%,1.14401,1790767439999,3.73125,True,1790767275926,True,True,1790767335926,True,True,1790767395926,True
PAPER:BRETTUSDT:1790767199999:SHORT,BRETTUSDT:1790767199999:SHORT,BRETTUSDT,SHORT,1790767217769,,Discovery,META_LOSS,False,False,TRUE_WRONG_DIRECTION,0.06473,-1.138493,-3.4946250941140162,-0.6989250188228033,False,<0.30%,0.32365,1790767379999,2.7038333333333333,True,1790767277570,True,True,1790767337570,True,True,1790767397570,False
PAPER:LYNUSDT:1790767199999:SHORT,LYNUSDT:1790767199999:SHORT,LYNUSDT,SHORT,1790767218284,,Discovery,META_LOSS,False,False,TRUE_WRONG_DIRECTION,0.203255,-0.661873,-2.9753965825252813,-0.5950793165050562,False,<0.30%,1.016275,1790767439999,3.69525,True,1790767278089,True,True,1790767338089,True,True,1790767398089,True
PAPER:ENSOUSDT:1790767199999:SHORT,ENSOUSDT:1790767199999:SHORT,ENSOUSDT,SHORT,1790767222671,,Discovery,META_LOSS,False,False,TRUE_WRONG_DIRECTION,0.115907,-0.595012,-3.749476404374625,-0.749895280874925,False,<0.30%,0.579535,1790767379999,2.622133333333333,True,1790767282407,True,True,1790767342407,True,True,1790767402407,False
PAPER:BEATUSDT:1790767199999:SHORT,BEATUSDT:1790767199999:SHORT,BEATUSDT,SHORT,1790767225138,,Discovery,META_LOSS,False,False,TRUE_WRONG_DIRECTION,0.200547,-0.461107,-2.6058962895114335,-0.5211792579022867,False,<0.30%,1.002735,1790768339999,18.581016666666667,True,1790767284944,True,True,1790767344944,True,True,1790767404944,True
PAPER:AGLDUSDT:1790767199999:SHORT,AGLDUSDT:1790767199999:SHORT,AGLDUSDT,SHORT,1790767226171,,Discovery,META_LOSS,False,False,TRUE_WRONG_DIRECTION,0.0,-0.648453,-4.095418394940431,-0.8190836789880861,False,<0.30%,0.0,1790767439999,3.5638,True,1790767285978,True,True,1790767345978,True,True,1790767405978,True
PAPER:SOONUSDT:1790768099999:SHORT,SOONUSDT:1790768099999:SHORT,SOONUSDT,SHORT,1790768118290,,Discovery,META_WIN,True,False,CORRECT_RUNNER,1.977254,-2.466084,1.9137694293401812,0.38275388586803627,True,1.50-<2.00%,9.88627,1790768219999,1.69515,True,1790768178095,True,True,1790768238095,False,True,1790768298095,False
PAPER:ACUUSDT:1790768099999:SHORT,ACUUSDT:1790768099999:SHORT,ACUUSDT,SHORT,1790768122598,,Discovery,META_LOSS,False,False,TRUE_WRONG_DIRECTION,0.045219,-0.778225,-3.010757946135951,-0.6021515892271901,False,<0.30%,0.22609500000000002,1790768459999,5.62335,True,1790768182408,True,True,1790768242408,True,True,1790768302408,True
PAPER:CAPUSDT:1790768399999:SHORT,CAPUSDT:1790768399999:SHORT,CAPUSDT,SHORT,1790768428882,,Discovery,META_LOSS,False,False,RIGHT_THEN_FAILURE,0.642487,-0.973345,-1.920610438727503,-0.3841220877455006,False,0.50-<1.00%,3.212435,1790769179999,12.518616666666667,True,1790768488696,True,True,1790768548696,True,True,1790768608696,True
PAPER:HUSDT:1790768399999:SHORT,HUSDT:1790768399999:SHORT,HUSDT,SHORT,1790768480812,,Discovery,META_LOSS,False,False,RIGHT_THEN_FAILURE,0.555651,-1.171313,-1.6704421100046396,-0.334088422000928,False,0.50-<1.00%,2.778255,1790768699999,3.6531166666666666,True,1790768540407,True,True,1790768600407,True,True,1790768660407,True
PAPER:PHAUSDT:1790768399999:SHORT,PHAUSDT:1790768399999:SHORT,PHAUSDT,SHORT,1790768481005,,Discovery,META_LOSS,False,False,RIGHT_THEN_FAILURE,1.615493,-1.400792,-1.0172822763186202,-0.20345645526372405,False,1.50-<2.00%,8.077465,1790769179999,11.6499,True,1790768540612,True,True,1790768600612,True,True,1790768660612,True
PAPER:INITUSDT:1790768699999:SHORT,INITUSDT:1790768699999:SHORT,INITUSDT,SHORT,1790768718175,,Discovery,META_LOSS,False,False,RIGHT_THEN_FAILURE,0.544019,-1.543854,-0.7520993415145181,-0.1504198683029036,False,0.50-<1.00%,2.720095,1790768879999,2.6970666666666667,True,1790768777982,True,True,1790768837982,True,True,1790768897982,False
PAPER:FLOWUSDT:1790768699999:SHORT,FLOWUSDT:1790768699999:SHORT,FLOWUSDT,SHORT,1790768724151,,Discovery,META_WIN,False,True,RIGHT_THEN_FAILURE,0.811187,-0.512562,-0.9501900380076205,-0.1900380076015241,False,0.50-<1.00%,4.055935,1790769959999,20.597466666666666,True,1790768783957,True,True,1790768843957,True,True,1790768903957,True
PAPER:ZESTUSDT:1790768699999:SHORT,ZESTUSDT:1790768699999:SHORT,ZESTUSDT,SHORT,1790768728748,,Discovery,META_WIN,True,False,RIGHT_THEN_FAILURE,1.051796,-1.488223,-0.6195267769852421,-0.12390535539704842,False,1.00-<1.50%,5.258979999999999,1790768819999,1.52085,True,1790768788550,True,True,1790768848550,False,True,1790768908550,False
PAPER:FLOCKUSDT:1790769899999:SHORT,FLOCKUSDT:1790769899999:SHORT,FLOCKUSDT,SHORT,1790769924621,,Discovery,META_LOSS,False,False,CORRECT_RUNNER,0.558575,-1.028809,0.2006428670041165,0.0401285734008233,True,0.50-<1.00%,2.7928750000000004,1790770079999,2.5896333333333335,True,1790769984426,True,True,1790770044426,True,True,1790770104426,False
PAPER:COTIUSDT:1790769899999:SHORT,COTIUSDT:1790769899999:SHORT,COTIUSDT,SHORT,1790769928354,,Discovery,META_LOSS,False,False,RIGHT_THEN_FAILURE,0.636781,-0.820224,-1.7625054267777798,-0.35250108535555597,False,0.50-<1.00%,3.183905,1790771459999,25.527416666666667,True,1790769988155,True,True,1790770048155,True,True,1790770108155,True
PAPER:OUSDT:1790770199999:SHORT,OUSDT:1790770199999:SHORT,OUSDT,SHORT,1790770220383,,Discovery,META_WIN,False,True,RIGHT_THEN_FAILURE,0.911581,-1.668193,-0.36739606787553536,-0.07347921357510706,False,0.50-<1.00%,4.557905,1790770319999,1.6602666666666666,True,1790770280184,True,True,1790770340184,False,True,1790770400184,False
PAPER:BSBUSDT:1790770199999:SHORT,BSBUSDT:1790770199999:SHORT,BSBUSDT,SHORT,1790770231540,,Discovery,META_LOSS,False,False,TRUE_WRONG_DIRECTION,0.282643,-0.713164,-2.0984103372651015,-0.4196820674530203,False,<0.30%,1.4132149999999999,1790771459999,20.474316666666667,True,1790770291282,True,True,1790770351282,True,True,1790770411282,True
PAPER:AXLUSDT:1790770199999:SHORT,AXLUSDT:1790770199999:SHORT,AXLUSDT,SHORT,1790770233394,,Discovery,META_LOSS,False,False,TRUE_WRONG_DIRECTION,0.327824,-0.734985,-2.449207705238848,-0.4898415410477696,False,0.30-<0.50%,1.6391200000000001,1790771399999,19.443416666666668,True,1790770293197,True,True,1790770353197,True,True,1790770413197,True
PAPER:MARSCOINUSDT:1790770199999:SHORT,MARSCOINUSDT:1790770199999:SHORT,MARSCOINUSDT,SHORT,1790770234263,,Discovery,META_LOSS,False,False,STALL_NO_EDGE,0.356256,-0.960654,-4.173165652084348,-0.8346331304168697,False,0.30-<0.50%,1.7812800000000002,1790770979999,12.428933333333333,True,1790770294065,True,True,1790770354065,True,True,1790770414065,True
PAPER:RAREUSDT:1790770499999:SHORT,RAREUSDT:1790770499999:SHORT,RAREUSDT,SHORT,1790770562186,,Discovery,META_WIN,True,False,RIGHT_THEN_FAILURE,1.482801,-0.799236,-0.39306684375275647,-0.07861336875055129,False,1.00-<1.50%,7.414005,1790771099999,8.96355,True,1790770621600,True,True,1790770681600,True,True,1790770741600,True
PAPER:FARTCOINUSDT:1790770799999:SHORT,FARTCOINUSDT:1790770799999:SHORT,FARTCOINUSDT,SHORT,1790770819909,,Discovery,META_LOSS,False,False,STALL_NO_EDGE,0.43003,-2.438935,-11.085570713692743,-2.2171141427385486,False,0.30-<0.50%,2.15015,1790770979999,2.6681666666666666,True,1790770879710,True,True,1790770939710,True,True,1790770999710,False
PAPER:OUSDT:1790770799999:SHORT,OUSDT:1790770799999:SHORT,OUSDT,SHORT,1790770820432,,Discovery,META_LOSS,False,False,TRUE_WRONG_DIRECTION,0.144053,-1.423602,-0.8589607341916352,-0.17179214683832703,False,<0.30%,0.7202649999999999,1790771459999,10.65945,True,1790770880239,True,True,1790770940239,True,True,1790771000239,True
PAPER:1MBABYDOGEUSDT:1790770799999:SHORT,1MBABYDOGEUSDT:1790770799999:SHORT,1MBABYDOGEUSDT,SHORT,1790770825493,,Discovery,META_LOSS,False,False,TRUE_WRONG_DIRECTION,0.148867,-0.888484,-4.210086355187128,-0.8420172710374256,False,<0.30%,0.744335,1790771459999,10.5751,True,1790770885293,True,True,1790770945293,True,True,1790771005293,True
PAPER:PONSUSDT:1790770799999:SHORT,PONSUSDT:1790770799999:SHORT,PONSUSDT,SHORT,1790770827630,,Discovery,META_LOSS,False,False,TRUE_WRONG_DIRECTION,0.230807,-1.220316,-1.846796145902942,-0.3693592291805884,False,<0.30%,1.1540350000000001,1790771099999,4.539483333333333,True,1790770887435,True,True,1790770947435,True,True,1790771007435,True
PAPER:MEGAUSDT:1790770799999:SHORT,MEGAUSDT:1790770799999:SHORT,MEGAUSDT,SHORT,1790770837921,,Discovery,META_LOSS,False,False,RIGHT_THEN_FAILURE,0.520264,-0.513292,-1.7731177811419536,-0.3546235562283907,False,0.50-<1.00%,2.60132,1790771459999,10.367966666666666,True,1790770897718,True,True,1790770957718,True,True,1790771017718,True
PAPER:LTCUSDT:1790770799999:SHORT,LTCUSDT:1790770799999:SHORT,LTCUSDT,SHORT,1790770875388,,Discovery,META_LOSS,False,False,TRUE_WRONG_DIRECTION,0.054671,-0.677146,-4.239022106347499,-0.8478044212694998,False,<0.30%,0.273355,1790771459999,9.743516666666666,True,1790770934559,True,True,1790770994559,True,True,1790771054559,True
PAPER:LINEAUSDT:1790770799999:SHORT,LINEAUSDT:1790770799999:SHORT,LINEAUSDT,SHORT,1790770875782,,Discovery,META_LOSS,False,False,TRUE_WRONG_DIRECTION,0.117955,-0.778776,-4.2298205934290625,-0.8459641186858126,False,<0.30%,0.589775,1790771459999,9.73695,True,1790770934964,True,True,1790770994964,True,True,1790771054964,True
PAPER:GUNUSDT:1790771099999:SHORT,GUNUSDT:1790771099999:SHORT,GUNUSDT,SHORT,1790771131223,,Discovery,META_LOSS,False,False,TRUE_WRONG_DIRECTION,0.181649,-0.793008,-4.650678674041275,-0.9301357348082551,False,<0.30%,0.908245,1790771459999,5.4796,True,1790771191015,True,True,1790771251015,True,True,1790771311015,True
PAPER:LITUSDT:1790772299999:SHORT,LITUSDT:1790772299999:SHORT,LITUSDT,SHORT,1790772347314,,Discovery,META_LOSS,False,False,RIGHT_THEN_FAILURE,0.784556,-1.211567,-0.6634844638334785,-0.1326968927666957,False,0.50-<1.00%,3.9227800000000004,1790773019999,11.211416666666667,True,1790772407050,True,True,1790772467050,True,True,1790772527050,True
PAPER:PROMUSDT:1790772599999:SHORT,PROMUSDT:1790772599999:SHORT,PROMUSDT,SHORT,1790772617265,,Discovery,META_LOSS,False,False,STALL_NO_EDGE,0.483162,-2.457215,-9.134409463247742,-1.8268818926495485,False,0.30-<0.50%,2.41581,1790772719999,1.7122333333333333,True,1790772677063,True,True,1790772737063,False,True,1790772797063,False
PAPER:HUSDT:1790772599999:SHORT,HUSDT:1790772599999:SHORT,HUSDT,SHORT,1790772675803,,Discovery,META_LOSS,False,False,RIGHT_THEN_FAILURE,1.150412,-0.641336,-2.8304204542150457,-0.5660840908430091,False,1.00-<1.50%,5.75206,1790772719999,0.7366,True,1790772734653,False,True,1790772794653,False,True,1790772854653,False
PAPER:SKYUSDT:1790773199999:SHORT,SKYUSDT:1790773199999:SHORT,SKYUSDT,SHORT,1790773228796,,Discovery,META_LOSS,False,False,STALL_NO_EDGE,0.369037,-0.883189,-0.40258134585468747,-0.08051626917093749,False,0.30-<0.50%,1.845185,1790774219999,16.52005,True,1790773288604,True,True,1790773348604,True,True,1790773408604,True
PAPER:BRUSDT:1790773499999:SHORT,BRUSDT:1790773499999:SHORT,BRUSDT,SHORT,1790773538383,,Discovery,META_LOSS,False,False,RIGHT_THEN_FAILURE,0.874639,-0.720102,-0.4865473035063299,-0.09730946070126598,False,0.50-<1.00%,4.373195,1790773799999,4.360266666666667,True,1790773598187,True,True,1790773658187,True,True,1790773718187,True
PAPER:龙虾USDT:1790774099999:SHORT,龙虾USDT:1790774099999:SHORT,龙虾USDT,SHORT,1790774124634,,Discovery,META_LOSS,False,False,RIGHT_THEN_FAILURE,0.516921,-1.90984,-1.1269780267195508,-0.22539560534391018,False,0.50-<1.00%,2.584605,1790774399999,4.589416666666667,True,1790774184430,True,True,1790774244430,True,True,1790774304430,True
PAPER:QNTUSDT:1790774399999:SHORT,QNTUSDT:1790774399999:SHORT,QNTUSDT,SHORT,1790774423795,,Discovery,META_LOSS,False,False,RIGHT_THEN_FAILURE,0.783865,-1.937949,-1.3007562686084249,-0.26015125372168496,False,0.50-<1.00%,3.919325,1790774639999,3.6034,True,1790774483601,True,True,1790774543601,True,True,1790774603601,True
PAPER:SIRENUSDT:1790774399999:SHORT,SIRENUSDT:1790774399999:SHORT,SIRENUSDT,SHORT,1790774425478,,Discovery,META_LOSS,False,False,TRUE_WRONG_DIRECTION,0.330022,-0.851316,-2.8114713657954438,-0.5622942731590888,False,0.30-<0.50%,1.65011,1790774699999,4.57535,True,1790774485274,True,True,1790774545274,True,True,1790774605274,True
PAPER:0GUSDT:1790774399999:SHORT,0GUSDT:1790774399999:SHORT,0GUSDT,SHORT,1790774430480,,Discovery,META_LOSS,False,False,TRUE_WRONG_DIRECTION,0.193388,-1.727142,-1.4078936558418407,-0.2815787311683681,False,<0.30%,0.96694,1790774639999,3.491983333333333,True,1790774490270,True,True,1790774550270,True,True,1790774610270,True
PAPER:COOKIEUSDT:1790774999999:SHORT,COOKIEUSDT:1790774999999:SHORT,COOKIEUSDT,SHORT,1790775080212,,Discovery,META_LOSS,False,False,RIGHT_THEN_FAILURE,0.608951,-1.858488,-3.210123175876698,-0.6420246351753396,False,0.50-<1.00%,3.0447550000000003,1790775119999,0.6631166666666667,True,1790775139776,False,True,1790775199776,False,True,1790775259776,False
PAPER:VTHOUSDT:1790775299999:SHORT,VTHOUSDT:1790775299999:SHORT,VTHOUSDT,SHORT,1790775323962,,Discovery,META_WIN,True,False,RECOVERED_DRAWDOWN,4.040826,-1.020498,8.843352220753065,1.7686704441506131,True,3.00-<5.00%,20.20413,1790775359999,0.6006166666666667,True,1790775383761,False,True,1790775443761,False,True,1790775503761,False
PAPER:AUSDT:1790775299999:SHORT,AUSDT:1790775299999:SHORT,AUSDT,SHORT,1790775330871,,Discovery,META_LOSS,False,False,RIGHT_THEN_FAILURE,0.600669,-1.424151,-0.5173427221049636,-0.10346854442099271,False,0.50-<1.00%,3.003345,1790776799999,24.485466666666667,True,1790775390673,True,True,1790775450673,True,True,1790775510673,True
PAPER:CRVUSDT:1790775599999:SHORT,CRVUSDT:1790775599999:SHORT,CRVUSDT,SHORT,1790775626078,,Discovery,META_LOSS,False,False,RIGHT_THEN_FAILURE,0.800252,-1.42982,-1.591624161582709,-0.3183248323165418,False,0.50-<1.00%,4.00126,1790776079999,7.56535,True,1790775685854,True,True,1790775745854,True,True,1790775805854,True
PAPER:THETAUSDT:1790775599999:SHORT,THETAUSDT:1790775599999:SHORT,THETAUSDT,SHORT,1790775628526,,Discovery,META_LOSS,False,False,RIGHT_THEN_FAILURE,0.848602,-1.670356,-0.08075853121118418,-0.016151706242236833,False,0.50-<1.00%,4.24301,1790775899999,4.52455,True,1790775688322,True,True,1790775748322,True,True,1790775808322,True
PAPER:ARKMUSDT:1790775599999:SHORT,ARKMUSDT:1790775599999:SHORT,ARKMUSDT,SHORT,1790775632273,,Discovery,META_LOSS,False,False,RIGHT_THEN_FAILURE,0.787793,-1.341854,-0.9501900380075856,-0.1900380076015171,False,0.50-<1.00%,3.9389649999999996,1790775779999,2.4621,True,1790775692075,True,True,1790775752075,True,True,1790775812075,False
PAPER:我踏马来了USDT:1790775599999:SHORT,我踏马来了USDT:1790775599999:SHORT,我踏马来了USDT,SHORT,1790775661530,,Discovery,META_LOSS,False,False,TRUE_WRONG_DIRECTION,0.163213,-0.961075,-4.1178598500715715,-0.8235719700143143,False,<0.30%,0.816065,1790775719999,0.9744833333333334,True,1790775721306,False,True,1790775781306,False,True,1790775841306,False
PAPER:SKYUSDT:1790775599999:SHORT,SKYUSDT:1790775599999:SHORT,SKYUSDT,SHORT,1790775662100,,Discovery,META_LOSS,False,False,TRUE_WRONG_DIRECTION,0.117061,-1.31589,-4.099442199078933,-0.8198884398157865,False,<0.30%,0.585305,1790775719999,0.9649833333333333,True,1790775721870,False,True,1790775781870,False,True,1790775841870,False
PAPER:INJUSDT:1790775599999:SHORT,INJUSDT:1790775599999:SHORT,INJUSDT,SHORT,1790775662918,,Discovery,META_LOSS,False,False,RIGHT_THEN_FAILURE,1.267289,-1.629121,-2.7621661917851115,-0.5524332383570223,False,1.00-<1.50%,6.336445,1790775719999,0.95135,True,1790775722533,False,True,1790775782533,False,True,1790775842533,False
PAPER:PONSUSDT:1790775599999:SHORT,PONSUSDT:1790775599999:SHORT,PONSUSDT,SHORT,1790775663616,,Discovery,META_LOSS,False,False,TRUE_WRONG_DIRECTION,0.125453,-1.129115,-4.3625822624076624,-0.8725164524815325,False,<0.30%,0.6272650000000001,1790775779999,1.9397166666666668,True,1790775723416,True,True,1790775783416,False,True,1790775843416,False
PAPER:XPLUSDT:1790775599999:SHORT,XPLUSDT:1790775599999:SHORT,XPLUSDT,SHORT,1790775668028,,Discovery,META_LOSS,False,False,TRUE_WRONG_DIRECTION,0.228931,-1.689943,-5.622155930719417,-1.1244311861438834,False,<0.30%,1.144655,1790775719999,0.8661833333333333,True,1790775727409,False,True,1790775787409,False,True,1790775847409,False
PAPER:JASMYUSDT:1790775599999:SHORT,JASMYUSDT:1790775599999:SHORT,JASMYUSDT,SHORT,1790775670371,,Discovery,META_LOSS,False,False,TRUE_WRONG_DIRECTION,0.156849,-1.277623,-3.7530177228962973,-0.7506035445792595,False,<0.30%,0.784245,1790775719999,0.8271333333333334,True,1790775730177,False,True,1790775790177,False,True,1790775850177,False
PAPER:SANDUSDT:1790775599999:SHORT,SANDUSDT:1790775599999:SHORT,SANDUSDT,SHORT,1790775673025,,Discovery,META_LOSS,False,False,TRUE_WRONG_DIRECTION,0.249956,-0.784889,-3.4271702856090274,-0.6854340571218055,False,<0.30%,1.2497800000000001,1790775779999,1.7829,True,1790775732819,True,True,1790775792819,False,True,1790775852819,False
PAPER:FILUSDT:1790775599999:SHORT,FILUSDT:1790775599999:SHORT,FILUSDT,SHORT,1790775676560,,Discovery,META_LOSS,False,False,TRUE_WRONG_DIRECTION,0.339168,-1.14478,-3.2681057733943693,-0.6536211546788738,False,0.30-<0.50%,1.69584,1790775779999,1.7239833333333334,True,1790775736353,True,True,1790775796353,False,True,1790775856353,False
PAPER:WIFUSDT:1790775599999:SHORT,WIFUSDT:1790775599999:SHORT,WIFUSDT,SHORT,1790775678996,,Discovery,META_LOSS,False,False,RIGHT_THEN_FAILURE,0.655002,-0.69501,-2.937388092942098,-0.5874776185884195,False,0.50-<1.00%,3.27501,1790775779999,1.6833833333333332,True,1790775738735,True,True,1790775798735,False,True,1790775858735,False
PAPER:BEAMXUSDT:1790775599999:SHORT,BEAMXUSDT:1790775599999:SHORT,BEAMXUSDT,SHORT,1790775684873,,Discovery,META_LOSS,False,False,RIGHT_THEN_FAILURE,1.039744,-1.78625,-1.202750678793663,-0.2405501357587326,False,1.00-<1.50%,5.19872,1790775779999,1.5854333333333333,True,1790775744671,True,True,1790775804671,False,True,1790775864671,False
PAPER:KASUSDT:1790775599999:SHORT,KASUSDT:1790775599999:SHORT,KASUSDT,SHORT,1790775692500,,Discovery,META_LOSS,False,False,RIGHT_THEN_FAILURE,1.855805,-1.201069,-0.7763389648293231,-0.1552677929658646,False,1.50-<2.00%,9.279024999999999,1790775779999,1.4583166666666667,True,1790775752232,True,True,1790775812232,False,True,1790775872232,False
PAPER:SNXUSDT:1790775599999:SHORT,SNXUSDT:1790775599999:SHORT,SNXUSDT,SHORT,1790775695569,,Discovery,META_LOSS,False,False,RIGHT_THEN_FAILURE,1.668594,-0.844668,-0.1640491820390022,-0.03280983640780044,False,1.50-<2.00%,8.34297,1790775779999,1.4071666666666667,True,1790775755371,True,True,1790775815371,False,True,1790775875371,False
PAPER:FARTCOINUSDT:1790775599999:SHORT,FARTCOINUSDT:1790775599999:SHORT,FARTCOINUSDT,SHORT,1790775700153,,Discovery,META_LOSS,False,False,RIGHT_THEN_FAILURE,0.597057,-1.646802,-2.7750575283312755,-0.555011505666255,False,0.50-<1.00%,2.9852849999999997,1790775779999,1.3307666666666667,True,1790775759956,True,True,1790775819956,False,True,1790775879956,False
PAPER:4USDT:1790775599999:SHORT,4USDT:1790775599999:SHORT,4USDT,SHORT,1790775708687,,Discovery,META_LOSS,False,False,RIGHT_THEN_FAILURE,0.757757,-0.52437,-2.1297347621651834,-0.4259469524330367,False,0.50-<1.00%,3.788785,1790775779999,1.1885333333333334,True,1790775768492,True,True,1790775828492,False,True,1790775888492,False
PAPER:OPUSDT:1790775599999:SHORT,OPUSDT:1790775599999:SHORT,OPUSDT,SHORT,1790775721192,,Discovery,META_LOSS,False,False,RIGHT_THEN_FAILURE,0.616921,-0.687259,-2.7337571619395034,-0.5467514323879007,False,0.50-<1.00%,3.0846050000000003,1790775779999,0.9801166666666666,True,1790775780073,False,True,1790775840073,False,True,1790775900073,False
PAPER:PYTHUSDT:1790775599999:SHORT,PYTHUSDT:1790775599999:SHORT,PYTHUSDT,SHORT,1790775721390,,Discovery,META_LOSS,False,False,RECOVERED_DRAWDOWN,2.287753,-0.845124,0.5015941558381272,0.10031883116762544,True,2.00-<3.00%,11.438765,1790775779999,0.9768166666666667,True,1790775780280,False,True,1790775840280,False,True,1790775900280,False
PAPER:CAPUSDT:1790776799999:SHORT,CAPUSDT:1790776799999:SHORT,CAPUSDT,SHORT,1790776834377,,Discovery,META_LOSS,False,False,RECOVERED_DRAWDOWN,0.707184,-1.426955,0.19701088747861129,0.03940217749572226,True,0.50-<1.00%,3.53592,1790776979999,2.427033333333333,True,1790776894122,True,True,1790776954122,True,True,1790777014122,False
PAPER:NILUSDT:1790776799999:SHORT,NILUSDT:1790776799999:SHORT,NILUSDT,SHORT,1790776867720,,Discovery,META_LOSS,False,False,RIGHT_THEN_FAILURE,3.09844,-2.427224,-1.0049515728546867,-0.20099031457093736,False,3.00-<5.00%,15.4922,1790777039999,2.8713166666666665,True,1790776927524,True,True,1790776987524,True,True,1790777047524,False
PAPER:AZTECUSDT:1790777399999:SHORT,AZTECUSDT:1790777399999:SHORT,AZTECUSDT,SHORT,1790777473878,,Discovery,META_WIN,True,False,RECOVERED_DRAWDOWN,2.205265,-1.015519,5.4974997634188,1.0994999526837599,True,2.00-<3.00%,11.026325,1790777999999,8.768683333333334,True,1790777533635,True,True,1790777593635,True,True,1790777653635,True
PAPER:JOEUSDT:1790777699999:SHORT,JOEUSDT:1790777699999:SHORT,JOEUSDT,SHORT,1790777715533,,Discovery,META_WIN,True,False,RECOVERED_DRAWDOWN,1.204518,-0.853721,2.244415889559776,0.4488831779119552,True,1.00-<1.50%,6.02259,1790778239999,8.7411,True,1790777775338,True,True,1790777835338,True,True,1790777895338,True
PAPER:SKRUSDT:1790777699999:SHORT,SKRUSDT:1790777699999:SHORT,SKRUSDT,SHORT,1790777721851,,Discovery,META_WIN,True,False,RECOVERED_DRAWDOWN,1.338858,-0.638673,2.2152078334980203,0.44304156669960404,True,1.00-<1.50%,6.6942900000000005,1790778179999,7.6358,True,1790777781660,True,True,1790777841660,True,True,1790777901660,True
PAPER:ERAUSDT:1790777999999:SHORT,ERAUSDT:1790777999999:SHORT,ERAUSDT,SHORT,1790778021147,,Discovery,META_WIN,True,False,RECOVERED_DRAWDOWN,1.397555,-1.22866,1.0288107878924804,0.20576215757849609,True,1.00-<1.50%,6.987775000000001,1790778179999,2.6475333333333335,True,1790778080942,True,True,1790778140942,True,True,1790778200942,False
PAPER:INJUSDT:1790777999999:SHORT,INJUSDT:1790777999999:SHORT,INJUSDT,SHORT,1790778031845,,Discovery,META_WIN,True,False,RECOVERED_DRAWDOWN,1.661796,-1.055993,3.7633239924821567,0.7526647984964313,True,1.50-<2.00%,8.30898,1790778479999,7.469233333333333,True,1790778091650,True,True,1790778151650,True,True,1790778211650,True
PAPER:ONDOUSDT:1790777999999:SHORT,ONDOUSDT:1790777999999:SHORT,ONDOUSDT,SHORT,1790778039126,,Discovery,META_WIN,True,False,RECOVERED_DRAWDOWN,1.581107,-0.96881,2.710142379266356,0.5420284758532712,True,1.50-<2.00%,7.905535,1790778179999,2.3478833333333333,True,1790778098915,True,True,1790778158915,True,True,1790778218915,False
PAPER:COWUSDT:1790777999999:SHORT,COWUSDT:1790777999999:SHORT,COWUSDT,SHORT,1790778039651,,Discovery,META_WIN,True,False,RECOVERED_DRAWDOWN,1.187967,-0.805185,1.6191874470908318,0.32383748941816637,True,1.00-<1.50%,5.939835,1790778179999,2.3391333333333333,True,1790778099429,True,True,1790778159429,True,True,1790778219429,False
PAPER:EDGEUSDT:1790777999999:SHORT,EDGEUSDT:1790777999999:SHORT,EDGEUSDT,SHORT,1790778040168,,Discovery,META_WIN,True,False,RECOVERED_DRAWDOWN,1.628151,-0.978234,2.454757125500683,0.49095142510013656,True,1.50-<2.00%,8.140754999999999,1790778179999,2.3305166666666666,True,1790778099957,True,True,1790778159957,True,True,1790778219957,False
PAPER:XLMUSDT:1790777999999:SHORT,XLMUSDT:1790777999999:SHORT,XLMUSDT,SHORT,1790778045955,,Discovery,META_WIN,True,False,RECOVERED_DRAWDOWN,1.645067,-0.705621,2.815376022547171,0.5630752045094343,True,1.50-<2.00%,8.225335000000001,1790778479999,7.234066666666667,True,1790778105760,True,True,1790778165760,True,True,1790778225760,True
PAPER:ORCAUSDT:1790777999999:SHORT,ORCAUSDT:1790777999999:SHORT,ORCAUSDT,SHORT,1790778051098,,Discovery,META_WIN,True,False,RECOVERED_DRAWDOWN,1.660481,-0.517926,2.9435186586165765,0.5887037317233152,True,1.50-<2.00%,8.302405,1790778179999,2.14835,True,1790778110902,True,True,1790778170902,True,True,1790778230902,False
PAPER:REUSDT:1790777999999:SHORT,REUSDT:1790777999999:SHORT,REUSDT,SHORT,1790778054828,,Discovery,META_WIN,True,False,RECOVERED_DRAWDOWN,1.102899,-0.530414,1.5021072799986035,0.3004214559997207,True,1.00-<1.50%,5.514495,1790778179999,2.0861833333333335,True,1790778114628,True,True,1790778174628,True,True,1790778234628,False
PAPER:AEROUSDT:1790777999999:SHORT,AEROUSDT:1790777999999:SHORT,AEROUSDT,SHORT,1790778059435,,Discovery,META_WIN,True,False,RECOVERED_DRAWDOWN,1.097469,-0.64628,1.293025976281849,0.2586051952563698,True,1.00-<1.50%,5.487345,1790778239999,3.0094,True,1790778119242,True,True,1790778179242,True,True,1790778239242,True
PAPER:我踏马来了USDT:1790777999999:SHORT,我踏马来了USDT:1790777999999:SHORT,我踏马来了USDT,SHORT,1790778061955,,Discovery,META_WIN,True,False,RECOVERED_DRAWDOWN,2.096646,-0.871625,3.705072331114967,0.7410144662229934,True,2.00-<3.00%,10.483229999999999,1790778479999,6.9674,True,1790778121746,True,True,1790778181746,True,True,1790778241746,True
PAPER:CHIPUSDT:1790777999999:SHORT,CHIPUSDT:1790777999999:SHORT,CHIPUSDT,SHORT,1790778073245,,Discovery,META_WIN,True,False,CORRECT_RUNNER,1.233545,-0.833711,1.8564650512556224,0.3712930102511245,True,1.00-<1.50%,6.167724999999999,1790778299999,3.7792333333333334,True,1790778132667,True,True,1790778192667,True,True,1790778252667,True
PAPER:MUBARAKUSDT:1790777999999:SHORT,MUBARAKUSDT:1790777999999:SHORT,MUBARAKUSDT,SHORT,1790778126378,,Discovery,META_WIN,False,True,RECOVERED_DRAWDOWN,0.9264,-0.60113,0.005423289588205343,0.0010846579176410688,True,0.50-<1.00%,4.632,1790778479999,5.893683333333334,True,1790778185727,True,True,1790778245727,True,True,1790778305727,True
PAPER:FLUIDUSDT:1790777999999:SHORT,FLUIDUSDT:1790777999999:SHORT,FLUIDUSDT,SHORT,1790778126572,,Discovery,META_WIN,True,False,RECOVERED_DRAWDOWN,1.125006,-0.424125,2.0835989925258036,0.4167197985051607,True,1.00-<1.50%,5.62503,1790778479999,5.89045,True,1790778185968,True,True,1790778245968,True,True,1790778305968,True
PAPER:TRIAUSDT:1790778299999:SHORT,TRIAUSDT:1790778299999:SHORT,TRIAUSDT,SHORT,1790778323375,,Discovery,META_LOSS,False,False,RIGHT_THEN_FAILURE,1.554559,-1.242053,-1.538271793221371,-0.30765435864427415,False,1.50-<2.00%,7.772795,1790778719999,6.6104,True,1790778383174,True,True,1790778443174,True,True,1790778503174,True
PAPER:JTOUSDT:1790778299999:SHORT,JTOUSDT:1790778299999:SHORT,JTOUSDT,SHORT,1790778328837,,Discovery,META_WIN,False,True,RIGHT_THEN_FAILURE,0.727502,-1.004525,-0.8589441047159315,-0.1717888209431863,False,0.50-<1.00%,3.63751,1790778479999,2.5193666666666665,True,1790778388642,True,True,1790778448642,True,True,1790778508642,False
PAPER:DASHUSDT:1790778299999:SHORT,DASHUSDT:1790778299999:SHORT,DASHUSDT,SHORT,1790778331381,,Discovery,META_WIN,False,True,RIGHT_THEN_FAILURE,0.928053,-0.919023,-0.7047699415679233,-0.14095398831358466,False,0.50-<1.00%,4.640265,1790778479999,2.4769666666666668,True,1790778391178,True,True,1790778451178,True,True,1790778511178,False
PAPER:ADAUSDT:1790778299999:SHORT,ADAUSDT:1790778299999:SHORT,ADAUSDT,SHORT,1790778334786,,Discovery,META_WIN,False,True,RIGHT_THEN_FAILURE,0.668951,-1.073699,-1.1530162900489394,-0.23060325800978787,False,0.50-<1.00%,3.3447549999999997,1790778779999,7.420216666666667,True,1790778394588,True,True,1790778454588,True,True,1790778514588,True
PAPER:XPLUSDT:1790778299999:SHORT,XPLUSDT:1790778299999:SHORT,XPLUSDT,SHORT,1790778339503,,Discovery,META_WIN,True,False,CORRECT_RUNNER,3.444434,-1.073945,6.282951727278196,1.256590345455639,True,3.00-<5.00%,17.222170000000002,1790778479999,2.3416,True,1790778399305,True,True,1790778459305,True,True,1790778519305,False
PAPER:龙虾USDT:1790778299999:SHORT,龙虾USDT:1790778299999:SHORT,龙虾USDT,SHORT,1790778341390,,Discovery,META_LOSS,False,False,RIGHT_THEN_FAILURE,1.065949,-1.424253,-1.0438956145776976,-0.20877912291553952,False,1.00-<1.50%,5.329745,1790778359999,0.31015,True,1790778401192,False,True,1790778461192,False,True,1790778521192,False
PAPER:ZECUSDT:1790778299999:SHORT,ZECUSDT:1790778299999:SHORT,ZECUSDT,SHORT,1790778350349,,Discovery,META_WIN,False,True,RIGHT_THEN_FAILURE,0.850067,-0.959403,-0.12439884629035719,-0.02487976925807144,False,0.50-<1.00%,4.250335,1790778479999,2.160833333333333,True,1790778410143,True,True,1790778470143,True,True,1790778530143,False
PAPER:UBUSDT:1790778299999:SHORT,UBUSDT:1790778299999:SHORT,UBUSDT,SHORT,1790778351764,,Discovery,META_WIN,True,False,RECOVERED_DRAWDOWN,1.400715,-0.699478,1.4886241040838222,0.2977248208167645,True,1.00-<1.50%,7.003575,1790778659999,5.13725,True,1790778411569,True,True,1790778471569,True,True,1790778531569,True
PAPER:ZROUSDT:1790778299999:SHORT,ZROUSDT:1790778299999:SHORT,ZROUSDT,SHORT,1790778352324,,Discovery,META_WIN,False,True,RIGHT_THEN_FAILURE,0.571525,-1.398323,-0.2603758119561407,-0.052075162391228134,False,0.50-<1.00%,2.8576249999999996,1790778539999,3.1279166666666667,True,1790778412130,True,True,1790778472130,True,True,1790778532130,True
PAPER:ZKUSDT:1790778299999:SHORT,ZKUSDT:1790778299999:SHORT,ZKUSDT,SHORT,1790778360682,,Discovery,META_LOSS,False,False,RIGHT_THEN_FAILURE,0.812672,-1.02581,-0.24875760884121653,-0.04975152176824331,False,0.50-<1.00%,4.063359999999999,1790780099999,28.988616666666665,True,1790778420490,True,True,1790778480490,True,True,1790778540490,True
PAPER:EIGENUSDT:1790778299999:SHORT,EIGENUSDT:1790778299999:SHORT,EIGENUSDT,SHORT,1790778362519,,Discovery,META_WIN,False,True,CORRECT_RUNNER,0.912489,-0.99304,0.8759861721027309,0.1751972344205462,True,0.50-<1.00%,4.562445,1790778779999,6.958,True,1790778422298,True,True,1790778482298,True,True,1790778542298,True
PAPER:APTUSDT:1790778299999:SHORT,APTUSDT:1790778299999:SHORT,APTUSDT,SHORT,1790778368527,,Discovery,META_WIN,True,False,RECOVERED_DRAWDOWN,1.394063,-1.004801,1.5141412434216384,0.30282824868432767,True,1.00-<1.50%,6.970315,1790778479999,1.8578666666666668,True,1790778428326,True,True,1790778488326,False,True,1790778548326,False
PAPER:OPUSDT:1790778299999:SHORT,OPUSDT:1790778299999:SHORT,OPUSDT,SHORT,1790778424757,,Discovery,META_WIN,False,True,RIGHT_THEN_FAILURE,0.698794,-0.991146,-0.3187305092899299,-0.06374610185798599,False,0.50-<1.00%,3.49397,1790778899999,7.9207,True,1790778484253,True,True,1790778544253,True,True,1790778604253,True
PAPER:FLOCKUSDT:1790778599999:SHORT,FLOCKUSDT:1790778599999:SHORT,FLOCKUSDT,SHORT,1790778623508,,Discovery,META_WIN,True,False,CORRECT_RUNNER,7.371807,-2.074061,23.036578638024345,4.607315727604869,True,>=5.00%,36.859035000000006,1790778779999,2.6081833333333333,True,1790778683312,True,True,1790778743312,True,True,1790778803312,False
PAPER:GRTUSDT:1790778599999:SHORT,GRTUSDT:1790778599999:SHORT,GRTUSDT,SHORT,1790778627836,,Discovery,META_WIN,False,True,RECOVERED_DRAWDOWN,0.948713,-0.677348,0.6947301644694448,0.13894603289388896,True,0.50-<1.00%,4.743565,1790778959999,5.53605,True,1790778687639,True,True,1790778747639,True,True,1790778807639,True
PAPER:PHAUSDT:1790778599999:SHORT,PHAUSDT:1790778599999:SHORT,PHAUSDT,SHORT,1790778630443,,Discovery,META_LOSS,False,False,RIGHT_THEN_FAILURE,0.624112,-0.77614,-3.1927220387378568,-0.6385444077475713,False,0.50-<1.00%,3.1205600000000002,1790778719999,1.4926,True,1790778690237,True,True,1790778750237,False,True,1790778810237,False
PAPER:MAVIAUSDT:1790778599999:SHORT,MAVIAUSDT:1790778599999:SHORT,MAVIAUSDT,SHORT,1790778630988,,Discovery,META_LOSS,False,False,RIGHT_THEN_FAILURE,0.906679,-0.637793,-0.022626375182362823,-0.004525275036472564,False,0.50-<1.00%,4.5333950000000005,1790780219999,26.483516666666667,True,1790778690788,True,True,1790778750788,True,True,1790778810788,True
PAPER:SYRUPUSDT:1790778599999:SHORT,SYRUPUSDT:1790778599999:SHORT,SYRUPUSDT,SHORT,1790778637585,,Discovery,META_WIN,False,True,RIGHT_THEN_FAILURE,0.513725,-0.592787,-0.13580523859646199,-0.027161047719292397,False,0.50-<1.00%,2.568625,1790779259999,10.373566666666667,True,1790778697391,True,True,1790778757391,True,True,1790778817391,True
PAPER:WUSDT:1790778599999:SHORT,WUSDT:1790778599999:SHORT,WUSDT,SHORT,1790778640998,,Discovery,META_LOSS,False,False,RIGHT_THEN_FAILURE,0.900935,-0.623898,-0.7612937398800368,-0.15225874797600736,False,0.50-<1.00%,4.504675000000001,1790779739999,18.316683333333334,True,1790778700800,True,True,1790778760800,True,True,1790778820800,True
PAPER:AVAXUSDT:1790778599999:SHORT,AVAXUSDT:1790778599999:SHORT,AVAXUSDT,SHORT,1790778642394,,Discovery,META_WIN,False,True,RIGHT_THEN_FAILURE,0.547459,-0.431873,-0.7211567336343259,-0.1442313467268652,False,0.50-<1.00%,2.737295,1790778959999,5.293416666666666,True,1790778702195,True,True,1790778762195,True,True,1790778822195,True
PAPER:BNTUSDT:1790778599999:SHORT,BNTUSDT:1790778599999:SHORT,BNTUSDT,SHORT,1790778648211,,Discovery,META_LOSS,False,False,RIGHT_THEN_FAILURE,0.733552,-2.628465,-1.8205033211799706,-0.36410066423599413,False,0.50-<1.00%,3.66776,1790779739999,18.196466666666666,True,1790778707993,True,True,1790778767993,True,True,1790778827993,True
PAPER:LINEAUSDT:1790778599999:SHORT,LINEAUSDT:1790778599999:SHORT,LINEAUSDT,SHORT,1790778655280,,Discovery,META_LOSS,False,False,RIGHT_THEN_FAILURE,0.528426,-0.94548,-0.6070953224229382,-0.12141906448458764,False,0.50-<1.00%,2.64213,1790779619999,16.07865,True,1790778715064,True,True,1790778775064,True,True,1790778835064,True
PAPER:ETCUSDT:1790778599999:SHORT,ETCUSDT:1790778599999:SHORT,ETCUSDT,SHORT,1790778656319,,Discovery,META_WIN,False,True,RIGHT_THEN_FAILURE,0.567827,-0.341647,-0.5061224487079337,-0.10122448974158674,False,0.50-<1.00%,2.8391349999999997,1790778959999,5.061333333333334,True,1790778716122,True,True,1790778776122,True,True,1790778836122,True
PAPER:MORPHOUSDT:1790778899999:SHORT,MORPHOUSDT:1790778899999:SHORT,MORPHOUSDT,SHORT,1790778918054,,Discovery,META_LOSS,False,False,RIGHT_THEN_FAILURE,0.737844,-1.523734,-0.960171199078639,-0.19203423981572781,False,0.50-<1.00%,3.68922,1790780459999,25.699083333333334,True,1790778977798,True,True,1790779037798,True,True,1790779097798,True
PAPER:1000BONKUSDT:1790778899999:SHORT,1000BONKUSDT:1790778899999:SHORT,1000BONKUSDT,SHORT,1790778921914,,Discovery,META_LOSS,False,False,TRUE_WRONG_DIRECTION,0.190564,-1.41502,-3.321335675029715,-0.664267135005943,False,<0.30%,0.95282,1790779019999,1.63475,True,1790778981716,True,True,1790779041716,False,True,1790779101716,False
PAPER:ETHWUSDT:1790778899999:SHORT,ETHWUSDT:1790778899999:SHORT,ETHWUSDT,SHORT,1790778924986,,Discovery,META_LOSS,False,False,TRUE_WRONG_DIRECTION,0.326446,-0.851483,-2.597389312465775,-0.5194778624931551,False,0.30-<0.50%,1.63223,1790779079999,2.58355,True,1790778984789,True,True,1790779044789,True,True,1790779104789,False
PAPER:CHIPUSDT:1790778899999:SHORT,CHIPUSDT:1790778899999:SHORT,CHIPUSDT,SHORT,1790778929126,,Discovery,META_LOSS,False,False,TRUE_WRONG_DIRECTION,0.27173,-1.388911,-4.544178389189122,-0.9088356778378245,False,<0.30%,1.3586500000000001,1790779079999,2.51455,True,1790778988918,True,True,1790779048918,True,True,1790779108918,False
PAPER:BROCCOLIF3BUSDT:1790778899999:SHORT,BROCCOLIF3BUSDT:1790778899999:SHORT,BROCCOLIF3BUSDT,SHORT,1790778942332,,Discovery,META_LOSS,False,False,RIGHT_THEN_FAILURE,0.613717,-0.775075,-0.5453031223661928,-0.10906062447323857,False,0.50-<1.00%,3.0685849999999997,1790779679999,12.29445,True,1790779002131,True,True,1790779062131,True,True,1790779122131,True
PAPER:DOLOUSDT:1790778899999:SHORT,DOLOUSDT:1790778899999:SHORT,DOLOUSDT,SHORT,1790778942847,,Discovery,META_LOSS,False,False,TRUE_WRONG_DIRECTION,0.175986,-0.901957,-2.6667280835330964,-0.5333456167066193,False,<0.30%,0.87993,1790779979999,17.285866666666667,True,1790779002650,True,True,1790779062650,True,True,1790779122650,True
PAPER:ATHUSDT:1790778899999:SHORT,ATHUSDT:1790778899999:SHORT,ATHUSDT,SHORT,1790778947540,,Discovery,META_LOSS,False,False,RIGHT_THEN_FAILURE,0.511664,-1.000266,-2.9458386361656825,-0.5891677272331365,False,0.50-<1.00%,2.55832,1790779139999,3.20765,True,1790779007305,True,True,1790779067305,True,True,1790779127305,True
PAPER:XMRUSDT:1790778899999:SHORT,XMRUSDT:1790778899999:SHORT,XMRUSDT,SHORT,1790778950226,,Discovery,META_LOSS,False,False,TRUE_WRONG_DIRECTION,0.314816,-0.650581,-2.812067964912364,-0.5624135929824727,False,0.30-<0.50%,1.57408,1790779919999,16.162883333333333,True,1790779010031,True,True,1790779070031,True,True,1790779130031,True
PAPER:COOKIEUSDT:1790778899999:SHORT,COOKIEUSDT:1790778899999:SHORT,COOKIEUSDT,SHORT,1790778954287,,Discovery,META_LOSS,False,False,TRUE_WRONG_DIRECTION,0.061426,-0.69587,-2.7025903613515494,-0.5405180722703099,False,<0.30%,0.30713,1790779079999,2.0952,True,1790779014067,True,True,1790779074067,True,True,1790779134067,False
PAPER:OGNUSDT:1790778899999:SHORT,OGNUSDT:1790778899999:SHORT,OGNUSDT,SHORT,1790778955317,,Discovery,META_LOSS,False,False,TRUE_WRONG_DIRECTION,0.128247,-0.563591,-2.928748101398882,-0.5857496202797764,False,<0.30%,0.641235,1790779139999,3.0780333333333334,True,1790779015120,True,True,1790779075120,True,True,1790779135120,True
PAPER:VIRTUALUSDT:1790778899999:SHORT,VIRTUALUSDT:1790778899999:SHORT,VIRTUALUSDT,SHORT,1790778966002,,Discovery,META_LOSS,False,False,TRUE_WRONG_DIRECTION,0.107735,-0.952502,-3.1557895343435742,-0.6311579068687148,False,<0.30%,0.538675,1790779079999,1.89995,True,1790779025333,True,True,1790779085333,False,True,1790779145333,False
PAPER:0GUSDT:1790778899999:SHORT,0GUSDT:1790778899999:SHORT,0GUSDT,SHORT,1790778966194,,Discovery,META_WIN,False,True,RIGHT_THEN_FAILURE,0.963383,-0.939947,-0.1563822517119163,-0.03127645034238326,False,0.50-<1.00%,4.816915,1790779619999,10.89675,True,1790779025572,True,True,1790779085572,True,True,1790779145572,True
PAPER:QUSDT:1790778899999:SHORT,QUSDT:1790778899999:SHORT,QUSDT,SHORT,1790778966390,,Discovery,META_LOSS,False,False,RIGHT_THEN_FAILURE,1.538164,-2.447324,-2.6405610084195676,-0.5281122016839136,False,1.50-<2.00%,7.69082,1790779019999,0.8934833333333333,True,1790779025769,False,True,1790779085769,False,True,1790779145769,False
PAPER:MARSCOINUSDT:1790779199999:SHORT,MARSCOINUSDT:1790779199999:SHORT,MARSCOINUSDT,SHORT,1790779215786,,Discovery,META_WIN,True,False,RIGHT_THEN_FAILURE,1.506906,-2.206598,-0.8389016453802545,-0.1677803290760509,False,1.50-<2.00%,7.53453,1790779499999,4.736883333333333,True,1790779275597,True,True,1790779335597,True,True,1790779395597,True
PAPER:MONUSDT:1790779199999:SHORT,MONUSDT:1790779199999:SHORT,MONUSDT,SHORT,1790779274955,,Discovery,META_LOSS,False,False,TRUE_WRONG_DIRECTION,0.200385,-1.048487,-3.340009160480619,-0.6680018320961237,False,<0.30%,1.001925,1790779319999,0.7507333333333334,True,1790779334644,False,True,1790779394644,False,True,1790779454644,False
PAPER:SYRUPUSDT:1790779499999:SHORT,SYRUPUSDT:1790779499999:SHORT,SYRUPUSDT,SHORT,1790779522854,,Discovery,META_LOSS,False,False,TRUE_WRONG_DIRECTION,0.339449,-0.822198,-2.4420212569488555,-0.4884042513897711,False,0.30-<0.50%,1.6972450000000001,1790780279999,12.619083333333334,True,1790779582661,True,True,1790779642661,True,True,1790779702661,True
PAPER:龙虾USDT:1790779799999:SHORT,龙虾USDT:1790779799999:SHORT,龙虾USDT,SHORT,1790779824203,,Discovery,META_WIN,True,False,RECOVERED_DRAWDOWN,1.034424,-2.241834,0.9345057076174321,0.1869011415234864,True,1.00-<1.50%,5.17212,1790780099999,4.5966,True,1790779883986,True,True,1790779943986,True,True,1790780003986,True
PAPER:MEGAUSDT:1790779799999:SHORT,MEGAUSDT:1790779799999:SHORT,MEGAUSDT,SHORT,1790779825525,,Discovery,META_WIN,True,False,RECOVERED_DRAWDOWN,1.197183,-0.956302,0.3384425597967883,0.06768851195935766,True,1.00-<1.50%,5.985915,1790781539999,28.574566666666666,True,1790779885325,True,True,1790779945325,True,True,1790780005325,True
PAPER:FOLKSUSDT:1790780399999:SHORT,FOLKSUSDT:1790780399999:SHORT,FOLKSUSDT,SHORT,1790780415316,,Discovery,META_LOSS,False,False,RIGHT_THEN_FAILURE,0.579397,-1.058965,-0.25022473032359194,-0.05004494606471839,False,0.50-<1.00%,2.8969850000000004,1790781359999,15.744716666666667,True,1790780475103,True,True,1790780535103,True,True,1790780595103,True
PAPER:SAGAUSDT:1790780699999:SHORT,SAGAUSDT:1790780699999:SHORT,SAGAUSDT,SHORT,1790780723148,,Discovery,META_WIN,False,True,RIGHT_THEN_FAILURE,0.5778,-1.103523,-0.7631989322780437,-0.15263978645560874,False,0.50-<1.00%,2.889,1790781479999,12.614183333333333,True,1790780782953,True,True,1790780842953,True,True,1790780902953,True
PAPER:BLURUSDT:1790780999999:SHORT,BLURUSDT:1790780999999:SHORT,BLURUSDT,SHORT,1790781031174,,Discovery,META_LOSS,False,False,RIGHT_THEN_FAILURE,1.281372,-2.018545,-0.252362170854191,-0.0504724341708382,False,1.00-<1.50%,6.40686,1790781119999,1.4804166666666667,True,1790781090839,True,True,1790781150839,False,True,1790781210839,False
PAPER:FLOWUSDT:1790780999999:SHORT,FLOWUSDT:1790780999999:SHORT,FLOWUSDT,SHORT,1790781032885,,Discovery,META_WIN,False,True,RIGHT_THEN_FAILURE,0.82949,-0.649259,-0.08414299641927928,-0.016828599283855855,False,0.50-<1.00%,4.14745,1790781539999,8.4519,True,1790781092660,True,True,1790781152660,True,True,1790781212660,True
PAPER:ALCHUSDT:1790781299999:SHORT,ALCHUSDT:1790781299999:SHORT,ALCHUSDT,SHORT,1790781317058,,Discovery,META_WIN,False,True,RECOVERED_DRAWDOWN,0.923399,-1.213698,0.6397022883884513,0.12794045767769027,True,0.50-<1.00%,4.616995,1790781899999,9.715683333333333,True,1790781376862,True,True,1790781436862,True,True,1790781496862,True
PAPER:CFGUSDT:1790781299999:SHORT,CFGUSDT:1790781299999:SHORT,CFGUSDT,SHORT,1790781327411,,Discovery,META_WIN,False,True,RIGHT_THEN_FAILURE,0.784446,-0.824454,-0.950190038007623,-0.19003800760152462,False,0.50-<1.00%,3.92223,1790781959999,10.543133333333333,True,1790781387217,True,True,1790781447217,True,True,1790781507217,True
PAPER:YBUSDT:1790781599999:SHORT,YBUSDT:1790781599999:SHORT,YBUSDT,SHORT,1790781618157,,Discovery,META_LOSS,False,False,RIGHT_THEN_FAILURE,0.612683,-1.096681,-0.7557595458165842,-0.15115190916331683,False,0.50-<1.00%,3.063415,1790782319999,11.697366666666667,True,1790781677925,True,True,1790781737925,True,True,1790781797925,True
PAPER:AAVEUSDT:1790781599999:SHORT,AAVEUSDT:1790781599999:SHORT,AAVEUSDT,SHORT,1790781622569,,Discovery,META_LOSS,False,False,TRUE_WRONG_DIRECTION,0.207933,-0.938083,-4.356649044723113,-0.8713298089446226,False,<0.30%,1.039665,1790781719999,1.6238333333333332,True,1790781682372,True,True,1790781742372,False,True,1790781802372,False
PAPER:EIGENUSDT:1790781599999:SHORT,EIGENUSDT:1790781599999:SHORT,EIGENUSDT,SHORT,1790781623454,,Discovery,META_LOSS,False,False,TRUE_WRONG_DIRECTION,0.309551,-1.091058,-2.393363979632817,-0.4786727959265634,False,0.30-<0.50%,1.547755,1790781779999,2.6090833333333334,True,1790781683257,True,True,1790781743257,True,True,1790781803257,False
PAPER:GTCUSDT:1790781599999:SHORT,GTCUSDT:1790781599999:SHORT,GTCUSDT,SHORT,1790781626233,,Discovery,META_WIN,False,True,RIGHT_THEN_FAILURE,0.935039,-0.736286,-0.5345593664658592,-0.10691187329317185,False,0.50-<1.00%,4.6751949999999995,1790782019999,6.562766666666667,True,1790781686011,True,True,1790781746011,True,True,1790781806011,True
PAPER:CCUSDT:1790781599999:SHORT,CCUSDT:1790781599999:SHORT,CCUSDT,SHORT,1790781626740,,Discovery,META_WIN,True,False,RECOVERED_DRAWDOWN,1.405421,-1.261245,1.835236359721943,0.36704727194438863,True,1.00-<1.50%,7.027105000000001,1790782079999,7.554316666666667,True,1790781686545,True,True,1790781746545,True,True,1790781806545,True
PAPER:WLDUSDT:1790781599999:SHORT,WLDUSDT:1790781599999:SHORT,WLDUSDT,SHORT,1790781632242,,Discovery,META_LOSS,False,False,RIGHT_THEN_FAILURE,0.881924,-0.978302,-1.9846305960422272,-0.39692611920844545,False,0.50-<1.00%,4.40962,1790781839999,3.4626166666666665,True,1790781692009,True,True,1790781752009,True,True,1790781812009,True
PAPER:ZAMAUSDT:1790781599999:SHORT,ZAMAUSDT:1790781599999:SHORT,ZAMAUSDT,SHORT,1790781635983,,Discovery,META_LOSS,False,False,TRUE_WRONG_DIRECTION,0.278873,-1.657333,-2.445997413722068,-0.48919948274441355,False,<0.30%,1.3943649999999999,1790781839999,3.4002666666666665,True,1790781695791,True,True,1790781755791,True,True,1790781815791,True
PAPER:UBUSDT:1790781599999:SHORT,UBUSDT:1790781599999:SHORT,UBUSDT,SHORT,1790781636529,,Discovery,META_LOSS,False,False,RIGHT_THEN_FAILURE,0.832203,-0.892997,-2.0598053110206664,-0.41196106220413325,False,0.50-<1.00%,4.161015,1790783279999,27.391166666666667,True,1790781696329,True,True,1790781756329,True,True,1790781816329,True
PAPER:OPUSDT:1790781599999:SHORT,OPUSDT:1790781599999:SHORT,OPUSDT,SHORT,1790781637578,,Discovery,META_LOSS,False,False,TRUE_WRONG_DIRECTION,0.189016,-0.739962,-3.1973542038128064,-0.6394708407625612,False,<0.30%,0.9450799999999999,1790782259999,10.373683333333334,True,1790781697382,True,True,1790781757382,True,True,1790781817382,True
PAPER:STARUSDT:1790781599999:SHORT,STARUSDT:1790781599999:SHORT,STARUSDT,SHORT,1790781647907,,Discovery,META_LOSS,False,False,TRUE_WRONG_DIRECTION,0.225745,-0.620725,-2.658404582226816,-0.5316809164453632,False,<0.30%,1.128725,1790781779999,2.2015333333333333,True,1790781707595,True,True,1790781767595,True,True,1790781827595,False
PAPER:RONINUSDT:1790781599999:SHORT,RONINUSDT:1790781599999:SHORT,RONINUSDT,SHORT,1790781651758,,Discovery,META_LOSS,False,False,STALL_NO_EDGE,0.402417,-0.849202,-4.082210623260258,-0.8164421246520517,False,0.30-<0.50%,2.012085,1790782259999,10.13735,True,1790781711566,True,True,1790781771566,True,True,1790781831566,True
PAPER:SYRUPUSDT:1790781599999:SHORT,SYRUPUSDT:1790781599999:SHORT,SYRUPUSDT,SHORT,1790781660784,,Discovery,META_LOSS,False,False,STALL_NO_EDGE,0.426771,-1.351481,-2.6769984420128714,-0.5353996884025742,False,0.30-<0.50%,2.133855,1790782259999,9.986916666666668,True,1790781720401,True,True,1790781780401,True,True,1790781840401,True
PAPER:JTOUSDT:1790781899999:SHORT,JTOUSDT:1790781899999:SHORT,JTOUSDT,SHORT,1790781914332,,Discovery,META_LOSS,False,False,RIGHT_THEN_FAILURE,0.643259,-1.725536,-1.8986083594133607,-0.37972167188267214,False,0.50-<1.00%,3.216295,1790782199999,4.761116666666667,True,1790781974079,True,True,1790782034079,True,True,1790782094079,True
PAPER:BRUSDT:1790781899999:SHORT,BRUSDT:1790781899999:SHORT,BRUSDT,SHORT,1790781916958,,Discovery,META_LOSS,False,False,RIGHT_THEN_FAILURE,0.596805,-2.613372,-2.3375935580685736,-0.4675187116137147,False,0.50-<1.00%,2.984025,1790782319999,6.71735,True,1790781976762,True,True,1790782036762,True,True,1790782096762,True
PAPER:ONEUSDT:1790781899999:SHORT,ONEUSDT:1790781899999:SHORT,ONEUSDT,SHORT,1790781925204,,Discovery,META_LOSS,False,False,RIGHT_THEN_FAILURE,0.763667,-0.817265,-1.9250420838244384,-0.3850084167648877,False,0.50-<1.00%,3.818335,1790782259999,5.579916666666667,True,1790781984948,True,True,1790782044948,True,True,1790782104948,True
PAPER:ZECUSDT:1790781899999:SHORT,ZECUSDT:1790781899999:SHORT,ZECUSDT,SHORT,1790781960895,,Discovery,META_LOSS,False,False,TRUE_WRONG_DIRECTION,0.14872,-0.867169,-3.534900365271562,-0.7069800730543123,False,<0.30%,0.7435999999999999,1790782199999,3.9850666666666665,True,1790782020292,True,True,1790782080292,True,True,1790782140292,True
PAPER:METISUSDT:1790781899999:SHORT,METISUSDT:1790781899999:SHORT,METISUSDT,SHORT,1790781961090,,Discovery,META_LOSS,False,False,STALL_NO_EDGE,0.463184,-1.831961,-6.995784120592193,-1.3991568241184387,False,0.30-<0.50%,2.3159199999999998,1790782199999,3.9818166666666666,True,1790782020510,True,True,1790782080510,True,True,1790782140510,True
PAPER:NOMUSDT:1790781899999:SHORT,NOMUSDT:1790781899999:SHORT,NOMUSDT,SHORT,1790781977197,,Discovery,META_LOSS,False,False,RIGHT_THEN_FAILURE,0.927077,-1.37886,-3.423183978088289,-0.6846367956176578,False,0.50-<1.00%,4.635385,1790782079999,1.7133666666666667,True,1790782037003,True,True,1790782097003,False,True,1790782157003,False
PAPER:LSKUSDT:1790781899999:SHORT,LSKUSDT:1790781899999:SHORT,LSKUSDT,SHORT,1790782008852,,Discovery,META_LOSS,False,False,STALL_NO_EDGE,0.497938,-1.73863,-5.915712787972717,-1.1831425575945433,False,0.30-<0.50%,2.48969,1790782259999,4.185783333333333,True,1790782068643,True,True,1790782128643,True,True,1790782188643,True
PAPER:ZESTUSDT:1790782499999:SHORT,ZESTUSDT:1790782499999:SHORT,ZESTUSDT,SHORT,1790782537832,,Discovery,META_LOSS,False,False,TRUE_WRONG_DIRECTION,0.209411,-0.805114,-3.0679198291873093,-0.6135839658374619,False,<0.30%,1.047055,1790782799999,4.36945,True,1790782597639,True,True,1790782657639,True,True,1790782717639,True
PAPER:BIRBUSDT:1790783399999:SHORT,BIRBUSDT:1790783399999:SHORT,BIRBUSDT,SHORT,1790783439086,,Discovery,META_LOSS,False,False,TRUE_WRONG_DIRECTION,0.342606,-0.745225,-2.991810903721538,-0.5983621807443076,False,0.30-<0.50%,1.71303,1790784239999,13.34855,True,1790783498893,True,True,1790783558893,True,True,1790783618893,True
PAPER:EULUSDT:1790783999999:SHORT,EULUSDT:1790783999999:SHORT,EULUSDT,SHORT,1790784062178,,Discovery,META_LOSS,False,False,RIGHT_THEN_FAILURE,1.096802,-1.067443,-1.852815389348706,-0.37056307786974124,False,1.00-<1.50%,5.4840100000000005,1790785019999,15.963683333333334,True,1790784121706,True,True,1790784181706,True,True,1790784241706,True
PAPER:龙虾USDT:1790784599999:SHORT,龙虾USDT:1790784599999:SHORT,龙虾USDT,SHORT,1790784623806,,Discovery,META_WIN,True,False,CORRECT_RUNNER,1.338001,-1.968446,2.2510483870681988,0.4502096774136397,True,1.00-<1.50%,6.690005,1790784659999,0.6032166666666666,True,1790784683612,False,True,1790784743612,False,True,1790784803612,False
PAPER:APRUSDT:1790784599999:SHORT,APRUSDT:1790784599999:SHORT,APRUSDT,SHORT,1790784626071,,Discovery,META_LOSS,False,False,CORRECT_RUNNER,3.776376,-3.37834,0.8767267139558637,0.17534534279117273,True,3.00-<5.00%,18.88188,1790784719999,1.5654666666666666,True,1790784685876,True,True,1790784745876,False,True,1790784805876,False
PAPER:PLAYUSDT:1790785799999:SHORT,PLAYUSDT:1790785799999:SHORT,PLAYUSDT,SHORT,1790785823132,,Discovery,META_LOSS,False,False,TRUE_WRONG_DIRECTION,0.289847,-0.825617,-2.8110643504164465,-0.5622128700832894,False,<0.30%,1.449235,1790786339999,8.61445,True,1790785882939,True,True,1790785942939,True,True,1790786002939,True
PAPER:SUSHIUSDT:1790786099999:SHORT,SUSHIUSDT:1790786099999:SHORT,SUSHIUSDT,SHORT,1790786122563,,Discovery,META_LOSS,False,False,TRUE_WRONG_DIRECTION,0.336955,-2.911375,-3.093981001767766,-0.6187962003535531,False,0.30-<0.50%,1.6847750000000001,1790786159999,0.6239333333333333,True,1790786182369,False,True,1790786242369,False,True,1790786302369,False
PAPER:RIVERUSDT:1790786999999:SHORT,RIVERUSDT:1790786999999:SHORT,RIVERUSDT,SHORT,1790787017387,,Discovery,META_WIN,True,False,RIGHT_THEN_FAILURE,1.276852,-2.046341,-2.9784525584209294,-0.5956905116841859,False,1.00-<1.50%,6.38426,1790787359999,5.7102,True,1790787077190,True,True,1790787137190,True,True,1790787197190,True
PAPER:ZESTUSDT:1790787599999:SHORT,ZESTUSDT:1790787599999:SHORT,ZESTUSDT,SHORT,1790787619297,,Discovery,META_LOSS,False,False,RIGHT_THEN_FAILURE,2.116673,-1.144571,-1.001355284600086,-0.2002710569200172,False,2.00-<3.00%,10.583365,1790788019999,6.678366666666666,True,1790787679093,True,True,1790787739093,True,True,1790787799093,True
PAPER:LITUSDT:1790787599999:SHORT,LITUSDT:1790787599999:SHORT,LITUSDT,SHORT,1790787623307,,Discovery,META_LOSS,False,False,TRUE_WRONG_DIRECTION,0.280657,-1.570915,-2.467464536870343,-0.4934929073740686,False,<0.30%,1.403285,1790788139999,8.611533333333334,True,1790787683111,True,True,1790787743111,True,True,1790787803111,True
PAPER:INITUSDT:1790787899999:SHORT,INITUSDT:1790787899999:SHORT,INITUSDT,SHORT,1790787918516,,Discovery,META_LOSS,False,False,RIGHT_THEN_FAILURE,0.888026,-1.133073,-1.1456508697287355,-0.2291301739457471,False,0.50-<1.00%,4.44013,1790788079999,2.6913833333333335,True,1790787978317,True,True,1790788038317,True,True,1790788098317,False
PAPER:2ZUSDT:1790787899999:SHORT,2ZUSDT:1790787899999:SHORT,2ZUSDT,SHORT,1790787919060,,Discovery,META_LOSS,False,False,RIGHT_THEN_FAILURE,0.680327,-0.911334,-0.9501900380076727,-0.19003800760153453,False,0.50-<1.00%,3.401635,1790789279999,22.682316666666665,True,1790787978874,True,True,1790788038874,True,True,1790788098874,True
PAPER:COTIUSDT:1790787899999:SHORT,COTIUSDT:1790787899999:SHORT,COTIUSDT,SHORT,1790787925162,,Validation,META_LOSS,False,False,TRUE_WRONG_DIRECTION,0.152976,-0.644236,-3.170953720407903,-0.6341907440815806,False,<0.30%,0.76488,1790788139999,3.580616666666667,True,1790787984971,True,True,1790788044971,True,True,1790788104971,True
PAPER:GPSUSDT:1790787899999:SHORT,GPSUSDT:1790787899999:SHORT,GPSUSDT,SHORT,1790787935011,,Validation,META_LOSS,False,False,RIGHT_THEN_FAILURE,0.570942,-0.770412,-0.9501900380075556,-0.19003800760151113,False,0.50-<1.00%,2.85471,1790788139999,3.4164666666666665,True,1790787994815,True,True,1790788054815,True,True,1790788114815,True
PAPER:PONSUSDT:1790787899999:SHORT,PONSUSDT:1790787899999:SHORT,PONSUSDT,SHORT,1790787937007,,Validation,META_LOSS,False,False,RIGHT_THEN_FAILURE,0.541171,-0.674708,-1.5118977507863471,-0.3023795501572694,False,0.50-<1.00%,2.7058549999999997,1790788079999,2.3832,True,1790787996783,True,True,1790788056783,True,True,1790788116783,False
PAPER:ONEUSDT:1790787899999:SHORT,ONEUSDT:1790787899999:SHORT,ONEUSDT,SHORT,1790787946053,,Validation,META_WIN,True,False,RECOVERED_DRAWDOWN,1.126486,-0.6429,0.9473827749890564,0.1894765549978113,True,1.00-<1.50%,5.63243,1790788979999,17.232433333333333,True,1790788005856,True,True,1790788065856,True,True,1790788125856,True
PAPER:RAREUSDT:1790788499999:SHORT,RAREUSDT:1790788499999:SHORT,RAREUSDT,SHORT,1790788522044,,Validation,META_LOSS,False,False,RIGHT_THEN_FAILURE,0.668602,-1.339832,-0.8065941716742636,-0.16131883433485272,False,0.50-<1.00%,3.34301,1790788739999,3.6325833333333333,True,1790788581848,True,True,1790788641848,True,True,1790788701848,True
PAPER:AVAUSDT:1790788499999:SHORT,AVAUSDT:1790788499999:SHORT,AVAUSDT,SHORT,1790788524252,,Validation,META_WIN,True,False,RECOVERED_DRAWDOWN,1.948261,-0.74304,3.171011325759178,0.6342022651518356,True,1.50-<2.00%,9.741305,1790790299999,29.595783333333333,True,1790788584054,True,True,1790788644054,True,True,1790788704054,True
PAPER:RLCUSDT:1790788499999:SHORT,RLCUSDT:1790788499999:SHORT,RLCUSDT,SHORT,1790788525098,,Validation,META_WIN,False,True,RIGHT_THEN_FAILURE,0.698173,-0.876292,-0.12073653338790566,-0.02414730667758113,False,0.50-<1.00%,3.4908650000000003,1790789759999,20.581683333333334,True,1790788584906,True,True,1790788644906,True,True,1790788704906,True
PAPER:STARUSDT:1790788499999:SHORT,STARUSDT:1790788499999:SHORT,STARUSDT,SHORT,1790788530328,,Validation,META_WIN,False,True,RIGHT_THEN_FAILURE,0.608537,-0.593889,-0.19795956117447092,-0.03959191223489418,False,0.50-<1.00%,3.042685,1790788799999,4.494516666666667,True,1790788590135,True,True,1790788650135,True,True,1790788710135,True
PAPER:AKEUSDT:1790788799999:SHORT,AKEUSDT:1790788799999:SHORT,AKEUSDT,SHORT,1790788817075,,Validation,META_LOSS,False,False,TRUE_WRONG_DIRECTION,0.170868,-1.587657,-2.1403578604036486,-0.4280715720807297,False,<0.30%,0.85434,1790788919999,1.7154,True,1790788876880,True,True,1790788936880,False,True,1790788996880,False
PAPER:STARUSDT:1790788799999:SHORT,STARUSDT:1790788799999:SHORT,STARUSDT,SHORT,1790788818213,,Validation,META_LOSS,False,False,RIGHT_THEN_FAILURE,0.584679,-0.707143,-1.2940861564728985,-0.2588172312945797,False,0.50-<1.00%,2.9233949999999997,1790789099999,4.696433333333333,True,1790788877889,True,True,1790788937889,True,True,1790788997889,True
PAPER:ASTERUSDT:1790788799999:SHORT,ASTERUSDT:1790788799999:SHORT,ASTERUSDT,SHORT,1790788829047,,Validation,META_LOSS,False,False,TRUE_WRONG_DIRECTION,0.29639,-0.824172,-3.0614864768128847,-0.6122972953625769,False,<0.30%,1.4819499999999999,1790789099999,4.515866666666667,True,1790788888853,True,True,1790788948853,True,True,1790789008853,True
PAPER:FARTCOINUSDT:1790788799999:SHORT,FARTCOINUSDT:1790788799999:SHORT,FARTCOINUSDT,SHORT,1790788875502,,Validation,META_LOSS,False,False,STALL_NO_EDGE,0.480931,-0.687917,-0.1145052466252231,-0.02290104932504462,False,0.30-<0.50%,2.404655,1790789639999,12.741616666666667,True,1790788934483,True,True,1790788994483,True,True,1790789054483,True
PAPER:MOCAUSDT:1790788799999:SHORT,MOCAUSDT:1790788799999:SHORT,MOCAUSDT,SHORT,1790788875886,,Validation,META_WIN,True,False,CORRECT_RUNNER,1.986047,-0.274292,2.419972493792603,0.4839944987585205,True,1.50-<2.00%,9.930235,1790789879999,16.735216666666666,True,1790788935281,True,True,1790788995281,True,True,1790789055281,True
PAPER:AKEUSDT:1790789699999:SHORT,AKEUSDT:1790789699999:SHORT,AKEUSDT,SHORT,1790789718593,,Validation,META_WIN,True,False,RECOVERED_DRAWDOWN,1.470787,-1.982242,0.3411437749508244,0.06822875499016487,True,1.00-<1.50%,7.353935,1790789939999,3.6901,True,1790789778363,True,True,1790789838363,True,True,1790789898363,True
PAPER:FOGOUSDT:1790789699999:SHORT,FOGOUSDT:1790789699999:SHORT,FOGOUSDT,SHORT,1790789720656,,Validation,META_WIN,True,False,RECOVERED_DRAWDOWN,1.07126,-0.866674,1.1214153383724228,0.22428306767448455,True,1.00-<1.50%,5.356300000000001,1790791439999,28.655716666666667,True,1790789780450,True,True,1790789840450,True,True,1790789900450,True
PAPER:SAGAUSDT:1790789699999:SHORT,SAGAUSDT:1790789699999:SHORT,SAGAUSDT,SHORT,1790789723404,,Validation,META_LOSS,False,False,TRUE_WRONG_DIRECTION,0.289536,-0.948623,-2.78982806716074,-0.557965613432148,False,<0.30%,1.44768,1790790599999,14.609916666666667,True,1790789783217,True,True,1790789843217,True,True,1790789903217,True
PAPER:LDOUSDT:1790789699999:SHORT,LDOUSDT:1790789699999:SHORT,LDOUSDT,SHORT,1790789730322,,Validation,META_LOSS,False,False,RIGHT_THEN_FAILURE,0.543245,-0.713233,-0.5165099946564662,-0.10330199893129324,False,0.50-<1.00%,2.7162249999999997,1790790539999,13.494616666666667,True,1790789790113,True,True,1790789850113,True,True,1790789910113,True
PAPER:ETHFIUSDT:1790789699999:SHORT,ETHFIUSDT:1790789699999:SHORT,ETHFIUSDT,SHORT,1790789731805,,Validation,META_WIN,False,True,RIGHT_THEN_FAILURE,0.809308,-1.540409,-0.1012245775160118,-0.02024491550320236,False,0.50-<1.00%,4.04654,1790791379999,27.4699,True,1790789791610,True,True,1790789851610,True,True,1790789911610,True
PAPER:HOMEUSDT:1790789699999:SHORT,HOMEUSDT:1790789699999:SHORT,HOMEUSDT,SHORT,1790789736039,,Validation,META_LOSS,False,False,TRUE_WRONG_DIRECTION,0.228555,-0.898245,-2.5673564074147013,-0.5134712814829403,False,<0.30%,1.142775,1790790359999,10.399333333333333,True,1790789795838,True,True,1790789855838,True,True,1790789915838,True
PAPER:RAVEUSDT:1790789699999:SHORT,RAVEUSDT:1790789699999:SHORT,RAVEUSDT,SHORT,1790789739283,,Validation,META_WIN,False,True,RECOVERED_DRAWDOWN,0.944044,-1.369672,0.25601523919239194,0.05120304783847839,True,0.50-<1.00%,4.72022,1790790299999,9.345266666666667,True,1790789799086,True,True,1790789859086,True,True,1790789919086,True
PAPER:XPINUSDT:1790789699999:SHORT,XPINUSDT:1790789699999:SHORT,XPINUSDT,SHORT,1790789741942,,Validation,META_LOSS,False,False,TRUE_WRONG_DIRECTION,0.215892,-1.199485,-1.540490969656177,-0.3080981939312354,False,<0.30%,1.07946,1790790479999,12.30095,True,1790789801741,True,True,1790789861741,True,True,1790789921741,True
PAPER:ETCUSDT:1790789699999:SHORT,ETCUSDT:1790789699999:SHORT,ETCUSDT,SHORT,1790789772412,,Validation,META_LOSS,False,False,RIGHT_THEN_FAILURE,0.844075,-0.547429,-1.0625147749172703,-0.21250295498345406,False,0.50-<1.00%,4.220375,1790790539999,12.793116666666666,True,1790789831690,True,True,1790789891690,True,True,1790789951690,True
PAPER:SENTUSDT:1790789699999:SHORT,SENTUSDT:1790789699999:SHORT,SENTUSDT,SHORT,1790789772607,,Validation,META_LOSS,False,False,TRUE_WRONG_DIRECTION,0.20961,-0.662924,-3.018682558825775,-0.603736511765155,False,<0.30%,1.04805,1790790659999,14.789866666666667,True,1790789832195,True,True,1790789892195,True,True,1790789952195,True
PAPER:GUSDT:1790789699999:SHORT,GUSDT:1790789699999:SHORT,GUSDT,SHORT,1790789812101,,Validation,META_WIN,True,False,CORRECT_RUNNER,1.171208,-0.270785,0.8801622030424,0.17603244060848,True,1.00-<1.50%,5.85604,1790791319999,25.131633333333333,True,1790789871882,True,True,1790789931882,True,True,1790789991882,True
PAPER:EIGENUSDT:1790789999999:SHORT,EIGENUSDT:1790789999999:SHORT,EIGENUSDT,SHORT,1790790017123,,Validation,META_LOSS,False,False,TRUE_WRONG_DIRECTION,0.345923,-1.361736,-2.5780768348791563,-0.5156153669758313,False,0.30-<0.50%,1.729615,1790790539999,8.7146,True,1790790076932,True,True,1790790136932,True,True,1790790196932,True
PAPER:TRIAUSDT:1790789999999:SHORT,TRIAUSDT:1790789999999:SHORT,TRIAUSDT,SHORT,1790790024987,,Validation,META_LOSS,False,False,TRUE_WRONG_DIRECTION,0.311895,-0.754922,-3.0265270433798146,-0.6053054086759629,False,0.30-<0.50%,1.559475,1790790659999,10.583533333333333,True,1790790084733,True,True,1790790144733,True,True,1790790204733,True
PAPER:HEMIUSDT:1790789999999:SHORT,HEMIUSDT:1790789999999:SHORT,HEMIUSDT,SHORT,1790790025779,,Validation,META_LOSS,False,False,RIGHT_THEN_FAILURE,0.582813,-0.654548,-1.5456403037149697,-0.309128060742994,False,0.50-<1.00%,2.914065,1790791739999,28.570333333333334,True,1790790085550,True,True,1790790145550,True,True,1790790205550,True
PAPER:COAIUSDT:1790789999999:SHORT,COAIUSDT:1790789999999:SHORT,COAIUSDT,SHORT,1790790028902,,Validation,META_WIN,False,True,TRUE_WRONG_DIRECTION,0.163015,-1.270635,-1.4081728285272095,-0.2816345657054419,False,<0.30%,0.815075,1790790839999,13.518283333333333,True,1790790088709,True,True,1790790148709,True,True,1790790208709,True
PAPER:SLXUSDT:1790789999999:SHORT,SLXUSDT:1790789999999:SHORT,SLXUSDT,SHORT,1790790034205,,Validation,META_WIN,True,False,RECOVERED_DRAWDOWN,1.038409,-0.982197,1.4174495493134494,0.28348990986268985,True,1.00-<1.50%,5.192044999999999,1790791439999,23.4299,True,1790790093866,True,True,1790790153866,True,True,1790790213866,True
PAPER:LYNUSDT:1790790299999:SHORT,LYNUSDT:1790790299999:SHORT,LYNUSDT,SHORT,1790790314516,,Validation,META_WIN,True,False,RIGHT_THEN_FAILURE,1.072958,-4.784196,-0.8099336104261838,-0.1619867220852368,False,1.00-<1.50%,5.36479,1790790359999,0.75805,True,1790790374327,False,True,1790790434327,False,True,1790790494327,False
PAPER:LITUSDT:1790790299999:SHORT,LITUSDT:1790790299999:SHORT,LITUSDT,SHORT,1790790317751,,Validation,META_LOSS,False,False,RIGHT_THEN_FAILURE,0.905281,-1.376069,-1.4732304516663866,-0.2946460903332773,False,0.50-<1.00%,4.5264050000000005,1790790479999,2.7041333333333335,True,1790790377543,True,True,1790790437543,True,True,1790790497543,False
PAPER:FILUSDT:1790790299999:SHORT,FILUSDT:1790790299999:SHORT,FILUSDT,SHORT,1790790320801,,Validation,META_LOSS,False,False,TRUE_WRONG_DIRECTION,0.0,-0.759044,-3.1598108749471607,-0.6319621749894321,False,<0.30%,0.0,1790790539999,3.6533,True,1790790380575,True,True,1790790440575,True,True,1790790500575,True
PAPER:CUSDT:1790790299999:SHORT,CUSDT:1790790299999:SHORT,CUSDT,SHORT,1790790327376,,Validation,META_LOSS,False,False,TRUE_WRONG_DIRECTION,0.0,-0.456919,-2.5200943078400293,-0.5040188615680058,False,<0.30%,0.0,1790790599999,4.543716666666667,True,1790790387025,True,True,1790790447025,True,True,1790790507025,True
PAPER:FOGOUSDT:1790790299999:SHORT,FOGOUSDT:1790790299999:SHORT,FOGOUSDT,SHORT,1790790372289,,Validation,META_LOSS,False,False,RIGHT_THEN_FAILURE,0.678908,-0.605579,-2.0846380607566664,-0.4169276121513333,False,0.50-<1.00%,3.3945399999999997,1790790479999,1.7951666666666666,True,1790790432057,True,True,1790790492057,False,True,1790790552057,False
PAPER:NOMUSDT:1790790599999:SHORT,NOMUSDT:1790790599999:SHORT,NOMUSDT,SHORT,1790790619865,,Validation,META_WIN,False,True,RIGHT_THEN_FAILURE,0.945764,-1.951541,-0.8451154809046504,-0.1690230961809301,False,0.50-<1.00%,4.728820000000001,1790790839999,3.6689,True,1790790679512,True,True,1790790739512,True,True,1790790799512,True
PAPER:FIGHTUSDT:1790790899999:SHORT,FIGHTUSDT:1790790899999:SHORT,FIGHTUSDT,SHORT,1790790922346,,Validation,META_LOSS,False,False,RECOVERED_DRAWDOWN,2.170215,-0.932595,3.878089949324625,0.775617989864925,True,2.00-<3.00%,10.851074999999998,1790791259999,5.62755,True,1790790982145,True,True,1790791042145,True,True,1790791102145,True
PAPER:ZEREBROUSDT:1790790899999:SHORT,ZEREBROUSDT:1790790899999:SHORT,ZEREBROUSDT,SHORT,1790790926708,,Validation,META_LOSS,False,False,TRUE_WRONG_DIRECTION,0.180737,-0.781545,-3.023295316916127,-0.6046590633832254,False,<0.30%,0.9036850000000001,1790791979999,17.55485,True,1790790986519,True,True,1790791046519,True,True,1790791106519,True
PAPER:TOWNSUSDT:1790790899999:SHORT,TOWNSUSDT:1790790899999:SHORT,TOWNSUSDT,SHORT,1790790929611,,Validation,META_LOSS,False,False,RECOVERED_DRAWDOWN,1.158921,-0.727359,0.3478597239958151,0.06957194479916302,True,1.00-<1.50%,5.794605000000001,1790791799999,14.506466666666666,True,1790790989413,True,True,1790791049413,True,True,1790791109413,True
PAPER:PTBUSDT:1790790899999:SHORT,PTBUSDT:1790790899999:SHORT,PTBUSDT,SHORT,1790790934903,,Validation,META_WIN,False,True,TRUE_WRONG_DIRECTION,0.152686,-1.228835,-1.4363426990997978,-0.2872685398199596,False,<0.30%,0.7634299999999999,1790792339999,23.418266666666668,True,1790790994706,True,True,1790791054706,True,True,1790791114706,True
PAPER:ZAMAUSDT:1790790899999:SHORT,ZAMAUSDT:1790790899999:SHORT,ZAMAUSDT,SHORT,1790790937309,,Validation,META_LOSS,False,False,TRUE_WRONG_DIRECTION,0.287356,-1.211023,-2.103884458069567,-0.4207768916139134,False,<0.30%,1.43678,1790792519999,26.378166666666665,True,1790790997110,True,True,1790791057110,True,True,1790791117110,True
PAPER:SEIUSDT:1790790899999:SHORT,SEIUSDT:1790790899999:SHORT,SEIUSDT,SHORT,1790790941901,,Validation,META_LOSS,False,False,TRUE_WRONG_DIRECTION,0.007395,-1.061166,-2.6642538307689376,-0.5328507661537875,False,<0.30%,0.036975,1790791199999,4.301633333333333,True,1790791001706,True,True,1790791061706,True,True,1790791121706,True
PAPER:EIGENUSDT:1790790899999:SHORT,EIGENUSDT:1790790899999:SHORT,EIGENUSDT,SHORT,1790790949839,,Validation,META_LOSS,False,False,TRUE_WRONG_DIRECTION,0.10272,-1.001795,-2.58806387044275,-0.5176127740885499,False,<0.30%,0.5136000000000001,1790791979999,17.169333333333334,True,1790791009640,True,True,1790791069640,True,True,1790791129640,True
PAPER:XPLUSDT:1790790899999:SHORT,XPLUSDT:1790790899999:SHORT,XPLUSDT,SHORT,1790790956167,,Validation,META_WIN,False,True,TRUE_WRONG_DIRECTION,0.12928,-1.043663,-2.124246986924047,-0.42484939738480937,False,<0.30%,0.6464000000000001,1790791439999,8.063866666666666,True,1790791015968,True,True,1790791075968,True,True,1790791135968,True
PAPER:ASTERUSDT:1790790899999:SHORT,ASTERUSDT:1790790899999:SHORT,ASTERUSDT,SHORT,1790791024350,,Validation,META_LOSS,False,False,TRUE_WRONG_DIRECTION,0.01994,-0.712368,-3.4157494138604263,-0.6831498827720852,False,<0.30%,0.0997,1790791199999,2.9274833333333334,True,1790791083629,True,True,1790791143629,True,True,1790791203629,False
PAPER:XVSUSDT:1790791499999:SHORT,XVSUSDT:1790791499999:SHORT,XVSUSDT,SHORT,1790791524803,,Validation,META_LOSS,False,False,RIGHT_THEN_FAILURE,0.774458,-0.814466,-2.184146956753729,-0.4368293913507458,False,0.50-<1.00%,3.87229,1790791799999,4.5866,True,1790791584579,True,True,1790791644579,True,True,1790791704579,True
PAPER:JELLYJELLYUSDT:1790791499999:SHORT,JELLYJELLYUSDT:1790791499999:SHORT,JELLYJELLYUSDT,SHORT,1790791531858,,Validation,META_LOSS,False,False,TRUE_WRONG_DIRECTION,0.194977,-0.790353,-2.967553780772275,-0.5935107561544549,False,<0.30%,0.974885,1790791739999,3.4690166666666666,True,1790791591663,True,True,1790791651663,True,True,1790791711663,True
PAPER:STARUSDT:1790791499999:SHORT,STARUSDT:1790791499999:SHORT,STARUSDT,SHORT,1790791539835,,Validation,META_LOSS,False,False,RIGHT_THEN_FAILURE,0.563608,-0.825945,-0.39384084096612715,-0.07876816819322544,False,0.50-<1.00%,2.81804,1790792039999,8.336066666666667,True,1790791599615,True,True,1790791659615,True,True,1790791719615,True
PAPER:1000SATSUSDT:1790791499999:SHORT,1000SATSUSDT:1790791499999:SHORT,1000SATSUSDT,SHORT,1790791553702,,Validation,META_LOSS,False,False,RIGHT_THEN_FAILURE,0.698416,-0.498951,-1.1499407124042378,-0.22998814248084756,False,0.50-<1.00%,3.49208,1790791799999,4.10495,True,1790791613500,True,True,1790791673500,True,True,1790791733500,True
PAPER:BSBUSDT:1790791499999:SHORT,BSBUSDT:1790791499999:SHORT,BSBUSDT,SHORT,1790791554226,,Validation,META_LOSS,False,False,TRUE_WRONG_DIRECTION,0.060124,-0.460709,-2.153254784744215,-0.430650956948843,False,<0.30%,0.30062,1790791979999,7.096216666666667,True,1790791614019,True,True,1790791674019,True,True,1790791734019,True
PAPER:GRTUSDT:1790791499999:SHORT,GRTUSDT:1790791499999:SHORT,GRTUSDT,SHORT,1790791561568,,Validation,META_WIN,True,False,RECOVERED_DRAWDOWN,1.324166,-0.916117,2.0684405015048917,0.41368810030097836,True,1.00-<1.50%,6.62083,1790793359999,29.97385,True,1790791620913,True,True,1790791680913,True,True,1790791740913,True
PAPER:HOMEUSDT:1790791499999:SHORT,HOMEUSDT:1790791499999:SHORT,HOMEUSDT,SHORT,1790791584602,,Validation,META_LOSS,False,False,TRUE_WRONG_DIRECTION,0.0,-1.171193,-2.7036644318019887,-0.5407328863603977,False,<0.30%,0.0,1790791799999,3.58995,True,1790791643752,True,True,1790791703752,True,True,1790791763752,True
PAPER:FOLKSUSDT:1790791799999:SHORT,FOLKSUSDT:1790791799999:SHORT,FOLKSUSDT,SHORT,1790791816619,,Validation,META_LOSS,False,False,TRUE_WRONG_DIRECTION,0.348168,-1.410875,-1.7691269542251906,-0.3538253908450381,False,0.30-<0.50%,1.74084,1790792699999,14.723,True,1790791876385,True,True,1790791936385,True,True,1790791996385,True
PAPER:GRASSUSDT:1790791799999:SHORT,GRASSUSDT:1790791799999:SHORT,GRASSUSDT,SHORT,1790791817198,,Validation,META_WIN,False,True,TRUE_WRONG_DIRECTION,0.064105,-1.7863,-2.0025555391385845,-0.4005111078277169,False,<0.30%,0.32052499999999995,1790792279999,7.71335,True,1790791876965,True,True,1790791936965,True,True,1790791996965,True
PAPER:TURBOUSDT:1790792099999:SHORT,TURBOUSDT:1790792099999:SHORT,TURBOUSDT,SHORT,1790792120409,,Validation,META_WIN,True,False,RECOVERED_DRAWDOWN,1.619032,-1.03834,3.1512938714475722,0.6302587742895145,True,1.50-<2.00%,8.09516,1790793419999,21.659833333333335,True,1790792180206,True,True,1790792240206,True,True,1790792300206,True
PAPER:RAYSOLUSDT:1790792099999:SHORT,RAYSOLUSDT:1790792099999:SHORT,RAYSOLUSDT,SHORT,1790792125825,,Validation,META_WIN,True,False,RECOVERED_DRAWDOWN,2.758468,-1.282494,6.935430159877868,1.3870860319755733,True,2.00-<3.00%,13.792340000000001,1790792459999,5.569566666666667,True,1790792185622,True,True,1790792245622,True,True,1790792305622,True
PAPER:GPSUSDT:1790792699999:SHORT,GPSUSDT:1790792699999:SHORT,GPSUSDT,SHORT,1790792716861,,Validation,META_WIN,True,False,RIGHT_THEN_FAILURE,1.553621,-4.702961,-1.2822937561638366,-0.25645875123276735,False,1.50-<2.00%,7.768104999999999,1790792759999,0.7189666666666666,True,1790792776622,False,True,1790792836622,False,True,1790792896622,False
PAPER:PUMPBTCUSDT:1790792999999:SHORT,PUMPBTCUSDT:1790792999999:SHORT,PUMPBTCUSDT,SHORT,1790793016300,,Validation,META_LOSS,False,False,TRUE_WRONG_DIRECTION,0.161192,-0.382395,-3.2172878189768683,-0.6434575637953737,False,<0.30%,0.80596,1790793179999,2.7283166666666667,True,1790793076108,True,True,1790793136108,True,True,1790793196108,False
PAPER:HANAUSDT:1790792999999:SHORT,HANAUSDT:1790792999999:SHORT,HANAUSDT,SHORT,1790793022240,,Validation,META_WIN,False,True,RECOVERED_DRAWDOWN,0.614037,-0.7333,0.04144068710728149,0.008288137421456298,True,0.50-<1.00%,3.0701850000000004,1790794019999,16.629316666666668,True,1790793082034,True,True,1790793142034,True,True,1790793202034,True
PAPER:PTBUSDT:1790793299999:SHORT,PTBUSDT:1790793299999:SHORT,PTBUSDT,SHORT,1790793319235,,Validation,META_WIN,True,False,RIGHT_THEN_FAILURE,1.923731,-0.821658,-1.5547494462659879,-0.31094988925319755,False,1.50-<2.00%,9.618655,1790794019999,11.6794,True,1790793379040,True,True,1790793439040,True,True,1790793499040,True
PAPER:ROBOUSDT:1790793299999:SHORT,ROBOUSDT:1790793299999:SHORT,ROBOUSDT,SHORT,1790793322240,,Validation,META_WIN,True,False,RECOVERED_DRAWDOWN,1.205185,-1.802098,1.8369769443866684,0.3673953888773337,True,1.00-<1.50%,6.025925,1790794139999,13.629316666666666,True,1790793382047,True,True,1790793442047,True,True,1790793502047,True
PAPER:SLXUSDT:1790793299999:SHORT,SLXUSDT:1790793299999:SHORT,SLXUSDT,SHORT,1790793325176,,Validation,META_WIN,True,False,RECOVERED_DRAWDOWN,2.689857,-1.113743,2.7671546897106305,0.5534309379421261,True,2.00-<3.00%,13.449285,1790794079999,12.580383333333334,True,1790793384984,True,True,1790793444984,True,True,1790793504984,True
PAPER:ESPUSDT:1790793299999:SHORT,ESPUSDT:1790793299999:SHORT,ESPUSDT,SHORT,1790793331349,,Validation,META_LOSS,False,False,TRUE_WRONG_DIRECTION,0.198775,-0.914144,-2.7116053524541694,-0.5423210704908339,False,<0.30%,0.9938750000000001,1790793599999,4.4775,True,1790793391154,True,True,1790793451154,True,True,1790793511154,True
PAPER:ONDOUSDT:1790793299999:SHORT,ONDOUSDT:1790793299999:SHORT,ONDOUSDT,SHORT,1790793331872,,Validation,META_WIN,True,False,RECOVERED_DRAWDOWN,1.085078,-1.32601,1.6140259816728677,0.32280519633457355,True,1.00-<1.50%,5.42539,1790793419999,1.4687833333333333,True,1790793391663,True,True,1790793451663,False,True,1790793511663,False
PAPER:LUMIAUSDT:1790793299999:SHORT,LUMIAUSDT:1790793299999:SHORT,LUMIAUSDT,SHORT,1790793339122,,Validation,META_WIN,True,False,RECOVERED_DRAWDOWN,1.004333,-0.749991,1.7603995725572383,0.35207991451144766,True,1.00-<1.50%,5.021665,1790794019999,11.34795,True,1790793398899,True,True,1790793458899,True,True,1790793518899,True
PAPER:CETUSUSDT:1790793299999:SHORT,CETUSUSDT:1790793299999:SHORT,CETUSUSDT,SHORT,1790793376972,,Validation,META_LOSS,False,False,TRUE_WRONG_DIRECTION,0.088048,-0.920436,-2.842894213520343,-0.5685788427040687,False,<0.30%,0.44024,1790793839999,7.717116666666667,True,1790793436307,True,True,1790793496307,True,True,1790793556307,True
PAPER:MMTUSDT:1790793299999:SHORT,MMTUSDT:1790793299999:SHORT,MMTUSDT,SHORT,1790793377165,,Validation,META_LOSS,False,False,TRUE_WRONG_DIRECTION,0.139518,-1.030307,-1.216311882791259,-0.24326237655825178,False,<0.30%,0.69759,1790794259999,14.7139,True,1790793436750,True,True,1790793496750,True,True,1790793556750,True
PAPER:ONDOUSDT:1790793599999:SHORT,ONDOUSDT:1790793599999:SHORT,ONDOUSDT,SHORT,1790793618354,,Validation,META_LOSS,False,False,RIGHT_THEN_FAILURE,0.997219,-3.590664,-1.7813651148659768,-0.35627302297319535,False,0.50-<1.00%,4.986095,1790793779999,2.6940833333333334,True,1790793678111,True,True,1790793738111,True,True,1790793798111,False
PAPER:EDENUSDT:1790793599999:SHORT,EDENUSDT:1790793599999:SHORT,EDENUSDT,SHORT,1790793619036,,Validation,META_LOSS,False,False,TRUE_WRONG_DIRECTION,0.280256,-0.720611,-2.077235579287252,-0.4154471158574504,False,<0.30%,1.40128,1790794979999,22.682716666666668,True,1790793678828,True,True,1790793738828,True,True,1790793798828,True
PAPER:ZETAUSDT:1790793599999:SHORT,ZETAUSDT:1790793599999:SHORT,ZETAUSDT,SHORT,1790793632304,,Validation,META_LOSS,False,False,TRUE_WRONG_DIRECTION,0.345383,-0.693086,-2.2495103736186444,-0.4499020747237289,False,0.30-<0.50%,1.726915,1790794979999,22.461583333333333,True,1790793692100,True,True,1790793752100,True,True,1790793812100,True
PAPER:CKBUSDT:1790793599999:SHORT,CKBUSDT:1790793599999:SHORT,CKBUSDT,SHORT,1790793635930,,Validation,META_LOSS,False,False,TRUE_WRONG_DIRECTION,0.072671,-0.676455,-2.2450142883568844,-0.4490028576713769,False,<0.30%,0.363355,1790793719999,1.40115,True,1790793695737,True,True,1790793755737,False,True,1790793815737,False
PAPER:SKYAIUSDT:1790793599999:SHORT,SKYAIUSDT:1790793599999:SHORT,SKYAIUSDT,SHORT,1790793636456,,Validation,META_LOSS,False,False,RECOVERED_DRAWDOWN,0.856741,-1.678711,0.05783865550652742,0.011567731101305483,True,0.50-<1.00%,4.283704999999999,1790794379999,12.392383333333333,True,1790793696242,True,True,1790793756242,True,True,1790793816242,True
PAPER:ACTUSDT:1790793599999:SHORT,ACTUSDT:1790793599999:SHORT,ACTUSDT,SHORT,1790793636955,,Validation,META_WIN,True,False,RECOVERED_DRAWDOWN,1.513586,-0.543669,2.981028731924451,0.5962057463848902,True,1.50-<2.00%,7.5679300000000005,1790794379999,12.384066666666667,True,1790793696762,True,True,1790793756762,True,True,1790793816762,True
PAPER:NILUSDT:1790793599999:SHORT,NILUSDT:1790793599999:SHORT,NILUSDT,SHORT,1790793643296,,Validation,META_WIN,True,False,RECOVERED_DRAWDOWN,1.183227,-0.896143,0.21910496324920098,0.04382099264984019,True,1.00-<1.50%,5.916135000000001,1790794139999,8.278383333333334,True,1790793703088,True,True,1790793763088,True,True,1790793823088,True
PAPER:ZECUSDT:1790793599999:SHORT,ZECUSDT:1790793599999:SHORT,ZECUSDT,SHORT,1790793648944,,Validation,META_WIN,False,True,RIGHT_THEN_FAILURE,0.826235,-0.483889,-0.3064652231595472,-0.061293044631909446,False,0.50-<1.00%,4.131175000000001,1790794139999,8.18425,True,1790793708642,True,True,1790793768642,True,True,1790793828642,True
PAPER:JUPUSDT:1790793599999:SHORT,JUPUSDT:1790793599999:SHORT,JUPUSDT,SHORT,1790793683995,,Validation,META_LOSS,False,False,TRUE_WRONG_DIRECTION,0.288224,-0.759751,-2.955576007343156,-0.5911152014686312,False,<0.30%,1.44112,1790794379999,11.600066666666667,True,1790793742539,True,True,1790793802539,True,True,1790793862539,True
PAPER:FLOWUSDT:1790793599999:SHORT,FLOWUSDT:1790793599999:SHORT,FLOWUSDT,SHORT,1790793684184,,Validation,META_LOSS,False,False,RIGHT_THEN_FAILURE,0.687306,-0.663013,-1.9156195269912546,-0.3831239053982509,False,0.50-<1.00%,3.43653,1790794979999,21.596916666666665,True,1790793742926,True,True,1790793802926,True,True,1790793862926,True
PAPER:ASTERUSDT:1790793599999:SHORT,ASTERUSDT:1790793599999:SHORT,ASTERUSDT,SHORT,1790793729417,,Validation,META_LOSS,False,False,STALL_NO_EDGE,0.433904,-0.834369,-3.522553200909784,-0.7045106401819569,False,0.30-<0.50%,2.16952,1790795279999,25.843033333333334,True,1790793789167,True,True,1790793849167,True,True,1790793909167,True
PAPER:ALCHUSDT:1790793899999:SHORT,ALCHUSDT:1790793899999:SHORT,ALCHUSDT,SHORT,1790793914055,,Validation,META_LOSS,False,False,STALL_NO_EDGE,0.490603,-1.31616,-6.699973783780914,-1.3399947567561827,False,0.30-<0.50%,2.453015,1790794019999,1.7657333333333334,True,1790793973849,True,True,1790794033849,False,True,1790794093849,False
PAPER:REDUSDT:1790793899999:SHORT,REDUSDT:1790793899999:SHORT,REDUSDT,SHORT,1790793915518,,Validation,META_LOSS,False,False,RECOVERED_DRAWDOWN,1.112084,-1.321906,1.4577834285023998,0.29155668570048,True,1.00-<1.50%,5.560420000000001,1790794919999,16.74135,True,1790793975316,True,True,1790794035316,True,True,1790794095316,True
PAPER:LTCUSDT:1790793899999:SHORT,LTCUSDT:1790793899999:SHORT,LTCUSDT,SHORT,1790793917204,,Validation,META_LOSS,False,False,TRUE_WRONG_DIRECTION,0.329504,-0.658236,-2.775441414627564,-0.5550882829255128,False,0.30-<0.50%,1.64752,1790794379999,7.71325,True,1790793977008,True,True,1790794037008,True,True,1790794097008,True
PAPER:BRUSDT:1790793899999:SHORT,BRUSDT:1790793899999:SHORT,BRUSDT,SHORT,1790793920705,,Validation,META_LOSS,False,False,RIGHT_THEN_FAILURE,0.675549,-0.708503,-1.4727037426443872,-0.2945407485288774,False,0.50-<1.00%,3.377745,1790794859999,15.6549,True,1790793980509,True,True,1790794040509,True,True,1790794100509,True
PAPER:AGTUSDT:1790794199999:SHORT,AGTUSDT:1790794199999:SHORT,AGTUSDT,SHORT,1790794216189,,Validation,META_LOSS,False,False,RIGHT_THEN_FAILURE,0.752157,-1.144673,-1.706282462332799,-0.3412564924665598,False,0.50-<1.00%,3.760785,1790794979999,12.730166666666667,True,1790794275953,True,True,1790794335953,True,True,1790794395953,True
PAPER:JCTUSDT:1790794199999:SHORT,JCTUSDT:1790794199999:SHORT,JCTUSDT,SHORT,1790794217344,,Validation,META_LOSS,False,False,RIGHT_THEN_FAILURE,0.719621,-2.40956,-2.94337907683928,-0.588675815367856,False,0.50-<1.00%,3.598105,1790794379999,2.710916666666667,True,1790794277131,True,True,1790794337131,True,True,1790794397131,False
PAPER:ENAUSDT:1790794199999:SHORT,ENAUSDT:1790794199999:SHORT,ENAUSDT,SHORT,1790794222166,,Validation,META_LOSS,False,False,STALL_NO_EDGE,0.449645,-1.898601,-6.119328763156725,-1.223865752631345,False,0.30-<0.50%,2.248225,1790794739999,8.63055,True,1790794281658,True,True,1790794341658,True,True,1790794401658,True
PAPER:TACUSDT:1790794199999:SHORT,TACUSDT:1790794199999:SHORT,TACUSDT,SHORT,1790794224108,,Validation,META_WIN,True,False,RECOVERED_DRAWDOWN,1.490475,-0.479715,0.20017973555316615,0.040035947110633234,True,1.00-<1.50%,7.452375,1790795939999,28.598183333333335,True,1790794283908,True,True,1790794343908,True,True,1790794403908,True
PAPER:GRIFFAINUSDT:1790794199999:SHORT,GRIFFAINUSDT:1790794199999:SHORT,GRIFFAINUSDT,SHORT,1790794228732,,Validation,META_LOSS,False,False,RIGHT_THEN_FAILURE,1.6925,-0.513644,-0.08092407919186173,-0.016184815838372345,False,1.50-<2.00%,8.462499999999999,1790795099999,14.521116666666666,True,1790794288530,True,True,1790794348530,True,True,1790794408530,True
PAPER:AVAAIUSDT:1790794199999:SHORT,AVAAIUSDT:1790794199999:SHORT,AVAAIUSDT,SHORT,1790794230682,,Validation,META_LOSS,False,False,RIGHT_THEN_FAILURE,1.510967,-0.475158,-0.4842497432156724,-0.09684994864313448,False,1.50-<2.00%,7.554835,1790795039999,13.488616666666667,True,1790794290481,True,True,1790794350481,True,True,1790794410481,True
PAPER:ROBOUSDT:1790795399999:SHORT,ROBOUSDT:1790795399999:SHORT,ROBOUSDT,SHORT,1790795414504,,Validation,META_LOSS,False,False,RIGHT_THEN_FAILURE,1.692667,-3.21699,-2.6644886340280047,-0.532897726805601,False,1.50-<2.00%,8.463334999999999,1790795459999,0.75825,True,1790795474227,False,True,1790795534227,False,True,1790795594227,False
PAPER:METUSDT:1790795699999:SHORT,METUSDT:1790795699999:SHORT,METUSDT,SHORT,1790795713269,,Validation,META_WIN,True,False,RECOVERED_DRAWDOWN,1.007919,-1.515164,1.1543770954440573,0.23087541908881146,True,1.00-<1.50%,5.039595,1790795939999,3.7788333333333335,True,1790795773077,True,True,1790795833077,True,True,1790795893077,True
PAPER:LIGHTUSDT:1790795699999:SHORT,LIGHTUSDT:1790795699999:SHORT,LIGHTUSDT,SHORT,1790795715996,,Validation,META_LOSS,False,False,TRUE_WRONG_DIRECTION,0.252679,-0.838052,-2.451369724599154,-0.49027394491983084,False,<0.30%,1.263395,1790795999999,4.733383333333333,True,1790795775770,True,True,1790795835770,True,True,1790795895770,True
PAPER:我踏马来了USDT:1790795699999:SHORT,我踏马来了USDT:1790795699999:SHORT,我踏马来了USDT,SHORT,1790795716578,,Validation,META_WIN,False,True,CORRECT_RUNNER,0.814774,-0.786637,0.9042658269774455,0.1808531653954891,True,0.50-<1.00%,4.07387,1790796599999,14.723683333333334,True,1790795776345,True,True,1790795836345,True,True,1790795896345,True
PAPER:AVAAIUSDT:1790795999999:SHORT,AVAAIUSDT:1790795999999:SHORT,AVAAIUSDT,SHORT,1790796015755,,Validation,META_LOSS,False,False,RIGHT_THEN_FAILURE,1.07101,-0.549925,-1.3142069017376867,-0.26284138034753735,False,1.00-<1.50%,5.35505,1790797079999,17.7374,True,1790796075506,True,True,1790796135506,True,True,1790796195506,True
PAPER:USUSDT:1790795999999:SHORT,USUSDT:1790795999999:SHORT,USUSDT,SHORT,1790796023874,,Validation,META_LOSS,False,False,RIGHT_THEN_FAILURE,0.730394,-0.785638,-2.17026819180578,-0.43405363836115596,False,0.50-<1.00%,3.65197,1790796119999,1.6020833333333333,True,1790796083665,True,True,1790796143665,False,True,1790796203665,False
PAPER:STOUSDT:1790795999999:SHORT,STOUSDT:1790795999999:SHORT,STOUSDT,SHORT,1790796028562,,Validation,META_LOSS,False,False,STALL_NO_EDGE,0.405211,-0.539711,-2.132464931814828,-0.4264929863629656,False,0.30-<0.50%,2.026055,1790796719999,11.52395,True,1790796088356,True,True,1790796148356,True,True,1790796208356,True
PAPER:SKYAIUSDT:1790796299999:SHORT,SKYAIUSDT:1790796299999:SHORT,SKYAIUSDT,SHORT,1790796316213,,Validation,META_LOSS,False,False,RIGHT_THEN_FAILURE,0.761021,-1.460019,-0.9501900380075652,-0.19003800760151304,False,0.50-<1.00%,3.8051049999999997,1790796719999,6.7297666666666665,True,1790796376018,True,True,1790796436018,True,True,1790796496018,True
PAPER:HUMAUSDT:1790796299999:SHORT,HUMAUSDT:1790796299999:SHORT,HUMAUSDT,SHORT,1790796325474,,Validation,META_LOSS,False,False,TRUE_WRONG_DIRECTION,0.337933,-0.68919,-2.9596563368998337,-0.5919312673799667,False,0.30-<0.50%,1.689665,1790796659999,5.5754166666666665,True,1790796385258,True,True,1790796445258,True,True,1790796505258,True
PAPER:BIGTIMEUSDT:1790796299999:SHORT,BIGTIMEUSDT:1790796299999:SHORT,BIGTIMEUSDT,SHORT,1790796326601,,Validation,META_LOSS,False,False,TRUE_WRONG_DIRECTION,0.117923,-0.422291,-2.963535435770245,-0.592707087154049,False,<0.30%,0.589615,1790797079999,12.556633333333334,True,1790796386378,True,True,1790796446378,True,True,1790796506378,True
PAPER:XPINUSDT:1790796299999:SHORT,XPINUSDT:1790796299999:SHORT,XPINUSDT,SHORT,1790796368521,,Validation,META_LOSS,False,False,STALL_NO_EDGE,0.455715,-0.733583,-3.9262613224190823,-0.7852522644838165,False,0.30-<0.50%,2.278575,1790796659999,4.857966666666667,True,1790796428206,True,True,1790796488206,True,True,1790796548206,True
PAPER:PIPPINUSDT:1790796899999:SHORT,PIPPINUSDT:1790796899999:SHORT,PIPPINUSDT,SHORT,1790796920096,,Validation,META_LOSS,False,False,RIGHT_THEN_FAILURE,0.732026,-1.416631,-0.5469339772895206,-0.10938679545790413,False,0.50-<1.00%,3.6601299999999997,1790797739999,13.66505,True,1790796979856,True,True,1790797039856,True,True,1790797099856,True
PAPER:USUALUSDT:1790797499999:SHORT,USUALUSDT:1790797499999:SHORT,USUALUSDT,SHORT,1790797564697,,Validation,META_WIN,False,True,RIGHT_THEN_FAILURE,0.663436,-0.658872,-0.2809718695075332,-0.056194373901506646,False,0.50-<1.00%,3.31718,1790798639999,17.9217,True,1790797624072,True,True,1790797684072,True,True,1790797744072,True
PAPER:LSKUSDT:1790797499999:SHORT,LSKUSDT:1790797499999:SHORT,LSKUSDT,SHORT,1790797565088,,Validation,META_LOSS,False,False,RIGHT_THEN_FAILURE,0.595887,-1.089163,-0.9242149183114257,-0.18484298366228513,False,0.50-<1.00%,2.9794349999999996,1790797739999,2.9151833333333332,True,1790797624485,True,True,1790797684485,True,True,1790797744485,False
PAPER:SYRUPUSDT:1790798099999:SHORT,SYRUPUSDT:1790798099999:SHORT,SYRUPUSDT,SHORT,1790798129534,,Validation,META_LOSS,False,False,TRUE_WRONG_DIRECTION,0.149855,-0.766489,-2.9635868517106863,-0.5927173703421372,False,<0.30%,0.7492749999999999,1790798399999,4.50775,True,1790798189318,True,True,1790798249318,True,True,1790798309318,True
PAPER:TAGUSDT:1790798099999:SHORT,TAGUSDT:1790798099999:SHORT,TAGUSDT,SHORT,1790798134088,,Validation,META_LOSS,False,False,RIGHT_THEN_FAILURE,0.655327,-0.683487,-0.9501900380075616,-0.19003800760151232,False,0.50-<1.00%,3.2766349999999997,1790799539999,23.43185,True,1790798193890,True,True,1790798253890,True,True,1790798313890,True
PAPER:FARTCOINUSDT:1790798099999:SHORT,FARTCOINUSDT:1790798099999:SHORT,FARTCOINUSDT,SHORT,1790798136355,,Validation,META_LOSS,False,False,TRUE_WRONG_DIRECTION,0.321555,-0.816976,-2.3747067996411153,-0.47494135992822306,False,0.30-<0.50%,1.607775,1790799299999,19.394066666666667,True,1790798195969,True,True,1790798255969,True,True,1790798315969,True
PAPER:EIGENUSDT:1790798099999:SHORT,EIGENUSDT:1790798099999:SHORT,EIGENUSDT,SHORT,1790798136863,,Validation,META_LOSS,False,False,RIGHT_THEN_FAILURE,0.845078,-0.390754,-0.950190038007614,-0.19003800760152278,False,0.50-<1.00%,4.22539,1790799719999,26.3856,True,1790798196672,True,True,1790798256672,True,True,1790798316672,True
PAPER:SPXUSDT:1790798099999:SHORT,SPXUSDT:1790798099999:SHORT,SPXUSDT,SHORT,1790798148099,,Validation,META_LOSS,False,False,TRUE_WRONG_DIRECTION,0.28175,-0.600301,-2.9831595960639548,-0.596631919212791,False,<0.30%,1.40875,1790798699999,9.198333333333334,True,1790798207716,True,True,1790798267716,True,True,1790798327716,True
PAPER:JTOUSDT:1790798099999:SHORT,JTOUSDT:1790798099999:SHORT,JTOUSDT,SHORT,1790798151437,,Validation,META_LOSS,False,False,RIGHT_THEN_FAILURE,0.856863,-1.144681,-0.5685813549215082,-0.11371627098430165,False,0.50-<1.00%,4.284315,1790799299999,19.1427,True,1790798211234,True,True,1790798271234,True,True,1790798331234,True
PAPER:MAGMAUSDT:1790798099999:SHORT,MAGMAUSDT:1790798099999:SHORT,MAGMAUSDT,SHORT,1790798160936,,Validation,META_LOSS,False,False,TRUE_WRONG_DIRECTION,0.164205,-0.625261,-1.977470211207086,-0.3954940422414172,False,<0.30%,0.8210249999999999,1790799299999,18.984383333333334,True,1790798220502,True,True,1790798280502,True,True,1790798340502,True
PAPER:MUSDT:1790798399999:SHORT,MUSDT:1790798399999:SHORT,MUSDT,SHORT,1790798423003,,Validation,META_WIN,True,False,RECOVERED_DRAWDOWN,2.223942,-0.822795,3.817884250624392,0.7635768501248784,True,2.00-<3.00%,11.119710000000001,1790798879999,7.6166,True,1790798482763,True,True,1790798542763,True,True,1790798602763,True
PAPER:REZUSDT:1790798699999:SHORT,REZUSDT:1790798699999:SHORT,REZUSDT,SHORT,1790798715742,,Validation,META_LOSS,False,False,RIGHT_THEN_FAILURE,0.888089,-1.901055,-0.5173537301493611,-0.10347074602987223,False,0.50-<1.00%,4.440445,1790799299999,9.737616666666666,True,1790798775555,True,True,1790798835555,True,True,1790798895555,True
PAPER:USUALUSDT:1790798699999:SHORT,USUALUSDT:1790798699999:SHORT,USUALUSDT,SHORT,1790798716697,,Validation,META_LOSS,False,False,TRUE_WRONG_DIRECTION,0.235283,-1.153779,-2.829084978470073,-0.5658169956940147,False,<0.30%,1.176415,1790798819999,1.7217,True,1790798776505,True,True,1790798836505,False,True,1790798896505,False
PAPER:JASMYUSDT:1790798699999:SHORT,JASMYUSDT:1790798699999:SHORT,JASMYUSDT,SHORT,1790798726069,,Validation,META_LOSS,False,False,TRUE_WRONG_DIRECTION,0.18092,-0.683053,-2.5088311480094276,-0.5017662296018855,False,<0.30%,0.9046,1790799719999,16.5655,True,1790798785875,True,True,1790798845875,True,True,1790798905875,True
PAPER:KMNOUSDT:1790798699999:SHORT,KMNOUSDT:1790798699999:SHORT,KMNOUSDT,SHORT,1790798730087,,Validation,META_LOSS,False,False,RIGHT_THEN_FAILURE,0.671857,-0.642679,-0.834770349273974,-0.1669540698547948,False,0.50-<1.00%,3.3592850000000003,1790798879999,2.4985333333333335,True,1790798789895,True,True,1790798849895,True,True,1790798909895,False
PAPER:哈基米USDT:1790798699999:SHORT,哈基米USDT:1790798699999:SHORT,哈基米USDT,SHORT,1790798732201,,Validation,META_WIN,False,True,RIGHT_THEN_FAILURE,0.912359,-0.534411,-0.2261179212699131,-0.04522358425398262,False,0.50-<1.00%,4.561795,1790799119999,6.4633,True,1790798792009,True,True,1790798852009,True,True,1790798912009,True
PAPER:TOWNSUSDT:1790798999999:SHORT,TOWNSUSDT:1790798999999:SHORT,TOWNSUSDT,SHORT,1790799019704,,Validation,META_LOSS,False,False,TRUE_WRONG_DIRECTION,0.267823,-0.739572,-3.110946253998996,-0.6221892507997991,False,<0.30%,1.3391149999999998,1790799659999,10.671583333333333,True,1790799079512,True,True,1790799139512,True,True,1790799199512,True
PAPER:RONINUSDT:1790798999999:SHORT,RONINUSDT:1790798999999:SHORT,RONINUSDT,SHORT,1790799020514,,Validation,META_LOSS,False,False,TRUE_WRONG_DIRECTION,0.313555,-1.068332,-1.1091785055439969,-0.22183570110879938,False,0.30-<0.50%,1.567775,1790799659999,10.658083333333334,True,1790799080304,True,True,1790799140304,True,True,1790799200304,True
PAPER:EPICUSDT:1790798999999:SHORT,EPICUSDT:1790798999999:SHORT,EPICUSDT,SHORT,1790799074800,,Validation,META_LOSS,False,False,TRUE_WRONG_DIRECTION,0.280019,-0.976326,-2.686343209305515,-0.537268641861103,False,<0.30%,1.400095,1790799299999,3.7533166666666666,True,1790799134374,True,True,1790799194374,True,True,1790799254374,True
PAPER:MAGICUSDT:1790799599999:SHORT,MAGICUSDT:1790799599999:SHORT,MAGICUSDT,SHORT,1790799616900,,Validation,META_WIN,True,False,RECOVERED_DRAWDOWN,2.084308,-1.32356,6.226181146674316,1.245236229334863,True,2.00-<3.00%,10.42154,1790800319999,11.718316666666666,True,1790799676679,True,True,1790799736679,True,True,1790799796679,True
PAPER:BERAUSDT:1790799599999:SHORT,BERAUSDT:1790799599999:SHORT,BERAUSDT,SHORT,1790799617665,,Validation,META_LOSS,False,False,RIGHT_THEN_FAILURE,0.732026,-0.811615,-0.9501900380076082,-0.19003800760152162,False,0.50-<1.00%,3.6601299999999997,1790799779999,2.7055666666666665,True,1790799677300,True,True,1790799737300,True,True,1790799797300,False
PAPER:NILUSDT:1790799599999:SHORT,NILUSDT:1790799599999:SHORT,NILUSDT,SHORT,1790799624152,,Validation,META_LOSS,False,False,RIGHT_THEN_FAILURE,0.674661,-1.409334,-1.4215969268014357,-0.2843193853602871,False,0.50-<1.00%,3.3733049999999998,1790800259999,10.59745,True,1790799683959,True,True,1790799743959,True,True,1790799803959,True
PAPER:B2USDT:1790799899999:SHORT,B2USDT:1790799899999:SHORT,B2USDT,SHORT,1790799939798,,Validation,META_WIN,True,False,RIGHT_THEN_FAILURE,2.834312,-3.191467,-0.2557734049781989,-0.05115468099563978,False,2.00-<3.00%,14.171560000000001,1790800199999,4.336683333333333,True,1790799999408,True,True,1790800059408,True,True,1790800119408,True
PAPER:BROCCOLIF3BUSDT:1790799899999:SHORT,BROCCOLIF3BUSDT:1790799899999:SHORT,BROCCOLIF3BUSDT,SHORT,1790799940011,,Validation,META_LOSS,False,False,RIGHT_THEN_FAILURE,0.70612,-3.935378,-5.510590345827085,-1.1021180691654169,False,0.50-<1.00%,3.5305999999999997,1790800019999,1.3331333333333333,True,1790799999608,True,True,1790800059608,False,True,1790800119608,False
PAPER:NMRUSDT:1790800499999:SHORT,NMRUSDT:1790800499999:SHORT,NMRUSDT,SHORT,1790800519643,,Validation,META_LOSS,False,False,RIGHT_THEN_FAILURE,3.539234,-0.977565,-1.537931861571073,-0.3075863723142146,False,3.00-<5.00%,17.69617,1790800679999,2.6726,True,1790800579439,True,True,1790800639439,True,True,1790800699439,False
PAPER:USUSDT:1790800499999:SHORT,USUSDT:1790800499999:SHORT,USUSDT,SHORT,1790800523170,,Validation,META_LOSS,False,False,RIGHT_THEN_FAILURE,0.850669,-0.959717,-2.735421954007646,-0.5470843908015292,False,0.50-<1.00%,4.253345,1790800559999,0.6138166666666667,True,1790800582980,False,True,1790800642980,False,True,1790800702980,False
PAPER:SAGAUSDT:1790801099999:SHORT,SAGAUSDT:1790801099999:SHORT,SAGAUSDT,SHORT,1790801116314,,Validation,META_WIN,True,False,RECOVERED_DRAWDOWN,1.318846,-1.004453,2.695731621718018,0.5391463243436035,True,1.00-<1.50%,6.59423,1790801579999,7.728083333333333,True,1790801176105,True,True,1790801236105,True,True,1790801296105,True
PAPER:1000000MOGUSDT:1790801099999:SHORT,1000000MOGUSDT:1790801099999:SHORT,1000000MOGUSDT,SHORT,1790801120617,,Validation,META_LOSS,False,False,TRUE_WRONG_DIRECTION,0.153944,-0.628821,-2.908962520764982,-0.5817925041529964,False,<0.30%,0.76972,1790801159999,0.6563666666666667,True,1790801180428,False,True,1790801240428,False,True,1790801300428,False
PAPER:SYNUSDT:1790801099999:SHORT,SYNUSDT:1790801099999:SHORT,SYNUSDT,SHORT,1790801121357,,Validation,META_WIN,True,False,RECOVERED_DRAWDOWN,1.884366,-0.46956,2.9715395549614643,0.5943079109922929,True,1.50-<2.00%,9.42183,1790802119999,16.644033333333333,True,1790801181162,True,True,1790801241162,True,True,1790801301162,True
PAPER:LSKUSDT:1790801099999:SHORT,LSKUSDT:1790801099999:SHORT,LSKUSDT,SHORT,1790801123790,,Validation,META_LOSS,False,False,TRUE_WRONG_DIRECTION,0.101569,-0.759864,-3.1840470242859205,-0.6368094048571841,False,<0.30%,0.507845,1790801399999,4.603483333333333,True,1790801183592,True,True,1790801243592,True,True,1790801303592,True
PAPER:CLOUSDT:1790801099999:SHORT,CLOUSDT:1790801099999:SHORT,CLOUSDT,SHORT,1790801165912,,Validation,META_WIN,True,False,RECOVERED_DRAWDOWN,2.152527,-0.35424,5.657235193905942,1.1314470387811884,True,2.00-<3.00%,10.762635,1790802419999,20.90145,True,1790801225715,True,True,1790801285715,True,True,1790801345715,True
PAPER:BRUSDT:1790801399999:SHORT,BRUSDT:1790801399999:SHORT,BRUSDT,SHORT,1790801415093,,Validation,META_LOSS,False,False,TRUE_WRONG_DIRECTION,0.339903,-1.305388,-4.0023034453960165,-0.8004606890792033,False,0.30-<0.50%,1.699515,1790801759999,5.748433333333334,True,1790801474900,True,True,1790801534900,True,True,1790801594900,True
PAPER:MUSDT:1790801399999:SHORT,MUSDT:1790801399999:SHORT,MUSDT,SHORT,1790801528297,,Validation,META_LOSS,False,False,TRUE_WRONG_DIRECTION,0.325664,-1.240008,-1.001071842239974,-0.2002143684479948,False,0.30-<0.50%,1.62832,1790802299999,12.8617,True,1790801588101,True,True,1790801648101,True,True,1790801708101,True
PAPER:GRASSUSDT:1790801699999:SHORT,GRASSUSDT:1790801699999:SHORT,GRASSUSDT,SHORT,1790801714871,,Reserve,META_WIN,True,False,RECOVERED_DRAWDOWN,1.518319,-1.529302,0.9382247822171118,0.18764495644342236,True,1.50-<2.00%,7.591595,1790801759999,0.7521333333333333,True,1790801774680,False,True,1790801834680,False,True,1790801894680,False
PAPER:POWERUSDT:1790801699999:SHORT,POWERUSDT:1790801699999:SHORT,POWERUSDT,SHORT,1790801715358,,Reserve,META_LOSS,False,False,TRUE_WRONG_DIRECTION,0.120326,-1.50516,-0.7746112270507802,-0.15492224541015606,False,<0.30%,0.60163,1790802299999,9.744016666666667,True,1790801775168,True,True,1790801835168,True,True,1790801895168,True
PAPER:哈基米USDT:1790801699999:SHORT,哈基米USDT:1790801699999:SHORT,哈基米USDT,SHORT,1790801719453,,Reserve,META_LOSS,False,False,TRUE_WRONG_DIRECTION,0.1104,-1.356647,-3.2344314527833746,-0.6468862905566749,False,<0.30%,0.552,1790801819999,1.6757666666666666,True,1790801779263,True,True,1790801839263,False,True,1790801899263,False
PAPER:LDOUSDT:1790801699999:SHORT,LDOUSDT:1790801699999:SHORT,LDOUSDT,SHORT,1790801723254,,Reserve,META_WIN,False,True,RIGHT_THEN_FAILURE,0.88947,-0.885114,-0.11756330807074897,-0.02351266161414979,False,0.50-<1.00%,4.44735,1790801879999,2.612416666666667,True,1790801783058,True,True,1790801843058,True,True,1790801903058,False
PAPER:EPICUSDT:1790801699999:SHORT,EPICUSDT:1790801699999:SHORT,EPICUSDT,SHORT,1790801761739,,Reserve,META_LOSS,False,False,TRUE_WRONG_DIRECTION,0.207228,-0.89106,-2.7508202180005017,-0.5501640436001003,False,<0.30%,1.03614,1790802059999,4.971,True,1790801821350,True,True,1790801881350,True,True,1790801941350,True
PAPER:ONEUSDT:1790802599999:SHORT,ONEUSDT:1790802599999:SHORT,ONEUSDT,SHORT,1790802619473,,Reserve,META_LOSS,False,False,RIGHT_THEN_FAILURE,1.55673,-0.757057,-1.0435765759560958,-0.20871531519121916,False,1.50-<2.00%,7.78365,1790803079999,7.675433333333333,True,1790802679276,True,True,1790802739276,True,True,1790802799276,True
PAPER:AVNTUSDT:1790802599999:SHORT,AVNTUSDT:1790802599999:SHORT,AVNTUSDT,SHORT,1790802619968,,Reserve,META_LOSS,False,False,TRUE_WRONG_DIRECTION,0.301755,-0.781239,-1.4411425586410542,-0.28822851172821085,False,0.30-<0.50%,1.508775,1790804339999,28.667183333333334,True,1790802679775,True,True,1790802739775,True,True,1790802799775,True
PAPER:HANAUSDT:1790802599999:SHORT,HANAUSDT:1790802599999:SHORT,HANAUSDT,SHORT,1790802626090,,Reserve,META_LOSS,False,False,TRUE_WRONG_DIRECTION,0.304736,-0.75067,-1.9659676151950904,-0.3931935230390181,False,0.30-<0.50%,1.5236800000000001,1790802719999,1.56515,True,1790802685890,True,True,1790802745890,False,True,1790802805890,False
PAPER:PONSUSDT:1790802599999:SHORT,PONSUSDT:1790802599999:SHORT,PONSUSDT,SHORT,1790802628416,,Reserve,META_LOSS,False,False,TRUE_WRONG_DIRECTION,0.195768,-0.84386,-2.913614984224498,-0.5827229968448995,False,<0.30%,0.9788399999999999,1790802779999,2.5263833333333334,True,1790802688230,True,True,1790802748230,True,True,1790802808230,False
PAPER:BANUSDT:1790802599999:SHORT,BANUSDT:1790802599999:SHORT,BANUSDT,SHORT,1790802631066,,Reserve,META_LOSS,False,False,TRUE_WRONG_DIRECTION,0.108165,-0.532681,-2.5137358021820533,-0.5027471604364107,False,<0.30%,0.540825,1790804099999,24.482216666666666,True,1790802690873,True,True,1790802750873,True,True,1790802810873,True
PAPER:PIXELUSDT:1790802599999:SHORT,PIXELUSDT:1790802599999:SHORT,PIXELUSDT,SHORT,1790802633434,,Reserve,META_LOSS,False,False,TRUE_WRONG_DIRECTION,0.294524,-0.491796,-2.7866818253587846,-0.557336365071757,False,<0.30%,1.47262,1790804339999,28.44275,True,1790802693098,True,True,1790802753098,True,True,1790802813098,True
PAPER:MEUSDT:1790802599999:SHORT,MEUSDT:1790802599999:SHORT,MEUSDT,SHORT,1790802671346,,Reserve,META_LOSS,False,False,TRUE_WRONG_DIRECTION,0.270521,-0.627466,-2.503334607045434,-0.5006669214090868,False,<0.30%,1.352605,1790804399999,28.810883333333333,True,1790802730911,True,True,1790802790911,True,True,1790802850911,True
PAPER:INXUSDT:1790802899999:SHORT,INXUSDT:1790802899999:SHORT,INXUSDT,SHORT,1790802913608,,Reserve,META_LOSS,False,False,TRUE_WRONG_DIRECTION,0.243207,-0.476236,-1.6527517082364025,-0.3305503416472805,False,<0.30%,1.216035,1790804279999,22.773183333333332,True,1790802973418,True,True,1790803033418,True,True,1790803093418,True
PAPER:DRIFTUSDT:1790802899999:SHORT,DRIFTUSDT:1790802899999:SHORT,DRIFTUSDT,SHORT,1790802914882,,Reserve,META_LOSS,False,False,RIGHT_THEN_FAILURE,0.663983,-0.861835,-2.2668002169608297,-0.45336004339216596,False,0.50-<1.00%,3.319915,1790804039999,18.75195,True,1790802974691,True,True,1790803034691,True,True,1790803094691,True
PAPER:XVSUSDT:1790803499999:SHORT,XVSUSDT:1790803499999:SHORT,XVSUSDT,SHORT,1790803514814,,Reserve,META_LOSS,False,False,TRUE_WRONG_DIRECTION,0.172713,-0.708278,-1.9146894407783719,-0.38293788815567437,False,<0.30%,0.863565,1790804039999,8.753083333333333,True,1790803574622,True,True,1790803634622,True,True,1790803694622,True
PAPER:STOUSDT:1790803499999:SHORT,STOUSDT:1790803499999:SHORT,STOUSDT,SHORT,1790803515961,,Reserve,META_LOSS,False,False,TRUE_WRONG_DIRECTION,0.17133,-0.49834,-2.8653509755035,-0.5730701951007,False,<0.30%,0.85665,1790804099999,9.733966666666667,True,1790803575765,True,True,1790803635765,True,True,1790803695765,True
PAPER:ATOMUSDT:1790803499999:SHORT,ATOMUSDT:1790803499999:SHORT,ATOMUSDT,SHORT,1790803568246,,Reserve,META_LOSS,False,False,TRUE_WRONG_DIRECTION,0.038012,-0.774215,-2.9826879093915917,-0.5965375818783183,False,<0.30%,0.19005999999999998,1790804039999,7.86255,True,1790803627885,True,True,1790803687885,True,True,1790803747885,True
PAPER:CCUSDT:1790804399999:SHORT,CCUSDT:1790804399999:SHORT,CCUSDT,SHORT,1790804435526,,Reserve,META_LOSS,False,False,RIGHT_THEN_FAILURE,0.548107,-0.945213,-2.0468737552281473,-0.4093747510456295,False,0.50-<1.00%,2.740535,1790804939999,8.407883333333332,True,1790804495310,True,True,1790804555310,True,True,1790804615310,True
PAPER:EDENUSDT:1790804999999:SHORT,EDENUSDT:1790804999999:SHORT,EDENUSDT,SHORT,1790805015673,,Reserve,META_WIN,True,False,RECOVERED_DRAWDOWN,1.128293,-0.86434,1.1626547620853134,0.23253095241706268,True,1.00-<1.50%,5.641465,1790805899999,14.738766666666667,True,1790805075486,True,True,1790805135486,True,True,1790805195486,True
PAPER:WLFIUSDT:1790804999999:SHORT,WLFIUSDT:1790804999999:SHORT,WLFIUSDT,SHORT,1790805017209,,Reserve,META_LOSS,False,False,STALL_NO_EDGE,0.474419,-0.972227,-3.195538290649631,-0.6391076581299262,False,0.30-<0.50%,2.372095,1790806739999,28.713166666666666,True,1790805077017,True,True,1790805137017,True,True,1790805197017,True
PAPER:POWERUSDT:1790804999999:SHORT,POWERUSDT:1790804999999:SHORT,POWERUSDT,SHORT,1790805063053,,Reserve,META_WIN,True,False,RECOVERED_DRAWDOWN,2.226574,-1.166941,4.523649077551648,0.9047298155103296,True,2.00-<3.00%,11.132869999999999,1790805479999,6.9491,True,1790805122475,True,True,1790805182475,True,True,1790805242475,True
PAPER:AIOTUSDT:1790805299999:SHORT,AIOTUSDT:1790805299999:SHORT,AIOTUSDT,SHORT,1790805316861,,Reserve,META_LOSS,False,False,TRUE_WRONG_DIRECTION,0.062074,-0.857198,-2.223604685240303,-0.4447209370480606,False,<0.30%,0.31037,1790805659999,5.718966666666667,True,1790805376659,True,True,1790805436659,True,True,1790805496659,True
PAPER:BBUSDT:1790805299999:SHORT,BBUSDT:1790805299999:SHORT,BBUSDT,SHORT,1790805324200,,Reserve,META_LOSS,False,False,TRUE_WRONG_DIRECTION,0.332593,-0.447394,-2.3940026788607085,-0.4788005357721417,False,0.30-<0.50%,1.6629650000000002,1790805659999,5.59665,True,1790805384007,True,True,1790805444007,True,True,1790805504007,True
PAPER:THEUSDT:1790805599999:SHORT,THEUSDT:1790805599999:SHORT,THEUSDT,SHORT,1790805621327,,Reserve,META_LOSS,False,False,RIGHT_THEN_FAILURE,0.526044,-0.645961,-0.3502996637942622,-0.07005993275885244,False,0.50-<1.00%,2.6302199999999996,1790806739999,18.64453333333333,True,1790805681137,True,True,1790805741137,True,True,1790805801137,True
PAPER:USUSDT:1790805599999:SHORT,USUSDT:1790805599999:SHORT,USUSDT,SHORT,1790805623513,,Reserve,META_LOSS,False,False,RIGHT_THEN_FAILURE,1.247242,-1.221769,-0.37186925774258506,-0.07437385154851701,False,1.00-<1.50%,6.23621,1790805779999,2.6081,True,1790805683318,True,True,1790805743318,True,True,1790805803318,False
PAPER:COTIUSDT:1790805899999:SHORT,COTIUSDT:1790805899999:SHORT,COTIUSDT,SHORT,1790805921147,,Reserve,META_LOSS,False,False,TRUE_WRONG_DIRECTION,0.003567,-1.449984,-3.978021116792052,-0.7956042233584104,False,<0.30%,0.017835,1790805959999,0.6475333333333333,True,1790805980952,False,True,1790806040952,False,True,1790806100952,False
PAPER:FLUXUSDT:1790805899999:SHORT,FLUXUSDT:1790805899999:SHORT,FLUXUSDT,SHORT,1790805922813,,Reserve,META_LOSS,False,False,TRUE_WRONG_DIRECTION,0.171605,-1.087541,-2.0461400982986735,-0.4092280196597347,False,<0.30%,0.858025,1790806559999,10.619766666666667,True,1790805982610,True,True,1790806042610,True,True,1790806102610,True
PAPER:PENGUUSDT:1790805899999:SHORT,PENGUUSDT:1790805899999:SHORT,PENGUUSDT,SHORT,1790805928087,,Reserve,META_LOSS,False,False,TRUE_WRONG_DIRECTION,0.17051,-1.247763,-2.539317625429805,-0.507863525085961,False,<0.30%,0.8525499999999999,1790806139999,3.5318666666666667,True,1790805987900,True,True,1790806047900,True,True,1790806107900,True
PAPER:APEUSDT:1790805899999:SHORT,APEUSDT:1790805899999:SHORT,APEUSDT,SHORT,1790805928585,,Reserve,META_LOSS,False,False,TRUE_WRONG_DIRECTION,0.317901,-0.898558,-2.6413224367846024,-0.5282644873569206,False,0.30-<0.50%,1.589505,1790806259999,5.5235666666666665,True,1790805988387,True,True,1790806048387,True,True,1790806108387,True
PAPER:METISUSDT:1790805899999:SHORT,METISUSDT:1790805899999:SHORT,METISUSDT,SHORT,1790805929070,,Reserve,META_LOSS,False,False,TRUE_WRONG_DIRECTION,0.0,-1.31257,-2.336398256574345,-0.4672796513148689,False,<0.30%,0.0,1790806259999,5.515483333333333,True,1790805988879,True,True,1790806048879,True,True,1790806108879,True
PAPER:TIAUSDT:1790805899999:SHORT,TIAUSDT:1790805899999:SHORT,TIAUSDT,SHORT,1790805929675,,Reserve,META_LOSS,False,False,TRUE_WRONG_DIRECTION,0.141505,-1.150565,-1.5275547323997598,-0.3055109464799519,False,<0.30%,0.707525,1790806259999,5.5054,True,1790805989485,True,True,1790806049485,True,True,1790806109485,True
PAPER:EIGENUSDT:1790805899999:SHORT,EIGENUSDT:1790805899999:SHORT,EIGENUSDT,SHORT,1790805933123,,Reserve,META_LOSS,False,False,STALL_NO_EDGE,0.480304,-1.145698,-5.853698569017679,-1.1707397138035358,False,0.30-<0.50%,2.40152,1790806199999,4.447933333333333,True,1790805992816,True,True,1790806052816,True,True,1790806112816,True
PAPER:EGLDUSDT:1790805899999:SHORT,EGLDUSDT:1790805899999:SHORT,EGLDUSDT,SHORT,1790805934661,,Reserve,META_LOSS,False,False,TRUE_WRONG_DIRECTION,0.048114,-1.087187,-1.972931629458631,-0.39458632589172615,False,<0.30%,0.24056999999999998,1790806319999,6.4223,True,1790805994471,True,True,1790806054471,True,True,1790806114471,True
PAPER:TNSRUSDT:1790805899999:SHORT,TNSRUSDT:1790805899999:SHORT,TNSRUSDT,SHORT,1790805936687,,Reserve,META_LOSS,False,False,TRUE_WRONG_DIRECTION,0.057812,-0.927862,-2.637813863343277,-0.5275627726686554,False,<0.30%,0.28906,1790806259999,5.388533333333333,True,1790805996488,True,True,1790806056488,True,True,1790806116488,True
PAPER:WCTUSDT:1790805899999:SHORT,WCTUSDT:1790805899999:SHORT,WCTUSDT,SHORT,1790805938408,,Reserve,META_LOSS,False,False,TRUE_WRONG_DIRECTION,0.077672,-0.825829,-2.7833511343381545,-0.5566702268676308,False,<0.30%,0.38836000000000004,1790806439999,8.35985,True,1790805998210,True,True,1790806058210,True,True,1790806118210,True
PAPER:APTUSDT:1790805899999:SHORT,APTUSDT:1790805899999:SHORT,APTUSDT,SHORT,1790805939342,,Reserve,META_LOSS,False,False,TRUE_WRONG_DIRECTION,0.309616,-0.837463,-2.797817947454429,-0.5595635894908858,False,0.30-<0.50%,1.5480800000000001,1790806259999,5.344283333333333,True,1790805999145,True,True,1790806059145,True,True,1790806119145,True
PAPER:POPCATUSDT:1790805899999:SHORT,POPCATUSDT:1790805899999:SHORT,POPCATUSDT,SHORT,1790805941095,,Reserve,META_LOSS,False,False,RIGHT_THEN_FAILURE,0.615716,-1.079538,-2.0107306948677746,-0.4021461389735549,False,0.50-<1.00%,3.07858,1790806379999,7.315066666666667,True,1790806000889,True,True,1790806060889,True,True,1790806120889,True
PAPER:WUSDT:1790805899999:SHORT,WUSDT:1790805899999:SHORT,WUSDT,SHORT,1790805942086,,Reserve,META_LOSS,False,False,TRUE_WRONG_DIRECTION,0.07874,-0.954273,-2.7368724447350212,-0.5473744889470042,False,<0.30%,0.39370000000000005,1790806379999,7.29855,True,1790806001892,True,True,1790806061892,True,True,1790806121892,True
PAPER:DOTUSDT:1790805899999:SHORT,DOTUSDT:1790805899999:SHORT,DOTUSDT,SHORT,1790805945204,,Reserve,META_LOSS,False,False,TRUE_WRONG_DIRECTION,0.177827,-0.836056,-2.229061876739893,-0.4458123753479786,False,<0.30%,0.889135,1790806499999,9.246583333333334,True,1790806005011,True,True,1790806065011,True,True,1790806125011,True
PAPER:FILUSDT:1790805899999:SHORT,FILUSDT:1790805899999:SHORT,FILUSDT,SHORT,1790805945706,,Reserve,META_LOSS,False,False,TRUE_WRONG_DIRECTION,0.048196,-0.945574,-3.1200318416985575,-0.6240063683397115,False,<0.30%,0.24098000000000003,1790806379999,7.238216666666666,True,1790806005510,True,True,1790806065510,True,True,1790806125510,True
PAPER:FETUSDT:1790805899999:SHORT,FETUSDT:1790805899999:SHORT,FETUSDT,SHORT,1790805949809,,Reserve,META_LOSS,False,False,TRUE_WRONG_DIRECTION,0.203955,-1.050215,-1.1743616412489446,-0.23487232824978893,False,<0.30%,1.019775,1790806259999,5.169833333333333,True,1790806009619,True,True,1790806069619,True,True,1790806129619,True
PAPER:PARTIUSDT:1790805899999:SHORT,PARTIUSDT:1790805899999:SHORT,PARTIUSDT,SHORT,1790805952066,,Reserve,META_LOSS,False,False,TRUE_WRONG_DIRECTION,0.209137,-0.707427,-2.479247510441298,-0.4958495020882596,False,<0.30%,1.045685,1790806439999,8.132216666666666,True,1790806011819,True,True,1790806071819,True,True,1790806131819,True
PAPER:WETUSDT:1790805899999:SHORT,WETUSDT:1790805899999:SHORT,WETUSDT,SHORT,1790805961480,,Reserve,META_LOSS,False,False,TRUE_WRONG_DIRECTION,0.212637,-0.919548,-2.7742739216938577,-0.5548547843387716,False,<0.30%,1.063185,1790806739999,12.975316666666666,True,1790806021280,True,True,1790806081280,True,True,1790806141280,True
PAPER:MITOUSDT:1790805899999:SHORT,MITOUSDT:1790805899999:SHORT,MITOUSDT,SHORT,1790805961994,,Reserve,META_LOSS,False,False,TRUE_WRONG_DIRECTION,0.247072,-0.620925,-2.621001753755272,-0.5242003507510544,False,<0.30%,1.23536,1790806679999,11.96675,True,1790806021784,True,True,1790806081784,True,True,1790806141784,True
PAPER:ZECUSDT:1790805899999:SHORT,ZECUSDT:1790805899999:SHORT,ZECUSDT,SHORT,1790805966533,,Reserve,META_LOSS,False,False,STALL_NO_EDGE,0.441745,-1.513563,-6.31385227203597,-1.2627704544071943,False,0.30-<0.50%,2.208725,1790806259999,4.8911,True,1790806025943,True,True,1790806085943,True,True,1790806145943,True
PAPER:HBARUSDT:1790805899999:SHORT,HBARUSDT:1790805899999:SHORT,HBARUSDT,SHORT,1790805966726,,Reserve,META_LOSS,False,False,RIGHT_THEN_FAILURE,0.673787,-1.322051,-0.5458866253010757,-0.10917732506021514,False,0.50-<1.00%,3.368935,1790806619999,10.887883333333333,True,1790806026145,True,True,1790806086145,True,True,1790806146145,True
PAPER:SAGAUSDT:1790805899999:SHORT,SAGAUSDT:1790805899999:SHORT,SAGAUSDT,SHORT,1790805985111,,Reserve,META_LOSS,False,False,RIGHT_THEN_FAILURE,1.005632,-1.619996,-1.3608341643718882,-0.27216683287437765,False,1.00-<1.50%,5.028160000000001,1790806139999,2.5814666666666666,True,1790806044900,True,True,1790806104900,True,True,1790806164900,False
PAPER:SPACEUSDT:1790806199999:SHORT,SPACEUSDT:1790806199999:SHORT,SPACEUSDT,SHORT,1790806221941,,Reserve,META_LOSS,False,False,TRUE_WRONG_DIRECTION,0.172047,-0.3849,-2.7764052090371507,-0.5552810418074301,False,<0.30%,0.8602350000000001,1790806739999,8.6343,True,1790806281748,True,True,1790806341748,True,True,1790806401748,True
PAPER:TRIAUSDT:1790806199999:SHORT,TRIAUSDT:1790806199999:SHORT,TRIAUSDT,SHORT,1790806222427,,Reserve,META_LOSS,False,False,RIGHT_THEN_FAILURE,0.803405,-0.189529,-0.8289853915093216,-0.16579707830186433,False,0.50-<1.00%,4.017025,1790806739999,8.6262,True,1790806282239,True,True,1790806342239,True,True,1790806402239,True
PAPER:4USDT:1790809799999:SHORT,4USDT:1790809799999:SHORT,4USDT,SHORT,1790809822345,,Reserve,META_LOSS,False,False,TRUE_WRONG_DIRECTION,0.250977,-0.9077,-2.3882213434699047,-0.47764426869398097,False,<0.30%,1.254885,1790811539999,28.627566666666667,True,1790809882150,True,True,1790809942150,True,True,1790810002150,True
PAPER:DATAIPUSDT:1790810699999:SHORT,DATAIPUSDT:1790810699999:SHORT,DATAIPUSDT,SHORT,1790810720970,,Reserve,META_WIN,False,True,RIGHT_THEN_FAILURE,0.89677,-0.570068,-1.867834749351287,-0.3735669498702574,False,0.50-<1.00%,4.4838499999999994,1790811599999,14.650483333333334,True,1790810780782,True,True,1790810840782,True,True,1790810900782,True
PAPER:PONSUSDT:1790810999999:SHORT,PONSUSDT:1790810999999:SHORT,PONSUSDT,SHORT,1790811013926,,Reserve,META_LOSS,False,False,TRUE_WRONG_DIRECTION,0.188016,-1.079017,-1.4234129440748158,-0.28468258881496317,False,<0.30%,0.9400799999999999,1790811359999,5.767883333333334,True,1790811073734,True,True,1790811133734,True,True,1790811193734,True
PAPER:牛来USDT:1790811299999:SHORT,牛来USDT:1790811299999:SHORT,牛来USDT,SHORT,1790811327203,,Reserve,META_LOSS,False,False,TRUE_WRONG_DIRECTION,0.189024,-0.590081,-2.828476350014905,-0.5656952700029809,False,<0.30%,0.94512,1790811599999,4.5466,True,1790811387012,True,True,1790811447012,True,True,1790811507012,True
PAPER:HUSDT:1790811599999:SHORT,HUSDT:1790811599999:SHORT,HUSDT,SHORT,1790811613524,,Reserve,META_WIN,True,False,RECOVERED_DRAWDOWN,1.150488,-0.976382,1.5144658855418656,0.3028931771083731,True,1.00-<1.50%,5.75244,1790813099999,24.774583333333332,True,1790811673331,True,True,1790811733331,True,True,1790811793331,True
PAPER:METUSDT:1790812499999:SHORT,METUSDT:1790812499999:SHORT,METUSDT,SHORT,1790812513873,,Reserve,META_LOSS,False,False,RIGHT_THEN_FAILURE,0.676118,-0.684484,-1.74198882009865,-0.34839776401973,False,0.50-<1.00%,3.3805899999999998,1790813039999,8.768766666666666,True,1790812573663,True,True,1790812633663,True,True,1790812693663,True
PAPER:SOPHUSDT:1790812499999:SHORT,SOPHUSDT:1790812499999:SHORT,SOPHUSDT,SHORT,1790812515926,,Reserve,META_LOSS,False,False,STALL_NO_EDGE,0.388241,-0.999792,-3.129565015043842,-0.6259130030087684,False,0.30-<0.50%,1.941205,1790813099999,9.73455,True,1790812575733,True,True,1790812635733,True,True,1790812695733,True
PAPER:APRUSDT:1790812499999:SHORT,APRUSDT:1790812499999:SHORT,APRUSDT,SHORT,1790812516634,,Reserve,META_LOSS,False,False,RIGHT_THEN_FAILURE,0.759741,-4.485816,-1.6597225540076244,-0.3319445108015249,False,0.50-<1.00%,3.798705,1790812559999,0.72275,True,1790812576440,False,True,1790812636440,False,True,1790812696440,False
PAPER:ARKUSDT:1790812799999:SHORT,ARKUSDT:1790812799999:SHORT,ARKUSDT,SHORT,1790812816004,,Reserve,META_LOSS,False,False,RIGHT_THEN_FAILURE,1.148555,-0.755763,-3.7660608603762484,-0.7532121720752497,False,1.00-<1.50%,5.742775,1790812859999,0.73325,True,1790812875810,False,True,1790812935810,False,True,1790812995810,False
PAPER:LSKUSDT:1790813099999:SHORT,LSKUSDT:1790813099999:SHORT,LSKUSDT,SHORT,1790813133810,,Reserve,META_LOSS,False,False,TRUE_WRONG_DIRECTION,0.086901,-1.587939,-1.948914943313535,-0.389782988662707,False,<0.30%,0.43450500000000003,1790813279999,2.4364833333333333,True,1790813193619,True,True,1790813253619,True,True,1790813313619,False
PAPER:SOMIUSDT:1790813099999:SHORT,SOMIUSDT:1790813099999:SHORT,SOMIUSDT,SHORT,1790813137475,,Reserve,META_WIN,False,True,RIGHT_THEN_FAILURE,0.518462,-0.737958,-0.05189449733818438,-0.010378899467636876,False,0.50-<1.00%,2.59231,1790813399999,4.3754,True,1790813197278,True,True,1790813257278,True,True,1790813317278,True
PAPER:ZETAUSDT:1790813099999:SHORT,ZETAUSDT:1790813099999:SHORT,ZETAUSDT,SHORT,1790813147166,,Reserve,META_LOSS,False,False,TRUE_WRONG_DIRECTION,0.096253,-1.105072,-1.4350555843443118,-0.2870111168688624,False,<0.30%,0.48126500000000005,1790813519999,6.213883333333333,True,1790813206977,True,True,1790813266977,True,True,1790813326977,True
PAPER:币安人生USDT:1790813099999:SHORT,币安人生USDT:1790813099999:SHORT,币安人生USDT,SHORT,1790813148480,,Reserve,META_LOSS,False,False,TRUE_WRONG_DIRECTION,0.139804,-0.559357,-3.299604251287636,-0.6599208502575271,False,<0.30%,0.6990200000000001,1790813519999,6.191983333333333,True,1790813208140,True,True,1790813268140,True,True,1790813328140,True
PAPER:AXSUSDT:1790813099999:SHORT,AXSUSDT:1790813099999:SHORT,AXSUSDT,SHORT,1790813155213,,Reserve,META_LOSS,False,False,TRUE_WRONG_DIRECTION,0.214846,-0.394024,-2.3214500159359606,-0.4642900031871921,False,<0.30%,1.07423,1790814119999,16.079766666666668,True,1790813215016,True,True,1790813275016,True,True,1790813335016,True
PAPER:SKYUSDT:1790813099999:SHORT,SKYUSDT:1790813099999:SHORT,SKYUSDT,SHORT,1790813158844,,Reserve,META_LOSS,False,False,TRUE_WRONG_DIRECTION,0.174134,-0.382395,-2.7962553739396,-0.55925107478792,False,<0.30%,0.87067,1790813579999,7.01925,True,1790813218654,True,True,1790813278654,True,True,1790813338654,True
PAPER:OUSDT:1790813099999:SHORT,OUSDT:1790813099999:SHORT,OUSDT,SHORT,1790813162190,,Reserve,META_LOSS,False,False,TRUE_WRONG_DIRECTION,0.0,-0.801268,-2.4960171462085574,-0.4992034292417115,False,<0.30%,0.0,1790813459999,4.9634833333333335,True,1790813221994,True,True,1790813281994,True,True,1790813341994,True
PAPER:TRBUSDT:1790813399999:SHORT,TRBUSDT:1790813399999:SHORT,TRBUSDT,SHORT,1790813417747,,Reserve,META_LOSS,False,False,RIGHT_THEN_FAILURE,0.730362,-1.419726,-0.5650210930903583,-0.11300421861807167,False,0.50-<1.00%,3.65181,1790813519999,1.7042,True,1790813477489,True,True,1790813537489,False,True,1790813597489,False
PAPER:PHAUSDT:1790813399999:SHORT,PHAUSDT:1790813399999:SHORT,PHAUSDT,SHORT,1790813429218,,Reserve,META_WIN,True,False,RECOVERED_DRAWDOWN,1.654134,-1.810942,2.005067668847218,0.4010135337694436,True,1.50-<2.00%,8.270669999999999,1790813459999,0.5130166666666667,True,1790813489025,False,True,1790813549025,False,True,1790813609025,False
PAPER:HBARUSDT:1790813399999:SHORT,HBARUSDT:1790813399999:SHORT,HBARUSDT,SHORT,1790813431558,,Reserve,META_LOSS,False,False,STALL_NO_EDGE,0.461139,-0.770587,-3.598990831935807,-0.7197981663871613,False,0.30-<0.50%,2.305695,1790813999999,9.474016666666667,True,1790813491361,True,True,1790813551361,True,True,1790813611361,True
PAPER:RAREUSDT:1790813399999:SHORT,RAREUSDT:1790813399999:SHORT,RAREUSDT,SHORT,1790813469360,,Reserve,META_LOSS,False,False,TRUE_WRONG_DIRECTION,0.097667,-0.549522,-3.0113819969875726,-0.6022763993975145,False,<0.30%,0.488335,1790814059999,9.843983333333334,True,1790813529161,True,True,1790813589161,True,True,1790813649161,True
PAPER:PHAUSDT:1790813699999:SHORT,PHAUSDT:1790813699999:SHORT,PHAUSDT,SHORT,1790813764914,,Reserve,META_WIN,True,False,RECOVERED_DRAWDOWN,1.716863,-0.398719,1.7621575774222804,0.3524315154844561,True,1.50-<2.00%,8.584315,1790814059999,4.918083333333334,True,1790813824525,True,True,1790813884525,True,True,1790813944525,True
PAPER:MUBARAKUSDT:1790813999999:SHORT,MUBARAKUSDT:1790813999999:SHORT,MUBARAKUSDT,SHORT,1790814016914,,Reserve,META_LOSS,False,False,STALL_NO_EDGE,0.497283,-1.221445,-2.0776116371922564,-0.41552232743845124,False,0.30-<0.50%,2.486415,1790814719999,11.718083333333333,True,1790814076721,True,True,1790814136721,True,True,1790814196721,True
PAPER:ZECUSDT:1790813999999:SHORT,ZECUSDT:1790813999999:SHORT,ZECUSDT,SHORT,1790814018026,,Reserve,META_LOSS,False,False,STALL_NO_EDGE,0.372803,-1.158299,-2.5303085091269493,-0.5060617018253898,False,0.30-<0.50%,1.864015,1790814119999,1.69955,True,1790814077781,True,True,1790814137781,False,True,1790814197781,False
PAPER:FLUXUSDT:1790813999999:SHORT,FLUXUSDT:1790813999999:SHORT,FLUXUSDT,SHORT,1790814018769,,Reserve,META_LOSS,False,False,TRUE_WRONG_DIRECTION,0.34857,-0.566039,-2.5215329301700136,-0.5043065860340027,False,0.30-<0.50%,1.74285,1790815259999,20.687166666666666,True,1790814078536,True,True,1790814138536,True,True,1790814198536,True
PAPER:POWERUSDT:1790814599999:SHORT,POWERUSDT:1790814599999:SHORT,POWERUSDT,SHORT,1790814616796,,Reserve,META_LOSS,False,False,RIGHT_THEN_FAILURE,0.620913,-1.240211,-0.14828277115677446,-0.029656554231354892,False,0.50-<1.00%,3.104565,1790815139999,8.72005,True,1790814676471,True,True,1790814736471,True,True,1790814796471,True
PAPER:LAUSDT:1790814599999:SHORT,LAUSDT:1790814599999:SHORT,LAUSDT,SHORT,1790814621534,,Reserve,META_LOSS,False,False,RIGHT_THEN_FAILURE,0.763556,-1.616145,-1.8579500663660253,-0.37159001327320507,False,0.50-<1.00%,3.81778,1790814719999,1.6410833333333332,True,1790814681331,True,True,1790814741331,False,True,1790814801331,False
PAPER:LSKUSDT:1790814599999:SHORT,LSKUSDT:1790814599999:SHORT,LSKUSDT,SHORT,1790814671012,,Reserve,META_LOSS,False,False,RIGHT_THEN_FAILURE,2.739019,-2.739198,-0.7871008144939986,-0.15742016289879973,False,2.00-<3.00%,13.695094999999998,1790814719999,0.81645,True,1790814730824,False,True,1790814790824,False,True,1790814850824,False
PAPER:SUSDT:1790814899999:SHORT,SUSDT:1790814899999:SHORT,SUSDT,SHORT,1790814919224,,Reserve,META_LOSS,False,False,TRUE_WRONG_DIRECTION,0.004704,-1.107178,-2.928748101398882,-0.5857496202797764,False,<0.30%,0.02352,1790814959999,0.6795833333333333,True,1790814979012,False,True,1790815039012,False,True,1790815099012,False
PAPER:JCTUSDT:1790815199999:SHORT,JCTUSDT:1790815199999:SHORT,JCTUSDT,SHORT,1790815229096,,Reserve,META_LOSS,False,False,TRUE_WRONG_DIRECTION,0.328295,-0.716603,-4.291231643020389,-0.8582463286040777,False,0.30-<0.50%,1.641475,1790815559999,5.51505,True,1790815288906,True,True,1790815348906,True,True,1790815408906,True
PAPER:0GUSDT:1790815499999:SHORT,0GUSDT:1790815499999:SHORT,0GUSDT,SHORT,1790815519164,,Reserve,META_WIN,True,False,CORRECT_RUNNER,1.05548,-0.313318,0.028451584745072533,0.0056903169490145076,True,1.00-<1.50%,5.2774,1790815799999,4.680583333333334,True,1790815578969,True,True,1790815638969,True,True,1790815698969,True
PAPER:RSRUSDT:1790815499999:SHORT,RSRUSDT:1790815499999:SHORT,RSRUSDT,SHORT,1790815519666,,Reserve,META_LOSS,False,False,TRUE_WRONG_DIRECTION,0.336362,-0.970313,-2.5850852548775727,-0.5170170509755145,False,0.30-<0.50%,1.68181,1790816819999,21.672216666666667,True,1790815579474,True,True,1790815639474,True,True,1790815699474,True
PAPER:USUSDT:1790815799999:SHORT,USUSDT:1790815799999:SHORT,USUSDT,SHORT,1790815814778,,Reserve,META_LOSS,False,False,RIGHT_THEN_FAILURE,1.042465,-1.728517,-1.0281005734221202,-0.20562011468442404,False,1.00-<1.50%,5.212325,1790815979999,2.7536833333333335,True,1790815874583,True,True,1790815934583,True,True,1790815994583,False
PAPER:ALICEUSDT:1790816099999:SHORT,ALICEUSDT:1790816099999:SHORT,ALICEUSDT,SHORT,1790816115725,,Reserve,META_LOSS,False,False,TRUE_WRONG_DIRECTION,0.099494,-0.736993,-3.491939808212545,-0.6983879616425089,False,<0.30%,0.49746999999999997,1790816579999,7.7379,True,1790816175533,True,True,1790816235533,True,True,1790816295533,True
PAPER:CYBERUSDT:1790816099999:SHORT,CYBERUSDT:1790816099999:SHORT,CYBERUSDT,SHORT,1790816121915,,Reserve,META_WIN,False,True,RIGHT_THEN_FAILURE,0.595883,-0.759068,-1.2584259924645307,-0.2516851984929061,False,0.50-<1.00%,2.9794150000000004,1790817539999,23.634733333333333,True,1790816181718,True,True,1790816241718,True,True,1790816301718,True
PAPER:HANAUSDT:1790816699999:SHORT,HANAUSDT:1790816699999:SHORT,HANAUSDT,SHORT,1790816723086,,Reserve,META_LOSS,False,False,TRUE_WRONG_DIRECTION,0.301088,-0.74246,-2.3563001223839777,-0.47126002447679555,False,0.30-<0.50%,1.5054400000000001,1790816879999,2.6152166666666665,True,1790816782869,True,True,1790816842869,True,True,1790816902869,False
PAPER:ONUSDT:1790816699999:SHORT,ONUSDT:1790816699999:SHORT,ONUSDT,SHORT,1790816734756,,Reserve,META_WIN,True,False,RECOVERED_DRAWDOWN,1.147195,-0.379142,2.8692795448676733,0.5738559089735348,True,1.00-<1.50%,5.735975,1790818019999,21.420716666666667,True,1790816794563,True,True,1790816854563,True,True,1790816914563,True
PAPER:GTCUSDT:1790818199999:SHORT,GTCUSDT:1790818199999:SHORT,GTCUSDT,SHORT,1790818231520,,Reserve,META_WIN,False,True,RIGHT_THEN_FAILURE,0.609053,-0.851638,-0.9235097699104136,-0.1847019539820827,False,0.50-<1.00%,3.0452649999999997,1790819579999,22.47465,True,1790818291320,True,True,1790818351320,True,True,1790818411320,True
PAPER:ARUSDT:1790818499999:SHORT,ARUSDT:1790818499999:SHORT,ARUSDT,SHORT,1790818562950,,Reserve,META_LOSS,False,False,RIGHT_THEN_FAILURE,0.523583,-0.390631,-1.5066594933364095,-0.3013318986672819,False,0.50-<1.00%,2.617915,1790819459999,14.950816666666666,True,1790818622406,True,True,1790818682406,True,True,1790818742406,True
PAPER:XVSUSDT:1790818499999:SHORT,XVSUSDT:1790818499999:SHORT,XVSUSDT,SHORT,1790818563234,,Reserve,META_WIN,False,True,CORRECT_RUNNER,0.854249,-0.293208,0.28039633466168246,0.056079266932336495,True,0.50-<1.00%,4.271245,1790820179999,26.946083333333334,True,1790818622633,True,True,1790818682633,True,True,1790818742633,True
PAPER:BERAUSDT:1790818799999:SHORT,BERAUSDT:1790818799999:SHORT,BERAUSDT,SHORT,1790818817060,,Reserve,META_LOSS,False,False,TRUE_WRONG_DIRECTION,0.181487,-1.511035,-2.563647540144559,-0.5127295080289118,False,<0.30%,0.907435,1790819759999,15.71565,True,1790818876866,True,True,1790818936866,True,True,1790818996866,True
PAPER:WUSDT:1790818799999:SHORT,WUSDT:1790818799999:SHORT,WUSDT,SHORT,1790818825587,,Reserve,META_WIN,False,True,RIGHT_THEN_FAILURE,0.864465,-0.634635,-0.3874931067598093,-0.07749862135196185,False,0.50-<1.00%,4.322325,1790820119999,21.573533333333334,True,1790818885393,True,True,1790818945393,True,True,1790819005393,True
PAPER:CROSSUSDT:1790818799999:SHORT,CROSSUSDT:1790818799999:SHORT,CROSSUSDT,SHORT,1790818829527,,Reserve,META_LOSS,False,False,RECOVERED_DRAWDOWN,1.587872,-0.524719,0.18649670407701735,0.03729934081540347,True,1.50-<2.00%,7.93936,1790819279999,7.507866666666667,True,1790818889205,True,True,1790818949205,True,True,1790819009205,True
PAPER:XNYUSDT:1790819099999:SHORT,XNYUSDT:1790819099999:SHORT,XNYUSDT,SHORT,1790819117209,,Reserve,META_LOSS,False,False,STALL_NO_EDGE,0.396387,-0.895861,-3.285632713321304,-0.6571265426642608,False,0.30-<0.50%,1.981935,1790820359999,20.713166666666666,True,1790819177016,True,True,1790819237016,True,True,1790819297016,True
PAPER:BREVUSDT:1790819099999:SHORT,BREVUSDT:1790819099999:SHORT,BREVUSDT,SHORT,1790819118576,,Reserve,META_LOSS,False,False,TRUE_WRONG_DIRECTION,0.313857,-0.595626,-1.5263585348285027,-0.30527170696570055,False,0.30-<0.50%,1.569285,1790820539999,23.690383333333333,True,1790819178305,True,True,1790819238305,True,True,1790819298305,True
PAPER:USUSDT:1790819099999:SHORT,USUSDT:1790819099999:SHORT,USUSDT,SHORT,1790819119281,,Reserve,META_LOSS,False,False,TRUE_WRONG_DIRECTION,0.331813,-3.4902,-7.012796264784984,-1.4025592529569968,False,0.30-<0.50%,1.659065,1790819159999,0.6786333333333333,True,1790819179088,False,True,1790819239088,False,True,1790819299088,False
PAPER:MTLUSDT:1790819099999:SHORT,MTLUSDT:1790819099999:SHORT,MTLUSDT,SHORT,1790819127346,,Reserve,META_WIN,True,False,RECOVERED_DRAWDOWN,1.02251,-0.479937,2.195668758981781,0.4391337517963562,True,1.00-<1.50%,5.112550000000001,1790819999999,14.544216666666667,True,1790819187156,True,True,1790819247156,True,True,1790819307156,True
PAPER:NILUSDT:1790819399999:SHORT,NILUSDT:1790819399999:SHORT,NILUSDT,SHORT,1790819418527,,Reserve,META_LOSS,False,False,RECOVERED_DRAWDOWN,1.040154,-0.832792,1.0247562423213883,0.20495124846427765,True,1.00-<1.50%,5.20077,1790819459999,0.6912,True,1790819478194,False,True,1790819538194,False,True,1790819598194,False
PAPER:USUSDT:1790819699999:SHORT,USUSDT:1790819699999:SHORT,USUSDT,SHORT,1790819716655,,Reserve,META_WIN,True,False,RECOVERED_DRAWDOWN,2.611257,-2.165926,4.81116220537176,0.962232441074352,True,2.00-<3.00%,13.056285,1790819939999,3.7224,True,1790819776463,True,True,1790819836463,True,True,1790819896463,True
PAPER:NOMUSDT:1790819699999:SHORT,NOMUSDT:1790819699999:SHORT,NOMUSDT,SHORT,1790819721911,,Reserve,META_LOSS,False,False,RIGHT_THEN_FAILURE,0.846345,-1.62275,-0.9501900380076234,-0.19003800760152467,False,0.50-<1.00%,4.231725,1790820059999,5.6348,True,1790819781716,True,True,1790819841716,True,True,1790819901716,True
PAPER:SPKUSDT:1790819699999:SHORT,SPKUSDT:1790819699999:SHORT,SPKUSDT,SHORT,1790819729829,,Reserve,META_WIN,False,True,RIGHT_THEN_FAILURE,0.881446,-0.634629,-0.23244601296332226,-0.04648920259266445,False,0.50-<1.00%,4.40723,1790821319999,26.502833333333335,True,1790819789626,True,True,1790819849626,True,True,1790819909626,True
PAPER:PONSUSDT:1790819999999:SHORT,PONSUSDT:1790819999999:SHORT,PONSUSDT,SHORT,1790820021222,,Reserve,META_LOSS,False,False,TRUE_WRONG_DIRECTION,0.342111,-0.725176,-2.85786987809146,-0.571573975618292,False,0.30-<0.50%,1.710555,1790820539999,8.646283333333333,True,1790820081027,True,True,1790820141027,True,True,1790820201027,True
PAPER:USUSDT:1790819999999:SHORT,USUSDT:1790819999999:SHORT,USUSDT,SHORT,1790820115275,,Reserve,META_LOSS,False,False,RIGHT_THEN_FAILURE,1.617011,-0.984384,-1.5585701911894425,-0.3117140382378885,False,1.50-<2.00%,8.085055,1790820179999,1.0787333333333333,True,1790820175062,True,True,1790820235062,False,True,1790820295062,False
PAPER:COTIUSDT:1790820299999:SHORT,COTIUSDT:1790820299999:SHORT,COTIUSDT,SHORT,1790820318291,,Reserve,META_WIN,False,True,RIGHT_THEN_FAILURE,0.828458,-1.368452,-0.9691469110681756,-0.1938293822136351,False,0.50-<1.00%,4.14229,1790821559999,20.695133333333334,True,1790820378009,True,True,1790820438009,True,True,1790820498009,True
PAPER:GRASSUSDT:1790820299999:SHORT,GRASSUSDT:1790820299999:SHORT,GRASSUSDT,SHORT,1790820323716,,Reserve,META_LOSS,False,False,STALL_NO_EDGE,0.356011,-1.075739,-2.940620594115941,-0.5881241188231882,False,0.30-<0.50%,1.7800550000000002,1790820539999,3.6047166666666666,True,1790820383489,True,True,1790820443489,True,True,1790820503489,True
PAPER:ZAMAUSDT:1790820299999:SHORT,ZAMAUSDT:1790820299999:SHORT,ZAMAUSDT,SHORT,1790820324221,,Reserve,META_LOSS,False,False,TRUE_WRONG_DIRECTION,0.211375,-0.919811,-2.815847474211391,-0.5631694948422782,False,<0.30%,1.056875,1790820539999,3.5963,True,1790820384026,True,True,1790820444026,True,True,1790820504026,True
PAPER:XANUSDT:1790820299999:SHORT,XANUSDT:1790820299999:SHORT,XANUSDT,SHORT,1790820329437,,Reserve,META_LOSS,False,False,STALL_NO_EDGE,0.375989,-0.558555,-2.0798434481020722,-0.41596868962041444,False,0.30-<0.50%,1.8799450000000002,1790821919999,26.509366666666665,True,1790820389248,True,True,1790820449248,True,True,1790820509248,True
PAPER:LINKUSDT:1790820299999:SHORT,LINKUSDT:1790820299999:SHORT,LINKUSDT,SHORT,1790820382100,,Reserve,META_LOSS,False,False,TRUE_WRONG_DIRECTION,0.218322,-0.826108,-2.8796620018516115,-0.5759324003703223,False,<0.30%,1.09161,1790820539999,2.63165,True,1790820441905,True,True,1790820501905,True,True,1790820561905,False
PAPER:PLAYUSDT:1790820899999:SHORT,PLAYUSDT:1790820899999:SHORT,PLAYUSDT,SHORT,1790820916132,,Reserve,META_LOSS,False,False,RIGHT_THEN_FAILURE,0.920623,-1.211465,-0.1655894266627762,-0.03311788533255524,False,0.50-<1.00%,4.603115,1790821859999,15.731116666666667,True,1790820975908,True,True,1790821035908,True,True,1790821095908,True
PAPER:ZESTUSDT:1790820899999:SHORT,ZESTUSDT:1790820899999:SHORT,ZESTUSDT,SHORT,1790820916763,,Reserve,META_WIN,False,True,RIGHT_THEN_FAILURE,0.797886,-1.376118,-0.976598647347547,-0.19531972946950937,False,0.50-<1.00%,3.98943,1790821019999,1.7206,True,1790820976536,True,True,1790821036536,False,True,1790821096536,False
PAPER:GWEIUSDT:1790820899999:SHORT,GWEIUSDT:1790820899999:SHORT,GWEIUSDT,SHORT,1790820967058,,Reserve,META_LOSS,False,False,STALL_NO_EDGE,0.481007,-1.340851,-5.73711125421798,-1.147422250843596,False,0.30-<0.50%,2.4050350000000003,1790821799999,13.88235,True,1790821026621,True,True,1790821086621,True,True,1790821146621,True
PAPER:AINUSDT:1790820899999:SHORT,AINUSDT:1790820899999:SHORT,AINUSDT,SHORT,1790820967272,,Reserve,META_LOSS,False,False,TRUE_WRONG_DIRECTION,0.287615,-0.723132,-3.1495537903714013,-0.6299107580742802,False,<0.30%,1.438075,1790821739999,12.878783333333333,True,1790821026834,True,True,1790821086834,True,True,1790821146834,True
PAPER:INITUSDT:1790821199999:SHORT,INITUSDT:1790821199999:SHORT,INITUSDT,SHORT,1790821217028,,Reserve,META_LOSS,False,False,TRUE_WRONG_DIRECTION,0.262373,-0.974245,-3.094398406550434,-0.6188796813100869,False,<0.30%,1.311865,1790821259999,0.7161833333333333,True,1790821276760,False,True,1790821336760,False,True,1790821396760,False
PAPER:2ZUSDT:1790821199999:SHORT,2ZUSDT:1790821199999:SHORT,2ZUSDT,SHORT,1790821218150,,Reserve,META_WIN,False,True,RIGHT_THEN_FAILURE,0.862373,-0.971587,-0.6904208682940556,-0.13808417365881112,False,0.50-<1.00%,4.311865,1790821319999,1.6974833333333332,True,1790821277561,True,True,1790821337561,False,True,1790821397561,False
PAPER:POWERUSDT:1790821199999:SHORT,POWERUSDT:1790821199999:SHORT,POWERUSDT,SHORT,1790821222084,,Reserve,META_LOSS,False,False,STALL_NO_EDGE,0.418241,-1.860633,-7.09144800292046,-1.4182896005840921,False,0.30-<0.50%,2.091205,1790821559999,5.631916666666666,True,1790821281819,True,True,1790821341819,True,True,1790821401819,True
PAPER:AEROUSDT:1790821199999:SHORT,AEROUSDT:1790821199999:SHORT,AEROUSDT,SHORT,1790821228375,,Reserve,META_LOSS,False,False,TRUE_WRONG_DIRECTION,0.202016,-0.698398,-3.049037794980422,-0.6098075589960845,False,<0.30%,1.01008,1790822159999,15.527066666666666,True,1790821288108,True,True,1790821348108,True,True,1790821408108,True
PAPER:AZTECUSDT:1790821199999:SHORT,AZTECUSDT:1790821199999:SHORT,AZTECUSDT,SHORT,1790821276400,,Reserve,META_LOSS,False,False,RIGHT_THEN_FAILURE,0.67781,-1.706388,-0.6591579507762163,-0.13183159015524326,False,0.50-<1.00%,3.38905,1790822039999,12.72665,True,1790821336190,True,True,1790821396190,True,True,1790821456190,True
PAPER:CLOUSDT:1790821199999:SHORT,CLOUSDT:1790821199999:SHORT,CLOUSDT,SHORT,1790821330601,,Reserve,META_LOSS,False,False,TRUE_WRONG_DIRECTION,0.325309,-0.848756,-4.752245684766101,-0.9504491369532202,False,0.30-<0.50%,1.6265450000000001,1790821739999,6.8233,True,1790821390383,True,True,1790821450383,True,True,1790821510383,True
PAPER:2ZUSDT:1790821499999:SHORT,2ZUSDT:1790821499999:SHORT,2ZUSDT,SHORT,1790821518979,,Reserve,META_LOSS,False,False,TRUE_WRONG_DIRECTION,0.243253,-1.494242,-3.673094212630835,-0.7346188425261669,False,<0.30%,1.216265,1790821559999,0.6836666666666666,True,1790821578318,False,True,1790821638318,False,True,1790821698318,False
PAPER:CGPTUSDT:1790821499999:SHORT,CGPTUSDT:1790821499999:SHORT,CGPTUSDT,SHORT,1790821522698,,Reserve,META_LOSS,False,False,RIGHT_THEN_FAILURE,0.596859,-2.002779,-1.2809665953013876,-0.25619331906027754,False,0.50-<1.00%,2.9842950000000004,1790822099999,9.621683333333333,True,1790821582438,True,True,1790821642438,True,True,1790821702438,True
PAPER:HANAUSDT:1790821499999:SHORT,HANAUSDT:1790821499999:SHORT,HANAUSDT,SHORT,1790821527257,,Reserve,META_LOSS,False,False,TRUE_WRONG_DIRECTION,0.141319,-0.907278,-2.9686383849349682,-0.5937276769869936,False,<0.30%,0.706595,1790821919999,6.5457,True,1790821586963,True,True,1790821646963,True,True,1790821706963,True
PAPER:FUSDT:1790821499999:SHORT,FUSDT:1790821499999:SHORT,FUSDT,SHORT,1790821532167,,Reserve,META_LOSS,False,False,TRUE_WRONG_DIRECTION,0.149857,-0.78438,-3.358845070740731,-0.6717690141481462,False,<0.30%,0.749285,1790821859999,5.463866666666667,True,1790821591835,True,True,1790821651835,True,True,1790821711835,True
PAPER:PROMPTUSDT:1790821499999:SHORT,PROMPTUSDT:1790821499999:SHORT,PROMPTUSDT,SHORT,1790821536151,,Reserve,META_WIN,True,False,RECOVERED_DRAWDOWN,14.917735,-0.648453,12.840426603928815,2.5680853207857632,True,>=5.00%,74.588675,1790822759999,20.397466666666666,True,1790821595848,True,True,1790821655848,True,True,1790821715848,True
PAPER:PHAROSUSDT:1790821499999:SHORT,PHAROSUSDT:1790821499999:SHORT,PHAROSUSDT,SHORT,1790821539233,,Reserve,META_LOSS,False,False,TRUE_WRONG_DIRECTION,0.313767,-0.854431,-4.0822650591019505,-0.8164530118203901,False,0.30-<0.50%,1.568835,1790821799999,4.3461,True,1790821598970,True,True,1790821658970,True,True,1790821718970,True
PAPER:COAIUSDT:1790821499999:SHORT,COAIUSDT:1790821499999:SHORT,COAIUSDT,SHORT,1790821544784,,Reserve,META_LOSS,False,False,TRUE_WRONG_DIRECTION,0.166775,-0.486951,-2.5860566721187204,-0.5172113344237441,False,<0.30%,0.833875,1790821799999,4.253583333333333,True,1790821604508,True,True,1790821664508,True,True,1790821724508,True
PAPER:LDOUSDT:1790822399999:SHORT,LDOUSDT:1790822399999:SHORT,LDOUSDT,SHORT,1790822462050,,Reserve,META_WIN,True,False,RECOVERED_DRAWDOWN,2.490021,-1.252605,3.536255761123047,0.7072511522246094,True,2.00-<3.00%,12.450105,1790822579999,1.9658166666666668,True,1790822521760,True,True,1790822581760,False,True,1790822641760,False
PAPER:XVSUSDT:1790823299999:SHORT,XVSUSDT:1790823299999:SHORT,XVSUSDT,SHORT,1790823319100,,Reserve,META_LOSS,False,False,RIGHT_THEN_FAILURE,0.76162,-1.862404,-2.9061076100232306,-0.581221522004646,False,0.50-<1.00%,3.8080999999999996,1790823479999,2.68165,True,1790823378860,True,True,1790823438860,True,True,1790823498860,False
PAPER:OUSDT:1790823299999:SHORT,OUSDT:1790823299999:SHORT,OUSDT,SHORT,1790823364883,,Reserve,META_LOSS,False,False,TRUE_WRONG_DIRECTION,0.182168,-0.718416,-2.9278391717483325,-0.5855678343496665,False,<0.30%,0.91084,1790823779999,6.9186,True,1790823424002,True,True,1790823484002,True,True,1790823544002,True
PAPER:SPORTFUNUSDT:1790823299999:SHORT,SPORTFUNUSDT:1790823299999:SHORT,SPORTFUNUSDT,SHORT,1790823365268,,Reserve,META_LOSS,False,False,TRUE_WRONG_DIRECTION,0.037118,-0.93395,-3.237226885696961,-0.6474453771393921,False,<0.30%,0.18558999999999998,1790823539999,2.912183333333333,True,1790823424616,True,True,1790823484616,True,True,1790823544616,False
PAPER:NMRUSDT:1790823899999:SHORT,NMRUSDT:1790823899999:SHORT,NMRUSDT,SHORT,1790823932974,,Reserve,META_WIN,True,False,RECOVERED_DRAWDOWN,1.331497,-0.673379,1.871844590394668,0.37436891807893363,True,1.00-<1.50%,6.657484999999999,1790824199999,4.4504166666666665,True,1790823992776,True,True,1790824052776,True,True,1790824112776,True
PAPER:NOMUSDT:1790824799999:SHORT,NOMUSDT:1790824799999:SHORT,NOMUSDT,SHORT,1790824827692,,Reserve,META_LOSS,False,False,TRUE_WRONG_DIRECTION,0.149163,-1.83855,-0.5268706383982853,-0.10537412767965706,False,<0.30%,0.7458149999999999,1790825039999,3.53845,True,1790824887416,True,True,1790824947416,True,True,1790825007416,True
PAPER:LDOUSDT:1790825099999:SHORT,LDOUSDT:1790825099999:SHORT,LDOUSDT,SHORT,1790825113973,,Reserve,META_LOSS,False,False,RIGHT_THEN_FAILURE,0.505095,-0.887559,-1.9785344137989818,-0.3957068827597964,False,0.50-<1.00%,2.5254749999999997,1790825579999,7.7671,True,1790825173761,True,True,1790825233761,True,True,1790825293761,True
PAPER:HUSDT:1790825399999:SHORT,HUSDT:1790825399999:SHORT,HUSDT,SHORT,1790825466000,,Reserve,META_LOSS,False,False,TRUE_WRONG_DIRECTION,0.109165,-0.852428,-2.781825472929299,-0.5563650945858598,False,<0.30%,0.545825,1790825699999,3.899983333333333,True,1790825525521,True,True,1790825585521,True,True,1790825645521,True