position_id,symbol,split,primary_meta_label,strong_win,router_probability_lane1,router_lane,anatomy_lane,t3_causal,t3_confirm_side_return_pct,selected,selection_reason,historical_realized_pnl_usdt,historical_realized_pnl_pct,historical_max_mfe_pct,historical_realized_positive,peak_mfe_equiv_usdt
PAPER:AGTUSDT:1790659799999:SHORT,AGTUSDT,Discovery,META_LOSS,False,0.8894989711299541,1,1,True,0.02771772271189521,False,ROUTE1_T3_THRESHOLD_FAIL,-1.6300554493902397,-0.32601108987804794,0.340398,False,1.70199
PAPER:SAHARAUSDT:1790660099999:SHORT,SAHARAUSDT,Discovery,META_LOSS,False,0.9087298606127056,1,1,False,-0.011196954428416284,False,ROUTE1_T3_NOT_CAUSAL,-5.630296226359761,-1.126059245271952,0.05839,False,0.29195
PAPER:COTIUSDT:1790660099999:SHORT,COTIUSDT,Discovery,META_LOSS,False,0.00684792207218093,0,0,True,0.02402306213966643,False,ROUTE0_NO_ACCEPTED_SELECTOR,-3.716020284053533,-0.7432040568107066,0.116154,False,0.58077
PAPER:INUSDT:1790660099999:SHORT,INUSDT,Discovery,META_LOSS,False,0.8614810642779094,1,1,True,0.08112493239589291,True,OPEN_ROUTE1_T3_PASS,-4.808057240842453,-0.9616114481684908,0.385702,False,1.92851
PAPER:SNXUSDT:1790660099999:SHORT,SNXUSDT,Discovery,META_LOSS,False,0.9405989276009872,1,1,True,0.16687526074258274,True,OPEN_ROUTE1_T3_PASS,-5.540708662783002,-1.1081417325566003,0.313535,False,1.567675
PAPER:METISUSDT:1790660099999:SHORT,METISUSDT,Discovery,META_LOSS,False,0.8320483359844654,1,1,True,0.3903903903903827,True,OPEN_ROUTE1_T3_PASS,-5.384714994800708,-1.0769429989601418,0.370464,False,1.8523200000000002
PAPER:ACTUSDT:1790660099999:SHORT,ACTUSDT,Discovery,META_LOSS,False,0.7674843853910361,1,1,True,0.19102196752627254,True,OPEN_ROUTE1_T3_PASS,-5.230040965443713,-1.0460081930887426,0.199757,False,0.9987849999999999
PAPER:APEUSDT:1790660099999:SHORT,APEUSDT,Discovery,META_LOSS,False,0.8883587076356766,1,1,True,0.3477051460361591,True,OPEN_ROUTE1_T3_PASS,-5.4755568464178745,-1.095111369283575,0.60599,False,3.0299500000000004
PAPER:IOSTUSDT:1790660099999:SHORT,IOSTUSDT,Discovery,META_LOSS,False,0.9420796671128369,1,1,True,0.17152658662092923,True,OPEN_ROUTE1_T3_PASS,-5.188469679061619,-1.0376939358123238,0.174543,False,0.872715
PAPER:AUCTIONUSDT:1790660099999:SHORT,AUCTIONUSDT,Discovery,META_LOSS,False,0.9517788440332061,1,1,True,0.13747594171019673,True,OPEN_ROUTE1_T3_PASS,-4.597493457311149,-0.9194986914622297,0.172501,False,0.862505
PAPER:GRAMUSDT:1790660099999:SHORT,GRAMUSDT,Discovery,META_LOSS,False,0.9210508883182462,1,1,True,0.1948051948052032,True,OPEN_ROUTE1_T3_PASS,-5.500873583807684,-1.100174716761537,0.304736,False,1.5236800000000001
PAPER:NEOUSDT:1790660099999:SHORT,NEOUSDT,Discovery,META_LOSS,False,0.9047163696905631,1,1,True,0.283286118980175,True,OPEN_ROUTE1_T3_PASS,-5.5063962580137265,-1.1012792516027452,0.384608,False,1.92304
PAPER:MOVEUSDT:1790660099999:SHORT,MOVEUSDT,Discovery,META_LOSS,False,0.9510152321590133,1,1,True,0.275893780894354,True,OPEN_ROUTE1_T3_PASS,-5.957668655152153,-1.1915337310304306,0.244508,False,1.22254
PAPER:DUSKUSDT:1790660099999:SHORT,DUSKUSDT,Discovery,META_LOSS,False,0.9066936496931537,1,1,True,0.0978114683946707,True,OPEN_ROUTE1_T3_PASS,-4.255124658627688,-0.8510249317255376,0.200116,False,1.00058
PAPER:GMTUSDT:1790660099999:SHORT,GMTUSDT,Discovery,META_LOSS,False,0.9152268421948742,1,1,True,0.2563789525088511,True,OPEN_ROUTE1_T3_PASS,-6.81917125975257,-1.363834251950514,0.23652,False,1.1826
PAPER:VELVETUSDT:1790660099999:SHORT,VELVETUSDT,Discovery,META_LOSS,False,0.8374620563450661,1,1,True,0.12984603969579123,True,OPEN_ROUTE1_T3_PASS,-6.711404402655136,-1.3422808805310271,0.091398,False,0.45698999999999995
PAPER:CTSIUSDT:1790660099999:SHORT,CTSIUSDT,Discovery,META_LOSS,False,0.9137471173566377,1,1,True,-0.0,False,ROUTE1_T3_THRESHOLD_FAIL,-4.705845268732116,-0.9411690537464231,0.230135,False,1.1506750000000001
PAPER:FRAXUSDT:1790660399999:SHORT,FRAXUSDT,Discovery,META_LOSS,False,0.42598107029723786,0,0,True,-0.3030303030303161,False,ROUTE0_NO_ACCEPTED_SELECTOR,-3.814470829204555,-0.762894165840911,0.114658,False,0.57329
PAPER:BOMEUSDT:1790660399999:SHORT,BOMEUSDT,Discovery,META_LOSS,False,0.2686497329461883,0,0,True,-0.31732599957690066,False,ROUTE0_NO_ACCEPTED_SELECTOR,-8.462521150393663,-1.6925042300787325,0.349971,False,1.749855
PAPER:QUSDT:1790660699999:SHORT,QUSDT,Discovery,META_LOSS,False,0.0022122610286337886,0,0,True,0.49230218403150117,False,ROUTE0_NO_ACCEPTED_SELECTOR,-4.8371304010399685,-0.9674260802079937,0.920034,False,4.60017
PAPER:NMRUSDT:1790661899999:SHORT,NMRUSDT,Discovery,META_WIN,True,0.00012143727604592148,0,0,True,0.25890475443277605,False,ROUTE0_NO_ACCEPTED_SELECTOR,3.381407736078409,0.6762815472156818,1.962771,True,9.813855
PAPER:PHAROSUSDT:1790663099999:SHORT,PHAROSUSDT,Discovery,META_LOSS,False,0.3129109585228394,0,0,False,-0.44156608772445427,False,ROUTE0_NO_ACCEPTED_SELECTOR,-3.234239330203362,-0.6468478660406725,0.068327,False,0.341635
PAPER:BILLUSDT:1790663699999:SHORT,BILLUSDT,Discovery,META_LOSS,False,0.9329925933476477,1,1,True,0.08818342151675207,True,OPEN_ROUTE1_T3_PASS,-3.378023852124964,-0.6756047704249928,0.156398,False,0.7819900000000001
PAPER:GPSUSDT:1790663699999:SHORT,GPSUSDT,Discovery,META_LOSS,False,0.9826310899409894,1,1,False,-0.4557354794919144,False,ROUTE1_T3_NOT_CAUSAL,-2.9639424989010528,-0.5927884997802106,0.135126,False,0.67563
PAPER:KGENUSDT:1790664599999:SHORT,KGENUSDT,Discovery,META_LOSS,False,0.01913354570977314,0,0,True,0.12437810945273853,False,ROUTE0_NO_ACCEPTED_SELECTOR,-0.015699950817647967,-0.0031399901635295936,0.602398,False,3.01199
PAPER:DRIFTUSDT:1790664599999:SHORT,DRIFTUSDT,Discovery,META_LOSS,False,0.39280321133200685,0,0,True,-0.04918839153960075,False,ROUTE0_NO_ACCEPTED_SELECTOR,-1.4426398068595039,-0.2885279613719008,0.570375,False,2.8518749999999997
PAPER:OPGUSDT:1790664599999:SHORT,OPGUSDT,Discovery,META_LOSS,False,0.8966749071955472,1,1,True,-0.23980815347723894,False,ROUTE1_T3_THRESHOLD_FAIL,-2.7508202180004955,-0.5501640436000992,0.0,False,0.0
PAPER:B2USDT:1790665199999:SHORT,B2USDT,Discovery,META_LOSS,False,0.9485020218975472,1,1,True,-0.11983223487117556,False,ROUTE1_T3_THRESHOLD_FAIL,-3.0496665690237443,-0.6099333138047489,0.319589,False,1.5979450000000002
PAPER:PHAROSUSDT:1790666399999:SHORT,PHAROSUSDT,Discovery,META_WIN,False,0.849260417378966,1,,True,0.354767184035476,True,OPEN_ROUTE1_T3_PASS,-0.35823120278150566,-0.07164624055630114,0.689672,False,3.4483599999999996
PAPER:HAEDALUSDT:1790666399999:SHORT,HAEDALUSDT,Discovery,META_WIN,False,0.8105868009218112,1,,True,0.19960079840318778,True,OPEN_ROUTE1_T3_PASS,0.04896203791655995,0.009792407583311992,0.529008,True,2.6450400000000003
PAPER:HAEDALUSDT:1790666699999:SHORT,HAEDALUSDT,Discovery,META_WIN,True,0.025608293579356893,0,0,True,0.09995002498750516,False,ROUTE0_NO_ACCEPTED_SELECTOR,11.557935650098557,2.3115871300197113,5.428362,True,27.14181
PAPER:ACEUSDT:1790667299999:SHORT,ACEUSDT,Discovery,META_LOSS,False,0.8343622078551061,1,1,True,-0.09796451507566584,False,ROUTE1_T3_THRESHOLD_FAIL,-2.639297569430126,-0.5278595138860251,0.050762,False,0.25381
PAPER:METISUSDT:1790667299999:SHORT,METISUSDT,Discovery,META_LOSS,False,0.9662800799676623,1,1,False,-0.6512729425695696,False,ROUTE1_T3_NOT_CAUSAL,-3.9139271015837136,-0.7827854203167427,0.187261,False,0.936305
PAPER:0GUSDT:1790667599999:SHORT,0GUSDT,Discovery,META_WIN,True,0.012523141680871049,0,0,False,1.0544217687074808,False,ROUTE0_NO_ACCEPTED_SELECTOR,3.9891364373589675,0.7978272874717935,2.566427,True,12.832135000000001
PAPER:ARXUSDT:1790668199999:SHORT,ARXUSDT,Discovery,META_WIN,True,0.053881227675278004,0,0,False,0.3981179876945351,False,ROUTE0_NO_ACCEPTED_SELECTOR,0.13722891211119387,0.027445782422238774,1.102596,True,5.51298
PAPER:PHAROSUSDT:1790668199999:SHORT,PHAROSUSDT,Discovery,META_LOSS,False,0.9682352809667883,1,1,True,-0.17907774958960676,False,ROUTE1_T3_THRESHOLD_FAIL,-1.2489517151415344,-0.24979034302830685,0.591876,False,2.95938
PAPER:ARXUSDT:1790668799999:SHORT,ARXUSDT,Discovery,META_WIN,True,0.048224241508972275,0,0,False,-0.49038098830631593,False,ROUTE0_NO_ACCEPTED_SELECTOR,0.6548228308430633,0.13096456616861266,1.262787,True,6.313935000000001
PAPER:OPNUSDT:1790668799999:SHORT,OPNUSDT,Discovery,META_LOSS,False,0.9366980498578044,1,1,True,-0.19127773527161107,False,ROUTE1_T3_THRESHOLD_FAIL,-3.2481633664146856,-0.6496326732829372,0.26697,False,1.3348499999999999
PAPER:NOMUSDT:1790669399999:SHORT,NOMUSDT,Discovery,META_LOSS,False,0.9090524105980358,1,1,True,0.14591439688715901,True,OPEN_ROUTE1_T3_PASS,-3.141423846539718,-0.6282847693079436,0.320531,False,1.602655
PAPER:STARUSDT:1790669999999:SHORT,STARUSDT,Discovery,META_LOSS,False,0.9168756828866043,1,1,False,-0.38888888888888307,False,ROUTE1_T3_NOT_CAUSAL,-2.479725340901597,-0.49594506818031936,0.924629,False,4.623145
PAPER:BULLAUSDT:1790669999999:SHORT,BULLAUSDT,Discovery,META_LOSS,False,0.9382043437945243,1,1,False,-0.5589307411907773,False,ROUTE1_T3_NOT_CAUSAL,-2.8658890400968913,-0.5731778080193783,0.441758,False,2.20879
PAPER:AZTECUSDT:1790670299999:SHORT,AZTECUSDT,Discovery,META_WIN,False,0.9985269392976941,1,,True,0.053050397877985045,True,OPEN_ROUTE1_T3_PASS,-1.4813042979949007,-0.29626085959898013,0.563667,False,2.8183350000000003
PAPER:AKEUSDT:1790670899999:SHORT,AKEUSDT,Discovery,META_LOSS,False,0.9655345719606921,1,1,False,-0.3222512921957632,False,ROUTE1_T3_NOT_CAUSAL,-0.7984618679686514,-0.15969237359373029,0.701217,False,3.5060849999999997
PAPER:INUSDT:1790670899999:SHORT,INUSDT,Discovery,META_LOSS,False,0.8629207048163223,1,1,True,0.1051248357424428,True,OPEN_ROUTE1_T3_PASS,-0.4897397974995752,-0.09794795949991504,0.584585,False,2.922925
PAPER:RAREUSDT:1790670899999:SHORT,RAREUSDT,Discovery,META_WIN,False,0.7968384077893261,1,,True,-0.0,False,ROUTE1_T3_THRESHOLD_FAIL,-1.5302308144131462,-0.30604616288262926,0.559486,False,2.7974300000000003
PAPER:AEROUSDT:1790670899999:SHORT,AEROUSDT,Discovery,META_LOSS,False,0.8910457250669584,1,1,True,0.1668454296269717,True,OPEN_ROUTE1_T3_PASS,-2.859871258944146,-0.5719742517888292,0.21848,False,1.0924
PAPER:WLDUSDT:1790670899999:SHORT,WLDUSDT,Discovery,META_LOSS,False,0.7388781422662356,1,1,True,0.4210104250200519,True,OPEN_ROUTE1_T3_PASS,-0.548766469412551,-0.1097532938825102,0.501351,False,2.506755
PAPER:龙虾USDT:1790671199999:SHORT,龙虾USDT,Discovery,META_LOSS,False,0.027337426150475116,0,0,False,-0.622102951939496,False,ROUTE0_NO_ACCEPTED_SELECTOR,-4.48868620159129,-0.897737240318258,0.296939,False,1.484695
PAPER:NILUSDT:1790671499999:SHORT,NILUSDT,Discovery,META_LOSS,False,0.9401576113729501,1,1,True,0.17152658662092923,True,OPEN_ROUTE1_T3_PASS,-1.1955099057056597,-0.23910198114113193,0.911327,False,4.556635
PAPER:BABYUSDT:1790672099999:SHORT,BABYUSDT,Discovery,META_LOSS,False,0.03799875229109733,0,0,True,0.0753579502637658,False,ROUTE0_NO_ACCEPTED_SELECTOR,-5.2882568695350916,-1.0576513739070184,0.356861,False,1.7843049999999998
PAPER:FIGHTUSDT:1790672399999:SHORT,FIGHTUSDT,Discovery,META_LOSS,False,0.014258109724933172,0,0,True,-0.04676174888940121,False,ROUTE0_NO_ACCEPTED_SELECTOR,-0.013879184534567157,-0.0027758369069134313,0.58802,False,2.9401
PAPER:MUBARAKUSDT:1790672399999:SHORT,MUBARAKUSDT,Discovery,META_WIN,True,0.8827783418850994,1,1,False,0.710594315245483,False,ROUTE1_T3_NOT_CAUSAL,0.5052054426392056,0.10104108852784112,1.078584,True,5.39292
PAPER:SHELLUSDT:1790673899999:SHORT,SHELLUSDT,Discovery,META_LOSS,False,0.015143582989758065,0,0,True,0.1974723538704537,False,ROUTE0_NO_ACCEPTED_SELECTOR,-1.6421383654692674,-0.32842767309385346,0.493527,False,2.467635
PAPER:CUSDT:1790673899999:SHORT,CUSDT,Discovery,META_LOSS,False,0.8847266234021425,1,1,True,-0.0,False,ROUTE1_T3_THRESHOLD_FAIL,-2.472957485579032,-0.4945914971158064,0.234472,False,1.17236
PAPER:HANAUSDT:1790674499999:SHORT,HANAUSDT,Discovery,META_LOSS,False,0.6203742670737659,1,1,True,-0.0,False,ROUTE1_T3_THRESHOLD_FAIL,-3.2784467358587515,-0.6556893471717503,0.135066,False,0.67533
PAPER:MARSCOINUSDT:1790674499999:SHORT,MARSCOINUSDT,Discovery,META_WIN,True,0.8301120642393528,1,1,False,1.1270689766213704,False,ROUTE1_T3_NOT_CAUSAL,1.5484945702589128,0.3096989140517825,1.319952,True,6.59976
PAPER:EVAAUSDT:1790674499999:SHORT,EVAAUSDT,Discovery,META_WIN,True,0.6891351898608065,1,1,True,-0.044682752457547714,False,ROUTE1_T3_THRESHOLD_FAIL,2.4048715574214454,0.4809743114842891,1.67828,True,8.3914
PAPER:MARSCOINUSDT:1790674799999:SHORT,MARSCOINUSDT,Discovery,META_WIN,False,0.0023121916094750354,0,,True,-0.15554115359690535,False,ROUTE0_NO_ACCEPTED_SELECTOR,-0.9501900380075605,-0.1900380076015121,0.706,False,3.53
PAPER:EVAAUSDT:1790675099999:SHORT,EVAAUSDT,Discovery,META_LOSS,False,0.6513059169845559,1,0,True,-0.06006907944136053,False,ROUTE1_T3_THRESHOLD_FAIL,-1.551752531669021,-0.31035050633380423,0.836409,False,4.182045
PAPER:牛来USDT:1790676299999:SHORT,牛来USDT,Discovery,META_LOSS,False,0.9601662309495607,1,1,False,-0.2489167511754431,False,ROUTE1_T3_NOT_CAUSAL,-1.8743572863008198,-0.3748714572601639,1.291068,False,6.4553400000000005
PAPER:MUSDT:1790676299999:SHORT,MUSDT,Discovery,META_WIN,True,0.8112106911278053,1,1,True,0.36343304445065616,True,OPEN_ROUTE1_T3_PASS,2.1020977061266892,0.42041954122533787,1.385974,True,6.92987
PAPER:龙虾USDT:1790676899999:SHORT,龙虾USDT,Discovery,META_WIN,True,0.8357957664077897,1,1,False,0.8027091433588374,False,ROUTE1_T3_NOT_CAUSAL,11.606568773932851,2.3213137547865705,6.842023,True,34.210115
PAPER:PHAUSDT:1790677199999:SHORT,PHAUSDT,Discovery,META_WIN,False,0.01405665661393083,0,,True,0.44905543511922774,False,ROUTE0_NO_ACCEPTED_SELECTOR,-0.639948209660447,-0.1279896419320894,0.785859,False,3.9292949999999998
PAPER:AKEUSDT:1790677799999:SHORT,AKEUSDT,Discovery,META_LOSS,False,0.11237416142237892,0,0,False,-0.3409017816942139,False,ROUTE0_NO_ACCEPTED_SELECTOR,-2.9306573536071627,-0.5861314707214325,0.813255,False,4.066275
PAPER:MARSCOINUSDT:1790678099999:SHORT,MARSCOINUSDT,Discovery,META_LOSS,False,0.31728685936238354,0,1,True,0.2612365195257538,False,ROUTE0_NO_ACCEPTED_SELECTOR,-0.5478253598338098,-0.10956507196676195,1.085449,False,5.427245000000001
PAPER:ARKMUSDT:1790678399999:SHORT,ARKMUSDT,Discovery,META_LOSS,False,0.9850070135022686,1,1,True,0.07698229407235857,True,OPEN_ROUTE1_T3_PASS,-0.9501900380076691,-0.19003800760153383,0.133991,False,0.669955
PAPER:CROSSUSDT:1790678399999:SHORT,CROSSUSDT,Discovery,META_LOSS,False,0.918146392140537,1,1,False,-0.381064048072699,False,ROUTE1_T3_NOT_CAUSAL,-4.272185689429418,-0.8544371378858835,0.383391,False,1.916955
PAPER:FLUXUSDT:1790678399999:SHORT,FLUXUSDT,Discovery,META_LOSS,False,0.7986407374322475,1,1,True,0.24752475247526995,True,OPEN_ROUTE1_T3_PASS,-3.428285038195707,-0.6856570076391414,0.22757,False,1.13785
PAPER:NILUSDT:1790678399999:SHORT,NILUSDT,Discovery,META_LOSS,False,0.9083666054069043,1,1,True,0.024676125848233088,False,ROUTE1_T3_THRESHOLD_FAIL,-0.8266827125603569,-0.16533654251207136,1.028812,False,5.1440600000000005
PAPER:CRVUSDT:1790679899999:SHORT,CRVUSDT,Discovery,META_LOSS,False,0.01129645670068769,0,0,False,-0.3331624807791034,False,ROUTE0_NO_ACCEPTED_SELECTOR,-4.348919870446026,-0.8697839740892053,0.466898,False,2.3344899999999997
PAPER:SOONUSDT:1790679899999:SHORT,SOONUSDT,Discovery,META_LOSS,False,0.009456249750913153,0,0,False,-0.5035545023696519,False,ROUTE0_NO_ACCEPTED_SELECTOR,-1.9881125292000568,-0.39762250584001135,0.779919,False,3.899595
PAPER:ZAMAUSDT:1790679899999:SHORT,ZAMAUSDT,Discovery,META_LOSS,False,0.7574819111550617,1,1,True,-0.20133383666793847,False,ROUTE1_T3_THRESHOLD_FAIL,-2.902855306810687,-0.5805710613621373,0.118441,False,0.592205
PAPER:币安人生USDT:1790680199999:SHORT,币安人生USDT,Discovery,META_LOSS,False,0.566931232151658,1,1,True,0.07835455435846184,True,OPEN_ROUTE1_T3_PASS,-2.2249162810035474,-0.4449832562007095,0.273884,False,1.36942
PAPER:HANAUSDT:1790680499999:SHORT,HANAUSDT,Discovery,META_WIN,False,0.721885132619413,1,,True,0.07633587786260998,True,OPEN_ROUTE1_T3_PASS,0.004377448716357174,0.0008754897432714348,0.590339,True,2.951695
PAPER:RPLUSDT:1790681099999:SHORT,RPLUSDT,Discovery,META_LOSS,False,0.8544455050432087,1,1,True,-0.1491795126802531,False,ROUTE1_T3_THRESHOLD_FAIL,-1.696945667104428,-0.3393891334208856,0.079469,False,0.397345
PAPER:HANAUSDT:1790681399999:SHORT,HANAUSDT,Discovery,META_WIN,True,0.9055579434166884,1,1,False,0.9280742459396807,False,ROUTE1_T3_NOT_CAUSAL,4.85694673737543,0.971389347475086,2.842131,True,14.210655000000001
PAPER:1000CATUSDT:1790681999999:SHORT,1000CATUSDT,Discovery,META_LOSS,False,0.8362790152593216,1,1,False,-0.35413899955731853,False,ROUTE1_T3_NOT_CAUSAL,-2.7229220080403103,-0.5445844016080621,0.068548,False,0.34274
PAPER:INITUSDT:1790682599999:SHORT,INITUSDT,Discovery,META_LOSS,False,0.012464735325943863,0,0,False,-0.6175339137477254,False,ROUTE0_NO_ACCEPTED_SELECTOR,0.41819409999240986,0.08363881999848198,1.012905,True,5.064525
PAPER:AZTECUSDT:1790683199999:SHORT,AZTECUSDT,Discovery,META_LOSS,False,0.9486274787945589,1,1,True,0.10548523206752591,True,OPEN_ROUTE1_T3_PASS,-2.797330960657063,-0.5594661921314126,0.190897,False,0.954485
PAPER:FIGHTUSDT:1790683499999:SHORT,FIGHTUSDT,Discovery,META_WIN,True,0.8717669795449394,1,1,False,1.4702450408401346,False,ROUTE1_T3_NOT_CAUSAL,3.724805899774521,0.7449611799549042,2.035042,True,10.17521
PAPER:LUNA2USDT:1790683799999:SHORT,LUNA2USDT,Discovery,META_WIN,True,0.9115472912640816,1,1,True,0.1953125000000111,True,OPEN_ROUTE1_T3_PASS,1.5429090530020004,0.30858181060040013,1.113035,True,5.565175
PAPER:VVVUSDT:1790683799999:SHORT,VVVUSDT,Discovery,META_WIN,True,0.8249056917876932,1,1,True,0.21604493734695973,True,OPEN_ROUTE1_T3_PASS,0.4830122383643807,0.09660244767287614,1.975569,True,9.877844999999999
PAPER:RAREUSDT:1790683799999:SHORT,RAREUSDT,Discovery,META_LOSS,False,0.3030439400639343,0,1,True,0.05834305717619115,False,ROUTE0_NO_ACCEPTED_SELECTOR,-1.242070615289222,-0.24841412305784438,0.796486,False,3.98243
PAPER:HAEDALUSDT:1790684699999:SHORT,HAEDALUSDT,Discovery,META_WIN,True,0.04541886411272295,0,0,True,0.0514933058702316,False,ROUTE0_NO_ACCEPTED_SELECTOR,0.4675048874347637,0.09350097748695274,1.010068,True,5.05034
PAPER:PLAYUSDT:1790684699999:SHORT,PLAYUSDT,Discovery,META_WIN,True,0.8328424891133027,1,1,True,0.09823182711199419,True,OPEN_ROUTE1_T3_PASS,0.5259491200336944,0.10518982400673889,1.258102,True,6.29051
PAPER:ACHUSDT:1790684699999:SHORT,ACHUSDT,Discovery,META_LOSS,False,0.8585809324236279,1,1,True,-0.12974375608174604,False,ROUTE1_T3_THRESHOLD_FAIL,-0.8690069063115913,-0.17380138126231826,0.531517,False,2.657585
PAPER:AGTUSDT:1790684699999:SHORT,AGTUSDT,Discovery,META_LOSS,False,0.01649802541371545,0,0,True,0.07851054284432335,False,ROUTE0_NO_ACCEPTED_SELECTOR,-0.20628904339073273,-0.041257808678146546,1.477604,False,7.388019999999999
PAPER:HBARUSDT:1790685299999:SHORT,HBARUSDT,Discovery,META_WIN,True,0.6889019622085614,1,1,True,0.2503020887277718,True,OPEN_ROUTE1_T3_PASS,1.4911132194069379,0.2982226438813876,1.067827,True,5.339135000000001
PAPER:币安人生USDT:1790685299999:SHORT,币安人生USDT,Discovery,META_LOSS,False,0.009306160059105324,0,0,False,-0.2973830293418134,False,ROUTE0_NO_ACCEPTED_SELECTOR,-6.110759007471638,-1.2221518014943276,5.413279,False,27.066395
PAPER:OUSDT:1790685299999:SHORT,OUSDT,Discovery,META_LOSS,False,0.7877079452570813,1,1,True,-0.23343508708926208,False,ROUTE1_T3_THRESHOLD_FAIL,-3.5119413247886073,-0.7023882649577216,0.231438,False,1.15719
PAPER:COTIUSDT:1790685299999:SHORT,COTIUSDT,Discovery,META_LOSS,False,0.42825571813352364,0,1,True,-0.23241400681748292,False,ROUTE0_NO_ACCEPTED_SELECTOR,-2.948145729471369,-0.5896291458942737,0.065265,False,0.32632500000000003
PAPER:TRADOORUSDT:1790685299999:SHORT,TRADOORUSDT,Discovery,META_LOSS,False,0.9663286493391424,1,1,True,-0.12285012285011554,False,ROUTE1_T3_THRESHOLD_FAIL,-1.9879303736207459,-0.3975860747241492,0.256464,False,1.2823200000000001
PAPER:币安人生USDT:1790685899999:SHORT,币安人生USDT,Discovery,META_LOSS,False,0.8951334797769057,1,1,True,-0.1603849238171584,False,ROUTE1_T3_THRESHOLD_FAIL,-2.756596096685209,-0.5513192193370419,0.220622,False,1.10311
PAPER:AGLDUSDT:1790686199999:SHORT,AGLDUSDT,Discovery,META_WIN,True,0.7305445060569773,1,1,False,0.910332271279013,False,ROUTE1_T3_NOT_CAUSAL,3.4927850215013683,0.6985570043002737,2.16523,True,10.826150000000002
PAPER:PROMPTUSDT:1790686799999:SHORT,PROMPTUSDT,Discovery,META_LOSS,False,0.016510058980177086,0,0,True,-0.191113234591489,False,ROUTE0_NO_ACCEPTED_SELECTOR,-3.581019990428983,-0.7162039980857966,0.171147,False,0.8557349999999999
PAPER:MARSCOINUSDT:1790740499999:SHORT,MARSCOINUSDT,Discovery,META_WIN,False,0.34098524041761064,0,,True,0.653327888934252,False,ROUTE0_NO_ACCEPTED_SELECTOR,0.36137555451061354,0.0722751109021227,0.755978,True,3.77989
PAPER:APRUSDT:1790741399999:SHORT,APRUSDT,Discovery,META_LOSS,False,0.5431855529513833,1,0,False,-0.62597809076681,False,ROUTE1_T3_NOT_CAUSAL,-1.7335627923706818,-0.34671255847413635,0.997414,False,4.98707
PAPER:INXUSDT:1790741399999:SHORT,INXUSDT,Discovery,META_LOSS,False,0.4002689229642533,0,1,True,-0.017247326664371343,False,ROUTE0_NO_ACCEPTED_SELECTOR,-0.25950333219454813,-0.05190066643890962,0.756281,False,3.781405
PAPER:ARUSDT:1790741399999:SHORT,ARUSDT,Discovery,META_LOSS,False,0.08121116952853943,0,0,True,-0.18744142455482393,False,ROUTE0_NO_ACCEPTED_SELECTOR,-2.4162607679690025,-0.48325215359380047,0.09717,False,0.48585
PAPER:BRUSDT:1790742599999:SHORT,BRUSDT,Discovery,META_LOSS,False,0.8926117779430964,1,1,False,-0.4938460167754899,False,ROUTE1_T3_NOT_CAUSAL,-3.9383372770242975,-0.7876674554048595,0.11494,False,0.5747
PAPER:COMPUSDT:1790742899999:SHORT,COMPUSDT,Discovery,META_LOSS,False,0.22881919380726262,0,1,True,-0.19493177387914784,False,ROUTE0_NO_ACCEPTED_SELECTOR,-0.5601820987492445,-0.1120364197498489,0.252742,False,1.26371
PAPER:METUSDT:1790742899999:SHORT,METUSDT,Discovery,META_WIN,False,0.7465816574755867,1,,True,0.4665629860031162,True,OPEN_ROUTE1_T3_PASS,-0.09384056826919646,-0.01876811365383929,0.788867,False,3.9443349999999997
PAPER:AEROUSDT:1790744099999:SHORT,AEROUSDT,Discovery,META_LOSS,False,0.7787788446459638,1,1,True,0.07476635514018781,True,OPEN_ROUTE1_T3_PASS,-2.821965645777805,-0.5643931291555611,0.142063,False,0.710315
PAPER:TRIAUSDT:1790744399999:SHORT,TRIAUSDT,Discovery,META_LOSS,False,0.9848395428397503,1,1,False,-0.7816091954023108,False,ROUTE1_T3_NOT_CAUSAL,-4.748530178558139,-0.9497060357116277,0.094988,False,0.47494000000000003
PAPER:MITOUSDT:1790744399999:SHORT,MITOUSDT,Discovery,META_LOSS,False,0.9403741703943235,1,1,False,-0.6640106241699861,False,ROUTE1_T3_NOT_CAUSAL,-4.938836970581371,-0.9877673941162742,0.04641,False,0.23205
PAPER:TRBUSDT:1790744999999:SHORT,TRBUSDT,Discovery,META_LOSS,False,0.12885290593556578,0,0,True,-0.1374637930187994,False,ROUTE0_NO_ACCEPTED_SELECTOR,-3.2479847391983565,-0.6495969478396714,0.308993,False,1.5449650000000001
PAPER:COOKIEUSDT:1790744999999:SHORT,COOKIEUSDT,Discovery,META_LOSS,False,0.7631787801799599,1,1,True,-0.187234042553186,False,ROUTE1_T3_THRESHOLD_FAIL,-3.634125099487961,-0.7268250198975923,0.218342,False,1.09171
PAPER:JASMYUSDT:1790745299999:SHORT,JASMYUSDT,Discovery,META_LOSS,False,0.08322914428784735,0,0,False,-0.40384615384616573,False,ROUTE0_NO_ACCEPTED_SELECTOR,-1.816403595081597,-0.3632807190163194,1.556931,False,7.784655000000001
PAPER:NIGHTUSDT:1790746799999:SHORT,NIGHTUSDT,Discovery,META_WIN,False,0.16432298093917055,0,,True,0.1865091700341881,False,ROUTE0_NO_ACCEPTED_SELECTOR,-1.3391978014813526,-0.26783956029627054,0.664,False,3.3200000000000003
PAPER:MOVRUSDT:1790746799999:SHORT,MOVRUSDT,Discovery,META_WIN,True,0.454618904695339,0,0,True,-0.014271442842872517,False,ROUTE0_NO_ACCEPTED_SELECTOR,0.08567984290454106,0.017135968580908212,2.535095,True,12.675475
PAPER:MARSCOINUSDT:1790747699999:SHORT,MARSCOINUSDT,Discovery,META_LOSS,False,0.7460287019319654,1,1,True,0.020477815699659896,False,ROUTE1_T3_THRESHOLD_FAIL,-2.505833173498896,-0.5011666346997793,0.348897,False,1.744485
PAPER:JUPUSDT:1790747699999:SHORT,JUPUSDT,Discovery,META_WIN,True,0.04229436151433541,0,0,True,0.09165902841429263,False,ROUTE0_NO_ACCEPTED_SELECTOR,6.39096765274226,1.278193530548452,2.63864,True,13.193200000000001
PAPER:我踏马来了USDT:1790747999999:SHORT,我踏马来了USDT,Discovery,META_LOSS,False,0.9584726782239236,1,1,True,-0.2679006332196865,False,ROUTE1_T3_THRESHOLD_FAIL,-2.738248843144153,-0.5476497686288306,0.174872,False,0.87436
PAPER:ESPORTSUSDT:1790748299999:SHORT,ESPORTSUSDT,Discovery,META_LOSS,False,0.4784721222925848,0,1,False,-0.5376344086021501,False,ROUTE0_NO_ACCEPTED_SELECTOR,-3.192910423482492,-0.6385820846964985,1.324351,False,6.621755
PAPER:EDENUSDT:1790748299999:SHORT,EDENUSDT,Discovery,META_WIN,True,0.9594479176998295,1,1,True,0.14903129657227732,True,OPEN_ROUTE1_T3_PASS,2.2410907727993985,0.4482181545598797,1.288421,True,6.442105
PAPER:ARUSDT:1790748599999:SHORT,ARUSDT,Discovery,META_WIN,True,0.9249171818463219,1,1,True,0.32879286049789513,True,OPEN_ROUTE1_T3_PASS,2.400301487610874,0.48006029752217483,1.906168,True,9.530840000000001
PAPER:BABYUSDT:1790748899999:SHORT,BABYUSDT,Discovery,META_LOSS,False,0.13480246029193219,0,0,True,-0.07097232079489313,False,ROUTE0_NO_ACCEPTED_SELECTOR,-0.9501900380075957,-0.19003800760151915,1.044794,False,5.22397
PAPER:GRASSUSDT:1790748899999:SHORT,GRASSUSDT,Discovery,META_LOSS,False,0.14725969313275714,0,0,True,-0.2366369710467664,False,ROUTE0_NO_ACCEPTED_SELECTOR,-1.508011673375212,-0.30160233467504244,1.345362,False,6.7268099999999995
PAPER:PTBUSDT:1790748899999:SHORT,PTBUSDT,Discovery,META_LOSS,False,0.8447881775507131,1,1,False,-0.4234596654668632,False,ROUTE1_T3_NOT_CAUSAL,-2.3022361502805624,-0.46044723005611243,0.710997,False,3.554985
PAPER:ALICEUSDT:1790748899999:SHORT,ALICEUSDT,Discovery,META_WIN,True,0.7323861377996809,1,1,True,-0.12084592145014117,False,ROUTE1_T3_THRESHOLD_FAIL,2.528126992467979,0.5056253984935958,2.941313,True,14.706565000000001
PAPER:SYRUPUSDT:1790748899999:SHORT,SYRUPUSDT,Discovery,META_WIN,True,0.9722940906530523,1,1,True,0.3335499241931994,True,OPEN_ROUTE1_T3_PASS,1.4139806675751345,0.2827961335150269,1.050447,True,5.252235
PAPER:NIGHTUSDT:1790749199999:SHORT,NIGHTUSDT,Discovery,META_LOSS,False,0.07396019985189646,0,0,True,0.15969338869369354,False,ROUTE0_NO_ACCEPTED_SELECTOR,-1.1099650747257281,-0.22199301494514564,0.937736,False,4.68868
PAPER:1000FLOKIUSDT:1790749499999:SHORT,1000FLOKIUSDT,Discovery,META_WIN,False,0.839409571761383,1,,True,0.40131338927398286,True,OPEN_ROUTE1_T3_PASS,-0.7675650142797656,-0.15351300285595312,0.527351,False,2.636755
PAPER:LAUSDT:1790749499999:SHORT,LAUSDT,Discovery,META_WIN,False,0.9355108897934897,1,,True,0.10430636268812243,True,OPEN_ROUTE1_T3_PASS,-0.7267854604839195,-0.1453570920967839,0.76861,False,3.84305
PAPER:ZKCUSDT:1790749499999:SHORT,ZKCUSDT,Discovery,META_WIN,True,0.9678979031569999,1,1,True,0.14302741358761528,True,OPEN_ROUTE1_T3_PASS,0.5410372917052664,0.10820745834105326,1.028823,True,5.144115
PAPER:ADAUSDT:1790749499999:SHORT,ADAUSDT,Discovery,META_LOSS,False,0.9478738137360727,1,1,True,-0.08237232289951546,False,ROUTE1_T3_THRESHOLD_FAIL,-2.084579632242843,-0.4169159264485687,0.062419,False,0.312095
PAPER:CHIPUSDT:1790749499999:SHORT,CHIPUSDT,Discovery,META_LOSS,False,0.9447497310934903,1,1,True,0.06898137502874269,True,OPEN_ROUTE1_T3_PASS,-7.62759597687711,-1.525519195375422,0.486077,False,2.430385
PAPER:BUSDT:1790749799999:SHORT,BUSDT,Discovery,META_WIN,True,0.4797745389257212,0,0,True,0.5753739930955071,False,ROUTE0_NO_ACCEPTED_SELECTOR,1.6419714754228885,0.32839429508457774,1.476268,True,7.38134
PAPER:BIOUSDT:1790749799999:SHORT,BIOUSDT,Discovery,META_WIN,False,0.7230233622918951,1,,True,0.1299545159194282,True,OPEN_ROUTE1_T3_PASS,-0.543614997365955,-0.108722999473191,0.792374,False,3.9618700000000002
PAPER:COMPUSDT:1790749799999:SHORT,COMPUSDT,Discovery,META_LOSS,False,0.010734752503797107,0,0,False,-0.2752654345261618,False,ROUTE0_NO_ACCEPTED_SELECTOR,-1.1470343911487921,-0.22940687822975844,0.530637,False,2.653185
PAPER:MAGMAUSDT:1790750099999:SHORT,MAGMAUSDT,Discovery,META_LOSS,False,0.914548167181823,1,1,True,-0.22945570971184548,False,ROUTE1_T3_THRESHOLD_FAIL,-3.421012080617778,-0.6842024161235556,0.038706,False,0.19352999999999998
PAPER:SPACEUSDT:1790750099999:SHORT,SPACEUSDT,Discovery,META_LOSS,False,0.9598790319229407,1,1,True,-0.03855793329476942,False,ROUTE1_T3_THRESHOLD_FAIL,-2.3977758969954936,-0.47955517939909875,0.134259,False,0.671295
PAPER:LITUSDT:1790750099999:SHORT,LITUSDT,Discovery,META_LOSS,False,0.6893444004362952,1,1,False,-0.9509482619674436,False,ROUTE1_T3_NOT_CAUSAL,-4.0564294647195505,-0.8112858929439101,0.603341,False,3.016705
PAPER:ATHUSDT:1790750099999:SHORT,ATHUSDT,Discovery,META_WIN,False,0.01062359339991506,0,,True,0.05017561465127107,False,ROUTE0_NO_ACCEPTED_SELECTOR,-0.5734400204175104,-0.11468800408350208,0.51531,False,2.57655
PAPER:CATIUSDT:1790750099999:SHORT,CATIUSDT,Discovery,META_WIN,False,0.8424359147068049,1,,True,-0.06761325219744041,False,ROUTE1_T3_THRESHOLD_FAIL,-0.5694279766196144,-0.11388559532392288,0.977491,False,4.887455
PAPER:MARSCOINUSDT:1790750399999:SHORT,MARSCOINUSDT,Discovery,META_LOSS,False,0.5557385509659736,1,0,True,-0.20392377469937717,False,ROUTE1_T3_THRESHOLD_FAIL,-0.5106262954381906,-0.10212525908763811,0.54913,False,2.74565
PAPER:AINUSDT:1790750399999:SHORT,AINUSDT,Discovery,META_LOSS,False,0.8994864790027619,1,1,True,-0.12771392081736277,False,ROUTE1_T3_THRESHOLD_FAIL,0.861171867195947,0.1722343734391894,0.703853,True,3.519265
PAPER:FLOWUSDT:1790750399999:SHORT,FLOWUSDT,Discovery,META_LOSS,False,0.046788949830299784,0,0,False,-0.34203980099503095,False,ROUTE0_NO_ACCEPTED_SELECTOR,-3.910329661637233,-0.7820659323274466,0.509202,False,2.5460100000000003
PAPER:牛来USDT:1790750399999:SHORT,牛来USDT,Discovery,META_WIN,False,0.9024407669055117,1,,True,0.0769452726748221,True,OPEN_ROUTE1_T3_PASS,-1.2390389647461675,-0.2478077929492335,0.316667,False,1.583335
PAPER:AIOUSDT:1790750399999:SHORT,AIOUSDT,Discovery,META_LOSS,False,0.1246030416220724,0,0,True,-0.28212362144142134,False,ROUTE0_NO_ACCEPTED_SELECTOR,-2.6192019565749707,-0.5238403913149942,0.416092,False,2.08046
PAPER:RVNUSDT:1790750399999:SHORT,RVNUSDT,Discovery,META_LOSS,False,0.950531443539329,1,1,True,-0.12897678417884695,False,ROUTE1_T3_THRESHOLD_FAIL,-3.2118249327575716,-0.6423649865515143,0.195185,False,0.9759249999999999
PAPER:XPINUSDT:1790750399999:SHORT,XPINUSDT,Discovery,META_LOSS,False,0.9009042562125261,1,1,True,-0.0,False,ROUTE1_T3_THRESHOLD_FAIL,-1.5329318191926808,-0.30658636383853616,0.329309,False,1.6465450000000001
PAPER:MUSDT:1790750699999:SHORT,MUSDT,Discovery,META_LOSS,False,0.9524340844721576,1,1,True,0.5118110236220552,True,OPEN_ROUTE1_T3_PASS,-0.21115186373884418,-0.042230372747768835,0.511598,False,2.55799
PAPER:HANAUSDT:1790750699999:SHORT,HANAUSDT,Discovery,META_LOSS,False,0.9184243090275063,1,1,True,-0.0,False,ROUTE1_T3_THRESHOLD_FAIL,-3.9298042644242743,-0.7859608528848548,0.138758,False,0.6937899999999999
PAPER:牛来USDT:1790750999999:SHORT,牛来USDT,Discovery,META_LOSS,False,0.40091183013157916,0,1,False,-0.43570875290472877,False,ROUTE0_NO_ACCEPTED_SELECTOR,-0.5139800544346109,-0.1027960108869222,0.774113,False,3.870565
PAPER:TNSRUSDT:1790750999999:SHORT,TNSRUSDT,Discovery,META_LOSS,False,0.9324420520641477,1,1,True,-0.07710100231304029,False,ROUTE1_T3_THRESHOLD_FAIL,-2.8794366594283973,-0.5758873318856795,0.262684,False,1.3134199999999998
PAPER:0GUSDT:1790750999999:SHORT,0GUSDT,Discovery,META_LOSS,False,0.6562162740329074,1,1,False,-0.32670032670032434,False,ROUTE1_T3_NOT_CAUSAL,-2.435576358595157,-0.4871152717190314,0.514227,False,2.571135
PAPER:AWEUSDT:1790750999999:SHORT,AWEUSDT,Discovery,META_LOSS,False,0.5836136928283369,1,1,True,-0.013999720005619665,False,ROUTE1_T3_THRESHOLD_FAIL,-0.6348781181908051,-0.126975623638161,0.596021,False,2.980105
PAPER:龙虾USDT:1790750999999:SHORT,龙虾USDT,Discovery,META_WIN,False,0.8860473954471099,1,,True,0.39551746868820015,True,OPEN_ROUTE1_T3_PASS,-1.4449110296445518,-0.28898220592891033,0.671948,False,3.35974
PAPER:TRUMPUSDT:1790750999999:SHORT,TRUMPUSDT,Discovery,META_LOSS,False,0.6092922319853152,1,1,True,-0.09920634920634885,False,ROUTE1_T3_THRESHOLD_FAIL,-2.6882983367506084,-0.5376596673501217,0.327288,False,1.6364400000000001
PAPER:TSTUSDT:1790750999999:SHORT,TSTUSDT,Discovery,META_LOSS,False,0.03810099732888793,0,0,True,-0.0,False,ROUTE0_NO_ACCEPTED_SELECTOR,-2.635628388303931,-0.5271256776607862,0.316764,False,1.58382
PAPER:ORCAUSDT:1790750999999:SHORT,ORCAUSDT,Discovery,META_LOSS,False,0.02047897511139665,0,0,True,-0.0640204865556937,False,ROUTE0_NO_ACCEPTED_SELECTOR,-2.873014071444186,-0.5746028142888372,0.300162,False,1.50081
PAPER:我踏马来了USDT:1790750999999:SHORT,我踏马来了USDT,Discovery,META_LOSS,False,0.9455102217189653,1,1,True,-0.16432503491907724,False,ROUTE1_T3_THRESHOLD_FAIL,-1.6082463226685173,-0.32164926453370346,0.711389,False,3.5569450000000002
PAPER:AIOTUSDT:1790750999999:SHORT,AIOTUSDT,Discovery,META_WIN,True,0.8984864837198097,1,1,True,0.08212877792377338,True,OPEN_ROUTE1_T3_PASS,1.8038367096148598,0.36076734192297194,1.244824,True,6.224119999999999
PAPER:SUSHIUSDT:1790750999999:SHORT,SUSHIUSDT,Discovery,META_LOSS,False,0.012494472713909974,0,0,True,-0.11380880121396597,False,ROUTE0_NO_ACCEPTED_SELECTOR,-2.849185447863508,-0.5698370895727015,0.245603,False,1.2280149999999999
PAPER:BROCCOLI714USDT:1790750999999:SHORT,BROCCOLI714USDT,Discovery,META_LOSS,False,0.20626720100831622,0,1,True,-0.07680491551458335,False,ROUTE0_NO_ACCEPTED_SELECTOR,-4.218154028271066,-0.8436308056542132,0.248867,False,1.244335
PAPER:OGNUSDT:1790750999999:SHORT,OGNUSDT,Discovery,META_LOSS,False,0.7097867021962102,1,1,True,-0.05020080321285203,False,ROUTE1_T3_THRESHOLD_FAIL,-2.7092394005909366,-0.5418478801181873,0.281261,False,1.406305
PAPER:MYXUSDT:1790750999999:SHORT,MYXUSDT,Discovery,META_LOSS,False,0.8270162475909696,1,1,True,-0.06915629322268302,False,ROUTE1_T3_THRESHOLD_FAIL,-1.1578975857412201,-0.23157951714824404,0.630195,False,3.150975
PAPER:XNYUSDT:1790750999999:SHORT,XNYUSDT,Discovery,META_LOSS,False,0.5262570885571022,1,1,True,0.0597728631201333,True,OPEN_ROUTE1_T3_PASS,-0.38917480709233104,-0.07783496141846621,0.503113,False,2.515565
PAPER:哈基米USDT:1790750999999:SHORT,哈基米USDT,Discovery,META_LOSS,False,0.9250379156185563,1,1,True,-0.14543339150669965,False,ROUTE1_T3_THRESHOLD_FAIL,-1.750993861512209,-0.3501987723024418,0.736401,False,3.6820049999999998
PAPER:ZBTUSDT:1790750999999:SHORT,ZBTUSDT,Discovery,META_LOSS,False,0.07018824480412762,0,0,True,-0.15058496467044158,False,ROUTE0_NO_ACCEPTED_SELECTOR,-2.4867639446457863,-0.4973527889291573,0.165368,False,0.8268399999999999
PAPER:ONEUSDT:1790751599999:SHORT,ONEUSDT,Discovery,META_LOSS,False,0.8997865683228516,1,1,False,-0.38315844472502913,False,ROUTE1_T3_NOT_CAUSAL,-1.429689066214804,-0.2859378132429608,0.676787,False,3.383935
PAPER:MITOUSDT:1790751599999:SHORT,MITOUSDT,Discovery,META_LOSS,False,0.9555503140701127,1,1,False,-0.4691689008042843,False,ROUTE1_T3_NOT_CAUSAL,-3.9697454738937408,-0.7939490947787482,0.047034,False,0.23517
PAPER:CETUSUSDT:1790751599999:SHORT,CETUSUSDT,Discovery,META_LOSS,False,0.9755103068261163,1,1,False,-0.6841915736406134,False,ROUTE1_T3_NOT_CAUSAL,-4.0145682269330845,-0.8029136453866168,0.124065,False,0.620325
PAPER:USTCUSDT:1790751599999:SHORT,USTCUSDT,Discovery,META_LOSS,False,0.5099418512648701,1,1,True,-0.21085925144965767,False,ROUTE1_T3_THRESHOLD_FAIL,-3.7209014219817957,-0.7441802843963592,0.489674,False,2.44837
PAPER:ATHUSDT:1790751599999:SHORT,ATHUSDT,Discovery,META_LOSS,False,0.8364171716280705,1,1,False,-0.5558362809499728,False,ROUTE1_T3_NOT_CAUSAL,-3.1002098032037346,-0.6200419606407469,0.451709,False,2.2585450000000002
PAPER:MAGICUSDT:1790751599999:SHORT,MAGICUSDT,Discovery,META_LOSS,False,0.01821532434128548,0,0,False,-0.4739336492891155,False,ROUTE0_NO_ACCEPTED_SELECTOR,-3.0754599009256616,-0.6150919801851323,0.177508,False,0.88754
PAPER:LIGHTUSDT:1790751899999:SHORT,LIGHTUSDT,Discovery,META_LOSS,False,0.7767792638148857,1,1,True,-0.0,False,ROUTE1_T3_THRESHOLD_FAIL,-0.8099728979409219,-0.16199457958818436,0.540332,False,2.7016600000000004
PAPER:STRKUSDT:1790751899999:SHORT,STRKUSDT,Discovery,META_WIN,False,0.28047323308673283,0,,True,0.16924564796905184,False,ROUTE0_NO_ACCEPTED_SELECTOR,-0.82916122030009,-0.16583224406001798,0.826394,False,4.13197
PAPER:CKBUSDT:1790752199999:SHORT,CKBUSDT,Discovery,META_LOSS,False,0.9709460095933129,1,1,True,0.2732880456000619,True,OPEN_ROUTE1_T3_PASS,-2.0848375689676413,-0.41696751379352825,0.316158,False,1.58079
PAPER:AVAAIUSDT:1790752199999:SHORT,AVAAIUSDT,Discovery,META_LOSS,False,0.6067141670036871,1,1,True,0.20397756246811616,True,OPEN_ROUTE1_T3_PASS,-0.7970308773636974,-0.15940617547273947,0.520645,False,2.603225
PAPER:MEUSDT:1790752499999:SHORT,MEUSDT,Discovery,META_LOSS,False,0.20668610658549547,0,0,False,-0.4792332268370503,False,ROUTE0_NO_ACCEPTED_SELECTOR,-2.416198315541659,-0.4832396631083318,0.991913,False,4.9595650000000004
PAPER:ILVUSDT:1790752499999:SHORT,ILVUSDT,Discovery,META_LOSS,False,0.9469172845392159,1,1,True,-0.15487867836860847,False,ROUTE1_T3_THRESHOLD_FAIL,-3.5983942691763975,-0.7196788538352795,0.315547,False,1.577735
PAPER:MAGICUSDT:1790752499999:SHORT,MAGICUSDT,Discovery,META_LOSS,False,0.916575231797557,1,1,False,-0.3576395787800557,False,ROUTE1_T3_NOT_CAUSAL,-1.5469417050506298,-0.30938834101012597,0.596054,False,2.98027
PAPER:XPLUSDT:1790752499999:SHORT,XPLUSDT,Discovery,META_LOSS,False,0.48210956385338055,0,1,False,-0.5710056043142675,False,ROUTE0_NO_ACCEPTED_SELECTOR,-1.5853705688794841,-0.31707411377589684,0.688608,False,3.44304
PAPER:JOEUSDT:1790752499999:SHORT,JOEUSDT,Discovery,META_LOSS,False,0.038926904373213576,0,0,False,-0.39215686274509665,False,ROUTE0_NO_ACCEPTED_SELECTOR,-6.5121365939854385,-1.3024273187970878,0.372231,False,1.861155
PAPER:RPLUSDT:1790752499999:SHORT,RPLUSDT,Discovery,META_LOSS,False,0.1465987366426647,0,0,True,-0.2589331952356222,False,ROUTE0_NO_ACCEPTED_SELECTOR,-0.9501900380075456,-0.19003800760150913,1.223124,False,6.115620000000001
PAPER:GRIFFAINUSDT:1790752499999:SHORT,GRIFFAINUSDT,Discovery,META_LOSS,False,0.8304207253159751,1,1,False,-0.3313696612665673,False,ROUTE1_T3_NOT_CAUSAL,-3.3461684881159597,-0.669233697623192,0.010685,False,0.053425
PAPER:SKLUSDT:1790752499999:SHORT,SKLUSDT,Discovery,META_LOSS,False,0.9400136069655775,1,1,True,-0.10957703265395136,False,ROUTE1_T3_THRESHOLD_FAIL,-3.144251795789721,-0.6288503591579443,0.308793,False,1.543965
PAPER:MINAUSDT:1790752499999:SHORT,MINAUSDT,Discovery,META_LOSS,False,0.05835064667824952,0,0,True,-0.2908626560726324,False,ROUTE0_NO_ACCEPTED_SELECTOR,-1.0922374812647004,-0.21844749625294008,1.200444,False,6.00222
PAPER:BABYUSDT:1790752499999:SHORT,BABYUSDT,Discovery,META_LOSS,False,0.8162904749119778,1,1,False,-0.6460875807609456,False,ROUTE1_T3_NOT_CAUSAL,-1.6688909569422632,-0.3337781913884526,0.554411,False,2.772055
PAPER:GRASSUSDT:1790753399999:SHORT,GRASSUSDT,Discovery,META_LOSS,False,0.00023232372160824646,0,0,True,0.3737243064539264,False,ROUTE0_NO_ACCEPTED_SELECTOR,-1.957528353449982,-0.3915056706899964,1.058263,False,5.291315
PAPER:RAREUSDT:1790753699999:SHORT,RAREUSDT,Discovery,META_LOSS,False,0.3027148427487388,0,0,False,-0.3309431880860414,False,ROUTE0_NO_ACCEPTED_SELECTOR,-2.882912779467075,-0.576582555893415,0.642015,False,3.210075
PAPER:INITUSDT:1790754299999:SHORT,INITUSDT,Discovery,META_WIN,True,0.9665629067535321,1,1,False,5.586647029946001,False,ROUTE1_T3_NOT_CAUSAL,11.779213420003634,2.3558426840007267,6.107878,True,30.53939
PAPER:GWEIUSDT:1790754599999:SHORT,GWEIUSDT,Discovery,META_LOSS,False,0.054339580351003926,0,0,False,-0.5140186915888023,False,ROUTE0_NO_ACCEPTED_SELECTOR,-4.691060211107997,-0.9382120422215994,0.120145,False,0.600725
PAPER:HEIUSDT:1790755199999:SHORT,HEIUSDT,Discovery,META_LOSS,False,0.9699936412861128,1,1,True,0.38561364479050564,True,OPEN_ROUTE1_T3_PASS,-3.8945307433162695,-0.7789061486632539,0.188511,False,0.942555
PAPER:SHELLUSDT:1790755199999:SHORT,SHELLUSDT,Discovery,META_LOSS,False,0.8160645167405338,1,1,True,-0.16161616161616266,False,ROUTE1_T3_THRESHOLD_FAIL,-2.5682108542920483,-0.5136421708584097,0.182057,False,0.910285
PAPER:LSKUSDT:1790755499999:SHORT,LSKUSDT,Discovery,META_LOSS,False,0.784108001272545,1,1,True,-0.020365907470898392,False,ROUTE1_T3_THRESHOLD_FAIL,-0.6953665855345776,-0.13907331710691553,0.540075,False,2.7003749999999997
PAPER:FETUSDT:1790755499999:SHORT,FETUSDT,Discovery,META_LOSS,False,0.8939168854768582,1,1,True,0.04644681839293119,True,OPEN_ROUTE1_T3_PASS,-3.3925875730443122,-0.6785175146088624,0.30534,False,1.5267
PAPER:ARCUSDT:1790755499999:SHORT,ARCUSDT,Discovery,META_LOSS,False,0.9058107965108911,1,1,True,-0.12522610268539403,False,ROUTE1_T3_THRESHOLD_FAIL,-2.2038916409968348,-0.44077832819936696,0.620169,False,3.1008449999999996
PAPER:PTBUSDT:1790755499999:SHORT,PTBUSDT,Discovery,META_LOSS,False,0.96095181416148,1,1,True,-0.11743354329027955,False,ROUTE1_T3_THRESHOLD_FAIL,-2.6602792961709603,-0.5320558592341921,0.022708,False,0.11354
PAPER:4USDT:1790755499999:SHORT,4USDT,Discovery,META_LOSS,False,0.9060121455284238,1,1,True,-0.1114154403230927,False,ROUTE1_T3_THRESHOLD_FAIL,-2.3677234205023012,-0.47354468410046024,0.193585,False,0.967925
PAPER:SPORTFUNUSDT:1790755499999:SHORT,SPORTFUNUSDT,Discovery,META_LOSS,False,0.09028687811619268,0,0,True,0.33670033670032407,False,ROUTE0_NO_ACCEPTED_SELECTOR,-0.10557498170033508,-0.021114996340067017,0.598792,False,2.99396
PAPER:BANKUSDT:1790755799999:SHORT,BANKUSDT,Discovery,META_LOSS,False,0.9322401867395651,1,1,True,-0.12610340479193294,False,ROUTE1_T3_THRESHOLD_FAIL,-1.265512992362275,-0.253102598472455,0.578541,False,2.892705
PAPER:AEROUSDT:1790755799999:SHORT,AEROUSDT,Discovery,META_LOSS,False,0.8051045935610786,1,1,True,-0.10018785222292159,False,ROUTE1_T3_THRESHOLD_FAIL,-3.3004554225606313,-0.6600910845121263,0.030087,False,0.15043499999999999
PAPER:METISUSDT:1790755799999:SHORT,METISUSDT,Discovery,META_LOSS,False,0.825001783470728,1,1,True,-0.2406015037593967,False,ROUTE1_T3_THRESHOLD_FAIL,-2.982600584026568,-0.5965201168053136,0.130402,False,0.65201
PAPER:ZETAUSDT:1790755799999:SHORT,ZETAUSDT,Discovery,META_LOSS,False,0.9821345312549024,1,1,True,-0.057825751734763564,False,ROUTE1_T3_THRESHOLD_FAIL,-5.579787171307036,-1.1159574342614071,0.384701,False,1.923505
PAPER:CTRUSDT:1790756099999:SHORT,CTRUSDT,Discovery,META_LOSS,False,0.9467089531840979,1,1,False,-0.40361640297061907,False,ROUTE1_T3_NOT_CAUSAL,-3.0110016857262303,-0.602200337145246,0.068809,False,0.344045
PAPER:EDGEUSDT:1790757299999:SHORT,EDGEUSDT,Discovery,META_LOSS,False,0.644181061634151,1,1,True,0.19342359767892114,True,OPEN_ROUTE1_T3_PASS,-0.36925171301176496,-0.073850342602353,0.52169,False,2.60845
PAPER:CCUSDT:1790757299999:SHORT,CCUSDT,Discovery,META_LOSS,False,0.8548109026451374,1,1,True,-0.10557946885405567,False,ROUTE1_T3_THRESHOLD_FAIL,-1.8242553824254284,-0.3648510764850857,0.272428,False,1.3621400000000001
PAPER:TRBUSDT:1790757299999:SHORT,TRBUSDT,Discovery,META_LOSS,False,0.7529861550087152,1,1,True,-0.0,False,ROUTE1_T3_THRESHOLD_FAIL,-2.9762100569175143,-0.5952420113835029,0.360131,False,1.800655
PAPER:BASUSDT:1790757299999:SHORT,BASUSDT,Discovery,META_LOSS,False,0.9772652916600537,1,1,True,-0.23550322150633907,False,ROUTE1_T3_THRESHOLD_FAIL,-3.0966244231961166,-0.6193248846392233,0.037772,False,0.18886
PAPER:WLDUSDT:1790757299999:SHORT,WLDUSDT,Discovery,META_LOSS,False,0.7992206524782692,1,1,False,-0.6455517450070669,False,ROUTE1_T3_NOT_CAUSAL,-3.2227771598508603,-0.6445554319701721,0.080904,False,0.40452
PAPER:OUSDT:1790757599999:SHORT,OUSDT,Discovery,META_WIN,False,0.03586617597400872,0,,False,0.9505368773103484,False,ROUTE0_NO_ACCEPTED_SELECTOR,0.10829494533266681,0.021658989066533362,0.120993,True,0.604965
PAPER:BTWUSDT:1790757899999:SHORT,BTWUSDT,Discovery,META_LOSS,False,0.09779652160982144,0,0,False,-1.37507314218841,False,ROUTE0_NO_ACCEPTED_SELECTOR,-1.8777235479277739,-0.37554470958555475,1.969861,False,9.849305000000001
PAPER:NILUSDT:1790759999999:SHORT,NILUSDT,Discovery,META_LOSS,False,0.6774940329932395,1,1,False,-0.6407322654462089,False,ROUTE1_T3_NOT_CAUSAL,-1.808613251746011,-0.3617226503492022,0.5403,False,2.7015000000000002
PAPER:HANAUSDT:1790760299999:SHORT,HANAUSDT,Discovery,META_LOSS,False,0.9988066814109332,1,1,True,-0.0,False,ROUTE1_T3_THRESHOLD_FAIL,-1.755620754078319,-0.35112415081566384,0.865129,False,4.325645
PAPER:POWERUSDT:1790760599999:SHORT,POWERUSDT,Discovery,META_LOSS,False,0.8721664525248388,1,1,False,-0.3516869985712656,False,ROUTE1_T3_NOT_CAUSAL,-3.1514881472336547,-0.630297629446731,0.133941,False,0.669705
PAPER:AKTUSDT:1790762099999:SHORT,AKTUSDT,Discovery,META_LOSS,False,0.15498398916523706,0,1,True,-0.16891891891892552,False,ROUTE0_NO_ACCEPTED_SELECTOR,-2.9488010547440346,-0.5897602109488069,0.087511,False,0.437555
PAPER:MERLUSDT:1790762399999:SHORT,MERLUSDT,Discovery,META_WIN,True,0.9299033220808084,1,1,True,0.03389830508474523,True,OPEN_ROUTE1_T3_PASS,1.3405777808104005,0.2681155561620801,2.319447,True,11.597235
PAPER:HANAUSDT:1790762399999:SHORT,HANAUSDT,Discovery,META_LOSS,False,0.8029027429437323,1,1,False,-0.4854368932038833,False,ROUTE1_T3_NOT_CAUSAL,-2.166162159557387,-0.43323243191147737,0.22296,False,1.1148
PAPER:MAGICUSDT:1790762699999:SHORT,MAGICUSDT,Discovery,META_LOSS,False,0.009999167518038086,0,0,True,-0.019131432944341498,False,ROUTE0_NO_ACCEPTED_SELECTOR,-0.662888417553426,-0.13257768351068522,0.24789,False,1.23945
PAPER:TAKEUSDT:1790763299999:SHORT,TAKEUSDT,Discovery,META_LOSS,False,0.022009001524922554,0,0,True,0.17346053772767656,False,ROUTE0_NO_ACCEPTED_SELECTOR,-0.47279042898921775,-0.09455808579784354,0.569675,False,2.8483750000000003
PAPER:4USDT:1790763299999:SHORT,4USDT,Discovery,META_LOSS,False,0.7096765904527979,1,1,True,-0.0559075661572761,False,ROUTE1_T3_THRESHOLD_FAIL,-2.5827032369760845,-0.5165406473952169,0.292209,False,1.461045
PAPER:BERAUSDT:1790763299999:SHORT,BERAUSDT,Discovery,META_LOSS,False,0.24145108139519253,0,0,True,0.24106066693452277,False,ROUTE0_NO_ACCEPTED_SELECTOR,-1.3520970553002543,-0.27041941106005085,0.943657,False,4.718285
PAPER:COMPUSDT:1790763599999:SHORT,COMPUSDT,Discovery,META_LOSS,False,0.8469444903359956,1,1,True,0.15942606616181632,True,OPEN_ROUTE1_T3_PASS,-2.9445135042944273,-0.5889027008588855,0.258936,False,1.29468
PAPER:OPNUSDT:1790764199999:SHORT,OPNUSDT,Discovery,META_LOSS,False,0.9383586403454128,1,1,True,-0.18298261665141702,False,ROUTE1_T3_THRESHOLD_FAIL,-1.7745590609430146,-0.35491181218860296,0.547356,False,2.7367799999999995
PAPER:FFUSDT:1790764499999:SHORT,FFUSDT,Discovery,META_LOSS,False,0.9351813883273113,1,1,True,0.3285870755750042,True,OPEN_ROUTE1_T3_PASS,-0.40221500786193043,-0.08044300157238608,0.762074,False,3.8103700000000003
PAPER:BLURUSDT:1790764499999:SHORT,BLURUSDT,Discovery,META_LOSS,False,0.9698340423568962,1,1,True,-0.0,False,ROUTE1_T3_THRESHOLD_FAIL,1.3273311810350656,0.26546623620701315,1.800283,True,9.001415
PAPER:HANAUSDT:1790765099999:SHORT,HANAUSDT,Discovery,META_LOSS,False,0.9765099726727161,1,1,True,-0.08064516129031585,False,ROUTE1_T3_THRESHOLD_FAIL,-4.179707393091471,-0.8359414786182943,0.302641,False,1.513205
PAPER:POWERUSDT:1790765099999:SHORT,POWERUSDT,Discovery,META_LOSS,False,0.04673480176203175,0,0,True,0.0555123792605694,False,ROUTE0_NO_ACCEPTED_SELECTOR,-2.9547180515079905,-0.5909436103015981,0.04675,False,0.23375
PAPER:NMRUSDT:1790765399999:SHORT,NMRUSDT,Discovery,META_LOSS,False,0.9898232462240879,1,1,False,-0.4755614266842789,False,ROUTE1_T3_NOT_CAUSAL,-1.523081795247956,-0.3046163590495912,1.283188,False,6.41594
PAPER:MMTUSDT:1790765399999:SHORT,MMTUSDT,Discovery,META_WIN,True,0.8899560868973102,1,1,True,0.15847860538826808,True,OPEN_ROUTE1_T3_PASS,5.925116322789142,1.1850232645578285,2.19914,True,10.9957
PAPER:CTRUSDT:1790765699999:SHORT,CTRUSDT,Discovery,META_LOSS,False,0.13632703249194406,0,0,False,-0.5180089032780222,False,ROUTE0_NO_ACCEPTED_SELECTOR,-3.462182088380456,-0.6924364176760912,0.125715,False,0.628575
PAPER:ASTERUSDT:1790766299999:SHORT,ASTERUSDT,Discovery,META_LOSS,False,0.14812501813588477,0,0,True,0.2654280026542777,False,ROUTE0_NO_ACCEPTED_SELECTOR,-1.0166145589786513,-0.20332291179573025,0.537432,False,2.68716
PAPER:ONEUSDT:1790766299999:SHORT,ONEUSDT,Discovery,META_LOSS,False,0.9703344115895335,1,1,True,0.1359887699596496,True,OPEN_ROUTE1_T3_PASS,0.1479478832761283,0.029589576655225654,1.059538,True,5.29769
PAPER:1000000MOGUSDT:1790766599999:SHORT,1000000MOGUSDT,Discovery,META_LOSS,False,0.7924489803409258,1,1,True,0.08481764206955678,True,OPEN_ROUTE1_T3_PASS,-6.681967023175589,-1.3363934046351178,0.404169,False,2.020845
PAPER:TAKEUSDT:1790766599999:SHORT,TAKEUSDT,Discovery,META_LOSS,False,0.8968920931531591,1,1,True,-0.08765778401123026,False,ROUTE1_T3_THRESHOLD_FAIL,-2.1788107709199216,-0.4357621541839843,0.137812,False,0.68906
PAPER:PLAYUSDT:1790766599999:SHORT,PLAYUSDT,Discovery,META_LOSS,False,0.9398148500552753,1,1,True,0.030969340353037556,False,ROUTE1_T3_THRESHOLD_FAIL,0.05747138511011202,0.011494277022022404,0.971213,True,4.856065
PAPER:APRUSDT:1790766599999:SHORT,APRUSDT,Discovery,META_LOSS,False,0.8596317225582991,1,1,True,-0.0,False,ROUTE1_T3_THRESHOLD_FAIL,-3.8750868078456877,-0.7750173615691375,0.480931,False,2.404655
PAPER:KAITOUSDT:1790766599999:SHORT,KAITOUSDT,Discovery,META_LOSS,False,0.9553525584658211,1,1,True,-0.2643948296122245,False,ROUTE1_T3_THRESHOLD_FAIL,-3.0824874103786524,-0.6164974820757304,0.332593,False,1.6629650000000002
PAPER:MONUSDT:1790766599999:SHORT,MONUSDT,Discovery,META_LOSS,False,0.9307125192768037,1,1,True,-0.256975036710716,False,ROUTE1_T3_THRESHOLD_FAIL,-3.6147789717635055,-0.7229557943527011,0.163586,False,0.81793
PAPER:ONDOUSDT:1790766599999:SHORT,ONDOUSDT,Discovery,META_LOSS,False,0.9473914596767846,1,1,True,-0.11918951132301459,False,ROUTE1_T3_THRESHOLD_FAIL,-2.6903699795382154,-0.538073995907643,0.238292,False,1.19146
PAPER:CFGUSDT:1790766599999:SHORT,CFGUSDT,Discovery,META_LOSS,False,0.22993146761561253,0,1,False,-0.46573519627413074,False,ROUTE0_NO_ACCEPTED_SELECTOR,-2.6143362814849507,-0.5228672562969902,0.512017,False,2.5600850000000004
PAPER:MEWUSDT:1790766899999:SHORT,MEWUSDT,Discovery,META_LOSS,False,0.04859872183307793,0,0,True,-0.11470082202256204,False,ROUTE0_NO_ACCEPTED_SELECTOR,-2.3850510834059877,-0.4770102166811976,1.145909,False,5.729545
PAPER:HUSDT:1790766899999:SHORT,HUSDT,Discovery,META_LOSS,False,0.0029408886620242236,0,0,False,-0.5645730416372619,False,ROUTE0_NO_ACCEPTED_SELECTOR,-0.8442855549247481,-0.16885711098494963,0.516069,False,2.580345
PAPER:EPICUSDT:1790766899999:SHORT,EPICUSDT,Discovery,META_LOSS,False,0.8392704694699442,1,1,True,-0.03673769287289019,False,ROUTE1_T3_THRESHOLD_FAIL,-0.4906094375320358,-0.09812188750640716,0.586067,False,2.930335
PAPER:BERAUSDT:1790767199999:SHORT,BERAUSDT,Discovery,META_LOSS,False,0.858346830225912,1,0,True,-0.08291873963515162,False,ROUTE1_T3_THRESHOLD_FAIL,-2.195401953525016,-0.43908039070500327,0.228802,False,1.14401
PAPER:BRETTUSDT:1790767199999:SHORT,BRETTUSDT,Discovery,META_LOSS,False,0.9468751829754029,1,1,False,-0.32192477126398167,False,ROUTE1_T3_NOT_CAUSAL,-3.4946250941140162,-0.6989250188228033,0.06473,False,0.32365
PAPER:LYNUSDT:1790767199999:SHORT,LYNUSDT,Discovery,META_LOSS,False,0.9268326671403243,1,1,True,-0.1953125,False,ROUTE1_T3_THRESHOLD_FAIL,-2.9753965825252813,-0.5950793165050562,0.203255,False,1.016275
PAPER:ENSOUSDT:1790767199999:SHORT,ENSOUSDT,Discovery,META_LOSS,False,0.8650704214197316,1,1,False,-0.4181038988188668,False,ROUTE1_T3_NOT_CAUSAL,-3.749476404374625,-0.749895280874925,0.115907,False,0.579535
PAPER:BEATUSDT:1790767199999:SHORT,BEATUSDT,Discovery,META_LOSS,False,0.9182586946626783,1,1,True,-0.0,False,ROUTE1_T3_THRESHOLD_FAIL,-2.6058962895114335,-0.5211792579022867,0.200547,False,1.002735
PAPER:AGLDUSDT:1790767199999:SHORT,AGLDUSDT,Discovery,META_LOSS,False,0.8411976984965185,1,1,True,-0.19333011116482446,False,ROUTE1_T3_THRESHOLD_FAIL,-4.095418394940431,-0.8190836789880861,0.0,False,0.0
PAPER:SOONUSDT:1790768099999:SHORT,SOONUSDT,Discovery,META_WIN,True,0.0005706076093743371,0,0,False,1.123090745732258,False,ROUTE0_NO_ACCEPTED_SELECTOR,1.9137694293401812,0.38275388586803627,1.977254,True,9.88627
PAPER:ACUUSDT:1790768099999:SHORT,ACUUSDT,Discovery,META_LOSS,False,0.7657485704353333,1,1,True,-0.1793283338767493,False,ROUTE1_T3_THRESHOLD_FAIL,-3.010757946135951,-0.6021515892271901,0.045219,False,0.22609500000000002
PAPER:CAPUSDT:1790768399999:SHORT,CAPUSDT,Discovery,META_LOSS,False,0.9581426199026737,1,1,True,-0.12928248222365823,False,ROUTE1_T3_THRESHOLD_FAIL,-1.920610438727503,-0.3841220877455006,0.642487,False,3.212435
PAPER:HUSDT:1790768399999:SHORT,HUSDT,Discovery,META_LOSS,False,0.6396772772691558,1,1,True,-0.2446395164771964,False,ROUTE1_T3_THRESHOLD_FAIL,-1.6704421100046396,-0.334088422000928,0.555651,False,2.778255
PAPER:PHAUSDT:1790768399999:SHORT,PHAUSDT,Discovery,META_LOSS,False,0.00044130165873318503,0,0,True,0.5763302506366474,False,ROUTE0_NO_ACCEPTED_SELECTOR,-1.0172822763186202,-0.20345645526372405,1.615493,False,8.077465
PAPER:INITUSDT:1790768699999:SHORT,INITUSDT,Discovery,META_LOSS,False,0.5693144344748714,1,0,False,-0.41551246537396835,False,ROUTE1_T3_NOT_CAUSAL,-0.7520993415145181,-0.1504198683029036,0.544019,False,2.720095
PAPER:FLOWUSDT:1790768699999:SHORT,FLOWUSDT,Discovery,META_WIN,False,0.11556364086159897,0,,True,-0.0,False,ROUTE0_NO_ACCEPTED_SELECTOR,-0.9501900380076205,-0.1900380076015241,0.811187,False,4.055935
PAPER:ZESTUSDT:1790768699999:SHORT,ZESTUSDT,Discovery,META_WIN,True,0.9855770272251161,1,1,False,1.0606579011681938,False,ROUTE1_T3_NOT_CAUSAL,-0.6195267769852421,-0.12390535539704842,1.051796,False,5.258979999999999
PAPER:FLOCKUSDT:1790769899999:SHORT,FLOCKUSDT,Discovery,META_LOSS,False,0.8445116132319044,1,1,False,-0.5049754938363238,False,ROUTE1_T3_NOT_CAUSAL,0.2006428670041165,0.0401285734008233,0.558575,True,2.7928750000000004
PAPER:COTIUSDT:1790769899999:SHORT,COTIUSDT,Discovery,META_LOSS,False,0.6547200863802574,1,1,True,0.218884444108991,True,OPEN_ROUTE1_T3_PASS,-1.7625054267777798,-0.35250108535555597,0.636781,False,3.183905
PAPER:OUSDT:1790770199999:SHORT,OUSDT,Discovery,META_WIN,False,0.6150416731564423,1,,False,0.3399534800500814,False,ROUTE1_T3_NOT_CAUSAL,-0.36739606787553536,-0.07347921357510706,0.911581,False,4.557905
PAPER:BSBUSDT:1790770199999:SHORT,BSBUSDT,Discovery,META_LOSS,False,0.05907583680014159,0,0,True,-0.039051059259986864,False,ROUTE0_NO_ACCEPTED_SELECTOR,-2.0984103372651015,-0.4196820674530203,0.282643,False,1.4132149999999999
PAPER:AXLUSDT:1790770199999:SHORT,AXLUSDT,Discovery,META_LOSS,False,0.8884454326779276,1,1,True,-0.17391304347826875,False,ROUTE1_T3_THRESHOLD_FAIL,-2.449207705238848,-0.4898415410477696,0.327824,False,1.6391200000000001
PAPER:MARSCOINUSDT:1790770199999:SHORT,MARSCOINUSDT,Discovery,META_LOSS,False,0.9190439689839002,1,1,True,0.057903879559928484,True,OPEN_ROUTE1_T3_PASS,-4.173165652084348,-0.8346331304168697,0.356256,False,1.7812800000000002
PAPER:RAREUSDT:1790770499999:SHORT,RAREUSDT,Discovery,META_WIN,True,0.8482320096060628,1,1,True,-0.0,False,ROUTE1_T3_THRESHOLD_FAIL,-0.39306684375275647,-0.07861336875055129,1.482801,False,7.414005
PAPER:FARTCOINUSDT:1790770799999:SHORT,FARTCOINUSDT,Discovery,META_LOSS,False,0.007018759141385355,0,0,False,-0.3937007874015519,False,ROUTE0_NO_ACCEPTED_SELECTOR,-11.085570713692743,-2.2171141427385486,0.43003,False,2.15015
PAPER:OUSDT:1790770799999:SHORT,OUSDT,Discovery,META_LOSS,False,0.6832120816126978,1,1,True,-0.018224895206842007,False,ROUTE1_T3_THRESHOLD_FAIL,-0.8589607341916352,-0.17179214683832703,0.144053,False,0.7202649999999999
PAPER:1MBABYDOGEUSDT:1790770799999:SHORT,1MBABYDOGEUSDT,Discovery,META_LOSS,False,0.9680259196254348,1,1,True,-0.07235890014472002,False,ROUTE1_T3_THRESHOLD_FAIL,-4.210086355187128,-0.8420172710374256,0.148867,False,0.744335
PAPER:PONSUSDT:1790770799999:SHORT,PONSUSDT,Discovery,META_LOSS,False,0.6401172727829905,1,1,True,-0.25080616266570654,False,ROUTE1_T3_THRESHOLD_FAIL,-1.846796145902942,-0.3693592291805884,0.230807,False,1.1540350000000001
PAPER:MEGAUSDT:1790770799999:SHORT,MEGAUSDT,Discovery,META_LOSS,False,0.965410943741535,1,1,True,0.3755868544600971,True,OPEN_ROUTE1_T3_PASS,-1.7731177811419536,-0.3546235562283907,0.520264,False,2.60132
PAPER:LTCUSDT:1790770799999:SHORT,LTCUSDT,Discovery,META_LOSS,False,0.8726469237537263,1,1,True,-0.029855202269013503,False,ROUTE1_T3_THRESHOLD_FAIL,-4.239022106347499,-0.8478044212694998,0.054671,False,0.273355
PAPER:LINEAUSDT:1790770799999:SHORT,LINEAUSDT,Discovery,META_LOSS,False,0.9592943229232028,1,1,True,-0.1034482758620836,False,ROUTE1_T3_THRESHOLD_FAIL,-4.2298205934290625,-0.8459641186858126,0.117955,False,0.589775
PAPER:GUNUSDT:1790771099999:SHORT,GUNUSDT,Discovery,META_LOSS,False,0.8934535130223401,1,1,True,-0.0,False,ROUTE1_T3_THRESHOLD_FAIL,-4.650678674041275,-0.9301357348082551,0.181649,False,0.908245
PAPER:LITUSDT:1790772299999:SHORT,LITUSDT,Discovery,META_LOSS,False,0.4594075724663091,0,1,True,0.5042145203595694,False,ROUTE0_NO_ACCEPTED_SELECTOR,-0.6634844638334785,-0.1326968927666957,0.784556,False,3.9227800000000004
PAPER:PROMUSDT:1790772599999:SHORT,PROMUSDT,Discovery,META_LOSS,False,0.885456629908032,1,0,False,-1.0398613518197486,False,ROUTE1_T3_NOT_CAUSAL,-9.134409463247742,-1.8268818926495485,0.483162,False,2.41581
PAPER:HUSDT:1790772599999:SHORT,HUSDT,Discovery,META_LOSS,False,0.0008656251364594812,0,0,False,-0.41889354326158923,False,ROUTE0_NO_ACCEPTED_SELECTOR,-2.8304204542150457,-0.5660840908430091,1.150412,False,5.75206
PAPER:SKYUSDT:1790773199999:SHORT,SKYUSDT,Discovery,META_LOSS,False,0.019194742706753806,0,0,True,0.2552570803452059,False,ROUTE0_NO_ACCEPTED_SELECTOR,-0.40258134585468747,-0.08051626917093749,0.369037,False,1.845185
PAPER:BRUSDT:1790773499999:SHORT,BRUSDT,Discovery,META_LOSS,False,0.9774709857843015,1,1,True,-0.3124213982181434,False,ROUTE1_T3_THRESHOLD_FAIL,-0.4865473035063299,-0.09730946070126598,0.874639,False,4.373195
PAPER:龙虾USDT:1790774099999:SHORT,龙虾USDT,Discovery,META_LOSS,False,0.49258757455046154,0,1,True,0.3531696980399013,False,ROUTE0_NO_ACCEPTED_SELECTOR,-1.1269780267195508,-0.22539560534391018,0.516921,False,2.584605
PAPER:QNTUSDT:1790774399999:SHORT,QNTUSDT,Discovery,META_LOSS,False,0.0031742677598945988,0,0,True,0.07669478808894903,False,ROUTE0_NO_ACCEPTED_SELECTOR,-1.3007562686084249,-0.26015125372168496,0.783865,False,3.919325
PAPER:SIRENUSDT:1790774399999:SHORT,SIRENUSDT,Discovery,META_LOSS,False,0.8766922254661099,1,1,True,-0.2624671916010568,False,ROUTE1_T3_THRESHOLD_FAIL,-2.8114713657954438,-0.5622942731590888,0.330022,False,1.65011
PAPER:0GUSDT:1790774399999:SHORT,0GUSDT,Discovery,META_LOSS,False,0.7196764820153863,1,1,True,-0.15239256324290906,False,ROUTE1_T3_THRESHOLD_FAIL,-1.4078936558418407,-0.2815787311683681,0.193388,False,0.96694
PAPER:COOKIEUSDT:1790774999999:SHORT,COOKIEUSDT,Discovery,META_LOSS,False,0.07051325111840985,0,0,False,0.04846526655897243,False,ROUTE0_NO_ACCEPTED_SELECTOR,-3.210123175876698,-0.6420246351753396,0.608951,False,3.0447550000000003
PAPER:VTHOUSDT:1790775299999:SHORT,VTHOUSDT,Discovery,META_WIN,True,0.8430677593688763,1,1,False,1.1612523886520676,False,ROUTE1_T3_NOT_CAUSAL,8.843352220753065,1.7686704441506131,4.040826,True,20.20413
PAPER:AUSDT:1790775299999:SHORT,AUSDT,Discovery,META_LOSS,False,0.6622953110553021,1,1,True,0.4266991770801587,True,OPEN_ROUTE1_T3_PASS,-0.5173427221049636,-0.10346854442099271,0.600669,False,3.003345
PAPER:CRVUSDT:1790775599999:SHORT,CRVUSDT,Discovery,META_LOSS,False,0.8445931354937547,1,1,True,-0.1025115325474113,False,ROUTE1_T3_THRESHOLD_FAIL,-1.591624161582709,-0.3183248323165418,0.800252,False,4.00126
PAPER:THETAUSDT:1790775599999:SHORT,THETAUSDT,Discovery,META_LOSS,False,0.8968139994414631,1,1,True,-0.2605297438124099,False,ROUTE1_T3_THRESHOLD_FAIL,-0.08075853121118418,-0.016151706242236833,0.848602,False,4.24301
PAPER:ARKMUSDT:1790775599999:SHORT,ARKMUSDT,Discovery,META_LOSS,False,0.8912551111331583,1,1,False,-0.4405286343612369,False,ROUTE1_T3_NOT_CAUSAL,-0.9501900380075856,-0.1900380076015171,0.787793,False,3.9389649999999996
PAPER:我踏马来了USDT:1790775599999:SHORT,我踏马来了USDT,Discovery,META_LOSS,False,0.06878961124563494,0,0,False,-0.7743547044129828,False,ROUTE0_NO_ACCEPTED_SELECTOR,-4.1178598500715715,-0.8235719700143143,0.163213,False,0.816065
PAPER:SKYUSDT:1790775599999:SHORT,SKYUSDT,Discovery,META_LOSS,False,0.9099016057852478,1,1,False,-0.3736455349358403,False,ROUTE1_T3_NOT_CAUSAL,-4.099442199078933,-0.8198884398157865,0.117061,False,0.585305
PAPER:INJUSDT:1790775599999:SHORT,INJUSDT,Discovery,META_LOSS,False,0.8822460940546829,1,1,False,-0.509861800617184,False,ROUTE1_T3_NOT_CAUSAL,-2.7621661917851115,-0.5524332383570223,1.267289,False,6.336445
PAPER:PONSUSDT:1790775599999:SHORT,PONSUSDT,Discovery,META_LOSS,False,0.9285474440150837,1,1,False,-0.9279475982532759,False,ROUTE1_T3_NOT_CAUSAL,-4.3625822624076624,-0.8725164524815325,0.125453,False,0.6272650000000001
PAPER:XPLUSDT:1790775599999:SHORT,XPLUSDT,Discovery,META_LOSS,False,0.9136065029548455,1,1,False,-1.2962770921912226,False,ROUTE1_T3_NOT_CAUSAL,-5.622155930719417,-1.1244311861438834,0.228931,False,1.144655
PAPER:JASMYUSDT:1790775599999:SHORT,JASMYUSDT,Discovery,META_LOSS,False,0.11064175642044849,0,0,False,-0.86444007858546,False,ROUTE0_NO_ACCEPTED_SELECTOR,-3.7530177228962973,-0.7506035445792595,0.156849,False,0.784245
PAPER:SANDUSDT:1790775599999:SHORT,SANDUSDT,Discovery,META_LOSS,False,0.9134767823788942,1,1,False,-0.4727600180099101,False,ROUTE1_T3_NOT_CAUSAL,-3.4271702856090274,-0.6854340571218055,0.249956,False,1.2497800000000001
PAPER:FILUSDT:1790775599999:SHORT,FILUSDT,Discovery,META_LOSS,False,0.870477101471836,1,1,False,-0.44415044415042626,False,ROUTE1_T3_NOT_CAUSAL,-3.2681057733943693,-0.6536211546788738,0.339168,False,1.69584
PAPER:WIFUSDT:1790775599999:SHORT,WIFUSDT,Discovery,META_LOSS,False,0.9434542027386579,1,1,False,-0.5954743946010366,False,ROUTE1_T3_NOT_CAUSAL,-2.937388092942098,-0.5874776185884195,0.655002,False,3.27501
PAPER:BEAMXUSDT:1790775599999:SHORT,BEAMXUSDT,Discovery,META_LOSS,False,0.09312316789436177,0,0,False,-0.5045408678102881,False,ROUTE0_NO_ACCEPTED_SELECTOR,-1.202750678793663,-0.2405501357587326,1.039744,False,5.19872
PAPER:KASUSDT:1790775599999:SHORT,KASUSDT,Discovery,META_LOSS,False,0.8665950981283349,1,1,False,-0.555684186154215,False,ROUTE1_T3_NOT_CAUSAL,-0.7763389648293231,-0.1552677929658646,1.855805,False,9.279024999999999
PAPER:SNXUSDT:1790775599999:SHORT,SNXUSDT,Discovery,META_LOSS,False,0.4129448956824426,0,1,False,-0.35335689045936647,False,ROUTE0_NO_ACCEPTED_SELECTOR,-0.1640491820390022,-0.03280983640780044,1.668594,False,8.34297
PAPER:FARTCOINUSDT:1790775599999:SHORT,FARTCOINUSDT,Discovery,META_LOSS,False,0.9677125274346874,1,1,False,-0.5047672462142438,False,ROUTE1_T3_NOT_CAUSAL,-2.7750575283312755,-0.555011505666255,0.597057,False,2.9852849999999997
PAPER:4USDT:1790775599999:SHORT,4USDT,Discovery,META_LOSS,False,0.9389887743377591,1,1,False,-0.47598850087187117,False,ROUTE1_T3_NOT_CAUSAL,-2.1297347621651834,-0.4259469524330367,0.757757,False,3.788785
PAPER:OPUSDT:1790775599999:SHORT,OPUSDT,Discovery,META_LOSS,False,0.004450736013939205,0,0,False,-0.5537014563106624,False,ROUTE0_NO_ACCEPTED_SELECTOR,-2.7337571619395034,-0.5467514323879007,0.616921,False,3.0846050000000003
PAPER:PYTHUSDT:1790775599999:SHORT,PYTHUSDT,Discovery,META_LOSS,False,0.020215604612279208,0,0,False,-0.70894560453727,False,ROUTE0_NO_ACCEPTED_SELECTOR,0.5015941558381272,0.10031883116762544,2.287753,True,11.438765
PAPER:CAPUSDT:1790776799999:SHORT,CAPUSDT,Discovery,META_LOSS,False,0.9663051481006323,1,1,False,-0.42660767893822893,False,ROUTE1_T3_NOT_CAUSAL,0.19701088747861129,0.03940217749572226,0.707184,True,3.53592
PAPER:NILUSDT:1790776799999:SHORT,NILUSDT,Discovery,META_LOSS,False,0.4833822633409342,0,0,False,-0.19635649612741446,False,ROUTE0_NO_ACCEPTED_SELECTOR,-1.0049515728546867,-0.20099031457093736,3.09844,False,15.4922
PAPER:AZTECUSDT:1790777399999:SHORT,AZTECUSDT,Discovery,META_WIN,True,0.9299728476067924,1,1,True,0.17554125219427785,True,OPEN_ROUTE1_T3_PASS,5.4974997634188,1.0994999526837599,2.205265,True,11.026325
PAPER:JOEUSDT:1790777699999:SHORT,JOEUSDT,Discovery,META_WIN,True,0.799704854609958,1,1,True,0.05209690023443292,True,OPEN_ROUTE1_T3_PASS,2.244415889559776,0.4488831779119552,1.204518,True,6.02259
PAPER:SKRUSDT:1790777699999:SHORT,SKRUSDT,Discovery,META_WIN,True,0.3255446148069965,0,1,True,-0.0055227260175483295,False,ROUTE0_NO_ACCEPTED_SELECTOR,2.2152078334980203,0.44304156669960404,1.338858,True,6.6942900000000005
PAPER:ERAUSDT:1790777999999:SHORT,ERAUSDT,Discovery,META_WIN,True,0.900108504992113,1,1,False,0.5976393246675649,False,ROUTE1_T3_NOT_CAUSAL,1.0288107878924804,0.20576215757849609,1.397555,True,6.987775000000001
PAPER:INJUSDT:1790777999999:SHORT,INJUSDT,Discovery,META_WIN,True,0.8291789447425387,1,1,True,0.524616626311547,True,OPEN_ROUTE1_T3_PASS,3.7633239924821567,0.7526647984964313,1.661796,True,8.30898
PAPER:ONDOUSDT:1790777999999:SHORT,ONDOUSDT,Discovery,META_WIN,True,0.14716865815227742,0,1,False,0.6916996047430901,False,ROUTE0_NO_ACCEPTED_SELECTOR,2.710142379266356,0.5420284758532712,1.581107,True,7.905535
PAPER:COWUSDT:1790777999999:SHORT,COWUSDT,Discovery,META_WIN,True,0.016513631459269366,0,0,False,0.7246376811594235,False,ROUTE0_NO_ACCEPTED_SELECTOR,1.6191874470908318,0.32383748941816637,1.187967,True,5.939835
PAPER:EDGEUSDT:1790777999999:SHORT,EDGEUSDT,Discovery,META_WIN,True,0.9783683710206661,1,1,False,0.9580379383023585,False,ROUTE1_T3_NOT_CAUSAL,2.454757125500683,0.49095142510013656,1.628151,True,8.140754999999999
PAPER:XLMUSDT:1790777999999:SHORT,XLMUSDT,Discovery,META_WIN,True,0.8042696728538592,1,1,True,0.7031284767033075,True,OPEN_ROUTE1_T3_PASS,2.815376022547171,0.5630752045094343,1.645067,True,8.225335000000001
PAPER:ORCAUSDT:1790777999999:SHORT,ORCAUSDT,Discovery,META_WIN,True,0.8012091388895989,1,1,False,0.5614472863381126,False,ROUTE1_T3_NOT_CAUSAL,2.9435186586165765,0.5887037317233152,1.660481,True,8.302405
PAPER:REUSDT:1790777999999:SHORT,REUSDT,Discovery,META_WIN,True,0.6082700967875605,1,1,False,0.755256174729535,False,ROUTE1_T3_NOT_CAUSAL,1.5021072799986035,0.3004214559997207,1.102899,True,5.514495
PAPER:AEROUSDT:1790777999999:SHORT,AEROUSDT,Discovery,META_WIN,True,0.725527118020244,1,1,True,0.7119184976064896,True,OPEN_ROUTE1_T3_PASS,1.293025976281849,0.2586051952563698,1.097469,True,5.487345
PAPER:我踏马来了USDT:1790777999999:SHORT,我踏马来了USDT,Discovery,META_WIN,True,0.8830608948296729,1,1,True,0.3223939819790078,True,OPEN_ROUTE1_T3_PASS,3.705072331114967,0.7410144662229934,2.096646,True,10.483229999999999
PAPER:CHIPUSDT:1790777999999:SHORT,CHIPUSDT,Discovery,META_WIN,True,0.10364801773912401,0,0,True,0.6816182937554927,False,ROUTE0_NO_ACCEPTED_SELECTOR,1.8564650512556224,0.3712930102511245,1.233545,True,6.167724999999999
PAPER:MUBARAKUSDT:1790777999999:SHORT,MUBARAKUSDT,Discovery,META_WIN,False,0.7472451676339559,1,,True,0.3486055776892427,True,OPEN_ROUTE1_T3_PASS,0.005423289588205343,0.0010846579176410688,0.9264,True,4.632
PAPER:FLUIDUSDT:1790777999999:SHORT,FLUIDUSDT,Discovery,META_WIN,True,0.03638768624081362,0,0,True,0.4716981132075415,False,ROUTE0_NO_ACCEPTED_SELECTOR,2.0835989925258036,0.4167197985051607,1.125006,True,5.62503
PAPER:TRIAUSDT:1790778299999:SHORT,TRIAUSDT,Discovery,META_LOSS,False,0.3301621943511676,0,0,True,0.6809110119746276,False,ROUTE0_NO_ACCEPTED_SELECTOR,-1.538271793221371,-0.30765435864427415,1.554559,False,7.772795
PAPER:JTOUSDT:1790778299999:SHORT,JTOUSDT,Discovery,META_WIN,False,0.8486757793611169,1,,False,0.875273522975939,False,ROUTE1_T3_NOT_CAUSAL,-0.8589441047159315,-0.1717888209431863,0.727502,False,3.63751
PAPER:DASHUSDT:1790778299999:SHORT,DASHUSDT,Discovery,META_WIN,False,0.016746561740920523,0,,False,0.719071743748978,False,ROUTE0_NO_ACCEPTED_SELECTOR,-0.7047699415679233,-0.14095398831358466,0.928053,False,4.640265
PAPER:ADAUSDT:1790778299999:SHORT,ADAUSDT,Discovery,META_WIN,False,0.02113644367411938,0,,True,0.6885378695828281,False,ROUTE0_NO_ACCEPTED_SELECTOR,-1.1530162900489394,-0.23060325800978787,0.668951,False,3.3447549999999997
PAPER:XPLUSDT:1790778299999:SHORT,XPLUSDT,Discovery,META_WIN,True,0.20482810917637043,0,0,False,0.6990088680229545,False,ROUTE0_NO_ACCEPTED_SELECTOR,6.282951727278196,1.256590345455639,3.444434,True,17.222170000000002
PAPER:龙虾USDT:1790778299999:SHORT,龙虾USDT,Discovery,META_LOSS,False,0.5617246024170244,1,1,False,-0.37404151860858104,False,ROUTE1_T3_NOT_CAUSAL,-1.0438956145776976,-0.20877912291553952,1.065949,False,5.329745
PAPER:ZECUSDT:1790778299999:SHORT,ZECUSDT,Discovery,META_WIN,False,0.6069569417102954,1,,False,0.7125528522908375,False,ROUTE1_T3_NOT_CAUSAL,-0.12439884629035719,-0.02487976925807144,0.850067,False,4.250335
PAPER:UBUSDT:1790778299999:SHORT,UBUSDT,Discovery,META_WIN,True,0.9404219611349925,1,1,True,0.45289233514032023,True,OPEN_ROUTE1_T3_PASS,1.4886241040838222,0.2977248208167645,1.400715,True,7.003575
PAPER:ZROUSDT:1790778299999:SHORT,ZROUSDT,Discovery,META_WIN,False,0.028751399787137255,0,,True,0.46508957280660956,False,ROUTE0_NO_ACCEPTED_SELECTOR,-0.2603758119561407,-0.052075162391228134,0.571525,False,2.8576249999999996
PAPER:ZKUSDT:1790778299999:SHORT,ZKUSDT,Discovery,META_LOSS,False,0.8209974254558092,1,1,True,0.4368611935377631,True,OPEN_ROUTE1_T3_PASS,-0.24875760884121653,-0.04975152176824331,0.812672,False,4.063359999999999
PAPER:EIGENUSDT:1790778299999:SHORT,EIGENUSDT,Discovery,META_WIN,False,0.8713380964467845,1,,True,0.6080259424402157,True,OPEN_ROUTE1_T3_PASS,0.8759861721027309,0.1751972344205462,0.912489,True,4.562445
PAPER:APTUSDT:1790778299999:SHORT,APTUSDT,Discovery,META_WIN,True,0.035917114031215724,0,0,False,0.7573844988639222,False,ROUTE0_NO_ACCEPTED_SELECTOR,1.5141412434216384,0.30282824868432767,1.394063,True,6.970315
PAPER:OPUSDT:1790778299999:SHORT,OPUSDT,Discovery,META_WIN,False,0.791932155771874,1,,True,0.32874617737002065,True,OPEN_ROUTE1_T3_PASS,-0.3187305092899299,-0.06374610185798599,0.698794,False,3.49397
PAPER:FLOCKUSDT:1790778599999:SHORT,FLOCKUSDT,Discovery,META_WIN,True,0.3778513541728351,0,0,False,1.1319172722191295,False,ROUTE0_NO_ACCEPTED_SELECTOR,23.036578638024345,4.607315727604869,7.371807,True,36.859035000000006
PAPER:GRTUSDT:1790778599999:SHORT,GRTUSDT,Discovery,META_WIN,False,0.19753494744914424,0,,True,0.5880318228986492,False,ROUTE0_NO_ACCEPTED_SELECTOR,0.6947301644694448,0.13894603289388896,0.948713,True,4.743565
PAPER:PHAUSDT:1790778599999:SHORT,PHAUSDT,Discovery,META_LOSS,False,0.7722715042678178,1,1,False,-0.23799524009520123,False,ROUTE1_T3_NOT_CAUSAL,-3.1927220387378568,-0.6385444077475713,0.624112,False,3.1205600000000002
PAPER:MAVIAUSDT:1790778599999:SHORT,MAVIAUSDT,Discovery,META_LOSS,False,0.8953189082363291,1,1,True,0.030883261272374174,False,ROUTE1_T3_THRESHOLD_FAIL,-0.022626375182362823,-0.004525275036472564,0.906679,False,4.5333950000000005
PAPER:SYRUPUSDT:1790778599999:SHORT,SYRUPUSDT,Discovery,META_WIN,False,0.5796678733056766,1,,True,0.5639913232104221,True,OPEN_ROUTE1_T3_PASS,-0.13580523859646199,-0.027161047719292397,0.513725,False,2.568625
PAPER:WUSDT:1790778599999:SHORT,WUSDT,Discovery,META_LOSS,False,0.8547219263091526,1,1,True,0.6339622641509335,True,OPEN_ROUTE1_T3_PASS,-0.7612937398800368,-0.15225874797600736,0.900935,False,4.504675000000001
PAPER:AVAXUSDT:1790778599999:SHORT,AVAXUSDT,Discovery,META_WIN,False,0.014689445535651472,0,,True,0.36613272311213363,False,ROUTE0_NO_ACCEPTED_SELECTOR,-0.7211567336343259,-0.1442313467268652,0.547459,False,2.737295
PAPER:BNTUSDT:1790778599999:SHORT,BNTUSDT,Discovery,META_LOSS,False,0.6940010731347589,1,1,True,0.49261083743843415,True,OPEN_ROUTE1_T3_PASS,-1.8205033211799706,-0.36410066423599413,0.733552,False,3.66776
PAPER:LINEAUSDT:1790778599999:SHORT,LINEAUSDT,Discovery,META_LOSS,False,0.8624898779585595,1,1,True,0.34270047978067764,True,OPEN_ROUTE1_T3_PASS,-0.6070953224229382,-0.12141906448458764,0.528426,False,2.64213
PAPER:ETCUSDT:1790778599999:SHORT,ETCUSDT,Discovery,META_WIN,False,0.642642235813153,1,,True,0.5988023952095856,True,OPEN_ROUTE1_T3_PASS,-0.5061224487079337,-0.10122448974158674,0.567827,False,2.8391349999999997
PAPER:MORPHOUSDT:1790778899999:SHORT,MORPHOUSDT,Discovery,META_LOSS,False,0.2172670749073284,0,0,True,-0.0478545222523552,False,ROUTE0_NO_ACCEPTED_SELECTOR,-0.960171199078639,-0.19203423981572781,0.737844,False,3.68922
PAPER:1000BONKUSDT:1790778899999:SHORT,1000BONKUSDT,Discovery,META_LOSS,False,0.9477040401431238,1,1,False,-0.34192530247239006,False,ROUTE1_T3_NOT_CAUSAL,-3.321335675029715,-0.664267135005943,0.190564,False,0.95282
PAPER:ETHWUSDT:1790778899999:SHORT,ETHWUSDT,Discovery,META_LOSS,False,0.9938195015098185,1,1,False,-0.31174229303776446,False,ROUTE1_T3_NOT_CAUSAL,-2.597389312465775,-0.5194778624931551,0.326446,False,1.63223
PAPER:CHIPUSDT:1790778899999:SHORT,CHIPUSDT,Discovery,META_LOSS,False,0.9246987576271964,1,1,False,-0.6732495511669434,False,ROUTE1_T3_NOT_CAUSAL,-4.544178389189122,-0.9088356778378245,0.27173,False,1.3586500000000001
PAPER:BROCCOLIF3BUSDT:1790778899999:SHORT,BROCCOLIF3BUSDT,Discovery,META_LOSS,False,0.9133948779614716,1,1,True,-0.1348072256672994,False,ROUTE1_T3_THRESHOLD_FAIL,-0.5453031223661928,-0.10906062447323857,0.613717,False,3.0685849999999997
PAPER:DOLOUSDT:1790778899999:SHORT,DOLOUSDT,Discovery,META_LOSS,False,0.9810354477952549,1,1,True,-0.39241334205364353,False,ROUTE1_T3_THRESHOLD_FAIL,-2.6667280835330964,-0.5333456167066193,0.175986,False,0.87993
PAPER:ATHUSDT:1790778899999:SHORT,ATHUSDT,Discovery,META_LOSS,False,0.9817385993284331,1,1,True,-0.21594684385382035,False,ROUTE1_T3_THRESHOLD_FAIL,-2.9458386361656825,-0.5891677272331365,0.511664,False,2.55832
PAPER:XMRUSDT:1790778899999:SHORT,XMRUSDT,Discovery,META_LOSS,False,0.04669488316931313,0,0,True,-0.081828494913605,False,ROUTE0_NO_ACCEPTED_SELECTOR,-2.812067964912364,-0.5624135929824727,0.314816,False,1.57408
PAPER:COOKIEUSDT:1790778899999:SHORT,COOKIEUSDT,Discovery,META_LOSS,False,0.9844187694724484,1,1,False,-0.5129040136774288,False,ROUTE1_T3_NOT_CAUSAL,-2.7025903613515494,-0.5405180722703099,0.061426,False,0.30713
PAPER:OGNUSDT:1790778899999:SHORT,OGNUSDT,Discovery,META_LOSS,False,0.8754965466474282,1,1,True,-0.19753086419751487,False,ROUTE1_T3_THRESHOLD_FAIL,-2.928748101398882,-0.5857496202797764,0.128247,False,0.641235
PAPER:VIRTUALUSDT:1790778899999:SHORT,VIRTUALUSDT,Discovery,META_LOSS,False,0.05139178248614426,0,0,False,-0.6257182990678123,False,ROUTE0_NO_ACCEPTED_SELECTOR,-3.1557895343435742,-0.6311579068687148,0.107735,False,0.538675
PAPER:0GUSDT:1790778899999:SHORT,0GUSDT,Discovery,META_WIN,False,0.12968581829429515,0,,True,0.34898477157360164,False,ROUTE0_NO_ACCEPTED_SELECTOR,-0.1563822517119163,-0.03127645034238326,0.963383,False,4.816915
PAPER:QUSDT:1790778899999:SHORT,QUSDT,Discovery,META_LOSS,False,0.03358501698665113,0,0,False,-0.7158937415578492,False,ROUTE0_NO_ACCEPTED_SELECTOR,-2.6405610084195676,-0.5281122016839136,1.538164,False,7.69082
PAPER:MARSCOINUSDT:1790779199999:SHORT,MARSCOINUSDT,Discovery,META_WIN,True,0.7918362941724051,1,0,True,-0.25196383577887893,False,ROUTE1_T3_THRESHOLD_FAIL,-0.8389016453802545,-0.1677803290760509,1.506906,False,7.53453
PAPER:MONUSDT:1790779199999:SHORT,MONUSDT,Discovery,META_LOSS,False,0.8502264058389888,1,1,False,-0.18341892883346755,False,ROUTE1_T3_NOT_CAUSAL,-3.340009160480619,-0.6680018320961237,0.200385,False,1.001925
PAPER:SYRUPUSDT:1790779499999:SHORT,SYRUPUSDT,Discovery,META_LOSS,False,0.9235918610038393,1,1,True,-0.10518473068326095,False,ROUTE1_T3_THRESHOLD_FAIL,-2.4420212569488555,-0.4884042513897711,0.339449,False,1.6972450000000001
PAPER:龙虾USDT:1790779799999:SHORT,龙虾USDT,Discovery,META_WIN,True,0.9028980725886404,1,1,True,0.11295180722891152,True,OPEN_ROUTE1_T3_PASS,0.9345057076174321,0.1869011415234864,1.034424,True,5.17212
PAPER:MEGAUSDT:1790779799999:SHORT,MEGAUSDT,Discovery,META_WIN,True,0.989499886899634,1,1,True,0.11701380762928482,True,OPEN_ROUTE1_T3_PASS,0.3384425597967883,0.06768851195935766,1.197183,True,5.985915
PAPER:FOLKSUSDT:1790780399999:SHORT,FOLKSUSDT,Discovery,META_LOSS,False,0.008410203432260033,0,0,True,0.07990411506193507,False,ROUTE0_NO_ACCEPTED_SELECTOR,-0.25022473032359194,-0.05004494606471839,0.579397,False,2.8969850000000004
PAPER:SAGAUSDT:1790780699999:SHORT,SAGAUSDT,Discovery,META_WIN,False,0.8098799142779932,1,,True,0.33632286995515237,True,OPEN_ROUTE1_T3_PASS,-0.7631989322780437,-0.15263978645560874,0.5778,False,2.889
PAPER:BLURUSDT:1790780999999:SHORT,BLURUSDT,Discovery,META_LOSS,False,0.000262947078374837,0,0,False,-1.4425314099581366,False,ROUTE0_NO_ACCEPTED_SELECTOR,-0.252362170854191,-0.0504724341708382,1.281372,False,6.40686
PAPER:FLOWUSDT:1790780999999:SHORT,FLOWUSDT,Discovery,META_WIN,False,0.024987628537239077,0,,True,0.3145643284051425,False,ROUTE0_NO_ACCEPTED_SELECTOR,-0.08414299641927928,-0.016828599283855855,0.82949,False,4.14745
PAPER:ALCHUSDT:1790781299999:SHORT,ALCHUSDT,Discovery,META_WIN,False,0.8872531144257505,1,,True,-0.0,False,ROUTE1_T3_THRESHOLD_FAIL,0.6397022883884513,0.12794045767769027,0.923399,True,4.616995
PAPER:CFGUSDT:1790781299999:SHORT,CFGUSDT,Discovery,META_WIN,False,0.915399589839182,1,,True,0.20107238605897582,True,OPEN_ROUTE1_T3_PASS,-0.950190038007623,-0.19003800760152462,0.784446,False,3.92223
PAPER:YBUSDT:1790781599999:SHORT,YBUSDT,Discovery,META_LOSS,False,0.8527751064128827,1,1,True,-0.03329264232605489,False,ROUTE1_T3_THRESHOLD_FAIL,-0.7557595458165842,-0.15115190916331683,0.612683,False,3.063415
PAPER:AAVEUSDT:1790781599999:SHORT,AAVEUSDT,Discovery,META_LOSS,False,0.8093583713624579,1,1,False,-0.8809176753913572,False,ROUTE1_T3_NOT_CAUSAL,-4.356649044723113,-0.8713298089446226,0.207933,False,1.039665
PAPER:EIGENUSDT:1790781599999:SHORT,EIGENUSDT,Discovery,META_LOSS,False,0.5087896624024664,1,1,False,-0.5360824742268067,False,ROUTE1_T3_NOT_CAUSAL,-2.393363979632817,-0.4786727959265634,0.309551,False,1.547755
PAPER:GTCUSDT:1790781599999:SHORT,GTCUSDT,Discovery,META_WIN,False,0.0034176598832719673,0,,True,0.26990553306341925,False,ROUTE0_NO_ACCEPTED_SELECTOR,-0.5345593664658592,-0.10691187329317185,0.935039,False,4.6751949999999995
PAPER:CCUSDT:1790781599999:SHORT,CCUSDT,Discovery,META_WIN,True,0.7270278830627442,1,1,True,0.05605830063265538,True,OPEN_ROUTE1_T3_PASS,1.835236359721943,0.36704727194438863,1.405421,True,7.027105000000001
PAPER:WLDUSDT:1790781599999:SHORT,WLDUSDT,Discovery,META_LOSS,False,0.3300053963432851,0,1,True,-0.300582378358083,False,ROUTE0_NO_ACCEPTED_SELECTOR,-1.9846305960422272,-0.39692611920844545,0.881924,False,4.40962
PAPER:ZAMAUSDT:1790781599999:SHORT,ZAMAUSDT,Discovery,META_LOSS,False,0.8389752745990515,1,1,True,-0.2078731973496284,False,ROUTE1_T3_THRESHOLD_FAIL,-2.445997413722068,-0.48919948274441355,0.278873,False,1.3943649999999999
PAPER:UBUSDT:1790781599999:SHORT,UBUSDT,Discovery,META_LOSS,False,0.8317511925147388,1,1,True,-0.04156275976725521,False,ROUTE1_T3_THRESHOLD_FAIL,-2.0598053110206664,-0.41196106220413325,0.832203,False,4.161015
PAPER:OPUSDT:1790781599999:SHORT,OPUSDT,Discovery,META_LOSS,False,0.7688612300240226,1,1,True,-0.2863777089783248,False,ROUTE1_T3_THRESHOLD_FAIL,-3.1973542038128064,-0.6394708407625612,0.189016,False,0.9450799999999999
PAPER:STARUSDT:1790781599999:SHORT,STARUSDT,Discovery,META_LOSS,False,0.9320850932394812,1,1,False,-0.354900354900356,False,ROUTE1_T3_NOT_CAUSAL,-2.658404582226816,-0.5316809164453632,0.225745,False,1.128725
PAPER:RONINUSDT:1790781599999:SHORT,RONINUSDT,Discovery,META_LOSS,False,0.8732984991704553,1,1,True,-0.17206319411855464,False,ROUTE1_T3_THRESHOLD_FAIL,-4.082210623260258,-0.8164421246520517,0.402417,False,2.012085
PAPER:SYRUPUSDT:1790781599999:SHORT,SYRUPUSDT,Discovery,META_LOSS,False,0.8025081841237028,1,1,True,0.061924982307148824,True,OPEN_ROUTE1_T3_PASS,-2.6769984420128714,-0.5353996884025742,0.426771,False,2.133855
PAPER:JTOUSDT:1790781899999:SHORT,JTOUSDT,Discovery,META_LOSS,False,0.9934801241689156,1,1,True,0.34071550255536653,True,OPEN_ROUTE1_T3_PASS,-1.8986083594133607,-0.37972167188267214,0.643259,False,3.216295
PAPER:BRUSDT:1790781899999:SHORT,BRUSDT,Discovery,META_LOSS,False,0.9303489397214415,1,1,True,0.18431263858094127,True,OPEN_ROUTE1_T3_PASS,-2.3375935580685736,-0.4675187116137147,0.596805,False,2.984025
PAPER:ONEUSDT:1790781899999:SHORT,ONEUSDT,Discovery,META_LOSS,False,0.9409894646841561,1,1,True,0.3442028985507273,True,OPEN_ROUTE1_T3_PASS,-1.9250420838244384,-0.3850084167648877,0.763667,False,3.818335
PAPER:ZECUSDT:1790781899999:SHORT,ZECUSDT,Discovery,META_LOSS,False,0.233614097359375,0,0,True,-0.23245595384897566,False,ROUTE0_NO_ACCEPTED_SELECTOR,-3.534900365271562,-0.7069800730543123,0.14872,False,0.7435999999999999
PAPER:METISUSDT:1790781899999:SHORT,METISUSDT,Discovery,META_LOSS,False,0.006307778336737911,0,0,True,-0.2720677146311967,False,ROUTE0_NO_ACCEPTED_SELECTOR,-6.995784120592193,-1.3991568241184387,0.463184,False,2.3159199999999998
PAPER:NOMUSDT:1790781899999:SHORT,NOMUSDT,Discovery,META_LOSS,False,0.8075530597363639,1,0,False,0.20584602717168554,False,ROUTE1_T3_NOT_CAUSAL,-3.423183978088289,-0.6846367956176578,0.927077,False,4.635385
PAPER:LSKUSDT:1790781899999:SHORT,LSKUSDT,Discovery,META_LOSS,False,0.16734259050604253,0,1,True,-0.13782439155571868,False,ROUTE0_NO_ACCEPTED_SELECTOR,-5.915712787972717,-1.1831425575945433,0.497938,False,2.48969
PAPER:ZESTUSDT:1790782499999:SHORT,ZESTUSDT,Discovery,META_LOSS,False,0.9704712622382954,1,1,True,-0.22424952856632263,False,ROUTE1_T3_THRESHOLD_FAIL,-3.0679198291873093,-0.6135839658374619,0.209411,False,1.047055
PAPER:BIRBUSDT:1790783399999:SHORT,BIRBUSDT,Discovery,META_LOSS,False,0.9469793582192135,1,1,True,-0.0,False,ROUTE1_T3_THRESHOLD_FAIL,-2.991810903721538,-0.5983621807443076,0.342606,False,1.71303
PAPER:EULUSDT:1790783999999:SHORT,EULUSDT,Discovery,META_LOSS,False,0.013939923188727697,0,0,True,-0.2219909816163712,False,ROUTE0_NO_ACCEPTED_SELECTOR,-1.852815389348706,-0.37056307786974124,1.096802,False,5.4840100000000005
PAPER:龙虾USDT:1790784599999:SHORT,龙虾USDT,Discovery,META_WIN,True,0.9997424902052554,1,1,False,-0.6901991717610079,False,ROUTE1_T3_NOT_CAUSAL,2.2510483870681988,0.4502096774136397,1.338001,True,6.690005
PAPER:APRUSDT:1790784599999:SHORT,APRUSDT,Discovery,META_LOSS,False,0.7883292830219933,1,0,False,-7.326007326007322,False,ROUTE1_T3_NOT_CAUSAL,0.8767267139558637,0.17534534279117273,3.776376,True,18.88188
PAPER:PLAYUSDT:1790785799999:SHORT,PLAYUSDT,Discovery,META_LOSS,False,0.8672044755740083,1,1,True,-0.15489467162328463,False,ROUTE1_T3_THRESHOLD_FAIL,-2.8110643504164465,-0.5622128700832894,0.289847,False,1.449235
PAPER:SUSHIUSDT:1790786099999:SHORT,SUSHIUSDT,Discovery,META_LOSS,False,0.04810374345428068,0,0,False,-0.03568879371875777,False,ROUTE0_NO_ACCEPTED_SELECTOR,-3.093981001767766,-0.6187962003535531,0.336955,False,1.6847750000000001
PAPER:RIVERUSDT:1790786999999:SHORT,RIVERUSDT,Discovery,META_WIN,True,0.550421021664188,1,1,True,0.32441200324412334,True,OPEN_ROUTE1_T3_PASS,-2.9784525584209294,-0.5956905116841859,1.276852,False,6.38426
PAPER:ZESTUSDT:1790787599999:SHORT,ZESTUSDT,Discovery,META_LOSS,False,0.5717926140122579,1,0,True,0.11243420043951513,True,OPEN_ROUTE1_T3_PASS,-1.001355284600086,-0.2002710569200172,2.116673,False,10.583365
PAPER:LITUSDT:1790787599999:SHORT,LITUSDT,Discovery,META_LOSS,False,0.8591618279716285,1,1,True,-0.28807615230459493,False,ROUTE1_T3_THRESHOLD_FAIL,-2.467464536870343,-0.4934929073740686,0.280657,False,1.403285
PAPER:INITUSDT:1790787899999:SHORT,INITUSDT,Discovery,META_LOSS,False,0.8972796633937051,1,1,False,-0.46833837447557425,False,ROUTE1_T3_NOT_CAUSAL,-1.1456508697287355,-0.2291301739457471,0.888026,False,4.44013
PAPER:2ZUSDT:1790787899999:SHORT,2ZUSDT,Discovery,META_LOSS,False,0.9476278624766573,1,1,True,0.4296626352641497,True,OPEN_ROUTE1_T3_PASS,-0.9501900380076727,-0.19003800760153453,0.680327,False,3.401635
PAPER:COTIUSDT:1790787899999:SHORT,COTIUSDT,Validation,META_LOSS,False,0.9608025195562844,1,1,True,-0.12782916008722278,False,ROUTE1_T3_THRESHOLD_FAIL,-3.170953720407903,-0.6341907440815806,0.152976,False,0.76488
PAPER:GPSUSDT:1790787899999:SHORT,GPSUSDT,Validation,META_LOSS,False,0.8193740936742654,1,1,True,-0.2344555941104609,False,ROUTE1_T3_THRESHOLD_FAIL,-0.9501900380075556,-0.19003800760151113,0.570942,False,2.85471
PAPER:PONSUSDT:1790787899999:SHORT,PONSUSDT,Validation,META_LOSS,False,0.879071900678175,1,1,False,-0.5051449953227483,False,ROUTE1_T3_NOT_CAUSAL,-1.5118977507863471,-0.3023795501572694,0.541171,False,2.7058549999999997
PAPER:ONEUSDT:1790787899999:SHORT,ONEUSDT,Validation,META_WIN,True,0.9442807203068059,1,1,True,0.2932551319648091,True,OPEN_ROUTE1_T3_PASS,0.9473827749890564,0.1894765549978113,1.126486,True,5.63243
PAPER:RAREUSDT:1790788499999:SHORT,RAREUSDT,Validation,META_LOSS,False,0.5475957460612813,1,1,True,-0.11487650775416913,False,ROUTE1_T3_THRESHOLD_FAIL,-0.8065941716742636,-0.16131883433485272,0.668602,False,3.34301
PAPER:AVAUSDT:1790788499999:SHORT,AVAUSDT,Validation,META_WIN,True,0.8258142200273115,1,1,True,-0.20080321285140812,False,ROUTE1_T3_THRESHOLD_FAIL,3.171011325759178,0.6342022651518356,1.948261,True,9.741305
PAPER:RLCUSDT:1790788499999:SHORT,RLCUSDT,Validation,META_WIN,False,0.7094078262838311,1,,True,-0.0552333609500133,False,ROUTE1_T3_THRESHOLD_FAIL,-0.12073653338790566,-0.02414730667758113,0.698173,False,3.4908650000000003
PAPER:STARUSDT:1790788499999:SHORT,STARUSDT,Validation,META_WIN,False,0.23982663683828342,0,,True,0.05468963631392043,False,ROUTE0_NO_ACCEPTED_SELECTOR,-0.19795956117447092,-0.03959191223489418,0.608537,False,3.042685
PAPER:AKEUSDT:1790788799999:SHORT,AKEUSDT,Validation,META_LOSS,False,0.8005203301827069,1,1,False,-0.31284217112468315,False,ROUTE1_T3_NOT_CAUSAL,-2.1403578604036486,-0.4280715720807297,0.170868,False,0.85434
PAPER:STARUSDT:1790788799999:SHORT,STARUSDT,Validation,META_LOSS,False,0.8009008296821074,1,1,True,-0.1922548750343367,False,ROUTE1_T3_THRESHOLD_FAIL,-1.2940861564728985,-0.2588172312945797,0.584679,False,2.9233949999999997
PAPER:ASTERUSDT:1790788799999:SHORT,ASTERUSDT,Validation,META_LOSS,False,0.8941731774224231,1,1,True,-0.15818613234905854,False,ROUTE1_T3_THRESHOLD_FAIL,-3.0614864768128847,-0.6122972953625769,0.29639,False,1.4819499999999999
PAPER:FARTCOINUSDT:1790788799999:SHORT,FARTCOINUSDT,Validation,META_LOSS,False,0.037789267006341304,0,0,True,0.27824151363383676,False,ROUTE0_NO_ACCEPTED_SELECTOR,-0.1145052466252231,-0.02290104932504462,0.480931,False,2.404655
PAPER:MOCAUSDT:1790788799999:SHORT,MOCAUSDT,Validation,META_WIN,True,0.0160922735085346,0,0,True,-0.018837713101627074,False,ROUTE0_NO_ACCEPTED_SELECTOR,2.419972493792603,0.4839944987585205,1.986047,True,9.930235
PAPER:AKEUSDT:1790789699999:SHORT,AKEUSDT,Validation,META_WIN,True,0.30678825131063153,0,1,True,0.4044714799834481,False,ROUTE0_NO_ACCEPTED_SELECTOR,0.3411437749508244,0.06822875499016487,1.470787,True,7.353935
PAPER:FOGOUSDT:1790789699999:SHORT,FOGOUSDT,Validation,META_WIN,True,0.8655558645575432,1,1,True,0.07523039307879564,True,OPEN_ROUTE1_T3_PASS,1.1214153383724228,0.22428306767448455,1.07126,True,5.356300000000001
PAPER:SAGAUSDT:1790789699999:SHORT,SAGAUSDT,Validation,META_LOSS,False,0.35059750624302966,0,1,True,0.07739938080495445,False,ROUTE0_NO_ACCEPTED_SELECTOR,-2.78982806716074,-0.557965613432148,0.289536,False,1.44768
PAPER:LDOUSDT:1790789699999:SHORT,LDOUSDT,Validation,META_LOSS,False,0.9200054390117025,1,1,True,0.34647033347768863,True,OPEN_ROUTE1_T3_PASS,-0.5165099946564662,-0.10330199893129324,0.543245,False,2.7162249999999997
PAPER:ETHFIUSDT:1790789699999:SHORT,ETHFIUSDT,Validation,META_WIN,False,0.8959654363001578,1,,True,0.665829145728658,True,OPEN_ROUTE1_T3_PASS,-0.1012245775160118,-0.02024491550320236,0.809308,False,4.04654
PAPER:HOMEUSDT:1790789699999:SHORT,HOMEUSDT,Validation,META_LOSS,False,0.7976396154463674,1,1,True,0.16559032952476738,True,OPEN_ROUTE1_T3_PASS,-2.5673564074147013,-0.5134712814829403,0.228555,False,1.142775
PAPER:RAVEUSDT:1790789699999:SHORT,RAVEUSDT,Validation,META_WIN,False,0.8878126608922303,1,,True,0.3851709195955677,True,OPEN_ROUTE1_T3_PASS,0.25601523919239194,0.05120304783847839,0.944044,True,4.72022
PAPER:XPINUSDT:1790789699999:SHORT,XPINUSDT,Validation,META_LOSS,False,0.8001169786314232,1,1,True,0.1179245283018937,True,OPEN_ROUTE1_T3_PASS,-1.540490969656177,-0.3080981939312354,0.215892,False,1.07946
PAPER:ETCUSDT:1790789699999:SHORT,ETCUSDT,Validation,META_LOSS,False,0.7931269584366941,1,1,True,-0.02243661655823015,False,ROUTE1_T3_THRESHOLD_FAIL,-1.0625147749172703,-0.21250295498345406,0.844075,False,4.220375
PAPER:SENTUSDT:1790789699999:SHORT,SENTUSDT,Validation,META_LOSS,False,0.9284284284577704,1,1,True,-0.09186954524573743,False,ROUTE1_T3_THRESHOLD_FAIL,-3.018682558825775,-0.603736511765155,0.20961,False,1.04805
PAPER:GUSDT:1790789699999:SHORT,GUSDT,Validation,META_WIN,True,0.01248765119864498,0,0,True,0.10447137484330682,False,ROUTE0_NO_ACCEPTED_SELECTOR,0.8801622030424,0.17603244060848,1.171208,True,5.85604
PAPER:EIGENUSDT:1790789999999:SHORT,EIGENUSDT,Validation,META_LOSS,False,0.03971566132259273,0,0,True,0.1626016260162566,False,ROUTE0_NO_ACCEPTED_SELECTOR,-2.5780768348791563,-0.5156153669758313,0.345923,False,1.729615
PAPER:TRIAUSDT:1790789999999:SHORT,TRIAUSDT,Validation,META_LOSS,False,0.03015086383462728,0,0,True,0.04735969689794173,False,ROUTE0_NO_ACCEPTED_SELECTOR,-3.0265270433798146,-0.6053054086759629,0.311895,False,1.559475
PAPER:HEMIUSDT:1790789999999:SHORT,HEMIUSDT,Validation,META_LOSS,False,0.8817853782223495,1,1,True,-0.19032513877874635,False,ROUTE1_T3_THRESHOLD_FAIL,-1.5456403037149697,-0.309128060742994,0.582813,False,2.914065
PAPER:COAIUSDT:1790789999999:SHORT,COAIUSDT,Validation,META_WIN,False,0.7931094371042327,1,,True,-0.060994205550457536,False,ROUTE1_T3_THRESHOLD_FAIL,-1.4081728285272095,-0.2816345657054419,0.163015,False,0.815075
PAPER:SLXUSDT:1790789999999:SHORT,SLXUSDT,Validation,META_WIN,True,0.013119796633272509,0,0,True,-0.22446689113355678,False,ROUTE0_NO_ACCEPTED_SELECTOR,1.4174495493134494,0.28348990986268985,1.038409,True,5.192044999999999
PAPER:LYNUSDT:1790790299999:SHORT,LYNUSDT,Validation,META_WIN,True,0.3910545509830711,0,0,False,5.442366731789006,False,ROUTE0_NO_ACCEPTED_SELECTOR,-0.8099336104261838,-0.1619867220852368,1.072958,False,5.36479
PAPER:LITUSDT:1790790299999:SHORT,LITUSDT,Validation,META_LOSS,False,0.010611076228077247,0,0,False,-0.2086991931994575,False,ROUTE0_NO_ACCEPTED_SELECTOR,-1.4732304516663866,-0.2946460903332773,0.905281,False,4.5264050000000005
PAPER:FILUSDT:1790790299999:SHORT,FILUSDT,Validation,META_LOSS,False,0.8951176910699015,1,1,True,-0.2782842337587521,False,ROUTE1_T3_THRESHOLD_FAIL,-3.1598108749471607,-0.6319621749894321,0.0,False,0.0
PAPER:CUSDT:1790790299999:SHORT,CUSDT,Validation,META_LOSS,False,0.9430398975658207,1,1,True,-0.12320788530466587,False,ROUTE1_T3_THRESHOLD_FAIL,-2.5200943078400293,-0.5040188615680058,0.0,False,0.0
PAPER:FOGOUSDT:1790790299999:SHORT,FOGOUSDT,Validation,META_LOSS,False,0.7493302329430105,1,1,False,-0.6232294617563694,False,ROUTE1_T3_NOT_CAUSAL,-2.0846380607566664,-0.4169276121513333,0.678908,False,3.3945399999999997
PAPER:NOMUSDT:1790790599999:SHORT,NOMUSDT,Validation,META_WIN,False,0.6201063593246041,1,,True,0.46160302140160203,True,OPEN_ROUTE1_T3_PASS,-0.8451154809046504,-0.1690230961809301,0.945764,False,4.728820000000001
PAPER:FIGHTUSDT:1790790899999:SHORT,FIGHTUSDT,Validation,META_LOSS,False,0.8562118024955142,1,1,True,-0.13034410844630084,False,ROUTE1_T3_THRESHOLD_FAIL,3.878089949324625,0.775617989864925,2.170215,True,10.851074999999998
PAPER:ZEREBROUSDT:1790790899999:SHORT,ZEREBROUSDT,Validation,META_LOSS,False,0.985342740968344,1,1,True,-0.05734310289899902,False,ROUTE1_T3_THRESHOLD_FAIL,-3.023295316916127,-0.6046590633832254,0.180737,False,0.9036850000000001
PAPER:TOWNSUSDT:1790790899999:SHORT,TOWNSUSDT,Validation,META_LOSS,False,0.9729203267041503,1,1,True,-0.047147571900052476,False,ROUTE1_T3_THRESHOLD_FAIL,0.3478597239958151,0.06957194479916302,1.158921,True,5.794605000000001
PAPER:PTBUSDT:1790790899999:SHORT,PTBUSDT,Validation,META_WIN,False,0.9868736245201531,1,,True,0.17261840543748574,True,OPEN_ROUTE1_T3_PASS,-1.4363426990997978,-0.2872685398199596,0.152686,False,0.7634299999999999
PAPER:ZAMAUSDT:1790790899999:SHORT,ZAMAUSDT,Validation,META_LOSS,False,0.8264398940467945,1,1,True,-0.05121638924454608,False,ROUTE1_T3_THRESHOLD_FAIL,-2.103884458069567,-0.4207768916139134,0.287356,False,1.43678
PAPER:SEIUSDT:1790790899999:SHORT,SEIUSDT,Validation,META_LOSS,False,0.9512402866870927,1,1,True,-0.16438356164385493,False,ROUTE1_T3_THRESHOLD_FAIL,-2.6642538307689376,-0.5328507661537875,0.007395,False,0.036975
PAPER:EIGENUSDT:1790790899999:SHORT,EIGENUSDT,Validation,META_LOSS,False,0.8094567353524766,1,1,True,-0.12274959083469206,False,ROUTE1_T3_THRESHOLD_FAIL,-2.58806387044275,-0.5176127740885499,0.10272,False,0.5136000000000001
PAPER:XPLUSDT:1790790899999:SHORT,XPLUSDT,Validation,META_WIN,False,0.9177758931909206,1,,True,-0.042643923240959225,False,ROUTE1_T3_THRESHOLD_FAIL,-2.124246986924047,-0.42484939738480937,0.12928,False,0.6464000000000001
PAPER:ASTERUSDT:1790790899999:SHORT,ASTERUSDT,Validation,META_LOSS,False,0.9428171032691278,1,1,False,-0.3058103975535076,False,ROUTE1_T3_NOT_CAUSAL,-3.4157494138604263,-0.6831498827720852,0.01994,False,0.0997
PAPER:XVSUSDT:1790791499999:SHORT,XVSUSDT,Validation,META_LOSS,False,0.8176362239833054,1,1,True,-0.05486968449930352,False,ROUTE1_T3_THRESHOLD_FAIL,-2.184146956753729,-0.4368293913507458,0.774458,False,3.87229
PAPER:JELLYJELLYUSDT:1790791499999:SHORT,JELLYJELLYUSDT,Validation,META_LOSS,False,0.8416689877911034,1,1,True,-0.053734551316497736,False,ROUTE1_T3_THRESHOLD_FAIL,-2.967553780772275,-0.5935107561544549,0.194977,False,0.974885
PAPER:STARUSDT:1790791499999:SHORT,STARUSDT,Validation,META_LOSS,False,0.3404742482083479,0,0,True,-0.2230275996654596,False,ROUTE0_NO_ACCEPTED_SELECTOR,-0.39384084096612715,-0.07876816819322544,0.563608,False,2.81804
PAPER:1000SATSUSDT:1790791499999:SHORT,1000SATSUSDT,Validation,META_LOSS,False,0.03868817817345658,0,0,True,-0.0,False,ROUTE0_NO_ACCEPTED_SELECTOR,-1.1499407124042378,-0.22998814248084756,0.698416,False,3.49208
PAPER:BSBUSDT:1790791499999:SHORT,BSBUSDT,Validation,META_LOSS,False,0.8042432408671915,1,1,True,-0.1502102944121786,False,ROUTE1_T3_THRESHOLD_FAIL,-2.153254784744215,-0.430650956948843,0.060124,False,0.30062
PAPER:GRTUSDT:1790791499999:SHORT,GRTUSDT,Validation,META_WIN,True,0.9023489603733195,1,1,True,0.0689179875947632,True,OPEN_ROUTE1_T3_PASS,2.0684405015048917,0.41368810030097836,1.324166,True,6.62083
PAPER:HOMEUSDT:1790791499999:SHORT,HOMEUSDT,Validation,META_LOSS,False,0.922436267258484,1,1,True,-0.20016680567138678,False,ROUTE1_T3_THRESHOLD_FAIL,-2.7036644318019887,-0.5407328863603977,0.0,False,0.0
PAPER:FOLKSUSDT:1790791799999:SHORT,FOLKSUSDT,Validation,META_LOSS,False,0.8637094216645363,1,1,True,-0.08179959100205192,False,ROUTE1_T3_THRESHOLD_FAIL,-1.7691269542251906,-0.3538253908450381,0.348168,False,1.74084
PAPER:GRASSUSDT:1790791799999:SHORT,GRASSUSDT,Validation,META_WIN,False,0.8944846547662526,1,,True,-0.09810791871056601,False,ROUTE1_T3_THRESHOLD_FAIL,-2.0025555391385845,-0.4005111078277169,0.064105,False,0.32052499999999995
PAPER:TURBOUSDT:1790792099999:SHORT,TURBOUSDT,Validation,META_WIN,True,0.9328474269346856,1,1,True,0.12604227263913748,True,OPEN_ROUTE1_T3_PASS,3.1512938714475722,0.6302587742895145,1.619032,True,8.09516
PAPER:RAYSOLUSDT:1790792099999:SHORT,RAYSOLUSDT,Validation,META_WIN,True,0.0955695169576347,0,1,True,0.4521963824289488,False,ROUTE0_NO_ACCEPTED_SELECTOR,6.935430159877868,1.3870860319755733,2.758468,True,13.792340000000001
PAPER:GPSUSDT:1790792699999:SHORT,GPSUSDT,Validation,META_WIN,True,0.997979554663445,1,1,False,1.563832812055732,False,ROUTE1_T3_NOT_CAUSAL,-1.2822937561638366,-0.25645875123276735,1.553621,False,7.768104999999999
PAPER:PUMPBTCUSDT:1790792999999:SHORT,PUMPBTCUSDT,Validation,META_LOSS,False,0.9021162186111331,1,1,False,-0.5434782608695787,False,ROUTE1_T3_NOT_CAUSAL,-3.2172878189768683,-0.6434575637953737,0.161192,False,0.80596
PAPER:HANAUSDT:1790792999999:SHORT,HANAUSDT,Validation,META_WIN,False,0.6947081061204317,1,,True,-0.23771790808240212,False,ROUTE1_T3_THRESHOLD_FAIL,0.04144068710728149,0.008288137421456298,0.614037,True,3.0701850000000004
PAPER:PTBUSDT:1790793299999:SHORT,PTBUSDT,Validation,META_WIN,True,0.03146236783806783,0,0,True,0.06587615283267789,False,ROUTE0_NO_ACCEPTED_SELECTOR,-1.5547494462659879,-0.31094988925319755,1.923731,False,9.618655
PAPER:ROBOUSDT:1790793299999:SHORT,ROBOUSDT,Validation,META_WIN,True,0.4600650194803897,0,1,True,0.11135857461024301,False,ROUTE0_NO_ACCEPTED_SELECTOR,1.8369769443866684,0.3673953888773337,1.205185,True,6.025925
PAPER:SLXUSDT:1790793299999:SHORT,SLXUSDT,Validation,META_WIN,True,0.7859397175672422,1,1,True,0.2447780678851208,True,OPEN_ROUTE1_T3_PASS,2.7671546897106305,0.5534309379421261,2.689857,True,13.449285
PAPER:ESPUSDT:1790793299999:SHORT,ESPUSDT,Validation,META_LOSS,False,0.9433119096765863,1,1,True,-0.03804089396102217,False,ROUTE1_T3_THRESHOLD_FAIL,-2.7116053524541694,-0.5423210704908339,0.198775,False,0.9938750000000001
PAPER:ONDOUSDT:1790793299999:SHORT,ONDOUSDT,Validation,META_WIN,True,0.9695777134415168,1,1,False,2.711932503013259,False,ROUTE1_T3_NOT_CAUSAL,1.6140259816728677,0.32280519633457355,1.085078,True,5.42539
PAPER:LUMIAUSDT:1790793299999:SHORT,LUMIAUSDT,Validation,META_WIN,True,0.9693639576679537,1,1,True,0.011771630370804864,False,ROUTE1_T3_THRESHOLD_FAIL,1.7603995725572383,0.35207991451144766,1.004333,True,5.021665
PAPER:CETUSUSDT:1790793299999:SHORT,CETUSUSDT,Validation,META_LOSS,False,0.949088162008517,1,1,True,-0.1800504141159509,False,ROUTE1_T3_THRESHOLD_FAIL,-2.842894213520343,-0.5685788427040687,0.088048,False,0.44024
PAPER:MMTUSDT:1790793299999:SHORT,MMTUSDT,Validation,META_LOSS,False,0.9321220097740399,1,1,True,-0.05316321105794941,False,ROUTE1_T3_THRESHOLD_FAIL,-1.216311882791259,-0.24326237655825178,0.139518,False,0.69759
PAPER:ONDOUSDT:1790793599999:SHORT,ONDOUSDT,Validation,META_LOSS,False,0.9453204163975228,1,0,False,-0.3943545039435392,False,ROUTE1_T3_NOT_CAUSAL,-1.7813651148659768,-0.35627302297319535,0.997219,False,4.986095
PAPER:EDENUSDT:1790793599999:SHORT,EDENUSDT,Validation,META_LOSS,False,0.9478297815594161,1,1,True,-0.11674449633087836,False,ROUTE1_T3_THRESHOLD_FAIL,-2.077235579287252,-0.4154471158574504,0.280256,False,1.40128
PAPER:ZETAUSDT:1790793599999:SHORT,ZETAUSDT,Validation,META_LOSS,False,0.0665150039349713,0,0,True,-0.03845414343395248,False,ROUTE0_NO_ACCEPTED_SELECTOR,-2.2495103736186444,-0.4499020747237289,0.345383,False,1.726915
PAPER:CKBUSDT:1790793599999:SHORT,CKBUSDT,Validation,META_LOSS,False,0.9715273185335354,1,1,False,-0.30885645896070457,False,ROUTE1_T3_NOT_CAUSAL,-2.2450142883568844,-0.4490028576713769,0.072671,False,0.363355
PAPER:SKYAIUSDT:1790793599999:SHORT,SKYAIUSDT,Validation,META_LOSS,False,0.8352218291961436,1,1,True,-0.02370229912302957,False,ROUTE1_T3_THRESHOLD_FAIL,0.05783865550652742,0.011567731101305483,0.856741,True,4.283704999999999
PAPER:ACTUSDT:1790793599999:SHORT,ACTUSDT,Validation,META_WIN,True,0.9407337601312918,1,1,True,-0.028047868361991135,False,ROUTE1_T3_THRESHOLD_FAIL,2.981028731924451,0.5962057463848902,1.513586,True,7.5679300000000005
PAPER:NILUSDT:1790793599999:SHORT,NILUSDT,Validation,META_WIN,True,0.772356174030366,1,1,True,0.14015416958653715,True,OPEN_ROUTE1_T3_PASS,0.21910496324920098,0.04382099264984019,1.183227,True,5.916135000000001
PAPER:ZECUSDT:1790793599999:SHORT,ZECUSDT,Validation,META_WIN,False,0.9366161528667574,1,,True,0.2585377162970137,True,OPEN_ROUTE1_T3_PASS,-0.3064652231595472,-0.061293044631909446,0.826235,False,4.131175000000001
PAPER:JUPUSDT:1790793599999:SHORT,JUPUSDT,Validation,META_LOSS,False,0.02500087215706436,0,0,True,-0.09244992295838195,False,ROUTE0_NO_ACCEPTED_SELECTOR,-2.955576007343156,-0.5911152014686312,0.288224,False,1.44112
PAPER:FLOWUSDT:1790793599999:SHORT,FLOWUSDT,Validation,META_LOSS,False,0.6093827247715973,1,0,True,0.03211303789338871,False,ROUTE1_T3_THRESHOLD_FAIL,-1.9156195269912546,-0.3831239053982509,0.687306,False,3.43653
PAPER:ASTERUSDT:1790793599999:SHORT,ASTERUSDT,Validation,META_LOSS,False,0.813880357342446,1,1,True,0.04004271222637357,True,OPEN_ROUTE1_T3_PASS,-3.522553200909784,-0.7045106401819569,0.433904,False,2.16952
PAPER:ALCHUSDT:1790793899999:SHORT,ALCHUSDT,Validation,META_LOSS,False,0.9603995025926854,1,1,False,-0.5105046141763214,False,ROUTE1_T3_NOT_CAUSAL,-6.699973783780914,-1.3399947567561827,0.490603,False,2.453015
PAPER:REDUSDT:1790793899999:SHORT,REDUSDT,Validation,META_LOSS,False,0.9351186781327004,1,1,True,0.5659309564233217,True,OPEN_ROUTE1_T3_PASS,1.4577834285023998,0.29155668570048,1.112084,True,5.560420000000001
PAPER:LTCUSDT:1790793899999:SHORT,LTCUSDT,Validation,META_LOSS,False,0.6882495895005485,1,1,True,-0.10635065329687166,False,ROUTE1_T3_THRESHOLD_FAIL,-2.775441414627564,-0.5550882829255128,0.329504,False,1.64752
PAPER:BRUSDT:1790793899999:SHORT,BRUSDT,Validation,META_LOSS,False,0.7347213136595544,1,1,True,-0.021160736957925863,False,ROUTE1_T3_THRESHOLD_FAIL,-1.4727037426443872,-0.2945407485288774,0.675549,False,3.377745
PAPER:AGTUSDT:1790794199999:SHORT,AGTUSDT,Validation,META_LOSS,False,0.017152474359349797,0,0,True,-0.1762188470252557,False,ROUTE0_NO_ACCEPTED_SELECTOR,-1.706282462332799,-0.3412564924665598,0.752157,False,3.760785
PAPER:JCTUSDT:1790794199999:SHORT,JCTUSDT,Validation,META_LOSS,False,0.03745352014322908,0,0,False,-0.34129692832765013,False,ROUTE0_NO_ACCEPTED_SELECTOR,-2.94337907683928,-0.588675815367856,0.719621,False,3.598105
PAPER:ENAUSDT:1790794199999:SHORT,ENAUSDT,Validation,META_LOSS,False,0.032023748484150655,0,0,True,-0.3631359657505495,False,ROUTE0_NO_ACCEPTED_SELECTOR,-6.119328763156725,-1.223865752631345,0.449645,False,2.248225
PAPER:TACUSDT:1790794199999:SHORT,TACUSDT,Validation,META_WIN,True,0.9507841185287418,1,1,True,-0.1312335958005173,False,ROUTE1_T3_THRESHOLD_FAIL,0.20017973555316615,0.040035947110633234,1.490475,True,7.452375
PAPER:GRIFFAINUSDT:1790794199999:SHORT,GRIFFAINUSDT,Validation,META_LOSS,False,0.010381258484159859,0,0,True,-0.05483792347065197,False,ROUTE0_NO_ACCEPTED_SELECTOR,-0.08092407919186173,-0.016184815838372345,1.6925,False,8.462499999999999
PAPER:AVAAIUSDT:1790794199999:SHORT,AVAAIUSDT,Validation,META_LOSS,False,0.7388068489288331,1,1,True,-0.14482259232440065,False,ROUTE1_T3_THRESHOLD_FAIL,-0.4842497432156724,-0.09684994864313448,1.510967,False,7.554835
PAPER:ROBOUSDT:1790795399999:SHORT,ROBOUSDT,Validation,META_LOSS,False,0.002255448598256208,0,0,False,-1.3698630136986356,False,ROUTE0_NO_ACCEPTED_SELECTOR,-2.6644886340280047,-0.532897726805601,1.692667,False,8.463334999999999
PAPER:METUSDT:1790795699999:SHORT,METUSDT,Validation,META_WIN,True,0.7628332512366103,1,1,True,0.6228589224540615,True,OPEN_ROUTE1_T3_PASS,1.1543770954440573,0.23087541908881146,1.007919,True,5.039595
PAPER:LIGHTUSDT:1790795699999:SHORT,LIGHTUSDT,Validation,META_LOSS,False,0.5995818466706385,1,1,True,0.054525627044721414,True,OPEN_ROUTE1_T3_PASS,-2.451369724599154,-0.49027394491983084,0.252679,False,1.263395
PAPER:我踏马来了USDT:1790795699999:SHORT,我踏马来了USDT,Validation,META_WIN,False,0.9883496761367545,1,,True,0.5955926146515633,True,OPEN_ROUTE1_T3_PASS,0.9042658269774455,0.1808531653954891,0.814774,True,4.07387
PAPER:AVAAIUSDT:1790795999999:SHORT,AVAAIUSDT,Validation,META_LOSS,False,0.02962367343243942,0,0,True,0.010388531061700235,False,ROUTE0_NO_ACCEPTED_SELECTOR,-1.3142069017376867,-0.26284138034753735,1.07101,False,5.35505
PAPER:USUSDT:1790795999999:SHORT,USUSDT,Validation,META_LOSS,False,0.9859736538246268,1,1,False,-0.2396621904363183,False,ROUTE1_T3_NOT_CAUSAL,-2.17026819180578,-0.43405363836115596,0.730394,False,3.65197
PAPER:STOUSDT:1790795999999:SHORT,STOUSDT,Validation,META_LOSS,False,0.8336725877365677,1,1,True,-0.09447331128955572,False,ROUTE1_T3_THRESHOLD_FAIL,-2.132464931814828,-0.4264929863629656,0.405211,False,2.026055
PAPER:SKYAIUSDT:1790796299999:SHORT,SKYAIUSDT,Validation,META_LOSS,False,0.9779731253201094,1,1,True,-0.21961932650074178,False,ROUTE1_T3_THRESHOLD_FAIL,-0.9501900380075652,-0.19003800760151304,0.761021,False,3.8051049999999997
PAPER:HUMAUSDT:1790796299999:SHORT,HUMAUSDT,Validation,META_LOSS,False,0.9511964970965235,1,1,True,-0.18355473975673053,False,ROUTE1_T3_THRESHOLD_FAIL,-2.9596563368998337,-0.5919312673799667,0.337933,False,1.689665
PAPER:BIGTIMEUSDT:1790796299999:SHORT,BIGTIMEUSDT,Validation,META_LOSS,False,0.8839816491548044,1,1,True,0.011492931846923682,False,ROUTE1_T3_THRESHOLD_FAIL,-2.963535435770245,-0.592707087154049,0.117923,False,0.589615
PAPER:XPINUSDT:1790796299999:SHORT,XPINUSDT,Validation,META_LOSS,False,0.8352487625470626,1,1,True,0.11890606420926764,True,OPEN_ROUTE1_T3_PASS,-3.9262613224190823,-0.7852522644838165,0.455715,False,2.278575
PAPER:PIPPINUSDT:1790796899999:SHORT,PIPPINUSDT,Validation,META_LOSS,False,0.011209460314405962,0,0,True,0.10729613733905241,False,ROUTE0_NO_ACCEPTED_SELECTOR,-0.5469339772895206,-0.10938679545790413,0.732026,False,3.6601299999999997
PAPER:USUALUSDT:1790797499999:SHORT,USUALUSDT,Validation,META_WIN,False,0.8160458552001948,1,,True,0.11880894037276102,True,OPEN_ROUTE1_T3_PASS,-0.2809718695075332,-0.056194373901506646,0.663436,False,3.31718
PAPER:LSKUSDT:1790797499999:SHORT,LSKUSDT,Validation,META_LOSS,False,0.025823048171201443,0,0,False,-0.3113432732556154,False,ROUTE0_NO_ACCEPTED_SELECTOR,-0.9242149183114257,-0.18484298366228513,0.595887,False,2.9794349999999996
PAPER:SYRUPUSDT:1790798099999:SHORT,SYRUPUSDT,Validation,META_LOSS,False,0.9481895327128748,1,1,True,-0.19217018233823602,False,ROUTE1_T3_THRESHOLD_FAIL,-2.9635868517106863,-0.5927173703421372,0.149855,False,0.7492749999999999
PAPER:TAGUSDT:1790798099999:SHORT,TAGUSDT,Validation,META_LOSS,False,0.913674002351028,1,1,True,-0.08291873963515162,False,ROUTE1_T3_THRESHOLD_FAIL,-0.9501900380075616,-0.19003800760151232,0.655327,False,3.2766349999999997
PAPER:FARTCOINUSDT:1790798099999:SHORT,FARTCOINUSDT,Validation,META_LOSS,False,0.3638725087409089,0,1,True,-0.0,False,ROUTE0_NO_ACCEPTED_SELECTOR,-2.3747067996411153,-0.47494135992822306,0.321555,False,1.607775
PAPER:EIGENUSDT:1790798099999:SHORT,EIGENUSDT,Validation,META_LOSS,False,0.9099672739069562,1,1,True,0.08240626287597808,True,OPEN_ROUTE1_T3_PASS,-0.950190038007614,-0.19003800760152278,0.845078,False,4.22539
PAPER:SPXUSDT:1790798099999:SHORT,SPXUSDT,Validation,META_LOSS,False,0.8982813946810607,1,1,True,0.023207240659084416,False,ROUTE1_T3_THRESHOLD_FAIL,-2.9831595960639548,-0.596631919212791,0.28175,False,1.40875
PAPER:JTOUSDT:1790798099999:SHORT,JTOUSDT,Validation,META_LOSS,False,0.9654473231476929,1,1,True,-0.0,False,ROUTE1_T3_THRESHOLD_FAIL,-0.5685813549215082,-0.11371627098430165,0.856863,False,4.284315
PAPER:MAGMAUSDT:1790798099999:SHORT,MAGMAUSDT,Validation,META_LOSS,False,0.6851398680339931,1,1,True,-0.12102715217849891,False,ROUTE1_T3_THRESHOLD_FAIL,-1.977470211207086,-0.3954940422414172,0.164205,False,0.8210249999999999
PAPER:MUSDT:1790798399999:SHORT,MUSDT,Validation,META_WIN,True,0.006602666455996703,0,0,True,-0.05810575246949501,False,ROUTE0_NO_ACCEPTED_SELECTOR,3.817884250624392,0.7635768501248784,2.223942,True,11.119710000000001
PAPER:REZUSDT:1790798699999:SHORT,REZUSDT,Validation,META_LOSS,False,0.15473546449289677,0,0,True,0.06485084306094846,False,ROUTE0_NO_ACCEPTED_SELECTOR,-0.5173537301493611,-0.10347074602987223,0.888089,False,4.440445
PAPER:USUALUSDT:1790798699999:SHORT,USUALUSDT,Validation,META_LOSS,False,0.8245331929746891,1,1,False,-0.4732572115384581,False,ROUTE1_T3_NOT_CAUSAL,-2.829084978470073,-0.5658169956940147,0.235283,False,1.176415
PAPER:JASMYUSDT:1790798699999:SHORT,JASMYUSDT,Validation,META_LOSS,False,0.9690942150089414,1,1,True,-0.18101367658891476,False,ROUTE1_T3_THRESHOLD_FAIL,-2.5088311480094276,-0.5017662296018855,0.18092,False,0.9046
PAPER:KMNOUSDT:1790798699999:SHORT,KMNOUSDT,Validation,META_LOSS,False,0.8324371249505635,1,1,False,-0.32280378141573696,False,ROUTE1_T3_NOT_CAUSAL,-0.834770349273974,-0.1669540698547948,0.671857,False,3.3592850000000003
PAPER:哈基米USDT:1790798699999:SHORT,哈基米USDT,Validation,META_WIN,False,0.9493196445750953,1,,True,0.3535840565734416,True,OPEN_ROUTE1_T3_PASS,-0.2261179212699131,-0.04522358425398262,0.912359,False,4.561795
PAPER:TOWNSUSDT:1790798999999:SHORT,TOWNSUSDT,Validation,META_LOSS,False,0.9079596429150236,1,1,True,0.14388489208633226,True,OPEN_ROUTE1_T3_PASS,-3.110946253998996,-0.6221892507997991,0.267823,False,1.3391149999999998
PAPER:RONINUSDT:1790798999999:SHORT,RONINUSDT,Validation,META_LOSS,False,0.9776715340132438,1,1,True,-0.0635424940428786,False,ROUTE1_T3_THRESHOLD_FAIL,-1.1091785055439969,-0.22183570110879938,0.313555,False,1.567775
PAPER:EPICUSDT:1790798999999:SHORT,EPICUSDT,Validation,META_LOSS,False,0.8239231064894702,1,1,True,-0.0,False,ROUTE1_T3_THRESHOLD_FAIL,-2.686343209305515,-0.537268641861103,0.280019,False,1.400095
PAPER:MAGICUSDT:1790799599999:SHORT,MAGICUSDT,Validation,META_WIN,True,0.03142946478961034,0,0,True,0.05585552038727126,False,ROUTE0_NO_ACCEPTED_SELECTOR,6.226181146674316,1.245236229334863,2.084308,True,10.42154
PAPER:BERAUSDT:1790799599999:SHORT,BERAUSDT,Validation,META_LOSS,False,0.011707947690429984,0,0,False,-0.6331618519984428,False,ROUTE0_NO_ACCEPTED_SELECTOR,-0.9501900380076082,-0.19003800760152162,0.732026,False,3.6601299999999997
PAPER:NILUSDT:1790799599999:SHORT,NILUSDT,Validation,META_LOSS,False,0.8137893494028201,1,1,True,-0.17663683466793145,False,ROUTE1_T3_THRESHOLD_FAIL,-1.4215969268014357,-0.2843193853602871,0.674661,False,3.3733049999999998
PAPER:B2USDT:1790799899999:SHORT,B2USDT,Validation,META_WIN,True,0.002882601782406372,0,0,True,0.4359889021006924,False,ROUTE0_NO_ACCEPTED_SELECTOR,-0.2557734049781989,-0.05115468099563978,2.834312,False,14.171560000000001
PAPER:BROCCOLIF3BUSDT:1790799899999:SHORT,BROCCOLIF3BUSDT,Validation,META_LOSS,False,0.9999999998128895,1,0,False,-0.4270462633451988,False,ROUTE1_T3_NOT_CAUSAL,-5.510590345827085,-1.1021180691654169,0.70612,False,3.5305999999999997
PAPER:NMRUSDT:1790800499999:SHORT,NMRUSDT,Validation,META_LOSS,False,0.36618096572452413,0,0,False,-0.3703034682080997,False,ROUTE0_NO_ACCEPTED_SELECTOR,-1.537931861571073,-0.3075863723142146,3.539234,False,17.69617
PAPER:USUSDT:1790800499999:SHORT,USUSDT,Validation,META_LOSS,False,0.9776099223582474,1,1,False,-0.32922440854452617,False,ROUTE1_T3_NOT_CAUSAL,-2.735421954007646,-0.5470843908015292,0.850669,False,4.253345
PAPER:SAGAUSDT:1790801099999:SHORT,SAGAUSDT,Validation,META_WIN,True,0.9111305256075398,1,1,True,0.23612750885476652,True,OPEN_ROUTE1_T3_PASS,2.695731621718018,0.5391463243436035,1.318846,True,6.59423
PAPER:1000000MOGUSDT:1790801099999:SHORT,1000000MOGUSDT,Validation,META_LOSS,False,0.0037895236977804,0,0,False,-0.43478260869564966,False,ROUTE0_NO_ACCEPTED_SELECTOR,-2.908962520764982,-0.5817925041529964,0.153944,False,0.76972
PAPER:SYNUSDT:1790801099999:SHORT,SYNUSDT,Validation,META_WIN,True,0.9015426884458391,1,1,True,-0.14357949934453718,False,ROUTE1_T3_THRESHOLD_FAIL,2.9715395549614643,0.5943079109922929,1.884366,True,9.42183
PAPER:LSKUSDT:1790801099999:SHORT,LSKUSDT,Validation,META_LOSS,False,0.876033597673716,1,1,True,-0.24655346042989912,False,ROUTE1_T3_THRESHOLD_FAIL,-3.1840470242859205,-0.6368094048571841,0.101569,False,0.507845
PAPER:CLOUSDT:1790801099999:SHORT,CLOUSDT,Validation,META_WIN,True,0.9668887334787012,1,1,True,-0.2005012531328454,False,ROUTE1_T3_THRESHOLD_FAIL,5.657235193905942,1.1314470387811884,2.152527,True,10.762635
PAPER:BRUSDT:1790801399999:SHORT,BRUSDT,Validation,META_LOSS,False,0.6993538007662586,1,1,True,0.2968883813873835,True,OPEN_ROUTE1_T3_PASS,-4.0023034453960165,-0.8004606890792033,0.339903,False,1.699515
PAPER:MUSDT:1790801399999:SHORT,MUSDT,Validation,META_LOSS,False,0.03308464835320227,0,0,True,0.31449731155523963,False,ROUTE0_NO_ACCEPTED_SELECTOR,-1.001071842239974,-0.2002143684479948,0.325664,False,1.62832
PAPER:GRASSUSDT:1790801699999:SHORT,GRASSUSDT,Reserve,META_WIN,True,0.9667812729173688,1,1,False,1.3197969543147225,False,ROUTE1_T3_NOT_CAUSAL,0.9382247822171118,0.18764495644342236,1.518319,True,7.591595
PAPER:POWERUSDT:1790801699999:SHORT,POWERUSDT,Reserve,META_LOSS,False,0.9137933933652013,1,1,True,-0.023383608090732366,False,ROUTE1_T3_THRESHOLD_FAIL,-0.7746112270507802,-0.15492224541015606,0.120326,False,0.60163
PAPER:哈基米USDT:1790801699999:SHORT,哈基米USDT,Reserve,META_LOSS,False,0.9754375995189929,1,1,False,-0.32594524119946566,False,ROUTE1_T3_NOT_CAUSAL,-3.2344314527833746,-0.6468862905566749,0.1104,False,0.552
PAPER:LDOUSDT:1790801699999:SHORT,LDOUSDT,Reserve,META_WIN,False,0.90933212281699,1,,False,0.7984031936127844,False,ROUTE1_T3_NOT_CAUSAL,-0.11756330807074897,-0.02351266161414979,0.88947,False,4.44735
PAPER:EPICUSDT:1790801699999:SHORT,EPICUSDT,Reserve,META_LOSS,False,0.274275741731677,0,0,True,-0.1513718070009551,False,ROUTE0_NO_ACCEPTED_SELECTOR,-2.7508202180005017,-0.5501640436001003,0.207228,False,1.03614
PAPER:ONEUSDT:1790802599999:SHORT,ONEUSDT,Reserve,META_LOSS,False,0.0742952257083556,0,0,True,-0.0699496362619012,False,ROUTE0_NO_ACCEPTED_SELECTOR,-1.0435765759560958,-0.20871531519121916,1.55673,False,7.78365
PAPER:AVNTUSDT:1790802599999:SHORT,AVNTUSDT,Reserve,META_LOSS,False,0.5325897800482355,1,1,True,-0.015692428403291103,False,ROUTE1_T3_THRESHOLD_FAIL,-1.4411425586410542,-0.28822851172821085,0.301755,False,1.508775
PAPER:HANAUSDT:1790802599999:SHORT,HANAUSDT,Reserve,META_LOSS,False,0.8545628436078316,1,1,False,-0.16233766233766378,False,ROUTE1_T3_NOT_CAUSAL,-1.9659676151950904,-0.3931935230390181,0.304736,False,1.5236800000000001
PAPER:PONSUSDT:1790802599999:SHORT,PONSUSDT,Reserve,META_LOSS,False,0.7592266271401268,1,1,False,-0.45106883702685785,False,ROUTE1_T3_NOT_CAUSAL,-2.913614984224498,-0.5827229968448995,0.195768,False,0.9788399999999999
PAPER:BANUSDT:1790802599999:SHORT,BANUSDT,Reserve,META_LOSS,False,0.8550606738835113,1,1,True,-0.0,False,ROUTE1_T3_THRESHOLD_FAIL,-2.5137358021820533,-0.5027471604364107,0.108165,False,0.540825
PAPER:PIXELUSDT:1790802599999:SHORT,PIXELUSDT,Reserve,META_LOSS,False,0.811001040742254,1,1,True,-0.06988120195667857,False,ROUTE1_T3_THRESHOLD_FAIL,-2.7866818253587846,-0.557336365071757,0.294524,False,1.47262
PAPER:MEUSDT:1790802599999:SHORT,MEUSDT,Reserve,META_LOSS,False,0.7251796640342416,1,1,True,0.07916611690195197,True,OPEN_ROUTE1_T3_PASS,-2.503334607045434,-0.5006669214090868,0.270521,False,1.352605
PAPER:INXUSDT:1790802899999:SHORT,INXUSDT,Reserve,META_LOSS,False,0.6421037981966801,1,1,True,0.017543859649127302,False,ROUTE1_T3_THRESHOLD_FAIL,-1.6527517082364025,-0.3305503416472805,0.243207,False,1.216035
PAPER:DRIFTUSDT:1790802899999:SHORT,DRIFTUSDT,Reserve,META_LOSS,False,0.8570658747456013,1,1,True,-0.0525762355415349,False,ROUTE1_T3_THRESHOLD_FAIL,-2.2668002169608297,-0.45336004339216596,0.663983,False,3.319915
PAPER:XVSUSDT:1790803499999:SHORT,XVSUSDT,Reserve,META_LOSS,False,0.9549683276590036,1,1,True,0.08253094910590786,True,OPEN_ROUTE1_T3_PASS,-1.9146894407783719,-0.38293788815567437,0.172713,False,0.863565
PAPER:STOUSDT:1790803499999:SHORT,STOUSDT,Reserve,META_LOSS,False,0.9730484166695026,1,1,True,0.04782400765185324,True,OPEN_ROUTE1_T3_PASS,-2.8653509755035,-0.5730701951007,0.17133,False,0.85665
PAPER:ATOMUSDT:1790803499999:SHORT,ATOMUSDT,Reserve,META_LOSS,False,0.7970001670362764,1,1,True,-0.05800464037124531,False,ROUTE1_T3_THRESHOLD_FAIL,-2.9826879093915917,-0.5965375818783183,0.038012,False,0.19005999999999998
PAPER:CCUSDT:1790804399999:SHORT,CCUSDT,Reserve,META_LOSS,False,0.9946307285361956,1,1,True,0.19474196689387435,True,OPEN_ROUTE1_T3_PASS,-2.0468737552281473,-0.4093747510456295,0.548107,False,2.740535
PAPER:EDENUSDT:1790804999999:SHORT,EDENUSDT,Reserve,META_WIN,True,0.9714639098336657,1,1,True,0.2701333783555637,True,OPEN_ROUTE1_T3_PASS,1.1626547620853134,0.23253095241706268,1.128293,True,5.641465
PAPER:WLFIUSDT:1790804999999:SHORT,WLFIUSDT,Reserve,META_LOSS,False,0.5827514722736725,1,1,True,0.09154155986818013,True,OPEN_ROUTE1_T3_PASS,-3.195538290649631,-0.6391076581299262,0.474419,False,2.372095
PAPER:POWERUSDT:1790804999999:SHORT,POWERUSDT,Reserve,META_WIN,True,0.1256892516551444,0,0,True,0.3899326479971599,False,ROUTE0_NO_ACCEPTED_SELECTOR,4.523649077551648,0.9047298155103296,2.226574,True,11.132869999999999
PAPER:AIOTUSDT:1790805299999:SHORT,AIOTUSDT,Reserve,META_LOSS,False,0.8781300227172825,1,1,True,-0.1477104874446189,False,ROUTE1_T3_THRESHOLD_FAIL,-2.223604685240303,-0.4447209370480606,0.062074,False,0.31037
PAPER:BBUSDT:1790805299999:SHORT,BBUSDT,Reserve,META_LOSS,False,0.934979266757663,1,1,True,-0.19228714880890063,False,ROUTE1_T3_THRESHOLD_FAIL,-2.3940026788607085,-0.4788005357721417,0.332593,False,1.6629650000000002
PAPER:THEUSDT:1790805599999:SHORT,THEUSDT,Reserve,META_LOSS,False,0.9075805611293074,1,1,True,0.10652463382156974,True,OPEN_ROUTE1_T3_PASS,-0.3502996637942622,-0.07005993275885244,0.526044,False,2.6302199999999996
PAPER:USUSDT:1790805599999:SHORT,USUSDT,Reserve,META_LOSS,False,0.34615523820052696,0,1,False,-0.4698270882273592,False,ROUTE0_NO_ACCEPTED_SELECTOR,-0.37186925774258506,-0.07437385154851701,1.247242,False,6.23621
PAPER:COTIUSDT:1790805899999:SHORT,COTIUSDT,Reserve,META_LOSS,False,0.9398441966270276,1,1,False,-0.706991358994502,False,ROUTE1_T3_NOT_CAUSAL,-3.978021116792052,-0.7956042233584104,0.003567,False,0.017835
PAPER:FLUXUSDT:1790805899999:SHORT,FLUXUSDT,Reserve,META_LOSS,False,0.9462568900418775,1,1,True,-0.15051997810617834,False,ROUTE1_T3_THRESHOLD_FAIL,-2.0461400982986735,-0.4092280196597347,0.171605,False,0.858025
PAPER:PENGUUSDT:1790805899999:SHORT,PENGUUSDT,Reserve,META_LOSS,False,0.978360044640445,1,1,True,-0.26452227277538043,False,ROUTE1_T3_THRESHOLD_FAIL,-2.539317625429805,-0.507863525085961,0.17051,False,0.8525499999999999
PAPER:APEUSDT:1790805899999:SHORT,APEUSDT,Reserve,META_LOSS,False,0.995366321687319,1,1,True,-0.0,False,ROUTE1_T3_THRESHOLD_FAIL,-2.6413224367846024,-0.5282644873569206,0.317901,False,1.589505
PAPER:METISUSDT:1790805899999:SHORT,METISUSDT,Reserve,META_LOSS,False,0.8237771351387579,1,1,True,-0.1845018450184588,False,ROUTE1_T3_THRESHOLD_FAIL,-2.336398256574345,-0.4672796513148689,0.0,False,0.0
PAPER:TIAUSDT:1790805899999:SHORT,TIAUSDT,Reserve,META_LOSS,False,0.9655533843778448,1,1,True,-0.09229349330872605,False,ROUTE1_T3_THRESHOLD_FAIL,-1.5275547323997598,-0.3055109464799519,0.141505,False,0.707525
PAPER:EIGENUSDT:1790805899999:SHORT,EIGENUSDT,Reserve,META_LOSS,False,0.9747787315778074,1,1,True,-0.20842017507294308,False,ROUTE1_T3_THRESHOLD_FAIL,-5.853698569017679,-1.1707397138035358,0.480304,False,2.40152
PAPER:EGLDUSDT:1790805899999:SHORT,EGLDUSDT,Reserve,META_LOSS,False,0.9103668740174342,1,1,True,-0.045382346267297535,False,ROUTE1_T3_THRESHOLD_FAIL,-1.972931629458631,-0.39458632589172615,0.048114,False,0.24056999999999998
PAPER:TNSRUSDT:1790805899999:SHORT,TNSRUSDT,Reserve,META_LOSS,False,0.9566305835482032,1,1,True,-0.18153526970954292,False,ROUTE1_T3_THRESHOLD_FAIL,-2.637813863343277,-0.5275627726686554,0.057812,False,0.28906
PAPER:WCTUSDT:1790805899999:SHORT,WCTUSDT,Reserve,META_LOSS,False,0.9466611031293785,1,1,True,-0.09765625,False,ROUTE1_T3_THRESHOLD_FAIL,-2.7833511343381545,-0.5566702268676308,0.077672,False,0.38836000000000004
PAPER:APTUSDT:1790805899999:SHORT,APTUSDT,Reserve,META_LOSS,False,0.9661625420056699,1,1,True,-0.09227524387027675,False,ROUTE1_T3_THRESHOLD_FAIL,-2.797817947454429,-0.5595635894908858,0.309616,False,1.5480800000000001
PAPER:POPCATUSDT:1790805899999:SHORT,POPCATUSDT,Reserve,META_LOSS,False,0.9884876008340142,1,1,True,-0.19260400616332163,False,ROUTE1_T3_THRESHOLD_FAIL,-2.0107306948677746,-0.4021461389735549,0.615716,False,3.07858
PAPER:WUSDT:1790805899999:SHORT,WUSDT,Reserve,META_LOSS,False,0.9129089462281222,1,1,True,-0.1518833535844477,False,ROUTE1_T3_THRESHOLD_FAIL,-2.7368724447350212,-0.5473744889470042,0.07874,False,0.39370000000000005
PAPER:DOTUSDT:1790805899999:SHORT,DOTUSDT,Reserve,META_LOSS,False,0.9589995726762474,1,1,True,0.13186088676446772,True,OPEN_ROUTE1_T3_PASS,-2.229061876739893,-0.4458123753479786,0.177827,False,0.889135
PAPER:FILUSDT:1790805899999:SHORT,FILUSDT,Reserve,META_LOSS,False,0.957890877224856,1,1,True,-0.11687932209993868,False,ROUTE1_T3_THRESHOLD_FAIL,-3.1200318416985575,-0.6240063683397115,0.048196,False,0.24098000000000003
PAPER:FETUSDT:1790805899999:SHORT,FETUSDT,Reserve,META_LOSS,False,0.7317472817749584,1,1,True,-0.08960573476701761,False,ROUTE1_T3_THRESHOLD_FAIL,-1.1743616412489446,-0.23487232824978893,0.203955,False,1.019775
PAPER:PARTIUSDT:1790805899999:SHORT,PARTIUSDT,Reserve,META_LOSS,False,0.9856952221124371,1,1,True,-0.0,False,ROUTE1_T3_THRESHOLD_FAIL,-2.479247510441298,-0.4958495020882596,0.209137,False,1.045685
PAPER:WETUSDT:1790805899999:SHORT,WETUSDT,Reserve,META_LOSS,False,0.7742914001732423,1,1,True,0.0310125600868405,False,ROUTE1_T3_THRESHOLD_FAIL,-2.7742739216938577,-0.5548547843387716,0.212637,False,1.063185
PAPER:MITOUSDT:1790805899999:SHORT,MITOUSDT,Reserve,META_LOSS,False,0.01602458863223123,0,0,True,-0.0,False,ROUTE0_NO_ACCEPTED_SELECTOR,-2.621001753755272,-0.5242003507510544,0.247072,False,1.23536
PAPER:ZECUSDT:1790805899999:SHORT,ZECUSDT,Reserve,META_LOSS,False,0.8345673580904857,1,1,True,-0.11327690860905015,False,ROUTE1_T3_THRESHOLD_FAIL,-6.31385227203597,-1.2627704544071943,0.441745,False,2.208725
PAPER:HBARUSDT:1790805899999:SHORT,HBARUSDT,Reserve,META_LOSS,False,0.7295854494113374,1,1,True,-0.02851982127578534,False,ROUTE1_T3_THRESHOLD_FAIL,-0.5458866253010757,-0.10917732506021514,0.673787,False,3.368935
PAPER:SAGAUSDT:1790805899999:SHORT,SAGAUSDT,Reserve,META_LOSS,False,0.002144711263313849,0,0,False,-0.3281378178835226,False,ROUTE0_NO_ACCEPTED_SELECTOR,-1.3608341643718882,-0.27216683287437765,1.005632,False,5.028160000000001
PAPER:SPACEUSDT:1790806199999:SHORT,SPACEUSDT,Reserve,META_LOSS,False,0.9311016193087673,1,1,True,-0.019201228878640286,False,ROUTE1_T3_THRESHOLD_FAIL,-2.7764052090371507,-0.5552810418074301,0.172047,False,0.8602350000000001
PAPER:TRIAUSDT:1790806199999:SHORT,TRIAUSDT,Reserve,META_LOSS,False,0.2601669758173721,0,1,True,-0.0,False,ROUTE0_NO_ACCEPTED_SELECTOR,-0.8289853915093216,-0.16579707830186433,0.803405,False,4.017025
PAPER:4USDT:1790809799999:SHORT,4USDT,Reserve,META_LOSS,False,0.9454448423081852,1,1,True,-0.02802690582959233,False,ROUTE1_T3_THRESHOLD_FAIL,-2.3882213434699047,-0.47764426869398097,0.250977,False,1.254885
PAPER:DATAIPUSDT:1790810699999:SHORT,DATAIPUSDT,Reserve,META_WIN,False,0.4135939242829235,0,,True,-0.0,False,ROUTE0_NO_ACCEPTED_SELECTOR,-1.867834749351287,-0.3735669498702574,0.89677,False,4.4838499999999994
PAPER:PONSUSDT:1790810999999:SHORT,PONSUSDT,Reserve,META_LOSS,False,0.8846161240050038,1,1,True,0.11344299489507437,True,OPEN_ROUTE1_T3_PASS,-1.4234129440748158,-0.28468258881496317,0.188016,False,0.9400799999999999
PAPER:牛来USDT:1790811299999:SHORT,牛来USDT,Reserve,META_LOSS,False,0.9125329488106535,1,1,True,-0.0,False,ROUTE1_T3_THRESHOLD_FAIL,-2.828476350014905,-0.5656952700029809,0.189024,False,0.94512
PAPER:HUSDT:1790811599999:SHORT,HUSDT,Reserve,META_WIN,True,0.8999972144625528,1,1,True,0.21370565607635728,True,OPEN_ROUTE1_T3_PASS,1.5144658855418656,0.3028931771083731,1.150488,True,5.75244
PAPER:METUSDT:1790812499999:SHORT,METUSDT,Reserve,META_LOSS,False,0.9634240883124634,1,1,True,-0.22151898734177333,False,ROUTE1_T3_THRESHOLD_FAIL,-1.74198882009865,-0.34839776401973,0.676118,False,3.3805899999999998
PAPER:SOPHUSDT:1790812499999:SHORT,SOPHUSDT,Reserve,META_LOSS,False,0.03617129066393492,0,0,True,-0.0,False,ROUTE0_NO_ACCEPTED_SELECTOR,-3.129565015043842,-0.6259130030087684,0.388241,False,1.941205
PAPER:APRUSDT:1790812499999:SHORT,APRUSDT,Reserve,META_LOSS,False,0.6769223572397215,1,0,False,0.14164305949009304,False,ROUTE1_T3_NOT_CAUSAL,-1.6597225540076244,-0.3319445108015249,0.759741,False,3.798705
PAPER:ARKUSDT:1790812799999:SHORT,ARKUSDT,Reserve,META_LOSS,False,0.33105486065287887,0,1,False,-1.21212121212122,False,ROUTE0_NO_ACCEPTED_SELECTOR,-3.7660608603762484,-0.7532121720752497,1.148555,False,5.742775
PAPER:LSKUSDT:1790813099999:SHORT,LSKUSDT,Reserve,META_LOSS,False,0.7417433718068893,1,1,False,-0.5451047456177971,False,ROUTE1_T3_NOT_CAUSAL,-1.948914943313535,-0.389782988662707,0.086901,False,0.43450500000000003
PAPER:SOMIUSDT:1790813099999:SHORT,SOMIUSDT,Reserve,META_WIN,False,0.8706508943590447,1,,True,0.1345895020188448,True,OPEN_ROUTE1_T3_PASS,-0.05189449733818438,-0.010378899467636876,0.518462,False,2.59231
PAPER:ZETAUSDT:1790813099999:SHORT,ZETAUSDT,Reserve,META_LOSS,False,0.8365354154075446,1,1,True,-0.07748934521503159,False,ROUTE1_T3_THRESHOLD_FAIL,-1.4350555843443118,-0.2870111168688624,0.096253,False,0.48126500000000005
PAPER:币安人生USDT:1790813099999:SHORT,币安人生USDT,Reserve,META_LOSS,False,0.8276646006449243,1,1,True,0.039944078290410356,True,OPEN_ROUTE1_T3_PASS,-3.299604251287636,-0.6599208502575271,0.139804,False,0.6990200000000001
PAPER:AXSUSDT:1790813099999:SHORT,AXSUSDT,Reserve,META_LOSS,False,0.8683674059219312,1,1,True,-0.10435690060006664,False,ROUTE1_T3_THRESHOLD_FAIL,-2.3214500159359606,-0.4642900031871921,0.214846,False,1.07423
PAPER:SKYUSDT:1790813099999:SHORT,SKYUSDT,Reserve,META_LOSS,False,0.9349744225310089,1,1,True,-0.09057971014492239,False,ROUTE1_T3_THRESHOLD_FAIL,-2.7962553739396,-0.55925107478792,0.174134,False,0.87067
PAPER:OUSDT:1790813099999:SHORT,OUSDT,Reserve,META_LOSS,False,0.77996909171877,1,1,True,-0.3088101725704062,False,ROUTE1_T3_THRESHOLD_FAIL,-2.4960171462085574,-0.4992034292417115,0.0,False,0.0
PAPER:TRBUSDT:1790813399999:SHORT,TRBUSDT,Reserve,META_LOSS,False,0.8519855552797401,1,1,False,-0.19717226122919485,False,ROUTE1_T3_NOT_CAUSAL,-0.5650210930903583,-0.11300421861807167,0.730362,False,3.65181
PAPER:PHAUSDT:1790813399999:SHORT,PHAUSDT,Reserve,META_WIN,True,0.6159279917775935,1,1,False,0.36344755970924014,False,ROUTE1_T3_NOT_CAUSAL,2.005067668847218,0.4010135337694436,1.654134,True,8.270669999999999
PAPER:HBARUSDT:1790813399999:SHORT,HBARUSDT,Reserve,META_LOSS,False,0.9758286009374946,1,1,True,0.03848744347156874,True,OPEN_ROUTE1_T3_PASS,-3.598990831935807,-0.7197981663871613,0.461139,False,2.305695
PAPER:RAREUSDT:1790813399999:SHORT,RAREUSDT,Reserve,META_LOSS,False,0.9250591250327083,1,1,True,-0.058823529411755615,False,ROUTE1_T3_THRESHOLD_FAIL,-3.0113819969875726,-0.6022763993975145,0.097667,False,0.488335
PAPER:PHAUSDT:1790813699999:SHORT,PHAUSDT,Reserve,META_WIN,True,0.7910828963825581,1,0,True,0.5219206680584509,True,OPEN_ROUTE1_T3_PASS,1.7621575774222804,0.3524315154844561,1.716863,True,8.584315
PAPER:MUBARAKUSDT:1790813999999:SHORT,MUBARAKUSDT,Reserve,META_LOSS,False,0.8909431197907056,1,1,True,0.25025025025025016,True,OPEN_ROUTE1_T3_PASS,-2.0776116371922564,-0.41552232743845124,0.497283,False,2.486415
PAPER:ZECUSDT:1790813999999:SHORT,ZECUSDT,Reserve,META_LOSS,False,0.8633122754435322,1,1,False,-0.13377926421405117,False,ROUTE1_T3_NOT_CAUSAL,-2.5303085091269493,-0.5060617018253898,0.372803,False,1.864015
PAPER:FLUXUSDT:1790813999999:SHORT,FLUXUSDT,Reserve,META_LOSS,False,0.9018482017377426,1,1,True,-0.09553705472908902,False,ROUTE1_T3_THRESHOLD_FAIL,-2.5215329301700136,-0.5043065860340027,0.34857,False,1.74285
PAPER:POWERUSDT:1790814599999:SHORT,POWERUSDT,Reserve,META_LOSS,False,0.938624976838588,1,1,True,0.08623875816188287,True,OPEN_ROUTE1_T3_PASS,-0.14828277115677446,-0.029656554231354892,0.620913,False,3.104565
PAPER:LAUSDT:1790814599999:SHORT,LAUSDT,Reserve,META_LOSS,False,0.9905970944439271,1,1,False,-0.3628973726230056,False,ROUTE1_T3_NOT_CAUSAL,-1.8579500663660253,-0.37159001327320507,0.763556,False,3.81778
PAPER:LSKUSDT:1790814599999:SHORT,LSKUSDT,Reserve,META_LOSS,False,0.10748687686566208,0,0,False,0.14838943177704067,False,ROUTE0_NO_ACCEPTED_SELECTOR,-0.7871008144939986,-0.15742016289879973,2.739019,False,13.695094999999998
PAPER:SUSDT:1790814899999:SHORT,SUSDT,Reserve,META_LOSS,False,0.9300695911626136,1,1,False,-0.6669960474308345,False,ROUTE1_T3_NOT_CAUSAL,-2.928748101398882,-0.5857496202797764,0.004704,False,0.02352
PAPER:JCTUSDT:1790815199999:SHORT,JCTUSDT,Reserve,META_LOSS,False,0.9819850853508604,1,1,True,-0.05803830528148257,False,ROUTE1_T3_THRESHOLD_FAIL,-4.291231643020389,-0.8582463286040777,0.328295,False,1.641475
PAPER:0GUSDT:1790815499999:SHORT,0GUSDT,Reserve,META_WIN,True,0.23707582011680592,0,0,True,0.5213424568263236,False,ROUTE0_NO_ACCEPTED_SELECTOR,0.028451584745072533,0.0056903169490145076,1.05548,True,5.2774
PAPER:RSRUSDT:1790815499999:SHORT,RSRUSDT,Reserve,META_LOSS,False,0.8590200575285102,1,1,True,-0.0,False,ROUTE1_T3_THRESHOLD_FAIL,-2.5850852548775727,-0.5170170509755145,0.336362,False,1.68181
PAPER:USUSDT:1790815799999:SHORT,USUSDT,Reserve,META_LOSS,False,0.945692374830715,1,1,False,-0.10095519142658826,False,ROUTE1_T3_NOT_CAUSAL,-1.0281005734221202,-0.20562011468442404,1.042465,False,5.212325
PAPER:ALICEUSDT:1790816099999:SHORT,ALICEUSDT,Reserve,META_LOSS,False,0.008166403244824486,0,0,True,-0.11947431302270495,False,ROUTE0_NO_ACCEPTED_SELECTOR,-3.491939808212545,-0.6983879616425089,0.099494,False,0.49746999999999997
PAPER:CYBERUSDT:1790816099999:SHORT,CYBERUSDT,Reserve,META_WIN,False,0.8343107510494616,1,,True,-0.0923645320197064,False,ROUTE1_T3_THRESHOLD_FAIL,-1.2584259924645307,-0.2516851984929061,0.595883,False,2.9794150000000004
PAPER:HANAUSDT:1790816699999:SHORT,HANAUSDT,Reserve,META_LOSS,False,0.9648611962171996,1,1,False,-0.40128410914928025,False,ROUTE1_T3_NOT_CAUSAL,-2.3563001223839777,-0.47126002447679555,0.301088,False,1.5054400000000001
PAPER:ONUSDT:1790816699999:SHORT,ONUSDT,Reserve,META_WIN,True,0.966470181135631,1,1,True,0.08976660682226134,True,OPEN_ROUTE1_T3_PASS,2.8692795448676733,0.5738559089735348,1.147195,True,5.735975
PAPER:GTCUSDT:1790818199999:SHORT,GTCUSDT,Reserve,META_WIN,False,0.9835489073150887,1,,True,0.36231884057972286,True,OPEN_ROUTE1_T3_PASS,-0.9235097699104136,-0.1847019539820827,0.609053,False,3.0452649999999997
PAPER:ARUSDT:1790818499999:SHORT,ARUSDT,Reserve,META_LOSS,False,0.8359607187920627,1,1,True,-0.049407114624511195,False,ROUTE1_T3_THRESHOLD_FAIL,-1.5066594933364095,-0.3013318986672819,0.523583,False,2.617915
PAPER:XVSUSDT:1790818499999:SHORT,XVSUSDT,Reserve,META_WIN,False,0.01451370564608256,0,,True,0.19120458891013214,False,ROUTE0_NO_ACCEPTED_SELECTOR,0.28039633466168246,0.056079266932336495,0.854249,True,4.271245
PAPER:BERAUSDT:1790818799999:SHORT,BERAUSDT,Reserve,META_LOSS,False,0.9207905062024266,1,1,True,0.5233494363929281,True,OPEN_ROUTE1_T3_PASS,-2.563647540144559,-0.5127295080289118,0.181487,False,0.907435
PAPER:WUSDT:1790818799999:SHORT,WUSDT,Reserve,META_WIN,False,0.05152102985958753,0,,True,0.03747002398081234,False,ROUTE0_NO_ACCEPTED_SELECTOR,-0.3874931067598093,-0.07749862135196185,0.864465,False,4.322325
PAPER:CROSSUSDT:1790818799999:SHORT,CROSSUSDT,Reserve,META_LOSS,False,0.8807606424977475,1,1,True,-0.11532362692805442,False,ROUTE1_T3_THRESHOLD_FAIL,0.18649670407701735,0.03729934081540347,1.587872,True,7.93936
PAPER:XNYUSDT:1790819099999:SHORT,XNYUSDT,Reserve,META_LOSS,False,0.9926680179181463,1,1,True,-0.05742176284810885,False,ROUTE1_T3_THRESHOLD_FAIL,-3.285632713321304,-0.6571265426642608,0.396387,False,1.981935
PAPER:BREVUSDT:1790819099999:SHORT,BREVUSDT,Reserve,META_LOSS,False,0.6525384626331553,1,1,True,0.11510128913444495,True,OPEN_ROUTE1_T3_PASS,-1.5263585348285027,-0.30527170696570055,0.313857,False,1.569285
PAPER:USUSDT:1790819099999:SHORT,USUSDT,Reserve,META_LOSS,False,0.978888891701984,1,1,False,-0.9967307232278122,False,ROUTE1_T3_NOT_CAUSAL,-7.012796264784984,-1.4025592529569968,0.331813,False,1.659065
PAPER:MTLUSDT:1790819099999:SHORT,MTLUSDT,Reserve,META_WIN,True,0.8269207820074669,1,1,True,0.12262415695892814,True,OPEN_ROUTE1_T3_PASS,2.195668758981781,0.4391337517963562,1.02251,True,5.112550000000001
PAPER:NILUSDT:1790819399999:SHORT,NILUSDT,Reserve,META_LOSS,False,0.9755800494907618,1,1,False,0.07066305499942027,False,ROUTE1_T3_NOT_CAUSAL,1.0247562423213883,0.20495124846427765,1.040154,True,5.20077
PAPER:USUSDT:1790819699999:SHORT,USUSDT,Reserve,META_WIN,True,0.031534472816004314,0,0,True,0.6258525234694723,False,ROUTE0_NO_ACCEPTED_SELECTOR,4.81116220537176,0.962232441074352,2.611257,True,13.056285
PAPER:NOMUSDT:1790819699999:SHORT,NOMUSDT,Reserve,META_LOSS,False,0.0033674390880393287,0,0,True,-0.043308791684726344,False,ROUTE0_NO_ACCEPTED_SELECTOR,-0.9501900380076234,-0.19003800760152467,0.846345,False,4.231725
PAPER:SPKUSDT:1790819699999:SHORT,SPKUSDT,Reserve,META_WIN,False,0.9693947508004538,1,,True,-0.0,False,ROUTE1_T3_THRESHOLD_FAIL,-0.23244601296332226,-0.04648920259266445,0.881446,False,4.40723
PAPER:PONSUSDT:1790819999999:SHORT,PONSUSDT,Reserve,META_LOSS,False,0.01691053521969632,0,0,True,0.13338414634147533,False,ROUTE0_NO_ACCEPTED_SELECTOR,-2.85786987809146,-0.571573975618292,0.342111,False,1.710555
PAPER:USUSDT:1790819999999:SHORT,USUSDT,Reserve,META_LOSS,False,0.010437843839926556,0,0,False,-2.8943852973323025,False,ROUTE0_NO_ACCEPTED_SELECTOR,-1.5585701911894425,-0.3117140382378885,1.617011,False,8.085055
PAPER:COTIUSDT:1790820299999:SHORT,COTIUSDT,Reserve,META_WIN,False,0.7250374810408314,1,,True,0.2953874119518196,True,OPEN_ROUTE1_T3_PASS,-0.9691469110681756,-0.1938293822136351,0.828458,False,4.14229
PAPER:GRASSUSDT:1790820299999:SHORT,GRASSUSDT,Reserve,META_LOSS,False,0.9417864753281607,1,1,True,0.04337767495661282,True,OPEN_ROUTE1_T3_PASS,-2.940620594115941,-0.5881241188231882,0.356011,False,1.7800550000000002
PAPER:ZAMAUSDT:1790820299999:SHORT,ZAMAUSDT,Reserve,META_LOSS,False,0.8248570169958456,1,1,True,-0.07711091119391167,False,ROUTE1_T3_THRESHOLD_FAIL,-2.815847474211391,-0.5631694948422782,0.211375,False,1.056875
PAPER:XANUSDT:1790820299999:SHORT,XANUSDT,Reserve,META_LOSS,False,0.5153694167510409,1,1,True,0.19003879958824355,True,OPEN_ROUTE1_T3_PASS,-2.0798434481020722,-0.41596868962041444,0.375989,False,1.8799450000000002
PAPER:LINKUSDT:1790820299999:SHORT,LINKUSDT,Reserve,META_LOSS,False,0.23807853466751672,0,0,False,-0.33639358048918044,False,ROUTE0_NO_ACCEPTED_SELECTOR,-2.8796620018516115,-0.5759324003703223,0.218322,False,1.09161
PAPER:PLAYUSDT:1790820899999:SHORT,PLAYUSDT,Reserve,META_LOSS,False,0.9858525077526994,1,1,True,0.12539184952977678,True,OPEN_ROUTE1_T3_PASS,-0.1655894266627762,-0.03311788533255524,0.920623,False,4.603115
PAPER:ZESTUSDT:1790820899999:SHORT,ZESTUSDT,Reserve,META_WIN,False,0.00042521112287652703,0,,False,0.4537061461355796,False,ROUTE0_NO_ACCEPTED_SELECTOR,-0.976598647347547,-0.19531972946950937,0.797886,False,3.98943
PAPER:GWEIUSDT:1790820899999:SHORT,GWEIUSDT,Reserve,META_LOSS,False,0.03312617859964459,0,0,True,-0.04553734061929493,False,ROUTE0_NO_ACCEPTED_SELECTOR,-5.73711125421798,-1.147422250843596,0.481007,False,2.4050350000000003
PAPER:AINUSDT:1790820899999:SHORT,AINUSDT,Reserve,META_LOSS,False,0.7023191277132569,1,1,True,0.08787346221440506,True,OPEN_ROUTE1_T3_PASS,-3.1495537903714013,-0.6299107580742802,0.287615,False,1.438075
PAPER:INITUSDT:1790821199999:SHORT,INITUSDT,Reserve,META_LOSS,False,0.8357315850402314,1,1,False,-0.3504672897196359,False,ROUTE1_T3_NOT_CAUSAL,-3.094398406550434,-0.6188796813100869,0.262373,False,1.311865
PAPER:2ZUSDT:1790821199999:SHORT,2ZUSDT,Reserve,META_WIN,False,0.0064768626012721,0,,False,1.3490141819439638,False,ROUTE0_NO_ACCEPTED_SELECTOR,-0.6904208682940556,-0.13808417365881112,0.862373,False,4.311865
PAPER:POWERUSDT:1790821199999:SHORT,POWERUSDT,Reserve,META_LOSS,False,0.9167913528867802,1,1,True,0.3876453670126345,True,OPEN_ROUTE1_T3_PASS,-7.09144800292046,-1.4182896005840921,0.418241,False,2.091205
PAPER:AEROUSDT:1790821199999:SHORT,AEROUSDT,Reserve,META_LOSS,False,0.7926368230823265,1,1,True,0.061659884079412475,True,OPEN_ROUTE1_T3_PASS,-3.049037794980422,-0.6098075589960845,0.202016,False,1.01008
PAPER:AZTECUSDT:1790821199999:SHORT,AZTECUSDT,Reserve,META_LOSS,False,0.6352720505269045,1,1,True,0.5220417633410634,True,OPEN_ROUTE1_T3_PASS,-0.6591579507762163,-0.13183159015524326,0.67781,False,3.38905
PAPER:CLOUSDT:1790821199999:SHORT,CLOUSDT,Reserve,META_LOSS,False,0.24394126047630116,0,0,True,0.17262213015709627,False,ROUTE0_NO_ACCEPTED_SELECTOR,-4.752245684766101,-0.9504491369532202,0.325309,False,1.6265450000000001
PAPER:2ZUSDT:1790821499999:SHORT,2ZUSDT,Reserve,META_LOSS,False,0.4163057572125969,0,0,False,-0.351061962436372,False,ROUTE0_NO_ACCEPTED_SELECTOR,-3.673094212630835,-0.7346188425261669,0.243253,False,1.216265
PAPER:CGPTUSDT:1790821499999:SHORT,CGPTUSDT,Reserve,META_LOSS,False,0.4166449982388129,0,0,True,0.3083700440528636,False,ROUTE0_NO_ACCEPTED_SELECTOR,-1.2809665953013876,-0.25619331906027754,0.596859,False,2.9842950000000004
PAPER:HANAUSDT:1790821499999:SHORT,HANAUSDT,Reserve,META_LOSS,False,0.9533377989306467,1,1,True,-0.08071025020177647,False,ROUTE1_T3_THRESHOLD_FAIL,-2.9686383849349682,-0.5937276769869936,0.141319,False,0.706595
PAPER:FUSDT:1790821499999:SHORT,FUSDT,Reserve,META_LOSS,False,0.029441632438242354,0,0,True,0.05660911406737412,False,ROUTE0_NO_ACCEPTED_SELECTOR,-3.358845070740731,-0.6717690141481462,0.149857,False,0.749285
PAPER:PROMPTUSDT:1790821499999:SHORT,PROMPTUSDT,Reserve,META_WIN,True,0.8711653021306471,1,1,True,-0.0,False,ROUTE1_T3_THRESHOLD_FAIL,12.840426603928815,2.5680853207857632,14.917735,True,74.588675
PAPER:PHAROSUSDT:1790821499999:SHORT,PHAROSUSDT,Reserve,META_LOSS,False,0.9402432909223697,1,1,True,0.1807563959955516,True,OPEN_ROUTE1_T3_PASS,-4.0822650591019505,-0.8164530118203901,0.313767,False,1.568835
PAPER:COAIUSDT:1790821499999:SHORT,COAIUSDT,Reserve,META_LOSS,False,0.9465634052343248,1,1,True,0.12445550715619591,True,OPEN_ROUTE1_T3_PASS,-2.5860566721187204,-0.5172113344237441,0.166775,False,0.833875
PAPER:LDOUSDT:1790822399999:SHORT,LDOUSDT,Reserve,META_WIN,True,0.02563585521741971,0,0,False,0.8062709966405346,False,ROUTE0_NO_ACCEPTED_SELECTOR,3.536255761123047,0.7072511522246094,2.490021,True,12.450105
PAPER:XVSUSDT:1790823299999:SHORT,XVSUSDT,Reserve,META_LOSS,False,0.9844557629339435,1,1,False,-0.3907340217694566,False,ROUTE1_T3_NOT_CAUSAL,-2.9061076100232306,-0.581221522004646,0.76162,False,3.8080999999999996
PAPER:OUSDT:1790823299999:SHORT,OUSDT,Reserve,META_LOSS,False,0.8531122621968672,1,1,True,0.11019283746555031,True,OPEN_ROUTE1_T3_PASS,-2.9278391717483325,-0.5855678343496665,0.182168,False,0.91084
PAPER:SPORTFUNUSDT:1790823299999:SHORT,SPORTFUNUSDT,Reserve,META_LOSS,False,0.7437091896958208,1,1,False,-0.4568817818389581,False,ROUTE1_T3_NOT_CAUSAL,-3.237226885696961,-0.6474453771393921,0.037118,False,0.18558999999999998
PAPER:NMRUSDT:1790823899999:SHORT,NMRUSDT,Reserve,META_WIN,True,0.8480282233683747,1,1,True,0.42937650952679096,True,OPEN_ROUTE1_T3_PASS,1.871844590394668,0.37436891807893363,1.331497,True,6.657484999999999
PAPER:NOMUSDT:1790824799999:SHORT,NOMUSDT,Reserve,META_LOSS,False,0.992328535361707,1,1,True,-0.2963590177815334,False,ROUTE1_T3_THRESHOLD_FAIL,-0.5268706383982853,-0.10537412767965706,0.149163,False,0.7458149999999999
PAPER:LDOUSDT:1790825099999:SHORT,LDOUSDT,Reserve,META_LOSS,False,0.9527105163229319,1,1,True,0.2967359050444984,True,OPEN_ROUTE1_T3_PASS,-1.9785344137989818,-0.3957068827597964,0.505095,False,2.5254749999999997
PAPER:HUSDT:1790825399999:SHORT,HUSDT,Reserve,META_LOSS,False,0.9440991058311228,1,1,True,-0.2726359592480909,False,ROUTE1_T3_THRESHOLD_FAIL,-2.781825472929299,-0.5563650945858598,0.109165,False,0.545825