position_id,symbol,opened_at_ms,chrono_split,future_outcome_label,outcome_group,future_max_mfe_pct,future_realized_pnl,entry_price,supply_lower,supply_upper,zone_departure_atr,zone_volume_ratio,zone_width_atr,zone_age_min,penetration_frac,room_to_upper_pct,depth_from_lower_pct,nearest_demand_pct,inside_5m_supply,inside_1h_supply,gate_price,fill_latency_ms,t0_gate_side_ret_3m_pct,t0_gate_taker_share,t0_selected_slope5_norm,t0_vwap_extension20,t0_coin_minus_market_15m,t0_micro_accel_1_vs_3,t1_side_return_pct,t1_price,t1_zone_state,t1_vs_upper_pct,t1_vs_lower_pct,t1_taker_share,t1_last_clv_selected,t1_last_body_selected,t1_last_rejection_wick,t1_selected_slope5_norm,t1_reversal_pressure,t2_side_return_pct,t2_price,t2_zone_state,t2_vs_upper_pct,t2_vs_lower_pct,t2_taker_share,t2_last_clv_selected,t2_last_body_selected,t2_last_rejection_wick,t2_selected_slope5_norm,t2_reversal_pressure,t3_side_return_pct,t3_price,t3_zone_state,t3_vs_upper_pct,t3_vs_lower_pct,t3_taker_share,t3_last_clv_selected,t3_last_body_selected,t3_last_rejection_wick,t3_selected_slope5_norm,t3_reversal_pressure
PAPER:PIXELUSDT:1790662199999:LONG,PIXELUSDT,1790662223027,TRAIN,CORRECT_RUNNER,GOOD,1.351258,2.691831972147222,0.005761152,0.005737,0.005765,0.7561728395061783,1.7285929736370615,0.6049382716049426,1030.3838,0.8625714285714343,0.06679219711613893,0.4209865783510569,1.8946210757848525,True,True,0.00576,190.0,0.6467400804055279,0.7645043313190314,0.1632511288478614,0.23872865125595943,0.3427813607849939,0.0805356324909745,-0.052083333333341475,0.005757,INSIDE,-0.13876843018213458,0.3486142583231766,0.5637813331099617,0.5,-0.3333333333333333,0.16666666666666666,0.1789126280870226,26.14538189655031,0.10416666666666075,0.005766,ABOVE,0.017346053772770986,0.5054906745685983,0.7470443320521059,1.0,0.5384615384615435,0.0,0.16302462710822116,22.121753391079928,0.15624999999999112,0.005769,ABOVE,0.06938421509106174,0.5577828133170648,0.760248479671735,0.49999999999994577,0.49999999999994577,0.5000000000000542,0.11093777083307452,44.51897694283554
PAPER:OPNUSDT:1790663999999:LONG,OPNUSDT,1790664033462,TRAIN,TRUE_WRONG_DIRECTION,BAD,0.130406,-2.405449459656777,0.053190636,0.05304,0.05341,1.9869989165763817,1.8336675713381534,0.5612134344528752,145.55771666666666,0.4071243243243289,0.4124109363911277,0.28400452488688277,2.2196312899887105,False,True,0.05318,286.0,0.6249999999999867,0.21093997183693255,0.19574628268322966,0.47951295808490446,1.117721938204852,-0.18950803212852327,0.0,0.05318,INSIDE,-0.4306309679835252,0.2639517345399689,0.9149549549549549,1.0,0.7999999999999445,0.0,0.1729973674140636,10.510843555852707,-0.24445280180518392,0.05305,INSIDE,-0.6740310803220351,0.018853695324283493,0.4761211231799467,0.0869565217391265,-0.5652173913043373,0.34782608695653616,0.04147031102318398,25.045328126563323,-0.3008649868371571,0.05302,BELOW,-0.7302003370155408,-0.037707390648566985,0.43178176751844466,0.6249999999999566,-0.12500000000004338,0.25,-0.05281026027385939,22.664442157046768
PAPER:LPTUSDT:1790664899999:LONG,LPTUSDT,1790664957036,TRAIN,CORRECT_RUNNER,GOOD,0.853955,0.6509117247064047,1.7163431999999998,1.715,1.719,1.1170212765957541,3.792062825250127,0.29787234042553223,400.9506166666667,0.3357999999999414,0.1547942159819904,0.07832069970843403,1.7096347630240705,True,True,1.716,193.0,0.5272407732864526,0.9807744754567537,0.18065268063461493,0.6532486624328815,0.8727098503818143,-0.05906081007643524,0.0,1.716,INSIDE,-0.17452006980803736,0.05830903790087216,0.13042096902303416,0.4999999999999445,0.4999999999999445,0.5000000000000555,0.13986013984615267,18.475128582821817,0.0,1.716,INSIDE,-0.17452006980803736,0.05830903790087216,0.10440057950018108,1.0,0.0,0.0,0.08158508157692315,15.821915274757545,0.0,1.716,INSIDE,-0.17452006980803736,0.05830903790087216,0.12165882248468166,0.0,0.0,0.0,0.02331002330769233,17.96377570195918
PAPER:CETUSUSDT:1790666699999:LONG,CETUSUSDT,1790666735914,TRAIN,TRUE_WRONG_DIRECTION,BAD,0.156897,-3.1588740417167425,0.028265652,0.02823,0.02828,1.5135135135135258,1.7555477889497415,0.27027027027025907,400.59858333333335,0.7130399999999717,0.0507612560998183,0.12629117959617187,2.4257427353878036,True,False,0.02826,232.0,0.4264392324093924,0.9080384625527244,0.13092710543630776,0.44609186521678,0.7843690607106601,-0.03587648519208417,0.07077140835103357,0.028280000000000003,ABOVE,2.220446049250313e-14,0.17711654268508514,0.824397692568714,1.0,1.0,0.0,0.14144271568599875,14.427344791851135,-0.035385704175516786,0.02825,INSIDE,-0.10608203677510142,0.0708466170740385,0.8165312985818078,0.2,-0.2,0.6,0.09557522122938154,19.052211467744144,0.035385704175516786,0.02827,INSIDE,-0.035360678925033806,0.1416932341480548,0.8225148812768462,0.0,0.0,1.0,0.02476123098443479,25.37727235295167
PAPER:KMNOUSDT:1790667299999:LONG,KMNOUSDT,1790667332286,TRAIN,CORRECT_RUNNER,GOOD,3.656584,6.166798046963805,0.043518702,0.04334,0.04364,0.945945945945943,2.3276187779870807,0.6306306306306335,35.53811666666667,0.5956733333333394,0.27872614399206963,0.4123257960313875,1.3527563391022013,True,False,0.04351,195.0,0.7415990730011535,0.5491701745009769,0.18173452954244285,0.7881066601337139,1.049479882901827,0.14541000876867974,0.0,0.04351,INSIDE,-0.29789184234646493,0.39224734656206905,0.5665097926116253,0.75,0.5,0.25,0.20684900020914684,12.405894286520676,0.18386577798206183,0.04359,INSIDE,-0.11457378551787967,0.5768343331795212,0.5881391772395232,0.8571428571428147,0.6428571428571358,0.14285714285718534,0.18582243632002554,13.282244759579529,0.6205470006894975,0.04378,ABOVE,0.32080659945004086,1.0152284263959421,0.590998627045096,0.7199999999999978,0.7199999999999978,0.28000000000000225,0.24668798535678338,13.961018424162495
PAPER:KASUSDT:1790668499999:LONG,KASUSDT,1790668526975,TRAIN,TRUE_WRONG_DIRECTION,BAD,0.129132,-2.9185647821426186,0.046939386,0.04687,0.04707,1.6546929316338346,1.4753144878590347,0.3244495944380048,895.4496,0.34692999999999047,0.278260989609036,0.1480392575208045,2.235619358122831,True,False,0.04693,185.0,0.21358393848782686,0.6123195542032375,0.07885763000064135,0.4719674280185826,1.4343386335710417,0.20664249852644367,-0.0639249946729259,0.0469,INSIDE,-0.3611642234969237,0.06400682739491348,0.28226854800086315,0.3333333333332948,-0.3333333333334104,0.3333333333332948,0.04904051172217359,31.140494457567286,-0.1704666524611098,0.04685,BELOW,-0.46738899511366006,-0.042671218263279354,0.20052198423607606,0.0,-1.0,0.0,0.02347918889839893,19.822736861762802,-0.12784998934582958,0.04687,INSIDE,-0.4248990864669566,0.0,0.47006838420944597,0.13333333333333025,0.13333333333333025,0.8666666666666698,0.01920204821655787,41.90827650082421
PAPER:ARKUSDT:1790668499999:LONG,ARKUSDT,1790668548164,TRAIN,TRUE_WRONG_DIRECTION,BAD,0.22626,-2.897486271423875,0.24364872,0.2434,0.2445,1.6610169491525417,1.8124898269220335,0.3262711864406752,220.80275,0.2261090909091001,0.34938825042871713,0.10218570254725279,1.1281487544855584,True,True,0.2436,197.0,0.5365249690466367,0.5682324245964054,0.13136288997044598,0.6378913452751656,0.9251003151829473,0.10934278169147196,0.04105090311985471,0.24369999999999997,INSIDE,-0.32719836400818547,0.12325390304024353,0.5685886217801112,0.28571428571429136,0.28571428571429136,0.7142857142857086,0.1559294214041865,13.115094068944561,-0.24630541871921707,0.243,BELOW,-0.6134969325153339,-0.16433853738702098,0.28151878309976447,0.20000000000000556,-0.6000000000000166,0.1999999999999778,0.06584362139259106,11.184573785000671,-0.4105090311986914,0.2426,BELOW,-0.7770961145194266,-0.32867707477403085,0.2684428735660299,0.1666666666666898,-0.8333333333333102,0.0,-0.04946413849464165,10.743027530559374
PAPER:ICNTUSDT:1790669999999:LONG,ICNTUSDT,1790670130886,TRAIN,TRUE_WRONG_DIRECTION,BAD,0.083503,-2.5008199447067723,0.09661932000000001,0.0966,0.097,2.704545454545465,1.841617384774242,0.6363636363636324,427.18145,0.04830000000000835,0.39399987497323874,0.019999999999997797,1.2619836281191121,True,True,0.0966,298.0,0.20746887966804906,0.2992708236020001,0.031055900618013308,0.3362798171285819,0.3556220632116358,0.03447064978250314,-0.10351966873706209,0.0965,BELOW,-0.5154639175257714,-0.10351966873706209,0.437779433681073,0.0,-0.5000000000000347,0.4999999999999653,0.031088082898446483,45.50656113248055,-0.20703933747412417,0.0964,BELOW,-0.6185567010309367,-0.20703933747412417,0.34459029665182445,0.0,-1.0,0.0,-0.020746887964730888,18.36257007770919,-0.10351966873706209,0.0965,BELOW,-0.5154639175257714,-0.10351966873706209,0.3442934926256806,1.0,0.0,0.0,-0.020725388598964327,24.430418265163865
PAPER:KAITOUSDT:1790670299999:LONG,KAITOUSDT,1790670355342,TRAIN,TRUE_WRONG_DIRECTION,BAD,0.187554,-2.8011786247435717,0.33726744,0.3362,0.3375,0.873294346978551,0.7434239426238561,0.35477582846004485,805.9223833333333,0.8211076923076583,0.06895418069412518,0.3175014872099924,1.265298541715132,True,False,0.3372,196.0,0.08915304606240682,0.19467797381136448,0.12173396673366796,0.538695474410078,0.6879830679297427,-0.08906486302971972,0.05931198102016033,0.3374,INSIDE,-0.029629629629646104,0.35693039857227493,0.49469149828234465,1.0,0.7777777777777914,0.0,0.03556609365382109,36.21709047610964,0.0889679715302627,0.3375,INSIDE,0.0,0.3866745984533182,0.37497265458928225,0.8000000000000222,0.20000000000008883,0.1999999999999778,0.01777777777600133,41.187043644393526,0.11862396204034287,0.3376,ABOVE,0.0296296296296239,0.41641879833433926,0.4305865702286593,0.40000000000006664,0.1999999999999778,0.5999999999999334,0.05627962084745298,49.98970724559634
PAPER:SNXUSDT:1790670299999:LONG,SNXUSDT,1790670360827,TRAIN,TRUE_WRONG_DIRECTION,BAD,0.180686,-2.6539907343701756,0.24914982,0.2487,0.2496,1.1365313653136564,0.7182735727841244,0.46494464944648606,1136.0138,0.4997999999999973,0.18068646407209954,0.18086851628467127,0.7023163813644318,False,True,0.2491,198.0,0.040160642570286065,0.5096460883733206,0.10429201763898772,0.6186437774340359,0.7773025524932531,0.10719189727828778,0.04014452027298887,0.2492,INSIDE,-0.16025641025639858,0.20104543626859872,0.6210622528944124,0.3333333333333642,-0.33333333333327164,0.3333333333333642,0.04012841091091496,29.43442369541592,0.12043356081896661,0.24940000000000004,INSIDE,-0.08012820512818264,0.281463610776056,0.4834889830670988,0.5000000000000694,0.0,0.4999999999999306,0.07217321571050617,44.19245204882808,0.12043356081896661,0.24940000000000004,INSIDE,-0.08012820512818264,0.281463610776056,0.43785951261426836,0.7500000000000346,0.0,0.2499999999999653,0.05212510023536693,31.344372374981745
PAPER:TRADOORUSDT:1790670899999:LONG,TRADOORUSDT,1790670920117,TRAIN,TRUE_WRONG_DIRECTION,BAD,0.302174,-1.10307847130897,0.65183034,0.6505,0.6543,1.8549511854951097,1.5057626414702523,0.7419804741980526,1490.3353,0.35008947368420434,0.3788807989514531,0.20451037663336002,3.118961906559914,False,False,0.6517,192.0,1.0066594393681294,0.7410505433271889,0.3311867524967777,0.9636960658785165,1.8659745208010003,-0.04338030315294744,0.09206690194876188,0.6523,INSIDE,-0.3056701818737628,0.2767102229054519,0.40069043031470775,0.5454545454545393,0.030303030303026224,0.45454545454546064,0.29894220447723213,101.00112496332915,-0.03068896731625026,0.6515,INSIDE,-0.4279382546232613,0.1537279016141424,0.4278852231070661,0.0714285714285601,-0.7857142857142404,0.1428571428571995,0.20260936298817928,119.9565171483072,0.12275586926500104,0.6525,INSIDE,-0.27510316368638543,0.3074558032282848,0.5395913951649814,0.5135135135135119,0.1621621621621427,0.4864864864864881,0.056704980837240244,173.7815630032884
PAPER:BLUAIUSDT:1790670899999:LONG,BLUAIUSDT,1790670924341,TRAIN,RIGHT_THEN_FAILURE,RTF,1.038706,-0.46903877310786557,0.010390077599999999,0.010342,0.010397,1.8365019011406922,1.8587151151274033,0.4879594423320621,185.4057,0.8741381818181561,0.06662510393571353,0.4648771997679102,2.3780149630451164,True,True,0.010388,196.0,1.2686639992192994,0.7228723316453164,0.3170473161483115,0.8992447371808598,1.563576506193326,0.26603107652650354,-0.08663842895648699,0.010379,INSIDE,-0.17312686351832474,0.3577644556178594,0.43745031638525866,0.33333333333331405,0.06666666666661655,0.666666666666686,0.3622699681688037,32.2334593574216,0.5679630342703135,0.010447,ABOVE,0.4809079542175576,1.0152775091858413,0.4923486195194113,0.8295454545454443,0.7840909090908934,0.17045454545455577,0.4183019048112376,27.165461073344982,0.3850596842510656,0.010428,ABOVE,0.29816293161488705,0.8315606265712594,0.4678979823276473,0.24731182795699125,-0.204301075268814,0.5483870967741947,0.30111238968987347,59.16119877126666
PAPER:NEIROUSDT:1790671799999:LONG,NEIROUSDT,1790671818399,TRAIN,RIGHT_THEN_FAILURE,RTF,0.898231,-0.6298024408361106,9.365872800000001e-05,9.365e-05,9.377e-05,6.149999999999955,2.4936949449010197,0.30000000000001187,2615.306666666667,0.07273333333340358,0.11880579885730214,0.009319807794994084,3.4686868692045514,False,True,9.367e-05,202.0,1.372824559507091,0.4413677642784075,0.5001066324942416,0.46842601267740314,2.4252750917861556,-1.135430681736423,-0.03202732998826008,9.364e-05,BELOW,-0.13863709075396802,-0.010678056593693697,0.6249175919579439,0.22033898305085095,-0.2881355932203312,0.49152542372881786,0.3000854335453889,359.217977261243,0.08540621330201947,9.375e-05,INSIDE,-0.021328783192919865,0.10678056593700358,0.6469451018245503,0.7115384615384556,0.2307692307692408,0.2884615384615445,0.027733333330561542,726.4883167266993,0.1281093199530181,9.379e-05,ABOVE,0.02132878319289766,0.14949279231180057,0.6414780225087835,0.8181818181818153,0.13636363636363077,0.18181818181818463,-0.13754131569154454,429.25778002557536
PAPER:COMPUSDT:1790673599999:LONG,COMPUSDT,1790673673622,TRAIN,RECOVERED_DRAWDOWN,GOOD,1.257194,1.442645961825607,25.05501,25.04,25.57,1.3709198813056305,17.438581391610835,2.201780415430271,3126.22705,0.02832075471698143,2.055437215950029,0.0599440894568648,1.2173613181555298,False,True,25.04,226.0,0.24038461538460343,0.30266555539094725,0.14788169462949538,0.09526406784381436,0.8515683853873357,-0.5970268134780928,0.23961661341853624,25.1,INSIDE,-1.838091513492368,0.23961661341853624,0.7132113557145868,1.0,1.0,0.0,0.07968127489243,53.81429917056892,0.19968051118210983,25.09,INSIDE,-1.8771998435666792,0.19968051118210983,0.543030148031456,0.22222222222221782,-0.11111111111112866,0.6666666666666535,-0.02789956157552821,91.91856486076837,0.0,25.04,INSIDE,-2.0727414939382127,0.0,0.45412690180035115,0.4999999999999852,-0.5000000000000148,0.0,-0.0599041533486416,43.371630671087956
PAPER:INJUSDT:1790674499999:LONG,INJUSDT,1790674523088,TRAIN,TRUE_WRONG_DIRECTION,BAD,0.14843,-2.9236947462781298,7.7185434,7.715,7.759,2.3395225464191003,0.536408355247743,0.5446507515473096,1685.3848166666667,0.0805318181818142,0.5241481184131258,0.04592871030459911,2.157705040565039,False,False,7.717,202.0,0.37701508060321576,0.7093271579170862,0.15282994429245073,0.8448438453016793,1.5580154219764553,0.06898182320579002,-0.31100168459246014,7.693,BELOW,-0.8506250805516258,-0.28515878159429686,0.18006624606683902,0.11904761904761452,-0.7142857142857082,0.16666666666667723,0.0363967242911721,33.481061695335406,-0.4665025268886791,7.681,BELOW,-1.0052841861064588,-0.44069993519118,0.206769401342793,0.20000000000001183,-0.7999999999999882,0.0,-0.05337846634019172,34.27570730229109,-0.3757937022158875,7.688,BELOW,-0.9150663745328136,-0.3499675955930037,0.21848206731356667,0.6999999999999822,0.5999999999999467,0.30000000000001775,-0.09885535899115687,43.5001071880491
PAPER:AZTECUSDT:1790675399999:LONG,AZTECUSDT,1790675435638,TRAIN,TRUE_WRONG_DIRECTION,BAD,0.083987,-2.248367474191066,0.019233846,0.01921,0.01937,2.4902386117136737,0.805594455228964,0.48590021691973123,485.5939833333333,0.14903749999998728,0.7078875436561161,0.12413326392501922,2.7755551333830897,False,True,0.01923,194.0,0.7360672975815108,0.38988833495763886,0.23486430060281965,0.703589251120107,1.093060479473762,-0.19313644471167604,-0.2080083203328198,0.01919,BELOW,-0.9292720702116619,-0.10411244143676557,0.7245010349327262,0.4545454545454402,0.2727272727272641,0.5454545454545597,0.2397081813204787,17.23498257384172,-0.46801872074883066,0.01914,BELOW,-1.1874032008260094,-0.36439354502862953,0.6912941430382821,0.16666666666666666,-0.8333333333333334,0.0,0.1253918495172399,17.085699331705438,-0.15600624024961762,0.0192,BELOW,-0.8776458440887924,-0.052056220718388335,0.7170899892032248,0.8333333333332852,0.8333333333332852,0.16666666666671484,0.041666666662498304,17.714793307935608
PAPER:ROSEUSDT:1790676599999:LONG,ROSEUSDT,1790676633791,TRAIN,RECOVERED_DRAWDOWN,GOOD,0.610864,0.11938191798273365,0.008876774999999998,0.008864,0.00888,0.7909604519774077,1.4573012082090435,0.18079096045198173,130.5632,0.7984374999998467,0.03633076201663421,0.14412229241875796,1.7999217057996564,True,False,0.008875,193.0,0.15792442188380384,0.6943239606122272,0.11262529563013784,0.6965264817272887,0.787678137540937,0.06011080927246226,0.022535211267604716,0.008877,INSIDE,-0.03378378378380287,0.14666064981947446,0.07173870232658458,0.8333333333331888,-0.16666666666681124,0.0,0.04280725469888458,11.31535584992112,0.10140845070423232,0.008884,ABOVE,0.04504504504503348,0.2256317689530496,0.4584089640584033,0.6363636363636077,0.6363636363636077,0.3636363636363923,0.05177847815781086,15.202716287007553,0.30422535211269697,0.008902000000000002,ABOVE,0.24774774774776187,0.4287003610108586,0.5255119246903426,0.7368421052631675,0.7368421052631675,0.2631578947368325,0.0797573578891259,9.279197040610066
PAPER:AWEUSDT:1790676599999:LONG,AWEUSDT,1790676661411,TRAIN,RIGHT_THEN_FAILURE,RTF,1.130853,-1.0216697775553203,0.0695139,0.06935,0.06958,4.009791921664613,5.077905482126596,0.3941248470012372,1886.0235333333333,0.7126086956521861,0.09508889588989433,0.23633741888970938,3.213601883939754,False,True,0.0695,195.0,1.951004840839099,0.5956490500941876,0.5693745506260252,0.2425020145109702,2.126167825378833,-0.4051308505955845,-0.08633093525181046,0.06944,INSIDE,-0.2012072434607659,0.12977649603460595,0.08913125235050771,0.0,-0.400000000000037,0.599999999999963,0.3816244239249731,1146.04638689873,0.07194244604316058,0.06955,INSIDE,-0.04311583788445539,0.2883922134102379,0.3328738800827016,0.5454545454545282,0.5,0.45454545454547174,0.047447879218834935,748.643612539458,0.014388489208627675,0.06951,INSIDE,-0.1006036217303885,0.2307137707282081,0.3273218106258331,0.2222222222222736,-0.44444444444439307,0.3333333333333333,0.05179110918774266,1481.3527264612637
PAPER:XANUSDT:1790677199999:LONG,XANUSDT,1790677247746,TRAIN,RIGHT_THEN_FAILURE,RTF,0.532699,-1.3206703275681382,0.012122424,0.012121,0.012134,1.0959206174200624,1.8899282357382392,0.20066152149946165,575.7957833333334,0.10953846153844429,0.09549245266458062,0.011748205593598016,1.5460934215797084,False,True,0.01212,201.0,0.6552753815527446,0.7233090478466958,0.16563658836415307,0.5898378172583874,1.0763210278056712,0.09570234243631384,0.0,0.01212,BELOW,-0.11537827591890926,-0.008250144377519586,0.1927797775888509,0.6111111111111218,-0.3888888888888782,0.0,0.14686468645395984,27.772055027705857,0.04125412541253759,0.012125,INSIDE,-0.07417174880501864,0.03300057751010055,0.24840949991128686,1.0,0.22727272727270575,0.0,0.08494845359975312,27.814866280422663,0.07425742574256322,0.012129,INSIDE,-0.041206527113912816,0.0660011550202011,0.2637930219364599,0.22222222222209373,0.22222222222209373,0.7777777777779062,0.04452139499925674,77.44906246008495
PAPER:ESPORTSUSDT:1790677499999:LONG,ESPORTSUSDT,1790677516965,TRAIN,TRUE_WRONG_DIRECTION,BAD,0.163285,-4.154187975420456,0.010912182,0.01091,0.01097,1.956989247311826,6.306983450013307,0.45161290322581404,40.28276666666667,0.03636666666666402,0.5298482008456284,0.019999999999997797,2.4942949082044197,True,True,0.01092,207.0,1.0185185185185075,0.7267738473769343,0.25664527953436966,0.888831044300975,2.092262517358978,0.12089898369825508,-0.3663003663003539,0.01088,BELOW,-0.8204193254329972,-0.274977085242889,0.2682628904018282,0.28571428571429636,-0.28571428571427154,0.4285714285714321,0.19301470586305156,31.001081531478455,-0.8241758241758212,0.01083,BELOW,-1.2762078395624488,-0.7332722273143966,0.30028998794828343,0.12499999999999457,-0.7500000000000109,0.12499999999999457,-0.03693444136288099,16.328766920753214,-1.0073260073259926,0.01081,BELOW,-1.4585232452142272,-0.9165902841429818,0.4338953220415505,0.0,-0.3333333333333237,0.6666666666666763,-0.16651248841998115,47.49734331013172
PAPER:SAGAUSDT:1790678099999:LONG,SAGAUSDT,1790678137232,TRAIN,STALL_NO_EDGE,BAD,0.465888,-2.3500675799418635,0.026755349999999997,0.02673,0.02696,1.131313131313135,0.9818820459723447,0.6505050505050539,200.62055,0.11021739130433386,0.7648937502219288,0.09483726150392169,0.8048857518215824,False,False,0.02675,197.0,0.18712574850299202,0.41998992918260547,0.1045946955442656,0.45873673319598574,0.7489641891999743,-0.0997165489782311,0.037383177570093906,0.02676,INSIDE,-0.7418397626112849,0.11223344556676729,0.5339089488154916,0.8333333333333334,-0.16666666666666666,0.0,0.04484304932286813,14.032222244708091,0.07476635514018781,0.02677,INSIDE,-0.7047477744807185,0.14964459408903785,0.5717853991568553,0.49999999999995665,0.0,0.5000000000000434,0.022413149045197645,25.41891363531284,0.26168224299065734,0.02682,INSIDE,-0.5192878338278972,0.33670033670034627,0.537945443274962,1.0,0.7142857142857284,0.0,0.029828486201341067,12.988978549507907
PAPER:SIGNUSDT:1790681099999:LONG,SIGNUSDT,1790681141665,TRAIN,RECOVERED_DRAWDOWN,GOOD,2.044397,4.515247914186433,0.0129335862,0.01291,0.012991,1.335646140503022,1.058359620418634,0.9835212489158853,1315.6944333333333,0.29118765432098315,0.4439124548456741,0.18269713400465015,2.702933235949667,True,True,0.012931,186.0,0.4268860602297586,0.9531719198631756,0.12674858952283866,0.5954298539822211,0.7805728047589722,0.0978657869681617,-0.038666769778050725,0.012926,INSIDE,-0.5003463936571584,0.12393493415956414,0.20568443268116318,0.0,-1.0,0.0,0.08200526070663927,7.842495201688718,0.04640012373366975,0.012937,INSIDE,-0.4156723885767044,0.20914020139428668,0.2993214105197501,0.7142857142856789,0.7142857142856789,0.2857142857143211,0.044832650532737495,8.943925185421811,0.023200061866823773,0.012934,INSIDE,-0.43876529905320094,0.1859024012393462,0.3615324832330676,0.0,0.0,1.0,0.0386578011404049,26.093450262516292
PAPER:YBUSDT:1790681099999:LONG,YBUSDT,1790681195733,TRAIN,RIGHT_THEN_FAILURE,RTF,0.917696,-4.5868024839255614,0.090648126,0.09054,0.09067,1.705696202531632,1.7350683064012506,0.2879746835443155,2246.595566666667,0.8317384615384292,0.024130669838684504,0.11942345924453868,5.877811528061816,False,True,0.09063,229.0,0.3866976024748725,0.5102152832480968,0.15738498787772404,0.6882946930605094,1.611089185912995,-0.10688246810811228,-0.022067747986320718,0.09061,INSIDE,-0.06617403771920216,0.07731389441130165,0.6467979582232197,0.577777777777771,-0.33333333333334364,0.08888888888888546,0.06401059485067842,193.56790691226968,-0.23171135385634534,0.09042,BELOW,-0.27572515716334234,-0.1325381047050933,0.6278219880554079,0.04347826086954948,-0.8260869565217418,0.13043478260870878,-0.03870825038321356,163.34664711059898,-1.1585567692816934,0.08958,BELOW,-1.2021616852321504,-1.060304837640813,0.47823119500031025,0.30952380952381137,-0.6904761904761887,0.0,-0.3304308997213653,98.876041202411
PAPER:UNIUSDT:1790681699999:LONG,UNIUSDT,1790681751616,TRAIN,TRUE_WRONG_DIRECTION,BAD,0.056358,-3.1837651752870375,9.1678332,9.116,9.292,1.4411764705882197,6.823610662850875,1.8117647058823507,155.86028333333334,0.29450681818182245,1.3543745538476815,0.5685958753839593,2.1033672384004665,True,False,9.166,211.0,0.5051614320228381,0.5933546708120832,0.15952797201201818,0.6146770482661879,0.8912054963304272,-0.12466173954763052,0.010909884355214672,9.167,INSIDE,-1.3452432199741682,0.5594559017112699,0.6037343428678258,0.72727272727272,0.6818181818182002,0.2727272727272801,0.15817606630904285,27.090996629577436,-0.14182849661793506,9.153,INSIDE,-1.4959104606112716,0.40587977182975354,0.5585860304414402,0.2857142857143099,-0.7142857142856901,0.0,0.07320004369420074,21.751038269592666,-0.4582151429194825,9.124,INSIDE,-1.8080068876452748,0.0877577885037395,0.37016907014725037,0.13888888888891218,-0.8055555555555625,0.0555555555555254,-0.051512494514792895,30.756445591520986
PAPER:EIGENUSDT:1790681699999:LONG,EIGENUSDT,1790681761209,TRAIN,TRUE_WRONG_DIRECTION,BAD,0.092721,-3.0143260430964918,0.26615322,0.2655,0.2667,2.2778793418647227,0.7142681398727859,0.30712979890310266,1791.0201666666667,0.5443500000000179,0.2054380555681412,0.24603389830508693,1.7483237662877071,True,False,0.2661,259.0,0.4909365558912526,0.7487488552912893,0.25900900898311086,0.8016921580049852,0.9452118427649259,-0.08842927192114214,-0.03757985719653467,0.266,INSIDE,-0.2624671916010457,0.18832391713747842,0.45473039281485,0.4285714285714399,-0.5714285714285601,0.0,0.1278195488594011,24.8150585849447,-0.4133784291619702,0.265,BELOW,-0.6374203224596808,-0.18832391713747842,0.1988664352128033,0.09090909090908174,-0.9090909090909183,0.0,-0.02641509433698241,38.64008611896687,-0.3006388575723551,0.2653,BELOW,-0.5249343832021025,-0.07532956685499803,0.2655984171979048,1.0,0.6666666666666666,0.0,-0.09800226158085575,44.81193596078018
PAPER:EDGEUSDT:1790681999999:LONG,EDGEUSDT,1790682047605,TRAIN,RECOVERED_DRAWDOWN,GOOD,1.797822,3.269392668757432,0.5446089,0.5445,0.5458,1.447415329768274,0.9289775624681285,0.32442067736184493,190.79343333333333,0.08376923076920773,0.21870740636078523,0.019999999999997797,1.7092816514750253,True,True,0.5445,195.0,0.31330630298562756,0.5998686323731499,0.10288443871835476,0.5581819426878409,1.026975024485044,-0.08605983712164367,-0.018365472910930603,0.5444,BELOW,-0.256504213997788,-0.018365472910930603,0.7868973737207677,0.5999999999999889,0.14999999999998334,0.4000000000000111,0.09551800145995763,21.668194193507126,0.60606060606061,0.5478,ABOVE,0.3664345914254241,0.60606060606061,0.7875782143361899,0.8837209302325443,0.8139534883720864,0.11627906976745567,0.1898503103132524,14.385615336063795,1.3406795224977008,0.5518,ABOVE,1.0993037742762946,1.3406795224977008,0.707825052067837,0.741379310344819,0.6896551724137905,0.258620689655181,0.338890902467014,18.064326104627195
PAPER:BICOUSDT:1790681999999:LONG,BICOUSDT,1790682070457,TRAIN,RECOVERED_DRAWDOWN,GOOD,1.20099,0.6922643301306681,0.021294258,0.02128,0.0213,1.1951219512195097,0.15466578847325962,0.08536585365853323,1001.1743,0.7129000000000106,0.026965015639435208,0.06700187969923554,1.616670559734934,True,False,0.02129,469.0,0.37735849056603765,0.6349060511253111,0.09398496239661759,0.6143531303017813,1.2886044722356882,-0.031712786287774186,-0.09394081728510972,0.02127,BELOW,-0.14084507042253502,-0.046992481203000924,0.5254143309397487,0.7000000000000104,-0.09999999999999654,0.19999999999999307,0.07992477667277856,44.303016336239914,-0.09394081728510972,0.02127,BELOW,-0.14084507042253502,-0.046992481203000924,0.47850037184849786,0.4,-0.2,0.4,0.023507287256698615,31.61962304894666,-0.04697040864255486,0.02128,INSIDE,-0.09389671361501595,0.0,0.47797162954600314,1.0,0.5,0.0,0.014097744359491907,28.43210328002223
PAPER:PROVEUSDT:1790683799999:LONG,PROVEUSDT,1790683862386,TRAIN,RECOVERED_DRAWDOWN,GOOD,3.89501,6.935850856144585,0.2375475,0.2375,0.2377,1.2989690721649274,0.7930497099623803,0.2886597938144417,2321.039783333333,0.23750000000002255,0.0641976867784333,0.019999999999997797,1.2408044706848087,False,True,0.2377,576.0,0.2953586497890237,0.8748647214726254,0.05048380310811976,0.4473099094687516,0.8728082970499096,0.11233969683816329,-0.042069835927638355,0.2376,INSIDE,-0.042069835927638355,0.04210526315790997,0.20846787899388172,0.2500000000000347,0.2500000000000347,0.7499999999999654,0.07996632995833504,28.41793115612301,0.04206983592764946,0.2378,ABOVE,0.04206983592764946,0.1263157894736855,0.33135791261074965,0.8000000000000222,0.6000000000000444,0.1999999999999778,0.08410428931034723,15.294007013422554,0.04206983592764946,0.2378,ABOVE,0.04206983592764946,0.1263157894736855,0.40884605155036147,0.5000000000000694,0.0,0.4999999999999306,0.05466778805172629,24.836150483224596
PAPER:BLESSUSDT:1790687099999:LONG,BLESSUSDT,1790687150690,TRAIN,RIGHT_THEN_FAILURE,RTF,0.642971,-0.8336105987270931,0.0085977192,0.008577,0.008603,1.877758913412553,0.8014438262684478,0.6179966044142636,20.84485,0.7968923076923021,0.061420940567580296,0.24156698146204914,0.0,True,False,0.008593,195.0,0.9517095523440489,0.6720006513319815,0.24906890127863604,0.8306311534960864,0.9712898106579382,0.23279273942735657,0.1512859304084735,0.008606,ABOVE,0.034871556433824225,0.3381135595196705,0.27529136618002487,0.7142857142857408,0.2857142857143211,0.28571428571425916,0.2742272832633088,38.3065671497899,0.325846619341319,0.008621,ABOVE,0.20922933860281212,0.5129998834091154,0.3625193024157229,0.6666666666666907,0.3750000000000181,0.3333333333333092,0.2447511889327237,44.96282079827816,0.2792971022925528,0.008617,ABOVE,0.16273393002441683,0.4663635303719271,0.35411808586389465,0.6363636363636077,-0.09090909090909807,0.27272727272729425,0.2007659277970266,61.82770768057664
PAPER:CAKEUSDT:1790741099999:LONG,CAKEUSDT,1790741168682,TRAIN,RECOVERED_DRAWDOWN,GOOD,1.197815,1.8319399504248737,2.59481886,2.5858,2.5996,2.987506246876553,2.508460351743289,0.9655172413793264,756.1447166666667,0.6535405797101541,0.18425717778234318,0.348784128702917,1.214684403827726,True,False,2.5936,209.0,0.034711508793594525,0.5879103480794307,0.06631453135782812,0.36335942380301134,0.6715532121890244,0.023141005862396348,-0.18121529919801205,2.5889,INSIDE,-0.4116017848899811,0.11988552865651592,0.3749157113958193,0.0,-0.8518518518518641,0.14814814814813596,-0.016223106336975306,17.74224753455187,-0.2891733497840776,2.5861,INSIDE,-0.5193106631789512,0.011601825353868556,0.510989010989011,0.23529411764704858,-0.5490196078432005,0.215686274509751,-0.046015235291789955,23.650646263663095,-0.28146206045650546,2.5863,INSIDE,-0.5116171718726026,0.019336375589773525,0.5056097916363107,0.9000000000000222,0.0999999999999778,0.0999999999999778,-0.0796504659085951,15.763771968034282
PAPER:PHAUSDT:1790744099999:LONG,PHAUSDT,1790744118293,TRAIN,TRUE_WRONG_DIRECTION,BAD,0.240977,-2.184822185171431,0.07280455799999999,0.07264,0.074,2.055779569892474,1.3072941047004987,0.6397849462365597,205.3049,0.12099852941176117,1.6419878546615196,0.2265390969163006,1.6545090487328995,True,False,0.07279,194.0,0.9972299168975018,0.5159023766625574,0.25233132197147484,1.066178388812089,1.6102224782213181,-0.08495327722081542,-0.34345377112240394,0.07254,BELOW,-1.972972972972975,-0.1376651982378907,0.20973521039270718,0.16279069767438784,-0.8372093023256122,0.0,0.12406947889577946,27.40601212433741,-0.2610248660530279,0.0726,BELOW,-1.8918918918918948,-0.05506607929515184,0.3337401429250476,0.21739130434780773,0.21739130434780773,0.7826086956521923,-0.05509641872727431,31.65233822888521,-0.19233411182852933,0.07265,INSIDE,-1.8243243243243112,0.013766519823810164,0.4218548276710774,0.47826086956525676,0.17391304347830808,0.5217391304347433,-0.06882312456297131,45.43519820056624
PAPER:ALICEUSDT:1790745599999:LONG,ALICEUSDT,1790745619933,TRAIN,TRUE_WRONG_DIRECTION,BAD,0.212922,-2.9859057454669715,0.17173433999999999,0.1717,0.1746,1.0639032815198586,3.4189833488466617,0.7012089810017303,695.3322333333333,0.011841379310342641,1.6686586969152595,0.019999999999997797,3.1061580345549955,True,True,0.1717,200.0,1.7190278601067144,0.8062256756561791,0.43706293701923277,1.178481059196379,2.6138311828711123,0.48706138467586124,-0.11648223645892575,0.1715,BELOW,-1.7754868270332125,-0.11648223645892575,0.3570020410672151,0.5000000000000115,-0.0833333333333237,0.41666666666666474,0.46647230316035354,57.989383199969616,-0.7571345369831062,0.1704,BELOW,-2.405498281786944,-0.7571345369831062,0.3883611268178493,0.06666666666665927,-0.7333333333333444,0.1999999999999963,0.24061032861443782,56.08104387117694,-0.8736167734420541,0.1702,BELOW,-2.5200458190149044,-0.8736167734420541,0.3963871951132716,0.39999999999998337,-0.20000000000000556,0.4000000000000111,-0.023501762629849543,184.77312724451616
PAPER:ASTRUSDT:1790746499999:LONG,ASTRUSDT,1790746531926,TRAIN,STALL_NO_EDGE,BAD,0.426948,-6.463648155291668,0.007383476399999999,0.007365,0.007408,1.1351351351351446,1.6375735374388958,1.1621621621621518,215.53211666666667,0.42968372093021706,0.33214164536370383,0.2508676171079305,1.4014590742106092,False,False,0.007382,202.0,0.6402397493529444,0.37802409348093774,0.20167839738102072,0.5863158000489976,0.8104550981261172,-0.13213446354753225,0.08127878623678253,0.007387999999999999,INSIDE,-0.26997840172787724,0.31228784792938225,0.586237320801707,0.4615384615384564,0.0,0.5384615384615435,0.17190037897576851,76.23774368803461,0.02709292874560898,0.007384000000000001,INSIDE,-0.3239740820734194,0.25797691785471866,0.3160099618195809,0.39999999999998265,-0.5,0.10000000000001735,0.0866738894821221,101.98524426850247,-0.06773232186398914,0.007377,INSIDE,-0.41846652267818474,0.16293279022403517,0.2974685797033032,0.10000000000000868,-0.699999999999974,0.20000000000001736,-0.01897790429524096,118.52199317219345
PAPER:TOSHIUSDT:1790746499999:LONG,TOSHIUSDT,1790746540774,TRAIN,TRUE_WRONG_DIRECTION,BAD,0.134175,-2.682588260682489,0.00012972594,0.0001296,0.0001305,1.4763636363636452,6.593344232354562,0.4581818181818157,155.67958333333334,0.1399333333333353,0.596688680768076,0.09717592592592972,1.4075365343276913,True,True,0.0001297,190.0,0.07727975270479526,0.8359210424805135,0.0849420849335928,0.7650690050420961,0.7712881641939395,0.1289191234216928,0.0,0.0001297,INSIDE,-0.6130268199233679,0.07716049382715529,0.7905803226059823,0.6666666666666666,0.6666666666666666,0.3333333333333333,0.06168080184425746,12.399761721033009,0.07710100231304029,0.0001298,INSIDE,-0.5363984674329414,0.15432098765433278,0.7622354299708296,0.5,0.0,0.5,0.10785824344068058,15.930006382991749,0.15420200462605838,0.0001299,INSIDE,-0.45977011494251485,0.23148148148148806,0.8016322969206332,1.0,0.0,0.0,0.11547344109700049,8.700401150105126
PAPER:TOWNSUSDT:1790746499999:LONG,TOWNSUSDT,1790746632172,TRAIN,TRUE_WRONG_DIRECTION,BAD,0.074952,-3.202677704012782,0.0021064212,0.002101,0.002107,3.3758865248227217,1.5829919496118654,0.5957446808510584,997.2028833333334,0.903533333333324,0.02747788523966843,0.2580295097572627,2.4411641888146596,True,True,0.002106,254.0,0.7659167065581673,0.7880167658217012,0.18527315912636566,0.8379560084357696,1.072448005001292,-0.11258435096500224,0.0,0.002106,INSIDE,-0.04746084480304891,0.2379819133745631,0.7883999092272694,1.0,1.0,0.0,0.18043684708546728,11.615264730231578,-0.23741690408356497,0.002101,INSIDE,-0.28476506881822683,0.0,0.3253846064041235,0.0,-0.7142857142856789,0.2857142857143211,0.019038553068061227,19.89623574533234,-0.3798670465336995,0.002098,BELOW,-0.42714760322732914,-0.14278914802474674,0.3884537506840728,0.0,-0.7499999999999729,0.2500000000000271,-0.0571973307855114,40.856110466526346
PAPER:MINAUSDT:1790747699999:LONG,MINAUSDT,1790747722424,TRAIN,RIGHT_THEN_FAILURE,RTF,0.556158,-0.9498100379923484,0.14405880599999998,0.14403,0.14493,3.2695179904955998,2.1157107687665286,0.8553971486761861,370.37375,0.03200666666665773,0.6047488690139602,0.019999999999997797,1.9636467068871788,False,False,0.144,256.0,0.5370719118364953,0.32932952911185776,0.13389759954259467,0.26378994859628246,0.7513499720857242,-0.012241482773397067,-0.03472222222221655,0.14395,BELOW,-0.6761885047954275,-0.055543983892247795,0.2811915341440599,0.34615384615385847,-0.6538461538461415,0.0,0.09447724903535759,20.300779091183113,-0.0694444444444331,0.1439,BELOW,-0.710687918305386,-0.09025897382488601,0.21389065799617873,0.3124999999999783,-0.25000000000008676,0.43749999999993494,-0.0020847810977783184,27.985436760963015,-0.041666666666650976,0.14394,BELOW,-0.6830883874974103,-0.062486981878762116,0.4180702828924702,0.333333333333395,0.13333333333337652,0.666666666666605,-0.01111574266944322,43.73621072062842
PAPER:NMRUSDT:1790748899999:LONG,NMRUSDT,1790748918380,TRAIN,TRUE_WRONG_DIRECTION,BAD,0.106646,-2.0885095928795985,11.8443684,11.838,11.877,1.1728264695529715,0.9740515055596749,0.1921858500528055,240.30635,0.16329230769233416,0.27550308212298535,0.05379624936645566,1.657905203286325,False,False,11.846,193.0,1.1716411528264858,0.6339311445362457,0.3136094674242622,1.0252529739133598,2.1167506387930635,0.05095405281059967,-0.1350666891777763,11.83,BELOW,-0.39572282562937433,-0.06757898293630049,0.3852149034825216,0.5714285714285755,0.0,0.42857142857142455,0.36855452236382225,36.555374606373306,-0.8104001350666912,11.75,BELOW,-1.0692935926580827,-0.743368812299372,0.3719907005794788,0.19791666666666782,-0.8020833333333321,0.0,0.18382978721566048,34.45732977255669,-0.6246834374472376,11.772,BELOW,-0.8840616317251859,-0.5575266092245235,0.4754602336431697,0.8196721311475534,0.3442622950819806,0.18032786885244662,-0.07815154603363958,60.20758318141313
PAPER:CLANKERUSDT:1790753099999:LONG,CLANKERUSDT,1790753116906,TRAIN,TRUE_WRONG_DIRECTION,BAD,0.192577,-2.7195662036975854,14.112822,14.11,14.14,2.648648648648643,1.1539205779278021,0.37837837837839355,55.28178333333334,0.0940666666666665,0.19257665121830136,0.019999999999997797,1.2245743622359861,False,False,14.11,193.0,0.4985754985755042,0.9047347665566929,0.1984408220921328,0.6835313064901927,1.0533759091323147,-0.095269847042904,-0.07087172218285254,14.1,BELOW,-0.28288543140029265,-0.07087172218285254,0.2578600405679513,0.5,-0.5,0.0,0.12765957445531895,14.976513978130239,-0.14174344436569397,14.09,BELOW,-0.35360678925036026,-0.14174344436569397,0.36946168278250835,0.0,-0.5,0.5,0.056777856630233,43.182171940765215,-0.28348688873138794,14.07,BELOW,-0.4950495049504955,-0.28348688873138794,0.18691640422122768,0.0,-1.0,0.0,-0.05685856431556382,40.18802791980861
PAPER:TRADOORUSDT:1790753099999:LONG,TRADOORUSDT,1790753122506,TRAIN,TRUE_WRONG_DIRECTION,BAD,0.190172,-2.8995179867930223,0.6661332,0.6655,0.6685,1.538699690402476,1.9137483787289236,0.6501547987616105,475.37511666666666,0.21106666666666662,0.35530431451247235,0.09514650638617894,1.491173236824106,False,True,0.666,197.0,0.42225908611068785,0.6646113027143115,0.1291485207860047,0.6457394964022978,1.2176364558660224,0.1001020066720241,0.18018018018017834,0.6672,INSIDE,-0.19446522064322513,0.25544703230653276,0.7906482465462275,1.0,0.3571428571428798,0.0,0.1453836930310258,16.7142145703637,-0.2702702702702786,0.6642,BELOW,-0.6432311144352942,-0.19534184823440937,0.30366238176085375,0.033333333333329634,-0.6999999999999963,0.26666666666667405,0.037639265277778645,24.502881902769793,-0.3453453453453603,0.6637,BELOW,-0.718025430067315,-0.27047332832457194,0.2711130359462971,0.0,-1.0,0.0,-0.043694440254785666,29.511241227101113
PAPER:DOGSUSDT:1790753699999:LONG,DOGSUSDT,1790753743325,TRAIN,TRUE_WRONG_DIRECTION,BAD,0.163603,-1.8669344431460382,4.9019802e-05,4.889e-05,4.905e-05,2.126582278481023,1.0161813295113244,0.5670886075949331,50.7221,0.8112625000000002,0.06160367600016592,0.2654980568623344,1.549989940799834,True,True,4.902e-05,194.0,0.7201646090534863,0.8180832699261593,0.1654749744471898,0.6319562019032388,0.6646964433128677,0.33524819174964493,0.0,4.902e-05,INSIDE,-0.06116207951070152,0.26590304765801154,0.5712165785842597,1.0,0.7777777777778196,0.0,0.2407180742313339,10.338455025685919,0.163198694410438,4.91e-05,ABOVE,0.10193679918450993,0.4295356923706306,0.713701037090717,1.0,0.6666666666666666,0.0,0.2708757637203685,10.574043473314958,-0.3059975520195879,4.887e-05,BELOW,-0.3669724770642202,-0.04090816117816587,0.15109782005459688,0.0,-1.0,0.0,0.11254348269797418,18.901384263805774
PAPER:VTHOUSDT:1790753999999:LONG,VTHOUSDT,1790754027321,TRAIN,TRUE_WRONG_DIRECTION,BAD,0.022724,-3.26163437551769,0.00070224042,0.0007014,0.0007036,0.8898305084745926,1.0993540120637044,0.6525423728813358,1135.4553666666666,0.38200909090907625,0.1936060587341304,0.11982035928141954,1.8142533008851824,False,True,0.0007021,194.0,0.544724770642202,0.6500976610787806,0.20102651837168467,0.772536673612989,1.368698408472524,-0.05309526615981941,-0.014242985329715463,0.000702,INSIDE,-0.22740193291641564,0.08554319931566301,0.7469422167205991,0.6923076923077052,0.6153846153845898,0.3076923076922949,0.1452991452846158,25.330047325172256,-0.014242985329715463,0.000702,INSIDE,-0.22740193291641564,0.08554319931566301,0.7632220649751029,0.5000000000000904,0.0,0.49999999999990963,0.07834757833974626,28.12575284765558,-0.12818686796751688,0.0007012,BELOW,-0.34110289937463456,-0.02851439977188397,0.5424765063780314,0.3846153846154103,-0.5384615384614743,0.07692307692311541,0.028522532798062706,25.119208372140655
PAPER:BLURUSDT:1790754599999:LONG,BLURUSDT,1790754618085,TRAIN,TRUE_WRONG_DIRECTION,BAD,0.324254,-2.792254172136566,0.020334066,0.02032,0.02037,4.26436781609198,0.7714479574706211,0.4022988505746966,980.3014333333333,0.281320000000013,0.17671822251388303,0.06922244094487162,2.2330310130792452,True,True,0.02033,193.0,0.49333991119882015,0.38029830989090757,0.15709376532547736,0.5758050324176534,0.9445805319678313,-0.06616653878617207,-0.14756517461880225,0.0203,BELOW,-0.3436426116838476,-0.09842519685040463,0.14805762799073835,0.0,-0.8888888888888932,0.11111111111110683,0.06896551723448166,24.25470003641735,-0.14756517461880225,0.0203,BELOW,-0.3436426116838476,-0.09842519685040463,0.1832230893997677,0.49999999999995665,-0.25000000000006506,0.24999999999997832,-0.014778325121675984,34.3167070115551,-0.0983767830791904,0.02031,BELOW,-0.2945508100147154,-0.04921259842519676,0.22325230408741822,0.5000000000000867,0.5000000000000867,0.4999999999999133,-0.07385524371491745,46.118911733375135
PAPER:XVSUSDT:1790758199999:LONG,XVSUSDT,1790758240158,TRAIN,TRUE_WRONG_DIRECTION,BAD,0.121418,-1.5149304792506229,3.535707,3.534,3.558,1.6303797468354422,1.9673826226402245,0.8506329113924087,3815.669316666667,0.07112500000000514,0.6305103901426135,0.04830220713072375,1.462423215498343,False,True,3.532,192.0,0.7128599942971103,0.7137524294414365,0.22083805207304477,0.6538329540315413,1.1247603406821294,0.18887985973434773,0.028312570781419133,3.533,BELOW,-0.7026419336706002,-0.028296547821160534,0.8236874236874238,0.55555555555555,0.3333333333333498,0.4444444444444499,0.2037928106221331,28.495766239006908,-0.05662514156286047,3.53,BELOW,-0.7869589657110709,-0.11318619128466434,0.47354409317803664,0.41176470588233605,-0.11764705882354325,0.4705882352941207,0.14730878185495636,32.490394569066105,-0.22650056625141968,3.524,BELOW,-0.9555930297920123,-0.28296547821164975,0.4261409667836889,0.0,-0.72727272727272,0.2727272727272801,0.03405221339046541,42.37194280074309
PAPER:BLURUSDT:1790758199999:LONG,BLURUSDT,1790758250039,TRAIN,TRUE_WRONG_DIRECTION,BAD,0.077072,-1.9195676884041204,0.02060412,0.02057,0.02065,1.6578947368421169,0.712782814730658,0.2947368421052644,3095.834,0.42649999999998134,0.22267391181958196,0.16587263004375075,2.1554912318507147,False,False,0.0206,191.0,0.5867970660146771,0.4482841333693314,0.23334953813903972,0.6655551449987085,1.5283299777478443,-0.0982754210316387,-0.09708737864077,0.02058,INSIDE,-0.3389830508474634,0.048614487117149,0.548803898783166,0.0,0.0,1.0,0.1797862001763876,31.834903150690025,-0.24271844660195274,0.02055,BELOW,-0.4842615012106699,-0.0972289742343313,0.5832843662507345,0.14285714285713577,-0.5714285714285927,0.28571428571427154,0.10218978101167973,35.81007487088711,-0.2912621359223322,0.02054,BELOW,-0.5326876513317313,-0.1458434613514914,0.5615848267323131,0.0,-0.5000000000000289,0.4999999999999711,-0.01947419668744004,36.867466233898035
PAPER:TURBOUSDT:1790758199999:LONG,TURBOUSDT,1790758250723,TRAIN,TRUE_WRONG_DIRECTION,BAD,0.124512,-2.6581926014584862,0.00103800756,0.0010355,0.0010421,3.614754098360652,0.737014429508072,0.7573770491803316,1040.8454,0.37993333333333756,0.3942591709062304,0.24215934331242028,1.3880014515501249,True,True,0.0010378,189.0,0.46538685282140335,0.8696772832463451,0.21906967764649746,0.7152510687907565,0.9384398398210592,-0.18407251099837132,-0.04817883985354099,0.0010373,INSIDE,-0.46060838691105443,0.17382906808305343,0.4201098643854673,0.19047619047610198,0.09523809523805099,0.809523809523898,0.1233972813913011,52.33014797395914,-0.2890730391212126,0.0010348,BELOW,-0.7005085884272177,-0.06760019314340227,0.3801670464507948,0.27500000000000135,-0.6000000000000325,0.12499999999996612,-2.0954815855761193e-15,25.017304075014508,-0.3083445750626246,0.0010346,BELOW,-0.719700604548501,-0.08691453404151561,0.3827696217007483,0.0,-0.4999999999999322,0.5000000000000677,-0.05026097041832504,42.61990543245659
PAPER:CVXUSDT:1790759399999:LONG,CVXUSDT,1790759464005,TRAIN,RECOVERED_DRAWDOWN,GOOD,1.422457,2.3151427367817834,2.2184436,2.216,2.224,1.9090909090909232,1.2868112181103362,0.46280991735537064,566.0667666666667,0.3054499999999846,0.25046388377869544,0.11027075812273246,0.9215289493949785,False,False,2.218,214.0,0.45289855072463414,0.8953000610704985,0.08566275923399116,0.7198241876460232,0.7047284131382558,-0.015526002987968163,0.0,2.218,INSIDE,-0.26978417266187993,0.09025270758120651,0.7262262056489742,0.4999999999999445,0.0,0.5000000000000555,0.139765554539674,11.657151421601373,0.0,2.218,INSIDE,-0.26978417266187993,0.09025270758120651,0.7441894947547911,0.5,0.0,0.5,0.11271415688683659,8.363234479518555,0.22542831379621653,2.223,INSIDE,-0.04496402877699479,0.3158844765342783,0.7414286905986709,0.8571428571428118,0.7142857142856871,0.14285714285718817,0.07197480880971667,9.387339251553726
PAPER:NOMUSDT:1790761799999:LONG,NOMUSDT,1790761823521,TRAIN,TRUE_WRONG_DIRECTION,BAD,0.07245,-2.7969674673480047,0.0021634326,0.002158,0.002173,1.0129198966408375,1.9235113767356486,0.5426356589147232,185.39203333333333,0.3621733333333286,0.44223240418952425,0.25174235403151446,2.4235837067445476,False,False,0.002163,195.0,0.6983240223463527,0.5960672122134704,0.19879796576837558,0.9393822284713416,1.195995555519147,-0.047503715338244795,-0.046232085067043904,0.002162,INSIDE,-0.5062126092959085,0.1853568118628246,0.173344083023599,0.33333333333323695,0.0,0.666666666666763,0.17113783532053317,22.888102544157196,0.0,0.002163,INSIDE,-0.46019328117810065,0.23169601482853075,0.6371047430830039,1.0,0.5000000000001085,0.0,0.0970873786310668,16.255261350750942,-0.3236245954692629,0.002156,BELOW,-0.7823285780027667,-0.0926784059314345,0.48283791278083976,0.0,-0.7777777777777939,0.22222222222220617,-0.027829313540815998,26.38030298644392
PAPER:CTRUSDT:1790762099999:LONG,CTRUSDT,1790762114683,TRAIN,TRUE_WRONG_DIRECTION,BAD,0.237182,-1.9230448769549016,0.0128315658,0.012824,0.01286,0.9819004524886795,0.7289758290169199,0.5701357466063274,670.2447333333333,0.21016111111110197,0.2215957151542547,0.05899719276356574,3.4256598676367322,False,False,0.012805,196.0,1.2210593085949961,0.47953951651480586,0.3297822340262412,1.137675542780081,2.7325280916062122,-0.05327399482842515,-0.10152284263960087,0.012792,BELOW,-0.5287713841368613,-0.24953212726138707,0.5240138913553938,0.5104895104895087,0.23076923076922984,0.4895104895104912,0.3173858661346141,152.73376379498617,-0.09371339320577432,0.012793,BELOW,-0.5209953343701335,-0.24173424828446421,0.5141399414785057,0.9298245614035296,-0.017543859649109993,0.05263157894736041,0.16962401311521938,98.45590579184623,0.4217102694260122,0.012859,INSIDE,-0.007776049766716753,0.27292576419213344,0.6588777708168214,0.8037383177570098,0.6261682242990686,0.1962616822429902,0.23563263081865068,174.52153020307796
PAPER:RAVEUSDT:1790762099999:LONG,RAVEUSDT,1790762131010,TRAIN,TRUE_WRONG_DIRECTION,BAD,0.231336,-3.2096525265082083,0.19893977999999998,0.1988,0.1998,1.0555555555555627,0.6142328573789877,0.555555555555556,235.51685,0.13977999999997814,0.4324022073413536,0.0703118712273465,1.5279900279370984,False,False,0.1989,199.0,0.050327126321092486,0.33970798257865376,0.07042253520422598,0.37658133109275127,0.8092051259961708,-0.1674537600042325,0.15082956259426794,0.1992,INSIDE,-0.30030030030030463,0.2012072434607548,0.8479985996032209,0.7142857142857086,0.5714285714285431,0.28571428571429136,0.040160642566264816,20.28828875929292,0.05027652086475598,0.19899999999999998,INSIDE,-0.4004004004004136,0.1006036217303663,0.5713168258078438,0.0,-0.4999999999999653,0.5000000000000347,0.005025125627637638,21.062317640460915,-0.05027652086475598,0.1988,INSIDE,-0.5005005005005003,0.0,0.5620688684292029,0.3333333333333642,-0.6666666666666359,0.0,-0.020120724344063565,12.1540521681426
PAPER:MUBARAKUSDT:1790762999999:LONG,MUBARAKUSDT,1790763023620,TRAIN,STALL_NO_EDGE,BAD,0.36082,-7.766278271087522,0.063022602,0.06289,0.0633,1.42857142857143,1.3664364316141302,0.4880952380952312,1060.3936833333332,0.32341951219511605,0.44015637437502253,0.21084751152806724,2.209686613700912,False,True,0.06303,195.0,0.41487154938566473,0.5059746571145666,0.18274272999920518,0.9240304733282079,1.4703544252749334,-0.05877397702168294,0.12692368713309587,0.06311,INSIDE,-0.3001579778830865,0.3498171410398987,0.6911913415166773,0.8799999999999911,0.7599999999999822,0.12000000000000888,0.15686895894485675,11.118140359747146,0.22211645248295664,0.06317,INSIDE,-0.20537124802526563,0.44522181586899023,0.5834068945844785,0.8888888888889317,0.4444444444445044,0.11111111111106828,0.14722178247696693,9.596687119779197,-0.2379819133745742,0.06288,BELOW,-0.663507109004724,-0.01590077913816712,0.45920323347741154,0.21276595744681542,-0.617021276595744,0.17021276595744053,0.03816793892748157,12.574662379960476
PAPER:FLOCKUSDT:1790763599999:LONG,FLOCKUSDT,1790763640303,TRAIN,RECOVERED_DRAWDOWN,GOOD,1.816986,1.3818437103241537,0.06641328,0.06622,0.06698,2.439531859557872,30.962502028179273,1.3836150845253463,2015.6717333333333,0.25431578947369055,0.8533233112413496,0.2918755662941752,3.769246150769856,False,True,0.0664,194.0,0.21151231303822016,0.46972522852406023,0.09045680686567215,0.4692897091377546,0.546027559495732,-0.040342741052438555,0.10542168674698704,0.06647,INSIDE,-0.761421319796951,0.3775294472968982,0.7548116623261132,1.0,0.7777777777777863,0.0,0.09177072362554527,14.074253641809399,0.13554216867468494,0.06649,INSIDE,-0.7315616601970776,0.4077318030806243,0.5907986440949133,1.0,0.4285714285713436,0.0,0.08723116257211361,12.093313480201008,-0.10542168674698704,0.06633,INSIDE,-0.9704389369961097,0.16611295681063787,0.48977569014589095,0.05555555555553414,-0.8333333333333205,0.11111111111114538,0.03015226895522475,15.52892894635098
PAPER:SOMIUSDT:1790764799999:LONG,SOMIUSDT,1790764872023,TRAIN,STALL_NO_EDGE,BAD,0.398136,-6.5196076955612705,0.21524304,0.2144,0.2176,2.463687150837993,6.4628301820699985,1.2513966480446872,116.2004,0.26344999999999824,1.095022631161502,0.3932089552238782,1.4137692907515098,True,False,0.2157,797.0,0.6529850746268551,0.9308469336321341,0.217794253917052,0.8504914226441507,1.4783652379406542,-0.07845055465133624,-0.3245248029670855,0.215,INSIDE,-1.194852941176472,0.2798507462686617,0.08263525569298696,0.22222222222222565,-0.666666666666677,0.11111111111109741,0.08837209301441662,23.46168252303015,-0.2781641168289273,0.2151,INSIDE,-1.148897058823517,0.32649253731342753,0.18904713664263154,0.2500000000000347,0.2500000000000347,0.7499999999999654,-0.023245002322175752,56.523945542793655,-1.4371812702827946,0.2126,BELOW,-2.297794117647045,-0.8395522388059629,0.196095509364971,0.49019607843137364,-0.49019607843137364,0.019607843137252768,-0.3057384759807126,39.760883251695994
PAPER:PENGUUSDT:1790765699999:LONG,PENGUUSDT,1790765716820,TRAIN,TRUE_WRONG_DIRECTION,BAD,0.154947,-3.6200137366324667,0.0102890574,0.01024,0.010313,2.4711286089238813,2.7651361128447074,0.6706036745406666,490.28035,0.6720191780821834,0.23269964457579562,0.4790761718749925,3.7521163017323556,True,True,0.010289,309.0,1.05118380980449,0.6167004648304514,0.33054637367878503,1.1592337098384364,2.03304235658196,-0.2238492903118579,-0.2624161726115237,0.010262,INSIDE,-0.49452147774652344,0.21484375000000444,0.27082121759548505,0.5,-0.34285714285713575,0.15714285714286422,0.2328980705282592,387.74024486610824,-0.5151132277189108,0.010236,BELOW,-0.746630466401621,-0.03906250000000888,0.23364190699131687,0.38095238095238687,-0.6190476190476132,0.0,0.03419304415445686,402.4279116719748,0.019438235008273352,0.010291000000000002,INSIDE,-0.2133229904004441,0.4980468750000133,0.32054291985717837,0.9625000000000051,0.6875000000000068,0.03749999999999485,-0.013604120103584092,444.34287907924767
PAPER:HIVEUSDT:1790766599999:LONG,HIVEUSDT,1790766648211,TRAIN,RIGHT_THEN_FAILURE,RTF,0.506122,-0.8622069525754612,0.057021402,0.05695,0.05712,4.075471698113208,0.631139263460342,0.6415094339622527,1180.8035333333332,0.42001176470588025,0.17291402270325218,0.12537664618086364,0.7740988199483434,False,True,0.05701,241.0,0.7425742574257432,0.5263614901540435,0.1579501579343638,0.3727598645379748,0.6325688852117151,-0.03648008135319625,0.19294860550780335,0.05712,INSIDE,0.0,0.29850746268655914,0.7337737019718225,1.0,0.7499999999999675,0.0,0.26785714283035655,20.84300112097952,0.3683564286967256,0.05722,ABOVE,0.17507002801120386,0.4741000877963142,0.6407412844865554,0.5714285714285762,0.42857142857142383,0.42857142857142383,0.2726319468444586,29.70472165939489,0.05262234695668777,0.05704000000000001,INSIDE,-0.14005602240894088,0.1580333625987862,0.64277033608264,0.29032258064516275,-0.6451612903225814,0.0645161290322559,0.10518934080294466,23.12539578419845
PAPER:LDOUSDT:1790767499999:LONG,LDOUSDT,1790767530364,TRAIN,TRUE_WRONG_DIRECTION,BAD,0.228453,-2.604563204153555,0.48299658,0.4826,0.4863,0.8692206076618199,2.6914178870807577,0.6842800528401655,70.50608333333334,0.10718378378379224,0.6839427310230572,0.08217571487776354,1.7177305893139039,False,False,0.4829,192.0,1.0022969304656515,0.5037912107319422,0.2666942319352909,0.8863959747454464,1.4429059779619724,-0.14768638361557507,-0.020708221163801,0.4828,INSIDE,-0.7197203372403926,0.041442188147544634,0.42932008307292174,0.08333333333332563,-0.8333333333333488,0.08333333333332563,0.2319801159668609,20.468592587370576,-0.041416442327602,0.4827,INSIDE,-0.740283775447248,0.02072109407378342,0.48147859679730826,0.0,-0.2727272727272452,0.7272727272727548,0.09944064635425785,58.80846323826905,0.124249326982806,0.4835,INSIDE,-0.5757762697923163,0.18648984666389534,0.5691791966918287,1.0,0.6666666666666512,0.0,0.00827300930630726,37.38249858907858
PAPER:NOMUSDT:1790768999999:LONG,NOMUSDT,1790769028672,TRAIN,TRUE_WRONG_DIRECTION,BAD,0.11064,-2.689967494305954,0.0022964592,0.002293,0.002319,2.2884615384615383,6.924783483916915,0.6999999999999994,20.477883333333335,0.13304615384615376,0.9815458511085229,0.15085913650239036,3.4600745356155316,False,False,0.002296,194.0,2.2696929238985364,0.440210374686849,0.6570931243903417,2.500176645825003,3.096747150368462,0.121398817582552,-0.261324041811839,0.00229,BELOW,-1.250539025441999,-0.1308329699084121,0.41280050418674474,0.6551724137931019,-0.27586206896552445,0.06896551724137363,0.5240174671965079,51.625484671692114,0.7404181184669012,0.002313,INSIDE,-0.2587322121604063,0.8722197993894509,0.4990413633653024,0.7999999999999975,0.7142857142857125,0.20000000000000248,0.4755728490661472,47.70666031576922,0.4790940766550511,0.002307,INSIDE,-0.5174644243208237,0.6105538595726268,0.4739576581359846,0.6176470588235317,-0.14705882352940502,0.23529411764706332,0.3164282617802328,96.28102471637106
PAPER:RAYSOLUSDT:1790771699999:LONG,RAYSOLUSDT,1790771766912,TRAIN,RECOVERED_DRAWDOWN,GOOD,1.091233,1.8892798305078624,1.96179228,1.9261,1.963,1.0468277945619242,3.374021764552121,1.9509063444108847,636.1152166666667,0.9672704607046065,0.061562073228271785,1.8530855095789445,2.78277575850181,True,True,1.9634,616.0,0.8062031426517402,0.6856673841997819,0.21904131218837744,1.2284426436583784,1.9698341741401393,0.04296720317330899,0.264846694509524,1.9686000000000001,ABOVE,0.28527763627101965,2.206531332744932,0.6816032397200594,0.8712871287128634,0.5445544554455287,0.12871287128713654,0.33577161431164193,201.0405336677638,0.28521951716411476,1.9690000000000003,ABOVE,0.30565461029037344,2.227298686464896,0.6295760978966182,0.8148148148148376,0.07407407407410606,0.18518518518516233,0.3595733874703909,186.73057832273972,0.43292248140980316,1.9719000000000002,ABOVE,0.45338767193072727,2.3778620009345497,0.6919167022562266,0.7027027027027084,0.4054054054053868,0.2972972972972916,0.18104366345367331,125.6119181386428
PAPER:ARUSDT:1790771699999:LONG,ARUSDT,1790771768697,TRAIN,RIGHT_THEN_FAILURE,RTF,0.814136,-0.4289726440574927,4.315863,4.308,4.319,2.552941176470584,0.8790073595722183,0.3019607843137284,366.1449666666667,0.7148181818182101,0.07268534705573426,0.18252089136490124,2.174837338441926,True,True,4.317,199.0,0.8395522388059629,0.6581285192663504,0.20814061052497654,1.0300105744797339,1.2330000262797958,0.1848332686012218,-0.09265693768821803,4.313,INSIDE,-0.13892104653855375,0.11606313834726656,0.5322646572713218,0.3888888888888752,-0.5555555555555994,0.0555555555555254,0.20403431484163967,75.50822692928391,0.32429928190873536,4.331,ABOVE,0.2778420930771075,0.5338904363974217,0.7412281510152674,1.0,0.8799999999999971,0.0,0.22858462246617658,58.3532735235322,0.3011350474866781,4.33,ABOVE,0.2546885853206726,0.5106778087279551,0.64624252980859,0.8181818181818402,0.18181818181815979,0.18181818181815979,0.13625866049445765,105.2975540140377
PAPER:BARDUSDT:1790771999999:LONG,BARDUSDT,1790772046386,VALIDATION,TRUE_WRONG_DIRECTION,BAD,0.051572,-3.2735492897840524,0.13972794,0.1396,0.1399,3.0563380281690136,1.5640283846424985,0.2957746478873195,1270.7731166666667,0.42646666666665106,0.1231392948325194,0.09164756446990996,1.9523224918366222,True,True,0.1397,200.0,0.1435750179468842,0.7663112612040133,0.07168458780645166,0.8631937376506027,0.6425327683643345,0.09571667863125613,-0.07158196134573469,0.1396,INSIDE,-0.21443888491778917,0.0,0.39765891724922775,0.0,0.0,1.0,0.06446991403366849,19.824655437021804,-0.21474588403721517,0.1394,BELOW,-0.3573981415296634,-0.14326647564469885,0.3234555176190169,0.0,-0.6666666666666975,0.3333333333333025,0.050215208029412206,19.173435947961487,-0.28632784538294986,0.1393,BELOW,-0.42887776983558945,-0.21489971346704273,0.30598799693154644,0.0,-1.0,0.0,-0.007178750896627188,15.576453524997172
PAPER:CFGUSDT:1790772599999:LONG,CFGUSDT,1790772627923,VALIDATION,STALL_NO_EDGE,BAD,0.430945,-8.672879985858525,0.15523104000000001,0.1551,0.1559,1.3124999999999976,0.7679549860912079,0.5833333333333502,455.4654,0.16380000000002867,0.43094473888727336,0.08448742746616222,2.661220333252934,True,True,0.1553,196.0,0.322997416020665,0.8105035047959717,0.12878300063103504,0.9941495864140393,0.868096084753045,0.08588258175655412,0.12878300064391723,0.1555,INSIDE,-0.25657472738935816,0.2578981302385541,0.43821177610855344,0.5999999999999889,0.4000000000000111,0.4000000000000111,0.11575562699807047,17.87764494254767,0.25756600128783447,0.1557,INSIDE,-0.12828736369467908,0.3868471953578423,0.5365872183991858,1.0,0.6666666666666975,0.0,0.13487475913872773,11.449834744951813,0.25756600128783447,0.1557,INSIDE,-0.12828736369467908,0.3868471953578423,0.5254948609310469,0.5000000000000694,0.5000000000000694,0.4999999999999306,0.11560693640462581,22.17647584214628
PAPER:SAHARAUSDT:1790772899999:LONG,SAHARAUSDT,1790772951322,VALIDATION,STALL_NO_EDGE,BAD,0.357129,-5.5547363494610575,0.0095459088,0.00954,0.009572,1.0535455861070895,0.6029667415236463,0.3241678726483433,3250.8553833333335,0.18465000000002432,0.2733233738834828,0.061937106918241724,2.408453766078311,False,False,0.009543,196.0,0.3785488958990779,0.7211777463931163,0.08799497170710505,0.5647730730212075,0.40795982117382,-0.00031764119647892386,0.04191554018653232,0.009547,INSIDE,-0.26117843710824484,0.07337526205450917,0.3402936812030741,0.7142857142856789,0.14285714285703666,0.2857142857143211,0.112077092269091,13.02344390263163,0.06287331027978738,0.009549,INSIDE,-0.24028416213958126,0.09433962264151496,0.2674824102886399,0.3846153846153949,0.15384615384618464,0.6153846153846051,0.08901455648915936,19.890211787464146,0.08383108037306464,0.009551,INSIDE,-0.21938988717091767,0.11530398322852076,0.5429196130030098,0.9375000000000474,0.18750000000007455,0.062499999999952566,0.03873939901193471,16.127206100316986
PAPER:KMNOUSDT:1790773499999:LONG,KMNOUSDT,1790773517004,VALIDATION,RECOVERED_DRAWDOWN,GOOD,3.147508,6.39634007459656,0.044198838,0.04412,0.04424,1.3579676674364811,2.112762537985041,0.3879907621247185,770.2834166666667,0.6569833333333033,0.09312914515988702,0.1786899365367134,2.8028745914089437,True,True,0.04416,227.0,0.9358593928326941,0.6625745210715692,0.2329262776791036,0.5699200045830244,0.9610407142487287,0.2337494611430957,0.31702898550725056,0.0443,ABOVE,0.13562386980108254,0.4079782411604782,0.6381560403065607,0.3333333333333333,0.21428571428571191,0.6666666666666666,0.2957110609185099,30.0366083189783,0.09057971014494459,0.0442,INSIDE,-0.09041591320071429,0.18132366273799772,0.6245890438396494,0.07142857142859267,-0.6428571428571358,0.28571428571427154,0.2126696832366539,17.67026653300874,0.15851449275361418,0.04422999999999999,INSIDE,-0.02260397830020633,0.24932003626472188,0.6407341386682794,0.5714285714285431,0.5714285714285431,0.4285714285714569,0.10852362648700005,38.05799824837833
PAPER:ZAMAUSDT:1790773499999:LONG,ZAMAUSDT,1790773524736,VALIDATION,RIGHT_THEN_FAILURE,RTF,0.554162,-1.778361271977315,0.078375672,0.07832,0.07847,1.0729927007299354,0.5768934513472634,0.19160583941605483,1190.4122833333333,0.3711466666666247,0.120353673012219,0.07108273748721583,5.965718545928378,True,False,0.07839,210.0,0.48793014894708,0.6574023153785336,0.15077945308995486,0.9427687475308755,2.2713936874396157,-0.4175503419423484,-0.2168643959688743,0.07822,BELOW,-0.3185930929017422,-0.12768130745659523,0.6143423525592072,0.12500000000000722,-0.25000000000001443,0.6249999999999784,0.03835336230759152,112.1213252474271,0.02551345834926888,0.07841,INSIDE,-0.0764623422964239,0.11491317671092904,0.6872467534871177,0.8064516129032142,0.6774193548386606,0.19354838709678573,-0.0892743272452519,40.55344080517372,-0.17859420844495988,0.07825,BELOW,-0.2803619217535358,-0.08937691521960778,0.6242932984298555,0.28000000000000225,-0.5999999999999889,0.12000000000000888,-0.0345047923288187,56.67845204662785
PAPER:PENGUUSDT:1790773799999:LONG,PENGUUSDT,1790773922021,VALIDATION,TRUE_WRONG_DIRECTION,BAD,0.075259,-3.3051403450731054,0.0104980992,0.010393,0.010508,1.1488549618320607,3.542637637744767,0.7681297709923683,3612.0337,0.9139060869565181,0.09431040621143971,1.0112498797267389,4.430318204651751,False,True,0.010497,651.0,0.7294366062002178,0.547412846582883,0.2485714285465722,1.1134857333068071,1.3549879971595735,-0.02351222753146734,-0.12384490806895965,0.010484,INSIDE,-0.22839741149599524,0.8755893389781555,0.32529983869135903,0.41935483870970813,-0.5161290322580807,0.06451612903221113,0.15547500952279827,13.950186665303706,-0.18100409640849913,0.010478,INSIDE,-0.2854967643700079,0.8178581737708024,0.3910989532241264,0.7222222222222026,-0.09259259259258842,0.185185185185209,0.03244894063427904,20.021368322745182,-0.32390206725730897,0.010463,INSIDE,-0.42824514655500634,0.6735302607524307,0.3675567787565659,0.39285714285716056,-0.5,0.10714285714283944,-0.03822995316448614,32.61730364968923
PAPER:SQDUSDT:1790780099999:LONG,SQDUSDT,1790780213339,VALIDATION,TRUE_WRONG_DIRECTION,BAD,0.079125,-2.517734461204225,0.030266051999999998,0.03026,0.03041,1.4045307443365616,1.266895391860074,0.6796116504854416,281.889,0.040346666666662756,0.47560877778178856,0.019999999999997797,1.5068103365447172,False,True,0.03026,214.0,0.23201856148491462,0.39139099441127434,0.20171957669940457,0.5172009362106156,1.4683414314939913,-0.1434333737666142,-0.23132848645075477,0.03019,BELOW,-0.7234462347911808,-0.23132848645075477,0.12632882209793792,0.0,-0.5555555555555342,0.44444444444446585,0.026498840673071775,119.40001478233677,-0.2974223397224085,0.03017,BELOW,-0.7892140743176568,-0.2974223397224085,0.16767029830484875,0.0,-1.0,0.0,-0.043089161414319406,135.0638447021904,-0.33046926635822427,0.03016,BELOW,-0.8220979940808948,-0.33046926635822427,0.35983284834540163,0.6666666666666666,-0.3333333333333333,0.0,-0.08952254641014569,97.05162758324343
PAPER:REZUSDT:1790780699999:LONG,REZUSDT,1790780718257,VALIDATION,TRUE_WRONG_DIRECTION,BAD,0.215856,-1.2711215477254891,0.004663932599999999,0.004656,0.004678,1.3452513966480468,3.7276538673034367,0.3441340782122819,95.3043,0.360572727272686,0.3016209968385919,0.1703737113401882,2.87166671319391,True,True,0.004664,193.0,0.47342371422423035,0.869156141274464,0.20132790745470192,0.9927026222056767,2.2041048339789704,0.0998687111057143,-0.21440823327615322,0.004654,BELOW,-0.5130397605814352,-0.04295532646049205,0.29298494798690294,0.06250000000000677,-0.9374999999999932,0.0,0.06231198968006097,33.50959151469611,-0.19296740994853012,0.004655,BELOW,-0.49166310389053836,-0.021477663230240474,0.38315607313561184,0.7500000000000542,0.25000000000005423,0.2499999999999458,-0.0021482277119210854,44.42300190072109,-0.08576329331045907,0.00466,INSIDE,-0.3847798204360764,0.0859106529209619,0.4544710260326023,0.9285714285714197,0.35714285714283944,0.07142857142858028,-0.017167381972530742,45.55809148428584
PAPER:KMNOUSDT:1790782499999:LONG,KMNOUSDT,1790782536609,VALIDATION,TRUE_WRONG_DIRECTION,BAD,0.068073,-2.2695859198563486,0.045419082,0.04513,0.04559,1.7785843920145346,5.056579151995598,1.1687840290381,80.61016666666667,0.6284391304347807,0.3763131980518697,0.6405539552404083,1.5832156184926949,True,False,0.04541,229.0,0.3535130357931848,0.6594924896498853,0.1849405548031705,0.9709777394796726,1.2747717994891716,0.014437453677410936,-0.08808632459810228,0.04537,INSIDE,-0.48256196534327556,0.5317970307999076,0.37329908358789227,0.0,-0.6250000000000434,0.37499999999995665,0.06612298875247997,24.782499531292963,-0.30830213609337465,0.04527,INSIDE,-0.7019083132265846,0.3102149346332794,0.3195956737676583,0.0,-1.0,0.0,-0.028716589349900196,27.872143069153363,-0.22021581149526126,0.04531,INSIDE,-0.6141697740732477,0.3988477730999307,0.35573182879037946,0.7500000000000867,0.7500000000000867,0.24999999999991326,-0.05517545795078201,33.907502857330826
PAPER:REDUSDT:1790782499999:LONG,REDUSDT,1790782547070,VALIDATION,RECOVERED_DRAWDOWN,GOOD,4.648331,5.574087663012163,0.17993598,0.1792,0.181,1.0610526315789446,11.363475882153145,0.5305263157894723,35.78451666666667,0.4088777777777771,0.5913325394954372,0.4107031250000004,1.576105012460538,False,False,0.18,190.0,0.3904071388733943,0.7161023069610187,0.23333333331000053,1.1337205022770913,1.129647975120751,0.14841581907562387,0.11111111111110628,0.18019999999999997,INSIDE,-0.44198895027625085,0.5580357142856984,0.47191011235955055,1.0,0.3333333333333025,0.0,0.13318534959822492,12.696572931017329,-0.22222222222221255,0.1796,INSIDE,-0.7734806629834168,0.22321428571430157,0.5440103315750984,0.0,-0.7499999999999913,0.25000000000000866,0.061247216029511,26.33658701552245,0.22222222222223476,0.1804,INSIDE,-0.33149171270717703,0.6696428571428603,0.3633859178153812,0.9285714285714356,0.5000000000000099,0.07142857142856435,0.07760532150000223,21.989213618601333
PAPER:EDENUSDT:1790782499999:LONG,EDENUSDT,1790782575942,VALIDATION,RECOVERED_DRAWDOWN,GOOD,1.628026,1.9153474028045427,0.061892376,0.06184,0.06203,2.2287480680061704,2.094129314542669,0.41112828438949506,96.26571666666666,0.275663157894732,0.22236018213293018,0.08469598965070713,1.7488034390536145,False,False,0.06182,660.0,0.24279702168985562,0.5989516345772086,0.09688357822380048,0.7425837248766998,0.8391685969212026,-0.0001307891734988048,0.03235198964737229,0.061840000000000006,INSIDE,-0.3063034015798771,2.220446049250313e-14,0.031898212445678954,0.25,-0.75,0.0,0.03719275549433928,30.143696378694067,0.2588159171789117,0.06198,INSIDE,-0.08060615831049223,0.22639068564036524,0.43539879990136177,1.0,0.7619047619047572,0.0,0.045175863177154316,22.503186178401084,0.2911679068262618,0.06199999999999999,INSIDE,-0.04836369498630866,0.2587322121603952,0.45875158340695954,0.7999999999999907,0.20000000000000925,0.20000000000000925,0.04677419354371057,22.46206093940506
PAPER:EPICUSDT:1790782799999:LONG,EPICUSDT,1790782818210,VALIDATION,RIGHT_THEN_FAILURE,RTF,0.759575,-2.4543693556167168,0.56441286,0.5644,0.5717,1.8492537313432884,3.046700070736376,0.7626865671641762,160.30351666666667,0.001761643835616914,1.2911009858988631,0.002278525868182335,3.3508910480884557,True,True,0.5643,266.0,1.0900643316654746,0.812692934736196,0.3871309881175521,1.2653237726317768,1.618085207049591,-0.22173679173767002,-0.19493177387913674,0.5632,BELOW,-1.4867937729578395,-0.2126151665485465,0.3395798526471474,0.09836065573771238,-0.4098360655737621,0.49180327868852547,0.15802556816601793,51.850568864317296,-0.05316321105796051,0.564,BELOW,-1.3468602413853503,-0.07087172218286364,0.3700056619674945,0.7999999999999734,0.27999999999997516,0.20000000000002666,-0.030141843968615672,50.62124422831812,-0.21265284423178654,0.5631,BELOW,-1.504285464404398,-0.23033309709424854,0.3986547360903874,0.320000000000016,-0.27999999999997516,0.4000000000000089,-0.09412182559882544,86.64469443741216
PAPER:RUNEUSDT:1790783399999:LONG,RUNEUSDT,1790783424774,VALIDATION,TRUE_WRONG_DIRECTION,BAD,0.104326,-3.371792431491302,0.80436084,0.8037,0.8061,2.657785179017478,0.6551125654199795,0.27976686094921704,110.41291666666666,0.2753499999999904,0.21621639362752187,0.08222471071295256,2.4442811015016663,True,True,0.8043,191.0,0.8530924601680923,0.23266646313025585,0.26371439231098254,0.681208950595491,1.099923645368306,-0.2843641533893641,-0.08703220191471628,0.8036,BELOW,-0.31013521895547624,-0.012442453651861918,0.48710869142523816,0.11111111111109741,-0.2222222222222565,0.6666666666666461,0.2103036336275486,44.03664793090611,-0.497326868084047,0.8003,BELOW,-0.7195137079766822,-0.4230434241632386,0.38666263115415656,0.09523809523808517,-0.7857142857142819,0.11904761904763289,0.0037485942767707977,54.51586588271858,-0.9573542210618013,0.7966,BELOW,-1.1785138320307698,-0.883414209282074,0.2977601705205594,0.5196078431372527,-0.3627450980392197,0.1176470588235275,-0.22847100173462068,39.476550307830486
PAPER:SUSHIUSDT:1790783399999:LONG,SUSHIUSDT,1790783430518,VALIDATION,TRUE_WRONG_DIRECTION,BAD,0.197509,-3.303880911634815,0.27585516,0.2752,0.2768,0.9219512195121913,3.518298057265972,0.5463414634146325,335.50865,0.409474999999995,0.3425130782400476,0.23806686046510261,1.9050432118072336,False,True,0.2758,207.0,0.8046817849305166,0.5797760965190746,0.26124818575036635,0.6603518308430534,1.075566426537522,-0.12287842443419184,0.03625815808556698,0.2759,INSIDE,-0.32514450867052735,0.25436046511626564,0.4705132435432102,0.5,0.2999999999999667,0.5,0.23559260599311363,19.02587809070849,-0.14503263234227903,0.2754,INSIDE,-0.5057803468208166,0.07267441860463464,0.4697715724627906,0.0,-0.8333333333332716,0.16666666666672836,0.1198257080490165,25.18775315687674,-0.5076142131979711,0.2744,BELOW,-0.8670520231213952,-0.29069767441861627,0.4533098844058941,0.13333333333331854,-0.7333333333333629,0.13333333333331854,-0.06559766763192709,23.987585026044947
PAPER:GRTUSDT:1790784299999:LONG,GRTUSDT,1790784336983,VALIDATION,TRUE_WRONG_DIRECTION,BAD,0.281552,-1.2845454200044444,0.029845967999999997,0.02981,0.02994,3.353293413173641,1.2683172750983842,0.5449101796407244,140.6164,0.27667692307689906,0.3150576319052689,0.12065749748406684,3.6720805972853543,True,True,0.02984,199.0,0.8465966813410164,0.7428203011728773,0.23169912690765598,0.8459986962087829,1.0064498259033883,-0.08031464075206607,0.06702412868633267,0.02986,INSIDE,-0.2672010688042792,0.16772895001677668,0.6497851350066443,0.8000000000000069,0.7000000000000104,0.19999999999999307,0.2612190220770271,9.870744739123428,0.16756032171583168,0.029890000000000003,INSIDE,-0.16700066800267033,0.2683663200268471,0.532815628324663,0.6363636363636478,0.2727272727272641,0.36363636363635216,0.20073603209769264,11.274554403482055,-0.23458445040213105,0.02977,BELOW,-0.5678022712090836,-0.13418316001341246,0.5111961878454441,0.0,-0.8571428571428606,0.14285714285713932,0.07054081289183804,13.657197466975006
PAPER:MONUSDT:1790784599999:LONG,MONUSDT,1790784623103,VALIDATION,TRUE_WRONG_DIRECTION,BAD,0.261044,-6.389789268077435,0.028465691999999997,0.02828,0.02847,1.4351464435146468,3.757526241630531,0.5564853556485333,115.38506666666666,0.9773263157894658,0.015134007632777724,0.6566195190947477,3.532996844060554,True,True,0.02844,197.0,0.7795889440113557,0.2918892759276075,0.22855133612341813,1.1659808952285688,2.270594415679583,-0.08374462980487901,0.07032348804500987,0.02846,INSIDE,-0.035124692658938805,0.6364922206506307,0.4407260776680758,0.5555555555555342,0.22222222222221366,0.44444444444446585,0.26704146167392845,48.35494121463361,0.31645569620253333,0.02853,ABOVE,0.21074815595363283,0.8840169731258785,0.5388134000155734,0.909090909090912,0.45454545454547174,0.09090909090908804,0.28391167189589844,35.04740917167446,-0.9493670886075889,0.02817,BELOW,-1.0537407797681753,-0.38896746817538297,0.4893178175345234,0.027027027027026012,-0.9459459459459479,0.027027027027026012,-0.12424565138977499,42.91786754792398
PAPER:CETUSUSDT:1790784899999:LONG,CETUSUSDT,1790784984629,VALIDATION,STALL_NO_EDGE,BAD,0.394143,-7.586976007456409,0.028975794,0.02893,0.02909,3.635087719298253,4.709348213656188,0.7859649122807043,151.4105,0.28621249999998866,0.3941427800045805,0.15829243000344828,2.884455901363736,True,True,0.02897,223.0,1.2914485165794076,0.8945386913048441,0.382494831112682,0.850951616806972,1.6197135631050852,-0.08470137274638745,0.034518467380051376,0.02898,INSIDE,-0.3781368167755317,0.1728309713100451,0.5722589905111235,0.21428571428570367,-0.28571428571429636,0.5,0.3519668736708075,31.33430972629736,-0.2761477390403888,0.02889,BELOW,-0.6875214850464162,-0.13826477704805828,0.4901988636363636,0.09090909090908804,-0.8181818181818239,0.09090909090908804,0.17999307717133706,35.1244246730308,-0.37970314118053183,0.02886,BELOW,-0.7906497078033703,-0.24196335983408535,0.4582619081688973,0.0,-0.8333333333333429,0.16666666666665703,-0.08662508661642539,54.92537895592087
PAPER:RECALLUSDT:1790786699999:LONG,RECALLUSDT,1790786717932,VALIDATION,TRUE_WRONG_DIRECTION,BAD,0.0405,-2.9140680461123827,0.049589916,0.04958,0.04967,1.9890710382513577,1.3198323919495114,0.22950819672131118,0.29888333333333333,0.11017777777776362,0.1614925098885056,0.019999999999997797,1.9357080580656771,True,True,0.04958,295.0,0.5682971382179769,0.5522747050998877,0.21392532793016847,0.44191666085768855,0.5715009905602142,-0.1894323794059923,-0.02016942315449244,0.04957,BELOW,-0.20132876988120385,-0.02016942315449244,0.22363690832834032,0.7500000000000867,0.5000000000001735,0.24999999999991326,0.12507565058261094,52.48417144218304,-0.02016942315449244,0.04957,BELOW,-0.20132876988120385,-0.02016942315449244,0.22744080940886446,0.5000000000000867,0.0,0.4999999999999133,0.020173492029456674,62.39399373266545,0.0,0.04958,INSIDE,-0.18119589289309346,0.0,0.20738236122851508,0.7499999999999566,0.0,0.25000000000004335,0.016135538521986813,68.94305557109294
PAPER:GRIFFAINUSDT:1790786699999:LONG,GRIFFAINUSDT,1790786837984,VALIDATION,RECOVERED_DRAWDOWN,GOOD,1.563262,2.2377543969770617,0.0166113216,0.016596,0.016633,2.1742424242424194,1.6511488261146061,0.3924242424242286,197.29975,0.41409729729730405,0.13050376437235833,0.09232104121474904,2.126992713210718,True,True,0.016613,280.0,0.1448051164474773,0.6719334734035715,0.07892517169954578,0.6346549870619222,1.0549714245197905,0.12675727816166363,-0.03611629446818032,0.016607,INSIDE,-0.15631575783080498,0.06628103157386711,0.28584070796460176,0.25,-0.5833333333334297,0.1666666666665703,0.06262419461046959,10.986965075583782,-0.05417444170227048,0.016604,INSIDE,-0.17435219142666325,0.048204386599182136,0.5895799599961901,0.3333333333333333,-0.09999999999998843,0.5666666666666782,0.07588532882883918,14.436590177463563,-0.15650394269547396,0.016587,BELOW,-0.2765586484698934,-0.054229934924066026,0.5167621255511614,0.0,-1.0,0.0,0.02532103454259382,8.634483468881067
PAPER:MERLUSDT:1790793299999:LONG,MERLUSDT,1790793329712,VALIDATION,TRUE_WRONG_DIRECTION,BAD,0.163454,-2.248010073061824,0.03270654,0.03266,0.03292,2.2428035043804813,8.637619106943456,0.4555694618272777,95.49521666666666,0.17899999999999364,0.6526523441489074,0.14249846907532504,2.588289681513234,False,False,0.03272,207.0,0.09188361408882795,0.35181013778197007,0.05813953487790779,0.8057502948790152,2.4799575910830542,0.1533083640754329,-0.4889975550122272,0.03256,BELOW,-1.0935601458080146,-0.30618493570117034,0.17296233718474785,0.1304347826086786,-0.5217391304348049,0.3478260869565165,-0.039926289922296736,29.684415784726117,-0.15281173594132724,0.03267,INSIDE,-0.7594167679222386,0.030618493570111482,0.34514115858168837,0.6111111111111068,0.6111111111111068,0.38888888888889317,0.0061218243030279305,23.256600735422243,-0.24449877750610804,0.03264,BELOW,-0.8505467800728916,-0.06123698714023407,0.3873603064464725,0.666666666666718,-0.3333333333332819,0.0,0.00919117646966768,15.398499738525317
PAPER:ORCAUSDT:1790796899999:LONG,ORCAUSDT,1790796918747,VALIDATION,STALL_NO_EDGE,BAD,0.465934,-3.9839849466315096,1.6463291999999998,1.646,1.656,1.1155378486055803,1.655829654206783,0.5577689243027901,125.31246666666667,0.03291999999999182,0.5874159311515692,0.019999999999997797,2.3281613422151404,False,True,1.647,368.0,0.6127450980392135,0.45671167022391806,0.20706455539951166,1.0114015129498277,1.0683441755819811,-0.08229714650087594,0.12143290831816422,1.6490000000000002,INSIDE,-0.4227053140096415,0.18226002430135058,0.5502132982647464,0.7000000000000111,0.7000000000000111,0.2999999999999889,0.24257125528199064,40.27630626124008,-0.12143290831815312,1.645,BELOW,-0.6642512077294604,-0.06075334143377242,0.4761994088932798,0.0,-0.6666666666666666,0.3333333333333333,0.1641337385854125,56.52452263811175,-0.12143290831815312,1.645,BELOW,-0.6642512077294604,-0.06075334143377242,0.5156036278049562,0.6666666666666914,-0.33333333333330867,0.0,0.07902735561519966,42.10100036796772
PAPER:MAGICUSDT:1790798699999:LONG,MAGICUSDT,1790798715260,VALIDATION,TRUE_WRONG_DIRECTION,BAD,0.235148,-2.406390978457602,0.054870972,0.05485,0.0552,1.0972615675165305,0.45321863812083174,0.4627006610009391,4175.25435,0.05991999999998382,0.5996394596399668,0.03823518687326999,2.7901310004131097,False,False,0.05484,216.0,1.033591731266137,0.5765184918924379,0.4329557909687609,1.316302638093192,3.4579796923756065,-0.6178043974567264,-0.20058351568198463,0.05473,BELOW,-0.8514492753623149,-0.21877848678213407,0.6079538010715297,0.3249999999999974,-0.04999999999999827,0.6250000000000043,0.22839393383427753,178.48359696247493,-0.364697301239969,0.05464,BELOW,-1.0144927536231862,-0.3828623518687402,0.5697654552331063,0.7627118644067776,-0.0847457627118668,0.15254237288135553,-0.01098096632393806,270.88265802978304,-0.2552881108679794,0.0547,BELOW,-0.9057971014492794,-0.27347310847767314,0.5508823964955076,0.5517241379310386,0.20689655172413052,0.4482758620689614,-0.08775137110639876,296.1777044461936
PAPER:TRBUSDT:1790799899999:LONG,TRBUSDT,1790799920369,RESERVE,TRUE_WRONG_DIRECTION,BAD,0.251714,-2.283669836878808,21.3462684,21.346,21.422,1.7182216656230458,2.2991337497047497,0.22208307242746964,1045.3395,0.0035315789473618496,0.3547767627619658,0.0012573784315517145,3.6646611264383733,True,True,21.341,199.0,0.6686443471300318,0.7773737943563895,0.2974881893149365,1.2811559810430806,1.5997537965323438,0.020940935727131738,-0.07028724052293711,21.326,BELOW,-0.4481374288115014,-0.0936943689684222,0.45528455284552843,0.18103448275862807,-0.4310344827586281,0.38793103448274385,0.13504642219413268,52.949833362193296,-0.05154397638350572,21.33,BELOW,-0.42946503594436525,-0.07495549517474442,0.4322007840725651,0.3265306122448654,-0.10204081632658388,0.5714285714285507,0.05672761368396563,85.82018352126548,-0.1452602970807515,21.31,BELOW,-0.5228270002800905,-0.16864986414316663,0.3488810153832354,0.48275862068963404,-0.24137931034483745,0.2758620689655285,-0.03894885030113049,83.47977727858972
PAPER:STXUSDT:1790799899999:LONG,STXUSDT,1790799932481,RESERVE,RIGHT_THEN_FAILURE,RTF,0.775019,-1.4975755328780491,0.36477294,0.3636,0.3666,1.635789473684209,3.6343764511234755,0.4421052631578947,70.54136666666666,0.3909800000000034,0.5008759695826148,0.3225907590759025,1.610026226177852,True,False,0.3648,196.0,1.1111111111111072,0.673482026625345,0.3956043955648358,1.0438473885604482,1.1343953006177188,-0.15010605318976172,0.21929824561401912,0.3656,INSIDE,-0.2727768685215515,0.5500550055005604,0.6440443243080509,0.7272727272727212,0.48484848484848636,0.27272727272727887,0.37472647698659717,17.146620544653146,0.13706140350877583,0.3653,INSIDE,-0.35460992907800915,0.46754675467548523,0.5702313221817191,0.5,-0.4000000000000111,0.0999999999999889,0.2737476046810842,24.644321118325202,0.0,0.3648,INSIDE,-0.49099836333877933,0.33003300330034513,0.542585814209874,0.12500000000000433,-0.2187499999999946,0.6562500000000011,0.12335526314555932,34.24341564234445
PAPER:SIGNUSDT:1790800499999:LONG,SIGNUSDT,1790800532266,RESERVE,TRUE_WRONG_DIRECTION,BAD,0.173732,-1.5949580308384936,0.0123884772,0.012368,0.012391,1.2462121212121302,2.3816358149665198,0.3049242424242265,5.5377833333333335,0.8903130434782606,0.020364084780322145,0.16556597671408824,1.0612862087682529,False,False,0.012386,191.0,0.7551766138855109,0.4599405589520882,0.16521598966755482,0.4732070184789494,0.7041797200378341,0.08791541303282041,0.032294526077825125,0.012389999999999998,INSIDE,-0.00807037365830876,0.17787839586027587,0.27468927937304843,0.3333333333333815,-0.6666666666666184,0.0,0.16061339788547316,16.88756841406874,0.0888099467140302,0.012397,ABOVE,0.048422241949808154,0.23447606727036163,0.2855412476047696,1.0,1.0,0.0,0.0806646769299019,18.497257225454085,0.1291781043113227,0.012402,ABOVE,0.08877411024130755,0.2749029754204324,0.6122604091165338,0.5294117647059123,0.5294117647059123,0.4705882352940876,0.049185615218431344,36.92300862027738
PAPER:PUNDIXUSDT:1790804099999:LONG,PUNDIXUSDT,1790804131314,RESERVE,TRUE_WRONG_DIRECTION,BAD,0.084025,-1.709240098758987,0.12497499000000001,0.12497,0.12538,1.7785843920145168,0.4503347111576702,0.5208711433756725,35.52191666666667,0.012170731707342295,0.3240728404939164,0.003992958309995132,1.0442009237208172,False,False,0.12495,193.0,1.2474686107735833,0.28776620094150535,0.3640291222933855,0.7564043458503589,0.9904000408730795,-0.45581007435255466,-0.016006402561030697,0.12493,BELOW,-0.3589089168926418,-0.03200768184363767,0.7261018313543972,0.0,-0.400000000000037,0.599999999999963,0.2921636115932923,71.10480360727024,0.03201280512203919,0.12498999999999999,INSIDE,-0.3110543946402977,0.016003840921818835,0.6533998424783408,0.3333333333333719,-0.16666666666674376,0.49999999999988437,0.10160812864013177,147.67729081854503,0.03201280512203919,0.12498999999999999,INSIDE,-0.3110543946402977,0.016003840921818835,0.613067613067613,0.4000000000000278,0.0,0.5999999999999722,-0.00800064005040537,141.6914116992928
PAPER:BICOUSDT:1790804399999:LONG,BICOUSDT,1790804448978,RESERVE,TRUE_WRONG_DIRECTION,BAD,0.345896,-2.777532599609989,0.021864372,0.02181,0.02188,1.4227642276422754,1.8856581286560454,0.3983739837398403,25.816316666666665,0.7767428571428567,0.0714770129231157,0.24929848693260315,1.2091451791983676,False,False,0.02186,209.0,0.7359705611775569,0.48780037230497186,0.14611872144657573,0.5427262426499713,1.130867867988783,-0.24532352039251895,0.0,0.02186,INSIDE,-0.0914076782449702,0.22925263640531934,0.7447963201959032,0.0,-0.6666666666666666,0.3333333333333333,0.1235132662273572,31.981563566731158,0.0,0.02186,INSIDE,-0.0914076782449702,0.22925263640531934,0.7375157795848868,0.0,-0.3333333333333333,0.6666666666666666,-0.02744739249496686,35.50806775825939,-0.045745654162854255,0.02185,INSIDE,-0.13711151736744975,0.18340210912426436,0.7079334583375668,0.0,-1.0,0.0,-0.06407322653821249,32.99155062841994
PAPER:NEARUSDT:1790806799999:LONG,NEARUSDT,1790806815983,RESERVE,TRUE_WRONG_DIRECTION,BAD,0.129451,-1.7896506040720117,5.3530704,5.329,5.395,0.7798742138364694,0.7303228701286856,0.83018867924528,35.2664,0.3647030303030353,0.7832813108529235,0.4516869956840086,1.7386358303825067,False,False,5.351,190.0,0.8301886792452917,0.5267682544344572,0.20022455087818153,0.9889457914020294,1.9333623929259747,-0.14556973212989838,-0.14950476546440328,5.343,INSIDE,-0.9638554216867434,0.26271345468193985,0.18738941132030457,0.26666666666664296,-0.13333333333332148,0.6000000000000355,0.177802732529479,134.6519993096033,-0.13081666978134177,5.344,INSIDE,-0.9453197405004499,0.28147870144492604,0.24260565659180636,0.666666666666716,0.0,0.33333333333328397,0.044910179636229244,66.9430958988563,0.0,5.351,INSIDE,-0.8155699721964726,0.41283542878589596,0.3459620798426212,0.3750000000000139,0.3750000000000139,0.6249999999999861,0.052326667907307924,160.6043993562788
PAPER:XNYUSDT:1790807099999:LONG,XNYUSDT,1790807198760,RESERVE,RIGHT_THEN_FAILURE,RTF,0.697942,-0.23255427185415486,0.006964392599999999,0.006947,0.007016,1.4845024469820527,7.474121004928315,1.575856443719402,206.64601666666667,0.2520666666666549,0.7410179604177003,0.2503613070389932,1.0107500257811264,True,True,0.006962,211.0,0.36002304147466635,0.08275106358693433,0.17506098434180145,0.524483518606611,0.9318228833642861,-0.10565636017007367,0.014363688595220303,0.006963,INSIDE,-0.7554161915621416,0.23031524399019787,0.7479931890051082,1.0,1.0,0.0,0.05744650293838878,98.8132798988375,0.07181844297614592,0.006966999999999999,INSIDE,-0.6984036488027479,0.28789405498774734,0.4714084402581028,0.0,-1.0,0.0,-0.007176690109804311,91.1351024329364,0.07181844297614592,0.006966999999999999,INSIDE,-0.6984036488027479,0.28789405498774734,0.4714084402581028,0.0,0.0,0.0,-0.0057413520878434494,83.99624603808526
PAPER:GWEIUSDT:1790811299999:LONG,GWEIUSDT,1790811323183,RESERVE,RIGHT_THEN_FAILURE,RTF,0.875882,-0.1666612186075226,0.022324464,0.02226,0.02234,2.8269230769230727,0.5957832973917653,0.3589743589743602,155.3864,0.8058000000000002,0.06959181640373568,0.2895956873315342,1.9013401620751047,False,False,0.02232,194.0,0.6300630063006407,0.7060546333992932,0.16100178889266664,0.6019655290692372,1.0190764787863127,0.059037293863917206,0.0,0.02232,INSIDE,-0.08952551477170445,0.26954177897573484,0.13474762166604584,0.16666666666665703,-0.4999999999999711,0.3333333333333719,0.13440860213709752,13.038733523679948,-0.08960573476701761,0.0223,INSIDE,-0.1790510295434089,0.17969451931716396,0.09600462936004192,0.0,-0.6666666666666666,0.3333333333333333,0.044843049322871247,15.543275550722827,0.26881720430107503,0.02238,ABOVE,0.1790510295434311,0.5390835579514919,0.4760605647251398,0.8000000000000069,0.8000000000000069,0.19999999999999307,0.044682752453082834,20.568374568934487
PAPER:BROCCOLIF3BUSDT:1790813099999:LONG,BROCCOLIF3BUSDT,1790813120323,RESERVE,TRUE_WRONG_DIRECTION,BAD,0.144175,-2.2482608602800322,0.0073094616,0.007297,0.007318,4.869565217391294,21.75799293560876,0.3873517786561298,185.33873333333332,0.5934095238095316,0.11681298113666028,0.17077703165684355,4.288436237218896,True,False,0.007308,192.0,1.3594118463032379,0.8352282213667894,0.41740796492336196,0.7725372426188981,1.94414529402418,0.028160847711911074,-0.041050903119876914,0.007305,INSIDE,-0.17764416507242142,0.1096340962039255,0.7685036247052861,0.11764705882354141,0.0,0.8823529411764586,0.268309377112115,520.6805155830402,-0.23262178434593217,0.007291,BELOW,-0.36895326591964706,-0.08222557215293858,0.6298443526219403,0.0,-0.4827586206896531,0.5172413793103469,0.012343985734604756,270.30647927555896,0.6157635467980205,0.007352999999999999,ABOVE,0.47827275211804743,0.7674386734274341,0.8527422669080761,0.9696969696969657,0.9545454545454617,0.030303030303034287,0.1985584115128523,328.21713731760525
PAPER:ESPUSDT:1790814299999:LONG,ESPUSDT,1790814322463,RESERVE,RECOVERED_DRAWDOWN,GOOD,0.955053,0.689338653743385,0.106661328,0.10646,0.10684,1.1076672104404508,0.701333282794303,0.43393148450245134,355.3744,0.5298105263157836,0.1675133840448817,0.1891114033439889,1.9419671954581275,True,True,0.10662,198.0,0.404173324560575,0.6673768287958276,0.29395244333327,0.56616798141369,1.2073049392999857,0.043461810003756846,-0.26261489401613325,0.10634,BELOW,-0.46798951703481695,-0.11271839188427002,0.7012306289881495,0.01639344262296723,-0.7540983606557418,0.22950819672129097,0.011284558960692963,192.5144975769658,-0.3751641343087697,0.10622,BELOW,-0.5803070011231815,-0.22543678376855114,0.6411990851136309,0.1714285714285499,-0.45714285714289227,0.37142857142855784,-0.0988514403968188,245.61473324791314,-0.01875820671544126,0.1066,INSIDE,-0.2246349681767179,0.13150479053165576,0.7260499006004589,0.6896551724137923,0.6896551724137923,0.31034482758620774,-0.06191369605384689,201.11698907194605
PAPER:ENSUSDT:1790816999999:LONG,ENSUSDT,1790817034438,RESERVE,STALL_NO_EDGE,BAD,0.447796,-5.977342788212493,7.0544106,7.054,7.069,1.0796915167095187,0.7781049923110168,0.2699228791773717,445.57398333333333,0.027373333333299492,0.20681245857734343,0.005820810887424699,1.0264585392860348,False,False,7.053,191.0,0.34153977515298806,0.8269532478976859,0.08225783575975142,0.34647919272641214,0.5657845612910384,0.1991424536657534,0.042535091450446316,7.056,INSIDE,-0.18390154194369845,0.02835270768357656,0.5279916481795642,0.8571428571428209,0.8571428571428209,0.1428571428571791,0.12329931971556087,15.607369548495479,-0.056713455267254353,7.049,BELOW,-0.28292544914414464,-0.0708817692089525,0.3735574510787757,0.0,-0.8888888888889437,0.11111111111105629,0.11490991628869399,12.189792582402239,0.05671345526727656,7.057000000000001,INSIDE,-0.16975526948647124,0.04252906152539815,0.39895557029177725,1.0,0.7142857142857687,0.0,0.07651976759898138,17.73053358377655
PAPER:FETUSDT:1790816999999:LONG,FETUSDT,1790817048543,RESERVE,TRUE_WRONG_DIRECTION,BAD,0.277944,-3.3948460893176797,0.23494698,0.2347,0.236,0.9078498293515289,2.0734400606611127,0.621160409556312,2200.8090666666667,0.189984615384622,0.44819473738286764,0.10523221133362792,3.2122055793183724,True,True,0.2348,671.0,0.34290612944705146,0.7298720106695071,0.08116189661725812,0.6832596217820397,0.5685360702449627,0.1856122670480742,0.2129471890971013,0.2353,INSIDE,-0.29661016949151797,0.2556455048998707,0.6283965478950563,0.9166666666666763,0.9166666666666763,0.0833333333333237,0.20824479385932915,14.173924366595852,-0.12776831345827633,0.2345,BELOW,-0.6355932203389814,-0.0852151682999569,0.5816097951686838,0.0,-0.7272727272727364,0.27272727272726355,0.1918976545650322,10.172194661371625,-0.34071550255536653,0.234,BELOW,-0.8474576271186307,-0.29825308904983805,0.5531889995235517,0.10000000000001666,-0.49999999999997224,0.4000000000000111,0.06837606836923153,12.54240900961819
PAPER:PENDLEUSDT:1790817899999:LONG,PENDLEUSDT,1790817936239,RESERVE,RECOVERED_DRAWDOWN,GOOD,0.738276,0.03335115904007102,2.41338258,2.4071,2.426,3.5117933358292612,4.611849778399813,0.9906402096593221,700.604,0.3324116402116417,0.5228106022046486,0.26100203564456415,1.4826733356134492,False,True,2.4129,198.0,0.35373923176162947,0.9546900067726743,0.10989466698743641,0.3633070428678886,0.5483684198030803,-0.018286676257598763,-0.058021467943136784,2.4115,INSIDE,-0.5976916735366822,0.1827925719745993,0.6956665564009262,0.2903225806452121,0.0,0.7096774193547879,0.07754509640526985,17.73413480156516,0.41858344730407726,2.423,INSIDE,-0.12366034624897715,0.660545885089947,0.7649200636142964,0.6647398843930681,0.6647398843930681,0.335260115606932,0.11844820469306898,13.280338078750313,0.6299473662398025,2.4281,ABOVE,0.08656224237428845,0.8724190935150311,0.5712461848431047,0.776978417266196,0.359712230215851,0.22302158273380399,0.20509863677369436,13.435269919938767
PAPER:ETHFIUSDT:1790817899999:LONG,ETHFIUSDT,1790817991460,RESERVE,TRUE_WRONG_DIRECTION,BAD,0.132879,-2.381648311966055,0.78495696,0.7847,0.7854,1.6842105263157923,0.7721110328864667,0.10526315789474223,56.52435,0.3670857142858162,0.056441311126143034,0.032746272460815185,1.8162728310606946,True,False,0.7848,294.0,0.5895924122020002,0.5371470134949523,0.16692150864793862,0.7135518901850046,0.9857802369502955,-0.20927128056115554,-0.03822629969419955,0.7845,BELOW,-0.11459129106188293,-0.0254874474321376,0.6291218731804799,0.47058823529412147,-0.2352941176470934,0.2941176470587851,0.16826003822409166,11.992212470125551,-0.2420998980631972,0.7829,BELOW,-0.3183091418385464,-0.2293870268892495,0.4927496110687181,0.1153846153846433,-0.6153846153845792,0.26923076923077743,0.06386511686677741,19.2980024506622,-0.2420998980631972,0.7829,BELOW,-0.3183091418385464,-0.2293870268892495,0.45284099399937616,1.0,0.07692307692306379,0.0,-0.0753608379027975,14.794476213104403
PAPER:AVAAIUSDT:1790819399999:LONG,AVAAIUSDT,1790819488744,RESERVE,RIGHT_THEN_FAILURE,RTF,0.552136,-1.9705032527113346,0.009787957199999999,0.009786,0.009814,2.0013879250520414,2.8159975561900064,0.27203331020125127,276.47908333333334,0.06989999999998325,0.2660698189403732,0.019999999999997797,2.1348397395934526,True,False,0.009786,193.0,2.1897810218978186,0.22883397101565361,0.7071428570721439,1.030934252595217,2.386368309557363,-0.8013045947368217,0.0,0.009786,INSIDE,-0.28530670470756636,0.0,0.24164914934089327,0.31034482758620485,-0.5517241379310242,0.137931034482771,0.49151849576118994,702.9044222155825,-0.1021867974657642,0.009776,BELOW,-0.3872019563888274,-0.1021867974657642,0.32830100765448006,0.5454545454545526,-0.45454545454544737,0.0,0.11149754499703504,1265.2045965705145,-0.04087471898629458,0.009782,BELOW,-0.3260648053800552,-0.04087471898629458,0.4943559240182537,0.7000000000000347,0.4500000000000347,0.2999999999999653,-0.07564915149519288,1322.5870938331755
PAPER:INXUSDT:1790820599999:LONG,INXUSDT,1790820631314,RESERVE,TRUE_WRONG_DIRECTION,BAD,0.222003,-2.7630757691822754,0.0057851568,0.005778,0.005788,1.4842406876791048,0.4964897728292589,0.40114613180514086,10.521916666666666,0.7156800000000046,0.049146463929905515,0.12386292834889456,0.5904213348201681,False,False,0.005784,196.0,0.6078499478985755,1.0,0.14672881061885332,0.5804718037649037,0.5653944788605703,0.2482243425506514,-0.051867219917023366,0.005781,INSIDE,-0.12093987560469754,0.05192107995846129,0.13811776498343661,0.0,-0.7647058823529171,0.23529411764708283,0.1366545580212752,18.73918423549684,0.051867219917012264,0.0057870000000000005,INSIDE,-0.017277125086367917,0.15576323987540608,0.31364960633578026,0.8571428571428394,0.5714285714285183,0.14285714285716056,0.11750475201865865,19.482768684846064,0.051867219917012264,0.0057870000000000005,INSIDE,-0.017277125086367917,0.15576323987540608,0.33469966246845884,1.0,0.0,0.0,0.058752376009327076,35.128337359573685
PAPER:CAPUSDT:1790821199999:LONG,CAPUSDT,1790821224310,RESERVE,STALL_NO_EDGE,BAD,0.477912,-2.7263652100256928,0.070294056,0.07019,0.0704,3.5634654130288834,0.7074135695881758,0.19744795164540152,5.4051833333333335,0.49550476190471593,0.15071544598310727,0.14824903832453273,3.1070279967910674,True,False,0.07017,284.0,0.9597478871221865,0.6143962788045927,0.24829738930547696,3.1926098045880646,2.851536737614202,-0.1208826953851494,-0.1282599401453477,0.07008,BELOW,-0.4545454545454519,-0.15671748112267014,0.389901226448692,0.12698412698412348,-0.6825396825396913,0.19047619047618522,0.15125570774743427,21.038946581034725,0.07125552230298204,0.07022,INSIDE,-0.2556818181818188,0.042741131215273676,0.44372680369857864,0.5769230769230974,0.538461538461522,0.42307692307690253,0.03702648817630648,30.556691682557044,-0.17101325352714136,0.07005,BELOW,-0.49715909090909394,-0.19945861233794382,0.4663991653657006,0.5740740740740841,-0.3333333333333333,0.0925925925925826,-0.11991434688308258,35.57748582226795
PAPER:SAGAUSDT:1790821799999:LONG,SAGAUSDT,1790821834711,RESERVE,TRUE_WRONG_DIRECTION,BAD,0.217486,-2.729234705315454,0.025265052,0.02523,0.02532,5.238095238095224,0.9681795953663224,0.4285714285714264,240.57853333333333,0.38946666666667523,0.2174861939725936,0.13892984542211995,2.5531394117059403,True,False,0.02526,226.0,0.9214743589743613,0.8904727637895425,0.2580389043013105,0.7144591384479204,0.43858433417401366,0.011440048402403924,-0.19794140934283888,0.02521,BELOW,-0.43443917851500036,-0.07927070947284509,0.5122980640663183,0.15384615384614975,0.07692307692307487,0.8461538461538503,0.2737009123090042,15.908290303669279,-0.3562945368171033,0.02517,BELOW,-0.5924170616113611,-0.23781212841853527,0.4746821037607147,0.3333333333333719,-0.6666666666666281,0.0,0.1748112832562572,10.215720801556113,-0.5938242280285055,0.02511,BELOW,-0.8293838862559189,-0.47562425683709275,0.45063400730696873,0.12499999999999457,-0.7500000000000109,0.12499999999999457,-0.007964954200716521,16.053400124576438
PAPER:FORMUSDT:1790822099999:LONG,FORMUSDT,1790822147341,RESERVE,TRUE_WRONG_DIRECTION,BAD,0.014504,-1.9838166424685406,0.28985795999999997,0.2898,0.2903,1.2173913043478393,1.2866883297467115,0.33816425120772897,35.789033333333336,0.11591999999993598,0.152502280772282,0.019999999999997797,0.05449565711425075,True,False,0.2898,201.0,0.10366275051831852,0.992681355854879,0.024162927163618706,0.3696642626269453,0.8317923010746631,0.10371052687528545,0.0,0.2898,INSIDE,-0.17223561832586665,0.0,0.7085498734073412,0.5,0.5,0.5,0.020703933745343166,35.88796108877675,-0.1725327812284294,0.2893,BELOW,-0.3444712366517444,-0.1725327812284294,0.5954708575671328,0.1999999999999778,-0.8000000000000222,0.0,-0.024196335980987846,14.924556157658166,-0.31055900621118626,0.2889,BELOW,-0.48225973131243993,-0.31055900621118626,0.49821940182611724,0.1999999999999778,-0.8000000000000222,0.0,-0.04153686396261801,18.30198691659813
PAPER:1000RATSUSDT:1790822399999:LONG,1000RATSUSDT,1790822416917,RESERVE,TRUE_WRONG_DIRECTION,BAD,0.2555,-2.3259816536191114,0.039927984,0.03989,0.03998,0.8353221957040582,1.3392531902412754,0.30071599045346004,3460.2819666666664,0.4220444444444215,0.13027454629315205,0.09522186011530209,1.7481072923691832,False,False,0.03992,192.0,0.7051120624527618,0.43172176060527934,0.23005751435558475,0.7607302227866874,1.7440058567409433,0.11628008625059008,-0.07515030060118999,0.03989,INSIDE,-0.22511255627813975,0.0,0.44422280190271596,0.0,-1.0,0.0,0.12534469790674366,27.171944921756268,-0.2755511022044077,0.03981,BELOW,-0.42521260630316027,-0.2005515166708549,0.1479570104446455,0.5,-0.5,0.0,-0.010047726700826785,28.473514817672225,0.0751503006012122,0.03995,INSIDE,-0.07503751875937992,0.15041363750312176,0.3230843444822379,0.8750000000000054,0.8750000000000054,0.12499999999999457,0.005006257821778755,40.05527549261723
PAPER:STARUSDT:1790823899999:LONG,STARUSDT,1790823942704,RESERVE,TRUE_WRONG_DIRECTION,BAD,0.062723,-2.3271547427965875,0.036267252,0.03626,0.0363,1.8408304498269707,0.7777887988640161,0.19377162629756878,80.71175,0.18129999999998886,0.09029633676131965,0.019999999999997797,0.0,True,False,0.03627,198.0,0.08287292817679148,0.376998472283597,0.06900358817968158,0.6490411651107975,0.8501559514983104,-0.08279672318536695,0.02757099531294216,0.03628,INSIDE,-0.055096418732780705,0.05515719801434393,0.46059204822261673,1.0,0.8333333333333912,0.0,0.0441014332921702,19.0223069502227,-0.13785497656464418,0.03622,BELOW,-0.22038567493112282,-0.11031439602867676,0.18564398645521207,0.37500000000004335,-0.25,0.37499999999995665,0.002760905576755936,29.5219813561551,-0.08271298593878207,0.03624,BELOW,-0.16528925619834212,-0.05515719801434393,0.2697465871331919,0.8000000000000556,0.600000000000111,0.1999999999999445,-0.008278145694533215,19.654048292583457
PAPER:MARSCOINUSDT:1790825999999:LONG,MARSCOINUSDT,1790826019136,RESERVE,TRUE_WRONG_DIRECTION,BAD,0.099564,-2.4253205879645052,0.142188432,0.14152,0.14263,1.246376811594208,2.006686988093734,0.45962732919254645,610.31895,0.6021909909909879,0.31055128310297775,0.4723233465234511,3.0582178443321006,True,False,0.14216,198.0,1.6149778476489907,0.5895569235322146,0.4880450069835444,1.4767456605846885,2.9371912642733533,-0.22794220203799698,-0.23213280810354675,0.14183,INSIDE,-0.5608918179906053,0.21905031091011828,0.2648516790314098,0.29577464788733937,-0.5352112676056096,0.16901408450705108,0.4244518084606922,39.91387433261039,-0.7315700619020871,0.14112,BELOW,-1.0586833064572754,-0.2826455624646784,0.3073794479507917,0.0384615384615412,-0.8589743589743608,0.10256410256409801,0.1693594104139033,78.671481430811,-0.5627462014631379,0.14136,BELOW,-0.8904157610600816,-0.11305822498586249,0.365123425533787,0.6718750000000197,0.3125000000000081,0.32812499999998035,-0.1329937747461775,108.32488961213767