position_id,symbol,chrono_split,legacy_label,legacy_mfe_pct,realized_pnl,path_points,clean_label,clean_mfe_pct,clean_mae_pct,clean_early_mae_pct,clean_first_adverse_ms,clean_first_directional_ms,clean_reached_runner,actual_win,f_gate_side_ret_1m_pct,f_gate_side_ret_3m_pct,f_gate_price_drift_pct,f_gate_side_adjusted_drift_pct,f_gate_impulse_concentration_ratio,f_gate_taker_buy_share_1m,f_gate_taker_share_for_selected,f_gate_positioning_oi_change_pct,f_gate_aligned_family_count,f_gate_opposing_family_count,f_context_taker_buy_share,f_context_taker_share_for_selected,f_context_raw_oi_change_pct,f_new_micro_accel_1_vs_3,f_new_accel_5_vs_15,f_new_flow_gap_gate,f_micro_side_ret_1m,f_micro_side_ret_3m,f_micro_side_ret_5m,f_micro_side_ret_10m,f_micro_side_ret_15m,f_micro_side_ret_30m,f_micro_selected_clv_last,f_micro_rejection_wick_last,f_micro_selected_body_last,f_micro_consecutive_selected_bars,f_micro_range_ratio_3v20,f_micro_volume_ratio_3v20,f_micro_trades_ratio_3v20,f_micro_selected_vwap_extension_20,f_micro_reversal_pressure,f_f_coin_minus_market_5m,f_f_coin_minus_market_15m,f_f_coin_minus_market_30m,f_f_selected_slope5_norm,f_f_taker_selected_share_3m,f_f_oi_change_30m_pct
PAPER:BIOUSDT:1790662199999:LONG,BIOUSDT,TRAIN,TRUE_WRONG_DIRECTION,0.045608,-4.964218553106957,517,TRUE_WRONG_DIRECTION,0.0456076763649893,-1.1680603511843524,-1.1680603511843524,1790662270475,,False,False,0.662471016893007,1.2325116588940643,0.29615004935834577,0.29615004935834577,0.5374967547872479,0.6749501222471235,0.6749501222471235,0.35139697569723793,3.0,1.0,0.652034,0.652034,0.342443,0.25163379726165225,0.8762776666666666,0.0,0.662471016893007,1.2325116588940643,1.604814443330005,2.116935483870952,2.185608607935441,3.4377127297481325,0.8695652173913083,0.1304347826086917,0.8695652173913083,8.0,,,,1.0191668429899492,73.8138886964068,1.2858330277113694,1.7407127413442747,2.5754681593727735,0.32576505426159963,0.6822559738883519,1.3477826078490462
PAPER:SOONUSDT:1790662499999:LONG,SOONUSDT,TRAIN,TRUE_WRONG_DIRECTION,0.0,-4.357194374965198,1011,TRUE_WRONG_DIRECTION,0.07745039686017918,-1.2218349052736777,-1.2218349052736777,1790662549413,,False,False,0.22801302931594325,0.3587736464448765,0.09749756256094422,0.09749756256094422,0.6355344980751704,0.515935671760052,0.515935671760052,-0.07862142338735945,2.0,0.0,0.593984,0.593984,-0.028332,0.10842181383431775,0.8139516666666666,0.08406432823994803,0.22801302931594325,0.3587736464448765,1.8874172185430416,2.532489170276575,3.2203958403220323,3.9175954069571084,0.4705882352941042,0.5294117647058958,0.41176470588234526,1.0,,,,1.5206407351283646,102.7857400301927,1.7057600447801802,2.6161760399409872,3.0308279247848513,0.051998700027299005,0.47297796945241366,-0.04305181467321173
PAPER:ALICEUSDT:1790662499999:LONG,ALICEUSDT,TRAIN,CORRECT_RUNNER,3.757433,4.071832639870607,5846,CORRECT_RUNNER,4.7931790850848754,-0.3246273353495033,-0.3246273353495033,,1790662554983,True,True,1.109057301293892,3.402646502835527,0.0,0.0,0.3259396179913727,0.5484628272466914,0.5484628272466914,4.122920405106356,2.0,0.0,0.598753,0.598753,0.086131,-0.02515819965128352,2.903890333333333,0.0515371727533086,1.109057301293892,3.402646502835527,4.455760661998731,4.455760661998731,4.655612244897966,4.05833861762841,0.8620689655172381,0.13793103448276192,0.6551724137930952,6.0,,,,1.3003293201510502,280.49769760389813,4.27410348823587,4.051392444516921,3.1715711354561527,1.0603290675356474,0.5964372154609677,4.2126026492729896
PAPER:AVAXUSDT:1790662499999:LONG,AVAXUSDT,TRAIN,RIGHT_THEN_FAILURE,0.917868,-0.4163847863379297,2657,RIGHT_THEN_FAILURE,0.9178678799393936,-0.28928364972495846,-0.28928364972495846,,1790662807007,False,False,-0.009257544899088366,0.2599090318388564,-0.3425608739931585,-0.3425608739931585,0.03561840399924249,0.5930447083392818,0.5930447083392818,0.0725446159777432,3.0,1.0,0.637261,0.637261,0.443174,-0.09589388884537382,0.09358566666666657,0.006955291660718177,-0.009257544899088366,0.2599090318388564,0.6616961789375653,1.1803278688524488,1.7043314500941653,2.0020776277268837,0.8333333333333334,0.11111111111114401,-0.05555555555552266,0.0,,,,0.7172327563754077,13.082654437898636,0.4800390051747039,1.1001116497131203,1.1153101455546266,0.13609850938366674,0.6504850557739585,-0.14012878493607772
PAPER:XPLUSDT:1790663099999:LONG,XPLUSDT,TRAIN,RIGHT_THEN_FAILURE,0.690288,-0.1002774955314949,4161,RIGHT_THEN_FAILURE,0.6902881981138309,-0.5702161548878926,-0.5702161548878926,1790663222411,1790663511676,False,False,0.5433688871000264,1.0722233461460506,0.01000800640513777,0.01000800640513777,0.5067683790444277,0.6742777545977932,0.6742777545977932,-0.03358943212340426,2.0,1.0,0.649347,0.649347,0.083172,0.18596110505134283,1.9714840000000002,0.0,0.5433688871000264,1.0722233461460506,2.9360255485731956,2.2408676967154317,2.8936257851920333,3.074066432845046,0.8214285714285596,0.17857142857144037,0.6309523809523621,7.0,,,,1.2657625451676369,283.6991074143523,2.9088213950152375,2.79274823892951,2.53218164907163,0.49039231380204046,0.6745866123753829,0.3548450546456916
PAPER:DRIFTUSDT:1790663699999:LONG,DRIFTUSDT,TRAIN,TRUE_WRONG_DIRECTION,0.313747,-2.140618788497852,141,TRUE_WRONG_DIRECTION,0.07535927244690654,-0.40141709378677115,-0.40141709378677115,1790663768205,,False,False,0.8149568552253017,1.3005780346820872,-0.28530670470756636,-0.28530670470756636,0.6266112709065623,0.5868009567137952,0.5868009567137952,0.49437109132135504,3.0,0.0,0.578745,0.578745,0.650216,0.38143084366460595,0.9319870000000001,0.013199043286204803,0.8149568552253017,1.3005780346820872,1.496138996139007,2.136959689169493,1.6924564796905184,2.9872673849167475,0.9473684210526335,0.052631578947366496,0.789473684210534,4.0,,,,1.4724949963841327,24.611692068981046,1.4053428561743853,1.5012776898347568,2.443917767811199,0.3518782691041375,0.6017544074503828,1.0484820236238201
PAPER:JASMYUSDT:1790664299999:LONG,JASMYUSDT,TRAIN,RIGHT_THEN_FAILURE,0.687996,-1.4277288800612304,246,RIGHT_THEN_FAILURE,0.5540518690520413,-0.3070199357257608,-0.3070199357257608,,1790664337169,False,False,0.5369127516778649,1.9642162582652833,-0.3433148960518939,-0.3433148960518939,0.27334706625025323,0.671239627995511,0.671239627995511,2.5438949401277,4.0,0.0,0.529952,0.529952,2.589093,-0.11782600107722951,0.9846256666666668,0.0,0.5369127516778649,1.9642162582652833,2.3823471978129396,2.9856609703398096,4.193163751987283,3.249310752264667,0.6122448979591887,0.38775510204081126,0.5714285714285714,3.0,,,,1.970017300444682,106.68824646051853,2.349633443536925,4.132979529806324,3.141023498917206,0.4482166698006882,0.5581162471776246,2.331799567224535
PAPER:CHIPUSDT:1790664899999:LONG,CHIPUSDT,TRAIN,STALL_NO_EDGE,0.406406,-1.90269760582117,1382,STALL_NO_EDGE,0.4064058119913616,-0.6034932183035857,-0.6034932183035857,1790665217869,,False,False,0.3603603603603567,1.1118674835489006,0.0,0.0,0.3241036955322633,0.9103461142012028,0.9103461142012028,-0.08296846371920186,2.0,1.0,0.577781,0.577781,0.058843,-0.010262134155943514,0.886274,0.0,0.3603603603603567,1.1118674835489006,1.5034168564920236,1.9679633867276891,1.8514285714285927,2.272205646086767,0.9047619047619094,0.09523809523809051,0.8571428571428477,4.0,,,,0.8511405384487469,58.94717524643504,1.2788105288522367,1.6045155579329728,1.958519606795972,0.3747755834454694,0.5205561966226385,-0.036654333798225025
PAPER:SUSHIUSDT:1790665199999:LONG,SUSHIUSDT,TRAIN,CORRECT_RUNNER,2.668476,7.419357213904046,1890,CORRECT_RUNNER,2.6684764372145064,-0.05895936946671565,-0.05895936946671565,,1790665444706,True,True,0.23391812865496409,0.3512880562061005,-0.1555814858031912,-0.1555814858031912,0.6658869395711093,0.6097278993728524,0.6097278993728524,-0.04769166806548597,2.0,1.0,0.657963,0.657963,-0.026514,0.11682210991959725,0.16486866666666677,0.0,0.23391812865496409,0.3512880562061005,0.7050528789659172,1.3002364066193817,1.620553359683785,1.620553359683785,0.615384615384622,0.38461538461537803,0.46153846153844513,9.0,,,,0.7274769936322922,25.10630333656271,0.7049238198345797,1.3614923566554138,1.3610869561210492,0.1439128743535582,0.5457707044173662,1.1525795863355448
PAPER:LISTAUSDT:1790666099999:LONG,LISTAUSDT,TRAIN,CORRECT_RUNNER,1.707691,1.193645712917622,1282,CORRECT_RUNNER,1.7076909894732317,-0.29100572476421505,-0.29100572476421505,,1790666569897,True,True,0.15849654703949945,0.40858018386107364,0.06781959986437158,0.06781959986437158,0.38792029887918356,0.8656232094993528,0.8656232094993528,0.12984665735227274,3.0,1.0,0.62967,0.62967,0.588664,0.022303152419141575,0.3268036666666667,0.0,0.15849654703949945,0.40858018386107364,0.8549931600547067,1.1663807890222921,1.5845676885980042,3.4373903893370805,0.45833333333332127,0.5416666666666787,0.45833333333332127,1.0,,,,0.9091237677831154,22.16033569371372,0.9264458247191465,1.463807157243513,3.053597772715688,0.09042613314343947,0.6794638662343518,0.6299102947516344
PAPER:AVNTUSDT:1790666399999:LONG,AVNTUSDT,TRAIN,TRUE_WRONG_DIRECTION,0.05914,-2.6693759524571217,431,TRUE_WRONG_DIRECTION,0.05913966802966186,-0.3919336442985255,-0.3919336442985255,1790666909152,,False,False,0.047577511696150765,0.341975505010339,0.13473884441626005,0.13473884441626005,0.13912549582962774,0.6890967404406552,0.6890967404406552,-0.022379387286897146,2.0,0.0,0.655113,0.655113,0.210024,-0.06641432330729558,0.2831213333333334,0.0,0.047577511696150765,0.341975505010339,0.6220591753728355,0.6220591753728355,1.016813450760612,1.6680096696212843,0.37500000000004335,0.6249999999999566,0.20833333333331888,3.0,,,,0.6044818749544323,10.493407540343432,0.6066051571569364,0.8786337520014786,1.2299967921612809,0.0911468653313,0.6895488119464966,0.1835086243290318
PAPER:QUSDT:1790666699999:LONG,QUSDT,TRAIN,TRUE_WRONG_DIRECTION,0.294461,-3.424342431169098,2672,TRUE_WRONG_DIRECTION,0.1910776827831251,-0.80398396839374,-0.80398396839374,1790666720579,,False,False,1.139576355965377,2.215481999208757,-0.42575151593342575,-0.42575151593342575,0.5143694944812769,0.6671738439600363,0.6671738439600363,-0.546068429454305,2.0,1.0,0.624063,0.624063,-0.129727,0.4010823562291247,1.218935,0.0,1.139576355965377,2.215481999208757,2.305424787716137,2.90759426447158,3.2594697810737427,2.5219346589656633,0.9096385542168614,0.09036144578313864,0.7439759036144544,4.0,,,,1.9809878850818086,37.9947543817515,2.2709904652713164,3.2951757401801176,2.3887984555546193,0.5556272308393747,0.6574941479946381,-0.47091058053757573
PAPER:INITUSDT:1790666999999:LONG,INITUSDT,TRAIN,RIGHT_THEN_FAILURE,1.349309,-0.12071654977982887,1910,RIGHT_THEN_FAILURE,1.349308889000378,-0.445310398389287,-0.445310398389287,1790667063348,1790667152681,True,False,1.1765941800609303,2.1965195246179903,-0.031149413352715705,-0.031149413352715705,0.53566297356977,0.6564368841723252,0.6564368841723252,0.07593918419077639,3.0,0.0,0.530992,0.530992,0.66457,0.4444210051882669,1.2922973333333334,0.0,1.1765941800609303,2.1965195246179903,2.6540183329780476,3.1156316916488347,4.085161569220808,4.718930085897588,0.7450980392156927,0.2549019607843073,0.7320261437908611,6.0,,,,1.6197870235932,111.28220341864765,2.6671022246802787,4.070686842361071,4.425250084071097,0.5970304225340067,0.5162723200821936,1.8645114767881
PAPER:AAVEUSDT:1790667599999:LONG,AAVEUSDT,TRAIN,CORRECT_RUNNER,2.010522,3.32493618852017,17566,CORRECT_RUNNER,2.0105219353724113,-0.34512425039840977,-0.34512425039840977,,1790667800333,True,True,0.23390373014895438,0.537136506760505,0.08597396217144837,0.08597396217144837,0.4354642203704205,0.6482516705559089,0.6482516705559089,0.43580603295949594,3.0,1.0,0.551569,0.551569,4.13498,0.05485822789545272,0.76566,0.0,0.23390373014895438,0.537136506760505,1.5085400822840045,1.9598021413812505,2.2286395881725207,3.2921027592768715,0.8965517241379294,0.10344827586207066,0.6379310344827527,1.0,,,,1.4037822000964928,36.281106130180994,1.41241874315865,2.073415777730492,3.139848196358397,0.16396462783916826,0.49045284091363067,3.2593628987934498
PAPER:AVNTUSDT:1790667599999:LONG,AVNTUSDT,TRAIN,TRUE_WRONG_DIRECTION,0.327431,-2.7839019139388075,718,TRUE_WRONG_DIRECTION,0.32743095986709214,-0.683265652982179,-0.683265652982179,1790669106829,,False,False,-0.007897022822378474,0.14236001265424125,-0.14194464158978626,-0.14194464158978626,0.05547219809230049,0.4807581221842476,0.4807581221842476,0.05522258155774562,2.0,0.0,0.715972,0.715972,0.163008,-0.05535036037379223,0.34613233333333326,0.11924187781575235,-0.007897022822378474,0.14236001265424125,0.18197642218531485,0.5479234495354701,0.3328050713153674,1.0534716679968303,0.0,0.8235294117646963,-0.17647058823530373,0.0,,,,0.25991585531639494,15.36105663148366,0.18295998174501227,0.23665868477829033,0.9588664778659273,0.05449376085381426,0.5780888911619118,0.07241805763464892
PAPER:MORPHOUSDT:1790668199999:LONG,MORPHOUSDT,TRAIN,CORRECT_RUNNER,1.266627,3.282606826092422,4047,CORRECT_RUNNER,1.2666267750844007,-0.09452597867117829,-0.09452597867117829,,1790668942994,True,True,0.11367645329465326,0.4207132465694041,-0.19185591229442522,-0.19185591229442522,0.27019936791056165,0.42501157374471554,0.42501157374471554,0.12865117749669697,2.0,2.0,0.670793,0.670793,0.393719,-0.026561295561814774,0.30510499999999985,0.17498842625528443,0.11367645329465326,0.4207132465694041,1.056463419459508,1.1645409173730359,2.2540737478480066,2.327817620898265,0.5810810810810414,0.41891891891895866,0.39189189189187484,1.0,,,,0.9125519043328145,42.39671989001264,1.056545295768696,2.2906050844850867,2.302944248808414,0.18715740013790158,0.6310073058931974,0.08118904933989146
PAPER:AVAXUSDT:1790668499999:LONG,AVAXUSDT,TRAIN,RIGHT_THEN_FAILURE,0.62397,-1.0367497524953004,1552,TRUE_WRONG_DIRECTION,0.19755993095922353,-0.3767877288847199,-0.3767877288847199,1790668527583,,False,False,0.6293706293706292,1.3469495554186084,-0.2517361111111116,-0.2517361111111116,0.4672562731386268,0.6967633001403172,0.6967633001403172,0.8430922480278324,3.0,1.0,0.637956,0.637956,0.951553,0.18038744423109304,0.6665093333333333,0.0,0.6293706293706292,1.3469495554186084,1.4720141031291378,2.147293700088748,2.556792873051239,2.6299367032183385,0.5984251968503946,0.4015748031496054,0.5590551181102311,4.0,,,,1.121199267195716,34.05614763482946,1.4591289138396135,2.6957947190575093,2.6981068762027327,0.3691799860645419,0.6680034951716648,2.599068642461
PAPER:SOONUSDT:1790668499999:LONG,SOONUSDT,TRAIN,TRUE_WRONG_DIRECTION,0.322401,-1.5717592160272562,283,STALL_NO_EDGE,0.13563912373191211,-0.33126624986334896,-0.33126624986334896,,,False,False,0.18697413524462192,1.132431582258575,-0.09331259720063434,-0.09331259720063434,0.16510854887295873,0.6539904392418274,0.6539904392418274,-0.09213154385875333,3.0,0.0,0.627239,0.627239,0.712512,-0.19050305884156976,-0.22537366666666658,0.0,0.18697413524462192,1.132431582258575,1.1006289308176154,1.5156299336912094,3.9780077619663734,4.7913950456323295,0.4285714285714342,0.5714285714285657,0.4285714285714342,4.0,,,,1.2436317653327533,13.880679222691127,1.087743741528091,4.117009607972644,4.859565218616724,0.36702954895241163,0.6510556714929001,0.49970478037788535
PAPER:ESPORTSUSDT:1790668799999:LONG,ESPORTSUSDT,TRAIN,RIGHT_THEN_FAILURE,0.649086,-1.4272719786827275,783,RIGHT_THEN_FAILURE,0.6490862439366696,-1.0714109568143892,-1.0714109568143892,1790668818982,1790669629732,False,False,-0.4770992366412208,0.28846153846153744,0.2876318312559967,0.2876318312559967,1.6539440203562379,0.06414307421063396,0.06414307421063396,-0.2076752443886276,1.0,1.0,0.234449,0.234449,0.080629,-0.5732530827950666,-0.16998199999999997,0.5358569257893661,-0.4770992366412208,0.28846153846153744,0.481695568400764,0.968054211035807,1.9550342130987275,2.556538839724687,0.14285714285713932,0.28571428571427865,-0.571428571428582,0.0,,,,0.6810998859039463,20.067855579771077,0.5638980498663793,2.007231289668332,2.586114282445945,0.17257909873633712,0.2225162341087905,-0.2305107084766611
PAPER:币安人生USDT:1790669099999:LONG,币安人生USDT,TRAIN,TRUE_WRONG_DIRECTION,0.0,-4.466219558181534,863,TRUE_WRONG_DIRECTION,0.0,-0.8951777674912065,-0.8951777674912065,1790669135361,,False,False,-0.18989745537409952,0.34364261168382537,-0.019025875190259445,-0.019025875190259445,0.5526015951386672,0.12613097061708817,0.12613097061708817,0.11228028115317645,2.0,1.0,0.551622,0.551622,1.260083,-0.30444499260204133,0.8087813333333334,0.4738690293829118,-0.18989745537409952,0.34364261168382537,1.21317157712304,0.9604302727622027,1.21317157712304,1.21317157712304,0.3999999999999704,0.0,-0.6000000000000296,0.0,,,,0.5718069002408566,39.11489260551146,1.2153516994680758,1.276733276625991,1.312088066836048,0.15601217654451605,0.5617187497731493,1.0351975403687153
PAPER:LUMIAUSDT:1790669099999:LONG,LUMIAUSDT,TRAIN,CORRECT_RUNNER,4.78934,14.389355688031333,11598,CORRECT_RUNNER,4.7893402349340475,-0.22320739104212395,-0.22320739104212395,,1790669178322,True,True,0.022657754616517423,0.06800408024481008,0.3737682636765438,0.3737682636765438,0.33318228163591124,0.8609341755161201,0.8609341755161201,0.35924723644031875,3.0,0.0,0.72736,0.72736,0.440321,-1.0272131752604025e-05,0.4791006666666666,0.0,0.022657754616517423,0.06800408024481008,0.6842285323297892,0.06800408024481008,0.6153846153846176,0.4551143474798014,0.7999999999999815,0.06666666666664199,-0.13333333333337652,0.0,,,,0.34046124324260685,8.512410683533258,0.6864086546748249,0.6789463148875685,0.5540308371928093,0.06569260391233248,0.8033503252792284,0.694949996456451
PAPER:FLUIDUSDT:1790669999999:LONG,FLUIDUSDT,TRAIN,TRUE_WRONG_DIRECTION,0.047467,-1.6237981486023778,10,STALL_NO_EDGE,0.04746688988790382,-0.15492178217526575,-0.15492178217526575,,,False,False,0.2032520325203402,0.612244897959191,0.20283975659227682,0.20283975659227682,0.33197831978321835,0.6342645255871191,0.6342645255871191,-1.1754480207010087,2.0,0.0,0.704913,0.704913,-1.251194,-0.0008296001327234848,0.6796096666666667,0.0,0.2032520325203402,0.612244897959191,1.4403292181069949,2.282157676348562,2.282157676348562,2.6370575988896583,0.6666666666666914,0.33333333333330867,0.6666666666666914,5.0,,,,1.1694551826916921,111.80872525329906,1.339400797184398,2.2045945949028867,2.644145117083452,0.20283975657200828,0.622874832708089,-1.8215475867660147
PAPER:UNIUSDT:1790670299999:LONG,UNIUSDT,TRAIN,RIGHT_THEN_FAILURE,1.576011,-0.8405983192166122,82,STALL_NO_EDGE,0.1111826617838485,-0.041859111230457824,-0.041859111230457824,,,False,False,-0.5215690535694928,0.8704275011018003,-0.1201529219005959,-0.1201529219005959,0.5992102190122471,0.3830002387915267,0.3830002387915267,0.46700455633079674,2.0,1.0,0.565729,0.565729,1.573691,-0.8117115539367596,0.3288753333333333,0.21699976120847325,-0.5215690535694928,0.8704275011018003,1.1266983320446178,2.1307452030343565,2.393468292137335,2.1991515963384556,0.2727272727272605,0.0,-0.7272727272727395,0.0,,,,0.23018037083382126,53.86074206172889,0.986738452251601,2.091946112690768,1.9984264418500652,0.3156744947800087,0.5591996943683053,2.8675415046523822
PAPER:JOEUSDT:1790670899999:LONG,JOEUSDT,TRAIN,RIGHT_THEN_FAILURE,0.781292,-1.3371615296899377,5,STALL_NO_EDGE,0.0,-0.097539954263548,-0.097539954263548,,,False,False,-0.2575328354365247,0.5451713395638658,-0.12909888974955708,-0.12909888974955708,0.4723888010007086,0.3318724970405304,0.3318724970405304,0.08238043216539648,2.0,1.0,0.458337,0.458337,-1.30735,-0.4392566152911467,0.4941816666666667,0.2681275029594696,-0.2575328354365247,0.5451713395638658,0.7806401249024209,0.7544224765868801,0.8593750000000178,1.9210526315789567,0.0869565217391265,0.34782608695653616,-0.5652173913043373,0.0,,,,0.3059034315515463,33.987445342735676,0.9912892937414208,0.946323303572566,1.9311598365713833,0.2349599793206837,0.6371270316204644,0.2395135224874334
PAPER:UBUSDT:1790671199999:LONG,UBUSDT,TRAIN,TRUE_WRONG_DIRECTION,0.274552,-1.7174675606699343,295,STALL_NO_EDGE,0.27455249311352237,-0.25051221342767827,-0.25051221342767827,,,False,False,0.5793742757821407,1.0346611484738588,-0.051203277009725934,-0.051203277009725934,0.5599652375434476,0.6038462364294943,0.6038462364294943,-0.1375599262941729,3.0,0.0,0.608908,0.608908,-0.00621,0.23448722629085444,0.8756856666666667,0.0,0.5793742757821407,1.0346611484738588,1.6261220241966967,2.0976279160948685,2.251308900523563,3.689938943456328,0.809523809523797,0.19047619047620307,0.7539682539682304,5.0,,,,1.362273243079759,50.635076628392184,1.7083639156412367,2.572491399573884,3.745062650341069,0.2880184331509202,0.6039961372988866,1.3139092607248326
PAPER:INITUSDT:1790671499999:LONG,INITUSDT,TRAIN,RIGHT_THEN_FAILURE,1.743409,-1.7551721665342024,3048,RIGHT_THEN_FAILURE,1.7434086252695158,-1.259417537980012,-1.259417537980012,1790671570758,1790671521940,True,False,1.429446599959161,1.8871794871794911,-0.12079726192872897,-0.12079726192872897,0.7574513233479234,0.6787677217686554,0.6787677217686554,0.24128646737240356,3.0,0.0,0.664202,0.664202,0.200642,0.8003867708993306,1.317383,0.0,1.429446599959161,1.8871794871794911,1.9603818125833783,2.3174374291894173,1.9289965113892915,3.135382059800662,0.8443113772455103,0.15568862275448966,0.8443113772455103,3.0,,,,1.257105825728111,40.70644389824168,2.0508912641768795,2.3325994942726416,3.4103350457486528,0.3845379504346678,0.6989092316916221,0.9727048904536906
PAPER:UBUSDT:1790672699999:LONG,UBUSDT,TRAIN,RECOVERED_DRAWDOWN,1.488046,1.2459939101718072,2665,RECOVERED_DRAWDOWN,1.488046421524425,-0.35369049425031385,-0.35369049425031385,1790672839215,1790672955474,True,True,0.11577051710829345,0.6921534381266525,0.08993961197480971,0.08993961197480971,0.167261348035245,0.5508722189435332,0.5508722189435332,-0.0266612591447557,3.0,0.0,0.5777,0.5777,0.842087,-0.11494729560059072,0.8311493333333333,0.04912778105646676,0.11577051710829345,0.6921534381266525,0.9795653584171227,0.8421870951023536,0.44524746725171926,0.8552546326292543,0.5280898876404463,0.4719101123595537,0.19101123595505967,5.0,,,,0.5063629166915717,16.566925692383755,1.0385266236173363,0.4930398211073883,1.074777840238872,0.19465501732602963,0.5955160629884045,1.311258800092463
PAPER:CVXUSDT:1790673599999:LONG,CVXUSDT,TRAIN,RIGHT_THEN_FAILURE,0.829813,-0.9498100379923491,488,RIGHT_THEN_FAILURE,0.8298127879736494,-0.2749386374318874,-0.2749386374318874,,1790673637225,False,False,0.1700680272108901,1.464254952627031,-0.12733446519522795,-0.12733446519522795,0.11614645858343846,0.4812301156934543,0.4812301156934543,0.8578358545961784,3.0,0.0,0.645122,0.645122,0.994492,-0.3180169569981202,0.8992083333333335,0.11876988430654567,0.1700680272108901,1.464254952627031,1.8150388936905681,2.168256721595818,2.7474923680767427,3.2880315651030223,0.6363636363636327,0.3636363636363673,0.18181818181818366,2.0,,,,0.9225125828822733,118.27153512498913,1.7821393210700642,2.791699305567741,3.381002171687536,0.4668930390025462,0.6365247723420214,6.04853406151824
PAPER:ETHFIUSDT:1790674799999:LONG,ETHFIUSDT,TRAIN,RIGHT_THEN_FAILURE,0.932067,-0.3469631080490347,3605,RIGHT_THEN_FAILURE,0.9320668055230241,-0.16749868910338472,-0.16749868910338472,,1790675297733,False,False,-0.026770178021684465,0.6603773584905603,-0.17405275137233334,-0.17405275137233334,0.04053769814712254,0.47497736409445923,0.47497736409445923,0.05277647604904345,2.0,0.0,0.640855,0.640855,-0.055528,-0.24689596418520457,0.1362596666666666,0.12502263590554075,-0.026770178021684465,0.6603773584905603,0.5519655358104503,1.2333965844402384,1.247119425240606,0.9187947574652133,0.1999999999999778,0.8000000000000222,0.0,0.0,,,,0.7173271958784921,20.572015178387556,0.5009199869608127,1.0376241569047706,0.6840193032171538,0.2316240460338731,0.6409454664506394,0.03533216992814836
PAPER:BIOUSDT:1790675399999:LONG,BIOUSDT,TRAIN,RECOVERED_DRAWDOWN,1.049309,1.0139568303703752,785,CORRECT_RUNNER,1.0493088548065854,-0.33449742891935585,-0.33449742891935585,,1790675651863,True,True,0.3789074834227968,0.8886067914947393,0.0,0.0,0.42640624295188045,0.608171277372818,0.608171277372818,-0.004082545678074645,2.0,0.0,0.593872,0.593872,0.035759,0.08270521959121702,0.7840493333333333,0.0,0.3789074834227968,0.8886067914947393,1.4035087719298067,1.8257527226136938,1.8583787247676842,3.147306943543149,0.6470588235293926,0.35294117647060747,0.588235294117611,4.0,,,,1.4766731601059568,55.20172224901361,1.1828830367214493,1.5757778285800605,2.671418590126895,0.3208556149411743,0.5634485903971659,0.39802494519394216
PAPER:RPLUSDT:1790675699999:LONG,RPLUSDT,TRAIN,TRUE_WRONG_DIRECTION,0.322569,-2.9054642326552176,177,TRUE_WRONG_DIRECTION,0.32256886850723365,-0.7540635778864879,-0.7540635778864879,1790675738825,,False,False,0.49333991119879794,1.7482517482517501,0.2945508100147487,0.2945508100147487,0.28219042920571213,0.5471929828178341,0.5471929828178341,3.8478488453665305,2.0,1.0,0.685056,0.685056,4.275834,-0.08941067155178539,-0.07936799999999988,0.05280701718216585,0.49333991119879794,1.7482517482517501,1.1420059582919695,3.2437911809427122,3.6641221374045685,3.453529710512937,0.55555555555555,0.4444444444444499,0.55555555555555,3.0,,,,0.9216864002663083,299.90393009478237,1.1133588665891203,3.3929716918022046,2.9715919279615144,0.41728031414580247,0.6915416314776435,6.106216717989077
PAPER:BSBUSDT:1790675699999:LONG,BSBUSDT,TRAIN,TRUE_WRONG_DIRECTION,0.128592,-4.314608702157246,139,TRUE_WRONG_DIRECTION,0.0592510052433326,-0.6935955521666815,-0.6935955521666815,1790675747853,,False,False,0.06941001487357212,0.8191808191808203,0.009908838684125065,0.009908838684125065,0.08473100596151903,0.629020630765665,0.629020630765665,0.023816713976465564,2.0,0.0,0.750813,0.750813,0.04427,-0.2036502581867013,0.17326566666666665,0.0,0.06941001487357212,0.8191808191808203,0.5980861244019087,0.568011958146486,1.2744606121424917,1.8673665085293223,0.40740740740739406,0.5925925925926059,0.33333333333329906,3.0,,,,0.6387191949300375,13.0900103648274,0.5694390326990595,1.0033101665401278,1.3854287259778997,0.1753864446911409,0.8101436933469305,0.03635658130041186
PAPER:BIOUSDT:1790675699999:LONG,BIOUSDT,TRAIN,RIGHT_THEN_FAILURE,0.606249,-0.011334892432628918,166,STALL_NO_EDGE,0.38706320746499934,-0.14524498795823737,-0.14524498795823737,,,False,False,0.18820577164366803,0.3140703517588106,-0.12511729746637057,-0.12511729746637057,0.5992471769134072,0.5182317774225204,0.5182317774225204,0.27039212862012274,2.0,0.0,0.487714,0.487714,0.398025,0.08351565439073116,-0.23455266666666652,0.08176822257747962,0.18820577164366803,0.3140703517588106,0.4718464926077415,1.8819776714513514,2.3062139654068003,3.7349788892497626,0.29629629629631055,0.7037037037036894,0.22222222222223936,4.0,,,,0.832193587781882,70.57859875659982,0.4431994009048923,2.0350635198044364,3.25304110669834,0.1565435190826551,0.5067715020996838,0.7415626634712069
PAPER:SKYUSDT:1790676599999:LONG,SKYUSDT,TRAIN,RIGHT_THEN_FAILURE,0.628289,-1.429565263700458,1545,RIGHT_THEN_FAILURE,0.6282893277252288,-0.320128097339234,-0.320128097339234,,1790677022634,False,False,0.1566831384837819,0.1929105377381113,0.21660649819497113,0.21660649819497113,0.8122062191153577,0.46034817101204784,0.46034817101204784,0.16639458090803583,3.0,0.0,0.624311,0.624311,0.656964,0.09237962590441147,0.415406,0.13965182898795214,0.1566831384837819,0.1929105377381113,0.7516973811833028,0.861755067362524,1.008873222316753,2.9229625959870997,1.0,0.0,0.8666666666666235,1.0,,,,0.6803289874017571,10.829562699310587,0.6355795567685396,0.9904659829276352,2.6099734186875723,0.10469314078375234,0.6839024921302593,0.8980424880563165
PAPER:AIAUSDT:1790677199999:LONG,AIAUSDT,TRAIN,RECOVERED_DRAWDOWN,2.519477,3.3121842588209036,1212,CORRECT_RUNNER,2.5194772898665896,-0.14092330035538891,-0.14092330035538891,,1790677520163,True,True,0.04036055428495722,0.1616379310344751,0.10762814475986371,0.10762814475986371,0.24969729584294714,0.3308413006435294,0.3308413006435294,0.05376722327337102,3.0,1.0,0.757534,0.757534,0.313475,-0.013518756059867819,0.3058163333333334,0.2691586993564706,0.04036055428495722,0.1616379310344751,0.18862840204796338,0.8134490238611569,0.6633274671720368,2.1428571428571352,0.6923076923076841,0.3076923076923159,0.0,0.0,,,,0.5898613049492463,14.90694100105656,0.2969939805405719,0.763344772425284,2.2883576147605442,0.05513717051626948,0.5473252191287316,0.36206153231281846
PAPER:CELOUSDT:1790677799999:LONG,CELOUSDT,TRAIN,RIGHT_THEN_FAILURE,0.635979,-1.8860274716075183,505,TRUE_WRONG_DIRECTION,0.23302303640875266,-0.49792084886050025,-0.49792084886050025,1790677826246,,False,False,0.4591884546902847,0.4497751124437954,-0.4757462686567293,-0.4757462686567293,1.0209289975946936,0.5831861432231099,0.5831861432231099,0.6328180358180946,4.0,0.0,0.506419,0.506419,0.518194,0.3092634172090195,2.6492903333333335,0.016813856776890068,0.4591884546902847,0.4497751124437954,3.66502272507494,3.875968992248069,3.0471979236758706,3.4249879401833105,0.8153846153846223,0.18461538461537771,0.7384615384615536,1.0,,,,1.5116505334010544,291.70222623072283,3.609936225698318,3.1034825906705144,3.4664099249439753,0.6016791044174437,0.4607088465562113,4.154906721218965
PAPER:JOEUSDT:1790677799999:LONG,JOEUSDT,TRAIN,TRUE_WRONG_DIRECTION,0.233439,-1.329601056974897,281,STALL_NO_EDGE,0.2080952630766797,-0.27343073844038335,-0.27343073844038335,,,False,False,0.6371049949031704,1.1008704557091686,-0.10129146619396456,-0.10129146619396456,0.5787283976957619,0.6438245497632205,0.6438245497632205,0.0032454429145234442,2.0,0.0,0.706593,0.706593,0.820173,0.2701481763334475,0.569424,0.0,0.6371049949031704,1.1008704557091686,1.0749936012285577,1.0491299897645856,1.5167095115681262,1.1526639344262346,0.8064516129032142,0.19354838709678573,0.8064516129032142,3.0,,,,0.8291661583869292,17.629662648543633,1.0199071018519357,1.57299417856277,1.194085919186899,0.2582932387688005,0.7219155169141313,0.6341424547919194
PAPER:NMRUSDT:1790678099999:LONG,NMRUSDT,TRAIN,RIGHT_THEN_FAILURE,0.557045,-1.177373156140272,2517,STALL_NO_EDGE,0.4583408956118973,-0.23259017698281648,-0.23259017698281648,,,False,False,0.6783019586921846,0.5786508299071125,-0.3179409538228706,-0.3179409538228706,1.1722128849293598,0.5727532269522225,0.5727532269522225,0.9214311008183707,4.0,0.0,0.528383,0.528383,1.918374,0.48541834872314704,0.6668029999999999,0.02724677304777745,0.6783019586921846,0.5786508299071125,1.2182974484713949,1.513870744639978,1.6544824932666513,2.857587791014571,0.9142857142857268,0.08571428571427314,0.8476190476190625,1.0,,,,1.0685491314942341,11.071948439398273,1.3181522271750012,1.7265004620830138,3.019902471449093,0.1718395155013642,0.5234111306799613,3.6822081196394185
PAPER:龙虾USDT:1790678699999:LONG,龙虾USDT,TRAIN,RIGHT_THEN_FAILURE,1.226061,-1.8481721939049902,2430,RIGHT_THEN_FAILURE,1.5343635628521257,-0.3668365645899341,-0.3668365645899341,1790678841157,1790678722686,True,False,0.3734707018673511,4.225728804493167,-0.012830382345385694,-0.012830382345385694,0.0883801869798753,0.5315282456067696,0.5315282456067696,0.36206325752683455,2.0,1.0,0.562267,0.562267,0.907988,-1.035105566297038,3.663967,0.06847175439323039,0.3734707018673511,4.225728804493167,4.407233757535156,2.0290613954706105,2.22980062959075,-2.1468926553672385,0.5212765957446727,0.47872340425532733,0.308510638297872,4.0,,,,1.8427012617981742,245.79388128670962,4.426636082313201,2.3921466225693298,-1.9387333255508232,1.209905055049651,0.5724848682486166,0.6699659606245634
PAPER:BTWUSDT:1790678999999:LONG,BTWUSDT,TRAIN,CORRECT_RUNNER,1.520516,2.189543398334493,8140,CORRECT_RUNNER,1.5205161344120643,-0.33422981942515806,-0.33422981942515806,,1790679084140,True,True,0.19983091230497685,0.8197355192947287,0.06136381069263841,0.06136381069263841,0.24377486103920967,0.5371978321424619,0.5371978321424619,-0.12148185130462785,2.0,0.0,0.646976,0.646976,0.225078,-0.07341426079326602,0.9200873333333333,0.06280216785753812,0.19983091230497685,0.8197355192947287,1.9072930508871933,3.0592885375494205,2.961617438003472,5.120141912594756,0.7790697674418632,0.22093023255813685,0.29069767441861877,1.0,,,,1.6589468083447745,37.9076674071149,1.8982519411196608,3.0151351145563554,5.235986038700463,0.34977372091309583,0.5940067259973227,0.1033230421583875
PAPER:ESPORTSUSDT:1790679899999:LONG,ESPORTSUSDT,TRAIN,RIGHT_THEN_FAILURE,0.611077,-1.400148351754308,71,STALL_NO_EDGE,0.43077047349773245,-0.2003025905188638,-0.2003025905188638,,,False,False,-0.08992805755395628,0.9082652134423164,-0.08992805755395628,-0.08992805755395628,0.09901079136690681,0.46723881441992116,0.46723881441992116,0.3908546495413834,2.0,0.0,0.410255,0.410255,0.291071,-0.39268312870139505,0.8192576666666667,0.13276118558007882,-0.17985611510790145,0.8174386920980936,0.909090909090926,1.0009099181073733,0.8174386920980936,2.1159153633854677,0.14285714285716056,0.8571428571428394,0.0,0.0,,,,0.6931441764976398,26.82219118701487,0.9652165992644957,0.8120548908509051,2.111335170755646,0.3153153152837834,0.444324320126339,0.7731496577001451
PAPER:WUSDT:1790680199999:LONG,WUSDT,TRAIN,TRUE_WRONG_DIRECTION,0.173697,-5.545641371621914,288,TRUE_WRONG_DIRECTION,0.0,-0.9607889533973069,-0.9607889533973069,1790680245405,,False,False,0.22865853658535773,1.217549506682536,-0.08295886622883275,-0.08295886622883275,0.1878022497897313,0.4842384442152706,0.4842384442152706,-0.1283078996399123,2.0,0.0,0.575797,0.575797,-0.084407,-0.17719129897548758,2.8404979999999997,0.11576155578472935,0.22865853658535773,1.217549506682536,3.6694617644950966,3.2108455226543153,2.4868924472155385,2.2478263942885546,0.7419354838709669,0.25806451612903314,0.5322580645161187,5.0,,,,1.6687288104717979,533.7376296391143,3.5705713576795306,2.5117617812838224,2.2864303593494895,0.3311441409969595,0.47508711613292604,0.8747936235392828
PAPER:NIGHTUSDT:1790680499999:LONG,NIGHTUSDT,TRAIN,RECOVERED_DRAWDOWN,3.615045,6.493310218565533,12034,CORRECT_RUNNER,3.6150450879362417,-0.052744118716385735,-0.052744118716385735,,1790680528247,True,True,0.13131976362441566,0.6600660066006458,0.09836065573771702,0.09836065573771702,0.198949441890994,0.6040620412574904,0.6040620412574904,0.06966396047318746,4.0,0.0,0.621014,0.621014,0.619798,-0.08870223857579962,1.257599,0.0,0.13131976362441566,0.6600660066006458,1.700566855618546,2.006688963210701,1.3289036544850585,2.555480833893742,0.5384615384615302,0.4615384615384697,0.1538461538461477,10.0,,,,0.9977801861275282,77.91578034649639,1.7435592860730598,1.3761594048140535,2.549284352708775,0.2622950819409843,0.5917792507603978,2.3469380793462724
PAPER:WUSDT:1790680799999:LONG,WUSDT,TRAIN,RECOVERED_DRAWDOWN,1.136393,1.56464526593939,2828,CORRECT_RUNNER,1.1363926697583349,-0.33970345677767355,-0.33970345677767355,,1790680883963,True,True,0.6858710562414272,2.0791321883040226,0.11580381471389956,0.11580381471389956,0.32988333310394363,0.7362889935491439,0.7362889935491439,0.04241359318628568,3.0,0.0,0.648645,0.648645,0.857314,-0.007173006526580372,0.770025,0.0,0.6858710562414272,2.0791321883040226,2.506808183786058,1.4863463532664989,5.210349028882688,4.128245141154774,0.7407407407407413,0.2592592592592588,0.7407407407407413,6.0,,,,2.1230013540341597,91.3441557549999,2.51626550584777,5.186768468107472,4.110271166099622,0.6028610353620563,0.6528697762528587,1.5529042630328282
PAPER:NILUSDT:1790681099999:LONG,NILUSDT,TRAIN,RIGHT_THEN_FAILURE,0.505084,-1.1286445533761302,845,STALL_NO_EDGE,0.45734944679722833,-0.3064032693580465,-0.3064032693580465,,,False,False,1.1851493530051993,0.6011783094866052,0.13146886578223604,0.13146886578223604,1.9713774337888108,0.5874830110947608,0.5874830110947608,0.11457122352804827,3.0,1.0,0.553277,0.553277,0.611509,0.9847565831763309,1.6319803333333334,0.012516988905239224,1.1851493530051993,0.6011783094866052,2.6248006868637264,3.0672579453067117,2.97846153846153,2.6877761413843793,0.8470588235294064,0.1529411764705936,0.5647058823529322,1.0,,,,1.4676292243046563,256.4288655883324,2.5654240798112182,2.964456170750285,2.6966325570080443,0.2940121907199718,0.5428814467601328,0.041347293134608165
PAPER:YBUSDT:1790681699999:LONG,YBUSDT,TRAIN,RECOVERED_DRAWDOWN,2.256776,0.918226976166972,2784,RECOVERED_DRAWDOWN,2.2567763674987917,-0.44895311366769386,-0.44895311366769386,1790681810308,1790682296138,True,True,0.34137209558420256,1.2556950772308006,-0.24143985952591596,-0.24143985952591596,0.2718590697488713,0.38442408756608093,0.38442408756608093,-0.46343413421784385,1.0,2.0,0.60644,0.60644,2.142887,-0.07719293015939765,0.3694683333333334,0.21557591243391905,0.34137209558420256,1.2556950772308006,1.0984134028625414,0.3082342580360997,2.1868341370416156,2.026648751539595,0.7446808510638392,0.2553191489361608,0.659574468085119,2.0,,,,0.8759439820291481,22.973261042087238,0.7907689535364582,1.8279013437382363,1.6530118724870646,0.30948200172497836,0.6614586699383378,3.0453803398832413
PAPER:PUMPUSDT:1790681699999:LONG,PUMPUSDT,TRAIN,RECOVERED_DRAWDOWN,11.337886,50.140812843178566,69222,CORRECT_RUNNER,11.337885679569082,0.0,0.0,,1790681738287,True,True,0.268507863444567,0.8487654320987525,0.17214996174446107,0.17214996174446107,0.3163510827492401,0.44668739606800645,0.44668739606800645,0.05116227960386688,3.0,1.0,0.604874,0.604874,0.379976,-0.014413947255017157,0.9374929999999999,0.15331260393199353,0.268507863444567,0.8487654320987525,1.4357780364765205,1.004636785162294,1.4948553678897358,3.4837688044338844,0.9677419354838664,0.03225806451613354,0.45161290322581366,5.0,,,,1.1487011384498258,18.069171777355315,1.1281335871504372,1.1359225745863566,3.110131925381354,0.2792654934686294,0.5821456477753922,0.4559551834334208
PAPER:AAVEUSDT:1790682299999:LONG,AAVEUSDT,TRAIN,TRUE_WRONG_DIRECTION,0.14245,-2.485789557982417,3891,TRUE_WRONG_DIRECTION,0.19466541322963327,-0.5421453862770154,-0.5421453862770154,1790682371696,,False,False,0.0,0.4845300642148276,0.168457740342709,0.168457740342709,0.0,0.6714609732721666,0.6714609732721666,-0.7899066777867003,2.0,0.0,0.610702,0.610702,2.110351,-0.16151002140494253,-0.13484800000000008,0.0,0.0,0.4845300642148276,0.6667056553014694,-0.19134871854343816,2.427848854507575,3.2387692676782764,0.4606741573033593,0.5393258426966407,0.0,0.0,,,,0.7005865307102566,10.362244176174851,0.6444587193377926,2.1880266490736155,2.898719547001505,0.17138209491111303,0.6119444684515132,2.054271771336591
PAPER:ICPUSDT:1790682599999:LONG,ICPUSDT,TRAIN,TRUE_WRONG_DIRECTION,0.068352,-3.6712727815261674,378,TRUE_WRONG_DIRECTION,0.06835157268989533,-0.6973273975543592,-0.6973273975543592,1790682659288,,False,False,0.1476668635558065,0.8026159334125982,0.14744913005013682,0.14744913005013682,0.1839819737043469,0.6121202184621959,0.6121202184621959,0.23527466450685708,4.0,0.0,0.696764,0.696764,0.449168,-0.11987178091505957,0.7554706666666666,0.0,0.1476668635558065,0.8026159334125982,1.193673530289474,1.2541057031949743,1.3146100985957476,1.6791604197901044,0.6000000000000089,0.39999999999999114,0.4999999999999778,5.0,,,,0.8235368791269293,39.311531073856536,0.9350576094274032,1.1177875128715042,1.1471289471497226,0.2654084340636976,0.7040761259722538,0.8665624754437662
PAPER:LDOUSDT:1790683199999:LONG,LDOUSDT,TRAIN,TRUE_WRONG_DIRECTION,0.105791,-3.306083213531277,359,TRUE_WRONG_DIRECTION,0.042897690120202725,-0.544110091800043,-0.544110091800043,1790683454538,,False,False,0.14743049705139288,0.44359949302914536,0.40016849199662197,0.40016849199662197,0.33235046335300117,0.3078192594324839,0.3078192594324839,0.7948959298194058,2.0,1.0,0.774283,0.774283,-0.772301,-0.0004360006249889137,0.48082833333333336,0.2921807405675161,0.14743049705139288,0.44359949302914536,0.25300442757747454,0.5923418658768664,0.8055967776128936,2.0605280103026313,0.9565217391304159,0.043478260869584104,0.3478260869565039,2.0,,,,0.5221108262267293,25.141178574778195,0.31801328556019803,0.631293585064796,1.697683221571411,0.08832807570094482,0.5889228098844507,0.075055594990725
PAPER:MOVRUSDT:1790685299999:LONG,MOVRUSDT,TRAIN,RIGHT_THEN_FAILURE,0.882368,-1.1176437552143588,1341,RIGHT_THEN_FAILURE,0.8823679335184353,-0.3751818047336264,-0.3751818047336264,1790685448268,1790685542188,False,False,-0.22143063444690636,0.46529662659944293,0.4920879969124048,0.4920879969124048,0.4758913385321575,0.7887549339262927,0.7887549339262927,0.21785228196238293,3.0,0.0,0.743807,0.743807,0.304303,-0.37652950998005397,0.5447446666666667,0.0,-0.22143063444690636,0.46529662659944293,0.8073144635735829,0.6409011458535563,0.7877078673538929,0.49452147774651234,0.027027027027023785,0.40540540540541675,-0.5675675675675594,0.0,,,,0.46397978558923025,25.01051945276491,0.7050257140854721,0.7345773918585485,0.5096367664360724,0.20165959087137877,0.7737535181085083,0.667641635971683
PAPER:ARXUSDT:1790685599999:LONG,ARXUSDT,TRAIN,RECOVERED_DRAWDOWN,1.070695,0.3214540819109367,761,CORRECT_RUNNER,1.0706949519187159,-0.31084692152478777,-0.31084692152478777,,1790685660007,True,True,0.5850091407678226,1.5129151291512821,-0.036350418029806875,-0.036350418029806875,0.38667677353190466,0.6897225165653994,0.6897225165653994,-0.04488220250694619,3.0,0.0,0.675498,0.675498,-0.066807,0.08070409771739528,0.7332546666666666,0.0,0.5850091407678226,1.5129151291512821,1.4006634721710487,1.5503875968992276,2.0022246941045596,3.5768072289156683,0.9200000000000089,0.07999999999999112,0.6399999999999956,4.0,,,,1.2791356403551113,15.269177460172719,1.2588766924295447,1.7196446788423803,3.305281626819001,0.39621955648528084,0.6703438614836129,-0.15621496811855096
PAPER:MOCAUSDT:1790686499999:LONG,MOCAUSDT,TRAIN,RIGHT_THEN_FAILURE,2.024755,-2.1976797519452,32,TRUE_WRONG_DIRECTION,0.0,-0.4918616498798989,-0.4918616498798989,1790686521486,,False,False,0.2416806097787605,3.364324738809543,0.21327893175073775,0.21327893175073775,0.07183629065019403,0.4072173122660827,0.4072173122660827,0.24013669754101574,2.0,2.0,0.472342,0.472342,0.859814,-0.8797609698244206,1.950173,0.19278268773391727,0.2416806097787605,3.364324738809543,2.9695407237658733,2.900763358778624,3.058103975535187,4.1127630816760075,0.7395833333333408,0.26041666666665914,0.2916666666666727,2.0,,,,0.4745314750934204,1007.6611009879799,2.9215821651698226,3.1660784927244,3.9332822405652723,0.9412091987189356,0.4787988836480585,7.241481893750468
PAPER:SOONUSDT:1790686799999:LONG,SOONUSDT,TRAIN,CORRECT_RUNNER,1.146388,5.8476312253254665,624,CORRECT_RUNNER,2.3127710682811164,-0.16953235138195133,-0.16953235138195133,,1790686826990,True,True,-0.05959475566150729,1.26811594202898,-0.41741204531901,-0.41741204531901,0.04699472160736024,0.608361378825917,0.608361378825917,0.13556477824632207,4.0,0.0,0.648108,0.648108,0.619547,-0.4823000696711673,1.3411896666666665,0.0,-0.05959475566150729,1.26811594202898,2.6315789473684292,4.35594275046669,3.8711675441313043,3.104826314171527,0.0967741935483767,0.8709677419354799,-0.03225806451614347,0.0,,,,1.6616411650772767,124.60210805130346,2.609041157227321,3.936328780090814,3.0151515775425186,0.6678592724436471,0.6104159123352383,0.6619074248130685
PAPER:ZROUSDT:1790687099999:LONG,ZROUSDT,TRAIN,TRUE_WRONG_DIRECTION,0.151014,-3.25320660745672,342,TRUE_WRONG_DIRECTION,0.0,-0.6734999976180656,-0.6734999976180656,1790687167730,,False,False,0.23857588548357178,0.6758417301548469,-0.14036372513120954,-0.14036372513120954,0.3530055556482284,0.7677377549816994,0.7677377549816994,0.04471127602556635,2.0,0.0,0.690338,0.690338,0.043823,0.013295308765289476,0.5023606666666668,0.0,0.23857588548357178,0.6758417301548469,1.060811644258064,1.01097275305142,1.6753536857781137,1.732166138945801,0.8500000000000166,0.14999999999998334,0.5,6.0,,,,0.8857861780714238,13.708194353861584,1.0693985861645883,1.6593374315559406,1.774777398563504,0.25082387401373346,0.7068014269220757,0.19827493515554018
PAPER:ALICEUSDT:1790687099999:LONG,ALICEUSDT,TRAIN,TRUE_WRONG_DIRECTION,0.15854,-3.328025228287715,90,TRUE_WRONG_DIRECTION,0.039515906342546536,-0.6746269793660442,-0.6746269793660442,1790687172401,,False,False,0.2390914524805554,0.47932893948472444,0.05963029218845062,0.05963029218845062,0.49880454273755553,0.6836722331718676,0.6836722331718676,0.4792597695124412,4.0,0.0,0.548031,0.548031,1.096361,0.0793151393189806,0.25275933333333334,0.0,0.2390914524805554,0.47932893948472444,0.9632751354605507,1.3905683192261264,2.131546894031655,2.3809523809523725,0.8571428571428344,0.14285714285716553,0.5714285714285431,1.0,,,,0.809816781100392,15.33364269174245,0.971862077367075,2.115530639809482,2.423563640570076,0.17889087654740626,0.5825883350105392,2.285132426084191
PAPER:NOMUSDT:1790741699999:LONG,NOMUSDT,TRAIN,RIGHT_THEN_FAILURE,1.074176,-0.7220739732582042,479,RIGHT_THEN_FAILURE,1.0741764095881123,-0.1111770349988439,-0.1111770349988439,,1790741744980,True,False,0.875172731460161,2.0027945971122563,0.2739726027397138,0.2739726027397138,0.43697578010347893,0.587322990063762,0.587322990063762,0.1795704620548344,4.0,0.0,0.563551,0.563551,0.199071,0.20757453242274215,1.8294133333333333,0.012677009936237993,0.875172731460161,2.0027945971122563,2.86519492719588,3.546099290780136,3.1073446327683607,3.8406827880512084,0.9090909090909163,0.09090909090908374,0.8181818181818326,8.0,,,,1.4178762185033333,142.16411615267629,2.8102428740309326,2.944543931860044,3.7948929162236023,0.6301369862383586,0.55973973619462,0.2166419501320238
PAPER:KSMUSDT:1790742299999:LONG,KSMUSDT,TRAIN,RIGHT_THEN_FAILURE,0.724078,-2.1235472646950835,94,TRUE_WRONG_DIRECTION,0.019165771232732,-0.392032835109446,-0.392032835109446,1790742361927,,False,False,-0.019538882375935707,0.8275862068965578,-0.2735978112175186,-0.2735978112175186,0.023609482870922138,0.3436197035301029,0.3436197035301029,0.8350356097830192,3.0,1.0,0.669968,0.669968,4.77937,-0.295400951341455,0.5505856666666668,0.2563802964698971,-0.019538882375935707,0.8275862068965578,1.0665613272763164,1.6689847009735637,1.5479261758285512,1.9728975687524963,0.15624999999999653,0.75,-0.09375000000000347,0.0,,,,0.8102695207977906,44.86497901219964,1.1099351804059132,1.505887835187758,1.8155546046868198,0.30682040254895626,0.6701975880088902,7.434486782766547
PAPER:ARXUSDT:1790742899999:LONG,ARXUSDT,TRAIN,RECOVERED_DRAWDOWN,1.546855,2.590890935618878,1030,RECOVERED_DRAWDOWN,1.5468548081428501,-0.5049736321392495,-0.5049736321392495,1790742971101,1790743168563,True,True,0.18733608092917908,0.8295625942684959,0.18691588785046953,0.18691588785046953,0.22582513028371426,0.7172570244967977,0.7172570244967977,0.08270559097061092,4.0,0.0,0.681476,0.681476,0.41625,-0.08918478382698619,0.8823986666666667,0.0,0.18733608092917908,0.8295625942684959,1.5571591340676205,2.1780664883454426,2.1000381825124093,2.4128686327077764,0.7142857142857181,0.2857142857142819,0.14285714285715417,6.0,,,,1.2175989450442959,18.338168915548348,1.638050202166097,2.2213631249979326,2.543426293907758,0.31039640984181316,0.7026124865882726,0.5285020396631923
PAPER:YBUSDT:1790743199999:LONG,YBUSDT,TRAIN,RECOVERED_DRAWDOWN,1.755635,1.5533016135931708,1425,RECOVERED_DRAWDOWN,1.7556349266211413,-0.5646680644258995,-0.5646680644258995,1790743238887,1790743373697,True,True,0.581267821890763,1.3146266018559505,0.0545196816050586,0.0545196816050586,0.44215431292060153,0.6376150566428909,0.6376150566428909,-0.04152312078794518,3.0,0.0,0.719388,0.719388,1.384472,0.14305895460544615,0.8837210000000001,0.0,0.581267821890763,1.3146266018559505,1.4154594714143487,1.1135611907386878,1.5952143569292199,2.5036325025148187,0.9411764705882377,0.058823529411762304,0.7941176470588217,2.0,,,,0.7739102579079171,45.776085502906824,1.3496383609403195,1.6021470787389525,2.4823439193053964,0.32057572780569166,0.7187763825969875,1.4891070827876884
PAPER:ZROUSDT:1790743199999:LONG,ZROUSDT,TRAIN,RIGHT_THEN_FAILURE,0.568153,-1.1654396736821324,11490,RIGHT_THEN_FAILURE,0.5681534101728447,-0.7484379318210554,-0.7484379318210554,1790743595739,1790744074225,False,False,0.2818428184281796,0.2546735302086267,0.1459301697113835,0.1459301697113835,1.1066828115088994,0.7102073556283786,0.7102073556283786,0.28980448091955324,4.0,0.0,0.679084,0.679084,1.334501,0.1969516416919707,0.6031403333333334,0.0,0.2818428184281796,0.2546735302086267,1.0486073184052591,0.7459842090933977,1.336400481980493,2.515514184397172,0.7283950617283974,0.2716049382716026,0.6666666666666758,2.0,,,,0.7886902904527426,13.968222526589475,0.98278620793123,1.3433332037902257,2.4942256011877495,0.1497135444667066,0.6700503468037715,1.6069449986149564
PAPER:FLUXUSDT:1790743499999:LONG,FLUXUSDT,TRAIN,RIGHT_THEN_FAILURE,0.62193,-9.968322697819925,495,TRUE_WRONG_DIRECTION,0.0,-1.9190276444443488,-1.9190276444443488,1790743520201,,False,False,0.337290879654617,0.7041299932295297,-0.02689256420600472,-0.02689256420600472,0.47901791274025185,0.6203102198466335,0.6203102198466335,-0.17837348938922748,3.0,0.0,0.619696,0.619696,-0.537992,0.10258088191144044,0.36776833333333336,0.0,0.337290879654617,0.7041299932295297,0.8543531326281606,1.8348623853211121,1.459754433833571,2.002468797147161,0.304000000000004,0.695999999999996,0.24800000000000355,2.0,,,,0.5283896323507342,79.46038423656641,0.8919785439634065,1.5266851402604587,2.106803665853901,0.23530993677894518,0.6106771179761936,-0.3439997857632493
PAPER:AKEUSDT:1790744399999:LONG,AKEUSDT,TRAIN,TRUE_WRONG_DIRECTION,0.096318,-1.5936420336043822,3062,TRUE_WRONG_DIRECTION,0.09631830394076779,-0.9599413282982971,-0.9599413282982971,1790744415935,,False,False,1.0835962647799402,1.5659023952862894,-0.034681716429685316,-0.034681716429685316,0.6919947680275624,0.4949549035520914,0.4949549035520914,0.18999492087705683,2.0,0.0,0.50685,0.50685,0.343322,0.5616287996845104,0.7771453333333331,0.1050450964479086,1.0835962647799402,1.5659023952862894,1.222314418842152,1.2578616352201477,1.3355059267069258,2.574302254131511,0.8942065491183874,0.10579345088161261,0.8589420654911831,1.0,,,,1.1842297094625032,40.19131309072933,1.2453487569560606,1.4599991221026232,2.7781916340461734,0.3288457293866725,0.5686280591242464,0.2173003501025894
PAPER:KSMUSDT:1790745599999:LONG,KSMUSDT,TRAIN,RECOVERED_DRAWDOWN,3.716847,2.89042648205813,3876,RECOVERED_DRAWDOWN,3.716846663760509,-0.7206540004048967,-0.7206540004048967,1790745699742,1790746162231,True,True,0.03883495145631244,0.8811435284903135,-0.29114906832299337,-0.29114906832299337,0.044073354908308056,0.45571254203589373,0.45571254203589373,2.002596239598442,3.0,0.0,0.730698,0.730698,-0.027563,-0.25487955804045875,1.1920033333333335,0.14428745796410625,0.03883495145631244,0.8811435284903135,1.7980636237897585,2.0602218700475516,1.81818181818183,-0.11632415664987183,0.6000000000000089,0.39999999999999114,0.09999999999998668,5.0,,,,1.1624286714148724,39.08642473437674,1.714519245438051,1.8617798868867663,-0.09684764267976487,0.4173136645545434,0.7522305958464702,-0.758411395046743
PAPER:BERAUSDT:1790745899999:LONG,BERAUSDT,TRAIN,TRUE_WRONG_DIRECTION,0.137143,-0.7535722423296112,486,TRUE_WRONG_DIRECTION,0.13714349468023634,-0.5306993611101096,-0.5306993611101096,1790745998271,,False,False,0.19716088328076697,1.194743130227005,0.35488958990537167,0.35488958990537167,0.16502365930600144,0.6201239372744309,0.6201239372744309,-0.4015693106179219,3.0,0.0,0.567598,0.567598,0.353227,-0.20108682679490136,1.1450803333333335,0.0,0.19716088328076697,1.194743130227005,2.089192446765753,2.87449392712551,3.5452322738386277,3.587443946188351,0.5999999999999889,0.4000000000000111,0.25,3.0,,,,1.5975281635958627,35.32104655697686,2.0534438189305004,3.491520791337255,3.4840948227407353,0.32664305388311804,0.6050502733796831,-0.028559385772153334
PAPER:AKEUSDT:1790746199999:LONG,AKEUSDT,TRAIN,RECOVERED_DRAWDOWN,1.397675,2.187224334106455,11604,CORRECT_RUNNER,1.3976750033867003,-0.2220762974492363,-0.2220762974492363,,1790746745690,True,True,0.2773363248262717,0.37429819089207506,0.2836569932358701,0.2836569932358701,0.7409502144941937,0.6392507245469724,0.6392507245469724,0.023830530545154716,2.0,0.0,0.460374,0.460374,0.122245,0.15257026119557998,0.4929873333333333,0.0,0.2773363248262717,0.37429819089207506,0.6978126857965394,1.3096587331570264,1.3830692164708225,1.2045161493222656,0.8620689655172463,0.13793103448275368,0.6275862068965603,1.0,,,,0.8009135481733098,13.388672490459086,0.49252341973430314,1.0324028567077925,1.0487463420043364,0.10596643877125791,0.5020607084453628,0.4587431489450955
PAPER:AKEUSDT:1790748299999:LONG,AKEUSDT,TRAIN,STALL_NO_EDGE,0.493569,-2.629525408133069,13853,STALL_NO_EDGE,0.49356850332373803,-1.7227068864952733,-1.7227068864952733,1790748538530,,False,False,0.0703041418309791,0.6517862632970717,-0.09774573889670402,-0.09774573889670402,0.10786379798086636,0.5854941602399654,0.5854941602399654,0.04415859624242735,2.0,0.0,0.612985,0.612985,0.585883,-0.14695794593471145,0.8012306666666666,0.014505839760034611,0.0703041418309791,0.6517862632970717,1.0525665956724328,0.5961160275319788,0.7540085556889231,1.5446650124069539,0.7058823529412176,0.29411764705878235,0.2268907563025842,5.0,,,,0.605665095340191,13.05732880954845,1.0453071961115779,0.8198154137531888,1.6776046322088123,0.21045879404090112,0.6581454268452136,0.5485450689918236
PAPER:GTCUSDT:1790748599999:LONG,GTCUSDT,TRAIN,TRUE_WRONG_DIRECTION,0.11186,-7.701024277505162,266,TRUE_WRONG_DIRECTION,0.11186025241374242,-1.4704147861492656,-1.4704147861492656,1790748843266,,False,False,0.24207746478872583,1.4928698752228131,0.5519372999227334,0.5519372999227334,0.1621557704435528,0.6424066456563678,0.6424066456563678,0.3821744476305122,3.0,1.0,0.632668,0.632668,0.849673,-0.2555458269522119,0.6307236666666666,0.0,0.22007042253520126,1.4705882352941124,1.2900355871886093,1.7881090746535433,2.1190716448032054,2.337078651685398,0.9310344827585992,0.06896551724140076,0.9310344827585992,3.0,,,,0.928944366770712,35.93102156732232,1.4458965680824887,2.2750159773119947,2.6049775278029763,0.36671058406521695,0.5502785692029107,0.06314700534306716
PAPER:BERAUSDT:1790751899999:LONG,BERAUSDT,TRAIN,RIGHT_THEN_FAILURE,1.550165,-2.322395954652798,49,TRUE_WRONG_DIRECTION,0.0,-0.41253625992508924,-0.41253625992508924,1790751986638,,False,False,-0.6635441061670466,1.3540422142572783,-0.5854800936768156,-0.5854800936768156,0.49004683840748275,0.5218604911359406,0.5218604911359406,-0.13798075754318795,2.0,0.0,0.474712,0.474712,2.085454,-1.1148915109194728,2.2021789999999997,0.0781395088640594,-0.6635441061670466,1.3540422142572783,2.4557165861513575,1.556264964086207,1.5968063872255467,1.4752791068580517,0.1818181818181887,0.0,-0.8181818181818113,0.0,,,,0.5480872422569671,52.96422003321585,2.3944823566370177,1.549359930265537,1.6728712799315981,0.5540275048561887,0.4880415170315545,1.618343530765709
PAPER:NILUSDT:1790751899999:LONG,NILUSDT,TRAIN,RIGHT_THEN_FAILURE,1.029234,-1.4739269584282844,69,STALL_NO_EDGE,0.003320231476089397,-0.19486774286932018,-0.19486774286932018,,,False,False,0.5366308912739148,1.5076560659599503,0.046663555762949116,0.046663555762949116,0.3559372083527769,0.7176838251292939,0.7176838251292939,-0.5195869280414489,2.0,1.0,0.634417,0.634417,-0.114987,0.03407886928726478,0.8656393333333333,0.0,0.5366308912739148,1.5076560659599503,2.7175208581644794,2.8646455001193782,3.1972218895940596,2.7297651686732705,0.6341463414634216,0.36585365853657836,0.5609756097560992,5.0,,,,1.4249571935823546,57.07743833765059,2.6562866286501396,3.14977543263405,2.927357341746817,0.3968438152306823,0.6458055129672254,-0.47825196099724465
PAPER:SOMIUSDT:1790753699999:LONG,SOMIUSDT,TRAIN,RIGHT_THEN_FAILURE,1.048564,-0.9498100379923746,2,STALL_NO_EDGE,0.026463108865204532,-0.019996000799837876,-0.019996000799837876,,,False,False,0.6973500697349921,1.0732617825478297,-0.6001846722068271,-0.6001846722068271,0.6497483475835168,0.6456977990636126,0.6456977990636126,-0.2557083241098268,2.0,0.0,0.622147,0.622147,-0.19478,0.33959614221904894,1.4127746666666665,0.0,0.6973500697349921,1.0732617825478297,2.411347517730489,2.75142314990513,2.9957203994293913,3.290414878397696,0.6399999999999956,0.3600000000000044,0.5999999999999889,7.0,,,,1.0838292648651437,246.63222608513604,2.4289725868305743,2.981683811068053,2.9498585620041484,0.5078485687396127,0.581382187362121,-0.24349891533047563
PAPER:BIGTIMEUSDT:1790753699999:LONG,BIGTIMEUSDT,TRAIN,TRUE_WRONG_DIRECTION,0.271239,-1.4886224125332777,10,STALL_NO_EDGE,0.0,-0.20336638250081363,-0.20336638250081363,,,False,False,-0.22717438338382134,0.17378081894210418,0.368643608370367,0.368643608370367,1.3072465923843153,0.20134521742758124,0.20134521742758124,0.062461551703063556,2.0,2.0,0.701988,0.701988,0.758055,-0.2851013230311894,0.723357,0.3986547825724187,-0.22717438338382134,0.17378081894210418,1.1072133304099951,0.6108868768408549,1.1515683263873866,1.8440812720848188,0.13333333333335132,0.37777777777777094,-0.48888888888887777,0.0,,,,0.3546422878703659,117.96646761219169,1.1248383995100808,1.1375317380260486,1.503524955691271,0.23094437816187754,0.6333845523545275,0.7981395760933374
PAPER:SYRUPUSDT:1790753999999:LONG,SYRUPUSDT,TRAIN,RECOVERED_DRAWDOWN,1.610276,1.4674912514593832,3466,CORRECT_RUNNER,1.6102764044704454,-0.13183526870755857,-0.13183526870755857,,1790754216869,True,True,-0.13750429700928324,0.7456216403675997,0.0903614457831381,0.0903614457831381,0.18441564670989444,0.4891224169649903,0.4891224169649903,-0.09067381103181615,2.0,0.0,0.578093,0.578093,-0.37006,-0.38604484379848314,0.7183783333333335,0.11087758303500966,-0.13750429700928324,0.7456216403675997,1.2680291080221284,1.5157471716245041,1.6489524559331725,2.068602046642365,0.5080213903743321,0.31550802139037637,-0.1764705882352915,0.0,,,,0.5507437156711426,84.64600614741674,1.1337102882462813,1.6006468158226927,1.6569841634152205,0.30206540444483637,0.5635436439691179,-0.5338270130805012
PAPER:PENGUUSDT:1790753999999:LONG,PENGUUSDT,TRAIN,TRUE_WRONG_DIRECTION,0.343347,-2.3362619584400823,1937,TRUE_WRONG_DIRECTION,0.3433474419592297,-0.5044539244785651,-0.5044539244785651,1790755026272,,False,False,0.07062146892655718,0.1009183570491512,-0.1310615989515207,-0.1310615989515207,0.6997881355932277,0.4151760130824734,0.4151760130824734,0.13967537259884644,3.0,1.0,0.565014,0.565014,0.330297,0.03698201657684012,0.4530243333333333,0.18482398691752655,0.07062146892655718,0.1009183570491512,0.8130907612562188,0.6289946231105015,1.0801997350453396,2.3526983799401657,0.2500000000000155,0.7499999999999845,0.2500000000000155,2.0,,,,0.6138676265795118,28.59704535886523,0.6787719414803717,1.0318940949348598,1.9410804967130213,0.09174311925688329,0.5132313746680681,0.6095064025466002
PAPER:TAUSDT:1790754299999:LONG,TAUSDT,TRAIN,RIGHT_THEN_FAILURE,1.001979,-1.3350946589852128,9,STALL_NO_EDGE,0.0,-0.13569128025888721,-0.13569128025888721,,,False,False,0.27095026127346156,1.2111740574330954,0.057903879559928484,0.057903879559928484,0.22370877217078167,0.5748988021498495,0.5748988021498495,-0.005769572693636871,2.0,1.0,0.748859,0.748859,-0.004497,-0.1327744245375702,0.7004143333333335,0.025101197850150525,0.27095026127346156,1.2111740574330954,1.3497652582159736,1.4291307752545057,1.9480519480519654,2.818019448303244,0.8636363636363837,0.1363636363636163,0.7727272727272957,8.0,,,,0.5434704978194649,125.95413346202282,1.2902823694894816,1.7786777963570088,2.3643807849843324,0.3512835359617852,0.7471250790631676,0.10988749002440734
PAPER:ACTUSDT:1790754599999:LONG,ACTUSDT,TRAIN,RECOVERED_DRAWDOWN,1.058103,1.012657582254961,372,CORRECT_RUNNER,1.0763761530797167,0.0,0.0,,1790754665100,True,True,0.8205033649856919,1.3812922962825658,0.0640087783467358,0.0640087783467358,0.5940113958456803,0.8367607555954959,0.8367607555954959,0.11591530699066599,3.0,1.0,0.851556,0.851556,0.779794,0.36007259955816995,0.8031760000000001,0.0,0.8205033649856919,1.3812922962825658,1.522465651689564,1.4377144977274714,2.1578701541335787,2.4833661325086576,0.9183673469387654,0.0816326530612346,0.9183673469387654,4.0,,,,0.9548508091927754,67.39837927898945,1.5214411644015602,1.9604447278094628,2.2615528059202084,0.35113386975274224,0.8544902281557835,1.220473964789881
PAPER:ICNTUSDT:1790754899999:LONG,ICNTUSDT,TRAIN,RECOVERED_DRAWDOWN,2.674076,4.782115794904943,1051,CORRECT_RUNNER,2.6740759632504663,-0.21955688702578469,-0.21955688702578469,,1790755238166,True,True,0.09980039920161055,0.8040201005025116,0.0,0.0,0.12412674650700327,0.6347437031623836,0.6347437031623836,0.012633986754262416,2.0,1.0,0.611208,0.611208,0.117656,-0.16820630096589334,0.3343366666666666,0.0,0.09980039920161055,0.8040201005025116,0.6018054162487463,0.9054325955734299,0.6018054162487463,2.346938775510199,0.5,0.5,0.25,2.0,,,,0.7777088212267858,12.756414141022555,0.69623195541752,0.6180505717568452,2.3406122065088795,0.22931206378564134,0.7272220142671096,0.1998442167565173
PAPER:SONICUSDT:1790755499999:LONG,SONICUSDT,TRAIN,RECOVERED_DRAWDOWN,2.128571,0.6600849153235251,1042,CORRECT_RUNNER,3.7758064432958705,-0.5929473131161767,-0.5929473131161767,1790755589882,1790755530722,True,True,0.5035971223021685,2.8718703976435833,-0.07158196134573469,-0.07158196134573469,0.1753551005349608,0.4885506289677444,0.4885506289677444,-0.5514840706964286,2.0,0.0,0.724457,0.724457,-0.087425,-0.45369301024569264,1.8767179999999999,0.11144937103225555,0.5035971223021685,2.8718703976435833,2.8340080971659853,2.8340080971659853,2.8718703976435833,2.8340080971659853,0.8285714285714254,0.17142857142857454,0.4285714285714314,3.0,,,,1.1466436138287683,467.1780915272214,2.879186175155357,3.044309697540676,2.937173947242122,0.7730851824566924,0.7345850355367063,-0.6403295713266033
PAPER:RECALLUSDT:1790755799999:LONG,RECALLUSDT,TRAIN,RIGHT_THEN_FAILURE,0.645059,-1.2014857031616701,25,STALL_NO_EDGE,0.020310390653177635,-0.20137476233839102,-0.20137476233839102,,,False,False,-0.16057808109193328,0.2822580645161388,-0.26135906714916946,-0.26135906714916946,0.5689052015828296,0.3642076001884787,0.3642076001884787,0.22766005963610336,3.0,1.0,0.560437,0.560437,0.313367,-0.25466410259731287,0.1786016666666666,0.23579239981152128,-0.16057808109193328,0.2822580645161388,0.6475111290975333,1.4687882496940086,1.4067278287461793,1.9053472649047443,0.0,0.37499999999998374,-0.6250000000000162,0.0,,,,0.45555157943502067,70.35920060388699,0.7759653043073356,1.6488258177548232,2.139168003760905,0.09650180939927648,0.6101557704304058,0.9941906827208635
PAPER:TAGUSDT:1790756399999:LONG,TAGUSDT,TRAIN,TRUE_WRONG_DIRECTION,0.110402,-3.1407908334149637,107,TRUE_WRONG_DIRECTION,0.11040239189534784,-0.49417197423686776,-0.49417197423686776,1790756642759,,False,False,-0.18959592368763545,0.5851444948650641,0.13059479995249923,0.13059479995249923,0.3240155642776008,0.7476014567638783,0.7476014567638783,-0.011674712017684108,2.0,0.0,0.716063,0.716063,0.035761,-0.38464408864265687,1.030448,0.0,-0.18959592368763545,0.5851444948650641,1.2014898474107971,1.2379807692307843,0.513126491646787,0.970990170222974,0.25925925925928456,0.0,-0.7407407407407155,0.0,,,,0.5441799248884882,42.0522442647743,1.1097413552271451,0.6236088383869076,1.2812243031592785,0.2837468835048093,0.7250626454821211,0.11801053979128007
PAPER:PHAUSDT:1790757299999:LONG,PHAUSDT,TRAIN,RECOVERED_DRAWDOWN,1.871785,2.0766349667242148,9940,RECOVERED_DRAWDOWN,1.8717849306715495,-0.4651209258519251,-0.4651209258519251,1790757333043,1790757460021,True,True,0.4723430702299636,0.9617786660004901,-0.012371644191511155,-0.012371644191511155,0.49111410652741894,0.596561759078286,0.596561759078286,0.006388904408161089,3.0,0.0,0.51064,0.51064,0.312169,0.15175018156313352,-0.04021533333333327,0.0034382409217139642,0.4723430702299636,0.9617786660004901,0.9491694767078673,2.0451963135967643,2.9681528662420353,2.8502353989057205,0.8461538461538413,0.15384615384615877,0.5846153846153948,2.0,,,,1.5107029337211308,6.794025934007633,1.0449396109247722,3.0875477910643268,3.046659879657682,0.28825930963342633,0.5489561479740134,0.3969581969348157
PAPER:GRASSUSDT:1790758199999:LONG,GRASSUSDT,TRAIN,CORRECT_RUNNER,1.051765,0.0931215852054515,220,STALL_NO_EDGE,0.34189737299650247,-0.07567190446082783,-0.07567190446082783,,,False,True,0.4433975336012086,1.726073533539152,-0.7863153538419154,-0.7863153538419154,0.2568821808489604,0.5511437343293432,0.5511437343293432,-0.292280313728166,3.0,0.0,0.628563,0.628563,-0.141137,-0.13196031091184202,1.1392346666666666,0.04885626567065682,0.4433975336012086,1.726073533539152,2.3003104713519518,3.2621082621082653,3.4832262669521663,3.527563553270485,0.8253968253968262,0.17460317460317376,0.5238095238095213,5.0,,,,1.8722199722317034,45.21226648743066,2.1676622555358516,3.230259856773221,3.474931382839641,0.45937370667223054,0.6225306628961109,-0.41421661594922554
PAPER:SANDUSDT:1790758199999:LONG,SANDUSDT,TRAIN,TRUE_WRONG_DIRECTION,0.201297,-1.0603512486965994,159,TRUE_WRONG_DIRECTION,0.06852104568020323,-0.3519349250999615,-0.3519349250999615,1790758282303,,False,False,0.02211900022119906,0.7126948775055597,-0.11057054400708255,-0.11057054400708255,0.031035722185370287,0.6126918971866092,0.6126918971866092,0.0374755587825959,2.0,0.0,0.634248,0.634248,-0.067374,-0.21544595894732085,0.6471103333333335,0.0,0.02211900022119906,0.7126948775055597,1.1180679785330883,1.1180679785330883,1.4128728414442904,1.2992831541218663,0.6250000000000162,0.37499999999998374,0.12500000000003794,5.0,,,,0.8111841505704653,32.50636619224485,0.9854197627169881,1.159906431265345,1.2466509836910222,0.2808491817498895,0.6620759759516419,0.10758631745773073
PAPER:KOMAUSDT:1790758199999:LONG,KOMAUSDT,TRAIN,RIGHT_THEN_FAILURE,1.050196,-2.7819643606832916,62,TRUE_WRONG_DIRECTION,0.0,-0.5375064491599191,-0.5375064491599191,1790758272207,,False,False,0.2569010679024819,2.9643041903776535,0.060447310094691176,0.060447310094691176,0.0866648803238215,0.6060678324576145,0.6060678324576145,0.0006972545056660451,2.0,0.0,0.465909,0.465909,0.108785,-0.7312003288900693,1.775366,0.0,0.2417892403788091,2.948784273150551,3.0074020394430523,3.1141509922794075,3.328314034996649,2.8211222486307808,0.6228070175438765,0.37719298245612354,0.31578947368422333,3.0,,,,0.5630542157667673,559.406563518807,2.910862333142328,3.0932846728916497,2.8506863772190085,0.8271356783092471,0.4841234035898451,0.7013945990070214
PAPER:BLURUSDT:1790759099999:LONG,BLURUSDT,TRAIN,RECOVERED_DRAWDOWN,0.60548,0.25188676172372815,242,CORRECT_RUNNER,0.60548044385349,-0.1162231461311114,-0.1162231461311114,,1790759212843,False,True,0.1927710843373509,0.8244422890397729,0.09620009620008307,0.09620009620008307,0.23381998582565577,0.58056206263977,0.58056206263977,0.15133957369271034,3.0,0.0,0.609706,0.609706,0.341248,-0.08204301200924008,0.8606306666666665,0.01943793736023003,0.1927710843373509,0.8244422890397729,1.2171372930866564,1.0204081632652962,1.0695187165775222,2.768166089965396,0.8571428571428642,0.14285714285713577,0.5714285714285431,2.0,,,,0.8272065023805952,32.6205899731942,1.0515162587375282,0.98291827148006,2.397529204728277,0.20683020680952538,0.6503699083399096,0.14453145962816105
PAPER:PIPPINUSDT:1790759099999:LONG,PIPPINUSDT,TRAIN,RECOVERED_DRAWDOWN,1.496437,2.4458633247199666,1635,RECOVERED_DRAWDOWN,1.4964371142507815,-0.6474855656483869,-0.6474855656483869,1790759258525,1790760224344,True,True,0.0522739153162588,0.2619172341540077,0.0,0.0,0.19958180867747582,0.30601631091922704,0.30601631091922704,0.10144701117502652,2.0,1.0,0.654736,0.654736,0.350593,-0.035031829401743764,1.7330943333333333,0.29398368908077294,0.0522739153162588,0.2619172341540077,2.517407605784694,2.080000000000015,2.35294117647058,3.7960954446854656,0.333333333333359,0.666666666666641,0.0,0.0,,,,1.0473191965445938,566.7503582474985,2.3517865714355657,2.2663407313731176,3.4254585594483467,0.20898641586206948,0.46617877351736403,0.6044940431859214
PAPER:ZORAUSDT:1790759999999:LONG,ZORAUSDT,TRAIN,RIGHT_THEN_FAILURE,0.653102,-1.3856629652750365,2,STALL_NO_EDGE,0.0,-0.0823199030559163,-0.0823199030559163,,,False,False,-0.11200995644057299,0.7658505963590745,-0.11213555943184739,-0.11213555943184739,0.1462556234506819,0.32328546611446907,0.32328546611446907,2.0865652754188613,2.0,2.0,0.711586,0.711586,-0.235115,-0.3672934885602645,0.4768446666666667,0.2767145338855309,-0.11200995644057299,0.7658505963590745,0.7026348808030214,1.0831234256927003,0.677370797792265,1.5820782179470916,0.30000000000000576,0.3999999999999884,-0.30000000000000576,0.0,,,,0.21465691145199362,56.29023254835173,0.6910333568864946,0.5552975843494456,1.3096697557874792,0.24919013204585377,0.7162637122827502,1.666511629779377
PAPER:GALAUSDT:1790760899999:LONG,GALAUSDT,TRAIN,RIGHT_THEN_FAILURE,0.538792,-1.164524221123076,46,STALL_NO_EDGE,0.23790598716026956,-0.06297966545986133,-0.06297966545986133,,,False,False,-0.08568980291346895,0.6039689387402847,-0.2572898799313883,-0.2572898799313883,0.1418778308238742,0.5347578830892621,0.5347578830892621,0.19492455883358684,3.0,0.0,0.632948,0.632948,1.074929,-0.2870127824935639,0.7661980000000002,0.06524211691073789,-0.08568980291346895,0.6039689387402847,1.215277777777768,1.303214596003488,1.3472403302911662,1.8340611353711678,0.22222222222220617,0.5555555555555395,-0.22222222222225435,0.0,,,,0.7381803361269812,53.35284939496341,0.9014165013550346,0.8433066780733856,1.209003910413975,0.30874785588679066,0.612972463796508,1.174620618535327
PAPER:CRVUSDT:1790760899999:LONG,CRVUSDT,TRAIN,TRUE_WRONG_DIRECTION,0.199472,-0.9498100379923309,55,STALL_NO_EDGE,0.00438936602924489,-0.23946430226148285,-0.23946430226148285,,,False,False,0.024402147388968842,1.1848926191063924,-0.17077335935593574,-0.17077335935593574,0.020594395640148516,0.44330410736421066,0.44330410736421066,0.3109835722154175,3.0,1.0,0.538486,0.538486,1.875079,-0.37056205897982863,0.9568463333333335,0.1566958926357893,0.024402147388968842,1.1848926191063924,1.4101929737753593,1.762661370407148,1.360039564787341,3.041729512317737,0.5652173913043416,0.4347826086956585,0.04347826086956102,4.0,,,,0.9635420318540922,55.02553163764727,1.096331697352626,0.8561059125695603,2.416672287360544,0.40253720415588934,0.5605620628174964,1.6877341600059825
PAPER:LQTYUSDT:1790761199999:LONG,LQTYUSDT,TRAIN,RECOVERED_DRAWDOWN,0.683215,0.08334095489548304,420,CORRECT_RUNNER,0.6832146189711175,-0.22682265367365284,-0.22682265367365284,,1790761753096,False,True,0.20738282870178537,0.8768267223382198,0.041390728476820016,0.041390728476820016,0.23651517844798445,0.7891879674716992,0.7891879674716992,0.0493997412338798,2.0,0.0,0.758327,0.758327,-0.223877,-0.08489274541095454,0.457361,0.0,0.20738282870178537,0.8768267223382198,0.9189640768588081,1.3848090642047728,1.3848090642047728,1.6407236011779514,0.7777777777777983,0.22222222222220167,0.7777777777777983,2.0,,,,0.42248693528323944,54.35316229378842,1.0700020036517377,1.1601274317144417,1.189189980284422,0.22350993375248523,0.7654297839553542,0.3251608217285318
PAPER:SAGAUSDT:1790761799999:LONG,SAGAUSDT,TRAIN,RECOVERED_DRAWDOWN,1.476055,0.1438217648441037,2159,CORRECT_RUNNER,1.4760551539327205,-0.3119084212354517,-0.3119084212354517,,1790762088749,True,True,-0.07291286912139983,0.10956902848793248,-0.14593214155418366,-0.14593214155418366,0.6654514521813997,0.44852836801407625,0.44852836801407625,-0.0876475819529654,1.0,1.0,0.600208,0.600208,-0.416149,-0.10943587861737733,0.340506,0.15147163198592373,-0.07291286912139983,0.10956902848793248,0.8091210003677851,0.47653958944282593,1.4058453570107377,2.1236959761550045,0.2857142857142857,0.42857142857142855,-0.2857142857142857,0.0,,,,0.582232707627317,18.84499601737575,0.7657533573688258,1.527074557389696,1.771456113943859,0.06202116015432324,0.49789451424144626,-0.552014868418782
PAPER:NIGHTUSDT:1790761799999:LONG,NIGHTUSDT,TRAIN,TRUE_WRONG_DIRECTION,0.245751,-2.12978686011177,524,STALL_NO_EDGE,0.2457512041596388,-0.28574320575932566,-0.28574320575932566,,,False,False,0.20759193357058336,0.4160475482912318,0.20716188221368004,0.20716188221368004,0.4989620403321539,0.6708345660513026,0.6708345660513026,0.29426442158146937,4.0,0.0,0.685623,0.685623,-0.334257,0.0689094174735061,0.6474016666666667,0.0,0.20759193357058336,0.4160475482912318,1.0164424514200299,1.0466507177033568,1.1071214841412491,1.1676646706586968,0.8333333333333429,0.16666666666665703,0.5833333333333285,6.0,,,,0.7387973994260388,16.484955004209997,0.9730748084210705,1.2283506845202075,0.8154248084475513,0.13317549569547382,0.7001227500262156,-0.31760063413459605
PAPER:HUMAUSDT:1790762099999:LONG,HUMAUSDT,TRAIN,RIGHT_THEN_FAILURE,0.610424,-3.1411969345007136,4028,RIGHT_THEN_FAILURE,0.6104236298383414,-1.4563128912228995,-1.4563128912228995,1790762869319,1790762579155,False,False,0.07468744926124593,0.06493928177155883,-0.1330391329742442,-0.1330391329742442,1.1501120311736563,0.5859326247369355,0.5859326247369355,0.032795728534518176,3.0,0.0,0.625491,0.625491,0.053696,0.05304102200405965,0.17744966666666667,0.014067375263064452,0.07468744926124593,0.06493928177155883,0.5415633563878419,1.0393101865512566,1.092340495325561,1.012815890392993,1.0,0.0,0.3611111111111218,1.0,,,,0.34130884008329865,24.7263535263298,0.5361412605571381,1.0390392793633407,0.7607521582485233,0.04769939645184787,0.5810076977728473,0.1576649031736599
PAPER:CTRUSDT:1790762399999:LONG,CTRUSDT,TRAIN,RIGHT_THEN_FAILURE,0.910229,-1.3722381110090274,653,RIGHT_THEN_FAILURE,0.702658391812605,-0.8964066471596088,-0.8964066471596088,1790762420666,1790762625435,False,False,0.6696776203083621,1.0552645978269437,0.6574876237623872,0.6574876237623872,0.6346063553040606,0.757959950690855,0.757959950690855,0.27585778645780046,4.0,0.0,0.685045,0.685045,1.900755,0.3179227543660475,-0.17279433333333327,0.0,0.6696776203083621,1.0552645978269437,1.2689957700141141,2.570612503966996,4.325371207230466,4.174053182917015,0.7500000000000046,0.24999999999999548,0.6354166666666657,1.0,,,,1.5515240335088443,94.82710929730902,1.2822867002023786,4.302121831845568,3.978442799483428,0.2482982673019029,0.747884312094516,1.7359014960998564
PAPER:BTWUSDT:1790762699999:LONG,BTWUSDT,TRAIN,RIGHT_THEN_FAILURE,2.420344,-7.783660640283197,2168,TRUE_WRONG_DIRECTION,0.0,-1.813276397974839,-1.813276397974839,1790762717624,,False,False,1.81347150259068,3.7330316742081537,-1.7993456924754625,-1.7993456924754625,0.48579054796671434,0.6281941470089147,0.6281941470089147,-0.0484782807481654,2.0,0.0,0.617224,0.617224,-0.341599,0.5691276111879622,3.6748656666666664,0.0,1.81347150259068,3.7330316742081537,5.716207128446538,7.1157402900807964,6.124023531680978,5.868770444487192,0.7216117216117208,0.27838827838827923,0.710622710622711,6.0,,,,3.60104108438426,227.8564999310578,5.633870280772713,6.0438752933546835,5.931070990969789,0.9105779715556166,0.6116073947269899,-0.7300029856218582
PAPER:NIGHTUSDT:1790762699999:LONG,NIGHTUSDT,TRAIN,RECOVERED_DRAWDOWN,12.091734,25.519434159178633,54774,CORRECT_RUNNER,12.091734244880769,-0.28202862630735126,-0.28202862630735126,,1790763008651,True,True,0.08754012255616228,0.05834305717620225,0.11661807580176653,0.11661807580176653,1.5004377006124616,0.579188155136013,0.579188155136013,-0.14777703104226214,3.0,0.0,0.634295,0.634295,-0.27131,0.06809243683076154,1.0062146666666667,0.020811844863987017,0.08754012255616228,0.05834305717620225,1.509322284699599,1.4792899408283988,1.509322284699599,2.633153800119681,0.42857142857142383,0.5714285714285762,0.23809523809520977,1.0,,,,0.6474623895177167,145.1025501469867,1.426985437025774,1.429174046373305,2.6954543466022773,0.09620991252682128,0.5854780556579858,0.08075569356094103
PAPER:INITUSDT:1790762699999:LONG,INITUSDT,TRAIN,TRUE_WRONG_DIRECTION,0.309523,-2.789491815673294,771,TRUE_WRONG_DIRECTION,0.3095232058667685,-0.46581610393702233,-0.46581610393702233,1790762734617,,False,False,0.4484304932735439,1.0097049308891215,0.25232919254658537,0.25232919254658537,0.44412033610518964,0.701732725687286,0.701732725687286,0.0349403282829952,3.0,0.0,0.649218,0.649218,0.006175,0.11186218297717004,0.5279643333333334,0.0,0.4484304932735439,1.0097049308891215,1.2180746561886169,1.497241922773851,2.070331847449247,2.354226681235727,0.7500000000000058,0.24999999999999423,0.7500000000000058,1.0,,,,0.8847080253480133,10.63572089885126,1.1357378085147918,1.990183609122953,2.4165272277183236,0.2377717391066597,0.7045378606583308,-0.03178208160612428
PAPER:CTRUSDT:1790762699999:LONG,CTRUSDT,TRAIN,CORRECT_RUNNER,1.581953,0.6774186168209756,377,CORRECT_RUNNER,1.581952851993229,-0.03532565489355877,-0.03532565489355877,,1790762763682,True,True,-0.9778456837280292,0.17775716825101373,0.49375096435735344,0.49375096435735344,5.501019696416392,0.18415694883862527,0.18415694883862527,-0.41100866678724923,2.0,1.0,0.523427,0.523427,1.735901,-1.0370980731450337,-0.6837943333333333,0.4158430511613747,-0.9778456837280292,0.17775716825101373,0.2629950495049549,1.5353282155726067,2.840368137099336,4.363929146537826,0.0,0.07299270072992405,-0.927007299270076,0.0,,,,1.2508091295854618,175.82488001410016,0.1806582018311298,2.760219898773042,4.426229693020423,0.06403332818368791,0.4879332135840311,1.29406915884831
PAPER:NOMUSDT:1790762999999:LONG,NOMUSDT,TRAIN,RECOVERED_DRAWDOWN,1.584452,2.5995207480741187,604,CORRECT_RUNNER,1.584451564524314,-0.019996000799837876,-0.019996000799837876,,1790763143515,True,True,0.3219871205151881,0.5532503457814864,0.0,0.0,0.5819917203311812,0.579636701144402,0.579636701144402,-0.013136637368715842,3.0,0.0,0.641995,0.641995,0.172935,0.13757033858802595,0.4766503333333334,0.020363298855597955,0.3219871205151881,0.5532503457814864,0.8788159111933647,0.972222222222241,1.2064965197216004,1.8682858477347075,1.0,0.0,0.8571428571429014,3.0,,,,0.73211187217328,14.509414511355734,0.8836893624198594,1.1277142659582906,1.6960935709233071,0.12379642364649494,0.5424521219820315,0.7362072626453386
PAPER:MAGICUSDT:1790763599999:LONG,MAGICUSDT,TRAIN,RECOVERED_DRAWDOWN,2.621559,5.03076152019173,1777,CORRECT_RUNNER,2.6215589423457253,-0.09601197038675569,-0.09601197038675569,,1790763714479,True,True,-0.07591573353576964,0.15217804831653137,-0.075973409306751,-0.075973409306751,0.4988612639969229,0.44397767756804596,0.44397767756804596,-0.24131607699693358,1.0,1.0,0.758843,0.758843,0.907265,-0.12664174964128008,0.44613633333333325,0.15602232243195402,-0.07591573353576964,0.15217804831653137,0.649971324794496,0.8813949032381752,0.6115039174469761,-0.34071550255536653,0.6363636363636478,0.0,-0.36363636363635216,0.0,,,,0.3159766152745158,18.38668523965044,0.6093053782350588,0.5660847071519814,-0.4720073518389434,0.17094017092307784,0.5991593347708665,0.7813455662783797
PAPER:NOMUSDT:1790763899999:LONG,NOMUSDT,TRAIN,RIGHT_THEN_FAILURE,0.655545,-0.6123605853154198,29,STALL_NO_EDGE,0.2502202262250286,-0.06503203863732487,-0.06503203863732487,,,False,False,0.0,0.7220216606498076,-0.537634408602139,-0.537634408602139,0.0,0.29960260277993345,0.29960260277993345,0.5961128301130714,3.0,1.0,0.514803,0.514803,1.079004,-0.24067388688326918,0.30749799999999994,0.30039739722006653,0.0,0.7220216606498076,1.0869565217391353,1.3163867453472422,2.3383768913342484,3.5730858468677518,0.6250000000000135,0.37499999999998646,0.0,0.0,,,,1.1941075703374882,42.05821113515175,1.0009358408223479,2.2264270428598354,3.3616679187936427,0.2688172042741923,0.37329241981008104,1.4987135517907202
PAPER:MMTUSDT:1790764199999:LONG,MMTUSDT,TRAIN,RIGHT_THEN_FAILURE,0.870345,-0.16496165146219388,589,RIGHT_THEN_FAILURE,0.870344527218192,-0.019996000799837876,-0.019996000799837876,,1790764423592,False,False,0.5263157894736858,0.79155672823219,-0.05235602094241232,-0.05235602094241232,0.6649122807017565,0.6191642234848098,0.6191642234848098,0.22766549822077486,4.0,0.0,0.644458,0.644458,0.888879,0.2624635467296225,0.6876346666666666,0.0,0.5263157894736858,0.79155672823219,1.0582010582010692,1.2188659247482692,1.111699311805192,1.2725344644750836,1.0,0.0,1.0,3.0,,,,0.7578445196775974,36.12042445778205,1.0627782141974018,0.992548641350266,1.197842297208096,0.19371727746753828,0.5918184340653989,1.099735020298498
PAPER:PONSUSDT:1790764499999:LONG,PONSUSDT,TRAIN,RIGHT_THEN_FAILURE,0.522803,-1.8244601079783183,311,STALL_NO_EDGE,0.29517739184212743,-0.31765976051723044,-0.31765976051723044,,,False,False,-0.08736676568233959,0.42149631190726566,-0.12242042672261366,-0.12242042672261366,0.2072776515813532,0.7273434286599809,0.7273434286599809,0.10080976424187149,3.0,1.0,0.668856,0.668856,0.236636,-0.2278655363180948,0.3017453333333334,0.0,-0.08736676568233959,0.42149631190726566,0.8287779932992345,0.9177550300035309,1.5810978859477798,2.4180548092423315,0.14814814814812988,0.6296296296296342,-0.22222222222223592,0.0,,,,0.8332237083856553,25.966684956425055,0.6747462781509284,1.3307617526670978,2.0762106891061727,0.1416579223363044,0.6849721506946528,0.1553608260685735
PAPER:LITUSDT:1790764499999:LONG,LITUSDT,TRAIN,RIGHT_THEN_FAILURE,0.610849,-1.0391161313284685,3844,RIGHT_THEN_FAILURE,0.6108490660729604,-0.18600786050320117,-0.18600786050320117,,1790764600710,False,False,-0.2596080427589631,0.24557454210580865,-0.10717566602020945,-0.10717566602020945,1.057145584118031,0.44481172514940753,0.44481172514940753,0.19148566354281193,2.0,2.0,0.535992,0.535992,0.487929,-0.34146622346089933,0.32845533333333327,0.15518827485059244,-0.2596080427589631,0.24557454210580865,0.7688549461287275,0.7636728291892769,1.3211986451896474,1.1773210781782506,0.27215189873418877,0.08227848101266304,-0.6455696202531482,0.0,,,,0.6932568660563465,23.065902366325844,0.6148232309804214,1.0708625119089654,0.8354769580420918,0.1638256609002258,0.503859641325328,0.46685068831164855
PAPER:RUNEUSDT:1790764799999:LONG,RUNEUSDT,TRAIN,RECOVERED_DRAWDOWN,1.504444,3.5030053267030916,1287,RECOVERED_DRAWDOWN,1.5044439102875673,-0.39464648742302266,-0.39464648742302266,1790764870833,1790764916171,True,True,0.22015022015022812,0.6110244409776477,-0.012921566093804238,-0.012921566093804238,0.3602969134884108,0.7414871217801092,0.7414871217801092,0.11357280757562371,4.0,0.0,0.530125,0.530125,0.501309,0.0164754064910122,0.35383366666666677,0.0,0.22015022015022812,0.6110244409776477,0.7813517385076185,0.9786012526096011,1.2825546394451104,1.3356029854654894,0.6666666666666666,0.3333333333333333,0.6666666666666666,5.0,,,,0.7307017141814809,24.86308487346683,0.8931287774769814,1.234400095728283,1.1747722468766653,0.17831761207675598,0.7118169146802495,0.8871260738428255
PAPER:NOMUSDT:1790764799999:LONG,NOMUSDT,TRAIN,TRUE_WRONG_DIRECTION,0.333603,-1.3913884552885822,118,TRUE_WRONG_DIRECTION,0.15680329893348333,-0.5061940750665128,-0.5061940750665128,1790764892966,,False,False,0.08849557522125906,1.1627906976744207,0.08849557522125906,0.08849557522125906,0.07610619469028265,0.46529085920983154,0.46529085920983154,0.24773933667485704,3.0,0.0,0.501249,0.501249,1.596813,-0.29910132400354783,1.4754379999999998,0.13470914079016844,0.08849557522125906,1.1627906976744207,2.029769959404626,1.7086330935252025,1.8001800180017957,3.4766697163769456,0.4666666666666763,0.5333333333333237,0.13333333333335262,3.0,,,,1.2474589708081796,58.31324037722103,2.1184397374458817,1.8210934458813333,3.3612481250904436,0.23872679042705672,0.49069738173630806,1.4886961295209833
PAPER:RUNEUSDT:1790765099999:LONG,RUNEUSDT,TRAIN,TRUE_WRONG_DIRECTION,0.324763,-3.5011520045926208,222,TRUE_WRONG_DIRECTION,0.0949235440268259,-0.5435183716768655,-0.5435183716768655,1790765163804,,False,False,-0.07675578866571664,0.37265484451298736,0.2048393291511852,0.2048393291511852,0.20597018875744585,0.4587354696965868,0.4587354696965868,0.30173065706842195,3.0,0.0,0.556255,0.556255,0.887126,-0.20097407017004576,0.2910003333333333,0.14126453030341318,-0.07675578866571664,0.37265484451298736,0.9303527587543492,1.7189738247167519,1.918058455114835,2.238219895287963,0.41176470588236447,0.441176470588243,-0.14705882352939256,0.0,,,,0.6551137024270792,114.98827888427037,0.8880020878805572,1.822948160432314,2.030018803539113,0.257329407220457,0.5070215408488307,3.5589857649182433
PAPER:HUSDT:1790765099999:LONG,HUSDT,TRAIN,RIGHT_THEN_FAILURE,0.840741,-1.8231658988353483,61,STALL_NO_EDGE,0.006902036326650318,-0.20828226068534406,-0.20828226068534406,,,False,False,-0.06729475100942794,1.0891763104152519,0.09427609427610228,0.09427609427610228,0.06178499327053084,0.49295138446979886,0.49295138446979886,0.5710586172621435,2.0,0.0,0.597691,0.597691,0.032037,-0.43035352114784525,2.452564333333333,0.10704861553020112,-0.06729475100942794,1.0891763104152519,3.817114093959728,4.415693995218661,4.093649235945596,4.843264614515674,0.4285714285714172,0.28571428571429136,-0.28571428571429136,0.0,,,,0.7027084457729149,2519.685885959895,3.774763423085936,3.9985389412630745,4.635063522766824,0.8309764308933326,0.5282116991304349,0.6045248762936772
PAPER:PHAUSDT:1790765399999:LONG,PHAUSDT,TRAIN,RIGHT_THEN_FAILURE,0.672473,-1.1384859692208469,214,STALL_NO_EDGE,0.23181108646677107,-0.1333091900697858,-0.1333091900697858,,,False,False,0.10090817356205317,0.16407926290546992,0.2520161290322731,0.2520161290322731,0.6149965070247106,0.6337413297257873,0.6337413297257873,0.6411296421541701,4.0,0.0,0.565634,0.565634,0.669267,0.04621508592689653,1.2278479999999998,0.0,0.10090817356205317,0.16407926290546992,2.3075931416784767,2.638385928608389,3.239235072199831,3.2661027976577772,0.2833333333333376,0.7166666666666625,0.13333333333332717,2.0,,,,1.7541877459090083,69.0107341475241,2.3205910017720264,3.3394970023773505,3.1438978669592332,0.2709173386825856,0.47889629498321695,0.8983333746097166
PAPER:NEARUSDT:1790765699999:LONG,NEARUSDT,TRAIN,RIGHT_THEN_FAILURE,0.564352,-1.1381302453688227,63,STALL_NO_EDGE,0.0,-0.09539570215671977,-0.09539570215671977,,,False,False,-0.05650781691467488,0.34039334341906535,-0.05653976630229929,-0.05653976630229929,0.16600740880266546,0.2985818799669789,0.2985818799669789,0.24985400683588121,3.0,1.0,0.537513,0.537513,0.057427,-0.16997226472103,0.517023,0.3014181200330211,-0.05650781691467488,0.34039334341906535,1.1051829268292623,1.9404418828049996,1.7644802454928943,3.612575668814677,0.5333333333333452,0.3333333333333333,-0.13333333333332148,0.0,,,,0.8622204826153501,76.0501763508547,1.0258952036023339,1.6525374978047513,3.5161031690592037,0.13758009798850265,0.476842815565465,-0.08562767635502677
PAPER:XVSUSDT:1790765699999:LONG,XVSUSDT,TRAIN,RECOVERED_DRAWDOWN,2.120249,2.521313050428592,1260,CORRECT_RUNNER,2.120248733127994,-0.15897293157437486,-0.15897293157437486,,1790766035599,True,True,-0.027793218454696955,0.08347245409014992,-0.027793218454696955,-0.027793218454696955,0.33296275708727086,0.5572864052975488,0.5572864052975488,0.04124567392702616,3.0,0.0,0.70542,0.70542,2.097102,-0.055617369818080256,0.2591379999999999,0.042713594702451174,-0.027793218454696955,0.08347245409014992,0.8127802690582886,0.5310229178312031,1.124543154343538,1.552795031055898,0.5,0.5,0.19999999999998225,2.0,,,,0.5633914103771342,42.09324852295726,0.7807572312594546,1.0445382967312233,1.4878945931475984,0.08340283568807286,0.42968586062063674,2.676061331887758
PAPER:XVSUSDT:1790766299999:LONG,XVSUSDT,TRAIN,RIGHT_THEN_FAILURE,1.555581,-3.435199426799676,75,TRUE_WRONG_DIRECTION,0.0,-0.6833966355747401,-0.6833966355747401,1790766400233,,False,False,-0.4373974849644635,0.22014309301046087,-1.1208310552214273,-1.1208310552214273,1.9868780754510387,0.3695496493045882,0.3695496493045882,1.337846125439346,3.0,1.0,0.583773,0.583773,3.621341,-0.5107785159679504,0.6119163333333334,0.23045035069541175,-0.4373974849644635,0.22014309301046087,0.5799502899751507,1.2510425354462118,2.073991031390121,2.533783783783772,0.20512820512820454,0.4615384615384659,-0.33333333333332954,0.0,,,,0.5775959388543361,155.89627657119095,0.67910009372259,2.257428477825246,2.7312025397465964,0.15376166939703473,0.49924029274662857,4.7715573380524345
PAPER:PUNDIXUSDT:1790767499999:LONG,PUNDIXUSDT,TRAIN,TRUE_WRONG_DIRECTION,0.313986,-0.11564722965700747,222,STALL_NO_EDGE,0.2185628252540761,-0.33807443553841576,-0.33807443553841576,,,False,False,0.6305371538031679,1.5627517319155793,-0.5393401015228338,-0.5393401015228338,0.40347877460373843,0.509594140644403,0.509594140644403,-0.5460884407437083,1.0,0.0,0.535018,0.535018,0.522354,0.1096199098313081,0.47068166666666666,0.09040585935559697,0.6305371538031679,1.5627517319155793,1.1147646162482872,0.4141446320484077,1.932249979788181,3.7353957544841165,0.9263157894736694,0.07368421052633055,0.9052631578947303,3.0,,,,0.07790308605182261,52.1298116847134,0.9425380156851793,1.7361561678783222,3.834272004900746,0.2498413705333926,0.5452886574586356,0.8813248589863765
PAPER:XVSUSDT:1790767499999:LONG,XVSUSDT,TRAIN,RECOVERED_DRAWDOWN,1.516469,2.819178086034797,684,CORRECT_RUNNER,1.5164694832712877,-0.18461730266461363,-0.18461730266461363,,1790767646248,True,True,0.358028091434881,0.7464749792645886,0.0,0.0,0.4796250395259098,0.9395229542372167,0.9395229542372167,0.40916235557302283,4.0,0.0,0.817993,0.817993,1.783449,0.10920309834668482,0.927081,0.0,0.358028091434881,0.7464749792645886,1.2503473186996406,1.5607580824972045,0.9697977279024661,1.306644425910486,0.8571428571428708,0.14285714285712925,0.8571428571428708,1.0,,,,0.929345104546897,22.18992667951499,1.0781207181365327,0.7737039159926073,1.4055206763271155,0.16465422610867192,0.8756408853112326,1.788086523791721
PAPER:XVSUSDT:1790768399999:LONG,XVSUSDT,TRAIN,RIGHT_THEN_FAILURE,1.861348,-0.5470477880230933,668,RIGHT_THEN_FAILURE,2.1032352669251075,-0.23500676208844107,-0.23500676208844107,,1790768442021,True,False,0.3237118964122043,1.0872519706441874,0.080666845926336,0.080666845926336,0.2977340167251275,0.3491452479363163,0.3491452479363163,0.10097591084539115,3.0,1.0,0.649413,0.649413,0.191968,-0.03870542713585817,0.8704666666666668,0.2508547520636837,0.3237118964122043,1.0872519706441874,1.55652648825777,1.445717403164215,2.0581778265642114,3.3342595165323674,1.0,0.0,0.5789473684210452,4.0,,,,1.404909110461583,36.752355494306244,1.4082967521333978,1.97385245353896,3.073999489678425,0.40333422959128773,0.612614277467017,1.7442135331273478
PAPER:PUNDIXUSDT:1790768399999:LONG,PUNDIXUSDT,TRAIN,TRUE_WRONG_DIRECTION,0.311927,-3.792163502324436,545,TRUE_WRONG_DIRECTION,0.20128612013743385,-0.7233570280647861,-0.7233570280647861,1790768540685,,False,False,0.8210442407333707,0.6765899864682234,0.03953194180896791,0.03953194180896791,1.2135033878038803,0.8586730632590418,0.8586730632590418,0.5869451615343024,3.0,0.0,0.624947,0.624947,2.161604,0.5955142452439629,0.402829,0.0,0.8210442407333707,0.6765899864682234,0.5085823267641398,0.4606830818109531,0.31725888324873885,1.9342359767891892,0.8962264150943411,0.1037735849056589,0.8867924528301808,1.0,,,,0.593865660391657,22.923194680721384,0.36035259063976754,0.23293351022348752,1.673975949935247,0.049019607838238236,0.7228991586214059,1.6795640943295664
PAPER:ZENUSDT:1790768699999:LONG,ZENUSDT,TRAIN,CORRECT_RUNNER,1.277042,1.952255255030056,4293,CORRECT_RUNNER,1.2770418889195057,0.0,0.0,,1790768720550,True,True,-0.2421307506053294,2.971396834212725,-0.09439050701187668,-0.09439050701187668,0.08148718064764386,0.5718253177147903,0.5718253177147903,-0.16587079803216387,2.0,1.0,0.629808,0.629808,0.350123,-1.2325963620095712,1.6986980000000003,0.028174682285209696,-0.2421307506053294,2.971396834212725,2.8856825749167703,3.2006679654884573,3.5609551738584155,3.9237668161435035,0.23809523809525018,0.3333333333333333,-0.4285714285714165,0.0,,,,0.7419988527242571,500.6572080059594,2.8569421575739384,3.4023067313834754,3.7306517218092305,0.881877022565535,0.6351676693029075,4.200127067338277
PAPER:NOMUSDT:1790769299999:LONG,NOMUSDT,TRAIN,RIGHT_THEN_FAILURE,0.794942,-3.9493607284549315,479,TRUE_WRONG_DIRECTION,0.23735278684289263,-0.9207167575493891,-0.9207167575493891,1790769323052,,False,False,0.775862068965516,1.080847384349326,-0.08554319931565191,-0.08554319931565191,0.717827586206898,0.6160950464981442,0.6160950464981442,-0.20226045295074213,3.0,0.0,0.556747,0.556747,-0.006005,0.4155796075157407,-0.07863133333333328,0.0,0.775862068965516,1.080847384349326,1.740644038294148,5.03144654088048,5.457825890843493,4.890085240017927,0.8235294117646961,0.17647058823530387,0.5294117647058734,2.0,,,,2.0185320583783195,86.93287643713181,1.812988397425308,5.57476246481165,4.9064048141497345,0.44054747643156456,0.5785802283142609,0.7022508341477662
PAPER:WLDUSDT:1790769599999:LONG,WLDUSDT,TRAIN,RIGHT_THEN_FAILURE,0.607996,-2.0569783881759918,795,RIGHT_THEN_FAILURE,0.6079958957404985,-0.518695448052453,-0.518695448052453,1790769631184,1790769644446,False,False,-0.05527915975676034,1.5920584379097047,-0.22123893805309214,-0.22123893805309214,0.03472181575780547,0.5287401872189106,0.5287401872189106,0.23313062560017528,3.0,0.0,0.594918,0.594918,2.290999,-0.585965305726662,1.443369,0.0712598127810894,-0.05527915975676034,1.5920584379097047,1.974055273547659,2.031602708803626,1.5920584379097047,4.127471683624484,0.1999999999999852,0.6666666666666914,-0.13333333333332348,0.0,,,,1.571239613409725,120.72482275323051,1.8958227685893836,1.6317511395520068,4.055050371577207,0.5862831857820765,0.6088411541065796,2.4602248866383736
PAPER:HBARUSDT:1790769599999:LONG,HBARUSDT,TRAIN,RIGHT_THEN_FAILURE,0.611514,-1.2241190035518748,13887,RIGHT_THEN_FAILURE,0.6115144601984035,-1.6491099436648726,-1.6491099436648726,1790770108476,1790772013594,False,False,0.11913489736070648,0.3029746603011363,-0.009153318077803618,-0.009153318077803618,0.39321736425843157,0.6451886245406929,0.6451886245406929,0.23377865385287855,4.0,0.0,0.516437,0.516437,0.420799,0.01814334392699439,0.33095,0.0,0.11913489736070648,0.3029746603011363,0.5985267034990693,0.4505332842956955,0.8027311312050145,0.9144651764271261,0.9473684210526508,0.0526315789473492,0.6842105263158318,2.0,,,,0.4236779451282757,7.321744596066594,0.5202941985407938,0.8424238328473166,0.8420438643798489,0.1336384439225632,0.5442892070787122,0.6805531918422147
PAPER:PROMUSDT:1790770199999:LONG,PROMUSDT,TRAIN,TRUE_WRONG_DIRECTION,0.132111,-1.3297166179117808,534,TRUE_WRONG_DIRECTION,0.05605755465367679,-0.6740565777001328,-0.6740565777001328,1790770226712,,False,False,0.3060912151821249,1.5179677819082915,0.35093072932559366,0.35093072932559366,0.2016453964505931,0.6283250777074733,0.6283250777074733,-0.005018407114354417,3.0,0.0,0.819813,0.819813,0.157339,-0.19989804545397227,1.4229866666666668,0.0,0.3060912151821249,1.5179677819082915,2.0077821011673214,2.055434444098414,1.7543859649122862,2.486317435496499,0.5714285714285744,0.42857142857142555,0.47619047619048926,5.0,,,,0.9246818424039738,77.06719746031199,2.0958317006521563,1.7882275287436356,2.696387576755849,0.4577357338571875,0.8177378804790302,0.9609890479148842
PAPER:DUSKUSDT:1790770799999:LONG,DUSKUSDT,TRAIN,RECOVERED_DRAWDOWN,5.419301,7.687597324768268,6416,RECOVERED_DRAWDOWN,5.419300975448027,-0.5696512741890869,-0.5696512741890869,1790771060661,1790771687682,True,True,0.057208237986272614,0.6329113924050667,-0.14865637507147644,-0.14865637507147644,0.09038901601831024,0.5256548915772525,0.5256548915772525,0.11056871138415136,2.0,0.0,0.597537,0.597537,0.032529,-0.1537622261487496,0.38314566666666666,0.07434510842274744,0.057208237986272614,0.6329113924050667,0.679253971908822,1.2621584066697444,0.8883248730964466,1.1333410431363378,0.46428571428572846,0.5357142857142716,0.17857142857140734,3.0,,,,0.5147126767389931,26.693121095114034,0.8430192363717004,0.9400944210731843,1.1880559801291157,0.17381360775848984,0.7548190240637194,0.16319358253464866
PAPER:ENAUSDT:1790771699999:LONG,ENAUSDT,TRAIN,RIGHT_THEN_FAILURE,1.309607,-1.5032849122242489,15517,RIGHT_THEN_FAILURE,1.3096066204062673,-0.3867829307877324,-0.3867829307877324,1790772171401,1790771920698,True,False,0.4952015355086381,1.296238972295316,0.49136276391554823,0.49136276391554823,0.3820295069756772,0.5756587107532891,0.5756587107532891,-0.04673046968658445,2.0,0.0,0.554122,0.554122,-0.216594,0.06312187807686609,1.5980726666666665,0.024341289246710862,0.49904030710170577,1.3001083423618498,1.7805769380296876,3.3475446076109305,3.523270987385807,2.550041129695635,0.5555555555555397,0.44444444444446024,0.5512820512820312,3.0,,,,1.7229050202020035,146.72101037015744,1.3878862078958942,2.340354386474708,1.3641834455012436,0.3009931244924348,0.5434775732372327,-0.24467022368069857
PAPER:CGPTUSDT:1790772299999:LONG,CGPTUSDT,VALIDATION,RIGHT_THEN_FAILURE,1.488801,-0.39563206422185027,422,RIGHT_THEN_FAILURE,1.4888012188951638,-0.3750071113162945,-0.3750071113162945,1790772457355,1790773365562,True,False,0.08869179600885513,0.6241640659830683,-0.08869179600886623,-0.08869179600886623,0.14209692746275637,0.6175843071986342,0.6175843071986342,0.052227795339621075,3.0,0.0,0.57392,0.57392,0.710663,-0.11936289265216762,0.17641433333333334,0.0,0.08869179600885513,0.6241640659830683,0.31111111111110645,0.7139669790272141,0.8489722966934732,1.4382022471910227,0.6666666666666666,0.3333333333333333,0.3333333333333333,3.0,,,,0.6920285745962262,9.717527189126992,0.3257166887126406,0.10116788691224565,-0.03204010109327804,0.12405848470181767,0.5007654494670297,0.4712603890654421
PAPER:REDUSDT:1790772599999:LONG,REDUSDT,VALIDATION,TRUE_WRONG_DIRECTION,0.204174,-2.6294911701515136,30,TRUE_WRONG_DIRECTION,0.0,-0.41229422276979344,-0.41229422276979344,1790772620595,,False,False,0.11235955056179137,1.1925042589437718,0.056116722783383644,0.056116722783383644,0.09422150882824586,0.5229452204065841,0.5229452204065841,0.6701975964004125,3.0,0.0,0.608826,0.608826,1.547013,-0.28514186908613254,0.16292433333333334,0.07705477959341589,0.11235955056179137,1.1925042589437718,0.7918552036199067,0.8488964346349714,1.8867924528301883,4.332552693208425,0.9090909090909183,0.09090909090908174,0.1818181818181887,3.0,,,,1.146253985675516,15.897181493848302,0.6554410081583528,1.516296621025215,2.7832149717728294,0.263748597055553,0.6652553822447274,1.2832943960380039
PAPER:REZUSDT:1790772599999:LONG,REZUSDT,VALIDATION,RIGHT_THEN_FAILURE,0.540962,-0.6803747822943023,123,STALL_NO_EDGE,0.260483078179341,-0.278899766011409,-0.278899766011409,,,False,False,0.1951431049436403,0.23861171366594824,0.2813243886604644,0.2813243886604644,0.8178270125365129,0.49675743017457796,0.49675743017457796,0.16846030499695352,3.0,0.0,0.667806,0.667806,-0.751203,0.11560586705499087,0.06135166666666664,0.10324256982542201,0.1951431049436403,0.23861171366594824,0.5220796171416131,0.7412252016568699,1.382185168933736,3.239499553172487,0.7500000000000135,0.24999999999998646,0.6250000000000474,1.0,,,,0.81969958916015,13.310353590846946,0.38566542168005924,1.0116893371287627,1.6901618317368916,0.06924908027872737,0.5416015015281958,0.6605230158253761
PAPER:STXUSDT:1790772599999:LONG,STXUSDT,VALIDATION,RECOVERED_DRAWDOWN,1.31631,1.9326561252148469,777,CORRECT_RUNNER,1.3163102494932355,-0.11110779059253506,-0.11110779059253506,,1790772782389,True,True,0.18248175182482562,0.5494505494505475,0.15206812652068802,0.15206812652068802,0.3321167883211838,0.7045024252358526,0.7045024252358526,0.016034707498624456,2.0,0.0,0.359116,0.359116,0.017463,-0.0006684313253568774,0.16983300000000007,0.0,0.18248175182482562,0.5494505494505475,0.45745654162854255,0.9809932556713807,1.4474899907607197,3.682719546742219,0.555555555555583,0.44444444444441705,0.555555555555583,3.0,,,,0.895936313777379,23.25231853303752,0.3480815830611217,0.9730481655950696,1.9790312902016494,0.12143290830601103,0.691681858761242,0.9266491398515875
PAPER:SPXUSDT:1790772899999:LONG,SPXUSDT,VALIDATION,RIGHT_THEN_FAILURE,0.74648,-0.6119801462480849,50,STALL_NO_EDGE,0.1828946499313533,-0.06508281207343591,-0.06508281207343591,,,False,False,-0.291676015256892,0.9541117673784738,-0.20252025202520674,-0.20252025202520674,0.30570424265733953,0.3133692671061829,0.3133692671061829,0.06269766073716543,2.0,1.0,0.741145,0.741145,-0.583013,-0.6097132710497166,1.3702053333333333,0.2866307328938171,-0.291676015256892,0.9541117673784738,2.0905122903744466,2.3727251785303105,2.1609195402298997,4.245836265540692,0.3636363636363774,0.0,-0.6363636363636226,0.0,,,,0.9145997330396227,325.9412802517131,1.7678885032271996,1.6811177887975037,2.5763234244917554,0.519801980146041,0.6989473161255942,7.738540482816902
PAPER:APRUSDT:1790772899999:LONG,APRUSDT,VALIDATION,RIGHT_THEN_FAILURE,0.542592,-0.34760924623749995,95,RIGHT_THEN_FAILURE,0.5425924461409881,-0.019996000799837876,-0.019996000799837876,,1790773063419,False,False,0.241740531829171,0.6472491909385036,0.0,0.0,0.3734891216760736,0.8785299431698266,0.8785299431698266,0.02455289458007659,2.0,1.0,0.745465,0.745465,-0.137491,0.025990801516336454,0.1563819999999999,0.0,0.241740531829171,0.6472491909385036,0.7287449392712642,1.1382113821138296,1.7170891251022002,3.322259136212624,0.7999999999999945,0.20000000000000556,0.7999999999999945,2.0,,,,1.09668989098064,10.470266615491719,0.4061211521240171,1.2372873736698042,1.6527462951636873,0.18488745978858492,0.8665242610547176,-0.06662816787275094
PAPER:FLOCKUSDT:1790773199999:LONG,FLOCKUSDT,VALIDATION,CORRECT_RUNNER,0.795292,0.4791604626142402,2329,CORRECT_RUNNER,0.7237751305246842,-0.0056927098128323195,-0.0056927098128323195,,1790773284007,False,True,-0.14283673760892013,0.3877082136703125,-0.014300014300028252,-0.014300014300028252,0.36841297804018486,0.5605945583120472,0.5605945583120472,0.06786318149794024,3.0,0.0,0.722485,0.722485,1.408506,-0.2720728088323576,0.17834133333333335,0.03940544168795279,-0.14283673760892013,0.3877082136703125,0.6478548805067819,1.2894813097652946,1.4658925979680548,1.983953318745435,0.06666666666666358,0.783333333333326,-0.1500000000000104,0.0,,,,0.578696801108114,16.106800659835823,0.8399559906866805,1.1729337528071482,1.1954507595710928,0.16163638962766697,0.7179271696944122,3.341354423605236
PAPER:SAFEUSDT:1790773499999:LONG,SAFEUSDT,VALIDATION,RECOVERED_DRAWDOWN,0.953444,0.3196232813148321,649,CORRECT_RUNNER,0.9534436383445533,-0.123370121770916,-0.123370121770916,,1790773741955,False,True,0.17322016282694808,0.749128919860631,0.2680269756181852,0.2680269756181852,0.23122877549457602,0.8042899902764377,0.8042899902764377,0.17949488827095905,3.0,0.0,0.483775,0.483775,1.701305,-0.0764894771265956,0.33288600000000007,0.0,0.17322016282694808,0.749128919860631,0.6001565625815442,0.5389429763560383,0.8018127941432862,1.429448390774346,0.7380952380952428,0.2619047619047572,0.6428571428571193,3.0,,,,0.6205971290856871,18.772280032505883,0.6016261835598891,0.6654598184057225,1.0189895814080807,0.19540031123759158,0.5705567656502252,2.3165294125495395
PAPER:SYRUPUSDT:1790773499999:LONG,SYRUPUSDT,VALIDATION,TRUE_WRONG_DIRECTION,0.0,-2.9445187347951682,583,TRUE_WRONG_DIRECTION,0.0,-0.6480947112291524,-0.6480947112291524,1790773560166,,False,False,0.2305209774089434,0.6650951338609268,0.5059797608095717,0.5059797608095717,0.34659850248903784,0.70520556641294,0.70520556641294,0.10787395826989954,4.0,0.0,0.622353,0.622353,-0.628892,0.008822599455301144,0.22780033333333333,0.0,0.2305209774089434,0.6650951338609268,0.43679126417470737,0.23472210579260633,0.6269724384599273,0.7753898019384753,0.5725190839694637,0.4274809160305363,0.4656488549618296,4.0,,,,0.39001769586706203,9.248062930198952,0.4382608851530523,0.4906194627223637,0.36493099257220996,0.19110144683210634,0.6671200810329307,-0.2560512526564196
PAPER:REDUSDT:1790773799999:LONG,REDUSDT,VALIDATION,STALL_NO_EDGE,0.474682,-13.30502364342967,2394,STALL_NO_EDGE,0.47468241370967057,-3.86749478031827,-3.86749478031827,1790773985698,,False,False,-0.10952902519167917,0.5512679162072764,-0.27412280701754055,-0.27412280701754055,0.19868565169770613,0.31655321136571124,0.31655321136571124,-0.2153189028855529,2.0,1.0,0.607949,0.607949,0.516033,-0.2932849972607713,1.494513,0.28344678863428874,-0.10952902519167917,0.5512679162072764,2.127659574468077,1.8425460636515956,1.8994413407821265,3.1091011871113627,0.8333333333333295,0.16666666666667052,0.08333333333334683,6.0,,,,1.768442029064765,199.64578234062026,1.7929538642834308,1.751452340755666,2.575380338702893,0.33991228066776374,0.5499958224452699,2.181029744491947
PAPER:SUIUSDT:1790773799999:LONG,SUIUSDT,VALIDATION,STALL_NO_EDGE,0.460797,-8.796677917753627,18559,TRUE_WRONG_DIRECTION,0.0877678705200946,-3.377255068843621,-3.1451482690776134,1790773924208,,False,False,0.0744786494538241,0.4652322007144605,-0.25634664682048225,-0.25634664682048225,0.1600891970492298,0.502371983238666,0.502371983238666,0.11457466249635839,2.0,1.0,0.619554,0.619554,0.239768,-0.0805987507843294,0.8171906666666666,0.09762801676133392,0.0744786494538241,0.4652322007144605,1.3578073925069045,1.784361585725125,1.6218487394958014,2.5786750360505595,0.38095238095239353,0.6190476190476064,0.2142857142857445,2.0,,,,1.1033504775984415,86.94110918666874,1.0231016823222583,1.473859739469341,2.0449541876420896,0.29025055814512635,0.5458325949129246,-0.017370828089868784
PAPER:BOMEUSDT:1790773799999:LONG,BOMEUSDT,VALIDATION,TRUE_WRONG_DIRECTION,0.249259,-2.6070351080788567,665,TRUE_WRONG_DIRECTION,0.24925860264131128,-0.5104240284962036,-0.5104240284962036,1790774377458,,False,False,0.20233163117833186,0.43457267020763357,0.18306195201849285,0.18306195201849285,0.46558756463369005,0.73472289003376,0.73472289003376,-0.015451567198287997,2.0,0.0,0.799335,0.799335,-0.190177,0.057474074442454004,0.24756833333333333,0.0,0.20233163117833186,0.43457267020763357,0.7166376137904162,1.2165450121654375,0.9806777357024732,1.5525827555902705,0.7999999999999566,0.20000000000004337,0.7333333333333237,1.0,,,,0.679191393658285,14.496064292306855,0.498572224763294,0.9771170914811278,1.0257706615242945,0.14615384613923016,0.7058510575600389,0.5001580239802461
PAPER:KERNELUSDT:1790773799999:LONG,KERNELUSDT,VALIDATION,RIGHT_THEN_FAILURE,2.385511,-0.7717935739175029,77,STALL_NO_EDGE,0.10473399884272094,-0.3407302855949923,-0.3407302855949923,,,False,False,-0.6535947712418388,1.8471568272365069,-0.865571453806746,-0.865571453806746,0.3538382673330821,0.5623135158454898,0.5623135158454898,-0.7478907858519346,2.0,0.0,0.53484,0.53484,-0.975296,-1.2693137136540078,1.3491606666666665,0.03768648415451015,-0.6535947712418388,1.8471568272365069,1.9764279238440707,2.1988006541886262,1.902518572205092,2.5528811086797942,0.1585365853658512,0.40243902439024803,-0.4390243902439008,0.0,,,,0.30143929387840274,459.81686296716526,1.7583625348169485,1.8989579279837465,2.0260690146138183,0.6490042673604198,0.5444106438187264,-0.14459604324235098
PAPER:ZENUSDT:1790773799999:LONG,ZENUSDT,VALIDATION,TRUE_WRONG_DIRECTION,0.27072,-1.6099014865279027,737,TRUE_WRONG_DIRECTION,0.27072037350395206,-0.5485712268067156,-0.5485712268067156,1790773938039,,False,False,0.2781825407338623,0.5579171094580282,0.33152101843256787,0.33152101843256787,0.4986090872963089,0.7676925184230254,0.7676925184230254,-0.02694920966404002,2.0,0.0,0.599743,0.599743,0.122748,0.09221017091451955,0.5835623333333333,0.0,0.25168896542586694,0.5313496280552554,0.9201226830243936,2.2150189086979966,1.788836583725617,2.24263712510131,0.7878787878787732,0.2121212121212268,0.6363636363636266,4.0,,,,1.03218593905956,14.223025166253162,0.6972658220023353,1.655326610655139,1.580416882728497,0.23916490483866168,0.647031692062523,-0.10645806906999233
PAPER:ENAUSDT:1790774099999:LONG,ENAUSDT,VALIDATION,RIGHT_THEN_FAILURE,0.782532,-0.7819986991960608,18726,RIGHT_THEN_FAILURE,0.7825315653688492,-0.669483426443318,-0.669483426443318,1790774121932,1790774379228,False,False,0.07835528525055313,1.352781136638459,-0.21996868242488699,-0.21996868242488699,0.057921627622084575,0.5939660100843005,0.5939660100843005,0.1550936786933299,3.0,0.0,0.650582,0.650582,0.426708,-0.37257176029559985,1.0848246666666665,0.006033989915699478,0.07835528525055313,1.352781136638459,1.891809755356344,2.370138544330369,2.420956163128163,2.3232747110212726,0.7711864406779753,0.22881355932202474,0.1864406779660977,7.0,,,,1.4995592516961587,49.37576243508286,2.1174578559287505,2.3106646268111763,2.0220238819840697,0.4619342330460468,0.6618470674613933,0.9210510897969204
PAPER:MELANIAUSDT:1790774099999:LONG,MELANIAUSDT,VALIDATION,TRUE_WRONG_DIRECTION,0.167443,-3.8991713960356704,131,TRUE_WRONG_DIRECTION,0.02686376860361328,-0.9197035733460757,-0.9197035733460757,1790774156801,,False,False,0.15972939960537946,0.7656678324983401,-0.009380863039398779,-0.009380863039398779,0.20861448375621255,0.6688541277256946,0.6688541277256946,0.3991058313446372,3.0,1.0,0.713609,0.713609,0.487256,-0.09549321122740057,0.5116949999999999,0.0,0.15972939960537946,0.7656678324983401,1.080978570073965,1.4175625535153724,1.7078523041694549,1.7855437792418494,0.731707317073169,0.2682926829268309,0.3658536585365845,6.0,,,,1.1932733407403306,35.80325303197536,1.3066266706463714,1.5975607678524684,1.4842929502046465,0.2532833020384623,0.7145270653266115,0.6802121927171223
PAPER:ESPUSDT:1790774099999:LONG,ESPUSDT,VALIDATION,TRUE_WRONG_DIRECTION,0.201348,-2.6804199945456744,382,TRUE_WRONG_DIRECTION,0.21097137777181807,-0.39531799097876075,-0.39531799097876075,1790774498971,,False,False,-0.13456362937330768,0.0481463649494529,-0.14417531718569077,-0.14417531718569077,2.794886582083218,0.2820274207101769,0.2820274207101769,-0.2665589162953008,1.0,1.0,0.723428,0.723428,0.326586,-0.15061241768979197,0.5292920000000001,0.3179725792898231,-0.13456362937330768,0.0481463649494529,0.6197946930079468,0.6100513217778714,0.9718172983479212,1.723125122381064,0.2500000000000347,0.19999999999998613,-0.5499999999999792,0.0,,,,0.4865350842414573,58.61319499666028,0.6757626159002328,0.787548561715401,1.3046857672253331,0.03368623676275428,0.5237572382423246,0.11711997695709186
PAPER:SPXUSDT:1790774399999:LONG,SPXUSDT,VALIDATION,RIGHT_THEN_FAILURE,0.673223,-0.3912938336063674,578,RIGHT_THEN_FAILURE,0.6732225462757979,-0.2436148869532806,-0.2436148869532806,,1790774532403,False,False,-0.22306491188935906,0.2465262214253583,-0.044712720769057857,-0.044712720769057857,0.9048323971366968,0.33692119441820034,0.33692119441820034,0.15223593017212877,2.0,1.0,0.485799,0.485799,7.935441,-0.3052403190311452,0.41944566666666666,0.26307880558179964,-0.22306491188935906,0.2465262214253583,0.7886435331230235,1.0847457627118473,1.1075949367088445,2.685950413223148,0.49999999999998457,0.0,-0.5000000000000154,0.0,,,,0.6452406733993055,29.445682882715822,0.94959975030251,1.1450691193696627,2.8428726978274534,0.15425888663782486,0.5009556076361589,8.032023997720872
PAPER:LABUSDT:1790774399999:LONG,LABUSDT,VALIDATION,TRUE_WRONG_DIRECTION,0.069592,-3.2321294544854178,256,TRUE_WRONG_DIRECTION,0.01583912608160709,-0.521687777139912,-0.521687777139912,1790774521655,,False,False,0.4141159524666982,1.2343438010528285,0.46813107670147236,0.46813107670147236,0.3354948209027985,0.6344893786173414,0.6344893786173414,0.03692882179293644,2.0,1.0,0.516428,0.516428,0.105672,0.0026680187824220103,0.5246546666666667,0.0,0.4141159524666982,1.2343438010528285,1.344721061239329,1.2343438010528285,1.8444119795471003,2.030735455543353,0.7575757575757652,0.24242424242423477,0.7272727272727254,6.0,,,,1.0785593028174167,32.324255663406774,1.5347085224632406,1.8696808986528313,2.143289215029248,0.33889187731952586,0.5145017355360242,0.1607320243635968
PAPER:ARUSDT:1790774699999:LONG,ARUSDT,VALIDATION,RIGHT_THEN_FAILURE,0.500027,-0.8368690181004979,9,STALL_NO_EDGE,0.0026136789828878904,-0.01999600079984898,-0.01999600079984898,,,False,False,-0.22527596305473852,0.47640653357532425,-0.1580492210431328,-0.1580492210431328,0.4728649738787017,0.21408066915516366,0.21408066915516366,-0.06390702050425023,1.0,2.0,0.59617,0.59617,-0.01633,-0.38407814091317993,0.546324,0.3859193308448363,-0.22527596305473852,0.47640653357532425,0.8194855451855387,0.957374059721916,0.8194855451855387,1.6058729066299682,0.5263157894737162,0.0,-0.4736842105262838,0.0,,,,0.5483378984087572,25.94746789517418,0.8020742298735728,1.1648471819453998,1.8326732902141651,0.1241815308071813,0.6158565533363063,0.3042262022760367
PAPER:1000PEPEUSDT:1790774699999:LONG,1000PEPEUSDT,VALIDATION,RIGHT_THEN_FAILURE,0.543906,-1.4508273496336113,4186,RIGHT_THEN_FAILURE,0.5439057539273762,-0.30083244781812235,-0.30083244781812235,,1790774741386,False,False,0.1696920981534733,0.7319756606866346,0.006688366700857706,0.006688366700857706,0.23182751458469605,0.5775742948868107,0.5775742948868107,0.5366936516281395,3.0,0.0,0.546668,0.546668,1.409585,-0.07429978874207155,0.4093963333333333,0.02242570511318931,0.1696920981534733,0.7319756606866346,0.7681768154354396,0.5784104920973032,1.0359660383307379,1.0427927927928016,0.6214285714285926,0.37857142857140735,0.5428571428571358,3.0,,,,0.5528529721559705,11.901264959615103,0.7507655001234737,1.381327675090599,1.2695931763769985,0.183224483409003,0.550535975301131,1.6282224738585427
PAPER:LABUSDT:1790774999999:LONG,LABUSDT,VALIDATION,RIGHT_THEN_FAILURE,0.819422,-1.931174291222496,273,TRUE_WRONG_DIRECTION,0.31934306243430743,-0.5915144230889458,-0.5915144230889458,1790775077801,,False,False,0.39299749910681747,0.5007153075822668,-0.3914590747330915,-0.3914590747330915,0.7848721482161768,0.6120402593279207,0.6120402593279207,-0.07870230532083244,2.0,1.0,0.542292,0.542292,0.043678,0.2260923965793952,0.10318499999999997,0.0,0.39299749910681747,0.5007153075822668,0.8614501076812608,1.1883327331652982,2.2747952684258443,2.85505124450951,0.5192307692307685,0.48076923076923156,0.4423076923076946,7.0,,,,0.8997185331897084,21.979294866340076,0.9679541619661225,2.544976684991501,3.016326982429746,0.18149466190355998,0.5967432491291796,-0.08658141975627087
PAPER:ZECUSDT:1790774999999:LONG,ZECUSDT,VALIDATION,RIGHT_THEN_FAILURE,0.677939,-0.7645445643613817,886,STALL_NO_EDGE,0.021812654297104217,-0.11170530875447282,-0.11170530875447282,,,False,False,0.11477258150540681,0.052627672709859574,-0.13149997639744226,-0.13149997639744226,2.1808409073712403,0.42602427839173607,0.42602427839173607,-0.2757570004495169,1.0,1.0,0.608921,0.608921,0.169066,0.09723002393545362,0.450256,0.1739757216082639,0.11477258150540681,0.052627672709859574,0.6078986111959228,0.6789373272953148,0.4729285661049909,1.7259712018000695,0.327586206896557,0.6724137931034431,0.3256704980842982,1.0,,,,0.24355678770207057,24.830480197463952,0.7144026654807845,0.7431099826706478,1.887246939720305,0.08038357530773219,0.596999997382658,-0.8644994211161716
PAPER:FLOCKUSDT:1790776799999:LONG,FLOCKUSDT,VALIDATION,RECOVERED_DRAWDOWN,2.586611,4.694781971701664,8269,CORRECT_RUNNER,2.586610676755252,-0.26956472524660713,-0.26956472524660713,,1790776967154,True,True,0.1667129758266217,0.8532661910756634,-0.04158580537843015,-0.04158580537843015,0.19538214166959586,0.48505713990235305,0.48505713990235305,0.09963909756709466,2.0,0.0,0.572746,0.572746,-0.766854,-0.11770908786526607,0.38315299999999997,0.11494286009764693,0.1667129758266217,0.8532661910756634,0.8814887365327984,1.0794896957801559,1.6065388951522097,2.458433991757847,0.6956521739130421,0.3043478260869578,0.2826086956521536,1.0,,,,1.0411297722465518,14.949432678245905,0.8136677917318091,1.4592444873277044,3.1781379518513173,0.2399445214739245,0.5588419036292769,-1.217185838544177
PAPER:INITUSDT:1790777099999:LONG,INITUSDT,VALIDATION,RIGHT_THEN_FAILURE,0.558252,-4.501235964526043,468,TRUE_WRONG_DIRECTION,0.0,-1.1954506794668252,-1.1954506794668252,1790777134600,,False,False,-0.1603924898575415,0.5702337958563009,-0.25515025515024936,-0.25515025515024936,0.2812749630468421,0.489676163387913,0.489676163387913,0.37409756267594574,3.0,0.0,0.636907,0.636907,0.241932,-0.35047042180964183,0.15777733333333321,0.110323836612087,-0.1603924898575415,0.5702337958563009,1.2340954749832544,3.5724772438093355,3.2289532728514203,4.184306389681991,0.2972972972972983,0.3513513513513321,-0.3513513513513696,0.0,,,,1.3626197102234228,84.54088919217662,1.3024512402388277,3.2765904731901943,4.30287153113948,0.3392553392214133,0.5600586985017305,0.14295599918643376
PAPER:BLURUSDT:1790780099999:LONG,BLURUSDT,VALIDATION,RECOVERED_DRAWDOWN,2.013036,1.1941300002539204,980,CORRECT_RUNNER,2.013036163666504,-0.20070997097462184,-0.20070997097462184,,1790780133398,True,True,0.6830601092896238,1.4685635612666337,0.18091361374943382,0.18091361374943382,0.46512124316940395,0.5484032473647467,0.5484032473647467,-0.43800220230839626,1.0,0.0,0.591709,0.591709,-1.570515,0.19353892220074592,0.780646,0.05159675263525332,0.6830601092896238,1.4685635612666337,1.9833948339483376,3.3660589060308554,3.6082474226804218,3.9003759398496207,0.9285714285714313,0.07142857142856877,0.5357142857142906,8.0,,,,1.7308949701192677,113.92919807926583,1.94238151291658,3.404165155920247,3.999082957267702,0.4387155132985084,0.49552362046881915,3.3885687659215513
PAPER:GPSUSDT:1790781299999:LONG,GPSUSDT,VALIDATION,TRUE_WRONG_DIRECTION,0.214127,-3.9437414877458594,345,TRUE_WRONG_DIRECTION,0.21412727570635504,-0.7130008992581316,-0.7130008992581316,1790781417591,,False,False,0.2157193772275523,0.5836392732749607,-0.08423022929340274,-0.08423022929340274,0.36961079746585845,0.5474317168964796,0.5474317168964796,0.06688693894050246,2.0,1.0,0.541718,0.541718,0.299845,0.021172952802565398,0.26619533333333334,0.05256828310352035,0.2157193772275523,0.5836392732749607,0.8018867924528328,1.2316437707247774,1.6070749334347711,3.3165731966737555,1.0,0.0,0.8846153846154026,3.0,,,,1.0730787338715464,12.81035151845966,0.837915576641568,1.4677999849392775,3.086422945878664,0.1226017781814702,0.4290325630713746,0.37025040492213446
PAPER:RIVERUSDT:1790781299999:LONG,RIVERUSDT,VALIDATION,TRUE_WRONG_DIRECTION,0.220726,-3.1543353548391373,167,TRUE_WRONG_DIRECTION,0.14048554655039514,-0.5816814165256812,-0.5816814165256812,1790781363651,,False,False,0.241740531829171,0.8921330089213253,0.1607717041800738,0.1607717041800738,0.27096915976851765,0.6055552786576246,0.6055552786576246,0.22307825814855686,3.0,0.0,0.665033,0.665033,1.049156,-0.055637137811270776,0.7311076666666667,0.0,0.241740531829171,0.8921330089213253,1.2205044751830707,0.8103727714748876,1.4681892332789603,2.3026315789473673,0.4999999999999889,0.5000000000000111,0.4,2.0,,,,0.9473199939914245,14.904990411043682,1.256533259371806,1.3289142847834667,2.072481328152276,0.2733118970787766,0.6659672222399318,0.9512825036676498
PAPER:ARPAUSDT:1790783699999:LONG,ARPAUSDT,VALIDATION,RIGHT_THEN_FAILURE,0.832056,-0.335510911347824,444,RIGHT_THEN_FAILURE,1.2097703460537845,-0.06391622747317083,-0.06391622747317083,,1790783736866,True,False,0.4036858271171395,2.7388649425287293,-0.5856131457040448,-0.5856131457040448,0.14739165150086808,0.5837621460235843,0.5837621460235843,-0.005834617351252458,2.0,0.0,0.518097,0.518097,0.276599,-0.5092691537257702,1.9115833333333334,0.01623785397641564,0.4036858271171395,2.7388649425287293,3.0349423631123917,3.2022370557459823,3.3700758944705367,4.531749657377793,0.6637168141592942,0.33628318584070577,0.4513274336283084,5.0,,,,1.066241930285594,615.6661821659657,3.1387383391631216,3.3726432017468166,3.953547786631817,0.7875185734725119,0.48910282805113114,2.6595097572909454
PAPER:ARPAUSDT:1790783999999:LONG,ARPAUSDT,VALIDATION,STALL_NO_EDGE,0.379611,-12.579486891743203,5179,TRUE_WRONG_DIRECTION,0.26667878692920866,-2.9388665667683167,-2.191774695716864,1790784054740,,False,False,0.40937200592283673,1.2649332396345692,-0.1648160999305981,-0.1648160999305981,0.3236313135712218,0.5526024682638313,0.5526024682638313,2.393844502818454,3.0,0.0,0.514805,0.514805,2.65951,-0.012272407288686338,-0.5685806666666667,0.047397531736168674,0.40937200592283673,1.2649332396345692,0.7604230399440581,3.818443804034599,3.9870106440555553,4.581329946475554,0.6896551724137966,0.31034482758620346,0.5402298850574823,3.0,,,,1.169110431479492,229.60022791188533,0.8126734158847237,3.844209882959848,4.432789958719785,0.22814018040744216,0.5849693560519214,3.294585206477363
PAPER:BERAUSDT:1790784299999:LONG,BERAUSDT,VALIDATION,TRUE_WRONG_DIRECTION,0.245404,-4.548247129110359,267,TRUE_WRONG_DIRECTION,0.0,-1.0436820485732135,-1.0436820485732135,1790784318401,,False,False,0.0,0.6493506493506551,0.07590132827324236,0.07590132827324236,0.0,0.4521566349376759,0.4521566349376759,0.13713941320636636,3.0,0.0,0.540698,0.540698,2.174105,-0.21645021645021836,0.923312,0.1478433650623241,0.0,0.6493506493506551,1.4632268001540272,1.3461538461538414,1.6197454685692447,3.252351097178696,0.307692307692311,0.6923076923076891,0.0,0.0,,,,1.1289666974496626,61.70373520234525,1.308629367719405,1.608556217132051,3.062247315279676,0.23908918403681528,0.5249534743846864,3.0154139610920394
PAPER:CYSUSDT:1790784299999:LONG,CYSUSDT,VALIDATION,TRUE_WRONG_DIRECTION,0.340292,-6.0490462117786405,110,TRUE_WRONG_DIRECTION,0.10010010010008674,-1.1609089593492716,-1.1609089593492716,1790784326568,,False,False,0.12084592145014117,1.8438844499077955,0.48280024140012756,0.48280024140012756,0.0655387713997936,0.5069216647325799,0.5069216647325799,0.11788338550029476,2.0,1.0,0.650486,0.650486,-0.098462,-0.493782228519124,1.606611,0.09307833526742004,0.12084592145014117,1.8438844499077955,2.2839506172839474,2.3471278567016585,2.0320197044334964,2.72783632982021,0.37499999999999567,0.6250000000000043,0.12499999999998698,5.0,,,,0.8174433512015522,327.5091885840967,2.1293531848493252,2.020830452996303,2.53773254792119,0.5310802654870216,0.6198688486216964,0.3372143945147066
PAPER:PIPPINUSDT:1790784299999:LONG,PIPPINUSDT,VALIDATION,TRUE_WRONG_DIRECTION,0.334903,-1.9628428776719338,201,STALL_NO_EDGE,0.33490259351780516,-0.2734949967410194,-0.2734949967410194,,,False,False,0.20294266869609334,0.5600814663951015,-0.05063291139240089,-0.05063291139240089,0.36234491029012256,0.706679814016759,0.706679814016759,0.12609921003698954,4.0,0.0,0.546294,0.546294,0.042379,0.01624884656439285,0.9932753333333332,0.0,0.20294266869609334,0.5600814663951015,1.5946502057613277,1.9091847265221729,1.8041237113401998,1.8566271273852353,0.8333333333333429,0.16666666666665703,0.666666666666686,6.0,,,,0.7908732242788652,85.94228216400404,1.4400527733267054,1.7929344599030062,1.666523345486215,0.2481012657979751,0.4382445907299918,0.7700722924861791
PAPER:SUSHIUSDT:1790784299999:LONG,SUSHIUSDT,VALIDATION,TRUE_WRONG_DIRECTION,0.0,-1.1283036727178994,10,STALL_NO_EDGE,0.0,-0.09146133603872286,-0.09146133603872286,,,False,False,0.4672897196261738,0.975433526011571,0.03577817531306149,0.03577817531306149,0.47905849775008724,0.4426871304861254,0.4426871304861254,0.7433469900713474,3.0,1.0,0.518814,0.518814,0.192621,0.1421452109556502,0.8698540000000001,0.15731286951387458,0.4672897196261738,0.975433526011571,1.3415518491660672,1.7473607571896643,1.4150943396226356,2.7195883866225623,0.875000000000013,0.12499999999998698,0.8125000000000195,5.0,,,,0.9374930299774986,22.698807906366014,1.186954416731445,1.403905088185442,2.529484604723542,0.2504472271663707,0.5054245190928957,0.937400313416048
PAPER:QNTUSDT:1790784599999:LONG,QNTUSDT,VALIDATION,RIGHT_THEN_FAILURE,0.924194,-3.6333177996092436,14771,RIGHT_THEN_FAILURE,0.9241944759413423,-0.8534882837161972,-0.8534882837161972,1790784764020,1790784643645,False,False,0.09148831890213316,1.6289562736381047,-0.029380080305541068,-0.029380080305541068,0.05616376595413669,0.5970165641001801,0.5970165641001801,0.49475137086758547,4.0,0.0,0.617121,0.617121,-0.107866,-0.4514971056439018,1.2870673333333333,0.002983435899819864,0.09148831890213316,1.6289562736381047,2.2360911791209137,2.8298086606243666,2.8470706731576145,3.486368703760001,0.8222222222222147,0.17777777777778525,0.07037037037036982,5.0,,,,1.456292717807517,48.72922384025154,2.1572384971441982,2.6680973654942486,3.3243184856505237,0.5833578166752523,0.6250909496365117,0.3682196765770307
PAPER:JCTUSDT:1790784599999:LONG,JCTUSDT,VALIDATION,TRUE_WRONG_DIRECTION,0.035953,-3.7445788682218835,42,TRUE_WRONG_DIRECTION,0.0,-0.6913782324676543,-0.6913782324676543,1790784637504,,False,False,1.0783200908059065,1.9461934745277576,0.3368893879842849,0.3368893879842849,0.5540662348935067,0.7639283912258188,0.7639283912258188,0.02482008231612376,2.0,0.0,0.747177,0.747177,0.039241,0.4295889326299873,1.2579766666666665,0.0,1.0783200908059065,1.9461934745277576,2.0630372492836724,2.297530155083294,2.415181138585387,2.7697634160415596,0.8333333333333378,0.16666666666666216,0.8333333333333378,3.0,,,,1.1109974398573863,110.4968180915418,1.984184567306957,2.2362078309220212,2.6077131979320822,0.4772599662633352,0.7541268014855173,0.2456821503756812
PAPER:SUSHIUSDT:1790784599999:LONG,SUSHIUSDT,VALIDATION,RECOVERED_DRAWDOWN,2.385751,3.9984933303501684,3628,CORRECT_RUNNER,2.385750733788128,-0.30302502839842926,-0.30302502839842926,,1790784752531,True,True,0.49715909090908283,0.21246458923511735,-0.1413427561837266,-0.1413427561837266,2.339962121212195,0.6755004351932955,0.6755004351932955,0.7433469900713474,4.0,0.0,0.583066,0.583066,0.9374,0.4263375611640437,0.2450766666666666,0.0,0.49715909090908283,0.21246458923511735,1.252236135957041,2.610587382160978,3.0214779759737853,3.815113719735863,0.937499999999974,0.06250000000002602,0.8124999999999566,2.0,,,,1.0754468547236717,47.24860395973757,1.1733834539803256,2.8425046683104194,3.6530635016263857,0.12014134274417011,0.5829289374304515,1.9663235756973263
PAPER:LYNUSDT:1790784899999:LONG,LYNUSDT,VALIDATION,CORRECT_RUNNER,2.226145,0.6530522994091245,42,STALL_NO_EDGE,0.46131987830837495,-0.10021531398454187,-0.10021531398454187,,,False,True,-0.7110877008164374,1.0182207931404008,-0.5039787798408413,-0.5039787798408413,0.6983629735386739,0.5167941977881456,0.5167941977881456,0.29667420392245347,2.0,1.0,0.562343,0.562343,4.033767,-1.0504946318632375,0.9960043333333334,0.08320580221185436,-0.7110877008164374,1.0182207931404008,1.5625,2.0297699594046037,1.6994874561640172,4.287690179806347,0.17187499999999797,0.4375000000000027,-0.39062499999999933,0.0,,,,1.0003173600261928,241.0041644657169,1.5416304349925358,1.4695160037007104,4.009138882825313,0.3421750662787797,0.5590024373333864,3.7501016153121514
PAPER:MOVEUSDT:1790785499999:LONG,MOVEUSDT,VALIDATION,TRUE_WRONG_DIRECTION,0.317489,-2.3458825626752198,369,TRUE_WRONG_DIRECTION,0.3174892447670663,-0.48403821345435194,-0.48403821345435194,1790785637771,,False,False,0.04223418857565164,0.49851506151887826,0.05277044854881119,0.05277044854881119,0.08471998508324362,0.6330186298432962,0.6330186298432962,0.18010606057201617,3.0,0.0,0.609419,0.609419,0.914488,-0.12393749859730777,0.8370710000000001,0.0,0.04223418857565164,0.49851506151887826,1.3043943119854573,1.2719110731081784,1.4019691780821963,1.608579088471851,0.7500000000000271,0.24999999999997288,0.40625000000001693,5.0,,,,0.6736535222217954,58.44725587401208,1.2528630252179207,1.302514361777951,1.2290735545315012,0.1467018469510311,0.6305741693934024,0.6044414150984556
PAPER:NIGHTUSDT:1790785499999:LONG,NIGHTUSDT,VALIDATION,CORRECT_RUNNER,1.200264,0.5402027337955477,36,STALL_NO_EDGE,0.2782898804020162,0.0,0.0,,,False,True,-0.6455083378160253,0.32590983161326914,-0.18949648077964953,-0.18949648077964953,1.9806347498654104,0.45104260662277595,0.45104260662277595,-1.098033972738377,2.0,0.0,0.582189,0.582189,-2.200093,-0.7541449483537818,1.2687166666666667,0.14895739337722402,-0.6455083378160253,0.32590983161326914,2.0160176746755187,3.9684773430903597,2.241904234708003,1.5393073117097256,0.1794871794871804,0.2307692307692294,-0.5897435897435902,0.0,,,,2.0738848137704435,144.47408159325082,1.9644863879079821,2.142449418403758,1.1598017777693759,0.3952355170151605,0.5442845183984618,-1.78611419590321
PAPER:JCTUSDT:1790786099999:LONG,JCTUSDT,VALIDATION,CORRECT_RUNNER,1.083536,1.9442101025159384,129,CORRECT_RUNNER,1.0835360521714632,-0.2407024113941003,-0.2407024113941003,,1790786164419,True,True,-0.21941854086670043,0.88740987243483,-0.3848268279274314,-0.3848268279274314,0.24725726823916327,0.4995236878324551,0.4995236878324551,0.15076210780298194,2.0,0.0,0.597277,0.597277,1.079816,-0.5152218316783104,0.5356826666666665,0.10047631216754488,-0.21941854086670043,0.88740987243483,0.8314855875831473,0.11007154650524154,0.88740987243483,4.180985108820168,0.0,0.571428571428567,-0.428571428571433,0.0,,,,0.41424886443683917,33.30902357412159,0.8130940211094728,0.9677129120121974,4.193761961500608,0.26388125340956736,0.5815303883099757,1.1007156568463294
PAPER:BTWUSDT:1790786099999:LONG,BTWUSDT,VALIDATION,TRUE_WRONG_DIRECTION,0.291634,-2.088836622974822,1190,TRUE_WRONG_DIRECTION,0.13961933172133012,-0.5748492995638177,-0.5748492995638177,1790786151735,,False,False,-0.1757872210333189,0.09963212752912565,0.35957463086222496,0.35957463086222496,1.7643628154174535,0.6211893106877583,0.6211893106877583,-0.04472693251043047,3.0,0.0,0.609276,0.609276,-0.618835,-0.20899793020969412,2.7050599999999996,0.0,-0.1757872210333189,0.09963212752912565,3.0209812273229275,-0.23678582340359577,1.1069825050317394,2.5035316276879716,0.19760479041916726,0.6586826347305353,-0.1437125748502974,0.0,,,,2.849764778184438,427.2436802070539,3.002589660849253,1.1872855446091068,2.516308480368412,0.3093178163690375,0.5871430312315555,-0.6293849129292317
PAPER:BERAUSDT:1790786099999:LONG,BERAUSDT,VALIDATION,RIGHT_THEN_FAILURE,0.695222,-0.8557917416893793,225,STALL_NO_EDGE,0.1682193681745492,-0.24585444356911568,-0.24585444356911568,,,False,False,1.2523719165085323,2.1048603138155375,-0.18740629685157772,-0.18740629685157772,0.5949905123339627,0.6590975104527971,0.6590975104527971,0.19373104711437605,4.0,0.0,0.562743,0.562743,0.898107,0.5507518119033531,0.7952683333333332,0.0,1.2523719165085323,2.1048603138155375,1.444866920152088,1.7155928326343828,1.9487963316774826,1.9877675840978437,0.8292682926829182,0.17073170731708176,0.8048780487804819,3.0,,,,1.4314021453380343,25.83109086631942,1.4264753536784136,2.02909937125485,2.0005444367782843,0.36731634179235295,0.6166076006374611,0.40844124731758136
PAPER:龙虾USDT:1790786699999:LONG,龙虾USDT,VALIDATION,RECOVERED_DRAWDOWN,3.192439,2.3815680611528873,10579,CORRECT_RUNNER,3.1924393024439057,-1.57924822401172,-1.57924822401172,1790786953076,1790786724239,True,True,0.3389830508474523,1.3313046785850213,0.07507507507507061,0.07507507507507061,0.2546246973365562,0.6256515586750641,0.6256515586750641,-0.07785463109932778,2.0,1.0,0.618801,0.618801,0.33712,-0.10478517534755483,0.9971043333333331,0.0,0.3389830508474523,1.3313046785850213,2.5009619084263246,4.7169811320754595,4.511573165947436,3.5769828926905056,0.8222222222222291,0.17777777777777093,0.3777777777777863,8.0,,,,2.358631175928405,27.043283467435288,2.3557567189173234,4.351218088201081,3.4568461904417314,0.4241741741317577,0.6682854437264876,-0.22648885786807904
PAPER:NEARUSDT:1790786699999:LONG,NEARUSDT,VALIDATION,RIGHT_THEN_FAILURE,0.637767,-0.2652908631541462,3756,RIGHT_THEN_FAILURE,0.6377671834054244,-0.16616559728989122,-0.16616559728989122,,1790786821750,False,False,0.29373967321462136,0.6077348066298338,0.16474464579900872,0.16474464579900872,0.48333528047133184,0.7135670716351178,0.7135670716351178,-0.17065917769882866,3.0,0.0,0.578492,0.578492,0.160445,0.0911614043380101,0.49104233333333336,0.0,0.29373967321462136,0.6077348066298338,0.9237021984112248,0.7375991148810712,1.2979788614871257,2.630095810633093,0.964285714285703,0.035714285714297044,0.5714285714285624,5.0,,,,0.9445287357380927,6.68320901742231,0.7784970089022236,1.137623783740771,2.5099591083843187,0.2068460552602973,0.6186698041729557,0.5609250037694968
PAPER:MARSCOINUSDT:1790786699999:LONG,MARSCOINUSDT,VALIDATION,TRUE_WRONG_DIRECTION,0.185607,-3.8538566680367867,532,TRUE_WRONG_DIRECTION,0.0,-0.6793450556804137,-0.6793450556804137,1790786772025,,False,False,0.19899083220809022,1.7317266758063443,0.21320446308008556,0.21320446308008556,0.11490891431549616,0.6146012710702083,0.6146012710702083,0.04198705807669789,2.0,0.0,0.648525,0.648525,0.067254,-0.3782513930606912,1.2302766666666667,0.0,0.19899083220809022,1.7317266758063443,2.1222656815877317,2.277838229960105,2.248168830226982,3.418176483532598,0.6483516483516604,0.3516483516483396,0.3076923076923124,9.0,,,,1.0988384406294127,68.8313051443999,1.9812292656705033,2.0459376676172814,3.338415504139991,0.5319526207000501,0.6331215301323349,0.14038400723332956
PAPER:PUMPUSDT:1790786999999:LONG,PUMPUSDT,VALIDATION,RIGHT_THEN_FAILURE,1.336125,-0.6957789139018073,1513,RIGHT_THEN_FAILURE,1.3361247723327585,-0.12170505878478233,-0.12170505878478233,,1790787033033,True,False,0.1872659176029856,0.37523452157597337,0.01699235344094774,0.01699235344094774,0.4990636704119721,0.5903923229777248,0.5903923229777248,-0.06674035196159167,3.0,0.0,0.635101,0.635101,0.058979,0.06218774374432781,0.25655933333333336,0.009607677022275163,0.1872659176029856,0.37523452157597337,0.8914795131150344,1.030042918454921,1.904761904761898,2.2411396803335704,0.8333333333333093,0.16666666666669075,0.6111111111111031,4.0,,,,0.985215567552622,10.784085961859164,0.9086940067613236,1.7420219976993612,2.162375467217148,0.2056074766149511,0.5802218777690874,0.13086536764554957
PAPER:STXUSDT:1790788499999:LONG,STXUSDT,VALIDATION,RECOVERED_DRAWDOWN,3.115856,6.0356510818492115,9648,CORRECT_RUNNER,3.1158560602092544,-0.2742542760167943,-0.2742542760167943,,1790788589021,True,True,-0.05635390250774419,0.6526674233825247,-0.3101212292077826,-0.3101212292077826,0.08634397932056045,0.47724503079089625,0.47724503079089625,0.45950415522124644,3.0,0.0,0.624848,0.624848,0.827278,-0.27390971030191913,0.7312223333333332,0.12275496920910373,-0.05635390250774419,0.6526674233825247,1.2271689497717064,0.9103840682788134,1.4878397711015845,2.0425776754890768,0.3750000000000173,0.5,-0.12499999999998265,0.0,,,,0.699321311360257,19.07672011288923,1.2681654812374432,1.5469950855558856,2.0641758804788193,0.2734705384558778,0.602541512677023,1.540470721657039
PAPER:RUNEUSDT:1790788499999:LONG,RUNEUSDT,VALIDATION,RECOVERED_DRAWDOWN,1.21627,0.139977017325368,5383,RECOVERED_DRAWDOWN,1.2162702627373623,-1.219901491880071,-1.219901491880071,1790788700399,1790789483832,True,True,-0.09694619486185774,0.3285870755750375,-0.10917030567685337,-0.10917030567685337,0.2950395863629113,0.42743174173206616,0.42743174173206616,0.473475098316789,3.0,1.0,0.571758,0.571758,1.287532,-0.2064752200535369,0.4327753333333333,0.17256825826793382,-0.09694619486185774,0.3285870755750375,1.2403291170330233,1.790344486973705,2.42266120014909,2.2067939499132105,0.0930232558139673,0.7209302325581239,-0.18604651162790878,0.0,,,,0.8830211898885665,86.73282567579129,1.28132564849876,2.4818165146033913,2.228392154902953,0.2632217369945421,0.552848964805279,2.680862470932577
PAPER:NIGHTUSDT:1790790599999:LONG,NIGHTUSDT,VALIDATION,TRUE_WRONG_DIRECTION,0.186148,-4.296473682067812,3065,STALL_NO_EDGE,0.3665246332176686,-0.9734135647097464,-0.9734135647097464,1790790624832,,False,False,0.5480167014613846,1.7965653896961697,0.7007526602647252,0.7007526602647252,0.3050357669163735,0.6051307031871529,0.6051307031871529,0.2379123200375588,4.0,0.0,0.621385,0.621385,0.493256,-0.050838428437338656,0.8186456666666667,0.0,0.5480167014613846,1.7965653896961697,1.7159450897571427,2.9663281667557495,2.691897654584241,3.519613111230524,0.7058823529411885,0.29411764705881155,0.6176470588235348,3.0,,,,1.576349290596002,41.513384363535096,1.5448716717151867,2.5860593485155348,3.587743860400799,0.4541915390150536,0.6411147780694169,0.7743974073134652
PAPER:SKYAIUSDT:1790792099999:LONG,SKYAIUSDT,VALIDATION,CORRECT_RUNNER,1.203495,1.4141281735571438,1119,CORRECT_RUNNER,1.2034951587378107,-0.08925021737744565,-0.08925021737744565,,1790792243379,True,True,0.09216589861751334,0.18450184501843658,-0.29926335174953467,-0.29926335174953467,0.4995391705069591,0.5851794547884003,0.5851794547884003,-0.043483035786739954,2.0,0.0,0.467282,0.467282,0.996331,0.030665283611367812,-0.032047999999999965,0.0148205452115997,0.09216589861751334,0.18450184501843658,0.8824895494658591,1.0232558139535053,2.7436140018921584,2.9140014214641186,0.21052631578946984,0.7894736842105302,0.21052631578946984,1.0,,,,0.9296675961277145,53.03485689217991,0.9936809433911009,2.8448865310920004,2.949254276185209,0.11049723755800975,0.42251628148358145,1.5416024907947135
PAPER:JCTUSDT:1790796299999:LONG,JCTUSDT,VALIDATION,RIGHT_THEN_FAILURE,2.018101,-1.7982107004419434,18,TRUE_WRONG_DIRECTION,0.0,-0.5861341887907767,-0.5861341887907767,1790796323440,,False,False,-1.175153889199776,2.2582513028372775,-0.11325028312570984,-0.11325028312570984,0.5203822478584678,0.580296951368999,0.580296951368999,-0.14756353720385418,2.0,0.0,0.635687,0.635687,-0.379825,-1.9279043234788684,1.305314,0.01970304863100103,-1.175153889199776,2.2582513028372775,2.37681159420291,2.614758861127253,3.214494447691396,0.5694760820045497,0.33333333333333115,0.0,-0.6666666666666689,0.0,,,,0.622278114911845,109.83808668545547,2.4712744612559234,3.435243615250705,0.8332676064895794,0.8040770101121176,0.6369783926500796,-0.6547786373929054
PAPER:CAPUSDT:1790797199999:LONG,CAPUSDT,VALIDATION,TRUE_WRONG_DIRECTION,0.22784,-2.3334610454694986,884,TRUE_WRONG_DIRECTION,0.22784011293397466,-0.42819665871433044,-0.42819665871433044,1790797511537,,False,False,0.029188558085246896,0.8682855040470949,0.05836008170412299,0.05836008170412299,0.03361631393038175,0.47939272188754667,0.47939272188754667,0.133751885889688,3.0,0.0,0.563637,0.563637,0.427268,-0.26023994326378475,0.5169856666666667,0.12060727811245331,0.029188558085246896,0.8682855040470949,1.1361959569130997,1.7366780466082865,1.857631148759098,2.298507462686561,0.5,0.5,0.13636363636364784,8.0,,,,0.9568225228050453,41.08963364870415,1.0418237864996405,1.59518642402795,2.202915774979164,0.2757513860243678,0.5885643800517316,0.8790681684127888
PAPER:ARKUSDT:1790799899999:LONG,ARKUSDT,RESERVE,RIGHT_THEN_FAILURE,0.81491,-1.1583383010245107,1443,RIGHT_THEN_FAILURE,0.9818913044113531,-0.5209396534054278,-0.5209396534054278,1790799978387,1790799944976,False,False,-0.04164931278635153,2.0408163265306145,-0.08333333333332416,-0.08333333333332416,0.020408163265312227,0.46026112386808443,0.46026112386808443,-0.5754423371784223,1.0,0.0,0.561426,0.561426,-3.689068,-0.7219214216298897,1.7962276666666666,0.13973887613191555,-0.04164931278635153,2.0408163265306145,2.9159519725557415,3.7165082108902237,3.3591731266149782,4.438642297650119,0.7567567567567541,0.2162162162162144,-0.027027027027031487,0.0,,,,2.7501882783538045,52.064801697556774,2.821625239970471,3.100810767065565,4.194463130577796,0.7374999999262497,0.5706609592991282,-6.72484693824903
PAPER:CAPUSDT:1790800499999:LONG,CAPUSDT,RESERVE,RIGHT_THEN_FAILURE,0.538312,-1.4146244330028732,1198,RIGHT_THEN_FAILURE,0.5383115816699258,-0.2919920025158729,-0.2919920025158729,,1790800715190,False,False,0.0,0.7654534950895409,0.10032965457933418,0.10032965457933418,0.0,0.5211083548424968,0.5211083548424968,-0.11745342610924858,2.0,0.0,0.57446,0.57446,0.680375,-0.25515116502984697,0.4949813333333333,0.07889164515750313,0.0,0.7654534950895409,0.9842234766247016,0.9111946774660096,1.4246256723360773,1.6758962401632216,0.5384615384615508,0.46153846153844924,0.07692307692304819,3.0,,,,0.8706912548230195,21.604719475220445,0.9932747515185192,1.3247046330062795,1.3753222992884728,0.20782571303640632,0.5716624009416018,0.33772154840014945
PAPER:TRBUSDT:1790800799999:LONG,TRBUSDT,RESERVE,TRUE_WRONG_DIRECTION,0.138068,-2.4360563021776884,858,TRUE_WRONG_DIRECTION,0.10087631873791914,-0.4988363435840748,-0.4988363435840748,1790800860312,,False,False,0.3592423252775978,0.7824212893553062,-0.02324392171446643,-0.02324392171446643,0.45914180782785663,0.5030661002989006,0.5030661002989006,0.8129549762905253,2.0,0.0,0.555714,0.555714,1.593327,0.09843522882582906,0.5011196666666667,0.09693389970109934,0.3592423252775978,0.7824212893553062,0.7069288389513151,1.1758619067776754,0.6174283175078177,2.4089502499405,0.8779069767441818,0.12209302325581815,0.447674418604639,4.0,,,,0.7766317958996183,13.962284709247196,0.6515156056163929,0.572454299374392,2.1391859618318354,0.21105480914629587,0.5644036094367776,2.3528024313602014
PAPER:TRBUSDT:1790801399999:LONG,TRBUSDT,RESERVE,RECOVERED_DRAWDOWN,1.498018,1.3922962992952483,5579,RECOVERED_DRAWDOWN,1.4980177108470327,-0.544569546414797,-0.544569546414797,1790801646841,1790802048210,True,True,0.013923698134221674,0.24189421779783338,-0.05568703884171189,-0.05568703884171189,0.05756110361372345,0.5401286876527448,0.5401286876527448,0.5504544988046423,2.0,0.0,0.585491,0.585491,2.798849,-0.06670770779838946,0.3966123333333333,0.05987131234725518,0.013923698134221674,0.24189421779783338,0.6915564693238618,0.1766538050299804,0.8848314606741514,2.0989292144413696,0.6376811594202891,0.36231884057971087,0.08695652173913267,6.0,,,,0.5352176026711675,9.838376922525946,0.6984032852982269,0.8492850039111044,1.983111828123607,0.08677896885298511,0.6279941825251466,3.1350282451348965
PAPER:SOMIUSDT:1790804099999:LONG,SOMIUSDT,RESERVE,TRUE_WRONG_DIRECTION,0.2875,-4.680138785511804,211,TRUE_WRONG_DIRECTION,0.2874996178268807,-1.1621225842704863,-1.1621225842704863,1790804285979,,False,False,0.4405286343612369,1.2883163038649448,-0.21929824561403022,-0.21929824561403022,0.341941364119706,0.6569138806778176,0.6569138806778176,0.20743012950492634,4.0,0.0,0.754213,0.754213,0.966692,0.011089866406255311,0.8862896666666665,0.0,0.4405286343612369,1.2883163038649448,1.6949152542372836,1.831174631531951,2.42587601078168,2.748986029743139,0.9090909090909183,0.09090909090908174,0.9090909090909183,6.0,,,,1.1849009187560267,38.60572365213206,1.6269435739806437,2.4224169695603868,2.72432997199103,0.39035087715394823,0.7414832937484913,1.624884714663155
PAPER:APRUSDT:1790804099999:LONG,APRUSDT,RESERVE,RECOVERED_DRAWDOWN,1.141768,0.7570429693965213,247,CORRECT_RUNNER,1.141767545328931,-0.019996000799837876,-0.019996000799837876,,1790804163165,True,True,0.20618556701033075,0.34411562284928365,0.4801097393689835,0.4801097393689835,0.5991752577320102,0.7814938375687883,0.7814938375687883,0.10475886998408956,3.0,0.0,0.547693,0.547693,-0.107739,0.09148035939390287,0.5996723333333334,0.0,0.20618556701033075,0.34411562284928365,0.969529085872578,1.179736294240108,1.1095700416088983,1.3908205841446364,0.333333333333395,0.666666666666605,0.333333333333395,5.0,,,,0.8324365005368151,20.53844509456303,0.9015574056159381,1.1061110003876051,1.366164526392527,0.15089163235802328,0.7668201029291499,-0.06357928191359496
PAPER:ZROUSDT:1790805599999:LONG,ZROUSDT,RESERVE,TRUE_WRONG_DIRECTION,0.0,-4.1699516375276815,370,TRUE_WRONG_DIRECTION,0.0,-0.9045701413120444,-0.9045701413120444,1790805642597,,False,False,0.5001163061177039,0.3367394333488205,0.06365004050457035,0.06365004050457035,1.4851729752708975,0.7776267326921222,0.7776267326921222,0.203823729035979,4.0,0.0,0.627745,0.627745,0.137045,0.3878698283347637,0.4779310000000001,0.0,0.5001163061177039,0.3367394333488205,1.0288787559920465,1.4023352696121538,1.6528439503558534,2.3269583752738354,0.9805825242718468,0.019417475728153246,0.8543689320388291,1.0,,,,0.761275715363241,30.43009056894747,1.0233382095424237,1.6548769328325053,2.2978842232661556,0.21872468462110897,0.6111335213634708,0.3753590188716016
PAPER:STXUSDT:1790808599999:LONG,STXUSDT,RESERVE,RIGHT_THEN_FAILURE,0.52992,-3.5659713264260846,608,TRUE_WRONG_DIRECTION,0.21568237426374814,-0.7008446398724444,-0.7008446398724444,1790808637198,,False,False,0.6847511193047051,1.8651745270450215,-0.13078733978550972,-0.13078733978550972,0.36712442153579583,0.6559047218799356,0.6559047218799356,-0.2601654118044139,3.0,0.0,0.592885,0.592885,0.223385,0.06302627695636465,1.4875653333333334,0.0,0.6847511193047051,1.8651745270450215,2.001067235859111,1.9194881364969385,1.540504648074359,3.045822102425877,0.6521739130434677,0.3478260869565322,0.5434782608695544,7.0,,,,1.2160280112179622,49.65123848956981,2.0508507054664724,1.5621880632500307,2.8381288642144287,0.48129741036253887,0.6093907917158511,2.216888086047386
PAPER:BTWUSDT:1790809799999:LONG,BTWUSDT,RESERVE,RIGHT_THEN_FAILURE,1.697665,-0.685223923579787,10845,RIGHT_THEN_FAILURE,1.697665461988218,-1.1701481697151794,-1.1701481697151794,1790809888236,1790812050167,True,False,0.5404582476973285,0.7705806057831666,0.03785584494244709,0.03785584494244709,0.7013649755018723,0.6556164447943721,0.6556164447943721,-0.04632511689772745,3.0,0.0,0.592581,0.592581,-0.012274,0.28359804576960634,0.4868569999999999,0.0,0.5404582476973285,0.7705806057831666,1.1719647644580444,1.3582994397974169,2.0553237521248713,2.6342373144766507,0.5839416058394147,0.4160583941605854,0.5182481751824716,2.0,,,,1.1486962725716587,16.480678730627158,1.2843609828478209,2.084114386190161,2.8214702337078013,0.2695336159633561,0.6252351773795477,-0.058335906423967465
PAPER:MONUSDT:1790810699999:LONG,MONUSDT,RESERVE,RECOVERED_DRAWDOWN,1.303174,1.1459057365415473,2649,CORRECT_RUNNER,1.3031738390862913,-0.2781754817532289,-0.2781754817532289,,1790811233112,True,True,0.12928248222365823,0.9120521172638396,-0.032278889606196515,-0.032278889606196515,0.1417490072952259,0.6305432214633937,0.6305432214633937,0.05638738875950455,4.0,0.0,0.635774,0.635774,0.583858,-0.17473489019762162,0.45421666666666666,0.0,0.12928248222365823,0.9120521172638396,0.8791924454575106,1.2749264465511612,1.2749264465511612,2.548824892419721,0.6666666666666795,0.3333333333333205,0.44444444444446585,4.0,,,,0.7838024080424111,20.060539517681907,0.8500139921489014,1.1637464710406054,2.4496545835705485,0.27759845058553895,0.6583466468642833,1.1342327362650284
PAPER:CYBERUSDT:1790813099999:LONG,CYBERUSDT,RESERVE,RIGHT_THEN_FAILURE,7.164376,-2.7517048905312484,103,TRUE_WRONG_DIRECTION,0.07018439968047296,-0.6512588041622025,-0.6512588041622025,1790813137335,,False,False,-0.029824038174763867,0.1493875112040577,-0.8054892601431884,-0.8054892601431884,0.1996421115418769,0.43593313212102514,0.43593313212102514,1.7536488508377746,2.0,2.0,0.544685,0.544685,2.41799,-0.0796198752427831,1.864106,0.16406686787897484,-0.029824038174763867,0.1493875112040577,3.392967304133254,4.293714996888598,4.586583463338534,5.40880503144654,0.27272727272727043,0.6590909090909056,-0.06818181818182392,0.0,,,,-0.9748677849303666,7051.925393118156,3.4889815415309777,4.719386971101036,5.564422577695066,-0.4474940333681405,0.5171652093080448,3.702152124411917
PAPER:BROCCOLIF3BUSDT:1790813399999:LONG,BROCCOLIF3BUSDT,RESERVE,TRUE_WRONG_DIRECTION,0.320443,-2.1402133101709464,475,TRUE_WRONG_DIRECTION,0.32044258541372717,-0.42852230425611815,-0.42852230425611815,1790814584756,,False,False,0.05445140212358979,0.8092168426827584,-0.10884353741497099,-0.10884353741497099,0.06728901235306672,0.934057036271204,0.934057036271204,1.0958001039954812,3.0,0.0,0.850848,0.850848,0.961563,-0.2152875454373297,-0.19124999999999992,0.0,0.05445140212358979,0.8092168426827584,0.5884768030655518,2.182677603225369,2.3391812865497075,2.3391812865497075,0.8461538461538256,0.15384615384617437,0.8461538461538256,3.0,,,,0.7928836643482207,44.9551245896595,0.6216990248606669,2.4180764134569763,2.583781652342354,0.1972789115448982,0.9211096799670508,0.9231187514570971
PAPER:MONUSDT:1790813699999:LONG,MONUSDT,RESERVE,TRUE_WRONG_DIRECTION,0.323042,-2.974927776453328,690,TRUE_WRONG_DIRECTION,0.3230420665710998,-0.6125162989859656,-0.6125162989859656,1790813777638,,False,False,0.0,0.597484276729543,0.2188183807439792,0.2188183807439792,0.0,0.5568446360034367,0.5568446360034367,0.515790674211769,4.0,0.0,0.629408,0.629408,0.513451,-0.1991614255765143,1.013531,0.04315536399656328,0.0,0.597484276729543,1.202151217968983,0.7876496534341637,0.5658597925180642,1.202151217968983,0.3333333333333237,0.6666666666666763,0.0,0.0,,,,0.7119973873968011,18.29539795701205,1.189549486214747,0.6801353356632067,1.3780413600645136,0.2657080337339761,0.6404044399752843,1.031889919545792
PAPER:ARIAUSDT:1790814899999:LONG,ARIAUSDT,RESERVE,RECOVERED_DRAWDOWN,1.196238,0.2928846564112496,602,RECOVERED_DRAWDOWN,1.1962384962874495,-0.5175464768810145,-0.5175464768810145,1790814955931,1790816074784,True,True,0.0,0.13808340237504435,-0.2482073910645366,-0.2482073910645366,0.0,0.7249964649545566,0.7249964649545566,-0.009339951566411653,2.0,0.0,0.462434,0.462434,-0.237144,-0.04602780079168145,0.38758499999999996,0.0,0.0,0.13808340237504435,0.7782101167315147,1.2849162011173254,1.171875,1.5686274509803866,0.4285714285714569,0.4285714285714569,-0.1428571428570862,0.0,,,,0.7394927471796375,32.56287384246785,0.8155216174758728,1.14694769893956,1.6254244111533145,0.14616657472338546,0.6163050600560284,0.059605095960879595
PAPER:STXUSDT:1790816699999:LONG,STXUSDT,RESERVE,RIGHT_THEN_FAILURE,0.891517,-0.03916238763187774,64,STALL_NO_EDGE,0.1623066894826275,-0.15021220814446234,-0.15021220814446234,,,False,False,0.051867219917012264,0.46874999999999556,-0.5443234836702948,-0.5443234836702948,0.11065006915629388,0.3966433650949434,0.3966433650949434,1.473368836349498,3.0,1.0,0.570871,0.570871,1.730811,-0.10438278008298627,0.3742683333333333,0.20335663490505657,0.051867219917012264,0.46874999999999556,1.206715634837363,2.198675496688729,2.497343251859707,3.320835565077651,0.1999999999999778,0.8000000000000222,0.0999999999999889,5.0,,,,1.014999171383879,73.45064574309941,1.1867628791396467,2.535676250914931,3.2235636427260794,0.1658890616734035,0.5036741504033103,3.2296814451236333
PAPER:PLUMEUSDT:1790817899999:LONG,PLUMEUSDT,RESERVE,RIGHT_THEN_FAILURE,0.857474,-4.043822572604715,525,RIGHT_THEN_FAILURE,0.8574743492189452,-0.6910027390494955,-0.6910027390494955,1790818279684,1790817971933,False,False,-0.05162622612286949,0.10341261633919352,0.05165289256197081,0.05165289256197081,0.4992256066081473,0.4802101185332973,0.4802101185332973,0.4028994643276995,3.0,0.0,0.77849,0.77849,0.611625,-0.086097098235934,0.414923,0.11978988146670266,-0.05162622612286949,0.10341261633919352,0.8333333333333304,1.1494252873563093,1.2552301255229992,2.163588390501303,0.0,1.0,0.0,0.0,,,,0.7282025645060974,41.162994522947336,0.760709637961543,1.1062251791424282,1.9456201078991264,0.11880165288068056,0.6324883050317228,0.8026215166326178
PAPER:QNTUSDT:1790818199999:LONG,QNTUSDT,RESERVE,RIGHT_THEN_FAILURE,0.569473,-4.70951467579309,2081,TRUE_WRONG_DIRECTION,0.0932354084128173,-1.0324180125834803,-1.0324180125834803,1790818243241,,False,False,0.5043588630214701,1.279030629417699,-0.2725157859754024,-0.2725157859754024,0.3943289952728406,0.6496857860418193,0.6496857860418193,0.09889998422107915,4.0,0.0,0.633547,0.633547,0.958044,0.07801531988223714,1.0949996666666668,0.0,0.5043588630214701,1.279030629417699,1.94125419249922,1.8687791996749858,2.5387629919918275,2.977412731006157,0.6223776223776099,0.37762237762239015,0.5244755244755219,1.0,,,,1.5742809510290057,28.119713615914097,1.9995015696031293,2.452890617121206,2.79445299261184,0.40578265200328756,0.6364749368269502,1.1282262255081221
PAPER:DEEPUSDT:1790818199999:LONG,DEEPUSDT,RESERVE,TRUE_WRONG_DIRECTION,0.274558,-3.787453162776546,66,TRUE_WRONG_DIRECTION,0.0,-0.6932620209964768,-0.6932620209964768,1790818278722,,False,False,-0.0841042893187538,0.1686340640809414,0.0,0.0,0.4987384356602188,0.6525927420009618,0.6525927420009618,-0.015016702869452558,3.0,0.0,0.793365,0.793365,1.374392,-0.14031564401240093,0.2229033333333333,0.0,-0.0841042893187538,0.1686340640809414,0.6779661016949268,0.9774755631109189,1.3651877133105783,1.9742489270386132,0.22222222222221366,0.7777777777777863,0.22222222222221366,2.0,,,,0.33912758321046343,41.19062279826365,0.7362134787988361,1.279315338439957,1.791289188644296,0.033670033666665294,0.706603523035085,0.6270061013816441
PAPER:ACUUSDT:1790818199999:LONG,ACUUSDT,RESERVE,RECOVERED_DRAWDOWN,1.642195,2.483932139729623,1006,RECOVERED_DRAWDOWN,1.642194867428004,-0.6258412705277494,-0.6258412705277494,1790818266824,1790818359778,True,True,1.0668340131785303,2.1080995403392144,-0.20156601286920317,-0.20156601286920317,0.5060643450483681,0.4251234821960973,0.4251234821960973,3.358473103359083,2.0,1.0,0.598229,0.598229,0.013497,0.36413416639879215,2.7415683333333334,0.17487651780390268,1.0668340131785303,2.1080995403392144,3.9954798611671727,3.9870863599677175,4.003874717468525,3.978694213542089,0.8625000000000028,0.13749999999999718,0.8437500000000017,2.0,,,,1.206526700678645,1667.7284794074385,4.053727238271082,3.918002342597904,3.7957344751477717,0.5572803476623733,0.5261154034488185,3.3664420986218913
PAPER:ACUUSDT:1790818499999:LONG,ACUUSDT,RESERVE,CORRECT_RUNNER,1.139327,0.8261298768384411,124,CORRECT_RUNNER,0.6987841763743452,-0.01999600079984898,-0.01999600079984898,,1790818547469,False,True,0.03850893407268963,1.349875156054936,-0.3002540611286464,-0.3002540611286464,0.0285277745130398,0.6624534238934654,0.6624534238934654,3.358473103359083,3.0,0.0,0.566085,0.566085,3.366442,-0.4114494512789557,-0.7965506666666666,0.0,0.03850893407268963,1.349875156054936,0.8149642968022341,4.843005892323848,4.834543987086359,4.927700137329349,1.0,0.0,0.17857142857140734,1.0,,,,1.5576963039624303,628.75540790737,0.8617174087587443,4.86158628403105,4.867204495583283,0.31411194084163735,0.572157850428916,3.593388486467175
PAPER:PLUMEUSDT:1790819399999:LONG,PLUMEUSDT,RESERVE,CORRECT_RUNNER,2.642042,5.443241548822926,3253,CORRECT_RUNNER,2.64204199610667,-0.17357511600596398,-0.17357511600596398,,1790819461582,True,True,0.5141388174807249,1.4530358069538174,-0.102301790281345,-0.102301790281345,0.3538376790304838,0.7269537091891494,0.7269537091891494,0.007343173223683941,3.0,0.0,0.67854,0.67854,0.718659,0.029793548496119093,1.2486846666666667,0.0,0.5141388174807249,1.4530358069538174,1.558441558441559,1.4530358069538174,0.929272070211673,1.505711318795444,0.550000000000006,0.4499999999999939,0.550000000000006,4.0,,,,0.7988348190968608,42.62709588812703,1.649315358180925,1.0075857129512478,1.6615519614547214,0.4296675191386191,0.6969572811048622,0.6763701546575573
PAPER:PLUMEUSDT:1790822399999:LONG,PLUMEUSDT,RESERVE,TRUE_WRONG_DIRECTION,0.028894,-1.6824631284010922,523,TRUE_WRONG_DIRECTION,0.028893976705890445,-0.46000579835132616,-0.46000579835132616,1790822441300,,False,False,0.44356826022671214,1.0912698412698374,0.19627085377822429,0.19627085377822429,0.4064698239168431,0.6858053658804312,0.6858053658804312,-0.40416552273579986,3.0,0.0,0.580351,0.580351,2.859302,0.0798116464700997,0.962286,0.0,0.44356826022671214,1.0912698412698374,1.3930348258706315,1.8999999999999906,1.2922465208747402,3.1898734177215227,0.7333333333333225,0.2666666666666775,0.666666666666659,4.0,,,,1.2662579516961925,19.368936858016756,1.5411887312451356,1.3322849310236362,3.450269142529944,0.32875368004563155,0.6183007903443267,4.076627798034482
PAPER:TRUMPUSDT:1790822699999:LONG,TRUMPUSDT,RESERVE,TRUE_WRONG_DIRECTION,0.211332,-3.029785377954526,511,TRUE_WRONG_DIRECTION,0.07253523844050758,-0.6677146754823227,-0.6677146754823227,1790822811283,,False,False,0.32558139534883956,0.5594405594405494,0.09272137227629429,0.09272137227629429,0.5819767441860612,0.6702899961262214,0.6702899961262214,0.4963820646843198,3.0,0.0,0.603205,0.603205,3.240328,0.13910120886865643,-0.40104833333333334,0.0,0.32558139534883956,0.5594405594405494,0.9831460674157189,1.5536723163841692,4.152583293095113,4.708737864077661,0.5,0.5,0.38888888888889983,2.0,,,,1.5359345754905052,41.49617112634519,0.974665741771219,4.2518250795826775,4.865630710061803,0.11590171533379859,0.6072237333889404,3.711742544266028
PAPER:PLUMEUSDT:1790822999999:LONG,PLUMEUSDT,RESERVE,RIGHT_THEN_FAILURE,1.148791,-0.22001190361055967,73,STALL_NO_EDGE,0.2722007960804351,-0.312192797680122,-0.312192797680122,,,False,False,-0.6274131274131234,0.43902439024390283,-0.29140359397766824,-0.29140359397766824,1.4291076791076687,0.49517712210622006,0.49517712210622006,0.993804597304182,3.0,0.0,0.564616,0.564616,4.217329,-0.7737545908277577,0.7660843333333335,0.10482287789377992,-0.6274131274131234,0.43902439024390283,1.5786877158362245,1.0304219823356275,2.437810945273644,2.847152847152845,0.40909090909091195,0.0,-0.590909090909088,0.0,,,,0.8148672816880032,29.351525826217866,1.6116483907114787,2.5802100538779236,2.889614484052533,0.3496843127382217,0.5445343633174539,4.408635102426772
PAPER:MARSCOINUSDT:1790823899999:LONG,MARSCOINUSDT,RESERVE,TRUE_WRONG_DIRECTION,0.043862,-5.876366095384945,423,TRUE_WRONG_DIRECTION,0.03676647397083954,-1.08429240275002,-1.08429240275002,1790823924655,,False,False,0.19930244145491827,1.1787536836052714,0.12786815372591853,0.12786815372591853,0.16907895536355208,0.572158632793973,0.572158632793973,0.03099851641563678,2.0,1.0,0.683044,0.683044,0.392623,-0.1936154530801722,1.046049,0.027841367206026923,0.19930244145491827,1.1787536836052714,1.4777970011534025,2.0072463768116,1.2952435777505933,1.7491868449584391,0.8522727272727358,0.14772727272726413,0.3181818181818239,4.0,,,,0.9009926110504995,31.438167703836665,1.5376175295746364,1.254282848658539,1.8345277845466912,0.39639127651076234,0.7020517576478519,0.8034879576146237
PAPER:ESPUSDT:1790823899999:LONG,ESPUSDT,RESERVE,RECOVERED_DRAWDOWN,1.148187,2.0590500749690683,1063,RECOVERED_DRAWDOWN,1.148186610966273,-0.3941794936311638,-0.3941794936311638,1790823980598,1790824185891,True,True,0.10984987184181616,0.36710719530101965,0.1097293343087058,0.1097293343087058,0.29923105089711394,0.7827677514726228,0.7827677514726228,-0.07790473393181063,3.0,0.0,0.827181,0.827181,0.350316,-0.012519193258523728,0.40066733333333326,0.0,0.10984987184181616,0.36710719530101965,0.8297990042411829,0.7740508661997714,1.287394646661122,1.7586303154368599,0.7222222222222522,0.2777777777777478,0.4444444444444273,5.0,,,,0.7721198267387486,13.655503402882246,0.8896195326624168,1.2464339175690675,1.843971255025112,0.16642282368489286,0.68834976723066,1.2789617528955244
PAPER:ESPUSDT:1790824199999:LONG,ESPUSDT,RESERVE,RIGHT_THEN_FAILURE,0.624626,-0.3828998605018583,195,STALL_NO_EDGE,0.2977755338870569,-0.1107878678532237,-0.1107878678532237,,,False,False,0.6397367940047527,0.30057382275252564,0.0,0.0,2.1283849276903712,0.7576752779199655,0.7576752779199655,1.208665566301792,4.0,0.0,0.697452,0.697452,1.278962,0.5395455197539109,0.20349100000000003,0.0,0.6397367940047527,0.30057382275252564,0.6949524506217886,1.5305181633781917,1.4743826022852735,2.3705494096867064,0.5590062111801228,0.4409937888198771,0.4347826086956473,1.0,,,,0.6918123113142549,28.74433887533353,0.6792063578428542,1.528978160306188,2.350374553672274,0.08626952414683912,0.6851925998652153,3.9294650964790456
PAPER:LITUSDT:1790824499999:LONG,LITUSDT,RESERVE,CORRECT_RUNNER,1.487005,1.3418093949298369,7342,CORRECT_RUNNER,1.48700475022423,0.0,0.0,,1790824516594,True,True,0.07661320218472767,1.3820039056632094,0.10371906949178111,0.10371906949178111,0.05543631379823184,0.4398739361905608,0.4398739361905608,-0.09267716675673832,1.0,2.0,0.579503,0.579503,0.1546,-0.38405476636967545,1.0316963333333333,0.16012606380943917,0.07661320218472767,1.3820039056632094,1.8255884127942101,2.1260497843686332,2.381674757281571,3.612916432117097,0.8865979381443252,0.11340206185567482,0.30927835051546015,1.0,,,,1.247034413838377,91.11096383599089,1.8206320123308695,2.4377990290661957,3.538490676276629,0.5045191879774038,0.5621123955910932,0.36053687823516256
PAPER:ZETAUSDT:1790824799999:LONG,ZETAUSDT,RESERVE,TRUE_WRONG_DIRECTION,0.126952,-2.96843105198542,172,TRUE_WRONG_DIRECTION,0.03510964167630082,-0.4608411406089141,-0.4608411406089141,1790824935564,,False,False,0.03678499172337091,0.46176579239010085,0.07354293068577711,0.07354293068577711,0.07966157807613185,0.5971828375977651,0.5971828375977651,0.18022587610102558,3.0,1.0,0.555669,0.555669,0.014359,-0.11713693907332937,0.518466,0.0028171624022348407,0.03678499172337091,0.46176579239010085,0.9090909090909038,0.9840326773115526,1.171875,1.2472077438570484,0.42857142857142383,0.5714285714285762,0.19047619047618103,5.0,,,,0.7235644600830371,18.13821690488892,0.9152700144703374,1.1373801235754821,1.19051649713513,0.19672733956481125,0.6456064273487624,-0.11267077704020245
PAPER:ZETAUSDT:1790825399999:LONG,ZETAUSDT,RESERVE,RECOVERED_DRAWDOWN,1.343616,0.5033274487128723,1670,RECOVERED_DRAWDOWN,1.3436156194838622,-1.0927038087563457,-1.0927038087563457,1790825440244,1790825716383,True,True,0.38251366120218844,0.4923413566739532,-0.21774632553076545,-0.21774632553076545,0.7769277474195678,0.7460405605845357,0.7460405605845357,0.14335338579702928,3.0,1.0,0.718287,0.718287,-0.056859,0.21839987564420404,0.1303386666666667,0.0,0.38251366120218844,0.4923413566739532,0.8786381109280539,1.3237727523441878,2.244897959183656,1.52910832719233,0.8636363636363564,0.13636363636364354,0.8636363636363564,1.0,,,,1.0723890658896007,16.235728732575133,0.8048438936709146,2.214353882475806,1.612146033002454,0.08346942477844223,0.7366903925390891,0.6502153023911106
PAPER:DRIFTUSDT:1790825699999:LONG,DRIFTUSDT,RESERVE,TRUE_WRONG_DIRECTION,0.0,-2.692569923203791,102,TRUE_WRONG_DIRECTION,0.0,-0.4685603258211768,-0.4685603258211768,1790825791115,,False,False,0.5015045135406293,0.5519317611640595,0.09980039920161055,0.09980039920161055,0.9086349958968191,0.6006564871467636,0.6006564871467636,0.647237327708905,3.0,0.0,0.651044,0.651044,0.753303,0.3175272598192761,1.0466323333333332,0.0,0.5015045135406293,0.5519317611640595,1.7775520568816594,1.6227180527383256,2.192758796532379,3.6730470770822476,1.0,0.0,1.0,5.0,,,,1.2508303977590396,45.37765171650743,1.7477343125491207,2.1370034607101296,3.584273306871033,0.3143712574535904,0.5444809564954473,0.8782629740733405
PAPER:IOTAUSDT:1790825699999:LONG,IOTAUSDT,RESERVE,TRUE_WRONG_DIRECTION,0.23321,-1.0401546816178997,204,STALL_NO_EDGE,0.1246928617171017,-0.3455459414629325,-0.3455459414629325,,,False,False,-0.10853835021708003,0.5462490895848493,0.10865628395508864,0.10865628395508864,0.19869753979740168,0.6286638214795851,0.6286638214795851,-0.029962034102937185,3.0,0.0,0.742194,0.742194,0.026498,-0.2906213800786964,0.36966333333333334,0.0,-0.10853835021708003,0.5462490895848493,0.7296607077708739,0.9875640087783522,1.079992678015751,1.4514054749219074,0.41176470588235653,0.3823529411764652,-0.20588235294117826,0.0,,,,0.49591243085631564,27.857353037733393,0.6998429634383352,1.0242373421935014,1.3626317047106928,0.26439695759760884,0.724376759722307,0.13407452190552505
PAPER:SOONUSDT:1790825699999:LONG,SOONUSDT,RESERVE,RECOVERED_DRAWDOWN,1.568669,1.325114026453214,1940,CORRECT_RUNNER,1.5686693169840726,-0.2741824516452551,-0.2741824516452551,,1790825817223,True,True,0.5951115834218923,1.9164513350559798,-0.23241073315022343,-0.23241073315022343,0.3105278869001435,0.578056094835024,0.578056094835024,-0.10068824697465617,3.0,0.0,0.642908,0.642908,-0.725003,-0.04370552826343432,1.6221333333333334,0.02194390516497602,0.5951115834218923,1.9164513350559798,2.6681127982646435,3.115468409586053,3.137938548703434,3.8849868305531166,0.8431372549019578,0.1568627450980422,0.5686274509803894,6.0,,,,2.5267757389230816,35.39540845169868,2.638295053932105,3.0821832128811844,3.796213060341902,0.6190576800564123,0.6263647675633387,-1.1077732570472842