position_id,symbol,chrono_split,clean_label,actual_win,f_gate_positioning_oi_change_pct,f_context_taker_share_for_selected,f_f_selected_slope5_norm,f_f_taker_selected_share_3m,f_micro_reversal_pressure,nearest_supply_distance_pct,5m_supply_distance_pct,15m_supply_distance_pct,nearest_demand_distance_pct,pre_anchor_price,pre_ret_5s,pre_v_5s_pps,pre_range_5s,pre_ret_15s,pre_v_15s_pps,pre_range_15s,pre_ret_30s,pre_v_30s_pps,pre_range_30s,pre_ret_60s,pre_v_60s_pps,pre_range_60s,pre_ret_120s,pre_v_120s_pps,pre_range_120s,pre_seg_v_120_60s_pps,pre_seg_v_60_30s_pps,pre_seg_v_30_15s_pps,pre_seg_v_15_5s_pps,pre_seg_v_5_0s_pps,pre_dv_30_15_to_15_5,pre_dv_15_5_to_5_0,pre_dv_60_30_to_30_15,pre_speed_ratio_5_30,pre_speed_ratio_15_60,pre_speed_ratio_30_120,pre_eta_nearest_supply_distance_pct_15s,pre_eta_5m_supply_distance_pct_15s,pre_eta_15m_supply_distance_pct_15s,pre_eta_nearest_supply_distance_pct_30s,pre_eta_5m_supply_distance_pct_30s,pre_eta_15m_supply_distance_pct_30s,pre_eta_nearest_supply_distance_pct_60s,pre_eta_5m_supply_distance_pct_60s,pre_eta_15m_supply_distance_pct_60s
PAPER:BIOUSDT:1790662199999:LONG,BIOUSDT,TRAIN,TRUE_WRONG_DIRECTION,False,0.35139697569723793,0.652034,0.32576505426159963,0.6822559738883519,73.8138886964068,0.636040770848445,0.636040770848445,0.636040770848445,4.185829500766514,0.03045,-0.09842519685039353,-0.019685039370078705,0.13136288998359946,0.2634178465590997,0.01756118977060665,0.3612479474548347,0.32948929159803964,0.01098297638660132,0.5582922824302061,0.7610853739245638,0.012684756232076063,0.8538587848932577,,,1.477832512315258,,0.014339289653650944,0.004393190554640529,0.036219953901877044,-0.019685039370078705,0.03182676334723652,-0.05590499327195575,-0.009946099099010414,-1.792322834645576,1.384432577915806,,36.21854664500178,36.21854664500178,36.21854664500178,57.91151218574801,57.91151218574801,57.91151218574801,50.142135900103675,50.142135900103675,50.142135900103675
PAPER:SOONUSDT:1790662499999:LONG,SOONUSDT,TRAIN,TRUE_WRONG_DIRECTION,False,-0.07862142338735945,0.593984,0.051998700027299005,0.47297796945241366,102.7857400301927,1.0519143734605718,1.0519143734605718,9.237411776903869,4.112744702521487,0.3078,-0.06493506493505663,-0.012987012987011326,0.06497725795970855,-0.16217969510217145,-0.010811979673478097,0.19493177387914784,-0.09737098344692052,-0.0032456994482306842,0.3898635477582846,-0.032478077297815044,-0.0005413012882969174,0.3898635477582846,,,0.7797270955165692,,0.0021652051531876695,0.004327599264309552,-0.009730781706130953,-0.012987012987011326,-0.014058380970440505,-0.003256231280880373,0.0021623941111218827,4.001298701298694,19.97405124878893,,,,,,,,,,
PAPER:ALICEUSDT:1790662499999:LONG,ALICEUSDT,TRAIN,CORRECT_RUNNER,True,4.122920405106356,0.598753,1.0603290675356474,0.5964372154609677,280.49769760389813,0.0,,0.4064878675696937,4.772244819774619,0.1637,-0.3045066991473777,-0.06090133982947554,0.4886988393402625,-0.06105006105004973,-0.004070004070003315,0.6108735491753281,0.30637254901961786,0.010212418300653928,1.1606597434331234,-0.12202562538131678,-0.0020337604230219464,1.1606597434331234,,,1.7715332926084515,,-0.01423632296115492,0.02450980392156854,0.024420024420024333,-0.06090133982947554,-8.977950154420711e-05,-0.08532136424949988,0.03874612688272346,-5.96345919610205,2.001221001220848,,,,,0.0,,39.803291992423105,,,
PAPER:AVAXUSDT:1790662499999:LONG,AVAXUSDT,TRAIN,RIGHT_THEN_FAILURE,False,0.0725446159777432,0.637261,0.13609850938366674,0.6504850557739585,13.082654437898636,0.0,0.6950091360013566,0.8807247559497355,3.056446386955536,10.766,-0.018573551263012522,-0.0037147102526025044,0.037154003343853326,-0.09279881217519881,-0.0061865874783465875,0.2043470183912377,-0.11133791055855102,-0.0037112636852850342,0.2600780234070288,-0.3332716163673366,-0.00555452693945561,0.38082853427457986,,,0.3994055359465176,,-0.007406035919274023,-0.0012370878950955049,-0.007423904974015461,-0.0037147102526025044,-0.0061868170789199555,0.003709194721412956,0.006168948024178518,1.0009286775636923,1.1137919656850066,,,,,,,,,,
PAPER:XPLUSDT:1790663099999:LONG,XPLUSDT,TRAIN,RIGHT_THEN_FAILURE,False,-0.03358943212340426,0.649347,0.49039231380204046,0.6745866123753829,283.6991074143523,1.2305043494002854,1.2305043494002854,1.6106564558611147,3.7614930485986076,0.09991,-0.02001400980686796,-0.004002801961373592,0.22019817836052002,0.0,0.0,0.2502252026824081,0.020022024226640234,0.0006674008075546745,0.2502252026824081,0.30117458086535986,0.005019576347755998,0.710639575618055,,,0.8807927134421023,,0.009369875849144874,0.001334801615109349,0.002001801621460686,-0.004002801961373592,0.000667000006351337,-0.006004603582834278,-0.008035074234035525,-5.997598318826842,0.0,,,,,1843.7261919247537,1843.7261919247537,2413.3271006405957,245.14107648753713,245.14107648753713,320.8749791366673
PAPER:DRIFTUSDT:1790663699999:LONG,DRIFTUSDT,TRAIN,TRUE_WRONG_DIRECTION,False,0.49437109132135504,0.578745,0.3518782691041375,0.6017544074503828,24.611692068981046,0.0,,,4.072595113786015,0.02096,-0.04768717215068996,-0.009537434430137992,0.04770992366411875,-0.09532888465204614,-0.006355258976803076,0.0954198473282375,-0.2379819133745853,-0.00793273044581951,0.42938931297709093,0.23912003825918848,0.003985333970986475,0.5725190839694583,,,1.1450381679389277,,0.01594133588394664,-0.009519276534983856,-0.004766444232602307,-0.009537434430137992,0.004752832302381549,-0.004770990197535685,-0.025460612418930495,1.2022889842631863,-1.5946615824595454,,,,,,,,0.0,,
PAPER:JASMYUSDT:1790664299999:LONG,JASMYUSDT,TRAIN,RIGHT_THEN_FAILURE,False,2.5438949401277,0.529952,0.4482166698006882,0.5581162471776246,106.68824646051853,0.5157820110619049,1.9126318277014498,0.5157820110619049,3.846981799812277,0.005232,0.11481056257176547,0.022962112514353095,0.1529051987767649,0.22988505747125743,0.015325670498083829,0.5160550458715663,-0.22883295194509046,-0.007627765064836349,0.7262996941895916,-0.20980354758727282,-0.0034967257931212137,0.8218654434250738,,,1.1276758409785925,,0.0006357683260220052,-0.030511060259344653,0.011494252873562871,0.022962112514353095,0.04200531313290752,0.011467859640790223,-0.03114682858536666,-3.0103329506315544,-4.38286311389718,,33.65477622179031,124.79922675752336,33.65477622179031,,,,,,
PAPER:CHIPUSDT:1790664899999:LONG,CHIPUSDT,TRAIN,STALL_NO_EDGE,False,-0.08296846371920186,0.577781,0.3747755834454694,0.5205561966226385,58.94717524643504,1.1694406348808917,2.471088273927702,1.7529378523846173,3.5883059078420043,0.04455,-0.022441651705573662,-0.004488330341114732,0.0,0.022451728783101643,0.0014967819188734428,0.04489337822669581,-0.022441651705573662,-0.0007480550568524554,0.13468013468015405,0.33783783783782884,0.00563063063063048,0.4264870931537712,,,0.4713804713804892,,0.012012012012011889,-0.002992220227408341,0.004490345756622549,-0.004488330341114732,0.00748256598403089,-0.008978676097737281,-0.01500423223942023,6.0,0.26582846879193056,,781.3032881644338,1650.9340758121755,1171.1377791789273,,,,207.6926567548519,438.8652774495716,311.3217625835163
PAPER:SUSHIUSDT:1790665199999:LONG,SUSHIUSDT,TRAIN,CORRECT_RUNNER,True,-0.04769166806548597,0.657963,0.1439128743535582,0.5457707044173662,25.10630333656271,0.0,0.21378421120139546,0.018967367867017693,3.3318823374841933,0.2568,0.0779423226812126,0.015588464536242519,0.07788161993768083,-0.03892565200468434,-0.002595043466978956,0.15576323987539498,-0.27184466019418707,-0.00906148867313957,0.3894080996884708,0.11695906432747094,0.0019493177387911824,0.3894080996884708,,,0.5062305295950309,,0.012995451591943189,-0.015533980582524235,-0.011677695601401972,0.015588464536242519,0.003856284981122263,0.02726616013764449,-0.028529432174467424,-1.720298407749543,-1.3312572985603688,,,,,,,,0.0,109.6713003463294,9.730259715781278
PAPER:LISTAUSDT:1790666099999:LONG,LISTAUSDT,TRAIN,CORRECT_RUNNER,True,0.12984665735227274,0.62967,0.09042613314343947,0.6794638662343518,22.16033569371372,0.702696596438579,1.2447160443673777,1.594770271154733,5.711200204052236,0.08853,0.0,0.0,0.011295606009253945,0.056509945750438106,0.003767329716695874,0.10166045408336322,-0.01129433024621429,-0.0003764776748738097,0.1694340901389424,-0.06772773450728353,-0.0011287955751213923,0.1694340901389424,,,0.42923302835197186,,-0.001881325958535962,-0.004517732098485716,0.005650994575043811,0.0,0.010168726673529527,-0.005650994575043811,-0.002636406139949754,-0.0,-3.3374773960207365,,186.52378455870252,330.39742681695844,423.31582077541697,,,,,,
PAPER:AVNTUSDT:1790666399999:LONG,AVNTUSDT,TRAIN,TRUE_WRONG_DIRECTION,False,-0.022379387286897146,0.655113,0.0911468653313,0.6895488119464966,10.493407540343432,0.438990878411305,0.8267556556758926,0.438990878411305,3.8580759390309693,0.12634,0.023751088591561498,0.0047502177183122996,0.015830299192665098,0.10300293162190943,0.006866862108127296,0.09498179515593508,0.15855398763280348,0.0052851329210934495,0.19787873990818605,0.10300293162190943,0.001716715527031824,0.28494538546778303,,,0.3957574798163721,,-0.0018487705675721926,0.0036995930447636383,0.007923302432455426,0.0047502177183122996,0.0042237093876917875,-0.003173084714143126,0.005548363612335831,0.8987886944817879,4.0,,63.928890881868156,120.39788227251329,63.928890881868156,83.06146410419542,156.4304376104213,83.06146410419542,255.71556352747263,481.59152909005314,255.71556352747263
PAPER:QUSDT:1790666699999:LONG,QUSDT,TRAIN,TRUE_WRONG_DIRECTION,False,-0.546068429454305,0.624063,0.5556272308393747,0.6574941479946381,37.9947543817515,0.9836809027681692,1.2895223626537167,2.176893358941312,3.793476548119934,0.023205,0.24624157594608231,0.04924831518921646,0.3749191984485978,-0.1463057790782707,-0.009753718605218046,0.7455289808230958,0.1553800336656863,0.005179334455522877,0.8748114630467541,0.7992702315277267,0.013321170525462112,1.4307261366084956,,,2.4391294979530187,,0.021429709106178436,0.02014185621592131,-0.03915831145918536,0.04924831518921646,-0.059300167675106666,0.08840662664840182,-0.001287852890257124,9.508618455157213,-0.732196813078458,,,,,189.92419030194918,248.97453016934656,420.3036852775604,73.84342846508568,96.80248144777676,163.41607179191902
PAPER:INITUSDT:1790666999999:LONG,INITUSDT,TRAIN,RIGHT_THEN_FAILURE,False,0.07593918419077639,0.530992,0.5970304225340067,0.5162723200821936,111.28220341864765,0.0,1.3700559327852302,1.3700559327852302,7.706775723087378,0.09622,-0.041554124246834245,-0.008310824849366849,0.29099979214299854,-0.09344824005814711,-0.006229882670543141,0.4884639368114674,0.06239600665558509,0.002079866888519503,0.5612138848472337,0.9653725078698994,0.016089541797831657,1.4549989607150149,,,1.9330700478071061,,0.030080447708988878,0.010399334442596775,-0.005191568892120024,-0.008310824849366849,-0.015590903334716799,-0.003119255957246825,-0.019681113266392103,-3.995844587574874,-0.38720075119744707,,,,,0.0,658.7228924830221,658.7228924830221,0.0,85.15195460506332,85.15195460506332
PAPER:AAVEUSDT:1790667599999:LONG,AAVEUSDT,TRAIN,CORRECT_RUNNER,True,0.43580603295949594,0.551569,0.16396462783916826,0.49045284091363067,36.281106130180994,,,,4.60859846683257,162.79,-0.11044977603240635,-0.02208995520648127,0.14128631979850592,0.012287276525158042,0.0008191517683438695,0.1965722710240092,-0.01842525488269242,-0.000614175162756414,0.1965722710240092,0.12916717923483478,0.0021527863205805797,0.258001105719019,,,0.4484304932735328,,0.004920654447041113,-0.00204725054252064,0.012287276525158042,-0.02208995520648127,0.014334527067678682,-0.03437723173163931,-0.006967904989561753,35.96686506719305,0.38050769856385674,,,,,,,,,,
PAPER:AVNTUSDT:1790667599999:LONG,AVNTUSDT,TRAIN,TRUE_WRONG_DIRECTION,False,0.05522258155774562,0.715972,0.05449376085381426,0.5780888911619118,15.36105663148366,0.2168860178367149,0.6037933149430685,0.2168860178367149,4.0706785194848605,0.12654,-0.06318117201074003,-0.012636234402148006,0.07112375533426807,-0.031600568810230545,-0.002106704587348703,0.07112375533426807,-0.13416462789044292,-0.004472154263014764,0.09483167377901669,-0.19717643347266778,-0.0032862738912111298,0.1817607080764727,,,0.21337126600284861,,-0.002103215290375863,-0.006839765343434519,0.0031600568810241647,-0.012636234402148006,0.009999822224458683,-0.01579629128317217,-0.0047365500530586555,2.8255363431112235,0.6410617791118726,,,,,,,,,,
PAPER:MORPHOUSDT:1790668199999:LONG,MORPHOUSDT,TRAIN,CORRECT_RUNNER,True,0.12865117749669697,0.670793,0.18715740013790158,0.6310073058931974,42.39671989001264,0.8900542553134105,0.8900542553134105,1.9177834238550906,3.8249475026526314,2.5496,0.003922337713269108,0.0007844675426538217,0.08236586131158408,0.003922337713269108,0.0002614891808846072,0.09805459679950168,-0.17227877838684735,-0.005742625946228245,0.21964229683086867,-0.2620975628838562,-0.004368292714730937,0.34122999686225786,,,0.34122999686225786,,-0.002999126341457122,-0.011746280344557084,0.0,0.0007844675426538217,0.011746280344557084,0.0007844675426538217,-0.008747154003099961,-0.13660432526848795,-0.05986072773987938,,3403.789985889257,3403.789985889257,7334.083258692798,,,,,,
PAPER:AVAXUSDT:1790668499999:LONG,AVAXUSDT,TRAIN,TRUE_WRONG_DIRECTION,False,0.8430922480278324,0.637956,0.3691799860645419,0.6680034951716648,34.05614763482946,,,,9.148642897410596,11.47,-0.252195843116787,-0.0504391686233574,0.25283347863993555,-0.39079461571862595,-0.02605297438124173,0.4184829991281669,-0.3994442514761998,-0.013314808382539992,0.48823016564951693,0.18342213293738308,0.0030570355489563847,0.985178727114211,,,1.4385353095030529,,0.019506798264768605,-0.0005789047122843153,-0.013894919669995565,-0.0504391686233574,-0.01331601495771125,-0.036544248953361835,-0.02008570297705292,3.788200864347355,-8.522300105452072,,,,,,,,,,
PAPER:SOONUSDT:1790668499999:LONG,SOONUSDT,TRAIN,STALL_NO_EDGE,False,-0.09213154385875333,0.627239,0.36702954895241163,0.6510556714929001,13.880679222691127,3.248341614367045,7.792887250694336,4.680184760059203,4.346652462782652,0.3211,-0.031133250311332628,-0.0062266500622665255,0.031142946122697523,-0.09334163036714971,-0.00622277535780998,0.18685767673620735,-0.12441679626750135,-0.004147226542250045,0.21800062285890487,-0.2795031055900621,-0.004658385093167701,0.34257240734973937,,,0.9342883836811033,,-0.00517598343685292,-0.0020736132711244673,-0.006222775357810351,-0.0062266500622665255,-0.004149162086685884,-3.874704456174882e-06,0.0031023701657284524,1.501400996263953,1.3358224434765427,,,,,,,,,,
PAPER:ESPORTSUSDT:1790668799999:LONG,ESPORTSUSDT,TRAIN,RIGHT_THEN_FAILURE,False,-0.2076752443886276,0.234449,0.17257909873633712,0.2225162341087905,20.067855579771077,0.5535030661171669,0.5535030661171669,1.6049180221317183,5.75498666997002,0.01047,0.09560229445506607,0.019120458891013214,0.19102196752627254,0.7699711260827691,0.05133140840551794,0.7640878701050569,0.0,0.0,0.8595988538681931,-0.0954198473282375,-0.0015903307888039582,0.8595988538681931,,,0.9551098376313183,,-0.0031806615776079163,-0.050939191340337864,0.0673724735322434,0.019120458891013214,0.11831166487258127,-0.04825201464123019,-0.04775852976272995,,-32.277189605391975,,10.782931606795097,10.782931606795097,31.26580921865365,,,,,,
PAPER:币安人生USDT:1790669099999:LONG,币安人生USDT,TRAIN,TRUE_WRONG_DIRECTION,False,0.11228028115317645,0.551622,0.15601217654451605,0.5617187497731493,39.11489260551146,0.15123521442239607,0.15123521442239607,,6.0130885335777595,0.5253,-0.03805899143671798,-0.007611798287343596,0.1332571863697063,0.0190403655750071,0.0012693577050004734,0.1522939272796564,-0.03805899143671798,-0.0012686330478905994,0.1522939272796564,-0.03805899143671798,-0.0006343165239452997,0.22844089091947906,,,0.8756900818580049,,0.0,-0.0038058991436725385,0.005712109672504351,-0.007611798287343596,0.00951800881617689,-0.013323907959847947,-0.0038058991436725385,6.0,-2.0011424219337166,,119.14310192203833,119.14310192203833,,,,,,,
PAPER:LUMIAUSDT:1790669099999:LONG,LUMIAUSDT,TRAIN,CORRECT_RUNNER,True,0.35924723644031875,0.72736,0.06569260391233248,0.8033503252792284,8.512410683533258,0.13805730272193895,0.13805730272193895,0.13805730272193895,3.0681668544339846,0.08862,0.06775067750677266,0.013550135501354532,0.06770480704130222,0.16954899966090675,0.01130326664406045,0.27081922816520887,0.4306436990027196,0.01435478996675732,0.4852177837959881,0.33967391304348116,0.00566123188405802,0.4852177837959881,,,0.7221846084405348,,-0.0030193236714974128,0.017376851012390244,0.010172939979655737,0.013550135501354532,-0.007203911032734506,0.0033771955216987948,0.020396174683887658,0.9439452289259405,1.9966090200068207,,12.213929571809595,12.213929571809595,12.213929571809595,9.617507678039921,9.617507678039921,9.617507678039921,24.386441952803086,24.386441952803086,24.386441952803086
PAPER:FLUIDUSDT:1790669999999:LONG,FLUIDUSDT,TRAIN,STALL_NO_EDGE,False,-1.1754480207010087,0.704913,0.20283975657200828,0.622874832708089,111.80872525329906,0.9244844688282461,0.9244844688282461,2.273742282582636,5.349564365129666,1.482,0.0,0.0,,0.0,0.0,0.13495276653171517,0.20283975659227682,0.00676132521974256,0.2024291497975672,0.13513513513514486,0.0022522522522524144,0.26990553306343035,,,0.47233468286098645,,-0.002252252252252044,0.01352265043948512,0.0,0.0,-0.01352265043948512,0.0,0.015774902691737164,0.0,0.0,,,,,136.7312529397079,136.7312529397079,336.28648359399716,410.47110415971173,410.47110415971173,1009.5415734666176
PAPER:UNIUSDT:1790670299999:LONG,UNIUSDT,TRAIN,STALL_NO_EDGE,False,0.46700455633079674,0.565729,0.3156744947800087,0.5591996943683053,53.86074206172889,0.056524885707309735,0.056524885707309735,6.232853582355902,6.524271353907663,9.145,0.02187465820844281,0.004374931641688562,0.06560962274466675,-0.043720625204934915,-0.002914708346995661,0.10934937124111865,-0.10922992900054274,-0.0036409976333514247,0.2515035538545707,0.0547045951859948,0.0009117432530999133,0.27337342810278553,,,0.8419901585565936,,0.00547045951859948,-0.004369197160022005,-0.006558093780739682,0.004374931641688562,-0.002188896620717677,0.010933025422428244,-0.009839656678621484,-1.201574975389801,-3.1968521149848894,,,,,,,,61.99649464377825,61.99649464377825,6836.193809128056
PAPER:JOEUSDT:1790670899999:LONG,JOEUSDT,TRAIN,STALL_NO_EDGE,False,0.08238043216539648,0.458337,0.2349599793206837,0.6371270316204644,33.987445342735676,0.7037475648613789,0.7037475648613789,0.8846834562767025,3.1734501083237387,0.03868,0.0,0.0,0.0,-0.10330578512396382,-0.006887052341597588,0.10341261633919352,-0.12909888974955708,-0.004303296324985236,0.2585315408479838,-0.6166495375128589,-0.010277492291880982,0.6204756980351611,,,0.6721820062047579,,-0.0162726961288114,-0.0017213185299946865,-0.010330578512396382,0.0,-0.008609259982401696,0.010330578512396382,0.014551377598816712,-0.0,0.6701101928374322,,,,,,,,,,
PAPER:UBUSDT:1790671199999:LONG,UBUSDT,TRAIN,STALL_NO_EDGE,False,-0.1375599262941729,0.608908,0.2880184331509202,0.6039961372988866,50.635076628392184,0.0,,,5.04012685358407,0.15622,0.012804097311125417,0.0025608194622250835,0.05120983228780185,-0.07675578866573884,-0.005117052577715923,0.1856356420432581,-0.04478853413527606,-0.0014929511378425353,0.2816540775828935,0.5082673872482735,0.008471123120804558,0.8065548585328486,,,1.069005249007815,,0.018443457933903968,0.002132787339773993,-0.00895484201100194,0.0025608194622250835,-0.011087629350775932,0.011515661473227023,-0.016310670594129974,-1.7152734589329732,-0.6040583408767554,,,,,,,,0.0,,
PAPER:INITUSDT:1790671499999:LONG,INITUSDT,TRAIN,RIGHT_THEN_FAILURE,False,0.24128646737240356,0.664202,0.3845379504346678,0.6989092316916221,40.70644389824168,0.0,,0.38306791373030613,10.348508810634572,0.09961,0.32228824655051724,0.06445764931010345,0.43168356590703727,0.5552190591560757,0.03701460394373838,0.8031322156410003,0.8606723369785296,0.02868907789928432,0.8734062845095814,0.962902898844531,0.01604838164740885,1.1143459492018892,,,1.8371649432787907,,0.0033786066626125453,0.020251113811259696,0.02321825156470947,0.06445764931010345,0.002967137753449773,0.04123939774539398,0.016872507148647152,2.2467661573644166,2.306438415845794,,0.0,,10.349102054760964,0.0,,13.352395468237136,0.0,,23.869566548609328
PAPER:UBUSDT:1790672699999:LONG,UBUSDT,TRAIN,RECOVERED_DRAWDOWN,True,-0.0266612591447557,0.5777,0.19465501732602963,0.5955160629884045,16.566925692383755,0.0,0.2816124836650058,,4.83289734864324,0.15584,0.012835322808379956,0.0025670645616759913,0.044917864476390346,0.08991650610148394,0.00599443374009893,0.1989219712525636,0.05136106831022946,0.0017120356103409822,0.21817248459958805,0.05778491171750666,0.0009630818619584444,0.30800821355236874,,,0.6288501026693982,,0.00021401819154664992,-0.0025680534155111032,0.0077071290944119575,0.0025670645616759913,0.010275182509923061,-0.005140064532735966,-0.002782071607057753,1.4994224104746952,6.224220366801572,,0.0,46.978996828540836,,0.0,164.4898517087023,,0.0,292.4076288721103,
PAPER:CVXUSDT:1790673599999:LONG,CVXUSDT,TRAIN,RIGHT_THEN_FAILURE,False,0.8578358545961784,0.645122,0.4668930390025462,0.6365247723420214,118.27153512498913,,,,4.141568626351244,2.351,-0.08499787505312772,-0.016999575010625545,0.12760527435133895,-0.1698513800424628,-0.011323425336164187,0.5104210974053558,-0.08499787505312772,-0.0028332625017709243,0.5529561888558021,0.0,0.0,0.6380263717566836,,,1.9140791152700953,,0.0028356727633630876,0.005666525003541108,-0.00849256900212203,-0.016999575010625545,-0.014159094005663137,-0.008507006008503515,0.0028308522401780203,6.0,,,,,,,,,,,
PAPER:ETHFIUSDT:1790674799999:LONG,ETHFIUSDT,TRAIN,RIGHT_THEN_FAILURE,False,0.05277647604904345,0.640855,0.2316240460338731,0.6409454664506394,20.572015178387556,0.7309267760181815,,1.0661601585262304,3.8014285554906158,0.7457,0.013412017167380164,0.0026824034334760327,0.0536408743462613,-0.17402945113788038,-0.011601963409192026,0.22797371597157445,-0.24080267558528323,-0.008026755852842774,0.25479415314469955,-0.22745517795021986,-0.0037909196325036643,0.36207590183719995,,,0.46935765052972256,,0.0004459905450008665,-0.004459308807135039,-0.01874163319946387,0.0026824034334760327,-0.014282324392328832,0.021424036632939902,-0.004905299352135906,-0.3341827610872239,3.0604614536577914,,,,,,,,,,
PAPER:BIOUSDT:1790675399999:LONG,BIOUSDT,TRAIN,CORRECT_RUNNER,True,-0.004082545678074645,0.593872,0.3208556149411743,0.5634485903971659,55.20172224901361,0.0,0.6719071410631328,1.8984627107293317,3.8883635666701055,0.03178,0.0,0.0,0.03146633102579788,0.03147623544224043,0.002098415696149362,0.09439899307742694,-0.031456432840504256,-0.001048547761350142,0.09439899307742694,0.1891551071879105,0.0031525851197985086,0.40906230333546123,,,0.7866582756450691,,0.007356031946195903,-0.0041941910454020475,0.003147623544224043,0.0,0.0073418145896260905,-0.003147623544224043,-0.01155022299159795,-0.0,0.6656174588185197,,0.0,320.19734807364284,904.7124047980826,,,,0.0,213.12894514520718,602.1923718432917
PAPER:RPLUSDT:1790675699999:LONG,RPLUSDT,TRAIN,TRUE_WRONG_DIRECTION,False,3.8478488453665305,0.685056,0.41728031414580247,0.6915416314776435,299.90393009478237,2.965212146019147,3.1120256614364905,3.063087822964028,3.837147401650365,2.044,0.04894762604013003,0.009789525208026006,0.09784735812133905,0.3436426116838476,0.02290950744558984,0.3424657534246589,0.4422604422604337,0.014742014742014456,0.4892367906066508,0.3436426116838476,0.00572737686139746,0.7338551859099929,,,1.1741682974559686,,-0.0032727867779410356,0.006552006552005274,0.02945508100147487,0.009789525208026006,0.022903074449469596,-0.019665555793448863,0.00982479332994631,0.6640561266111104,4.0,,129.43151017373623,135.8399201217033,133.70378347238028,201.1402239049694,211.0990740341127,207.77945732439724,517.7260406949449,543.3596804868132,534.8151338895211
PAPER:BSBUSDT:1790675699999:LONG,BSBUSDT,TRAIN,TRUE_WRONG_DIRECTION,False,0.023816713976465564,0.750813,0.1753864446911409,0.8101436933469305,13.0900103648274,0.019627502221752913,0.019627502221752913,5.160777019271667,3.4276172606556687,0.10093,0.1289682539682646,0.025793650793652922,0.04953928465273316,0.1289682539682646,0.008597883597884307,0.04953928465273316,-0.03961572744379804,-0.0013205242481266015,0.17834142474982828,0.0991768322919695,0.0016529472048661582,0.32695927870801667,,,0.47557713266621615,,0.0046282521736255395,-0.011224456109075742,0.0,0.025793650793652922,0.011224456109075742,0.025793650793652922,-0.015852708282701283,-19.53288690476211,5.20154761904842,,2.2828294891759966,2.2828294891759966,600.2380656260091,,,,11.874246294116928,11.874246294116928,3122.1668811191967
PAPER:BIOUSDT:1790675699999:LONG,BIOUSDT,TRAIN,STALL_NO_EDGE,False,0.27039212862012274,0.487714,0.1565435190826551,0.5067715020996838,70.57859875659982,0.0,0.23050197351697221,1.4516795983114728,4.309773810975348,0.03192,0.0,0.0,0.06265664160400863,0.06269592476488839,0.004179728317659226,0.1879699248120259,-0.12515644555696204,-0.004171881518565401,0.25062656641603454,-0.2188183807439792,-0.0036469730123996533,0.8145363408521122,,,0.9398496240601517,,-0.003125976867770867,-0.012515644555695834,0.006269592476488839,0.0,0.018785237032184675,-0.006269592476488839,-0.009389667687924968,-0.0,-1.146081504702177,,0.0,55.14759716393727,347.3143438960303,,,,,,
PAPER:SKYUSDT:1790676599999:LONG,SKYUSDT,TRAIN,RIGHT_THEN_FAILURE,False,0.16639458090803583,0.624311,0.10469314078375234,0.6839024921302593,10.829562699310587,1.9008494170522194,3.0413513839018913,3.005335532317166,3.5015283206567327,0.08331,0.06005284650492104,0.012010569300984208,0.09602688752851085,0.2527075812274404,0.01684717208182936,0.3841075501140212,0.3614022406938755,0.012046741356462517,0.4201176329372225,0.2647731375616802,0.004412885626028003,0.46813107670147236,,,0.48013443764254315,,-0.0032093713643840025,0.0072280448138769176,0.019253910950662867,0.012010569300984208,0.01202586613678595,-0.0072433416496786585,0.01043741617826092,0.9969973576747455,3.817722349852367,,112.82899039788371,180.52592857303114,178.38813052539498,157.78951010951207,252.46257837770773,249.47290253765954,430.74975835327876,689.1978722411129,681.0363528551816
PAPER:AIAUSDT:1790677199999:LONG,AIAUSDT,TRAIN,CORRECT_RUNNER,True,0.05376722327337102,0.757534,0.05513717051626948,0.5473252191287316,14.90694100105656,,,,3.607505887614304,0.07441,-0.013437248051595407,-0.0026874496103190815,0.0,0.013440860215063744,0.0008960573476709163,0.013439053890595964,0.08069939475454646,0.0026899798251515485,0.47036688617122513,0.05378512841198724,0.0008964188068664539,0.47036688617122513,,,0.47036688617122513,,-0.0008964188068668241,0.004483299708584927,0.0026881720430105283,-0.0026874496103190815,-0.001795127665574399,-0.00537562165332961,0.005379718515451751,-0.9990593926360305,0.999596774194418,,,,,,,,,,
PAPER:CELOUSDT:1790677799999:LONG,CELOUSDT,TRAIN,TRUE_WRONG_DIRECTION,False,0.6328180358180946,0.506419,0.6016791044174437,0.4607088465562113,291.70222623072283,0.6172371299477231,1.1139041289127238,0.6172371299477231,3.2249038054419144,0.10661,-0.07498359733807414,-0.014996719467614827,0.13131976362443787,-0.2619515389652882,-0.017463435931019216,0.3095394428290099,-0.47610156833458595,-0.01587005227781953,0.6565988181221449,-0.5503731343283635,-0.009172885572139392,0.6753587843541853,,,0.947378294719059,,-0.0024875621890544744,-0.014314164799601828,-0.018710824211807253,-0.014996719467614827,-0.004396659412205425,0.0037141047441924258,-0.011826602610547354,0.9449697584534552,1.903810506920585,,,,,,,,,,
PAPER:JOEUSDT:1790677799999:LONG,JOEUSDT,TRAIN,STALL_NO_EDGE,False,0.0032454429145234442,0.706593,0.2582932387688005,0.7219155169141313,17.629662648543633,0.03069094672827344,0.03069094672827344,6.5946506516187275,3.6441127490598135,0.03945,0.0,0.0,,-0.07598784194529085,-0.005065856129686057,0.07604562737644205,-0.12658227848101333,-0.004219409282700444,0.1774397972116537,0.15232292460014563,0.002538715410002427,0.4816223067173775,,,0.9378960709759299,,0.009308623170009392,-0.0033755274261600596,-0.007598784194529085,0.0,-0.0042232567683690245,0.007598784194529085,-0.012684150596169452,-0.0,-1.9954407294834255,,,,,,,,12.08916391626744,12.08916391626744,2597.632891672731
PAPER:NMRUSDT:1790678099999:LONG,NMRUSDT,TRAIN,STALL_NO_EDGE,False,0.9214311008183707,0.528383,0.1718395155013642,0.5234111306799613,11.071948439398273,5.5378231765554675,5.5378231765554675,5.5378231765554675,5.403184247719095,13.164,-0.007595898214962649,-0.0015191796429925297,0.06836827711942384,-0.04555808656037108,-0.0030372057706914055,0.1671224551808015,-0.007595898214962649,-0.00025319660716542164,0.2127013065937433,-0.2953874119518307,-0.004923123532530512,0.7520510483135734,,,1.0027347310847645,,-0.009593779191597873,0.0025319660716549564,-0.0037965072133638866,-0.0015191796429925297,-0.006328473285018843,0.002277327570371357,0.01212574526325283,6.0,0.6169265813913603,,,,,,,,,,
PAPER:龙虾USDT:1790678699999:LONG,龙虾USDT,TRAIN,RIGHT_THEN_FAILURE,False,0.36206325752683455,0.562267,1.209905055049651,0.5724848682486166,245.79388128670962,7.250809891985366,7.250809891985366,12.569031870100368,4.374771968386726,0.07784,-0.07702182284979875,-0.01540436456995975,0.17985611510792365,-0.012845215157353262,-0.0008563476771568842,0.9506680369989806,-0.23071007433991264,-0.007690335811330422,0.9506680369989806,-0.06419309282320595,-0.001069884880386766,1.336073997944498,,,1.7471736896197299,,0.005563401378011849,-0.01452618986584664,0.006422607578675521,-0.01540436456995975,0.02094879744452216,-0.02182697214863527,-0.02008959124385849,2.0030808729137677,0.8004110468850746,,,,,,,,,,
PAPER:BTWUSDT:1790678999999:LONG,BTWUSDT,TRAIN,CORRECT_RUNNER,True,-0.12148185130462785,0.646976,0.34977372091309583,0.5940067259973227,37.9076674071149,6.693877782511715,6.770520177298378,6.693877782511715,4.840802632880859,1.3043,-0.015331544653118812,-0.0030663089306237623,0.1610059035498046,-0.007666360012270612,-0.0005110906674847074,0.21467453806641723,0.07672830507174933,0.002557610169058311,0.39101433719237466,0.06137322593018357,0.001022887098836393,0.4830177106493916,,,0.6823583531396338,,-0.0005114435494187516,0.005626742371928432,0.000766636001225951,-0.0030663089306237623,-0.004860106370702481,-0.0038329449318497133,0.0061381859213471834,-1.1988961287844542,-0.4996550137997728,,,,,2617.2392741839703,2647.2056841216045,2617.2392741839703,6544.102267128482,6619.029788331799,6544.102267128482
PAPER:ESPORTSUSDT:1790679899999:LONG,ESPORTSUSDT,TRAIN,STALL_NO_EDGE,False,0.3908546495413834,0.410255,0.3153153152837834,0.444324320126339,26.82219118701487,0.0,,,4.076894269477926,0.01109,-0.09009009009010027,-0.018018018018020054,0.2705139765554643,-0.26978417266187993,-0.017985611510791994,0.2705139765554643,-0.26978417266187993,-0.008992805755395997,0.36068530207393756,-0.18001800180018623,-0.0030003000300031037,0.6311992786294018,,,1.1722272317403082,,0.003000300030002734,0.0,-0.017985611510790145,-0.018018018018020054,-0.017985611510790145,-3.2406507229909565e-05,-0.003000300030002734,2.0036036036037603,5.994604316546765,,,,,,,,,,
PAPER:WUSDT:1790680199999:LONG,WUSDT,TRAIN,TRUE_WRONG_DIRECTION,False,-0.1283078996399123,0.575797,0.3311441409969595,0.47508711613292604,533.7376296391143,0.0,3.141345023737241,2.6225253807606874,7.041355169082419,0.014435,-0.13145150131451677,-0.026290300262903354,0.20090058884656425,-0.23498514064551612,-0.01566567604303441,0.25632144094216436,-0.2694486665745566,-0.008981622219151886,0.2978870800138589,-0.04154836922651839,-0.0006924728204419731,0.3533079321094701,,,0.6650502251472235,,0.007617201024859484,-0.00230298005619319,-0.010366991499066724,-0.026290300262903354,-0.008064011442873534,-0.01592330876383663,-0.009920181081052673,2.9271215846557714,22.622802773740258,,,,,,,,,,
PAPER:NIGHTUSDT:1790680499999:LONG,NIGHTUSDT,TRAIN,CORRECT_RUNNER,True,0.06966396047318746,0.621014,0.2622950819409843,0.5917792507603978,77.91578034649639,,,,3.4912964999532003,0.03053,0.0,0.0,0.06550933508026047,0.09836065573771702,0.0065573770491811345,0.13101867016049873,0.19691499835905457,0.006563833278635152,0.22928267278087278,0.19691499835905457,0.003281916639317576,0.622338683262369,,,0.8843760235833664,,0.0,0.006563833278634412,0.009836065573771702,0.0,0.0032722322951372895,-0.009836065573771702,0.006563833278634412,0.0,1.998032786885361,,,,,,,,,,
PAPER:WUSDT:1790680799999:LONG,WUSDT,TRAIN,CORRECT_RUNNER,True,0.04241359318628568,0.648645,0.6028610353620563,0.6528697762528587,91.3441557549999,0.911917221944103,1.4220886942491795,0.911917221944103,5.08769929236359,0.014705,0.08848352845085561,0.01769670569017112,0.09520571234274966,0.07486048727372019,0.004990699151581346,0.17681060863652398,0.01360266612255856,0.00045342220408528533,0.2652159129547971,0.4096961420279932,0.006828269033799887,0.476028561713715,,,1.3056783407004557,,0.013201320132013214,-0.004080799836768308,-0.0013610997686130943,0.01769670569017112,0.0027197000681552135,0.019057805458784216,-0.017282119968781522,39.029199564392094,0.7308878907490929,,182.72334080790145,284.94779009040815,182.72334080790145,2011.187837136838,3136.34551073219,2011.187837136838,133.55027715371475,208.2648892727937,133.55027715371475
PAPER:NILUSDT:1790681099999:LONG,NILUSDT,TRAIN,STALL_NO_EDGE,False,0.11457122352804827,0.553277,0.2940121907199718,0.5428814467601328,256.4288655883324,0.0,3.655563945697393,4.431250298042588,3.122741410180585,0.0838,0.023872045834338884,0.004774409166867777,0.17899761336516162,-0.1548909805790588,-0.010326065371937254,0.6563245823389185,0.21525950729490706,0.007175316909830236,0.8233890214797257,1.4282256112321479,0.023803760187202466,2.1121718377088428,,,2.374701670644408,,0.04034535624949598,0.024714980467193115,-0.017872036220661913,0.004774409166867777,-0.04258701668785503,0.02264644538752969,-0.015630375782302863,0.6653934908891344,-0.4337997564556553,,,,,0.0,509.4637618986897,617.5685832038643,0.0,153.57086094585685,186.15757608014158
PAPER:YBUSDT:1790681699999:LONG,YBUSDT,TRAIN,RECOVERED_DRAWDOWN,True,-0.46343413421784385,0.60644,0.30948200172497836,0.6614586699383378,22.973261042087238,0.3649655107482497,,2.8177202843259863,6.157382384909149,0.0909,0.0,0.0,,0.14321912526165104,0.00954794168411007,0.3190319031903144,-0.24143985952591596,-0.008047995317530532,0.4290429042904331,-0.07694844454215755,-0.0012824740757026258,0.5500550055005493,,,1.0671067106710619,,0.005496317467297285,-0.025607257828504554,0.014321912526165104,0.0,0.039929170354669655,-0.014321912526165104,-0.03110357529580184,-0.0,-7.444939328601292,,38.22452239686745,,295.1128502403098,,,,,,
PAPER:PUMPUSDT:1790681699999:LONG,PUMPUSDT,TRAIN,CORRECT_RUNNER,True,0.05116227960386688,0.604874,0.2792654934686294,0.5821456477753922,18.069171777355315,0.1906898313823957,0.1906898313823957,4.95985094168907,3.352662800773165,0.005245,0.47892720306512704,0.09578544061302541,0.5338417540514562,0.3635667814772203,0.02423778543181469,0.5529075309818721,0.4019908116385862,0.013399693721286207,0.5529075309818721,0.4596820532464907,0.007661367554108178,0.5529075309818721,,,0.915157292659663,,0.0019153418885275997,0.002552322613578184,-0.011481056257175437,0.09578544061302541,-0.014033378870753621,0.10726649687020084,0.0006369807250505843,7.14833059660644,3.1636369434877074,,7.867460990561245,7.867460990561245,204.63300806263985,14.230909702023533,14.230909702023533,370.14659027691454,24.889790241187946,24.889790241187946,647.3845441639853
PAPER:AAVEUSDT:1790682299999:LONG,AAVEUSDT,TRAIN,TRUE_WRONG_DIRECTION,False,-0.7899066777867003,0.610702,0.17138209491111303,0.6119444684515132,10.362244176174851,,,,3.1180823546310354,172.42,0.01740240153140782,0.0034804803062815637,0.05799791207516947,0.16847731365827734,0.011231820910551823,0.2841897691683082,0.16265830138260107,0.005421943379420036,0.289989560375814,0.01160092807424018,0.00019334880123733633,0.34218768124346655,,,0.516181417468975,,-0.005027068832173705,-0.00038728166995793956,0.015104862603845248,0.0034804803062815637,0.015492144273803188,-0.011624382297563685,0.004639787162215765,0.6419248713463801,58.090977749402875,,,,,,,,,,
PAPER:ICPUSDT:1790682599999:LONG,ICPUSDT,TRAIN,TRUE_WRONG_DIRECTION,False,0.23527466450685708,0.696764,0.2654084340636976,0.7040761259722538,39.311531073856536,0.0,0.009453190363406527,,3.200508646429767,3.395,-0.02944640753828054,-0.005889281507656108,0.1178203240059017,0.11795930404010502,0.007863953602673668,0.2356406480117923,0.0589448865311093,0.0019648295510369764,0.2356406480117923,0.08844339622642305,0.0014740566037737175,0.26509572901325384,,,0.6185567010309367,,0.0009827044025153182,-0.003929659102072473,0.014744913005013682,-0.005889281507656108,0.018674572107086156,-0.02063419451266979,-0.004912363504587791,-2.997349823320769,5.334906124053337,,0.0,1.2020913195866942,,0.0,4.811201235454457,,0.0,6.413044342534411,
PAPER:LDOUSDT:1790683199999:LONG,LDOUSDT,TRAIN,TRUE_WRONG_DIRECTION,False,0.7948959298194058,0.774283,0.08832807570094482,0.5889228098844507,25.141178574778195,1.782956472240893,1.782956472240893,4.801853636402109,3.3952907468411953,0.4768,-0.02096875655273056,-0.004193751310546112,0.0419463087248384,-0.08382229673092878,-0.005588153115395252,0.125838926174493,-0.02096875655273056,-0.0006989585517576854,0.1677852348993203,0.2733964248159859,0.004556607080266432,0.4614093959731447,,,0.8808724832214732,,0.009814230634420293,0.004193751310547593,-0.006286672254820491,-0.004193751310546112,-0.010480423565368085,0.002092920944274379,-0.0056204793238727,6.0,-1.2263846798632687,,,,,,,,391.29037040793975,391.29037040793975,1053.8221865119292
PAPER:MOVRUSDT:1790685299999:LONG,MOVRUSDT,TRAIN,RIGHT_THEN_FAILURE,False,0.21785228196238293,0.743807,0.20165959087137877,0.7737535181085083,25.01051945276491,2.130318055447966,2.130318055447966,2.149517288093028,3.6294517380729308,1.0415,0.0,0.0,0.009601536245795739,0.12497596616036777,0.008331731077357851,0.12481997119540011,0.5017851973366794,0.01672617324455598,0.5664906385021595,0.27922202965531273,0.0046537004942552125,0.5664906385021595,,,0.5664906385021595,,-0.0073817318184736065,0.025089259866833597,0.012497596616036777,0.0,-0.01259166325079682,-0.012497596616036777,0.032470991685307204,0.0,1.7903453579883375,,255.68732783962227,255.68732783962227,257.9916788162443,127.36434235734944,127.36434235734944,128.51219801831544,457.76862049410994,457.76862049410994,461.8942045682811
PAPER:ARXUSDT:1790685599999:LONG,ARXUSDT,TRAIN,CORRECT_RUNNER,True,-0.04488220250694619,0.675498,0.39621955648528084,0.6703438614836129,15.269177460172719,1.6160404282779872,5.142607842067948,4.669975095889911,3.7283452400429073,0.2748,-0.14534883720930258,-0.029069767441860517,0.181950509461426,-0.036376864314291435,-0.002425124287619429,0.181950509461426,0.182282172803494,0.006076072426783134,0.47307132459969425,0.3285870755750375,0.005476451259583959,0.6186317321688395,,,0.9825327510916915,,0.0048679566751859875,0.014582573824279224,0.01091305929428854,-0.029069767441860517,-0.0036695145299906837,-0.03998282673614906,0.009714617149093236,-4.784302325581556,-0.4428276949192941,,,,,265.9679336859996,846.3703986475698,768.584501281586,295.0889822035514,939.0401919615783,852.7374525094715
PAPER:MOCAUSDT:1790686499999:LONG,MOCAUSDT,TRAIN,TRUE_WRONG_DIRECTION,False,0.24013669754101574,0.472342,0.9412091987189356,0.4787988836480585,1007.6611009879799,0.026265337345265927,0.07252667549035863,0.45186964828023424,4.942202379438965,0.010772,-0.32386416211714897,-0.0647728324234298,0.3156331229112519,-0.5997969917873824,-0.03998646611915883,0.8633494244337125,0.269943218840174,0.008998107294672467,1.3367991088006015,0.39142590866729776,0.006523765144454963,1.4110657259561732,,,4.818046787968799,,0.004038521279901008,0.05833255763442846,-0.02768293808249389,-0.0647728324234298,-0.08601549571692235,-0.0370898943409359,0.05429403635452745,-7.198495228188712,-6.1293540208366215,,,,,2.918984680346823,8.060214566823369,50.21829963594387,4.026100995924233,11.117303257307551,69.26516180066847
PAPER:SOONUSDT:1790686799999:LONG,SOONUSDT,TRAIN,CORRECT_RUNNER,True,0.13556477824632207,0.648108,0.6678592724436471,0.6104159123352383,124.60210805130346,0.0,6.110994373066769,0.5781494015286048,8.094958932233887,0.3342,-0.029913251570445887,-0.005982650314089177,0.1795332136445449,-0.3874813710879388,-0.025832091405862585,0.5385996409335903,-0.4764740917212573,-0.01588246972404191,0.5984440454817497,-0.6539833531509998,-0.010899722552516663,0.8976660682226356,,,1.4961101137043742,,-0.005945303210463567,-0.005955926146515485,-0.03576751117734811,-0.005982650314089177,-0.029811585030832626,0.029784860863258933,-1.062293605191833e-05,0.37668262040084405,2.3699769678906324,,,,,,,,,,
PAPER:ZROUSDT:1790687099999:LONG,ZROUSDT,TRAIN,TRUE_WRONG_DIRECTION,False,0.04471127602556635,0.690338,0.25082387401373346,0.7068014269220757,13.708194353861584,0.3159172685927025,0.3159172685927025,1.0854640312010888,4.9976199017985,1.6352,-0.1343593501893281,-0.02687187003786562,0.13454011741682592,-0.18312782322061905,-0.01220852154804127,0.20181017612523888,-0.21358393848782686,-0.0071194646162608954,0.25684931506848585,-0.21358393848782686,-0.0035597323081304477,0.26296477495106885,,,0.4892367906066508,,0.0,-0.002034132747503007,-0.004883408619217322,-0.02687187003786562,-0.002849275871714315,-0.021988461418648297,-0.002034132747503007,3.7744228655185847,3.429617873275735,,,,,,,,,,
PAPER:ALICEUSDT:1790687099999:LONG,ALICEUSDT,TRAIN,TRUE_WRONG_DIRECTION,False,0.4792597695124412,0.548031,0.17889087654740626,0.5825883350105392,15.33364269174245,0.3965873491968086,2.6580398206073053,2.6580398206073053,3.293150893630792,0.1679,0.0,0.0,0.1191185229303171,-0.178359096313907,-0.011890606420927133,0.3573555687909513,0.0,0.0,0.3573555687909513,0.05959475566148509,0.000993245927691418,0.41691483025610987,,,0.7147111375818915,,0.001986491855382836,0.01191185229303097,-0.0178359096313907,0.0,-0.02974776192442167,0.0178359096313907,0.009925360437648134,,-11.971462544592793,,,,,,,,399.2841431714588,2676.114491388185,2676.114491388185
PAPER:NOMUSDT:1790741699999:LONG,NOMUSDT,TRAIN,RIGHT_THEN_FAILURE,False,0.1795704620548344,0.563551,0.6301369862383586,0.55973973619462,142.16411615267629,2.07716778577709,,2.07716778577709,4.12314253975471,0.002192,-0.13667425968109104,-0.027334851936218207,0.22810218978103203,0.13704888076746524,0.00913659205116435,0.41058394160583545,0.22862368541380906,0.0076207895137936355,0.5474452554744547,0.7352941176470562,0.01225490196078427,1.049270072992703,,,1.870437956204396,,0.01685049019607865,0.006096631611033724,0.02740977615349527,-0.027334851936218207,0.021313144542461544,-0.054744628089713476,-0.010753858585044924,-3.58687927107055,0.7455459113750136,,227.34601415331656,,227.34601415331656,272.5659568496695,,272.5659568496695,169.49689131941113,,169.49689131941113
PAPER:KSMUSDT:1790742299999:LONG,KSMUSDT,TRAIN,TRUE_WRONG_DIRECTION,False,0.8350356097830192,0.669968,0.30682040254895626,0.6701975880088902,44.86497901219964,,,,4.2103056082868795,5.104,0.01959631589261157,0.003919263178522314,0.21551724137932604,-0.48742444921036077,-0.032494963280690715,0.6465517241379448,-0.409756097560976,-0.013658536585365866,0.7836990595611271,-0.3903200624511993,-0.006505334374186655,0.8228840125391823,,,0.9600313479623868,,0.0006505334374192392,0.0052032520325203295,-0.050692142717878586,0.003919263178522314,-0.05589539475039892,0.0546114058964009,0.004552718595101091,-0.286946054141812,4.995125755507913,,,,,,,,,,
PAPER:ARXUSDT:1790742899999:LONG,ARXUSDT,TRAIN,RECOVERED_DRAWDOWN,True,0.08270559097061092,0.681476,0.31039640984181316,0.7026124865882726,18.338168915548348,0.24114580069061198,0.24114580069061198,1.6214667514258263,3.52675733510015,0.2679,-0.149086843086077,-0.0298173686172154,0.26129152668907807,-0.149086843086077,-0.009939122872405134,0.33594624860022737,0.6008261359369271,0.020027537864564238,1.00783874580066,0.4876219054763764,0.008127031757939607,1.00783874580066,,,1.0824934677118425,,-0.003750937734433949,0.050068844661409116,0.0,-0.0298173686172154,-0.050068844661409116,-0.0298173686172154,0.05381978239584306,-1.488818486768302,-1.2229708420537704,,,,,12.040711260732841,12.040711260732841,80.96186173212892,29.67206329113055,29.67206329113055,199.51524735236254
PAPER:YBUSDT:1790743199999:LONG,YBUSDT,TRAIN,RECOVERED_DRAWDOWN,True,-0.04152312078794518,0.719388,0.32057572780569166,0.7187763825969875,45.776085502906824,0.5246760628262237,1.6902742789860037,1.0693481264522964,3.0810529983783197,0.09174,-0.06535947712418277,-0.013071895424836555,0.1526051885764046,0.02180549498473905,0.00145369966564927,0.5559189012426469,0.14190590546883097,0.004730196848961032,0.686723348593854,0.7135799758480665,0.011892999597467776,1.1772400261608973,,,1.7658600392413404,,0.019028799355948294,0.008004948513626134,0.00872219799389562,-0.013071895424836555,0.0007172494802694853,-0.021794093418732174,-0.01102385084232216,-2.763499245852261,0.12223154080983806,,360.92466361811137,1162.7396765143176,735.6045761864369,110.9205556511811,357.33698468749037,226.06841968684117,44.11637775031425,142.1234622210777,89.9140807740361
PAPER:ZROUSDT:1790743199999:LONG,ZROUSDT,TRAIN,RIGHT_THEN_FAILURE,False,0.28980448091955324,0.679084,0.1497135444667066,0.6700503468037715,13.968222526589475,,,,3.7539353805530085,1.8525,0.010797387032335237,0.0021594774064670474,0.10256410256409554,-0.12400258788008989,-0.008266839192005992,0.2753036437247114,0.08103727714749986,0.002701242571583329,0.36707152496627815,0.25435653209220366,0.004239275534870061,0.5829959514170202,,,0.7665317139001426,,0.005772630515568089,0.013686295696020423,-0.013478542160879625,0.0021594774064670474,-0.027164837856900048,0.015638019567346673,0.007913665180452334,0.7994385358739824,-1.9500594202965345,,,,,,,,,,
PAPER:FLUXUSDT:1790743499999:LONG,FLUXUSDT,TRAIN,TRUE_WRONG_DIRECTION,False,-0.17837348938922748,0.619696,0.23530993677894518,0.6106771179761936,79.46038423656641,0.4079547921341353,0.8893994341848677,0.4079547921341353,3.7913123635304857,0.07441,0.08069939475454646,0.016139878950909292,0.7122698562021301,-0.14761137949543812,-0.009840758633029209,0.7257089100927261,-0.20118025751072466,-0.006706008583690822,0.7525870178739513,0.4997298757428492,0.00832883126238082,1.6798817363257723,,,1.6798817363257723,,0.023410768953719224,-0.003576537911301377,-0.022812667740204073,0.016139878950909292,-0.019236129828902698,0.038952546691113366,-0.0269873068650206,-2.406778749159653,-1.1815293554423865,,,,,,,,48.98103698855826,106.78562287629181,48.98103698855826
PAPER:AKEUSDT:1790744399999:LONG,AKEUSDT,TRAIN,TRUE_WRONG_DIRECTION,False,0.18999492087705683,0.50685,0.3288457293866725,0.5686280591242464,40.19131309072933,1.5706807072744633,5.553659737175964,5.553659737175964,3.028449774766462,0.031652,-0.5185906905113558,-0.10371813810227115,0.6571464678377326,-0.16716606213530438,-0.011144404142353626,0.7108555541513906,0.22164524096004445,0.0073881746986681485,0.8498673069632257,0.8475116293888973,0.014125193823148289,1.4438266144319534,,,1.548085429040813,,0.020816075107797555,0.025964156798175726,0.03532565841349866,-0.10371813810227115,0.009361501615322936,-0.1390437965157698,0.00514808169037817,-14.03839816091087,-0.7889735377712296,,,,,212.59387755917666,751.695779226378,751.695779226378,111.19710829740549,393.1740552879818,393.1740552879818
PAPER:KSMUSDT:1790745599999:LONG,KSMUSDT,TRAIN,RECOVERED_DRAWDOWN,True,2.002596239598442,0.730698,0.4173136645545434,0.7522305958464702,39.08642473437674,0.4665720544814622,,0.4665720544814622,4.7883629425565015,5.137,-0.03891807744699216,-0.007783615489398432,0.09733307377847167,-0.07780587434351727,-0.005187058289567818,0.17519953280124012,-0.11666342601595048,-0.0038887808671983493,0.36986568035816125,-0.3298409002716385,-0.005497348337860641,0.4282655246252598,,,0.5061319836480282,,-0.0071142154960549915,-0.002592520578131493,-0.003890293717174753,-0.007783615489398432,-0.0012977731390432603,-0.003893321772223679,0.004521694917923499,2.001556723098696,0.9435564149799581,,,,,,,,,,
PAPER:BERAUSDT:1790745899999:LONG,BERAUSDT,TRAIN,TRUE_WRONG_DIRECTION,False,-0.4015693106179219,0.567598,0.32664305388311804,0.6050502733796831,35.32104655697686,,,,3.5163497752315975,0.2549,0.07852375343542217,0.015704750687084434,0.23538642604942206,0.3938558487593502,0.02625705658395668,0.3923107100823886,0.5126182965299764,0.017087276550999213,0.549234994115344,0.5126182965299764,0.008543638275499607,0.7846214201647661,,,1.0200078462141993,,0.0,0.007886435331230976,0.03150846790074713,0.015704750687084434,0.02362203256951615,-0.015803717213662694,0.007886435331230976,0.9190903325179732,3.0732874844729126,,,,,,,,,,
PAPER:AKEUSDT:1790746199999:LONG,AKEUSDT,TRAIN,CORRECT_RUNNER,True,0.023830530545154716,0.460374,0.10596643877125791,0.5020607084453628,13.388672490459086,0.4494520729549256,4.388463393797815,4.388463393797815,4.09890906547693,0.032179,0.05596840894250832,0.011193681788501664,0.06836756891140938,-0.021748586341885368,-0.0014499057561256912,0.10255135336713073,0.009323719542497777,0.00031079065141659257,0.15538083843501527,0.22737183081043,0.0037895305135071666,0.28900835948911796,,,0.45060443146150986,,0.0072675927656303445,0.0020719376761135777,-0.00776735226495906,0.011193681788501664,-0.009839289941072638,0.018961034053460724,-0.005195655089516767,36.01679052275397,-0.3826082811466321,,,,,1446.1569899426202,14120.31981591169,14120.31981591169,118.60362948732742,1158.0493620927048,1158.0493620927048
PAPER:AKEUSDT:1790748299999:LONG,AKEUSDT,TRAIN,STALL_NO_EDGE,False,0.04415859624242735,0.612985,0.21045879404090112,0.6581454268452136,13.05732880954845,0.0,2.6425913985551164,2.6425913985551164,5.702831793452967,0.032746,0.09781744818730953,0.019563489637461906,0.229035607402428,0.07640353289934954,0.005093568859956636,0.26262749648811035,0.0427715996578204,0.0014257199885940135,0.26262749648811035,0.26331904470298095,0.0043886507450496826,0.38783362853477277,,,0.3969950528308841,,0.007348438456827496,-0.0022404171249331326,-0.0021392989211821423,0.019563489637461906,0.00010111820375099034,0.02170278855864405,-0.009588855581760628,13.721831631717961,1.160622969531601,,0.0,518.8093989128114,518.8093989128114,0.0,1853.5136069468533,1853.5136069468533,0.0,602.1421051870922,602.1421051870922
PAPER:GTCUSDT:1790748599999:LONG,GTCUSDT,TRAIN,TRUE_WRONG_DIRECTION,False,0.3821744476305122,0.632668,0.36671058406521695,0.5502785692029107,35.93102156732232,0.14482431571714027,0.859045687290716,1.1557222570212966,4.448168504556039,0.0911,0.0,0.0,0.13172338090010616,0.14290425414973384,0.009526950276648924,0.13172338090010616,0.27517886626307053,0.009172628875435684,0.23051591657519133,0.2531088367998091,0.004218480613330152,0.30735455543359214,,,0.7683863885839859,,-0.0007336488023187057,0.008805723720417546,0.014290425414973384,0.0,0.005484701694555838,-0.014290425414973384,0.009539372522736253,0.0,2.2583842738412305,,15.201540000908013,90.17006096864849,121.31083121678877,15.788746899482659,93.65316082843401,125.99684046046197,34.330918876219066,203.6386476629007,273.9664734666036
PAPER:BERAUSDT:1790751899999:LONG,BERAUSDT,TRAIN,TRUE_WRONG_DIRECTION,False,-0.13798075754318795,0.474712,0.5540275048561887,0.4880415170315545,52.96422003321585,0.5295603619755118,0.5295603619755118,,3.592112358839572,0.2546,-0.039261876717699984,-0.007852375343539997,0.11783189316573184,0.11797090051119952,0.007864726700746635,0.39277297721915794,-0.039261876717699984,-0.0013087292239233328,0.39277297721915794,0.07861635220125507,0.0013102725366875845,0.39277297721915794,,,1.453260015710911,,0.003930817610062753,-0.010469833791387403,0.01572945340149179,-0.007852375343539997,0.026199287192879193,-0.023581828745031785,-0.014400651401450157,6.0,6.0023594180100455,,67.33360002519073,67.33360002519073,,,,,404.16046825972495,404.16046825972495,
PAPER:NILUSDT:1790751899999:LONG,NILUSDT,TRAIN,STALL_NO_EDGE,False,-0.5195869280414489,0.634417,0.3968438152306823,0.6458055129672254,57.07743833765059,1.262396774376473,1.262396774376473,2.0201743233442926,3.10939677736094,0.0858,-0.2557544757033181,-0.05115089514066362,0.303030303030305,-0.31369815266643064,-0.020913210177762043,0.4662004662004615,-0.46403712296982924,-0.015467904098994309,0.6410256410256276,0.023315458148753798,0.00038859096914589664,0.874125874125864,,,1.142191142191129,,0.01632082070412692,-0.010054137664346671,-0.005809225049377975,-0.05115089514066362,0.004244912614968696,-0.045341670091285646,-0.02637495836847359,3.3069053708439626,-53.818055071450125,,,,,,,,3248.651859180252,3248.651859180252,5198.716603693941
PAPER:SOMIUSDT:1790753699999:LONG,SOMIUSDT,TRAIN,STALL_NO_EDGE,False,-0.2557083241098268,0.622147,0.5078485687396127,0.581382187362121,246.63222608513604,0.21229954752544078,0.21229954752544078,0.8162679731711586,3.1327563483585785,0.2153,0.0,0.0,0.09289363678587348,-0.23169601482854185,-0.015446400988569456,0.23223409196470035,-0.73766712770863,-0.02458890425695433,1.1147236414305595,-0.13914656771800704,-0.002319109461966784,1.1147236414305595,,,1.1611704598235018,,0.020098948670377315,-0.03380974335331244,-0.023169601482854185,0.0,0.010640141870458253,0.023169601482854185,-0.05390869202368975,-0.0,6.660488106270635,,,,,,,,,,
PAPER:BIGTIMEUSDT:1790753699999:LONG,BIGTIMEUSDT,TRAIN,STALL_NO_EDGE,False,0.062461551703063556,0.701988,0.23094437816187754,0.6333845523545275,117.96646761219169,1.8676402814161497,,2.5256163569314483,3.39616832270615,0.00926,0.032407907529430346,0.006481581505886069,0.1295896328293744,0.25985275010826925,0.017323516673884615,0.39956803455721834,0.35764603879915313,0.011921534626638438,0.5615550755939558,0.20560545395520435,0.0034267575659200724,0.5615550755939558,,,0.5831533477321904,,-0.005049958518197339,0.006502655250892886,0.02273711563447467,0.006481581505886069,0.016234460383581784,-0.0162555341285886,0.011552613769090225,0.5436868414074058,5.055366871053603,,107.80953524474837,,145.7912042038694,156.66106251479937,,211.85329204916349,545.0167528599867,,737.028023823252
PAPER:SYRUPUSDT:1790753999999:LONG,SYRUPUSDT,TRAIN,CORRECT_RUNNER,True,-0.09067381103181615,0.578093,0.30206540444483637,0.5635436439691179,84.64600614741674,0.6424365860382197,0.6424365860382197,0.6424365860382197,3.826832619966558,0.23289,0.19790904788539176,0.03958180957707835,0.24475074069303382,0.19790904788539176,0.013193936525692784,0.25763235862423794,0.33604756365517297,0.011201585455172433,0.3692730473614181,0.20222011875055124,0.0033703353125091873,0.6311992786294018,,,0.8029541843789012,,-0.004445974242032931,0.009191044476038654,0.0,0.03958180957707835,-0.009191044476038654,0.03958180957707835,0.013637018718071586,3.533589931128999,3.914725183788911,,48.69180511723637,48.69180511723637,48.69180511723637,57.3522907635873,57.3522907635873,57.3522907635873,190.61503573658698,190.61503573658698,190.61503573658698
PAPER:PENGUUSDT:1790753999999:LONG,PENGUUSDT,TRAIN,TRUE_WRONG_DIRECTION,False,0.13967537259884644,0.565014,0.09174311925688329,0.5132313746680681,28.59704535886523,0.666319391078396,3.7951101481702443,0.666319391078396,3.1185081376617796,0.0099,-0.09082652134422275,-0.01816530426884455,0.14141414141414232,-0.030293850348372953,-0.0020195900232248634,0.16161616161617376,0.020206102242870116,0.0006735367414290039,0.16161616161617376,-0.28203062046735505,-0.004700510341122584,0.4545454545454519,,,0.4545454545454519,,-0.010072522159548422,0.0033676837071464996,0.0060587700696745905,-0.01816530426884455,0.002691086362528091,-0.02422407433851914,0.013440205866694921,-26.97002724796316,0.4296533517980819,,,,,989.2843999344486,5634.600036990379,989.2843999344486,,,
PAPER:TAUSDT:1790754299999:LONG,TAUSDT,TRAIN,STALL_NO_EDGE,False,-0.005769572693636871,0.748859,0.3512835359617852,0.7471250790631676,125.95413346202282,0.5199153033424331,,0.5199153033424331,3.0473558133117806,0.05184,0.0,0.0,0.019290123456805475,0.019293845263357312,0.0012862563508904874,0.07716049382716639,0.019293845263357312,0.0006431281754452437,0.15432098765432167,0.07722007722006374,0.0012870012870010623,0.15432098765432167,,,2.025462962962965,,0.0019305019305019637,0.0,0.0019293845263357312,0.0,0.0019293845263357312,-0.0019293845263357312,-0.0019305019305019637,0.0,0.9994211846420832,,404.2081525836516,,404.2081525836516,808.4163051673032,,808.4163051673032,403.974190697141,,403.974190697141
PAPER:ACTUSDT:1790754599999:LONG,ACTUSDT,TRAIN,CORRECT_RUNNER,True,0.11591530699066599,0.851556,0.35113386975274224,0.8544902281557835,67.39837927898945,0.11705051843511338,,0.11705051843511338,3.0441558585842854,0.010955,-0.07297272644349873,-0.014594545288699745,0.0547695116385194,0.07307938247920198,0.004871958831946799,0.22820629849384932,0.1005116959064134,0.003350389863547113,0.255591054313109,0.4216701805848322,0.007027836343080536,0.5476951163852273,,,1.141031492469191,,0.010694533565557643,0.001827485380117011,0.014615876495844837,-0.014594545288699745,0.012788391115727826,-0.029210421784544582,-0.008867048185440632,-4.356073735624385,0.6932373769266311,,24.025350474552525,,24.025350474552525,34.93638746602166,,34.93638746602166,16.655270942721785,,16.655270942721785
PAPER:ICNTUSDT:1790754899999:LONG,ICNTUSDT,TRAIN,CORRECT_RUNNER,True,0.012633986754262416,0.611208,0.22931206378564134,0.7272220142671096,12.756414141022555,0.0,0.07978444231313553,0.8780279872169228,3.1131897373020356,0.1002,0.0,0.0,,-0.09970089730807485,-0.00664672648720499,0.0,-0.09970089730807485,-0.003323363243602495,0.09980039920161055,0.0,0.0,0.3992015968064089,,,0.9980039920159833,,0.003326679973387018,0.0,-0.009970089730807485,0.0,-0.009970089730807485,0.009970089730807485,-0.003326679973387018,-0.0,,,,,,,,,,,
PAPER:SONICUSDT:1790755499999:LONG,SONICUSDT,TRAIN,CORRECT_RUNNER,True,-0.5514840706964286,0.724457,0.7730851824566924,0.7345850355367063,467.1780915272214,0.40971748343741066,0.40971748343741066,0.48133639747696133,3.7083700738362313,0.02791,0.0717102904266742,0.014342058085334841,0.17914725904694118,0.0,0.0,0.322465066284483,0.32350826743350325,0.010783608914450108,0.5732712289502007,0.8673653776653412,0.014456089627755686,1.2182013615191667,,,1.9347903977069203,,0.018070112034694514,0.021567217828900215,-0.007165890361877647,0.014342058085334841,-0.028733108190777863,0.021507948447212488,0.0034971057942057016,1.3299868531133754,0.0,,,,,37.99446796409563,37.99446796409563,44.63592859269659,28.342206916782892,28.342206916782892,33.296445295468814
PAPER:RECALLUSDT:1790755799999:LONG,RECALLUSDT,TRAIN,STALL_NO_EDGE,False,0.22766005963610336,0.560437,0.09650180939927648,0.6101557704304058,70.35920060388699,0.44352750090983495,,0.44352750090983495,3.2445073170409233,0.04961,0.0,0.0,,0.12108980827447713,0.008072653884965142,0.3426728482160857,0.10088781275221503,0.003362927091740501,0.3426728482160857,-0.32147880249145944,-0.005357980041524324,0.46361620640998913,,,0.7861318282604279,,-0.014064697609001605,-0.0013451708366966446,0.012108980827447713,0.0,0.013454151664144357,-0.012108980827447713,0.012719526772304961,0.0,-1.5066599394551876,,54.94196917520267,,54.94196917520267,131.88733767055442,,131.88733767055442,,,
PAPER:TAGUSDT:1790756399999:LONG,TAGUSDT,TRAIN,TRUE_WRONG_DIRECTION,False,-0.011674712017684108,0.716063,0.2837468835048093,0.7250626454821211,42.0522442647743,1.7700182989250024,,1.7700182989250024,3.0428678314609714,0.0008431,-0.035570310647381476,-0.007114062129476295,0.05930494603250125,0.0830959164292544,0.005539727761950293,0.13047088127149387,0.0830959164292544,0.0027698638809751466,0.24908077333650747,0.03559563360227003,0.0005932605600378338,0.3202467085755001,,,0.6642153955640051,,-0.0015820281601012602,0.0,0.011870845204178249,-0.007114062129476295,0.011870845204178249,-0.018984907333654544,0.0015820281601012602,-2.5683796876587843,9.337765115545537,,319.51358893164405,,319.51358893164405,639.0271778632881,,639.0271778632881,2983.5428446686624,,2983.5428446686624
PAPER:PHAUSDT:1790757299999:LONG,PHAUSDT,TRAIN,RECOVERED_DRAWDOWN,True,0.006388904408161089,0.51064,0.28825930963342633,0.5489561479740134,6.794025934007633,5.865544674888912,,5.865544674888912,5.497505495190847,0.0807,-0.18552875695734272,-0.037105751391468544,0.23543990086739575,-0.23488688342194752,-0.015659125561463167,0.3841387856257872,-0.21021392358105961,-0.0070071307860353205,0.3841387856257872,0.01239310943115246,0.000206551823852541,0.4708798017348359,,,1.0656753407682795,,0.007435865658693697,0.0016487366555380707,-0.004944987019408487,-0.037105751391468544,-0.006593723674946557,-0.03216076437206006,-0.005787129003155626,5.295427261814135,-75.81209049329112,,,,,,,,28397.447989015924,,28397.447989015924
PAPER:GRASSUSDT:1790758199999:LONG,GRASSUSDT,TRAIN,STALL_NO_EDGE,True,-0.292280313728166,0.628563,0.45937370667223054,0.6225306628961109,45.21226648743066,1.3301446629788494,2.5410955676051117,1.3301446629788494,4.014742088474977,0.7181,-0.25003472704542284,-0.05000694540908457,0.3342152903495377,-0.09738452977184897,-0.006492301984789932,0.40384347583901636,-0.5677097756854099,-0.018923659189513664,1.267232975908661,-0.33310201249133753,-0.005551700208188959,1.267232975908661,,,1.267232975908661,,0.00786490862826709,-0.03138558109480272,0.015303283249861188,-0.05000694540908457,0.046688864344663905,-0.06531022865894576,-0.039250489723069805,2.642562144471264,1.169425895010244,,,,,,,,,,
PAPER:SANDUSDT:1790758199999:LONG,SANDUSDT,TRAIN,TRUE_WRONG_DIRECTION,False,0.0374755587825959,0.634248,0.2808491817498895,0.6620759759516419,32.50636619224485,0.20129661540027044,,0.9758207721005663,3.2729974589411404,0.04519,0.0442771751162363,0.00885543502324726,0.06638636866563852,0.0,0.0,0.06638636866563852,-0.08843687817819967,-0.0029478959392733226,0.17703031644170641,-0.13259668508286415,-0.002209944751381069,0.30980305377297235,,,0.3540606328833906,,-0.001473296500920836,-0.005895791878546645,-0.004425757911041828,0.00885543502324726,0.0014700339675048175,0.013281192934289088,-0.004422495377625809,-3.0039849457610734,-0.0,,,,,,,,,,
PAPER:KOMAUSDT:1790758199999:LONG,KOMAUSDT,TRAIN,TRUE_WRONG_DIRECTION,False,0.0006972545056660451,0.465909,0.8271356783092471,0.4841234035898451,559.406563518807,0.0,0.07546709161612153,0.2362470367376801,3.1200343176753687,0.019899,-0.015073861923420306,-0.0030147723846840613,0.2110658827076617,0.005025630716670726,0.0003350420477780484,0.22614201718679228,-0.06528726396142215,-0.002176242132047405,0.4221317654153567,0.14594866633115267,0.002432477772185878,0.5728931102065404,,,3.864515804814328,,0.007045797684952504,-0.004687290745949054,0.002010252286661629,-0.0030147723846840613,0.006697543032610683,-0.00502502467134569,-0.011733088430901557,1.3853111013193042,0.13773694115896165,,0.0,225.24662834593042,705.126530548739,,,,0.0,31.024781594737924,97.12197144781443
PAPER:BLURUSDT:1790759099999:LONG,BLURUSDT,TRAIN,CORRECT_RUNNER,True,0.15133957369271034,0.609706,0.20683020680952538,0.6503699083399096,32.6205899731942,2.8668183591385787,,,3.003037506069517,0.02081,0.09620009620008307,0.019240019240016615,0.0,0.048076923076911804,0.0032051282051274534,0.14416146083613413,0.1925854597977672,0.00641951532659224,0.1922152811148381,0.28915662650601526,0.004819277108433588,0.28832292167225715,,,0.8169149447381119,,0.003212851405622145,0.0096292729898891,-0.004807692307692291,0.019240019240016615,-0.014436965297581391,0.024047711547708905,0.006416421584266956,2.9971139971138694,0.6650641025639669,,894.4473280514463,,,446.578629894854,,,594.8648095212733,,
PAPER:PIPPINUSDT:1790759099999:LONG,PIPPINUSDT,TRAIN,RECOVERED_DRAWDOWN,True,0.10144701117502652,0.654736,0.20898641586206948,0.46617877351736403,566.7503582474985,0.34603957869512314,,,6.347182446355926,0.01912,-0.10449320794148065,-0.02089864158829613,0.0,-0.0522739153162588,-0.0034849276877505866,0.10460251046024993,-0.15665796344647154,-0.005221932114882384,0.26150627615062483,0.0,0.0,0.3138075313807609,,,0.5230125523012386,,0.0052301255230124966,-0.006962576153176266,0.00522739153162588,-0.02089864158829613,0.012189967684802145,-0.02612603311992201,-0.012192701676188761,4.002089864158802,,,,,,,,,,,
PAPER:ZORAUSDT:1790759999999:LONG,ZORAUSDT,TRAIN,STALL_NO_EDGE,False,2.0865652754188613,0.711586,0.24919013204585377,0.7162637122827502,56.29023254835173,0.0,0.5907782413097307,0.4910599977000052,3.086331991798874,0.008014,-0.07481296758103939,-0.014962593516207878,0.0873471425006267,-0.14951407924246318,-0.00996760528283088,0.1372597953581023,-0.14951407924246318,-0.00498380264141544,0.1497379585724934,-0.17438963627304238,-0.0029064939378840395,0.4117793860743735,,,1.2852508110806071,,-0.0008304268393954928,0.0,-0.007475703962124269,-0.014962593516207878,-0.007475703962124269,-0.007486889554083609,0.0008304268393954928,3.0022443890270867,3.4294257947385947,,,,,,,,,,
PAPER:GALAUSDT:1790760899999:LONG,GALAUSDT,TRAIN,STALL_NO_EDGE,False,0.19492455883358684,0.632948,0.30874785588679066,0.612972463796508,53.35284939496341,0.0,0.9686282863805573,0.7537099630804844,3.8455421555413816,0.002328,0.08598452278592017,0.017196904557184034,0.085910652920973,-0.08583690987123971,-0.005722460658082647,0.1718213058419349,-0.17152658662090703,-0.005717552887363568,0.30068728522337773,-0.12870012870013214,-0.0021450021450022025,0.4295532646048206,,,0.5584192439862634,,0.0014300014300013448,-0.005717552887363937,-0.017167381974249052,0.017196904557184034,-0.011449829086885115,0.034364286531433086,-0.007147554317365282,-3.007738607051824,2.6678111587980586,,,,,,,,,,
PAPER:CRVUSDT:1790760899999:LONG,CRVUSDT,TRAIN,STALL_NO_EDGE,False,0.3109835722154175,0.538486,0.40253720415588934,0.5605620628174964,55.02553163764727,0.0,0.4677113357816287,0.4677113357816287,4.263049829058563,0.4099,0.17106549364613866,0.03421309872922773,0.268358136130753,0.0732421875,0.0048828125,0.268358136130753,-0.09748964172556773,-0.003249654724185591,0.3903391070992912,0.17106549364613866,0.0028510915607689777,0.3903391070992912,,,0.5611124664552269,,0.008960573476702502,-0.011373791534649383,-0.009765625,0.03421309872922773,0.0016081665346493832,0.04397872372922773,-0.020334365011351885,-10.528225806451488,1.7126116071428585,,0.0,95.78728156807756,95.78728156807756,,,,0.0,164.04641023015083,164.04641023015083
PAPER:LQTYUSDT:1790761199999:LONG,LQTYUSDT,TRAIN,CORRECT_RUNNER,True,0.0493997412338798,0.758327,0.22350993375248523,0.7654297839553542,54.35316229378842,0.3109266437982594,0.6004839578215959,1.179598585868269,3.122395793907007,0.2418,0.041373603640870726,0.008274720728174145,0.08271298593878207,0.08278145695364003,0.005518763796909336,0.08271298593878207,0.041373603640870726,0.0013791201213623576,0.08271298593878207,0.20721094073767876,0.003453515678961313,0.2481389578163684,,,1.0752688172043001,,0.005525625086337804,-0.0027582402427247152,0.0041390728476820016,0.008274720728174145,0.006897313090406717,0.004135647880492144,-0.00828386532906252,6.0,1.598013245033007,,56.3399078562462,108.80769315727626,213.7432637593364,225.45290941815273,435.41091781650647,855.3269346132139,90.03191897822059,173.87613482681476,341.56456652400306
PAPER:SAGAUSDT:1790761799999:LONG,SAGAUSDT,TRAIN,CORRECT_RUNNER,True,-0.0876475819529654,0.600208,0.06202116015432324,0.49789451424144626,18.84499601737575,0.0,0.5638288400714009,0.23542736708133116,4.508149464997513,0.02735,-0.10956902848795469,-0.021913805697590938,0.10968921389398201,-0.2916514764855993,-0.01944343176570662,0.3290676416819016,-0.2552881108679794,-0.008509603695599314,0.3290676416819016,-0.2552881108679794,-0.004254801847799657,0.3290676416819016,,,0.4753199268738628,,0.0,0.002431315341599275,-0.0182282172803494,-0.021913805697590938,-0.020659532621948678,-0.0036855884172415365,0.002431315341599275,2.5751852238340454,4.569761991562936,,,,,,,,,,
PAPER:NIGHTUSDT:1790761799999:LONG,NIGHTUSDT,TRAIN,STALL_NO_EDGE,False,0.29426442158146937,0.685623,0.13317549569547382,0.7001227500262156,16.484955004209997,,,,6.220764116521071,0.03385,0.059119125036954934,0.011823825007390987,0.05908419497784312,0.029550827423152626,0.0019700551615435082,0.11816838995568624,0.17756732761171623,0.005918910920390541,0.32496307237815936,0.4451038575667532,0.0074183976261125535,0.5022156573116887,,,0.679468242245207,,0.008902077151335211,0.009864851533984975,-0.002955082742317483,0.011823825007390987,-0.012819934276302458,0.01477890774970847,0.0009627743826497639,1.9976352349987434,0.2655634357760723,,,,,,,,,,
PAPER:HUMAUSDT:1790762099999:LONG,HUMAUSDT,TRAIN,RIGHT_THEN_FAILURE,False,0.032795728534518176,0.625491,0.04769939645184787,0.5810076977728473,24.7263535263298,0.30821215741900776,,0.30821215741900776,4.13722111429764,0.03079,0.032488628979865375,0.006497725795973075,0.14290354011042838,-0.0681574762260273,-0.0045438317484018205,0.14290354011042838,-0.07788667488803913,-0.002596222496267971,0.20785969470608068,0.10403797386047131,0.0017339662310078552,0.24683338746347427,,,0.29879831113998057,,0.006068881808526753,-0.0006490556240668077,-0.0100613417286044,0.006497725795973075,-0.009412286104537593,0.016559067524577475,-0.006717937432593561,-2.5027615334638895,-2.6204845671998767,,,,,,,,177.7498038354886,,177.7498038354886
PAPER:CTRUSDT:1790762399999:LONG,CTRUSDT,TRAIN,RIGHT_THEN_FAILURE,False,0.27585778645780046,0.685045,0.2482982673019029,0.747884312094516,94.82710929730902,0.0,,,4.732625178155436,0.012992,-0.16137708445400634,-0.03227541689080127,0.24630541871921707,0.5572755417956765,0.037151702786378436,1.6471674876847309,0.6897620708362417,0.022992069027874724,1.8241995073891681,0.9479409479409506,0.015799015799015843,1.9935344827586188,,,2.239839901477836,,0.008547008547008517,0.008783487044357052,0.07198142414860831,-0.03227541689080127,0.06319793710425126,-0.10425684103940958,0.00023647849734853565,-1.4037630476696883,2.3515200730853567,,0.0,,,0.0,,,0.0,,
PAPER:BTWUSDT:1790762699999:LONG,BTWUSDT,TRAIN,TRUE_WRONG_DIRECTION,False,-0.0484782807481654,0.617224,0.9105779715556166,0.6116073947269899,227.8564999310578,2.022864657837653,2.022864657837653,28.681734067387698,5.039332370212335,1.0793,-0.19419271314962128,-0.038838542629924255,0.32428425831558805,-1.917484551072346,-0.12783230340482307,1.9364402853701668,-1.3977708752055618,-0.04659236250685206,2.112480311312881,-1.2985825331504386,-0.021643042219173975,2.2236634855925086,,,3.391086815528599,,0.0033531473860692884,0.03532492843656717,-0.17266448564158599,-0.038838542629924255,-0.20798941407815316,0.13382594301166173,0.03197178105049788,0.8335817404453896,5.906392553796067,,,,,,,,,,
PAPER:NIGHTUSDT:1790762699999:LONG,NIGHTUSDT,TRAIN,CORRECT_RUNNER,True,-0.14777703104226214,0.634295,0.09620991252682128,0.5854780556579858,145.1025501469867,,,,7.531597932015243,0.03435,-0.029103608847502738,-0.0058207217695005475,0.14556040756912303,0.05825808330905957,0.0038838722206039713,0.4075691411935978,0.05825808330905957,0.0019419361103019857,0.5240174672489051,0.08741258741258306,0.0014568764568763843,0.5240174672489051,,,1.1062590975254638,,0.0009712509712504295,0.0,0.008738712496358936,-0.0058207217695005475,0.008738712496358936,-0.014559434265859483,-0.0009712509712504295,-2.9973806752042846,2.665889892222699,,,,,,,,,,
PAPER:INITUSDT:1790762699999:LONG,INITUSDT,TRAIN,TRUE_WRONG_DIRECTION,False,0.0349403282829952,0.649218,0.2377717391066597,0.7045378606583308,10.63572089885126,1.3174643086117266,1.3174643086117266,2.422322825082146,4.613881411387366,0.10315,-0.029075402209721712,-0.0058150804419443425,0.10664081434804684,0.11647093079687476,0.007764728719791651,0.2617547261269948,0.09704027171275609,0.0032346757237585364,0.3102278235579292,0.25269705510739815,0.004211617585123302,0.40717401841978695,,,0.7755695588948064,,0.0051835293355366,-0.0012938702895041547,0.01455886634960768,-0.0058150804419443425,0.015852736639111836,-0.020373946791552022,-0.006477399625040755,-1.7977321186271806,1.843645241490824,,169.67293464530437,169.67293464530437,311.9649008352147,407.294091007335,407.294091007335,748.8611013741818,312.81669856859895,312.81669856859895,575.1526049370003
PAPER:CTRUSDT:1790762699999:LONG,CTRUSDT,TRAIN,CORRECT_RUNNER,True,-0.41100866678724923,0.523427,0.06403332818368791,0.4879332135840311,175.82488001410016,0.0,,,5.017463235350473,0.013087,0.4682941808690444,0.09365883617380888,0.49667609077709285,0.36042944785277253,0.024028629856851502,0.6494995033239026,0.8554254007398177,0.02851418002466059,1.5435164667226942,0.030574027363750034,0.0005095671227291673,1.5435164667226942,,,1.5435164667226942,,-0.027261841066014147,0.03288121660501483,-0.010736196319018898,0.09365883617380888,-0.043617412924033726,0.10439503249282778,0.060143057671028975,3.2846406978144804,47.1549846625851,,0.0,,,0.0,,,0.0,,
PAPER:NOMUSDT:1790762999999:LONG,NOMUSDT,TRAIN,CORRECT_RUNNER,True,-0.013136637368715842,0.641995,0.12379642364649494,0.5424521219820315,14.509414511355734,0.0,0.3925762302835034,0.3925762302835034,3.228891131448175,0.002182,0.04585052728105499,0.009170105456210997,0.09165902841430373,0.09174311926605228,0.006116207951070152,0.22914757103574823,0.18365472910928382,0.006121824303642794,0.32080659945004086,0.36798528058876734,0.006133088009812789,0.4124656278643557,,,0.6416131989000928,,0.006133088009812789,0.006121824303642794,0.004587155963302614,0.009170105456210997,-0.00153466834034018,0.004582949492908384,-1.1263706169994947e-05,1.497936726271991,0.997247706422013,,0.0,64.18621365135475,64.18621365135475,0.0,64.12732721680705,64.12732721680705,0.0,64.00955434772682,64.00955434772682
PAPER:MAGICUSDT:1790763599999:LONG,MAGICUSDT,TRAIN,CORRECT_RUNNER,True,-0.24131607699693358,0.758843,0.17094017092307784,0.5991593347708665,18.38668523965044,0.5691277634988223,0.5691277634988223,1.1772555201942092,3.3076866854342413,0.05261,0.0,0.0,0.0,-0.056990881458973686,-0.0037993920972649122,0.0,0.038030043734549324,0.0012676681244849775,0.11404675917127127,-0.09494872768704976,-0.0015824787947841628,0.15206234556166542,,,0.4181714502946243,,-0.004430940625395803,0.006338340622424887,-0.0056990881458973686,0.0,-0.012037428768322256,0.0056990881458973686,0.01076928124782069,0.0,2.4009118541036236,,,,,448.95643623605747,448.95643623605747,928.6780171052256,,,
PAPER:NOMUSDT:1790763899999:LONG,NOMUSDT,TRAIN,STALL_NO_EDGE,False,0.5961128301130714,0.514803,0.2688172042741923,0.37329241981008104,42.05821113515175,0.8356887181122374,,0.8356887181122374,4.928924125084899,0.002224,0.22532672374941942,0.045065344749883884,0.22482014388488514,-0.35842293906810374,-0.02389486260454025,0.6294964028776939,-0.2690582959641419,-0.008968609865471397,0.7194244604316613,-0.35842293906810374,-0.005973715651135063,0.7194244604316613,,,0.764388489208645,,-0.0029868578255672538,0.005979073243646364,-0.058243727598565886,0.045065344749883884,-0.06422280084221225,0.10330907234844977,0.008965931069213617,-5.024785939611748,4.0,,,,,,,,,,
PAPER:MMTUSDT:1790764199999:LONG,MMTUSDT,TRAIN,RIGHT_THEN_FAILURE,False,0.22766549822077486,0.644458,0.19371727746753828,0.5918184340653989,36.12042445778205,,,,3.11000136274473,0.1911,0.10476689366161196,0.020953378732322392,0.05232862375719183,0.10476689366161196,0.006984459577440798,0.15698587127158659,0.15723270440251014,0.005241090146750338,0.15698587127158659,0.2097535395909622,0.003495892326516037,0.26164311878598134,,,0.6802721088435382,,0.0017479461632582034,0.0034940600978335587,0.0,0.020953378732322392,-0.0034940600978335587,0.020953378732322392,0.0017461139345753553,3.9979046621272545,1.9979046621271153,,,,,,,,,,
PAPER:PONSUSDT:1790764499999:LONG,PONSUSDT,TRAIN,STALL_NO_EDGE,False,0.10080976424187149,0.668856,0.1416579223363044,0.6849721506946528,25.966684956425055,1.048091607597934,1.048091607597934,1.1181301392961585,5.150318447693991,0.5711,0.0175131348511659,0.0035026269702331803,0.05253020486781779,-0.13988459520893892,-0.009325639680595929,0.19261075118193194,-0.15734265734264063,-0.005244755244754688,0.19261075118193194,-0.36636427076064404,-0.006106071179344068,0.5603221852565454,,,0.5603221852565454,,-0.0069783670621078224,-0.0011655011655009595,-0.015737016961007155,0.0035026269702331803,-0.014571515795506196,0.019239643931240336,0.005812865896606863,-0.6678342089911973,1.5272733328335875,,,,,,,,,,
PAPER:LITUSDT:1790764499999:LONG,LITUSDT,TRAIN,RIGHT_THEN_FAILURE,False,0.19148566354281193,0.535992,0.1638256609002258,0.503859641325328,23.065902366325844,1.3336391629353184,1.3336391629353184,13.449950892670293,3.3351251376455338,3.914,0.0204436266993957,0.00408872533987914,0.06898313745530293,-0.05872890228021399,-0.003915260152014266,0.0970873786407811,-0.11993773445274636,-0.003997924481758212,0.16351558507921027,-0.1505140437256025,-0.0025085673954267085,0.22738886050075457,,,0.5007664793050592,,-0.0010204341947502489,-0.00408298670477425,-0.007915634655160098,0.00408872533987914,-0.003832647950385848,0.012004359995039238,-0.003062552510024001,-1.0227119993224574,1.5607554172760338,,,,,,,,,,
PAPER:RUNEUSDT:1790764799999:LONG,RUNEUSDT,TRAIN,RECOVERED_DRAWDOWN,True,0.11357280757562371,0.530125,0.17831761207675598,0.7118169146802495,24.86308487346683,0.25130262744452736,0.25130262744452736,2.214987936641899,3.2368225928402716,0.7738,-0.03875468285751138,-0.007750936571502276,0.0,-0.06457445434585596,-0.004304963623057064,0.05169294391313972,0.0,0.0,0.09046265184802227,0.025853154084809482,0.00043088590141349137,0.2584647195657874,,,0.4006203153269494,,0.0008617718028269827,0.004307745326096087,-0.0025829781738340163,-0.007750936571502276,-0.006890723499930103,-0.00516795839766826,0.003445973523269104,,-9.99095957638653,,,,,,,,583.2231377730079,583.2231377730079,5140.5440033563045
PAPER:NOMUSDT:1790764799999:LONG,NOMUSDT,TRAIN,TRUE_WRONG_DIRECTION,False,0.24773933667485704,0.501249,0.23872679042705672,0.49069738173630806,58.31324037722103,3.38339051906682,,3.913788418266817,6.694169565733188,0.00226,-0.08841732979665284,-0.01768346595933057,0.08849557522125906,0.04426737494465094,0.002951158329643396,0.4867256637168138,0.0,0.0,0.5309734513274433,0.17730496453898237,0.002955082742316373,0.6637168141592986,,,1.1504424778761124,,0.005910165484632746,-0.0029498525073738215,0.013280212483399723,-0.01768346595933057,0.016230064990773545,-0.03096367844273029,-0.008860017992006567,,0.9986719787514645,,1146.4618773861764,,1326.1872055301556,,,,1144.9393516523717,,1324.4260007416756
PAPER:RUNEUSDT:1790765099999:LONG,RUNEUSDT,TRAIN,TRUE_WRONG_DIRECTION,False,0.30173065706842195,0.556255,0.257329407220457,0.5070215408488307,114.98827888427037,0.14599889728312831,0.14599889728312831,1.0270487409542506,4.361401027585032,0.7818,-0.03835826620636196,-0.0076716532412723915,0.2430289076490233,0.08961720650364491,0.0059744804335763275,0.2558199027884456,0.24362097704833108,0.00812069923494437,0.4093118444615018,-0.08945686900957428,-0.001490947816826238,0.4348938347403575,,,0.6779227423893586,,-0.011075612353567502,0.010257725349402946,0.012802458071949907,-0.0076716532412723915,0.0025447327225469607,-0.0204741113132223,0.021333337702970447,-0.944703530979244,-4.007169376520587,,24.437086857397787,24.437086857397787,171.90595104844266,17.978611577544587,17.978611577544587,126.47294416898649,,,
PAPER:HUSDT:1790765099999:LONG,HUSDT,TRAIN,STALL_NO_EDGE,False,0.5710586172621435,0.597691,0.8309764308933326,0.5282116991304349,2519.685885959895,6.543125058066135,,,5.5744406674220865,0.07431,-0.12096774193547377,-0.024193548387094754,0.16148566814695453,-0.05379959650302357,-0.003586639766868238,0.25568564123266135,0.31047516198705605,0.010349172066235202,0.6997712286367697,0.08080808080808133,0.0013468013468013555,1.1438568160409113,,,1.1438568160409113,,-0.007631874298541137,0.024298056155508025,0.006724949562877391,-0.024193548387094754,-0.017573106592630634,-0.030918497949972146,0.03192993045404916,-2.337727910238121,-2.6630800268996495,,,,,632.2365708280641,,,4858.270355614073,,
PAPER:PHAUSDT:1790765399999:LONG,PHAUSDT,TRAIN,STALL_NO_EDGE,False,0.6411296421541701,0.565634,0.2709173386825856,0.47889629498321695,69.0107341475241,2.095183532239542,2.095183532239542,3.568254992749109,3.771921601072048,0.07958,0.16362492133417117,0.032724984266834234,0.21362151294296305,0.277217741935476,0.0184811827956984,0.37697914048757664,0.28985507246375164,0.009661835748791722,0.5277707966826028,0.4164037854889502,0.006940063091482503,0.5529027393817776,,,1.1435033928122618,,0.004206098843323088,0.0008401596303301654,0.0113407258064524,0.032724984266834234,0.010500566176122236,0.021384258460381833,-0.0033659392129929224,3.3870358716175355,2.6629704301075074,,113.3684762171828,113.3684762171828,193.07503378948456,216.8514955868049,216.8514955868049,369.31439174955375,301.896899872704,301.896899872704,514.1531057734053
PAPER:NEARUSDT:1790765699999:LONG,NEARUSDT,TRAIN,STALL_NO_EDGE,False,0.24985400683588121,0.537513,0.13758009798850265,0.476842815565465,76.0501763508547,0.4324022073413314,0.4324022073413314,1.0355998181962311,4.20467942610574,5.304,0.037721614485120014,0.007544322897024003,0.05656108597285048,-0.03769317753485879,-0.0025128785023239195,0.16968325791856254,0.0,0.0,0.16968325791856254,-0.03769317753485879,-0.0006282196255809799,0.301659125188547,,,0.5090497737556654,,-0.0012564392511619598,0.002513826043237799,-0.0075386355069739786,0.007544322897024003,-0.010052461550211778,0.015082958403997981,0.003770265294399759,,4.0,,,,,,,,,,
PAPER:XVSUSDT:1790765699999:LONG,XVSUSDT,TRAIN,CORRECT_RUNNER,True,0.04124567392702616,0.70542,0.08340283568807286,0.42968586062063674,42.09324852295726,,,,3.1608746363043227,3.597,0.0,0.0,,0.11132758140830479,0.007421838760553652,0.027800945232137053,-0.027793218454696955,-0.0009264406151565652,0.16680567139282232,0.055632823365781015,0.0009272137227630169,0.22240756185709643,,,0.44481512371420395,,0.002781641168288681,-0.009264406151565652,0.011132758140830479,0.0,0.02039716429239613,-0.011132758140830479,-0.012046047319854333,-0.0,8.004453103257804,,,,,,,,,,
PAPER:XVSUSDT:1790766299999:LONG,XVSUSDT,TRAIN,TRUE_WRONG_DIRECTION,False,1.337846125439346,0.583773,0.15376166939703473,0.49924029274662857,155.89627657119095,,,,3.6963411851773986,3.618,-0.027631942525563336,-0.005526388505112667,0.16583747927031434,-0.08285004142501995,-0.00552333609500133,0.2763957987838572,-0.6043956043956134,-0.020146520146520446,0.7186290768380288,-1.2015292190060034,-0.02002548698343339,1.4372581536760687,,,1.7136539524599148,,-0.02002548698343339,-0.034798534798534675,-0.00552333609500022,-0.005526388505112667,0.029275198703534455,-3.05241011244739e-06,-0.014773047815101286,0.2743098294355883,0.2758153197258401,,,,,,,,,,
PAPER:PUNDIXUSDT:1790767499999:LONG,PUNDIXUSDT,TRAIN,STALL_NO_EDGE,False,-0.5460884407437083,0.535018,0.2498413705333926,0.5452886574586356,52.1298116847134,0.0,,,3.4711470177133052,0.12539,-0.23074474856777938,-0.046148949713555876,0.2631788818884928,-0.32591414944355135,-0.021727609962903422,0.5502831166759536,-0.41299340798982564,-0.013766446932994189,0.6459845282717813,-0.10356915232631048,-0.0017261525387718413,0.6539596459047781,,,1.6428742323949197,,0.010356915232632158,-0.005824266010112655,-0.00953895071542199,-0.046148949713555876,-0.0037146847053093346,-0.036609998998133886,-0.016181181242744813,3.3522774567888103,12.587305857895172,,,,,,,,,,
PAPER:XVSUSDT:1790767499999:LONG,XVSUSDT,TRAIN,CORRECT_RUNNER,True,0.40916235557302283,0.817993,0.16465422610867192,0.8756408853112326,22.18992667951499,0.3641203702179352,0.3641203702179352,,4.409897383860228,3.645,-0.05483959418699502,-0.010967918837399004,0.02743484224965176,0.0,0.0,0.08230452674895528,0.10985992859104954,0.0036619976197016513,0.19204389574758451,0.027442371020858225,0.0004573728503476371,0.19204389574758451,,,0.43895747599450585,,-0.0027442371020858225,0.0073239952394033025,0.005486968449930352,-0.010967918837399004,-0.0018370267894729508,-0.016454887287329356,0.010068232341489125,-2.995064436522648,0.0,,,,,99.43217009725983,99.43217009725983,,796.1127774444349,796.1127774444349,
PAPER:XVSUSDT:1790768399999:LONG,XVSUSDT,TRAIN,RIGHT_THEN_FAILURE,False,0.10097591084539115,0.649413,0.40333422959128773,0.612614277467017,36.752355494306244,,,,3.6483025975450167,3.725,0.1344086021505264,0.026881720430105283,0.08053691275168307,0.0806018269747577,0.0053734551316505135,0.13422818791946067,0.24219590958018955,0.008073196986006318,0.241610738255027,0.5398110661268607,0.008996851102114345,0.563758389261737,,,0.6979865771812199,,0.009896536212326001,0.01076426264800793,-0.005373455131648663,0.026881720430105283,-0.016137717779656592,0.032255175561753946,0.000867726435681929,3.3297491039424325,0.5972595378829489,,,,,,,,,,
PAPER:PUNDIXUSDT:1790768399999:LONG,PUNDIXUSDT,TRAIN,TRUE_WRONG_DIRECTION,False,0.5869451615343024,0.624947,0.049019607838238236,0.7228991586214059,22.923194680721384,0.0,,,4.066297640795935,0.12663,0.07903264048050307,0.015806528096100614,0.09476427386874153,-0.007896399241957841,-0.0005264266161305228,0.20532259338229553,0.5878147589165161,0.019593825297217204,0.7502171681275871,0.30893536121672227,0.0051489226869453715,0.8528784648187515,,,1.2793176972281217,,-0.009241656104773677,0.039717213440305286,-0.008686039166140302,0.015806528096100614,-0.04840325260644559,0.024492567262240916,0.04895886954507896,0.8067096575749056,-0.10224014772356747,,,,,0.0,,,0.0,,
PAPER:ZENUSDT:1790768699999:LONG,ZENUSDT,TRAIN,CORRECT_RUNNER,True,-0.16587079803216387,0.629808,0.881877022565535,0.6351676693029075,500.6572080059594,0.46639320784491733,0.46639320784491733,6.559769127255621,3.8030231791479574,7.405,0.013506212857916644,0.002701242571583329,0.2160702228224065,-0.12139196115455997,-0.008092797410303998,0.2835921674544273,-0.3498856143183904,-0.011662853810613013,0.5131667792032224,-0.4034969737726879,-0.006724949562878131,0.6887238352464631,,,0.6887238352464631,,-0.001793319883434119,-0.015251424213879409,-0.013487995683840737,0.002701242571583329,0.0017634285300386719,0.016189238255424065,-0.01345810433044529,-0.23161077172426192,1.203398974912231,,,,,,,,,,
PAPER:NOMUSDT:1790769299999:LONG,NOMUSDT,TRAIN,TRUE_WRONG_DIRECTION,False,-0.20226045295074213,0.556747,0.44054747643156456,0.5785802283142609,86.93287643713181,0.3231357160571324,,0.8378332913425712,4.909622966011695,0.002335,-0.04280821917809208,-0.008561643835618415,0.3426124197002167,-0.38395904436860917,-0.025597269624573944,0.8993576017130689,-0.04280821917809208,-0.001426940639269736,0.8993576017130689,0.8639308855291628,0.014398848092152713,1.7130620985010725,0.21459227467810482,0.0017882689556508735,2.1413276231263434,-0.010729613733905796,0.030237580993521068,0.022831050228311334,-0.03412969283276501,-0.008561643835618415,-0.05696074306107635,0.025568048997146597,-0.007406530765209734,6.0,-1.7777303754266498,-0.7979452054796615,,,,,,,22.441775480167713,,58.18752208374123
PAPER:WLDUSDT:1790769599999:LONG,WLDUSDT,TRAIN,RIGHT_THEN_FAILURE,False,0.23313062560017528,0.594918,0.5862831857820765,0.6088411541065796,120.72482275323051,1.0697546431966298,1.0697546431966298,1.568454090449234,5.210164322206678,0.5412,0.03696857670978382,0.007393715341956764,0.14781966001479185,-0.1844337882700109,-0.012295585884667393,0.4249815225425002,-0.33149171270718814,-0.011049723756906271,0.5543237250554278,-0.34984349106979007,-0.0058307248511631675,0.5543237250554278,,,0.7021433850702197,,-0.0006137605106485792,-0.009821976672805821,-0.022132054592400863,0.007393715341956764,-0.012310077919595042,0.029525769934357626,-0.009208216162157242,-0.6691312384470753,2.108757692830344,,,,,,,,,,
PAPER:HBARUSDT:1790769599999:LONG,HBARUSDT,TRAIN,RIGHT_THEN_FAILURE,False,0.23377865385287855,0.516437,0.1336384439225632,0.5442892070787122,7.321744596066594,4.519557457970147,5.343266754924381,4.519557457970147,3.607707605311594,0.10926,0.009153318077803618,0.0018306636155607237,0.04576240161082712,0.018308311973624924,0.001220554131574995,0.08237232289950436,0.0,0.0,0.12813472451034258,0.09160864785635603,0.0015268107976059337,0.15559216547683663,,,0.32948929159801743,,0.0030536215952118675,-0.0012203307096222045,0.0009154155986812462,0.0018306636155607237,0.0021357463083034505,0.0009152480168794774,-0.004273952304834072,,0.7994141340163728,,3702.8734253171874,4377.7384523122,3702.8734253171874,,,,2960.1293526721797,3499.625993805334,2960.1293526721797
PAPER:PROMUSDT:1790770199999:LONG,PROMUSDT,TRAIN,TRUE_WRONG_DIRECTION,False,-0.005018407114354417,0.819813,0.4577357338571875,0.8177378804790302,77.06719746031199,0.0,,,5.100373505095124,6.573,-0.07601094557616594,-0.015202189115233189,0.15213753232923288,0.1523693432881501,0.010157956219210007,0.3803438308230822,0.44315403422983124,0.014771801140994375,0.5476951163852273,0.04566210045662267,0.0007610350076103778,0.6389776357827559,,,1.7343678685531771,,-0.013191273465246548,0.0193561532192336,0.022855401493220295,-0.015202189115233189,0.0034992482739866944,-0.038057590608453484,0.03254742668448015,-1.0291357817595046,13.347554472041463,,0.0,,,0.0,,,0.0,,
PAPER:DUSKUSDT:1790770799999:LONG,DUSKUSDT,TRAIN,RECOVERED_DRAWDOWN,True,0.11056871138415136,0.597537,0.17381360775848984,0.7548190240637194,26.693121095114034,0.0,0.4609523634157675,0.22047818130797037,3.0431000044407575,0.0873,-0.011453441759246008,-0.0022906883518492016,0.02290950744558984,0.0,0.0,0.04581901489119078,-0.17152658662091813,-0.005717552887363937,0.14891179839634505,-0.25137111517367083,-0.004189518586227847,0.4009163802978333,,,0.8132875143184504,,-0.0026660572821450104,-0.011435105774727875,0.001145475372279492,-0.0022906883518492016,0.012580581147007367,-0.0034361637241286935,-0.008769048492582865,0.40064139273844435,-0.0,,,,,,,,,,
PAPER:ENAUSDT:1790771699999:LONG,ENAUSDT,TRAIN,RIGHT_THEN_FAILURE,False,-0.04673046968658445,0.554122,0.3009931244924348,0.5434775732372327,146.72101037015744,0.0,0.4384876616850164,0.4384876616850164,3.172071180383318,0.26171,-0.034377387318551555,-0.006875477463710311,0.14137786099115424,-0.022920884746158166,-0.001528058983077211,0.179588093691474,-0.04964864039108674,-0.0016549546797028913,0.5196591647243176,0.44135707706478566,0.007355951284413094,0.8864773986473784,,,1.7805968438347808,,0.01637498720704104,-0.0017822588858340538,0.0011460442373056878,-0.006875477463710311,0.0029283031231397416,-0.008021521701015999,-0.018157246092875095,4.154480813302176,-0.20773098189422412,,,,,,,,0.0,59.60991919755513,59.60991919755513
PAPER:CGPTUSDT:1790772299999:LONG,CGPTUSDT,VALIDATION,RIGHT_THEN_FAILURE,False,0.052227795339621075,0.57392,0.12405848470181767,0.5007654494670297,9.717527189126992,0.11313316564383058,0.11313316564383058,0.9119081643058857,3.4369779395208244,0.02253,0.0,0.0,,-0.04436557231588534,-0.0029577048210590227,0.0,-0.04436557231588534,-0.0014788524105295113,0.1775410563692681,-0.22143489813993833,-0.0036905816356656387,0.26631158455392434,,,0.26631158455392434,,-0.00590493061706517,0.0,-0.004436557231588534,0.0,-0.004436557231588534,0.004436557231588534,0.00590493061706517,-0.0,0.8014196983141837,,,,,,,,,,
PAPER:REDUSDT:1790772599999:LONG,REDUSDT,VALIDATION,TRUE_WRONG_DIRECTION,False,0.6701975964004125,0.608826,0.263748597055553,0.6652553822447274,15.897181493848302,,,,4.223191236192214,0.1778,-0.39215686274508554,-0.07843137254901711,0.3374578177727683,-0.22446689113354568,-0.014964459408903045,0.3937007874015519,-0.11235955056178026,-0.0037453183520593423,0.3937007874015519,0.056274620146323784,0.0009379103357720631,0.7311586051743424,,,0.8998875140607376,,0.0056274620146316385,0.007490636704119424,0.016835016835017313,-0.07843137254901711,0.009344380130897889,-0.09526638938403442,0.0018631746894877859,20.941176470590825,-15.955106621769655,,,,,,,,,,
PAPER:REZUSDT:1790772599999:LONG,REZUSDT,VALIDATION,STALL_NO_EDGE,False,0.16846030499695352,0.667806,0.06924908027872737,0.5416015015281958,13.310353590846946,0.0,,,3.364169634782588,0.004636,0.04315925766076312,0.008631851532152623,0.0647109577221805,0.08635578583766623,0.0057570523891777485,0.10785159620363416,0.17286084701815252,0.005762028233938417,0.21570319240725722,0.3246050638390008,0.0054100843973166795,0.3235547886108803,,,0.582398619499569,,0.005049412104161839,0.005762028233937677,0.004317789291883312,0.008631851532152623,-0.0014442389420543655,0.004314062240269312,0.0007126161297758378,1.4980578334050694,1.064133563615599,,0.0,,,0.0,,,0.0,,
PAPER:STXUSDT:1790772599999:LONG,STXUSDT,VALIDATION,CORRECT_RUNNER,True,0.016034707498624456,0.359116,0.12143290830601103,0.691681858761242,23.25231853303752,3.0778048521522994,,3.0778048521522994,3.2392792401422454,0.3293,0.03037667071688066,0.006075334143376132,0.03036744609777875,-0.09101941747573505,-0.006067961165049003,0.1214697843911261,-0.09101941747573505,-0.0030339805825245016,0.1214697843911261,-0.09101941747573505,-0.0015169902912622508,0.1822046765867058,,,0.5162465836623165,,0.0,0.0,-0.012135922330097637,0.006075334143376132,-0.012135922330097637,0.01821125647347377,0.0,-2.0024301336566213,4.0,,,,,,,,,,
PAPER:SPXUSDT:1790772899999:LONG,SPXUSDT,VALIDATION,STALL_NO_EDGE,False,0.06269766073716543,0.741145,0.519801980146041,0.6989473161255942,325.9412802517131,0.25052486684173925,,0.8817402246720896,3.82983155341875,0.4435,0.0,0.0,0.045095828635843827,-0.15758667266996262,-0.010505778177997508,0.22547914317925244,-0.04507550146495287,-0.0015025167154984291,0.33821871476888976,-0.1351047061472599,-0.0022517451024543314,0.33821871476888976,,,0.856820744081177,,-0.003002326803272689,0.007512583577492886,-0.015758667266996262,0.0,-0.02327125084448915,0.015758667266996262,0.010514910380765574,-0.0,4.66561608884884,,,,,,,,,,
PAPER:APRUSDT:1790772899999:LONG,APRUSDT,VALIDATION,RIGHT_THEN_FAILURE,False,0.02455289458007659,0.745465,0.18488745978858492,0.8665242610547176,10.470266615491719,3.4359044589796106,3.4359044589796106,10.829924047344885,3.3151569043104456,0.1244,0.0,0.0,0.0,0.0,0.0,0.0,-0.08032128514056103,-0.002677376171352034,0.1607717041800738,0.08045052292839916,0.0013408420488066526,0.2411575562701107,,,0.643086816720273,,0.00536336819522661,-0.005354752342704068,0.0,0.0,0.005354752342704068,0.0,-0.010718120537930679,-0.0,0.0,,,,,,,,2562.49754550699,2562.49754550699,8076.957354509804
PAPER:FLOCKUSDT:1790773199999:LONG,FLOCKUSDT,VALIDATION,CORRECT_RUNNER,True,0.06786318149794024,0.722485,0.16163638962766697,0.7179271696944122,16.106800659835823,0.2231599459793232,0.2231599459793232,1.8251285365244563,3.7388516574224484,0.06993,0.028608210556435587,0.005721642111287117,0.21450021450022394,0.0,0.0,0.21450021450022394,-0.05716735743890311,-0.0019055785812967703,0.21450021450022394,-0.2851846570654404,-0.00475307761775734,0.9295009295009482,,,0.9295009295009482,,-0.00760492418841167,-0.0038111571625935405,-0.00286000286000343,0.005721642111287117,0.0009511543025901106,0.008581644971290547,0.0037937670258181293,-3.002574738950659,-0.0,,,,,,,,,,
PAPER:SAFEUSDT:1790773499999:LONG,SAFEUSDT,VALIDATION,CORRECT_RUNNER,True,0.17949488827095905,0.483775,0.19540031123759158,0.5705567656502252,18.772280032505883,0.22121028146602217,,0.22121028146602217,4.060201228753035,0.116,-0.05169739789763206,-0.010339479579526412,0.0,0.3633846686277975,0.0242256445751865,0.42241379310345994,0.2939650700328533,0.009798835667761777,0.4396551724137998,0.33734106046190426,0.005622351007698405,0.6379310344827638,,,0.7155172413793154,,0.0014416284635121457,-0.004611216784828898,0.04152967641460448,-0.010339479579526412,0.046140893199433375,-0.05186915599413089,-0.006052845248341043,-1.0551743013247334,4.308810414365011,,9.131244404229404,,9.131244404229404,22.575159842082588,,22.575159842082588,39.34480098505589,,39.34480098505589
PAPER:SYRUPUSDT:1790773499999:LONG,SYRUPUSDT,VALIDATION,TRUE_WRONG_DIRECTION,False,0.10787395826989954,0.622353,0.19110144683210634,0.6671200810329307,9.248062930198952,0.0,0.07567466370264064,2.176269688648391,3.389267228930637,0.2401,-0.10817107671824422,-0.021634215343648844,0.11661807580174433,0.15434029950360806,0.010289353300240537,0.36234902124115953,0.5149244358856331,0.017164147862854435,0.7455226988754893,0.39724022579969986,0.0066206704299949974,0.8246563931695317,,,0.9870887130362549,,-0.003902710990312993,0.02400189782447863,0.026279564510074405,-0.021634215343648844,0.0022776666855957757,-0.04791377985372325,0.02790460881479162,-1.2604304924725245,1.5541255842647814,,0.0,7.354656944365161,211.50694559176193,0.0,4.408879736256,126.79159525059421,0.0,11.430060520728537,328.7083553938563
PAPER:REDUSDT:1790773799999:LONG,REDUSDT,VALIDATION,STALL_NO_EDGE,False,-0.2153189028855529,0.607949,0.33991228066776374,0.5499958224452699,199.64578234062026,,,,6.066065511471653,0.1822,0.16492578339746267,0.03298515667949253,0.2195389681668547,0.0,0.0,0.27442371020856005,-0.10964912280702066,-0.003654970760234022,0.49396267837542585,0.16492578339746267,0.002748763056624378,0.6586169045005641,,,0.6586169045005641,,0.009162543522081753,-0.007309941520468044,-0.016465422612513825,0.03298515667949253,-0.00915548109204578,0.04945057929200636,-0.0164724850425498,-9.024738867508901,0.0,,,,,,,,,,
PAPER:SUIUSDT:1790773799999:LONG,SUIUSDT,VALIDATION,TRUE_WRONG_DIRECTION,False,0.11457466249635839,0.619554,0.29025055814512635,0.5458325949129246,86.94110918666874,0.47737571298442916,0.47737571298442916,0.5519814700520875,4.620684353304272,1.2058,-0.06630200563566557,-0.013260401127133115,0.10781224083596941,-0.10769613122360022,-0.007179742081573348,0.16586498590148713,-0.3635762683853905,-0.012119208946179683,0.41466246475369006,-0.3059115336916163,-0.005098525561526938,0.4975949577044392,,,1.0200696632940764,,0.0019291718340911739,-0.0170770671514342,-0.004142158893216674,-0.013260401127133115,0.012934908258217526,-0.00911824223391644,-0.019006238985525375,1.0941639166402166,1.4081996834047674,,,,,,,,,,
PAPER:BOMEUSDT:1790773799999:LONG,BOMEUSDT,VALIDATION,TRUE_WRONG_DIRECTION,False,-0.015451567198287997,0.799335,0.14615384613923016,0.7058510575600389,14.496064292306855,0.0,,0.037701414223278995,3.001029110326825,0.0010401,0.0384726363374055,0.007694527267481099,0.03845784059225421,0.11550678602367803,0.007700452401578535,0.1442169022209394,0.057720057720045403,0.0019240019240015134,0.18267474281318252,0.231280716970228,0.003854678616170467,0.2788193442938236,,,0.29804826458995626,,0.005782017924256255,-0.0038480038480045073,0.007700452401577795,0.007694527267481099,0.011548456249582303,-5.925134096695928e-06,-0.009630021772260763,3.9992305472741547,1.9976898642794647,,0.0,,4.895999904570605,0.0,,19.59531004255344,0.0,,9.780689384873925
PAPER:KERNELUSDT:1790773799999:LONG,KERNELUSDT,VALIDATION,STALL_NO_EDGE,False,-0.7478907858519346,0.53484,0.6490042673604198,0.5444106438187264,459.81686296716526,0.4076497122603717,,0.4076497122603717,4.225178845891842,0.05614,-0.07119971520113122,-0.014239943040226244,0.14250089063058136,-0.1067615658362997,-0.00711743772241998,0.30281439258995624,-0.4256828662646317,-0.014189428875487723,0.6234413965087282,-0.4962779156327479,-0.008271298593879131,0.8906305664410419,,,2.5293908086925554,,-0.0023632281696798576,-0.021284143313231585,-0.00355871886120962,-0.014239943040226244,0.017725424452021965,-0.010681224179016624,-0.018920915143551726,1.0035599857599473,0.8604982206405867,,,,,,,,,,
PAPER:ZENUSDT:1790773799999:LONG,ZENUSDT,VALIDATION,TRUE_WRONG_DIRECTION,False,-0.02694920966404002,0.599743,0.23916490483866168,0.647031692062523,14.223025166253162,1.3014420642173619,1.3014420642173619,4.221820187905312,5.913609770776473,7.567,-0.013213530655387107,-0.0026427061310774214,0.03964583058014837,-0.07922883929750713,-0.005281922619833808,0.17179859918065032,0.09259259259259967,0.0030864197530866555,0.2114444297608098,0.3181757921251416,0.00530292986875236,0.4228888595216196,,,0.6607638430025209,,0.007512483980732417,0.011463844797178583,-0.006602403274793556,-0.0026427061310774214,-0.018066248071972137,0.003959697143716134,0.003951360816446166,-0.8562367864690191,-0.996038558035184,,,,,421.66722880639304,421.66722880639304,1367.8697408812166,245.41943725979485,245.41943725979485,796.1297419342632
PAPER:ENAUSDT:1790774099999:LONG,ENAUSDT,VALIDATION,RIGHT_THEN_FAILURE,False,0.1550936786933299,0.650582,0.4619342330460468,0.6618470674613933,49.37576243508286,0.4017975572329968,0.9019775287055776,0.8609179788085841,5.182301228759267,0.26716,-0.16815515115280455,-0.03363103023056091,0.26201527174728456,-0.40262451535937327,-0.02684163435729155,0.4828567150771179,-0.13456937799042334,-0.004485645933014111,0.4828567150771179,-0.1494991777545307,-0.0024916529625755115,0.4828567150771179,,,0.7373858362030306,,-0.0004983305925154724,0.017942583732057926,-0.023486430062629182,-0.03363103023056091,-0.04142901379468711,-0.010144600167931728,0.0184409143245734,7.497477672733451,10.77262153295479,,,,,,,,,,
PAPER:MELANIAUSDT:1790774099999:LONG,MELANIAUSDT,VALIDATION,TRUE_WRONG_DIRECTION,False,0.3991058313446372,0.713609,0.2532833020384623,0.7145270653266115,35.80325303197536,1.5076324817526299,,1.5076324817526299,3.2439481357571687,0.10663,0.037526972511492396,0.007505394502298479,0.2625902654037393,0.02814258911820744,0.001876172607880496,0.27196848916816174,0.02814258911820744,0.000938086303940248,0.27196848916816174,0.22558511138264237,0.0037597518563773726,0.4126418456344427,,,0.6752321110381709,,0.006579565748660403,0.0,-0.0009380863039398779,0.007505394502298479,-0.0009380863039398779,0.008443480806238357,-0.006579565748660403,8.000750539447743,0.499015009381029,,803.5681127739072,,803.5681127739072,1607.1362255478143,,1607.1362255478143,400.9925493341671,,400.9925493341671
PAPER:ESPUSDT:1790774099999:LONG,ESPUSDT,VALIDATION,TRUE_WRONG_DIRECTION,False,-0.2665589162953008,0.723428,0.03368623676275428,0.5237572382423246,58.61319499666028,0.7691425426532783,,1.1059699697369307,3.1861738153861174,0.10388,-0.009625565501969469,-0.0019251131003938937,0.009626492106273865,-0.01924927815207811,-0.0012832852101385406,0.01925298421254773,-0.01924927815207811,-0.0006416426050692703,0.01925298421254773,-0.09617234083477699,-0.0016028723472462831,0.12514439738159355,,,0.31767423950710416,,-0.0025645957555938312,0.0,-0.0009624639076044605,-0.0019251131003938937,-0.0009624639076044605,-0.0009626491927894332,0.0025645957555938312,3.00028876696251,0.8006159769012238,,,,,,,,,,
PAPER:SPXUSDT:1790774399999:LONG,SPXUSDT,VALIDATION,RIGHT_THEN_FAILURE,False,0.15223593017212877,0.485799,0.15425888663782486,0.5009556076361589,29.445682882715822,0.0,,0.06945155366153699,4.470011835253162,0.4468,-0.06709908297920508,-0.013419816595841016,0.022381378692948317,-0.08944543828265372,-0.005963029218843581,0.08952551477170445,-0.2010274737547446,-0.00670091579182482,0.1790510295434311,-0.04474272930649059,-0.0007457121551081766,0.29095792300806167,,,0.6266786034019756,,0.00521998508575668,-0.007445461990916631,-0.0022361359570655104,-0.013419816595841016,0.005209326033851121,-0.011183680638775506,-0.012665447076673312,2.0026839633193596,7.9964221824687245,,,,,,,,,,
PAPER:LABUSDT:1790774399999:LONG,LABUSDT,VALIDATION,TRUE_WRONG_DIRECTION,False,0.03692882179293644,0.516428,0.33889187731952586,0.5145017355360242,32.324255663406774,0.15917963360732035,0.15917963360732035,0.8579646077952807,3.5139208717396286,0.05581,0.01792114695340352,0.0035842293906807043,0.08958967926894212,0.08967001434720956,0.0059780009564806376,0.16126142268411137,0.19748653500897273,0.006582884500299091,0.28668697366062146,0.32356642099586885,0.005392773683264481,0.43003046049094884,,,1.2363375739114835,,0.004194379531428094,0.007181328545780019,0.007173601147776321,0.0035842293906807043,-7.727398003698482e-06,-0.0035893717570956163,0.002986949014351925,0.5444770283479615,1.1085206440300484,,26.62756910983039,26.62756910983039,143.52031959198294,24.18083343253069,24.18083343253069,130.3326236023584,29.517210058583803,29.517210058583803,159.09523710550326
PAPER:ARUSDT:1790774699999:LONG,ARUSDT,VALIDATION,STALL_NO_EDGE,False,-0.06390702050425023,0.59617,0.1241815308071813,0.6158565533363063,25.94746789517418,0.07044271833105409,,0.07044271833105409,4.541931957344392,4.422,0.022619316896621555,0.004523863379324311,0.045228403437358455,-0.20311442112390665,-0.013540961408260443,0.22614201718679228,-0.20311442112390665,-0.006770480704130222,0.27137042062416183,-0.1580492210431328,-0.002634153684052213,0.27137042062416183,,,0.587969244685671,,0.0015052306766009476,0.0,-0.022568269013766296,0.004523863379324311,-0.022568269013766296,0.027092132393090607,-0.0015052306766009476,-0.6681746211261782,5.140535835187071,,,,,,,,,,
PAPER:1000PEPEUSDT:1790774699999:LONG,1000PEPEUSDT,VALIDATION,RIGHT_THEN_FAILURE,False,0.5366936516281395,0.546668,0.183224483409003,0.550535975301131,11.901264959615103,1.5691816716131735,,,3.216182231150788,0.0044837,-0.028985507246381825,-0.005797101449276365,0.04460601735172265,-0.135863512851353,-0.009057567523423534,0.1784240694069572,-0.135863512851353,-0.004528783761711767,0.1784240694069572,0.020076737753194074,0.0003346122958865679,0.31447242232977013,,,0.43936927091463573,,0.005205080158234843,0.0,-0.010690899371910145,-0.005797101449276365,-0.010690899371910145,0.00489379792263378,-0.005205080158234843,1.2800570206702042,-27.06884246266315,,,,,,,,4689.551731670731,,
PAPER:LABUSDT:1790774999999:LONG,LABUSDT,VALIDATION,TRUE_WRONG_DIRECTION,False,-0.07870230532083244,0.542292,0.18149466190355998,0.5967432491291796,21.979294866340076,0.337203013130849,0.337203013130849,0.5336624707927395,3.8241654991616914,0.056,0.017860332202190854,0.003572066440438171,0.08928571428571397,-0.2138275124732747,-0.014255167498218313,0.3214285714285725,-0.3558718861209953,-0.011862396204033177,0.44642857142856984,-0.30265266156310755,-0.0050442110260517925,0.8392857142857202,,,0.9285714285714342,,0.0017803097739007197,-0.009489916963226394,-0.02316464718460587,0.003572066440438171,-0.013674730221379475,0.02673671362504404,-0.011270226737127114,-0.30112520092893874,2.8260450295585917,,,,,,,,,,
PAPER:ZECUSDT:1790774999999:LONG,ZECUSDT,VALIDATION,STALL_NO_EDGE,False,-0.2757570004495169,0.608921,0.08038357530773219,0.596999997382658,24.830480197463952,0.0,0.24097092698276423,0.25985225509106424,3.7477096358963347,1482.51,0.12021097701808703,0.024042195403617406,0.13760446809801818,-0.1044432165815401,-0.006962881105436007,0.26306736548150633,-0.0283223078634931,-0.0009440769287831033,0.27048721425150246,-0.14884961474217473,-0.002480826912369579,0.38718119945228,,,0.38718119945228,,-0.004018715088815646,0.005080032997735924,-0.02243844588493693,0.024042195403617406,-0.027518478882672854,0.046480641288554336,0.00909874808655157,-25.466352021341443,2.806677511727476,,,,,,,,,,
PAPER:FLOCKUSDT:1790776799999:LONG,FLOCKUSDT,VALIDATION,CORRECT_RUNNER,True,0.09963909756709466,0.572746,0.2399445214739245,0.5588419036292769,14.949432678245905,0.1879779362391476,,0.9921438261231597,6.689026915182761,0.07214,0.04160310636527331,0.008320621273054662,0.0831716107568492,0.05547850208043048,0.003698566805362032,0.263376767396728,-0.09693948206619396,-0.003231316068873132,0.3326864430274523,0.36171396772397557,0.006028566128732926,0.6792348211810517,,,0.7485444968117538,,0.015303283249860447,-0.010155564787887409,0.001386962552010207,0.008320621273054662,0.011542527339897616,0.006933658721044456,-0.025458848037747856,-2.574994551974094,0.613506881467914,,50.82453451067176,,268.2508869881138,,,,31.1812016697006,,164.57376512707953
PAPER:INITUSDT:1790777099999:LONG,INITUSDT,VALIDATION,TRUE_WRONG_DIRECTION,False,0.37409756267594574,0.636907,0.3392553392214133,0.5600586985017305,84.54088919217662,0.0,0.20751135636152274,0.17907293671635127,3.944497911833189,0.10538,-0.44402456306092963,-0.08880491261218593,0.4934522679825415,-0.4252102428422888,-0.028347349522819254,0.6642626684380426,-0.48163188214184194,-0.016054396071394732,0.6642626684380426,-0.5286010949594133,-0.008810018249323556,0.6642626684380426,,,0.7117100018978917,,-0.0015732175445222947,-0.003777504957975797,0.0018898233015218757,-0.08880491261218593,0.005667328259497673,-0.0906947359137078,-0.0022042874134535024,5.5315012920614315,3.2176266519079912,,,,,,,,,,
PAPER:BLURUSDT:1790780099999:LONG,BLURUSDT,VALIDATION,CORRECT_RUNNER,True,-0.43800220230839626,0.591709,0.4387155132985084,0.49552362046881915,113.92919807926583,,,,3.9505248521014225,0.02212,-0.13544018058689877,-0.027088036117379755,0.13562386980108254,0.3629764065335772,0.02419842710223848,0.9945750452079571,0.31746031746031633,0.010582010582010545,0.9945750452079571,0.7744874715261973,0.012908124525436623,1.1754068716093968,,,2.3508137432187937,,0.015186028853454806,-0.003023431594860367,0.049909255898366034,-0.027088036117379755,0.0529326874932264,-0.07699729201574579,-0.018209460448315173,-2.559819413092396,1.874666381979295,,,,,,,,,,
PAPER:GPSUSDT:1790781299999:LONG,GPSUSDT,VALIDATION,TRUE_WRONG_DIRECTION,False,0.06688693894050246,0.541718,0.1226017781814702,0.4290325630713746,12.81035151845966,3.585502457395373,3.585502457395373,5.692611945951009,3.222802423404414,0.010676,0.028108310690533322,0.0056216621381066645,0.0,-0.009365926758464482,-0.0006243951172309655,0.1217684526039653,0.028108310690533322,0.0009369436896844441,0.14050206069688986,0.10314111579934337,0.001719018596655723,0.1873360809292013,,,0.4777070063694322,,0.0025003906860450917,0.0024985165058251844,-0.003746370703381352,0.0056216621381066645,-0.006244887209206537,0.009368032841488017,-1.8741802199073732e-06,6.0,-0.36322766865099626,,,,,3826.806772777289,3826.806772777289,6075.724729912254,2085.7845658975502,2085.7845658975502,3311.547622012782
PAPER:RIVERUSDT:1790781299999:LONG,RIVERUSDT,VALIDATION,TRUE_WRONG_DIRECTION,False,0.22307825814855686,0.665033,0.2733118970787766,0.6659672222399318,14.904990411043682,0.0,,,3.2296269478046646,1.245,-0.08025682182984939,-0.016051364365969878,0.08032128514054993,0.0,0.0,0.08032128514054993,0.080385852090048,0.0026795284030016,0.16064257028112205,0.080385852090048,0.0013397642015008,0.24096385542167198,,,1.2048192771084376,,0.0,0.0053590568060032,0.008032128514054993,-0.016051364365969878,0.0026730717080517925,-0.02408349288002487,0.0053590568060032,-5.990369181378778,0.0,,,,,0.0,,,0.0,,
PAPER:ARPAUSDT:1790783699999:LONG,ARPAUSDT,VALIDATION,RIGHT_THEN_FAILURE,False,-0.005834617351252458,0.518097,0.7875185734725119,0.48910282805113114,615.6661821659657,1.411803388751176,,1.6753247487912404,3.191036366615263,0.011382,0.09673731422039644,0.01934746284407929,0.1845018450184588,-0.5156891880080394,-0.03437927920053596,0.632577754348973,-0.5765199161425594,-0.019217330538085314,0.9488666315234706,-0.5504587155963359,-0.009174311926605597,0.9488666315234706,,,1.5023721665788137,,0.0008737439930099159,-0.004076403447472732,-0.06118346298400579,0.01934746284407929,-0.057107059536533056,0.08053092582808508,-0.004950147440482648,-1.006771611995541,3.747341432858382,,,,,,,,,,
PAPER:ARPAUSDT:1790783999999:LONG,ARPAUSDT,VALIDATION,TRUE_WRONG_DIRECTION,False,2.393844502818454,0.514805,0.22814018040744216,0.5849693560519214,229.60022791188533,0.29274013126820986,,0.5533535746582663,4.259308013277874,0.01152,0.008681309141422844,0.0017362618282845688,0.5034722222222343,-0.06072698880887906,-0.004048465920591937,0.6944444444444531,0.01736412571626822,0.0005788041905422739,0.7986111111111138,-0.3028991778450729,-0.005048319630751215,0.8072916666666763,,,1.0156249999999978,,-0.010673590076445786,0.005209237714881946,-0.00694022729244459,0.0017362618282845688,-0.012149465007326537,0.008676489120729158,0.01588282779132773,2.999739560727589,0.8019432636418675,,,,,505.7671247921435,,956.028970937195,,,
PAPER:BERAUSDT:1790784299999:LONG,BERAUSDT,VALIDATION,TRUE_WRONG_DIRECTION,False,0.13713941320636636,0.540698,0.23908918403681528,0.5249534743846864,61.70373520234525,,,,4.683454662878561,0.2634,-0.11376564277586487,-0.022753128555172975,0.15186028853455547,-0.07587253414262918,-0.005058168942841945,0.26575550493546096,0.0,0.0,0.3416856492027276,-0.03795066413662118,-0.0006325110689436864,0.3416856492027276,,,0.7213363705391052,,-0.0012650221378873727,0.0050620096178170355,0.003793626707131459,-0.022753128555172975,-0.0012683829106855766,-0.026546755262304433,0.006327031755704408,,7.99696509863337,,,,,,,,,,
PAPER:CYSUSDT:1790784299999:LONG,CYSUSDT,VALIDATION,TRUE_WRONG_DIRECTION,False,0.11788338550029476,0.650486,0.5310802654870216,0.6198688486216964,327.5091885840967,1.4211572099994463,,1.4211572099994463,3.7429751286979784,0.1667,0.18028846153845812,0.036057692307691624,0.23995200959807672,0.36122817579771205,0.024081878386514138,0.5998800239951918,0.5428226779252032,0.01809408926417344,1.0797840431913452,0.42168674698794817,0.007028112449799136,1.0797840431913452,,,1.1397720455908589,,-0.004016064257028236,0.012062726176115627,0.018061408789884492,0.036057692307691624,0.0059986826137688656,0.017996283517807132,0.016078790433143864,1.9927884615384528,3.4265072675668984,,59.013553145227036,,59.013553145227036,78.54262180597054,,78.54262180597054,202.21036873706583,,202.21036873706583
PAPER:PIPPINUSDT:1790784299999:LONG,PIPPINUSDT,VALIDATION,STALL_NO_EDGE,False,0.12609921003698954,0.546294,0.2481012657979751,0.4382445907299918,85.94228216400404,0.0,,,3.3661827472233785,0.01969,-0.15212981744423537,-0.030425963488847074,0.1015744032503818,-0.2532928064843065,-0.01688618709895377,0.2539360081259545,-0.3542510121457565,-0.011808367071525216,0.3555104113763363,-0.10147133434804667,-0.0016911889058007779,0.3555104113763363,,,0.45708481462671813,,0.008455944529004444,-0.006747638326585204,-0.010131712259371373,-0.030425963488847074,-0.003384073932786169,-0.0202942512294757,-0.015203582855589648,2.5766444508840234,9.984802431611364,,,,,,,,,,
PAPER:SUSHIUSDT:1790784299999:LONG,SUSHIUSDT,VALIDATION,STALL_NO_EDGE,False,0.7433469900713474,0.518814,0.2504472271663707,0.5054245190928957,22.698807906366014,0.0,,,3.3074014217885583,0.2798,0.07153075822603494,0.014306151645206988,0.03573981415295746,0.07153075822603494,0.004768717215068996,0.07147962830592602,0.10733452593916226,0.0035778175313054086,0.2859185132237374,0.46678635547574565,0.007779772591262428,0.5718370264474526,,,1.0721944245889903,,0.011968880909634846,0.0023852116875374327,0.0,0.014306151645206988,-0.0023852116875374327,0.014306151645206988,-0.009583669222097413,3.998569384835906,0.6129635743369684,,0.0,,,0.0,,,0.0,,
PAPER:QNTUSDT:1790784599999:LONG,QNTUSDT,VALIDATION,RIGHT_THEN_FAILURE,False,0.49475137086758547,0.617121,0.5833578166752523,0.6250909496365117,48.72922384025154,0.7679146728945208,0.7679146728945208,4.251651949146451,6.193048221149045,307.33,0.48061204472633623,0.09612240894526725,0.4978362021280103,0.3231703336162406,0.02154468890774937,0.5661666612436278,0.4510540938061691,0.015035136460205637,0.5661666612436278,0.6023110412779475,0.010038517354632459,0.7353658933394125,,,2.368789249341119,,0.005019258677316045,0.008498120607942639,-0.015668864660179915,0.09612240894526725,-0.024166985268122554,0.11179127360544716,0.0034788619306265938,6.393185003653274,2.1462022873135918,,35.64287589310751,35.64287589310751,197.34106940932352,51.074672646105,51.074672646105,282.78106822638716,76.49682176822182,76.49682176822182,423.5338545472004
PAPER:JCTUSDT:1790784599999:LONG,JCTUSDT,VALIDATION,TRUE_WRONG_DIRECTION,False,0.02482008231612376,0.747177,0.4772599662633352,0.7541268014855173,110.4968180915418,1.322768462535806,,2.1619962521205904,4.7756201417802675,0.001784,-0.056022408963585235,-0.011204481792717047,0.22421524663676085,0.16844469399213136,0.01122964626614209,0.39237668161435924,0.45045045045044585,0.015015015015014862,0.8968609865470989,1.306076093128894,0.021767934885481566,1.4573991031390343,,,1.513452914798219,,0.028392958546280916,0.0187687687687695,0.02245929253228418,-0.011204481792717047,0.0036905237635146797,-0.03366377432500123,-0.009624189777511415,-0.7462184873949629,0.515880184556775,,117.79253158881905,,192.5257662513476,88.09637960488558,,143.98895039123278,60.76683293544971,,99.32022782567972
PAPER:SUSHIUSDT:1790784599999:LONG,SUSHIUSDT,VALIDATION,CORRECT_RUNNER,True,0.7433469900713474,0.583066,0.12014134274417011,0.5829289374304515,47.24860395973757,,,,4.26543141477862,0.2826,-0.035373187124154715,-0.007074637424830943,0.10615711252655036,0.0,0.0,0.14154281670206714,-0.035373187124154715,-0.0011791062374718237,0.2830856334041121,0.2838892831795725,0.0047314880529928756,0.5661712668082242,,,0.8846426043878197,,0.0106458481192336,-0.0023582124749436475,0.0035385704175516786,-0.007074637424830943,0.005896782892495326,-0.010613207842382621,-0.013004060594177247,6.0,0.0,,,,,,,,,,
PAPER:LYNUSDT:1790784899999:LONG,LYNUSDT,VALIDATION,STALL_NO_EDGE,True,0.29667420392245347,0.562343,0.3421750662787797,0.5590024373333864,241.0041644657169,1.0228550706012918,1.0228550706012918,11.344406700366271,3.5763855519882815,0.03742,-0.23993601706211454,-0.04798720341242291,0.37413148049172396,-0.7163703900238794,-0.04775802600159196,0.9086050240513011,-0.7953340402969133,-0.02651113467656378,1.0154997327632254,-1.6298633017875819,-0.027164388363126363,2.1646178514163505,,,2.2982362373062504,,-0.02804065895548565,-0.005302226935311645,-0.04775802600159196,-0.04798720341242291,-0.04245579906628031,-0.00022917741083094967,0.022738432020174004,1.8100773127166179,1.758111589452164,,,,,,,,,,
PAPER:MOVEUSDT:1790785499999:LONG,MOVEUSDT,VALIDATION,TRUE_WRONG_DIRECTION,False,0.18010606057201617,0.609419,0.1467018469510311,0.6305741693934024,58.44725587401208,1.8256264358942564,,2.047101128297557,3.2261058336855775,0.009479,-0.02109482122139017,-0.004218964244278034,0.010549636037571197,0.11618081960285132,0.007745387973523421,0.14769490452578582,-0.010548523206765914,-0.0003516174402255305,0.1898934486760151,0.2750449592721971,0.004584082654536618,0.3586876252769322,,,0.3586876252769322,,0.009520787051729615,-0.008438818565400888,0.013730460498520003,-0.004218964244278034,0.02216927906392089,-0.017949424742798037,-0.017959605617130503,11.998734310709827,1.6896265964703385,,235.70496947795485,,264.2993656735208,,,,398.2533853501819,,446.5672376722204
PAPER:NIGHTUSDT:1790785499999:LONG,NIGHTUSDT,VALIDATION,STALL_NO_EDGE,True,-1.098033972738377,0.582189,0.3952355170151605,0.5442845183984618,144.47408159325082,1.0375630325521579,1.9595375744487775,1.0375630325521579,13.87673102754009,0.03696,0.189753320683117,0.0379506641366234,0.29761904761905766,0.05414185165133478,0.003609456776755652,0.29761904761905766,-0.08110300081103361,-0.002703433360367787,0.40584415584415945,-0.4846526655896577,-0.008077544426494295,1.0281385281385336,,,1.2445887445887593,,-0.013462574044157035,-0.009011444534559043,-0.013535462912831475,0.0379506641366234,-0.004524018378272432,0.05148612704945488,0.004451129509597992,-14.037950664136373,-0.4468507489623525,,287.45683816853125,542.8898850009506,287.45683816853125,,,,,,
PAPER:JCTUSDT:1790786099999:LONG,JCTUSDT,VALIDATION,CORRECT_RUNNER,True,0.15076210780298194,0.597277,0.26388125340956736,0.5815303883099757,33.30902357412159,0.0,0.4214168203886759,0.7524764362800695,6.089422292142011,0.001811,-0.055187637969100756,-0.011037527593820151,0.1104362230811673,-0.43980208905993745,-0.029320139270662498,0.6073992269464257,-0.8214676889375716,-0.027382256297919055,0.7178354500276041,-0.6037321624588476,-0.01006220270764746,0.8834897846493495,,,0.8834897846493495,,0.0073179656055614535,-0.02555677254472366,-0.03848268279274314,-0.011037527593820151,-0.012925910248019479,0.027445155198922988,-0.03287473815028511,0.40309050772631033,2.9138887500625135,,,,,,,,,,
PAPER:BTWUSDT:1790786099999:LONG,BTWUSDT,VALIDATION,TRUE_WRONG_DIRECTION,False,-0.04472693251043047,0.609276,0.3093178163690375,0.5871430312315555,427.2436802070539,3.461138394185248,3.461138394185248,5.809764001282169,5.120085911356565,1.3134,0.015229972586050522,0.0030459945172101044,0.1903456677325832,0.5204347160569389,0.034695647737129263,0.9517283386630049,0.5820186858630505,0.019400622862101684,1.0735495660118777,0.2978235967926457,0.004963726613210762,1.2715090604537793,,,1.4161717679305519,,-0.009418353060964835,0.004084341655179458,0.050512781264349105,0.0030459945172101044,0.04642843960916965,-0.047466786747139,0.013502694716144292,0.1570049858120962,6.989838571042203,,99.75713439358387,99.75713439358387,167.44935979577917,178.4034677023921,178.4034677023921,299.4627565608372,697.2862657209133,697.2862657209133,1170.4439937968607
PAPER:BERAUSDT:1790786099999:LONG,BERAUSDT,VALIDATION,STALL_NO_EDGE,False,0.19373104711437605,0.562743,0.36731634179235295,0.6166076006374611,25.83109086631942,,,,5.365312479672745,0.2656,-0.18789928598271777,-0.037579857196543553,0.3765060240963791,-0.5615874204417781,-0.03743916136278521,0.7153614457831248,-0.2628614344723945,-0.008762047815746484,0.8659638554217031,0.07535795026374359,0.00125596583772906,0.9036144578313365,,,2.1460843373494187,,0.01130369253956228,0.020027537864564238,-0.03743916136278558,-0.037579857196543553,-0.057466699227349816,-0.00014069583375797556,0.008723845325001959,4.2889354163313165,-29.809060277053238,,,,,,,,,,
PAPER:龙虾USDT:1790786699999:LONG,龙虾USDT,VALIDATION,CORRECT_RUNNER,True,-0.07785463109932778,0.618801,0.4241741741317577,0.6682854437264876,27.043283467435288,0.7126646823961025,0.7126646823961025,1.8210487928720154,3.9838781586035266,0.05312,-0.3750937734433579,-0.07501875468867159,0.4141566265060126,0.05650781691468598,0.003767187794312399,1.0730421686746872,-0.1691411388836661,-0.005638037962788871,1.0730421686746872,-0.09403799134850566,-0.0015672998558084277,1.0730421686746872,,,1.5060240963855387,,0.0025076797692931883,-0.015034767900770815,0.043322659634583705,-0.07501875468867159,0.05835742753535452,-0.11834141432325529,-0.017542447670064003,13.305826456614236,-2.4036165002830607,,189.1768399420026,189.1768399420026,483.39740206776713,,,,,,
PAPER:NEARUSDT:1790786699999:LONG,NEARUSDT,VALIDATION,RIGHT_THEN_FAILURE,False,-0.17065917769882866,0.578492,0.2068460552602973,0.6186698041729557,6.68320901742231,1.1676319706818816,1.4051575649782322,1.1676319706818816,5.7023390643508804,5.478,0.073072707343802,0.0146145414687604,0.20080321285141922,0.073072707343802,0.004871513822920133,0.23731288791530858,0.2929329915781764,0.009764433052605881,0.5293902884264345,0.6985294117646923,0.011642156862744871,0.8579773640014499,,,0.9127418765972894,,0.013480392156862328,0.014646649578908821,0.0,0.0146145414687604,-0.014646649578908821,0.0146145414687604,0.0011662574220464936,1.4967117281694249,0.4184373978424112,,239.68565278173995,288.4437191509267,239.68565278173995,119.58010919745823,143.90569912333325,119.58010919745823,100.29344085015094,120.69563926550103,100.29344085015094
PAPER:MARSCOINUSDT:1790786699999:LONG,MARSCOINUSDT,VALIDATION,TRUE_WRONG_DIRECTION,False,0.04198705807669789,0.648525,0.5319526207000501,0.6331215301323349,68.8313051443999,1.546844226389421,1.6602806229280231,1.546844226389421,5.252249791142328,0.14077,-0.17020069498616675,-0.03404013899723335,0.23442494849755802,0.06397497867500768,0.004264998578333845,0.32677417063294856,0.18504021066116927,0.006168007022038975,0.5114726149037518,-0.2197334845477794,-0.0036622247424629903,0.5683029054486144,,,1.8753995879803975,,-0.013467536149702752,0.008065855336512051,0.023457492180836148,-0.03404013899723335,0.015391636844324097,-0.0574976311780695,0.021533391486214803,-5.518822996732031,-1.1645922569638547,,362.683409614103,389.28046338918705,362.683409614103,250.78509490381165,269.1761888395483,250.78509490381165,,,
PAPER:PUMPUSDT:1790786999999:LONG,PUMPUSDT,VALIDATION,RIGHT_THEN_FAILURE,False,-0.06674035196159167,0.635101,0.2056074766149511,0.5802218777690874,10.784085961859164,0.0,0.26817966349084177,0.9801430693854529,4.2070188878467025,0.005917,0.5266734624532976,0.10533469249065952,0.540814601994255,0.5266734624532976,0.035111564163553176,0.7098191651174535,0.6292517006802889,0.020975056689342964,0.7098191651174535,0.6634909833276526,0.011058183055460876,0.7098191651174535,,,0.8112219029913659,,0.0011341726210726637,0.006802721088434716,0.0,0.10533469249065952,-0.006802721088434716,0.10533469249065952,0.005668548467362052,5.021902636581579,3.175165756205671,,0.0,7.637929835356639,27.915106966464055,0.0,12.785646659400872,46.72898309178089,0.0,24.25169326152602,88.63509172073505
PAPER:STXUSDT:1790788499999:LONG,STXUSDT,VALIDATION,CORRECT_RUNNER,True,0.45950415522124644,0.624848,0.2734705384558778,0.602541512677023,19.07672011288923,0.8557825027252219,,,7.704246096245571,0.3538,-0.02825656965244061,-0.005651313930488122,0.16958733747879373,-0.253735551170009,-0.016915703411333933,0.3109101187111274,-0.253735551170009,-0.008457851705666966,0.36743923120406974,-0.33802816901408184,-0.005633802816901364,0.45223289994346105,,,0.7066139061616683,,-0.0028169014084504043,0.0,-0.022554271215111665,-0.005651313930488122,-0.022554271215111665,0.016902957284623543,0.0028169014084504043,0.6681736837146961,3.002537355511797,,,,,,,,,,
PAPER:RUNEUSDT:1790788499999:LONG,RUNEUSDT,VALIDATION,RECOVERED_DRAWDOWN,True,0.473475098316789,0.571758,0.2632217369945421,0.552848964805279,86.73282567579129,0.0,,,3.353066809356031,0.8235,-0.1697175415201757,-0.03394350830403514,0.1942926533090361,-0.1818181818181719,-0.012121212121211459,0.36429872495444826,-0.31473187265463887,-0.010491062421821296,0.36429872495444826,-0.2905920813657814,-0.0048432013560963565,0.6071645415907767,,,0.850030358227094,,0.0008072002260162137,-0.008877052818464145,-0.0012121212121207758,-0.03394350830403514,0.0076649316063433694,-0.032731387091914366,-0.009684253044480359,3.2354691011496617,2.5027272727271477,,,,,,,,,,
PAPER:NIGHTUSDT:1790790599999:LONG,NIGHTUSDT,VALIDATION,STALL_NO_EDGE,False,0.2379123200375588,0.621385,0.4541915390150536,0.6411147780694169,41.513384363535096,,,,8.420377780114086,0.03879,0.07739938080493225,0.01547987616098645,0.23201856148491462,0.2584647195657652,0.017230981304384347,0.3609177623098647,0.6225680933852118,0.02075226977950706,1.2116524877545887,1.0682647212089558,0.017804412020149263,1.52101056973446,,,1.9850476927043004,,0.014764634358173101,0.024210981409424903,0.018092530369604454,0.01547987616098645,-0.0061184510398204495,-0.002612654208618004,0.009446347051251802,0.7459365325075372,0.9677927743350376,,,,,,,,,,
PAPER:SKYAIUSDT:1790792099999:LONG,SKYAIUSDT,VALIDATION,CORRECT_RUNNER,True,-0.043483035786739954,0.467282,0.11049723755800975,0.42251628148358145,53.03485689217991,0.18776664893296324,0.39552929866577546,0.18776664893296324,4.152164256596846,0.0434,0.20780420226276242,0.04156084045255248,0.06912442396314056,0.023046784973512757,0.0015364523315675171,0.41474654377881004,-0.3215434083601365,-0.01071811361200455,0.8064516129032362,-0.18399264029438367,-0.0030665440049063943,0.829493087557609,,,0.829493087557609,,0.004599816007360147,-0.02296738631143806,-0.018437427978795773,0.04156084045255248,0.004529958332642286,0.059998268431348256,-0.027567202318798206,-3.877626414223051,-0.5010371053241798,,122.20792345793132,257.430244036435,122.20792345793132,,,,,,
PAPER:JCTUSDT:1790796299999:LONG,JCTUSDT,VALIDATION,TRUE_WRONG_DIRECTION,False,-0.14756353720385418,0.635687,0.8040770101121176,0.6369783926500796,109.83808668545547,3.206991670748538,3.206991670748538,6.773662255091462,3.643280403941862,0.001761,-0.28312570781426905,-0.05662514156285381,0.17035775127767216,-0.3395585738539819,-0.02263723825693213,0.5678591709256109,-0.3395585738539819,-0.011318619128466064,0.5678591709256109,-0.11344299489506326,-0.0018907165815843878,0.9085746734809774,,,2.66893810335036,,0.007562866326337551,0.0,-0.005659309564233217,-0.05662514156285381,-0.005659309564233217,-0.05096583199862059,-0.007562866326337551,5.00283125707825,11.97283531409161,,,,,,,,,,
PAPER:CAPUSDT:1790797199999:LONG,CAPUSDT,VALIDATION,TRUE_WRONG_DIRECTION,False,0.133751885889688,0.563637,0.2757513860243678,0.5885643800517316,41.08963364870415,,,,3.7521163017323667,0.06864,0.08748906386701893,0.017497812773403787,0.07284382284383772,0.10208546011374331,0.006805697340916221,0.10198135198135061,0.029146021568071667,0.0009715340522690555,0.17482517482518833,0.17513134851139256,0.0029188558085232095,0.3205128205128194,,,1.0780885780885874,,0.004864759680872262,-0.004857670261342317,0.0014583637159093499,0.017497812773403787,0.006316033977251667,0.016039449057494437,-0.009722429942214578,18.010498687654813,2.331631908997777,,,,,,,,,,
PAPER:ARKUSDT:1790799899999:LONG,ARKUSDT,RESERVE,RIGHT_THEN_FAILURE,False,-0.5754423371784223,0.561426,0.7374999999262497,0.5706609592991282,52.064801697556774,68.1918313623288,76.41565632593732,68.1918313623288,4.6537247874015915,0.2398,0.08347245409014992,0.016694490818029983,0.29190992493745016,0.08347245409014992,0.005564830272676661,0.4170141784820669,0.041718815185665115,0.0013906271728555037,0.7923269391159282,0.9684210526315962,0.01614035087719327,1.4178482068390341,,,1.6680567139282676,,0.030877192982456208,-0.0027812543457095273,0.0,0.016694490818029983,0.0027812543457095273,0.016694490818029983,-0.03365844732816574,12.005008347240645,0.34477752776365655,,12254.072095810534,13731.89344177099,12254.072095810534,49036.745932631384,54950.49846395994,49036.745932631384,4224.928682231165,4734.448272367771,4224.928682231165
PAPER:CAPUSDT:1790800499999:LONG,CAPUSDT,RESERVE,RIGHT_THEN_FAILURE,False,-0.11745342610924858,0.57446,0.20782571303640632,0.5716624009416018,21.604719475220445,,,,5.48854719319597,0.0698,-0.02864508736750704,-0.005729017473501408,0.05730659025786622,-0.057273768613974596,-0.0038182512409316396,0.07163323782233277,-0.1001860598253912,-0.00333953532751304,0.17191977077363196,0.11474469305794432,0.0019124115509657387,0.22922636103150928,,,0.5300859598853958,,0.007171543316121613,-0.0028624588521545626,-0.00286368843069984,-0.005729017473501408,-1.2295785452773843e-06,-0.0028653290428015676,-0.010034002168276176,1.715513360886594,-1.9965635738831848,,,,,,,,,,
PAPER:TRBUSDT:1790800799999:LONG,TRBUSDT,RESERVE,TRUE_WRONG_DIRECTION,False,0.8129549762905253,0.555714,0.21105480914629587,0.5644036094367776,13.962284709247196,0.0,,,3.4881017844603623,21.512,0.027899190923474926,0.005579838184694985,0.06972852361473159,-0.009296272194847521,-0.0006197514796565015,0.2510226850130026,0.2423112767940383,0.008077042559801276,0.43231684641129586,0.5233644859813147,0.00872274143302191,0.8367422833767124,,,0.8367422833767124,,0.009345794392523477,0.016775396085740486,-0.0037185088779390085,0.005579838184694985,-0.020493904963679494,0.009298347062633994,0.007429601693217009,0.690826889097421,-0.07105008034633378,,,,,0.0,,,0.0,,
PAPER:TRBUSDT:1790801399999:LONG,TRBUSDT,RESERVE,RECOVERED_DRAWDOWN,True,0.5504544988046423,0.585491,0.08677896885298511,0.6279941825251466,9.838376922525946,0.0,,,3.627019407373555,21.538,-0.04640801930572147,-0.009281603861144294,0.08821617606092902,0.0418040782200757,0.002786938548005047,0.23679078837405276,-0.17149478563150966,-0.005716492854383655,0.3250069644349485,0.2840247706849208,0.004733746178082014,0.5664407094437718,,,0.6407280156003337,,0.01521006968695208,-0.014213982232521941,0.008825305402015982,-0.009281603861144294,0.02303928763453792,-0.018106909263160276,-0.02942405191947402,1.6236535403043069,0.5887384838902028,,0.0,,,,,,0.0,,
PAPER:SOMIUSDT:1790804099999:LONG,SOMIUSDT,RESERVE,TRUE_WRONG_DIRECTION,False,0.20743012950492634,0.754213,0.39035087715394823,0.7414832937484913,38.60572365213206,1.3856982557794328,1.3856982557794328,1.3856982557794328,3.402447805693687,0.228,0.17574692442883233,0.035149384885766466,0.21929824561403022,0.04387889425188085,0.0029252596167920566,0.263157894736854,0.04387889425188085,0.0014626298083960283,0.263157894736854,0.13175230566535578,0.002195871761089263,0.30701754385966673,,,1.1842105263157987,,0.002927829014784944,0.0,-0.013163668275558704,0.035149384885766466,-0.013163668275558704,0.04831305316132517,-0.002927829014784944,24.031634446389774,1.3321632294870354,,473.70094873802645,473.70094873802645,473.70094873802645,947.4018974760529,947.4018974760529,947.4018974760529,631.0469856819219,631.0469856819219,631.0469856819219
PAPER:APRUSDT:1790804099999:LONG,APRUSDT,RESERVE,CORRECT_RUNNER,True,0.10475886998408956,0.547693,0.15089163235802328,0.7668201029291499,20.53844509456303,0.8684114168280521,0.8684114168280521,0.8684114168280521,3.026913414309629,0.1465,0.13670539986327945,0.02734107997265589,0.341296928327639,0.20519835841312783,0.013679890560875188,0.4778156996587013,0.4801097393689835,0.016003657978966117,0.6825938566552892,0.4112405757368043,0.006854009595613404,0.6825938566552892,,,0.9556313993174137,,-0.0022846698652042217,0.018289894833104132,0.006839945280439075,0.02734107997265589,-0.011449949552665057,0.020501134692216816,0.020574564698308352,1.7084269114342947,1.9958960328316986,,63.480874570132116,63.480874570132116,63.480874570132116,54.26330767437171,54.26330767437171,54.26330767437171,126.70122571521335,126.70122571521335,126.70122571521335
PAPER:ZROUSDT:1790805599999:LONG,ZROUSDT,RESERVE,TRUE_WRONG_DIRECTION,False,0.203823729035979,0.627745,0.21872468462110897,0.6111335213634708,30.43009056894747,1.2288145505115144,1.5005464760283305,1.2288145505115144,3.4831326685567876,1.7288,0.00578469370047241,0.001156938740094482,0.040490513651103566,0.06946052326926022,0.004630701551284015,0.09833410458122138,0.2493476369962222,0.008311587899874073,0.2660805182785886,0.42988265365400125,0.007164710894233354,0.4569643683479896,,,0.6478482184174128,,0.006002865884357315,0.011984149995168577,0.0063672146330162604,0.001156938740094482,-0.005616935362152317,-0.0052102758929217785,0.005981284110811262,0.1391958737646281,0.6463207824632698,,265.3625021830191,324.04301149838824,265.3625021830191,147.8435366760823,180.5366789240194,147.8435366760823,171.50930004734005,209.43573274339263,171.50930004734005
PAPER:STXUSDT:1790808599999:LONG,STXUSDT,RESERVE,TRUE_WRONG_DIRECTION,False,-0.2601654118044139,0.592885,0.48129741036253887,0.6093907917158511,49.65123848956981,,,,5.440598627262494,0.3824,0.1309243257397119,0.026184865147942382,0.2876569037656984,-0.02614379084967533,-0.0017429193899783553,0.3399581589958234,0.2359108781127217,0.007863695937090723,0.5491631799163121,0.05232862375721403,0.0008721437292869005,0.810669456066937,,,2.0658995815899583,,-0.006105006105006083,0.01747487986020128,-0.015686274509804088,0.026184865147942382,-0.03316115437000537,0.04187113965774647,0.023579885965207364,3.329842017979883,-1.9984313725484624,,,,,,,,,,
PAPER:BTWUSDT:1790809799999:LONG,BTWUSDT,RESERVE,RIGHT_THEN_FAILURE,False,-0.04632511689772745,0.592581,0.2695336159633561,0.6252351773795477,16.480678730627158,0.3432099472786998,0.3432099472786998,0.3432099472786998,4.068228963758436,1.3203,-0.07568303943085164,-0.015136607886170328,0.11361054305838447,-0.03028696903156769,-0.0020191312687711793,0.14390668787396255,0.24295801381823967,0.008098600460607988,0.7043853669620681,0.46416070613299887,0.007736011768883315,0.9240324168749536,,,1.363326516700758,,0.007355552173691955,0.01822185103636779,0.004543045354734598,-0.015136607886170328,-0.013678805681633193,-0.019679653240904926,0.010866298862675837,-1.8690399606445054,-0.26100416197565307,,,,,42.37892077132225,42.37892077132225,42.37892077132225,44.365230758722305,44.365230758722305,44.365230758722305
PAPER:MONUSDT:1790810699999:LONG,MONUSDT,RESERVE,CORRECT_RUNNER,True,0.05638738875950455,0.635774,0.27759845058553895,0.6583466468642833,20.060539517681907,,,,4.989951009152593,0.03097,0.0,0.0,0.06457862447528662,0.03229974160205984,0.0021533161068039894,0.06457862447528662,0.03229974160205984,0.0010766580534019947,0.16144656118823875,-0.12899064817800676,-0.002149844136300113,0.19373587342589316,,,1.1624152405553922,,-0.005374610340750004,0.0,0.003229974160205984,0.0,0.003229974160205984,-0.003229974160205984,0.005374610340750004,0.0,-1.0016149870798783,,,,,,,,,,
PAPER:CYBERUSDT:1790813099999:LONG,CYBERUSDT,RESERVE,TRUE_WRONG_DIRECTION,False,1.7536488508377746,0.544685,-0.4474940333681405,0.5171652093080448,7051.925393118156,0.0,2.294634278195473,0.04012426618704712,4.589136291803575,0.3325,0.21097046413502962,0.042194092827005925,0.6315789473684164,-0.5086774386594772,-0.03391182924396515,1.1729323308270811,-0.8350730688935215,-0.027835768963117385,1.3834586466165422,-0.8646392367322453,-0.014410653945537422,2.3157894736842155,,,2.3157894736842155,,-0.0009938382031404736,-0.02187096132816387,-0.07181328545781018,0.042194092827005925,-0.04994232412964632,0.11400737828481611,-0.020877123125023395,-1.5158227848102,2.3532470748467804,,,,,,,,,,
PAPER:BROCCOLIF3BUSDT:1790813399999:LONG,BROCCOLIF3BUSDT,RESERVE,TRUE_WRONG_DIRECTION,False,1.0958001039954812,0.850848,0.1972789115448982,0.9211096799670508,44.9551245896595,1.2736706268117182,1.2736706268117182,3.1801267096077,4.731666033995596,0.007342,0.0,0.0,,0.0,0.0,,0.0,0.0,0.12258240261507902,0.0,0.0,0.12258240261507902,,,0.1770634704440166,,0.0,0.0,0.0,0.0,0.0,0.0,0.0,,,,,,,,,,,,
PAPER:MONUSDT:1790813699999:LONG,MONUSDT,RESERVE,TRUE_WRONG_DIRECTION,False,0.515790674211769,0.629408,0.2657080337339761,0.6404044399752843,18.29539795701205,,,,8.190539059998336,0.03207,0.0,0.0,0.12472715933893319,0.15615240474704528,0.010410160316469685,0.24945431867787748,0.15615240474704528,0.005205080158234843,0.3741814780168218,0.062402496099833726,0.0010400416016638954,0.5300904271905105,,,0.7483629560336769,,-0.0031201248049924266,0.0,0.015615240474704528,0.0,0.015615240474704528,-0.015615240474704528,0.0031201248049924266,0.0,10.00936914428725,,,,,,,,,,
PAPER:ARIAUSDT:1790814899999:LONG,ARIAUSDT,RESERVE,RECOVERED_DRAWDOWN,True,-0.009339951566411653,0.462434,0.14616657472338546,0.6163050600560284,32.56287384246785,0.03528738543139287,0.25642093035636027,0.03528738543139287,4.580875364877257,0.03617,0.0,0.0,0.0,-0.2482073910645366,-0.01654715940430244,0.1935305501796991,-0.16560861164779395,-0.005520287054926465,0.38706110035942043,-0.27570995312929947,-0.004595165885488324,0.38706110035942043,,,0.38706110035942043,,-0.0036761327083908077,0.005520287054926835,-0.02482073910645366,0.0,-0.030341026161380496,0.02482073910645366,0.009196419763317643,-0.0,3.6009928295644085,,,,,,,,,,
PAPER:STXUSDT:1790816699999:LONG,STXUSDT,RESERVE,STALL_NO_EDGE,False,1.473368836349498,0.570871,0.1658890616734035,0.5036741504033103,73.45064574309941,,,,3.770222772324938,0.384,0.02604845011722201,0.005209690023444402,0.13020833333333703,0.02604845011722201,0.001736563341148134,0.1822916666666674,0.10427528675704956,0.0034758428919016517,0.4427083333333304,-0.6725297465080216,-0.011208829108467025,1.1197916666666696,,,1.2760416666666607,,-0.02586652871184684,0.005213764337851738,0.0,0.005209690023444402,-0.005213764337851738,0.005209690023444402,0.03108029304969858,1.4988278197447968,-0.1549281663895075,,,,,,,,,,
PAPER:PLUMEUSDT:1790817899999:LONG,PLUMEUSDT,RESERVE,RIGHT_THEN_FAILURE,False,0.4028994643276995,0.77849,0.11880165288068056,0.6324883050317228,41.162994522947336,0.0,,,3.3750296920481593,0.01938,0.051626226122891694,0.010325245224578339,0.0,0.10330578512398603,0.006887052341599069,0.05159958720332147,-0.051572975760694195,-0.0017190991920231398,0.20639834881321928,0.051626226122891694,0.0008604371020481949,0.20639834881321928,,,0.3095975232198178,,0.0034417484081920393,-0.01031459515214106,0.005165289256197081,0.010325245224578339,0.01547988440833814,0.005159955968381258,-0.013756343560333098,-6.006195147138058,8.004132231403139,,0.0,,,,,,0.0,,
PAPER:QNTUSDT:1790818199999:LONG,QNTUSDT,RESERVE,TRUE_WRONG_DIRECTION,False,0.09889998422107915,0.633547,0.40578265200328756,0.6364749368269502,28.119713615914097,0.29638587788256565,0.29638587788256565,1.1389607758472309,3.2537518344903704,300.12,0.00999700089974187,0.001999400179948374,0.12994802079167034,-0.1862445124384715,-0.012416300829231433,0.35985605757695716,0.023329445092490353,0.0007776481697496784,0.6797281087565055,-0.28573327131371506,-0.0047622211885619175,0.9529521524723528,,,1.1795281887245213,,-0.010299687686889566,0.01399766705549125,-0.019622189703339954,0.001999400179948374,-0.0336198567588312,0.021621589883288328,0.024297354742380817,2.5710858171144055,2.6072499234292965,,,,,381.13106853703647,381.13106853703647,1464.6222033980448,,,
PAPER:DEEPUSDT:1790818199999:LONG,DEEPUSDT,RESERVE,TRUE_WRONG_DIRECTION,False,-0.015016702869452558,0.793365,0.033670033666665294,0.706603523035085,41.19062279826365,0.0,0.5270326406099368,0.3166370092984705,3.344246975520715,0.02376,0.0,0.0,0.0,0.08424599831506896,0.005616399887671264,0.042087542087543284,-0.0841042893187538,-0.002803476310625127,0.37878787878787845,-0.0841042893187538,-0.0014017381553125634,0.462962962962965,,,0.7996632996633002,,0.0,-0.011213905242500507,0.008424599831506896,0.0,0.019638505074007405,-0.008424599831506896,-0.011213905242500507,-0.0,-4.006739679864749,,0.0,93.83816166061159,56.37721950560008,,,,,,
PAPER:ACUUSDT:1790818199999:LONG,ACUUSDT,RESERVE,RECOVERED_DRAWDOWN,True,3.358473103359083,0.598229,0.5572803476623733,0.5261154034488185,1667.7284794074385,5.960784226001303,,,3.9036195246966776,0.12866,-0.05437737901033968,-0.010875475802067935,0.04663454064977035,-0.03108003108004409,-0.0020720020720029395,0.10881392818280489,-0.05437737901033968,-0.001812579300344656,0.10881392818280489,0.0777846919726155,0.001296411532876925,0.25648997357374803,,,1.3601741022850944,,0.004407799211781545,-0.0015536394002949965,0.002331002331001919,-0.010875475802067935,0.0038846417312969157,-0.013206478133069854,-0.005961438612076542,6.0,-1.5982595182602755,,,,,,,,4597.910520568619,,
PAPER:ACUUSDT:1790818499999:LONG,ACUUSDT,RESERVE,CORRECT_RUNNER,True,3.358473103359083,0.566085,0.31411194084163735,0.572157850428916,628.75540790737,5.436550290436659,,,4.379049978501525,0.12934,-0.061814248184199894,-0.012362849636839979,0.015463120457703816,-0.23910528345544302,-0.01594035223036287,0.1855574454924902,-0.7672241829062454,-0.02557413943020818,0.8040822638008427,-0.2621838371375529,-0.004369730618959215,0.9200556672336768,,,0.9200556672336768,,0.016964836520666864,-0.035292312413688354,-0.017740069417661042,-0.012362849636839979,0.017552242996027312,0.005377219780821063,-0.05225714893435522,0.4834121464997167,3.6479027245298594,,,,,,,,,,
PAPER:PLUMEUSDT:1790819399999:LONG,PLUMEUSDT,RESERVE,CORRECT_RUNNER,True,0.007343173223683941,0.67854,0.4296675191386191,0.6969572811048622,42.62709588812703,1.515795151261634,,,4.166632111365731,0.01953,0.0,0.0,0.0,0.05122950819671512,0.003415300546447675,0.1536098310291889,-0.25536261491317935,-0.008512087163772645,0.3072196620583778,-0.15337423312884457,-0.002556237218814076,0.6656426011264704,,,1.177675371223752,,0.0034083162917516083,-0.020429009193054792,0.005122950819671512,0.0,0.025551960012726305,-0.005122950819671512,-0.0238373254848064,-0.0,-1.3360655737702416,,443.8248202894601,,,,,,,,
PAPER:PLUMEUSDT:1790822399999:LONG,PLUMEUSDT,RESERVE,TRUE_WRONG_DIRECTION,False,-0.40416552273579986,0.580351,0.32875368004563155,0.6183007903443267,19.368936858016756,,,,5.886793301486392,0.02045,0.14691478942212566,0.02938295788442513,0.14669926650365817,0.19598236158744342,0.013065490772496227,0.29339853300733854,0.34347399411187585,0.011449133137062528,0.5378973105134466,0.6397637795275468,0.010662729658792447,0.7823960880195657,,,1.2224938875305624,,0.009842519685038612,0.009813542688911584,0.0048995590396860855,0.02938295788442513,-0.004913983649225498,0.024483398844739046,-2.8976996127028087e-05,2.566391492933921,1.2253420269098234,,,,,,,,,,
PAPER:TRUMPUSDT:1790822699999:LONG,TRUMPUSDT,RESERVE,TRUE_WRONG_DIRECTION,False,0.4963820646843198,0.603205,0.11590171533379859,0.6072237333889404,41.49617112634519,0.0,,,4.877886060918312,2.157,-0.18509949097640366,-0.03701989819528073,0.18544274455261078,-0.09263547938859196,-0.00617569862590613,0.18544274455261078,-0.1388888888888995,-0.004629629629629983,0.23180343069075793,-0.09263547938859196,-0.0015439246564765325,0.46360686138153806,,,1.066295781177573,,0.0015439246564774578,-0.003086419753087396,0.009263547938862526,-0.03701989819528073,0.012349967691949923,-0.04628344613414326,-0.004630344409564854,7.996298010180027,4.0,,,,,,,,,,
PAPER:PLUMEUSDT:1790822999999:LONG,PLUMEUSDT,RESERVE,STALL_NO_EDGE,False,0.993804597304182,0.564616,0.3496843127382217,0.5445343633174539,29.351525826217866,,,,6.253527667579006,0.0205,-0.2918287937743069,-0.058365758754861385,0.4390243902438917,-0.38872691933916625,-0.025915127955944417,0.487804878048792,-0.19474196689386325,-0.006491398896462108,0.6341463414634263,-0.19474196689386325,-0.003245699448231054,0.7804878048780606,,,1.3170731707317196,,0.0,0.012982797792925696,-0.009718172983480544,-0.058365758754861385,-0.02270097077640624,-0.04864758577138084,0.012982797792925696,8.991245136186507,7.984450923226572,,,,,,,,,,
PAPER:MARSCOINUSDT:1790823899999:LONG,MARSCOINUSDT,RESERVE,TRUE_WRONG_DIRECTION,False,0.03099851641563678,0.683044,0.39639127651076234,0.7020517576478519,31.438167703836665,0.03676647397083954,0.03676647397083954,0.41281786932656495,4.177847277751878,0.14082,-0.08514261387825295,-0.01702852277565059,0.12782275244993535,0.08528784648187404,0.005685856432124936,0.22724044879988137,0.07817496979602989,0.0026058323265343297,0.4402783695497736,0.20636163096847682,0.00343936051614128,0.6959238744496443,,,1.0154807555744938,,0.004269550985554667,-0.0004737876957339182,0.01705756929637703,-0.01702852277565059,0.017531356992110947,-0.03408609207202762,-0.004743338681288585,-6.534773017532543,1.6531725608410677,,6.466303609621578,6.466303609621578,72.60434276781156,14.109301506646718,14.109301506646718,158.420733798939,10.689915697493943,10.689915697493943,120.02750726164568
PAPER:ESPUSDT:1790823899999:LONG,ESPUSDT,RESERVE,RECOVERED_DRAWDOWN,True,-0.07790473393181063,0.827181,0.16642282368489286,0.68834976723066,13.655503402882246,0.518463171811101,,,3.186866049884507,0.10951,-0.02738725579697343,-0.005477451159394686,0.0821842754086366,-0.02738725579697343,-0.001825817053131562,0.14610537850424654,0.12800585169607803,0.004266861723202601,0.39265820473015633,0.21963942527682967,0.003660657087947161,0.39265820473015633,,,0.39265820473015633,,0.003050547573288931,0.010362378470635628,0.0,-0.005477451159394686,-0.010362378470635628,-0.005477451159394686,0.007311830897346697,-1.2837189285064168,-0.49876757348923156,,,,,121.5092509306712,,,141.63117695950237,,
PAPER:ESPUSDT:1790824199999:LONG,ESPUSDT,RESERVE,STALL_NO_EDGE,False,1.208665566301792,0.697452,0.08626952414683912,0.6851925998652153,28.74433887533353,0.0,,,3.687987429757056,0.1101,-0.018162005085353705,-0.003632401017070741,0.07266121707538709,-0.11793522634491183,-0.007862348422994122,0.14532243415077417,-0.02724053391446324,-0.0009080177971487746,0.20890099909172122,0.28235722743419345,0.0047059537905698905,0.95367847411445,,,1.4623069936421484,,0.01032273734705639,0.006053451980991831,-0.009979134536877154,-0.003632401017070741,-0.016032586517868985,0.006346733519806413,-0.00426928536606456,4.000363240100225,-1.670723677471978,,,,,,,,0.0,,
PAPER:LITUSDT:1790824499999:LONG,LITUSDT,RESERVE,CORRECT_RUNNER,True,-0.09267716675673832,0.579503,0.5045191879774038,0.5621123955910932,91.11096383599089,0.0,1.4302764077143149,0.9369864728455468,3.6333447737135094,4.0886,0.8634300374975146,0.1726860074995029,1.041921440101734,1.037908367518403,0.06919389116789354,1.2473707381499666,1.0329148957200607,0.03443049652400202,1.2938414127084963,1.0578871916555377,0.01763145319425896,1.3329746123367459,,,1.423470136477023,,0.0008238996819750118,-0.0003294784356374277,0.017298472791975605,0.1726860074995029,0.017627951227613032,0.1553875347075273,-0.0011533781176124396,5.0154957068109915,3.92445763860372,,0.0,20.67055896948853,13.541462360774347,0.0,41.5409753593663,27.213853050081905,0.0,81.12073304201789,53.14289539960564
PAPER:ZETAUSDT:1790824799999:LONG,ZETAUSDT,RESERVE,TRUE_WRONG_DIRECTION,False,0.18022587610102558,0.555669,0.19672733956481125,0.6456064273487624,18.13821690488892,0.7147458988819411,,,4.612132873811059,0.05444,-0.05507618872773179,-0.011015237745546358,0.09184423218220328,0.07352941176470562,0.004901960784313708,0.14695077149153857,-0.03672420124861686,-0.0012241400416205621,0.20205731080087386,0.1840264998159702,0.0030671083302661697,0.31227038941955554,,,0.6245407788391,,0.007361059992638808,-0.007344840249724853,0.012867647058822929,-0.011015237745546358,0.020212487308547782,-0.023882884804369287,-0.014705900242363661,8.998347714338285,1.5982352941176703,,145.8081633719165,,,,,,233.03575287147225,,
PAPER:ZETAUSDT:1790825399999:LONG,ZETAUSDT,RESERVE,RECOVERED_DRAWDOWN,True,0.14335338579702928,0.718287,0.08346942477844223,0.7366903925390891,16.235728732575133,0.0,,,5.5835314115572965,0.05502,0.054555373704312515,0.010911074740862503,0.036350418029806875,0.14561339643246463,0.009707559762164308,0.21810250817885235,-0.16330974414806576,-0.005443658138268859,0.4362050163576936,0.10917030567685337,0.0018195050946142228,0.4362050163576936,,,0.4362050163576936,,0.009097525473071114,-0.020564930744570997,0.009100837277027374,0.010911074740862503,0.02966576802159837,0.0018102374638351293,-0.02966245621764211,-2.004364429896463,5.335274845285627,,0.0,,,,,,0.0,,
PAPER:DRIFTUSDT:1790825699999:LONG,DRIFTUSDT,RESERVE,TRUE_WRONG_DIRECTION,False,0.647237327708905,0.651044,0.3143712574535904,0.5444809564954473,45.37765171650743,1.3755374548220844,1.7244208187275678,1.5250588964958567,4.306277328781527,0.02006,0.04987531172071513,0.009975062344143026,0.09970089730808596,0.09980039920161055,0.006653359946774036,0.14955134596212893,0.14977533699451762,0.004992511233150587,0.24925224327019269,0.35017508754378035,0.005836251459063006,0.3988035892322994,,,0.7976071784646099,,0.006670001667499943,0.0033283408221003916,0.004990019960080527,0.009975062344143026,0.0016616791379801357,0.004985042384062499,-0.0033416608453995518,1.9980049875317232,1.1400057028800836,,206.74327945973084,259.18044905471777,229.21635214329572,275.52015220084627,345.4014899911102,305.469296968101,235.688517616224,295.46718999739926,261.3079486367266
PAPER:IOTAUSDT:1790825699999:LONG,IOTAUSDT,RESERVE,STALL_NO_EDGE,False,-0.029962034102937185,0.742194,0.26439695759760884,0.724376759722307,27.857353037733393,0.41407058675095865,0.6672760961556001,0.41407058675095865,4.035111935644697,0.05525,-0.054269175108545564,-0.010853835021709113,0.036199095022615424,0.03621220351257559,0.002414146900838373,0.05429864253394534,0.10871534698313479,0.003623844899437826,0.1266968325791873,0.2540373797858875,0.0042339563297647915,0.36199095022625416,,,0.6153846153846065,,0.00483880723401701,0.004831793199251422,0.009053050878147229,-0.010853835021709113,0.004221257678895807,-0.01990688589985634,-7.014034765588477e-06,-2.995115774241025,0.570187010165144,,171.51838879695444,276.40244093011563,171.51838879695444,114.26277841394212,184.13483873416214,114.26277841394212,97.79755729647817,157.60108139629045,97.79755729647817
PAPER:SOONUSDT:1790825699999:LONG,SOONUSDT,RESERVE,CORRECT_RUNNER,True,-0.10068824697465617,0.642908,0.6190576800564123,0.6263647675633387,35.39540845169868,6.377029678809998,6.377029678809998,6.461758495758496,4.341165665172042,0.4718,-0.1058649163667158,-0.02117298327334316,0.14836795252224366,-0.5480607082630651,-0.036537380550871,0.5298855447223305,-0.2747833439019298,-0.009159444796730995,0.7206443408223961,0.14858841010401136,0.0024764735017335227,0.847816871555751,,,1.7804154302670794,,0.014151277152762987,0.018318889593461247,-0.04426644182124795,-0.02117298327334316,-0.06258533141470919,0.023093458547904788,0.00416761244069826,2.3116011661427116,-14.753794266441764,,,,,,,,2575.0445843034863,2575.0445843034863,2609.25808058729