position_id,symbol,side,clean_mfe_pct,observer_miss_050,arm_pct,latency_ms,actual_usd,actual_pct,triggered,candidate_usd,candidate_pct,candidate_win,saved_loss,harmed_winner,harmed_trade,continuation_ge050,continuation_ge100,continuation_ge150,armed,arm_ts,cross_ts,exit_ts,exit_latency_actual_ms,future_mfe_after_cross,delta_usd
PAPER:TAKEUSDT:1791030299999:LONG,TAKEUSDT,LONG,0.20078003326780003,False,0.1,0,-4.179531297998999,-0.8359062595997998,True,-0.31962052384473333,-0.06392410476894667,False,True,False,False,False,False,False,True,1791030419360,1791030419644,1791030419644,0,0.09039201623397654,3.8599107741542653
PAPER:C98USDT:1791030299999:SHORT,C98USDT,SHORT,0.5325927063865858,True,0.1,0,-0.33561030806532705,-0.06712206161306541,True,-0.33561030806532705,-0.06712206161306541,False,False,False,False,True,False,False,True,1791030555079,1791030558808,1791030558808,0,0.5325927063865858,0.0
PAPER:RAYSOLUSDT:1791030299999:LONG,RAYSOLUSDT,LONG,0.3865045416249213,False,0.1,0,-4.294281797041444,-0.8588563594082889,True,-0.06591393024361208,-0.013182786048722417,False,True,False,False,False,False,False,True,1791030397825,1791030402770,1791030402770,0,0.38650454162492903,4.228367866797832
PAPER:MASKUSDT:1791030299999:SHORT,MASKUSDT,SHORT,0.4782276505114329,False,0.1,0,-0.6904478264892522,-0.13808956529785044,True,-0.11901496114906857,-0.023802992229813715,False,True,False,False,False,False,False,True,1791030455054,1791030455058,1791030455058,0,0.4782276505114329,0.5714328653401837
PAPER:2ZUSDT:1791030599999:SHORT,2ZUSDT,SHORT,0.04643975739345436,False,0.1,0,-3.1670863623565806,-0.6334172724713161,False,-3.1670863623565806,-0.6334172724713161,False,False,False,False,False,False,False,False,,,,,,0.0
PAPER:ARKUSDT:1791030599999:LONG,ARKUSDT,LONG,0.11126877469145313,False,0.1,0,-0.9498100379923222,-0.18996200759846446,False,-0.9498100379923222,-0.18996200759846446,False,False,False,False,False,False,False,False,,,,,,0.0
PAPER:ICPUSDT:1791030599999:SHORT,ICPUSDT,SHORT,0.13297856879422754,False,0.1,0,-2.251777408861963,-0.45035548177239265,False,-2.251777408861963,-0.45035548177239265,False,False,False,False,False,False,False,False,,,,,,0.0
PAPER:ALCHUSDT:1791030599999:SHORT,ALCHUSDT,SHORT,0.040601939818374046,False,0.1,0,-3.073413425363308,-0.6146826850726615,False,-3.073413425363308,-0.6146826850726615,False,False,False,False,False,False,False,False,,,,,,0.0
PAPER:1000SATSUSDT:1791030599999:SHORT,1000SATSUSDT,SHORT,0.14356100983075173,False,0.1,0,-2.382743729857922,-0.4765487459715844,False,-2.382743729857922,-0.4765487459715844,False,False,False,False,False,False,False,False,,,,,,0.0
PAPER:SPXUSDT:1791030599999:SHORT,SPXUSDT,SHORT,0.3946344312621141,False,0.1,0,-3.082995430845726,-0.6165990861691453,True,-0.027895814077618927,-0.005579162815523785,False,True,False,False,False,False,False,True,1791031346974,1791031505552,1791031505552,0,0.3946344312621141,3.055099616768107
PAPER:BERAUSDT:1791030599999:SHORT,BERAUSDT,SHORT,0.02415494136355687,False,0.1,0,-2.7182260293118015,-0.5436452058623603,False,-2.7182260293118015,-0.5436452058623603,False,False,False,False,False,False,False,False,,,,,,0.0
PAPER:CLOUSDT:1791030599999:SHORT,CLOUSDT,SHORT,0.562071677187042,True,0.1,0,0.020857857313486106,0.0041715714626972215,True,-0.22190411651677205,-0.04438082330335441,False,False,True,True,True,False,False,True,1791030676135,1791030676136,1791030676136,0,0.562071677187042,-0.24276197383025816
PAPER:RONINUSDT:1791030599999:SHORT,RONINUSDT,SHORT,0.4201447269727042,False,0.1,0,-0.9881699462047233,-0.19763398924094466,True,-0.2665516904594265,-0.0533103380918853,False,True,False,False,False,False,False,True,1791031166398,1791031171531,1791031171531,0,0.4201447269727042,0.7216182557452968
PAPER:BABYUSDT:1791030599999:SHORT,BABYUSDT,SHORT,0.13108361853639602,False,0.1,0,-2.4625017903882367,-0.4925003580776473,False,-2.4625017903882367,-0.4925003580776473,False,False,False,False,False,False,False,False,,,,,,0.0
PAPER:LQTYUSDT:1791030599999:SHORT,LQTYUSDT,SHORT,0.23922711108097128,False,0.1,0,-1.1664212216092822,-0.23328424432185646,True,-0.301496487202364,-0.0602992974404728,False,True,False,False,False,False,False,True,1791031370434,1791031448213,1791031448213,0,0.23922711108097128,0.8649247344069182
PAPER:ELSAUSDT:1791030599999:SHORT,ELSAUSDT,SHORT,0.09292788177507333,False,0.1,0,-2.8341764513986663,-0.5668352902797332,False,-2.8341764513986663,-0.5668352902797332,False,False,False,False,False,False,False,False,,,,,,0.0
PAPER:LYNUSDT:1791030899999:SHORT,LYNUSDT,SHORT,0.4910471145324048,False,0.1,0,-0.2194233372221207,-0.04388466744442414,True,-0.2194233372221207,-0.04388466744442414,False,False,False,False,False,False,False,True,1791030941539,1791030941856,1791030941856,0,0.4910471145324048,0.0
PAPER:CUSDT:1791030899999:LONG,CUSDT,LONG,0.5052576067934522,True,0.1,0,-4.734098707132696,-0.9468197414265391,True,-0.14249512190911295,-0.02849902438182259,False,True,False,False,True,False,False,True,1791030954189,1791030954515,1791030954515,0,0.5052576067934565,4.591603585223583
PAPER:BATUSDT:1791030899999:SHORT,BATUSDT,SHORT,0.06560207944017078,False,0.1,0,-3.5743672405177547,-0.7148734481035509,False,-3.5743672405177547,-0.7148734481035509,False,False,False,False,False,False,False,False,,,,,,0.0
PAPER:SOLVUSDT:1791030899999:SHORT,SOLVUSDT,SHORT,0.09791630573226773,False,0.1,0,-0.3600282954492119,-0.07200565908984238,False,-0.3600282954492119,-0.07200565908984238,False,False,False,False,False,False,False,False,,,,,,0.0
PAPER:SOONUSDT:1791031199999:LONG,SOONUSDT,LONG,0.43180093380581486,False,0.1,0,-0.8170548040842363,-0.16341096081684725,True,-0.02052340063613572,-0.004104680127227144,False,True,False,False,False,False,False,True,1791031297940,1791031302721,1791031302721,0,0.1394617408256968,0.7965314034481006
PAPER:GUAUSDT:1791031199999:SHORT,GUAUSDT,SHORT,0.09482952847747854,False,0.1,0,-2.3151338684784952,-0.46302677369569906,False,-2.3151338684784952,-0.46302677369569906,False,False,False,False,False,False,False,False,,,,,,0.0
PAPER:WAXPUSDT:1791031199999:SHORT,WAXPUSDT,SHORT,0.15796753656780602,False,0.1,0,-2.1242987820307544,-0.42485975640615087,False,-2.1242987820307544,-0.42485975640615087,False,False,False,False,False,False,False,False,,,,,,0.0
PAPER:XVGUSDT:1791031199999:SHORT,XVGUSDT,SHORT,0.2963147974313368,False,0.1,0,-2.770751292099085,-0.5541502584198169,True,-0.00033199239473463704,-6.63984789469274e-05,False,True,False,False,False,False,False,True,1791031367984,1791031469446,1791031469446,0,0.20141915796188806,2.7704192997043506
PAPER:BLUAIUSDT:1791031199999:SHORT,BLUAIUSDT,SHORT,0.4188883317460625,False,0.1,0,-5.699480266072115,-1.1398960532144229,True,-0.11906424809623604,-0.02381284961924721,False,True,False,False,False,False,False,True,1791031320158,1791031321702,1791031321702,0,0.4188883317460625,5.580416017975879
PAPER:NILUSDT:1791031199999:LONG,NILUSDT,LONG,0.22971618806590932,False,0.1,0,-2.7020749171407723,-0.5404149834281544,True,-0.05882789605260669,-0.011765579210521338,False,True,False,False,False,False,False,True,1791031338899,1791031347262,1791031347262,0,0.14647879177732293,2.6432470210881656
PAPER:LDOUSDT:1791031199999:SHORT,LDOUSDT,SHORT,0.4188727170620659,False,0.1,0,-4.903833487188899,-0.9807666974377798,True,-0.07160260485622721,-0.014320520971245443,False,True,False,False,False,False,False,True,1791031367589,1791031413660,1791031413660,0,0.4188727170620659,4.832230882332672
PAPER:ONUSDT:1791031499999:SHORT,ONUSDT,SHORT,0.1664265751566015,False,0.1,0,-2.3497478852713356,-0.46994957705426715,False,-2.3497478852713356,-0.46994957705426715,False,False,False,False,False,False,False,False,,,,,,0.0
PAPER:CVCUSDT:1791031499999:SHORT,CVCUSDT,SHORT,0.15044590376835515,False,0.1,0,-2.485696755915584,-0.4971393511831168,False,-2.485696755915584,-0.4971393511831168,False,False,False,False,False,False,False,False,,,,,,0.0
PAPER:FOGOUSDT:1791031499999:SHORT,FOGOUSDT,SHORT,0.057127292047956295,False,0.1,0,-3.4110859982869592,-0.6822171996573918,False,-3.4110859982869592,-0.6822171996573918,False,False,False,False,False,False,False,False,,,,,,0.0
PAPER:MUSDT:1791031499999:SHORT,MUSDT,SHORT,0.1562427022849482,False,0.1,0,-1.0481979068353748,-0.20963958136707497,False,-1.0481979068353748,-0.20963958136707497,False,False,False,False,False,False,False,False,,,,,,0.0
PAPER:TRUTHUSDT:1791031799999:SHORT,TRUTHUSDT,SHORT,0.04259979890824061,False,0.1,0,-1.8553263437999297,-0.37106526875998597,False,-1.8553263437999297,-0.37106526875998597,False,False,False,False,False,False,False,False,,,,,,0.0
PAPER:MEWUSDT:1791031799999:LONG,MEWUSDT,LONG,0.20671602640922604,False,0.1,0,-2.9316560299051333,-0.5863312059810266,True,-0.006073851367291161,-0.0012147702734582322,False,True,False,False,False,False,False,True,1791031828571,1791031828655,1791031828655,0,0.15003801960697138,2.925582178537842
PAPER:ATHUSDT:1791032399999:LONG,ATHUSDT,LONG,0.9362862664506144,True,0.1,0,-1.4344200088454728,-0.28688400176909457,True,-0.11905008795860116,-0.02381001759172023,False,True,False,False,True,False,False,True,1791032442488,1791032442602,1791032442602,0,0.9362862664506227,1.3153699208868717
PAPER:PARTIUSDT:1791032699999:LONG,PARTIUSDT,LONG,0.12131849248524507,False,0.1,0,-1.6557113665605714,-0.3311422733121143,False,-1.6557113665605714,-0.3311422733121143,False,False,False,False,False,False,False,False,,,,,,0.0
PAPER:SCRUSDT:1791032699999:SHORT,SCRUSDT,SHORT,0.17458744667221668,False,0.1,0,-4.748328639463314,-0.9496657278926629,True,-0.17108468386278092,-0.03421693677255618,False,True,False,False,False,False,False,True,1791032736637,1791032736747,1791032736747,0,0.1356691571777435,4.577243955600533
PAPER:FLUIDUSDT:1791032699999:LONG,FLUIDUSDT,LONG,0.40288014904572567,False,0.1,0,-1.5533450107561027,-0.3106690021512205,True,-0.04450757884675477,-0.008901515769350955,False,True,False,False,False,False,False,True,1791032784031,1791032795054,1791032795054,0,0.4028801490457218,1.5088374319093478
PAPER:BRUSDT:1791032999999:SHORT,BRUSDT,SHORT,0.27254947442767047,False,0.1,0,-1.4411649157048976,-0.2882329831409795,True,-0.02084473379488816,-0.004168946758977632,False,True,False,False,False,False,False,True,1791033050728,1791033051097,1791033051097,0,0.1761995274963559,1.4203201819100095
PAPER:TAKEUSDT:1791032999999:LONG,TAKEUSDT,LONG,0.1981648558068816,False,0.1,0,-4.45263633915979,-0.890527267831958,True,-0.01572302434764733,-0.003144604869529466,False,True,False,False,False,False,False,True,1791033105781,1791033105796,1791033105796,0,0.19816485580688872,4.436913314812143
PAPER:AVAUSDT:1791032999999:LONG,AVAUSDT,LONG,0.052532112366043826,False,0.1,0,-3.304734763964892,-0.6609469527929784,False,-3.304734763964892,-0.6609469527929784,False,False,False,False,False,False,False,False,,,,,,0.0
PAPER:GTCUSDT:1791032999999:LONG,GTCUSDT,LONG,0.5910414075610326,True,0.1,0,-5.389497416018015,-1.077899483203603,True,-0.038088522862153695,-0.007617704572430739,False,True,False,False,True,False,False,True,1791033050094,1791033050110,1791033050110,0,0.5910414075610282,5.351408893155861
PAPER:KSMUSDT:1791032999999:LONG,KSMUSDT,LONG,0.0557320840319786,False,0.1,0,-3.0776393835983287,-0.6155278767196658,False,-3.0776393835983287,-0.6155278767196658,False,False,False,False,False,False,False,False,,,,,,0.0
PAPER:ARKMUSDT:1791033599999:SHORT,ARKMUSDT,SHORT,0.056405475136281816,False,0.1,0,-2.8622419480075423,-0.5724483896015085,False,-2.8622419480075423,-0.5724483896015085,False,False,False,False,False,False,False,False,,,,,,0.0
PAPER:POWERUSDT:1791033599999:SHORT,POWERUSDT,SHORT,0.1333104729659478,False,0.1,0,-3.2520922207080236,-0.6504184441416047,False,-3.2520922207080236,-0.6504184441416047,False,False,False,False,False,False,False,False,,,,,,0.0
PAPER:IOUSDT:1791033599999:LONG,IOUSDT,LONG,0.04360451065001936,False,0.1,0,-3.8091145606756855,-0.7618229121351371,False,-3.8091145606756855,-0.7618229121351371,False,False,False,False,False,False,False,False,,,,,,0.0
PAPER:TRADOORUSDT:1791033899999:SHORT,TRADOORUSDT,SHORT,0.037861202555832515,False,0.1,0,-6.7422084359017616,-1.3484416871803524,False,-6.7422084359017616,-1.3484416871803524,False,False,False,False,False,False,False,False,,,,,,0.0
PAPER:LITUSDT:1791033899999:SHORT,LITUSDT,SHORT,0.5614579357694294,True,0.1,0,-1.1427683363038064,-0.22855366726076126,True,-0.15134672655647058,-0.03026934531129412,False,True,False,False,True,False,False,True,1791035147604,1791035147673,1791035147673,0,0.5614579357694294,0.9914216097473358
PAPER:GLMUSDT:1791033899999:LONG,GLMUSDT,LONG,0.41155018572360813,False,0.1,0,-1.5272247018917282,-0.30544494037834563,True,-0.10293519760670311,-0.02058703952134062,False,True,False,False,False,False,False,True,1791033960425,1791033960496,1791033960496,0,0.411550185723613,1.4242895042850252
PAPER:PORTALUSDT:1791033899999:LONG,PORTALUSDT,LONG,0.2034230025503403,False,0.1,0,-2.4843567110599034,-0.49687134221198065,True,-0.11278457995543839,-0.022556915991087678,False,True,False,False,False,False,False,True,1791034275117,1791034275182,1791034275182,0,0.14756825171280097,2.371572131104465
PAPER:PROMPTUSDT:1791033899999:LONG,PROMPTUSDT,LONG,0.02804821063659979,False,0.1,0,-0.9498100379923309,-0.18996200759846618,False,-0.9498100379923309,-0.18996200759846618,False,False,False,False,False,False,False,False,,,,,,0.0
PAPER:MAGMAUSDT:1791033899999:SHORT,MAGMAUSDT,SHORT,0.11747463534199344,False,0.1,0,-1.6167348982446283,-0.32334697964892567,False,-1.6167348982446283,-0.32334697964892567,False,False,False,False,False,False,False,False,,,,,,0.0
PAPER:SYRUPUSDT:1791034499999:LONG,SYRUPUSDT,LONG,0.3365032121780853,False,0.1,0,-1.7301618973079922,-0.3460323794615984,True,-0.029395024440531214,-0.005879004888106243,False,True,False,False,False,False,False,True,1791034856569,1791034859943,1791034859943,0,0.3365032121780856,1.700766872867461
PAPER:SOPHUSDT:1791034799999:LONG,SOPHUSDT,LONG,0.032486940932008324,False,0.1,0,-1.0808927650165776,-0.21617855300331554,False,-1.0808927650165776,-0.21617855300331554,False,False,False,False,False,False,False,False,,,,,,0.0
PAPER:TRBUSDT:1791034799999:LONG,TRBUSDT,LONG,0.17249534305692205,False,0.1,0,-1.1180799807020212,-0.22361599614040423,True,-0.156537450932919,-0.0313074901865838,False,True,False,False,False,False,False,True,1791034903074,1791034903133,1791034903133,0,0.1628707758640834,0.9615425297691023
PAPER:BRETTUSDT:1791034799999:LONG,BRETTUSDT,LONG,0.013901271279914695,False,0.1,0,-2.8970518364541604,-0.5794103672908321,False,-2.8970518364541604,-0.5794103672908321,False,False,False,False,False,False,False,False,,,,,,0.0
PAPER:HANAUSDT:1791034799999:SHORT,HANAUSDT,SHORT,0.39639901335803707,False,0.1,0,-4.076179984123353,-0.8152359968246706,True,-0.11659271904339497,-0.023318543808678992,False,True,False,False,False,False,False,True,1791035379027,1791035403440,1791035403440,0,0.39639901335803707,3.9595872650799584
PAPER:COOKIEUSDT:1791034799999:LONG,COOKIEUSDT,LONG,0.02588041584095091,False,0.1,0,-3.432422254842399,-0.6864844509684798,False,-3.432422254842399,-0.6864844509684798,False,False,False,False,False,False,False,False,,,,,,0.0
PAPER:BLURUSDT:1791035099999:LONG,BLURUSDT,LONG,0.026898935409902514,False,0.1,0,-2.1210698643572643,-0.4242139728714529,False,-2.1210698643572643,-0.4242139728714529,False,False,False,False,False,False,False,False,,,,,,0.0
PAPER:GTCUSDT:1791035399999:LONG,GTCUSDT,LONG,0.1905703102749179,False,0.1,0,0.06306476224254054,0.012612952448508108,True,-0.014848683929357509,-0.0029697367858715017,False,False,True,True,False,False,False,True,1791035430895,1791035433619,1791035433619,0,0.1671740534888317,-0.07791344617189805
PAPER:BIOUSDT:1791035399999:LONG,BIOUSDT,LONG,0.04403217979522811,False,0.1,0,-2.7089125322549616,-0.5417825064509922,False,-2.7089125322549616,-0.5417825064509922,False,False,False,False,False,False,False,False,,,,,,0.0
PAPER:NILUSDT:1791035699999:SHORT,NILUSDT,SHORT,0.2057747892693691,False,0.1,0,-1.6043812094959564,-0.3208762418991913,True,-0.2959988665191711,-0.059199773303834226,False,True,False,False,False,False,False,True,1791035814485,1791035814554,1791035814554,0,0.14635931819844766,1.3083823429767854
PAPER:PARTIUSDT:1791035699999:LONG,PARTIUSDT,LONG,0.38892017097602594,False,0.1,0,-0.4391503345547632,-0.08783006691095264,True,-0.09871053226304322,-0.01974210645260864,False,True,False,False,False,False,False,True,1791035727428,1791035728903,1791035728903,0,0.15038573744010164,0.34043980229172
PAPER:SIGNUSDT:1791035999999:LONG,SIGNUSDT,LONG,0.020325020332290222,False,0.1,0,-2.903522065186805,-0.580704413037361,False,-2.903522065186805,-0.580704413037361,False,False,False,False,False,False,False,False,,,,,,0.0
PAPER:FHEUSDT:1791035999999:LONG,FHEUSDT,LONG,0.07019795860405686,False,0.1,0,-1.0624453988318034,-0.2124890797663607,False,-1.0624453988318034,-0.2124890797663607,False,False,False,False,False,False,False,False,,,,,,0.0
PAPER:ENJUSDT:1791035999999:LONG,ENJUSDT,LONG,0.09842864118914108,False,0.1,0,-0.5061394517069918,-0.10122789034139837,False,-0.5061394517069918,-0.10122789034139837,False,False,False,False,False,False,False,False,,,,,,0.0
PAPER:CHILLGUYUSDT:1791036299999:SHORT,CHILLGUYUSDT,SHORT,0.29671056237814813,False,0.1,0,-1.6460776979307021,-0.3292155395861404,True,-0.09966067587942107,-0.019932135175884214,False,True,False,False,False,False,False,True,1791036397171,1791036434322,1791036434322,0,0.2349125988311653,1.5464170220512812
PAPER:ZAMAUSDT:1791036299999:LONG,ZAMAUSDT,LONG,0.05344670536999718,False,0.1,0,-2.7535616422870577,-0.5507123284574116,False,-2.7535616422870577,-0.5507123284574116,False,False,False,False,False,False,False,False,,,,,,0.0
PAPER:MTLUSDT:1791036299999:SHORT,MTLUSDT,SHORT,0.392645968101903,False,0.1,0,-2.9359691162288346,-0.5871938232457669,True,-0.3147407329767589,-0.06294814659535178,False,True,False,False,False,False,False,True,1791036605201,1791036612095,1791036612095,0,0.392645968101903,2.6212283832520757
PAPER:MELANIAUSDT:1791036599999:SHORT,MELANIAUSDT,SHORT,0.11439277969808952,False,0.1,0,-2.823923833139723,-0.5647847666279447,False,-2.823923833139723,-0.5647847666279447,False,False,False,False,False,False,False,False,,,,,,0.0
PAPER:QNTUSDT:1791036599999:SHORT,QNTUSDT,SHORT,0.09206771523578838,False,0.1,0,-1.1304764324347885,-0.2260952864869577,False,-1.1304764324347885,-0.2260952864869577,False,False,False,False,False,False,False,False,,,,,,0.0
PAPER:1000000BOBUSDT:1791036899999:SHORT,1000000BOBUSDT,SHORT,0.20259244727284154,False,0.1,0,-0.9501900380075976,-0.19003800760151954,True,-0.5788434578606332,-0.11576869157212664,False,True,False,False,False,False,False,True,1791036924715,1791036924722,1791036924722,0,0.1283936312485121,0.3713465801469644
PAPER:ZECUSDT:1791036899999:SHORT,ZECUSDT,SHORT,0.34743220879288866,False,0.1,0,-2.4871455712255535,-0.49742911424511066,True,-0.001691031361659101,-0.0003382062723318202,False,True,False,False,False,False,False,True,1791037441977,1791037446624,1791037446624,0,0.34743220879288866,2.4854545398638943
PAPER:VELVETUSDT:1791037199999:LONG,VELVETUSDT,LONG,0.16967139011807575,False,0.1,0,-2.5920327443301128,-0.5184065488660226,False,-2.5920327443301128,-0.5184065488660226,False,False,False,False,False,False,False,False,,,,,,0.0
PAPER:EVAAUSDT:1791037499999:LONG,EVAAUSDT,LONG,0.056646393986836685,False,0.1,0,-3.821169888291375,-0.7642339776582749,False,-3.821169888291375,-0.7642339776582749,False,False,False,False,False,False,False,False,,,,,,0.0
PAPER:ONEUSDT:1791037499999:LONG,ONEUSDT,LONG,0.24924997047268693,False,0.1,0,-6.076218006145115,-1.215243601229023,True,-0.014191853690767642,-0.0028383707381535285,False,True,False,False,False,False,False,True,1791037530030,1791037530035,1791037530035,0,0.24924997047269143,6.062026152454348
PAPER:DEEPUSDT:1791037799999:LONG,DEEPUSDT,LONG,0.02104669378111268,False,0.1,0,-3.6150511995301473,-0.7230102399060295,False,-3.6150511995301473,-0.7230102399060295,False,False,False,False,False,False,False,False,,,,,,0.0
PAPER:OPUSDT:1791037799999:LONG,OPUSDT,LONG,0.26694344698652284,False,0.1,0,-2.0891271981087893,-0.4178254396217579,True,-0.178014542429638,-0.0356029084859276,False,True,False,False,False,False,False,True,1791037920378,1791037920380,1791037920380,0,0.26694344698652633,1.9111126556791513
PAPER:DRIFTUSDT:1791037799999:LONG,DRIFTUSDT,LONG,0.13110727980347736,False,0.1,0,-3.088406569315816,-0.6176813138631632,False,-3.088406569315816,-0.6176813138631632,False,False,False,False,False,False,False,False,,,,,,0.0
PAPER:ORDIUSDT:1791037799999:LONG,ORDIUSDT,LONG,0.3061675616160109,False,0.1,0,-2.7963146550767375,-0.5592629310153475,True,-0.2981025260802152,-0.05962050521604304,False,True,False,False,False,False,False,True,1791038997264,1791038997266,1791038997266,0,0.30616756161601505,2.4982121289965225
PAPER:SUPERUSDT:1791038099999:LONG,SUPERUSDT,LONG,0.6513379595819213,True,0.1,0,-3.4602375064787063,-0.6920475012957413,True,-0.23789777080963867,-0.04757955416192773,False,True,False,False,True,False,False,True,1791038218866,1791038218868,1791038218868,0,0.6513379595819316,3.2223397356690677
PAPER:KAIAUSDT:1791038099999:LONG,KAIAUSDT,LONG,0.006629832488891374,False,0.1,0,-3.410360241533641,-0.6820720483067282,False,-3.410360241533641,-0.6820720483067282,False,False,False,False,False,False,False,False,,,,,,0.0
PAPER:1000CATUSDT:1791038699999:LONG,1000CATUSDT,LONG,0.4267421761402934,False,0.1,0,-0.838231577321695,-0.16764631546433897,True,-0.05718235262681587,-0.011436470525363174,False,True,False,False,False,False,False,True,1791039120575,1791039125988,1791039125988,0,0.4267421761402879,0.781049224694879
PAPER:USUSDT:1791038699999:SHORT,USUSDT,SHORT,0.48393229097455304,False,0.1,0,-0.7002546247073798,-0.14005092494147595,True,-0.01861258843391783,-0.0037225176867835665,False,True,False,False,False,False,False,True,1791038766468,1791038842620,1791038842620,0,0.4566924914191514,0.6816420362734619
PAPER:哈基米USDT:1791038699999:SHORT,哈基米USDT,SHORT,0.10980781490497439,False,0.1,0,-0.6253521470030563,-0.12507042940061125,False,-0.6253521470030563,-0.12507042940061125,False,False,False,False,False,False,False,False,,,,,,0.0
PAPER:XMRUSDT:1791038699999:LONG,XMRUSDT,LONG,0.34497365381629397,False,0.1,0,-1.4191267554642937,-0.2838253510928587,True,-0.07435385347751755,-0.014870770695503509,False,True,False,False,False,False,False,True,1791039109920,1791039109924,1791039109924,0,0.34497365381628736,1.3447729019867762
PAPER:NEARUSDT:1791038999999:LONG,NEARUSDT,LONG,0.2154525207140212,False,0.1,0,-3.248598645182094,-0.6497197290364188,True,-0.09444683531709047,-0.018889367063418094,False,True,False,False,False,False,False,True,1791039409323,1791039409323,1791039409323,0,0.21545252071402157,3.154151809865003
PAPER:RENDERUSDT:1791038999999:LONG,RENDERUSDT,LONG,0.3777364865167332,False,0.1,0,-2.564063511265951,-0.5128127022531902,True,-0.2047699734046361,-0.04095399468092722,False,True,False,False,False,False,False,True,1791039379338,1791039390177,1791039390177,0,0.3777364865167244,2.3592935378613147
PAPER:AEVOUSDT:1791039299999:LONG,AEVOUSDT,LONG,0.32084492192470115,False,0.1,0,-2.7469840170223327,-0.5493968034044666,True,-0.003928996397624118,-0.0007857992795248236,False,True,False,False,False,False,False,True,1791039405907,1791039405919,1791039405919,0,0.3208449219247057,2.7430550206247086
PAPER:ONUSDT:1791039599999:SHORT,ONUSDT,SHORT,0.359578557077644,False,0.1,0,-0.4752610152011104,-0.09505220304022208,True,-0.00033199239468789665,-6.639847893757933e-05,False,True,False,False,False,False,False,True,1791039637003,1791039637008,1791039637008,0,0.16978727813873884,0.4749290228064225
PAPER:XVGUSDT:1791039599999:LONG,XVGUSDT,LONG,0.07237850243317911,False,0.1,0,-3.6415072428999737,-0.7283014485799947,False,-3.6415072428999737,-0.7283014485799947,False,False,False,False,False,False,False,False,,,,,,0.0
PAPER:CUSDT:1791039899999:LONG,CUSDT,LONG,1.1357841017241022,True,0.1,0,-4.815485513170761,-0.9630971026341522,True,-0.046145641197414655,-0.009229128239482931,False,True,False,False,True,True,False,True,1791039956183,1791039956495,1791039956495,0,1.135784101724093,4.769339871973346
PAPER:龙虾USDT:1791039899999:SHORT,龙虾USDT,SHORT,0.0010972658666689283,False,0.1,0,-2.3230755803059737,-0.4646151160611947,False,-2.3230755803059737,-0.4646151160611947,False,False,False,False,False,False,False,False,,,,,,0.0
PAPER:PHAUSDT:1791039899999:SHORT,PHAUSDT,SHORT,0.5336391386070395,True,0.1,0,-1.3147750271102738,-0.26295500542205474,True,-0.0022690663405923184,-0.0004538132681184637,False,True,False,False,False,False,False,True,1791040049204,1791040049267,1791040049267,0,0.16940023110230443,1.3125059607696814
PAPER:MIRAUSDT:1791040199999:SHORT,MIRAUSDT,SHORT,0.13354810666604766,False,0.1,0,-1.3344350505103577,-0.26688701010207155,False,-1.3344350505103577,-0.26688701010207155,False,False,False,False,False,False,False,False,,,,,,0.0
PAPER:MEGAUSDT:1791040199999:LONG,MEGAUSDT,LONG,0.5974185977954738,True,0.1,0,-0.07597016259568207,-0.015194032519136414,True,-0.1273725082072369,-0.025474501641447378,False,False,False,True,True,False,False,True,1791040279375,1791040279377,1791040279377,0,0.5974185977954714,-0.05140234561155482
PAPER:SANDUSDT:1791040499999:LONG,SANDUSDT,LONG,0.8209450237695926,True,0.1,0,1.3474539452734347,0.26949078905468693,True,-0.6872655827619613,-0.13745311655239226,False,False,True,True,True,False,False,True,1791040526052,1791040526053,1791040526053,0,0.8209450237695979,-2.034719528035396
PAPER:BANUSDT:1791040499999:SHORT,BANUSDT,SHORT,0.05628890843004262,False,0.1,0,-3.0502385088000796,-0.6100477017600159,False,-3.0502385088000796,-0.6100477017600159,False,False,False,False,False,False,False,False,,,,,,0.0
PAPER:MORPHOUSDT:1791040799999:LONG,MORPHOUSDT,LONG,0.02861058304419739,False,0.1,0,-1.9210183355999124,-0.3842036671199825,False,-1.9210183355999124,-0.3842036671199825,False,False,False,False,False,False,False,False,,,,,,0.0
PAPER:BMTUSDT:1791040799999:LONG,BMTUSDT,LONG,0.302520141133078,False,0.1,0,-2.695113121192824,-0.5390226242385647,True,-0.412793704699817,-0.0825587409399634,False,True,False,False,False,False,False,True,1791041208446,1791041209223,1791041209223,0,0.3025201411330761,2.282319416493007
PAPER:TAKEUSDT:1791041099999:LONG,TAKEUSDT,LONG,0.08721294956695047,False,0.1,0,-1.523598169842145,-0.304719633968429,False,-1.523598169842145,-0.304719633968429,False,False,False,False,False,False,False,False,,,,,,0.0
PAPER:SENTUSDT:1791041099999:SHORT,SENTUSDT,SHORT,0.025708980918666427,False,0.1,0,-3.3524018731991214,-0.6704803746398242,False,-3.3524018731991214,-0.6704803746398242,False,False,False,False,False,False,False,False,,,,,,0.0
PAPER:TAKEUSDT:1791041399999:LONG,TAKEUSDT,LONG,0.17738289851521039,False,0.1,0,-2.2391385466262355,-0.4478277093252471,True,-0.26722435695091323,-0.05344487139018265,False,True,False,False,False,False,False,True,1791041442054,1791041442055,1791041442055,0,0.14701691400521122,1.9719141896753223
PAPER:PHAROSUSDT:1791041999999:LONG,PHAROSUSDT,LONG,0.1184037832522078,False,0.1,0,-2.747298263215607,-0.5494596526431214,False,-2.747298263215607,-0.5494596526431214,False,False,False,False,False,False,False,False,,,,,,0.0
PAPER:AVAAIUSDT:1791042299999:LONG,AVAAIUSDT,LONG,0.5843370032250439,True,0.1,0,-1.8501523740850172,-0.37003047481700346,True,-0.36723558522645416,-0.07344711704529083,False,True,False,False,False,False,False,True,1791042458348,1791042471363,1791042471363,0,0.06482266643173494,1.482916788858563
PAPER:INXUSDT:1791042299999:LONG,INXUSDT,LONG,0.5111944571072558,True,0.1,0,-0.949810037992343,-0.1899620075984686,True,-0.12061330885065293,-0.024122661770130584,False,True,False,False,True,False,False,True,1791042341949,1791042345100,1791042345100,0,0.5111944571072548,0.8291967291416901
PAPER:CYSUSDT:1791042299999:SHORT,CYSUSDT,SHORT,0.04109557403234674,False,0.1,0,-2.4791307528456885,-0.4958261505691377,False,-2.4791307528456885,-0.4958261505691377,False,False,False,False,False,False,False,False,,,,,,0.0
PAPER:AKTUSDT:1791043199999:LONG,AKTUSDT,LONG,0.09885095789161635,False,0.1,0,-3.5100134635034834,-0.7020026927006967,False,-3.5100134635034834,-0.7020026927006967,False,False,False,False,False,False,False,False,,,,,,0.0
PAPER:AIOUSDT:1791043499999:LONG,AIOUSDT,LONG,0.3392750607989381,False,0.1,0,-0.05248551804010343,-0.010497103608020685,True,-0.05248551804010343,-0.010497103608020685,False,False,False,False,False,False,False,True,1791043560482,1791043560491,1791043560491,0,0.3392750607989329,0.0
PAPER:TAKEUSDT:1791030299999:LONG,TAKEUSDT,LONG,0.20078003326780003,False,0.1,100,-4.179531297998999,-0.8359062595997998,True,-0.47716790238159973,-0.09543358047631995,False,True,False,False,False,False,False,True,1791030419360,1791030419644,1791030420194,550,0.09039201623397654,3.702363395617399
PAPER:C98USDT:1791030299999:SHORT,C98USDT,SHORT,0.5325927063865858,True,0.1,100,-0.33561030806532705,-0.06712206161306541,True,-0.33561030806532705,-0.06712206161306541,False,False,False,False,True,False,False,True,1791030555079,1791030558808,1791030563279,4471,0.5325927063865858,0.0
PAPER:RAYSOLUSDT:1791030299999:LONG,RAYSOLUSDT,LONG,0.3865045416249213,False,0.1,100,-4.294281797041444,-0.8588563594082889,True,0.0057533217359322375,0.0011506643471864476,True,True,False,False,False,False,False,True,1791030397825,1791030402770,1791030402901,131,0.38650454162492903,4.300035118777377
PAPER:MASKUSDT:1791030299999:SHORT,MASKUSDT,SHORT,0.4782276505114329,False,0.1,100,-0.6904478264892522,-0.13808956529785044,True,-0.22291184575641135,-0.044582369151282275,False,True,False,False,False,False,False,True,1791030455054,1791030455058,1791030458292,3234,0.4782276505114329,0.46753598073284086
PAPER:2ZUSDT:1791030599999:SHORT,2ZUSDT,SHORT,0.04643975739345436,False,0.1,100,-3.1670863623565806,-0.6334172724713161,False,-3.1670863623565806,-0.6334172724713161,False,False,False,False,False,False,False,False,,,,,,0.0
PAPER:ARKUSDT:1791030599999:LONG,ARKUSDT,LONG,0.11126877469145313,False,0.1,100,-0.9498100379923222,-0.18996200759846446,False,-0.9498100379923222,-0.18996200759846446,False,False,False,False,False,False,False,False,,,,,,0.0
PAPER:ICPUSDT:1791030599999:SHORT,ICPUSDT,SHORT,0.13297856879422754,False,0.1,100,-2.251777408861963,-0.45035548177239265,False,-2.251777408861963,-0.45035548177239265,False,False,False,False,False,False,False,False,,,,,,0.0
PAPER:ALCHUSDT:1791030599999:SHORT,ALCHUSDT,SHORT,0.040601939818374046,False,0.1,100,-3.073413425363308,-0.6146826850726615,False,-3.073413425363308,-0.6146826850726615,False,False,False,False,False,False,False,False,,,,,,0.0
PAPER:1000SATSUSDT:1791030599999:SHORT,1000SATSUSDT,SHORT,0.14356100983075173,False,0.1,100,-2.382743729857922,-0.4765487459715844,False,-2.382743729857922,-0.4765487459715844,False,False,False,False,False,False,False,False,,,,,,0.0
PAPER:SPXUSDT:1791030599999:SHORT,SPXUSDT,SHORT,0.3946344312621141,False,0.1,100,-3.082995430845726,-0.6165990861691453,True,-0.1431825920688441,-0.028636518413768818,False,True,False,False,False,False,False,True,1791031346974,1791031505552,1791031512470,6918,0.3946344312621141,2.939812838776882
PAPER:BERAUSDT:1791030599999:SHORT,BERAUSDT,SHORT,0.02415494136355687,False,0.1,100,-2.7182260293118015,-0.5436452058623603,False,-2.7182260293118015,-0.5436452058623603,False,False,False,False,False,False,False,False,,,,,,0.0
PAPER:CLOUSDT:1791030599999:SHORT,CLOUSDT,SHORT,0.562071677187042,True,0.1,100,0.020857857313486106,0.0041715714626972215,True,-0.22190411651677205,-0.04438082330335441,False,False,True,True,True,False,False,True,1791030676135,1791030676136,1791030676563,427,0.562071677187042,-0.24276197383025816
PAPER:RONINUSDT:1791030599999:SHORT,RONINUSDT,SHORT,0.4201447269727042,False,0.1,100,-0.9881699462047233,-0.19763398924094466,True,-0.2665516904594265,-0.0533103380918853,False,True,False,False,False,False,False,True,1791031166398,1791031171531,1791031193911,22380,0.4201447269727042,0.7216182557452968
PAPER:BABYUSDT:1791030599999:SHORT,BABYUSDT,SHORT,0.13108361853639602,False,0.1,100,-2.4625017903882367,-0.4925003580776473,False,-2.4625017903882367,-0.4925003580776473,False,False,False,False,False,False,False,False,,,,,,0.0
PAPER:LQTYUSDT:1791030599999:SHORT,LQTYUSDT,SHORT,0.23922711108097128,False,0.1,100,-1.1664212216092822,-0.23328424432185646,True,-0.301496487202364,-0.0602992974404728,False,True,False,False,False,False,False,True,1791031370434,1791031448213,1791031473500,25287,0.23922711108097128,0.8649247344069182
PAPER:ELSAUSDT:1791030599999:SHORT,ELSAUSDT,SHORT,0.09292788177507333,False,0.1,100,-2.8341764513986663,-0.5668352902797332,False,-2.8341764513986663,-0.5668352902797332,False,False,False,False,False,False,False,False,,,,,,0.0
PAPER:LYNUSDT:1791030899999:SHORT,LYNUSDT,SHORT,0.4910471145324048,False,0.1,100,-0.2194233372221207,-0.04388466744442414,True,-0.2194233372221207,-0.04388466744442414,False,False,False,False,False,False,False,True,1791030941539,1791030941856,1791030944842,2986,0.4910471145324048,0.0
PAPER:CUSDT:1791030899999:LONG,CUSDT,LONG,0.5052576067934522,True,0.1,100,-4.734098707132696,-0.9468197414265391,True,-0.14249512190911295,-0.02849902438182259,False,True,False,False,True,False,False,True,1791030954189,1791030954515,1791030954970,455,0.5052576067934565,4.591603585223583
PAPER:BATUSDT:1791030899999:SHORT,BATUSDT,SHORT,0.06560207944017078,False,0.1,100,-3.5743672405177547,-0.7148734481035509,False,-3.5743672405177547,-0.7148734481035509,False,False,False,False,False,False,False,False,,,,,,0.0
PAPER:SOLVUSDT:1791030899999:SHORT,SOLVUSDT,SHORT,0.09791630573226773,False,0.1,100,-0.3600282954492119,-0.07200565908984238,False,-0.3600282954492119,-0.07200565908984238,False,False,False,False,False,False,False,False,,,,,,0.0
PAPER:SOONUSDT:1791031199999:LONG,SOONUSDT,LONG,0.43180093380581486,False,0.1,100,-0.8170548040842363,-0.16341096081684725,True,-0.2860338684521938,-0.05720677369043876,False,True,False,False,False,False,False,True,1791031297940,1791031302721,1791031302861,140,0.1394617408256968,0.5310209356320424
PAPER:GUAUSDT:1791031199999:SHORT,GUAUSDT,SHORT,0.09482952847747854,False,0.1,100,-2.3151338684784952,-0.46302677369569906,False,-2.3151338684784952,-0.46302677369569906,False,False,False,False,False,False,False,False,,,,,,0.0
PAPER:WAXPUSDT:1791031199999:SHORT,WAXPUSDT,SHORT,0.15796753656780602,False,0.1,100,-2.1242987820307544,-0.42485975640615087,False,-2.1242987820307544,-0.42485975640615087,False,False,False,False,False,False,False,False,,,,,,0.0
PAPER:XVGUSDT:1791031199999:SHORT,XVGUSDT,SHORT,0.2963147974313368,False,0.1,100,-2.770751292099085,-0.5541502584198169,True,-0.15864166666351745,-0.03172833333270349,False,True,False,False,False,False,False,True,1791031367984,1791031469446,1791031503586,34140,0.20141915796188806,2.6121096254355676
PAPER:BLUAIUSDT:1791031199999:SHORT,BLUAIUSDT,SHORT,0.4188883317460625,False,0.1,100,-5.699480266072115,-1.1398960532144229,True,-0.3565287594995132,-0.07130575189990263,False,True,False,False,False,False,False,True,1791031320158,1791031321702,1791031322927,1225,0.4188883317460625,5.342951506572602
PAPER:NILUSDT:1791031199999:LONG,NILUSDT,LONG,0.22971618806590932,False,0.1,100,-2.7020749171407723,-0.5404149834281544,True,-0.3558219433658005,-0.07116438867316009,False,True,False,False,False,False,False,True,1791031338899,1791031347262,1791031347430,168,0.14647879177732293,2.346252973774972
PAPER:LDOUSDT:1791031199999:SHORT,LDOUSDT,SHORT,0.4188727170620659,False,0.1,100,-4.903833487188899,-0.9807666974377798,True,0.038220824287734434,0.007644164857546887,True,True,False,False,False,False,False,True,1791031367589,1791031413660,1791031416872,3212,0.4188727170620659,4.9420543114766335
PAPER:ONUSDT:1791031499999:SHORT,ONUSDT,SHORT,0.1664265751566015,False,0.1,100,-2.3497478852713356,-0.46994957705426715,False,-2.3497478852713356,-0.46994957705426715,False,False,False,False,False,False,False,False,,,,,,0.0
PAPER:CVCUSDT:1791031499999:SHORT,CVCUSDT,SHORT,0.15044590376835515,False,0.1,100,-2.485696755915584,-0.4971393511831168,False,-2.485696755915584,-0.4971393511831168,False,False,False,False,False,False,False,False,,,,,,0.0
PAPER:FOGOUSDT:1791031499999:SHORT,FOGOUSDT,SHORT,0.057127292047956295,False,0.1,100,-3.4110859982869592,-0.6822171996573918,False,-3.4110859982869592,-0.6822171996573918,False,False,False,False,False,False,False,False,,,,,,0.0
PAPER:MUSDT:1791031499999:SHORT,MUSDT,SHORT,0.1562427022849482,False,0.1,100,-1.0481979068353748,-0.20963958136707497,False,-1.0481979068353748,-0.20963958136707497,False,False,False,False,False,False,False,False,,,,,,0.0
PAPER:TRUTHUSDT:1791031799999:SHORT,TRUTHUSDT,SHORT,0.04259979890824061,False,0.1,100,-1.8553263437999297,-0.37106526875998597,False,-1.8553263437999297,-0.37106526875998597,False,False,False,False,False,False,False,False,,,,,,0.0
PAPER:MEWUSDT:1791031799999:LONG,MEWUSDT,LONG,0.20671602640922604,False,0.1,100,-2.9316560299051333,-0.5863312059810266,True,-0.19482108869226383,-0.03896421773845277,False,True,False,False,False,False,False,True,1791031828571,1791031828655,1791031828795,140,0.15003801960697138,2.7368349412128694
PAPER:ATHUSDT:1791032399999:LONG,ATHUSDT,LONG,0.9362862664506144,True,0.1,100,-1.4344200088454728,-0.28688400176909457,True,0.01940990371377377,0.0038819807427547537,True,True,False,False,True,False,False,True,1791032442488,1791032442602,1791032442852,250,0.9362862664506227,1.4538299125592467
PAPER:PARTIUSDT:1791032699999:LONG,PARTIUSDT,LONG,0.12131849248524507,False,0.1,100,-1.6557113665605714,-0.3311422733121143,False,-1.6557113665605714,-0.3311422733121143,False,False,False,False,False,False,False,False,,,,,,0.0
PAPER:SCRUSDT:1791032699999:SHORT,SCRUSDT,SHORT,0.17458744667221668,False,0.1,100,-4.748328639463314,-0.9496657278926629,True,-0.17108468386278092,-0.03421693677255618,False,True,False,False,False,False,False,True,1791032736637,1791032736747,1791032737612,865,0.1356691571777435,4.577243955600533
PAPER:FLUIDUSDT:1791032699999:LONG,FLUIDUSDT,LONG,0.40288014904572567,False,0.1,100,-1.5533450107561027,-0.3106690021512205,True,0.25725990753518857,0.05145198150703772,True,True,False,False,False,False,False,True,1791032784031,1791032795054,1791032828390,33336,0.4028801490457218,1.810604918291291
PAPER:BRUSDT:1791032999999:SHORT,BRUSDT,SHORT,0.27254947442767047,False,0.1,100,-1.4411649157048976,-0.2882329831409795,True,0.0317597173870145,0.0063519434774029,True,True,False,False,False,False,False,True,1791033050728,1791033051097,1791033051238,141,0.1761995274963559,1.4729246330919121
PAPER:TAKEUSDT:1791032999999:LONG,TAKEUSDT,LONG,0.1981648558068816,False,0.1,100,-4.45263633915979,-0.890527267831958,True,-0.01572302434764733,-0.003144604869529466,False,True,False,False,False,False,False,True,1791033105781,1791033105796,1791033106240,444,0.19816485580688872,4.436913314812143
PAPER:AVAUSDT:1791032999999:LONG,AVAUSDT,LONG,0.052532112366043826,False,0.1,100,-3.304734763964892,-0.6609469527929784,False,-3.304734763964892,-0.6609469527929784,False,False,False,False,False,False,False,False,,,,,,0.0
PAPER:GTCUSDT:1791032999999:LONG,GTCUSDT,LONG,0.5910414075610326,True,0.1,100,-5.389497416018015,-1.077899483203603,True,0.0015515430131188834,0.0003103086026237767,True,True,False,False,True,False,False,True,1791033050094,1791033050110,1791033050360,250,0.5910414075610282,5.391048959031134
PAPER:KSMUSDT:1791032999999:LONG,KSMUSDT,LONG,0.0557320840319786,False,0.1,100,-3.0776393835983287,-0.6155278767196658,False,-3.0776393835983287,-0.6155278767196658,False,False,False,False,False,False,False,False,,,,,,0.0
PAPER:ARKMUSDT:1791033599999:SHORT,ARKMUSDT,SHORT,0.056405475136281816,False,0.1,100,-2.8622419480075423,-0.5724483896015085,False,-2.8622419480075423,-0.5724483896015085,False,False,False,False,False,False,False,False,,,,,,0.0
PAPER:POWERUSDT:1791033599999:SHORT,POWERUSDT,SHORT,0.1333104729659478,False,0.1,100,-3.2520922207080236,-0.6504184441416047,False,-3.2520922207080236,-0.6504184441416047,False,False,False,False,False,False,False,False,,,,,,0.0
PAPER:IOUSDT:1791033599999:LONG,IOUSDT,LONG,0.04360451065001936,False,0.1,100,-3.8091145606756855,-0.7618229121351371,False,-3.8091145606756855,-0.7618229121351371,False,False,False,False,False,False,False,False,,,,,,0.0
PAPER:TRADOORUSDT:1791033899999:SHORT,TRADOORUSDT,SHORT,0.037861202555832515,False,0.1,100,-6.7422084359017616,-1.3484416871803524,False,-6.7422084359017616,-1.3484416871803524,False,False,False,False,False,False,False,False,,,,,,0.0
PAPER:LITUSDT:1791033899999:SHORT,LITUSDT,SHORT,0.5614579357694294,True,0.1,100,-1.1427683363038064,-0.22855366726076126,True,0.0055689239070768615,0.0011137847814153723,True,True,False,False,True,False,False,True,1791035147604,1791035147673,1791035147835,162,0.5614579357694294,1.1483372602108832
PAPER:GLMUSDT:1791033899999:LONG,GLMUSDT,LONG,0.41155018572360813,False,0.1,100,-1.5272247018917282,-0.30544494037834563,True,-0.29540675223981755,-0.05908135044796351,False,True,False,False,False,False,False,True,1791033960425,1791033960496,1791033964780,4284,0.411550185723613,1.2318179496519106
PAPER:PORTALUSDT:1791033899999:LONG,PORTALUSDT,LONG,0.2034230025503403,False,0.1,100,-2.4843567110599034,-0.49687134221198065,True,-0.3917930659678481,-0.07835861319356961,False,True,False,False,False,False,False,True,1791034275117,1791034275182,1791034281280,6098,0.14756825171280097,2.0925636450920555
PAPER:PROMPTUSDT:1791033899999:LONG,PROMPTUSDT,LONG,0.02804821063659979,False,0.1,100,-0.9498100379923309,-0.18996200759846618,False,-0.9498100379923309,-0.18996200759846618,False,False,False,False,False,False,False,False,,,,,,0.0
PAPER:MAGMAUSDT:1791033899999:SHORT,MAGMAUSDT,SHORT,0.11747463534199344,False,0.1,100,-1.6167348982446283,-0.32334697964892567,False,-1.6167348982446283,-0.32334697964892567,False,False,False,False,False,False,False,False,,,,,,0.0
PAPER:SYRUPUSDT:1791034499999:LONG,SYRUPUSDT,LONG,0.3365032121780853,False,0.1,100,-1.7301618973079922,-0.3460323794615984,True,-0.029395024440531214,-0.005879004888106243,False,True,False,False,False,False,False,True,1791034856569,1791034859943,1791034860354,411,0.3365032121780856,1.700766872867461
PAPER:SOPHUSDT:1791034799999:LONG,SOPHUSDT,LONG,0.032486940932008324,False,0.1,100,-1.0808927650165776,-0.21617855300331554,False,-1.0808927650165776,-0.21617855300331554,False,False,False,False,False,False,False,False,,,,,,0.0
PAPER:TRBUSDT:1791034799999:LONG,TRBUSDT,LONG,0.17249534305692205,False,0.1,100,-1.1180799807020212,-0.22361599614040423,True,-0.036344634711845236,-0.007268926942369048,False,True,False,False,False,False,False,True,1791034903074,1791034903133,1791034904636,1503,0.1628707758640834,1.081735345990176
PAPER:BRETTUSDT:1791034799999:LONG,BRETTUSDT,LONG,0.013901271279914695,False,0.1,100,-2.8970518364541604,-0.5794103672908321,False,-2.8970518364541604,-0.5794103672908321,False,False,False,False,False,False,False,False,,,,,,0.0
PAPER:HANAUSDT:1791034799999:SHORT,HANAUSDT,SHORT,0.39639901335803707,False,0.1,100,-4.076179984123353,-0.8152359968246706,True,-0.5333913785255111,-0.10667827570510223,False,True,False,False,False,False,False,True,1791035379027,1791035403440,1791035408172,4732,0.39639901335803707,3.542788605597842
PAPER:COOKIEUSDT:1791034799999:LONG,COOKIEUSDT,LONG,0.02588041584095091,False,0.1,100,-3.432422254842399,-0.6864844509684798,False,-3.432422254842399,-0.6864844509684798,False,False,False,False,False,False,False,False,,,,,,0.0
PAPER:BLURUSDT:1791035099999:LONG,BLURUSDT,LONG,0.026898935409902514,False,0.1,100,-2.1210698643572643,-0.4242139728714529,False,-2.1210698643572643,-0.4242139728714529,False,False,False,False,False,False,False,False,,,,,,0.0
PAPER:GTCUSDT:1791035399999:LONG,GTCUSDT,LONG,0.1905703102749179,False,0.1,100,0.06306476224254054,0.012612952448508108,True,-0.014848683929357509,-0.0029697367858715017,False,False,True,True,False,False,False,True,1791035430895,1791035433619,1791035433619,0,0.1671740534888317,-0.07791344617189805
PAPER:BIOUSDT:1791035399999:LONG,BIOUSDT,LONG,0.04403217979522811,False,0.1,100,-2.7089125322549616,-0.5417825064509922,False,-2.7089125322549616,-0.5417825064509922,False,False,False,False,False,False,False,False,,,,,,0.0
PAPER:NILUSDT:1791035699999:SHORT,NILUSDT,SHORT,0.2057747892693691,False,0.1,100,-1.6043812094959564,-0.3208762418991913,True,-0.3554707911999904,-0.07109415823999808,False,True,False,False,False,False,False,True,1791035814485,1791035814554,1791035814776,222,0.14635931819844766,1.248910418295966
PAPER:PARTIUSDT:1791035699999:LONG,PARTIUSDT,LONG,0.38892017097602594,False,0.1,100,-0.4391503345547632,-0.08783006691095264,True,-0.09871053226304322,-0.01974210645260864,False,True,False,False,False,False,False,True,1791035727428,1791035728903,1791035729369,466,0.15038573744010164,0.34043980229172
PAPER:SIGNUSDT:1791035999999:LONG,SIGNUSDT,LONG,0.020325020332290222,False,0.1,100,-2.903522065186805,-0.580704413037361,False,-2.903522065186805,-0.580704413037361,False,False,False,False,False,False,False,False,,,,,,0.0
PAPER:FHEUSDT:1791035999999:LONG,FHEUSDT,LONG,0.07019795860405686,False,0.1,100,-1.0624453988318034,-0.2124890797663607,False,-1.0624453988318034,-0.2124890797663607,False,False,False,False,False,False,False,False,,,,,,0.0
PAPER:ENJUSDT:1791035999999:LONG,ENJUSDT,LONG,0.09842864118914108,False,0.1,100,-0.5061394517069918,-0.10122789034139837,False,-0.5061394517069918,-0.10122789034139837,False,False,False,False,False,False,False,False,,,,,,0.0
PAPER:CHILLGUYUSDT:1791036299999:SHORT,CHILLGUYUSDT,SHORT,0.29671056237814813,False,0.1,100,-1.6460776979307021,-0.3292155395861404,True,-0.21564195253322527,-0.043128390506645055,False,True,False,False,False,False,False,True,1791036397171,1791036434322,1791036442552,8230,0.2349125988311653,1.4304357453974768
PAPER:ZAMAUSDT:1791036299999:LONG,ZAMAUSDT,LONG,0.05344670536999718,False,0.1,100,-2.7535616422870577,-0.5507123284574116,False,-2.7535616422870577,-0.5507123284574116,False,False,False,False,False,False,False,False,,,,,,0.0
PAPER:MTLUSDT:1791036299999:SHORT,MTLUSDT,SHORT,0.392645968101903,False,0.1,100,-2.9359691162288346,-0.5871938232457669,True,-0.15587840671900666,-0.031175681343801328,False,True,False,False,False,False,False,True,1791036605201,1791036612095,1791036613176,1081,0.392645968101903,2.780090709509828
PAPER:MELANIAUSDT:1791036599999:SHORT,MELANIAUSDT,SHORT,0.11439277969808952,False,0.1,100,-2.823923833139723,-0.5647847666279447,False,-2.823923833139723,-0.5647847666279447,False,False,False,False,False,False,False,False,,,,,,0.0
PAPER:QNTUSDT:1791036599999:SHORT,QNTUSDT,SHORT,0.09206771523578838,False,0.1,100,-1.1304764324347885,-0.2260952864869577,False,-1.1304764324347885,-0.2260952864869577,False,False,False,False,False,False,False,False,,,,,,0.0
PAPER:1000000BOBUSDT:1791036899999:SHORT,1000000BOBUSDT,SHORT,0.20259244727284154,False,0.1,100,-0.9501900380075976,-0.19003800760151954,True,-0.20749687771379755,-0.04149937554275951,False,True,False,False,False,False,False,True,1791036924715,1791036924722,1791036927880,3158,0.1283936312485121,0.7426931602938001
PAPER:ZECUSDT:1791036899999:SHORT,ZECUSDT,SHORT,0.34743220879288866,False,0.1,100,-2.4871455712255535,-0.49742911424511066,True,-0.024919578463157902,-0.00498391569263158,False,True,False,False,False,False,False,True,1791037441977,1791037446624,1791037446792,168,0.34743220879288866,2.4622259927623955
PAPER:VELVETUSDT:1791037199999:LONG,VELVETUSDT,LONG,0.16967139011807575,False,0.1,100,-2.5920327443301128,-0.5184065488660226,False,-2.5920327443301128,-0.5184065488660226,False,False,False,False,False,False,False,False,,,,,,0.0
PAPER:EVAAUSDT:1791037499999:LONG,EVAAUSDT,LONG,0.056646393986836685,False,0.1,100,-3.821169888291375,-0.7642339776582749,False,-3.821169888291375,-0.7642339776582749,False,False,False,False,False,False,False,False,,,,,,0.0
PAPER:ONEUSDT:1791037499999:LONG,ONEUSDT,LONG,0.24924997047268693,False,0.1,100,-6.076218006145115,-1.215243601229023,True,0.06377632833439006,0.012755265666878015,True,True,False,False,False,False,False,True,1791037530030,1791037530035,1791037530152,117,0.24924997047269143,6.139994334479505
PAPER:DEEPUSDT:1791037799999:LONG,DEEPUSDT,LONG,0.02104669378111268,False,0.1,100,-3.6150511995301473,-0.7230102399060295,False,-3.6150511995301473,-0.7230102399060295,False,False,False,False,False,False,False,False,,,,,,0.0
PAPER:OPUSDT:1791037799999:LONG,OPUSDT,LONG,0.26694344698652284,False,0.1,100,-2.0891271981087893,-0.4178254396217579,True,0.15275495566874142,0.030550991133748283,True,True,False,False,False,False,False,True,1791037920378,1791037920380,1791037920496,116,0.26694344698652633,2.2418821537775306
PAPER:DRIFTUSDT:1791037799999:LONG,DRIFTUSDT,LONG,0.13110727980347736,False,0.1,100,-3.088406569315816,-0.6176813138631632,False,-3.088406569315816,-0.6176813138631632,False,False,False,False,False,False,False,False,,,,,,0.0
PAPER:ORDIUSDT:1791037799999:LONG,ORDIUSDT,LONG,0.3061675616160109,False,0.1,100,-2.7963146550767375,-0.5592629310153475,True,-0.08086668877611941,-0.016173337755223883,False,True,False,False,False,False,False,True,1791038997264,1791038997266,1791038998319,1053,0.30616756161601505,2.715447966300618
PAPER:SUPERUSDT:1791038099999:LONG,SUPERUSDT,LONG,0.6513379595819213,True,0.1,100,-3.4602375064787063,-0.6920475012957413,True,-0.12549057072814024,-0.02509811414562805,False,True,False,False,True,False,False,True,1791038218866,1791038218868,1791038219008,140,0.6513379595819316,3.334746935750566
PAPER:KAIAUSDT:1791038099999:LONG,KAIAUSDT,LONG,0.006629832488891374,False,0.1,100,-3.410360241533641,-0.6820720483067282,False,-3.410360241533641,-0.6820720483067282,False,False,False,False,False,False,False,False,,,,,,0.0
PAPER:1000CATUSDT:1791038699999:LONG,1000CATUSDT,LONG,0.4267421761402934,False,0.1,100,-0.838231577321695,-0.16764631546433897,True,0.16597456871457816,0.03319491374291563,True,True,False,False,False,False,False,True,1791039120575,1791039125988,1791039135783,9795,0.4267421761402879,1.0042061460362732
PAPER:USUSDT:1791038699999:SHORT,USUSDT,SHORT,0.48393229097455304,False,0.1,100,-0.7002546247073798,-0.14005092494147595,True,-0.08677679206127581,-0.017355358412255162,False,True,False,False,False,False,False,True,1791038766468,1791038842620,1791038842902,282,0.4566924914191514,0.6134778326461039
PAPER:哈基米USDT:1791038699999:SHORT,哈基米USDT,SHORT,0.10980781490497439,False,0.1,100,-0.6253521470030563,-0.12507042940061125,False,-0.6253521470030563,-0.12507042940061125,False,False,False,False,False,False,False,False,,,,,,0.0
PAPER:XMRUSDT:1791038699999:LONG,XMRUSDT,LONG,0.34497365381629397,False,0.1,100,-1.4191267554642937,-0.2838253510928587,True,0.259583041646678,0.0519166083293356,True,True,False,False,False,False,False,True,1791039109920,1791039109924,1791039110151,227,0.34497365381628736,1.6787097971109717
PAPER:NEARUSDT:1791038999999:LONG,NEARUSDT,LONG,0.2154525207140212,False,0.1,100,-3.248598645182094,-0.6497197290364188,True,0.012473565017195709,0.0024947130034391417,True,True,False,False,False,False,False,True,1791039409323,1791039409323,1791039410495,1172,0.21545252071402157,3.2610722101992895
PAPER:RENDERUSDT:1791038999999:LONG,RENDERUSDT,LONG,0.3777364865167332,False,0.1,100,-2.564063511265951,-0.5128127022531902,True,-0.2047699734046361,-0.04095399468092722,False,True,False,False,False,False,False,True,1791039379338,1791039390177,1791039390299,122,0.3777364865167244,2.3592935378613147
PAPER:AEVOUSDT:1791039299999:LONG,AEVOUSDT,LONG,0.32084492192470115,False,0.1,100,-2.7469840170223327,-0.5493968034044666,True,-0.1931052047165786,-0.03862104094331572,False,True,False,False,False,False,False,True,1791039405907,1791039405919,1791039413229,7310,0.3208449219247057,2.5538788123057543
PAPER:ONUSDT:1791039599999:SHORT,ONUSDT,SHORT,0.359578557077644,False,0.1,100,-0.4752610152011104,-0.09505220304022208,True,-0.47526101520117625,-0.09505220304023526,False,False,False,False,False,False,False,True,1791039637003,1791039637008,1791039638152,1144,0.16978727813873884,-6.583622536027178e-14
PAPER:XVGUSDT:1791039599999:LONG,XVGUSDT,LONG,0.07237850243317911,False,0.1,100,-3.6415072428999737,-0.7283014485799947,False,-3.6415072428999737,-0.7283014485799947,False,False,False,False,False,False,False,False,,,,,,0.0
PAPER:CUSDT:1791039899999:LONG,CUSDT,LONG,1.1357841017241022,True,0.1,100,-4.815485513170761,-0.9630971026341522,True,-1.8032708571875817,-0.3606541714375164,False,True,False,False,True,True,False,True,1791039956183,1791039956495,1791039956603,108,1.135784101724093,3.012214655983179
PAPER:龙虾USDT:1791039899999:SHORT,龙虾USDT,SHORT,0.0010972658666689283,False,0.1,100,-2.3230755803059737,-0.4646151160611947,False,-2.3230755803059737,-0.4646151160611947,False,False,False,False,False,False,False,False,,,,,,0.0
PAPER:PHAUSDT:1791039899999:SHORT,PHAUSDT,SHORT,0.5336391386070395,True,0.1,100,-1.3147750271102738,-0.26295500542205474,True,-0.2939370576227101,-0.058787411524542026,False,True,False,False,False,False,False,True,1791040049204,1791040049267,1791040049392,125,0.16940023110230443,1.0208379694875638
PAPER:MIRAUSDT:1791040199999:SHORT,MIRAUSDT,SHORT,0.13354810666604766,False,0.1,100,-1.3344350505103577,-0.26688701010207155,False,-1.3344350505103577,-0.26688701010207155,False,False,False,False,False,False,False,False,,,,,,0.0
PAPER:MEGAUSDT:1791040199999:LONG,MEGAUSDT,LONG,0.5974185977954738,True,0.1,100,-0.07597016259568207,-0.015194032519136414,True,0.18104156546209205,0.036208313092418405,True,True,False,False,True,False,False,True,1791040279375,1791040279377,1791040279536,159,0.5974185977954714,0.2570117280577741
PAPER:SANDUSDT:1791040499999:LONG,SANDUSDT,LONG,0.8209450237695926,True,0.1,100,1.3474539452734347,0.26949078905468693,True,0.42854835196715024,0.08570967039343004,True,False,True,True,True,False,False,True,1791040526052,1791040526053,1791040526188,135,0.8209450237695979,-0.9189055933062844
PAPER:BANUSDT:1791040499999:SHORT,BANUSDT,SHORT,0.05628890843004262,False,0.1,100,-3.0502385088000796,-0.6100477017600159,False,-3.0502385088000796,-0.6100477017600159,False,False,False,False,False,False,False,False,,,,,,0.0
PAPER:MORPHOUSDT:1791040799999:LONG,MORPHOUSDT,LONG,0.02861058304419739,False,0.1,100,-1.9210183355999124,-0.3842036671199825,False,-1.9210183355999124,-0.3842036671199825,False,False,False,False,False,False,False,False,,,,,,0.0
PAPER:BMTUSDT:1791040799999:LONG,BMTUSDT,LONG,0.302520141133078,False,0.1,100,-2.695113121192824,-0.5390226242385647,True,-0.412793704699817,-0.0825587409399634,False,True,False,False,False,False,False,True,1791041208446,1791041209223,1791041214001,4778,0.3025201411330761,2.282319416493007
PAPER:TAKEUSDT:1791041099999:LONG,TAKEUSDT,LONG,0.08721294956695047,False,0.1,100,-1.523598169842145,-0.304719633968429,False,-1.523598169842145,-0.304719633968429,False,False,False,False,False,False,False,False,,,,,,0.0
PAPER:SENTUSDT:1791041099999:SHORT,SENTUSDT,SHORT,0.025708980918666427,False,0.1,100,-3.3524018731991214,-0.6704803746398242,False,-3.3524018731991214,-0.6704803746398242,False,False,False,False,False,False,False,False,,,,,,0.0
PAPER:TAKEUSDT:1791041399999:LONG,TAKEUSDT,LONG,0.17738289851521039,False,0.1,100,-2.2391385466262355,-0.4478277093252471,True,-0.11553865005274672,-0.023107730010549343,False,True,False,False,False,False,False,True,1791041442054,1791041442055,1791041442240,185,0.14701691400521122,2.123599896573489
PAPER:PHAROSUSDT:1791041999999:LONG,PHAROSUSDT,LONG,0.1184037832522078,False,0.1,100,-2.747298263215607,-0.5494596526431214,False,-2.747298263215607,-0.5494596526431214,False,False,False,False,False,False,False,False,,,,,,0.0
PAPER:AVAAIUSDT:1791042299999:LONG,AVAAIUSDT,LONG,0.5843370032250439,True,0.1,100,-1.8501523740850172,-0.37003047481700346,True,-0.7909260963289271,-0.1581852192657854,False,True,False,False,False,False,False,True,1791042458348,1791042471363,1791042471747,384,0.06482266643173494,1.0592262777560901
PAPER:INXUSDT:1791042299999:LONG,INXUSDT,LONG,0.5111944571072558,True,0.1,100,-0.949810037992343,-0.1899620075984686,True,0.4598244015484583,0.09196488030969165,True,True,False,False,True,False,False,True,1791042341949,1791042345100,1791042345675,575,0.5111944571072548,1.4096344395408011
PAPER:CYSUSDT:1791042299999:SHORT,CYSUSDT,SHORT,0.04109557403234674,False,0.1,100,-2.4791307528456885,-0.4958261505691377,False,-2.4791307528456885,-0.4958261505691377,False,False,False,False,False,False,False,False,,,,,,0.0
PAPER:AKTUSDT:1791043199999:LONG,AKTUSDT,LONG,0.09885095789161635,False,0.1,100,-3.5100134635034834,-0.7020026927006967,False,-3.5100134635034834,-0.7020026927006967,False,False,False,False,False,False,False,False,,,,,,0.0
PAPER:AIOUSDT:1791043499999:LONG,AIOUSDT,LONG,0.3392750607989381,False,0.1,100,-0.05248551804010343,-0.010497103608020685,True,-0.693431603720295,-0.138686320744059,False,False,False,True,False,False,False,True,1791043560482,1791043560491,1791043560680,189,0.3392750607989329,-0.6409460856801916
PAPER:TAKEUSDT:1791030299999:LONG,TAKEUSDT,LONG,0.20078003326780003,False,0.1,250,-4.179531297998999,-0.8359062595997998,True,-0.47716790238159973,-0.09543358047631995,False,True,False,False,False,False,False,True,1791030419360,1791030419644,1791030420194,550,0.09039201623397654,3.702363395617399
PAPER:C98USDT:1791030299999:SHORT,C98USDT,SHORT,0.5325927063865858,True,0.1,250,-0.33561030806532705,-0.06712206161306541,True,-0.33561030806532705,-0.06712206161306541,False,False,False,False,True,False,False,True,1791030555079,1791030558808,1791030563279,4471,0.5325927063865858,0.0
PAPER:RAYSOLUSDT:1791030299999:LONG,RAYSOLUSDT,LONG,0.3865045416249213,False,0.1,250,-4.294281797041444,-0.8588563594082889,True,0.3402004976408963,0.06804009952817927,True,True,False,False,False,False,False,True,1791030397825,1791030402770,1791030404379,1609,0.38650454162492903,4.634482294682341
PAPER:MASKUSDT:1791030299999:SHORT,MASKUSDT,SHORT,0.4782276505114329,False,0.1,250,-0.6904478264892522,-0.13808956529785044,True,-0.22291184575641135,-0.044582369151282275,False,True,False,False,False,False,False,True,1791030455054,1791030455058,1791030458292,3234,0.4782276505114329,0.46753598073284086
PAPER:2ZUSDT:1791030599999:SHORT,2ZUSDT,SHORT,0.04643975739345436,False,0.1,250,-3.1670863623565806,-0.6334172724713161,False,-3.1670863623565806,-0.6334172724713161,False,False,False,False,False,False,False,False,,,,,,0.0
PAPER:ARKUSDT:1791030599999:LONG,ARKUSDT,LONG,0.11126877469145313,False,0.1,250,-0.9498100379923222,-0.18996200759846446,False,-0.9498100379923222,-0.18996200759846446,False,False,False,False,False,False,False,False,,,,,,0.0
PAPER:ICPUSDT:1791030599999:SHORT,ICPUSDT,SHORT,0.13297856879422754,False,0.1,250,-2.251777408861963,-0.45035548177239265,False,-2.251777408861963,-0.45035548177239265,False,False,False,False,False,False,False,False,,,,,,0.0
PAPER:ALCHUSDT:1791030599999:SHORT,ALCHUSDT,SHORT,0.040601939818374046,False,0.1,250,-3.073413425363308,-0.6146826850726615,False,-3.073413425363308,-0.6146826850726615,False,False,False,False,False,False,False,False,,,,,,0.0
PAPER:1000SATSUSDT:1791030599999:SHORT,1000SATSUSDT,SHORT,0.14356100983075173,False,0.1,250,-2.382743729857922,-0.4765487459715844,False,-2.382743729857922,-0.4765487459715844,False,False,False,False,False,False,False,False,,,,,,0.0
PAPER:SPXUSDT:1791030599999:SHORT,SPXUSDT,SHORT,0.3946344312621141,False,0.1,250,-3.082995430845726,-0.6165990861691453,True,-0.1431825920688441,-0.028636518413768818,False,True,False,False,False,False,False,True,1791031346974,1791031505552,1791031512470,6918,0.3946344312621141,2.939812838776882
PAPER:BERAUSDT:1791030599999:SHORT,BERAUSDT,SHORT,0.02415494136355687,False,0.1,250,-2.7182260293118015,-0.5436452058623603,False,-2.7182260293118015,-0.5436452058623603,False,False,False,False,False,False,False,False,,,,,,0.0
PAPER:CLOUSDT:1791030599999:SHORT,CLOUSDT,SHORT,0.562071677187042,True,0.1,250,0.020857857313486106,0.0041715714626972215,True,-0.22190411651677205,-0.04438082330335441,False,False,True,True,True,False,False,True,1791030676135,1791030676136,1791030676563,427,0.562071677187042,-0.24276197383025816
PAPER:RONINUSDT:1791030599999:SHORT,RONINUSDT,SHORT,0.4201447269727042,False,0.1,250,-0.9881699462047233,-0.19763398924094466,True,-0.2665516904594265,-0.0533103380918853,False,True,False,False,False,False,False,True,1791031166398,1791031171531,1791031193911,22380,0.4201447269727042,0.7216182557452968
PAPER:BABYUSDT:1791030599999:SHORT,BABYUSDT,SHORT,0.13108361853639602,False,0.1,250,-2.4625017903882367,-0.4925003580776473,False,-2.4625017903882367,-0.4925003580776473,False,False,False,False,False,False,False,False,,,,,,0.0
PAPER:LQTYUSDT:1791030599999:SHORT,LQTYUSDT,SHORT,0.23922711108097128,False,0.1,250,-1.1664212216092822,-0.23328424432185646,True,-0.301496487202364,-0.0602992974404728,False,True,False,False,False,False,False,True,1791031370434,1791031448213,1791031473500,25287,0.23922711108097128,0.8649247344069182
PAPER:ELSAUSDT:1791030599999:SHORT,ELSAUSDT,SHORT,0.09292788177507333,False,0.1,250,-2.8341764513986663,-0.5668352902797332,False,-2.8341764513986663,-0.5668352902797332,False,False,False,False,False,False,False,False,,,,,,0.0
PAPER:LYNUSDT:1791030899999:SHORT,LYNUSDT,SHORT,0.4910471145324048,False,0.1,250,-0.2194233372221207,-0.04388466744442414,True,-0.2194233372221207,-0.04388466744442414,False,False,False,False,False,False,False,True,1791030941539,1791030941856,1791030944842,2986,0.4910471145324048,0.0
PAPER:CUSDT:1791030899999:LONG,CUSDT,LONG,0.5052576067934522,True,0.1,250,-4.734098707132696,-0.9468197414265391,True,-0.14249512190911295,-0.02849902438182259,False,True,False,False,True,False,False,True,1791030954189,1791030954515,1791030954970,455,0.5052576067934565,4.591603585223583
PAPER:BATUSDT:1791030899999:SHORT,BATUSDT,SHORT,0.06560207944017078,False,0.1,250,-3.5743672405177547,-0.7148734481035509,False,-3.5743672405177547,-0.7148734481035509,False,False,False,False,False,False,False,False,,,,,,0.0
PAPER:SOLVUSDT:1791030899999:SHORT,SOLVUSDT,SHORT,0.09791630573226773,False,0.1,250,-0.3600282954492119,-0.07200565908984238,False,-0.3600282954492119,-0.07200565908984238,False,False,False,False,False,False,False,False,,,,,,0.0
PAPER:SOONUSDT:1791031199999:LONG,SOONUSDT,LONG,0.43180093380581486,False,0.1,250,-0.8170548040842363,-0.16341096081684725,True,-0.5515443362682518,-0.11030886725365036,False,True,False,False,False,False,False,True,1791031297940,1791031302721,1791031303116,395,0.1394617408256968,0.2655104678159844
PAPER:GUAUSDT:1791031199999:SHORT,GUAUSDT,SHORT,0.09482952847747854,False,0.1,250,-2.3151338684784952,-0.46302677369569906,False,-2.3151338684784952,-0.46302677369569906,False,False,False,False,False,False,False,False,,,,,,0.0
PAPER:WAXPUSDT:1791031199999:SHORT,WAXPUSDT,SHORT,0.15796753656780602,False,0.1,250,-2.1242987820307544,-0.42485975640615087,False,-2.1242987820307544,-0.42485975640615087,False,False,False,False,False,False,False,False,,,,,,0.0
PAPER:XVGUSDT:1791031199999:SHORT,XVGUSDT,SHORT,0.2963147974313368,False,0.1,250,-2.770751292099085,-0.5541502584198169,True,-0.15864166666351745,-0.03172833333270349,False,True,False,False,False,False,False,True,1791031367984,1791031469446,1791031503586,34140,0.20141915796188806,2.6121096254355676
PAPER:BLUAIUSDT:1791031199999:SHORT,BLUAIUSDT,SHORT,0.4188883317460625,False,0.1,250,-5.699480266072115,-1.1398960532144229,True,-0.3565287594995132,-0.07130575189990263,False,True,False,False,False,False,False,True,1791031320158,1791031321702,1791031322927,1225,0.4188883317460625,5.342951506572602
PAPER:NILUSDT:1791031199999:LONG,NILUSDT,LONG,0.22971618806590932,False,0.1,250,-2.7020749171407723,-0.5404149834281544,True,-0.8904112285297964,-0.1780822457059593,False,True,False,False,False,False,False,True,1791031338899,1791031347262,1791031347877,615,0.14647879177732293,1.811663688610976
PAPER:LDOUSDT:1791031199999:SHORT,LDOUSDT,SHORT,0.4188727170620659,False,0.1,250,-4.903833487188899,-0.9807666974377798,True,0.038220824287734434,0.007644164857546887,True,True,False,False,False,False,False,True,1791031367589,1791031413660,1791031416872,3212,0.4188727170620659,4.9420543114766335
PAPER:ONUSDT:1791031499999:SHORT,ONUSDT,SHORT,0.1664265751566015,False,0.1,250,-2.3497478852713356,-0.46994957705426715,False,-2.3497478852713356,-0.46994957705426715,False,False,False,False,False,False,False,False,,,,,,0.0
PAPER:CVCUSDT:1791031499999:SHORT,CVCUSDT,SHORT,0.15044590376835515,False,0.1,250,-2.485696755915584,-0.4971393511831168,False,-2.485696755915584,-0.4971393511831168,False,False,False,False,False,False,False,False,,,,,,0.0
PAPER:FOGOUSDT:1791031499999:SHORT,FOGOUSDT,SHORT,0.057127292047956295,False,0.1,250,-3.4110859982869592,-0.6822171996573918,False,-3.4110859982869592,-0.6822171996573918,False,False,False,False,False,False,False,False,,,,,,0.0
PAPER:MUSDT:1791031499999:SHORT,MUSDT,SHORT,0.1562427022849482,False,0.1,250,-1.0481979068353748,-0.20963958136707497,False,-1.0481979068353748,-0.20963958136707497,False,False,False,False,False,False,False,False,,,,,,0.0
PAPER:TRUTHUSDT:1791031799999:SHORT,TRUTHUSDT,SHORT,0.04259979890824061,False,0.1,250,-1.8553263437999297,-0.37106526875998597,False,-1.8553263437999297,-0.37106526875998597,False,False,False,False,False,False,False,False,,,,,,0.0
PAPER:MEWUSDT:1791031799999:LONG,MEWUSDT,LONG,0.20671602640922604,False,0.1,250,-2.9316560299051333,-0.5863312059810266,True,-0.28919470735480124,-0.05783894147096025,False,True,False,False,False,False,False,True,1791031828571,1791031828655,1791031829188,533,0.15003801960697138,2.642461322550332
PAPER:ATHUSDT:1791032399999:LONG,ATHUSDT,LONG,0.9362862664506144,True,0.1,250,-1.4344200088454728,-0.28688400176909457,True,0.01940990371377377,0.0038819807427547537,True,True,False,False,True,False,False,True,1791032442488,1791032442602,1791032442852,250,0.9362862664506227,1.4538299125592467
PAPER:PARTIUSDT:1791032699999:LONG,PARTIUSDT,LONG,0.12131849248524507,False,0.1,250,-1.6557113665605714,-0.3311422733121143,False,-1.6557113665605714,-0.3311422733121143,False,False,False,False,False,False,False,False,,,,,,0.0
PAPER:SCRUSDT:1791032699999:SHORT,SCRUSDT,SHORT,0.17458744667221668,False,0.1,250,-4.748328639463314,-0.9496657278926629,True,-0.17108468386278092,-0.03421693677255618,False,True,False,False,False,False,False,True,1791032736637,1791032736747,1791032737612,865,0.1356691571777435,4.577243955600533
PAPER:FLUIDUSDT:1791032699999:LONG,FLUIDUSDT,LONG,0.40288014904572567,False,0.1,250,-1.5533450107561027,-0.3106690021512205,True,0.25725990753518857,0.05145198150703772,True,True,False,False,False,False,False,True,1791032784031,1791032795054,1791032828390,33336,0.4028801490457218,1.810604918291291
PAPER:BRUSDT:1791032999999:SHORT,BRUSDT,SHORT,0.27254947442767047,False,0.1,250,-1.4411649157048976,-0.2882329831409795,True,-0.10851881909796196,-0.02170376381959239,False,True,False,False,False,False,False,True,1791033050728,1791033051097,1791033051349,252,0.1761995274963559,1.3326460966069356
PAPER:TAKEUSDT:1791032999999:LONG,TAKEUSDT,LONG,0.1981648558068816,False,0.1,250,-4.45263633915979,-0.890527267831958,True,-0.01572302434764733,-0.003144604869529466,False,True,False,False,False,False,False,True,1791033105781,1791033105796,1791033106240,444,0.19816485580688872,4.436913314812143
PAPER:AVAUSDT:1791032999999:LONG,AVAUSDT,LONG,0.052532112366043826,False,0.1,250,-3.304734763964892,-0.6609469527929784,False,-3.304734763964892,-0.6609469527929784,False,False,False,False,False,False,False,False,,,,,,0.0
PAPER:GTCUSDT:1791032999999:LONG,GTCUSDT,LONG,0.5910414075610326,True,0.1,250,-5.389497416018015,-1.077899483203603,True,0.0015515430131188834,0.0003103086026237767,True,True,False,False,True,False,False,True,1791033050094,1791033050110,1791033050360,250,0.5910414075610282,5.391048959031134
PAPER:KSMUSDT:1791032999999:LONG,KSMUSDT,LONG,0.0557320840319786,False,0.1,250,-3.0776393835983287,-0.6155278767196658,False,-3.0776393835983287,-0.6155278767196658,False,False,False,False,False,False,False,False,,,,,,0.0
PAPER:ARKMUSDT:1791033599999:SHORT,ARKMUSDT,SHORT,0.056405475136281816,False,0.1,250,-2.8622419480075423,-0.5724483896015085,False,-2.8622419480075423,-0.5724483896015085,False,False,False,False,False,False,False,False,,,,,,0.0
PAPER:POWERUSDT:1791033599999:SHORT,POWERUSDT,SHORT,0.1333104729659478,False,0.1,250,-3.2520922207080236,-0.6504184441416047,False,-3.2520922207080236,-0.6504184441416047,False,False,False,False,False,False,False,False,,,,,,0.0
PAPER:IOUSDT:1791033599999:LONG,IOUSDT,LONG,0.04360451065001936,False,0.1,250,-3.8091145606756855,-0.7618229121351371,False,-3.8091145606756855,-0.7618229121351371,False,False,False,False,False,False,False,False,,,,,,0.0
PAPER:TRADOORUSDT:1791033899999:SHORT,TRADOORUSDT,SHORT,0.037861202555832515,False,0.1,250,-6.7422084359017616,-1.3484416871803524,False,-6.7422084359017616,-1.3484416871803524,False,False,False,False,False,False,False,False,,,,,,0.0
PAPER:LITUSDT:1791033899999:SHORT,LITUSDT,SHORT,0.5614579357694294,True,0.1,250,-1.1427683363038064,-0.22855366726076126,True,-0.06575637175813165,-0.013151274351626331,False,True,False,False,True,False,False,True,1791035147604,1791035147673,1791035148045,372,0.5614579357694294,1.0770119645456746
PAPER:GLMUSDT:1791033899999:LONG,GLMUSDT,LONG,0.41155018572360813,False,0.1,250,-1.5272247018917282,-0.30544494037834563,True,-0.29540675223981755,-0.05908135044796351,False,True,False,False,False,False,False,True,1791033960425,1791033960496,1791033964780,4284,0.411550185723613,1.2318179496519106
PAPER:PORTALUSDT:1791033899999:LONG,PORTALUSDT,LONG,0.2034230025503403,False,0.1,250,-2.4843567110599034,-0.49687134221198065,True,-0.3917930659678481,-0.07835861319356961,False,True,False,False,False,False,False,True,1791034275117,1791034275182,1791034281280,6098,0.14756825171280097,2.0925636450920555
PAPER:PROMPTUSDT:1791033899999:LONG,PROMPTUSDT,LONG,0.02804821063659979,False,0.1,250,-0.9498100379923309,-0.18996200759846618,False,-0.9498100379923309,-0.18996200759846618,False,False,False,False,False,False,False,False,,,,,,0.0
PAPER:MAGMAUSDT:1791033899999:SHORT,MAGMAUSDT,SHORT,0.11747463534199344,False,0.1,250,-1.6167348982446283,-0.32334697964892567,False,-1.6167348982446283,-0.32334697964892567,False,False,False,False,False,False,False,False,,,,,,0.0
PAPER:SYRUPUSDT:1791034499999:LONG,SYRUPUSDT,LONG,0.3365032121780853,False,0.1,250,-1.7301618973079922,-0.3460323794615984,True,-0.029395024440531214,-0.005879004888106243,False,True,False,False,False,False,False,True,1791034856569,1791034859943,1791034860354,411,0.3365032121780856,1.700766872867461
PAPER:SOPHUSDT:1791034799999:LONG,SOPHUSDT,LONG,0.032486940932008324,False,0.1,250,-1.0808927650165776,-0.21617855300331554,False,-1.0808927650165776,-0.21617855300331554,False,False,False,False,False,False,False,False,,,,,,0.0
PAPER:TRBUSDT:1791034799999:LONG,TRBUSDT,LONG,0.17249534305692205,False,0.1,250,-1.1180799807020212,-0.22361599614040423,True,-0.036344634711845236,-0.007268926942369048,False,True,False,False,False,False,False,True,1791034903074,1791034903133,1791034904636,1503,0.1628707758640834,1.081735345990176
PAPER:BRETTUSDT:1791034799999:LONG,BRETTUSDT,LONG,0.013901271279914695,False,0.1,250,-2.8970518364541604,-0.5794103672908321,False,-2.8970518364541604,-0.5794103672908321,False,False,False,False,False,False,False,False,,,,,,0.0
PAPER:HANAUSDT:1791034799999:SHORT,HANAUSDT,SHORT,0.39639901335803707,False,0.1,250,-4.076179984123353,-0.8152359968246706,True,-0.5333913785255111,-0.10667827570510223,False,True,False,False,False,False,False,True,1791035379027,1791035403440,1791035408172,4732,0.39639901335803707,3.542788605597842
PAPER:COOKIEUSDT:1791034799999:LONG,COOKIEUSDT,LONG,0.02588041584095091,False,0.1,250,-3.432422254842399,-0.6864844509684798,False,-3.432422254842399,-0.6864844509684798,False,False,False,False,False,False,False,False,,,,,,0.0
PAPER:BLURUSDT:1791035099999:LONG,BLURUSDT,LONG,0.026898935409902514,False,0.1,250,-2.1210698643572643,-0.4242139728714529,False,-2.1210698643572643,-0.4242139728714529,False,False,False,False,False,False,False,False,,,,,,0.0
PAPER:GTCUSDT:1791035399999:LONG,GTCUSDT,LONG,0.1905703102749179,False,0.1,250,0.06306476224254054,0.012612952448508108,True,-0.014848683929357509,-0.0029697367858715017,False,False,True,True,False,False,False,True,1791035430895,1791035433619,1791035433619,0,0.1671740534888317,-0.07791344617189805
PAPER:BIOUSDT:1791035399999:LONG,BIOUSDT,LONG,0.04403217979522811,False,0.1,250,-2.7089125322549616,-0.5417825064509922,False,-2.7089125322549616,-0.5417825064509922,False,False,False,False,False,False,False,False,,,,,,0.0
PAPER:NILUSDT:1791035699999:SHORT,NILUSDT,SHORT,0.2057747892693691,False,0.1,250,-1.6043812094959564,-0.3208762418991913,True,-0.41494271588072706,-0.08298854317614542,False,True,False,False,False,False,False,True,1791035814485,1791035814554,1791035814943,389,0.14635931819844766,1.1894384936152294
PAPER:PARTIUSDT:1791035699999:LONG,PARTIUSDT,LONG,0.38892017097602594,False,0.1,250,-0.4391503345547632,-0.08783006691095264,True,-0.09871053226304322,-0.01974210645260864,False,True,False,False,False,False,False,True,1791035727428,1791035728903,1791035729369,466,0.15038573744010164,0.34043980229172
PAPER:SIGNUSDT:1791035999999:LONG,SIGNUSDT,LONG,0.020325020332290222,False,0.1,250,-2.903522065186805,-0.580704413037361,False,-2.903522065186805,-0.580704413037361,False,False,False,False,False,False,False,False,,,,,,0.0
PAPER:FHEUSDT:1791035999999:LONG,FHEUSDT,LONG,0.07019795860405686,False,0.1,250,-1.0624453988318034,-0.2124890797663607,False,-1.0624453988318034,-0.2124890797663607,False,False,False,False,False,False,False,False,,,,,,0.0
PAPER:ENJUSDT:1791035999999:LONG,ENJUSDT,LONG,0.09842864118914108,False,0.1,250,-0.5061394517069918,-0.10122789034139837,False,-0.5061394517069918,-0.10122789034139837,False,False,False,False,False,False,False,False,,,,,,0.0
PAPER:CHILLGUYUSDT:1791036299999:SHORT,CHILLGUYUSDT,SHORT,0.29671056237814813,False,0.1,250,-1.6460776979307021,-0.3292155395861404,True,-0.21564195253322527,-0.043128390506645055,False,True,False,False,False,False,False,True,1791036397171,1791036434322,1791036442552,8230,0.2349125988311653,1.4304357453974768
PAPER:ZAMAUSDT:1791036299999:LONG,ZAMAUSDT,LONG,0.05344670536999718,False,0.1,250,-2.7535616422870577,-0.5507123284574116,False,-2.7535616422870577,-0.5507123284574116,False,False,False,False,False,False,False,False,,,,,,0.0
PAPER:MTLUSDT:1791036299999:SHORT,MTLUSDT,SHORT,0.392645968101903,False,0.1,250,-2.9359691162288346,-0.5871938232457669,True,-0.15587840671900666,-0.031175681343801328,False,True,False,False,False,False,False,True,1791036605201,1791036612095,1791036613176,1081,0.392645968101903,2.780090709509828
PAPER:MELANIAUSDT:1791036599999:SHORT,MELANIAUSDT,SHORT,0.11439277969808952,False,0.1,250,-2.823923833139723,-0.5647847666279447,False,-2.823923833139723,-0.5647847666279447,False,False,False,False,False,False,False,False,,,,,,0.0
PAPER:QNTUSDT:1791036599999:SHORT,QNTUSDT,SHORT,0.09206771523578838,False,0.1,250,-1.1304764324347885,-0.2260952864869577,False,-1.1304764324347885,-0.2260952864869577,False,False,False,False,False,False,False,False,,,,,,0.0
PAPER:1000000BOBUSDT:1791036899999:SHORT,1000000BOBUSDT,SHORT,0.20259244727284154,False,0.1,250,-0.9501900380075976,-0.19003800760151954,True,-0.20749687771379755,-0.04149937554275951,False,True,False,False,False,False,False,True,1791036924715,1791036924722,1791036927880,3158,0.1283936312485121,0.7426931602938001
PAPER:ZECUSDT:1791036899999:SHORT,ZECUSDT,SHORT,0.34743220879288866,False,0.1,250,-2.4871455712255535,-0.49742911424511066,True,-0.02879100298007437,-0.0057582005960148735,False,True,False,False,False,False,False,True,1791037441977,1791037446624,1791037446913,289,0.34743220879288866,2.458354568245479
PAPER:VELVETUSDT:1791037199999:LONG,VELVETUSDT,LONG,0.16967139011807575,False,0.1,250,-2.5920327443301128,-0.5184065488660226,False,-2.5920327443301128,-0.5184065488660226,False,False,False,False,False,False,False,False,,,,,,0.0
PAPER:EVAAUSDT:1791037499999:LONG,EVAAUSDT,LONG,0.056646393986836685,False,0.1,250,-3.821169888291375,-0.7642339776582749,False,-3.821169888291375,-0.7642339776582749,False,False,False,False,False,False,False,False,,,,,,0.0
PAPER:ONEUSDT:1791037499999:LONG,ONEUSDT,LONG,0.24924997047268693,False,0.1,250,-6.076218006145115,-1.215243601229023,True,0.2197126923847056,0.043942538476941115,True,True,False,False,False,False,False,True,1791037530030,1791037530035,1791037530305,270,0.24924997047269143,6.295930698529821
PAPER:DEEPUSDT:1791037799999:LONG,DEEPUSDT,LONG,0.02104669378111268,False,0.1,250,-3.6150511995301473,-0.7230102399060295,False,-3.6150511995301473,-0.7230102399060295,False,False,False,False,False,False,False,False,,,,,,0.0
PAPER:OPUSDT:1791037799999:LONG,OPUSDT,LONG,0.26694344698652284,False,0.1,250,-2.0891271981087893,-0.4178254396217579,True,0.15275495566874142,0.030550991133748283,True,True,False,False,False,False,False,True,1791037920378,1791037920380,1791037920678,298,0.26694344698652633,2.2418821537775306
PAPER:DRIFTUSDT:1791037799999:LONG,DRIFTUSDT,LONG,0.13110727980347736,False,0.1,250,-3.088406569315816,-0.6176813138631632,False,-3.088406569315816,-0.6176813138631632,False,False,False,False,False,False,False,False,,,,,,0.0
PAPER:ORDIUSDT:1791037799999:LONG,ORDIUSDT,LONG,0.3061675616160109,False,0.1,250,-2.7963146550767375,-0.5592629310153475,True,-0.08086668877611941,-0.016173337755223883,False,True,False,False,False,False,False,True,1791038997264,1791038997266,1791038998319,1053,0.30616756161601505,2.715447966300618
PAPER:SUPERUSDT:1791038099999:LONG,SUPERUSDT,LONG,0.6513379595819213,True,0.1,250,-3.4602375064787063,-0.6920475012957413,True,-0.3690395042379669,-0.07380790084759338,False,True,False,False,True,False,False,True,1791038218866,1791038218868,1791038219343,475,0.6513379595819316,3.0911980022407395
PAPER:KAIAUSDT:1791038099999:LONG,KAIAUSDT,LONG,0.006629832488891374,False,0.1,250,-3.410360241533641,-0.6820720483067282,False,-3.410360241533641,-0.6820720483067282,False,False,False,False,False,False,False,False,,,,,,0.0
PAPER:1000CATUSDT:1791038699999:LONG,1000CATUSDT,LONG,0.4267421761402934,False,0.1,250,-0.838231577321695,-0.16764631546433897,True,0.16597456871457816,0.03319491374291563,True,True,False,False,False,False,False,True,1791039120575,1791039125988,1791039135783,9795,0.4267421761402879,1.0042061460362732
PAPER:USUSDT:1791038699999:SHORT,USUSDT,SHORT,0.48393229097455304,False,0.1,250,-0.7002546247073798,-0.14005092494147595,True,-0.08677679206127581,-0.017355358412255162,False,True,False,False,False,False,False,True,1791038766468,1791038842620,1791038842902,282,0.4566924914191514,0.6134778326461039
PAPER:哈基米USDT:1791038699999:SHORT,哈基米USDT,SHORT,0.10980781490497439,False,0.1,250,-0.6253521470030563,-0.12507042940061125,False,-0.6253521470030563,-0.12507042940061125,False,False,False,False,False,False,False,False,,,,,,0.0
PAPER:XMRUSDT:1791038699999:LONG,XMRUSDT,LONG,0.34497365381629397,False,0.1,250,-1.4191267554642937,-0.2838253510928587,True,0.34081093505524107,0.06816218701104822,True,True,False,False,False,False,False,True,1791039109920,1791039109924,1791039110174,250,0.34497365381628736,1.7599376905195347
PAPER:NEARUSDT:1791038999999:LONG,NEARUSDT,LONG,0.2154525207140212,False,0.1,250,-3.248598645182094,-0.6497197290364188,True,0.012473565017195709,0.0024947130034391417,True,True,False,False,False,False,False,True,1791039409323,1791039409323,1791039410495,1172,0.21545252071402157,3.2610722101992895
PAPER:RENDERUSDT:1791038999999:LONG,RENDERUSDT,LONG,0.3777364865167332,False,0.1,250,-2.564063511265951,-0.5128127022531902,True,0.04357671479134407,0.008715342958268814,True,True,False,False,False,False,False,True,1791039379338,1791039390177,1791039395003,4826,0.3777364865167244,2.607640226057295
PAPER:AEVOUSDT:1791039299999:LONG,AEVOUSDT,LONG,0.32084492192470115,False,0.1,250,-2.7469840170223327,-0.5493968034044666,True,-0.1931052047165786,-0.03862104094331572,False,True,False,False,False,False,False,True,1791039405907,1791039405919,1791039413229,7310,0.3208449219247057,2.5538788123057543
PAPER:ONUSDT:1791039599999:SHORT,ONUSDT,SHORT,0.359578557077644,False,0.1,250,-0.4752610152011104,-0.09505220304022208,True,-0.47526101520117625,-0.09505220304023526,False,False,False,False,False,False,False,True,1791039637003,1791039637008,1791039638152,1144,0.16978727813873884,-6.583622536027178e-14
PAPER:XVGUSDT:1791039599999:LONG,XVGUSDT,LONG,0.07237850243317911,False,0.1,250,-3.6415072428999737,-0.7283014485799947,False,-3.6415072428999737,-0.7283014485799947,False,False,False,False,False,False,False,False,,,,,,0.0
PAPER:CUSDT:1791039899999:LONG,CUSDT,LONG,1.1357841017241022,True,0.1,250,-4.815485513170761,-0.9630971026341522,True,-2.405713788384183,-0.48114275767683656,False,True,False,False,True,True,False,True,1791039956183,1791039956495,1791039956836,341,1.135784101724093,2.409771724786578
PAPER:龙虾USDT:1791039899999:SHORT,龙虾USDT,SHORT,0.0010972658666689283,False,0.1,250,-2.3230755803059737,-0.4646151160611947,False,-2.3230755803059737,-0.4646151160611947,False,False,False,False,False,False,False,False,,,,,,0.0
PAPER:PHAUSDT:1791039899999:SHORT,PHAUSDT,SHORT,0.5336391386070395,True,0.1,250,-1.3147750271102738,-0.26295500542205474,True,-0.43977105326381954,-0.0879542106527639,False,True,False,False,False,False,False,True,1791040049204,1791040049267,1791040050365,1098,0.16940023110230443,0.8750039738464543
PAPER:MIRAUSDT:1791040199999:SHORT,MIRAUSDT,SHORT,0.13354810666604766,False,0.1,250,-1.3344350505103577,-0.26688701010207155,False,-1.3344350505103577,-0.26688701010207155,False,False,False,False,False,False,False,False,,,,,,0.0
PAPER:MEGAUSDT:1791040199999:LONG,MEGAUSDT,LONG,0.5974185977954738,True,0.1,250,-0.07597016259568207,-0.015194032519136414,True,-0.024567816984127244,-0.0049135633968254485,False,True,False,False,True,False,False,True,1791040279375,1791040279377,1791040279806,429,0.5974185977954714,0.05140234561155482
PAPER:SANDUSDT:1791040499999:LONG,SANDUSDT,LONG,0.8209450237695926,True,0.1,250,1.3474539452734347,0.26949078905468693,True,0.3629122381594803,0.07258244763189606,True,False,True,True,True,False,False,True,1791040526052,1791040526053,1791040526306,253,0.8209450237695979,-0.9845417071139544
PAPER:BANUSDT:1791040499999:SHORT,BANUSDT,SHORT,0.05628890843004262,False,0.1,250,-3.0502385088000796,-0.6100477017600159,False,-3.0502385088000796,-0.6100477017600159,False,False,False,False,False,False,False,False,,,,,,0.0
PAPER:MORPHOUSDT:1791040799999:LONG,MORPHOUSDT,LONG,0.02861058304419739,False,0.1,250,-1.9210183355999124,-0.3842036671199825,False,-1.9210183355999124,-0.3842036671199825,False,False,False,False,False,False,False,False,,,,,,0.0
PAPER:BMTUSDT:1791040799999:LONG,BMTUSDT,LONG,0.302520141133078,False,0.1,250,-2.695113121192824,-0.5390226242385647,True,-0.412793704699817,-0.0825587409399634,False,True,False,False,False,False,False,True,1791041208446,1791041209223,1791041214001,4778,0.3025201411330761,2.282319416493007
PAPER:TAKEUSDT:1791041099999:LONG,TAKEUSDT,LONG,0.08721294956695047,False,0.1,250,-1.523598169842145,-0.304719633968429,False,-1.523598169842145,-0.304719633968429,False,False,False,False,False,False,False,False,,,,,,0.0
PAPER:SENTUSDT:1791041099999:SHORT,SENTUSDT,SHORT,0.025708980918666427,False,0.1,250,-3.3524018731991214,-0.6704803746398242,False,-3.3524018731991214,-0.6704803746398242,False,False,False,False,False,False,False,False,,,,,,0.0
PAPER:TAKEUSDT:1791041399999:LONG,TAKEUSDT,LONG,0.17738289851521039,False,0.1,250,-2.2391385466262355,-0.4478277093252471,True,-1.0256528914414298,-0.20513057828828596,False,True,False,False,False,False,False,True,1791041442054,1791041442055,1791041442305,250,0.14701691400521122,1.2134856551848057
PAPER:PHAROSUSDT:1791041999999:LONG,PHAROSUSDT,LONG,0.1184037832522078,False,0.1,250,-2.747298263215607,-0.5494596526431214,False,-2.747298263215607,-0.5494596526431214,False,False,False,False,False,False,False,False,,,,,,0.0
PAPER:AVAAIUSDT:1791042299999:LONG,AVAAIUSDT,LONG,0.5843370032250439,True,0.1,250,-1.8501523740850172,-0.37003047481700346,True,-0.7909260963289271,-0.1581852192657854,False,True,False,False,False,False,False,True,1791042458348,1791042471363,1791042471747,384,0.06482266643173494,1.0592262777560901
PAPER:INXUSDT:1791042299999:LONG,INXUSDT,LONG,0.5111944571072558,True,0.1,250,-0.949810037992343,-0.1899620075984686,True,0.4598244015484583,0.09196488030969165,True,True,False,False,True,False,False,True,1791042341949,1791042345100,1791042345675,575,0.5111944571072548,1.4096344395408011
PAPER:CYSUSDT:1791042299999:SHORT,CYSUSDT,SHORT,0.04109557403234674,False,0.1,250,-2.4791307528456885,-0.4958261505691377,False,-2.4791307528456885,-0.4958261505691377,False,False,False,False,False,False,False,False,,,,,,0.0
PAPER:AKTUSDT:1791043199999:LONG,AKTUSDT,LONG,0.09885095789161635,False,0.1,250,-3.5100134635034834,-0.7020026927006967,False,-3.5100134635034834,-0.7020026927006967,False,False,False,False,False,False,False,False,,,,,,0.0
PAPER:AIOUSDT:1791043499999:LONG,AIOUSDT,LONG,0.3392750607989381,False,0.1,250,-0.05248551804010343,-0.010497103608020685,True,-0.1806747351761951,-0.036134947035239014,False,False,False,True,False,False,False,True,1791043560482,1791043560491,1791043561353,862,0.3392750607989329,-0.12818921713609166
PAPER:TAKEUSDT:1791030299999:LONG,TAKEUSDT,LONG,0.20078003326780003,False,0.1,500,-4.179531297998999,-0.8359062595997998,True,-0.47716790238159973,-0.09543358047631995,False,True,False,False,False,False,False,True,1791030419360,1791030419644,1791030420194,550,0.09039201623397654,3.702363395617399
PAPER:C98USDT:1791030299999:SHORT,C98USDT,SHORT,0.5325927063865858,True,0.1,500,-0.33561030806532705,-0.06712206161306541,True,-0.33561030806532705,-0.06712206161306541,False,False,False,False,True,False,False,True,1791030555079,1791030558808,1791030563279,4471,0.5325927063865858,0.0
PAPER:RAYSOLUSDT:1791030299999:LONG,RAYSOLUSDT,LONG,0.3865045416249213,False,0.1,500,-4.294281797041444,-0.8588563594082889,True,0.3402004976408963,0.06804009952817927,True,True,False,False,False,False,False,True,1791030397825,1791030402770,1791030404379,1609,0.38650454162492903,4.634482294682341
PAPER:MASKUSDT:1791030299999:SHORT,MASKUSDT,SHORT,0.4782276505114329,False,0.1,500,-0.6904478264892522,-0.13808956529785044,True,-0.22291184575641135,-0.044582369151282275,False,True,False,False,False,False,False,True,1791030455054,1791030455058,1791030458292,3234,0.4782276505114329,0.46753598073284086
PAPER:2ZUSDT:1791030599999:SHORT,2ZUSDT,SHORT,0.04643975739345436,False,0.1,500,-3.1670863623565806,-0.6334172724713161,False,-3.1670863623565806,-0.6334172724713161,False,False,False,False,False,False,False,False,,,,,,0.0
PAPER:ARKUSDT:1791030599999:LONG,ARKUSDT,LONG,0.11126877469145313,False,0.1,500,-0.9498100379923222,-0.18996200759846446,False,-0.9498100379923222,-0.18996200759846446,False,False,False,False,False,False,False,False,,,,,,0.0
PAPER:ICPUSDT:1791030599999:SHORT,ICPUSDT,SHORT,0.13297856879422754,False,0.1,500,-2.251777408861963,-0.45035548177239265,False,-2.251777408861963,-0.45035548177239265,False,False,False,False,False,False,False,False,,,,,,0.0
PAPER:ALCHUSDT:1791030599999:SHORT,ALCHUSDT,SHORT,0.040601939818374046,False,0.1,500,-3.073413425363308,-0.6146826850726615,False,-3.073413425363308,-0.6146826850726615,False,False,False,False,False,False,False,False,,,,,,0.0
PAPER:1000SATSUSDT:1791030599999:SHORT,1000SATSUSDT,SHORT,0.14356100983075173,False,0.1,500,-2.382743729857922,-0.4765487459715844,False,-2.382743729857922,-0.4765487459715844,False,False,False,False,False,False,False,False,,,,,,0.0
PAPER:SPXUSDT:1791030599999:SHORT,SPXUSDT,SHORT,0.3946344312621141,False,0.1,500,-3.082995430845726,-0.6165990861691453,True,-0.1431825920688441,-0.028636518413768818,False,True,False,False,False,False,False,True,1791031346974,1791031505552,1791031512470,6918,0.3946344312621141,2.939812838776882
PAPER:BERAUSDT:1791030599999:SHORT,BERAUSDT,SHORT,0.02415494136355687,False,0.1,500,-2.7182260293118015,-0.5436452058623603,False,-2.7182260293118015,-0.5436452058623603,False,False,False,False,False,False,False,False,,,,,,0.0
PAPER:CLOUSDT:1791030599999:SHORT,CLOUSDT,SHORT,0.562071677187042,True,0.1,500,0.020857857313486106,0.0041715714626972215,True,0.020857857313486106,0.0041715714626972215,True,False,False,False,True,False,False,True,1791030676135,1791030676136,1791030677114,978,0.562071677187042,0.0
PAPER:RONINUSDT:1791030599999:SHORT,RONINUSDT,SHORT,0.4201447269727042,False,0.1,500,-0.9881699462047233,-0.19763398924094466,True,-0.2665516904594265,-0.0533103380918853,False,True,False,False,False,False,False,True,1791031166398,1791031171531,1791031193911,22380,0.4201447269727042,0.7216182557452968
PAPER:BABYUSDT:1791030599999:SHORT,BABYUSDT,SHORT,0.13108361853639602,False,0.1,500,-2.4625017903882367,-0.4925003580776473,False,-2.4625017903882367,-0.4925003580776473,False,False,False,False,False,False,False,False,,,,,,0.0
PAPER:LQTYUSDT:1791030599999:SHORT,LQTYUSDT,SHORT,0.23922711108097128,False,0.1,500,-1.1664212216092822,-0.23328424432185646,True,-0.301496487202364,-0.0602992974404728,False,True,False,False,False,False,False,True,1791031370434,1791031448213,1791031473500,25287,0.23922711108097128,0.8649247344069182
PAPER:ELSAUSDT:1791030599999:SHORT,ELSAUSDT,SHORT,0.09292788177507333,False,0.1,500,-2.8341764513986663,-0.5668352902797332,False,-2.8341764513986663,-0.5668352902797332,False,False,False,False,False,False,False,False,,,,,,0.0
PAPER:LYNUSDT:1791030899999:SHORT,LYNUSDT,SHORT,0.4910471145324048,False,0.1,500,-0.2194233372221207,-0.04388466744442414,True,-0.2194233372221207,-0.04388466744442414,False,False,False,False,False,False,False,True,1791030941539,1791030941856,1791030944842,2986,0.4910471145324048,0.0
PAPER:CUSDT:1791030899999:LONG,CUSDT,LONG,0.5052576067934522,True,0.1,500,-4.734098707132696,-0.9468197414265391,True,-0.24340948641956217,-0.04868189728391244,False,True,False,False,True,False,False,True,1791030954189,1791030954515,1791030957004,2489,0.5052576067934565,4.490689220713134
PAPER:BATUSDT:1791030899999:SHORT,BATUSDT,SHORT,0.06560207944017078,False,0.1,500,-3.5743672405177547,-0.7148734481035509,False,-3.5743672405177547,-0.7148734481035509,False,False,False,False,False,False,False,False,,,,,,0.0
PAPER:SOLVUSDT:1791030899999:SHORT,SOLVUSDT,SHORT,0.09791630573226773,False,0.1,500,-0.3600282954492119,-0.07200565908984238,False,-0.3600282954492119,-0.07200565908984238,False,False,False,False,False,False,False,False,,,,,,0.0
PAPER:SOONUSDT:1791031199999:LONG,SOONUSDT,LONG,0.43180093380581486,False,0.1,500,-0.8170548040842363,-0.16341096081684725,True,-0.2860338684521938,-0.05720677369043876,False,True,False,False,False,False,False,True,1791031297940,1791031302721,1791031303316,595,0.1394617408256968,0.5310209356320424
PAPER:GUAUSDT:1791031199999:SHORT,GUAUSDT,SHORT,0.09482952847747854,False,0.1,500,-2.3151338684784952,-0.46302677369569906,False,-2.3151338684784952,-0.46302677369569906,False,False,False,False,False,False,False,False,,,,,,0.0
PAPER:WAXPUSDT:1791031199999:SHORT,WAXPUSDT,SHORT,0.15796753656780602,False,0.1,500,-2.1242987820307544,-0.42485975640615087,False,-2.1242987820307544,-0.42485975640615087,False,False,False,False,False,False,False,False,,,,,,0.0
PAPER:XVGUSDT:1791031199999:SHORT,XVGUSDT,SHORT,0.2963147974313368,False,0.1,500,-2.770751292099085,-0.5541502584198169,True,-0.15864166666351745,-0.03172833333270349,False,True,False,False,False,False,False,True,1791031367984,1791031469446,1791031503586,34140,0.20141915796188806,2.6121096254355676
PAPER:BLUAIUSDT:1791031199999:SHORT,BLUAIUSDT,SHORT,0.4188883317460625,False,0.1,500,-5.699480266072115,-1.1398960532144229,True,-0.3565287594995132,-0.07130575189990263,False,True,False,False,False,False,False,True,1791031320158,1791031321702,1791031322927,1225,0.4188883317460625,5.342951506572602
PAPER:NILUSDT:1791031199999:LONG,NILUSDT,LONG,0.22971618806590932,False,0.1,500,-2.7020749171407723,-0.5404149834281544,True,-0.8904112285297964,-0.1780822457059593,False,True,False,False,False,False,False,True,1791031338899,1791031347262,1791031347877,615,0.14647879177732293,1.811663688610976
PAPER:LDOUSDT:1791031199999:SHORT,LDOUSDT,SHORT,0.4188727170620659,False,0.1,500,-4.903833487188899,-0.9807666974377798,True,0.038220824287734434,0.007644164857546887,True,True,False,False,False,False,False,True,1791031367589,1791031413660,1791031416872,3212,0.4188727170620659,4.9420543114766335
PAPER:ONUSDT:1791031499999:SHORT,ONUSDT,SHORT,0.1664265751566015,False,0.1,500,-2.3497478852713356,-0.46994957705426715,False,-2.3497478852713356,-0.46994957705426715,False,False,False,False,False,False,False,False,,,,,,0.0
PAPER:CVCUSDT:1791031499999:SHORT,CVCUSDT,SHORT,0.15044590376835515,False,0.1,500,-2.485696755915584,-0.4971393511831168,False,-2.485696755915584,-0.4971393511831168,False,False,False,False,False,False,False,False,,,,,,0.0
PAPER:FOGOUSDT:1791031499999:SHORT,FOGOUSDT,SHORT,0.057127292047956295,False,0.1,500,-3.4110859982869592,-0.6822171996573918,False,-3.4110859982869592,-0.6822171996573918,False,False,False,False,False,False,False,False,,,,,,0.0
PAPER:MUSDT:1791031499999:SHORT,MUSDT,SHORT,0.1562427022849482,False,0.1,500,-1.0481979068353748,-0.20963958136707497,False,-1.0481979068353748,-0.20963958136707497,False,False,False,False,False,False,False,False,,,,,,0.0
PAPER:TRUTHUSDT:1791031799999:SHORT,TRUTHUSDT,SHORT,0.04259979890824061,False,0.1,500,-1.8553263437999297,-0.37106526875998597,False,-1.8553263437999297,-0.37106526875998597,False,False,False,False,False,False,False,False,,,,,,0.0
PAPER:MEWUSDT:1791031799999:LONG,MEWUSDT,LONG,0.20671602640922604,False,0.1,500,-2.9316560299051333,-0.5863312059810266,True,-0.28919470735480124,-0.05783894147096025,False,True,False,False,False,False,False,True,1791031828571,1791031828655,1791031829188,533,0.15003801960697138,2.642461322550332
PAPER:ATHUSDT:1791032399999:LONG,ATHUSDT,LONG,0.9362862664506144,True,0.1,500,-1.4344200088454728,-0.28688400176909457,True,-0.18828008379475863,-0.03765601675895173,False,True,False,False,True,False,False,True,1791032442488,1791032442602,1791032443328,726,0.9362862664506227,1.2461399250507141
PAPER:PARTIUSDT:1791032699999:LONG,PARTIUSDT,LONG,0.12131849248524507,False,0.1,500,-1.6557113665605714,-0.3311422733121143,False,-1.6557113665605714,-0.3311422733121143,False,False,False,False,False,False,False,False,,,,,,0.0
PAPER:SCRUSDT:1791032699999:SHORT,SCRUSDT,SHORT,0.17458744667221668,False,0.1,500,-4.748328639463314,-0.9496657278926629,True,-0.17108468386278092,-0.03421693677255618,False,True,False,False,False,False,False,True,1791032736637,1791032736747,1791032737612,865,0.1356691571777435,4.577243955600533
PAPER:FLUIDUSDT:1791032699999:LONG,FLUIDUSDT,LONG,0.40288014904572567,False,0.1,500,-1.5533450107561027,-0.3106690021512205,True,0.25725990753518857,0.05145198150703772,True,True,False,False,False,False,False,True,1791032784031,1791032795054,1791032828390,33336,0.4028801490457218,1.810604918291291
PAPER:BRUSDT:1791032999999:SHORT,BRUSDT,SHORT,0.27254947442767047,False,0.1,500,-1.4411649157048976,-0.2882329831409795,True,-0.19619290440103576,-0.03923858088020715,False,True,False,False,False,False,False,True,1791033050728,1791033051097,1791033052187,1090,0.1761995274963559,1.2449720113038618
PAPER:TAKEUSDT:1791032999999:LONG,TAKEUSDT,LONG,0.1981648558068816,False,0.1,500,-4.45263633915979,-0.890527267831958,True,0.06211756012261044,0.012423512024522089,True,True,False,False,False,False,False,True,1791033105781,1791033105796,1791033106922,1126,0.19816485580688872,4.5147538992824
PAPER:AVAUSDT:1791032999999:LONG,AVAUSDT,LONG,0.052532112366043826,False,0.1,500,-3.304734763964892,-0.6609469527929784,False,-3.304734763964892,-0.6609469527929784,False,False,False,False,False,False,False,False,,,,,,0.0
PAPER:GTCUSDT:1791032999999:LONG,GTCUSDT,LONG,0.5910414075610326,True,0.1,500,-5.389497416018015,-1.077899483203603,True,0.27903200413969703,0.055806400827939404,True,True,False,False,True,False,False,True,1791033050094,1791033050110,1791033051685,1575,0.5910414075610282,5.6685294201577126
PAPER:KSMUSDT:1791032999999:LONG,KSMUSDT,LONG,0.0557320840319786,False,0.1,500,-3.0776393835983287,-0.6155278767196658,False,-3.0776393835983287,-0.6155278767196658,False,False,False,False,False,False,False,False,,,,,,0.0
PAPER:ARKMUSDT:1791033599999:SHORT,ARKMUSDT,SHORT,0.056405475136281816,False,0.1,500,-2.8622419480075423,-0.5724483896015085,False,-2.8622419480075423,-0.5724483896015085,False,False,False,False,False,False,False,False,,,,,,0.0
PAPER:POWERUSDT:1791033599999:SHORT,POWERUSDT,SHORT,0.1333104729659478,False,0.1,500,-3.2520922207080236,-0.6504184441416047,False,-3.2520922207080236,-0.6504184441416047,False,False,False,False,False,False,False,False,,,,,,0.0
PAPER:IOUSDT:1791033599999:LONG,IOUSDT,LONG,0.04360451065001936,False,0.1,500,-3.8091145606756855,-0.7618229121351371,False,-3.8091145606756855,-0.7618229121351371,False,False,False,False,False,False,False,False,,,,,,0.0
PAPER:TRADOORUSDT:1791033899999:SHORT,TRADOORUSDT,SHORT,0.037861202555832515,False,0.1,500,-6.7422084359017616,-1.3484416871803524,False,-6.7422084359017616,-1.3484416871803524,False,False,False,False,False,False,False,False,,,,,,0.0
PAPER:LITUSDT:1791033899999:SHORT,LITUSDT,SHORT,0.5614579357694294,True,0.1,500,-1.1427683363038064,-0.22855366726076126,True,-0.10855154915733284,-0.021710309831466566,False,True,False,False,True,False,False,True,1791035147604,1791035147673,1791035148306,633,0.5614579357694294,1.0342167871464736
PAPER:GLMUSDT:1791033899999:LONG,GLMUSDT,LONG,0.41155018572360813,False,0.1,500,-1.5272247018917282,-0.30544494037834563,True,-0.29540675223981755,-0.05908135044796351,False,True,False,False,False,False,False,True,1791033960425,1791033960496,1791033964780,4284,0.411550185723613,1.2318179496519106
PAPER:PORTALUSDT:1791033899999:LONG,PORTALUSDT,LONG,0.2034230025503403,False,0.1,500,-2.4843567110599034,-0.49687134221198065,True,-0.3917930659678481,-0.07835861319356961,False,True,False,False,False,False,False,True,1791034275117,1791034275182,1791034281280,6098,0.14756825171280097,2.0925636450920555
PAPER:PROMPTUSDT:1791033899999:LONG,PROMPTUSDT,LONG,0.02804821063659979,False,0.1,500,-0.9498100379923309,-0.18996200759846618,False,-0.9498100379923309,-0.18996200759846618,False,False,False,False,False,False,False,False,,,,,,0.0
PAPER:MAGMAUSDT:1791033899999:SHORT,MAGMAUSDT,SHORT,0.11747463534199344,False,0.1,500,-1.6167348982446283,-0.32334697964892567,False,-1.6167348982446283,-0.32334697964892567,False,False,False,False,False,False,False,False,,,,,,0.0
PAPER:SYRUPUSDT:1791034499999:LONG,SYRUPUSDT,LONG,0.3365032121780853,False,0.1,500,-1.7301618973079922,-0.3460323794615984,True,0.19070421793056705,0.038140843586113415,True,True,False,False,False,False,False,True,1791034856569,1791034859943,1791034860486,543,0.3365032121780856,1.9208661152385593
PAPER:SOPHUSDT:1791034799999:LONG,SOPHUSDT,LONG,0.032486940932008324,False,0.1,500,-1.0808927650165776,-0.21617855300331554,False,-1.0808927650165776,-0.21617855300331554,False,False,False,False,False,False,False,False,,,,,,0.0
PAPER:TRBUSDT:1791034799999:LONG,TRBUSDT,LONG,0.17249534305692205,False,0.1,500,-1.1180799807020212,-0.22361599614040423,True,-0.036344634711845236,-0.007268926942369048,False,True,False,False,False,False,False,True,1791034903074,1791034903133,1791034904636,1503,0.1628707758640834,1.081735345990176
PAPER:BRETTUSDT:1791034799999:LONG,BRETTUSDT,LONG,0.013901271279914695,False,0.1,500,-2.8970518364541604,-0.5794103672908321,False,-2.8970518364541604,-0.5794103672908321,False,False,False,False,False,False,False,False,,,,,,0.0
PAPER:HANAUSDT:1791034799999:SHORT,HANAUSDT,SHORT,0.39639901335803707,False,0.1,500,-4.076179984123353,-0.8152359968246706,True,-0.5333913785255111,-0.10667827570510223,False,True,False,False,False,False,False,True,1791035379027,1791035403440,1791035408172,4732,0.39639901335803707,3.542788605597842
PAPER:COOKIEUSDT:1791034799999:LONG,COOKIEUSDT,LONG,0.02588041584095091,False,0.1,500,-3.432422254842399,-0.6864844509684798,False,-3.432422254842399,-0.6864844509684798,False,False,False,False,False,False,False,False,,,,,,0.0
PAPER:BLURUSDT:1791035099999:LONG,BLURUSDT,LONG,0.026898935409902514,False,0.1,500,-2.1210698643572643,-0.4242139728714529,False,-2.1210698643572643,-0.4242139728714529,False,False,False,False,False,False,False,False,,,,,,0.0
PAPER:GTCUSDT:1791035399999:LONG,GTCUSDT,LONG,0.1905703102749179,False,0.1,500,0.06306476224254054,0.012612952448508108,True,-0.014848683929357509,-0.0029697367858715017,False,False,True,True,False,False,False,True,1791035430895,1791035433619,1791035433619,0,0.1671740534888317,-0.07791344617189805
PAPER:BIOUSDT:1791035399999:LONG,BIOUSDT,LONG,0.04403217979522811,False,0.1,500,-2.7089125322549616,-0.5417825064509922,False,-2.7089125322549616,-0.5417825064509922,False,False,False,False,False,False,False,False,,,,,,0.0
PAPER:NILUSDT:1791035699999:SHORT,NILUSDT,SHORT,0.2057747892693691,False,0.1,500,-1.6043812094959564,-0.3208762418991913,True,-0.3554707911999904,-0.07109415823999808,False,True,False,False,False,False,False,True,1791035814485,1791035814554,1791035816699,2145,0.14635931819844766,1.248910418295966
PAPER:PARTIUSDT:1791035699999:LONG,PARTIUSDT,LONG,0.38892017097602594,False,0.1,500,-0.4391503345547632,-0.08783006691095264,True,-0.4391503345547632,-0.08783006691095264,False,False,False,False,False,False,False,True,1791035727428,1791035728903,1791035729833,930,0.15038573744010164,0.0
PAPER:SIGNUSDT:1791035999999:LONG,SIGNUSDT,LONG,0.020325020332290222,False,0.1,500,-2.903522065186805,-0.580704413037361,False,-2.903522065186805,-0.580704413037361,False,False,False,False,False,False,False,False,,,,,,0.0
PAPER:FHEUSDT:1791035999999:LONG,FHEUSDT,LONG,0.07019795860405686,False,0.1,500,-1.0624453988318034,-0.2124890797663607,False,-1.0624453988318034,-0.2124890797663607,False,False,False,False,False,False,False,False,,,,,,0.0
PAPER:ENJUSDT:1791035999999:LONG,ENJUSDT,LONG,0.09842864118914108,False,0.1,500,-0.5061394517069918,-0.10122789034139837,False,-0.5061394517069918,-0.10122789034139837,False,False,False,False,False,False,False,False,,,,,,0.0
PAPER:CHILLGUYUSDT:1791036299999:SHORT,CHILLGUYUSDT,SHORT,0.29671056237814813,False,0.1,500,-1.6460776979307021,-0.3292155395861404,True,-0.21564195253322527,-0.043128390506645055,False,True,False,False,False,False,False,True,1791036397171,1791036434322,1791036442552,8230,0.2349125988311653,1.4304357453974768
PAPER:ZAMAUSDT:1791036299999:LONG,ZAMAUSDT,LONG,0.05344670536999718,False,0.1,500,-2.7535616422870577,-0.5507123284574116,False,-2.7535616422870577,-0.5507123284574116,False,False,False,False,False,False,False,False,,,,,,0.0
PAPER:MTLUSDT:1791036299999:SHORT,MTLUSDT,SHORT,0.392645968101903,False,0.1,500,-2.9359691162288346,-0.5871938232457669,True,-0.15587840671900666,-0.031175681343801328,False,True,False,False,False,False,False,True,1791036605201,1791036612095,1791036613176,1081,0.392645968101903,2.780090709509828
PAPER:MELANIAUSDT:1791036599999:SHORT,MELANIAUSDT,SHORT,0.11439277969808952,False,0.1,500,-2.823923833139723,-0.5647847666279447,False,-2.823923833139723,-0.5647847666279447,False,False,False,False,False,False,False,False,,,,,,0.0
PAPER:QNTUSDT:1791036599999:SHORT,QNTUSDT,SHORT,0.09206771523578838,False,0.1,500,-1.1304764324347885,-0.2260952864869577,False,-1.1304764324347885,-0.2260952864869577,False,False,False,False,False,False,False,False,,,,,,0.0
PAPER:1000000BOBUSDT:1791036899999:SHORT,1000000BOBUSDT,SHORT,0.20259244727284154,False,0.1,500,-0.9501900380075976,-0.19003800760151954,True,-0.20749687771379755,-0.04149937554275951,False,True,False,False,False,False,False,True,1791036924715,1791036924722,1791036927880,3158,0.1283936312485121,0.7426931602938001
PAPER:ZECUSDT:1791036899999:SHORT,ZECUSDT,SHORT,0.34743220879288866,False,0.1,500,-2.4871455712255535,-0.49742911424511066,True,-0.03266242749707876,-0.006532485499415753,False,True,False,False,False,False,False,True,1791037441977,1791037446624,1791037447171,547,0.34743220879288866,2.4544831437284746
PAPER:VELVETUSDT:1791037199999:LONG,VELVETUSDT,LONG,0.16967139011807575,False,0.1,500,-2.5920327443301128,-0.5184065488660226,False,-2.5920327443301128,-0.5184065488660226,False,False,False,False,False,False,False,False,,,,,,0.0
PAPER:EVAAUSDT:1791037499999:LONG,EVAAUSDT,LONG,0.056646393986836685,False,0.1,500,-3.821169888291375,-0.7642339776582749,False,-3.821169888291375,-0.7642339776582749,False,False,False,False,False,False,False,False,,,,,,0.0
PAPER:ONEUSDT:1791037499999:LONG,ONEUSDT,LONG,0.24924997047268693,False,0.1,500,-6.076218006145115,-1.215243601229023,True,0.08326837384065833,0.016653674768131666,True,True,False,False,False,False,False,True,1791037530030,1791037530035,1791037530567,532,0.24924997047269143,6.159486379985774
PAPER:DEEPUSDT:1791037799999:LONG,DEEPUSDT,LONG,0.02104669378111268,False,0.1,500,-3.6150511995301473,-0.7230102399060295,False,-3.6150511995301473,-0.7230102399060295,False,False,False,False,False,False,False,False,,,,,,0.0
PAPER:OPUSDT:1791037799999:LONG,OPUSDT,LONG,0.26694344698652284,False,0.1,500,-2.0891271981087893,-0.4178254396217579,True,0.042498456302615006,0.008499691260523001,True,True,False,False,False,False,False,True,1791037920378,1791037920380,1791037921014,634,0.26694344698652633,2.1316256544114043
PAPER:DRIFTUSDT:1791037799999:LONG,DRIFTUSDT,LONG,0.13110727980347736,False,0.1,500,-3.088406569315816,-0.6176813138631632,False,-3.088406569315816,-0.6176813138631632,False,False,False,False,False,False,False,False,,,,,,0.0
PAPER:ORDIUSDT:1791037799999:LONG,ORDIUSDT,LONG,0.3061675616160109,False,0.1,500,-2.7963146550767375,-0.5592629310153475,True,-0.08086668877611941,-0.016173337755223883,False,True,False,False,False,False,False,True,1791038997264,1791038997266,1791038998319,1053,0.30616756161601505,2.715447966300618
PAPER:SUPERUSDT:1791038099999:LONG,SUPERUSDT,LONG,0.6513379595819213,True,0.1,500,-3.4602375064787063,-0.6920475012957413,True,-0.3690395042379669,-0.07380790084759338,False,True,False,False,True,False,False,True,1791038218866,1791038218868,1791038219639,771,0.6513379595819316,3.0911980022407395
PAPER:KAIAUSDT:1791038099999:LONG,KAIAUSDT,LONG,0.006629832488891374,False,0.1,500,-3.410360241533641,-0.6820720483067282,False,-3.410360241533641,-0.6820720483067282,False,False,False,False,False,False,False,False,,,,,,0.0
PAPER:1000CATUSDT:1791038699999:LONG,1000CATUSDT,LONG,0.4267421761402934,False,0.1,500,-0.838231577321695,-0.16764631546433897,True,0.16597456871457816,0.03319491374291563,True,True,False,False,False,False,False,True,1791039120575,1791039125988,1791039135783,9795,0.4267421761402879,1.0042061460362732
PAPER:USUSDT:1791038699999:SHORT,USUSDT,SHORT,0.48393229097455304,False,0.1,500,-0.7002546247073798,-0.14005092494147595,True,-0.15494099568863384,-0.030988199137726765,False,True,False,False,False,False,False,True,1791038766468,1791038842620,1791038843648,1028,0.4566924914191514,0.5453136290187459
PAPER:哈基米USDT:1791038699999:SHORT,哈基米USDT,SHORT,0.10980781490497439,False,0.1,500,-0.6253521470030563,-0.12507042940061125,False,-0.6253521470030563,-0.12507042940061125,False,False,False,False,False,False,False,False,,,,,,0.0
PAPER:XMRUSDT:1791038699999:LONG,XMRUSDT,LONG,0.34497365381629397,False,0.1,500,-1.4191267554642937,-0.2838253510928587,True,0.5393680078318315,0.10787360156636629,True,True,False,False,False,False,False,True,1791039109920,1791039109924,1791039110427,503,0.34497365381628736,1.9584947632961252
PAPER:NEARUSDT:1791038999999:LONG,NEARUSDT,LONG,0.2154525207140212,False,0.1,500,-3.248598645182094,-0.6497197290364188,True,0.012473565017195709,0.0024947130034391417,True,True,False,False,False,False,False,True,1791039409323,1791039409323,1791039410495,1172,0.21545252071402157,3.2610722101992895
PAPER:RENDERUSDT:1791038999999:LONG,RENDERUSDT,LONG,0.3777364865167332,False,0.1,500,-2.564063511265951,-0.5128127022531902,True,0.04357671479134407,0.008715342958268814,True,True,False,False,False,False,False,True,1791039379338,1791039390177,1791039395003,4826,0.3777364865167244,2.607640226057295
PAPER:AEVOUSDT:1791039299999:LONG,AEVOUSDT,LONG,0.32084492192470115,False,0.1,500,-2.7469840170223327,-0.5493968034044666,True,-0.1931052047165786,-0.03862104094331572,False,True,False,False,False,False,False,True,1791039405907,1791039405919,1791039413229,7310,0.3208449219247057,2.5538788123057543
PAPER:ONUSDT:1791039599999:SHORT,ONUSDT,SHORT,0.359578557077644,False,0.1,500,-0.4752610152011104,-0.09505220304022208,True,-0.47526101520117625,-0.09505220304023526,False,False,False,False,False,False,False,True,1791039637003,1791039637008,1791039638152,1144,0.16978727813873884,-6.583622536027178e-14
PAPER:XVGUSDT:1791039599999:LONG,XVGUSDT,LONG,0.07237850243317911,False,0.1,500,-3.6415072428999737,-0.7283014485799947,False,-3.6415072428999737,-0.7283014485799947,False,False,False,False,False,False,False,False,,,,,,0.0
PAPER:CUSDT:1791039899999:LONG,CUSDT,LONG,1.1357841017241022,True,0.1,500,-4.815485513170761,-0.9630971026341522,True,-2.706935253982553,-0.5413870507965106,False,True,False,False,True,True,False,True,1791039956183,1791039956495,1791039957181,686,1.135784101724093,2.108550259188208
PAPER:龙虾USDT:1791039899999:SHORT,龙虾USDT,SHORT,0.0010972658666689283,False,0.1,500,-2.3230755803059737,-0.4646151160611947,False,-2.3230755803059737,-0.4646151160611947,False,False,False,False,False,False,False,False,,,,,,0.0
PAPER:PHAUSDT:1791039899999:SHORT,PHAUSDT,SHORT,0.5336391386070395,True,0.1,500,-1.3147750271102738,-0.26295500542205474,True,-0.43977105326381954,-0.0879542106527639,False,True,False,False,False,False,False,True,1791040049204,1791040049267,1791040050365,1098,0.16940023110230443,0.8750039738464543
PAPER:MIRAUSDT:1791040199999:SHORT,MIRAUSDT,SHORT,0.13354810666604766,False,0.1,500,-1.3344350505103577,-0.26688701010207155,False,-1.3344350505103577,-0.26688701010207155,False,False,False,False,False,False,False,False,,,,,,0.0
PAPER:MEGAUSDT:1791040199999:LONG,MEGAUSDT,LONG,0.5974185977954738,True,0.1,500,-0.07597016259568207,-0.015194032519136414,True,-0.024567816984127244,-0.0049135633968254485,False,True,False,False,True,False,False,True,1791040279375,1791040279377,1791040279945,568,0.5974185977954714,0.05140234561155482
PAPER:SANDUSDT:1791040499999:LONG,SANDUSDT,LONG,0.8209450237695926,True,0.1,500,1.3474539452734347,0.26949078905468693,True,0.1660038967367442,0.033200779347348844,True,False,True,True,True,False,False,True,1791040526052,1791040526053,1791040526614,561,0.8209450237695979,-1.1814500485366906
PAPER:BANUSDT:1791040499999:SHORT,BANUSDT,SHORT,0.05628890843004262,False,0.1,500,-3.0502385088000796,-0.6100477017600159,False,-3.0502385088000796,-0.6100477017600159,False,False,False,False,False,False,False,False,,,,,,0.0
PAPER:MORPHOUSDT:1791040799999:LONG,MORPHOUSDT,LONG,0.02861058304419739,False,0.1,500,-1.9210183355999124,-0.3842036671199825,False,-1.9210183355999124,-0.3842036671199825,False,False,False,False,False,False,False,False,,,,,,0.0
PAPER:BMTUSDT:1791040799999:LONG,BMTUSDT,LONG,0.302520141133078,False,0.1,500,-2.695113121192824,-0.5390226242385647,True,-0.412793704699817,-0.0825587409399634,False,True,False,False,False,False,False,True,1791041208446,1791041209223,1791041214001,4778,0.3025201411330761,2.282319416493007
PAPER:TAKEUSDT:1791041099999:LONG,TAKEUSDT,LONG,0.08721294956695047,False,0.1,500,-1.523598169842145,-0.304719633968429,False,-1.523598169842145,-0.304719633968429,False,False,False,False,False,False,False,False,,,,,,0.0
PAPER:SENTUSDT:1791041099999:SHORT,SENTUSDT,SHORT,0.025708980918666427,False,0.1,500,-3.3524018731991214,-0.6704803746398242,False,-3.3524018731991214,-0.6704803746398242,False,False,False,False,False,False,False,False,,,,,,0.0
PAPER:TAKEUSDT:1791041399999:LONG,TAKEUSDT,LONG,0.17738289851521039,False,0.1,500,-2.2391385466262355,-0.4478277093252471,True,-0.8739671845432633,-0.17479343690865268,False,True,False,False,False,False,False,True,1791041442054,1791041442055,1791041442626,571,0.14701691400521122,1.3651713620829722
PAPER:PHAROSUSDT:1791041999999:LONG,PHAROSUSDT,LONG,0.1184037832522078,False,0.1,500,-2.747298263215607,-0.5494596526431214,False,-2.747298263215607,-0.5494596526431214,False,False,False,False,False,False,False,False,,,,,,0.0
PAPER:AVAAIUSDT:1791042299999:LONG,AVAAIUSDT,LONG,0.5843370032250439,True,0.1,500,-1.8501523740850172,-0.37003047481700346,True,-1.0027713518801633,-0.20055427037603266,False,True,False,False,False,False,False,True,1791042458348,1791042471363,1791042472973,1610,0.06482266643173494,0.8473810222048539
PAPER:INXUSDT:1791042299999:LONG,INXUSDT,LONG,0.5111944571072558,True,0.1,500,-0.949810037992343,-0.1899620075984686,True,0.4598244015484583,0.09196488030969165,True,True,False,False,True,False,False,True,1791042341949,1791042345100,1791042345675,575,0.5111944571072548,1.4096344395408011
PAPER:CYSUSDT:1791042299999:SHORT,CYSUSDT,SHORT,0.04109557403234674,False,0.1,500,-2.4791307528456885,-0.4958261505691377,False,-2.4791307528456885,-0.4958261505691377,False,False,False,False,False,False,False,False,,,,,,0.0
PAPER:AKTUSDT:1791043199999:LONG,AKTUSDT,LONG,0.09885095789161635,False,0.1,500,-3.5100134635034834,-0.7020026927006967,False,-3.5100134635034834,-0.7020026927006967,False,False,False,False,False,False,False,False,,,,,,0.0
PAPER:AIOUSDT:1791043499999:LONG,AIOUSDT,LONG,0.3392750607989381,False,0.1,500,-0.05248551804010343,-0.010497103608020685,True,-0.1806747351761951,-0.036134947035239014,False,False,False,True,False,False,False,True,1791043560482,1791043560491,1791043561353,862,0.3392750607989329,-0.12818921713609166
PAPER:TAKEUSDT:1791030299999:LONG,TAKEUSDT,LONG,0.20078003326780003,False,0.1,1000,-4.179531297998999,-0.8359062595997998,True,-0.6347152809185755,-0.1269430561837151,False,True,False,False,False,False,False,True,1791030419360,1791030419644,1791030422040,2396,0.09039201623397654,3.5448160170804233
PAPER:C98USDT:1791030299999:SHORT,C98USDT,SHORT,0.5325927063865858,True,0.1,1000,-0.33561030806532705,-0.06712206161306541,True,-0.33561030806532705,-0.06712206161306541,False,False,False,False,True,False,False,True,1791030555079,1791030558808,1791030563279,4471,0.5325927063865858,0.0
PAPER:RAYSOLUSDT:1791030299999:LONG,RAYSOLUSDT,LONG,0.3865045416249213,False,0.1,1000,-4.294281797041444,-0.8588563594082889,True,0.3402004976408963,0.06804009952817927,True,True,False,False,False,False,False,True,1791030397825,1791030402770,1791030404379,1609,0.38650454162492903,4.634482294682341
PAPER:MASKUSDT:1791030299999:SHORT,MASKUSDT,SHORT,0.4782276505114329,False,0.1,1000,-0.6904478264892522,-0.13808956529785044,True,-0.22291184575641135,-0.044582369151282275,False,True,False,False,False,False,False,True,1791030455054,1791030455058,1791030458292,3234,0.4782276505114329,0.46753598073284086
PAPER:2ZUSDT:1791030599999:SHORT,2ZUSDT,SHORT,0.04643975739345436,False,0.1,1000,-3.1670863623565806,-0.6334172724713161,False,-3.1670863623565806,-0.6334172724713161,False,False,False,False,False,False,False,False,,,,,,0.0
PAPER:ARKUSDT:1791030599999:LONG,ARKUSDT,LONG,0.11126877469145313,False,0.1,1000,-0.9498100379923222,-0.18996200759846446,False,-0.9498100379923222,-0.18996200759846446,False,False,False,False,False,False,False,False,,,,,,0.0
PAPER:ICPUSDT:1791030599999:SHORT,ICPUSDT,SHORT,0.13297856879422754,False,0.1,1000,-2.251777408861963,-0.45035548177239265,False,-2.251777408861963,-0.45035548177239265,False,False,False,False,False,False,False,False,,,,,,0.0
PAPER:ALCHUSDT:1791030599999:SHORT,ALCHUSDT,SHORT,0.040601939818374046,False,0.1,1000,-3.073413425363308,-0.6146826850726615,False,-3.073413425363308,-0.6146826850726615,False,False,False,False,False,False,False,False,,,,,,0.0
PAPER:1000SATSUSDT:1791030599999:SHORT,1000SATSUSDT,SHORT,0.14356100983075173,False,0.1,1000,-2.382743729857922,-0.4765487459715844,False,-2.382743729857922,-0.4765487459715844,False,False,False,False,False,False,False,False,,,,,,0.0
PAPER:SPXUSDT:1791030599999:SHORT,SPXUSDT,SHORT,0.3946344312621141,False,0.1,1000,-3.082995430845726,-0.6165990861691453,True,-0.1431825920688441,-0.028636518413768818,False,True,False,False,False,False,False,True,1791031346974,1791031505552,1791031512470,6918,0.3946344312621141,2.939812838776882
PAPER:BERAUSDT:1791030599999:SHORT,BERAUSDT,SHORT,0.02415494136355687,False,0.1,1000,-2.7182260293118015,-0.5436452058623603,False,-2.7182260293118015,-0.5436452058623603,False,False,False,False,False,False,False,False,,,,,,0.0
PAPER:CLOUSDT:1791030599999:SHORT,CLOUSDT,SHORT,0.562071677187042,True,0.1,1000,0.020857857313486106,0.0041715714626972215,True,0.10177851525692433,0.020355703051384864,True,False,False,False,True,False,False,True,1791030676135,1791030676136,1791030678216,2080,0.562071677187042,0.08092065794343822
PAPER:RONINUSDT:1791030599999:SHORT,RONINUSDT,SHORT,0.4201447269727042,False,0.1,1000,-0.9881699462047233,-0.19763398924094466,True,-0.2665516904594265,-0.0533103380918853,False,True,False,False,False,False,False,True,1791031166398,1791031171531,1791031193911,22380,0.4201447269727042,0.7216182557452968
PAPER:BABYUSDT:1791030599999:SHORT,BABYUSDT,SHORT,0.13108361853639602,False,0.1,1000,-2.4625017903882367,-0.4925003580776473,False,-2.4625017903882367,-0.4925003580776473,False,False,False,False,False,False,False,False,,,,,,0.0
PAPER:LQTYUSDT:1791030599999:SHORT,LQTYUSDT,SHORT,0.23922711108097128,False,0.1,1000,-1.1664212216092822,-0.23328424432185646,True,-0.301496487202364,-0.0602992974404728,False,True,False,False,False,False,False,True,1791031370434,1791031448213,1791031473500,25287,0.23922711108097128,0.8649247344069182
PAPER:ELSAUSDT:1791030599999:SHORT,ELSAUSDT,SHORT,0.09292788177507333,False,0.1,1000,-2.8341764513986663,-0.5668352902797332,False,-2.8341764513986663,-0.5668352902797332,False,False,False,False,False,False,False,False,,,,,,0.0
PAPER:LYNUSDT:1791030899999:SHORT,LYNUSDT,SHORT,0.4910471145324048,False,0.1,1000,-0.2194233372221207,-0.04388466744442414,True,-0.2194233372221207,-0.04388466744442414,False,False,False,False,False,False,False,True,1791030941539,1791030941856,1791030944842,2986,0.4910471145324048,0.0
PAPER:CUSDT:1791030899999:LONG,CUSDT,LONG,0.5052576067934522,True,0.1,1000,-4.734098707132696,-0.9468197414265391,True,-0.24340948641956217,-0.04868189728391244,False,True,False,False,True,False,False,True,1791030954189,1791030954515,1791030957004,2489,0.5052576067934565,4.490689220713134
PAPER:BATUSDT:1791030899999:SHORT,BATUSDT,SHORT,0.06560207944017078,False,0.1,1000,-3.5743672405177547,-0.7148734481035509,False,-3.5743672405177547,-0.7148734481035509,False,False,False,False,False,False,False,False,,,,,,0.0
PAPER:SOLVUSDT:1791030899999:SHORT,SOLVUSDT,SHORT,0.09791630573226773,False,0.1,1000,-0.3600282954492119,-0.07200565908984238,False,-0.3600282954492119,-0.07200565908984238,False,False,False,False,False,False,False,False,,,,,,0.0
PAPER:SOONUSDT:1791031199999:LONG,SOONUSDT,LONG,0.43180093380581486,False,0.1,1000,-0.8170548040842363,-0.16341096081684725,True,-0.41878910236022276,-0.08375782047204455,False,True,False,False,False,False,False,True,1791031297940,1791031302721,1791031304729,2008,0.1394617408256968,0.3982657017240135
PAPER:GUAUSDT:1791031199999:SHORT,GUAUSDT,SHORT,0.09482952847747854,False,0.1,1000,-2.3151338684784952,-0.46302677369569906,False,-2.3151338684784952,-0.46302677369569906,False,False,False,False,False,False,False,False,,,,,,0.0
PAPER:WAXPUSDT:1791031199999:SHORT,WAXPUSDT,SHORT,0.15796753656780602,False,0.1,1000,-2.1242987820307544,-0.42485975640615087,False,-2.1242987820307544,-0.42485975640615087,False,False,False,False,False,False,False,False,,,,,,0.0
PAPER:XVGUSDT:1791031199999:SHORT,XVGUSDT,SHORT,0.2963147974313368,False,0.1,1000,-2.770751292099085,-0.5541502584198169,True,-0.15864166666351745,-0.03172833333270349,False,True,False,False,False,False,False,True,1791031367984,1791031469446,1791031503586,34140,0.20141915796188806,2.6121096254355676
PAPER:BLUAIUSDT:1791031199999:SHORT,BLUAIUSDT,SHORT,0.4188883317460625,False,0.1,1000,-5.699480266072115,-1.1398960532144229,True,-0.3565287594995132,-0.07130575189990263,False,True,False,False,False,False,False,True,1791031320158,1791031321702,1791031322927,1225,0.4188883317460625,5.342951506572602
PAPER:NILUSDT:1791031199999:LONG,NILUSDT,LONG,0.22971618806590932,False,0.1,1000,-2.7020749171407723,-0.5404149834281544,True,-0.8904112285297964,-0.1780822457059593,False,True,False,False,False,False,False,True,1791031338899,1791031347262,1791031349180,1918,0.14647879177732293,1.811663688610976
PAPER:LDOUSDT:1791031199999:SHORT,LDOUSDT,SHORT,0.4188727170620659,False,0.1,1000,-4.903833487188899,-0.9807666974377798,True,0.038220824287734434,0.007644164857546887,True,True,False,False,False,False,False,True,1791031367589,1791031413660,1791031416872,3212,0.4188727170620659,4.9420543114766335
PAPER:ONUSDT:1791031499999:SHORT,ONUSDT,SHORT,0.1664265751566015,False,0.1,1000,-2.3497478852713356,-0.46994957705426715,False,-2.3497478852713356,-0.46994957705426715,False,False,False,False,False,False,False,False,,,,,,0.0
PAPER:CVCUSDT:1791031499999:SHORT,CVCUSDT,SHORT,0.15044590376835515,False,0.1,1000,-2.485696755915584,-0.4971393511831168,False,-2.485696755915584,-0.4971393511831168,False,False,False,False,False,False,False,False,,,,,,0.0
PAPER:FOGOUSDT:1791031499999:SHORT,FOGOUSDT,SHORT,0.057127292047956295,False,0.1,1000,-3.4110859982869592,-0.6822171996573918,False,-3.4110859982869592,-0.6822171996573918,False,False,False,False,False,False,False,False,,,,,,0.0
PAPER:MUSDT:1791031499999:SHORT,MUSDT,SHORT,0.1562427022849482,False,0.1,1000,-1.0481979068353748,-0.20963958136707497,False,-1.0481979068353748,-0.20963958136707497,False,False,False,False,False,False,False,False,,,,,,0.0
PAPER:TRUTHUSDT:1791031799999:SHORT,TRUTHUSDT,SHORT,0.04259979890824061,False,0.1,1000,-1.8553263437999297,-0.37106526875998597,False,-1.8553263437999297,-0.37106526875998597,False,False,False,False,False,False,False,False,,,,,,0.0
PAPER:MEWUSDT:1791031799999:LONG,MEWUSDT,LONG,0.20671602640922604,False,0.1,1000,-2.9316560299051333,-0.5863312059810266,True,-0.47794194467977374,-0.09558838893595475,False,True,False,False,False,False,False,True,1791031828571,1791031828655,1791031831456,2801,0.15003801960697138,2.4537140852253594
PAPER:ATHUSDT:1791032399999:LONG,ATHUSDT,LONG,0.9362862664506144,True,0.1,1000,-1.4344200088454728,-0.28688400176909457,True,-0.18828008379475863,-0.03765601675895173,False,True,False,False,True,False,False,True,1791032442488,1791032442602,1791032444311,1709,0.9362862664506227,1.2461399250507141
PAPER:PARTIUSDT:1791032699999:LONG,PARTIUSDT,LONG,0.12131849248524507,False,0.1,1000,-1.6557113665605714,-0.3311422733121143,False,-1.6557113665605714,-0.3311422733121143,False,False,False,False,False,False,False,False,,,,,,0.0
PAPER:SCRUSDT:1791032699999:SHORT,SCRUSDT,SHORT,0.17458744667221668,False,0.1,1000,-4.748328639463314,-0.9496657278926629,True,-0.17108468386278092,-0.03421693677255618,False,True,False,False,False,False,False,True,1791032736637,1791032736747,1791032737751,1004,0.1356691571777435,4.577243955600533
PAPER:FLUIDUSDT:1791032699999:LONG,FLUIDUSDT,LONG,0.40288014904572567,False,0.1,1000,-1.5533450107561027,-0.3106690021512205,True,0.25725990753518857,0.05145198150703772,True,True,False,False,False,False,False,True,1791032784031,1791032795054,1791032828390,33336,0.4028801490457218,1.810604918291291
PAPER:BRUSDT:1791032999999:SHORT,BRUSDT,SHORT,0.27254947442767047,False,0.1,1000,-1.4411649157048976,-0.2882329831409795,True,-0.19619290440103576,-0.03923858088020715,False,True,False,False,False,False,False,True,1791033050728,1791033051097,1791033052187,1090,0.1761995274963559,1.2449720113038618
PAPER:TAKEUSDT:1791032999999:LONG,TAKEUSDT,LONG,0.1981648558068816,False,0.1,1000,-4.45263633915979,-0.890527267831958,True,0.06211756012261044,0.012423512024522089,True,True,False,False,False,False,False,True,1791033105781,1791033105796,1791033106922,1126,0.19816485580688872,4.5147538992824
PAPER:AVAUSDT:1791032999999:LONG,AVAUSDT,LONG,0.052532112366043826,False,0.1,1000,-3.304734763964892,-0.6609469527929784,False,-3.304734763964892,-0.6609469527929784,False,False,False,False,False,False,False,False,,,,,,0.0
PAPER:GTCUSDT:1791032999999:LONG,GTCUSDT,LONG,0.5910414075610326,True,0.1,1000,-5.389497416018015,-1.077899483203603,True,0.27903200413969703,0.055806400827939404,True,True,False,False,True,False,False,True,1791033050094,1791033050110,1791033051685,1575,0.5910414075610282,5.6685294201577126
PAPER:KSMUSDT:1791032999999:LONG,KSMUSDT,LONG,0.0557320840319786,False,0.1,1000,-3.0776393835983287,-0.6155278767196658,False,-3.0776393835983287,-0.6155278767196658,False,False,False,False,False,False,False,False,,,,,,0.0
PAPER:ARKMUSDT:1791033599999:SHORT,ARKMUSDT,SHORT,0.056405475136281816,False,0.1,1000,-2.8622419480075423,-0.5724483896015085,False,-2.8622419480075423,-0.5724483896015085,False,False,False,False,False,False,False,False,,,,,,0.0
PAPER:POWERUSDT:1791033599999:SHORT,POWERUSDT,SHORT,0.1333104729659478,False,0.1,1000,-3.2520922207080236,-0.6504184441416047,False,-3.2520922207080236,-0.6504184441416047,False,False,False,False,False,False,False,False,,,,,,0.0
PAPER:IOUSDT:1791033599999:LONG,IOUSDT,LONG,0.04360451065001936,False,0.1,1000,-3.8091145606756855,-0.7618229121351371,False,-3.8091145606756855,-0.7618229121351371,False,False,False,False,False,False,False,False,,,,,,0.0
PAPER:TRADOORUSDT:1791033899999:SHORT,TRADOORUSDT,SHORT,0.037861202555832515,False,0.1,1000,-6.7422084359017616,-1.3484416871803524,False,-6.7422084359017616,-1.3484416871803524,False,False,False,False,False,False,False,False,,,,,,0.0
PAPER:LITUSDT:1791033899999:SHORT,LITUSDT,SHORT,0.5614579357694294,True,0.1,1000,-1.1427683363038064,-0.22855366726076126,True,-0.13708166742346695,-0.02741633348469339,False,True,False,False,True,False,False,True,1791035147604,1791035147673,1791035148941,1268,0.5614579357694294,1.0056866688803394
PAPER:GLMUSDT:1791033899999:LONG,GLMUSDT,LONG,0.41155018572360813,False,0.1,1000,-1.5272247018917282,-0.30544494037834563,True,-0.29540675223981755,-0.05908135044796351,False,True,False,False,False,False,False,True,1791033960425,1791033960496,1791033964780,4284,0.411550185723613,1.2318179496519106
PAPER:PORTALUSDT:1791033899999:LONG,PORTALUSDT,LONG,0.2034230025503403,False,0.1,1000,-2.4843567110599034,-0.49687134221198065,True,-0.3917930659678481,-0.07835861319356961,False,True,False,False,False,False,False,True,1791034275117,1791034275182,1791034281280,6098,0.14756825171280097,2.0925636450920555
PAPER:PROMPTUSDT:1791033899999:LONG,PROMPTUSDT,LONG,0.02804821063659979,False,0.1,1000,-0.9498100379923309,-0.18996200759846618,False,-0.9498100379923309,-0.18996200759846618,False,False,False,False,False,False,False,False,,,,,,0.0
PAPER:MAGMAUSDT:1791033899999:SHORT,MAGMAUSDT,SHORT,0.11747463534199344,False,0.1,1000,-1.6167348982446283,-0.32334697964892567,False,-1.6167348982446283,-0.32334697964892567,False,False,False,False,False,False,False,False,,,,,,0.0
PAPER:SYRUPUSDT:1791034499999:LONG,SYRUPUSDT,LONG,0.3365032121780853,False,0.1,1000,-1.7301618973079922,-0.3460323794615984,True,0.07065008572813974,0.014130017145627949,True,True,False,False,False,False,False,True,1791034856569,1791034859943,1791034861191,1248,0.3365032121780856,1.800811983036132
PAPER:SOPHUSDT:1791034799999:LONG,SOPHUSDT,LONG,0.032486940932008324,False,0.1,1000,-1.0808927650165776,-0.21617855300331554,False,-1.0808927650165776,-0.21617855300331554,False,False,False,False,False,False,False,False,,,,,,0.0
PAPER:TRBUSDT:1791034799999:LONG,TRBUSDT,LONG,0.17249534305692205,False,0.1,1000,-1.1180799807020212,-0.22361599614040423,True,-0.036344634711845236,-0.007268926942369048,False,True,False,False,False,False,False,True,1791034903074,1791034903133,1791034904636,1503,0.1628707758640834,1.081735345990176
PAPER:BRETTUSDT:1791034799999:LONG,BRETTUSDT,LONG,0.013901271279914695,False,0.1,1000,-2.8970518364541604,-0.5794103672908321,False,-2.8970518364541604,-0.5794103672908321,False,False,False,False,False,False,False,False,,,,,,0.0
PAPER:HANAUSDT:1791034799999:SHORT,HANAUSDT,SHORT,0.39639901335803707,False,0.1,1000,-4.076179984123353,-0.8152359968246706,True,-0.5333913785255111,-0.10667827570510223,False,True,False,False,False,False,False,True,1791035379027,1791035403440,1791035408172,4732,0.39639901335803707,3.542788605597842
PAPER:COOKIEUSDT:1791034799999:LONG,COOKIEUSDT,LONG,0.02588041584095091,False,0.1,1000,-3.432422254842399,-0.6864844509684798,False,-3.432422254842399,-0.6864844509684798,False,False,False,False,False,False,False,False,,,,,,0.0
PAPER:BLURUSDT:1791035099999:LONG,BLURUSDT,LONG,0.026898935409902514,False,0.1,1000,-2.1210698643572643,-0.4242139728714529,False,-2.1210698643572643,-0.4242139728714529,False,False,False,False,False,False,False,False,,,,,,0.0
PAPER:GTCUSDT:1791035399999:LONG,GTCUSDT,LONG,0.1905703102749179,False,0.1,1000,0.06306476224254054,0.012612952448508108,True,-0.014848683929357509,-0.0029697367858715017,False,False,True,True,False,False,False,True,1791035430895,1791035433619,1791035433619,0,0.1671740534888317,-0.07791344617189805
PAPER:BIOUSDT:1791035399999:LONG,BIOUSDT,LONG,0.04403217979522811,False,0.1,1000,-2.7089125322549616,-0.5417825064509922,False,-2.7089125322549616,-0.5417825064509922,False,False,False,False,False,False,False,False,,,,,,0.0
PAPER:NILUSDT:1791035699999:SHORT,NILUSDT,SHORT,0.2057747892693691,False,0.1,1000,-1.6043812094959564,-0.3208762418991913,True,-0.3554707911999904,-0.07109415823999808,False,True,False,False,False,False,False,True,1791035814485,1791035814554,1791035816699,2145,0.14635931819844766,1.248910418295966
PAPER:PARTIUSDT:1791035699999:LONG,PARTIUSDT,LONG,0.38892017097602594,False,0.1,1000,-0.4391503345547632,-0.08783006691095264,True,-0.6093702357006527,-0.12187404714013055,False,False,False,True,False,False,False,True,1791035727428,1791035728903,1791035730020,1117,0.15038573744010164,-0.17021990114588953
PAPER:SIGNUSDT:1791035999999:LONG,SIGNUSDT,LONG,0.020325020332290222,False,0.1,1000,-2.903522065186805,-0.580704413037361,False,-2.903522065186805,-0.580704413037361,False,False,False,False,False,False,False,False,,,,,,0.0
PAPER:FHEUSDT:1791035999999:LONG,FHEUSDT,LONG,0.07019795860405686,False,0.1,1000,-1.0624453988318034,-0.2124890797663607,False,-1.0624453988318034,-0.2124890797663607,False,False,False,False,False,False,False,False,,,,,,0.0
PAPER:ENJUSDT:1791035999999:LONG,ENJUSDT,LONG,0.09842864118914108,False,0.1,1000,-0.5061394517069918,-0.10122789034139837,False,-0.5061394517069918,-0.10122789034139837,False,False,False,False,False,False,False,False,,,,,,0.0
PAPER:CHILLGUYUSDT:1791036299999:SHORT,CHILLGUYUSDT,SHORT,0.29671056237814813,False,0.1,1000,-1.6460776979307021,-0.3292155395861404,True,-0.21564195253322527,-0.043128390506645055,False,True,False,False,False,False,False,True,1791036397171,1791036434322,1791036442552,8230,0.2349125988311653,1.4304357453974768
PAPER:ZAMAUSDT:1791036299999:LONG,ZAMAUSDT,LONG,0.05344670536999718,False,0.1,1000,-2.7535616422870577,-0.5507123284574116,False,-2.7535616422870577,-0.5507123284574116,False,False,False,False,False,False,False,False,,,,,,0.0
PAPER:MTLUSDT:1791036299999:SHORT,MTLUSDT,SHORT,0.392645968101903,False,0.1,1000,-2.9359691162288346,-0.5871938232457669,True,-0.15587840671900666,-0.031175681343801328,False,True,False,False,False,False,False,True,1791036605201,1791036612095,1791036613176,1081,0.392645968101903,2.780090709509828
PAPER:MELANIAUSDT:1791036599999:SHORT,MELANIAUSDT,SHORT,0.11439277969808952,False,0.1,1000,-2.823923833139723,-0.5647847666279447,False,-2.823923833139723,-0.5647847666279447,False,False,False,False,False,False,False,False,,,,,,0.0
PAPER:QNTUSDT:1791036599999:SHORT,QNTUSDT,SHORT,0.09206771523578838,False,0.1,1000,-1.1304764324347885,-0.2260952864869577,False,-1.1304764324347885,-0.2260952864869577,False,False,False,False,False,False,False,False,,,,,,0.0
PAPER:1000000BOBUSDT:1791036899999:SHORT,1000000BOBUSDT,SHORT,0.20259244727284154,False,0.1,1000,-0.9501900380075976,-0.19003800760151954,True,-0.20749687771379755,-0.04149937554275951,False,True,False,False,False,False,False,True,1791036924715,1791036924722,1791036927880,3158,0.1283936312485121,0.7426931602938001
PAPER:ZECUSDT:1791036899999:SHORT,ZECUSDT,SHORT,0.34743220879288866,False,0.1,1000,-2.4871455712255535,-0.49742911424511066,True,-0.02879100298007437,-0.0057582005960148735,False,True,False,False,False,False,False,True,1791037441977,1791037446624,1791037447778,1154,0.34743220879288866,2.458354568245479
PAPER:VELVETUSDT:1791037199999:LONG,VELVETUSDT,LONG,0.16967139011807575,False,0.1,1000,-2.5920327443301128,-0.5184065488660226,False,-2.5920327443301128,-0.5184065488660226,False,False,False,False,False,False,False,False,,,,,,0.0
PAPER:EVAAUSDT:1791037499999:LONG,EVAAUSDT,LONG,0.056646393986836685,False,0.1,1000,-3.821169888291375,-0.7642339776582749,False,-3.821169888291375,-0.7642339776582749,False,False,False,False,False,False,False,False,,,,,,0.0
PAPER:ONEUSDT:1791037499999:LONG,ONEUSDT,LONG,0.24924997047268693,False,0.1,1000,-6.076218006145115,-1.215243601229023,True,0.08326837384065833,0.016653674768131666,True,True,False,False,False,False,False,True,1791037530030,1791037530035,1791037531058,1023,0.24924997047269143,6.159486379985774
PAPER:DEEPUSDT:1791037799999:LONG,DEEPUSDT,LONG,0.02104669378111268,False,0.1,1000,-3.6150511995301473,-0.7230102399060295,False,-3.6150511995301473,-0.7230102399060295,False,False,False,False,False,False,False,False,,,,,,0.0
PAPER:OPUSDT:1791037799999:LONG,OPUSDT,LONG,0.26694344698652284,False,0.1,1000,-2.0891271981087893,-0.4178254396217579,True,-0.21476670888504745,-0.04295334177700949,False,True,False,False,False,False,False,True,1791037920378,1791037920380,1791037921833,1453,0.26694344698652633,1.8743604892237418
PAPER:DRIFTUSDT:1791037799999:LONG,DRIFTUSDT,LONG,0.13110727980347736,False,0.1,1000,-3.088406569315816,-0.6176813138631632,False,-3.088406569315816,-0.6176813138631632,False,False,False,False,False,False,False,False,,,,,,0.0
PAPER:ORDIUSDT:1791037799999:LONG,ORDIUSDT,LONG,0.3061675616160109,False,0.1,1000,-2.7963146550767375,-0.5592629310153475,True,-0.08086668877611941,-0.016173337755223883,False,True,False,False,False,False,False,True,1791038997264,1791038997266,1791038998319,1053,0.30616756161601505,2.715447966300618
PAPER:SUPERUSDT:1791038099999:LONG,SUPERUSDT,LONG,0.6513379595819213,True,0.1,1000,-3.4602375064787063,-0.6920475012957413,True,-0.29410137085033594,-0.05882027417006719,False,True,False,False,True,False,False,True,1791038218866,1791038218868,1791038219889,1021,0.6513379595819316,3.1661361356283706
PAPER:KAIAUSDT:1791038099999:LONG,KAIAUSDT,LONG,0.006629832488891374,False,0.1,1000,-3.410360241533641,-0.6820720483067282,False,-3.410360241533641,-0.6820720483067282,False,False,False,False,False,False,False,False,,,,,,0.0
PAPER:1000CATUSDT:1791038699999:LONG,1000CATUSDT,LONG,0.4267421761402934,False,0.1,1000,-0.838231577321695,-0.16764631546433897,True,0.16597456871457816,0.03319491374291563,True,True,False,False,False,False,False,True,1791039120575,1791039125988,1791039135783,9795,0.4267421761402879,1.0042061460362732
PAPER:USUSDT:1791038699999:SHORT,USUSDT,SHORT,0.48393229097455304,False,0.1,1000,-0.7002546247073798,-0.14005092494147595,True,-0.15494099568863384,-0.030988199137726765,False,True,False,False,False,False,False,True,1791038766468,1791038842620,1791038843648,1028,0.4566924914191514,0.5453136290187459
PAPER:哈基米USDT:1791038699999:SHORT,哈基米USDT,SHORT,0.10980781490497439,False,0.1,1000,-0.6253521470030563,-0.12507042940061125,False,-0.6253521470030563,-0.12507042940061125,False,False,False,False,False,False,False,False,,,,,,0.0
PAPER:XMRUSDT:1791038699999:LONG,XMRUSDT,LONG,0.34497365381629397,False,0.1,1000,-1.4191267554642937,-0.2838253510928587,True,0.4581401144231656,0.09162802288463312,True,True,False,False,False,False,False,True,1791039109920,1791039109924,1791039111321,1397,0.34497365381628736,1.8772668698874593
PAPER:NEARUSDT:1791038999999:LONG,NEARUSDT,LONG,0.2154525207140212,False,0.1,1000,-3.248598645182094,-0.6497197290364188,True,0.012473565017195709,0.0024947130034391417,True,True,False,False,False,False,False,True,1791039409323,1791039409323,1791039410495,1172,0.21545252071402157,3.2610722101992895
PAPER:RENDERUSDT:1791038999999:LONG,RENDERUSDT,LONG,0.3777364865167332,False,0.1,1000,-2.564063511265951,-0.5128127022531902,True,0.04357671479134407,0.008715342958268814,True,True,False,False,False,False,False,True,1791039379338,1791039390177,1791039395003,4826,0.3777364865167244,2.607640226057295
PAPER:AEVOUSDT:1791039299999:LONG,AEVOUSDT,LONG,0.32084492192470115,False,0.1,1000,-2.7469840170223327,-0.5493968034044666,True,-0.1931052047165786,-0.03862104094331572,False,True,False,False,False,False,False,True,1791039405907,1791039405919,1791039413229,7310,0.3208449219247057,2.5538788123057543
PAPER:ONUSDT:1791039599999:SHORT,ONUSDT,SHORT,0.359578557077644,False,0.1,1000,-0.4752610152011104,-0.09505220304022208,True,-0.47526101520117625,-0.09505220304023526,False,False,False,False,False,False,False,True,1791039637003,1791039637008,1791039638152,1144,0.16978727813873884,-6.583622536027178e-14
PAPER:XVGUSDT:1791039599999:LONG,XVGUSDT,LONG,0.07237850243317911,False,0.1,1000,-3.6415072428999737,-0.7283014485799947,False,-3.6415072428999737,-0.7283014485799947,False,False,False,False,False,False,False,False,,,,,,0.0
PAPER:CUSDT:1791039899999:LONG,CUSDT,LONG,1.1357841017241022,True,0.1,1000,-4.815485513170761,-0.9630971026341522,True,-2.9579531419810787,-0.5915906283962157,False,True,False,False,True,True,False,True,1791039956183,1791039956495,1791039957612,1117,1.135784101724093,1.857532371189682
PAPER:龙虾USDT:1791039899999:SHORT,龙虾USDT,SHORT,0.0010972658666689283,False,0.1,1000,-2.3230755803059737,-0.4646151160611947,False,-2.3230755803059737,-0.4646151160611947,False,False,False,False,False,False,False,False,,,,,,0.0
PAPER:PHAUSDT:1791039899999:SHORT,PHAUSDT,SHORT,0.5336391386070395,True,0.1,1000,-1.3147750271102738,-0.26295500542205474,True,-0.43977105326381954,-0.0879542106527639,False,True,False,False,False,False,False,True,1791040049204,1791040049267,1791040050365,1098,0.16940023110230443,0.8750039738464543
PAPER:MIRAUSDT:1791040199999:SHORT,MIRAUSDT,SHORT,0.13354810666604766,False,0.1,1000,-1.3344350505103577,-0.26688701010207155,False,-1.3344350505103577,-0.26688701010207155,False,False,False,False,False,False,False,False,,,,,,0.0
PAPER:MEGAUSDT:1791040199999:LONG,MEGAUSDT,LONG,0.5974185977954738,True,0.1,1000,-0.07597016259568207,-0.015194032519136414,True,0.2838462566852729,0.056769251337054585,True,True,False,False,True,False,False,True,1791040279375,1791040279377,1791040280772,1395,0.5974185977954714,0.359816419280955
PAPER:SANDUSDT:1791040499999:LONG,SANDUSDT,LONG,0.8209450237695926,True,0.1,1000,1.3474539452734347,0.26949078905468693,True,0.1660038967367442,0.033200779347348844,True,False,True,True,True,False,False,True,1791040526052,1791040526053,1791040527112,1059,0.8209450237695979,-1.1814500485366906
PAPER:BANUSDT:1791040499999:SHORT,BANUSDT,SHORT,0.05628890843004262,False,0.1,1000,-3.0502385088000796,-0.6100477017600159,False,-3.0502385088000796,-0.6100477017600159,False,False,False,False,False,False,False,False,,,,,,0.0
PAPER:MORPHOUSDT:1791040799999:LONG,MORPHOUSDT,LONG,0.02861058304419739,False,0.1,1000,-1.9210183355999124,-0.3842036671199825,False,-1.9210183355999124,-0.3842036671199825,False,False,False,False,False,False,False,False,,,,,,0.0
PAPER:BMTUSDT:1791040799999:LONG,BMTUSDT,LONG,0.302520141133078,False,0.1,1000,-2.695113121192824,-0.5390226242385647,True,-0.412793704699817,-0.0825587409399634,False,True,False,False,False,False,False,True,1791041208446,1791041209223,1791041214001,4778,0.3025201411330761,2.282319416493007
PAPER:TAKEUSDT:1791041099999:LONG,TAKEUSDT,LONG,0.08721294956695047,False,0.1,1000,-1.523598169842145,-0.304719633968429,False,-1.523598169842145,-0.304719633968429,False,False,False,False,False,False,False,False,,,,,,0.0
PAPER:SENTUSDT:1791041099999:SHORT,SENTUSDT,SHORT,0.025708980918666427,False,0.1,1000,-3.3524018731991214,-0.6704803746398242,False,-3.3524018731991214,-0.6704803746398242,False,False,False,False,False,False,False,False,,,,,,0.0
PAPER:TAKEUSDT:1791041399999:LONG,TAKEUSDT,LONG,0.17738289851521039,False,0.1,1000,-2.2391385466262355,-0.4478277093252471,True,-0.6464386241961715,-0.1292877248392343,False,True,False,False,False,False,False,True,1791041442054,1791041442055,1791041443156,1101,0.14701691400521122,1.592699922430064
PAPER:PHAROSUSDT:1791041999999:LONG,PHAROSUSDT,LONG,0.1184037832522078,False,0.1,1000,-2.747298263215607,-0.5494596526431214,False,-2.747298263215607,-0.5494596526431214,False,False,False,False,False,False,False,False,,,,,,0.0
PAPER:AVAAIUSDT:1791042299999:LONG,AVAAIUSDT,LONG,0.5843370032250439,True,0.1,1000,-1.8501523740850172,-0.37003047481700346,True,-1.0027713518801633,-0.20055427037603266,False,True,False,False,False,False,False,True,1791042458348,1791042471363,1791042472973,1610,0.06482266643173494,0.8473810222048539
PAPER:INXUSDT:1791042299999:LONG,INXUSDT,LONG,0.5111944571072558,True,0.1,1000,-0.949810037992343,-0.1899620075984686,True,0.1281457098917822,0.02562914197835644,True,True,False,False,True,False,False,True,1791042341949,1791042345100,1791042347066,1966,0.5111944571072548,1.077955747884125
PAPER:CYSUSDT:1791042299999:SHORT,CYSUSDT,SHORT,0.04109557403234674,False,0.1,1000,-2.4791307528456885,-0.4958261505691377,False,-2.4791307528456885,-0.4958261505691377,False,False,False,False,False,False,False,False,,,,,,0.0
PAPER:AKTUSDT:1791043199999:LONG,AKTUSDT,LONG,0.09885095789161635,False,0.1,1000,-3.5100134635034834,-0.7020026927006967,False,-3.5100134635034834,-0.7020026927006967,False,False,False,False,False,False,False,False,,,,,,0.0
PAPER:AIOUSDT:1791043499999:LONG,AIOUSDT,LONG,0.3392750607989381,False,0.1,1000,-0.05248551804010343,-0.010497103608020685,True,-0.43705316944828954,-0.0874106338896579,False,False,False,True,False,False,False,True,1791043560482,1791043560491,1791043561693,1202,0.3392750607989329,-0.3845676514081861
PAPER:TAKEUSDT:1791030299999:LONG,TAKEUSDT,LONG,0.20078003326780003,False,0.18,0,-4.179531297998999,-0.8359062595997998,True,-0.31962052384473333,-0.06392410476894667,False,True,False,False,False,False,False,True,1791030419360,1791030419644,1791030419644,0,0.09039201623397654,3.8599107741542653
PAPER:C98USDT:1791030299999:SHORT,C98USDT,SHORT,0.5325927063865858,True,0.18,0,-0.33561030806532705,-0.06712206161306541,True,-0.33561030806532705,-0.06712206161306541,False,False,False,False,True,False,False,True,1791030555079,1791030558808,1791030558808,0,0.5325927063865858,0.0
PAPER:RAYSOLUSDT:1791030299999:LONG,RAYSOLUSDT,LONG,0.3865045416249213,False,0.18,0,-4.294281797041444,-0.8588563594082889,True,-0.06591393024361208,-0.013182786048722417,False,True,False,False,False,False,False,True,1791030397825,1791030402770,1791030402770,0,0.38650454162492903,4.228367866797832
PAPER:MASKUSDT:1791030299999:SHORT,MASKUSDT,SHORT,0.4782276505114329,False,0.18,0,-0.6904478264892522,-0.13808956529785044,True,-0.11901496114906857,-0.023802992229813715,False,True,False,False,False,False,False,True,1791030455054,1791030455058,1791030455058,0,0.4782276505114329,0.5714328653401837
PAPER:2ZUSDT:1791030599999:SHORT,2ZUSDT,SHORT,0.04643975739345436,False,0.18,0,-3.1670863623565806,-0.6334172724713161,False,-3.1670863623565806,-0.6334172724713161,False,False,False,False,False,False,False,False,,,,,,0.0
PAPER:ARKUSDT:1791030599999:LONG,ARKUSDT,LONG,0.11126877469145313,False,0.18,0,-0.9498100379923222,-0.18996200759846446,False,-0.9498100379923222,-0.18996200759846446,False,False,False,False,False,False,False,False,,,,,,0.0
PAPER:ICPUSDT:1791030599999:SHORT,ICPUSDT,SHORT,0.13297856879422754,False,0.18,0,-2.251777408861963,-0.45035548177239265,False,-2.251777408861963,-0.45035548177239265,False,False,False,False,False,False,False,False,,,,,,0.0
PAPER:ALCHUSDT:1791030599999:SHORT,ALCHUSDT,SHORT,0.040601939818374046,False,0.18,0,-3.073413425363308,-0.6146826850726615,False,-3.073413425363308,-0.6146826850726615,False,False,False,False,False,False,False,False,,,,,,0.0
PAPER:1000SATSUSDT:1791030599999:SHORT,1000SATSUSDT,SHORT,0.14356100983075173,False,0.18,0,-2.382743729857922,-0.4765487459715844,False,-2.382743729857922,-0.4765487459715844,False,False,False,False,False,False,False,False,,,,,,0.0
PAPER:SPXUSDT:1791030599999:SHORT,SPXUSDT,SHORT,0.3946344312621141,False,0.18,0,-3.082995430845726,-0.6165990861691453,True,-0.027895814077618927,-0.005579162815523785,False,True,False,False,False,False,False,True,1791031346974,1791031505552,1791031505552,0,0.3946344312621141,3.055099616768107
PAPER:BERAUSDT:1791030599999:SHORT,BERAUSDT,SHORT,0.02415494136355687,False,0.18,0,-2.7182260293118015,-0.5436452058623603,False,-2.7182260293118015,-0.5436452058623603,False,False,False,False,False,False,False,False,,,,,,0.0
PAPER:CLOUSDT:1791030599999:SHORT,CLOUSDT,SHORT,0.562071677187042,True,0.18,0,0.020857857313486106,0.0041715714626972215,True,-0.22190411651677205,-0.04438082330335441,False,False,True,True,True,False,False,True,1791030678216,1791030678742,1791030678742,0,0.562071677187042,-0.24276197383025816
PAPER:RONINUSDT:1791030599999:SHORT,RONINUSDT,SHORT,0.4201447269727042,False,0.18,0,-0.9881699462047233,-0.19763398924094466,True,-0.038672241276834274,-0.007734448255366855,False,True,False,False,False,False,False,True,1791031222023,1791031515790,1791031515790,0,0.17730404958078655,0.949497704927889
PAPER:BABYUSDT:1791030599999:SHORT,BABYUSDT,SHORT,0.13108361853639602,False,0.18,0,-2.4625017903882367,-0.4925003580776473,False,-2.4625017903882367,-0.4925003580776473,False,False,False,False,False,False,False,False,,,,,,0.0
PAPER:LQTYUSDT:1791030599999:SHORT,LQTYUSDT,SHORT,0.23922711108097128,False,0.18,0,-1.1664212216092822,-0.23328424432185646,True,-0.301496487202364,-0.0602992974404728,False,True,False,False,False,False,False,True,1791031370434,1791031448213,1791031448213,0,0.23922711108097128,0.8649247344069182
PAPER:ELSAUSDT:1791030599999:SHORT,ELSAUSDT,SHORT,0.09292788177507333,False,0.18,0,-2.8341764513986663,-0.5668352902797332,False,-2.8341764513986663,-0.5668352902797332,False,False,False,False,False,False,False,False,,,,,,0.0
PAPER:LYNUSDT:1791030899999:SHORT,LYNUSDT,SHORT,0.4910471145324048,False,0.18,0,-0.2194233372221207,-0.04388466744442414,True,-0.2194233372221207,-0.04388466744442414,False,False,False,False,False,False,False,True,1791030941539,1791030941856,1791030941856,0,0.4910471145324048,0.0
PAPER:CUSDT:1791030899999:LONG,CUSDT,LONG,0.5052576067934522,True,0.18,0,-4.734098707132696,-0.9468197414265391,True,-0.14249512190911295,-0.02849902438182259,False,True,False,False,True,False,False,True,1791030954189,1791030954515,1791030954515,0,0.5052576067934565,4.591603585223583
PAPER:BATUSDT:1791030899999:SHORT,BATUSDT,SHORT,0.06560207944017078,False,0.18,0,-3.5743672405177547,-0.7148734481035509,False,-3.5743672405177547,-0.7148734481035509,False,False,False,False,False,False,False,False,,,,,,0.0
PAPER:SOLVUSDT:1791030899999:SHORT,SOLVUSDT,SHORT,0.09791630573226773,False,0.18,0,-0.3600282954492119,-0.07200565908984238,False,-0.3600282954492119,-0.07200565908984238,False,False,False,False,False,False,False,False,,,,,,0.0
PAPER:SOONUSDT:1791031199999:LONG,SOONUSDT,LONG,0.43180093380581486,False,0.18,0,-0.8170548040842363,-0.16341096081684725,True,-0.02052340063613572,-0.004104680127227144,False,True,False,False,False,False,False,True,1791031297940,1791031302721,1791031302721,0,0.1394617408256968,0.7965314034481006
PAPER:GUAUSDT:1791031199999:SHORT,GUAUSDT,SHORT,0.09482952847747854,False,0.18,0,-2.3151338684784952,-0.46302677369569906,False,-2.3151338684784952,-0.46302677369569906,False,False,False,False,False,False,False,False,,,,,,0.0
PAPER:WAXPUSDT:1791031199999:SHORT,WAXPUSDT,SHORT,0.15796753656780602,False,0.18,0,-2.1242987820307544,-0.42485975640615087,False,-2.1242987820307544,-0.42485975640615087,False,False,False,False,False,False,False,False,,,,,,0.0
PAPER:XVGUSDT:1791031199999:SHORT,XVGUSDT,SHORT,0.2963147974313368,False,0.18,0,-2.770751292099085,-0.5541502584198169,True,-0.00033199239473463704,-6.63984789469274e-05,False,True,False,False,False,False,False,True,1791031367984,1791031469446,1791031469446,0,0.20141915796188806,2.7704192997043506
PAPER:BLUAIUSDT:1791031199999:SHORT,BLUAIUSDT,SHORT,0.4188883317460625,False,0.18,0,-5.699480266072115,-1.1398960532144229,True,-0.11906424809623604,-0.02381284961924721,False,True,False,False,False,False,False,True,1791031320158,1791031321702,1791031321702,0,0.4188883317460625,5.580416017975879
PAPER:NILUSDT:1791031199999:LONG,NILUSDT,LONG,0.22971618806590932,False,0.18,0,-2.7020749171407723,-0.5404149834281544,True,-0.05882789605260669,-0.011765579210521338,False,True,False,False,False,False,False,True,1791031338900,1791031347262,1791031347262,0,0.14647879177732293,2.6432470210881656
PAPER:LDOUSDT:1791031199999:SHORT,LDOUSDT,SHORT,0.4188727170620659,False,0.18,0,-4.903833487188899,-0.9807666974377798,True,-0.07160260485622721,-0.014320520971245443,False,True,False,False,False,False,False,True,1791031367589,1791031413660,1791031413660,0,0.4188727170620659,4.832230882332672
PAPER:ONUSDT:1791031499999:SHORT,ONUSDT,SHORT,0.1664265751566015,False,0.18,0,-2.3497478852713356,-0.46994957705426715,False,-2.3497478852713356,-0.46994957705426715,False,False,False,False,False,False,False,False,,,,,,0.0
PAPER:CVCUSDT:1791031499999:SHORT,CVCUSDT,SHORT,0.15044590376835515,False,0.18,0,-2.485696755915584,-0.4971393511831168,False,-2.485696755915584,-0.4971393511831168,False,False,False,False,False,False,False,False,,,,,,0.0
PAPER:FOGOUSDT:1791031499999:SHORT,FOGOUSDT,SHORT,0.057127292047956295,False,0.18,0,-3.4110859982869592,-0.6822171996573918,False,-3.4110859982869592,-0.6822171996573918,False,False,False,False,False,False,False,False,,,,,,0.0
PAPER:MUSDT:1791031499999:SHORT,MUSDT,SHORT,0.1562427022849482,False,0.18,0,-1.0481979068353748,-0.20963958136707497,False,-1.0481979068353748,-0.20963958136707497,False,False,False,False,False,False,False,False,,,,,,0.0
PAPER:TRUTHUSDT:1791031799999:SHORT,TRUTHUSDT,SHORT,0.04259979890824061,False,0.18,0,-1.8553263437999297,-0.37106526875998597,False,-1.8553263437999297,-0.37106526875998597,False,False,False,False,False,False,False,False,,,,,,0.0
PAPER:MEWUSDT:1791031799999:LONG,MEWUSDT,LONG,0.20671602640922604,False,0.18,0,-2.9316560299051333,-0.5863312059810266,True,-0.006073851367291161,-0.0012147702734582322,False,True,False,False,False,False,False,True,1791031828571,1791031828655,1791031828655,0,0.15003801960697138,2.925582178537842
PAPER:ATHUSDT:1791032399999:LONG,ATHUSDT,LONG,0.9362862664506144,True,0.18,0,-1.4344200088454728,-0.28688400176909457,True,-0.18828008379475863,-0.03765601675895173,False,True,False,False,True,False,False,True,1791032442852,1791032443328,1791032443328,0,0.9362862664506227,1.2461399250507141
PAPER:PARTIUSDT:1791032699999:LONG,PARTIUSDT,LONG,0.12131849248524507,False,0.18,0,-1.6557113665605714,-0.3311422733121143,False,-1.6557113665605714,-0.3311422733121143,False,False,False,False,False,False,False,False,,,,,,0.0
PAPER:SCRUSDT:1791032699999:SHORT,SCRUSDT,SHORT,0.17458744667221668,False,0.18,0,-4.748328639463314,-0.9496657278926629,False,-4.748328639463314,-0.9496657278926629,False,False,False,False,False,False,False,False,,,,,,0.0
PAPER:FLUIDUSDT:1791032699999:LONG,FLUIDUSDT,LONG,0.40288014904572567,False,0.18,0,-1.5533450107561027,-0.3106690021512205,True,-0.04450757884675477,-0.008901515769350955,False,True,False,False,False,False,False,True,1791032784031,1791032795054,1791032795054,0,0.4028801490457218,1.5088374319093478
PAPER:BRUSDT:1791032999999:SHORT,BRUSDT,SHORT,0.27254947442767047,False,0.18,0,-1.4411649157048976,-0.2882329831409795,True,-0.02084473379488816,-0.004168946758977632,False,True,False,False,False,False,False,True,1791033050728,1791033051097,1791033051097,0,0.1761995274963559,1.4203201819100095
PAPER:TAKEUSDT:1791032999999:LONG,TAKEUSDT,LONG,0.1981648558068816,False,0.18,0,-4.45263633915979,-0.890527267831958,True,-0.01572302434764733,-0.003144604869529466,False,True,False,False,False,False,False,True,1791033105781,1791033105796,1791033105796,0,0.19816485580688872,4.436913314812143
PAPER:AVAUSDT:1791032999999:LONG,AVAUSDT,LONG,0.052532112366043826,False,0.18,0,-3.304734763964892,-0.6609469527929784,False,-3.304734763964892,-0.6609469527929784,False,False,False,False,False,False,False,False,,,,,,0.0
PAPER:GTCUSDT:1791032999999:LONG,GTCUSDT,LONG,0.5910414075610326,True,0.18,0,-5.389497416018015,-1.077899483203603,True,-0.038088522862153695,-0.007617704572430739,False,True,False,False,True,False,False,True,1791033050095,1791033050110,1791033050110,0,0.5910414075610282,5.351408893155861
PAPER:KSMUSDT:1791032999999:LONG,KSMUSDT,LONG,0.0557320840319786,False,0.18,0,-3.0776393835983287,-0.6155278767196658,False,-3.0776393835983287,-0.6155278767196658,False,False,False,False,False,False,False,False,,,,,,0.0
PAPER:ARKMUSDT:1791033599999:SHORT,ARKMUSDT,SHORT,0.056405475136281816,False,0.18,0,-2.8622419480075423,-0.5724483896015085,False,-2.8622419480075423,-0.5724483896015085,False,False,False,False,False,False,False,False,,,,,,0.0
PAPER:POWERUSDT:1791033599999:SHORT,POWERUSDT,SHORT,0.1333104729659478,False,0.18,0,-3.2520922207080236,-0.6504184441416047,False,-3.2520922207080236,-0.6504184441416047,False,False,False,False,False,False,False,False,,,,,,0.0
PAPER:IOUSDT:1791033599999:LONG,IOUSDT,LONG,0.04360451065001936,False,0.18,0,-3.8091145606756855,-0.7618229121351371,False,-3.8091145606756855,-0.7618229121351371,False,False,False,False,False,False,False,False,,,,,,0.0
PAPER:TRADOORUSDT:1791033899999:SHORT,TRADOORUSDT,SHORT,0.037861202555832515,False,0.18,0,-6.7422084359017616,-1.3484416871803524,False,-6.7422084359017616,-1.3484416871803524,False,False,False,False,False,False,False,False,,,,,,0.0
PAPER:LITUSDT:1791033899999:SHORT,LITUSDT,SHORT,0.5614579357694294,True,0.18,0,-1.1427683363038064,-0.22855366726076126,True,-0.15134672655647058,-0.03026934531129412,False,True,False,False,True,False,False,True,1791035147612,1791035147673,1791035147673,0,0.5614579357694294,0.9914216097473358
PAPER:GLMUSDT:1791033899999:LONG,GLMUSDT,LONG,0.41155018572360813,False,0.18,0,-1.5272247018917282,-0.30544494037834563,True,-0.10293519760670311,-0.02058703952134062,False,True,False,False,False,False,False,True,1791033960425,1791033960496,1791033960496,0,0.411550185723613,1.4242895042850252
PAPER:PORTALUSDT:1791033899999:LONG,PORTALUSDT,LONG,0.2034230025503403,False,0.18,0,-2.4843567110599034,-0.49687134221198065,True,-0.11278457995543839,-0.022556915991087678,False,True,False,False,False,False,False,True,1791034275117,1791034275182,1791034275182,0,0.14756825171280097,2.371572131104465
PAPER:PROMPTUSDT:1791033899999:LONG,PROMPTUSDT,LONG,0.02804821063659979,False,0.18,0,-0.9498100379923309,-0.18996200759846618,False,-0.9498100379923309,-0.18996200759846618,False,False,False,False,False,False,False,False,,,,,,0.0
PAPER:MAGMAUSDT:1791033899999:SHORT,MAGMAUSDT,SHORT,0.11747463534199344,False,0.18,0,-1.6167348982446283,-0.32334697964892567,False,-1.6167348982446283,-0.32334697964892567,False,False,False,False,False,False,False,False,,,,,,0.0
PAPER:SYRUPUSDT:1791034499999:LONG,SYRUPUSDT,LONG,0.3365032121780853,False,0.18,0,-1.7301618973079922,-0.3460323794615984,True,-0.029395024440531214,-0.005879004888106243,False,True,False,False,False,False,False,True,1791034856569,1791034859943,1791034859943,0,0.3365032121780856,1.700766872867461
PAPER:SOPHUSDT:1791034799999:LONG,SOPHUSDT,LONG,0.032486940932008324,False,0.18,0,-1.0808927650165776,-0.21617855300331554,False,-1.0808927650165776,-0.21617855300331554,False,False,False,False,False,False,False,False,,,,,,0.0
PAPER:TRBUSDT:1791034799999:LONG,TRBUSDT,LONG,0.17249534305692205,False,0.18,0,-1.1180799807020212,-0.22361599614040423,False,-1.1180799807020212,-0.22361599614040423,False,False,False,False,False,False,False,False,,,,,,0.0
PAPER:BRETTUSDT:1791034799999:LONG,BRETTUSDT,LONG,0.013901271279914695,False,0.18,0,-2.8970518364541604,-0.5794103672908321,False,-2.8970518364541604,-0.5794103672908321,False,False,False,False,False,False,False,False,,,,,,0.0
PAPER:HANAUSDT:1791034799999:SHORT,HANAUSDT,SHORT,0.39639901335803707,False,0.18,0,-4.076179984123353,-0.8152359968246706,True,-0.11659271904339497,-0.023318543808678992,False,True,False,False,False,False,False,True,1791035379027,1791035403440,1791035403440,0,0.39639901335803707,3.9595872650799584
PAPER:COOKIEUSDT:1791034799999:LONG,COOKIEUSDT,LONG,0.02588041584095091,False,0.18,0,-3.432422254842399,-0.6864844509684798,False,-3.432422254842399,-0.6864844509684798,False,False,False,False,False,False,False,False,,,,,,0.0
PAPER:BLURUSDT:1791035099999:LONG,BLURUSDT,LONG,0.026898935409902514,False,0.18,0,-2.1210698643572643,-0.4242139728714529,False,-2.1210698643572643,-0.4242139728714529,False,False,False,False,False,False,False,False,,,,,,0.0
PAPER:GTCUSDT:1791035399999:LONG,GTCUSDT,LONG,0.1905703102749179,False,0.18,0,0.06306476224254054,0.012612952448508108,True,-0.014848683929357509,-0.0029697367858715017,False,False,True,True,False,False,False,True,1791035430895,1791035433619,1791035433619,0,0.1671740534888317,-0.07791344617189805
PAPER:BIOUSDT:1791035399999:LONG,BIOUSDT,LONG,0.04403217979522811,False,0.18,0,-2.7089125322549616,-0.5417825064509922,False,-2.7089125322549616,-0.5417825064509922,False,False,False,False,False,False,False,False,,,,,,0.0
PAPER:NILUSDT:1791035699999:SHORT,NILUSDT,SHORT,0.2057747892693691,False,0.18,0,-1.6043812094959564,-0.3208762418991913,True,-0.2959988665191711,-0.059199773303834226,False,True,False,False,False,False,False,True,1791035814485,1791035814554,1791035814554,0,0.14635931819844766,1.3083823429767854
PAPER:PARTIUSDT:1791035699999:LONG,PARTIUSDT,LONG,0.38892017097602594,False,0.18,0,-0.4391503345547632,-0.08783006691095264,True,-0.09871053226304322,-0.01974210645260864,False,True,False,False,False,False,False,True,1791035727428,1791035728903,1791035728903,0,0.15038573744010164,0.34043980229172
PAPER:SIGNUSDT:1791035999999:LONG,SIGNUSDT,LONG,0.020325020332290222,False,0.18,0,-2.903522065186805,-0.580704413037361,False,-2.903522065186805,-0.580704413037361,False,False,False,False,False,False,False,False,,,,,,0.0
PAPER:FHEUSDT:1791035999999:LONG,FHEUSDT,LONG,0.07019795860405686,False,0.18,0,-1.0624453988318034,-0.2124890797663607,False,-1.0624453988318034,-0.2124890797663607,False,False,False,False,False,False,False,False,,,,,,0.0
PAPER:ENJUSDT:1791035999999:LONG,ENJUSDT,LONG,0.09842864118914108,False,0.18,0,-0.5061394517069918,-0.10122789034139837,False,-0.5061394517069918,-0.10122789034139837,False,False,False,False,False,False,False,False,,,,,,0.0
PAPER:CHILLGUYUSDT:1791036299999:SHORT,CHILLGUYUSDT,SHORT,0.29671056237814813,False,0.18,0,-1.6460776979307021,-0.3292155395861404,True,-0.09966067587942107,-0.019932135175884214,False,True,False,False,False,False,False,True,1791036397171,1791036434322,1791036434322,0,0.2349125988311653,1.5464170220512812
PAPER:ZAMAUSDT:1791036299999:LONG,ZAMAUSDT,LONG,0.05344670536999718,False,0.18,0,-2.7535616422870577,-0.5507123284574116,False,-2.7535616422870577,-0.5507123284574116,False,False,False,False,False,False,False,False,,,,,,0.0
PAPER:MTLUSDT:1791036299999:SHORT,MTLUSDT,SHORT,0.392645968101903,False,0.18,0,-2.9359691162288346,-0.5871938232457669,True,-0.15587840671900666,-0.031175681343801328,False,True,False,False,False,False,False,True,1791036616950,1791036620205,1791036620205,0,0.392645968101903,2.780090709509828
PAPER:MELANIAUSDT:1791036599999:SHORT,MELANIAUSDT,SHORT,0.11439277969808952,False,0.18,0,-2.823923833139723,-0.5647847666279447,False,-2.823923833139723,-0.5647847666279447,False,False,False,False,False,False,False,False,,,,,,0.0
PAPER:QNTUSDT:1791036599999:SHORT,QNTUSDT,SHORT,0.09206771523578838,False,0.18,0,-1.1304764324347885,-0.2260952864869577,False,-1.1304764324347885,-0.2260952864869577,False,False,False,False,False,False,False,False,,,,,,0.0
PAPER:1000000BOBUSDT:1791036899999:SHORT,1000000BOBUSDT,SHORT,0.20259244727284154,False,0.18,0,-0.9501900380075976,-0.19003800760151954,True,-0.5788434578606332,-0.11576869157212664,False,True,False,False,False,False,False,True,1791036924715,1791036924722,1791036924722,0,0.1283936312485121,0.3713465801469644
PAPER:ZECUSDT:1791036899999:SHORT,ZECUSDT,SHORT,0.34743220879288866,False,0.18,0,-2.4871455712255535,-0.49742911424511066,True,-0.001691031361659101,-0.0003382062723318202,False,True,False,False,False,False,False,True,1791037444152,1791037446624,1791037446624,0,0.34743220879288866,2.4854545398638943
PAPER:VELVETUSDT:1791037199999:LONG,VELVETUSDT,LONG,0.16967139011807575,False,0.18,0,-2.5920327443301128,-0.5184065488660226,False,-2.5920327443301128,-0.5184065488660226,False,False,False,False,False,False,False,False,,,,,,0.0
PAPER:EVAAUSDT:1791037499999:LONG,EVAAUSDT,LONG,0.056646393986836685,False,0.18,0,-3.821169888291375,-0.7642339776582749,False,-3.821169888291375,-0.7642339776582749,False,False,False,False,False,False,False,False,,,,,,0.0
PAPER:ONEUSDT:1791037499999:LONG,ONEUSDT,LONG,0.24924997047268693,False,0.18,0,-6.076218006145115,-1.215243601229023,True,-0.014191853690767642,-0.0028383707381535285,False,True,False,False,False,False,False,True,1791037530030,1791037530035,1791037530035,0,0.24924997047269143,6.062026152454348
PAPER:DEEPUSDT:1791037799999:LONG,DEEPUSDT,LONG,0.02104669378111268,False,0.18,0,-3.6150511995301473,-0.7230102399060295,False,-3.6150511995301473,-0.7230102399060295,False,False,False,False,False,False,False,False,,,,,,0.0
PAPER:OPUSDT:1791037799999:LONG,OPUSDT,LONG,0.26694344698652284,False,0.18,0,-2.0891271981087893,-0.4178254396217579,True,-0.178014542429638,-0.0356029084859276,False,True,False,False,False,False,False,True,1791037920379,1791037920380,1791037920380,0,0.26694344698652633,1.9111126556791513
PAPER:DRIFTUSDT:1791037799999:LONG,DRIFTUSDT,LONG,0.13110727980347736,False,0.18,0,-3.088406569315816,-0.6176813138631632,False,-3.088406569315816,-0.6176813138631632,False,False,False,False,False,False,False,False,,,,,,0.0
PAPER:ORDIUSDT:1791037799999:LONG,ORDIUSDT,LONG,0.3061675616160109,False,0.18,0,-2.7963146550767375,-0.5592629310153475,True,-0.08086668877611941,-0.016173337755223883,False,True,False,False,False,False,False,True,1791039062236,1791039065527,1791039065527,0,0.30616756161601505,2.715447966300618
PAPER:SUPERUSDT:1791038099999:LONG,SUPERUSDT,LONG,0.6513379595819213,True,0.18,0,-3.4602375064787063,-0.6920475012957413,True,-0.23789777080963867,-0.04757955416192773,False,True,False,False,True,False,False,True,1791038218866,1791038218868,1791038218868,0,0.6513379595819316,3.2223397356690677
PAPER:KAIAUSDT:1791038099999:LONG,KAIAUSDT,LONG,0.006629832488891374,False,0.18,0,-3.410360241533641,-0.6820720483067282,False,-3.410360241533641,-0.6820720483067282,False,False,False,False,False,False,False,False,,,,,,0.0
PAPER:1000CATUSDT:1791038699999:LONG,1000CATUSDT,LONG,0.4267421761402934,False,0.18,0,-0.838231577321695,-0.16764631546433897,True,-0.05718235262681587,-0.011436470525363174,False,True,False,False,False,False,False,True,1791039120575,1791039125988,1791039125988,0,0.4267421761402879,0.781049224694879
PAPER:USUSDT:1791038699999:SHORT,USUSDT,SHORT,0.48393229097455304,False,0.18,0,-0.7002546247073798,-0.14005092494147595,True,-0.01861258843391783,-0.0037225176867835665,False,True,False,False,False,False,False,True,1791038766469,1791038842620,1791038842620,0,0.4566924914191514,0.6816420362734619
PAPER:哈基米USDT:1791038699999:SHORT,哈基米USDT,SHORT,0.10980781490497439,False,0.18,0,-0.6253521470030563,-0.12507042940061125,False,-0.6253521470030563,-0.12507042940061125,False,False,False,False,False,False,False,False,,,,,,0.0
PAPER:XMRUSDT:1791038699999:LONG,XMRUSDT,LONG,0.34497365381629397,False,0.18,0,-1.4191267554642937,-0.2838253510928587,True,-0.002151281558794793,-0.0004302563117589586,False,True,False,False,False,False,False,True,1791039109984,1791039377860,1791039377860,0,0.3016109225747648,1.416975473905499
PAPER:NEARUSDT:1791038999999:LONG,NEARUSDT,LONG,0.2154525207140212,False,0.18,0,-3.248598645182094,-0.6497197290364188,True,-0.09444683531709047,-0.018889367063418094,False,True,False,False,False,False,False,True,1791039413055,1791039413055,1791039413055,0,0.19404810966730063,3.154151809865003
PAPER:RENDERUSDT:1791038999999:LONG,RENDERUSDT,LONG,0.3777364865167332,False,0.18,0,-2.564063511265951,-0.5128127022531902,True,-0.2047699734046361,-0.04095399468092722,False,True,False,False,False,False,False,True,1791039387975,1791039390177,1791039390177,0,0.3777364865167244,2.3592935378613147
PAPER:AEVOUSDT:1791039299999:LONG,AEVOUSDT,LONG,0.32084492192470115,False,0.18,0,-2.7469840170223327,-0.5493968034044666,True,-0.003928996397624118,-0.0007857992795248236,False,True,False,False,False,False,False,True,1791039405907,1791039405919,1791039405919,0,0.3208449219247057,2.7430550206247086
PAPER:ONUSDT:1791039599999:SHORT,ONUSDT,SHORT,0.359578557077644,False,0.18,0,-0.4752610152011104,-0.09505220304022208,True,-0.00033199239468789665,-6.639847893757933e-05,False,True,False,False,False,False,False,True,1791039637003,1791039637008,1791039637008,0,0.16978727813873884,0.4749290228064225
PAPER:XVGUSDT:1791039599999:LONG,XVGUSDT,LONG,0.07237850243317911,False,0.18,0,-3.6415072428999737,-0.7283014485799947,False,-3.6415072428999737,-0.7283014485799947,False,False,False,False,False,False,False,False,,,,,,0.0
PAPER:CUSDT:1791039899999:LONG,CUSDT,LONG,1.1357841017241022,True,0.18,0,-4.815485513170761,-0.9630971026341522,True,-0.046145641197414655,-0.009229128239482931,False,True,False,False,True,True,False,True,1791039956183,1791039956495,1791039956495,0,1.135784101724093,4.769339871973346
PAPER:龙虾USDT:1791039899999:SHORT,龙虾USDT,SHORT,0.0010972658666689283,False,0.18,0,-2.3230755803059737,-0.4646151160611947,False,-2.3230755803059737,-0.4646151160611947,False,False,False,False,False,False,False,False,,,,,,0.0
PAPER:PHAUSDT:1791039899999:SHORT,PHAUSDT,SHORT,0.5336391386070395,True,0.18,0,-1.3147750271102738,-0.26295500542205474,True,-0.0022690663405923184,-0.0004538132681184637,False,True,False,False,False,False,False,True,1791040049204,1791040049267,1791040049267,0,0.16940023110230443,1.3125059607696814
PAPER:MIRAUSDT:1791040199999:SHORT,MIRAUSDT,SHORT,0.13354810666604766,False,0.18,0,-1.3344350505103577,-0.26688701010207155,False,-1.3344350505103577,-0.26688701010207155,False,False,False,False,False,False,False,False,,,,,,0.0
PAPER:MEGAUSDT:1791040199999:LONG,MEGAUSDT,LONG,0.5974185977954738,True,0.18,0,-0.07597016259568207,-0.015194032519136414,True,-0.1273725082072369,-0.025474501641447378,False,False,False,True,True,False,False,True,1791040279375,1791040279377,1791040279377,0,0.5974185977954714,-0.05140234561155482
PAPER:SANDUSDT:1791040499999:LONG,SANDUSDT,LONG,0.8209450237695926,True,0.18,0,1.3474539452734347,0.26949078905468693,True,-0.6872655827619613,-0.13745311655239226,False,False,True,True,True,False,False,True,1791040526052,1791040526053,1791040526053,0,0.8209450237695979,-2.034719528035396
PAPER:BANUSDT:1791040499999:SHORT,BANUSDT,SHORT,0.05628890843004262,False,0.18,0,-3.0502385088000796,-0.6100477017600159,False,-3.0502385088000796,-0.6100477017600159,False,False,False,False,False,False,False,False,,,,,,0.0
PAPER:MORPHOUSDT:1791040799999:LONG,MORPHOUSDT,LONG,0.02861058304419739,False,0.18,0,-1.9210183355999124,-0.3842036671199825,False,-1.9210183355999124,-0.3842036671199825,False,False,False,False,False,False,False,False,,,,,,0.0
PAPER:BMTUSDT:1791040799999:LONG,BMTUSDT,LONG,0.302520141133078,False,0.18,0,-2.695113121192824,-0.5390226242385647,True,-0.412793704699817,-0.0825587409399634,False,True,False,False,False,False,False,True,1791041208446,1791041209223,1791041209223,0,0.3025201411330761,2.282319416493007
PAPER:TAKEUSDT:1791041099999:LONG,TAKEUSDT,LONG,0.08721294956695047,False,0.18,0,-1.523598169842145,-0.304719633968429,False,-1.523598169842145,-0.304719633968429,False,False,False,False,False,False,False,False,,,,,,0.0
PAPER:SENTUSDT:1791041099999:SHORT,SENTUSDT,SHORT,0.025708980918666427,False,0.18,0,-3.3524018731991214,-0.6704803746398242,False,-3.3524018731991214,-0.6704803746398242,False,False,False,False,False,False,False,False,,,,,,0.0
PAPER:TAKEUSDT:1791041399999:LONG,TAKEUSDT,LONG,0.17738289851521039,False,0.18,0,-2.2391385466262355,-0.4478277093252471,False,-2.2391385466262355,-0.4478277093252471,False,False,False,False,False,False,False,False,,,,,,0.0
PAPER:PHAROSUSDT:1791041999999:LONG,PHAROSUSDT,LONG,0.1184037832522078,False,0.18,0,-2.747298263215607,-0.5494596526431214,False,-2.747298263215607,-0.5494596526431214,False,False,False,False,False,False,False,False,,,,,,0.0
PAPER:AVAAIUSDT:1791042299999:LONG,AVAAIUSDT,LONG,0.5843370032250439,True,0.18,0,-1.8501523740850172,-0.37003047481700346,True,-0.36723558522645416,-0.07344711704529083,False,True,False,False,False,False,False,True,1791042458348,1791042471363,1791042471363,0,0.06482266643173494,1.482916788858563
PAPER:INXUSDT:1791042299999:LONG,INXUSDT,LONG,0.5111944571072558,True,0.18,0,-0.949810037992343,-0.1899620075984686,True,-0.12061330885065293,-0.024122661770130584,False,True,False,False,True,False,False,True,1791042341949,1791042345100,1791042345100,0,0.5111944571072548,0.8291967291416901
PAPER:CYSUSDT:1791042299999:SHORT,CYSUSDT,SHORT,0.04109557403234674,False,0.18,0,-2.4791307528456885,-0.4958261505691377,False,-2.4791307528456885,-0.4958261505691377,False,False,False,False,False,False,False,False,,,,,,0.0
PAPER:AKTUSDT:1791043199999:LONG,AKTUSDT,LONG,0.09885095789161635,False,0.18,0,-3.5100134635034834,-0.7020026927006967,False,-3.5100134635034834,-0.7020026927006967,False,False,False,False,False,False,False,False,,,,,,0.0
PAPER:AIOUSDT:1791043499999:LONG,AIOUSDT,LONG,0.3392750607989381,False,0.18,0,-0.05248551804010343,-0.010497103608020685,True,-0.05248551804010343,-0.010497103608020685,False,False,False,False,False,False,False,True,1791043560482,1791043560491,1791043560491,0,0.3392750607989329,0.0
PAPER:TAKEUSDT:1791030299999:LONG,TAKEUSDT,LONG,0.20078003326780003,False,0.18,100,-4.179531297998999,-0.8359062595997998,True,-0.47716790238159973,-0.09543358047631995,False,True,False,False,False,False,False,True,1791030419360,1791030419644,1791030420194,550,0.09039201623397654,3.702363395617399
PAPER:C98USDT:1791030299999:SHORT,C98USDT,SHORT,0.5325927063865858,True,0.18,100,-0.33561030806532705,-0.06712206161306541,True,-0.33561030806532705,-0.06712206161306541,False,False,False,False,True,False,False,True,1791030555079,1791030558808,1791030563279,4471,0.5325927063865858,0.0
PAPER:RAYSOLUSDT:1791030299999:LONG,RAYSOLUSDT,LONG,0.3865045416249213,False,0.18,100,-4.294281797041444,-0.8588563594082889,True,0.0057533217359322375,0.0011506643471864476,True,True,False,False,False,False,False,True,1791030397825,1791030402770,1791030402901,131,0.38650454162492903,4.300035118777377
PAPER:MASKUSDT:1791030299999:SHORT,MASKUSDT,SHORT,0.4782276505114329,False,0.18,100,-0.6904478264892522,-0.13808956529785044,True,-0.22291184575641135,-0.044582369151282275,False,True,False,False,False,False,False,True,1791030455054,1791030455058,1791030458292,3234,0.4782276505114329,0.46753598073284086
PAPER:2ZUSDT:1791030599999:SHORT,2ZUSDT,SHORT,0.04643975739345436,False,0.18,100,-3.1670863623565806,-0.6334172724713161,False,-3.1670863623565806,-0.6334172724713161,False,False,False,False,False,False,False,False,,,,,,0.0
PAPER:ARKUSDT:1791030599999:LONG,ARKUSDT,LONG,0.11126877469145313,False,0.18,100,-0.9498100379923222,-0.18996200759846446,False,-0.9498100379923222,-0.18996200759846446,False,False,False,False,False,False,False,False,,,,,,0.0
PAPER:ICPUSDT:1791030599999:SHORT,ICPUSDT,SHORT,0.13297856879422754,False,0.18,100,-2.251777408861963,-0.45035548177239265,False,-2.251777408861963,-0.45035548177239265,False,False,False,False,False,False,False,False,,,,,,0.0
PAPER:ALCHUSDT:1791030599999:SHORT,ALCHUSDT,SHORT,0.040601939818374046,False,0.18,100,-3.073413425363308,-0.6146826850726615,False,-3.073413425363308,-0.6146826850726615,False,False,False,False,False,False,False,False,,,,,,0.0
PAPER:1000SATSUSDT:1791030599999:SHORT,1000SATSUSDT,SHORT,0.14356100983075173,False,0.18,100,-2.382743729857922,-0.4765487459715844,False,-2.382743729857922,-0.4765487459715844,False,False,False,False,False,False,False,False,,,,,,0.0
PAPER:SPXUSDT:1791030599999:SHORT,SPXUSDT,SHORT,0.3946344312621141,False,0.18,100,-3.082995430845726,-0.6165990861691453,True,-0.1431825920688441,-0.028636518413768818,False,True,False,False,False,False,False,True,1791031346974,1791031505552,1791031512470,6918,0.3946344312621141,2.939812838776882
PAPER:BERAUSDT:1791030599999:SHORT,BERAUSDT,SHORT,0.02415494136355687,False,0.18,100,-2.7182260293118015,-0.5436452058623603,False,-2.7182260293118015,-0.5436452058623603,False,False,False,False,False,False,False,False,,,,,,0.0
PAPER:CLOUSDT:1791030599999:SHORT,CLOUSDT,SHORT,0.562071677187042,True,0.18,100,0.020857857313486106,0.0041715714626972215,True,-0.22190411651677205,-0.04438082330335441,False,False,True,True,True,False,False,True,1791030678216,1791030678742,1791030678965,223,0.562071677187042,-0.24276197383025816
PAPER:RONINUSDT:1791030599999:SHORT,RONINUSDT,SHORT,0.4201447269727042,False,0.18,100,-0.9881699462047233,-0.19763398924094466,True,-0.1905918740652291,-0.03811837481304582,False,True,False,False,False,False,False,True,1791031222023,1791031515790,1791031534197,18407,0.17730404958078655,0.7975780721394943
PAPER:BABYUSDT:1791030599999:SHORT,BABYUSDT,SHORT,0.13108361853639602,False,0.18,100,-2.4625017903882367,-0.4925003580776473,False,-2.4625017903882367,-0.4925003580776473,False,False,False,False,False,False,False,False,,,,,,0.0
PAPER:LQTYUSDT:1791030599999:SHORT,LQTYUSDT,SHORT,0.23922711108097128,False,0.18,100,-1.1664212216092822,-0.23328424432185646,True,-0.301496487202364,-0.0602992974404728,False,True,False,False,False,False,False,True,1791031370434,1791031448213,1791031473500,25287,0.23922711108097128,0.8649247344069182
PAPER:ELSAUSDT:1791030599999:SHORT,ELSAUSDT,SHORT,0.09292788177507333,False,0.18,100,-2.8341764513986663,-0.5668352902797332,False,-2.8341764513986663,-0.5668352902797332,False,False,False,False,False,False,False,False,,,,,,0.0
PAPER:LYNUSDT:1791030899999:SHORT,LYNUSDT,SHORT,0.4910471145324048,False,0.18,100,-0.2194233372221207,-0.04388466744442414,True,-0.2194233372221207,-0.04388466744442414,False,False,False,False,False,False,False,True,1791030941539,1791030941856,1791030944842,2986,0.4910471145324048,0.0
PAPER:CUSDT:1791030899999:LONG,CUSDT,LONG,0.5052576067934522,True,0.18,100,-4.734098707132696,-0.9468197414265391,True,-0.14249512190911295,-0.02849902438182259,False,True,False,False,True,False,False,True,1791030954189,1791030954515,1791030954970,455,0.5052576067934565,4.591603585223583
PAPER:BATUSDT:1791030899999:SHORT,BATUSDT,SHORT,0.06560207944017078,False,0.18,100,-3.5743672405177547,-0.7148734481035509,False,-3.5743672405177547,-0.7148734481035509,False,False,False,False,False,False,False,False,,,,,,0.0
PAPER:SOLVUSDT:1791030899999:SHORT,SOLVUSDT,SHORT,0.09791630573226773,False,0.18,100,-0.3600282954492119,-0.07200565908984238,False,-0.3600282954492119,-0.07200565908984238,False,False,False,False,False,False,False,False,,,,,,0.0
PAPER:SOONUSDT:1791031199999:LONG,SOONUSDT,LONG,0.43180093380581486,False,0.18,100,-0.8170548040842363,-0.16341096081684725,True,-0.2860338684521938,-0.05720677369043876,False,True,False,False,False,False,False,True,1791031297940,1791031302721,1791031302861,140,0.1394617408256968,0.5310209356320424
PAPER:GUAUSDT:1791031199999:SHORT,GUAUSDT,SHORT,0.09482952847747854,False,0.18,100,-2.3151338684784952,-0.46302677369569906,False,-2.3151338684784952,-0.46302677369569906,False,False,False,False,False,False,False,False,,,,,,0.0
PAPER:WAXPUSDT:1791031199999:SHORT,WAXPUSDT,SHORT,0.15796753656780602,False,0.18,100,-2.1242987820307544,-0.42485975640615087,False,-2.1242987820307544,-0.42485975640615087,False,False,False,False,False,False,False,False,,,,,,0.0
PAPER:XVGUSDT:1791031199999:SHORT,XVGUSDT,SHORT,0.2963147974313368,False,0.18,100,-2.770751292099085,-0.5541502584198169,True,-0.15864166666351745,-0.03172833333270349,False,True,False,False,False,False,False,True,1791031367984,1791031469446,1791031503586,34140,0.20141915796188806,2.6121096254355676
PAPER:BLUAIUSDT:1791031199999:SHORT,BLUAIUSDT,SHORT,0.4188883317460625,False,0.18,100,-5.699480266072115,-1.1398960532144229,True,-0.3565287594995132,-0.07130575189990263,False,True,False,False,False,False,False,True,1791031320158,1791031321702,1791031322927,1225,0.4188883317460625,5.342951506572602
PAPER:NILUSDT:1791031199999:LONG,NILUSDT,LONG,0.22971618806590932,False,0.18,100,-2.7020749171407723,-0.5404149834281544,True,-0.3558219433658005,-0.07116438867316009,False,True,False,False,False,False,False,True,1791031338900,1791031347262,1791031347430,168,0.14647879177732293,2.346252973774972
PAPER:LDOUSDT:1791031199999:SHORT,LDOUSDT,SHORT,0.4188727170620659,False,0.18,100,-4.903833487188899,-0.9807666974377798,True,0.038220824287734434,0.007644164857546887,True,True,False,False,False,False,False,True,1791031367589,1791031413660,1791031416872,3212,0.4188727170620659,4.9420543114766335
PAPER:ONUSDT:1791031499999:SHORT,ONUSDT,SHORT,0.1664265751566015,False,0.18,100,-2.3497478852713356,-0.46994957705426715,False,-2.3497478852713356,-0.46994957705426715,False,False,False,False,False,False,False,False,,,,,,0.0
PAPER:CVCUSDT:1791031499999:SHORT,CVCUSDT,SHORT,0.15044590376835515,False,0.18,100,-2.485696755915584,-0.4971393511831168,False,-2.485696755915584,-0.4971393511831168,False,False,False,False,False,False,False,False,,,,,,0.0
PAPER:FOGOUSDT:1791031499999:SHORT,FOGOUSDT,SHORT,0.057127292047956295,False,0.18,100,-3.4110859982869592,-0.6822171996573918,False,-3.4110859982869592,-0.6822171996573918,False,False,False,False,False,False,False,False,,,,,,0.0
PAPER:MUSDT:1791031499999:SHORT,MUSDT,SHORT,0.1562427022849482,False,0.18,100,-1.0481979068353748,-0.20963958136707497,False,-1.0481979068353748,-0.20963958136707497,False,False,False,False,False,False,False,False,,,,,,0.0
PAPER:TRUTHUSDT:1791031799999:SHORT,TRUTHUSDT,SHORT,0.04259979890824061,False,0.18,100,-1.8553263437999297,-0.37106526875998597,False,-1.8553263437999297,-0.37106526875998597,False,False,False,False,False,False,False,False,,,,,,0.0
PAPER:MEWUSDT:1791031799999:LONG,MEWUSDT,LONG,0.20671602640922604,False,0.18,100,-2.9316560299051333,-0.5863312059810266,True,-0.19482108869226383,-0.03896421773845277,False,True,False,False,False,False,False,True,1791031828571,1791031828655,1791031828795,140,0.15003801960697138,2.7368349412128694
PAPER:ATHUSDT:1791032399999:LONG,ATHUSDT,LONG,0.9362862664506144,True,0.18,100,-1.4344200088454728,-0.28688400176909457,True,-0.18828008379475863,-0.03765601675895173,False,True,False,False,True,False,False,True,1791032442852,1791032443328,1791032444311,983,0.9362862664506227,1.2461399250507141
PAPER:PARTIUSDT:1791032699999:LONG,PARTIUSDT,LONG,0.12131849248524507,False,0.18,100,-1.6557113665605714,-0.3311422733121143,False,-1.6557113665605714,-0.3311422733121143,False,False,False,False,False,False,False,False,,,,,,0.0
PAPER:SCRUSDT:1791032699999:SHORT,SCRUSDT,SHORT,0.17458744667221668,False,0.18,100,-4.748328639463314,-0.9496657278926629,False,-4.748328639463314,-0.9496657278926629,False,False,False,False,False,False,False,False,,,,,,0.0
PAPER:FLUIDUSDT:1791032699999:LONG,FLUIDUSDT,LONG,0.40288014904572567,False,0.18,100,-1.5533450107561027,-0.3106690021512205,True,0.25725990753518857,0.05145198150703772,True,True,False,False,False,False,False,True,1791032784031,1791032795054,1791032828390,33336,0.4028801490457218,1.810604918291291
PAPER:BRUSDT:1791032999999:SHORT,BRUSDT,SHORT,0.27254947442767047,False,0.18,100,-1.4411649157048976,-0.2882329831409795,True,0.0317597173870145,0.0063519434774029,True,True,False,False,False,False,False,True,1791033050728,1791033051097,1791033051238,141,0.1761995274963559,1.4729246330919121
PAPER:TAKEUSDT:1791032999999:LONG,TAKEUSDT,LONG,0.1981648558068816,False,0.18,100,-4.45263633915979,-0.890527267831958,True,-0.01572302434764733,-0.003144604869529466,False,True,False,False,False,False,False,True,1791033105781,1791033105796,1791033106240,444,0.19816485580688872,4.436913314812143
PAPER:AVAUSDT:1791032999999:LONG,AVAUSDT,LONG,0.052532112366043826,False,0.18,100,-3.304734763964892,-0.6609469527929784,False,-3.304734763964892,-0.6609469527929784,False,False,False,False,False,False,False,False,,,,,,0.0
PAPER:GTCUSDT:1791032999999:LONG,GTCUSDT,LONG,0.5910414075610326,True,0.18,100,-5.389497416018015,-1.077899483203603,True,0.0015515430131188834,0.0003103086026237767,True,True,False,False,True,False,False,True,1791033050095,1791033050110,1791033050360,250,0.5910414075610282,5.391048959031134
PAPER:KSMUSDT:1791032999999:LONG,KSMUSDT,LONG,0.0557320840319786,False,0.18,100,-3.0776393835983287,-0.6155278767196658,False,-3.0776393835983287,-0.6155278767196658,False,False,False,False,False,False,False,False,,,,,,0.0
PAPER:ARKMUSDT:1791033599999:SHORT,ARKMUSDT,SHORT,0.056405475136281816,False,0.18,100,-2.8622419480075423,-0.5724483896015085,False,-2.8622419480075423,-0.5724483896015085,False,False,False,False,False,False,False,False,,,,,,0.0
PAPER:POWERUSDT:1791033599999:SHORT,POWERUSDT,SHORT,0.1333104729659478,False,0.18,100,-3.2520922207080236,-0.6504184441416047,False,-3.2520922207080236,-0.6504184441416047,False,False,False,False,False,False,False,False,,,,,,0.0
PAPER:IOUSDT:1791033599999:LONG,IOUSDT,LONG,0.04360451065001936,False,0.18,100,-3.8091145606756855,-0.7618229121351371,False,-3.8091145606756855,-0.7618229121351371,False,False,False,False,False,False,False,False,,,,,,0.0
PAPER:TRADOORUSDT:1791033899999:SHORT,TRADOORUSDT,SHORT,0.037861202555832515,False,0.18,100,-6.7422084359017616,-1.3484416871803524,False,-6.7422084359017616,-1.3484416871803524,False,False,False,False,False,False,False,False,,,,,,0.0
PAPER:LITUSDT:1791033899999:SHORT,LITUSDT,SHORT,0.5614579357694294,True,0.18,100,-1.1427683363038064,-0.22855366726076126,True,0.0055689239070768615,0.0011137847814153723,True,True,False,False,True,False,False,True,1791035147612,1791035147673,1791035147835,162,0.5614579357694294,1.1483372602108832
PAPER:GLMUSDT:1791033899999:LONG,GLMUSDT,LONG,0.41155018572360813,False,0.18,100,-1.5272247018917282,-0.30544494037834563,True,-0.29540675223981755,-0.05908135044796351,False,True,False,False,False,False,False,True,1791033960425,1791033960496,1791033964780,4284,0.411550185723613,1.2318179496519106
PAPER:PORTALUSDT:1791033899999:LONG,PORTALUSDT,LONG,0.2034230025503403,False,0.18,100,-2.4843567110599034,-0.49687134221198065,True,-0.3917930659678481,-0.07835861319356961,False,True,False,False,False,False,False,True,1791034275117,1791034275182,1791034281280,6098,0.14756825171280097,2.0925636450920555
PAPER:PROMPTUSDT:1791033899999:LONG,PROMPTUSDT,LONG,0.02804821063659979,False,0.18,100,-0.9498100379923309,-0.18996200759846618,False,-0.9498100379923309,-0.18996200759846618,False,False,False,False,False,False,False,False,,,,,,0.0
PAPER:MAGMAUSDT:1791033899999:SHORT,MAGMAUSDT,SHORT,0.11747463534199344,False,0.18,100,-1.6167348982446283,-0.32334697964892567,False,-1.6167348982446283,-0.32334697964892567,False,False,False,False,False,False,False,False,,,,,,0.0
PAPER:SYRUPUSDT:1791034499999:LONG,SYRUPUSDT,LONG,0.3365032121780853,False,0.18,100,-1.7301618973079922,-0.3460323794615984,True,-0.029395024440531214,-0.005879004888106243,False,True,False,False,False,False,False,True,1791034856569,1791034859943,1791034860354,411,0.3365032121780856,1.700766872867461
PAPER:SOPHUSDT:1791034799999:LONG,SOPHUSDT,LONG,0.032486940932008324,False,0.18,100,-1.0808927650165776,-0.21617855300331554,False,-1.0808927650165776,-0.21617855300331554,False,False,False,False,False,False,False,False,,,,,,0.0
PAPER:TRBUSDT:1791034799999:LONG,TRBUSDT,LONG,0.17249534305692205,False,0.18,100,-1.1180799807020212,-0.22361599614040423,False,-1.1180799807020212,-0.22361599614040423,False,False,False,False,False,False,False,False,,,,,,0.0
PAPER:BRETTUSDT:1791034799999:LONG,BRETTUSDT,LONG,0.013901271279914695,False,0.18,100,-2.8970518364541604,-0.5794103672908321,False,-2.8970518364541604,-0.5794103672908321,False,False,False,False,False,False,False,False,,,,,,0.0
PAPER:HANAUSDT:1791034799999:SHORT,HANAUSDT,SHORT,0.39639901335803707,False,0.18,100,-4.076179984123353,-0.8152359968246706,True,-0.5333913785255111,-0.10667827570510223,False,True,False,False,False,False,False,True,1791035379027,1791035403440,1791035408172,4732,0.39639901335803707,3.542788605597842
PAPER:COOKIEUSDT:1791034799999:LONG,COOKIEUSDT,LONG,0.02588041584095091,False,0.18,100,-3.432422254842399,-0.6864844509684798,False,-3.432422254842399,-0.6864844509684798,False,False,False,False,False,False,False,False,,,,,,0.0
PAPER:BLURUSDT:1791035099999:LONG,BLURUSDT,LONG,0.026898935409902514,False,0.18,100,-2.1210698643572643,-0.4242139728714529,False,-2.1210698643572643,-0.4242139728714529,False,False,False,False,False,False,False,False,,,,,,0.0
PAPER:GTCUSDT:1791035399999:LONG,GTCUSDT,LONG,0.1905703102749179,False,0.18,100,0.06306476224254054,0.012612952448508108,True,-0.014848683929357509,-0.0029697367858715017,False,False,True,True,False,False,False,True,1791035430895,1791035433619,1791035433619,0,0.1671740534888317,-0.07791344617189805
PAPER:BIOUSDT:1791035399999:LONG,BIOUSDT,LONG,0.04403217979522811,False,0.18,100,-2.7089125322549616,-0.5417825064509922,False,-2.7089125322549616,-0.5417825064509922,False,False,False,False,False,False,False,False,,,,,,0.0
PAPER:NILUSDT:1791035699999:SHORT,NILUSDT,SHORT,0.2057747892693691,False,0.18,100,-1.6043812094959564,-0.3208762418991913,True,-0.3554707911999904,-0.07109415823999808,False,True,False,False,False,False,False,True,1791035814485,1791035814554,1791035814776,222,0.14635931819844766,1.248910418295966
PAPER:PARTIUSDT:1791035699999:LONG,PARTIUSDT,LONG,0.38892017097602594,False,0.18,100,-0.4391503345547632,-0.08783006691095264,True,-0.09871053226304322,-0.01974210645260864,False,True,False,False,False,False,False,True,1791035727428,1791035728903,1791035729369,466,0.15038573744010164,0.34043980229172
PAPER:SIGNUSDT:1791035999999:LONG,SIGNUSDT,LONG,0.020325020332290222,False,0.18,100,-2.903522065186805,-0.580704413037361,False,-2.903522065186805,-0.580704413037361,False,False,False,False,False,False,False,False,,,,,,0.0
PAPER:FHEUSDT:1791035999999:LONG,FHEUSDT,LONG,0.07019795860405686,False,0.18,100,-1.0624453988318034,-0.2124890797663607,False,-1.0624453988318034,-0.2124890797663607,False,False,False,False,False,False,False,False,,,,,,0.0
PAPER:ENJUSDT:1791035999999:LONG,ENJUSDT,LONG,0.09842864118914108,False,0.18,100,-0.5061394517069918,-0.10122789034139837,False,-0.5061394517069918,-0.10122789034139837,False,False,False,False,False,False,False,False,,,,,,0.0
PAPER:CHILLGUYUSDT:1791036299999:SHORT,CHILLGUYUSDT,SHORT,0.29671056237814813,False,0.18,100,-1.6460776979307021,-0.3292155395861404,True,-0.21564195253322527,-0.043128390506645055,False,True,False,False,False,False,False,True,1791036397171,1791036434322,1791036442552,8230,0.2349125988311653,1.4304357453974768
PAPER:ZAMAUSDT:1791036299999:LONG,ZAMAUSDT,LONG,0.05344670536999718,False,0.18,100,-2.7535616422870577,-0.5507123284574116,False,-2.7535616422870577,-0.5507123284574116,False,False,False,False,False,False,False,False,,,,,,0.0
PAPER:MTLUSDT:1791036299999:SHORT,MTLUSDT,SHORT,0.392645968101903,False,0.18,100,-2.9359691162288346,-0.5871938232457669,True,-0.15587840671900666,-0.031175681343801328,False,True,False,False,False,False,False,True,1791036616950,1791036620205,1791036620442,237,0.392645968101903,2.780090709509828
PAPER:MELANIAUSDT:1791036599999:SHORT,MELANIAUSDT,SHORT,0.11439277969808952,False,0.18,100,-2.823923833139723,-0.5647847666279447,False,-2.823923833139723,-0.5647847666279447,False,False,False,False,False,False,False,False,,,,,,0.0
PAPER:QNTUSDT:1791036599999:SHORT,QNTUSDT,SHORT,0.09206771523578838,False,0.18,100,-1.1304764324347885,-0.2260952864869577,False,-1.1304764324347885,-0.2260952864869577,False,False,False,False,False,False,False,False,,,,,,0.0
PAPER:1000000BOBUSDT:1791036899999:SHORT,1000000BOBUSDT,SHORT,0.20259244727284154,False,0.18,100,-0.9501900380075976,-0.19003800760151954,True,-0.20749687771379755,-0.04149937554275951,False,True,False,False,False,False,False,True,1791036924715,1791036924722,1791036927880,3158,0.1283936312485121,0.7426931602938001
PAPER:ZECUSDT:1791036899999:SHORT,ZECUSDT,SHORT,0.34743220879288866,False,0.18,100,-2.4871455712255535,-0.49742911424511066,True,-0.024919578463157902,-0.00498391569263158,False,True,False,False,False,False,False,True,1791037444152,1791037446624,1791037446792,168,0.34743220879288866,2.4622259927623955
PAPER:VELVETUSDT:1791037199999:LONG,VELVETUSDT,LONG,0.16967139011807575,False,0.18,100,-2.5920327443301128,-0.5184065488660226,False,-2.5920327443301128,-0.5184065488660226,False,False,False,False,False,False,False,False,,,,,,0.0
PAPER:EVAAUSDT:1791037499999:LONG,EVAAUSDT,LONG,0.056646393986836685,False,0.18,100,-3.821169888291375,-0.7642339776582749,False,-3.821169888291375,-0.7642339776582749,False,False,False,False,False,False,False,False,,,,,,0.0
PAPER:ONEUSDT:1791037499999:LONG,ONEUSDT,LONG,0.24924997047268693,False,0.18,100,-6.076218006145115,-1.215243601229023,True,0.06377632833439006,0.012755265666878015,True,True,False,False,False,False,False,True,1791037530030,1791037530035,1791037530152,117,0.24924997047269143,6.139994334479505
PAPER:DEEPUSDT:1791037799999:LONG,DEEPUSDT,LONG,0.02104669378111268,False,0.18,100,-3.6150511995301473,-0.7230102399060295,False,-3.6150511995301473,-0.7230102399060295,False,False,False,False,False,False,False,False,,,,,,0.0
PAPER:OPUSDT:1791037799999:LONG,OPUSDT,LONG,0.26694344698652284,False,0.18,100,-2.0891271981087893,-0.4178254396217579,True,0.15275495566874142,0.030550991133748283,True,True,False,False,False,False,False,True,1791037920379,1791037920380,1791037920496,116,0.26694344698652633,2.2418821537775306
PAPER:DRIFTUSDT:1791037799999:LONG,DRIFTUSDT,LONG,0.13110727980347736,False,0.18,100,-3.088406569315816,-0.6176813138631632,False,-3.088406569315816,-0.6176813138631632,False,False,False,False,False,False,False,False,,,,,,0.0
PAPER:ORDIUSDT:1791037799999:LONG,ORDIUSDT,LONG,0.3061675616160109,False,0.18,100,-2.7963146550767375,-0.5592629310153475,True,0.027751229875880242,0.005550245975176049,True,True,False,False,False,False,False,True,1791039062236,1791039065527,1791039066284,757,0.30616756161601505,2.824065884952618
PAPER:SUPERUSDT:1791038099999:LONG,SUPERUSDT,LONG,0.6513379595819213,True,0.18,100,-3.4602375064787063,-0.6920475012957413,True,-0.12549057072814024,-0.02509811414562805,False,True,False,False,True,False,False,True,1791038218866,1791038218868,1791038219008,140,0.6513379595819316,3.334746935750566
PAPER:KAIAUSDT:1791038099999:LONG,KAIAUSDT,LONG,0.006629832488891374,False,0.18,100,-3.410360241533641,-0.6820720483067282,False,-3.410360241533641,-0.6820720483067282,False,False,False,False,False,False,False,False,,,,,,0.0
PAPER:1000CATUSDT:1791038699999:LONG,1000CATUSDT,LONG,0.4267421761402934,False,0.18,100,-0.838231577321695,-0.16764631546433897,True,0.16597456871457816,0.03319491374291563,True,True,False,False,False,False,False,True,1791039120575,1791039125988,1791039135783,9795,0.4267421761402879,1.0042061460362732
PAPER:USUSDT:1791038699999:SHORT,USUSDT,SHORT,0.48393229097455304,False,0.18,100,-0.7002546247073798,-0.14005092494147595,True,-0.08677679206127581,-0.017355358412255162,False,True,False,False,False,False,False,True,1791038766469,1791038842620,1791038842902,282,0.4566924914191514,0.6134778326461039
PAPER:哈基米USDT:1791038699999:SHORT,哈基米USDT,SHORT,0.10980781490497439,False,0.18,100,-0.6253521470030563,-0.12507042940061125,False,-0.6253521470030563,-0.12507042940061125,False,False,False,False,False,False,False,False,,,,,,0.0
PAPER:XMRUSDT:1791038699999:LONG,XMRUSDT,LONG,0.34497365381629397,False,0.18,100,-1.4191267554642937,-0.2838253510928587,True,0.03395000440056667,0.006790000880113335,True,True,False,False,False,False,False,True,1791039109984,1791039377860,1791039377996,136,0.3016109225747648,1.4530767598648604
PAPER:NEARUSDT:1791038999999:LONG,NEARUSDT,LONG,0.2154525207140212,False,0.18,100,-3.248598645182094,-0.6497197290364188,True,0.012473565017195709,0.0024947130034391417,True,True,False,False,False,False,False,True,1791039413055,1791039413055,1791039413415,360,0.19404810966730063,3.2610722101992895
PAPER:RENDERUSDT:1791038999999:LONG,RENDERUSDT,LONG,0.3777364865167332,False,0.18,100,-2.564063511265951,-0.5128127022531902,True,-0.2047699734046361,-0.04095399468092722,False,True,False,False,False,False,False,True,1791039387975,1791039390177,1791039390299,122,0.3777364865167244,2.3592935378613147
PAPER:AEVOUSDT:1791039299999:LONG,AEVOUSDT,LONG,0.32084492192470115,False,0.18,100,-2.7469840170223327,-0.5493968034044666,True,-0.1931052047165786,-0.03862104094331572,False,True,False,False,False,False,False,True,1791039405907,1791039405919,1791039413229,7310,0.3208449219247057,2.5538788123057543
PAPER:ONUSDT:1791039599999:SHORT,ONUSDT,SHORT,0.359578557077644,False,0.18,100,-0.4752610152011104,-0.09505220304022208,True,-0.47526101520117625,-0.09505220304023526,False,False,False,False,False,False,False,True,1791039637003,1791039637008,1791039638152,1144,0.16978727813873884,-6.583622536027178e-14
PAPER:XVGUSDT:1791039599999:LONG,XVGUSDT,LONG,0.07237850243317911,False,0.18,100,-3.6415072428999737,-0.7283014485799947,False,-3.6415072428999737,-0.7283014485799947,False,False,False,False,False,False,False,False,,,,,,0.0
PAPER:CUSDT:1791039899999:LONG,CUSDT,LONG,1.1357841017241022,True,0.18,100,-4.815485513170761,-0.9630971026341522,True,-1.8032708571875817,-0.3606541714375164,False,True,False,False,True,True,False,True,1791039956183,1791039956495,1791039956603,108,1.135784101724093,3.012214655983179
PAPER:龙虾USDT:1791039899999:SHORT,龙虾USDT,SHORT,0.0010972658666689283,False,0.18,100,-2.3230755803059737,-0.4646151160611947,False,-2.3230755803059737,-0.4646151160611947,False,False,False,False,False,False,False,False,,,,,,0.0
PAPER:PHAUSDT:1791039899999:SHORT,PHAUSDT,SHORT,0.5336391386070395,True,0.18,100,-1.3147750271102738,-0.26295500542205474,True,-0.2939370576227101,-0.058787411524542026,False,True,False,False,False,False,False,True,1791040049204,1791040049267,1791040049392,125,0.16940023110230443,1.0208379694875638
PAPER:MIRAUSDT:1791040199999:SHORT,MIRAUSDT,SHORT,0.13354810666604766,False,0.18,100,-1.3344350505103577,-0.26688701010207155,False,-1.3344350505103577,-0.26688701010207155,False,False,False,False,False,False,False,False,,,,,,0.0
PAPER:MEGAUSDT:1791040199999:LONG,MEGAUSDT,LONG,0.5974185977954738,True,0.18,100,-0.07597016259568207,-0.015194032519136414,True,0.18104156546209205,0.036208313092418405,True,True,False,False,True,False,False,True,1791040279375,1791040279377,1791040279536,159,0.5974185977954714,0.2570117280577741
PAPER:SANDUSDT:1791040499999:LONG,SANDUSDT,LONG,0.8209450237695926,True,0.18,100,1.3474539452734347,0.26949078905468693,True,0.42854835196715024,0.08570967039343004,True,False,True,True,True,False,False,True,1791040526052,1791040526053,1791040526188,135,0.8209450237695979,-0.9189055933062844
PAPER:BANUSDT:1791040499999:SHORT,BANUSDT,SHORT,0.05628890843004262,False,0.18,100,-3.0502385088000796,-0.6100477017600159,False,-3.0502385088000796,-0.6100477017600159,False,False,False,False,False,False,False,False,,,,,,0.0
PAPER:MORPHOUSDT:1791040799999:LONG,MORPHOUSDT,LONG,0.02861058304419739,False,0.18,100,-1.9210183355999124,-0.3842036671199825,False,-1.9210183355999124,-0.3842036671199825,False,False,False,False,False,False,False,False,,,,,,0.0
PAPER:BMTUSDT:1791040799999:LONG,BMTUSDT,LONG,0.302520141133078,False,0.18,100,-2.695113121192824,-0.5390226242385647,True,-0.412793704699817,-0.0825587409399634,False,True,False,False,False,False,False,True,1791041208446,1791041209223,1791041214001,4778,0.3025201411330761,2.282319416493007
PAPER:TAKEUSDT:1791041099999:LONG,TAKEUSDT,LONG,0.08721294956695047,False,0.18,100,-1.523598169842145,-0.304719633968429,False,-1.523598169842145,-0.304719633968429,False,False,False,False,False,False,False,False,,,,,,0.0
PAPER:SENTUSDT:1791041099999:SHORT,SENTUSDT,SHORT,0.025708980918666427,False,0.18,100,-3.3524018731991214,-0.6704803746398242,False,-3.3524018731991214,-0.6704803746398242,False,False,False,False,False,False,False,False,,,,,,0.0
PAPER:TAKEUSDT:1791041399999:LONG,TAKEUSDT,LONG,0.17738289851521039,False,0.18,100,-2.2391385466262355,-0.4478277093252471,False,-2.2391385466262355,-0.4478277093252471,False,False,False,False,False,False,False,False,,,,,,0.0
PAPER:PHAROSUSDT:1791041999999:LONG,PHAROSUSDT,LONG,0.1184037832522078,False,0.18,100,-2.747298263215607,-0.5494596526431214,False,-2.747298263215607,-0.5494596526431214,False,False,False,False,False,False,False,False,,,,,,0.0
PAPER:AVAAIUSDT:1791042299999:LONG,AVAAIUSDT,LONG,0.5843370032250439,True,0.18,100,-1.8501523740850172,-0.37003047481700346,True,-0.7909260963289271,-0.1581852192657854,False,True,False,False,False,False,False,True,1791042458348,1791042471363,1791042471747,384,0.06482266643173494,1.0592262777560901
PAPER:INXUSDT:1791042299999:LONG,INXUSDT,LONG,0.5111944571072558,True,0.18,100,-0.949810037992343,-0.1899620075984686,True,0.4598244015484583,0.09196488030969165,True,True,False,False,True,False,False,True,1791042341949,1791042345100,1791042345675,575,0.5111944571072548,1.4096344395408011
PAPER:CYSUSDT:1791042299999:SHORT,CYSUSDT,SHORT,0.04109557403234674,False,0.18,100,-2.4791307528456885,-0.4958261505691377,False,-2.4791307528456885,-0.4958261505691377,False,False,False,False,False,False,False,False,,,,,,0.0
PAPER:AKTUSDT:1791043199999:LONG,AKTUSDT,LONG,0.09885095789161635,False,0.18,100,-3.5100134635034834,-0.7020026927006967,False,-3.5100134635034834,-0.7020026927006967,False,False,False,False,False,False,False,False,,,,,,0.0
PAPER:AIOUSDT:1791043499999:LONG,AIOUSDT,LONG,0.3392750607989381,False,0.18,100,-0.05248551804010343,-0.010497103608020685,True,-0.693431603720295,-0.138686320744059,False,False,False,True,False,False,False,True,1791043560482,1791043560491,1791043560680,189,0.3392750607989329,-0.6409460856801916
PAPER:TAKEUSDT:1791030299999:LONG,TAKEUSDT,LONG,0.20078003326780003,False,0.18,250,-4.179531297998999,-0.8359062595997998,True,-0.47716790238159973,-0.09543358047631995,False,True,False,False,False,False,False,True,1791030419360,1791030419644,1791030420194,550,0.09039201623397654,3.702363395617399
PAPER:C98USDT:1791030299999:SHORT,C98USDT,SHORT,0.5325927063865858,True,0.18,250,-0.33561030806532705,-0.06712206161306541,True,-0.33561030806532705,-0.06712206161306541,False,False,False,False,True,False,False,True,1791030555079,1791030558808,1791030563279,4471,0.5325927063865858,0.0
PAPER:RAYSOLUSDT:1791030299999:LONG,RAYSOLUSDT,LONG,0.3865045416249213,False,0.18,250,-4.294281797041444,-0.8588563594082889,True,0.3402004976408963,0.06804009952817927,True,True,False,False,False,False,False,True,1791030397825,1791030402770,1791030404379,1609,0.38650454162492903,4.634482294682341
PAPER:MASKUSDT:1791030299999:SHORT,MASKUSDT,SHORT,0.4782276505114329,False,0.18,250,-0.6904478264892522,-0.13808956529785044,True,-0.22291184575641135,-0.044582369151282275,False,True,False,False,False,False,False,True,1791030455054,1791030455058,1791030458292,3234,0.4782276505114329,0.46753598073284086
PAPER:2ZUSDT:1791030599999:SHORT,2ZUSDT,SHORT,0.04643975739345436,False,0.18,250,-3.1670863623565806,-0.6334172724713161,False,-3.1670863623565806,-0.6334172724713161,False,False,False,False,False,False,False,False,,,,,,0.0
PAPER:ARKUSDT:1791030599999:LONG,ARKUSDT,LONG,0.11126877469145313,False,0.18,250,-0.9498100379923222,-0.18996200759846446,False,-0.9498100379923222,-0.18996200759846446,False,False,False,False,False,False,False,False,,,,,,0.0
PAPER:ICPUSDT:1791030599999:SHORT,ICPUSDT,SHORT,0.13297856879422754,False,0.18,250,-2.251777408861963,-0.45035548177239265,False,-2.251777408861963,-0.45035548177239265,False,False,False,False,False,False,False,False,,,,,,0.0
PAPER:ALCHUSDT:1791030599999:SHORT,ALCHUSDT,SHORT,0.040601939818374046,False,0.18,250,-3.073413425363308,-0.6146826850726615,False,-3.073413425363308,-0.6146826850726615,False,False,False,False,False,False,False,False,,,,,,0.0
PAPER:1000SATSUSDT:1791030599999:SHORT,1000SATSUSDT,SHORT,0.14356100983075173,False,0.18,250,-2.382743729857922,-0.4765487459715844,False,-2.382743729857922,-0.4765487459715844,False,False,False,False,False,False,False,False,,,,,,0.0
PAPER:SPXUSDT:1791030599999:SHORT,SPXUSDT,SHORT,0.3946344312621141,False,0.18,250,-3.082995430845726,-0.6165990861691453,True,-0.1431825920688441,-0.028636518413768818,False,True,False,False,False,False,False,True,1791031346974,1791031505552,1791031512470,6918,0.3946344312621141,2.939812838776882
PAPER:BERAUSDT:1791030599999:SHORT,BERAUSDT,SHORT,0.02415494136355687,False,0.18,250,-2.7182260293118015,-0.5436452058623603,False,-2.7182260293118015,-0.5436452058623603,False,False,False,False,False,False,False,False,,,,,,0.0
PAPER:CLOUSDT:1791030599999:SHORT,CLOUSDT,SHORT,0.562071677187042,True,0.18,250,0.020857857313486106,0.0041715714626972215,True,0.020857857313486106,0.0041715714626972215,True,False,False,False,True,False,False,True,1791030678216,1791030678742,1791030679161,419,0.562071677187042,0.0
PAPER:RONINUSDT:1791030599999:SHORT,RONINUSDT,SHORT,0.4201447269727042,False,0.18,250,-0.9881699462047233,-0.19763398924094466,True,-0.1905918740652291,-0.03811837481304582,False,True,False,False,False,False,False,True,1791031222023,1791031515790,1791031534197,18407,0.17730404958078655,0.7975780721394943
PAPER:BABYUSDT:1791030599999:SHORT,BABYUSDT,SHORT,0.13108361853639602,False,0.18,250,-2.4625017903882367,-0.4925003580776473,False,-2.4625017903882367,-0.4925003580776473,False,False,False,False,False,False,False,False,,,,,,0.0
PAPER:LQTYUSDT:1791030599999:SHORT,LQTYUSDT,SHORT,0.23922711108097128,False,0.18,250,-1.1664212216092822,-0.23328424432185646,True,-0.301496487202364,-0.0602992974404728,False,True,False,False,False,False,False,True,1791031370434,1791031448213,1791031473500,25287,0.23922711108097128,0.8649247344069182
PAPER:ELSAUSDT:1791030599999:SHORT,ELSAUSDT,SHORT,0.09292788177507333,False,0.18,250,-2.8341764513986663,-0.5668352902797332,False,-2.8341764513986663,-0.5668352902797332,False,False,False,False,False,False,False,False,,,,,,0.0
PAPER:LYNUSDT:1791030899999:SHORT,LYNUSDT,SHORT,0.4910471145324048,False,0.18,250,-0.2194233372221207,-0.04388466744442414,True,-0.2194233372221207,-0.04388466744442414,False,False,False,False,False,False,False,True,1791030941539,1791030941856,1791030944842,2986,0.4910471145324048,0.0
PAPER:CUSDT:1791030899999:LONG,CUSDT,LONG,0.5052576067934522,True,0.18,250,-4.734098707132696,-0.9468197414265391,True,-0.14249512190911295,-0.02849902438182259,False,True,False,False,True,False,False,True,1791030954189,1791030954515,1791030954970,455,0.5052576067934565,4.591603585223583
PAPER:BATUSDT:1791030899999:SHORT,BATUSDT,SHORT,0.06560207944017078,False,0.18,250,-3.5743672405177547,-0.7148734481035509,False,-3.5743672405177547,-0.7148734481035509,False,False,False,False,False,False,False,False,,,,,,0.0
PAPER:SOLVUSDT:1791030899999:SHORT,SOLVUSDT,SHORT,0.09791630573226773,False,0.18,250,-0.3600282954492119,-0.07200565908984238,False,-0.3600282954492119,-0.07200565908984238,False,False,False,False,False,False,False,False,,,,,,0.0
PAPER:SOONUSDT:1791031199999:LONG,SOONUSDT,LONG,0.43180093380581486,False,0.18,250,-0.8170548040842363,-0.16341096081684725,True,-0.5515443362682518,-0.11030886725365036,False,True,False,False,False,False,False,True,1791031297940,1791031302721,1791031303116,395,0.1394617408256968,0.2655104678159844
PAPER:GUAUSDT:1791031199999:SHORT,GUAUSDT,SHORT,0.09482952847747854,False,0.18,250,-2.3151338684784952,-0.46302677369569906,False,-2.3151338684784952,-0.46302677369569906,False,False,False,False,False,False,False,False,,,,,,0.0
PAPER:WAXPUSDT:1791031199999:SHORT,WAXPUSDT,SHORT,0.15796753656780602,False,0.18,250,-2.1242987820307544,-0.42485975640615087,False,-2.1242987820307544,-0.42485975640615087,False,False,False,False,False,False,False,False,,,,,,0.0
PAPER:XVGUSDT:1791031199999:SHORT,XVGUSDT,SHORT,0.2963147974313368,False,0.18,250,-2.770751292099085,-0.5541502584198169,True,-0.15864166666351745,-0.03172833333270349,False,True,False,False,False,False,False,True,1791031367984,1791031469446,1791031503586,34140,0.20141915796188806,2.6121096254355676
PAPER:BLUAIUSDT:1791031199999:SHORT,BLUAIUSDT,SHORT,0.4188883317460625,False,0.18,250,-5.699480266072115,-1.1398960532144229,True,-0.3565287594995132,-0.07130575189990263,False,True,False,False,False,False,False,True,1791031320158,1791031321702,1791031322927,1225,0.4188883317460625,5.342951506572602
PAPER:NILUSDT:1791031199999:LONG,NILUSDT,LONG,0.22971618806590932,False,0.18,250,-2.7020749171407723,-0.5404149834281544,True,-0.8904112285297964,-0.1780822457059593,False,True,False,False,False,False,False,True,1791031338900,1791031347262,1791031347877,615,0.14647879177732293,1.811663688610976
PAPER:LDOUSDT:1791031199999:SHORT,LDOUSDT,SHORT,0.4188727170620659,False,0.18,250,-4.903833487188899,-0.9807666974377798,True,0.038220824287734434,0.007644164857546887,True,True,False,False,False,False,False,True,1791031367589,1791031413660,1791031416872,3212,0.4188727170620659,4.9420543114766335
PAPER:ONUSDT:1791031499999:SHORT,ONUSDT,SHORT,0.1664265751566015,False,0.18,250,-2.3497478852713356,-0.46994957705426715,False,-2.3497478852713356,-0.46994957705426715,False,False,False,False,False,False,False,False,,,,,,0.0
PAPER:CVCUSDT:1791031499999:SHORT,CVCUSDT,SHORT,0.15044590376835515,False,0.18,250,-2.485696755915584,-0.4971393511831168,False,-2.485696755915584,-0.4971393511831168,False,False,False,False,False,False,False,False,,,,,,0.0
PAPER:FOGOUSDT:1791031499999:SHORT,FOGOUSDT,SHORT,0.057127292047956295,False,0.18,250,-3.4110859982869592,-0.6822171996573918,False,-3.4110859982869592,-0.6822171996573918,False,False,False,False,False,False,False,False,,,,,,0.0
PAPER:MUSDT:1791031499999:SHORT,MUSDT,SHORT,0.1562427022849482,False,0.18,250,-1.0481979068353748,-0.20963958136707497,False,-1.0481979068353748,-0.20963958136707497,False,False,False,False,False,False,False,False,,,,,,0.0
PAPER:TRUTHUSDT:1791031799999:SHORT,TRUTHUSDT,SHORT,0.04259979890824061,False,0.18,250,-1.8553263437999297,-0.37106526875998597,False,-1.8553263437999297,-0.37106526875998597,False,False,False,False,False,False,False,False,,,,,,0.0
PAPER:MEWUSDT:1791031799999:LONG,MEWUSDT,LONG,0.20671602640922604,False,0.18,250,-2.9316560299051333,-0.5863312059810266,True,-0.28919470735480124,-0.05783894147096025,False,True,False,False,False,False,False,True,1791031828571,1791031828655,1791031829188,533,0.15003801960697138,2.642461322550332
PAPER:ATHUSDT:1791032399999:LONG,ATHUSDT,LONG,0.9362862664506144,True,0.18,250,-1.4344200088454728,-0.28688400176909457,True,-0.18828008379475863,-0.03765601675895173,False,True,False,False,True,False,False,True,1791032442852,1791032443328,1791032444311,983,0.9362862664506227,1.2461399250507141
PAPER:PARTIUSDT:1791032699999:LONG,PARTIUSDT,LONG,0.12131849248524507,False,0.18,250,-1.6557113665605714,-0.3311422733121143,False,-1.6557113665605714,-0.3311422733121143,False,False,False,False,False,False,False,False,,,,,,0.0
PAPER:SCRUSDT:1791032699999:SHORT,SCRUSDT,SHORT,0.17458744667221668,False,0.18,250,-4.748328639463314,-0.9496657278926629,False,-4.748328639463314,-0.9496657278926629,False,False,False,False,False,False,False,False,,,,,,0.0
PAPER:FLUIDUSDT:1791032699999:LONG,FLUIDUSDT,LONG,0.40288014904572567,False,0.18,250,-1.5533450107561027,-0.3106690021512205,True,0.25725990753518857,0.05145198150703772,True,True,False,False,False,False,False,True,1791032784031,1791032795054,1791032828390,33336,0.4028801490457218,1.810604918291291
PAPER:BRUSDT:1791032999999:SHORT,BRUSDT,SHORT,0.27254947442767047,False,0.18,250,-1.4411649157048976,-0.2882329831409795,True,-0.10851881909796196,-0.02170376381959239,False,True,False,False,False,False,False,True,1791033050728,1791033051097,1791033051349,252,0.1761995274963559,1.3326460966069356
PAPER:TAKEUSDT:1791032999999:LONG,TAKEUSDT,LONG,0.1981648558068816,False,0.18,250,-4.45263633915979,-0.890527267831958,True,-0.01572302434764733,-0.003144604869529466,False,True,False,False,False,False,False,True,1791033105781,1791033105796,1791033106240,444,0.19816485580688872,4.436913314812143
PAPER:AVAUSDT:1791032999999:LONG,AVAUSDT,LONG,0.052532112366043826,False,0.18,250,-3.304734763964892,-0.6609469527929784,False,-3.304734763964892,-0.6609469527929784,False,False,False,False,False,False,False,False,,,,,,0.0
PAPER:GTCUSDT:1791032999999:LONG,GTCUSDT,LONG,0.5910414075610326,True,0.18,250,-5.389497416018015,-1.077899483203603,True,0.0015515430131188834,0.0003103086026237767,True,True,False,False,True,False,False,True,1791033050095,1791033050110,1791033050360,250,0.5910414075610282,5.391048959031134
PAPER:KSMUSDT:1791032999999:LONG,KSMUSDT,LONG,0.0557320840319786,False,0.18,250,-3.0776393835983287,-0.6155278767196658,False,-3.0776393835983287,-0.6155278767196658,False,False,False,False,False,False,False,False,,,,,,0.0
PAPER:ARKMUSDT:1791033599999:SHORT,ARKMUSDT,SHORT,0.056405475136281816,False,0.18,250,-2.8622419480075423,-0.5724483896015085,False,-2.8622419480075423,-0.5724483896015085,False,False,False,False,False,False,False,False,,,,,,0.0
PAPER:POWERUSDT:1791033599999:SHORT,POWERUSDT,SHORT,0.1333104729659478,False,0.18,250,-3.2520922207080236,-0.6504184441416047,False,-3.2520922207080236,-0.6504184441416047,False,False,False,False,False,False,False,False,,,,,,0.0
PAPER:IOUSDT:1791033599999:LONG,IOUSDT,LONG,0.04360451065001936,False,0.18,250,-3.8091145606756855,-0.7618229121351371,False,-3.8091145606756855,-0.7618229121351371,False,False,False,False,False,False,False,False,,,,,,0.0
PAPER:TRADOORUSDT:1791033899999:SHORT,TRADOORUSDT,SHORT,0.037861202555832515,False,0.18,250,-6.7422084359017616,-1.3484416871803524,False,-6.7422084359017616,-1.3484416871803524,False,False,False,False,False,False,False,False,,,,,,0.0
PAPER:LITUSDT:1791033899999:SHORT,LITUSDT,SHORT,0.5614579357694294,True,0.18,250,-1.1427683363038064,-0.22855366726076126,True,-0.06575637175813165,-0.013151274351626331,False,True,False,False,True,False,False,True,1791035147612,1791035147673,1791035148045,372,0.5614579357694294,1.0770119645456746
PAPER:GLMUSDT:1791033899999:LONG,GLMUSDT,LONG,0.41155018572360813,False,0.18,250,-1.5272247018917282,-0.30544494037834563,True,-0.29540675223981755,-0.05908135044796351,False,True,False,False,False,False,False,True,1791033960425,1791033960496,1791033964780,4284,0.411550185723613,1.2318179496519106
PAPER:PORTALUSDT:1791033899999:LONG,PORTALUSDT,LONG,0.2034230025503403,False,0.18,250,-2.4843567110599034,-0.49687134221198065,True,-0.3917930659678481,-0.07835861319356961,False,True,False,False,False,False,False,True,1791034275117,1791034275182,1791034281280,6098,0.14756825171280097,2.0925636450920555
PAPER:PROMPTUSDT:1791033899999:LONG,PROMPTUSDT,LONG,0.02804821063659979,False,0.18,250,-0.9498100379923309,-0.18996200759846618,False,-0.9498100379923309,-0.18996200759846618,False,False,False,False,False,False,False,False,,,,,,0.0
PAPER:MAGMAUSDT:1791033899999:SHORT,MAGMAUSDT,SHORT,0.11747463534199344,False,0.18,250,-1.6167348982446283,-0.32334697964892567,False,-1.6167348982446283,-0.32334697964892567,False,False,False,False,False,False,False,False,,,,,,0.0
PAPER:SYRUPUSDT:1791034499999:LONG,SYRUPUSDT,LONG,0.3365032121780853,False,0.18,250,-1.7301618973079922,-0.3460323794615984,True,-0.029395024440531214,-0.005879004888106243,False,True,False,False,False,False,False,True,1791034856569,1791034859943,1791034860354,411,0.3365032121780856,1.700766872867461
PAPER:SOPHUSDT:1791034799999:LONG,SOPHUSDT,LONG,0.032486940932008324,False,0.18,250,-1.0808927650165776,-0.21617855300331554,False,-1.0808927650165776,-0.21617855300331554,False,False,False,False,False,False,False,False,,,,,,0.0
PAPER:TRBUSDT:1791034799999:LONG,TRBUSDT,LONG,0.17249534305692205,False,0.18,250,-1.1180799807020212,-0.22361599614040423,False,-1.1180799807020212,-0.22361599614040423,False,False,False,False,False,False,False,False,,,,,,0.0
PAPER:BRETTUSDT:1791034799999:LONG,BRETTUSDT,LONG,0.013901271279914695,False,0.18,250,-2.8970518364541604,-0.5794103672908321,False,-2.8970518364541604,-0.5794103672908321,False,False,False,False,False,False,False,False,,,,,,0.0
PAPER:HANAUSDT:1791034799999:SHORT,HANAUSDT,SHORT,0.39639901335803707,False,0.18,250,-4.076179984123353,-0.8152359968246706,True,-0.5333913785255111,-0.10667827570510223,False,True,False,False,False,False,False,True,1791035379027,1791035403440,1791035408172,4732,0.39639901335803707,3.542788605597842
PAPER:COOKIEUSDT:1791034799999:LONG,COOKIEUSDT,LONG,0.02588041584095091,False,0.18,250,-3.432422254842399,-0.6864844509684798,False,-3.432422254842399,-0.6864844509684798,False,False,False,False,False,False,False,False,,,,,,0.0
PAPER:BLURUSDT:1791035099999:LONG,BLURUSDT,LONG,0.026898935409902514,False,0.18,250,-2.1210698643572643,-0.4242139728714529,False,-2.1210698643572643,-0.4242139728714529,False,False,False,False,False,False,False,False,,,,,,0.0
PAPER:GTCUSDT:1791035399999:LONG,GTCUSDT,LONG,0.1905703102749179,False,0.18,250,0.06306476224254054,0.012612952448508108,True,-0.014848683929357509,-0.0029697367858715017,False,False,True,True,False,False,False,True,1791035430895,1791035433619,1791035433619,0,0.1671740534888317,-0.07791344617189805
PAPER:BIOUSDT:1791035399999:LONG,BIOUSDT,LONG,0.04403217979522811,False,0.18,250,-2.7089125322549616,-0.5417825064509922,False,-2.7089125322549616,-0.5417825064509922,False,False,False,False,False,False,False,False,,,,,,0.0
PAPER:NILUSDT:1791035699999:SHORT,NILUSDT,SHORT,0.2057747892693691,False,0.18,250,-1.6043812094959564,-0.3208762418991913,True,-0.41494271588072706,-0.08298854317614542,False,True,False,False,False,False,False,True,1791035814485,1791035814554,1791035814943,389,0.14635931819844766,1.1894384936152294
PAPER:PARTIUSDT:1791035699999:LONG,PARTIUSDT,LONG,0.38892017097602594,False,0.18,250,-0.4391503345547632,-0.08783006691095264,True,-0.09871053226304322,-0.01974210645260864,False,True,False,False,False,False,False,True,1791035727428,1791035728903,1791035729369,466,0.15038573744010164,0.34043980229172
PAPER:SIGNUSDT:1791035999999:LONG,SIGNUSDT,LONG,0.020325020332290222,False,0.18,250,-2.903522065186805,-0.580704413037361,False,-2.903522065186805,-0.580704413037361,False,False,False,False,False,False,False,False,,,,,,0.0
PAPER:FHEUSDT:1791035999999:LONG,FHEUSDT,LONG,0.07019795860405686,False,0.18,250,-1.0624453988318034,-0.2124890797663607,False,-1.0624453988318034,-0.2124890797663607,False,False,False,False,False,False,False,False,,,,,,0.0
PAPER:ENJUSDT:1791035999999:LONG,ENJUSDT,LONG,0.09842864118914108,False,0.18,250,-0.5061394517069918,-0.10122789034139837,False,-0.5061394517069918,-0.10122789034139837,False,False,False,False,False,False,False,False,,,,,,0.0
PAPER:CHILLGUYUSDT:1791036299999:SHORT,CHILLGUYUSDT,SHORT,0.29671056237814813,False,0.18,250,-1.6460776979307021,-0.3292155395861404,True,-0.21564195253322527,-0.043128390506645055,False,True,False,False,False,False,False,True,1791036397171,1791036434322,1791036442552,8230,0.2349125988311653,1.4304357453974768
PAPER:ZAMAUSDT:1791036299999:LONG,ZAMAUSDT,LONG,0.05344670536999718,False,0.18,250,-2.7535616422870577,-0.5507123284574116,False,-2.7535616422870577,-0.5507123284574116,False,False,False,False,False,False,False,False,,,,,,0.0
PAPER:MTLUSDT:1791036299999:SHORT,MTLUSDT,SHORT,0.392645968101903,False,0.18,250,-2.9359691162288346,-0.5871938232457669,True,-0.15587840671900666,-0.031175681343801328,False,True,False,False,False,False,False,True,1791036616950,1791036620205,1791036620580,375,0.392645968101903,2.780090709509828
PAPER:MELANIAUSDT:1791036599999:SHORT,MELANIAUSDT,SHORT,0.11439277969808952,False,0.18,250,-2.823923833139723,-0.5647847666279447,False,-2.823923833139723,-0.5647847666279447,False,False,False,False,False,False,False,False,,,,,,0.0
PAPER:QNTUSDT:1791036599999:SHORT,QNTUSDT,SHORT,0.09206771523578838,False,0.18,250,-1.1304764324347885,-0.2260952864869577,False,-1.1304764324347885,-0.2260952864869577,False,False,False,False,False,False,False,False,,,,,,0.0
PAPER:1000000BOBUSDT:1791036899999:SHORT,1000000BOBUSDT,SHORT,0.20259244727284154,False,0.18,250,-0.9501900380075976,-0.19003800760151954,True,-0.20749687771379755,-0.04149937554275951,False,True,False,False,False,False,False,True,1791036924715,1791036924722,1791036927880,3158,0.1283936312485121,0.7426931602938001
PAPER:ZECUSDT:1791036899999:SHORT,ZECUSDT,SHORT,0.34743220879288866,False,0.18,250,-2.4871455712255535,-0.49742911424511066,True,-0.02879100298007437,-0.0057582005960148735,False,True,False,False,False,False,False,True,1791037444152,1791037446624,1791037446913,289,0.34743220879288866,2.458354568245479
PAPER:VELVETUSDT:1791037199999:LONG,VELVETUSDT,LONG,0.16967139011807575,False,0.18,250,-2.5920327443301128,-0.5184065488660226,False,-2.5920327443301128,-0.5184065488660226,False,False,False,False,False,False,False,False,,,,,,0.0
PAPER:EVAAUSDT:1791037499999:LONG,EVAAUSDT,LONG,0.056646393986836685,False,0.18,250,-3.821169888291375,-0.7642339776582749,False,-3.821169888291375,-0.7642339776582749,False,False,False,False,False,False,False,False,,,,,,0.0
PAPER:ONEUSDT:1791037499999:LONG,ONEUSDT,LONG,0.24924997047268693,False,0.18,250,-6.076218006145115,-1.215243601229023,True,0.2197126923847056,0.043942538476941115,True,True,False,False,False,False,False,True,1791037530030,1791037530035,1791037530305,270,0.24924997047269143,6.295930698529821
PAPER:DEEPUSDT:1791037799999:LONG,DEEPUSDT,LONG,0.02104669378111268,False,0.18,250,-3.6150511995301473,-0.7230102399060295,False,-3.6150511995301473,-0.7230102399060295,False,False,False,False,False,False,False,False,,,,,,0.0
PAPER:OPUSDT:1791037799999:LONG,OPUSDT,LONG,0.26694344698652284,False,0.18,250,-2.0891271981087893,-0.4178254396217579,True,0.15275495566874142,0.030550991133748283,True,True,False,False,False,False,False,True,1791037920379,1791037920380,1791037920678,298,0.26694344698652633,2.2418821537775306
PAPER:DRIFTUSDT:1791037799999:LONG,DRIFTUSDT,LONG,0.13110727980347736,False,0.18,250,-3.088406569315816,-0.6176813138631632,False,-3.088406569315816,-0.6176813138631632,False,False,False,False,False,False,False,False,,,,,,0.0
PAPER:ORDIUSDT:1791037799999:LONG,ORDIUSDT,LONG,0.3061675616160109,False,0.18,250,-2.7963146550767375,-0.5592629310153475,True,0.027751229875880242,0.005550245975176049,True,True,False,False,False,False,False,True,1791039062236,1791039065527,1791039066284,757,0.30616756161601505,2.824065884952618
PAPER:SUPERUSDT:1791038099999:LONG,SUPERUSDT,LONG,0.6513379595819213,True,0.18,250,-3.4602375064787063,-0.6920475012957413,True,-0.3690395042379669,-0.07380790084759338,False,True,False,False,True,False,False,True,1791038218866,1791038218868,1791038219343,475,0.6513379595819316,3.0911980022407395
PAPER:KAIAUSDT:1791038099999:LONG,KAIAUSDT,LONG,0.006629832488891374,False,0.18,250,-3.410360241533641,-0.6820720483067282,False,-3.410360241533641,-0.6820720483067282,False,False,False,False,False,False,False,False,,,,,,0.0
PAPER:1000CATUSDT:1791038699999:LONG,1000CATUSDT,LONG,0.4267421761402934,False,0.18,250,-0.838231577321695,-0.16764631546433897,True,0.16597456871457816,0.03319491374291563,True,True,False,False,False,False,False,True,1791039120575,1791039125988,1791039135783,9795,0.4267421761402879,1.0042061460362732
PAPER:USUSDT:1791038699999:SHORT,USUSDT,SHORT,0.48393229097455304,False,0.18,250,-0.7002546247073798,-0.14005092494147595,True,-0.08677679206127581,-0.017355358412255162,False,True,False,False,False,False,False,True,1791038766469,1791038842620,1791038842902,282,0.4566924914191514,0.6134778326461039
PAPER:哈基米USDT:1791038699999:SHORT,哈基米USDT,SHORT,0.10980781490497439,False,0.18,250,-0.6253521470030563,-0.12507042940061125,False,-0.6253521470030563,-0.12507042940061125,False,False,False,False,False,False,False,False,,,,,,0.0
PAPER:XMRUSDT:1791038699999:LONG,XMRUSDT,LONG,0.34497365381629397,False,0.18,250,-1.4191267554642937,-0.2838253510928587,True,0.042975325890406924,0.008595065178081384,True,True,False,False,False,False,False,True,1791039109984,1791039377860,1791039378344,484,0.3016109225747648,1.4621020813547005
PAPER:NEARUSDT:1791038999999:LONG,NEARUSDT,LONG,0.2154525207140212,False,0.18,250,-3.248598645182094,-0.6497197290364188,True,0.012473565017195709,0.0024947130034391417,True,True,False,False,False,False,False,True,1791039413055,1791039413055,1791039413415,360,0.19404810966730063,3.2610722101992895
PAPER:RENDERUSDT:1791038999999:LONG,RENDERUSDT,LONG,0.3777364865167332,False,0.18,250,-2.564063511265951,-0.5128127022531902,True,0.04357671479134407,0.008715342958268814,True,True,False,False,False,False,False,True,1791039387975,1791039390177,1791039395003,4826,0.3777364865167244,2.607640226057295
PAPER:AEVOUSDT:1791039299999:LONG,AEVOUSDT,LONG,0.32084492192470115,False,0.18,250,-2.7469840170223327,-0.5493968034044666,True,-0.1931052047165786,-0.03862104094331572,False,True,False,False,False,False,False,True,1791039405907,1791039405919,1791039413229,7310,0.3208449219247057,2.5538788123057543
PAPER:ONUSDT:1791039599999:SHORT,ONUSDT,SHORT,0.359578557077644,False,0.18,250,-0.4752610152011104,-0.09505220304022208,True,-0.47526101520117625,-0.09505220304023526,False,False,False,False,False,False,False,True,1791039637003,1791039637008,1791039638152,1144,0.16978727813873884,-6.583622536027178e-14
PAPER:XVGUSDT:1791039599999:LONG,XVGUSDT,LONG,0.07237850243317911,False,0.18,250,-3.6415072428999737,-0.7283014485799947,False,-3.6415072428999737,-0.7283014485799947,False,False,False,False,False,False,False,False,,,,,,0.0
PAPER:CUSDT:1791039899999:LONG,CUSDT,LONG,1.1357841017241022,True,0.18,250,-4.815485513170761,-0.9630971026341522,True,-2.405713788384183,-0.48114275767683656,False,True,False,False,True,True,False,True,1791039956183,1791039956495,1791039956836,341,1.135784101724093,2.409771724786578
PAPER:龙虾USDT:1791039899999:SHORT,龙虾USDT,SHORT,0.0010972658666689283,False,0.18,250,-2.3230755803059737,-0.4646151160611947,False,-2.3230755803059737,-0.4646151160611947,False,False,False,False,False,False,False,False,,,,,,0.0
PAPER:PHAUSDT:1791039899999:SHORT,PHAUSDT,SHORT,0.5336391386070395,True,0.18,250,-1.3147750271102738,-0.26295500542205474,True,-0.43977105326381954,-0.0879542106527639,False,True,False,False,False,False,False,True,1791040049204,1791040049267,1791040050365,1098,0.16940023110230443,0.8750039738464543
PAPER:MIRAUSDT:1791040199999:SHORT,MIRAUSDT,SHORT,0.13354810666604766,False,0.18,250,-1.3344350505103577,-0.26688701010207155,False,-1.3344350505103577,-0.26688701010207155,False,False,False,False,False,False,False,False,,,,,,0.0
PAPER:MEGAUSDT:1791040199999:LONG,MEGAUSDT,LONG,0.5974185977954738,True,0.18,250,-0.07597016259568207,-0.015194032519136414,True,-0.024567816984127244,-0.0049135633968254485,False,True,False,False,True,False,False,True,1791040279375,1791040279377,1791040279806,429,0.5974185977954714,0.05140234561155482
PAPER:SANDUSDT:1791040499999:LONG,SANDUSDT,LONG,0.8209450237695926,True,0.18,250,1.3474539452734347,0.26949078905468693,True,0.3629122381594803,0.07258244763189606,True,False,True,True,True,False,False,True,1791040526052,1791040526053,1791040526306,253,0.8209450237695979,-0.9845417071139544
PAPER:BANUSDT:1791040499999:SHORT,BANUSDT,SHORT,0.05628890843004262,False,0.18,250,-3.0502385088000796,-0.6100477017600159,False,-3.0502385088000796,-0.6100477017600159,False,False,False,False,False,False,False,False,,,,,,0.0
PAPER:MORPHOUSDT:1791040799999:LONG,MORPHOUSDT,LONG,0.02861058304419739,False,0.18,250,-1.9210183355999124,-0.3842036671199825,False,-1.9210183355999124,-0.3842036671199825,False,False,False,False,False,False,False,False,,,,,,0.0
PAPER:BMTUSDT:1791040799999:LONG,BMTUSDT,LONG,0.302520141133078,False,0.18,250,-2.695113121192824,-0.5390226242385647,True,-0.412793704699817,-0.0825587409399634,False,True,False,False,False,False,False,True,1791041208446,1791041209223,1791041214001,4778,0.3025201411330761,2.282319416493007
PAPER:TAKEUSDT:1791041099999:LONG,TAKEUSDT,LONG,0.08721294956695047,False,0.18,250,-1.523598169842145,-0.304719633968429,False,-1.523598169842145,-0.304719633968429,False,False,False,False,False,False,False,False,,,,,,0.0
PAPER:SENTUSDT:1791041099999:SHORT,SENTUSDT,SHORT,0.025708980918666427,False,0.18,250,-3.3524018731991214,-0.6704803746398242,False,-3.3524018731991214,-0.6704803746398242,False,False,False,False,False,False,False,False,,,,,,0.0
PAPER:TAKEUSDT:1791041399999:LONG,TAKEUSDT,LONG,0.17738289851521039,False,0.18,250,-2.2391385466262355,-0.4478277093252471,False,-2.2391385466262355,-0.4478277093252471,False,False,False,False,False,False,False,False,,,,,,0.0
PAPER:PHAROSUSDT:1791041999999:LONG,PHAROSUSDT,LONG,0.1184037832522078,False,0.18,250,-2.747298263215607,-0.5494596526431214,False,-2.747298263215607,-0.5494596526431214,False,False,False,False,False,False,False,False,,,,,,0.0
PAPER:AVAAIUSDT:1791042299999:LONG,AVAAIUSDT,LONG,0.5843370032250439,True,0.18,250,-1.8501523740850172,-0.37003047481700346,True,-0.7909260963289271,-0.1581852192657854,False,True,False,False,False,False,False,True,1791042458348,1791042471363,1791042471747,384,0.06482266643173494,1.0592262777560901
PAPER:INXUSDT:1791042299999:LONG,INXUSDT,LONG,0.5111944571072558,True,0.18,250,-0.949810037992343,-0.1899620075984686,True,0.4598244015484583,0.09196488030969165,True,True,False,False,True,False,False,True,1791042341949,1791042345100,1791042345675,575,0.5111944571072548,1.4096344395408011
PAPER:CYSUSDT:1791042299999:SHORT,CYSUSDT,SHORT,0.04109557403234674,False,0.18,250,-2.4791307528456885,-0.4958261505691377,False,-2.4791307528456885,-0.4958261505691377,False,False,False,False,False,False,False,False,,,,,,0.0
PAPER:AKTUSDT:1791043199999:LONG,AKTUSDT,LONG,0.09885095789161635,False,0.18,250,-3.5100134635034834,-0.7020026927006967,False,-3.5100134635034834,-0.7020026927006967,False,False,False,False,False,False,False,False,,,,,,0.0
PAPER:AIOUSDT:1791043499999:LONG,AIOUSDT,LONG,0.3392750607989381,False,0.18,250,-0.05248551804010343,-0.010497103608020685,True,-0.1806747351761951,-0.036134947035239014,False,False,False,True,False,False,False,True,1791043560482,1791043560491,1791043561353,862,0.3392750607989329,-0.12818921713609166
PAPER:TAKEUSDT:1791030299999:LONG,TAKEUSDT,LONG,0.20078003326780003,False,0.18,500,-4.179531297998999,-0.8359062595997998,True,-0.47716790238159973,-0.09543358047631995,False,True,False,False,False,False,False,True,1791030419360,1791030419644,1791030420194,550,0.09039201623397654,3.702363395617399
PAPER:C98USDT:1791030299999:SHORT,C98USDT,SHORT,0.5325927063865858,True,0.18,500,-0.33561030806532705,-0.06712206161306541,True,-0.33561030806532705,-0.06712206161306541,False,False,False,False,True,False,False,True,1791030555079,1791030558808,1791030563279,4471,0.5325927063865858,0.0
PAPER:RAYSOLUSDT:1791030299999:LONG,RAYSOLUSDT,LONG,0.3865045416249213,False,0.18,500,-4.294281797041444,-0.8588563594082889,True,0.3402004976408963,0.06804009952817927,True,True,False,False,False,False,False,True,1791030397825,1791030402770,1791030404379,1609,0.38650454162492903,4.634482294682341
PAPER:MASKUSDT:1791030299999:SHORT,MASKUSDT,SHORT,0.4782276505114329,False,0.18,500,-0.6904478264892522,-0.13808956529785044,True,-0.22291184575641135,-0.044582369151282275,False,True,False,False,False,False,False,True,1791030455054,1791030455058,1791030458292,3234,0.4782276505114329,0.46753598073284086
PAPER:2ZUSDT:1791030599999:SHORT,2ZUSDT,SHORT,0.04643975739345436,False,0.18,500,-3.1670863623565806,-0.6334172724713161,False,-3.1670863623565806,-0.6334172724713161,False,False,False,False,False,False,False,False,,,,,,0.0
PAPER:ARKUSDT:1791030599999:LONG,ARKUSDT,LONG,0.11126877469145313,False,0.18,500,-0.9498100379923222,-0.18996200759846446,False,-0.9498100379923222,-0.18996200759846446,False,False,False,False,False,False,False,False,,,,,,0.0
PAPER:ICPUSDT:1791030599999:SHORT,ICPUSDT,SHORT,0.13297856879422754,False,0.18,500,-2.251777408861963,-0.45035548177239265,False,-2.251777408861963,-0.45035548177239265,False,False,False,False,False,False,False,False,,,,,,0.0
PAPER:ALCHUSDT:1791030599999:SHORT,ALCHUSDT,SHORT,0.040601939818374046,False,0.18,500,-3.073413425363308,-0.6146826850726615,False,-3.073413425363308,-0.6146826850726615,False,False,False,False,False,False,False,False,,,,,,0.0
PAPER:1000SATSUSDT:1791030599999:SHORT,1000SATSUSDT,SHORT,0.14356100983075173,False,0.18,500,-2.382743729857922,-0.4765487459715844,False,-2.382743729857922,-0.4765487459715844,False,False,False,False,False,False,False,False,,,,,,0.0
PAPER:SPXUSDT:1791030599999:SHORT,SPXUSDT,SHORT,0.3946344312621141,False,0.18,500,-3.082995430845726,-0.6165990861691453,True,-0.1431825920688441,-0.028636518413768818,False,True,False,False,False,False,False,True,1791031346974,1791031505552,1791031512470,6918,0.3946344312621141,2.939812838776882
PAPER:BERAUSDT:1791030599999:SHORT,BERAUSDT,SHORT,0.02415494136355687,False,0.18,500,-2.7182260293118015,-0.5436452058623603,False,-2.7182260293118015,-0.5436452058623603,False,False,False,False,False,False,False,False,,,,,,0.0
PAPER:CLOUSDT:1791030599999:SHORT,CLOUSDT,SHORT,0.562071677187042,True,0.18,500,0.020857857313486106,0.0041715714626972215,True,0.020857857313486106,0.0041715714626972215,True,False,False,False,True,False,False,True,1791030678216,1791030678742,1791030680193,1451,0.562071677187042,0.0
PAPER:RONINUSDT:1791030599999:SHORT,RONINUSDT,SHORT,0.4201447269727042,False,0.18,500,-0.9881699462047233,-0.19763398924094466,True,-0.1905918740652291,-0.03811837481304582,False,True,False,False,False,False,False,True,1791031222023,1791031515790,1791031534197,18407,0.17730404958078655,0.7975780721394943
PAPER:BABYUSDT:1791030599999:SHORT,BABYUSDT,SHORT,0.13108361853639602,False,0.18,500,-2.4625017903882367,-0.4925003580776473,False,-2.4625017903882367,-0.4925003580776473,False,False,False,False,False,False,False,False,,,,,,0.0
PAPER:LQTYUSDT:1791030599999:SHORT,LQTYUSDT,SHORT,0.23922711108097128,False,0.18,500,-1.1664212216092822,-0.23328424432185646,True,-0.301496487202364,-0.0602992974404728,False,True,False,False,False,False,False,True,1791031370434,1791031448213,1791031473500,25287,0.23922711108097128,0.8649247344069182
PAPER:ELSAUSDT:1791030599999:SHORT,ELSAUSDT,SHORT,0.09292788177507333,False,0.18,500,-2.8341764513986663,-0.5668352902797332,False,-2.8341764513986663,-0.5668352902797332,False,False,False,False,False,False,False,False,,,,,,0.0
PAPER:LYNUSDT:1791030899999:SHORT,LYNUSDT,SHORT,0.4910471145324048,False,0.18,500,-0.2194233372221207,-0.04388466744442414,True,-0.2194233372221207,-0.04388466744442414,False,False,False,False,False,False,False,True,1791030941539,1791030941856,1791030944842,2986,0.4910471145324048,0.0
PAPER:CUSDT:1791030899999:LONG,CUSDT,LONG,0.5052576067934522,True,0.18,500,-4.734098707132696,-0.9468197414265391,True,-0.24340948641956217,-0.04868189728391244,False,True,False,False,True,False,False,True,1791030954189,1791030954515,1791030957004,2489,0.5052576067934565,4.490689220713134
PAPER:BATUSDT:1791030899999:SHORT,BATUSDT,SHORT,0.06560207944017078,False,0.18,500,-3.5743672405177547,-0.7148734481035509,False,-3.5743672405177547,-0.7148734481035509,False,False,False,False,False,False,False,False,,,,,,0.0
PAPER:SOLVUSDT:1791030899999:SHORT,SOLVUSDT,SHORT,0.09791630573226773,False,0.18,500,-0.3600282954492119,-0.07200565908984238,False,-0.3600282954492119,-0.07200565908984238,False,False,False,False,False,False,False,False,,,,,,0.0
PAPER:SOONUSDT:1791031199999:LONG,SOONUSDT,LONG,0.43180093380581486,False,0.18,500,-0.8170548040842363,-0.16341096081684725,True,-0.2860338684521938,-0.05720677369043876,False,True,False,False,False,False,False,True,1791031297940,1791031302721,1791031303316,595,0.1394617408256968,0.5310209356320424
PAPER:GUAUSDT:1791031199999:SHORT,GUAUSDT,SHORT,0.09482952847747854,False,0.18,500,-2.3151338684784952,-0.46302677369569906,False,-2.3151338684784952,-0.46302677369569906,False,False,False,False,False,False,False,False,,,,,,0.0
PAPER:WAXPUSDT:1791031199999:SHORT,WAXPUSDT,SHORT,0.15796753656780602,False,0.18,500,-2.1242987820307544,-0.42485975640615087,False,-2.1242987820307544,-0.42485975640615087,False,False,False,False,False,False,False,False,,,,,,0.0
PAPER:XVGUSDT:1791031199999:SHORT,XVGUSDT,SHORT,0.2963147974313368,False,0.18,500,-2.770751292099085,-0.5541502584198169,True,-0.15864166666351745,-0.03172833333270349,False,True,False,False,False,False,False,True,1791031367984,1791031469446,1791031503586,34140,0.20141915796188806,2.6121096254355676
PAPER:BLUAIUSDT:1791031199999:SHORT,BLUAIUSDT,SHORT,0.4188883317460625,False,0.18,500,-5.699480266072115,-1.1398960532144229,True,-0.3565287594995132,-0.07130575189990263,False,True,False,False,False,False,False,True,1791031320158,1791031321702,1791031322927,1225,0.4188883317460625,5.342951506572602
PAPER:NILUSDT:1791031199999:LONG,NILUSDT,LONG,0.22971618806590932,False,0.18,500,-2.7020749171407723,-0.5404149834281544,True,-0.8904112285297964,-0.1780822457059593,False,True,False,False,False,False,False,True,1791031338900,1791031347262,1791031347877,615,0.14647879177732293,1.811663688610976
PAPER:LDOUSDT:1791031199999:SHORT,LDOUSDT,SHORT,0.4188727170620659,False,0.18,500,-4.903833487188899,-0.9807666974377798,True,0.038220824287734434,0.007644164857546887,True,True,False,False,False,False,False,True,1791031367589,1791031413660,1791031416872,3212,0.4188727170620659,4.9420543114766335
PAPER:ONUSDT:1791031499999:SHORT,ONUSDT,SHORT,0.1664265751566015,False,0.18,500,-2.3497478852713356,-0.46994957705426715,False,-2.3497478852713356,-0.46994957705426715,False,False,False,False,False,False,False,False,,,,,,0.0
PAPER:CVCUSDT:1791031499999:SHORT,CVCUSDT,SHORT,0.15044590376835515,False,0.18,500,-2.485696755915584,-0.4971393511831168,False,-2.485696755915584,-0.4971393511831168,False,False,False,False,False,False,False,False,,,,,,0.0
PAPER:FOGOUSDT:1791031499999:SHORT,FOGOUSDT,SHORT,0.057127292047956295,False,0.18,500,-3.4110859982869592,-0.6822171996573918,False,-3.4110859982869592,-0.6822171996573918,False,False,False,False,False,False,False,False,,,,,,0.0
PAPER:MUSDT:1791031499999:SHORT,MUSDT,SHORT,0.1562427022849482,False,0.18,500,-1.0481979068353748,-0.20963958136707497,False,-1.0481979068353748,-0.20963958136707497,False,False,False,False,False,False,False,False,,,,,,0.0
PAPER:TRUTHUSDT:1791031799999:SHORT,TRUTHUSDT,SHORT,0.04259979890824061,False,0.18,500,-1.8553263437999297,-0.37106526875998597,False,-1.8553263437999297,-0.37106526875998597,False,False,False,False,False,False,False,False,,,,,,0.0
PAPER:MEWUSDT:1791031799999:LONG,MEWUSDT,LONG,0.20671602640922604,False,0.18,500,-2.9316560299051333,-0.5863312059810266,True,-0.28919470735480124,-0.05783894147096025,False,True,False,False,False,False,False,True,1791031828571,1791031828655,1791031829188,533,0.15003801960697138,2.642461322550332
PAPER:ATHUSDT:1791032399999:LONG,ATHUSDT,LONG,0.9362862664506144,True,0.18,500,-1.4344200088454728,-0.28688400176909457,True,-0.18828008379475863,-0.03765601675895173,False,True,False,False,True,False,False,True,1791032442852,1791032443328,1791032444311,983,0.9362862664506227,1.2461399250507141
PAPER:PARTIUSDT:1791032699999:LONG,PARTIUSDT,LONG,0.12131849248524507,False,0.18,500,-1.6557113665605714,-0.3311422733121143,False,-1.6557113665605714,-0.3311422733121143,False,False,False,False,False,False,False,False,,,,,,0.0
PAPER:SCRUSDT:1791032699999:SHORT,SCRUSDT,SHORT,0.17458744667221668,False,0.18,500,-4.748328639463314,-0.9496657278926629,False,-4.748328639463314,-0.9496657278926629,False,False,False,False,False,False,False,False,,,,,,0.0
PAPER:FLUIDUSDT:1791032699999:LONG,FLUIDUSDT,LONG,0.40288014904572567,False,0.18,500,-1.5533450107561027,-0.3106690021512205,True,0.25725990753518857,0.05145198150703772,True,True,False,False,False,False,False,True,1791032784031,1791032795054,1791032828390,33336,0.4028801490457218,1.810604918291291
PAPER:BRUSDT:1791032999999:SHORT,BRUSDT,SHORT,0.27254947442767047,False,0.18,500,-1.4411649157048976,-0.2882329831409795,True,-0.19619290440103576,-0.03923858088020715,False,True,False,False,False,False,False,True,1791033050728,1791033051097,1791033052187,1090,0.1761995274963559,1.2449720113038618
PAPER:TAKEUSDT:1791032999999:LONG,TAKEUSDT,LONG,0.1981648558068816,False,0.18,500,-4.45263633915979,-0.890527267831958,True,0.06211756012261044,0.012423512024522089,True,True,False,False,False,False,False,True,1791033105781,1791033105796,1791033106922,1126,0.19816485580688872,4.5147538992824
PAPER:AVAUSDT:1791032999999:LONG,AVAUSDT,LONG,0.052532112366043826,False,0.18,500,-3.304734763964892,-0.6609469527929784,False,-3.304734763964892,-0.6609469527929784,False,False,False,False,False,False,False,False,,,,,,0.0
PAPER:GTCUSDT:1791032999999:LONG,GTCUSDT,LONG,0.5910414075610326,True,0.18,500,-5.389497416018015,-1.077899483203603,True,0.27903200413969703,0.055806400827939404,True,True,False,False,True,False,False,True,1791033050095,1791033050110,1791033051685,1575,0.5910414075610282,5.6685294201577126
PAPER:KSMUSDT:1791032999999:LONG,KSMUSDT,LONG,0.0557320840319786,False,0.18,500,-3.0776393835983287,-0.6155278767196658,False,-3.0776393835983287,-0.6155278767196658,False,False,False,False,False,False,False,False,,,,,,0.0
PAPER:ARKMUSDT:1791033599999:SHORT,ARKMUSDT,SHORT,0.056405475136281816,False,0.18,500,-2.8622419480075423,-0.5724483896015085,False,-2.8622419480075423,-0.5724483896015085,False,False,False,False,False,False,False,False,,,,,,0.0
PAPER:POWERUSDT:1791033599999:SHORT,POWERUSDT,SHORT,0.1333104729659478,False,0.18,500,-3.2520922207080236,-0.6504184441416047,False,-3.2520922207080236,-0.6504184441416047,False,False,False,False,False,False,False,False,,,,,,0.0
PAPER:IOUSDT:1791033599999:LONG,IOUSDT,LONG,0.04360451065001936,False,0.18,500,-3.8091145606756855,-0.7618229121351371,False,-3.8091145606756855,-0.7618229121351371,False,False,False,False,False,False,False,False,,,,,,0.0
PAPER:TRADOORUSDT:1791033899999:SHORT,TRADOORUSDT,SHORT,0.037861202555832515,False,0.18,500,-6.7422084359017616,-1.3484416871803524,False,-6.7422084359017616,-1.3484416871803524,False,False,False,False,False,False,False,False,,,,,,0.0
PAPER:LITUSDT:1791033899999:SHORT,LITUSDT,SHORT,0.5614579357694294,True,0.18,500,-1.1427683363038064,-0.22855366726076126,True,-0.10855154915733284,-0.021710309831466566,False,True,False,False,True,False,False,True,1791035147612,1791035147673,1791035148306,633,0.5614579357694294,1.0342167871464736
PAPER:GLMUSDT:1791033899999:LONG,GLMUSDT,LONG,0.41155018572360813,False,0.18,500,-1.5272247018917282,-0.30544494037834563,True,-0.29540675223981755,-0.05908135044796351,False,True,False,False,False,False,False,True,1791033960425,1791033960496,1791033964780,4284,0.411550185723613,1.2318179496519106
PAPER:PORTALUSDT:1791033899999:LONG,PORTALUSDT,LONG,0.2034230025503403,False,0.18,500,-2.4843567110599034,-0.49687134221198065,True,-0.3917930659678481,-0.07835861319356961,False,True,False,False,False,False,False,True,1791034275117,1791034275182,1791034281280,6098,0.14756825171280097,2.0925636450920555
PAPER:PROMPTUSDT:1791033899999:LONG,PROMPTUSDT,LONG,0.02804821063659979,False,0.18,500,-0.9498100379923309,-0.18996200759846618,False,-0.9498100379923309,-0.18996200759846618,False,False,False,False,False,False,False,False,,,,,,0.0
PAPER:MAGMAUSDT:1791033899999:SHORT,MAGMAUSDT,SHORT,0.11747463534199344,False,0.18,500,-1.6167348982446283,-0.32334697964892567,False,-1.6167348982446283,-0.32334697964892567,False,False,False,False,False,False,False,False,,,,,,0.0
PAPER:SYRUPUSDT:1791034499999:LONG,SYRUPUSDT,LONG,0.3365032121780853,False,0.18,500,-1.7301618973079922,-0.3460323794615984,True,0.19070421793056705,0.038140843586113415,True,True,False,False,False,False,False,True,1791034856569,1791034859943,1791034860486,543,0.3365032121780856,1.9208661152385593
PAPER:SOPHUSDT:1791034799999:LONG,SOPHUSDT,LONG,0.032486940932008324,False,0.18,500,-1.0808927650165776,-0.21617855300331554,False,-1.0808927650165776,-0.21617855300331554,False,False,False,False,False,False,False,False,,,,,,0.0
PAPER:TRBUSDT:1791034799999:LONG,TRBUSDT,LONG,0.17249534305692205,False,0.18,500,-1.1180799807020212,-0.22361599614040423,False,-1.1180799807020212,-0.22361599614040423,False,False,False,False,False,False,False,False,,,,,,0.0
PAPER:BRETTUSDT:1791034799999:LONG,BRETTUSDT,LONG,0.013901271279914695,False,0.18,500,-2.8970518364541604,-0.5794103672908321,False,-2.8970518364541604,-0.5794103672908321,False,False,False,False,False,False,False,False,,,,,,0.0
PAPER:HANAUSDT:1791034799999:SHORT,HANAUSDT,SHORT,0.39639901335803707,False,0.18,500,-4.076179984123353,-0.8152359968246706,True,-0.5333913785255111,-0.10667827570510223,False,True,False,False,False,False,False,True,1791035379027,1791035403440,1791035408172,4732,0.39639901335803707,3.542788605597842
PAPER:COOKIEUSDT:1791034799999:LONG,COOKIEUSDT,LONG,0.02588041584095091,False,0.18,500,-3.432422254842399,-0.6864844509684798,False,-3.432422254842399,-0.6864844509684798,False,False,False,False,False,False,False,False,,,,,,0.0
PAPER:BLURUSDT:1791035099999:LONG,BLURUSDT,LONG,0.026898935409902514,False,0.18,500,-2.1210698643572643,-0.4242139728714529,False,-2.1210698643572643,-0.4242139728714529,False,False,False,False,False,False,False,False,,,,,,0.0
PAPER:GTCUSDT:1791035399999:LONG,GTCUSDT,LONG,0.1905703102749179,False,0.18,500,0.06306476224254054,0.012612952448508108,True,-0.014848683929357509,-0.0029697367858715017,False,False,True,True,False,False,False,True,1791035430895,1791035433619,1791035433619,0,0.1671740534888317,-0.07791344617189805
PAPER:BIOUSDT:1791035399999:LONG,BIOUSDT,LONG,0.04403217979522811,False,0.18,500,-2.7089125322549616,-0.5417825064509922,False,-2.7089125322549616,-0.5417825064509922,False,False,False,False,False,False,False,False,,,,,,0.0
PAPER:NILUSDT:1791035699999:SHORT,NILUSDT,SHORT,0.2057747892693691,False,0.18,500,-1.6043812094959564,-0.3208762418991913,True,-0.3554707911999904,-0.07109415823999808,False,True,False,False,False,False,False,True,1791035814485,1791035814554,1791035816699,2145,0.14635931819844766,1.248910418295966
PAPER:PARTIUSDT:1791035699999:LONG,PARTIUSDT,LONG,0.38892017097602594,False,0.18,500,-0.4391503345547632,-0.08783006691095264,True,-0.4391503345547632,-0.08783006691095264,False,False,False,False,False,False,False,True,1791035727428,1791035728903,1791035729833,930,0.15038573744010164,0.0
PAPER:SIGNUSDT:1791035999999:LONG,SIGNUSDT,LONG,0.020325020332290222,False,0.18,500,-2.903522065186805,-0.580704413037361,False,-2.903522065186805,-0.580704413037361,False,False,False,False,False,False,False,False,,,,,,0.0
PAPER:FHEUSDT:1791035999999:LONG,FHEUSDT,LONG,0.07019795860405686,False,0.18,500,-1.0624453988318034,-0.2124890797663607,False,-1.0624453988318034,-0.2124890797663607,False,False,False,False,False,False,False,False,,,,,,0.0
PAPER:ENJUSDT:1791035999999:LONG,ENJUSDT,LONG,0.09842864118914108,False,0.18,500,-0.5061394517069918,-0.10122789034139837,False,-0.5061394517069918,-0.10122789034139837,False,False,False,False,False,False,False,False,,,,,,0.0
PAPER:CHILLGUYUSDT:1791036299999:SHORT,CHILLGUYUSDT,SHORT,0.29671056237814813,False,0.18,500,-1.6460776979307021,-0.3292155395861404,True,-0.21564195253322527,-0.043128390506645055,False,True,False,False,False,False,False,True,1791036397171,1791036434322,1791036442552,8230,0.2349125988311653,1.4304357453974768
PAPER:ZAMAUSDT:1791036299999:LONG,ZAMAUSDT,LONG,0.05344670536999718,False,0.18,500,-2.7535616422870577,-0.5507123284574116,False,-2.7535616422870577,-0.5507123284574116,False,False,False,False,False,False,False,False,,,,,,0.0
PAPER:MTLUSDT:1791036299999:SHORT,MTLUSDT,SHORT,0.392645968101903,False,0.18,500,-2.9359691162288346,-0.5871938232457669,True,0.00298391953865762,0.000596783907731524,True,True,False,False,False,False,False,True,1791036616950,1791036620205,1791036627891,7686,0.392645968101903,2.9389530357674922
PAPER:MELANIAUSDT:1791036599999:SHORT,MELANIAUSDT,SHORT,0.11439277969808952,False,0.18,500,-2.823923833139723,-0.5647847666279447,False,-2.823923833139723,-0.5647847666279447,False,False,False,False,False,False,False,False,,,,,,0.0
PAPER:QNTUSDT:1791036599999:SHORT,QNTUSDT,SHORT,0.09206771523578838,False,0.18,500,-1.1304764324347885,-0.2260952864869577,False,-1.1304764324347885,-0.2260952864869577,False,False,False,False,False,False,False,False,,,,,,0.0
PAPER:1000000BOBUSDT:1791036899999:SHORT,1000000BOBUSDT,SHORT,0.20259244727284154,False,0.18,500,-0.9501900380075976,-0.19003800760151954,True,-0.20749687771379755,-0.04149937554275951,False,True,False,False,False,False,False,True,1791036924715,1791036924722,1791036927880,3158,0.1283936312485121,0.7426931602938001
PAPER:ZECUSDT:1791036899999:SHORT,ZECUSDT,SHORT,0.34743220879288866,False,0.18,500,-2.4871455712255535,-0.49742911424511066,True,-0.03266242749707876,-0.006532485499415753,False,True,False,False,False,False,False,True,1791037444152,1791037446624,1791037447171,547,0.34743220879288866,2.4544831437284746
PAPER:VELVETUSDT:1791037199999:LONG,VELVETUSDT,LONG,0.16967139011807575,False,0.18,500,-2.5920327443301128,-0.5184065488660226,False,-2.5920327443301128,-0.5184065488660226,False,False,False,False,False,False,False,False,,,,,,0.0
PAPER:EVAAUSDT:1791037499999:LONG,EVAAUSDT,LONG,0.056646393986836685,False,0.18,500,-3.821169888291375,-0.7642339776582749,False,-3.821169888291375,-0.7642339776582749,False,False,False,False,False,False,False,False,,,,,,0.0
PAPER:ONEUSDT:1791037499999:LONG,ONEUSDT,LONG,0.24924997047268693,False,0.18,500,-6.076218006145115,-1.215243601229023,True,0.08326837384065833,0.016653674768131666,True,True,False,False,False,False,False,True,1791037530030,1791037530035,1791037530567,532,0.24924997047269143,6.159486379985774
PAPER:DEEPUSDT:1791037799999:LONG,DEEPUSDT,LONG,0.02104669378111268,False,0.18,500,-3.6150511995301473,-0.7230102399060295,False,-3.6150511995301473,-0.7230102399060295,False,False,False,False,False,False,False,False,,,,,,0.0
PAPER:OPUSDT:1791037799999:LONG,OPUSDT,LONG,0.26694344698652284,False,0.18,500,-2.0891271981087893,-0.4178254396217579,True,0.042498456302615006,0.008499691260523001,True,True,False,False,False,False,False,True,1791037920379,1791037920380,1791037921014,634,0.26694344698652633,2.1316256544114043
PAPER:DRIFTUSDT:1791037799999:LONG,DRIFTUSDT,LONG,0.13110727980347736,False,0.18,500,-3.088406569315816,-0.6176813138631632,False,-3.088406569315816,-0.6176813138631632,False,False,False,False,False,False,False,False,,,,,,0.0
PAPER:ORDIUSDT:1791037799999:LONG,ORDIUSDT,LONG,0.3061675616160109,False,0.18,500,-2.7963146550767375,-0.5592629310153475,True,0.027751229875880242,0.005550245975176049,True,True,False,False,False,False,False,True,1791039062236,1791039065527,1791039066284,757,0.30616756161601505,2.824065884952618
PAPER:SUPERUSDT:1791038099999:LONG,SUPERUSDT,LONG,0.6513379595819213,True,0.18,500,-3.4602375064787063,-0.6920475012957413,True,-0.3690395042379669,-0.07380790084759338,False,True,False,False,True,False,False,True,1791038218866,1791038218868,1791038219639,771,0.6513379595819316,3.0911980022407395
PAPER:KAIAUSDT:1791038099999:LONG,KAIAUSDT,LONG,0.006629832488891374,False,0.18,500,-3.410360241533641,-0.6820720483067282,False,-3.410360241533641,-0.6820720483067282,False,False,False,False,False,False,False,False,,,,,,0.0
PAPER:1000CATUSDT:1791038699999:LONG,1000CATUSDT,LONG,0.4267421761402934,False,0.18,500,-0.838231577321695,-0.16764631546433897,True,0.16597456871457816,0.03319491374291563,True,True,False,False,False,False,False,True,1791039120575,1791039125988,1791039135783,9795,0.4267421761402879,1.0042061460362732
PAPER:USUSDT:1791038699999:SHORT,USUSDT,SHORT,0.48393229097455304,False,0.18,500,-0.7002546247073798,-0.14005092494147595,True,-0.15494099568863384,-0.030988199137726765,False,True,False,False,False,False,False,True,1791038766469,1791038842620,1791038843648,1028,0.4566924914191514,0.5453136290187459
PAPER:哈基米USDT:1791038699999:SHORT,哈基米USDT,SHORT,0.10980781490497439,False,0.18,500,-0.6253521470030563,-0.12507042940061125,False,-0.6253521470030563,-0.12507042940061125,False,False,False,False,False,False,False,False,,,,,,0.0
PAPER:XMRUSDT:1791038699999:LONG,XMRUSDT,LONG,0.34497365381629397,False,0.18,500,-1.4191267554642937,-0.2838253510928587,True,-0.020201924538475417,-0.004040384907695083,False,True,False,False,False,False,False,True,1791039109984,1791039377860,1791039378600,740,0.3016109225747648,1.3989248309258182
PAPER:NEARUSDT:1791038999999:LONG,NEARUSDT,LONG,0.2154525207140212,False,0.18,500,-3.248598645182094,-0.6497197290364188,True,0.11939396535167181,0.023878793070334362,True,True,False,False,False,False,False,True,1791039413055,1791039413055,1791039413737,682,0.19404810966730063,3.367992610533766
PAPER:RENDERUSDT:1791038999999:LONG,RENDERUSDT,LONG,0.3777364865167332,False,0.18,500,-2.564063511265951,-0.5128127022531902,True,0.04357671479134407,0.008715342958268814,True,True,False,False,False,False,False,True,1791039387975,1791039390177,1791039395003,4826,0.3777364865167244,2.607640226057295
PAPER:AEVOUSDT:1791039299999:LONG,AEVOUSDT,LONG,0.32084492192470115,False,0.18,500,-2.7469840170223327,-0.5493968034044666,True,-0.1931052047165786,-0.03862104094331572,False,True,False,False,False,False,False,True,1791039405907,1791039405919,1791039413229,7310,0.3208449219247057,2.5538788123057543
PAPER:ONUSDT:1791039599999:SHORT,ONUSDT,SHORT,0.359578557077644,False,0.18,500,-0.4752610152011104,-0.09505220304022208,True,-0.47526101520117625,-0.09505220304023526,False,False,False,False,False,False,False,True,1791039637003,1791039637008,1791039638152,1144,0.16978727813873884,-6.583622536027178e-14
PAPER:XVGUSDT:1791039599999:LONG,XVGUSDT,LONG,0.07237850243317911,False,0.18,500,-3.6415072428999737,-0.7283014485799947,False,-3.6415072428999737,-0.7283014485799947,False,False,False,False,False,False,False,False,,,,,,0.0
PAPER:CUSDT:1791039899999:LONG,CUSDT,LONG,1.1357841017241022,True,0.18,500,-4.815485513170761,-0.9630971026341522,True,-2.706935253982553,-0.5413870507965106,False,True,False,False,True,True,False,True,1791039956183,1791039956495,1791039957181,686,1.135784101724093,2.108550259188208
PAPER:龙虾USDT:1791039899999:SHORT,龙虾USDT,SHORT,0.0010972658666689283,False,0.18,500,-2.3230755803059737,-0.4646151160611947,False,-2.3230755803059737,-0.4646151160611947,False,False,False,False,False,False,False,False,,,,,,0.0
PAPER:PHAUSDT:1791039899999:SHORT,PHAUSDT,SHORT,0.5336391386070395,True,0.18,500,-1.3147750271102738,-0.26295500542205474,True,-0.43977105326381954,-0.0879542106527639,False,True,False,False,False,False,False,True,1791040049204,1791040049267,1791040050365,1098,0.16940023110230443,0.8750039738464543
PAPER:MIRAUSDT:1791040199999:SHORT,MIRAUSDT,SHORT,0.13354810666604766,False,0.18,500,-1.3344350505103577,-0.26688701010207155,False,-1.3344350505103577,-0.26688701010207155,False,False,False,False,False,False,False,False,,,,,,0.0
PAPER:MEGAUSDT:1791040199999:LONG,MEGAUSDT,LONG,0.5974185977954738,True,0.18,500,-0.07597016259568207,-0.015194032519136414,True,-0.024567816984127244,-0.0049135633968254485,False,True,False,False,True,False,False,True,1791040279375,1791040279377,1791040279945,568,0.5974185977954714,0.05140234561155482
PAPER:SANDUSDT:1791040499999:LONG,SANDUSDT,LONG,0.8209450237695926,True,0.18,500,1.3474539452734347,0.26949078905468693,True,0.1660038967367442,0.033200779347348844,True,False,True,True,True,False,False,True,1791040526052,1791040526053,1791040526614,561,0.8209450237695979,-1.1814500485366906
PAPER:BANUSDT:1791040499999:SHORT,BANUSDT,SHORT,0.05628890843004262,False,0.18,500,-3.0502385088000796,-0.6100477017600159,False,-3.0502385088000796,-0.6100477017600159,False,False,False,False,False,False,False,False,,,,,,0.0
PAPER:MORPHOUSDT:1791040799999:LONG,MORPHOUSDT,LONG,0.02861058304419739,False,0.18,500,-1.9210183355999124,-0.3842036671199825,False,-1.9210183355999124,-0.3842036671199825,False,False,False,False,False,False,False,False,,,,,,0.0
PAPER:BMTUSDT:1791040799999:LONG,BMTUSDT,LONG,0.302520141133078,False,0.18,500,-2.695113121192824,-0.5390226242385647,True,-0.412793704699817,-0.0825587409399634,False,True,False,False,False,False,False,True,1791041208446,1791041209223,1791041214001,4778,0.3025201411330761,2.282319416493007
PAPER:TAKEUSDT:1791041099999:LONG,TAKEUSDT,LONG,0.08721294956695047,False,0.18,500,-1.523598169842145,-0.304719633968429,False,-1.523598169842145,-0.304719633968429,False,False,False,False,False,False,False,False,,,,,,0.0
PAPER:SENTUSDT:1791041099999:SHORT,SENTUSDT,SHORT,0.025708980918666427,False,0.18,500,-3.3524018731991214,-0.6704803746398242,False,-3.3524018731991214,-0.6704803746398242,False,False,False,False,False,False,False,False,,,,,,0.0
PAPER:TAKEUSDT:1791041399999:LONG,TAKEUSDT,LONG,0.17738289851521039,False,0.18,500,-2.2391385466262355,-0.4478277093252471,False,-2.2391385466262355,-0.4478277093252471,False,False,False,False,False,False,False,False,,,,,,0.0
PAPER:PHAROSUSDT:1791041999999:LONG,PHAROSUSDT,LONG,0.1184037832522078,False,0.18,500,-2.747298263215607,-0.5494596526431214,False,-2.747298263215607,-0.5494596526431214,False,False,False,False,False,False,False,False,,,,,,0.0
PAPER:AVAAIUSDT:1791042299999:LONG,AVAAIUSDT,LONG,0.5843370032250439,True,0.18,500,-1.8501523740850172,-0.37003047481700346,True,-1.0027713518801633,-0.20055427037603266,False,True,False,False,False,False,False,True,1791042458348,1791042471363,1791042472973,1610,0.06482266643173494,0.8473810222048539
PAPER:INXUSDT:1791042299999:LONG,INXUSDT,LONG,0.5111944571072558,True,0.18,500,-0.949810037992343,-0.1899620075984686,True,0.4598244015484583,0.09196488030969165,True,True,False,False,True,False,False,True,1791042341949,1791042345100,1791042345675,575,0.5111944571072548,1.4096344395408011
PAPER:CYSUSDT:1791042299999:SHORT,CYSUSDT,SHORT,0.04109557403234674,False,0.18,500,-2.4791307528456885,-0.4958261505691377,False,-2.4791307528456885,-0.4958261505691377,False,False,False,False,False,False,False,False,,,,,,0.0
PAPER:AKTUSDT:1791043199999:LONG,AKTUSDT,LONG,0.09885095789161635,False,0.18,500,-3.5100134635034834,-0.7020026927006967,False,-3.5100134635034834,-0.7020026927006967,False,False,False,False,False,False,False,False,,,,,,0.0
PAPER:AIOUSDT:1791043499999:LONG,AIOUSDT,LONG,0.3392750607989381,False,0.18,500,-0.05248551804010343,-0.010497103608020685,True,-0.1806747351761951,-0.036134947035239014,False,False,False,True,False,False,False,True,1791043560482,1791043560491,1791043561353,862,0.3392750607989329,-0.12818921713609166
PAPER:TAKEUSDT:1791030299999:LONG,TAKEUSDT,LONG,0.20078003326780003,False,0.18,1000,-4.179531297998999,-0.8359062595997998,True,-0.6347152809185755,-0.1269430561837151,False,True,False,False,False,False,False,True,1791030419360,1791030419644,1791030422040,2396,0.09039201623397654,3.5448160170804233
PAPER:C98USDT:1791030299999:SHORT,C98USDT,SHORT,0.5325927063865858,True,0.18,1000,-0.33561030806532705,-0.06712206161306541,True,-0.33561030806532705,-0.06712206161306541,False,False,False,False,True,False,False,True,1791030555079,1791030558808,1791030563279,4471,0.5325927063865858,0.0
PAPER:RAYSOLUSDT:1791030299999:LONG,RAYSOLUSDT,LONG,0.3865045416249213,False,0.18,1000,-4.294281797041444,-0.8588563594082889,True,0.3402004976408963,0.06804009952817927,True,True,False,False,False,False,False,True,1791030397825,1791030402770,1791030404379,1609,0.38650454162492903,4.634482294682341
PAPER:MASKUSDT:1791030299999:SHORT,MASKUSDT,SHORT,0.4782276505114329,False,0.18,1000,-0.6904478264892522,-0.13808956529785044,True,-0.22291184575641135,-0.044582369151282275,False,True,False,False,False,False,False,True,1791030455054,1791030455058,1791030458292,3234,0.4782276505114329,0.46753598073284086
PAPER:2ZUSDT:1791030599999:SHORT,2ZUSDT,SHORT,0.04643975739345436,False,0.18,1000,-3.1670863623565806,-0.6334172724713161,False,-3.1670863623565806,-0.6334172724713161,False,False,False,False,False,False,False,False,,,,,,0.0
PAPER:ARKUSDT:1791030599999:LONG,ARKUSDT,LONG,0.11126877469145313,False,0.18,1000,-0.9498100379923222,-0.18996200759846446,False,-0.9498100379923222,-0.18996200759846446,False,False,False,False,False,False,False,False,,,,,,0.0
PAPER:ICPUSDT:1791030599999:SHORT,ICPUSDT,SHORT,0.13297856879422754,False,0.18,1000,-2.251777408861963,-0.45035548177239265,False,-2.251777408861963,-0.45035548177239265,False,False,False,False,False,False,False,False,,,,,,0.0
PAPER:ALCHUSDT:1791030599999:SHORT,ALCHUSDT,SHORT,0.040601939818374046,False,0.18,1000,-3.073413425363308,-0.6146826850726615,False,-3.073413425363308,-0.6146826850726615,False,False,False,False,False,False,False,False,,,,,,0.0
PAPER:1000SATSUSDT:1791030599999:SHORT,1000SATSUSDT,SHORT,0.14356100983075173,False,0.18,1000,-2.382743729857922,-0.4765487459715844,False,-2.382743729857922,-0.4765487459715844,False,False,False,False,False,False,False,False,,,,,,0.0
PAPER:SPXUSDT:1791030599999:SHORT,SPXUSDT,SHORT,0.3946344312621141,False,0.18,1000,-3.082995430845726,-0.6165990861691453,True,-0.1431825920688441,-0.028636518413768818,False,True,False,False,False,False,False,True,1791031346974,1791031505552,1791031512470,6918,0.3946344312621141,2.939812838776882
PAPER:BERAUSDT:1791030599999:SHORT,BERAUSDT,SHORT,0.02415494136355687,False,0.18,1000,-2.7182260293118015,-0.5436452058623603,False,-2.7182260293118015,-0.5436452058623603,False,False,False,False,False,False,False,False,,,,,,0.0
PAPER:CLOUSDT:1791030599999:SHORT,CLOUSDT,SHORT,0.562071677187042,True,0.18,1000,0.020857857313486106,0.0041715714626972215,True,0.020857857313486106,0.0041715714626972215,True,False,False,False,True,False,False,True,1791030678216,1791030678742,1791030680193,1451,0.562071677187042,0.0
PAPER:RONINUSDT:1791030599999:SHORT,RONINUSDT,SHORT,0.4201447269727042,False,0.18,1000,-0.9881699462047233,-0.19763398924094466,True,-0.1905918740652291,-0.03811837481304582,False,True,False,False,False,False,False,True,1791031222023,1791031515790,1791031534197,18407,0.17730404958078655,0.7975780721394943
PAPER:BABYUSDT:1791030599999:SHORT,BABYUSDT,SHORT,0.13108361853639602,False,0.18,1000,-2.4625017903882367,-0.4925003580776473,False,-2.4625017903882367,-0.4925003580776473,False,False,False,False,False,False,False,False,,,,,,0.0
PAPER:LQTYUSDT:1791030599999:SHORT,LQTYUSDT,SHORT,0.23922711108097128,False,0.18,1000,-1.1664212216092822,-0.23328424432185646,True,-0.301496487202364,-0.0602992974404728,False,True,False,False,False,False,False,True,1791031370434,1791031448213,1791031473500,25287,0.23922711108097128,0.8649247344069182
PAPER:ELSAUSDT:1791030599999:SHORT,ELSAUSDT,SHORT,0.09292788177507333,False,0.18,1000,-2.8341764513986663,-0.5668352902797332,False,-2.8341764513986663,-0.5668352902797332,False,False,False,False,False,False,False,False,,,,,,0.0
PAPER:LYNUSDT:1791030899999:SHORT,LYNUSDT,SHORT,0.4910471145324048,False,0.18,1000,-0.2194233372221207,-0.04388466744442414,True,-0.2194233372221207,-0.04388466744442414,False,False,False,False,False,False,False,True,1791030941539,1791030941856,1791030944842,2986,0.4910471145324048,0.0
PAPER:CUSDT:1791030899999:LONG,CUSDT,LONG,0.5052576067934522,True,0.18,1000,-4.734098707132696,-0.9468197414265391,True,-0.24340948641956217,-0.04868189728391244,False,True,False,False,True,False,False,True,1791030954189,1791030954515,1791030957004,2489,0.5052576067934565,4.490689220713134
PAPER:BATUSDT:1791030899999:SHORT,BATUSDT,SHORT,0.06560207944017078,False,0.18,1000,-3.5743672405177547,-0.7148734481035509,False,-3.5743672405177547,-0.7148734481035509,False,False,False,False,False,False,False,False,,,,,,0.0
PAPER:SOLVUSDT:1791030899999:SHORT,SOLVUSDT,SHORT,0.09791630573226773,False,0.18,1000,-0.3600282954492119,-0.07200565908984238,False,-0.3600282954492119,-0.07200565908984238,False,False,False,False,False,False,False,False,,,,,,0.0
PAPER:SOONUSDT:1791031199999:LONG,SOONUSDT,LONG,0.43180093380581486,False,0.18,1000,-0.8170548040842363,-0.16341096081684725,True,-0.41878910236022276,-0.08375782047204455,False,True,False,False,False,False,False,True,1791031297940,1791031302721,1791031304729,2008,0.1394617408256968,0.3982657017240135
PAPER:GUAUSDT:1791031199999:SHORT,GUAUSDT,SHORT,0.09482952847747854,False,0.18,1000,-2.3151338684784952,-0.46302677369569906,False,-2.3151338684784952,-0.46302677369569906,False,False,False,False,False,False,False,False,,,,,,0.0
PAPER:WAXPUSDT:1791031199999:SHORT,WAXPUSDT,SHORT,0.15796753656780602,False,0.18,1000,-2.1242987820307544,-0.42485975640615087,False,-2.1242987820307544,-0.42485975640615087,False,False,False,False,False,False,False,False,,,,,,0.0
PAPER:XVGUSDT:1791031199999:SHORT,XVGUSDT,SHORT,0.2963147974313368,False,0.18,1000,-2.770751292099085,-0.5541502584198169,True,-0.15864166666351745,-0.03172833333270349,False,True,False,False,False,False,False,True,1791031367984,1791031469446,1791031503586,34140,0.20141915796188806,2.6121096254355676
PAPER:BLUAIUSDT:1791031199999:SHORT,BLUAIUSDT,SHORT,0.4188883317460625,False,0.18,1000,-5.699480266072115,-1.1398960532144229,True,-0.3565287594995132,-0.07130575189990263,False,True,False,False,False,False,False,True,1791031320158,1791031321702,1791031322927,1225,0.4188883317460625,5.342951506572602
PAPER:NILUSDT:1791031199999:LONG,NILUSDT,LONG,0.22971618806590932,False,0.18,1000,-2.7020749171407723,-0.5404149834281544,True,-0.8904112285297964,-0.1780822457059593,False,True,False,False,False,False,False,True,1791031338900,1791031347262,1791031349180,1918,0.14647879177732293,1.811663688610976
PAPER:LDOUSDT:1791031199999:SHORT,LDOUSDT,SHORT,0.4188727170620659,False,0.18,1000,-4.903833487188899,-0.9807666974377798,True,0.038220824287734434,0.007644164857546887,True,True,False,False,False,False,False,True,1791031367589,1791031413660,1791031416872,3212,0.4188727170620659,4.9420543114766335
PAPER:ONUSDT:1791031499999:SHORT,ONUSDT,SHORT,0.1664265751566015,False,0.18,1000,-2.3497478852713356,-0.46994957705426715,False,-2.3497478852713356,-0.46994957705426715,False,False,False,False,False,False,False,False,,,,,,0.0
PAPER:CVCUSDT:1791031499999:SHORT,CVCUSDT,SHORT,0.15044590376835515,False,0.18,1000,-2.485696755915584,-0.4971393511831168,False,-2.485696755915584,-0.4971393511831168,False,False,False,False,False,False,False,False,,,,,,0.0
PAPER:FOGOUSDT:1791031499999:SHORT,FOGOUSDT,SHORT,0.057127292047956295,False,0.18,1000,-3.4110859982869592,-0.6822171996573918,False,-3.4110859982869592,-0.6822171996573918,False,False,False,False,False,False,False,False,,,,,,0.0
PAPER:MUSDT:1791031499999:SHORT,MUSDT,SHORT,0.1562427022849482,False,0.18,1000,-1.0481979068353748,-0.20963958136707497,False,-1.0481979068353748,-0.20963958136707497,False,False,False,False,False,False,False,False,,,,,,0.0
PAPER:TRUTHUSDT:1791031799999:SHORT,TRUTHUSDT,SHORT,0.04259979890824061,False,0.18,1000,-1.8553263437999297,-0.37106526875998597,False,-1.8553263437999297,-0.37106526875998597,False,False,False,False,False,False,False,False,,,,,,0.0
PAPER:MEWUSDT:1791031799999:LONG,MEWUSDT,LONG,0.20671602640922604,False,0.18,1000,-2.9316560299051333,-0.5863312059810266,True,-0.47794194467977374,-0.09558838893595475,False,True,False,False,False,False,False,True,1791031828571,1791031828655,1791031831456,2801,0.15003801960697138,2.4537140852253594
PAPER:ATHUSDT:1791032399999:LONG,ATHUSDT,LONG,0.9362862664506144,True,0.18,1000,-1.4344200088454728,-0.28688400176909457,True,-0.39597007130317086,-0.07919401426063417,False,True,False,False,True,False,False,True,1791032442852,1791032443328,1791032444392,1064,0.9362862664506227,1.038449937542302
PAPER:PARTIUSDT:1791032699999:LONG,PARTIUSDT,LONG,0.12131849248524507,False,0.18,1000,-1.6557113665605714,-0.3311422733121143,False,-1.6557113665605714,-0.3311422733121143,False,False,False,False,False,False,False,False,,,,,,0.0
PAPER:SCRUSDT:1791032699999:SHORT,SCRUSDT,SHORT,0.17458744667221668,False,0.18,1000,-4.748328639463314,-0.9496657278926629,False,-4.748328639463314,-0.9496657278926629,False,False,False,False,False,False,False,False,,,,,,0.0
PAPER:FLUIDUSDT:1791032699999:LONG,FLUIDUSDT,LONG,0.40288014904572567,False,0.18,1000,-1.5533450107561027,-0.3106690021512205,True,0.25725990753518857,0.05145198150703772,True,True,False,False,False,False,False,True,1791032784031,1791032795054,1791032828390,33336,0.4028801490457218,1.810604918291291
PAPER:BRUSDT:1791032999999:SHORT,BRUSDT,SHORT,0.27254947442767047,False,0.18,1000,-1.4411649157048976,-0.2882329831409795,True,-0.19619290440103576,-0.03923858088020715,False,True,False,False,False,False,False,True,1791033050728,1791033051097,1791033052187,1090,0.1761995274963559,1.2449720113038618
PAPER:TAKEUSDT:1791032999999:LONG,TAKEUSDT,LONG,0.1981648558068816,False,0.18,1000,-4.45263633915979,-0.890527267831958,True,0.06211756012261044,0.012423512024522089,True,True,False,False,False,False,False,True,1791033105781,1791033105796,1791033106922,1126,0.19816485580688872,4.5147538992824
PAPER:AVAUSDT:1791032999999:LONG,AVAUSDT,LONG,0.052532112366043826,False,0.18,1000,-3.304734763964892,-0.6609469527929784,False,-3.304734763964892,-0.6609469527929784,False,False,False,False,False,False,False,False,,,,,,0.0
PAPER:GTCUSDT:1791032999999:LONG,GTCUSDT,LONG,0.5910414075610326,True,0.18,1000,-5.389497416018015,-1.077899483203603,True,0.27903200413969703,0.055806400827939404,True,True,False,False,True,False,False,True,1791033050095,1791033050110,1791033051685,1575,0.5910414075610282,5.6685294201577126
PAPER:KSMUSDT:1791032999999:LONG,KSMUSDT,LONG,0.0557320840319786,False,0.18,1000,-3.0776393835983287,-0.6155278767196658,False,-3.0776393835983287,-0.6155278767196658,False,False,False,False,False,False,False,False,,,,,,0.0
PAPER:ARKMUSDT:1791033599999:SHORT,ARKMUSDT,SHORT,0.056405475136281816,False,0.18,1000,-2.8622419480075423,-0.5724483896015085,False,-2.8622419480075423,-0.5724483896015085,False,False,False,False,False,False,False,False,,,,,,0.0
PAPER:POWERUSDT:1791033599999:SHORT,POWERUSDT,SHORT,0.1333104729659478,False,0.18,1000,-3.2520922207080236,-0.6504184441416047,False,-3.2520922207080236,-0.6504184441416047,False,False,False,False,False,False,False,False,,,,,,0.0
PAPER:IOUSDT:1791033599999:LONG,IOUSDT,LONG,0.04360451065001936,False,0.18,1000,-3.8091145606756855,-0.7618229121351371,False,-3.8091145606756855,-0.7618229121351371,False,False,False,False,False,False,False,False,,,,,,0.0
PAPER:TRADOORUSDT:1791033899999:SHORT,TRADOORUSDT,SHORT,0.037861202555832515,False,0.18,1000,-6.7422084359017616,-1.3484416871803524,False,-6.7422084359017616,-1.3484416871803524,False,False,False,False,False,False,False,False,,,,,,0.0
PAPER:LITUSDT:1791033899999:SHORT,LITUSDT,SHORT,0.5614579357694294,True,0.18,1000,-1.1427683363038064,-0.22855366726076126,True,-0.13708166742346695,-0.02741633348469339,False,True,False,False,True,False,False,True,1791035147612,1791035147673,1791035148941,1268,0.5614579357694294,1.0056866688803394
PAPER:GLMUSDT:1791033899999:LONG,GLMUSDT,LONG,0.41155018572360813,False,0.18,1000,-1.5272247018917282,-0.30544494037834563,True,-0.29540675223981755,-0.05908135044796351,False,True,False,False,False,False,False,True,1791033960425,1791033960496,1791033964780,4284,0.411550185723613,1.2318179496519106
PAPER:PORTALUSDT:1791033899999:LONG,PORTALUSDT,LONG,0.2034230025503403,False,0.18,1000,-2.4843567110599034,-0.49687134221198065,True,-0.3917930659678481,-0.07835861319356961,False,True,False,False,False,False,False,True,1791034275117,1791034275182,1791034281280,6098,0.14756825171280097,2.0925636450920555
PAPER:PROMPTUSDT:1791033899999:LONG,PROMPTUSDT,LONG,0.02804821063659979,False,0.18,1000,-0.9498100379923309,-0.18996200759846618,False,-0.9498100379923309,-0.18996200759846618,False,False,False,False,False,False,False,False,,,,,,0.0
PAPER:MAGMAUSDT:1791033899999:SHORT,MAGMAUSDT,SHORT,0.11747463534199344,False,0.18,1000,-1.6167348982446283,-0.32334697964892567,False,-1.6167348982446283,-0.32334697964892567,False,False,False,False,False,False,False,False,,,,,,0.0
PAPER:SYRUPUSDT:1791034499999:LONG,SYRUPUSDT,LONG,0.3365032121780853,False,0.18,1000,-1.7301618973079922,-0.3460323794615984,True,0.07065008572813974,0.014130017145627949,True,True,False,False,False,False,False,True,1791034856569,1791034859943,1791034861191,1248,0.3365032121780856,1.800811983036132
PAPER:SOPHUSDT:1791034799999:LONG,SOPHUSDT,LONG,0.032486940932008324,False,0.18,1000,-1.0808927650165776,-0.21617855300331554,False,-1.0808927650165776,-0.21617855300331554,False,False,False,False,False,False,False,False,,,,,,0.0
PAPER:TRBUSDT:1791034799999:LONG,TRBUSDT,LONG,0.17249534305692205,False,0.18,1000,-1.1180799807020212,-0.22361599614040423,False,-1.1180799807020212,-0.22361599614040423,False,False,False,False,False,False,False,False,,,,,,0.0
PAPER:BRETTUSDT:1791034799999:LONG,BRETTUSDT,LONG,0.013901271279914695,False,0.18,1000,-2.8970518364541604,-0.5794103672908321,False,-2.8970518364541604,-0.5794103672908321,False,False,False,False,False,False,False,False,,,,,,0.0
PAPER:HANAUSDT:1791034799999:SHORT,HANAUSDT,SHORT,0.39639901335803707,False,0.18,1000,-4.076179984123353,-0.8152359968246706,True,-0.5333913785255111,-0.10667827570510223,False,True,False,False,False,False,False,True,1791035379027,1791035403440,1791035408172,4732,0.39639901335803707,3.542788605597842
PAPER:COOKIEUSDT:1791034799999:LONG,COOKIEUSDT,LONG,0.02588041584095091,False,0.18,1000,-3.432422254842399,-0.6864844509684798,False,-3.432422254842399,-0.6864844509684798,False,False,False,False,False,False,False,False,,,,,,0.0
PAPER:BLURUSDT:1791035099999:LONG,BLURUSDT,LONG,0.026898935409902514,False,0.18,1000,-2.1210698643572643,-0.4242139728714529,False,-2.1210698643572643,-0.4242139728714529,False,False,False,False,False,False,False,False,,,,,,0.0
PAPER:GTCUSDT:1791035399999:LONG,GTCUSDT,LONG,0.1905703102749179,False,0.18,1000,0.06306476224254054,0.012612952448508108,True,-0.014848683929357509,-0.0029697367858715017,False,False,True,True,False,False,False,True,1791035430895,1791035433619,1791035433619,0,0.1671740534888317,-0.07791344617189805
PAPER:BIOUSDT:1791035399999:LONG,BIOUSDT,LONG,0.04403217979522811,False,0.18,1000,-2.7089125322549616,-0.5417825064509922,False,-2.7089125322549616,-0.5417825064509922,False,False,False,False,False,False,False,False,,,,,,0.0
PAPER:NILUSDT:1791035699999:SHORT,NILUSDT,SHORT,0.2057747892693691,False,0.18,1000,-1.6043812094959564,-0.3208762418991913,True,-0.3554707911999904,-0.07109415823999808,False,True,False,False,False,False,False,True,1791035814485,1791035814554,1791035816699,2145,0.14635931819844766,1.248910418295966
PAPER:PARTIUSDT:1791035699999:LONG,PARTIUSDT,LONG,0.38892017097602594,False,0.18,1000,-0.4391503345547632,-0.08783006691095264,True,-0.6093702357006527,-0.12187404714013055,False,False,False,True,False,False,False,True,1791035727428,1791035728903,1791035730020,1117,0.15038573744010164,-0.17021990114588953
PAPER:SIGNUSDT:1791035999999:LONG,SIGNUSDT,LONG,0.020325020332290222,False,0.18,1000,-2.903522065186805,-0.580704413037361,False,-2.903522065186805,-0.580704413037361,False,False,False,False,False,False,False,False,,,,,,0.0
PAPER:FHEUSDT:1791035999999:LONG,FHEUSDT,LONG,0.07019795860405686,False,0.18,1000,-1.0624453988318034,-0.2124890797663607,False,-1.0624453988318034,-0.2124890797663607,False,False,False,False,False,False,False,False,,,,,,0.0
PAPER:ENJUSDT:1791035999999:LONG,ENJUSDT,LONG,0.09842864118914108,False,0.18,1000,-0.5061394517069918,-0.10122789034139837,False,-0.5061394517069918,-0.10122789034139837,False,False,False,False,False,False,False,False,,,,,,0.0
PAPER:CHILLGUYUSDT:1791036299999:SHORT,CHILLGUYUSDT,SHORT,0.29671056237814813,False,0.18,1000,-1.6460776979307021,-0.3292155395861404,True,-0.21564195253322527,-0.043128390506645055,False,True,False,False,False,False,False,True,1791036397171,1791036434322,1791036442552,8230,0.2349125988311653,1.4304357453974768
PAPER:ZAMAUSDT:1791036299999:LONG,ZAMAUSDT,LONG,0.05344670536999718,False,0.18,1000,-2.7535616422870577,-0.5507123284574116,False,-2.7535616422870577,-0.5507123284574116,False,False,False,False,False,False,False,False,,,,,,0.0
PAPER:MTLUSDT:1791036299999:SHORT,MTLUSDT,SHORT,0.392645968101903,False,0.18,1000,-2.9359691162288346,-0.5871938232457669,True,0.00298391953865762,0.000596783907731524,True,True,False,False,False,False,False,True,1791036616950,1791036620205,1791036627891,7686,0.392645968101903,2.9389530357674922
PAPER:MELANIAUSDT:1791036599999:SHORT,MELANIAUSDT,SHORT,0.11439277969808952,False,0.18,1000,-2.823923833139723,-0.5647847666279447,False,-2.823923833139723,-0.5647847666279447,False,False,False,False,False,False,False,False,,,,,,0.0
PAPER:QNTUSDT:1791036599999:SHORT,QNTUSDT,SHORT,0.09206771523578838,False,0.18,1000,-1.1304764324347885,-0.2260952864869577,False,-1.1304764324347885,-0.2260952864869577,False,False,False,False,False,False,False,False,,,,,,0.0
PAPER:1000000BOBUSDT:1791036899999:SHORT,1000000BOBUSDT,SHORT,0.20259244727284154,False,0.18,1000,-0.9501900380075976,-0.19003800760151954,True,-0.20749687771379755,-0.04149937554275951,False,True,False,False,False,False,False,True,1791036924715,1791036924722,1791036927880,3158,0.1283936312485121,0.7426931602938001
PAPER:ZECUSDT:1791036899999:SHORT,ZECUSDT,SHORT,0.34743220879288866,False,0.18,1000,-2.4871455712255535,-0.49742911424511066,True,-0.02879100298007437,-0.0057582005960148735,False,True,False,False,False,False,False,True,1791037444152,1791037446624,1791037447778,1154,0.34743220879288866,2.458354568245479
PAPER:VELVETUSDT:1791037199999:LONG,VELVETUSDT,LONG,0.16967139011807575,False,0.18,1000,-2.5920327443301128,-0.5184065488660226,False,-2.5920327443301128,-0.5184065488660226,False,False,False,False,False,False,False,False,,,,,,0.0
PAPER:EVAAUSDT:1791037499999:LONG,EVAAUSDT,LONG,0.056646393986836685,False,0.18,1000,-3.821169888291375,-0.7642339776582749,False,-3.821169888291375,-0.7642339776582749,False,False,False,False,False,False,False,False,,,,,,0.0
PAPER:ONEUSDT:1791037499999:LONG,ONEUSDT,LONG,0.24924997047268693,False,0.18,1000,-6.076218006145115,-1.215243601229023,True,0.08326837384065833,0.016653674768131666,True,True,False,False,False,False,False,True,1791037530030,1791037530035,1791037531058,1023,0.24924997047269143,6.159486379985774
PAPER:DEEPUSDT:1791037799999:LONG,DEEPUSDT,LONG,0.02104669378111268,False,0.18,1000,-3.6150511995301473,-0.7230102399060295,False,-3.6150511995301473,-0.7230102399060295,False,False,False,False,False,False,False,False,,,,,,0.0
PAPER:OPUSDT:1791037799999:LONG,OPUSDT,LONG,0.26694344698652284,False,0.18,1000,-2.0891271981087893,-0.4178254396217579,True,-0.21476670888504745,-0.04295334177700949,False,True,False,False,False,False,False,True,1791037920379,1791037920380,1791037921833,1453,0.26694344698652633,1.8743604892237418
PAPER:DRIFTUSDT:1791037799999:LONG,DRIFTUSDT,LONG,0.13110727980347736,False,0.18,1000,-3.088406569315816,-0.6176813138631632,False,-3.088406569315816,-0.6176813138631632,False,False,False,False,False,False,False,False,,,,,,0.0
PAPER:ORDIUSDT:1791037799999:LONG,ORDIUSDT,LONG,0.3061675616160109,False,0.18,1000,-2.7963146550767375,-0.5592629310153475,True,0.027751229875880242,0.005550245975176049,True,True,False,False,False,False,False,True,1791039062236,1791039065527,1791039066827,1300,0.30616756161601505,2.824065884952618
PAPER:SUPERUSDT:1791038099999:LONG,SUPERUSDT,LONG,0.6513379595819213,True,0.18,1000,-3.4602375064787063,-0.6920475012957413,True,-0.29410137085033594,-0.05882027417006719,False,True,False,False,True,False,False,True,1791038218866,1791038218868,1791038219889,1021,0.6513379595819316,3.1661361356283706
PAPER:KAIAUSDT:1791038099999:LONG,KAIAUSDT,LONG,0.006629832488891374,False,0.18,1000,-3.410360241533641,-0.6820720483067282,False,-3.410360241533641,-0.6820720483067282,False,False,False,False,False,False,False,False,,,,,,0.0
PAPER:1000CATUSDT:1791038699999:LONG,1000CATUSDT,LONG,0.4267421761402934,False,0.18,1000,-0.838231577321695,-0.16764631546433897,True,0.16597456871457816,0.03319491374291563,True,True,False,False,False,False,False,True,1791039120575,1791039125988,1791039135783,9795,0.4267421761402879,1.0042061460362732
PAPER:USUSDT:1791038699999:SHORT,USUSDT,SHORT,0.48393229097455304,False,0.18,1000,-0.7002546247073798,-0.14005092494147595,True,-0.15494099568863384,-0.030988199137726765,False,True,False,False,False,False,False,True,1791038766469,1791038842620,1791038843648,1028,0.4566924914191514,0.5453136290187459
PAPER:哈基米USDT:1791038699999:SHORT,哈基米USDT,SHORT,0.10980781490497439,False,0.18,1000,-0.6253521470030563,-0.12507042940061125,False,-0.6253521470030563,-0.12507042940061125,False,False,False,False,False,False,False,False,,,,,,0.0
PAPER:XMRUSDT:1791038699999:LONG,XMRUSDT,LONG,0.34497365381629397,False,0.18,1000,-1.4191267554642937,-0.2838253510928587,True,0.042975325890406924,0.008595065178081384,True,True,False,False,False,False,False,True,1791039109984,1791039377860,1791039379113,1253,0.3016109225747648,1.4621020813547005
PAPER:NEARUSDT:1791038999999:LONG,NEARUSDT,LONG,0.2154525207140212,False,0.18,1000,-3.248598645182094,-0.6497197290364188,True,0.012473565017195709,0.0024947130034391417,True,True,False,False,False,False,False,True,1791039413055,1791039413055,1791039414389,1334,0.19404810966730063,3.2610722101992895
PAPER:RENDERUSDT:1791038999999:LONG,RENDERUSDT,LONG,0.3777364865167332,False,0.18,1000,-2.564063511265951,-0.5128127022531902,True,0.04357671479134407,0.008715342958268814,True,True,False,False,False,False,False,True,1791039387975,1791039390177,1791039395003,4826,0.3777364865167244,2.607640226057295
PAPER:AEVOUSDT:1791039299999:LONG,AEVOUSDT,LONG,0.32084492192470115,False,0.18,1000,-2.7469840170223327,-0.5493968034044666,True,-0.1931052047165786,-0.03862104094331572,False,True,False,False,False,False,False,True,1791039405907,1791039405919,1791039413229,7310,0.3208449219247057,2.5538788123057543
PAPER:ONUSDT:1791039599999:SHORT,ONUSDT,SHORT,0.359578557077644,False,0.18,1000,-0.4752610152011104,-0.09505220304022208,True,-0.47526101520117625,-0.09505220304023526,False,False,False,False,False,False,False,True,1791039637003,1791039637008,1791039638152,1144,0.16978727813873884,-6.583622536027178e-14
PAPER:XVGUSDT:1791039599999:LONG,XVGUSDT,LONG,0.07237850243317911,False,0.18,1000,-3.6415072428999737,-0.7283014485799947,False,-3.6415072428999737,-0.7283014485799947,False,False,False,False,False,False,False,False,,,,,,0.0
PAPER:CUSDT:1791039899999:LONG,CUSDT,LONG,1.1357841017241022,True,0.18,1000,-4.815485513170761,-0.9630971026341522,True,-2.9579531419810787,-0.5915906283962157,False,True,False,False,True,True,False,True,1791039956183,1791039956495,1791039957612,1117,1.135784101724093,1.857532371189682
PAPER:龙虾USDT:1791039899999:SHORT,龙虾USDT,SHORT,0.0010972658666689283,False,0.18,1000,-2.3230755803059737,-0.4646151160611947,False,-2.3230755803059737,-0.4646151160611947,False,False,False,False,False,False,False,False,,,,,,0.0
PAPER:PHAUSDT:1791039899999:SHORT,PHAUSDT,SHORT,0.5336391386070395,True,0.18,1000,-1.3147750271102738,-0.26295500542205474,True,-0.43977105326381954,-0.0879542106527639,False,True,False,False,False,False,False,True,1791040049204,1791040049267,1791040050365,1098,0.16940023110230443,0.8750039738464543
PAPER:MIRAUSDT:1791040199999:SHORT,MIRAUSDT,SHORT,0.13354810666604766,False,0.18,1000,-1.3344350505103577,-0.26688701010207155,False,-1.3344350505103577,-0.26688701010207155,False,False,False,False,False,False,False,False,,,,,,0.0
PAPER:MEGAUSDT:1791040199999:LONG,MEGAUSDT,LONG,0.5974185977954738,True,0.18,1000,-0.07597016259568207,-0.015194032519136414,True,0.2838462566852729,0.056769251337054585,True,True,False,False,True,False,False,True,1791040279375,1791040279377,1791040280772,1395,0.5974185977954714,0.359816419280955
PAPER:SANDUSDT:1791040499999:LONG,SANDUSDT,LONG,0.8209450237695926,True,0.18,1000,1.3474539452734347,0.26949078905468693,True,0.1660038967367442,0.033200779347348844,True,False,True,True,True,False,False,True,1791040526052,1791040526053,1791040527112,1059,0.8209450237695979,-1.1814500485366906
PAPER:BANUSDT:1791040499999:SHORT,BANUSDT,SHORT,0.05628890843004262,False,0.18,1000,-3.0502385088000796,-0.6100477017600159,False,-3.0502385088000796,-0.6100477017600159,False,False,False,False,False,False,False,False,,,,,,0.0
PAPER:MORPHOUSDT:1791040799999:LONG,MORPHOUSDT,LONG,0.02861058304419739,False,0.18,1000,-1.9210183355999124,-0.3842036671199825,False,-1.9210183355999124,-0.3842036671199825,False,False,False,False,False,False,False,False,,,,,,0.0
PAPER:BMTUSDT:1791040799999:LONG,BMTUSDT,LONG,0.302520141133078,False,0.18,1000,-2.695113121192824,-0.5390226242385647,True,-0.412793704699817,-0.0825587409399634,False,True,False,False,False,False,False,True,1791041208446,1791041209223,1791041214001,4778,0.3025201411330761,2.282319416493007
PAPER:TAKEUSDT:1791041099999:LONG,TAKEUSDT,LONG,0.08721294956695047,False,0.18,1000,-1.523598169842145,-0.304719633968429,False,-1.523598169842145,-0.304719633968429,False,False,False,False,False,False,False,False,,,,,,0.0
PAPER:SENTUSDT:1791041099999:SHORT,SENTUSDT,SHORT,0.025708980918666427,False,0.18,1000,-3.3524018731991214,-0.6704803746398242,False,-3.3524018731991214,-0.6704803746398242,False,False,False,False,False,False,False,False,,,,,,0.0
PAPER:TAKEUSDT:1791041399999:LONG,TAKEUSDT,LONG,0.17738289851521039,False,0.18,1000,-2.2391385466262355,-0.4478277093252471,False,-2.2391385466262355,-0.4478277093252471,False,False,False,False,False,False,False,False,,,,,,0.0
PAPER:PHAROSUSDT:1791041999999:LONG,PHAROSUSDT,LONG,0.1184037832522078,False,0.18,1000,-2.747298263215607,-0.5494596526431214,False,-2.747298263215607,-0.5494596526431214,False,False,False,False,False,False,False,False,,,,,,0.0
PAPER:AVAAIUSDT:1791042299999:LONG,AVAAIUSDT,LONG,0.5843370032250439,True,0.18,1000,-1.8501523740850172,-0.37003047481700346,True,-1.0027713518801633,-0.20055427037603266,False,True,False,False,False,False,False,True,1791042458348,1791042471363,1791042472973,1610,0.06482266643173494,0.8473810222048539
PAPER:INXUSDT:1791042299999:LONG,INXUSDT,LONG,0.5111944571072558,True,0.18,1000,-0.949810037992343,-0.1899620075984686,True,0.1281457098917822,0.02562914197835644,True,True,False,False,True,False,False,True,1791042341949,1791042345100,1791042347066,1966,0.5111944571072548,1.077955747884125
PAPER:CYSUSDT:1791042299999:SHORT,CYSUSDT,SHORT,0.04109557403234674,False,0.18,1000,-2.4791307528456885,-0.4958261505691377,False,-2.4791307528456885,-0.4958261505691377,False,False,False,False,False,False,False,False,,,,,,0.0
PAPER:AKTUSDT:1791043199999:LONG,AKTUSDT,LONG,0.09885095789161635,False,0.18,1000,-3.5100134635034834,-0.7020026927006967,False,-3.5100134635034834,-0.7020026927006967,False,False,False,False,False,False,False,False,,,,,,0.0
PAPER:AIOUSDT:1791043499999:LONG,AIOUSDT,LONG,0.3392750607989381,False,0.18,1000,-0.05248551804010343,-0.010497103608020685,True,-0.43705316944828954,-0.0874106338896579,False,False,False,True,False,False,False,True,1791043560482,1791043560491,1791043561693,1202,0.3392750607989329,-0.3845676514081861
PAPER:TAKEUSDT:1791030299999:LONG,TAKEUSDT,LONG,0.20078003326780003,False,0.25,0,-4.179531297998999,-0.8359062595997998,False,-4.179531297998999,-0.8359062595997998,False,False,False,False,False,False,False,False,,,,,,0.0
PAPER:C98USDT:1791030299999:SHORT,C98USDT,SHORT,0.5325927063865858,True,0.25,0,-0.33561030806532705,-0.06712206161306541,True,-0.028320443094112635,-0.005664088618822527,False,True,False,False,True,False,False,True,1791030865905,1791030865908,1791030865908,0,0.5325927063865858,0.3072898649712144
PAPER:RAYSOLUSDT:1791030299999:LONG,RAYSOLUSDT,LONG,0.3865045416249213,False,0.25,0,-4.294281797041444,-0.8588563594082889,True,-0.01813576225724922,-0.0036271524514498443,False,True,False,False,False,False,False,True,1791030404484,1791030426836,1791030426836,0,0.38650454162492903,4.276146034784195
PAPER:MASKUSDT:1791030299999:SHORT,MASKUSDT,SHORT,0.4782276505114329,False,0.25,0,-0.6904478264892522,-0.13808956529785044,True,-0.015118076541783432,-0.0030236153083566864,False,True,False,False,False,False,False,True,1791030583235,1791030613051,1791030613051,0,0.4782276505114329,0.6753297499474687
PAPER:2ZUSDT:1791030599999:SHORT,2ZUSDT,SHORT,0.04643975739345436,False,0.25,0,-3.1670863623565806,-0.6334172724713161,False,-3.1670863623565806,-0.6334172724713161,False,False,False,False,False,False,False,False,,,,,,0.0
PAPER:ARKUSDT:1791030599999:LONG,ARKUSDT,LONG,0.11126877469145313,False,0.25,0,-0.9498100379923222,-0.18996200759846446,False,-0.9498100379923222,-0.18996200759846446,False,False,False,False,False,False,False,False,,,,,,0.0
PAPER:ICPUSDT:1791030599999:SHORT,ICPUSDT,SHORT,0.13297856879422754,False,0.25,0,-2.251777408861963,-0.45035548177239265,False,-2.251777408861963,-0.45035548177239265,False,False,False,False,False,False,False,False,,,,,,0.0
PAPER:ALCHUSDT:1791030599999:SHORT,ALCHUSDT,SHORT,0.040601939818374046,False,0.25,0,-3.073413425363308,-0.6146826850726615,False,-3.073413425363308,-0.6146826850726615,False,False,False,False,False,False,False,False,,,,,,0.0
PAPER:1000SATSUSDT:1791030599999:SHORT,1000SATSUSDT,SHORT,0.14356100983075173,False,0.25,0,-2.382743729857922,-0.4765487459715844,False,-2.382743729857922,-0.4765487459715844,False,False,False,False,False,False,False,False,,,,,,0.0
PAPER:SPXUSDT:1791030599999:SHORT,SPXUSDT,SHORT,0.3946344312621141,False,0.25,0,-3.082995430845726,-0.6165990861691453,True,-0.027895814077618927,-0.005579162815523785,False,True,False,False,False,False,False,True,1791031369768,1791031505552,1791031505552,0,0.3946344312621141,3.055099616768107
PAPER:BERAUSDT:1791030599999:SHORT,BERAUSDT,SHORT,0.02415494136355687,False,0.25,0,-2.7182260293118015,-0.5436452058623603,False,-2.7182260293118015,-0.5436452058623603,False,False,False,False,False,False,False,False,,,,,,0.0
PAPER:CLOUSDT:1791030599999:SHORT,CLOUSDT,SHORT,0.562071677187042,True,0.25,0,0.020857857313486106,0.0041715714626972215,False,0.020857857313486106,0.0041715714626972215,True,False,False,False,False,False,False,True,1791030681645,,,,,0.0
PAPER:RONINUSDT:1791030599999:SHORT,RONINUSDT,SHORT,0.4201447269727042,False,0.25,0,-0.9881699462047233,-0.19763398924094466,True,-0.038672241276834274,-0.007734448255366855,False,True,False,False,False,False,False,True,1791031302022,1791031515790,1791031515790,0,0.17730404958078655,0.949497704927889
PAPER:BABYUSDT:1791030599999:SHORT,BABYUSDT,SHORT,0.13108361853639602,False,0.25,0,-2.4625017903882367,-0.4925003580776473,False,-2.4625017903882367,-0.4925003580776473,False,False,False,False,False,False,False,False,,,,,,0.0
PAPER:LQTYUSDT:1791030599999:SHORT,LQTYUSDT,SHORT,0.23922711108097128,False,0.25,0,-1.1664212216092822,-0.23328424432185646,False,-1.1664212216092822,-0.23328424432185646,False,False,False,False,False,False,False,False,,,,,,0.0
PAPER:ELSAUSDT:1791030599999:SHORT,ELSAUSDT,SHORT,0.09292788177507333,False,0.25,0,-2.8341764513986663,-0.5668352902797332,False,-2.8341764513986663,-0.5668352902797332,False,False,False,False,False,False,False,False,,,,,,0.0
PAPER:LYNUSDT:1791030899999:SHORT,LYNUSDT,SHORT,0.4910471145324048,False,0.25,0,-0.2194233372221207,-0.04388466744442414,False,-0.2194233372221207,-0.04388466744442414,False,False,False,False,False,False,False,True,1791030952358,,,,,0.0
PAPER:CUSDT:1791030899999:LONG,CUSDT,LONG,0.5052576067934522,True,0.25,0,-4.734098707132696,-0.9468197414265391,True,-0.041580757398733785,-0.008316151479746757,False,True,False,False,False,False,False,True,1791031009256,1791031009268,1791031009268,0,0.19212564842052743,4.692517949733962
PAPER:BATUSDT:1791030899999:SHORT,BATUSDT,SHORT,0.06560207944017078,False,0.25,0,-3.5743672405177547,-0.7148734481035509,False,-3.5743672405177547,-0.7148734481035509,False,False,False,False,False,False,False,False,,,,,,0.0
PAPER:SOLVUSDT:1791030899999:SHORT,SOLVUSDT,SHORT,0.09791630573226773,False,0.25,0,-0.3600282954492119,-0.07200565908984238,False,-0.3600282954492119,-0.07200565908984238,False,False,False,False,False,False,False,False,,,,,,0.0
PAPER:SOONUSDT:1791031199999:LONG,SOONUSDT,LONG,0.43180093380581486,False,0.25,0,-0.8170548040842363,-0.16341096081684725,True,-0.02052340063613572,-0.004104680127227144,False,True,False,False,False,False,False,True,1791031298181,1791031302721,1791031302721,0,0.1394617408256968,0.7965314034481006
PAPER:GUAUSDT:1791031199999:SHORT,GUAUSDT,SHORT,0.09482952847747854,False,0.25,0,-2.3151338684784952,-0.46302677369569906,False,-2.3151338684784952,-0.46302677369569906,False,False,False,False,False,False,False,False,,,,,,0.0
PAPER:WAXPUSDT:1791031199999:SHORT,WAXPUSDT,SHORT,0.15796753656780602,False,0.25,0,-2.1242987820307544,-0.42485975640615087,False,-2.1242987820307544,-0.42485975640615087,False,False,False,False,False,False,False,False,,,,,,0.0
PAPER:XVGUSDT:1791031199999:SHORT,XVGUSDT,SHORT,0.2963147974313368,False,0.25,0,-2.770751292099085,-0.5541502584198169,True,-0.00033199239473463704,-6.63984789469274e-05,False,True,False,False,False,False,False,True,1791031440025,1791031469446,1791031469446,0,0.20141915796188806,2.7704192997043506
PAPER:BLUAIUSDT:1791031199999:SHORT,BLUAIUSDT,SHORT,0.4188883317460625,False,0.25,0,-5.699480266072115,-1.1398960532144229,True,-0.2377965037978746,-0.047559300759574916,False,True,False,False,False,False,False,True,1791031322929,1791031322932,1791031322932,0,0.4188883317460625,5.46168376227424
PAPER:NILUSDT:1791031199999:LONG,NILUSDT,LONG,0.22971618806590932,False,0.25,0,-2.7020749171407723,-0.5404149834281544,False,-2.7020749171407723,-0.5404149834281544,False,False,False,False,False,False,False,False,,,,,,0.0
PAPER:LDOUSDT:1791031199999:SHORT,LDOUSDT,SHORT,0.4188727170620659,False,0.25,0,-4.903833487188899,-0.9807666974377798,True,-0.07160260485622721,-0.014320520971245443,False,True,False,False,False,False,False,True,1791031368230,1791031413660,1791031413660,0,0.4188727170620659,4.832230882332672
PAPER:ONUSDT:1791031499999:SHORT,ONUSDT,SHORT,0.1664265751566015,False,0.25,0,-2.3497478852713356,-0.46994957705426715,False,-2.3497478852713356,-0.46994957705426715,False,False,False,False,False,False,False,False,,,,,,0.0
PAPER:CVCUSDT:1791031499999:SHORT,CVCUSDT,SHORT,0.15044590376835515,False,0.25,0,-2.485696755915584,-0.4971393511831168,False,-2.485696755915584,-0.4971393511831168,False,False,False,False,False,False,False,False,,,,,,0.0
PAPER:FOGOUSDT:1791031499999:SHORT,FOGOUSDT,SHORT,0.057127292047956295,False,0.25,0,-3.4110859982869592,-0.6822171996573918,False,-3.4110859982869592,-0.6822171996573918,False,False,False,False,False,False,False,False,,,,,,0.0
PAPER:MUSDT:1791031499999:SHORT,MUSDT,SHORT,0.1562427022849482,False,0.25,0,-1.0481979068353748,-0.20963958136707497,False,-1.0481979068353748,-0.20963958136707497,False,False,False,False,False,False,False,False,,,,,,0.0
PAPER:TRUTHUSDT:1791031799999:SHORT,TRUTHUSDT,SHORT,0.04259979890824061,False,0.25,0,-1.8553263437999297,-0.37106526875998597,False,-1.8553263437999297,-0.37106526875998597,False,False,False,False,False,False,False,False,,,,,,0.0
PAPER:MEWUSDT:1791031799999:LONG,MEWUSDT,LONG,0.20671602640922604,False,0.25,0,-2.9316560299051333,-0.5863312059810266,False,-2.9316560299051333,-0.5863312059810266,False,False,False,False,False,False,False,False,,,,,,0.0
PAPER:ATHUSDT:1791032399999:LONG,ATHUSDT,LONG,0.9362862664506144,True,0.25,0,-1.4344200088454728,-0.28688400176909457,True,-0.049820092122443704,-0.00996401842448874,False,True,False,False,True,False,False,True,1791032643445,1791032645031,1791032645031,0,0.9362862664506227,1.3845999167230292
PAPER:PARTIUSDT:1791032699999:LONG,PARTIUSDT,LONG,0.12131849248524507,False,0.25,0,-1.6557113665605714,-0.3311422733121143,False,-1.6557113665605714,-0.3311422733121143,False,False,False,False,False,False,False,False,,,,,,0.0
PAPER:SCRUSDT:1791032699999:SHORT,SCRUSDT,SHORT,0.17458744667221668,False,0.25,0,-4.748328639463314,-0.9496657278926629,False,-4.748328639463314,-0.9496657278926629,False,False,False,False,False,False,False,False,,,,,,0.0
PAPER:FLUIDUSDT:1791032699999:LONG,FLUIDUSDT,LONG,0.40288014904572567,False,0.25,0,-1.5533450107561027,-0.3106690021512205,True,-0.04450757884675477,-0.008901515769350955,False,True,False,False,False,False,False,True,1791032784035,1791032795054,1791032795054,0,0.4028801490457218,1.5088374319093478
PAPER:BRUSDT:1791032999999:SHORT,BRUSDT,SHORT,0.27254947442767047,False,0.25,0,-1.4411649157048976,-0.2882329831409795,True,-0.02084473379488816,-0.004168946758977632,False,True,False,False,False,False,False,True,1791033050728,1791033051097,1791033051097,0,0.1761995274963559,1.4203201819100095
PAPER:TAKEUSDT:1791032999999:LONG,TAKEUSDT,LONG,0.1981648558068816,False,0.25,0,-4.45263633915979,-0.890527267831958,False,-4.45263633915979,-0.890527267831958,False,False,False,False,False,False,False,False,,,,,,0.0
PAPER:AVAUSDT:1791032999999:LONG,AVAUSDT,LONG,0.052532112366043826,False,0.25,0,-3.304734763964892,-0.6609469527929784,False,-3.304734763964892,-0.6609469527929784,False,False,False,False,False,False,False,False,,,,,,0.0
PAPER:GTCUSDT:1791032999999:LONG,GTCUSDT,LONG,0.5910414075610326,True,0.25,0,-5.389497416018015,-1.077899483203603,True,-0.038088522862153695,-0.007617704572430739,False,True,False,False,False,False,False,True,1791033054377,1791033062408,1791033062408,0,0.2498127249698905,5.351408893155861
PAPER:KSMUSDT:1791032999999:LONG,KSMUSDT,LONG,0.0557320840319786,False,0.25,0,-3.0776393835983287,-0.6155278767196658,False,-3.0776393835983287,-0.6155278767196658,False,False,False,False,False,False,False,False,,,,,,0.0
PAPER:ARKMUSDT:1791033599999:SHORT,ARKMUSDT,SHORT,0.056405475136281816,False,0.25,0,-2.8622419480075423,-0.5724483896015085,False,-2.8622419480075423,-0.5724483896015085,False,False,False,False,False,False,False,False,,,,,,0.0
PAPER:POWERUSDT:1791033599999:SHORT,POWERUSDT,SHORT,0.1333104729659478,False,0.25,0,-3.2520922207080236,-0.6504184441416047,False,-3.2520922207080236,-0.6504184441416047,False,False,False,False,False,False,False,False,,,,,,0.0
PAPER:IOUSDT:1791033599999:LONG,IOUSDT,LONG,0.04360451065001936,False,0.25,0,-3.8091145606756855,-0.7618229121351371,False,-3.8091145606756855,-0.7618229121351371,False,False,False,False,False,False,False,False,,,,,,0.0
PAPER:TRADOORUSDT:1791033899999:SHORT,TRADOORUSDT,SHORT,0.037861202555832515,False,0.25,0,-6.7422084359017616,-1.3484416871803524,False,-6.7422084359017616,-1.3484416871803524,False,False,False,False,False,False,False,False,,,,,,0.0
PAPER:LITUSDT:1791033899999:SHORT,LITUSDT,SHORT,0.5614579357694294,True,0.25,0,-1.1427683363038064,-0.22855366726076126,True,-0.008696135225926827,-0.0017392270451853653,False,True,False,False,True,False,False,True,1791035288027,1791035295394,1791035295394,0,0.5614579357694294,1.1340722010778794
PAPER:GLMUSDT:1791033899999:LONG,GLMUSDT,LONG,0.41155018572360813,False,0.25,0,-1.5272247018917282,-0.30544494037834563,True,-0.10293519760670311,-0.02058703952134062,False,True,False,False,False,False,False,True,1791034020530,1791034032639,1791034032639,0,0.411550185723613,1.4242895042850252
PAPER:PORTALUSDT:1791033899999:LONG,PORTALUSDT,LONG,0.2034230025503403,False,0.25,0,-2.4843567110599034,-0.49687134221198065,False,-2.4843567110599034,-0.49687134221198065,False,False,False,False,False,False,False,False,,,,,,0.0
PAPER:PROMPTUSDT:1791033899999:LONG,PROMPTUSDT,LONG,0.02804821063659979,False,0.25,0,-0.9498100379923309,-0.18996200759846618,False,-0.9498100379923309,-0.18996200759846618,False,False,False,False,False,False,False,False,,,,,,0.0
PAPER:MAGMAUSDT:1791033899999:SHORT,MAGMAUSDT,SHORT,0.11747463534199344,False,0.25,0,-1.6167348982446283,-0.32334697964892567,False,-1.6167348982446283,-0.32334697964892567,False,False,False,False,False,False,False,False,,,,,,0.0
PAPER:SYRUPUSDT:1791034499999:LONG,SYRUPUSDT,LONG,0.3365032121780853,False,0.25,0,-1.7301618973079922,-0.3460323794615984,True,-0.029395024440531214,-0.005879004888106243,False,True,False,False,False,False,False,True,1791034856569,1791034859943,1791034859943,0,0.3365032121780856,1.700766872867461
PAPER:SOPHUSDT:1791034799999:LONG,SOPHUSDT,LONG,0.032486940932008324,False,0.25,0,-1.0808927650165776,-0.21617855300331554,False,-1.0808927650165776,-0.21617855300331554,False,False,False,False,False,False,False,False,,,,,,0.0
PAPER:TRBUSDT:1791034799999:LONG,TRBUSDT,LONG,0.17249534305692205,False,0.25,0,-1.1180799807020212,-0.22361599614040423,False,-1.1180799807020212,-0.22361599614040423,False,False,False,False,False,False,False,False,,,,,,0.0
PAPER:BRETTUSDT:1791034799999:LONG,BRETTUSDT,LONG,0.013901271279914695,False,0.25,0,-2.8970518364541604,-0.5794103672908321,False,-2.8970518364541604,-0.5794103672908321,False,False,False,False,False,False,False,False,,,,,,0.0
PAPER:HANAUSDT:1791034799999:SHORT,HANAUSDT,SHORT,0.39639901335803707,False,0.25,0,-4.076179984123353,-0.8152359968246706,True,-0.11659271904339497,-0.023318543808678992,False,True,False,False,False,False,False,True,1791035379027,1791035403440,1791035403440,0,0.39639901335803707,3.9595872650799584
PAPER:COOKIEUSDT:1791034799999:LONG,COOKIEUSDT,LONG,0.02588041584095091,False,0.25,0,-3.432422254842399,-0.6864844509684798,False,-3.432422254842399,-0.6864844509684798,False,False,False,False,False,False,False,False,,,,,,0.0
PAPER:BLURUSDT:1791035099999:LONG,BLURUSDT,LONG,0.026898935409902514,False,0.25,0,-2.1210698643572643,-0.4242139728714529,False,-2.1210698643572643,-0.4242139728714529,False,False,False,False,False,False,False,False,,,,,,0.0
PAPER:GTCUSDT:1791035399999:LONG,GTCUSDT,LONG,0.1905703102749179,False,0.25,0,0.06306476224254054,0.012612952448508108,False,0.06306476224254054,0.012612952448508108,True,False,False,False,False,False,False,False,,,,,,0.0
PAPER:BIOUSDT:1791035399999:LONG,BIOUSDT,LONG,0.04403217979522811,False,0.25,0,-2.7089125322549616,-0.5417825064509922,False,-2.7089125322549616,-0.5417825064509922,False,False,False,False,False,False,False,False,,,,,,0.0
PAPER:NILUSDT:1791035699999:SHORT,NILUSDT,SHORT,0.2057747892693691,False,0.25,0,-1.6043812094959564,-0.3208762418991913,False,-1.6043812094959564,-0.3208762418991913,False,False,False,False,False,False,False,False,,,,,,0.0
PAPER:PARTIUSDT:1791035699999:LONG,PARTIUSDT,LONG,0.38892017097602594,False,0.25,0,-0.4391503345547632,-0.08783006691095264,True,-0.09871053226304322,-0.01974210645260864,False,True,False,False,False,False,False,True,1791035727868,1791035728903,1791035728903,0,0.15038573744010164,0.34043980229172
PAPER:SIGNUSDT:1791035999999:LONG,SIGNUSDT,LONG,0.020325020332290222,False,0.25,0,-2.903522065186805,-0.580704413037361,False,-2.903522065186805,-0.580704413037361,False,False,False,False,False,False,False,False,,,,,,0.0
PAPER:FHEUSDT:1791035999999:LONG,FHEUSDT,LONG,0.07019795860405686,False,0.25,0,-1.0624453988318034,-0.2124890797663607,False,-1.0624453988318034,-0.2124890797663607,False,False,False,False,False,False,False,False,,,,,,0.0
PAPER:ENJUSDT:1791035999999:LONG,ENJUSDT,LONG,0.09842864118914108,False,0.25,0,-0.5061394517069918,-0.10122789034139837,False,-0.5061394517069918,-0.10122789034139837,False,False,False,False,False,False,False,False,,,,,,0.0
PAPER:CHILLGUYUSDT:1791036299999:SHORT,CHILLGUYUSDT,SHORT,0.29671056237814813,False,0.25,0,-1.6460776979307021,-0.3292155395861404,True,-0.09966067587942107,-0.019932135175884214,False,True,False,False,False,False,False,True,1791036399784,1791036434322,1791036434322,0,0.2349125988311653,1.5464170220512812
PAPER:ZAMAUSDT:1791036299999:LONG,ZAMAUSDT,LONG,0.05344670536999718,False,0.25,0,-2.7535616422870577,-0.5507123284574116,False,-2.7535616422870577,-0.5507123284574116,False,False,False,False,False,False,False,False,,,,,,0.0
PAPER:MTLUSDT:1791036299999:SHORT,MTLUSDT,SHORT,0.392645968101903,False,0.25,0,-2.9359691162288346,-0.5871938232457669,True,-0.15587840671900666,-0.031175681343801328,False,True,False,False,False,False,False,True,1791036656546,1791036794963,1791036794963,0,0.1069652204004883,2.780090709509828
PAPER:MELANIAUSDT:1791036599999:SHORT,MELANIAUSDT,SHORT,0.11439277969808952,False,0.25,0,-2.823923833139723,-0.5647847666279447,False,-2.823923833139723,-0.5647847666279447,False,False,False,False,False,False,False,False,,,,,,0.0
PAPER:QNTUSDT:1791036599999:SHORT,QNTUSDT,SHORT,0.09206771523578838,False,0.25,0,-1.1304764324347885,-0.2260952864869577,False,-1.1304764324347885,-0.2260952864869577,False,False,False,False,False,False,False,False,,,,,,0.0
PAPER:1000000BOBUSDT:1791036899999:SHORT,1000000BOBUSDT,SHORT,0.20259244727284154,False,0.25,0,-0.9501900380075976,-0.19003800760151954,False,-0.9501900380075976,-0.19003800760151954,False,False,False,False,False,False,False,False,,,,,,0.0
PAPER:ZECUSDT:1791036899999:SHORT,ZECUSDT,SHORT,0.34743220879288866,False,0.25,0,-2.4871455712255535,-0.49742911424511066,True,-0.001691031361659101,-0.0003382062723318202,False,True,False,False,False,False,False,True,1791037459580,1791037518581,1791037518581,0,0.2685301174697531,2.4854545398638943
PAPER:VELVETUSDT:1791037199999:LONG,VELVETUSDT,LONG,0.16967139011807575,False,0.25,0,-2.5920327443301128,-0.5184065488660226,False,-2.5920327443301128,-0.5184065488660226,False,False,False,False,False,False,False,False,,,,,,0.0
PAPER:EVAAUSDT:1791037499999:LONG,EVAAUSDT,LONG,0.056646393986836685,False,0.25,0,-3.821169888291375,-0.7642339776582749,False,-3.821169888291375,-0.7642339776582749,False,False,False,False,False,False,False,False,,,,,,0.0
PAPER:ONEUSDT:1791037499999:LONG,ONEUSDT,LONG,0.24924997047268693,False,0.25,0,-6.076218006145115,-1.215243601229023,False,-6.076218006145115,-1.215243601229023,False,False,False,False,False,False,False,False,,,,,,0.0
PAPER:DEEPUSDT:1791037799999:LONG,DEEPUSDT,LONG,0.02104669378111268,False,0.25,0,-3.6150511995301473,-0.7230102399060295,False,-3.6150511995301473,-0.7230102399060295,False,False,False,False,False,False,False,False,,,,,,0.0
PAPER:OPUSDT:1791037799999:LONG,OPUSDT,LONG,0.26694344698652284,False,0.25,0,-2.0891271981087893,-0.4178254396217579,True,-0.031005876608102004,-0.006201175321620401,False,True,False,False,False,False,False,True,1791037924176,1791037928244,1791037928244,0,0.17129696439106,2.0581213215006873
PAPER:DRIFTUSDT:1791037799999:LONG,DRIFTUSDT,LONG,0.13110727980347736,False,0.25,0,-3.088406569315816,-0.6176813138631632,False,-3.088406569315816,-0.6176813138631632,False,False,False,False,False,False,False,False,,,,,,0.0
PAPER:ORDIUSDT:1791037799999:LONG,ORDIUSDT,LONG,0.3061675616160109,False,0.25,0,-2.7963146550767375,-0.5592629310153475,True,-0.08086668877611941,-0.016173337755223883,False,True,False,False,False,False,False,True,1791039083811,1791039096860,1791039096860,0,0.1757021366496767,2.715447966300618
PAPER:SUPERUSDT:1791038099999:LONG,SUPERUSDT,LONG,0.6513379595819213,True,0.25,0,-3.4602375064787063,-0.6920475012957413,True,-0.23789777080963867,-0.04757955416192773,False,True,False,False,True,False,False,True,1791038218867,1791038218868,1791038218868,0,0.6513379595819316,3.2223397356690677
PAPER:KAIAUSDT:1791038099999:LONG,KAIAUSDT,LONG,0.006629832488891374,False,0.25,0,-3.410360241533641,-0.6820720483067282,False,-3.410360241533641,-0.6820720483067282,False,False,False,False,False,False,False,False,,,,,,0.0
PAPER:1000CATUSDT:1791038699999:LONG,1000CATUSDT,LONG,0.4267421761402934,False,0.25,0,-0.838231577321695,-0.16764631546433897,True,-0.05718235262681587,-0.011436470525363174,False,True,False,False,False,False,False,True,1791039125585,1791039125988,1791039125988,0,0.4267421761402879,0.781049224694879
PAPER:USUSDT:1791038699999:SHORT,USUSDT,SHORT,0.48393229097455304,False,0.25,0,-0.7002546247073798,-0.14005092494147595,True,-0.01861258843391783,-0.0037225176867835665,False,True,False,False,False,False,False,True,1791038766472,1791038842620,1791038842620,0,0.4566924914191514,0.6816420362734619
PAPER:哈基米USDT:1791038699999:SHORT,哈基米USDT,SHORT,0.10980781490497439,False,0.25,0,-0.6253521470030563,-0.12507042940061125,False,-0.6253521470030563,-0.12507042940061125,False,False,False,False,False,False,False,False,,,,,,0.0
PAPER:XMRUSDT:1791038699999:LONG,XMRUSDT,LONG,0.34497365381629397,False,0.25,0,-1.4191267554642937,-0.2838253510928587,True,-0.002151281558794793,-0.0004302563117589586,False,True,False,False,False,False,False,True,1791039110202,1791039377860,1791039377860,0,0.3016109225747648,1.416975473905499
PAPER:NEARUSDT:1791038999999:LONG,NEARUSDT,LONG,0.2154525207140212,False,0.25,0,-3.248598645182094,-0.6497197290364188,False,-3.248598645182094,-0.6497197290364188,False,False,False,False,False,False,False,False,,,,,,0.0
PAPER:RENDERUSDT:1791038999999:LONG,RENDERUSDT,LONG,0.3777364865167332,False,0.25,0,-2.564063511265951,-0.5128127022531902,True,-0.2047699734046361,-0.04095399468092722,False,True,False,False,False,False,False,True,1791040090048,1791040118071,1791040118071,0,0.3777364865167244,2.3592935378613147
PAPER:AEVOUSDT:1791039299999:LONG,AEVOUSDT,LONG,0.32084492192470115,False,0.25,0,-2.7469840170223327,-0.5493968034044666,True,-0.1931052047165786,-0.03862104094331572,False,True,False,False,False,False,False,True,1791039462372,1791039571798,1791039571798,0,0.20723128101652835,2.5538788123057543
PAPER:ONUSDT:1791039599999:SHORT,ONUSDT,SHORT,0.359578557077644,False,0.25,0,-0.4752610152011104,-0.09505220304022208,True,-0.00033199239468789665,-6.639847893757933e-05,False,True,False,False,False,False,False,True,1791039637003,1791039637008,1791039637008,0,0.16978727813873884,0.4749290228064225
PAPER:XVGUSDT:1791039599999:LONG,XVGUSDT,LONG,0.07237850243317911,False,0.25,0,-3.6415072428999737,-0.7283014485799947,False,-3.6415072428999737,-0.7283014485799947,False,False,False,False,False,False,False,False,,,,,,0.0
PAPER:CUSDT:1791039899999:LONG,CUSDT,LONG,1.1357841017241022,True,0.25,0,-4.815485513170761,-0.9630971026341522,True,-0.046145641197414655,-0.009229128239482931,False,True,False,False,True,True,False,True,1791039956487,1791039956495,1791039956495,0,1.135784101724093,4.769339871973346
PAPER:龙虾USDT:1791039899999:SHORT,龙虾USDT,SHORT,0.0010972658666689283,False,0.25,0,-2.3230755803059737,-0.4646151160611947,False,-2.3230755803059737,-0.4646151160611947,False,False,False,False,False,False,False,False,,,,,,0.0
PAPER:PHAUSDT:1791039899999:SHORT,PHAUSDT,SHORT,0.5336391386070395,True,0.25,0,-1.3147750271102738,-0.26295500542205474,True,-0.0022690663405923184,-0.0004538132681184637,False,True,False,False,False,False,False,True,1791040049204,1791040049267,1791040049267,0,0.16940023110230443,1.3125059607696814
PAPER:MIRAUSDT:1791040199999:SHORT,MIRAUSDT,SHORT,0.13354810666604766,False,0.25,0,-1.3344350505103577,-0.26688701010207155,False,-1.3344350505103577,-0.26688701010207155,False,False,False,False,False,False,False,False,,,,,,0.0
PAPER:MEGAUSDT:1791040199999:LONG,MEGAUSDT,LONG,0.5974185977954738,True,0.25,0,-0.07597016259568207,-0.015194032519136414,True,-0.024567816984127244,-0.0049135633968254485,False,True,False,False,False,False,False,True,1791040281087,1791040288504,1791040288504,0,0.350452758357344,0.05140234561155482
PAPER:SANDUSDT:1791040499999:LONG,SANDUSDT,LONG,0.8209450237695926,True,0.25,0,1.3474539452734347,0.26949078905468693,True,-0.6872655827619613,-0.13745311655239226,False,False,True,True,True,False,False,True,1791040526052,1791040526053,1791040526053,0,0.8209450237695979,-2.034719528035396
PAPER:BANUSDT:1791040499999:SHORT,BANUSDT,SHORT,0.05628890843004262,False,0.25,0,-3.0502385088000796,-0.6100477017600159,False,-3.0502385088000796,-0.6100477017600159,False,False,False,False,False,False,False,False,,,,,,0.0
PAPER:MORPHOUSDT:1791040799999:LONG,MORPHOUSDT,LONG,0.02861058304419739,False,0.25,0,-1.9210183355999124,-0.3842036671199825,False,-1.9210183355999124,-0.3842036671199825,False,False,False,False,False,False,False,False,,,,,,0.0
PAPER:BMTUSDT:1791040799999:LONG,BMTUSDT,LONG,0.302520141133078,False,0.25,0,-2.695113121192824,-0.5390226242385647,True,-0.14428553805355904,-0.028857107610711807,False,True,False,False,False,False,False,True,1791041233842,1791041235317,1791041235317,0,0.3025201411330761,2.550827583139265
PAPER:TAKEUSDT:1791041099999:LONG,TAKEUSDT,LONG,0.08721294956695047,False,0.25,0,-1.523598169842145,-0.304719633968429,False,-1.523598169842145,-0.304719633968429,False,False,False,False,False,False,False,False,,,,,,0.0
PAPER:SENTUSDT:1791041099999:SHORT,SENTUSDT,SHORT,0.025708980918666427,False,0.25,0,-3.3524018731991214,-0.6704803746398242,False,-3.3524018731991214,-0.6704803746398242,False,False,False,False,False,False,False,False,,,,,,0.0
PAPER:TAKEUSDT:1791041399999:LONG,TAKEUSDT,LONG,0.17738289851521039,False,0.25,0,-2.2391385466262355,-0.4478277093252471,False,-2.2391385466262355,-0.4478277093252471,False,False,False,False,False,False,False,False,,,,,,0.0
PAPER:PHAROSUSDT:1791041999999:LONG,PHAROSUSDT,LONG,0.1184037832522078,False,0.25,0,-2.747298263215607,-0.5494596526431214,False,-2.747298263215607,-0.5494596526431214,False,False,False,False,False,False,False,False,,,,,,0.0
PAPER:AVAAIUSDT:1791042299999:LONG,AVAAIUSDT,LONG,0.5843370032250439,True,0.25,0,-1.8501523740850172,-0.37003047481700346,True,-0.36723558522645416,-0.07344711704529083,False,True,False,False,False,False,False,True,1791042458348,1791042471363,1791042471363,0,0.06482266643173494,1.482916788858563
PAPER:INXUSDT:1791042299999:LONG,INXUSDT,LONG,0.5111944571072558,True,0.25,0,-0.949810037992343,-0.1899620075984686,True,-0.12061330885065293,-0.024122661770130584,False,True,False,False,True,False,False,True,1791042341949,1791042345100,1791042345100,0,0.5111944571072548,0.8291967291416901
PAPER:CYSUSDT:1791042299999:SHORT,CYSUSDT,SHORT,0.04109557403234674,False,0.25,0,-2.4791307528456885,-0.4958261505691377,False,-2.4791307528456885,-0.4958261505691377,False,False,False,False,False,False,False,False,,,,,,0.0
PAPER:AKTUSDT:1791043199999:LONG,AKTUSDT,LONG,0.09885095789161635,False,0.25,0,-3.5100134635034834,-0.7020026927006967,False,-3.5100134635034834,-0.7020026927006967,False,False,False,False,False,False,False,False,,,,,,0.0
PAPER:AIOUSDT:1791043499999:LONG,AIOUSDT,LONG,0.3392750607989381,False,0.25,0,-0.05248551804010343,-0.010497103608020685,False,-0.05248551804010343,-0.010497103608020685,False,False,False,False,False,False,False,True,1791043561955,,,,,0.0
PAPER:TAKEUSDT:1791030299999:LONG,TAKEUSDT,LONG,0.20078003326780003,False,0.25,100,-4.179531297998999,-0.8359062595997998,False,-4.179531297998999,-0.8359062595997998,False,False,False,False,False,False,False,False,,,,,,0.0
PAPER:C98USDT:1791030299999:SHORT,C98USDT,SHORT,0.5325927063865858,True,0.25,100,-0.33561030806532705,-0.06712206161306541,True,-0.33561030806532705,-0.06712206161306541,False,False,False,False,True,False,False,True,1791030865905,1791030865908,1791030868175,2267,0.5325927063865858,0.0
PAPER:RAYSOLUSDT:1791030299999:LONG,RAYSOLUSDT,LONG,0.3865045416249213,False,0.25,100,-4.294281797041444,-0.8588563594082889,True,-0.2092484342028066,-0.04184968684056132,False,True,False,False,False,False,False,True,1791030404484,1791030426836,1791030427086,250,0.38650454162492903,4.0850333628386375
PAPER:MASKUSDT:1791030299999:SHORT,MASKUSDT,SHORT,0.4782276505114329,False,0.25,100,-0.6904478264892522,-0.13808956529785044,True,0.1926756926728445,0.0385351385345689,True,True,False,False,False,False,False,True,1791030583235,1791030613051,1791030622785,9734,0.4782276505114329,0.8831235191620967
PAPER:2ZUSDT:1791030599999:SHORT,2ZUSDT,SHORT,0.04643975739345436,False,0.25,100,-3.1670863623565806,-0.6334172724713161,False,-3.1670863623565806,-0.6334172724713161,False,False,False,False,False,False,False,False,,,,,,0.0
PAPER:ARKUSDT:1791030599999:LONG,ARKUSDT,LONG,0.11126877469145313,False,0.25,100,-0.9498100379923222,-0.18996200759846446,False,-0.9498100379923222,-0.18996200759846446,False,False,False,False,False,False,False,False,,,,,,0.0
PAPER:ICPUSDT:1791030599999:SHORT,ICPUSDT,SHORT,0.13297856879422754,False,0.25,100,-2.251777408861963,-0.45035548177239265,False,-2.251777408861963,-0.45035548177239265,False,False,False,False,False,False,False,False,,,,,,0.0
PAPER:ALCHUSDT:1791030599999:SHORT,ALCHUSDT,SHORT,0.040601939818374046,False,0.25,100,-3.073413425363308,-0.6146826850726615,False,-3.073413425363308,-0.6146826850726615,False,False,False,False,False,False,False,False,,,,,,0.0
PAPER:1000SATSUSDT:1791030599999:SHORT,1000SATSUSDT,SHORT,0.14356100983075173,False,0.25,100,-2.382743729857922,-0.4765487459715844,False,-2.382743729857922,-0.4765487459715844,False,False,False,False,False,False,False,False,,,,,,0.0
PAPER:SPXUSDT:1791030599999:SHORT,SPXUSDT,SHORT,0.3946344312621141,False,0.25,100,-3.082995430845726,-0.6165990861691453,True,-0.1431825920688441,-0.028636518413768818,False,True,False,False,False,False,False,True,1791031369768,1791031505552,1791031512470,6918,0.3946344312621141,2.939812838776882
PAPER:BERAUSDT:1791030599999:SHORT,BERAUSDT,SHORT,0.02415494136355687,False,0.25,100,-2.7182260293118015,-0.5436452058623603,False,-2.7182260293118015,-0.5436452058623603,False,False,False,False,False,False,False,False,,,,,,0.0
PAPER:CLOUSDT:1791030599999:SHORT,CLOUSDT,SHORT,0.562071677187042,True,0.25,100,0.020857857313486106,0.0041715714626972215,False,0.020857857313486106,0.0041715714626972215,True,False,False,False,False,False,False,True,1791030681645,,,,,0.0
PAPER:RONINUSDT:1791030599999:SHORT,RONINUSDT,SHORT,0.4201447269727042,False,0.25,100,-0.9881699462047233,-0.19763398924094466,True,-0.1905918740652291,-0.03811837481304582,False,True,False,False,False,False,False,True,1791031302022,1791031515790,1791031534197,18407,0.17730404958078655,0.7975780721394943
PAPER:BABYUSDT:1791030599999:SHORT,BABYUSDT,SHORT,0.13108361853639602,False,0.25,100,-2.4625017903882367,-0.4925003580776473,False,-2.4625017903882367,-0.4925003580776473,False,False,False,False,False,False,False,False,,,,,,0.0
PAPER:LQTYUSDT:1791030599999:SHORT,LQTYUSDT,SHORT,0.23922711108097128,False,0.25,100,-1.1664212216092822,-0.23328424432185646,False,-1.1664212216092822,-0.23328424432185646,False,False,False,False,False,False,False,False,,,,,,0.0
PAPER:ELSAUSDT:1791030599999:SHORT,ELSAUSDT,SHORT,0.09292788177507333,False,0.25,100,-2.8341764513986663,-0.5668352902797332,False,-2.8341764513986663,-0.5668352902797332,False,False,False,False,False,False,False,False,,,,,,0.0
PAPER:LYNUSDT:1791030899999:SHORT,LYNUSDT,SHORT,0.4910471145324048,False,0.25,100,-0.2194233372221207,-0.04388466744442414,False,-0.2194233372221207,-0.04388466744442414,False,False,False,False,False,False,False,True,1791030952358,,,,,0.0
PAPER:CUSDT:1791030899999:LONG,CUSDT,LONG,0.5052576067934522,True,0.25,100,-4.734098707132696,-0.9468197414265391,True,-0.19295230416437265,-0.038590460832874526,False,True,False,False,False,False,False,True,1791031009256,1791031009268,1791031009420,152,0.19212564842052743,4.541146402968323
PAPER:BATUSDT:1791030899999:SHORT,BATUSDT,SHORT,0.06560207944017078,False,0.25,100,-3.5743672405177547,-0.7148734481035509,False,-3.5743672405177547,-0.7148734481035509,False,False,False,False,False,False,False,False,,,,,,0.0
PAPER:SOLVUSDT:1791030899999:SHORT,SOLVUSDT,SHORT,0.09791630573226773,False,0.25,100,-0.3600282954492119,-0.07200565908984238,False,-0.3600282954492119,-0.07200565908984238,False,False,False,False,False,False,False,False,,,,,,0.0
PAPER:SOONUSDT:1791031199999:LONG,SOONUSDT,LONG,0.43180093380581486,False,0.25,100,-0.8170548040842363,-0.16341096081684725,True,-0.2860338684521938,-0.05720677369043876,False,True,False,False,False,False,False,True,1791031298181,1791031302721,1791031302861,140,0.1394617408256968,0.5310209356320424
PAPER:GUAUSDT:1791031199999:SHORT,GUAUSDT,SHORT,0.09482952847747854,False,0.25,100,-2.3151338684784952,-0.46302677369569906,False,-2.3151338684784952,-0.46302677369569906,False,False,False,False,False,False,False,False,,,,,,0.0
PAPER:WAXPUSDT:1791031199999:SHORT,WAXPUSDT,SHORT,0.15796753656780602,False,0.25,100,-2.1242987820307544,-0.42485975640615087,False,-2.1242987820307544,-0.42485975640615087,False,False,False,False,False,False,False,False,,,,,,0.0
PAPER:XVGUSDT:1791031199999:SHORT,XVGUSDT,SHORT,0.2963147974313368,False,0.25,100,-2.770751292099085,-0.5541502584198169,True,-0.15864166666351745,-0.03172833333270349,False,True,False,False,False,False,False,True,1791031440025,1791031469446,1791031503586,34140,0.20141915796188806,2.6121096254355676
PAPER:BLUAIUSDT:1791031199999:SHORT,BLUAIUSDT,SHORT,0.4188883317460625,False,0.25,100,-5.699480266072115,-1.1398960532144229,True,0.23713251900867957,0.04742650380173591,True,True,False,False,False,False,False,True,1791031322929,1791031322932,1791031323045,113,0.4188883317460625,5.936612785080794
PAPER:NILUSDT:1791031199999:LONG,NILUSDT,LONG,0.22971618806590932,False,0.25,100,-2.7020749171407723,-0.5404149834281544,False,-2.7020749171407723,-0.5404149834281544,False,False,False,False,False,False,False,False,,,,,,0.0
PAPER:LDOUSDT:1791031199999:SHORT,LDOUSDT,SHORT,0.4188727170620659,False,0.25,100,-4.903833487188899,-0.9807666974377798,True,0.038220824287734434,0.007644164857546887,True,True,False,False,False,False,False,True,1791031368230,1791031413660,1791031416872,3212,0.4188727170620659,4.9420543114766335
PAPER:ONUSDT:1791031499999:SHORT,ONUSDT,SHORT,0.1664265751566015,False,0.25,100,-2.3497478852713356,-0.46994957705426715,False,-2.3497478852713356,-0.46994957705426715,False,False,False,False,False,False,False,False,,,,,,0.0
PAPER:CVCUSDT:1791031499999:SHORT,CVCUSDT,SHORT,0.15044590376835515,False,0.25,100,-2.485696755915584,-0.4971393511831168,False,-2.485696755915584,-0.4971393511831168,False,False,False,False,False,False,False,False,,,,,,0.0
PAPER:FOGOUSDT:1791031499999:SHORT,FOGOUSDT,SHORT,0.057127292047956295,False,0.25,100,-3.4110859982869592,-0.6822171996573918,False,-3.4110859982869592,-0.6822171996573918,False,False,False,False,False,False,False,False,,,,,,0.0
PAPER:MUSDT:1791031499999:SHORT,MUSDT,SHORT,0.1562427022849482,False,0.25,100,-1.0481979068353748,-0.20963958136707497,False,-1.0481979068353748,-0.20963958136707497,False,False,False,False,False,False,False,False,,,,,,0.0
PAPER:TRUTHUSDT:1791031799999:SHORT,TRUTHUSDT,SHORT,0.04259979890824061,False,0.25,100,-1.8553263437999297,-0.37106526875998597,False,-1.8553263437999297,-0.37106526875998597,False,False,False,False,False,False,False,False,,,,,,0.0
PAPER:MEWUSDT:1791031799999:LONG,MEWUSDT,LONG,0.20671602640922604,False,0.25,100,-2.9316560299051333,-0.5863312059810266,False,-2.9316560299051333,-0.5863312059810266,False,False,False,False,False,False,False,False,,,,,,0.0
PAPER:ATHUSDT:1791032399999:LONG,ATHUSDT,LONG,0.9362862664506144,True,0.25,100,-1.4344200088454728,-0.28688400176909457,True,-0.11905008795860116,-0.02381001759172023,False,True,False,False,True,False,False,True,1791032643445,1791032645031,1791032645385,354,0.9362862664506227,1.3153699208868717
PAPER:PARTIUSDT:1791032699999:LONG,PARTIUSDT,LONG,0.12131849248524507,False,0.25,100,-1.6557113665605714,-0.3311422733121143,False,-1.6557113665605714,-0.3311422733121143,False,False,False,False,False,False,False,False,,,,,,0.0
PAPER:SCRUSDT:1791032699999:SHORT,SCRUSDT,SHORT,0.17458744667221668,False,0.25,100,-4.748328639463314,-0.9496657278926629,False,-4.748328639463314,-0.9496657278926629,False,False,False,False,False,False,False,False,,,,,,0.0
PAPER:FLUIDUSDT:1791032699999:LONG,FLUIDUSDT,LONG,0.40288014904572567,False,0.25,100,-1.5533450107561027,-0.3106690021512205,True,0.25725990753518857,0.05145198150703772,True,True,False,False,False,False,False,True,1791032784035,1791032795054,1791032828390,33336,0.4028801490457218,1.810604918291291
PAPER:BRUSDT:1791032999999:SHORT,BRUSDT,SHORT,0.27254947442767047,False,0.25,100,-1.4411649157048976,-0.2882329831409795,True,0.0317597173870145,0.0063519434774029,True,True,False,False,False,False,False,True,1791033050728,1791033051097,1791033051238,141,0.1761995274963559,1.4729246330919121
PAPER:TAKEUSDT:1791032999999:LONG,TAKEUSDT,LONG,0.1981648558068816,False,0.25,100,-4.45263633915979,-0.890527267831958,False,-4.45263633915979,-0.890527267831958,False,False,False,False,False,False,False,False,,,,,,0.0
PAPER:AVAUSDT:1791032999999:LONG,AVAUSDT,LONG,0.052532112366043826,False,0.25,100,-3.304734763964892,-0.6609469527929784,False,-3.304734763964892,-0.6609469527929784,False,False,False,False,False,False,False,False,,,,,,0.0
PAPER:GTCUSDT:1791032999999:LONG,GTCUSDT,LONG,0.5910414075610326,True,0.25,100,-5.389497416018015,-1.077899483203603,True,0.16011180651398932,0.03202236130279786,True,True,False,False,False,False,False,True,1791033054377,1791033062408,1791033062663,255,0.2498127249698905,5.549609222532005
PAPER:KSMUSDT:1791032999999:LONG,KSMUSDT,LONG,0.0557320840319786,False,0.25,100,-3.0776393835983287,-0.6155278767196658,False,-3.0776393835983287,-0.6155278767196658,False,False,False,False,False,False,False,False,,,,,,0.0
PAPER:ARKMUSDT:1791033599999:SHORT,ARKMUSDT,SHORT,0.056405475136281816,False,0.25,100,-2.8622419480075423,-0.5724483896015085,False,-2.8622419480075423,-0.5724483896015085,False,False,False,False,False,False,False,False,,,,,,0.0
PAPER:POWERUSDT:1791033599999:SHORT,POWERUSDT,SHORT,0.1333104729659478,False,0.25,100,-3.2520922207080236,-0.6504184441416047,False,-3.2520922207080236,-0.6504184441416047,False,False,False,False,False,False,False,False,,,,,,0.0
PAPER:IOUSDT:1791033599999:LONG,IOUSDT,LONG,0.04360451065001936,False,0.25,100,-3.8091145606756855,-0.7618229121351371,False,-3.8091145606756855,-0.7618229121351371,False,False,False,False,False,False,False,False,,,,,,0.0
PAPER:TRADOORUSDT:1791033899999:SHORT,TRADOORUSDT,SHORT,0.037861202555832515,False,0.25,100,-6.7422084359017616,-1.3484416871803524,False,-6.7422084359017616,-1.3484416871803524,False,False,False,False,False,False,False,False,,,,,,0.0
PAPER:LITUSDT:1791033899999:SHORT,LITUSDT,SHORT,0.5614579357694294,True,0.25,100,-1.1427683363038064,-0.22855366726076126,True,-0.037226253492060934,-0.007445250698412186,False,True,False,False,True,False,False,True,1791035288027,1791035295394,1791035295501,107,0.5614579357694294,1.1055420828117455
PAPER:GLMUSDT:1791033899999:LONG,GLMUSDT,LONG,0.41155018572360813,False,0.25,100,-1.5272247018917282,-0.30544494037834563,True,-0.3723953740930419,-0.07447907481860838,False,True,False,False,False,False,False,True,1791034020530,1791034032639,1791034032792,153,0.411550185723613,1.1548293277986863
PAPER:PORTALUSDT:1791033899999:LONG,PORTALUSDT,LONG,0.2034230025503403,False,0.25,100,-2.4843567110599034,-0.49687134221198065,False,-2.4843567110599034,-0.49687134221198065,False,False,False,False,False,False,False,False,,,,,,0.0
PAPER:PROMPTUSDT:1791033899999:LONG,PROMPTUSDT,LONG,0.02804821063659979,False,0.25,100,-0.9498100379923309,-0.18996200759846618,False,-0.9498100379923309,-0.18996200759846618,False,False,False,False,False,False,False,False,,,,,,0.0
PAPER:MAGMAUSDT:1791033899999:SHORT,MAGMAUSDT,SHORT,0.11747463534199344,False,0.25,100,-1.6167348982446283,-0.32334697964892567,False,-1.6167348982446283,-0.32334697964892567,False,False,False,False,False,False,False,False,,,,,,0.0
PAPER:SYRUPUSDT:1791034499999:LONG,SYRUPUSDT,LONG,0.3365032121780853,False,0.25,100,-1.7301618973079922,-0.3460323794615984,True,-0.029395024440531214,-0.005879004888106243,False,True,False,False,False,False,False,True,1791034856569,1791034859943,1791034860354,411,0.3365032121780856,1.700766872867461
PAPER:SOPHUSDT:1791034799999:LONG,SOPHUSDT,LONG,0.032486940932008324,False,0.25,100,-1.0808927650165776,-0.21617855300331554,False,-1.0808927650165776,-0.21617855300331554,False,False,False,False,False,False,False,False,,,,,,0.0
PAPER:TRBUSDT:1791034799999:LONG,TRBUSDT,LONG,0.17249534305692205,False,0.25,100,-1.1180799807020212,-0.22361599614040423,False,-1.1180799807020212,-0.22361599614040423,False,False,False,False,False,False,False,False,,,,,,0.0
PAPER:BRETTUSDT:1791034799999:LONG,BRETTUSDT,LONG,0.013901271279914695,False,0.25,100,-2.8970518364541604,-0.5794103672908321,False,-2.8970518364541604,-0.5794103672908321,False,False,False,False,False,False,False,False,,,,,,0.0
PAPER:HANAUSDT:1791034799999:SHORT,HANAUSDT,SHORT,0.39639901335803707,False,0.25,100,-4.076179984123353,-0.8152359968246706,True,-0.5333913785255111,-0.10667827570510223,False,True,False,False,False,False,False,True,1791035379027,1791035403440,1791035408172,4732,0.39639901335803707,3.542788605597842
PAPER:COOKIEUSDT:1791034799999:LONG,COOKIEUSDT,LONG,0.02588041584095091,False,0.25,100,-3.432422254842399,-0.6864844509684798,False,-3.432422254842399,-0.6864844509684798,False,False,False,False,False,False,False,False,,,,,,0.0
PAPER:BLURUSDT:1791035099999:LONG,BLURUSDT,LONG,0.026898935409902514,False,0.25,100,-2.1210698643572643,-0.4242139728714529,False,-2.1210698643572643,-0.4242139728714529,False,False,False,False,False,False,False,False,,,,,,0.0
PAPER:GTCUSDT:1791035399999:LONG,GTCUSDT,LONG,0.1905703102749179,False,0.25,100,0.06306476224254054,0.012612952448508108,False,0.06306476224254054,0.012612952448508108,True,False,False,False,False,False,False,False,,,,,,0.0
PAPER:BIOUSDT:1791035399999:LONG,BIOUSDT,LONG,0.04403217979522811,False,0.25,100,-2.7089125322549616,-0.5417825064509922,False,-2.7089125322549616,-0.5417825064509922,False,False,False,False,False,False,False,False,,,,,,0.0
PAPER:NILUSDT:1791035699999:SHORT,NILUSDT,SHORT,0.2057747892693691,False,0.25,100,-1.6043812094959564,-0.3208762418991913,False,-1.6043812094959564,-0.3208762418991913,False,False,False,False,False,False,False,False,,,,,,0.0
PAPER:PARTIUSDT:1791035699999:LONG,PARTIUSDT,LONG,0.38892017097602594,False,0.25,100,-0.4391503345547632,-0.08783006691095264,True,-0.09871053226304322,-0.01974210645260864,False,True,False,False,False,False,False,True,1791035727868,1791035728903,1791035729369,466,0.15038573744010164,0.34043980229172
PAPER:SIGNUSDT:1791035999999:LONG,SIGNUSDT,LONG,0.020325020332290222,False,0.25,100,-2.903522065186805,-0.580704413037361,False,-2.903522065186805,-0.580704413037361,False,False,False,False,False,False,False,False,,,,,,0.0
PAPER:FHEUSDT:1791035999999:LONG,FHEUSDT,LONG,0.07019795860405686,False,0.25,100,-1.0624453988318034,-0.2124890797663607,False,-1.0624453988318034,-0.2124890797663607,False,False,False,False,False,False,False,False,,,,,,0.0
PAPER:ENJUSDT:1791035999999:LONG,ENJUSDT,LONG,0.09842864118914108,False,0.25,100,-0.5061394517069918,-0.10122789034139837,False,-0.5061394517069918,-0.10122789034139837,False,False,False,False,False,False,False,False,,,,,,0.0
PAPER:CHILLGUYUSDT:1791036299999:SHORT,CHILLGUYUSDT,SHORT,0.29671056237814813,False,0.25,100,-1.6460776979307021,-0.3292155395861404,True,-0.21564195253322527,-0.043128390506645055,False,True,False,False,False,False,False,True,1791036399784,1791036434322,1791036442552,8230,0.2349125988311653,1.4304357453974768
PAPER:ZAMAUSDT:1791036299999:LONG,ZAMAUSDT,LONG,0.05344670536999718,False,0.25,100,-2.7535616422870577,-0.5507123284574116,False,-2.7535616422870577,-0.5507123284574116,False,False,False,False,False,False,False,False,,,,,,0.0
PAPER:MTLUSDT:1791036299999:SHORT,MTLUSDT,SHORT,0.392645968101903,False,0.25,100,-2.9359691162288346,-0.5871938232457669,True,-0.7913277117498396,-0.15826554234996792,False,True,False,False,False,False,False,True,1791036656546,1791036794963,1791036796260,1297,0.1069652204004883,2.144641404478995
PAPER:MELANIAUSDT:1791036599999:SHORT,MELANIAUSDT,SHORT,0.11439277969808952,False,0.25,100,-2.823923833139723,-0.5647847666279447,False,-2.823923833139723,-0.5647847666279447,False,False,False,False,False,False,False,False,,,,,,0.0
PAPER:QNTUSDT:1791036599999:SHORT,QNTUSDT,SHORT,0.09206771523578838,False,0.25,100,-1.1304764324347885,-0.2260952864869577,False,-1.1304764324347885,-0.2260952864869577,False,False,False,False,False,False,False,False,,,,,,0.0
PAPER:1000000BOBUSDT:1791036899999:SHORT,1000000BOBUSDT,SHORT,0.20259244727284154,False,0.25,100,-0.9501900380075976,-0.19003800760151954,False,-0.9501900380075976,-0.19003800760151954,False,False,False,False,False,False,False,False,,,,,,0.0
PAPER:ZECUSDT:1791036899999:SHORT,ZECUSDT,SHORT,0.34743220879288866,False,0.25,100,-2.4871455712255535,-0.49742911424511066,True,0.013794666706006875,0.002758933341201375,True,True,False,False,False,False,False,True,1791037459580,1791037518581,1791037518729,148,0.2685301174697531,2.50094023793156
PAPER:VELVETUSDT:1791037199999:LONG,VELVETUSDT,LONG,0.16967139011807575,False,0.25,100,-2.5920327443301128,-0.5184065488660226,False,-2.5920327443301128,-0.5184065488660226,False,False,False,False,False,False,False,False,,,,,,0.0
PAPER:EVAAUSDT:1791037499999:LONG,EVAAUSDT,LONG,0.056646393986836685,False,0.25,100,-3.821169888291375,-0.7642339776582749,False,-3.821169888291375,-0.7642339776582749,False,False,False,False,False,False,False,False,,,,,,0.0
PAPER:ONEUSDT:1791037499999:LONG,ONEUSDT,LONG,0.24924997047268693,False,0.25,100,-6.076218006145115,-1.215243601229023,False,-6.076218006145115,-1.215243601229023,False,False,False,False,False,False,False,False,,,,,,0.0
PAPER:DEEPUSDT:1791037799999:LONG,DEEPUSDT,LONG,0.02104669378111268,False,0.25,100,-3.6150511995301473,-0.7230102399060295,False,-3.6150511995301473,-0.7230102399060295,False,False,False,False,False,False,False,False,,,,,,0.0
PAPER:OPUSDT:1791037799999:LONG,OPUSDT,LONG,0.26694344698652284,False,0.25,100,-2.0891271981087893,-0.4178254396217579,True,-0.5822883734387344,-0.11645767468774688,False,True,False,False,False,False,False,True,1791037924176,1791037928244,1791037928374,130,0.17129696439106,1.506838824670055
PAPER:DRIFTUSDT:1791037799999:LONG,DRIFTUSDT,LONG,0.13110727980347736,False,0.25,100,-3.088406569315816,-0.6176813138631632,False,-3.088406569315816,-0.6176813138631632,False,False,False,False,False,False,False,False,,,,,,0.0
PAPER:ORDIUSDT:1791037799999:LONG,ORDIUSDT,LONG,0.3061675616160109,False,0.25,100,-2.7963146550767375,-0.5592629310153475,True,-0.08086668877611941,-0.016173337755223883,False,True,False,False,False,False,False,True,1791039083811,1791039096860,1791039097075,215,0.1757021366496767,2.715447966300618
PAPER:SUPERUSDT:1791038099999:LONG,SUPERUSDT,LONG,0.6513379595819213,True,0.25,100,-3.4602375064787063,-0.6920475012957413,True,-0.12549057072814024,-0.02509811414562805,False,True,False,False,True,False,False,True,1791038218867,1791038218868,1791038219008,140,0.6513379595819316,3.334746935750566
PAPER:KAIAUSDT:1791038099999:LONG,KAIAUSDT,LONG,0.006629832488891374,False,0.25,100,-3.410360241533641,-0.6820720483067282,False,-3.410360241533641,-0.6820720483067282,False,False,False,False,False,False,False,False,,,,,,0.0
PAPER:1000CATUSDT:1791038699999:LONG,1000CATUSDT,LONG,0.4267421761402934,False,0.25,100,-0.838231577321695,-0.16764631546433897,True,0.16597456871457816,0.03319491374291563,True,True,False,False,False,False,False,True,1791039125585,1791039125988,1791039135783,9795,0.4267421761402879,1.0042061460362732
PAPER:USUSDT:1791038699999:SHORT,USUSDT,SHORT,0.48393229097455304,False,0.25,100,-0.7002546247073798,-0.14005092494147595,True,-0.08677679206127581,-0.017355358412255162,False,True,False,False,False,False,False,True,1791038766472,1791038842620,1791038842902,282,0.4566924914191514,0.6134778326461039
PAPER:哈基米USDT:1791038699999:SHORT,哈基米USDT,SHORT,0.10980781490497439,False,0.25,100,-0.6253521470030563,-0.12507042940061125,False,-0.6253521470030563,-0.12507042940061125,False,False,False,False,False,False,False,False,,,,,,0.0
PAPER:XMRUSDT:1791038699999:LONG,XMRUSDT,LONG,0.34497365381629397,False,0.25,100,-1.4191267554642937,-0.2838253510928587,True,0.03395000440056667,0.006790000880113335,True,True,False,False,False,False,False,True,1791039110202,1791039377860,1791039377996,136,0.3016109225747648,1.4530767598648604
PAPER:NEARUSDT:1791038999999:LONG,NEARUSDT,LONG,0.2154525207140212,False,0.25,100,-3.248598645182094,-0.6497197290364188,False,-3.248598645182094,-0.6497197290364188,False,False,False,False,False,False,False,False,,,,,,0.0
PAPER:RENDERUSDT:1791038999999:LONG,RENDERUSDT,LONG,0.3777364865167332,False,0.25,100,-2.564063511265951,-0.5128127022531902,True,0.04357671479134407,0.008715342958268814,True,True,False,False,False,False,False,True,1791040090048,1791040118071,1791040120625,2554,0.3777364865167244,2.607640226057295
PAPER:AEVOUSDT:1791039299999:LONG,AEVOUSDT,LONG,0.32084492192470115,False,0.25,100,-2.7469840170223327,-0.5493968034044666,True,-0.003928996397624118,-0.0007857992795248236,False,True,False,False,False,False,False,True,1791039462372,1791039571798,1791039574170,2372,0.20723128101652835,2.7430550206247086
PAPER:ONUSDT:1791039599999:SHORT,ONUSDT,SHORT,0.359578557077644,False,0.25,100,-0.4752610152011104,-0.09505220304022208,True,-0.47526101520117625,-0.09505220304023526,False,False,False,False,False,False,False,True,1791039637003,1791039637008,1791039638152,1144,0.16978727813873884,-6.583622536027178e-14
PAPER:XVGUSDT:1791039599999:LONG,XVGUSDT,LONG,0.07237850243317911,False,0.25,100,-3.6415072428999737,-0.7283014485799947,False,-3.6415072428999737,-0.7283014485799947,False,False,False,False,False,False,False,False,,,,,,0.0
PAPER:CUSDT:1791039899999:LONG,CUSDT,LONG,1.1357841017241022,True,0.25,100,-4.815485513170761,-0.9630971026341522,True,-1.8032708571875817,-0.3606541714375164,False,True,False,False,True,True,False,True,1791039956487,1791039956495,1791039956603,108,1.135784101724093,3.012214655983179
PAPER:龙虾USDT:1791039899999:SHORT,龙虾USDT,SHORT,0.0010972658666689283,False,0.25,100,-2.3230755803059737,-0.4646151160611947,False,-2.3230755803059737,-0.4646151160611947,False,False,False,False,False,False,False,False,,,,,,0.0
PAPER:PHAUSDT:1791039899999:SHORT,PHAUSDT,SHORT,0.5336391386070395,True,0.25,100,-1.3147750271102738,-0.26295500542205474,True,-0.2939370576227101,-0.058787411524542026,False,True,False,False,False,False,False,True,1791040049204,1791040049267,1791040049392,125,0.16940023110230443,1.0208379694875638
PAPER:MIRAUSDT:1791040199999:SHORT,MIRAUSDT,SHORT,0.13354810666604766,False,0.25,100,-1.3344350505103577,-0.26688701010207155,False,-1.3344350505103577,-0.26688701010207155,False,False,False,False,False,False,False,False,,,,,,0.0
PAPER:MEGAUSDT:1791040199999:LONG,MEGAUSDT,LONG,0.5974185977954738,True,0.25,100,-0.07597016259568207,-0.015194032519136414,True,-0.1273725082072369,-0.025474501641447378,False,False,False,True,False,False,False,True,1791040281087,1791040288504,1791040288606,102,0.350452758357344,-0.05140234561155482
PAPER:SANDUSDT:1791040499999:LONG,SANDUSDT,LONG,0.8209450237695926,True,0.25,100,1.3474539452734347,0.26949078905468693,True,0.42854835196715024,0.08570967039343004,True,False,True,True,True,False,False,True,1791040526052,1791040526053,1791040526188,135,0.8209450237695979,-0.9189055933062844
PAPER:BANUSDT:1791040499999:SHORT,BANUSDT,SHORT,0.05628890843004262,False,0.25,100,-3.0502385088000796,-0.6100477017600159,False,-3.0502385088000796,-0.6100477017600159,False,False,False,False,False,False,False,False,,,,,,0.0
PAPER:MORPHOUSDT:1791040799999:LONG,MORPHOUSDT,LONG,0.02861058304419739,False,0.25,100,-1.9210183355999124,-0.3842036671199825,False,-1.9210183355999124,-0.3842036671199825,False,False,False,False,False,False,False,False,,,,,,0.0
PAPER:BMTUSDT:1791040799999:LONG,BMTUSDT,LONG,0.302520141133078,False,0.25,100,-2.695113121192824,-0.5390226242385647,True,-2.8293672045159526,-0.5658734409031905,False,False,False,True,False,False,False,True,1791041233842,1791041235317,1791041235473,156,0.3025201411330761,-0.13425408332312871
PAPER:TAKEUSDT:1791041099999:LONG,TAKEUSDT,LONG,0.08721294956695047,False,0.25,100,-1.523598169842145,-0.304719633968429,False,-1.523598169842145,-0.304719633968429,False,False,False,False,False,False,False,False,,,,,,0.0
PAPER:SENTUSDT:1791041099999:SHORT,SENTUSDT,SHORT,0.025708980918666427,False,0.25,100,-3.3524018731991214,-0.6704803746398242,False,-3.3524018731991214,-0.6704803746398242,False,False,False,False,False,False,False,False,,,,,,0.0
PAPER:TAKEUSDT:1791041399999:LONG,TAKEUSDT,LONG,0.17738289851521039,False,0.25,100,-2.2391385466262355,-0.4478277093252471,False,-2.2391385466262355,-0.4478277093252471,False,False,False,False,False,False,False,False,,,,,,0.0
PAPER:PHAROSUSDT:1791041999999:LONG,PHAROSUSDT,LONG,0.1184037832522078,False,0.25,100,-2.747298263215607,-0.5494596526431214,False,-2.747298263215607,-0.5494596526431214,False,False,False,False,False,False,False,False,,,,,,0.0
PAPER:AVAAIUSDT:1791042299999:LONG,AVAAIUSDT,LONG,0.5843370032250439,True,0.25,100,-1.8501523740850172,-0.37003047481700346,True,-0.7909260963289271,-0.1581852192657854,False,True,False,False,False,False,False,True,1791042458348,1791042471363,1791042471747,384,0.06482266643173494,1.0592262777560901
PAPER:INXUSDT:1791042299999:LONG,INXUSDT,LONG,0.5111944571072558,True,0.25,100,-0.949810037992343,-0.1899620075984686,True,0.4598244015484583,0.09196488030969165,True,True,False,False,True,False,False,True,1791042341949,1791042345100,1791042345675,575,0.5111944571072548,1.4096344395408011
PAPER:CYSUSDT:1791042299999:SHORT,CYSUSDT,SHORT,0.04109557403234674,False,0.25,100,-2.4791307528456885,-0.4958261505691377,False,-2.4791307528456885,-0.4958261505691377,False,False,False,False,False,False,False,False,,,,,,0.0
PAPER:AKTUSDT:1791043199999:LONG,AKTUSDT,LONG,0.09885095789161635,False,0.25,100,-3.5100134635034834,-0.7020026927006967,False,-3.5100134635034834,-0.7020026927006967,False,False,False,False,False,False,False,False,,,,,,0.0
PAPER:AIOUSDT:1791043499999:LONG,AIOUSDT,LONG,0.3392750607989381,False,0.25,100,-0.05248551804010343,-0.010497103608020685,False,-0.05248551804010343,-0.010497103608020685,False,False,False,False,False,False,False,True,1791043561955,,,,,0.0
PAPER:TAKEUSDT:1791030299999:LONG,TAKEUSDT,LONG,0.20078003326780003,False,0.25,250,-4.179531297998999,-0.8359062595997998,False,-4.179531297998999,-0.8359062595997998,False,False,False,False,False,False,False,False,,,,,,0.0
PAPER:C98USDT:1791030299999:SHORT,C98USDT,SHORT,0.5325927063865858,True,0.25,250,-0.33561030806532705,-0.06712206161306541,True,-0.33561030806532705,-0.06712206161306541,False,False,False,False,True,False,False,True,1791030865905,1791030865908,1791030868175,2267,0.5325927063865858,0.0
PAPER:RAYSOLUSDT:1791030299999:LONG,RAYSOLUSDT,LONG,0.3865045416249213,False,0.25,250,-4.294281797041444,-0.8588563594082889,True,-0.2092484342028066,-0.04184968684056132,False,True,False,False,False,False,False,True,1791030404484,1791030426836,1791030427086,250,0.38650454162492903,4.0850333628386375
PAPER:MASKUSDT:1791030299999:SHORT,MASKUSDT,SHORT,0.4782276505114329,False,0.25,250,-0.6904478264892522,-0.13808956529785044,True,0.1926756926728445,0.0385351385345689,True,True,False,False,False,False,False,True,1791030583235,1791030613051,1791030622785,9734,0.4782276505114329,0.8831235191620967
PAPER:2ZUSDT:1791030599999:SHORT,2ZUSDT,SHORT,0.04643975739345436,False,0.25,250,-3.1670863623565806,-0.6334172724713161,False,-3.1670863623565806,-0.6334172724713161,False,False,False,False,False,False,False,False,,,,,,0.0
PAPER:ARKUSDT:1791030599999:LONG,ARKUSDT,LONG,0.11126877469145313,False,0.25,250,-0.9498100379923222,-0.18996200759846446,False,-0.9498100379923222,-0.18996200759846446,False,False,False,False,False,False,False,False,,,,,,0.0
PAPER:ICPUSDT:1791030599999:SHORT,ICPUSDT,SHORT,0.13297856879422754,False,0.25,250,-2.251777408861963,-0.45035548177239265,False,-2.251777408861963,-0.45035548177239265,False,False,False,False,False,False,False,False,,,,,,0.0
PAPER:ALCHUSDT:1791030599999:SHORT,ALCHUSDT,SHORT,0.040601939818374046,False,0.25,250,-3.073413425363308,-0.6146826850726615,False,-3.073413425363308,-0.6146826850726615,False,False,False,False,False,False,False,False,,,,,,0.0
PAPER:1000SATSUSDT:1791030599999:SHORT,1000SATSUSDT,SHORT,0.14356100983075173,False,0.25,250,-2.382743729857922,-0.4765487459715844,False,-2.382743729857922,-0.4765487459715844,False,False,False,False,False,False,False,False,,,,,,0.0
PAPER:SPXUSDT:1791030599999:SHORT,SPXUSDT,SHORT,0.3946344312621141,False,0.25,250,-3.082995430845726,-0.6165990861691453,True,-0.1431825920688441,-0.028636518413768818,False,True,False,False,False,False,False,True,1791031369768,1791031505552,1791031512470,6918,0.3946344312621141,2.939812838776882
PAPER:BERAUSDT:1791030599999:SHORT,BERAUSDT,SHORT,0.02415494136355687,False,0.25,250,-2.7182260293118015,-0.5436452058623603,False,-2.7182260293118015,-0.5436452058623603,False,False,False,False,False,False,False,False,,,,,,0.0
PAPER:CLOUSDT:1791030599999:SHORT,CLOUSDT,SHORT,0.562071677187042,True,0.25,250,0.020857857313486106,0.0041715714626972215,False,0.020857857313486106,0.0041715714626972215,True,False,False,False,False,False,False,True,1791030681645,,,,,0.0
PAPER:RONINUSDT:1791030599999:SHORT,RONINUSDT,SHORT,0.4201447269727042,False,0.25,250,-0.9881699462047233,-0.19763398924094466,True,-0.1905918740652291,-0.03811837481304582,False,True,False,False,False,False,False,True,1791031302022,1791031515790,1791031534197,18407,0.17730404958078655,0.7975780721394943
PAPER:BABYUSDT:1791030599999:SHORT,BABYUSDT,SHORT,0.13108361853639602,False,0.25,250,-2.4625017903882367,-0.4925003580776473,False,-2.4625017903882367,-0.4925003580776473,False,False,False,False,False,False,False,False,,,,,,0.0
PAPER:LQTYUSDT:1791030599999:SHORT,LQTYUSDT,SHORT,0.23922711108097128,False,0.25,250,-1.1664212216092822,-0.23328424432185646,False,-1.1664212216092822,-0.23328424432185646,False,False,False,False,False,False,False,False,,,,,,0.0
PAPER:ELSAUSDT:1791030599999:SHORT,ELSAUSDT,SHORT,0.09292788177507333,False,0.25,250,-2.8341764513986663,-0.5668352902797332,False,-2.8341764513986663,-0.5668352902797332,False,False,False,False,False,False,False,False,,,,,,0.0
PAPER:LYNUSDT:1791030899999:SHORT,LYNUSDT,SHORT,0.4910471145324048,False,0.25,250,-0.2194233372221207,-0.04388466744442414,False,-0.2194233372221207,-0.04388466744442414,False,False,False,False,False,False,False,True,1791030952358,,,,,0.0
PAPER:CUSDT:1791030899999:LONG,CUSDT,LONG,0.5052576067934522,True,0.25,250,-4.734098707132696,-0.9468197414265391,True,-0.34432385093001144,-0.06886477018600229,False,True,False,False,False,False,False,True,1791031009256,1791031009268,1791031009536,268,0.19212564842052743,4.389774856202685
PAPER:BATUSDT:1791030899999:SHORT,BATUSDT,SHORT,0.06560207944017078,False,0.25,250,-3.5743672405177547,-0.7148734481035509,False,-3.5743672405177547,-0.7148734481035509,False,False,False,False,False,False,False,False,,,,,,0.0
PAPER:SOLVUSDT:1791030899999:SHORT,SOLVUSDT,SHORT,0.09791630573226773,False,0.25,250,-0.3600282954492119,-0.07200565908984238,False,-0.3600282954492119,-0.07200565908984238,False,False,False,False,False,False,False,False,,,,,,0.0
PAPER:SOONUSDT:1791031199999:LONG,SOONUSDT,LONG,0.43180093380581486,False,0.25,250,-0.8170548040842363,-0.16341096081684725,True,-0.5515443362682518,-0.11030886725365036,False,True,False,False,False,False,False,True,1791031298181,1791031302721,1791031303116,395,0.1394617408256968,0.2655104678159844
PAPER:GUAUSDT:1791031199999:SHORT,GUAUSDT,SHORT,0.09482952847747854,False,0.25,250,-2.3151338684784952,-0.46302677369569906,False,-2.3151338684784952,-0.46302677369569906,False,False,False,False,False,False,False,False,,,,,,0.0
PAPER:WAXPUSDT:1791031199999:SHORT,WAXPUSDT,SHORT,0.15796753656780602,False,0.25,250,-2.1242987820307544,-0.42485975640615087,False,-2.1242987820307544,-0.42485975640615087,False,False,False,False,False,False,False,False,,,,,,0.0
PAPER:XVGUSDT:1791031199999:SHORT,XVGUSDT,SHORT,0.2963147974313368,False,0.25,250,-2.770751292099085,-0.5541502584198169,True,-0.15864166666351745,-0.03172833333270349,False,True,False,False,False,False,False,True,1791031440025,1791031469446,1791031503586,34140,0.20141915796188806,2.6121096254355676
PAPER:BLUAIUSDT:1791031199999:SHORT,BLUAIUSDT,SHORT,0.4188883317460625,False,0.25,250,-5.699480266072115,-1.1398960532144229,True,0.5339631582626729,0.10679263165253458,True,True,False,False,False,False,False,True,1791031322929,1791031322932,1791031325173,2241,0.4188883317460625,6.233443424334788
PAPER:NILUSDT:1791031199999:LONG,NILUSDT,LONG,0.22971618806590932,False,0.25,250,-2.7020749171407723,-0.5404149834281544,False,-2.7020749171407723,-0.5404149834281544,False,False,False,False,False,False,False,False,,,,,,0.0
PAPER:LDOUSDT:1791031199999:SHORT,LDOUSDT,SHORT,0.4188727170620659,False,0.25,250,-4.903833487188899,-0.9807666974377798,True,0.038220824287734434,0.007644164857546887,True,True,False,False,False,False,False,True,1791031368230,1791031413660,1791031416872,3212,0.4188727170620659,4.9420543114766335
PAPER:ONUSDT:1791031499999:SHORT,ONUSDT,SHORT,0.1664265751566015,False,0.25,250,-2.3497478852713356,-0.46994957705426715,False,-2.3497478852713356,-0.46994957705426715,False,False,False,False,False,False,False,False,,,,,,0.0
PAPER:CVCUSDT:1791031499999:SHORT,CVCUSDT,SHORT,0.15044590376835515,False,0.25,250,-2.485696755915584,-0.4971393511831168,False,-2.485696755915584,-0.4971393511831168,False,False,False,False,False,False,False,False,,,,,,0.0
PAPER:FOGOUSDT:1791031499999:SHORT,FOGOUSDT,SHORT,0.057127292047956295,False,0.25,250,-3.4110859982869592,-0.6822171996573918,False,-3.4110859982869592,-0.6822171996573918,False,False,False,False,False,False,False,False,,,,,,0.0
PAPER:MUSDT:1791031499999:SHORT,MUSDT,SHORT,0.1562427022849482,False,0.25,250,-1.0481979068353748,-0.20963958136707497,False,-1.0481979068353748,-0.20963958136707497,False,False,False,False,False,False,False,False,,,,,,0.0
PAPER:TRUTHUSDT:1791031799999:SHORT,TRUTHUSDT,SHORT,0.04259979890824061,False,0.25,250,-1.8553263437999297,-0.37106526875998597,False,-1.8553263437999297,-0.37106526875998597,False,False,False,False,False,False,False,False,,,,,,0.0
PAPER:MEWUSDT:1791031799999:LONG,MEWUSDT,LONG,0.20671602640922604,False,0.25,250,-2.9316560299051333,-0.5863312059810266,False,-2.9316560299051333,-0.5863312059810266,False,False,False,False,False,False,False,False,,,,,,0.0
PAPER:ATHUSDT:1791032399999:LONG,ATHUSDT,LONG,0.9362862664506144,True,0.25,250,-1.4344200088454728,-0.28688400176909457,True,-0.11905008795860116,-0.02381001759172023,False,True,False,False,True,False,False,True,1791032643445,1791032645031,1791032645385,354,0.9362862664506227,1.3153699208868717
PAPER:PARTIUSDT:1791032699999:LONG,PARTIUSDT,LONG,0.12131849248524507,False,0.25,250,-1.6557113665605714,-0.3311422733121143,False,-1.6557113665605714,-0.3311422733121143,False,False,False,False,False,False,False,False,,,,,,0.0
PAPER:SCRUSDT:1791032699999:SHORT,SCRUSDT,SHORT,0.17458744667221668,False,0.25,250,-4.748328639463314,-0.9496657278926629,False,-4.748328639463314,-0.9496657278926629,False,False,False,False,False,False,False,False,,,,,,0.0
PAPER:FLUIDUSDT:1791032699999:LONG,FLUIDUSDT,LONG,0.40288014904572567,False,0.25,250,-1.5533450107561027,-0.3106690021512205,True,0.25725990753518857,0.05145198150703772,True,True,False,False,False,False,False,True,1791032784035,1791032795054,1791032828390,33336,0.4028801490457218,1.810604918291291
PAPER:BRUSDT:1791032999999:SHORT,BRUSDT,SHORT,0.27254947442767047,False,0.25,250,-1.4411649157048976,-0.2882329831409795,True,-0.10851881909796196,-0.02170376381959239,False,True,False,False,False,False,False,True,1791033050728,1791033051097,1791033051349,252,0.1761995274963559,1.3326460966069356
PAPER:TAKEUSDT:1791032999999:LONG,TAKEUSDT,LONG,0.1981648558068816,False,0.25,250,-4.45263633915979,-0.890527267831958,False,-4.45263633915979,-0.890527267831958,False,False,False,False,False,False,False,False,,,,,,0.0
PAPER:AVAUSDT:1791032999999:LONG,AVAUSDT,LONG,0.052532112366043826,False,0.25,250,-3.304734763964892,-0.6609469527929784,False,-3.304734763964892,-0.6609469527929784,False,False,False,False,False,False,False,False,,,,,,0.0
PAPER:GTCUSDT:1791032999999:LONG,GTCUSDT,LONG,0.5910414075610326,True,0.25,250,-5.389497416018015,-1.077899483203603,True,0.16011180651398932,0.03202236130279786,True,True,False,False,False,False,False,True,1791033054377,1791033062408,1791033062663,255,0.2498127249698905,5.549609222532005
PAPER:KSMUSDT:1791032999999:LONG,KSMUSDT,LONG,0.0557320840319786,False,0.25,250,-3.0776393835983287,-0.6155278767196658,False,-3.0776393835983287,-0.6155278767196658,False,False,False,False,False,False,False,False,,,,,,0.0
PAPER:ARKMUSDT:1791033599999:SHORT,ARKMUSDT,SHORT,0.056405475136281816,False,0.25,250,-2.8622419480075423,-0.5724483896015085,False,-2.8622419480075423,-0.5724483896015085,False,False,False,False,False,False,False,False,,,,,,0.0
PAPER:POWERUSDT:1791033599999:SHORT,POWERUSDT,SHORT,0.1333104729659478,False,0.25,250,-3.2520922207080236,-0.6504184441416047,False,-3.2520922207080236,-0.6504184441416047,False,False,False,False,False,False,False,False,,,,,,0.0
PAPER:IOUSDT:1791033599999:LONG,IOUSDT,LONG,0.04360451065001936,False,0.25,250,-3.8091145606756855,-0.7618229121351371,False,-3.8091145606756855,-0.7618229121351371,False,False,False,False,False,False,False,False,,,,,,0.0
PAPER:TRADOORUSDT:1791033899999:SHORT,TRADOORUSDT,SHORT,0.037861202555832515,False,0.25,250,-6.7422084359017616,-1.3484416871803524,False,-6.7422084359017616,-1.3484416871803524,False,False,False,False,False,False,False,False,,,,,,0.0
PAPER:LITUSDT:1791033899999:SHORT,LITUSDT,SHORT,0.5614579357694294,True,0.25,250,-1.1427683363038064,-0.22855366726076126,True,-0.02296119435905725,-0.00459223887181145,False,True,False,False,True,False,False,True,1791035288027,1791035295394,1791035295723,329,0.5614579357694294,1.119807141944749
PAPER:GLMUSDT:1791033899999:LONG,GLMUSDT,LONG,0.41155018572360813,False,0.25,250,-1.5272247018917282,-0.30544494037834563,True,-0.44938399594615946,-0.08987679918923189,False,True,False,False,False,False,False,True,1791034020530,1791034032639,1791034033324,685,0.411550185723613,1.0778407059455688
PAPER:PORTALUSDT:1791033899999:LONG,PORTALUSDT,LONG,0.2034230025503403,False,0.25,250,-2.4843567110599034,-0.49687134221198065,False,-2.4843567110599034,-0.49687134221198065,False,False,False,False,False,False,False,False,,,,,,0.0
PAPER:PROMPTUSDT:1791033899999:LONG,PROMPTUSDT,LONG,0.02804821063659979,False,0.25,250,-0.9498100379923309,-0.18996200759846618,False,-0.9498100379923309,-0.18996200759846618,False,False,False,False,False,False,False,False,,,,,,0.0
PAPER:MAGMAUSDT:1791033899999:SHORT,MAGMAUSDT,SHORT,0.11747463534199344,False,0.25,250,-1.6167348982446283,-0.32334697964892567,False,-1.6167348982446283,-0.32334697964892567,False,False,False,False,False,False,False,False,,,,,,0.0
PAPER:SYRUPUSDT:1791034499999:LONG,SYRUPUSDT,LONG,0.3365032121780853,False,0.25,250,-1.7301618973079922,-0.3460323794615984,True,-0.029395024440531214,-0.005879004888106243,False,True,False,False,False,False,False,True,1791034856569,1791034859943,1791034860354,411,0.3365032121780856,1.700766872867461
PAPER:SOPHUSDT:1791034799999:LONG,SOPHUSDT,LONG,0.032486940932008324,False,0.25,250,-1.0808927650165776,-0.21617855300331554,False,-1.0808927650165776,-0.21617855300331554,False,False,False,False,False,False,False,False,,,,,,0.0
PAPER:TRBUSDT:1791034799999:LONG,TRBUSDT,LONG,0.17249534305692205,False,0.25,250,-1.1180799807020212,-0.22361599614040423,False,-1.1180799807020212,-0.22361599614040423,False,False,False,False,False,False,False,False,,,,,,0.0
PAPER:BRETTUSDT:1791034799999:LONG,BRETTUSDT,LONG,0.013901271279914695,False,0.25,250,-2.8970518364541604,-0.5794103672908321,False,-2.8970518364541604,-0.5794103672908321,False,False,False,False,False,False,False,False,,,,,,0.0
PAPER:HANAUSDT:1791034799999:SHORT,HANAUSDT,SHORT,0.39639901335803707,False,0.25,250,-4.076179984123353,-0.8152359968246706,True,-0.5333913785255111,-0.10667827570510223,False,True,False,False,False,False,False,True,1791035379027,1791035403440,1791035408172,4732,0.39639901335803707,3.542788605597842
PAPER:COOKIEUSDT:1791034799999:LONG,COOKIEUSDT,LONG,0.02588041584095091,False,0.25,250,-3.432422254842399,-0.6864844509684798,False,-3.432422254842399,-0.6864844509684798,False,False,False,False,False,False,False,False,,,,,,0.0
PAPER:BLURUSDT:1791035099999:LONG,BLURUSDT,LONG,0.026898935409902514,False,0.25,250,-2.1210698643572643,-0.4242139728714529,False,-2.1210698643572643,-0.4242139728714529,False,False,False,False,False,False,False,False,,,,,,0.0
PAPER:GTCUSDT:1791035399999:LONG,GTCUSDT,LONG,0.1905703102749179,False,0.25,250,0.06306476224254054,0.012612952448508108,False,0.06306476224254054,0.012612952448508108,True,False,False,False,False,False,False,False,,,,,,0.0
PAPER:BIOUSDT:1791035399999:LONG,BIOUSDT,LONG,0.04403217979522811,False,0.25,250,-2.7089125322549616,-0.5417825064509922,False,-2.7089125322549616,-0.5417825064509922,False,False,False,False,False,False,False,False,,,,,,0.0
PAPER:NILUSDT:1791035699999:SHORT,NILUSDT,SHORT,0.2057747892693691,False,0.25,250,-1.6043812094959564,-0.3208762418991913,False,-1.6043812094959564,-0.3208762418991913,False,False,False,False,False,False,False,False,,,,,,0.0
PAPER:PARTIUSDT:1791035699999:LONG,PARTIUSDT,LONG,0.38892017097602594,False,0.25,250,-0.4391503345547632,-0.08783006691095264,True,-0.09871053226304322,-0.01974210645260864,False,True,False,False,False,False,False,True,1791035727868,1791035728903,1791035729369,466,0.15038573744010164,0.34043980229172
PAPER:SIGNUSDT:1791035999999:LONG,SIGNUSDT,LONG,0.020325020332290222,False,0.25,250,-2.903522065186805,-0.580704413037361,False,-2.903522065186805,-0.580704413037361,False,False,False,False,False,False,False,False,,,,,,0.0
PAPER:FHEUSDT:1791035999999:LONG,FHEUSDT,LONG,0.07019795860405686,False,0.25,250,-1.0624453988318034,-0.2124890797663607,False,-1.0624453988318034,-0.2124890797663607,False,False,False,False,False,False,False,False,,,,,,0.0
PAPER:ENJUSDT:1791035999999:LONG,ENJUSDT,LONG,0.09842864118914108,False,0.25,250,-0.5061394517069918,-0.10122789034139837,False,-0.5061394517069918,-0.10122789034139837,False,False,False,False,False,False,False,False,,,,,,0.0
PAPER:CHILLGUYUSDT:1791036299999:SHORT,CHILLGUYUSDT,SHORT,0.29671056237814813,False,0.25,250,-1.6460776979307021,-0.3292155395861404,True,-0.21564195253322527,-0.043128390506645055,False,True,False,False,False,False,False,True,1791036399784,1791036434322,1791036442552,8230,0.2349125988311653,1.4304357453974768
PAPER:ZAMAUSDT:1791036299999:LONG,ZAMAUSDT,LONG,0.05344670536999718,False,0.25,250,-2.7535616422870577,-0.5507123284574116,False,-2.7535616422870577,-0.5507123284574116,False,False,False,False,False,False,False,False,,,,,,0.0
PAPER:MTLUSDT:1791036299999:SHORT,MTLUSDT,SHORT,0.392645968101903,False,0.25,250,-2.9359691162288346,-0.5871938232457669,True,-0.7913277117498396,-0.15826554234996792,False,True,False,False,False,False,False,True,1791036656546,1791036794963,1791036796260,1297,0.1069652204004883,2.144641404478995
PAPER:MELANIAUSDT:1791036599999:SHORT,MELANIAUSDT,SHORT,0.11439277969808952,False,0.25,250,-2.823923833139723,-0.5647847666279447,False,-2.823923833139723,-0.5647847666279447,False,False,False,False,False,False,False,False,,,,,,0.0
PAPER:QNTUSDT:1791036599999:SHORT,QNTUSDT,SHORT,0.09206771523578838,False,0.25,250,-1.1304764324347885,-0.2260952864869577,False,-1.1304764324347885,-0.2260952864869577,False,False,False,False,False,False,False,False,,,,,,0.0
PAPER:1000000BOBUSDT:1791036899999:SHORT,1000000BOBUSDT,SHORT,0.20259244727284154,False,0.25,250,-0.9501900380075976,-0.19003800760151954,False,-0.9501900380075976,-0.19003800760151954,False,False,False,False,False,False,False,False,,,,,,0.0
PAPER:ZECUSDT:1791036899999:SHORT,ZECUSDT,SHORT,0.34743220879288866,False,0.25,250,-2.4871455712255535,-0.49742911424511066,True,0.01766609122292323,0.0035332182445846462,True,True,False,False,False,False,False,True,1791037459580,1791037518581,1791037519542,961,0.2685301174697531,2.5048116624484766
PAPER:VELVETUSDT:1791037199999:LONG,VELVETUSDT,LONG,0.16967139011807575,False,0.25,250,-2.5920327443301128,-0.5184065488660226,False,-2.5920327443301128,-0.5184065488660226,False,False,False,False,False,False,False,False,,,,,,0.0
PAPER:EVAAUSDT:1791037499999:LONG,EVAAUSDT,LONG,0.056646393986836685,False,0.25,250,-3.821169888291375,-0.7642339776582749,False,-3.821169888291375,-0.7642339776582749,False,False,False,False,False,False,False,False,,,,,,0.0
PAPER:ONEUSDT:1791037499999:LONG,ONEUSDT,LONG,0.24924997047268693,False,0.25,250,-6.076218006145115,-1.215243601229023,False,-6.076218006145115,-1.215243601229023,False,False,False,False,False,False,False,False,,,,,,0.0
PAPER:DEEPUSDT:1791037799999:LONG,DEEPUSDT,LONG,0.02104669378111268,False,0.25,250,-3.6150511995301473,-0.7230102399060295,False,-3.6150511995301473,-0.7230102399060295,False,False,False,False,False,False,False,False,,,,,,0.0
PAPER:OPUSDT:1791037799999:LONG,OPUSDT,LONG,0.26694344698652284,False,0.25,250,-2.0891271981087893,-0.4178254396217579,True,-0.9498100379923193,-0.18996200759846385,False,True,False,False,False,False,False,True,1791037924176,1791037928244,1791037928576,332,0.17129696439106,1.13931716011647
PAPER:DRIFTUSDT:1791037799999:LONG,DRIFTUSDT,LONG,0.13110727980347736,False,0.25,250,-3.088406569315816,-0.6176813138631632,False,-3.088406569315816,-0.6176813138631632,False,False,False,False,False,False,False,False,,,,,,0.0
PAPER:ORDIUSDT:1791037799999:LONG,ORDIUSDT,LONG,0.3061675616160109,False,0.25,250,-2.7963146550767375,-0.5592629310153475,True,0.027751229875880242,0.005550245975176049,True,True,False,False,False,False,False,True,1791039083811,1791039096860,1791039098079,1219,0.1757021366496767,2.824065884952618
PAPER:SUPERUSDT:1791038099999:LONG,SUPERUSDT,LONG,0.6513379595819213,True,0.25,250,-3.4602375064787063,-0.6920475012957413,True,-0.3690395042379669,-0.07380790084759338,False,True,False,False,True,False,False,True,1791038218867,1791038218868,1791038219343,475,0.6513379595819316,3.0911980022407395
PAPER:KAIAUSDT:1791038099999:LONG,KAIAUSDT,LONG,0.006629832488891374,False,0.25,250,-3.410360241533641,-0.6820720483067282,False,-3.410360241533641,-0.6820720483067282,False,False,False,False,False,False,False,False,,,,,,0.0
PAPER:1000CATUSDT:1791038699999:LONG,1000CATUSDT,LONG,0.4267421761402934,False,0.25,250,-0.838231577321695,-0.16764631546433897,True,0.16597456871457816,0.03319491374291563,True,True,False,False,False,False,False,True,1791039125585,1791039125988,1791039135783,9795,0.4267421761402879,1.0042061460362732
PAPER:USUSDT:1791038699999:SHORT,USUSDT,SHORT,0.48393229097455304,False,0.25,250,-0.7002546247073798,-0.14005092494147595,True,-0.08677679206127581,-0.017355358412255162,False,True,False,False,False,False,False,True,1791038766472,1791038842620,1791038842902,282,0.4566924914191514,0.6134778326461039
PAPER:哈基米USDT:1791038699999:SHORT,哈基米USDT,SHORT,0.10980781490497439,False,0.25,250,-0.6253521470030563,-0.12507042940061125,False,-0.6253521470030563,-0.12507042940061125,False,False,False,False,False,False,False,False,,,,,,0.0
PAPER:XMRUSDT:1791038699999:LONG,XMRUSDT,LONG,0.34497365381629397,False,0.25,250,-1.4191267554642937,-0.2838253510928587,True,0.042975325890406924,0.008595065178081384,True,True,False,False,False,False,False,True,1791039110202,1791039377860,1791039378344,484,0.3016109225747648,1.4621020813547005
PAPER:NEARUSDT:1791038999999:LONG,NEARUSDT,LONG,0.2154525207140212,False,0.25,250,-3.248598645182094,-0.6497197290364188,False,-3.248598645182094,-0.6497197290364188,False,False,False,False,False,False,False,False,,,,,,0.0
PAPER:RENDERUSDT:1791038999999:LONG,RENDERUSDT,LONG,0.3777364865167332,False,0.25,250,-2.564063511265951,-0.5128127022531902,True,0.04357671479134407,0.008715342958268814,True,True,False,False,False,False,False,True,1791040090048,1791040118071,1791040120625,2554,0.3777364865167244,2.607640226057295
PAPER:AEVOUSDT:1791039299999:LONG,AEVOUSDT,LONG,0.32084492192470115,False,0.25,250,-2.7469840170223327,-0.5493968034044666,True,-0.003928996397624118,-0.0007857992795248236,False,True,False,False,False,False,False,True,1791039462372,1791039571798,1791039574170,2372,0.20723128101652835,2.7430550206247086
PAPER:ONUSDT:1791039599999:SHORT,ONUSDT,SHORT,0.359578557077644,False,0.25,250,-0.4752610152011104,-0.09505220304022208,True,-0.47526101520117625,-0.09505220304023526,False,False,False,False,False,False,False,True,1791039637003,1791039637008,1791039638152,1144,0.16978727813873884,-6.583622536027178e-14
PAPER:XVGUSDT:1791039599999:LONG,XVGUSDT,LONG,0.07237850243317911,False,0.25,250,-3.6415072428999737,-0.7283014485799947,False,-3.6415072428999737,-0.7283014485799947,False,False,False,False,False,False,False,False,,,,,,0.0
PAPER:CUSDT:1791039899999:LONG,CUSDT,LONG,1.1357841017241022,True,0.25,250,-4.815485513170761,-0.9630971026341522,True,-2.405713788384183,-0.48114275767683656,False,True,False,False,True,True,False,True,1791039956487,1791039956495,1791039956836,341,1.135784101724093,2.409771724786578
PAPER:龙虾USDT:1791039899999:SHORT,龙虾USDT,SHORT,0.0010972658666689283,False,0.25,250,-2.3230755803059737,-0.4646151160611947,False,-2.3230755803059737,-0.4646151160611947,False,False,False,False,False,False,False,False,,,,,,0.0
PAPER:PHAUSDT:1791039899999:SHORT,PHAUSDT,SHORT,0.5336391386070395,True,0.25,250,-1.3147750271102738,-0.26295500542205474,True,-0.43977105326381954,-0.0879542106527639,False,True,False,False,False,False,False,True,1791040049204,1791040049267,1791040050365,1098,0.16940023110230443,0.8750039738464543
PAPER:MIRAUSDT:1791040199999:SHORT,MIRAUSDT,SHORT,0.13354810666604766,False,0.25,250,-1.3344350505103577,-0.26688701010207155,False,-1.3344350505103577,-0.26688701010207155,False,False,False,False,False,False,False,False,,,,,,0.0
PAPER:MEGAUSDT:1791040199999:LONG,MEGAUSDT,LONG,0.5974185977954738,True,0.25,250,-0.07597016259568207,-0.015194032519136414,True,-0.1273725082072369,-0.025474501641447378,False,False,False,True,False,False,False,True,1791040281087,1791040288504,1791040288772,268,0.350452758357344,-0.05140234561155482
PAPER:SANDUSDT:1791040499999:LONG,SANDUSDT,LONG,0.8209450237695926,True,0.25,250,1.3474539452734347,0.26949078905468693,True,0.3629122381594803,0.07258244763189606,True,False,True,True,True,False,False,True,1791040526052,1791040526053,1791040526306,253,0.8209450237695979,-0.9845417071139544
PAPER:BANUSDT:1791040499999:SHORT,BANUSDT,SHORT,0.05628890843004262,False,0.25,250,-3.0502385088000796,-0.6100477017600159,False,-3.0502385088000796,-0.6100477017600159,False,False,False,False,False,False,False,False,,,,,,0.0
PAPER:MORPHOUSDT:1791040799999:LONG,MORPHOUSDT,LONG,0.02861058304419739,False,0.25,250,-1.9210183355999124,-0.3842036671199825,False,-1.9210183355999124,-0.3842036671199825,False,False,False,False,False,False,False,False,,,,,,0.0
PAPER:BMTUSDT:1791040799999:LONG,BMTUSDT,LONG,0.302520141133078,False,0.25,250,-2.695113121192824,-0.5390226242385647,True,-2.8293672045159526,-0.5658734409031905,False,False,False,True,False,False,False,True,1791041233842,1791041235317,1791041235586,269,0.3025201411330761,-0.13425408332312871
PAPER:TAKEUSDT:1791041099999:LONG,TAKEUSDT,LONG,0.08721294956695047,False,0.25,250,-1.523598169842145,-0.304719633968429,False,-1.523598169842145,-0.304719633968429,False,False,False,False,False,False,False,False,,,,,,0.0
PAPER:SENTUSDT:1791041099999:SHORT,SENTUSDT,SHORT,0.025708980918666427,False,0.25,250,-3.3524018731991214,-0.6704803746398242,False,-3.3524018731991214,-0.6704803746398242,False,False,False,False,False,False,False,False,,,,,,0.0
PAPER:TAKEUSDT:1791041399999:LONG,TAKEUSDT,LONG,0.17738289851521039,False,0.25,250,-2.2391385466262355,-0.4478277093252471,False,-2.2391385466262355,-0.4478277093252471,False,False,False,False,False,False,False,False,,,,,,0.0
PAPER:PHAROSUSDT:1791041999999:LONG,PHAROSUSDT,LONG,0.1184037832522078,False,0.25,250,-2.747298263215607,-0.5494596526431214,False,-2.747298263215607,-0.5494596526431214,False,False,False,False,False,False,False,False,,,,,,0.0
PAPER:AVAAIUSDT:1791042299999:LONG,AVAAIUSDT,LONG,0.5843370032250439,True,0.25,250,-1.8501523740850172,-0.37003047481700346,True,-0.7909260963289271,-0.1581852192657854,False,True,False,False,False,False,False,True,1791042458348,1791042471363,1791042471747,384,0.06482266643173494,1.0592262777560901
PAPER:INXUSDT:1791042299999:LONG,INXUSDT,LONG,0.5111944571072558,True,0.25,250,-0.949810037992343,-0.1899620075984686,True,0.4598244015484583,0.09196488030969165,True,True,False,False,True,False,False,True,1791042341949,1791042345100,1791042345675,575,0.5111944571072548,1.4096344395408011
PAPER:CYSUSDT:1791042299999:SHORT,CYSUSDT,SHORT,0.04109557403234674,False,0.25,250,-2.4791307528456885,-0.4958261505691377,False,-2.4791307528456885,-0.4958261505691377,False,False,False,False,False,False,False,False,,,,,,0.0
PAPER:AKTUSDT:1791043199999:LONG,AKTUSDT,LONG,0.09885095789161635,False,0.25,250,-3.5100134635034834,-0.7020026927006967,False,-3.5100134635034834,-0.7020026927006967,False,False,False,False,False,False,False,False,,,,,,0.0
PAPER:AIOUSDT:1791043499999:LONG,AIOUSDT,LONG,0.3392750607989381,False,0.25,250,-0.05248551804010343,-0.010497103608020685,False,-0.05248551804010343,-0.010497103608020685,False,False,False,False,False,False,False,True,1791043561955,,,,,0.0
PAPER:TAKEUSDT:1791030299999:LONG,TAKEUSDT,LONG,0.20078003326780003,False,0.25,500,-4.179531297998999,-0.8359062595997998,False,-4.179531297998999,-0.8359062595997998,False,False,False,False,False,False,False,False,,,,,,0.0
PAPER:C98USDT:1791030299999:SHORT,C98USDT,SHORT,0.5325927063865858,True,0.25,500,-0.33561030806532705,-0.06712206161306541,True,-0.33561030806532705,-0.06712206161306541,False,False,False,False,True,False,False,True,1791030865905,1791030865908,1791030868175,2267,0.5325927063865858,0.0
PAPER:RAYSOLUSDT:1791030299999:LONG,RAYSOLUSDT,LONG,0.3865045416249213,False,0.25,500,-4.294281797041444,-0.8588563594082889,True,-0.2331375181960941,-0.046627503639218824,False,True,False,False,False,False,False,True,1791030404484,1791030426836,1791030427605,769,0.38650454162492903,4.06114427884535
PAPER:MASKUSDT:1791030299999:SHORT,MASKUSDT,SHORT,0.4782276505114329,False,0.25,500,-0.6904478264892522,-0.13808956529785044,True,0.1926756926728445,0.0385351385345689,True,True,False,False,False,False,False,True,1791030583235,1791030613051,1791030622785,9734,0.4782276505114329,0.8831235191620967
PAPER:2ZUSDT:1791030599999:SHORT,2ZUSDT,SHORT,0.04643975739345436,False,0.25,500,-3.1670863623565806,-0.6334172724713161,False,-3.1670863623565806,-0.6334172724713161,False,False,False,False,False,False,False,False,,,,,,0.0
PAPER:ARKUSDT:1791030599999:LONG,ARKUSDT,LONG,0.11126877469145313,False,0.25,500,-0.9498100379923222,-0.18996200759846446,False,-0.9498100379923222,-0.18996200759846446,False,False,False,False,False,False,False,False,,,,,,0.0
PAPER:ICPUSDT:1791030599999:SHORT,ICPUSDT,SHORT,0.13297856879422754,False,0.25,500,-2.251777408861963,-0.45035548177239265,False,-2.251777408861963,-0.45035548177239265,False,False,False,False,False,False,False,False,,,,,,0.0
PAPER:ALCHUSDT:1791030599999:SHORT,ALCHUSDT,SHORT,0.040601939818374046,False,0.25,500,-3.073413425363308,-0.6146826850726615,False,-3.073413425363308,-0.6146826850726615,False,False,False,False,False,False,False,False,,,,,,0.0
PAPER:1000SATSUSDT:1791030599999:SHORT,1000SATSUSDT,SHORT,0.14356100983075173,False,0.25,500,-2.382743729857922,-0.4765487459715844,False,-2.382743729857922,-0.4765487459715844,False,False,False,False,False,False,False,False,,,,,,0.0
PAPER:SPXUSDT:1791030599999:SHORT,SPXUSDT,SHORT,0.3946344312621141,False,0.25,500,-3.082995430845726,-0.6165990861691453,True,-0.1431825920688441,-0.028636518413768818,False,True,False,False,False,False,False,True,1791031369768,1791031505552,1791031512470,6918,0.3946344312621141,2.939812838776882
PAPER:BERAUSDT:1791030599999:SHORT,BERAUSDT,SHORT,0.02415494136355687,False,0.25,500,-2.7182260293118015,-0.5436452058623603,False,-2.7182260293118015,-0.5436452058623603,False,False,False,False,False,False,False,False,,,,,,0.0
PAPER:CLOUSDT:1791030599999:SHORT,CLOUSDT,SHORT,0.562071677187042,True,0.25,500,0.020857857313486106,0.0041715714626972215,False,0.020857857313486106,0.0041715714626972215,True,False,False,False,False,False,False,True,1791030681645,,,,,0.0
PAPER:RONINUSDT:1791030599999:SHORT,RONINUSDT,SHORT,0.4201447269727042,False,0.25,500,-0.9881699462047233,-0.19763398924094466,True,-0.1905918740652291,-0.03811837481304582,False,True,False,False,False,False,False,True,1791031302022,1791031515790,1791031534197,18407,0.17730404958078655,0.7975780721394943
PAPER:BABYUSDT:1791030599999:SHORT,BABYUSDT,SHORT,0.13108361853639602,False,0.25,500,-2.4625017903882367,-0.4925003580776473,False,-2.4625017903882367,-0.4925003580776473,False,False,False,False,False,False,False,False,,,,,,0.0
PAPER:LQTYUSDT:1791030599999:SHORT,LQTYUSDT,SHORT,0.23922711108097128,False,0.25,500,-1.1664212216092822,-0.23328424432185646,False,-1.1664212216092822,-0.23328424432185646,False,False,False,False,False,False,False,False,,,,,,0.0
PAPER:ELSAUSDT:1791030599999:SHORT,ELSAUSDT,SHORT,0.09292788177507333,False,0.25,500,-2.8341764513986663,-0.5668352902797332,False,-2.8341764513986663,-0.5668352902797332,False,False,False,False,False,False,False,False,,,,,,0.0
PAPER:LYNUSDT:1791030899999:SHORT,LYNUSDT,SHORT,0.4910471145324048,False,0.25,500,-0.2194233372221207,-0.04388466744442414,False,-0.2194233372221207,-0.04388466744442414,False,False,False,False,False,False,False,True,1791030952358,,,,,0.0
PAPER:CUSDT:1791030899999:LONG,CUSDT,LONG,0.5052576067934522,True,0.25,500,-4.734098707132696,-0.9468197414265391,True,-0.647066944461149,-0.12941338889222978,False,True,False,False,False,False,False,True,1791031009256,1791031009268,1791031009769,501,0.19212564842052743,4.087031762671547
PAPER:BATUSDT:1791030899999:SHORT,BATUSDT,SHORT,0.06560207944017078,False,0.25,500,-3.5743672405177547,-0.7148734481035509,False,-3.5743672405177547,-0.7148734481035509,False,False,False,False,False,False,False,False,,,,,,0.0
PAPER:SOLVUSDT:1791030899999:SHORT,SOLVUSDT,SHORT,0.09791630573226773,False,0.25,500,-0.3600282954492119,-0.07200565908984238,False,-0.3600282954492119,-0.07200565908984238,False,False,False,False,False,False,False,False,,,,,,0.0
PAPER:SOONUSDT:1791031199999:LONG,SOONUSDT,LONG,0.43180093380581486,False,0.25,500,-0.8170548040842363,-0.16341096081684725,True,-0.2860338684521938,-0.05720677369043876,False,True,False,False,False,False,False,True,1791031298181,1791031302721,1791031303316,595,0.1394617408256968,0.5310209356320424
PAPER:GUAUSDT:1791031199999:SHORT,GUAUSDT,SHORT,0.09482952847747854,False,0.25,500,-2.3151338684784952,-0.46302677369569906,False,-2.3151338684784952,-0.46302677369569906,False,False,False,False,False,False,False,False,,,,,,0.0
PAPER:WAXPUSDT:1791031199999:SHORT,WAXPUSDT,SHORT,0.15796753656780602,False,0.25,500,-2.1242987820307544,-0.42485975640615087,False,-2.1242987820307544,-0.42485975640615087,False,False,False,False,False,False,False,False,,,,,,0.0
PAPER:XVGUSDT:1791031199999:SHORT,XVGUSDT,SHORT,0.2963147974313368,False,0.25,500,-2.770751292099085,-0.5541502584198169,True,-0.15864166666351745,-0.03172833333270349,False,True,False,False,False,False,False,True,1791031440025,1791031469446,1791031503586,34140,0.20141915796188806,2.6121096254355676
PAPER:BLUAIUSDT:1791031199999:SHORT,BLUAIUSDT,SHORT,0.4188883317460625,False,0.25,500,-5.699480266072115,-1.1398960532144229,True,0.5339631582626729,0.10679263165253458,True,True,False,False,False,False,False,True,1791031322929,1791031322932,1791031325173,2241,0.4188883317460625,6.233443424334788
PAPER:NILUSDT:1791031199999:LONG,NILUSDT,LONG,0.22971618806590932,False,0.25,500,-2.7020749171407723,-0.5404149834281544,False,-2.7020749171407723,-0.5404149834281544,False,False,False,False,False,False,False,False,,,,,,0.0
PAPER:LDOUSDT:1791031199999:SHORT,LDOUSDT,SHORT,0.4188727170620659,False,0.25,500,-4.903833487188899,-0.9807666974377798,True,0.038220824287734434,0.007644164857546887,True,True,False,False,False,False,False,True,1791031368230,1791031413660,1791031416872,3212,0.4188727170620659,4.9420543114766335
PAPER:ONUSDT:1791031499999:SHORT,ONUSDT,SHORT,0.1664265751566015,False,0.25,500,-2.3497478852713356,-0.46994957705426715,False,-2.3497478852713356,-0.46994957705426715,False,False,False,False,False,False,False,False,,,,,,0.0
PAPER:CVCUSDT:1791031499999:SHORT,CVCUSDT,SHORT,0.15044590376835515,False,0.25,500,-2.485696755915584,-0.4971393511831168,False,-2.485696755915584,-0.4971393511831168,False,False,False,False,False,False,False,False,,,,,,0.0
PAPER:FOGOUSDT:1791031499999:SHORT,FOGOUSDT,SHORT,0.057127292047956295,False,0.25,500,-3.4110859982869592,-0.6822171996573918,False,-3.4110859982869592,-0.6822171996573918,False,False,False,False,False,False,False,False,,,,,,0.0
PAPER:MUSDT:1791031499999:SHORT,MUSDT,SHORT,0.1562427022849482,False,0.25,500,-1.0481979068353748,-0.20963958136707497,False,-1.0481979068353748,-0.20963958136707497,False,False,False,False,False,False,False,False,,,,,,0.0
PAPER:TRUTHUSDT:1791031799999:SHORT,TRUTHUSDT,SHORT,0.04259979890824061,False,0.25,500,-1.8553263437999297,-0.37106526875998597,False,-1.8553263437999297,-0.37106526875998597,False,False,False,False,False,False,False,False,,,,,,0.0
PAPER:MEWUSDT:1791031799999:LONG,MEWUSDT,LONG,0.20671602640922604,False,0.25,500,-2.9316560299051333,-0.5863312059810266,False,-2.9316560299051333,-0.5863312059810266,False,False,False,False,False,False,False,False,,,,,,0.0
PAPER:ATHUSDT:1791032399999:LONG,ATHUSDT,LONG,0.9362862664506144,True,0.25,500,-1.4344200088454728,-0.28688400176909457,True,-0.049820092122443704,-0.00996401842448874,False,True,False,False,True,False,False,True,1791032643445,1791032645031,1791032645752,721,0.9362862664506227,1.3845999167230292
PAPER:PARTIUSDT:1791032699999:LONG,PARTIUSDT,LONG,0.12131849248524507,False,0.25,500,-1.6557113665605714,-0.3311422733121143,False,-1.6557113665605714,-0.3311422733121143,False,False,False,False,False,False,False,False,,,,,,0.0
PAPER:SCRUSDT:1791032699999:SHORT,SCRUSDT,SHORT,0.17458744667221668,False,0.25,500,-4.748328639463314,-0.9496657278926629,False,-4.748328639463314,-0.9496657278926629,False,False,False,False,False,False,False,False,,,,,,0.0
PAPER:FLUIDUSDT:1791032699999:LONG,FLUIDUSDT,LONG,0.40288014904572567,False,0.25,500,-1.5533450107561027,-0.3106690021512205,True,0.25725990753518857,0.05145198150703772,True,True,False,False,False,False,False,True,1791032784035,1791032795054,1791032828390,33336,0.4028801490457218,1.810604918291291
PAPER:BRUSDT:1791032999999:SHORT,BRUSDT,SHORT,0.27254947442767047,False,0.25,500,-1.4411649157048976,-0.2882329831409795,True,-0.19619290440103576,-0.03923858088020715,False,True,False,False,False,False,False,True,1791033050728,1791033051097,1791033052187,1090,0.1761995274963559,1.2449720113038618
PAPER:TAKEUSDT:1791032999999:LONG,TAKEUSDT,LONG,0.1981648558068816,False,0.25,500,-4.45263633915979,-0.890527267831958,False,-4.45263633915979,-0.890527267831958,False,False,False,False,False,False,False,False,,,,,,0.0
PAPER:AVAUSDT:1791032999999:LONG,AVAUSDT,LONG,0.052532112366043826,False,0.25,500,-3.304734763964892,-0.6609469527929784,False,-3.304734763964892,-0.6609469527929784,False,False,False,False,False,False,False,False,,,,,,0.0
PAPER:GTCUSDT:1791032999999:LONG,GTCUSDT,LONG,0.5910414075610326,True,0.25,500,-5.389497416018015,-1.077899483203603,True,-0.1966487863630241,-0.03932975727260482,False,True,False,False,False,False,False,True,1791033054377,1791033062408,1791033063367,959,0.2498127249698905,5.192848629654991
PAPER:KSMUSDT:1791032999999:LONG,KSMUSDT,LONG,0.0557320840319786,False,0.25,500,-3.0776393835983287,-0.6155278767196658,False,-3.0776393835983287,-0.6155278767196658,False,False,False,False,False,False,False,False,,,,,,0.0
PAPER:ARKMUSDT:1791033599999:SHORT,ARKMUSDT,SHORT,0.056405475136281816,False,0.25,500,-2.8622419480075423,-0.5724483896015085,False,-2.8622419480075423,-0.5724483896015085,False,False,False,False,False,False,False,False,,,,,,0.0
PAPER:POWERUSDT:1791033599999:SHORT,POWERUSDT,SHORT,0.1333104729659478,False,0.25,500,-3.2520922207080236,-0.6504184441416047,False,-3.2520922207080236,-0.6504184441416047,False,False,False,False,False,False,False,False,,,,,,0.0
PAPER:IOUSDT:1791033599999:LONG,IOUSDT,LONG,0.04360451065001936,False,0.25,500,-3.8091145606756855,-0.7618229121351371,False,-3.8091145606756855,-0.7618229121351371,False,False,False,False,False,False,False,False,,,,,,0.0
PAPER:TRADOORUSDT:1791033899999:SHORT,TRADOORUSDT,SHORT,0.037861202555832515,False,0.25,500,-6.7422084359017616,-1.3484416871803524,False,-6.7422084359017616,-1.3484416871803524,False,False,False,False,False,False,False,False,,,,,,0.0
PAPER:LITUSDT:1791033899999:SHORT,LITUSDT,SHORT,0.5614579357694294,True,0.25,500,-1.1427683363038064,-0.22855366726076126,True,0.8900025901564732,0.17800051803129463,True,True,False,False,True,False,False,True,1791035288027,1791035295394,1791035295932,538,0.5614579357694294,2.0327709264602793
PAPER:GLMUSDT:1791033899999:LONG,GLMUSDT,LONG,0.41155018572360813,False,0.25,500,-1.5272247018917282,-0.30544494037834563,True,-0.44938399594615946,-0.08987679918923189,False,True,False,False,False,False,False,True,1791034020530,1791034032639,1791034033324,685,0.411550185723613,1.0778407059455688
PAPER:PORTALUSDT:1791033899999:LONG,PORTALUSDT,LONG,0.2034230025503403,False,0.25,500,-2.4843567110599034,-0.49687134221198065,False,-2.4843567110599034,-0.49687134221198065,False,False,False,False,False,False,False,False,,,,,,0.0
PAPER:PROMPTUSDT:1791033899999:LONG,PROMPTUSDT,LONG,0.02804821063659979,False,0.25,500,-0.9498100379923309,-0.18996200759846618,False,-0.9498100379923309,-0.18996200759846618,False,False,False,False,False,False,False,False,,,,,,0.0
PAPER:MAGMAUSDT:1791033899999:SHORT,MAGMAUSDT,SHORT,0.11747463534199344,False,0.25,500,-1.6167348982446283,-0.32334697964892567,False,-1.6167348982446283,-0.32334697964892567,False,False,False,False,False,False,False,False,,,,,,0.0
PAPER:SYRUPUSDT:1791034499999:LONG,SYRUPUSDT,LONG,0.3365032121780853,False,0.25,500,-1.7301618973079922,-0.3460323794615984,True,0.19070421793056705,0.038140843586113415,True,True,False,False,False,False,False,True,1791034856569,1791034859943,1791034860486,543,0.3365032121780856,1.9208661152385593
PAPER:SOPHUSDT:1791034799999:LONG,SOPHUSDT,LONG,0.032486940932008324,False,0.25,500,-1.0808927650165776,-0.21617855300331554,False,-1.0808927650165776,-0.21617855300331554,False,False,False,False,False,False,False,False,,,,,,0.0
PAPER:TRBUSDT:1791034799999:LONG,TRBUSDT,LONG,0.17249534305692205,False,0.25,500,-1.1180799807020212,-0.22361599614040423,False,-1.1180799807020212,-0.22361599614040423,False,False,False,False,False,False,False,False,,,,,,0.0
PAPER:BRETTUSDT:1791034799999:LONG,BRETTUSDT,LONG,0.013901271279914695,False,0.25,500,-2.8970518364541604,-0.5794103672908321,False,-2.8970518364541604,-0.5794103672908321,False,False,False,False,False,False,False,False,,,,,,0.0
PAPER:HANAUSDT:1791034799999:SHORT,HANAUSDT,SHORT,0.39639901335803707,False,0.25,500,-4.076179984123353,-0.8152359968246706,True,-0.5333913785255111,-0.10667827570510223,False,True,False,False,False,False,False,True,1791035379027,1791035403440,1791035408172,4732,0.39639901335803707,3.542788605597842
PAPER:COOKIEUSDT:1791034799999:LONG,COOKIEUSDT,LONG,0.02588041584095091,False,0.25,500,-3.432422254842399,-0.6864844509684798,False,-3.432422254842399,-0.6864844509684798,False,False,False,False,False,False,False,False,,,,,,0.0
PAPER:BLURUSDT:1791035099999:LONG,BLURUSDT,LONG,0.026898935409902514,False,0.25,500,-2.1210698643572643,-0.4242139728714529,False,-2.1210698643572643,-0.4242139728714529,False,False,False,False,False,False,False,False,,,,,,0.0
PAPER:GTCUSDT:1791035399999:LONG,GTCUSDT,LONG,0.1905703102749179,False,0.25,500,0.06306476224254054,0.012612952448508108,False,0.06306476224254054,0.012612952448508108,True,False,False,False,False,False,False,False,,,,,,0.0
PAPER:BIOUSDT:1791035399999:LONG,BIOUSDT,LONG,0.04403217979522811,False,0.25,500,-2.7089125322549616,-0.5417825064509922,False,-2.7089125322549616,-0.5417825064509922,False,False,False,False,False,False,False,False,,,,,,0.0
PAPER:NILUSDT:1791035699999:SHORT,NILUSDT,SHORT,0.2057747892693691,False,0.25,500,-1.6043812094959564,-0.3208762418991913,False,-1.6043812094959564,-0.3208762418991913,False,False,False,False,False,False,False,False,,,,,,0.0
PAPER:PARTIUSDT:1791035699999:LONG,PARTIUSDT,LONG,0.38892017097602594,False,0.25,500,-0.4391503345547632,-0.08783006691095264,True,-0.4391503345547632,-0.08783006691095264,False,False,False,False,False,False,False,True,1791035727868,1791035728903,1791035729833,930,0.15038573744010164,0.0
PAPER:SIGNUSDT:1791035999999:LONG,SIGNUSDT,LONG,0.020325020332290222,False,0.25,500,-2.903522065186805,-0.580704413037361,False,-2.903522065186805,-0.580704413037361,False,False,False,False,False,False,False,False,,,,,,0.0
PAPER:FHEUSDT:1791035999999:LONG,FHEUSDT,LONG,0.07019795860405686,False,0.25,500,-1.0624453988318034,-0.2124890797663607,False,-1.0624453988318034,-0.2124890797663607,False,False,False,False,False,False,False,False,,,,,,0.0
PAPER:ENJUSDT:1791035999999:LONG,ENJUSDT,LONG,0.09842864118914108,False,0.25,500,-0.5061394517069918,-0.10122789034139837,False,-0.5061394517069918,-0.10122789034139837,False,False,False,False,False,False,False,False,,,,,,0.0
PAPER:CHILLGUYUSDT:1791036299999:SHORT,CHILLGUYUSDT,SHORT,0.29671056237814813,False,0.25,500,-1.6460776979307021,-0.3292155395861404,True,-0.21564195253322527,-0.043128390506645055,False,True,False,False,False,False,False,True,1791036399784,1791036434322,1791036442552,8230,0.2349125988311653,1.4304357453974768
PAPER:ZAMAUSDT:1791036299999:LONG,ZAMAUSDT,LONG,0.05344670536999718,False,0.25,500,-2.7535616422870577,-0.5507123284574116,False,-2.7535616422870577,-0.5507123284574116,False,False,False,False,False,False,False,False,,,,,,0.0
PAPER:MTLUSDT:1791036299999:SHORT,MTLUSDT,SHORT,0.392645968101903,False,0.25,500,-2.9359691162288346,-0.5871938232457669,True,-0.7913277117498396,-0.15826554234996792,False,True,False,False,False,False,False,True,1791036656546,1791036794963,1791036796260,1297,0.1069652204004883,2.144641404478995
PAPER:MELANIAUSDT:1791036599999:SHORT,MELANIAUSDT,SHORT,0.11439277969808952,False,0.25,500,-2.823923833139723,-0.5647847666279447,False,-2.823923833139723,-0.5647847666279447,False,False,False,False,False,False,False,False,,,,,,0.0
PAPER:QNTUSDT:1791036599999:SHORT,QNTUSDT,SHORT,0.09206771523578838,False,0.25,500,-1.1304764324347885,-0.2260952864869577,False,-1.1304764324347885,-0.2260952864869577,False,False,False,False,False,False,False,False,,,,,,0.0
PAPER:1000000BOBUSDT:1791036899999:SHORT,1000000BOBUSDT,SHORT,0.20259244727284154,False,0.25,500,-0.9501900380075976,-0.19003800760151954,False,-0.9501900380075976,-0.19003800760151954,False,False,False,False,False,False,False,False,,,,,,0.0
PAPER:ZECUSDT:1791036899999:SHORT,ZECUSDT,SHORT,0.34743220879288866,False,0.25,500,-2.4871455712255535,-0.49742911424511066,True,0.01766609122292323,0.0035332182445846462,True,True,False,False,False,False,False,True,1791037459580,1791037518581,1791037519542,961,0.2685301174697531,2.5048116624484766
PAPER:VELVETUSDT:1791037199999:LONG,VELVETUSDT,LONG,0.16967139011807575,False,0.25,500,-2.5920327443301128,-0.5184065488660226,False,-2.5920327443301128,-0.5184065488660226,False,False,False,False,False,False,False,False,,,,,,0.0
PAPER:EVAAUSDT:1791037499999:LONG,EVAAUSDT,LONG,0.056646393986836685,False,0.25,500,-3.821169888291375,-0.7642339776582749,False,-3.821169888291375,-0.7642339776582749,False,False,False,False,False,False,False,False,,,,,,0.0
PAPER:ONEUSDT:1791037499999:LONG,ONEUSDT,LONG,0.24924997047268693,False,0.25,500,-6.076218006145115,-1.215243601229023,False,-6.076218006145115,-1.215243601229023,False,False,False,False,False,False,False,False,,,,,,0.0
PAPER:DEEPUSDT:1791037799999:LONG,DEEPUSDT,LONG,0.02104669378111268,False,0.25,500,-3.6150511995301473,-0.7230102399060295,False,-3.6150511995301473,-0.7230102399060295,False,False,False,False,False,False,False,False,,,,,,0.0
PAPER:OPUSDT:1791037799999:LONG,OPUSDT,LONG,0.26694344698652284,False,0.25,500,-2.0891271981087893,-0.4178254396217579,True,-0.8395535386261929,-0.16791070772523858,False,True,False,False,False,False,False,True,1791037924176,1791037928244,1791037928780,536,0.17129696439106,1.2495736594825964
PAPER:DRIFTUSDT:1791037799999:LONG,DRIFTUSDT,LONG,0.13110727980347736,False,0.25,500,-3.088406569315816,-0.6176813138631632,False,-3.088406569315816,-0.6176813138631632,False,False,False,False,False,False,False,False,,,,,,0.0
PAPER:ORDIUSDT:1791037799999:LONG,ORDIUSDT,LONG,0.3061675616160109,False,0.25,500,-2.7963146550767375,-0.5592629310153475,True,0.027751229875880242,0.005550245975176049,True,True,False,False,False,False,False,True,1791039083811,1791039096860,1791039098079,1219,0.1757021366496767,2.824065884952618
PAPER:SUPERUSDT:1791038099999:LONG,SUPERUSDT,LONG,0.6513379595819213,True,0.25,500,-3.4602375064787063,-0.6920475012957413,True,-0.3690395042379669,-0.07380790084759338,False,True,False,False,True,False,False,True,1791038218867,1791038218868,1791038219639,771,0.6513379595819316,3.0911980022407395
PAPER:KAIAUSDT:1791038099999:LONG,KAIAUSDT,LONG,0.006629832488891374,False,0.25,500,-3.410360241533641,-0.6820720483067282,False,-3.410360241533641,-0.6820720483067282,False,False,False,False,False,False,False,False,,,,,,0.0
PAPER:1000CATUSDT:1791038699999:LONG,1000CATUSDT,LONG,0.4267421761402934,False,0.25,500,-0.838231577321695,-0.16764631546433897,True,0.16597456871457816,0.03319491374291563,True,True,False,False,False,False,False,True,1791039125585,1791039125988,1791039135783,9795,0.4267421761402879,1.0042061460362732
PAPER:USUSDT:1791038699999:SHORT,USUSDT,SHORT,0.48393229097455304,False,0.25,500,-0.7002546247073798,-0.14005092494147595,True,-0.15494099568863384,-0.030988199137726765,False,True,False,False,False,False,False,True,1791038766472,1791038842620,1791038843648,1028,0.4566924914191514,0.5453136290187459
PAPER:哈基米USDT:1791038699999:SHORT,哈基米USDT,SHORT,0.10980781490497439,False,0.25,500,-0.6253521470030563,-0.12507042940061125,False,-0.6253521470030563,-0.12507042940061125,False,False,False,False,False,False,False,False,,,,,,0.0
PAPER:XMRUSDT:1791038699999:LONG,XMRUSDT,LONG,0.34497365381629397,False,0.25,500,-1.4191267554642937,-0.2838253510928587,True,-0.020201924538475417,-0.004040384907695083,False,True,False,False,False,False,False,True,1791039110202,1791039377860,1791039378600,740,0.3016109225747648,1.3989248309258182
PAPER:NEARUSDT:1791038999999:LONG,NEARUSDT,LONG,0.2154525207140212,False,0.25,500,-3.248598645182094,-0.6497197290364188,False,-3.248598645182094,-0.6497197290364188,False,False,False,False,False,False,False,False,,,,,,0.0
PAPER:RENDERUSDT:1791038999999:LONG,RENDERUSDT,LONG,0.3777364865167332,False,0.25,500,-2.564063511265951,-0.5128127022531902,True,0.04357671479134407,0.008715342958268814,True,True,False,False,False,False,False,True,1791040090048,1791040118071,1791040120625,2554,0.3777364865167244,2.607640226057295
PAPER:AEVOUSDT:1791039299999:LONG,AEVOUSDT,LONG,0.32084492192470115,False,0.25,500,-2.7469840170223327,-0.5493968034044666,True,-0.003928996397624118,-0.0007857992795248236,False,True,False,False,False,False,False,True,1791039462372,1791039571798,1791039574170,2372,0.20723128101652835,2.7430550206247086
PAPER:ONUSDT:1791039599999:SHORT,ONUSDT,SHORT,0.359578557077644,False,0.25,500,-0.4752610152011104,-0.09505220304022208,True,-0.47526101520117625,-0.09505220304023526,False,False,False,False,False,False,False,True,1791039637003,1791039637008,1791039638152,1144,0.16978727813873884,-6.583622536027178e-14
PAPER:XVGUSDT:1791039599999:LONG,XVGUSDT,LONG,0.07237850243317911,False,0.25,500,-3.6415072428999737,-0.7283014485799947,False,-3.6415072428999737,-0.7283014485799947,False,False,False,False,False,False,False,False,,,,,,0.0
PAPER:CUSDT:1791039899999:LONG,CUSDT,LONG,1.1357841017241022,True,0.25,500,-4.815485513170761,-0.9630971026341522,True,-2.706935253982553,-0.5413870507965106,False,True,False,False,True,True,False,True,1791039956487,1791039956495,1791039957181,686,1.135784101724093,2.108550259188208
PAPER:龙虾USDT:1791039899999:SHORT,龙虾USDT,SHORT,0.0010972658666689283,False,0.25,500,-2.3230755803059737,-0.4646151160611947,False,-2.3230755803059737,-0.4646151160611947,False,False,False,False,False,False,False,False,,,,,,0.0
PAPER:PHAUSDT:1791039899999:SHORT,PHAUSDT,SHORT,0.5336391386070395,True,0.25,500,-1.3147750271102738,-0.26295500542205474,True,-0.43977105326381954,-0.0879542106527639,False,True,False,False,False,False,False,True,1791040049204,1791040049267,1791040050365,1098,0.16940023110230443,0.8750039738464543
PAPER:MIRAUSDT:1791040199999:SHORT,MIRAUSDT,SHORT,0.13354810666604766,False,0.25,500,-1.3344350505103577,-0.26688701010207155,False,-1.3344350505103577,-0.26688701010207155,False,False,False,False,False,False,False,False,,,,,,0.0
PAPER:MEGAUSDT:1791040199999:LONG,MEGAUSDT,LONG,0.5974185977954738,True,0.25,500,-0.07597016259568207,-0.015194032519136414,True,0.07823687423905366,0.015647374847810733,True,True,False,False,False,False,False,True,1791040281087,1791040288504,1791040289283,779,0.350452758357344,0.15420703683473574
PAPER:SANDUSDT:1791040499999:LONG,SANDUSDT,LONG,0.8209450237695926,True,0.25,500,1.3474539452734347,0.26949078905468693,True,0.1660038967367442,0.033200779347348844,True,False,True,True,True,False,False,True,1791040526052,1791040526053,1791040526614,561,0.8209450237695979,-1.1814500485366906
PAPER:BANUSDT:1791040499999:SHORT,BANUSDT,SHORT,0.05628890843004262,False,0.25,500,-3.0502385088000796,-0.6100477017600159,False,-3.0502385088000796,-0.6100477017600159,False,False,False,False,False,False,False,False,,,,,,0.0
PAPER:MORPHOUSDT:1791040799999:LONG,MORPHOUSDT,LONG,0.02861058304419739,False,0.25,500,-1.9210183355999124,-0.3842036671199825,False,-1.9210183355999124,-0.3842036671199825,False,False,False,False,False,False,False,False,,,,,,0.0
PAPER:BMTUSDT:1791040799999:LONG,BMTUSDT,LONG,0.302520141133078,False,0.25,500,-2.695113121192824,-0.5390226242385647,True,-2.8293672045159526,-0.5658734409031905,False,False,False,True,False,False,False,True,1791041233842,1791041235317,1791041236187,870,0.3025201411330761,-0.13425408332312871
PAPER:TAKEUSDT:1791041099999:LONG,TAKEUSDT,LONG,0.08721294956695047,False,0.25,500,-1.523598169842145,-0.304719633968429,False,-1.523598169842145,-0.304719633968429,False,False,False,False,False,False,False,False,,,,,,0.0
PAPER:SENTUSDT:1791041099999:SHORT,SENTUSDT,SHORT,0.025708980918666427,False,0.25,500,-3.3524018731991214,-0.6704803746398242,False,-3.3524018731991214,-0.6704803746398242,False,False,False,False,False,False,False,False,,,,,,0.0
PAPER:TAKEUSDT:1791041399999:LONG,TAKEUSDT,LONG,0.17738289851521039,False,0.25,500,-2.2391385466262355,-0.4478277093252471,False,-2.2391385466262355,-0.4478277093252471,False,False,False,False,False,False,False,False,,,,,,0.0
PAPER:PHAROSUSDT:1791041999999:LONG,PHAROSUSDT,LONG,0.1184037832522078,False,0.25,500,-2.747298263215607,-0.5494596526431214,False,-2.747298263215607,-0.5494596526431214,False,False,False,False,False,False,False,False,,,,,,0.0
PAPER:AVAAIUSDT:1791042299999:LONG,AVAAIUSDT,LONG,0.5843370032250439,True,0.25,500,-1.8501523740850172,-0.37003047481700346,True,-1.0027713518801633,-0.20055427037603266,False,True,False,False,False,False,False,True,1791042458348,1791042471363,1791042472973,1610,0.06482266643173494,0.8473810222048539
PAPER:INXUSDT:1791042299999:LONG,INXUSDT,LONG,0.5111944571072558,True,0.25,500,-0.949810037992343,-0.1899620075984686,True,0.4598244015484583,0.09196488030969165,True,True,False,False,True,False,False,True,1791042341949,1791042345100,1791042345675,575,0.5111944571072548,1.4096344395408011
PAPER:CYSUSDT:1791042299999:SHORT,CYSUSDT,SHORT,0.04109557403234674,False,0.25,500,-2.4791307528456885,-0.4958261505691377,False,-2.4791307528456885,-0.4958261505691377,False,False,False,False,False,False,False,False,,,,,,0.0
PAPER:AKTUSDT:1791043199999:LONG,AKTUSDT,LONG,0.09885095789161635,False,0.25,500,-3.5100134635034834,-0.7020026927006967,False,-3.5100134635034834,-0.7020026927006967,False,False,False,False,False,False,False,False,,,,,,0.0
PAPER:AIOUSDT:1791043499999:LONG,AIOUSDT,LONG,0.3392750607989381,False,0.25,500,-0.05248551804010343,-0.010497103608020685,False,-0.05248551804010343,-0.010497103608020685,False,False,False,False,False,False,False,True,1791043561955,,,,,0.0
PAPER:TAKEUSDT:1791030299999:LONG,TAKEUSDT,LONG,0.20078003326780003,False,0.25,1000,-4.179531297998999,-0.8359062595997998,False,-4.179531297998999,-0.8359062595997998,False,False,False,False,False,False,False,False,,,,,,0.0
PAPER:C98USDT:1791030299999:SHORT,C98USDT,SHORT,0.5325927063865858,True,0.25,1000,-0.33561030806532705,-0.06712206161306541,True,-0.33561030806532705,-0.06712206161306541,False,False,False,False,True,False,False,True,1791030865905,1791030865908,1791030868175,2267,0.5325927063865858,0.0
PAPER:RAYSOLUSDT:1791030299999:LONG,RAYSOLUSDT,LONG,0.3865045416249213,False,0.25,1000,-4.294281797041444,-0.8588563594082889,True,-0.2809156861825631,-0.056183137236512616,False,True,False,False,False,False,False,True,1791030404484,1791030426836,1791030427940,1104,0.38650454162492903,4.013366110858881
PAPER:MASKUSDT:1791030299999:SHORT,MASKUSDT,SHORT,0.4782276505114329,False,0.25,1000,-0.6904478264892522,-0.13808956529785044,True,0.1926756926728445,0.0385351385345689,True,True,False,False,False,False,False,True,1791030583235,1791030613051,1791030622785,9734,0.4782276505114329,0.8831235191620967
PAPER:2ZUSDT:1791030599999:SHORT,2ZUSDT,SHORT,0.04643975739345436,False,0.25,1000,-3.1670863623565806,-0.6334172724713161,False,-3.1670863623565806,-0.6334172724713161,False,False,False,False,False,False,False,False,,,,,,0.0
PAPER:ARKUSDT:1791030599999:LONG,ARKUSDT,LONG,0.11126877469145313,False,0.25,1000,-0.9498100379923222,-0.18996200759846446,False,-0.9498100379923222,-0.18996200759846446,False,False,False,False,False,False,False,False,,,,,,0.0
PAPER:ICPUSDT:1791030599999:SHORT,ICPUSDT,SHORT,0.13297856879422754,False,0.25,1000,-2.251777408861963,-0.45035548177239265,False,-2.251777408861963,-0.45035548177239265,False,False,False,False,False,False,False,False,,,,,,0.0
PAPER:ALCHUSDT:1791030599999:SHORT,ALCHUSDT,SHORT,0.040601939818374046,False,0.25,1000,-3.073413425363308,-0.6146826850726615,False,-3.073413425363308,-0.6146826850726615,False,False,False,False,False,False,False,False,,,,,,0.0
PAPER:1000SATSUSDT:1791030599999:SHORT,1000SATSUSDT,SHORT,0.14356100983075173,False,0.25,1000,-2.382743729857922,-0.4765487459715844,False,-2.382743729857922,-0.4765487459715844,False,False,False,False,False,False,False,False,,,,,,0.0
PAPER:SPXUSDT:1791030599999:SHORT,SPXUSDT,SHORT,0.3946344312621141,False,0.25,1000,-3.082995430845726,-0.6165990861691453,True,-0.1431825920688441,-0.028636518413768818,False,True,False,False,False,False,False,True,1791031369768,1791031505552,1791031512470,6918,0.3946344312621141,2.939812838776882
PAPER:BERAUSDT:1791030599999:SHORT,BERAUSDT,SHORT,0.02415494136355687,False,0.25,1000,-2.7182260293118015,-0.5436452058623603,False,-2.7182260293118015,-0.5436452058623603,False,False,False,False,False,False,False,False,,,,,,0.0
PAPER:CLOUSDT:1791030599999:SHORT,CLOUSDT,SHORT,0.562071677187042,True,0.25,1000,0.020857857313486106,0.0041715714626972215,False,0.020857857313486106,0.0041715714626972215,True,False,False,False,False,False,False,True,1791030681645,,,,,0.0
PAPER:RONINUSDT:1791030599999:SHORT,RONINUSDT,SHORT,0.4201447269727042,False,0.25,1000,-0.9881699462047233,-0.19763398924094466,True,-0.1905918740652291,-0.03811837481304582,False,True,False,False,False,False,False,True,1791031302022,1791031515790,1791031534197,18407,0.17730404958078655,0.7975780721394943
PAPER:BABYUSDT:1791030599999:SHORT,BABYUSDT,SHORT,0.13108361853639602,False,0.25,1000,-2.4625017903882367,-0.4925003580776473,False,-2.4625017903882367,-0.4925003580776473,False,False,False,False,False,False,False,False,,,,,,0.0
PAPER:LQTYUSDT:1791030599999:SHORT,LQTYUSDT,SHORT,0.23922711108097128,False,0.25,1000,-1.1664212216092822,-0.23328424432185646,False,-1.1664212216092822,-0.23328424432185646,False,False,False,False,False,False,False,False,,,,,,0.0
PAPER:ELSAUSDT:1791030599999:SHORT,ELSAUSDT,SHORT,0.09292788177507333,False,0.25,1000,-2.8341764513986663,-0.5668352902797332,False,-2.8341764513986663,-0.5668352902797332,False,False,False,False,False,False,False,False,,,,,,0.0
PAPER:LYNUSDT:1791030899999:SHORT,LYNUSDT,SHORT,0.4910471145324048,False,0.25,1000,-0.2194233372221207,-0.04388466744442414,False,-0.2194233372221207,-0.04388466744442414,False,False,False,False,False,False,False,True,1791030952358,,,,,0.0
PAPER:CUSDT:1791030899999:LONG,CUSDT,LONG,0.5052576067934522,True,0.25,1000,-4.734098707132696,-0.9468197414265391,True,-0.899352855737237,-0.1798705711474474,False,True,False,False,False,False,False,True,1791031009256,1791031009268,1791031010345,1077,0.19212564842052743,3.834745851395459
PAPER:BATUSDT:1791030899999:SHORT,BATUSDT,SHORT,0.06560207944017078,False,0.25,1000,-3.5743672405177547,-0.7148734481035509,False,-3.5743672405177547,-0.7148734481035509,False,False,False,False,False,False,False,False,,,,,,0.0
PAPER:SOLVUSDT:1791030899999:SHORT,SOLVUSDT,SHORT,0.09791630573226773,False,0.25,1000,-0.3600282954492119,-0.07200565908984238,False,-0.3600282954492119,-0.07200565908984238,False,False,False,False,False,False,False,False,,,,,,0.0
PAPER:SOONUSDT:1791031199999:LONG,SOONUSDT,LONG,0.43180093380581486,False,0.25,1000,-0.8170548040842363,-0.16341096081684725,True,-0.41878910236022276,-0.08375782047204455,False,True,False,False,False,False,False,True,1791031298181,1791031302721,1791031304729,2008,0.1394617408256968,0.3982657017240135
PAPER:GUAUSDT:1791031199999:SHORT,GUAUSDT,SHORT,0.09482952847747854,False,0.25,1000,-2.3151338684784952,-0.46302677369569906,False,-2.3151338684784952,-0.46302677369569906,False,False,False,False,False,False,False,False,,,,,,0.0
PAPER:WAXPUSDT:1791031199999:SHORT,WAXPUSDT,SHORT,0.15796753656780602,False,0.25,1000,-2.1242987820307544,-0.42485975640615087,False,-2.1242987820307544,-0.42485975640615087,False,False,False,False,False,False,False,False,,,,,,0.0
PAPER:XVGUSDT:1791031199999:SHORT,XVGUSDT,SHORT,0.2963147974313368,False,0.25,1000,-2.770751292099085,-0.5541502584198169,True,-0.15864166666351745,-0.03172833333270349,False,True,False,False,False,False,False,True,1791031440025,1791031469446,1791031503586,34140,0.20141915796188806,2.6121096254355676
PAPER:BLUAIUSDT:1791031199999:SHORT,BLUAIUSDT,SHORT,0.4188883317460625,False,0.25,1000,-5.699480266072115,-1.1398960532144229,True,0.5339631582626729,0.10679263165253458,True,True,False,False,False,False,False,True,1791031322929,1791031322932,1791031325173,2241,0.4188883317460625,6.233443424334788
PAPER:NILUSDT:1791031199999:LONG,NILUSDT,LONG,0.22971618806590932,False,0.25,1000,-2.7020749171407723,-0.5404149834281544,False,-2.7020749171407723,-0.5404149834281544,False,False,False,False,False,False,False,False,,,,,,0.0
PAPER:LDOUSDT:1791031199999:SHORT,LDOUSDT,SHORT,0.4188727170620659,False,0.25,1000,-4.903833487188899,-0.9807666974377798,True,0.038220824287734434,0.007644164857546887,True,True,False,False,False,False,False,True,1791031368230,1791031413660,1791031416872,3212,0.4188727170620659,4.9420543114766335
PAPER:ONUSDT:1791031499999:SHORT,ONUSDT,SHORT,0.1664265751566015,False,0.25,1000,-2.3497478852713356,-0.46994957705426715,False,-2.3497478852713356,-0.46994957705426715,False,False,False,False,False,False,False,False,,,,,,0.0
PAPER:CVCUSDT:1791031499999:SHORT,CVCUSDT,SHORT,0.15044590376835515,False,0.25,1000,-2.485696755915584,-0.4971393511831168,False,-2.485696755915584,-0.4971393511831168,False,False,False,False,False,False,False,False,,,,,,0.0
PAPER:FOGOUSDT:1791031499999:SHORT,FOGOUSDT,SHORT,0.057127292047956295,False,0.25,1000,-3.4110859982869592,-0.6822171996573918,False,-3.4110859982869592,-0.6822171996573918,False,False,False,False,False,False,False,False,,,,,,0.0
PAPER:MUSDT:1791031499999:SHORT,MUSDT,SHORT,0.1562427022849482,False,0.25,1000,-1.0481979068353748,-0.20963958136707497,False,-1.0481979068353748,-0.20963958136707497,False,False,False,False,False,False,False,False,,,,,,0.0
PAPER:TRUTHUSDT:1791031799999:SHORT,TRUTHUSDT,SHORT,0.04259979890824061,False,0.25,1000,-1.8553263437999297,-0.37106526875998597,False,-1.8553263437999297,-0.37106526875998597,False,False,False,False,False,False,False,False,,,,,,0.0
PAPER:MEWUSDT:1791031799999:LONG,MEWUSDT,LONG,0.20671602640922604,False,0.25,1000,-2.9316560299051333,-0.5863312059810266,False,-2.9316560299051333,-0.5863312059810266,False,False,False,False,False,False,False,False,,,,,,0.0
PAPER:ATHUSDT:1791032399999:LONG,ATHUSDT,LONG,0.9362862664506144,True,0.25,1000,-1.4344200088454728,-0.28688400176909457,True,0.08863989954993123,0.017727979909986247,True,True,False,False,True,False,False,True,1791032643445,1791032645031,1791032646564,1533,0.9362862664506227,1.5230599083954042
PAPER:PARTIUSDT:1791032699999:LONG,PARTIUSDT,LONG,0.12131849248524507,False,0.25,1000,-1.6557113665605714,-0.3311422733121143,False,-1.6557113665605714,-0.3311422733121143,False,False,False,False,False,False,False,False,,,,,,0.0
PAPER:SCRUSDT:1791032699999:SHORT,SCRUSDT,SHORT,0.17458744667221668,False,0.25,1000,-4.748328639463314,-0.9496657278926629,False,-4.748328639463314,-0.9496657278926629,False,False,False,False,False,False,False,False,,,,,,0.0
PAPER:FLUIDUSDT:1791032699999:LONG,FLUIDUSDT,LONG,0.40288014904572567,False,0.25,1000,-1.5533450107561027,-0.3106690021512205,True,0.25725990753518857,0.05145198150703772,True,True,False,False,False,False,False,True,1791032784035,1791032795054,1791032828390,33336,0.4028801490457218,1.810604918291291
PAPER:BRUSDT:1791032999999:SHORT,BRUSDT,SHORT,0.27254947442767047,False,0.25,1000,-1.4411649157048976,-0.2882329831409795,True,-0.19619290440103576,-0.03923858088020715,False,True,False,False,False,False,False,True,1791033050728,1791033051097,1791033052187,1090,0.1761995274963559,1.2449720113038618
PAPER:TAKEUSDT:1791032999999:LONG,TAKEUSDT,LONG,0.1981648558068816,False,0.25,1000,-4.45263633915979,-0.890527267831958,False,-4.45263633915979,-0.890527267831958,False,False,False,False,False,False,False,False,,,,,,0.0
PAPER:AVAUSDT:1791032999999:LONG,AVAUSDT,LONG,0.052532112366043826,False,0.25,1000,-3.304734763964892,-0.6609469527929784,False,-3.304734763964892,-0.6609469527929784,False,False,False,False,False,False,False,False,,,,,,0.0
PAPER:GTCUSDT:1791032999999:LONG,GTCUSDT,LONG,0.5910414075610326,True,0.25,1000,-5.389497416018015,-1.077899483203603,True,-0.39484911573916714,-0.07896982314783342,False,True,False,False,False,False,False,True,1791033054377,1791033062408,1791033063483,1075,0.2498127249698905,4.994648300278848
PAPER:KSMUSDT:1791032999999:LONG,KSMUSDT,LONG,0.0557320840319786,False,0.25,1000,-3.0776393835983287,-0.6155278767196658,False,-3.0776393835983287,-0.6155278767196658,False,False,False,False,False,False,False,False,,,,,,0.0
PAPER:ARKMUSDT:1791033599999:SHORT,ARKMUSDT,SHORT,0.056405475136281816,False,0.25,1000,-2.8622419480075423,-0.5724483896015085,False,-2.8622419480075423,-0.5724483896015085,False,False,False,False,False,False,False,False,,,,,,0.0
PAPER:POWERUSDT:1791033599999:SHORT,POWERUSDT,SHORT,0.1333104729659478,False,0.25,1000,-3.2520922207080236,-0.6504184441416047,False,-3.2520922207080236,-0.6504184441416047,False,False,False,False,False,False,False,False,,,,,,0.0
PAPER:IOUSDT:1791033599999:LONG,IOUSDT,LONG,0.04360451065001936,False,0.25,1000,-3.8091145606756855,-0.7618229121351371,False,-3.8091145606756855,-0.7618229121351371,False,False,False,False,False,False,False,False,,,,,,0.0
PAPER:TRADOORUSDT:1791033899999:SHORT,TRADOORUSDT,SHORT,0.037861202555832515,False,0.25,1000,-6.7422084359017616,-1.3484416871803524,False,-6.7422084359017616,-1.3484416871803524,False,False,False,False,False,False,False,False,,,,,,0.0
PAPER:LITUSDT:1791033899999:SHORT,LITUSDT,SHORT,0.5614579357694294,True,0.25,1000,-1.1427683363038064,-0.22855366726076126,True,1.103978477152289,0.2207956954304578,True,True,False,False,True,False,False,True,1791035288027,1791035295394,1791035296397,1003,0.5614579357694294,2.2467468134560953
PAPER:GLMUSDT:1791033899999:LONG,GLMUSDT,LONG,0.41155018572360813,False,0.25,1000,-1.5272247018917282,-0.30544494037834563,True,-0.4108896850197075,-0.0821779370039415,False,True,False,False,False,False,False,True,1791034020530,1791034032639,1791034036524,3885,0.411550185723613,1.1163350168720207
PAPER:PORTALUSDT:1791033899999:LONG,PORTALUSDT,LONG,0.2034230025503403,False,0.25,1000,-2.4843567110599034,-0.49687134221198065,False,-2.4843567110599034,-0.49687134221198065,False,False,False,False,False,False,False,False,,,,,,0.0
PAPER:PROMPTUSDT:1791033899999:LONG,PROMPTUSDT,LONG,0.02804821063659979,False,0.25,1000,-0.9498100379923309,-0.18996200759846618,False,-0.9498100379923309,-0.18996200759846618,False,False,False,False,False,False,False,False,,,,,,0.0
PAPER:MAGMAUSDT:1791033899999:SHORT,MAGMAUSDT,SHORT,0.11747463534199344,False,0.25,1000,-1.6167348982446283,-0.32334697964892567,False,-1.6167348982446283,-0.32334697964892567,False,False,False,False,False,False,False,False,,,,,,0.0
PAPER:SYRUPUSDT:1791034499999:LONG,SYRUPUSDT,LONG,0.3365032121780853,False,0.25,1000,-1.7301618973079922,-0.3460323794615984,True,0.07065008572813974,0.014130017145627949,True,True,False,False,False,False,False,True,1791034856569,1791034859943,1791034861191,1248,0.3365032121780856,1.800811983036132
PAPER:SOPHUSDT:1791034799999:LONG,SOPHUSDT,LONG,0.032486940932008324,False,0.25,1000,-1.0808927650165776,-0.21617855300331554,False,-1.0808927650165776,-0.21617855300331554,False,False,False,False,False,False,False,False,,,,,,0.0
PAPER:TRBUSDT:1791034799999:LONG,TRBUSDT,LONG,0.17249534305692205,False,0.25,1000,-1.1180799807020212,-0.22361599614040423,False,-1.1180799807020212,-0.22361599614040423,False,False,False,False,False,False,False,False,,,,,,0.0
PAPER:BRETTUSDT:1791034799999:LONG,BRETTUSDT,LONG,0.013901271279914695,False,0.25,1000,-2.8970518364541604,-0.5794103672908321,False,-2.8970518364541604,-0.5794103672908321,False,False,False,False,False,False,False,False,,,,,,0.0
PAPER:HANAUSDT:1791034799999:SHORT,HANAUSDT,SHORT,0.39639901335803707,False,0.25,1000,-4.076179984123353,-0.8152359968246706,True,-0.5333913785255111,-0.10667827570510223,False,True,False,False,False,False,False,True,1791035379027,1791035403440,1791035408172,4732,0.39639901335803707,3.542788605597842
PAPER:COOKIEUSDT:1791034799999:LONG,COOKIEUSDT,LONG,0.02588041584095091,False,0.25,1000,-3.432422254842399,-0.6864844509684798,False,-3.432422254842399,-0.6864844509684798,False,False,False,False,False,False,False,False,,,,,,0.0
PAPER:BLURUSDT:1791035099999:LONG,BLURUSDT,LONG,0.026898935409902514,False,0.25,1000,-2.1210698643572643,-0.4242139728714529,False,-2.1210698643572643,-0.4242139728714529,False,False,False,False,False,False,False,False,,,,,,0.0
PAPER:GTCUSDT:1791035399999:LONG,GTCUSDT,LONG,0.1905703102749179,False,0.25,1000,0.06306476224254054,0.012612952448508108,False,0.06306476224254054,0.012612952448508108,True,False,False,False,False,False,False,False,,,,,,0.0
PAPER:BIOUSDT:1791035399999:LONG,BIOUSDT,LONG,0.04403217979522811,False,0.25,1000,-2.7089125322549616,-0.5417825064509922,False,-2.7089125322549616,-0.5417825064509922,False,False,False,False,False,False,False,False,,,,,,0.0
PAPER:NILUSDT:1791035699999:SHORT,NILUSDT,SHORT,0.2057747892693691,False,0.25,1000,-1.6043812094959564,-0.3208762418991913,False,-1.6043812094959564,-0.3208762418991913,False,False,False,False,False,False,False,False,,,,,,0.0
PAPER:PARTIUSDT:1791035699999:LONG,PARTIUSDT,LONG,0.38892017097602594,False,0.25,1000,-0.4391503345547632,-0.08783006691095264,True,-0.6093702357006527,-0.12187404714013055,False,False,False,True,False,False,False,True,1791035727868,1791035728903,1791035730020,1117,0.15038573744010164,-0.17021990114588953
PAPER:SIGNUSDT:1791035999999:LONG,SIGNUSDT,LONG,0.020325020332290222,False,0.25,1000,-2.903522065186805,-0.580704413037361,False,-2.903522065186805,-0.580704413037361,False,False,False,False,False,False,False,False,,,,,,0.0
PAPER:FHEUSDT:1791035999999:LONG,FHEUSDT,LONG,0.07019795860405686,False,0.25,1000,-1.0624453988318034,-0.2124890797663607,False,-1.0624453988318034,-0.2124890797663607,False,False,False,False,False,False,False,False,,,,,,0.0
PAPER:ENJUSDT:1791035999999:LONG,ENJUSDT,LONG,0.09842864118914108,False,0.25,1000,-0.5061394517069918,-0.10122789034139837,False,-0.5061394517069918,-0.10122789034139837,False,False,False,False,False,False,False,False,,,,,,0.0
PAPER:CHILLGUYUSDT:1791036299999:SHORT,CHILLGUYUSDT,SHORT,0.29671056237814813,False,0.25,1000,-1.6460776979307021,-0.3292155395861404,True,-0.21564195253322527,-0.043128390506645055,False,True,False,False,False,False,False,True,1791036399784,1791036434322,1791036442552,8230,0.2349125988311653,1.4304357453974768
PAPER:ZAMAUSDT:1791036299999:LONG,ZAMAUSDT,LONG,0.05344670536999718,False,0.25,1000,-2.7535616422870577,-0.5507123284574116,False,-2.7535616422870577,-0.5507123284574116,False,False,False,False,False,False,False,False,,,,,,0.0
PAPER:MTLUSDT:1791036299999:SHORT,MTLUSDT,SHORT,0.392645968101903,False,0.25,1000,-2.9359691162288346,-0.5871938232457669,True,-0.7913277117498396,-0.15826554234996792,False,True,False,False,False,False,False,True,1791036656546,1791036794963,1791036796260,1297,0.1069652204004883,2.144641404478995
PAPER:MELANIAUSDT:1791036599999:SHORT,MELANIAUSDT,SHORT,0.11439277969808952,False,0.25,1000,-2.823923833139723,-0.5647847666279447,False,-2.823923833139723,-0.5647847666279447,False,False,False,False,False,False,False,False,,,,,,0.0
PAPER:QNTUSDT:1791036599999:SHORT,QNTUSDT,SHORT,0.09206771523578838,False,0.25,1000,-1.1304764324347885,-0.2260952864869577,False,-1.1304764324347885,-0.2260952864869577,False,False,False,False,False,False,False,False,,,,,,0.0
PAPER:1000000BOBUSDT:1791036899999:SHORT,1000000BOBUSDT,SHORT,0.20259244727284154,False,0.25,1000,-0.9501900380075976,-0.19003800760151954,False,-0.9501900380075976,-0.19003800760151954,False,False,False,False,False,False,False,False,,,,,,0.0
PAPER:ZECUSDT:1791036899999:SHORT,ZECUSDT,SHORT,0.34743220879288866,False,0.25,1000,-2.4871455712255535,-0.49742911424511066,True,0.013794666706006875,0.002758933341201375,True,True,False,False,False,False,False,True,1791037459580,1791037518581,1791037519687,1106,0.2685301174697531,2.50094023793156
PAPER:VELVETUSDT:1791037199999:LONG,VELVETUSDT,LONG,0.16967139011807575,False,0.25,1000,-2.5920327443301128,-0.5184065488660226,False,-2.5920327443301128,-0.5184065488660226,False,False,False,False,False,False,False,False,,,,,,0.0
PAPER:EVAAUSDT:1791037499999:LONG,EVAAUSDT,LONG,0.056646393986836685,False,0.25,1000,-3.821169888291375,-0.7642339776582749,False,-3.821169888291375,-0.7642339776582749,False,False,False,False,False,False,False,False,,,,,,0.0
PAPER:ONEUSDT:1791037499999:LONG,ONEUSDT,LONG,0.24924997047268693,False,0.25,1000,-6.076218006145115,-1.215243601229023,False,-6.076218006145115,-1.215243601229023,False,False,False,False,False,False,False,False,,,,,,0.0
PAPER:DEEPUSDT:1791037799999:LONG,DEEPUSDT,LONG,0.02104669378111268,False,0.25,1000,-3.6150511995301473,-0.7230102399060295,False,-3.6150511995301473,-0.7230102399060295,False,False,False,False,False,False,False,False,,,,,,0.0
PAPER:OPUSDT:1791037799999:LONG,OPUSDT,LONG,0.26694344698652284,False,0.25,1000,-2.0891271981087893,-0.4178254396217579,True,-0.7660492057154759,-0.15320984114309516,False,True,False,False,False,False,False,True,1791037924176,1791037928244,1791037929548,1304,0.17129696439106,1.3230779923933134
PAPER:DRIFTUSDT:1791037799999:LONG,DRIFTUSDT,LONG,0.13110727980347736,False,0.25,1000,-3.088406569315816,-0.6176813138631632,False,-3.088406569315816,-0.6176813138631632,False,False,False,False,False,False,False,False,,,,,,0.0
PAPER:ORDIUSDT:1791037799999:LONG,ORDIUSDT,LONG,0.3061675616160109,False,0.25,1000,-2.7963146550767375,-0.5592629310153475,True,0.027751229875880242,0.005550245975176049,True,True,False,False,False,False,False,True,1791039083811,1791039096860,1791039098079,1219,0.1757021366496767,2.824065884952618
PAPER:SUPERUSDT:1791038099999:LONG,SUPERUSDT,LONG,0.6513379595819213,True,0.25,1000,-3.4602375064787063,-0.6920475012957413,True,-0.29410137085033594,-0.05882027417006719,False,True,False,False,True,False,False,True,1791038218867,1791038218868,1791038219889,1021,0.6513379595819316,3.1661361356283706
PAPER:KAIAUSDT:1791038099999:LONG,KAIAUSDT,LONG,0.006629832488891374,False,0.25,1000,-3.410360241533641,-0.6820720483067282,False,-3.410360241533641,-0.6820720483067282,False,False,False,False,False,False,False,False,,,,,,0.0
PAPER:1000CATUSDT:1791038699999:LONG,1000CATUSDT,LONG,0.4267421761402934,False,0.25,1000,-0.838231577321695,-0.16764631546433897,True,0.16597456871457816,0.03319491374291563,True,True,False,False,False,False,False,True,1791039125585,1791039125988,1791039135783,9795,0.4267421761402879,1.0042061460362732
PAPER:USUSDT:1791038699999:SHORT,USUSDT,SHORT,0.48393229097455304,False,0.25,1000,-0.7002546247073798,-0.14005092494147595,True,-0.15494099568863384,-0.030988199137726765,False,True,False,False,False,False,False,True,1791038766472,1791038842620,1791038843648,1028,0.4566924914191514,0.5453136290187459
PAPER:哈基米USDT:1791038699999:SHORT,哈基米USDT,SHORT,0.10980781490497439,False,0.25,1000,-0.6253521470030563,-0.12507042940061125,False,-0.6253521470030563,-0.12507042940061125,False,False,False,False,False,False,False,False,,,,,,0.0
PAPER:XMRUSDT:1791038699999:LONG,XMRUSDT,LONG,0.34497365381629397,False,0.25,1000,-1.4191267554642937,-0.2838253510928587,True,0.042975325890406924,0.008595065178081384,True,True,False,False,False,False,False,True,1791039110202,1791039377860,1791039379113,1253,0.3016109225747648,1.4621020813547005
PAPER:NEARUSDT:1791038999999:LONG,NEARUSDT,LONG,0.2154525207140212,False,0.25,1000,-3.248598645182094,-0.6497197290364188,False,-3.248598645182094,-0.6497197290364188,False,False,False,False,False,False,False,False,,,,,,0.0
PAPER:RENDERUSDT:1791038999999:LONG,RENDERUSDT,LONG,0.3777364865167332,False,0.25,1000,-2.564063511265951,-0.5128127022531902,True,0.04357671479134407,0.008715342958268814,True,True,False,False,False,False,False,True,1791040090048,1791040118071,1791040120625,2554,0.3777364865167244,2.607640226057295
PAPER:AEVOUSDT:1791039299999:LONG,AEVOUSDT,LONG,0.32084492192470115,False,0.25,1000,-2.7469840170223327,-0.5493968034044666,True,-0.003928996397624118,-0.0007857992795248236,False,True,False,False,False,False,False,True,1791039462372,1791039571798,1791039574170,2372,0.20723128101652835,2.7430550206247086
PAPER:ONUSDT:1791039599999:SHORT,ONUSDT,SHORT,0.359578557077644,False,0.25,1000,-0.4752610152011104,-0.09505220304022208,True,-0.47526101520117625,-0.09505220304023526,False,False,False,False,False,False,False,True,1791039637003,1791039637008,1791039638152,1144,0.16978727813873884,-6.583622536027178e-14
PAPER:XVGUSDT:1791039599999:LONG,XVGUSDT,LONG,0.07237850243317911,False,0.25,1000,-3.6415072428999737,-0.7283014485799947,False,-3.6415072428999737,-0.7283014485799947,False,False,False,False,False,False,False,False,,,,,,0.0
PAPER:CUSDT:1791039899999:LONG,CUSDT,LONG,1.1357841017241022,True,0.25,1000,-4.815485513170761,-0.9630971026341522,True,-2.9579531419810787,-0.5915906283962157,False,True,False,False,True,True,False,True,1791039956487,1791039956495,1791039957612,1117,1.135784101724093,1.857532371189682
PAPER:龙虾USDT:1791039899999:SHORT,龙虾USDT,SHORT,0.0010972658666689283,False,0.25,1000,-2.3230755803059737,-0.4646151160611947,False,-2.3230755803059737,-0.4646151160611947,False,False,False,False,False,False,False,False,,,,,,0.0
PAPER:PHAUSDT:1791039899999:SHORT,PHAUSDT,SHORT,0.5336391386070395,True,0.25,1000,-1.3147750271102738,-0.26295500542205474,True,-0.43977105326381954,-0.0879542106527639,False,True,False,False,False,False,False,True,1791040049204,1791040049267,1791040050365,1098,0.16940023110230443,0.8750039738464543
PAPER:MIRAUSDT:1791040199999:SHORT,MIRAUSDT,SHORT,0.13354810666604766,False,0.25,1000,-1.3344350505103577,-0.26688701010207155,False,-1.3344350505103577,-0.26688701010207155,False,False,False,False,False,False,False,False,,,,,,0.0
PAPER:MEGAUSDT:1791040199999:LONG,MEGAUSDT,LONG,0.5974185977954738,True,0.25,1000,-0.07597016259568207,-0.015194032519136414,True,0.07823687423905366,0.015647374847810733,True,True,False,False,False,False,False,True,1791040281087,1791040288504,1791040289627,1123,0.350452758357344,0.15420703683473574
PAPER:SANDUSDT:1791040499999:LONG,SANDUSDT,LONG,0.8209450237695926,True,0.25,1000,1.3474539452734347,0.26949078905468693,True,0.1660038967367442,0.033200779347348844,True,False,True,True,True,False,False,True,1791040526052,1791040526053,1791040527112,1059,0.8209450237695979,-1.1814500485366906
PAPER:BANUSDT:1791040499999:SHORT,BANUSDT,SHORT,0.05628890843004262,False,0.25,1000,-3.0502385088000796,-0.6100477017600159,False,-3.0502385088000796,-0.6100477017600159,False,False,False,False,False,False,False,False,,,,,,0.0
PAPER:MORPHOUSDT:1791040799999:LONG,MORPHOUSDT,LONG,0.02861058304419739,False,0.25,1000,-1.9210183355999124,-0.3842036671199825,False,-1.9210183355999124,-0.3842036671199825,False,False,False,False,False,False,False,False,,,,,,0.0
PAPER:BMTUSDT:1791040799999:LONG,BMTUSDT,LONG,0.302520141133078,False,0.25,1000,-2.695113121192824,-0.5390226242385647,True,-2.8293672045159526,-0.5658734409031905,False,False,False,True,False,False,False,True,1791041233842,1791041235317,1791041236328,1011,0.3025201411330761,-0.13425408332312871
PAPER:TAKEUSDT:1791041099999:LONG,TAKEUSDT,LONG,0.08721294956695047,False,0.25,1000,-1.523598169842145,-0.304719633968429,False,-1.523598169842145,-0.304719633968429,False,False,False,False,False,False,False,False,,,,,,0.0
PAPER:SENTUSDT:1791041099999:SHORT,SENTUSDT,SHORT,0.025708980918666427,False,0.25,1000,-3.3524018731991214,-0.6704803746398242,False,-3.3524018731991214,-0.6704803746398242,False,False,False,False,False,False,False,False,,,,,,0.0
PAPER:TAKEUSDT:1791041399999:LONG,TAKEUSDT,LONG,0.17738289851521039,False,0.25,1000,-2.2391385466262355,-0.4478277093252471,False,-2.2391385466262355,-0.4478277093252471,False,False,False,False,False,False,False,False,,,,,,0.0
PAPER:PHAROSUSDT:1791041999999:LONG,PHAROSUSDT,LONG,0.1184037832522078,False,0.25,1000,-2.747298263215607,-0.5494596526431214,False,-2.747298263215607,-0.5494596526431214,False,False,False,False,False,False,False,False,,,,,,0.0
PAPER:AVAAIUSDT:1791042299999:LONG,AVAAIUSDT,LONG,0.5843370032250439,True,0.25,1000,-1.8501523740850172,-0.37003047481700346,True,-1.0027713518801633,-0.20055427037603266,False,True,False,False,False,False,False,True,1791042458348,1791042471363,1791042472973,1610,0.06482266643173494,0.8473810222048539
PAPER:INXUSDT:1791042299999:LONG,INXUSDT,LONG,0.5111944571072558,True,0.25,1000,-0.949810037992343,-0.1899620075984686,True,0.1281457098917822,0.02562914197835644,True,True,False,False,True,False,False,True,1791042341949,1791042345100,1791042347066,1966,0.5111944571072548,1.077955747884125
PAPER:CYSUSDT:1791042299999:SHORT,CYSUSDT,SHORT,0.04109557403234674,False,0.25,1000,-2.4791307528456885,-0.4958261505691377,False,-2.4791307528456885,-0.4958261505691377,False,False,False,False,False,False,False,False,,,,,,0.0
PAPER:AKTUSDT:1791043199999:LONG,AKTUSDT,LONG,0.09885095789161635,False,0.25,1000,-3.5100134635034834,-0.7020026927006967,False,-3.5100134635034834,-0.7020026927006967,False,False,False,False,False,False,False,False,,,,,,0.0
PAPER:AIOUSDT:1791043499999:LONG,AIOUSDT,LONG,0.3392750607989381,False,0.25,1000,-0.05248551804010343,-0.010497103608020685,False,-0.05248551804010343,-0.010497103608020685,False,False,False,False,False,False,False,True,1791043561955,,,,,0.0
PAPER:TAKEUSDT:1791030299999:LONG,TAKEUSDT,LONG,0.20078003326780003,False,0.3,0,-4.179531297998999,-0.8359062595997998,False,-4.179531297998999,-0.8359062595997998,False,False,False,False,False,False,False,False,,,,,,0.0
PAPER:C98USDT:1791030299999:SHORT,C98USDT,SHORT,0.5325927063865858,True,0.3,0,-0.33561030806532705,-0.06712206161306541,True,-0.028320443094112635,-0.005664088618822527,False,True,False,False,False,False,False,True,1791031096796,1791031097023,1791031097023,0,0.2255945357272764,0.3072898649712144
PAPER:RAYSOLUSDT:1791030299999:LONG,RAYSOLUSDT,LONG,0.3865045416249213,False,0.3,0,-4.294281797041444,-0.8588563594082889,True,-0.01813576225724922,-0.0036271524514498443,False,True,False,False,False,False,False,True,1791030721380,1791030732247,1791030732247,0,0.3673751043343543,4.276146034784195
PAPER:MASKUSDT:1791030299999:SHORT,MASKUSDT,SHORT,0.4782276505114329,False,0.3,0,-0.6904478264892522,-0.13808956529785044,True,-0.015118076541783432,-0.0030236153083566864,False,True,False,False,False,False,False,True,1791030634642,1791030676751,1791030676751,0,0.4782276505114329,0.6753297499474687
PAPER:2ZUSDT:1791030599999:SHORT,2ZUSDT,SHORT,0.04643975739345436,False,0.3,0,-3.1670863623565806,-0.6334172724713161,False,-3.1670863623565806,-0.6334172724713161,False,False,False,False,False,False,False,False,,,,,,0.0
PAPER:ARKUSDT:1791030599999:LONG,ARKUSDT,LONG,0.11126877469145313,False,0.3,0,-0.9498100379923222,-0.18996200759846446,False,-0.9498100379923222,-0.18996200759846446,False,False,False,False,False,False,False,False,,,,,,0.0
PAPER:ICPUSDT:1791030599999:SHORT,ICPUSDT,SHORT,0.13297856879422754,False,0.3,0,-2.251777408861963,-0.45035548177239265,False,-2.251777408861963,-0.45035548177239265,False,False,False,False,False,False,False,False,,,,,,0.0
PAPER:ALCHUSDT:1791030599999:SHORT,ALCHUSDT,SHORT,0.040601939818374046,False,0.3,0,-3.073413425363308,-0.6146826850726615,False,-3.073413425363308,-0.6146826850726615,False,False,False,False,False,False,False,False,,,,,,0.0
PAPER:1000SATSUSDT:1791030599999:SHORT,1000SATSUSDT,SHORT,0.14356100983075173,False,0.3,0,-2.382743729857922,-0.4765487459715844,False,-2.382743729857922,-0.4765487459715844,False,False,False,False,False,False,False,False,,,,,,0.0
PAPER:SPXUSDT:1791030599999:SHORT,SPXUSDT,SHORT,0.3946344312621141,False,0.3,0,-3.082995430845726,-0.6165990861691453,True,-0.027895814077618927,-0.005579162815523785,False,True,False,False,False,False,False,True,1791031430098,1791031505552,1791031505552,0,0.3946344312621141,3.055099616768107
PAPER:BERAUSDT:1791030599999:SHORT,BERAUSDT,SHORT,0.02415494136355687,False,0.3,0,-2.7182260293118015,-0.5436452058623603,False,-2.7182260293118015,-0.5436452058623603,False,False,False,False,False,False,False,False,,,,,,0.0
PAPER:CLOUSDT:1791030599999:SHORT,CLOUSDT,SHORT,0.562071677187042,True,0.3,0,0.020857857313486106,0.0041715714626972215,False,0.020857857313486106,0.0041715714626972215,True,False,False,False,False,False,False,True,1791030681645,,,,,0.0
PAPER:RONINUSDT:1791030599999:SHORT,RONINUSDT,SHORT,0.4201447269727042,False,0.3,0,-0.9881699462047233,-0.19763398924094466,True,-0.038672241276834274,-0.007734448255366855,False,True,False,False,False,False,False,True,1791031329072,1791031515790,1791031515790,0,0.17730404958078655,0.949497704927889
PAPER:BABYUSDT:1791030599999:SHORT,BABYUSDT,SHORT,0.13108361853639602,False,0.3,0,-2.4625017903882367,-0.4925003580776473,False,-2.4625017903882367,-0.4925003580776473,False,False,False,False,False,False,False,False,,,,,,0.0
PAPER:LQTYUSDT:1791030599999:SHORT,LQTYUSDT,SHORT,0.23922711108097128,False,0.3,0,-1.1664212216092822,-0.23328424432185646,False,-1.1664212216092822,-0.23328424432185646,False,False,False,False,False,False,False,False,,,,,,0.0
PAPER:ELSAUSDT:1791030599999:SHORT,ELSAUSDT,SHORT,0.09292788177507333,False,0.3,0,-2.8341764513986663,-0.5668352902797332,False,-2.8341764513986663,-0.5668352902797332,False,False,False,False,False,False,False,False,,,,,,0.0
PAPER:LYNUSDT:1791030899999:SHORT,LYNUSDT,SHORT,0.4910471145324048,False,0.3,0,-0.2194233372221207,-0.04388466744442414,False,-0.2194233372221207,-0.04388466744442414,False,False,False,False,False,False,False,True,1791030952359,,,,,0.0
PAPER:CUSDT:1791030899999:LONG,CUSDT,LONG,0.5052576067934522,True,0.3,0,-4.734098707132696,-0.9468197414265391,True,-0.041580757398733785,-0.008316151479746757,False,True,False,False,False,False,False,True,1791031009256,1791031009268,1791031009268,0,0.19212564842052743,4.692517949733962
PAPER:BATUSDT:1791030899999:SHORT,BATUSDT,SHORT,0.06560207944017078,False,0.3,0,-3.5743672405177547,-0.7148734481035509,False,-3.5743672405177547,-0.7148734481035509,False,False,False,False,False,False,False,False,,,,,,0.0
PAPER:SOLVUSDT:1791030899999:SHORT,SOLVUSDT,SHORT,0.09791630573226773,False,0.3,0,-0.3600282954492119,-0.07200565908984238,False,-0.3600282954492119,-0.07200565908984238,False,False,False,False,False,False,False,False,,,,,,0.0
PAPER:SOONUSDT:1791031199999:LONG,SOONUSDT,LONG,0.43180093380581486,False,0.3,0,-0.8170548040842363,-0.16341096081684725,True,-0.02052340063613572,-0.004104680127227144,False,True,False,False,False,False,False,True,1791031299364,1791031302721,1791031302721,0,0.1394617408256968,0.7965314034481006
PAPER:GUAUSDT:1791031199999:SHORT,GUAUSDT,SHORT,0.09482952847747854,False,0.3,0,-2.3151338684784952,-0.46302677369569906,False,-2.3151338684784952,-0.46302677369569906,False,False,False,False,False,False,False,False,,,,,,0.0
PAPER:WAXPUSDT:1791031199999:SHORT,WAXPUSDT,SHORT,0.15796753656780602,False,0.3,0,-2.1242987820307544,-0.42485975640615087,False,-2.1242987820307544,-0.42485975640615087,False,False,False,False,False,False,False,False,,,,,,0.0
PAPER:XVGUSDT:1791031199999:SHORT,XVGUSDT,SHORT,0.2963147974313368,False,0.3,0,-2.770751292099085,-0.5541502584198169,False,-2.770751292099085,-0.5541502584198169,False,False,False,False,False,False,False,False,,,,,,0.0
PAPER:BLUAIUSDT:1791031199999:SHORT,BLUAIUSDT,SHORT,0.4188883317460625,False,0.3,0,-5.699480266072115,-1.1398960532144229,True,-0.000331992394597469,-6.63984789194938e-05,False,True,False,False,False,False,False,True,1791031328826,1791031338460,1791031338460,0,0.3951644218786969,5.699148273677517
PAPER:NILUSDT:1791031199999:LONG,NILUSDT,LONG,0.22971618806590932,False,0.3,0,-2.7020749171407723,-0.5404149834281544,False,-2.7020749171407723,-0.5404149834281544,False,False,False,False,False,False,False,False,,,,,,0.0
PAPER:LDOUSDT:1791031199999:SHORT,LDOUSDT,SHORT,0.4188727170620659,False,0.3,0,-4.903833487188899,-0.9807666974377798,True,-0.07160260485622721,-0.014320520971245443,False,True,False,False,False,False,False,True,1791031764154,1791031860776,1791031860776,0,0.1555466863447258,4.832230882332672
PAPER:ONUSDT:1791031499999:SHORT,ONUSDT,SHORT,0.1664265751566015,False,0.3,0,-2.3497478852713356,-0.46994957705426715,False,-2.3497478852713356,-0.46994957705426715,False,False,False,False,False,False,False,False,,,,,,0.0
PAPER:CVCUSDT:1791031499999:SHORT,CVCUSDT,SHORT,0.15044590376835515,False,0.3,0,-2.485696755915584,-0.4971393511831168,False,-2.485696755915584,-0.4971393511831168,False,False,False,False,False,False,False,False,,,,,,0.0
PAPER:FOGOUSDT:1791031499999:SHORT,FOGOUSDT,SHORT,0.057127292047956295,False,0.3,0,-3.4110859982869592,-0.6822171996573918,False,-3.4110859982869592,-0.6822171996573918,False,False,False,False,False,False,False,False,,,,,,0.0
PAPER:MUSDT:1791031499999:SHORT,MUSDT,SHORT,0.1562427022849482,False,0.3,0,-1.0481979068353748,-0.20963958136707497,False,-1.0481979068353748,-0.20963958136707497,False,False,False,False,False,False,False,False,,,,,,0.0
PAPER:TRUTHUSDT:1791031799999:SHORT,TRUTHUSDT,SHORT,0.04259979890824061,False,0.3,0,-1.8553263437999297,-0.37106526875998597,False,-1.8553263437999297,-0.37106526875998597,False,False,False,False,False,False,False,False,,,,,,0.0
PAPER:MEWUSDT:1791031799999:LONG,MEWUSDT,LONG,0.20671602640922604,False,0.3,0,-2.9316560299051333,-0.5863312059810266,False,-2.9316560299051333,-0.5863312059810266,False,False,False,False,False,False,False,False,,,,,,0.0
PAPER:ATHUSDT:1791032399999:LONG,ATHUSDT,LONG,0.9362862664506144,True,0.3,0,-1.4344200088454728,-0.28688400176909457,True,-0.049820092122443704,-0.00996401842448874,False,True,False,False,False,False,False,True,1791032660952,1791032714046,1791032714046,0,0.22946893848288255,1.3845999167230292
PAPER:PARTIUSDT:1791032699999:LONG,PARTIUSDT,LONG,0.12131849248524507,False,0.3,0,-1.6557113665605714,-0.3311422733121143,False,-1.6557113665605714,-0.3311422733121143,False,False,False,False,False,False,False,False,,,,,,0.0
PAPER:SCRUSDT:1791032699999:SHORT,SCRUSDT,SHORT,0.17458744667221668,False,0.3,0,-4.748328639463314,-0.9496657278926629,False,-4.748328639463314,-0.9496657278926629,False,False,False,False,False,False,False,False,,,,,,0.0
PAPER:FLUIDUSDT:1791032699999:LONG,FLUIDUSDT,LONG,0.40288014904572567,False,0.3,0,-1.5533450107561027,-0.3106690021512205,True,-0.04450757884675477,-0.008901515769350955,False,True,False,False,False,False,False,True,1791032784244,1791032795054,1791032795054,0,0.4028801490457218,1.5088374319093478
PAPER:BRUSDT:1791032999999:SHORT,BRUSDT,SHORT,0.27254947442767047,False,0.3,0,-1.4411649157048976,-0.2882329831409795,False,-1.4411649157048976,-0.2882329831409795,False,False,False,False,False,False,False,False,,,,,,0.0
PAPER:TAKEUSDT:1791032999999:LONG,TAKEUSDT,LONG,0.1981648558068816,False,0.3,0,-4.45263633915979,-0.890527267831958,False,-4.45263633915979,-0.890527267831958,False,False,False,False,False,False,False,False,,,,,,0.0
PAPER:AVAUSDT:1791032999999:LONG,AVAUSDT,LONG,0.052532112366043826,False,0.3,0,-3.304734763964892,-0.6609469527929784,False,-3.304734763964892,-0.6609469527929784,False,False,False,False,False,False,False,False,,,,,,0.0
PAPER:GTCUSDT:1791032999999:LONG,GTCUSDT,LONG,0.5910414075610326,True,0.3,0,-5.389497416018015,-1.077899483203603,True,-0.038088522862153695,-0.007617704572430739,False,True,False,False,False,False,False,True,1791033054384,1791033062408,1791033062408,0,0.2498127249698905,5.351408893155861
PAPER:KSMUSDT:1791032999999:LONG,KSMUSDT,LONG,0.0557320840319786,False,0.3,0,-3.0776393835983287,-0.6155278767196658,False,-3.0776393835983287,-0.6155278767196658,False,False,False,False,False,False,False,False,,,,,,0.0
PAPER:ARKMUSDT:1791033599999:SHORT,ARKMUSDT,SHORT,0.056405475136281816,False,0.3,0,-2.8622419480075423,-0.5724483896015085,False,-2.8622419480075423,-0.5724483896015085,False,False,False,False,False,False,False,False,,,,,,0.0
PAPER:POWERUSDT:1791033599999:SHORT,POWERUSDT,SHORT,0.1333104729659478,False,0.3,0,-3.2520922207080236,-0.6504184441416047,False,-3.2520922207080236,-0.6504184441416047,False,False,False,False,False,False,False,False,,,,,,0.0
PAPER:IOUSDT:1791033599999:LONG,IOUSDT,LONG,0.04360451065001936,False,0.3,0,-3.8091145606756855,-0.7618229121351371,False,-3.8091145606756855,-0.7618229121351371,False,False,False,False,False,False,False,False,,,,,,0.0
PAPER:TRADOORUSDT:1791033899999:SHORT,TRADOORUSDT,SHORT,0.037861202555832515,False,0.3,0,-6.7422084359017616,-1.3484416871803524,False,-6.7422084359017616,-1.3484416871803524,False,False,False,False,False,False,False,False,,,,,,0.0
PAPER:LITUSDT:1791033899999:SHORT,LITUSDT,SHORT,0.5614579357694294,True,0.3,0,-1.1427683363038064,-0.22855366726076126,True,-0.008696135225926827,-0.0017392270451853653,False,True,False,False,False,False,False,True,1791035295735,1791035312841,1791035312841,0,0.2336730205463847,1.1340722010778794
PAPER:GLMUSDT:1791033899999:LONG,GLMUSDT,LONG,0.41155018572360813,False,0.3,0,-1.5272247018917282,-0.30544494037834563,True,-0.025946575753371892,-0.005189315150674378,False,True,False,False,False,False,False,True,1791034872573,1791035009121,1791035009121,0,0.21889563816850233,1.5012781261383563
PAPER:PORTALUSDT:1791033899999:LONG,PORTALUSDT,LONG,0.2034230025503403,False,0.3,0,-2.4843567110599034,-0.49687134221198065,False,-2.4843567110599034,-0.49687134221198065,False,False,False,False,False,False,False,False,,,,,,0.0
PAPER:PROMPTUSDT:1791033899999:LONG,PROMPTUSDT,LONG,0.02804821063659979,False,0.3,0,-0.9498100379923309,-0.18996200759846618,False,-0.9498100379923309,-0.18996200759846618,False,False,False,False,False,False,False,False,,,,,,0.0
PAPER:MAGMAUSDT:1791033899999:SHORT,MAGMAUSDT,SHORT,0.11747463534199344,False,0.3,0,-1.6167348982446283,-0.32334697964892567,False,-1.6167348982446283,-0.32334697964892567,False,False,False,False,False,False,False,False,,,,,,0.0
PAPER:SYRUPUSDT:1791034499999:LONG,SYRUPUSDT,LONG,0.3365032121780853,False,0.3,0,-1.7301618973079922,-0.3460323794615984,True,-0.029395024440531214,-0.005879004888106243,False,True,False,False,False,False,False,True,1791034856578,1791034859943,1791034859943,0,0.3365032121780856,1.700766872867461
PAPER:SOPHUSDT:1791034799999:LONG,SOPHUSDT,LONG,0.032486940932008324,False,0.3,0,-1.0808927650165776,-0.21617855300331554,False,-1.0808927650165776,-0.21617855300331554,False,False,False,False,False,False,False,False,,,,,,0.0
PAPER:TRBUSDT:1791034799999:LONG,TRBUSDT,LONG,0.17249534305692205,False,0.3,0,-1.1180799807020212,-0.22361599614040423,False,-1.1180799807020212,-0.22361599614040423,False,False,False,False,False,False,False,False,,,,,,0.0
PAPER:BRETTUSDT:1791034799999:LONG,BRETTUSDT,LONG,0.013901271279914695,False,0.3,0,-2.8970518364541604,-0.5794103672908321,False,-2.8970518364541604,-0.5794103672908321,False,False,False,False,False,False,False,False,,,,,,0.0
PAPER:HANAUSDT:1791034799999:SHORT,HANAUSDT,SHORT,0.39639901335803707,False,0.3,0,-4.076179984123353,-0.8152359968246706,True,-0.11659271904339497,-0.023318543808678992,False,True,False,False,False,False,False,True,1791035379027,1791035403440,1791035403440,0,0.39639901335803707,3.9595872650799584
PAPER:COOKIEUSDT:1791034799999:LONG,COOKIEUSDT,LONG,0.02588041584095091,False,0.3,0,-3.432422254842399,-0.6864844509684798,False,-3.432422254842399,-0.6864844509684798,False,False,False,False,False,False,False,False,,,,,,0.0
PAPER:BLURUSDT:1791035099999:LONG,BLURUSDT,LONG,0.026898935409902514,False,0.3,0,-2.1210698643572643,-0.4242139728714529,False,-2.1210698643572643,-0.4242139728714529,False,False,False,False,False,False,False,False,,,,,,0.0
PAPER:GTCUSDT:1791035399999:LONG,GTCUSDT,LONG,0.1905703102749179,False,0.3,0,0.06306476224254054,0.012612952448508108,False,0.06306476224254054,0.012612952448508108,True,False,False,False,False,False,False,False,,,,,,0.0
PAPER:BIOUSDT:1791035399999:LONG,BIOUSDT,LONG,0.04403217979522811,False,0.3,0,-2.7089125322549616,-0.5417825064509922,False,-2.7089125322549616,-0.5417825064509922,False,False,False,False,False,False,False,False,,,,,,0.0
PAPER:NILUSDT:1791035699999:SHORT,NILUSDT,SHORT,0.2057747892693691,False,0.3,0,-1.6043812094959564,-0.3208762418991913,False,-1.6043812094959564,-0.3208762418991913,False,False,False,False,False,False,False,False,,,,,,0.0
PAPER:PARTIUSDT:1791035699999:LONG,PARTIUSDT,LONG,0.38892017097602594,False,0.3,0,-0.4391503345547632,-0.08783006691095264,True,-0.09871053226304322,-0.01974210645260864,False,True,False,False,False,False,False,True,1791035728176,1791035728903,1791035728903,0,0.15038573744010164,0.34043980229172
PAPER:SIGNUSDT:1791035999999:LONG,SIGNUSDT,LONG,0.020325020332290222,False,0.3,0,-2.903522065186805,-0.580704413037361,False,-2.903522065186805,-0.580704413037361,False,False,False,False,False,False,False,False,,,,,,0.0
PAPER:FHEUSDT:1791035999999:LONG,FHEUSDT,LONG,0.07019795860405686,False,0.3,0,-1.0624453988318034,-0.2124890797663607,False,-1.0624453988318034,-0.2124890797663607,False,False,False,False,False,False,False,False,,,,,,0.0
PAPER:ENJUSDT:1791035999999:LONG,ENJUSDT,LONG,0.09842864118914108,False,0.3,0,-0.5061394517069918,-0.10122789034139837,False,-0.5061394517069918,-0.10122789034139837,False,False,False,False,False,False,False,False,,,,,,0.0
PAPER:CHILLGUYUSDT:1791036299999:SHORT,CHILLGUYUSDT,SHORT,0.29671056237814813,False,0.3,0,-1.6460776979307021,-0.3292155395861404,False,-1.6460776979307021,-0.3292155395861404,False,False,False,False,False,False,False,False,,,,,,0.0
PAPER:ZAMAUSDT:1791036299999:LONG,ZAMAUSDT,LONG,0.05344670536999718,False,0.3,0,-2.7535616422870577,-0.5507123284574116,False,-2.7535616422870577,-0.5507123284574116,False,False,False,False,False,False,False,False,,,,,,0.0
PAPER:MTLUSDT:1791036299999:SHORT,MTLUSDT,SHORT,0.392645968101903,False,0.3,0,-2.9359691162288346,-0.5871938232457669,True,-0.15587840671900666,-0.031175681343801328,False,True,False,False,False,False,False,True,1791036657163,1791036794963,1791036794963,0,0.1069652204004883,2.780090709509828
PAPER:MELANIAUSDT:1791036599999:SHORT,MELANIAUSDT,SHORT,0.11439277969808952,False,0.3,0,-2.823923833139723,-0.5647847666279447,False,-2.823923833139723,-0.5647847666279447,False,False,False,False,False,False,False,False,,,,,,0.0
PAPER:QNTUSDT:1791036599999:SHORT,QNTUSDT,SHORT,0.09206771523578838,False,0.3,0,-1.1304764324347885,-0.2260952864869577,False,-1.1304764324347885,-0.2260952864869577,False,False,False,False,False,False,False,False,,,,,,0.0
PAPER:1000000BOBUSDT:1791036899999:SHORT,1000000BOBUSDT,SHORT,0.20259244727284154,False,0.3,0,-0.9501900380075976,-0.19003800760151954,False,-0.9501900380075976,-0.19003800760151954,False,False,False,False,False,False,False,False,,,,,,0.0
PAPER:ZECUSDT:1791036899999:SHORT,ZECUSDT,SHORT,0.34743220879288866,False,0.3,0,-2.4871455712255535,-0.49742911424511066,True,-0.001691031361659101,-0.0003382062723318202,False,True,False,False,False,False,False,True,1791037459585,1791037518581,1791037518581,0,0.2685301174697531,2.4854545398638943
PAPER:VELVETUSDT:1791037199999:LONG,VELVETUSDT,LONG,0.16967139011807575,False,0.3,0,-2.5920327443301128,-0.5184065488660226,False,-2.5920327443301128,-0.5184065488660226,False,False,False,False,False,False,False,False,,,,,,0.0
PAPER:EVAAUSDT:1791037499999:LONG,EVAAUSDT,LONG,0.056646393986836685,False,0.3,0,-3.821169888291375,-0.7642339776582749,False,-3.821169888291375,-0.7642339776582749,False,False,False,False,False,False,False,False,,,,,,0.0
PAPER:ONEUSDT:1791037499999:LONG,ONEUSDT,LONG,0.24924997047268693,False,0.3,0,-6.076218006145115,-1.215243601229023,False,-6.076218006145115,-1.215243601229023,False,False,False,False,False,False,False,False,,,,,,0.0
PAPER:DEEPUSDT:1791037799999:LONG,DEEPUSDT,LONG,0.02104669378111268,False,0.3,0,-3.6150511995301473,-0.7230102399060295,False,-3.6150511995301473,-0.7230102399060295,False,False,False,False,False,False,False,False,,,,,,0.0
PAPER:OPUSDT:1791037799999:LONG,OPUSDT,LONG,0.26694344698652284,False,0.3,0,-2.0891271981087893,-0.4178254396217579,False,-2.0891271981087893,-0.4178254396217579,False,False,False,False,False,False,False,False,,,,,,0.0
PAPER:DRIFTUSDT:1791037799999:LONG,DRIFTUSDT,LONG,0.13110727980347736,False,0.3,0,-3.088406569315816,-0.6176813138631632,False,-3.088406569315816,-0.6176813138631632,False,False,False,False,False,False,False,False,,,,,,0.0
PAPER:ORDIUSDT:1791037799999:LONG,ORDIUSDT,LONG,0.3061675616160109,False,0.3,0,-2.7963146550767375,-0.5592629310153475,True,-0.08086668877611941,-0.016173337755223883,False,True,False,False,False,False,False,True,1791039089065,1791039096860,1791039096860,0,0.1757021366496767,2.715447966300618
PAPER:SUPERUSDT:1791038099999:LONG,SUPERUSDT,LONG,0.6513379595819213,True,0.3,0,-3.4602375064787063,-0.6920475012957413,True,-0.013083370646641668,-0.0026166741293283335,False,True,False,False,True,False,False,True,1791038218868,1791038218918,1791038218918,0,0.6513379595819316,3.4471541358320645
PAPER:KAIAUSDT:1791038099999:LONG,KAIAUSDT,LONG,0.006629832488891374,False,0.3,0,-3.410360241533641,-0.6820720483067282,False,-3.410360241533641,-0.6820720483067282,False,False,False,False,False,False,False,False,,,,,,0.0
PAPER:1000CATUSDT:1791038699999:LONG,1000CATUSDT,LONG,0.4267421761402934,False,0.3,0,-0.838231577321695,-0.16764631546433897,True,-0.28033927396820985,-0.05606785479364197,False,True,False,False,False,False,False,True,1791039151284,1791039255975,1791039255975,0,0.24804690536423327,0.557892303353485
PAPER:USUSDT:1791038699999:SHORT,USUSDT,SHORT,0.48393229097455304,False,0.3,0,-0.7002546247073798,-0.14005092494147595,True,-0.01861258843391783,-0.0037225176867835665,False,True,False,False,False,False,False,True,1791038777439,1791038842620,1791038842620,0,0.4566924914191514,0.6816420362734619
PAPER:哈基米USDT:1791038699999:SHORT,哈基米USDT,SHORT,0.10980781490497439,False,0.3,0,-0.6253521470030563,-0.12507042940061125,False,-0.6253521470030563,-0.12507042940061125,False,False,False,False,False,False,False,False,,,,,,0.0
PAPER:XMRUSDT:1791038699999:LONG,XMRUSDT,LONG,0.34497365381629397,False,0.3,0,-1.4191267554642937,-0.2838253510928587,True,-0.002151281558794793,-0.0004302563117589586,False,True,False,False,False,False,False,True,1791039110210,1791039377860,1791039377860,0,0.3016109225747648,1.416975473905499
PAPER:NEARUSDT:1791038999999:LONG,NEARUSDT,LONG,0.2154525207140212,False,0.3,0,-3.248598645182094,-0.6497197290364188,False,-3.248598645182094,-0.6497197290364188,False,False,False,False,False,False,False,False,,,,,,0.0
PAPER:RENDERUSDT:1791038999999:LONG,RENDERUSDT,LONG,0.3777364865167332,False,0.3,0,-2.564063511265951,-0.5128127022531902,True,-0.2047699734046361,-0.04095399468092722,False,True,False,False,False,False,False,True,1791040094649,1791040118071,1791040118071,0,0.3777364865167244,2.3592935378613147
PAPER:AEVOUSDT:1791039299999:LONG,AEVOUSDT,LONG,0.32084492192470115,False,0.3,0,-2.7469840170223327,-0.5493968034044666,True,-0.1931052047165786,-0.03862104094331572,False,True,False,False,False,False,False,True,1791039480505,1791039571798,1791039571798,0,0.20723128101652835,2.5538788123057543
PAPER:ONUSDT:1791039599999:SHORT,ONUSDT,SHORT,0.359578557077644,False,0.3,0,-0.4752610152011104,-0.09505220304022208,True,-0.00033199239468789665,-6.639847893757933e-05,False,True,False,False,False,False,False,True,1791039637003,1791039637008,1791039637008,0,0.16978727813873884,0.4749290228064225
PAPER:XVGUSDT:1791039599999:LONG,XVGUSDT,LONG,0.07237850243317911,False,0.3,0,-3.6415072428999737,-0.7283014485799947,False,-3.6415072428999737,-0.7283014485799947,False,False,False,False,False,False,False,False,,,,,,0.0
PAPER:CUSDT:1791039899999:LONG,CUSDT,LONG,1.1357841017241022,True,0.3,0,-4.815485513170761,-0.9630971026341522,True,-0.046145641197414655,-0.009229128239482931,False,True,False,False,True,True,False,True,1791039956487,1791039956495,1791039956495,0,1.135784101724093,4.769339871973346
PAPER:龙虾USDT:1791039899999:SHORT,龙虾USDT,SHORT,0.0010972658666689283,False,0.3,0,-2.3230755803059737,-0.4646151160611947,False,-2.3230755803059737,-0.4646151160611947,False,False,False,False,False,False,False,False,,,,,,0.0
PAPER:PHAUSDT:1791039899999:SHORT,PHAUSDT,SHORT,0.5336391386070395,True,0.3,0,-1.3147750271102738,-0.26295500542205474,True,-0.0022690663405923184,-0.0004538132681184637,False,True,False,False,False,False,False,True,1791040049204,1791040049267,1791040049267,0,0.16940023110230443,1.3125059607696814
PAPER:MIRAUSDT:1791040199999:SHORT,MIRAUSDT,SHORT,0.13354810666604766,False,0.3,0,-1.3344350505103577,-0.26688701010207155,False,-1.3344350505103577,-0.26688701010207155,False,False,False,False,False,False,False,False,,,,,,0.0
PAPER:MEGAUSDT:1791040199999:LONG,MEGAUSDT,LONG,0.5974185977954738,True,0.3,0,-0.07597016259568207,-0.015194032519136414,True,-0.024567816984127244,-0.0049135633968254485,False,True,False,False,False,False,False,True,1791040281828,1791040288504,1791040288504,0,0.350452758357344,0.05140234561155482
PAPER:SANDUSDT:1791040499999:LONG,SANDUSDT,LONG,0.8209450237695926,True,0.3,0,1.3474539452734347,0.26949078905468693,True,-0.6872655827619613,-0.13745311655239226,False,False,True,True,True,False,False,True,1791040526052,1791040526053,1791040526053,0,0.8209450237695979,-2.034719528035396
PAPER:BANUSDT:1791040499999:SHORT,BANUSDT,SHORT,0.05628890843004262,False,0.3,0,-3.0502385088000796,-0.6100477017600159,False,-3.0502385088000796,-0.6100477017600159,False,False,False,False,False,False,False,False,,,,,,0.0
PAPER:MORPHOUSDT:1791040799999:LONG,MORPHOUSDT,LONG,0.02861058304419739,False,0.3,0,-1.9210183355999124,-0.3842036671199825,False,-1.9210183355999124,-0.3842036671199825,False,False,False,False,False,False,False,False,,,,,,0.0
PAPER:BMTUSDT:1791040799999:LONG,BMTUSDT,LONG,0.302520141133078,False,0.3,0,-2.695113121192824,-0.5390226242385647,True,-0.14428553805355904,-0.028857107610711807,False,True,False,False,False,False,False,True,1791041233842,1791041235317,1791041235317,0,0.3025201411330761,2.550827583139265
PAPER:TAKEUSDT:1791041099999:LONG,TAKEUSDT,LONG,0.08721294956695047,False,0.3,0,-1.523598169842145,-0.304719633968429,False,-1.523598169842145,-0.304719633968429,False,False,False,False,False,False,False,False,,,,,,0.0
PAPER:SENTUSDT:1791041099999:SHORT,SENTUSDT,SHORT,0.025708980918666427,False,0.3,0,-3.3524018731991214,-0.6704803746398242,False,-3.3524018731991214,-0.6704803746398242,False,False,False,False,False,False,False,False,,,,,,0.0
PAPER:TAKEUSDT:1791041399999:LONG,TAKEUSDT,LONG,0.17738289851521039,False,0.3,0,-2.2391385466262355,-0.4478277093252471,False,-2.2391385466262355,-0.4478277093252471,False,False,False,False,False,False,False,False,,,,,,0.0
PAPER:PHAROSUSDT:1791041999999:LONG,PHAROSUSDT,LONG,0.1184037832522078,False,0.3,0,-2.747298263215607,-0.5494596526431214,False,-2.747298263215607,-0.5494596526431214,False,False,False,False,False,False,False,False,,,,,,0.0
PAPER:AVAAIUSDT:1791042299999:LONG,AVAAIUSDT,LONG,0.5843370032250439,True,0.3,0,-1.8501523740850172,-0.37003047481700346,True,-0.36723558522645416,-0.07344711704529083,False,True,False,False,False,False,False,True,1791042458549,1791042471363,1791042471363,0,0.06482266643173494,1.482916788858563
PAPER:INXUSDT:1791042299999:LONG,INXUSDT,LONG,0.5111944571072558,True,0.3,0,-0.949810037992343,-0.1899620075984686,True,-0.12061330885065293,-0.024122661770130584,False,True,False,False,True,False,False,True,1791042341949,1791042345100,1791042345100,0,0.5111944571072548,0.8291967291416901
PAPER:CYSUSDT:1791042299999:SHORT,CYSUSDT,SHORT,0.04109557403234674,False,0.3,0,-2.4791307528456885,-0.4958261505691377,False,-2.4791307528456885,-0.4958261505691377,False,False,False,False,False,False,False,False,,,,,,0.0
PAPER:AKTUSDT:1791043199999:LONG,AKTUSDT,LONG,0.09885095789161635,False,0.3,0,-3.5100134635034834,-0.7020026927006967,False,-3.5100134635034834,-0.7020026927006967,False,False,False,False,False,False,False,False,,,,,,0.0
PAPER:AIOUSDT:1791043499999:LONG,AIOUSDT,LONG,0.3392750607989381,False,0.3,0,-0.05248551804010343,-0.010497103608020685,False,-0.05248551804010343,-0.010497103608020685,False,False,False,False,False,False,False,True,1791043561955,,,,,0.0
PAPER:TAKEUSDT:1791030299999:LONG,TAKEUSDT,LONG,0.20078003326780003,False,0.3,100,-4.179531297998999,-0.8359062595997998,False,-4.179531297998999,-0.8359062595997998,False,False,False,False,False,False,False,False,,,,,,0.0
PAPER:C98USDT:1791030299999:SHORT,C98USDT,SHORT,0.5325927063865858,True,0.3,100,-0.33561030806532705,-0.06712206161306541,True,-0.028320443094112635,-0.005664088618822527,False,True,False,False,False,False,False,True,1791031096796,1791031097023,1791031097741,718,0.2255945357272764,0.3072898649712144
PAPER:RAYSOLUSDT:1791030299999:LONG,RAYSOLUSDT,LONG,0.3865045416249213,False,0.3,100,-4.294281797041444,-0.8588563594082889,True,-0.04202484625043058,-0.008404969250086115,False,True,False,False,False,False,False,True,1791030721380,1791030732247,1791030732439,192,0.3673751043343543,4.252256950791014
PAPER:MASKUSDT:1791030299999:SHORT,MASKUSDT,SHORT,0.4782276505114329,False,0.3,100,-0.6904478264892522,-0.13808956529785044,True,0.1926756926728445,0.0385351385345689,True,True,False,False,False,False,False,True,1791030634642,1791030676751,1791030677098,347,0.4782276505114329,0.8831235191620967
PAPER:2ZUSDT:1791030599999:SHORT,2ZUSDT,SHORT,0.04643975739345436,False,0.3,100,-3.1670863623565806,-0.6334172724713161,False,-3.1670863623565806,-0.6334172724713161,False,False,False,False,False,False,False,False,,,,,,0.0
PAPER:ARKUSDT:1791030599999:LONG,ARKUSDT,LONG,0.11126877469145313,False,0.3,100,-0.9498100379923222,-0.18996200759846446,False,-0.9498100379923222,-0.18996200759846446,False,False,False,False,False,False,False,False,,,,,,0.0
PAPER:ICPUSDT:1791030599999:SHORT,ICPUSDT,SHORT,0.13297856879422754,False,0.3,100,-2.251777408861963,-0.45035548177239265,False,-2.251777408861963,-0.45035548177239265,False,False,False,False,False,False,False,False,,,,,,0.0
PAPER:ALCHUSDT:1791030599999:SHORT,ALCHUSDT,SHORT,0.040601939818374046,False,0.3,100,-3.073413425363308,-0.6146826850726615,False,-3.073413425363308,-0.6146826850726615,False,False,False,False,False,False,False,False,,,,,,0.0
PAPER:1000SATSUSDT:1791030599999:SHORT,1000SATSUSDT,SHORT,0.14356100983075173,False,0.3,100,-2.382743729857922,-0.4765487459715844,False,-2.382743729857922,-0.4765487459715844,False,False,False,False,False,False,False,False,,,,,,0.0
PAPER:SPXUSDT:1791030599999:SHORT,SPXUSDT,SHORT,0.3946344312621141,False,0.3,100,-3.082995430845726,-0.6165990861691453,True,-0.1431825920688441,-0.028636518413768818,False,True,False,False,False,False,False,True,1791031430098,1791031505552,1791031512470,6918,0.3946344312621141,2.939812838776882
PAPER:BERAUSDT:1791030599999:SHORT,BERAUSDT,SHORT,0.02415494136355687,False,0.3,100,-2.7182260293118015,-0.5436452058623603,False,-2.7182260293118015,-0.5436452058623603,False,False,False,False,False,False,False,False,,,,,,0.0
PAPER:CLOUSDT:1791030599999:SHORT,CLOUSDT,SHORT,0.562071677187042,True,0.3,100,0.020857857313486106,0.0041715714626972215,False,0.020857857313486106,0.0041715714626972215,True,False,False,False,False,False,False,True,1791030681645,,,,,0.0
PAPER:RONINUSDT:1791030599999:SHORT,RONINUSDT,SHORT,0.4201447269727042,False,0.3,100,-0.9881699462047233,-0.19763398924094466,True,-0.1905918740652291,-0.03811837481304582,False,True,False,False,False,False,False,True,1791031329072,1791031515790,1791031534197,18407,0.17730404958078655,0.7975780721394943
PAPER:BABYUSDT:1791030599999:SHORT,BABYUSDT,SHORT,0.13108361853639602,False,0.3,100,-2.4625017903882367,-0.4925003580776473,False,-2.4625017903882367,-0.4925003580776473,False,False,False,False,False,False,False,False,,,,,,0.0
PAPER:LQTYUSDT:1791030599999:SHORT,LQTYUSDT,SHORT,0.23922711108097128,False,0.3,100,-1.1664212216092822,-0.23328424432185646,False,-1.1664212216092822,-0.23328424432185646,False,False,False,False,False,False,False,False,,,,,,0.0
PAPER:ELSAUSDT:1791030599999:SHORT,ELSAUSDT,SHORT,0.09292788177507333,False,0.3,100,-2.8341764513986663,-0.5668352902797332,False,-2.8341764513986663,-0.5668352902797332,False,False,False,False,False,False,False,False,,,,,,0.0
PAPER:LYNUSDT:1791030899999:SHORT,LYNUSDT,SHORT,0.4910471145324048,False,0.3,100,-0.2194233372221207,-0.04388466744442414,False,-0.2194233372221207,-0.04388466744442414,False,False,False,False,False,False,False,True,1791030952359,,,,,0.0
PAPER:CUSDT:1791030899999:LONG,CUSDT,LONG,0.5052576067934522,True,0.3,100,-4.734098707132696,-0.9468197414265391,True,-0.19295230416437265,-0.038590460832874526,False,True,False,False,False,False,False,True,1791031009256,1791031009268,1791031009420,152,0.19212564842052743,4.541146402968323
PAPER:BATUSDT:1791030899999:SHORT,BATUSDT,SHORT,0.06560207944017078,False,0.3,100,-3.5743672405177547,-0.7148734481035509,False,-3.5743672405177547,-0.7148734481035509,False,False,False,False,False,False,False,False,,,,,,0.0
PAPER:SOLVUSDT:1791030899999:SHORT,SOLVUSDT,SHORT,0.09791630573226773,False,0.3,100,-0.3600282954492119,-0.07200565908984238,False,-0.3600282954492119,-0.07200565908984238,False,False,False,False,False,False,False,False,,,,,,0.0
PAPER:SOONUSDT:1791031199999:LONG,SOONUSDT,LONG,0.43180093380581486,False,0.3,100,-0.8170548040842363,-0.16341096081684725,True,-0.2860338684521938,-0.05720677369043876,False,True,False,False,False,False,False,True,1791031299364,1791031302721,1791031302861,140,0.1394617408256968,0.5310209356320424
PAPER:GUAUSDT:1791031199999:SHORT,GUAUSDT,SHORT,0.09482952847747854,False,0.3,100,-2.3151338684784952,-0.46302677369569906,False,-2.3151338684784952,-0.46302677369569906,False,False,False,False,False,False,False,False,,,,,,0.0
PAPER:WAXPUSDT:1791031199999:SHORT,WAXPUSDT,SHORT,0.15796753656780602,False,0.3,100,-2.1242987820307544,-0.42485975640615087,False,-2.1242987820307544,-0.42485975640615087,False,False,False,False,False,False,False,False,,,,,,0.0
PAPER:XVGUSDT:1791031199999:SHORT,XVGUSDT,SHORT,0.2963147974313368,False,0.3,100,-2.770751292099085,-0.5541502584198169,False,-2.770751292099085,-0.5541502584198169,False,False,False,False,False,False,False,False,,,,,,0.0
PAPER:BLUAIUSDT:1791031199999:SHORT,BLUAIUSDT,SHORT,0.4188883317460625,False,0.3,100,-5.699480266072115,-1.1398960532144229,True,0.17776639115775736,0.03555327823155147,True,True,False,False,False,False,False,True,1791031328826,1791031338460,1791031353058,14598,0.3951644218786969,5.877246657229872
PAPER:NILUSDT:1791031199999:LONG,NILUSDT,LONG,0.22971618806590932,False,0.3,100,-2.7020749171407723,-0.5404149834281544,False,-2.7020749171407723,-0.5404149834281544,False,False,False,False,False,False,False,False,,,,,,0.0
PAPER:LDOUSDT:1791031199999:SHORT,LDOUSDT,SHORT,0.4188727170620659,False,0.3,100,-4.903833487188899,-0.9807666974377798,True,-0.07160260485622721,-0.014320520971245443,False,True,False,False,False,False,False,True,1791031764154,1791031860776,1791031862370,1594,0.1555466863447258,4.832230882332672
PAPER:ONUSDT:1791031499999:SHORT,ONUSDT,SHORT,0.1664265751566015,False,0.3,100,-2.3497478852713356,-0.46994957705426715,False,-2.3497478852713356,-0.46994957705426715,False,False,False,False,False,False,False,False,,,,,,0.0
PAPER:CVCUSDT:1791031499999:SHORT,CVCUSDT,SHORT,0.15044590376835515,False,0.3,100,-2.485696755915584,-0.4971393511831168,False,-2.485696755915584,-0.4971393511831168,False,False,False,False,False,False,False,False,,,,,,0.0
PAPER:FOGOUSDT:1791031499999:SHORT,FOGOUSDT,SHORT,0.057127292047956295,False,0.3,100,-3.4110859982869592,-0.6822171996573918,False,-3.4110859982869592,-0.6822171996573918,False,False,False,False,False,False,False,False,,,,,,0.0
PAPER:MUSDT:1791031499999:SHORT,MUSDT,SHORT,0.1562427022849482,False,0.3,100,-1.0481979068353748,-0.20963958136707497,False,-1.0481979068353748,-0.20963958136707497,False,False,False,False,False,False,False,False,,,,,,0.0
PAPER:TRUTHUSDT:1791031799999:SHORT,TRUTHUSDT,SHORT,0.04259979890824061,False,0.3,100,-1.8553263437999297,-0.37106526875998597,False,-1.8553263437999297,-0.37106526875998597,False,False,False,False,False,False,False,False,,,,,,0.0
PAPER:MEWUSDT:1791031799999:LONG,MEWUSDT,LONG,0.20671602640922604,False,0.3,100,-2.9316560299051333,-0.5863312059810266,False,-2.9316560299051333,-0.5863312059810266,False,False,False,False,False,False,False,False,,,,,,0.0
PAPER:ATHUSDT:1791032399999:LONG,ATHUSDT,LONG,0.9362862664506144,True,0.3,100,-1.4344200088454728,-0.28688400176909457,True,-0.25751007963085604,-0.051502015926171214,False,True,False,False,False,False,False,True,1791032660952,1791032714046,1791032714194,148,0.22946893848288255,1.1769099292146168
PAPER:PARTIUSDT:1791032699999:LONG,PARTIUSDT,LONG,0.12131849248524507,False,0.3,100,-1.6557113665605714,-0.3311422733121143,False,-1.6557113665605714,-0.3311422733121143,False,False,False,False,False,False,False,False,,,,,,0.0
PAPER:SCRUSDT:1791032699999:SHORT,SCRUSDT,SHORT,0.17458744667221668,False,0.3,100,-4.748328639463314,-0.9496657278926629,False,-4.748328639463314,-0.9496657278926629,False,False,False,False,False,False,False,False,,,,,,0.0
PAPER:FLUIDUSDT:1791032699999:LONG,FLUIDUSDT,LONG,0.40288014904572567,False,0.3,100,-1.5533450107561027,-0.3106690021512205,True,0.25725990753518857,0.05145198150703772,True,True,False,False,False,False,False,True,1791032784244,1791032795054,1791032828390,33336,0.4028801490457218,1.810604918291291
PAPER:BRUSDT:1791032999999:SHORT,BRUSDT,SHORT,0.27254947442767047,False,0.3,100,-1.4411649157048976,-0.2882329831409795,False,-1.4411649157048976,-0.2882329831409795,False,False,False,False,False,False,False,False,,,,,,0.0
PAPER:TAKEUSDT:1791032999999:LONG,TAKEUSDT,LONG,0.1981648558068816,False,0.3,100,-4.45263633915979,-0.890527267831958,False,-4.45263633915979,-0.890527267831958,False,False,False,False,False,False,False,False,,,,,,0.0
PAPER:AVAUSDT:1791032999999:LONG,AVAUSDT,LONG,0.052532112366043826,False,0.3,100,-3.304734763964892,-0.6609469527929784,False,-3.304734763964892,-0.6609469527929784,False,False,False,False,False,False,False,False,,,,,,0.0
PAPER:GTCUSDT:1791032999999:LONG,GTCUSDT,LONG,0.5910414075610326,True,0.3,100,-5.389497416018015,-1.077899483203603,True,0.16011180651398932,0.03202236130279786,True,True,False,False,False,False,False,True,1791033054384,1791033062408,1791033062663,255,0.2498127249698905,5.549609222532005
PAPER:KSMUSDT:1791032999999:LONG,KSMUSDT,LONG,0.0557320840319786,False,0.3,100,-3.0776393835983287,-0.6155278767196658,False,-3.0776393835983287,-0.6155278767196658,False,False,False,False,False,False,False,False,,,,,,0.0
PAPER:ARKMUSDT:1791033599999:SHORT,ARKMUSDT,SHORT,0.056405475136281816,False,0.3,100,-2.8622419480075423,-0.5724483896015085,False,-2.8622419480075423,-0.5724483896015085,False,False,False,False,False,False,False,False,,,,,,0.0
PAPER:POWERUSDT:1791033599999:SHORT,POWERUSDT,SHORT,0.1333104729659478,False,0.3,100,-3.2520922207080236,-0.6504184441416047,False,-3.2520922207080236,-0.6504184441416047,False,False,False,False,False,False,False,False,,,,,,0.0
PAPER:IOUSDT:1791033599999:LONG,IOUSDT,LONG,0.04360451065001936,False,0.3,100,-3.8091145606756855,-0.7618229121351371,False,-3.8091145606756855,-0.7618229121351371,False,False,False,False,False,False,False,False,,,,,,0.0
PAPER:TRADOORUSDT:1791033899999:SHORT,TRADOORUSDT,SHORT,0.037861202555832515,False,0.3,100,-6.7422084359017616,-1.3484416871803524,False,-6.7422084359017616,-1.3484416871803524,False,False,False,False,False,False,False,False,,,,,,0.0
PAPER:LITUSDT:1791033899999:SHORT,LITUSDT,SHORT,0.5614579357694294,True,0.3,100,-1.1427683363038064,-0.22855366726076126,True,0.07689421957234865,0.01537884391446973,True,True,False,False,False,False,False,True,1791035295735,1791035312841,1791035312987,146,0.2336730205463847,1.219662555876155
PAPER:GLMUSDT:1791033899999:LONG,GLMUSDT,LONG,0.41155018572360813,False,0.3,100,-1.5272247018917282,-0.30544494037834563,True,-1.0652929707722751,-0.21305859415445502,False,True,False,False,False,False,False,True,1791034872573,1791035009121,1791035010059,938,0.21889563816850233,0.46193173111945307
PAPER:PORTALUSDT:1791033899999:LONG,PORTALUSDT,LONG,0.2034230025503403,False,0.3,100,-2.4843567110599034,-0.49687134221198065,False,-2.4843567110599034,-0.49687134221198065,False,False,False,False,False,False,False,False,,,,,,0.0
PAPER:PROMPTUSDT:1791033899999:LONG,PROMPTUSDT,LONG,0.02804821063659979,False,0.3,100,-0.9498100379923309,-0.18996200759846618,False,-0.9498100379923309,-0.18996200759846618,False,False,False,False,False,False,False,False,,,,,,0.0
PAPER:MAGMAUSDT:1791033899999:SHORT,MAGMAUSDT,SHORT,0.11747463534199344,False,0.3,100,-1.6167348982446283,-0.32334697964892567,False,-1.6167348982446283,-0.32334697964892567,False,False,False,False,False,False,False,False,,,,,,0.0
PAPER:SYRUPUSDT:1791034499999:LONG,SYRUPUSDT,LONG,0.3365032121780853,False,0.3,100,-1.7301618973079922,-0.3460323794615984,True,-0.029395024440531214,-0.005879004888106243,False,True,False,False,False,False,False,True,1791034856578,1791034859943,1791034860354,411,0.3365032121780856,1.700766872867461
PAPER:SOPHUSDT:1791034799999:LONG,SOPHUSDT,LONG,0.032486940932008324,False,0.3,100,-1.0808927650165776,-0.21617855300331554,False,-1.0808927650165776,-0.21617855300331554,False,False,False,False,False,False,False,False,,,,,,0.0
PAPER:TRBUSDT:1791034799999:LONG,TRBUSDT,LONG,0.17249534305692205,False,0.3,100,-1.1180799807020212,-0.22361599614040423,False,-1.1180799807020212,-0.22361599614040423,False,False,False,False,False,False,False,False,,,,,,0.0
PAPER:BRETTUSDT:1791034799999:LONG,BRETTUSDT,LONG,0.013901271279914695,False,0.3,100,-2.8970518364541604,-0.5794103672908321,False,-2.8970518364541604,-0.5794103672908321,False,False,False,False,False,False,False,False,,,,,,0.0
PAPER:HANAUSDT:1791034799999:SHORT,HANAUSDT,SHORT,0.39639901335803707,False,0.3,100,-4.076179984123353,-0.8152359968246706,True,-0.5333913785255111,-0.10667827570510223,False,True,False,False,False,False,False,True,1791035379027,1791035403440,1791035408172,4732,0.39639901335803707,3.542788605597842
PAPER:COOKIEUSDT:1791034799999:LONG,COOKIEUSDT,LONG,0.02588041584095091,False,0.3,100,-3.432422254842399,-0.6864844509684798,False,-3.432422254842399,-0.6864844509684798,False,False,False,False,False,False,False,False,,,,,,0.0
PAPER:BLURUSDT:1791035099999:LONG,BLURUSDT,LONG,0.026898935409902514,False,0.3,100,-2.1210698643572643,-0.4242139728714529,False,-2.1210698643572643,-0.4242139728714529,False,False,False,False,False,False,False,False,,,,,,0.0
PAPER:GTCUSDT:1791035399999:LONG,GTCUSDT,LONG,0.1905703102749179,False,0.3,100,0.06306476224254054,0.012612952448508108,False,0.06306476224254054,0.012612952448508108,True,False,False,False,False,False,False,False,,,,,,0.0
PAPER:BIOUSDT:1791035399999:LONG,BIOUSDT,LONG,0.04403217979522811,False,0.3,100,-2.7089125322549616,-0.5417825064509922,False,-2.7089125322549616,-0.5417825064509922,False,False,False,False,False,False,False,False,,,,,,0.0
PAPER:NILUSDT:1791035699999:SHORT,NILUSDT,SHORT,0.2057747892693691,False,0.3,100,-1.6043812094959564,-0.3208762418991913,False,-1.6043812094959564,-0.3208762418991913,False,False,False,False,False,False,False,False,,,,,,0.0
PAPER:PARTIUSDT:1791035699999:LONG,PARTIUSDT,LONG,0.38892017097602594,False,0.3,100,-0.4391503345547632,-0.08783006691095264,True,-0.09871053226304322,-0.01974210645260864,False,True,False,False,False,False,False,True,1791035728176,1791035728903,1791035729369,466,0.15038573744010164,0.34043980229172
PAPER:SIGNUSDT:1791035999999:LONG,SIGNUSDT,LONG,0.020325020332290222,False,0.3,100,-2.903522065186805,-0.580704413037361,False,-2.903522065186805,-0.580704413037361,False,False,False,False,False,False,False,False,,,,,,0.0
PAPER:FHEUSDT:1791035999999:LONG,FHEUSDT,LONG,0.07019795860405686,False,0.3,100,-1.0624453988318034,-0.2124890797663607,False,-1.0624453988318034,-0.2124890797663607,False,False,False,False,False,False,False,False,,,,,,0.0
PAPER:ENJUSDT:1791035999999:LONG,ENJUSDT,LONG,0.09842864118914108,False,0.3,100,-0.5061394517069918,-0.10122789034139837,False,-0.5061394517069918,-0.10122789034139837,False,False,False,False,False,False,False,False,,,,,,0.0
PAPER:CHILLGUYUSDT:1791036299999:SHORT,CHILLGUYUSDT,SHORT,0.29671056237814813,False,0.3,100,-1.6460776979307021,-0.3292155395861404,False,-1.6460776979307021,-0.3292155395861404,False,False,False,False,False,False,False,False,,,,,,0.0
PAPER:ZAMAUSDT:1791036299999:LONG,ZAMAUSDT,LONG,0.05344670536999718,False,0.3,100,-2.7535616422870577,-0.5507123284574116,False,-2.7535616422870577,-0.5507123284574116,False,False,False,False,False,False,False,False,,,,,,0.0
PAPER:MTLUSDT:1791036299999:SHORT,MTLUSDT,SHORT,0.392645968101903,False,0.3,100,-2.9359691162288346,-0.5871938232457669,True,-0.7913277117498396,-0.15826554234996792,False,True,False,False,False,False,False,True,1791036657163,1791036794963,1791036796260,1297,0.1069652204004883,2.144641404478995
PAPER:MELANIAUSDT:1791036599999:SHORT,MELANIAUSDT,SHORT,0.11439277969808952,False,0.3,100,-2.823923833139723,-0.5647847666279447,False,-2.823923833139723,-0.5647847666279447,False,False,False,False,False,False,False,False,,,,,,0.0
PAPER:QNTUSDT:1791036599999:SHORT,QNTUSDT,SHORT,0.09206771523578838,False,0.3,100,-1.1304764324347885,-0.2260952864869577,False,-1.1304764324347885,-0.2260952864869577,False,False,False,False,False,False,False,False,,,,,,0.0
PAPER:1000000BOBUSDT:1791036899999:SHORT,1000000BOBUSDT,SHORT,0.20259244727284154,False,0.3,100,-0.9501900380075976,-0.19003800760151954,False,-0.9501900380075976,-0.19003800760151954,False,False,False,False,False,False,False,False,,,,,,0.0
PAPER:ZECUSDT:1791036899999:SHORT,ZECUSDT,SHORT,0.34743220879288866,False,0.3,100,-2.4871455712255535,-0.49742911424511066,True,0.013794666706006875,0.002758933341201375,True,True,False,False,False,False,False,True,1791037459585,1791037518581,1791037518729,148,0.2685301174697531,2.50094023793156
PAPER:VELVETUSDT:1791037199999:LONG,VELVETUSDT,LONG,0.16967139011807575,False,0.3,100,-2.5920327443301128,-0.5184065488660226,False,-2.5920327443301128,-0.5184065488660226,False,False,False,False,False,False,False,False,,,,,,0.0
PAPER:EVAAUSDT:1791037499999:LONG,EVAAUSDT,LONG,0.056646393986836685,False,0.3,100,-3.821169888291375,-0.7642339776582749,False,-3.821169888291375,-0.7642339776582749,False,False,False,False,False,False,False,False,,,,,,0.0
PAPER:ONEUSDT:1791037499999:LONG,ONEUSDT,LONG,0.24924997047268693,False,0.3,100,-6.076218006145115,-1.215243601229023,False,-6.076218006145115,-1.215243601229023,False,False,False,False,False,False,False,False,,,,,,0.0
PAPER:DEEPUSDT:1791037799999:LONG,DEEPUSDT,LONG,0.02104669378111268,False,0.3,100,-3.6150511995301473,-0.7230102399060295,False,-3.6150511995301473,-0.7230102399060295,False,False,False,False,False,False,False,False,,,,,,0.0
PAPER:OPUSDT:1791037799999:LONG,OPUSDT,LONG,0.26694344698652284,False,0.3,100,-2.0891271981087893,-0.4178254396217579,False,-2.0891271981087893,-0.4178254396217579,False,False,False,False,False,False,False,False,,,,,,0.0
PAPER:DRIFTUSDT:1791037799999:LONG,DRIFTUSDT,LONG,0.13110727980347736,False,0.3,100,-3.088406569315816,-0.6176813138631632,False,-3.088406569315816,-0.6176813138631632,False,False,False,False,False,False,False,False,,,,,,0.0
PAPER:ORDIUSDT:1791037799999:LONG,ORDIUSDT,LONG,0.3061675616160109,False,0.3,100,-2.7963146550767375,-0.5592629310153475,True,-0.08086668877611941,-0.016173337755223883,False,True,False,False,False,False,False,True,1791039089065,1791039096860,1791039097075,215,0.1757021366496767,2.715447966300618
PAPER:SUPERUSDT:1791038099999:LONG,SUPERUSDT,LONG,0.6513379595819213,True,0.3,100,-3.4602375064787063,-0.6920475012957413,True,-0.16295963742190367,-0.03259192748438073,False,True,False,False,True,False,False,True,1791038218868,1791038218918,1791038219080,162,0.6513379595819316,3.2972778690568028
PAPER:KAIAUSDT:1791038099999:LONG,KAIAUSDT,LONG,0.006629832488891374,False,0.3,100,-3.410360241533641,-0.6820720483067282,False,-3.410360241533641,-0.6820720483067282,False,False,False,False,False,False,False,False,,,,,,0.0
PAPER:1000CATUSDT:1791038699999:LONG,1000CATUSDT,LONG,0.4267421761402934,False,0.3,100,-0.838231577321695,-0.16764631546433897,True,-0.28033927396820985,-0.05606785479364197,False,True,False,False,False,False,False,True,1791039151284,1791039255975,1791039265360,9385,0.24804690536423327,0.557892303353485
PAPER:USUSDT:1791038699999:SHORT,USUSDT,SHORT,0.48393229097455304,False,0.3,100,-0.7002546247073798,-0.14005092494147595,True,-0.08677679206127581,-0.017355358412255162,False,True,False,False,False,False,False,True,1791038777439,1791038842620,1791038842902,282,0.4566924914191514,0.6134778326461039
PAPER:哈基米USDT:1791038699999:SHORT,哈基米USDT,SHORT,0.10980781490497439,False,0.3,100,-0.6253521470030563,-0.12507042940061125,False,-0.6253521470030563,-0.12507042940061125,False,False,False,False,False,False,False,False,,,,,,0.0
PAPER:XMRUSDT:1791038699999:LONG,XMRUSDT,LONG,0.34497365381629397,False,0.3,100,-1.4191267554642937,-0.2838253510928587,True,0.03395000440056667,0.006790000880113335,True,True,False,False,False,False,False,True,1791039110210,1791039377860,1791039377996,136,0.3016109225747648,1.4530767598648604
PAPER:NEARUSDT:1791038999999:LONG,NEARUSDT,LONG,0.2154525207140212,False,0.3,100,-3.248598645182094,-0.6497197290364188,False,-3.248598645182094,-0.6497197290364188,False,False,False,False,False,False,False,False,,,,,,0.0
PAPER:RENDERUSDT:1791038999999:LONG,RENDERUSDT,LONG,0.3777364865167332,False,0.3,100,-2.564063511265951,-0.5128127022531902,True,0.04357671479134407,0.008715342958268814,True,True,False,False,False,False,False,True,1791040094649,1791040118071,1791040120625,2554,0.3777364865167244,2.607640226057295
PAPER:AEVOUSDT:1791039299999:LONG,AEVOUSDT,LONG,0.32084492192470115,False,0.3,100,-2.7469840170223327,-0.5493968034044666,True,-0.003928996397624118,-0.0007857992795248236,False,True,False,False,False,False,False,True,1791039480505,1791039571798,1791039574170,2372,0.20723128101652835,2.7430550206247086
PAPER:ONUSDT:1791039599999:SHORT,ONUSDT,SHORT,0.359578557077644,False,0.3,100,-0.4752610152011104,-0.09505220304022208,True,-0.47526101520117625,-0.09505220304023526,False,False,False,False,False,False,False,True,1791039637003,1791039637008,1791039638152,1144,0.16978727813873884,-6.583622536027178e-14
PAPER:XVGUSDT:1791039599999:LONG,XVGUSDT,LONG,0.07237850243317911,False,0.3,100,-3.6415072428999737,-0.7283014485799947,False,-3.6415072428999737,-0.7283014485799947,False,False,False,False,False,False,False,False,,,,,,0.0
PAPER:CUSDT:1791039899999:LONG,CUSDT,LONG,1.1357841017241022,True,0.3,100,-4.815485513170761,-0.9630971026341522,True,-1.8032708571875817,-0.3606541714375164,False,True,False,False,True,True,False,True,1791039956487,1791039956495,1791039956603,108,1.135784101724093,3.012214655983179
PAPER:龙虾USDT:1791039899999:SHORT,龙虾USDT,SHORT,0.0010972658666689283,False,0.3,100,-2.3230755803059737,-0.4646151160611947,False,-2.3230755803059737,-0.4646151160611947,False,False,False,False,False,False,False,False,,,,,,0.0
PAPER:PHAUSDT:1791039899999:SHORT,PHAUSDT,SHORT,0.5336391386070395,True,0.3,100,-1.3147750271102738,-0.26295500542205474,True,-0.2939370576227101,-0.058787411524542026,False,True,False,False,False,False,False,True,1791040049204,1791040049267,1791040049392,125,0.16940023110230443,1.0208379694875638
PAPER:MIRAUSDT:1791040199999:SHORT,MIRAUSDT,SHORT,0.13354810666604766,False,0.3,100,-1.3344350505103577,-0.26688701010207155,False,-1.3344350505103577,-0.26688701010207155,False,False,False,False,False,False,False,False,,,,,,0.0
PAPER:MEGAUSDT:1791040199999:LONG,MEGAUSDT,LONG,0.5974185977954738,True,0.3,100,-0.07597016259568207,-0.015194032519136414,True,-0.1273725082072369,-0.025474501641447378,False,False,False,True,False,False,False,True,1791040281828,1791040288504,1791040288606,102,0.350452758357344,-0.05140234561155482
PAPER:SANDUSDT:1791040499999:LONG,SANDUSDT,LONG,0.8209450237695926,True,0.3,100,1.3474539452734347,0.26949078905468693,True,0.42854835196715024,0.08570967039343004,True,False,True,True,True,False,False,True,1791040526052,1791040526053,1791040526188,135,0.8209450237695979,-0.9189055933062844
PAPER:BANUSDT:1791040499999:SHORT,BANUSDT,SHORT,0.05628890843004262,False,0.3,100,-3.0502385088000796,-0.6100477017600159,False,-3.0502385088000796,-0.6100477017600159,False,False,False,False,False,False,False,False,,,,,,0.0
PAPER:MORPHOUSDT:1791040799999:LONG,MORPHOUSDT,LONG,0.02861058304419739,False,0.3,100,-1.9210183355999124,-0.3842036671199825,False,-1.9210183355999124,-0.3842036671199825,False,False,False,False,False,False,False,False,,,,,,0.0
PAPER:BMTUSDT:1791040799999:LONG,BMTUSDT,LONG,0.302520141133078,False,0.3,100,-2.695113121192824,-0.5390226242385647,True,-2.8293672045159526,-0.5658734409031905,False,False,False,True,False,False,False,True,1791041233842,1791041235317,1791041235473,156,0.3025201411330761,-0.13425408332312871
PAPER:TAKEUSDT:1791041099999:LONG,TAKEUSDT,LONG,0.08721294956695047,False,0.3,100,-1.523598169842145,-0.304719633968429,False,-1.523598169842145,-0.304719633968429,False,False,False,False,False,False,False,False,,,,,,0.0
PAPER:SENTUSDT:1791041099999:SHORT,SENTUSDT,SHORT,0.025708980918666427,False,0.3,100,-3.3524018731991214,-0.6704803746398242,False,-3.3524018731991214,-0.6704803746398242,False,False,False,False,False,False,False,False,,,,,,0.0
PAPER:TAKEUSDT:1791041399999:LONG,TAKEUSDT,LONG,0.17738289851521039,False,0.3,100,-2.2391385466262355,-0.4478277093252471,False,-2.2391385466262355,-0.4478277093252471,False,False,False,False,False,False,False,False,,,,,,0.0
PAPER:PHAROSUSDT:1791041999999:LONG,PHAROSUSDT,LONG,0.1184037832522078,False,0.3,100,-2.747298263215607,-0.5494596526431214,False,-2.747298263215607,-0.5494596526431214,False,False,False,False,False,False,False,False,,,,,,0.0
PAPER:AVAAIUSDT:1791042299999:LONG,AVAAIUSDT,LONG,0.5843370032250439,True,0.3,100,-1.8501523740850172,-0.37003047481700346,True,-0.7909260963289271,-0.1581852192657854,False,True,False,False,False,False,False,True,1791042458549,1791042471363,1791042471747,384,0.06482266643173494,1.0592262777560901
PAPER:INXUSDT:1791042299999:LONG,INXUSDT,LONG,0.5111944571072558,True,0.3,100,-0.949810037992343,-0.1899620075984686,True,0.4598244015484583,0.09196488030969165,True,True,False,False,True,False,False,True,1791042341949,1791042345100,1791042345675,575,0.5111944571072548,1.4096344395408011
PAPER:CYSUSDT:1791042299999:SHORT,CYSUSDT,SHORT,0.04109557403234674,False,0.3,100,-2.4791307528456885,-0.4958261505691377,False,-2.4791307528456885,-0.4958261505691377,False,False,False,False,False,False,False,False,,,,,,0.0
PAPER:AKTUSDT:1791043199999:LONG,AKTUSDT,LONG,0.09885095789161635,False,0.3,100,-3.5100134635034834,-0.7020026927006967,False,-3.5100134635034834,-0.7020026927006967,False,False,False,False,False,False,False,False,,,,,,0.0
PAPER:AIOUSDT:1791043499999:LONG,AIOUSDT,LONG,0.3392750607989381,False,0.3,100,-0.05248551804010343,-0.010497103608020685,False,-0.05248551804010343,-0.010497103608020685,False,False,False,False,False,False,False,True,1791043561955,,,,,0.0
PAPER:TAKEUSDT:1791030299999:LONG,TAKEUSDT,LONG,0.20078003326780003,False,0.3,250,-4.179531297998999,-0.8359062595997998,False,-4.179531297998999,-0.8359062595997998,False,False,False,False,False,False,False,False,,,,,,0.0
PAPER:C98USDT:1791030299999:SHORT,C98USDT,SHORT,0.5325927063865858,True,0.3,250,-0.33561030806532705,-0.06712206161306541,True,-0.028320443094112635,-0.005664088618822527,False,True,False,False,False,False,False,True,1791031096796,1791031097023,1791031097741,718,0.2255945357272764,0.3072898649712144
PAPER:RAYSOLUSDT:1791030299999:LONG,RAYSOLUSDT,LONG,0.3865045416249213,False,0.3,250,-4.294281797041444,-0.8588563594082889,True,-0.11369209823008097,-0.022738419646016195,False,True,False,False,False,False,False,True,1791030721380,1791030732247,1791030733010,763,0.3673751043343543,4.180589698811363
PAPER:MASKUSDT:1791030299999:SHORT,MASKUSDT,SHORT,0.4782276505114329,False,0.3,250,-0.6904478264892522,-0.13808956529785044,True,0.1926756926728445,0.0385351385345689,True,True,False,False,False,False,False,True,1791030634642,1791030676751,1791030677098,347,0.4782276505114329,0.8831235191620967
PAPER:2ZUSDT:1791030599999:SHORT,2ZUSDT,SHORT,0.04643975739345436,False,0.3,250,-3.1670863623565806,-0.6334172724713161,False,-3.1670863623565806,-0.6334172724713161,False,False,False,False,False,False,False,False,,,,,,0.0
PAPER:ARKUSDT:1791030599999:LONG,ARKUSDT,LONG,0.11126877469145313,False,0.3,250,-0.9498100379923222,-0.18996200759846446,False,-0.9498100379923222,-0.18996200759846446,False,False,False,False,False,False,False,False,,,,,,0.0
PAPER:ICPUSDT:1791030599999:SHORT,ICPUSDT,SHORT,0.13297856879422754,False,0.3,250,-2.251777408861963,-0.45035548177239265,False,-2.251777408861963,-0.45035548177239265,False,False,False,False,False,False,False,False,,,,,,0.0
PAPER:ALCHUSDT:1791030599999:SHORT,ALCHUSDT,SHORT,0.040601939818374046,False,0.3,250,-3.073413425363308,-0.6146826850726615,False,-3.073413425363308,-0.6146826850726615,False,False,False,False,False,False,False,False,,,,,,0.0
PAPER:1000SATSUSDT:1791030599999:SHORT,1000SATSUSDT,SHORT,0.14356100983075173,False,0.3,250,-2.382743729857922,-0.4765487459715844,False,-2.382743729857922,-0.4765487459715844,False,False,False,False,False,False,False,False,,,,,,0.0
PAPER:SPXUSDT:1791030599999:SHORT,SPXUSDT,SHORT,0.3946344312621141,False,0.3,250,-3.082995430845726,-0.6165990861691453,True,-0.1431825920688441,-0.028636518413768818,False,True,False,False,False,False,False,True,1791031430098,1791031505552,1791031512470,6918,0.3946344312621141,2.939812838776882
PAPER:BERAUSDT:1791030599999:SHORT,BERAUSDT,SHORT,0.02415494136355687,False,0.3,250,-2.7182260293118015,-0.5436452058623603,False,-2.7182260293118015,-0.5436452058623603,False,False,False,False,False,False,False,False,,,,,,0.0
PAPER:CLOUSDT:1791030599999:SHORT,CLOUSDT,SHORT,0.562071677187042,True,0.3,250,0.020857857313486106,0.0041715714626972215,False,0.020857857313486106,0.0041715714626972215,True,False,False,False,False,False,False,True,1791030681645,,,,,0.0
PAPER:RONINUSDT:1791030599999:SHORT,RONINUSDT,SHORT,0.4201447269727042,False,0.3,250,-0.9881699462047233,-0.19763398924094466,True,-0.1905918740652291,-0.03811837481304582,False,True,False,False,False,False,False,True,1791031329072,1791031515790,1791031534197,18407,0.17730404958078655,0.7975780721394943
PAPER:BABYUSDT:1791030599999:SHORT,BABYUSDT,SHORT,0.13108361853639602,False,0.3,250,-2.4625017903882367,-0.4925003580776473,False,-2.4625017903882367,-0.4925003580776473,False,False,False,False,False,False,False,False,,,,,,0.0
PAPER:LQTYUSDT:1791030599999:SHORT,LQTYUSDT,SHORT,0.23922711108097128,False,0.3,250,-1.1664212216092822,-0.23328424432185646,False,-1.1664212216092822,-0.23328424432185646,False,False,False,False,False,False,False,False,,,,,,0.0
PAPER:ELSAUSDT:1791030599999:SHORT,ELSAUSDT,SHORT,0.09292788177507333,False,0.3,250,-2.8341764513986663,-0.5668352902797332,False,-2.8341764513986663,-0.5668352902797332,False,False,False,False,False,False,False,False,,,,,,0.0
PAPER:LYNUSDT:1791030899999:SHORT,LYNUSDT,SHORT,0.4910471145324048,False,0.3,250,-0.2194233372221207,-0.04388466744442414,False,-0.2194233372221207,-0.04388466744442414,False,False,False,False,False,False,False,True,1791030952359,,,,,0.0
PAPER:CUSDT:1791030899999:LONG,CUSDT,LONG,0.5052576067934522,True,0.3,250,-4.734098707132696,-0.9468197414265391,True,-0.34432385093001144,-0.06886477018600229,False,True,False,False,False,False,False,True,1791031009256,1791031009268,1791031009536,268,0.19212564842052743,4.389774856202685
PAPER:BATUSDT:1791030899999:SHORT,BATUSDT,SHORT,0.06560207944017078,False,0.3,250,-3.5743672405177547,-0.7148734481035509,False,-3.5743672405177547,-0.7148734481035509,False,False,False,False,False,False,False,False,,,,,,0.0
PAPER:SOLVUSDT:1791030899999:SHORT,SOLVUSDT,SHORT,0.09791630573226773,False,0.3,250,-0.3600282954492119,-0.07200565908984238,False,-0.3600282954492119,-0.07200565908984238,False,False,False,False,False,False,False,False,,,,,,0.0
PAPER:SOONUSDT:1791031199999:LONG,SOONUSDT,LONG,0.43180093380581486,False,0.3,250,-0.8170548040842363,-0.16341096081684725,True,-0.5515443362682518,-0.11030886725365036,False,True,False,False,False,False,False,True,1791031299364,1791031302721,1791031303116,395,0.1394617408256968,0.2655104678159844
PAPER:GUAUSDT:1791031199999:SHORT,GUAUSDT,SHORT,0.09482952847747854,False,0.3,250,-2.3151338684784952,-0.46302677369569906,False,-2.3151338684784952,-0.46302677369569906,False,False,False,False,False,False,False,False,,,,,,0.0
PAPER:WAXPUSDT:1791031199999:SHORT,WAXPUSDT,SHORT,0.15796753656780602,False,0.3,250,-2.1242987820307544,-0.42485975640615087,False,-2.1242987820307544,-0.42485975640615087,False,False,False,False,False,False,False,False,,,,,,0.0
PAPER:XVGUSDT:1791031199999:SHORT,XVGUSDT,SHORT,0.2963147974313368,False,0.3,250,-2.770751292099085,-0.5541502584198169,False,-2.770751292099085,-0.5541502584198169,False,False,False,False,False,False,False,False,,,,,,0.0
PAPER:BLUAIUSDT:1791031199999:SHORT,BLUAIUSDT,SHORT,0.4188883317460625,False,0.3,250,-5.699480266072115,-1.1398960532144229,True,0.17776639115775736,0.03555327823155147,True,True,False,False,False,False,False,True,1791031328826,1791031338460,1791031353058,14598,0.3951644218786969,5.877246657229872
PAPER:NILUSDT:1791031199999:LONG,NILUSDT,LONG,0.22971618806590932,False,0.3,250,-2.7020749171407723,-0.5404149834281544,False,-2.7020749171407723,-0.5404149834281544,False,False,False,False,False,False,False,False,,,,,,0.0
PAPER:LDOUSDT:1791031199999:SHORT,LDOUSDT,SHORT,0.4188727170620659,False,0.3,250,-4.903833487188899,-0.9807666974377798,True,-0.07160260485622721,-0.014320520971245443,False,True,False,False,False,False,False,True,1791031764154,1791031860776,1791031862370,1594,0.1555466863447258,4.832230882332672
PAPER:ONUSDT:1791031499999:SHORT,ONUSDT,SHORT,0.1664265751566015,False,0.3,250,-2.3497478852713356,-0.46994957705426715,False,-2.3497478852713356,-0.46994957705426715,False,False,False,False,False,False,False,False,,,,,,0.0
PAPER:CVCUSDT:1791031499999:SHORT,CVCUSDT,SHORT,0.15044590376835515,False,0.3,250,-2.485696755915584,-0.4971393511831168,False,-2.485696755915584,-0.4971393511831168,False,False,False,False,False,False,False,False,,,,,,0.0
PAPER:FOGOUSDT:1791031499999:SHORT,FOGOUSDT,SHORT,0.057127292047956295,False,0.3,250,-3.4110859982869592,-0.6822171996573918,False,-3.4110859982869592,-0.6822171996573918,False,False,False,False,False,False,False,False,,,,,,0.0
PAPER:MUSDT:1791031499999:SHORT,MUSDT,SHORT,0.1562427022849482,False,0.3,250,-1.0481979068353748,-0.20963958136707497,False,-1.0481979068353748,-0.20963958136707497,False,False,False,False,False,False,False,False,,,,,,0.0
PAPER:TRUTHUSDT:1791031799999:SHORT,TRUTHUSDT,SHORT,0.04259979890824061,False,0.3,250,-1.8553263437999297,-0.37106526875998597,False,-1.8553263437999297,-0.37106526875998597,False,False,False,False,False,False,False,False,,,,,,0.0
PAPER:MEWUSDT:1791031799999:LONG,MEWUSDT,LONG,0.20671602640922604,False,0.3,250,-2.9316560299051333,-0.5863312059810266,False,-2.9316560299051333,-0.5863312059810266,False,False,False,False,False,False,False,False,,,,,,0.0
PAPER:ATHUSDT:1791032399999:LONG,ATHUSDT,LONG,0.9362862664506144,True,0.3,250,-1.4344200088454728,-0.28688400176909457,True,-0.25751007963085604,-0.051502015926171214,False,True,False,False,False,False,False,True,1791032660952,1791032714046,1791032714413,367,0.22946893848288255,1.1769099292146168
PAPER:PARTIUSDT:1791032699999:LONG,PARTIUSDT,LONG,0.12131849248524507,False,0.3,250,-1.6557113665605714,-0.3311422733121143,False,-1.6557113665605714,-0.3311422733121143,False,False,False,False,False,False,False,False,,,,,,0.0
PAPER:SCRUSDT:1791032699999:SHORT,SCRUSDT,SHORT,0.17458744667221668,False,0.3,250,-4.748328639463314,-0.9496657278926629,False,-4.748328639463314,-0.9496657278926629,False,False,False,False,False,False,False,False,,,,,,0.0
PAPER:FLUIDUSDT:1791032699999:LONG,FLUIDUSDT,LONG,0.40288014904572567,False,0.3,250,-1.5533450107561027,-0.3106690021512205,True,0.25725990753518857,0.05145198150703772,True,True,False,False,False,False,False,True,1791032784244,1791032795054,1791032828390,33336,0.4028801490457218,1.810604918291291
PAPER:BRUSDT:1791032999999:SHORT,BRUSDT,SHORT,0.27254947442767047,False,0.3,250,-1.4411649157048976,-0.2882329831409795,False,-1.4411649157048976,-0.2882329831409795,False,False,False,False,False,False,False,False,,,,,,0.0
PAPER:TAKEUSDT:1791032999999:LONG,TAKEUSDT,LONG,0.1981648558068816,False,0.3,250,-4.45263633915979,-0.890527267831958,False,-4.45263633915979,-0.890527267831958,False,False,False,False,False,False,False,False,,,,,,0.0
PAPER:AVAUSDT:1791032999999:LONG,AVAUSDT,LONG,0.052532112366043826,False,0.3,250,-3.304734763964892,-0.6609469527929784,False,-3.304734763964892,-0.6609469527929784,False,False,False,False,False,False,False,False,,,,,,0.0
PAPER:GTCUSDT:1791032999999:LONG,GTCUSDT,LONG,0.5910414075610326,True,0.3,250,-5.389497416018015,-1.077899483203603,True,0.16011180651398932,0.03202236130279786,True,True,False,False,False,False,False,True,1791033054384,1791033062408,1791033062663,255,0.2498127249698905,5.549609222532005
PAPER:KSMUSDT:1791032999999:LONG,KSMUSDT,LONG,0.0557320840319786,False,0.3,250,-3.0776393835983287,-0.6155278767196658,False,-3.0776393835983287,-0.6155278767196658,False,False,False,False,False,False,False,False,,,,,,0.0
PAPER:ARKMUSDT:1791033599999:SHORT,ARKMUSDT,SHORT,0.056405475136281816,False,0.3,250,-2.8622419480075423,-0.5724483896015085,False,-2.8622419480075423,-0.5724483896015085,False,False,False,False,False,False,False,False,,,,,,0.0
PAPER:POWERUSDT:1791033599999:SHORT,POWERUSDT,SHORT,0.1333104729659478,False,0.3,250,-3.2520922207080236,-0.6504184441416047,False,-3.2520922207080236,-0.6504184441416047,False,False,False,False,False,False,False,False,,,,,,0.0
PAPER:IOUSDT:1791033599999:LONG,IOUSDT,LONG,0.04360451065001936,False,0.3,250,-3.8091145606756855,-0.7618229121351371,False,-3.8091145606756855,-0.7618229121351371,False,False,False,False,False,False,False,False,,,,,,0.0
PAPER:TRADOORUSDT:1791033899999:SHORT,TRADOORUSDT,SHORT,0.037861202555832515,False,0.3,250,-6.7422084359017616,-1.3484416871803524,False,-6.7422084359017616,-1.3484416871803524,False,False,False,False,False,False,False,False,,,,,,0.0
PAPER:LITUSDT:1791033899999:SHORT,LITUSDT,SHORT,0.5614579357694294,True,0.3,250,-1.1427683363038064,-0.22855366726076126,True,0.13395445610455348,0.026790891220910693,True,True,False,False,False,False,False,True,1791035295735,1791035312841,1791035314094,1253,0.2336730205463847,1.2767227924083597
PAPER:GLMUSDT:1791033899999:LONG,GLMUSDT,LONG,0.41155018572360813,False,0.3,250,-1.5272247018917282,-0.30544494037834563,True,-1.0652929707722751,-0.21305859415445502,False,True,False,False,False,False,False,True,1791034872573,1791035009121,1791035010059,938,0.21889563816850233,0.46193173111945307
PAPER:PORTALUSDT:1791033899999:LONG,PORTALUSDT,LONG,0.2034230025503403,False,0.3,250,-2.4843567110599034,-0.49687134221198065,False,-2.4843567110599034,-0.49687134221198065,False,False,False,False,False,False,False,False,,,,,,0.0
PAPER:PROMPTUSDT:1791033899999:LONG,PROMPTUSDT,LONG,0.02804821063659979,False,0.3,250,-0.9498100379923309,-0.18996200759846618,False,-0.9498100379923309,-0.18996200759846618,False,False,False,False,False,False,False,False,,,,,,0.0
PAPER:MAGMAUSDT:1791033899999:SHORT,MAGMAUSDT,SHORT,0.11747463534199344,False,0.3,250,-1.6167348982446283,-0.32334697964892567,False,-1.6167348982446283,-0.32334697964892567,False,False,False,False,False,False,False,False,,,,,,0.0
PAPER:SYRUPUSDT:1791034499999:LONG,SYRUPUSDT,LONG,0.3365032121780853,False,0.3,250,-1.7301618973079922,-0.3460323794615984,True,-0.029395024440531214,-0.005879004888106243,False,True,False,False,False,False,False,True,1791034856578,1791034859943,1791034860354,411,0.3365032121780856,1.700766872867461
PAPER:SOPHUSDT:1791034799999:LONG,SOPHUSDT,LONG,0.032486940932008324,False,0.3,250,-1.0808927650165776,-0.21617855300331554,False,-1.0808927650165776,-0.21617855300331554,False,False,False,False,False,False,False,False,,,,,,0.0
PAPER:TRBUSDT:1791034799999:LONG,TRBUSDT,LONG,0.17249534305692205,False,0.3,250,-1.1180799807020212,-0.22361599614040423,False,-1.1180799807020212,-0.22361599614040423,False,False,False,False,False,False,False,False,,,,,,0.0
PAPER:BRETTUSDT:1791034799999:LONG,BRETTUSDT,LONG,0.013901271279914695,False,0.3,250,-2.8970518364541604,-0.5794103672908321,False,-2.8970518364541604,-0.5794103672908321,False,False,False,False,False,False,False,False,,,,,,0.0
PAPER:HANAUSDT:1791034799999:SHORT,HANAUSDT,SHORT,0.39639901335803707,False,0.3,250,-4.076179984123353,-0.8152359968246706,True,-0.5333913785255111,-0.10667827570510223,False,True,False,False,False,False,False,True,1791035379027,1791035403440,1791035408172,4732,0.39639901335803707,3.542788605597842
PAPER:COOKIEUSDT:1791034799999:LONG,COOKIEUSDT,LONG,0.02588041584095091,False,0.3,250,-3.432422254842399,-0.6864844509684798,False,-3.432422254842399,-0.6864844509684798,False,False,False,False,False,False,False,False,,,,,,0.0
PAPER:BLURUSDT:1791035099999:LONG,BLURUSDT,LONG,0.026898935409902514,False,0.3,250,-2.1210698643572643,-0.4242139728714529,False,-2.1210698643572643,-0.4242139728714529,False,False,False,False,False,False,False,False,,,,,,0.0
PAPER:GTCUSDT:1791035399999:LONG,GTCUSDT,LONG,0.1905703102749179,False,0.3,250,0.06306476224254054,0.012612952448508108,False,0.06306476224254054,0.012612952448508108,True,False,False,False,False,False,False,False,,,,,,0.0
PAPER:BIOUSDT:1791035399999:LONG,BIOUSDT,LONG,0.04403217979522811,False,0.3,250,-2.7089125322549616,-0.5417825064509922,False,-2.7089125322549616,-0.5417825064509922,False,False,False,False,False,False,False,False,,,,,,0.0
PAPER:NILUSDT:1791035699999:SHORT,NILUSDT,SHORT,0.2057747892693691,False,0.3,250,-1.6043812094959564,-0.3208762418991913,False,-1.6043812094959564,-0.3208762418991913,False,False,False,False,False,False,False,False,,,,,,0.0
PAPER:PARTIUSDT:1791035699999:LONG,PARTIUSDT,LONG,0.38892017097602594,False,0.3,250,-0.4391503345547632,-0.08783006691095264,True,-0.09871053226304322,-0.01974210645260864,False,True,False,False,False,False,False,True,1791035728176,1791035728903,1791035729369,466,0.15038573744010164,0.34043980229172
PAPER:SIGNUSDT:1791035999999:LONG,SIGNUSDT,LONG,0.020325020332290222,False,0.3,250,-2.903522065186805,-0.580704413037361,False,-2.903522065186805,-0.580704413037361,False,False,False,False,False,False,False,False,,,,,,0.0
PAPER:FHEUSDT:1791035999999:LONG,FHEUSDT,LONG,0.07019795860405686,False,0.3,250,-1.0624453988318034,-0.2124890797663607,False,-1.0624453988318034,-0.2124890797663607,False,False,False,False,False,False,False,False,,,,,,0.0
PAPER:ENJUSDT:1791035999999:LONG,ENJUSDT,LONG,0.09842864118914108,False,0.3,250,-0.5061394517069918,-0.10122789034139837,False,-0.5061394517069918,-0.10122789034139837,False,False,False,False,False,False,False,False,,,,,,0.0
PAPER:CHILLGUYUSDT:1791036299999:SHORT,CHILLGUYUSDT,SHORT,0.29671056237814813,False,0.3,250,-1.6460776979307021,-0.3292155395861404,False,-1.6460776979307021,-0.3292155395861404,False,False,False,False,False,False,False,False,,,,,,0.0
PAPER:ZAMAUSDT:1791036299999:LONG,ZAMAUSDT,LONG,0.05344670536999718,False,0.3,250,-2.7535616422870577,-0.5507123284574116,False,-2.7535616422870577,-0.5507123284574116,False,False,False,False,False,False,False,False,,,,,,0.0
PAPER:MTLUSDT:1791036299999:SHORT,MTLUSDT,SHORT,0.392645968101903,False,0.3,250,-2.9359691162288346,-0.5871938232457669,True,-0.7913277117498396,-0.15826554234996792,False,True,False,False,False,False,False,True,1791036657163,1791036794963,1791036796260,1297,0.1069652204004883,2.144641404478995
PAPER:MELANIAUSDT:1791036599999:SHORT,MELANIAUSDT,SHORT,0.11439277969808952,False,0.3,250,-2.823923833139723,-0.5647847666279447,False,-2.823923833139723,-0.5647847666279447,False,False,False,False,False,False,False,False,,,,,,0.0
PAPER:QNTUSDT:1791036599999:SHORT,QNTUSDT,SHORT,0.09206771523578838,False,0.3,250,-1.1304764324347885,-0.2260952864869577,False,-1.1304764324347885,-0.2260952864869577,False,False,False,False,False,False,False,False,,,,,,0.0
PAPER:1000000BOBUSDT:1791036899999:SHORT,1000000BOBUSDT,SHORT,0.20259244727284154,False,0.3,250,-0.9501900380075976,-0.19003800760151954,False,-0.9501900380075976,-0.19003800760151954,False,False,False,False,False,False,False,False,,,,,,0.0
PAPER:ZECUSDT:1791036899999:SHORT,ZECUSDT,SHORT,0.34743220879288866,False,0.3,250,-2.4871455712255535,-0.49742911424511066,True,0.01766609122292323,0.0035332182445846462,True,True,False,False,False,False,False,True,1791037459585,1791037518581,1791037519542,961,0.2685301174697531,2.5048116624484766
PAPER:VELVETUSDT:1791037199999:LONG,VELVETUSDT,LONG,0.16967139011807575,False,0.3,250,-2.5920327443301128,-0.5184065488660226,False,-2.5920327443301128,-0.5184065488660226,False,False,False,False,False,False,False,False,,,,,,0.0
PAPER:EVAAUSDT:1791037499999:LONG,EVAAUSDT,LONG,0.056646393986836685,False,0.3,250,-3.821169888291375,-0.7642339776582749,False,-3.821169888291375,-0.7642339776582749,False,False,False,False,False,False,False,False,,,,,,0.0
PAPER:ONEUSDT:1791037499999:LONG,ONEUSDT,LONG,0.24924997047268693,False,0.3,250,-6.076218006145115,-1.215243601229023,False,-6.076218006145115,-1.215243601229023,False,False,False,False,False,False,False,False,,,,,,0.0
PAPER:DEEPUSDT:1791037799999:LONG,DEEPUSDT,LONG,0.02104669378111268,False,0.3,250,-3.6150511995301473,-0.7230102399060295,False,-3.6150511995301473,-0.7230102399060295,False,False,False,False,False,False,False,False,,,,,,0.0
PAPER:OPUSDT:1791037799999:LONG,OPUSDT,LONG,0.26694344698652284,False,0.3,250,-2.0891271981087893,-0.4178254396217579,False,-2.0891271981087893,-0.4178254396217579,False,False,False,False,False,False,False,False,,,,,,0.0
PAPER:DRIFTUSDT:1791037799999:LONG,DRIFTUSDT,LONG,0.13110727980347736,False,0.3,250,-3.088406569315816,-0.6176813138631632,False,-3.088406569315816,-0.6176813138631632,False,False,False,False,False,False,False,False,,,,,,0.0
PAPER:ORDIUSDT:1791037799999:LONG,ORDIUSDT,LONG,0.3061675616160109,False,0.3,250,-2.7963146550767375,-0.5592629310153475,True,0.027751229875880242,0.005550245975176049,True,True,False,False,False,False,False,True,1791039089065,1791039096860,1791039098079,1219,0.1757021366496767,2.824065884952618
PAPER:SUPERUSDT:1791038099999:LONG,SUPERUSDT,LONG,0.6513379595819213,True,0.3,250,-3.4602375064787063,-0.6920475012957413,True,-0.3690395042379669,-0.07380790084759338,False,True,False,False,True,False,False,True,1791038218868,1791038218918,1791038219343,425,0.6513379595819316,3.0911980022407395
PAPER:KAIAUSDT:1791038099999:LONG,KAIAUSDT,LONG,0.006629832488891374,False,0.3,250,-3.410360241533641,-0.6820720483067282,False,-3.410360241533641,-0.6820720483067282,False,False,False,False,False,False,False,False,,,,,,0.0
PAPER:1000CATUSDT:1791038699999:LONG,1000CATUSDT,LONG,0.4267421761402934,False,0.3,250,-0.838231577321695,-0.16764631546433897,True,-0.28033927396820985,-0.05606785479364197,False,True,False,False,False,False,False,True,1791039151284,1791039255975,1791039265360,9385,0.24804690536423327,0.557892303353485
PAPER:USUSDT:1791038699999:SHORT,USUSDT,SHORT,0.48393229097455304,False,0.3,250,-0.7002546247073798,-0.14005092494147595,True,-0.08677679206127581,-0.017355358412255162,False,True,False,False,False,False,False,True,1791038777439,1791038842620,1791038842902,282,0.4566924914191514,0.6134778326461039
PAPER:哈基米USDT:1791038699999:SHORT,哈基米USDT,SHORT,0.10980781490497439,False,0.3,250,-0.6253521470030563,-0.12507042940061125,False,-0.6253521470030563,-0.12507042940061125,False,False,False,False,False,False,False,False,,,,,,0.0
PAPER:XMRUSDT:1791038699999:LONG,XMRUSDT,LONG,0.34497365381629397,False,0.3,250,-1.4191267554642937,-0.2838253510928587,True,0.042975325890406924,0.008595065178081384,True,True,False,False,False,False,False,True,1791039110210,1791039377860,1791039378344,484,0.3016109225747648,1.4621020813547005
PAPER:NEARUSDT:1791038999999:LONG,NEARUSDT,LONG,0.2154525207140212,False,0.3,250,-3.248598645182094,-0.6497197290364188,False,-3.248598645182094,-0.6497197290364188,False,False,False,False,False,False,False,False,,,,,,0.0
PAPER:RENDERUSDT:1791038999999:LONG,RENDERUSDT,LONG,0.3777364865167332,False,0.3,250,-2.564063511265951,-0.5128127022531902,True,0.04357671479134407,0.008715342958268814,True,True,False,False,False,False,False,True,1791040094649,1791040118071,1791040120625,2554,0.3777364865167244,2.607640226057295
PAPER:AEVOUSDT:1791039299999:LONG,AEVOUSDT,LONG,0.32084492192470115,False,0.3,250,-2.7469840170223327,-0.5493968034044666,True,-0.003928996397624118,-0.0007857992795248236,False,True,False,False,False,False,False,True,1791039480505,1791039571798,1791039574170,2372,0.20723128101652835,2.7430550206247086
PAPER:ONUSDT:1791039599999:SHORT,ONUSDT,SHORT,0.359578557077644,False,0.3,250,-0.4752610152011104,-0.09505220304022208,True,-0.47526101520117625,-0.09505220304023526,False,False,False,False,False,False,False,True,1791039637003,1791039637008,1791039638152,1144,0.16978727813873884,-6.583622536027178e-14
PAPER:XVGUSDT:1791039599999:LONG,XVGUSDT,LONG,0.07237850243317911,False,0.3,250,-3.6415072428999737,-0.7283014485799947,False,-3.6415072428999737,-0.7283014485799947,False,False,False,False,False,False,False,False,,,,,,0.0
PAPER:CUSDT:1791039899999:LONG,CUSDT,LONG,1.1357841017241022,True,0.3,250,-4.815485513170761,-0.9630971026341522,True,-2.405713788384183,-0.48114275767683656,False,True,False,False,True,True,False,True,1791039956487,1791039956495,1791039956836,341,1.135784101724093,2.409771724786578
PAPER:龙虾USDT:1791039899999:SHORT,龙虾USDT,SHORT,0.0010972658666689283,False,0.3,250,-2.3230755803059737,-0.4646151160611947,False,-2.3230755803059737,-0.4646151160611947,False,False,False,False,False,False,False,False,,,,,,0.0
PAPER:PHAUSDT:1791039899999:SHORT,PHAUSDT,SHORT,0.5336391386070395,True,0.3,250,-1.3147750271102738,-0.26295500542205474,True,-0.43977105326381954,-0.0879542106527639,False,True,False,False,False,False,False,True,1791040049204,1791040049267,1791040050365,1098,0.16940023110230443,0.8750039738464543
PAPER:MIRAUSDT:1791040199999:SHORT,MIRAUSDT,SHORT,0.13354810666604766,False,0.3,250,-1.3344350505103577,-0.26688701010207155,False,-1.3344350505103577,-0.26688701010207155,False,False,False,False,False,False,False,False,,,,,,0.0
PAPER:MEGAUSDT:1791040199999:LONG,MEGAUSDT,LONG,0.5974185977954738,True,0.3,250,-0.07597016259568207,-0.015194032519136414,True,-0.1273725082072369,-0.025474501641447378,False,False,False,True,False,False,False,True,1791040281828,1791040288504,1791040288772,268,0.350452758357344,-0.05140234561155482
PAPER:SANDUSDT:1791040499999:LONG,SANDUSDT,LONG,0.8209450237695926,True,0.3,250,1.3474539452734347,0.26949078905468693,True,0.3629122381594803,0.07258244763189606,True,False,True,True,True,False,False,True,1791040526052,1791040526053,1791040526306,253,0.8209450237695979,-0.9845417071139544
PAPER:BANUSDT:1791040499999:SHORT,BANUSDT,SHORT,0.05628890843004262,False,0.3,250,-3.0502385088000796,-0.6100477017600159,False,-3.0502385088000796,-0.6100477017600159,False,False,False,False,False,False,False,False,,,,,,0.0
PAPER:MORPHOUSDT:1791040799999:LONG,MORPHOUSDT,LONG,0.02861058304419739,False,0.3,250,-1.9210183355999124,-0.3842036671199825,False,-1.9210183355999124,-0.3842036671199825,False,False,False,False,False,False,False,False,,,,,,0.0
PAPER:BMTUSDT:1791040799999:LONG,BMTUSDT,LONG,0.302520141133078,False,0.3,250,-2.695113121192824,-0.5390226242385647,True,-2.8293672045159526,-0.5658734409031905,False,False,False,True,False,False,False,True,1791041233842,1791041235317,1791041235586,269,0.3025201411330761,-0.13425408332312871
PAPER:TAKEUSDT:1791041099999:LONG,TAKEUSDT,LONG,0.08721294956695047,False,0.3,250,-1.523598169842145,-0.304719633968429,False,-1.523598169842145,-0.304719633968429,False,False,False,False,False,False,False,False,,,,,,0.0
PAPER:SENTUSDT:1791041099999:SHORT,SENTUSDT,SHORT,0.025708980918666427,False,0.3,250,-3.3524018731991214,-0.6704803746398242,False,-3.3524018731991214,-0.6704803746398242,False,False,False,False,False,False,False,False,,,,,,0.0
PAPER:TAKEUSDT:1791041399999:LONG,TAKEUSDT,LONG,0.17738289851521039,False,0.3,250,-2.2391385466262355,-0.4478277093252471,False,-2.2391385466262355,-0.4478277093252471,False,False,False,False,False,False,False,False,,,,,,0.0
PAPER:PHAROSUSDT:1791041999999:LONG,PHAROSUSDT,LONG,0.1184037832522078,False,0.3,250,-2.747298263215607,-0.5494596526431214,False,-2.747298263215607,-0.5494596526431214,False,False,False,False,False,False,False,False,,,,,,0.0
PAPER:AVAAIUSDT:1791042299999:LONG,AVAAIUSDT,LONG,0.5843370032250439,True,0.3,250,-1.8501523740850172,-0.37003047481700346,True,-0.7909260963289271,-0.1581852192657854,False,True,False,False,False,False,False,True,1791042458549,1791042471363,1791042471747,384,0.06482266643173494,1.0592262777560901
PAPER:INXUSDT:1791042299999:LONG,INXUSDT,LONG,0.5111944571072558,True,0.3,250,-0.949810037992343,-0.1899620075984686,True,0.4598244015484583,0.09196488030969165,True,True,False,False,True,False,False,True,1791042341949,1791042345100,1791042345675,575,0.5111944571072548,1.4096344395408011
PAPER:CYSUSDT:1791042299999:SHORT,CYSUSDT,SHORT,0.04109557403234674,False,0.3,250,-2.4791307528456885,-0.4958261505691377,False,-2.4791307528456885,-0.4958261505691377,False,False,False,False,False,False,False,False,,,,,,0.0
PAPER:AKTUSDT:1791043199999:LONG,AKTUSDT,LONG,0.09885095789161635,False,0.3,250,-3.5100134635034834,-0.7020026927006967,False,-3.5100134635034834,-0.7020026927006967,False,False,False,False,False,False,False,False,,,,,,0.0
PAPER:AIOUSDT:1791043499999:LONG,AIOUSDT,LONG,0.3392750607989381,False,0.3,250,-0.05248551804010343,-0.010497103608020685,False,-0.05248551804010343,-0.010497103608020685,False,False,False,False,False,False,False,True,1791043561955,,,,,0.0
PAPER:TAKEUSDT:1791030299999:LONG,TAKEUSDT,LONG,0.20078003326780003,False,0.3,500,-4.179531297998999,-0.8359062595997998,False,-4.179531297998999,-0.8359062595997998,False,False,False,False,False,False,False,False,,,,,,0.0
PAPER:C98USDT:1791030299999:SHORT,C98USDT,SHORT,0.5325927063865858,True,0.3,500,-0.33561030806532705,-0.06712206161306541,True,-0.028320443094112635,-0.005664088618822527,False,True,False,False,False,False,False,True,1791031096796,1791031097023,1791031097741,718,0.2255945357272764,0.3072898649712144
PAPER:RAYSOLUSDT:1791030299999:LONG,RAYSOLUSDT,LONG,0.3865045416249213,False,0.3,500,-4.294281797041444,-0.8588563594082889,True,-0.11369209823008097,-0.022738419646016195,False,True,False,False,False,False,False,True,1791030721380,1791030732247,1791030733010,763,0.3673751043343543,4.180589698811363
PAPER:MASKUSDT:1791030299999:SHORT,MASKUSDT,SHORT,0.4782276505114329,False,0.3,500,-0.6904478264892522,-0.13808956529785044,True,0.29657257728012965,0.05931451545602593,True,True,False,False,False,False,False,True,1791030634642,1791030676751,1791030681349,4598,0.4782276505114329,0.9870204037693818
PAPER:2ZUSDT:1791030599999:SHORT,2ZUSDT,SHORT,0.04643975739345436,False,0.3,500,-3.1670863623565806,-0.6334172724713161,False,-3.1670863623565806,-0.6334172724713161,False,False,False,False,False,False,False,False,,,,,,0.0
PAPER:ARKUSDT:1791030599999:LONG,ARKUSDT,LONG,0.11126877469145313,False,0.3,500,-0.9498100379923222,-0.18996200759846446,False,-0.9498100379923222,-0.18996200759846446,False,False,False,False,False,False,False,False,,,,,,0.0
PAPER:ICPUSDT:1791030599999:SHORT,ICPUSDT,SHORT,0.13297856879422754,False,0.3,500,-2.251777408861963,-0.45035548177239265,False,-2.251777408861963,-0.45035548177239265,False,False,False,False,False,False,False,False,,,,,,0.0
PAPER:ALCHUSDT:1791030599999:SHORT,ALCHUSDT,SHORT,0.040601939818374046,False,0.3,500,-3.073413425363308,-0.6146826850726615,False,-3.073413425363308,-0.6146826850726615,False,False,False,False,False,False,False,False,,,,,,0.0
PAPER:1000SATSUSDT:1791030599999:SHORT,1000SATSUSDT,SHORT,0.14356100983075173,False,0.3,500,-2.382743729857922,-0.4765487459715844,False,-2.382743729857922,-0.4765487459715844,False,False,False,False,False,False,False,False,,,,,,0.0
PAPER:SPXUSDT:1791030599999:SHORT,SPXUSDT,SHORT,0.3946344312621141,False,0.3,500,-3.082995430845726,-0.6165990861691453,True,-0.1431825920688441,-0.028636518413768818,False,True,False,False,False,False,False,True,1791031430098,1791031505552,1791031512470,6918,0.3946344312621141,2.939812838776882
PAPER:BERAUSDT:1791030599999:SHORT,BERAUSDT,SHORT,0.02415494136355687,False,0.3,500,-2.7182260293118015,-0.5436452058623603,False,-2.7182260293118015,-0.5436452058623603,False,False,False,False,False,False,False,False,,,,,,0.0
PAPER:CLOUSDT:1791030599999:SHORT,CLOUSDT,SHORT,0.562071677187042,True,0.3,500,0.020857857313486106,0.0041715714626972215,False,0.020857857313486106,0.0041715714626972215,True,False,False,False,False,False,False,True,1791030681645,,,,,0.0
PAPER:RONINUSDT:1791030599999:SHORT,RONINUSDT,SHORT,0.4201447269727042,False,0.3,500,-0.9881699462047233,-0.19763398924094466,True,-0.1905918740652291,-0.03811837481304582,False,True,False,False,False,False,False,True,1791031329072,1791031515790,1791031534197,18407,0.17730404958078655,0.7975780721394943
PAPER:BABYUSDT:1791030599999:SHORT,BABYUSDT,SHORT,0.13108361853639602,False,0.3,500,-2.4625017903882367,-0.4925003580776473,False,-2.4625017903882367,-0.4925003580776473,False,False,False,False,False,False,False,False,,,,,,0.0
PAPER:LQTYUSDT:1791030599999:SHORT,LQTYUSDT,SHORT,0.23922711108097128,False,0.3,500,-1.1664212216092822,-0.23328424432185646,False,-1.1664212216092822,-0.23328424432185646,False,False,False,False,False,False,False,False,,,,,,0.0
PAPER:ELSAUSDT:1791030599999:SHORT,ELSAUSDT,SHORT,0.09292788177507333,False,0.3,500,-2.8341764513986663,-0.5668352902797332,False,-2.8341764513986663,-0.5668352902797332,False,False,False,False,False,False,False,False,,,,,,0.0
PAPER:LYNUSDT:1791030899999:SHORT,LYNUSDT,SHORT,0.4910471145324048,False,0.3,500,-0.2194233372221207,-0.04388466744442414,False,-0.2194233372221207,-0.04388466744442414,False,False,False,False,False,False,False,True,1791030952359,,,,,0.0
PAPER:CUSDT:1791030899999:LONG,CUSDT,LONG,0.5052576067934522,True,0.3,500,-4.734098707132696,-0.9468197414265391,True,-0.647066944461149,-0.12941338889222978,False,True,False,False,False,False,False,True,1791031009256,1791031009268,1791031009769,501,0.19212564842052743,4.087031762671547
PAPER:BATUSDT:1791030899999:SHORT,BATUSDT,SHORT,0.06560207944017078,False,0.3,500,-3.5743672405177547,-0.7148734481035509,False,-3.5743672405177547,-0.7148734481035509,False,False,False,False,False,False,False,False,,,,,,0.0
PAPER:SOLVUSDT:1791030899999:SHORT,SOLVUSDT,SHORT,0.09791630573226773,False,0.3,500,-0.3600282954492119,-0.07200565908984238,False,-0.3600282954492119,-0.07200565908984238,False,False,False,False,False,False,False,False,,,,,,0.0
PAPER:SOONUSDT:1791031199999:LONG,SOONUSDT,LONG,0.43180093380581486,False,0.3,500,-0.8170548040842363,-0.16341096081684725,True,-0.2860338684521938,-0.05720677369043876,False,True,False,False,False,False,False,True,1791031299364,1791031302721,1791031303316,595,0.1394617408256968,0.5310209356320424
PAPER:GUAUSDT:1791031199999:SHORT,GUAUSDT,SHORT,0.09482952847747854,False,0.3,500,-2.3151338684784952,-0.46302677369569906,False,-2.3151338684784952,-0.46302677369569906,False,False,False,False,False,False,False,False,,,,,,0.0
PAPER:WAXPUSDT:1791031199999:SHORT,WAXPUSDT,SHORT,0.15796753656780602,False,0.3,500,-2.1242987820307544,-0.42485975640615087,False,-2.1242987820307544,-0.42485975640615087,False,False,False,False,False,False,False,False,,,,,,0.0
PAPER:XVGUSDT:1791031199999:SHORT,XVGUSDT,SHORT,0.2963147974313368,False,0.3,500,-2.770751292099085,-0.5541502584198169,False,-2.770751292099085,-0.5541502584198169,False,False,False,False,False,False,False,False,,,,,,0.0
PAPER:BLUAIUSDT:1791031199999:SHORT,BLUAIUSDT,SHORT,0.4188883317460625,False,0.3,500,-5.699480266072115,-1.1398960532144229,True,0.17776639115775736,0.03555327823155147,True,True,False,False,False,False,False,True,1791031328826,1791031338460,1791031353058,14598,0.3951644218786969,5.877246657229872
PAPER:NILUSDT:1791031199999:LONG,NILUSDT,LONG,0.22971618806590932,False,0.3,500,-2.7020749171407723,-0.5404149834281544,False,-2.7020749171407723,-0.5404149834281544,False,False,False,False,False,False,False,False,,,,,,0.0
PAPER:LDOUSDT:1791031199999:SHORT,LDOUSDT,SHORT,0.4188727170620659,False,0.3,500,-4.903833487188899,-0.9807666974377798,True,-0.07160260485622721,-0.014320520971245443,False,True,False,False,False,False,False,True,1791031764154,1791031860776,1791031862370,1594,0.1555466863447258,4.832230882332672
PAPER:ONUSDT:1791031499999:SHORT,ONUSDT,SHORT,0.1664265751566015,False,0.3,500,-2.3497478852713356,-0.46994957705426715,False,-2.3497478852713356,-0.46994957705426715,False,False,False,False,False,False,False,False,,,,,,0.0
PAPER:CVCUSDT:1791031499999:SHORT,CVCUSDT,SHORT,0.15044590376835515,False,0.3,500,-2.485696755915584,-0.4971393511831168,False,-2.485696755915584,-0.4971393511831168,False,False,False,False,False,False,False,False,,,,,,0.0
PAPER:FOGOUSDT:1791031499999:SHORT,FOGOUSDT,SHORT,0.057127292047956295,False,0.3,500,-3.4110859982869592,-0.6822171996573918,False,-3.4110859982869592,-0.6822171996573918,False,False,False,False,False,False,False,False,,,,,,0.0
PAPER:MUSDT:1791031499999:SHORT,MUSDT,SHORT,0.1562427022849482,False,0.3,500,-1.0481979068353748,-0.20963958136707497,False,-1.0481979068353748,-0.20963958136707497,False,False,False,False,False,False,False,False,,,,,,0.0
PAPER:TRUTHUSDT:1791031799999:SHORT,TRUTHUSDT,SHORT,0.04259979890824061,False,0.3,500,-1.8553263437999297,-0.37106526875998597,False,-1.8553263437999297,-0.37106526875998597,False,False,False,False,False,False,False,False,,,,,,0.0
PAPER:MEWUSDT:1791031799999:LONG,MEWUSDT,LONG,0.20671602640922604,False,0.3,500,-2.9316560299051333,-0.5863312059810266,False,-2.9316560299051333,-0.5863312059810266,False,False,False,False,False,False,False,False,,,,,,0.0
PAPER:ATHUSDT:1791032399999:LONG,ATHUSDT,LONG,0.9362862664506144,True,0.3,500,-1.4344200088454728,-0.28688400176909457,True,-0.18828008379475863,-0.03765601675895173,False,True,False,False,False,False,False,True,1791032660952,1791032714046,1791032714625,579,0.22946893848288255,1.2461399250507141
PAPER:PARTIUSDT:1791032699999:LONG,PARTIUSDT,LONG,0.12131849248524507,False,0.3,500,-1.6557113665605714,-0.3311422733121143,False,-1.6557113665605714,-0.3311422733121143,False,False,False,False,False,False,False,False,,,,,,0.0
PAPER:SCRUSDT:1791032699999:SHORT,SCRUSDT,SHORT,0.17458744667221668,False,0.3,500,-4.748328639463314,-0.9496657278926629,False,-4.748328639463314,-0.9496657278926629,False,False,False,False,False,False,False,False,,,,,,0.0
PAPER:FLUIDUSDT:1791032699999:LONG,FLUIDUSDT,LONG,0.40288014904572567,False,0.3,500,-1.5533450107561027,-0.3106690021512205,True,0.25725990753518857,0.05145198150703772,True,True,False,False,False,False,False,True,1791032784244,1791032795054,1791032828390,33336,0.4028801490457218,1.810604918291291
PAPER:BRUSDT:1791032999999:SHORT,BRUSDT,SHORT,0.27254947442767047,False,0.3,500,-1.4411649157048976,-0.2882329831409795,False,-1.4411649157048976,-0.2882329831409795,False,False,False,False,False,False,False,False,,,,,,0.0
PAPER:TAKEUSDT:1791032999999:LONG,TAKEUSDT,LONG,0.1981648558068816,False,0.3,500,-4.45263633915979,-0.890527267831958,False,-4.45263633915979,-0.890527267831958,False,False,False,False,False,False,False,False,,,,,,0.0
PAPER:AVAUSDT:1791032999999:LONG,AVAUSDT,LONG,0.052532112366043826,False,0.3,500,-3.304734763964892,-0.6609469527929784,False,-3.304734763964892,-0.6609469527929784,False,False,False,False,False,False,False,False,,,,,,0.0
PAPER:GTCUSDT:1791032999999:LONG,GTCUSDT,LONG,0.5910414075610326,True,0.3,500,-5.389497416018015,-1.077899483203603,True,-0.1966487863630241,-0.03932975727260482,False,True,False,False,False,False,False,True,1791033054384,1791033062408,1791033063367,959,0.2498127249698905,5.192848629654991
PAPER:KSMUSDT:1791032999999:LONG,KSMUSDT,LONG,0.0557320840319786,False,0.3,500,-3.0776393835983287,-0.6155278767196658,False,-3.0776393835983287,-0.6155278767196658,False,False,False,False,False,False,False,False,,,,,,0.0
PAPER:ARKMUSDT:1791033599999:SHORT,ARKMUSDT,SHORT,0.056405475136281816,False,0.3,500,-2.8622419480075423,-0.5724483896015085,False,-2.8622419480075423,-0.5724483896015085,False,False,False,False,False,False,False,False,,,,,,0.0
PAPER:POWERUSDT:1791033599999:SHORT,POWERUSDT,SHORT,0.1333104729659478,False,0.3,500,-3.2520922207080236,-0.6504184441416047,False,-3.2520922207080236,-0.6504184441416047,False,False,False,False,False,False,False,False,,,,,,0.0
PAPER:IOUSDT:1791033599999:LONG,IOUSDT,LONG,0.04360451065001936,False,0.3,500,-3.8091145606756855,-0.7618229121351371,False,-3.8091145606756855,-0.7618229121351371,False,False,False,False,False,False,False,False,,,,,,0.0
PAPER:TRADOORUSDT:1791033899999:SHORT,TRADOORUSDT,SHORT,0.037861202555832515,False,0.3,500,-6.7422084359017616,-1.3484416871803524,False,-6.7422084359017616,-1.3484416871803524,False,False,False,False,False,False,False,False,,,,,,0.0
PAPER:LITUSDT:1791033899999:SHORT,LITUSDT,SHORT,0.5614579357694294,True,0.3,500,-1.1427683363038064,-0.22855366726076126,True,0.13395445610455348,0.026790891220910693,True,True,False,False,False,False,False,True,1791035295735,1791035312841,1791035314094,1253,0.2336730205463847,1.2767227924083597
PAPER:GLMUSDT:1791033899999:LONG,GLMUSDT,LONG,0.41155018572360813,False,0.3,500,-1.5272247018917282,-0.30544494037834563,True,-1.0652929707722751,-0.21305859415445502,False,True,False,False,False,False,False,True,1791034872573,1791035009121,1791035010059,938,0.21889563816850233,0.46193173111945307
PAPER:PORTALUSDT:1791033899999:LONG,PORTALUSDT,LONG,0.2034230025503403,False,0.3,500,-2.4843567110599034,-0.49687134221198065,False,-2.4843567110599034,-0.49687134221198065,False,False,False,False,False,False,False,False,,,,,,0.0
PAPER:PROMPTUSDT:1791033899999:LONG,PROMPTUSDT,LONG,0.02804821063659979,False,0.3,500,-0.9498100379923309,-0.18996200759846618,False,-0.9498100379923309,-0.18996200759846618,False,False,False,False,False,False,False,False,,,,,,0.0
PAPER:MAGMAUSDT:1791033899999:SHORT,MAGMAUSDT,SHORT,0.11747463534199344,False,0.3,500,-1.6167348982446283,-0.32334697964892567,False,-1.6167348982446283,-0.32334697964892567,False,False,False,False,False,False,False,False,,,,,,0.0
PAPER:SYRUPUSDT:1791034499999:LONG,SYRUPUSDT,LONG,0.3365032121780853,False,0.3,500,-1.7301618973079922,-0.3460323794615984,True,0.19070421793056705,0.038140843586113415,True,True,False,False,False,False,False,True,1791034856578,1791034859943,1791034860486,543,0.3365032121780856,1.9208661152385593
PAPER:SOPHUSDT:1791034799999:LONG,SOPHUSDT,LONG,0.032486940932008324,False,0.3,500,-1.0808927650165776,-0.21617855300331554,False,-1.0808927650165776,-0.21617855300331554,False,False,False,False,False,False,False,False,,,,,,0.0
PAPER:TRBUSDT:1791034799999:LONG,TRBUSDT,LONG,0.17249534305692205,False,0.3,500,-1.1180799807020212,-0.22361599614040423,False,-1.1180799807020212,-0.22361599614040423,False,False,False,False,False,False,False,False,,,,,,0.0
PAPER:BRETTUSDT:1791034799999:LONG,BRETTUSDT,LONG,0.013901271279914695,False,0.3,500,-2.8970518364541604,-0.5794103672908321,False,-2.8970518364541604,-0.5794103672908321,False,False,False,False,False,False,False,False,,,,,,0.0
PAPER:HANAUSDT:1791034799999:SHORT,HANAUSDT,SHORT,0.39639901335803707,False,0.3,500,-4.076179984123353,-0.8152359968246706,True,-0.5333913785255111,-0.10667827570510223,False,True,False,False,False,False,False,True,1791035379027,1791035403440,1791035408172,4732,0.39639901335803707,3.542788605597842
PAPER:COOKIEUSDT:1791034799999:LONG,COOKIEUSDT,LONG,0.02588041584095091,False,0.3,500,-3.432422254842399,-0.6864844509684798,False,-3.432422254842399,-0.6864844509684798,False,False,False,False,False,False,False,False,,,,,,0.0
PAPER:BLURUSDT:1791035099999:LONG,BLURUSDT,LONG,0.026898935409902514,False,0.3,500,-2.1210698643572643,-0.4242139728714529,False,-2.1210698643572643,-0.4242139728714529,False,False,False,False,False,False,False,False,,,,,,0.0
PAPER:GTCUSDT:1791035399999:LONG,GTCUSDT,LONG,0.1905703102749179,False,0.3,500,0.06306476224254054,0.012612952448508108,False,0.06306476224254054,0.012612952448508108,True,False,False,False,False,False,False,False,,,,,,0.0
PAPER:BIOUSDT:1791035399999:LONG,BIOUSDT,LONG,0.04403217979522811,False,0.3,500,-2.7089125322549616,-0.5417825064509922,False,-2.7089125322549616,-0.5417825064509922,False,False,False,False,False,False,False,False,,,,,,0.0
PAPER:NILUSDT:1791035699999:SHORT,NILUSDT,SHORT,0.2057747892693691,False,0.3,500,-1.6043812094959564,-0.3208762418991913,False,-1.6043812094959564,-0.3208762418991913,False,False,False,False,False,False,False,False,,,,,,0.0
PAPER:PARTIUSDT:1791035699999:LONG,PARTIUSDT,LONG,0.38892017097602594,False,0.3,500,-0.4391503345547632,-0.08783006691095264,True,-0.4391503345547632,-0.08783006691095264,False,False,False,False,False,False,False,True,1791035728176,1791035728903,1791035729833,930,0.15038573744010164,0.0
PAPER:SIGNUSDT:1791035999999:LONG,SIGNUSDT,LONG,0.020325020332290222,False,0.3,500,-2.903522065186805,-0.580704413037361,False,-2.903522065186805,-0.580704413037361,False,False,False,False,False,False,False,False,,,,,,0.0
PAPER:FHEUSDT:1791035999999:LONG,FHEUSDT,LONG,0.07019795860405686,False,0.3,500,-1.0624453988318034,-0.2124890797663607,False,-1.0624453988318034,-0.2124890797663607,False,False,False,False,False,False,False,False,,,,,,0.0
PAPER:ENJUSDT:1791035999999:LONG,ENJUSDT,LONG,0.09842864118914108,False,0.3,500,-0.5061394517069918,-0.10122789034139837,False,-0.5061394517069918,-0.10122789034139837,False,False,False,False,False,False,False,False,,,,,,0.0
PAPER:CHILLGUYUSDT:1791036299999:SHORT,CHILLGUYUSDT,SHORT,0.29671056237814813,False,0.3,500,-1.6460776979307021,-0.3292155395861404,False,-1.6460776979307021,-0.3292155395861404,False,False,False,False,False,False,False,False,,,,,,0.0
PAPER:ZAMAUSDT:1791036299999:LONG,ZAMAUSDT,LONG,0.05344670536999718,False,0.3,500,-2.7535616422870577,-0.5507123284574116,False,-2.7535616422870577,-0.5507123284574116,False,False,False,False,False,False,False,False,,,,,,0.0
PAPER:MTLUSDT:1791036299999:SHORT,MTLUSDT,SHORT,0.392645968101903,False,0.3,500,-2.9359691162288346,-0.5871938232457669,True,-0.7913277117498396,-0.15826554234996792,False,True,False,False,False,False,False,True,1791036657163,1791036794963,1791036796260,1297,0.1069652204004883,2.144641404478995
PAPER:MELANIAUSDT:1791036599999:SHORT,MELANIAUSDT,SHORT,0.11439277969808952,False,0.3,500,-2.823923833139723,-0.5647847666279447,False,-2.823923833139723,-0.5647847666279447,False,False,False,False,False,False,False,False,,,,,,0.0
PAPER:QNTUSDT:1791036599999:SHORT,QNTUSDT,SHORT,0.09206771523578838,False,0.3,500,-1.1304764324347885,-0.2260952864869577,False,-1.1304764324347885,-0.2260952864869577,False,False,False,False,False,False,False,False,,,,,,0.0
PAPER:1000000BOBUSDT:1791036899999:SHORT,1000000BOBUSDT,SHORT,0.20259244727284154,False,0.3,500,-0.9501900380075976,-0.19003800760151954,False,-0.9501900380075976,-0.19003800760151954,False,False,False,False,False,False,False,False,,,,,,0.0
PAPER:ZECUSDT:1791036899999:SHORT,ZECUSDT,SHORT,0.34743220879288866,False,0.3,500,-2.4871455712255535,-0.49742911424511066,True,0.01766609122292323,0.0035332182445846462,True,True,False,False,False,False,False,True,1791037459585,1791037518581,1791037519542,961,0.2685301174697531,2.5048116624484766
PAPER:VELVETUSDT:1791037199999:LONG,VELVETUSDT,LONG,0.16967139011807575,False,0.3,500,-2.5920327443301128,-0.5184065488660226,False,-2.5920327443301128,-0.5184065488660226,False,False,False,False,False,False,False,False,,,,,,0.0
PAPER:EVAAUSDT:1791037499999:LONG,EVAAUSDT,LONG,0.056646393986836685,False,0.3,500,-3.821169888291375,-0.7642339776582749,False,-3.821169888291375,-0.7642339776582749,False,False,False,False,False,False,False,False,,,,,,0.0
PAPER:ONEUSDT:1791037499999:LONG,ONEUSDT,LONG,0.24924997047268693,False,0.3,500,-6.076218006145115,-1.215243601229023,False,-6.076218006145115,-1.215243601229023,False,False,False,False,False,False,False,False,,,,,,0.0
PAPER:DEEPUSDT:1791037799999:LONG,DEEPUSDT,LONG,0.02104669378111268,False,0.3,500,-3.6150511995301473,-0.7230102399060295,False,-3.6150511995301473,-0.7230102399060295,False,False,False,False,False,False,False,False,,,,,,0.0
PAPER:OPUSDT:1791037799999:LONG,OPUSDT,LONG,0.26694344698652284,False,0.3,500,-2.0891271981087893,-0.4178254396217579,False,-2.0891271981087893,-0.4178254396217579,False,False,False,False,False,False,False,False,,,,,,0.0
PAPER:DRIFTUSDT:1791037799999:LONG,DRIFTUSDT,LONG,0.13110727980347736,False,0.3,500,-3.088406569315816,-0.6176813138631632,False,-3.088406569315816,-0.6176813138631632,False,False,False,False,False,False,False,False,,,,,,0.0
PAPER:ORDIUSDT:1791037799999:LONG,ORDIUSDT,LONG,0.3061675616160109,False,0.3,500,-2.7963146550767375,-0.5592629310153475,True,0.027751229875880242,0.005550245975176049,True,True,False,False,False,False,False,True,1791039089065,1791039096860,1791039098079,1219,0.1757021366496767,2.824065884952618
PAPER:SUPERUSDT:1791038099999:LONG,SUPERUSDT,LONG,0.6513379595819213,True,0.3,500,-3.4602375064787063,-0.6920475012957413,True,-0.3690395042379669,-0.07380790084759338,False,True,False,False,True,False,False,True,1791038218868,1791038218918,1791038219639,721,0.6513379595819316,3.0911980022407395
PAPER:KAIAUSDT:1791038099999:LONG,KAIAUSDT,LONG,0.006629832488891374,False,0.3,500,-3.410360241533641,-0.6820720483067282,False,-3.410360241533641,-0.6820720483067282,False,False,False,False,False,False,False,False,,,,,,0.0
PAPER:1000CATUSDT:1791038699999:LONG,1000CATUSDT,LONG,0.4267421761402934,False,0.3,500,-0.838231577321695,-0.16764631546433897,True,-0.28033927396820985,-0.05606785479364197,False,True,False,False,False,False,False,True,1791039151284,1791039255975,1791039265360,9385,0.24804690536423327,0.557892303353485
PAPER:USUSDT:1791038699999:SHORT,USUSDT,SHORT,0.48393229097455304,False,0.3,500,-0.7002546247073798,-0.14005092494147595,True,-0.15494099568863384,-0.030988199137726765,False,True,False,False,False,False,False,True,1791038777439,1791038842620,1791038843648,1028,0.4566924914191514,0.5453136290187459
PAPER:哈基米USDT:1791038699999:SHORT,哈基米USDT,SHORT,0.10980781490497439,False,0.3,500,-0.6253521470030563,-0.12507042940061125,False,-0.6253521470030563,-0.12507042940061125,False,False,False,False,False,False,False,False,,,,,,0.0
PAPER:XMRUSDT:1791038699999:LONG,XMRUSDT,LONG,0.34497365381629397,False,0.3,500,-1.4191267554642937,-0.2838253510928587,True,-0.020201924538475417,-0.004040384907695083,False,True,False,False,False,False,False,True,1791039110210,1791039377860,1791039378600,740,0.3016109225747648,1.3989248309258182
PAPER:NEARUSDT:1791038999999:LONG,NEARUSDT,LONG,0.2154525207140212,False,0.3,500,-3.248598645182094,-0.6497197290364188,False,-3.248598645182094,-0.6497197290364188,False,False,False,False,False,False,False,False,,,,,,0.0
PAPER:RENDERUSDT:1791038999999:LONG,RENDERUSDT,LONG,0.3777364865167332,False,0.3,500,-2.564063511265951,-0.5128127022531902,True,0.04357671479134407,0.008715342958268814,True,True,False,False,False,False,False,True,1791040094649,1791040118071,1791040120625,2554,0.3777364865167244,2.607640226057295
PAPER:AEVOUSDT:1791039299999:LONG,AEVOUSDT,LONG,0.32084492192470115,False,0.3,500,-2.7469840170223327,-0.5493968034044666,True,-0.003928996397624118,-0.0007857992795248236,False,True,False,False,False,False,False,True,1791039480505,1791039571798,1791039574170,2372,0.20723128101652835,2.7430550206247086
PAPER:ONUSDT:1791039599999:SHORT,ONUSDT,SHORT,0.359578557077644,False,0.3,500,-0.4752610152011104,-0.09505220304022208,True,-0.47526101520117625,-0.09505220304023526,False,False,False,False,False,False,False,True,1791039637003,1791039637008,1791039638152,1144,0.16978727813873884,-6.583622536027178e-14
PAPER:XVGUSDT:1791039599999:LONG,XVGUSDT,LONG,0.07237850243317911,False,0.3,500,-3.6415072428999737,-0.7283014485799947,False,-3.6415072428999737,-0.7283014485799947,False,False,False,False,False,False,False,False,,,,,,0.0
PAPER:CUSDT:1791039899999:LONG,CUSDT,LONG,1.1357841017241022,True,0.3,500,-4.815485513170761,-0.9630971026341522,True,-2.706935253982553,-0.5413870507965106,False,True,False,False,True,True,False,True,1791039956487,1791039956495,1791039957181,686,1.135784101724093,2.108550259188208
PAPER:龙虾USDT:1791039899999:SHORT,龙虾USDT,SHORT,0.0010972658666689283,False,0.3,500,-2.3230755803059737,-0.4646151160611947,False,-2.3230755803059737,-0.4646151160611947,False,False,False,False,False,False,False,False,,,,,,0.0
PAPER:PHAUSDT:1791039899999:SHORT,PHAUSDT,SHORT,0.5336391386070395,True,0.3,500,-1.3147750271102738,-0.26295500542205474,True,-0.43977105326381954,-0.0879542106527639,False,True,False,False,False,False,False,True,1791040049204,1791040049267,1791040050365,1098,0.16940023110230443,0.8750039738464543
PAPER:MIRAUSDT:1791040199999:SHORT,MIRAUSDT,SHORT,0.13354810666604766,False,0.3,500,-1.3344350505103577,-0.26688701010207155,False,-1.3344350505103577,-0.26688701010207155,False,False,False,False,False,False,False,False,,,,,,0.0
PAPER:MEGAUSDT:1791040199999:LONG,MEGAUSDT,LONG,0.5974185977954738,True,0.3,500,-0.07597016259568207,-0.015194032519136414,True,0.07823687423905366,0.015647374847810733,True,True,False,False,False,False,False,True,1791040281828,1791040288504,1791040289283,779,0.350452758357344,0.15420703683473574
PAPER:SANDUSDT:1791040499999:LONG,SANDUSDT,LONG,0.8209450237695926,True,0.3,500,1.3474539452734347,0.26949078905468693,True,0.1660038967367442,0.033200779347348844,True,False,True,True,True,False,False,True,1791040526052,1791040526053,1791040526614,561,0.8209450237695979,-1.1814500485366906
PAPER:BANUSDT:1791040499999:SHORT,BANUSDT,SHORT,0.05628890843004262,False,0.3,500,-3.0502385088000796,-0.6100477017600159,False,-3.0502385088000796,-0.6100477017600159,False,False,False,False,False,False,False,False,,,,,,0.0
PAPER:MORPHOUSDT:1791040799999:LONG,MORPHOUSDT,LONG,0.02861058304419739,False,0.3,500,-1.9210183355999124,-0.3842036671199825,False,-1.9210183355999124,-0.3842036671199825,False,False,False,False,False,False,False,False,,,,,,0.0
PAPER:BMTUSDT:1791040799999:LONG,BMTUSDT,LONG,0.302520141133078,False,0.3,500,-2.695113121192824,-0.5390226242385647,True,-2.8293672045159526,-0.5658734409031905,False,False,False,True,False,False,False,True,1791041233842,1791041235317,1791041236187,870,0.3025201411330761,-0.13425408332312871
PAPER:TAKEUSDT:1791041099999:LONG,TAKEUSDT,LONG,0.08721294956695047,False,0.3,500,-1.523598169842145,-0.304719633968429,False,-1.523598169842145,-0.304719633968429,False,False,False,False,False,False,False,False,,,,,,0.0
PAPER:SENTUSDT:1791041099999:SHORT,SENTUSDT,SHORT,0.025708980918666427,False,0.3,500,-3.3524018731991214,-0.6704803746398242,False,-3.3524018731991214,-0.6704803746398242,False,False,False,False,False,False,False,False,,,,,,0.0
PAPER:TAKEUSDT:1791041399999:LONG,TAKEUSDT,LONG,0.17738289851521039,False,0.3,500,-2.2391385466262355,-0.4478277093252471,False,-2.2391385466262355,-0.4478277093252471,False,False,False,False,False,False,False,False,,,,,,0.0
PAPER:PHAROSUSDT:1791041999999:LONG,PHAROSUSDT,LONG,0.1184037832522078,False,0.3,500,-2.747298263215607,-0.5494596526431214,False,-2.747298263215607,-0.5494596526431214,False,False,False,False,False,False,False,False,,,,,,0.0
PAPER:AVAAIUSDT:1791042299999:LONG,AVAAIUSDT,LONG,0.5843370032250439,True,0.3,500,-1.8501523740850172,-0.37003047481700346,True,-1.0027713518801633,-0.20055427037603266,False,True,False,False,False,False,False,True,1791042458549,1791042471363,1791042472973,1610,0.06482266643173494,0.8473810222048539
PAPER:INXUSDT:1791042299999:LONG,INXUSDT,LONG,0.5111944571072558,True,0.3,500,-0.949810037992343,-0.1899620075984686,True,0.4598244015484583,0.09196488030969165,True,True,False,False,True,False,False,True,1791042341949,1791042345100,1791042345675,575,0.5111944571072548,1.4096344395408011
PAPER:CYSUSDT:1791042299999:SHORT,CYSUSDT,SHORT,0.04109557403234674,False,0.3,500,-2.4791307528456885,-0.4958261505691377,False,-2.4791307528456885,-0.4958261505691377,False,False,False,False,False,False,False,False,,,,,,0.0
PAPER:AKTUSDT:1791043199999:LONG,AKTUSDT,LONG,0.09885095789161635,False,0.3,500,-3.5100134635034834,-0.7020026927006967,False,-3.5100134635034834,-0.7020026927006967,False,False,False,False,False,False,False,False,,,,,,0.0
PAPER:AIOUSDT:1791043499999:LONG,AIOUSDT,LONG,0.3392750607989381,False,0.3,500,-0.05248551804010343,-0.010497103608020685,False,-0.05248551804010343,-0.010497103608020685,False,False,False,False,False,False,False,True,1791043561955,,,,,0.0
PAPER:TAKEUSDT:1791030299999:LONG,TAKEUSDT,LONG,0.20078003326780003,False,0.3,1000,-4.179531297998999,-0.8359062595997998,False,-4.179531297998999,-0.8359062595997998,False,False,False,False,False,False,False,False,,,,,,0.0
PAPER:C98USDT:1791030299999:SHORT,C98USDT,SHORT,0.5325927063865858,True,0.3,1000,-0.33561030806532705,-0.06712206161306541,True,-0.028320443094112635,-0.005664088618822527,False,True,False,False,False,False,False,True,1791031096796,1791031097023,1791031098714,1691,0.2255945357272764,0.3072898649712144
PAPER:RAYSOLUSDT:1791030299999:LONG,RAYSOLUSDT,LONG,0.3865045416249213,False,0.3,1000,-4.294281797041444,-0.8588563594082889,True,-0.04202484625043058,-0.008404969250086115,False,True,False,False,False,False,False,True,1791030721380,1791030732247,1791030733371,1124,0.3673751043343543,4.252256950791014
PAPER:MASKUSDT:1791030299999:SHORT,MASKUSDT,SHORT,0.4782276505114329,False,0.3,1000,-0.6904478264892522,-0.13808956529785044,True,0.29657257728012965,0.05931451545602593,True,True,False,False,False,False,False,True,1791030634642,1791030676751,1791030681349,4598,0.4782276505114329,0.9870204037693818
PAPER:2ZUSDT:1791030599999:SHORT,2ZUSDT,SHORT,0.04643975739345436,False,0.3,1000,-3.1670863623565806,-0.6334172724713161,False,-3.1670863623565806,-0.6334172724713161,False,False,False,False,False,False,False,False,,,,,,0.0
PAPER:ARKUSDT:1791030599999:LONG,ARKUSDT,LONG,0.11126877469145313,False,0.3,1000,-0.9498100379923222,-0.18996200759846446,False,-0.9498100379923222,-0.18996200759846446,False,False,False,False,False,False,False,False,,,,,,0.0
PAPER:ICPUSDT:1791030599999:SHORT,ICPUSDT,SHORT,0.13297856879422754,False,0.3,1000,-2.251777408861963,-0.45035548177239265,False,-2.251777408861963,-0.45035548177239265,False,False,False,False,False,False,False,False,,,,,,0.0
PAPER:ALCHUSDT:1791030599999:SHORT,ALCHUSDT,SHORT,0.040601939818374046,False,0.3,1000,-3.073413425363308,-0.6146826850726615,False,-3.073413425363308,-0.6146826850726615,False,False,False,False,False,False,False,False,,,,,,0.0
PAPER:1000SATSUSDT:1791030599999:SHORT,1000SATSUSDT,SHORT,0.14356100983075173,False,0.3,1000,-2.382743729857922,-0.4765487459715844,False,-2.382743729857922,-0.4765487459715844,False,False,False,False,False,False,False,False,,,,,,0.0
PAPER:SPXUSDT:1791030599999:SHORT,SPXUSDT,SHORT,0.3946344312621141,False,0.3,1000,-3.082995430845726,-0.6165990861691453,True,-0.1431825920688441,-0.028636518413768818,False,True,False,False,False,False,False,True,1791031430098,1791031505552,1791031512470,6918,0.3946344312621141,2.939812838776882
PAPER:BERAUSDT:1791030599999:SHORT,BERAUSDT,SHORT,0.02415494136355687,False,0.3,1000,-2.7182260293118015,-0.5436452058623603,False,-2.7182260293118015,-0.5436452058623603,False,False,False,False,False,False,False,False,,,,,,0.0
PAPER:CLOUSDT:1791030599999:SHORT,CLOUSDT,SHORT,0.562071677187042,True,0.3,1000,0.020857857313486106,0.0041715714626972215,False,0.020857857313486106,0.0041715714626972215,True,False,False,False,False,False,False,True,1791030681645,,,,,0.0
PAPER:RONINUSDT:1791030599999:SHORT,RONINUSDT,SHORT,0.4201447269727042,False,0.3,1000,-0.9881699462047233,-0.19763398924094466,True,-0.1905918740652291,-0.03811837481304582,False,True,False,False,False,False,False,True,1791031329072,1791031515790,1791031534197,18407,0.17730404958078655,0.7975780721394943
PAPER:BABYUSDT:1791030599999:SHORT,BABYUSDT,SHORT,0.13108361853639602,False,0.3,1000,-2.4625017903882367,-0.4925003580776473,False,-2.4625017903882367,-0.4925003580776473,False,False,False,False,False,False,False,False,,,,,,0.0
PAPER:LQTYUSDT:1791030599999:SHORT,LQTYUSDT,SHORT,0.23922711108097128,False,0.3,1000,-1.1664212216092822,-0.23328424432185646,False,-1.1664212216092822,-0.23328424432185646,False,False,False,False,False,False,False,False,,,,,,0.0
PAPER:ELSAUSDT:1791030599999:SHORT,ELSAUSDT,SHORT,0.09292788177507333,False,0.3,1000,-2.8341764513986663,-0.5668352902797332,False,-2.8341764513986663,-0.5668352902797332,False,False,False,False,False,False,False,False,,,,,,0.0
PAPER:LYNUSDT:1791030899999:SHORT,LYNUSDT,SHORT,0.4910471145324048,False,0.3,1000,-0.2194233372221207,-0.04388466744442414,False,-0.2194233372221207,-0.04388466744442414,False,False,False,False,False,False,False,True,1791030952359,,,,,0.0
PAPER:CUSDT:1791030899999:LONG,CUSDT,LONG,0.5052576067934522,True,0.3,1000,-4.734098707132696,-0.9468197414265391,True,-0.899352855737237,-0.1798705711474474,False,True,False,False,False,False,False,True,1791031009256,1791031009268,1791031010345,1077,0.19212564842052743,3.834745851395459
PAPER:BATUSDT:1791030899999:SHORT,BATUSDT,SHORT,0.06560207944017078,False,0.3,1000,-3.5743672405177547,-0.7148734481035509,False,-3.5743672405177547,-0.7148734481035509,False,False,False,False,False,False,False,False,,,,,,0.0
PAPER:SOLVUSDT:1791030899999:SHORT,SOLVUSDT,SHORT,0.09791630573226773,False,0.3,1000,-0.3600282954492119,-0.07200565908984238,False,-0.3600282954492119,-0.07200565908984238,False,False,False,False,False,False,False,False,,,,,,0.0
PAPER:SOONUSDT:1791031199999:LONG,SOONUSDT,LONG,0.43180093380581486,False,0.3,1000,-0.8170548040842363,-0.16341096081684725,True,-0.41878910236022276,-0.08375782047204455,False,True,False,False,False,False,False,True,1791031299364,1791031302721,1791031304729,2008,0.1394617408256968,0.3982657017240135
PAPER:GUAUSDT:1791031199999:SHORT,GUAUSDT,SHORT,0.09482952847747854,False,0.3,1000,-2.3151338684784952,-0.46302677369569906,False,-2.3151338684784952,-0.46302677369569906,False,False,False,False,False,False,False,False,,,,,,0.0
PAPER:WAXPUSDT:1791031199999:SHORT,WAXPUSDT,SHORT,0.15796753656780602,False,0.3,1000,-2.1242987820307544,-0.42485975640615087,False,-2.1242987820307544,-0.42485975640615087,False,False,False,False,False,False,False,False,,,,,,0.0
PAPER:XVGUSDT:1791031199999:SHORT,XVGUSDT,SHORT,0.2963147974313368,False,0.3,1000,-2.770751292099085,-0.5541502584198169,False,-2.770751292099085,-0.5541502584198169,False,False,False,False,False,False,False,False,,,,,,0.0
PAPER:BLUAIUSDT:1791031199999:SHORT,BLUAIUSDT,SHORT,0.4188883317460625,False,0.3,1000,-5.699480266072115,-1.1398960532144229,True,0.17776639115775736,0.03555327823155147,True,True,False,False,False,False,False,True,1791031328826,1791031338460,1791031353058,14598,0.3951644218786969,5.877246657229872
PAPER:NILUSDT:1791031199999:LONG,NILUSDT,LONG,0.22971618806590932,False,0.3,1000,-2.7020749171407723,-0.5404149834281544,False,-2.7020749171407723,-0.5404149834281544,False,False,False,False,False,False,False,False,,,,,,0.0
PAPER:LDOUSDT:1791031199999:SHORT,LDOUSDT,SHORT,0.4188727170620659,False,0.3,1000,-4.903833487188899,-0.9807666974377798,True,-0.07160260485622721,-0.014320520971245443,False,True,False,False,False,False,False,True,1791031764154,1791031860776,1791031862370,1594,0.1555466863447258,4.832230882332672
PAPER:ONUSDT:1791031499999:SHORT,ONUSDT,SHORT,0.1664265751566015,False,0.3,1000,-2.3497478852713356,-0.46994957705426715,False,-2.3497478852713356,-0.46994957705426715,False,False,False,False,False,False,False,False,,,,,,0.0
PAPER:CVCUSDT:1791031499999:SHORT,CVCUSDT,SHORT,0.15044590376835515,False,0.3,1000,-2.485696755915584,-0.4971393511831168,False,-2.485696755915584,-0.4971393511831168,False,False,False,False,False,False,False,False,,,,,,0.0
PAPER:FOGOUSDT:1791031499999:SHORT,FOGOUSDT,SHORT,0.057127292047956295,False,0.3,1000,-3.4110859982869592,-0.6822171996573918,False,-3.4110859982869592,-0.6822171996573918,False,False,False,False,False,False,False,False,,,,,,0.0
PAPER:MUSDT:1791031499999:SHORT,MUSDT,SHORT,0.1562427022849482,False,0.3,1000,-1.0481979068353748,-0.20963958136707497,False,-1.0481979068353748,-0.20963958136707497,False,False,False,False,False,False,False,False,,,,,,0.0
PAPER:TRUTHUSDT:1791031799999:SHORT,TRUTHUSDT,SHORT,0.04259979890824061,False,0.3,1000,-1.8553263437999297,-0.37106526875998597,False,-1.8553263437999297,-0.37106526875998597,False,False,False,False,False,False,False,False,,,,,,0.0
PAPER:MEWUSDT:1791031799999:LONG,MEWUSDT,LONG,0.20671602640922604,False,0.3,1000,-2.9316560299051333,-0.5863312059810266,False,-2.9316560299051333,-0.5863312059810266,False,False,False,False,False,False,False,False,,,,,,0.0
PAPER:ATHUSDT:1791032399999:LONG,ATHUSDT,LONG,0.9362862664506144,True,0.3,1000,-1.4344200088454728,-0.28688400176909457,True,-0.11905008795860116,-0.02381001759172023,False,True,False,False,False,False,False,True,1791032660952,1791032714046,1791032715423,1377,0.22946893848288255,1.3153699208868717
PAPER:PARTIUSDT:1791032699999:LONG,PARTIUSDT,LONG,0.12131849248524507,False,0.3,1000,-1.6557113665605714,-0.3311422733121143,False,-1.6557113665605714,-0.3311422733121143,False,False,False,False,False,False,False,False,,,,,,0.0
PAPER:SCRUSDT:1791032699999:SHORT,SCRUSDT,SHORT,0.17458744667221668,False,0.3,1000,-4.748328639463314,-0.9496657278926629,False,-4.748328639463314,-0.9496657278926629,False,False,False,False,False,False,False,False,,,,,,0.0
PAPER:FLUIDUSDT:1791032699999:LONG,FLUIDUSDT,LONG,0.40288014904572567,False,0.3,1000,-1.5533450107561027,-0.3106690021512205,True,0.25725990753518857,0.05145198150703772,True,True,False,False,False,False,False,True,1791032784244,1791032795054,1791032828390,33336,0.4028801490457218,1.810604918291291
PAPER:BRUSDT:1791032999999:SHORT,BRUSDT,SHORT,0.27254947442767047,False,0.3,1000,-1.4411649157048976,-0.2882329831409795,False,-1.4411649157048976,-0.2882329831409795,False,False,False,False,False,False,False,False,,,,,,0.0
PAPER:TAKEUSDT:1791032999999:LONG,TAKEUSDT,LONG,0.1981648558068816,False,0.3,1000,-4.45263633915979,-0.890527267831958,False,-4.45263633915979,-0.890527267831958,False,False,False,False,False,False,False,False,,,,,,0.0
PAPER:AVAUSDT:1791032999999:LONG,AVAUSDT,LONG,0.052532112366043826,False,0.3,1000,-3.304734763964892,-0.6609469527929784,False,-3.304734763964892,-0.6609469527929784,False,False,False,False,False,False,False,False,,,,,,0.0
PAPER:GTCUSDT:1791032999999:LONG,GTCUSDT,LONG,0.5910414075610326,True,0.3,1000,-5.389497416018015,-1.077899483203603,True,-0.39484911573916714,-0.07896982314783342,False,True,False,False,False,False,False,True,1791033054384,1791033062408,1791033063483,1075,0.2498127249698905,4.994648300278848
PAPER:KSMUSDT:1791032999999:LONG,KSMUSDT,LONG,0.0557320840319786,False,0.3,1000,-3.0776393835983287,-0.6155278767196658,False,-3.0776393835983287,-0.6155278767196658,False,False,False,False,False,False,False,False,,,,,,0.0
PAPER:ARKMUSDT:1791033599999:SHORT,ARKMUSDT,SHORT,0.056405475136281816,False,0.3,1000,-2.8622419480075423,-0.5724483896015085,False,-2.8622419480075423,-0.5724483896015085,False,False,False,False,False,False,False,False,,,,,,0.0
PAPER:POWERUSDT:1791033599999:SHORT,POWERUSDT,SHORT,0.1333104729659478,False,0.3,1000,-3.2520922207080236,-0.6504184441416047,False,-3.2520922207080236,-0.6504184441416047,False,False,False,False,False,False,False,False,,,,,,0.0
PAPER:IOUSDT:1791033599999:LONG,IOUSDT,LONG,0.04360451065001936,False,0.3,1000,-3.8091145606756855,-0.7618229121351371,False,-3.8091145606756855,-0.7618229121351371,False,False,False,False,False,False,False,False,,,,,,0.0
PAPER:TRADOORUSDT:1791033899999:SHORT,TRADOORUSDT,SHORT,0.037861202555832515,False,0.3,1000,-6.7422084359017616,-1.3484416871803524,False,-6.7422084359017616,-1.3484416871803524,False,False,False,False,False,False,False,False,,,,,,0.0
PAPER:LITUSDT:1791033899999:SHORT,LITUSDT,SHORT,0.5614579357694294,True,0.3,1000,-1.1427683363038064,-0.22855366726076126,True,0.13395445610455348,0.026790891220910693,True,True,False,False,False,False,False,True,1791035295735,1791035312841,1791035314094,1253,0.2336730205463847,1.2767227924083597
PAPER:GLMUSDT:1791033899999:LONG,GLMUSDT,LONG,0.41155018572360813,False,0.3,1000,-1.5272247018917282,-0.30544494037834563,True,-1.0652929707722751,-0.21305859415445502,False,True,False,False,False,False,False,True,1791034872573,1791035009121,1791035010238,1117,0.21889563816850233,0.46193173111945307
PAPER:PORTALUSDT:1791033899999:LONG,PORTALUSDT,LONG,0.2034230025503403,False,0.3,1000,-2.4843567110599034,-0.49687134221198065,False,-2.4843567110599034,-0.49687134221198065,False,False,False,False,False,False,False,False,,,,,,0.0
PAPER:PROMPTUSDT:1791033899999:LONG,PROMPTUSDT,LONG,0.02804821063659979,False,0.3,1000,-0.9498100379923309,-0.18996200759846618,False,-0.9498100379923309,-0.18996200759846618,False,False,False,False,False,False,False,False,,,,,,0.0
PAPER:MAGMAUSDT:1791033899999:SHORT,MAGMAUSDT,SHORT,0.11747463534199344,False,0.3,1000,-1.6167348982446283,-0.32334697964892567,False,-1.6167348982446283,-0.32334697964892567,False,False,False,False,False,False,False,False,,,,,,0.0
PAPER:SYRUPUSDT:1791034499999:LONG,SYRUPUSDT,LONG,0.3365032121780853,False,0.3,1000,-1.7301618973079922,-0.3460323794615984,True,0.07065008572813974,0.014130017145627949,True,True,False,False,False,False,False,True,1791034856578,1791034859943,1791034861191,1248,0.3365032121780856,1.800811983036132
PAPER:SOPHUSDT:1791034799999:LONG,SOPHUSDT,LONG,0.032486940932008324,False,0.3,1000,-1.0808927650165776,-0.21617855300331554,False,-1.0808927650165776,-0.21617855300331554,False,False,False,False,False,False,False,False,,,,,,0.0
PAPER:TRBUSDT:1791034799999:LONG,TRBUSDT,LONG,0.17249534305692205,False,0.3,1000,-1.1180799807020212,-0.22361599614040423,False,-1.1180799807020212,-0.22361599614040423,False,False,False,False,False,False,False,False,,,,,,0.0
PAPER:BRETTUSDT:1791034799999:LONG,BRETTUSDT,LONG,0.013901271279914695,False,0.3,1000,-2.8970518364541604,-0.5794103672908321,False,-2.8970518364541604,-0.5794103672908321,False,False,False,False,False,False,False,False,,,,,,0.0
PAPER:HANAUSDT:1791034799999:SHORT,HANAUSDT,SHORT,0.39639901335803707,False,0.3,1000,-4.076179984123353,-0.8152359968246706,True,-0.5333913785255111,-0.10667827570510223,False,True,False,False,False,False,False,True,1791035379027,1791035403440,1791035408172,4732,0.39639901335803707,3.542788605597842
PAPER:COOKIEUSDT:1791034799999:LONG,COOKIEUSDT,LONG,0.02588041584095091,False,0.3,1000,-3.432422254842399,-0.6864844509684798,False,-3.432422254842399,-0.6864844509684798,False,False,False,False,False,False,False,False,,,,,,0.0
PAPER:BLURUSDT:1791035099999:LONG,BLURUSDT,LONG,0.026898935409902514,False,0.3,1000,-2.1210698643572643,-0.4242139728714529,False,-2.1210698643572643,-0.4242139728714529,False,False,False,False,False,False,False,False,,,,,,0.0
PAPER:GTCUSDT:1791035399999:LONG,GTCUSDT,LONG,0.1905703102749179,False,0.3,1000,0.06306476224254054,0.012612952448508108,False,0.06306476224254054,0.012612952448508108,True,False,False,False,False,False,False,False,,,,,,0.0
PAPER:BIOUSDT:1791035399999:LONG,BIOUSDT,LONG,0.04403217979522811,False,0.3,1000,-2.7089125322549616,-0.5417825064509922,False,-2.7089125322549616,-0.5417825064509922,False,False,False,False,False,False,False,False,,,,,,0.0
PAPER:NILUSDT:1791035699999:SHORT,NILUSDT,SHORT,0.2057747892693691,False,0.3,1000,-1.6043812094959564,-0.3208762418991913,False,-1.6043812094959564,-0.3208762418991913,False,False,False,False,False,False,False,False,,,,,,0.0
PAPER:PARTIUSDT:1791035699999:LONG,PARTIUSDT,LONG,0.38892017097602594,False,0.3,1000,-0.4391503345547632,-0.08783006691095264,True,-0.6093702357006527,-0.12187404714013055,False,False,False,True,False,False,False,True,1791035728176,1791035728903,1791035730020,1117,0.15038573744010164,-0.17021990114588953
PAPER:SIGNUSDT:1791035999999:LONG,SIGNUSDT,LONG,0.020325020332290222,False,0.3,1000,-2.903522065186805,-0.580704413037361,False,-2.903522065186805,-0.580704413037361,False,False,False,False,False,False,False,False,,,,,,0.0
PAPER:FHEUSDT:1791035999999:LONG,FHEUSDT,LONG,0.07019795860405686,False,0.3,1000,-1.0624453988318034,-0.2124890797663607,False,-1.0624453988318034,-0.2124890797663607,False,False,False,False,False,False,False,False,,,,,,0.0
PAPER:ENJUSDT:1791035999999:LONG,ENJUSDT,LONG,0.09842864118914108,False,0.3,1000,-0.5061394517069918,-0.10122789034139837,False,-0.5061394517069918,-0.10122789034139837,False,False,False,False,False,False,False,False,,,,,,0.0
PAPER:CHILLGUYUSDT:1791036299999:SHORT,CHILLGUYUSDT,SHORT,0.29671056237814813,False,0.3,1000,-1.6460776979307021,-0.3292155395861404,False,-1.6460776979307021,-0.3292155395861404,False,False,False,False,False,False,False,False,,,,,,0.0
PAPER:ZAMAUSDT:1791036299999:LONG,ZAMAUSDT,LONG,0.05344670536999718,False,0.3,1000,-2.7535616422870577,-0.5507123284574116,False,-2.7535616422870577,-0.5507123284574116,False,False,False,False,False,False,False,False,,,,,,0.0
PAPER:MTLUSDT:1791036299999:SHORT,MTLUSDT,SHORT,0.392645968101903,False,0.3,1000,-2.9359691162288346,-0.5871938232457669,True,-0.7913277117498396,-0.15826554234996792,False,True,False,False,False,False,False,True,1791036657163,1791036794963,1791036796260,1297,0.1069652204004883,2.144641404478995
PAPER:MELANIAUSDT:1791036599999:SHORT,MELANIAUSDT,SHORT,0.11439277969808952,False,0.3,1000,-2.823923833139723,-0.5647847666279447,False,-2.823923833139723,-0.5647847666279447,False,False,False,False,False,False,False,False,,,,,,0.0
PAPER:QNTUSDT:1791036599999:SHORT,QNTUSDT,SHORT,0.09206771523578838,False,0.3,1000,-1.1304764324347885,-0.2260952864869577,False,-1.1304764324347885,-0.2260952864869577,False,False,False,False,False,False,False,False,,,,,,0.0
PAPER:1000000BOBUSDT:1791036899999:SHORT,1000000BOBUSDT,SHORT,0.20259244727284154,False,0.3,1000,-0.9501900380075976,-0.19003800760151954,False,-0.9501900380075976,-0.19003800760151954,False,False,False,False,False,False,False,False,,,,,,0.0
PAPER:ZECUSDT:1791036899999:SHORT,ZECUSDT,SHORT,0.34743220879288866,False,0.3,1000,-2.4871455712255535,-0.49742911424511066,True,0.013794666706006875,0.002758933341201375,True,True,False,False,False,False,False,True,1791037459585,1791037518581,1791037519687,1106,0.2685301174697531,2.50094023793156
PAPER:VELVETUSDT:1791037199999:LONG,VELVETUSDT,LONG,0.16967139011807575,False,0.3,1000,-2.5920327443301128,-0.5184065488660226,False,-2.5920327443301128,-0.5184065488660226,False,False,False,False,False,False,False,False,,,,,,0.0
PAPER:EVAAUSDT:1791037499999:LONG,EVAAUSDT,LONG,0.056646393986836685,False,0.3,1000,-3.821169888291375,-0.7642339776582749,False,-3.821169888291375,-0.7642339776582749,False,False,False,False,False,False,False,False,,,,,,0.0
PAPER:ONEUSDT:1791037499999:LONG,ONEUSDT,LONG,0.24924997047268693,False,0.3,1000,-6.076218006145115,-1.215243601229023,False,-6.076218006145115,-1.215243601229023,False,False,False,False,False,False,False,False,,,,,,0.0
PAPER:DEEPUSDT:1791037799999:LONG,DEEPUSDT,LONG,0.02104669378111268,False,0.3,1000,-3.6150511995301473,-0.7230102399060295,False,-3.6150511995301473,-0.7230102399060295,False,False,False,False,False,False,False,False,,,,,,0.0
PAPER:OPUSDT:1791037799999:LONG,OPUSDT,LONG,0.26694344698652284,False,0.3,1000,-2.0891271981087893,-0.4178254396217579,False,-2.0891271981087893,-0.4178254396217579,False,False,False,False,False,False,False,False,,,,,,0.0
PAPER:DRIFTUSDT:1791037799999:LONG,DRIFTUSDT,LONG,0.13110727980347736,False,0.3,1000,-3.088406569315816,-0.6176813138631632,False,-3.088406569315816,-0.6176813138631632,False,False,False,False,False,False,False,False,,,,,,0.0
PAPER:ORDIUSDT:1791037799999:LONG,ORDIUSDT,LONG,0.3061675616160109,False,0.3,1000,-2.7963146550767375,-0.5592629310153475,True,0.027751229875880242,0.005550245975176049,True,True,False,False,False,False,False,True,1791039089065,1791039096860,1791039098079,1219,0.1757021366496767,2.824065884952618
PAPER:SUPERUSDT:1791038099999:LONG,SUPERUSDT,LONG,0.6513379595819213,True,0.3,1000,-3.4602375064787063,-0.6920475012957413,True,-0.4252431042787681,-0.08504862085575363,False,True,False,False,True,False,False,True,1791038218868,1791038218918,1791038219942,1024,0.6513379595819316,3.0349944021999384
PAPER:KAIAUSDT:1791038099999:LONG,KAIAUSDT,LONG,0.006629832488891374,False,0.3,1000,-3.410360241533641,-0.6820720483067282,False,-3.410360241533641,-0.6820720483067282,False,False,False,False,False,False,False,False,,,,,,0.0
PAPER:1000CATUSDT:1791038699999:LONG,1000CATUSDT,LONG,0.4267421761402934,False,0.3,1000,-0.838231577321695,-0.16764631546433897,True,-0.28033927396820985,-0.05606785479364197,False,True,False,False,False,False,False,True,1791039151284,1791039255975,1791039265360,9385,0.24804690536423327,0.557892303353485
PAPER:USUSDT:1791038699999:SHORT,USUSDT,SHORT,0.48393229097455304,False,0.3,1000,-0.7002546247073798,-0.14005092494147595,True,-0.15494099568863384,-0.030988199137726765,False,True,False,False,False,False,False,True,1791038777439,1791038842620,1791038843648,1028,0.4566924914191514,0.5453136290187459
PAPER:哈基米USDT:1791038699999:SHORT,哈基米USDT,SHORT,0.10980781490497439,False,0.3,1000,-0.6253521470030563,-0.12507042940061125,False,-0.6253521470030563,-0.12507042940061125,False,False,False,False,False,False,False,False,,,,,,0.0
PAPER:XMRUSDT:1791038699999:LONG,XMRUSDT,LONG,0.34497365381629397,False,0.3,1000,-1.4191267554642937,-0.2838253510928587,True,0.042975325890406924,0.008595065178081384,True,True,False,False,False,False,False,True,1791039110210,1791039377860,1791039379113,1253,0.3016109225747648,1.4621020813547005
PAPER:NEARUSDT:1791038999999:LONG,NEARUSDT,LONG,0.2154525207140212,False,0.3,1000,-3.248598645182094,-0.6497197290364188,False,-3.248598645182094,-0.6497197290364188,False,False,False,False,False,False,False,False,,,,,,0.0
PAPER:RENDERUSDT:1791038999999:LONG,RENDERUSDT,LONG,0.3777364865167332,False,0.3,1000,-2.564063511265951,-0.5128127022531902,True,0.04357671479134407,0.008715342958268814,True,True,False,False,False,False,False,True,1791040094649,1791040118071,1791040120625,2554,0.3777364865167244,2.607640226057295
PAPER:AEVOUSDT:1791039299999:LONG,AEVOUSDT,LONG,0.32084492192470115,False,0.3,1000,-2.7469840170223327,-0.5493968034044666,True,-0.003928996397624118,-0.0007857992795248236,False,True,False,False,False,False,False,True,1791039480505,1791039571798,1791039574170,2372,0.20723128101652835,2.7430550206247086
PAPER:ONUSDT:1791039599999:SHORT,ONUSDT,SHORT,0.359578557077644,False,0.3,1000,-0.4752610152011104,-0.09505220304022208,True,-0.47526101520117625,-0.09505220304023526,False,False,False,False,False,False,False,True,1791039637003,1791039637008,1791039638152,1144,0.16978727813873884,-6.583622536027178e-14
PAPER:XVGUSDT:1791039599999:LONG,XVGUSDT,LONG,0.07237850243317911,False,0.3,1000,-3.6415072428999737,-0.7283014485799947,False,-3.6415072428999737,-0.7283014485799947,False,False,False,False,False,False,False,False,,,,,,0.0
PAPER:CUSDT:1791039899999:LONG,CUSDT,LONG,1.1357841017241022,True,0.3,1000,-4.815485513170761,-0.9630971026341522,True,-2.9579531419810787,-0.5915906283962157,False,True,False,False,True,True,False,True,1791039956487,1791039956495,1791039957612,1117,1.135784101724093,1.857532371189682
PAPER:龙虾USDT:1791039899999:SHORT,龙虾USDT,SHORT,0.0010972658666689283,False,0.3,1000,-2.3230755803059737,-0.4646151160611947,False,-2.3230755803059737,-0.4646151160611947,False,False,False,False,False,False,False,False,,,,,,0.0
PAPER:PHAUSDT:1791039899999:SHORT,PHAUSDT,SHORT,0.5336391386070395,True,0.3,1000,-1.3147750271102738,-0.26295500542205474,True,-0.43977105326381954,-0.0879542106527639,False,True,False,False,False,False,False,True,1791040049204,1791040049267,1791040050365,1098,0.16940023110230443,0.8750039738464543
PAPER:MIRAUSDT:1791040199999:SHORT,MIRAUSDT,SHORT,0.13354810666604766,False,0.3,1000,-1.3344350505103577,-0.26688701010207155,False,-1.3344350505103577,-0.26688701010207155,False,False,False,False,False,False,False,False,,,,,,0.0
PAPER:MEGAUSDT:1791040199999:LONG,MEGAUSDT,LONG,0.5974185977954738,True,0.3,1000,-0.07597016259568207,-0.015194032519136414,True,0.07823687423905366,0.015647374847810733,True,True,False,False,False,False,False,True,1791040281828,1791040288504,1791040289627,1123,0.350452758357344,0.15420703683473574
PAPER:SANDUSDT:1791040499999:LONG,SANDUSDT,LONG,0.8209450237695926,True,0.3,1000,1.3474539452734347,0.26949078905468693,True,0.1660038967367442,0.033200779347348844,True,False,True,True,True,False,False,True,1791040526052,1791040526053,1791040527112,1059,0.8209450237695979,-1.1814500485366906
PAPER:BANUSDT:1791040499999:SHORT,BANUSDT,SHORT,0.05628890843004262,False,0.3,1000,-3.0502385088000796,-0.6100477017600159,False,-3.0502385088000796,-0.6100477017600159,False,False,False,False,False,False,False,False,,,,,,0.0
PAPER:MORPHOUSDT:1791040799999:LONG,MORPHOUSDT,LONG,0.02861058304419739,False,0.3,1000,-1.9210183355999124,-0.3842036671199825,False,-1.9210183355999124,-0.3842036671199825,False,False,False,False,False,False,False,False,,,,,,0.0
PAPER:BMTUSDT:1791040799999:LONG,BMTUSDT,LONG,0.302520141133078,False,0.3,1000,-2.695113121192824,-0.5390226242385647,True,-2.8293672045159526,-0.5658734409031905,False,False,False,True,False,False,False,True,1791041233842,1791041235317,1791041236328,1011,0.3025201411330761,-0.13425408332312871
PAPER:TAKEUSDT:1791041099999:LONG,TAKEUSDT,LONG,0.08721294956695047,False,0.3,1000,-1.523598169842145,-0.304719633968429,False,-1.523598169842145,-0.304719633968429,False,False,False,False,False,False,False,False,,,,,,0.0
PAPER:SENTUSDT:1791041099999:SHORT,SENTUSDT,SHORT,0.025708980918666427,False,0.3,1000,-3.3524018731991214,-0.6704803746398242,False,-3.3524018731991214,-0.6704803746398242,False,False,False,False,False,False,False,False,,,,,,0.0
PAPER:TAKEUSDT:1791041399999:LONG,TAKEUSDT,LONG,0.17738289851521039,False,0.3,1000,-2.2391385466262355,-0.4478277093252471,False,-2.2391385466262355,-0.4478277093252471,False,False,False,False,False,False,False,False,,,,,,0.0
PAPER:PHAROSUSDT:1791041999999:LONG,PHAROSUSDT,LONG,0.1184037832522078,False,0.3,1000,-2.747298263215607,-0.5494596526431214,False,-2.747298263215607,-0.5494596526431214,False,False,False,False,False,False,False,False,,,,,,0.0
PAPER:AVAAIUSDT:1791042299999:LONG,AVAAIUSDT,LONG,0.5843370032250439,True,0.3,1000,-1.8501523740850172,-0.37003047481700346,True,-1.0027713518801633,-0.20055427037603266,False,True,False,False,False,False,False,True,1791042458549,1791042471363,1791042472973,1610,0.06482266643173494,0.8473810222048539
PAPER:INXUSDT:1791042299999:LONG,INXUSDT,LONG,0.5111944571072558,True,0.3,1000,-0.949810037992343,-0.1899620075984686,True,0.1281457098917822,0.02562914197835644,True,True,False,False,True,False,False,True,1791042341949,1791042345100,1791042347066,1966,0.5111944571072548,1.077955747884125
PAPER:CYSUSDT:1791042299999:SHORT,CYSUSDT,SHORT,0.04109557403234674,False,0.3,1000,-2.4791307528456885,-0.4958261505691377,False,-2.4791307528456885,-0.4958261505691377,False,False,False,False,False,False,False,False,,,,,,0.0
PAPER:AKTUSDT:1791043199999:LONG,AKTUSDT,LONG,0.09885095789161635,False,0.3,1000,-3.5100134635034834,-0.7020026927006967,False,-3.5100134635034834,-0.7020026927006967,False,False,False,False,False,False,False,False,,,,,,0.0
PAPER:AIOUSDT:1791043499999:LONG,AIOUSDT,LONG,0.3392750607989381,False,0.3,1000,-0.05248551804010343,-0.010497103608020685,False,-0.05248551804010343,-0.010497103608020685,False,False,False,False,False,False,False,True,1791043561955,,,,,0.0
PAPER:TAKEUSDT:1791030299999:LONG,TAKEUSDT,LONG,0.20078003326780003,False,0.4,0,-4.179531297998999,-0.8359062595997998,False,-4.179531297998999,-0.8359062595997998,False,False,False,False,False,False,False,False,,,,,,0.0
PAPER:C98USDT:1791030299999:SHORT,C98USDT,SHORT,0.5325927063865858,True,0.4,0,-0.33561030806532705,-0.06712206161306541,True,-0.028320443094112635,-0.005664088618822527,False,True,False,False,False,False,False,True,1791031096796,1791031097023,1791031097023,0,0.2255945357272764,0.3072898649712144
PAPER:RAYSOLUSDT:1791030299999:LONG,RAYSOLUSDT,LONG,0.3865045416249213,False,0.4,0,-4.294281797041444,-0.8588563594082889,False,-4.294281797041444,-0.8588563594082889,False,False,False,False,False,False,False,False,,,,,,0.0
PAPER:MASKUSDT:1791030299999:SHORT,MASKUSDT,SHORT,0.4782276505114329,False,0.4,0,-0.6904478264892522,-0.13808956529785044,True,-0.015118076541783432,-0.0030236153083566864,False,True,False,False,False,False,False,True,1791030715759,1791030796286,1791030796286,0,0.24987147699362647,0.6753297499474687
PAPER:2ZUSDT:1791030599999:SHORT,2ZUSDT,SHORT,0.04643975739345436,False,0.4,0,-3.1670863623565806,-0.6334172724713161,False,-3.1670863623565806,-0.6334172724713161,False,False,False,False,False,False,False,False,,,,,,0.0
PAPER:ARKUSDT:1791030599999:LONG,ARKUSDT,LONG,0.11126877469145313,False,0.4,0,-0.9498100379923222,-0.18996200759846446,False,-0.9498100379923222,-0.18996200759846446,False,False,False,False,False,False,False,False,,,,,,0.0
PAPER:ICPUSDT:1791030599999:SHORT,ICPUSDT,SHORT,0.13297856879422754,False,0.4,0,-2.251777408861963,-0.45035548177239265,False,-2.251777408861963,-0.45035548177239265,False,False,False,False,False,False,False,False,,,,,,0.0
PAPER:ALCHUSDT:1791030599999:SHORT,ALCHUSDT,SHORT,0.040601939818374046,False,0.4,0,-3.073413425363308,-0.6146826850726615,False,-3.073413425363308,-0.6146826850726615,False,False,False,False,False,False,False,False,,,,,,0.0
PAPER:1000SATSUSDT:1791030599999:SHORT,1000SATSUSDT,SHORT,0.14356100983075173,False,0.4,0,-2.382743729857922,-0.4765487459715844,False,-2.382743729857922,-0.4765487459715844,False,False,False,False,False,False,False,False,,,,,,0.0
PAPER:SPXUSDT:1791030599999:SHORT,SPXUSDT,SHORT,0.3946344312621141,False,0.4,0,-3.082995430845726,-0.6165990861691453,False,-3.082995430845726,-0.6165990861691453,False,False,False,False,False,False,False,False,,,,,,0.0
PAPER:BERAUSDT:1791030599999:SHORT,BERAUSDT,SHORT,0.02415494136355687,False,0.4,0,-2.7182260293118015,-0.5436452058623603,False,-2.7182260293118015,-0.5436452058623603,False,False,False,False,False,False,False,False,,,,,,0.0
PAPER:CLOUSDT:1791030599999:SHORT,CLOUSDT,SHORT,0.562071677187042,True,0.4,0,0.020857857313486106,0.0041715714626972215,False,0.020857857313486106,0.0041715714626972215,True,False,False,False,False,False,False,True,1791030681645,,,,,0.0
PAPER:RONINUSDT:1791030599999:SHORT,RONINUSDT,SHORT,0.4201447269727042,False,0.4,0,-0.9881699462047233,-0.19763398924094466,True,-0.038672241276834274,-0.007734448255366855,False,True,False,False,False,False,False,True,1791031377259,1791031515790,1791031515790,0,0.17730404958078655,0.949497704927889
PAPER:BABYUSDT:1791030599999:SHORT,BABYUSDT,SHORT,0.13108361853639602,False,0.4,0,-2.4625017903882367,-0.4925003580776473,False,-2.4625017903882367,-0.4925003580776473,False,False,False,False,False,False,False,False,,,,,,0.0
PAPER:LQTYUSDT:1791030599999:SHORT,LQTYUSDT,SHORT,0.23922711108097128,False,0.4,0,-1.1664212216092822,-0.23328424432185646,False,-1.1664212216092822,-0.23328424432185646,False,False,False,False,False,False,False,False,,,,,,0.0
PAPER:ELSAUSDT:1791030599999:SHORT,ELSAUSDT,SHORT,0.09292788177507333,False,0.4,0,-2.8341764513986663,-0.5668352902797332,False,-2.8341764513986663,-0.5668352902797332,False,False,False,False,False,False,False,False,,,,,,0.0
PAPER:LYNUSDT:1791030899999:SHORT,LYNUSDT,SHORT,0.4910471145324048,False,0.4,0,-0.2194233372221207,-0.04388466744442414,False,-0.2194233372221207,-0.04388466744442414,False,False,False,False,False,False,False,True,1791030952365,,,,,0.0
PAPER:CUSDT:1791030899999:LONG,CUSDT,LONG,0.5052576067934522,True,0.4,0,-4.734098707132696,-0.9468197414265391,True,-0.041580757398733785,-0.008316151479746757,False,True,False,False,False,False,False,True,1791031009256,1791031009268,1791031009268,0,0.19212564842052743,4.692517949733962
PAPER:BATUSDT:1791030899999:SHORT,BATUSDT,SHORT,0.06560207944017078,False,0.4,0,-3.5743672405177547,-0.7148734481035509,False,-3.5743672405177547,-0.7148734481035509,False,False,False,False,False,False,False,False,,,,,,0.0
PAPER:SOLVUSDT:1791030899999:SHORT,SOLVUSDT,SHORT,0.09791630573226773,False,0.4,0,-0.3600282954492119,-0.07200565908984238,False,-0.3600282954492119,-0.07200565908984238,False,False,False,False,False,False,False,False,,,,,,0.0
PAPER:SOONUSDT:1791031199999:LONG,SOONUSDT,LONG,0.43180093380581486,False,0.4,0,-0.8170548040842363,-0.16341096081684725,True,-0.02052340063613572,-0.004104680127227144,False,True,False,False,False,False,False,True,1791031299566,1791031302721,1791031302721,0,0.1394617408256968,0.7965314034481006
PAPER:GUAUSDT:1791031199999:SHORT,GUAUSDT,SHORT,0.09482952847747854,False,0.4,0,-2.3151338684784952,-0.46302677369569906,False,-2.3151338684784952,-0.46302677369569906,False,False,False,False,False,False,False,False,,,,,,0.0
PAPER:WAXPUSDT:1791031199999:SHORT,WAXPUSDT,SHORT,0.15796753656780602,False,0.4,0,-2.1242987820307544,-0.42485975640615087,False,-2.1242987820307544,-0.42485975640615087,False,False,False,False,False,False,False,False,,,,,,0.0
PAPER:XVGUSDT:1791031199999:SHORT,XVGUSDT,SHORT,0.2963147974313368,False,0.4,0,-2.770751292099085,-0.5541502584198169,False,-2.770751292099085,-0.5541502584198169,False,False,False,False,False,False,False,False,,,,,,0.0
PAPER:BLUAIUSDT:1791031199999:SHORT,BLUAIUSDT,SHORT,0.4188883317460625,False,0.4,0,-5.699480266072115,-1.1398960532144229,True,-0.000331992394597469,-6.63984789194938e-05,False,True,False,False,False,False,False,True,1791031328826,1791031338460,1791031338460,0,0.3951644218786969,5.699148273677517
PAPER:NILUSDT:1791031199999:LONG,NILUSDT,LONG,0.22971618806590932,False,0.4,0,-2.7020749171407723,-0.5404149834281544,False,-2.7020749171407723,-0.5404149834281544,False,False,False,False,False,False,False,False,,,,,,0.0
PAPER:LDOUSDT:1791031199999:SHORT,LDOUSDT,SHORT,0.4188727170620659,False,0.4,0,-4.903833487188899,-0.9807666974377798,True,-0.07160260485622721,-0.014320520971245443,False,True,False,False,False,False,False,True,1791031772570,1791031860776,1791031860776,0,0.1555466863447258,4.832230882332672
PAPER:ONUSDT:1791031499999:SHORT,ONUSDT,SHORT,0.1664265751566015,False,0.4,0,-2.3497478852713356,-0.46994957705426715,False,-2.3497478852713356,-0.46994957705426715,False,False,False,False,False,False,False,False,,,,,,0.0
PAPER:CVCUSDT:1791031499999:SHORT,CVCUSDT,SHORT,0.15044590376835515,False,0.4,0,-2.485696755915584,-0.4971393511831168,False,-2.485696755915584,-0.4971393511831168,False,False,False,False,False,False,False,False,,,,,,0.0
PAPER:FOGOUSDT:1791031499999:SHORT,FOGOUSDT,SHORT,0.057127292047956295,False,0.4,0,-3.4110859982869592,-0.6822171996573918,False,-3.4110859982869592,-0.6822171996573918,False,False,False,False,False,False,False,False,,,,,,0.0
PAPER:MUSDT:1791031499999:SHORT,MUSDT,SHORT,0.1562427022849482,False,0.4,0,-1.0481979068353748,-0.20963958136707497,False,-1.0481979068353748,-0.20963958136707497,False,False,False,False,False,False,False,False,,,,,,0.0
PAPER:TRUTHUSDT:1791031799999:SHORT,TRUTHUSDT,SHORT,0.04259979890824061,False,0.4,0,-1.8553263437999297,-0.37106526875998597,False,-1.8553263437999297,-0.37106526875998597,False,False,False,False,False,False,False,False,,,,,,0.0
PAPER:MEWUSDT:1791031799999:LONG,MEWUSDT,LONG,0.20671602640922604,False,0.4,0,-2.9316560299051333,-0.5863312059810266,False,-2.9316560299051333,-0.5863312059810266,False,False,False,False,False,False,False,False,,,,,,0.0
PAPER:ATHUSDT:1791032399999:LONG,ATHUSDT,LONG,0.9362862664506144,True,0.4,0,-1.4344200088454728,-0.28688400176909457,True,-0.049820092122443704,-0.00996401842448874,False,True,False,False,False,False,False,True,1791032661186,1791032714046,1791032714046,0,0.22946893848288255,1.3845999167230292
PAPER:PARTIUSDT:1791032699999:LONG,PARTIUSDT,LONG,0.12131849248524507,False,0.4,0,-1.6557113665605714,-0.3311422733121143,False,-1.6557113665605714,-0.3311422733121143,False,False,False,False,False,False,False,False,,,,,,0.0
PAPER:SCRUSDT:1791032699999:SHORT,SCRUSDT,SHORT,0.17458744667221668,False,0.4,0,-4.748328639463314,-0.9496657278926629,False,-4.748328639463314,-0.9496657278926629,False,False,False,False,False,False,False,False,,,,,,0.0
PAPER:FLUIDUSDT:1791032699999:LONG,FLUIDUSDT,LONG,0.40288014904572567,False,0.4,0,-1.5533450107561027,-0.3106690021512205,True,-0.04450757884675477,-0.008901515769350955,False,True,False,False,False,False,False,True,1791033021728,1791033139035,1791033139035,0,0.3424692704963628,1.5088374319093478
PAPER:BRUSDT:1791032999999:SHORT,BRUSDT,SHORT,0.27254947442767047,False,0.4,0,-1.4411649157048976,-0.2882329831409795,False,-1.4411649157048976,-0.2882329831409795,False,False,False,False,False,False,False,False,,,,,,0.0
PAPER:TAKEUSDT:1791032999999:LONG,TAKEUSDT,LONG,0.1981648558068816,False,0.4,0,-4.45263633915979,-0.890527267831958,False,-4.45263633915979,-0.890527267831958,False,False,False,False,False,False,False,False,,,,,,0.0
PAPER:AVAUSDT:1791032999999:LONG,AVAUSDT,LONG,0.052532112366043826,False,0.4,0,-3.304734763964892,-0.6609469527929784,False,-3.304734763964892,-0.6609469527929784,False,False,False,False,False,False,False,False,,,,,,0.0
PAPER:GTCUSDT:1791032999999:LONG,GTCUSDT,LONG,0.5910414075610326,True,0.4,0,-5.389497416018015,-1.077899483203603,True,-0.038088522862153695,-0.007617704572430739,False,True,False,False,False,False,False,True,1791033057725,1791033062408,1791033062408,0,0.2498127249698905,5.351408893155861
PAPER:KSMUSDT:1791032999999:LONG,KSMUSDT,LONG,0.0557320840319786,False,0.4,0,-3.0776393835983287,-0.6155278767196658,False,-3.0776393835983287,-0.6155278767196658,False,False,False,False,False,False,False,False,,,,,,0.0
PAPER:ARKMUSDT:1791033599999:SHORT,ARKMUSDT,SHORT,0.056405475136281816,False,0.4,0,-2.8622419480075423,-0.5724483896015085,False,-2.8622419480075423,-0.5724483896015085,False,False,False,False,False,False,False,False,,,,,,0.0
PAPER:POWERUSDT:1791033599999:SHORT,POWERUSDT,SHORT,0.1333104729659478,False,0.4,0,-3.2520922207080236,-0.6504184441416047,False,-3.2520922207080236,-0.6504184441416047,False,False,False,False,False,False,False,False,,,,,,0.0
PAPER:IOUSDT:1791033599999:LONG,IOUSDT,LONG,0.04360451065001936,False,0.4,0,-3.8091145606756855,-0.7618229121351371,False,-3.8091145606756855,-0.7618229121351371,False,False,False,False,False,False,False,False,,,,,,0.0
PAPER:TRADOORUSDT:1791033899999:SHORT,TRADOORUSDT,SHORT,0.037861202555832515,False,0.4,0,-6.7422084359017616,-1.3484416871803524,False,-6.7422084359017616,-1.3484416871803524,False,False,False,False,False,False,False,False,,,,,,0.0
PAPER:LITUSDT:1791033899999:SHORT,LITUSDT,SHORT,0.5614579357694294,True,0.4,0,-1.1427683363038064,-0.22855366726076126,True,-0.008696135225926827,-0.0017392270451853653,False,True,False,False,False,False,False,True,1791035296070,1791035312841,1791035312841,0,0.2336730205463847,1.1340722010778794
PAPER:GLMUSDT:1791033899999:LONG,GLMUSDT,LONG,0.41155018572360813,False,0.4,0,-1.5272247018917282,-0.30544494037834563,True,-0.025946575753371892,-0.005189315150674378,False,True,False,False,False,False,False,True,1791034920513,1791035009121,1791035009121,0,0.21889563816850233,1.5012781261383563
PAPER:PORTALUSDT:1791033899999:LONG,PORTALUSDT,LONG,0.2034230025503403,False,0.4,0,-2.4843567110599034,-0.49687134221198065,False,-2.4843567110599034,-0.49687134221198065,False,False,False,False,False,False,False,False,,,,,,0.0
PAPER:PROMPTUSDT:1791033899999:LONG,PROMPTUSDT,LONG,0.02804821063659979,False,0.4,0,-0.9498100379923309,-0.18996200759846618,False,-0.9498100379923309,-0.18996200759846618,False,False,False,False,False,False,False,False,,,,,,0.0
PAPER:MAGMAUSDT:1791033899999:SHORT,MAGMAUSDT,SHORT,0.11747463534199344,False,0.4,0,-1.6167348982446283,-0.32334697964892567,False,-1.6167348982446283,-0.32334697964892567,False,False,False,False,False,False,False,False,,,,,,0.0
PAPER:SYRUPUSDT:1791034499999:LONG,SYRUPUSDT,LONG,0.3365032121780853,False,0.4,0,-1.7301618973079922,-0.3460323794615984,False,-1.7301618973079922,-0.3460323794615984,False,False,False,False,False,False,False,False,,,,,,0.0
PAPER:SOPHUSDT:1791034799999:LONG,SOPHUSDT,LONG,0.032486940932008324,False,0.4,0,-1.0808927650165776,-0.21617855300331554,False,-1.0808927650165776,-0.21617855300331554,False,False,False,False,False,False,False,False,,,,,,0.0
PAPER:TRBUSDT:1791034799999:LONG,TRBUSDT,LONG,0.17249534305692205,False,0.4,0,-1.1180799807020212,-0.22361599614040423,False,-1.1180799807020212,-0.22361599614040423,False,False,False,False,False,False,False,False,,,,,,0.0
PAPER:BRETTUSDT:1791034799999:LONG,BRETTUSDT,LONG,0.013901271279914695,False,0.4,0,-2.8970518364541604,-0.5794103672908321,False,-2.8970518364541604,-0.5794103672908321,False,False,False,False,False,False,False,False,,,,,,0.0
PAPER:HANAUSDT:1791034799999:SHORT,HANAUSDT,SHORT,0.39639901335803707,False,0.4,0,-4.076179984123353,-0.8152359968246706,False,-4.076179984123353,-0.8152359968246706,False,False,False,False,False,False,False,False,,,,,,0.0
PAPER:COOKIEUSDT:1791034799999:LONG,COOKIEUSDT,LONG,0.02588041584095091,False,0.4,0,-3.432422254842399,-0.6864844509684798,False,-3.432422254842399,-0.6864844509684798,False,False,False,False,False,False,False,False,,,,,,0.0
PAPER:BLURUSDT:1791035099999:LONG,BLURUSDT,LONG,0.026898935409902514,False,0.4,0,-2.1210698643572643,-0.4242139728714529,False,-2.1210698643572643,-0.4242139728714529,False,False,False,False,False,False,False,False,,,,,,0.0
PAPER:GTCUSDT:1791035399999:LONG,GTCUSDT,LONG,0.1905703102749179,False,0.4,0,0.06306476224254054,0.012612952448508108,False,0.06306476224254054,0.012612952448508108,True,False,False,False,False,False,False,False,,,,,,0.0
PAPER:BIOUSDT:1791035399999:LONG,BIOUSDT,LONG,0.04403217979522811,False,0.4,0,-2.7089125322549616,-0.5417825064509922,False,-2.7089125322549616,-0.5417825064509922,False,False,False,False,False,False,False,False,,,,,,0.0
PAPER:NILUSDT:1791035699999:SHORT,NILUSDT,SHORT,0.2057747892693691,False,0.4,0,-1.6043812094959564,-0.3208762418991913,False,-1.6043812094959564,-0.3208762418991913,False,False,False,False,False,False,False,False,,,,,,0.0
PAPER:PARTIUSDT:1791035699999:LONG,PARTIUSDT,LONG,0.38892017097602594,False,0.4,0,-0.4391503345547632,-0.08783006691095264,False,-0.4391503345547632,-0.08783006691095264,False,False,False,False,False,False,False,False,,,,,,0.0
PAPER:SIGNUSDT:1791035999999:LONG,SIGNUSDT,LONG,0.020325020332290222,False,0.4,0,-2.903522065186805,-0.580704413037361,False,-2.903522065186805,-0.580704413037361,False,False,False,False,False,False,False,False,,,,,,0.0
PAPER:FHEUSDT:1791035999999:LONG,FHEUSDT,LONG,0.07019795860405686,False,0.4,0,-1.0624453988318034,-0.2124890797663607,False,-1.0624453988318034,-0.2124890797663607,False,False,False,False,False,False,False,False,,,,,,0.0
PAPER:ENJUSDT:1791035999999:LONG,ENJUSDT,LONG,0.09842864118914108,False,0.4,0,-0.5061394517069918,-0.10122789034139837,False,-0.5061394517069918,-0.10122789034139837,False,False,False,False,False,False,False,False,,,,,,0.0
PAPER:CHILLGUYUSDT:1791036299999:SHORT,CHILLGUYUSDT,SHORT,0.29671056237814813,False,0.4,0,-1.6460776979307021,-0.3292155395861404,False,-1.6460776979307021,-0.3292155395861404,False,False,False,False,False,False,False,False,,,,,,0.0
PAPER:ZAMAUSDT:1791036299999:LONG,ZAMAUSDT,LONG,0.05344670536999718,False,0.4,0,-2.7535616422870577,-0.5507123284574116,False,-2.7535616422870577,-0.5507123284574116,False,False,False,False,False,False,False,False,,,,,,0.0
PAPER:MTLUSDT:1791036299999:SHORT,MTLUSDT,SHORT,0.392645968101903,False,0.4,0,-2.9359691162288346,-0.5871938232457669,False,-2.9359691162288346,-0.5871938232457669,False,False,False,False,False,False,False,False,,,,,,0.0
PAPER:MELANIAUSDT:1791036599999:SHORT,MELANIAUSDT,SHORT,0.11439277969808952,False,0.4,0,-2.823923833139723,-0.5647847666279447,False,-2.823923833139723,-0.5647847666279447,False,False,False,False,False,False,False,False,,,,,,0.0
PAPER:QNTUSDT:1791036599999:SHORT,QNTUSDT,SHORT,0.09206771523578838,False,0.4,0,-1.1304764324347885,-0.2260952864869577,False,-1.1304764324347885,-0.2260952864869577,False,False,False,False,False,False,False,False,,,,,,0.0
PAPER:1000000BOBUSDT:1791036899999:SHORT,1000000BOBUSDT,SHORT,0.20259244727284154,False,0.4,0,-0.9501900380075976,-0.19003800760151954,False,-0.9501900380075976,-0.19003800760151954,False,False,False,False,False,False,False,False,,,,,,0.0
PAPER:ZECUSDT:1791036899999:SHORT,ZECUSDT,SHORT,0.34743220879288866,False,0.4,0,-2.4871455712255535,-0.49742911424511066,False,-2.4871455712255535,-0.49742911424511066,False,False,False,False,False,False,False,False,,,,,,0.0
PAPER:VELVETUSDT:1791037199999:LONG,VELVETUSDT,LONG,0.16967139011807575,False,0.4,0,-2.5920327443301128,-0.5184065488660226,False,-2.5920327443301128,-0.5184065488660226,False,False,False,False,False,False,False,False,,,,,,0.0
PAPER:EVAAUSDT:1791037499999:LONG,EVAAUSDT,LONG,0.056646393986836685,False,0.4,0,-3.821169888291375,-0.7642339776582749,False,-3.821169888291375,-0.7642339776582749,False,False,False,False,False,False,False,False,,,,,,0.0
PAPER:ONEUSDT:1791037499999:LONG,ONEUSDT,LONG,0.24924997047268693,False,0.4,0,-6.076218006145115,-1.215243601229023,False,-6.076218006145115,-1.215243601229023,False,False,False,False,False,False,False,False,,,,,,0.0
PAPER:DEEPUSDT:1791037799999:LONG,DEEPUSDT,LONG,0.02104669378111268,False,0.4,0,-3.6150511995301473,-0.7230102399060295,False,-3.6150511995301473,-0.7230102399060295,False,False,False,False,False,False,False,False,,,,,,0.0
PAPER:OPUSDT:1791037799999:LONG,OPUSDT,LONG,0.26694344698652284,False,0.4,0,-2.0891271981087893,-0.4178254396217579,False,-2.0891271981087893,-0.4178254396217579,False,False,False,False,False,False,False,False,,,,,,0.0
PAPER:DRIFTUSDT:1791037799999:LONG,DRIFTUSDT,LONG,0.13110727980347736,False,0.4,0,-3.088406569315816,-0.6176813138631632,False,-3.088406569315816,-0.6176813138631632,False,False,False,False,False,False,False,False,,,,,,0.0
PAPER:ORDIUSDT:1791037799999:LONG,ORDIUSDT,LONG,0.3061675616160109,False,0.4,0,-2.7963146550767375,-0.5592629310153475,False,-2.7963146550767375,-0.5592629310153475,False,False,False,False,False,False,False,False,,,,,,0.0
PAPER:SUPERUSDT:1791038099999:LONG,SUPERUSDT,LONG,0.6513379595819213,True,0.4,0,-3.4602375064787063,-0.6920475012957413,True,-0.013083370646641668,-0.0026166741293283335,False,True,False,False,False,False,False,True,1791038247859,1791038282043,1791038282043,0,0.2425368328690268,3.4471541358320645
PAPER:KAIAUSDT:1791038099999:LONG,KAIAUSDT,LONG,0.006629832488891374,False,0.4,0,-3.410360241533641,-0.6820720483067282,False,-3.410360241533641,-0.6820720483067282,False,False,False,False,False,False,False,False,,,,,,0.0
PAPER:1000CATUSDT:1791038699999:LONG,1000CATUSDT,LONG,0.4267421761402934,False,0.4,0,-0.838231577321695,-0.16764631546433897,True,-0.28033927396820985,-0.05606785479364197,False,True,False,False,False,False,False,True,1791039158378,1791039255975,1791039255975,0,0.24804690536423327,0.557892303353485
PAPER:USUSDT:1791038699999:SHORT,USUSDT,SHORT,0.48393229097455304,False,0.4,0,-0.7002546247073798,-0.14005092494147595,True,-0.01861258843391783,-0.0037225176867835665,False,True,False,False,False,False,False,True,1791038784509,1791038842620,1791038842620,0,0.4566924914191514,0.6816420362734619
PAPER:哈基米USDT:1791038699999:SHORT,哈基米USDT,SHORT,0.10980781490497439,False,0.4,0,-0.6253521470030563,-0.12507042940061125,False,-0.6253521470030563,-0.12507042940061125,False,False,False,False,False,False,False,False,,,,,,0.0
PAPER:XMRUSDT:1791038699999:LONG,XMRUSDT,LONG,0.34497365381629397,False,0.4,0,-1.4191267554642937,-0.2838253510928587,False,-1.4191267554642937,-0.2838253510928587,False,False,False,False,False,False,False,False,,,,,,0.0
PAPER:NEARUSDT:1791038999999:LONG,NEARUSDT,LONG,0.2154525207140212,False,0.4,0,-3.248598645182094,-0.6497197290364188,False,-3.248598645182094,-0.6497197290364188,False,False,False,False,False,False,False,False,,,,,,0.0
PAPER:RENDERUSDT:1791038999999:LONG,RENDERUSDT,LONG,0.3777364865167332,False,0.4,0,-2.564063511265951,-0.5128127022531902,False,-2.564063511265951,-0.5128127022531902,False,False,False,False,False,False,False,False,,,,,,0.0
PAPER:AEVOUSDT:1791039299999:LONG,AEVOUSDT,LONG,0.32084492192470115,False,0.4,0,-2.7469840170223327,-0.5493968034044666,False,-2.7469840170223327,-0.5493968034044666,False,False,False,False,False,False,False,False,,,,,,0.0
PAPER:ONUSDT:1791039599999:SHORT,ONUSDT,SHORT,0.359578557077644,False,0.4,0,-0.4752610152011104,-0.09505220304022208,False,-0.4752610152011104,-0.09505220304022208,False,False,False,False,False,False,False,False,,,,,,0.0
PAPER:XVGUSDT:1791039599999:LONG,XVGUSDT,LONG,0.07237850243317911,False,0.4,0,-3.6415072428999737,-0.7283014485799947,False,-3.6415072428999737,-0.7283014485799947,False,False,False,False,False,False,False,False,,,,,,0.0
PAPER:CUSDT:1791039899999:LONG,CUSDT,LONG,1.1357841017241022,True,0.4,0,-4.815485513170761,-0.9630971026341522,True,-5.468132021967103,-1.0936264043934205,False,False,False,True,True,True,False,True,1791041130217,1791041130217,1791041130217,0,1.135784101724093,-0.6526465087963418
PAPER:龙虾USDT:1791039899999:SHORT,龙虾USDT,SHORT,0.0010972658666689283,False,0.4,0,-2.3230755803059737,-0.4646151160611947,False,-2.3230755803059737,-0.4646151160611947,False,False,False,False,False,False,False,False,,,,,,0.0
PAPER:PHAUSDT:1791039899999:SHORT,PHAUSDT,SHORT,0.5336391386070395,True,0.4,0,-1.3147750271102738,-0.26295500542205474,True,-0.0022690663405923184,-0.0004538132681184637,False,True,False,False,False,False,False,True,1791040049205,1791040049267,1791040049267,0,0.16940023110230443,1.3125059607696814
PAPER:MIRAUSDT:1791040199999:SHORT,MIRAUSDT,SHORT,0.13354810666604766,False,0.4,0,-1.3344350505103577,-0.26688701010207155,False,-1.3344350505103577,-0.26688701010207155,False,False,False,False,False,False,False,False,,,,,,0.0
PAPER:MEGAUSDT:1791040199999:LONG,MEGAUSDT,LONG,0.5974185977954738,True,0.4,0,-0.07597016259568207,-0.015194032519136414,True,-0.024567816984127244,-0.0049135633968254485,False,True,False,False,False,False,False,True,1791040285063,1791040288504,1791040288504,0,0.350452758357344,0.05140234561155482
PAPER:SANDUSDT:1791040499999:LONG,SANDUSDT,LONG,0.8209450237695926,True,0.4,0,1.3474539452734347,0.26949078905468693,False,1.3474539452734347,0.26949078905468693,True,False,False,False,False,False,False,True,1791040529751,,,,,0.0
PAPER:BANUSDT:1791040499999:SHORT,BANUSDT,SHORT,0.05628890843004262,False,0.4,0,-3.0502385088000796,-0.6100477017600159,False,-3.0502385088000796,-0.6100477017600159,False,False,False,False,False,False,False,False,,,,,,0.0
PAPER:MORPHOUSDT:1791040799999:LONG,MORPHOUSDT,LONG,0.02861058304419739,False,0.4,0,-1.9210183355999124,-0.3842036671199825,False,-1.9210183355999124,-0.3842036671199825,False,False,False,False,False,False,False,False,,,,,,0.0
PAPER:BMTUSDT:1791040799999:LONG,BMTUSDT,LONG,0.302520141133078,False,0.4,0,-2.695113121192824,-0.5390226242385647,False,-2.695113121192824,-0.5390226242385647,False,False,False,False,False,False,False,False,,,,,,0.0
PAPER:TAKEUSDT:1791041099999:LONG,TAKEUSDT,LONG,0.08721294956695047,False,0.4,0,-1.523598169842145,-0.304719633968429,False,-1.523598169842145,-0.304719633968429,False,False,False,False,False,False,False,False,,,,,,0.0
PAPER:SENTUSDT:1791041099999:SHORT,SENTUSDT,SHORT,0.025708980918666427,False,0.4,0,-3.3524018731991214,-0.6704803746398242,False,-3.3524018731991214,-0.6704803746398242,False,False,False,False,False,False,False,False,,,,,,0.0
PAPER:TAKEUSDT:1791041399999:LONG,TAKEUSDT,LONG,0.17738289851521039,False,0.4,0,-2.2391385466262355,-0.4478277093252471,False,-2.2391385466262355,-0.4478277093252471,False,False,False,False,False,False,False,False,,,,,,0.0
PAPER:PHAROSUSDT:1791041999999:LONG,PHAROSUSDT,LONG,0.1184037832522078,False,0.4,0,-2.747298263215607,-0.5494596526431214,False,-2.747298263215607,-0.5494596526431214,False,False,False,False,False,False,False,False,,,,,,0.0
PAPER:AVAAIUSDT:1791042299999:LONG,AVAAIUSDT,LONG,0.5843370032250439,True,0.4,0,-1.8501523740850172,-0.37003047481700346,True,-0.36723558522645416,-0.07344711704529083,False,True,False,False,False,False,False,True,1791042459242,1791042471363,1791042471363,0,0.06482266643173494,1.482916788858563
PAPER:INXUSDT:1791042299999:LONG,INXUSDT,LONG,0.5111944571072558,True,0.4,0,-0.949810037992343,-0.1899620075984686,True,-0.12061330885065293,-0.024122661770130584,False,True,False,False,True,False,False,True,1791042360383,1791042366242,1791042366242,0,0.5111944571072548,0.8291967291416901
PAPER:CYSUSDT:1791042299999:SHORT,CYSUSDT,SHORT,0.04109557403234674,False,0.4,0,-2.4791307528456885,-0.4958261505691377,False,-2.4791307528456885,-0.4958261505691377,False,False,False,False,False,False,False,False,,,,,,0.0
PAPER:AKTUSDT:1791043199999:LONG,AKTUSDT,LONG,0.09885095789161635,False,0.4,0,-3.5100134635034834,-0.7020026927006967,False,-3.5100134635034834,-0.7020026927006967,False,False,False,False,False,False,False,False,,,,,,0.0
PAPER:AIOUSDT:1791043499999:LONG,AIOUSDT,LONG,0.3392750607989381,False,0.4,0,-0.05248551804010343,-0.010497103608020685,False,-0.05248551804010343,-0.010497103608020685,False,False,False,False,False,False,False,False,,,,,,0.0
PAPER:TAKEUSDT:1791030299999:LONG,TAKEUSDT,LONG,0.20078003326780003,False,0.4,100,-4.179531297998999,-0.8359062595997998,False,-4.179531297998999,-0.8359062595997998,False,False,False,False,False,False,False,False,,,,,,0.0
PAPER:C98USDT:1791030299999:SHORT,C98USDT,SHORT,0.5325927063865858,True,0.4,100,-0.33561030806532705,-0.06712206161306541,True,-0.028320443094112635,-0.005664088618822527,False,True,False,False,False,False,False,True,1791031096796,1791031097023,1791031097741,718,0.2255945357272764,0.3072898649712144
PAPER:RAYSOLUSDT:1791030299999:LONG,RAYSOLUSDT,LONG,0.3865045416249213,False,0.4,100,-4.294281797041444,-0.8588563594082889,False,-4.294281797041444,-0.8588563594082889,False,False,False,False,False,False,False,False,,,,,,0.0
PAPER:MASKUSDT:1791030299999:SHORT,MASKUSDT,SHORT,0.4782276505114329,False,0.4,100,-0.6904478264892522,-0.13808956529785044,True,-0.11901496114906857,-0.023802992229813715,False,True,False,False,False,False,False,True,1791030715759,1791030796286,1791030803342,7056,0.24987147699362647,0.5714328653401837
PAPER:2ZUSDT:1791030599999:SHORT,2ZUSDT,SHORT,0.04643975739345436,False,0.4,100,-3.1670863623565806,-0.6334172724713161,False,-3.1670863623565806,-0.6334172724713161,False,False,False,False,False,False,False,False,,,,,,0.0
PAPER:ARKUSDT:1791030599999:LONG,ARKUSDT,LONG,0.11126877469145313,False,0.4,100,-0.9498100379923222,-0.18996200759846446,False,-0.9498100379923222,-0.18996200759846446,False,False,False,False,False,False,False,False,,,,,,0.0
PAPER:ICPUSDT:1791030599999:SHORT,ICPUSDT,SHORT,0.13297856879422754,False,0.4,100,-2.251777408861963,-0.45035548177239265,False,-2.251777408861963,-0.45035548177239265,False,False,False,False,False,False,False,False,,,,,,0.0
PAPER:ALCHUSDT:1791030599999:SHORT,ALCHUSDT,SHORT,0.040601939818374046,False,0.4,100,-3.073413425363308,-0.6146826850726615,False,-3.073413425363308,-0.6146826850726615,False,False,False,False,False,False,False,False,,,,,,0.0
PAPER:1000SATSUSDT:1791030599999:SHORT,1000SATSUSDT,SHORT,0.14356100983075173,False,0.4,100,-2.382743729857922,-0.4765487459715844,False,-2.382743729857922,-0.4765487459715844,False,False,False,False,False,False,False,False,,,,,,0.0
PAPER:SPXUSDT:1791030599999:SHORT,SPXUSDT,SHORT,0.3946344312621141,False,0.4,100,-3.082995430845726,-0.6165990861691453,False,-3.082995430845726,-0.6165990861691453,False,False,False,False,False,False,False,False,,,,,,0.0
PAPER:BERAUSDT:1791030599999:SHORT,BERAUSDT,SHORT,0.02415494136355687,False,0.4,100,-2.7182260293118015,-0.5436452058623603,False,-2.7182260293118015,-0.5436452058623603,False,False,False,False,False,False,False,False,,,,,,0.0
PAPER:CLOUSDT:1791030599999:SHORT,CLOUSDT,SHORT,0.562071677187042,True,0.4,100,0.020857857313486106,0.0041715714626972215,False,0.020857857313486106,0.0041715714626972215,True,False,False,False,False,False,False,True,1791030681645,,,,,0.0
PAPER:RONINUSDT:1791030599999:SHORT,RONINUSDT,SHORT,0.4201447269727042,False,0.4,100,-0.9881699462047233,-0.19763398924094466,True,-0.1905918740652291,-0.03811837481304582,False,True,False,False,False,False,False,True,1791031377259,1791031515790,1791031534197,18407,0.17730404958078655,0.7975780721394943
PAPER:BABYUSDT:1791030599999:SHORT,BABYUSDT,SHORT,0.13108361853639602,False,0.4,100,-2.4625017903882367,-0.4925003580776473,False,-2.4625017903882367,-0.4925003580776473,False,False,False,False,False,False,False,False,,,,,,0.0
PAPER:LQTYUSDT:1791030599999:SHORT,LQTYUSDT,SHORT,0.23922711108097128,False,0.4,100,-1.1664212216092822,-0.23328424432185646,False,-1.1664212216092822,-0.23328424432185646,False,False,False,False,False,False,False,False,,,,,,0.0
PAPER:ELSAUSDT:1791030599999:SHORT,ELSAUSDT,SHORT,0.09292788177507333,False,0.4,100,-2.8341764513986663,-0.5668352902797332,False,-2.8341764513986663,-0.5668352902797332,False,False,False,False,False,False,False,False,,,,,,0.0
PAPER:LYNUSDT:1791030899999:SHORT,LYNUSDT,SHORT,0.4910471145324048,False,0.4,100,-0.2194233372221207,-0.04388466744442414,False,-0.2194233372221207,-0.04388466744442414,False,False,False,False,False,False,False,True,1791030952365,,,,,0.0
PAPER:CUSDT:1791030899999:LONG,CUSDT,LONG,0.5052576067934522,True,0.4,100,-4.734098707132696,-0.9468197414265391,True,-0.19295230416437265,-0.038590460832874526,False,True,False,False,False,False,False,True,1791031009256,1791031009268,1791031009420,152,0.19212564842052743,4.541146402968323
PAPER:BATUSDT:1791030899999:SHORT,BATUSDT,SHORT,0.06560207944017078,False,0.4,100,-3.5743672405177547,-0.7148734481035509,False,-3.5743672405177547,-0.7148734481035509,False,False,False,False,False,False,False,False,,,,,,0.0
PAPER:SOLVUSDT:1791030899999:SHORT,SOLVUSDT,SHORT,0.09791630573226773,False,0.4,100,-0.3600282954492119,-0.07200565908984238,False,-0.3600282954492119,-0.07200565908984238,False,False,False,False,False,False,False,False,,,,,,0.0
PAPER:SOONUSDT:1791031199999:LONG,SOONUSDT,LONG,0.43180093380581486,False,0.4,100,-0.8170548040842363,-0.16341096081684725,True,-0.2860338684521938,-0.05720677369043876,False,True,False,False,False,False,False,True,1791031299566,1791031302721,1791031302861,140,0.1394617408256968,0.5310209356320424
PAPER:GUAUSDT:1791031199999:SHORT,GUAUSDT,SHORT,0.09482952847747854,False,0.4,100,-2.3151338684784952,-0.46302677369569906,False,-2.3151338684784952,-0.46302677369569906,False,False,False,False,False,False,False,False,,,,,,0.0
PAPER:WAXPUSDT:1791031199999:SHORT,WAXPUSDT,SHORT,0.15796753656780602,False,0.4,100,-2.1242987820307544,-0.42485975640615087,False,-2.1242987820307544,-0.42485975640615087,False,False,False,False,False,False,False,False,,,,,,0.0
PAPER:XVGUSDT:1791031199999:SHORT,XVGUSDT,SHORT,0.2963147974313368,False,0.4,100,-2.770751292099085,-0.5541502584198169,False,-2.770751292099085,-0.5541502584198169,False,False,False,False,False,False,False,False,,,,,,0.0
PAPER:BLUAIUSDT:1791031199999:SHORT,BLUAIUSDT,SHORT,0.4188883317460625,False,0.4,100,-5.699480266072115,-1.1398960532144229,True,0.17776639115775736,0.03555327823155147,True,True,False,False,False,False,False,True,1791031328826,1791031338460,1791031353058,14598,0.3951644218786969,5.877246657229872
PAPER:NILUSDT:1791031199999:LONG,NILUSDT,LONG,0.22971618806590932,False,0.4,100,-2.7020749171407723,-0.5404149834281544,False,-2.7020749171407723,-0.5404149834281544,False,False,False,False,False,False,False,False,,,,,,0.0
PAPER:LDOUSDT:1791031199999:SHORT,LDOUSDT,SHORT,0.4188727170620659,False,0.4,100,-4.903833487188899,-0.9807666974377798,True,-0.07160260485622721,-0.014320520971245443,False,True,False,False,False,False,False,True,1791031772570,1791031860776,1791031862370,1594,0.1555466863447258,4.832230882332672
PAPER:ONUSDT:1791031499999:SHORT,ONUSDT,SHORT,0.1664265751566015,False,0.4,100,-2.3497478852713356,-0.46994957705426715,False,-2.3497478852713356,-0.46994957705426715,False,False,False,False,False,False,False,False,,,,,,0.0
PAPER:CVCUSDT:1791031499999:SHORT,CVCUSDT,SHORT,0.15044590376835515,False,0.4,100,-2.485696755915584,-0.4971393511831168,False,-2.485696755915584,-0.4971393511831168,False,False,False,False,False,False,False,False,,,,,,0.0
PAPER:FOGOUSDT:1791031499999:SHORT,FOGOUSDT,SHORT,0.057127292047956295,False,0.4,100,-3.4110859982869592,-0.6822171996573918,False,-3.4110859982869592,-0.6822171996573918,False,False,False,False,False,False,False,False,,,,,,0.0
PAPER:MUSDT:1791031499999:SHORT,MUSDT,SHORT,0.1562427022849482,False,0.4,100,-1.0481979068353748,-0.20963958136707497,False,-1.0481979068353748,-0.20963958136707497,False,False,False,False,False,False,False,False,,,,,,0.0
PAPER:TRUTHUSDT:1791031799999:SHORT,TRUTHUSDT,SHORT,0.04259979890824061,False,0.4,100,-1.8553263437999297,-0.37106526875998597,False,-1.8553263437999297,-0.37106526875998597,False,False,False,False,False,False,False,False,,,,,,0.0
PAPER:MEWUSDT:1791031799999:LONG,MEWUSDT,LONG,0.20671602640922604,False,0.4,100,-2.9316560299051333,-0.5863312059810266,False,-2.9316560299051333,-0.5863312059810266,False,False,False,False,False,False,False,False,,,,,,0.0
PAPER:ATHUSDT:1791032399999:LONG,ATHUSDT,LONG,0.9362862664506144,True,0.4,100,-1.4344200088454728,-0.28688400176909457,True,-0.25751007963085604,-0.051502015926171214,False,True,False,False,False,False,False,True,1791032661186,1791032714046,1791032714194,148,0.22946893848288255,1.1769099292146168
PAPER:PARTIUSDT:1791032699999:LONG,PARTIUSDT,LONG,0.12131849248524507,False,0.4,100,-1.6557113665605714,-0.3311422733121143,False,-1.6557113665605714,-0.3311422733121143,False,False,False,False,False,False,False,False,,,,,,0.0
PAPER:SCRUSDT:1791032699999:SHORT,SCRUSDT,SHORT,0.17458744667221668,False,0.4,100,-4.748328639463314,-0.9496657278926629,False,-4.748328639463314,-0.9496657278926629,False,False,False,False,False,False,False,False,,,,,,0.0
PAPER:FLUIDUSDT:1791032699999:LONG,FLUIDUSDT,LONG,0.40288014904572567,False,0.4,100,-1.5533450107561027,-0.3106690021512205,True,-0.04450757884675477,-0.008901515769350955,False,True,False,False,False,False,False,True,1791033021728,1791033139035,1791033144492,5457,0.3424692704963628,1.5088374319093478
PAPER:BRUSDT:1791032999999:SHORT,BRUSDT,SHORT,0.27254947442767047,False,0.4,100,-1.4411649157048976,-0.2882329831409795,False,-1.4411649157048976,-0.2882329831409795,False,False,False,False,False,False,False,False,,,,,,0.0
PAPER:TAKEUSDT:1791032999999:LONG,TAKEUSDT,LONG,0.1981648558068816,False,0.4,100,-4.45263633915979,-0.890527267831958,False,-4.45263633915979,-0.890527267831958,False,False,False,False,False,False,False,False,,,,,,0.0
PAPER:AVAUSDT:1791032999999:LONG,AVAUSDT,LONG,0.052532112366043826,False,0.4,100,-3.304734763964892,-0.6609469527929784,False,-3.304734763964892,-0.6609469527929784,False,False,False,False,False,False,False,False,,,,,,0.0
PAPER:GTCUSDT:1791032999999:LONG,GTCUSDT,LONG,0.5910414075610326,True,0.4,100,-5.389497416018015,-1.077899483203603,True,0.16011180651398932,0.03202236130279786,True,True,False,False,False,False,False,True,1791033057725,1791033062408,1791033062663,255,0.2498127249698905,5.549609222532005
PAPER:KSMUSDT:1791032999999:LONG,KSMUSDT,LONG,0.0557320840319786,False,0.4,100,-3.0776393835983287,-0.6155278767196658,False,-3.0776393835983287,-0.6155278767196658,False,False,False,False,False,False,False,False,,,,,,0.0
PAPER:ARKMUSDT:1791033599999:SHORT,ARKMUSDT,SHORT,0.056405475136281816,False,0.4,100,-2.8622419480075423,-0.5724483896015085,False,-2.8622419480075423,-0.5724483896015085,False,False,False,False,False,False,False,False,,,,,,0.0
PAPER:POWERUSDT:1791033599999:SHORT,POWERUSDT,SHORT,0.1333104729659478,False,0.4,100,-3.2520922207080236,-0.6504184441416047,False,-3.2520922207080236,-0.6504184441416047,False,False,False,False,False,False,False,False,,,,,,0.0
PAPER:IOUSDT:1791033599999:LONG,IOUSDT,LONG,0.04360451065001936,False,0.4,100,-3.8091145606756855,-0.7618229121351371,False,-3.8091145606756855,-0.7618229121351371,False,False,False,False,False,False,False,False,,,,,,0.0
PAPER:TRADOORUSDT:1791033899999:SHORT,TRADOORUSDT,SHORT,0.037861202555832515,False,0.4,100,-6.7422084359017616,-1.3484416871803524,False,-6.7422084359017616,-1.3484416871803524,False,False,False,False,False,False,False,False,,,,,,0.0
PAPER:LITUSDT:1791033899999:SHORT,LITUSDT,SHORT,0.5614579357694294,True,0.4,100,-1.1427683363038064,-0.22855366726076126,True,0.07689421957234865,0.01537884391446973,True,True,False,False,False,False,False,True,1791035296070,1791035312841,1791035312987,146,0.2336730205463847,1.219662555876155
PAPER:GLMUSDT:1791033899999:LONG,GLMUSDT,LONG,0.41155018572360813,False,0.4,100,-1.5272247018917282,-0.30544494037834563,True,-1.0652929707722751,-0.21305859415445502,False,True,False,False,False,False,False,True,1791034920513,1791035009121,1791035010059,938,0.21889563816850233,0.46193173111945307
PAPER:PORTALUSDT:1791033899999:LONG,PORTALUSDT,LONG,0.2034230025503403,False,0.4,100,-2.4843567110599034,-0.49687134221198065,False,-2.4843567110599034,-0.49687134221198065,False,False,False,False,False,False,False,False,,,,,,0.0
PAPER:PROMPTUSDT:1791033899999:LONG,PROMPTUSDT,LONG,0.02804821063659979,False,0.4,100,-0.9498100379923309,-0.18996200759846618,False,-0.9498100379923309,-0.18996200759846618,False,False,False,False,False,False,False,False,,,,,,0.0
PAPER:MAGMAUSDT:1791033899999:SHORT,MAGMAUSDT,SHORT,0.11747463534199344,False,0.4,100,-1.6167348982446283,-0.32334697964892567,False,-1.6167348982446283,-0.32334697964892567,False,False,False,False,False,False,False,False,,,,,,0.0
PAPER:SYRUPUSDT:1791034499999:LONG,SYRUPUSDT,LONG,0.3365032121780853,False,0.4,100,-1.7301618973079922,-0.3460323794615984,False,-1.7301618973079922,-0.3460323794615984,False,False,False,False,False,False,False,False,,,,,,0.0
PAPER:SOPHUSDT:1791034799999:LONG,SOPHUSDT,LONG,0.032486940932008324,False,0.4,100,-1.0808927650165776,-0.21617855300331554,False,-1.0808927650165776,-0.21617855300331554,False,False,False,False,False,False,False,False,,,,,,0.0
PAPER:TRBUSDT:1791034799999:LONG,TRBUSDT,LONG,0.17249534305692205,False,0.4,100,-1.1180799807020212,-0.22361599614040423,False,-1.1180799807020212,-0.22361599614040423,False,False,False,False,False,False,False,False,,,,,,0.0
PAPER:BRETTUSDT:1791034799999:LONG,BRETTUSDT,LONG,0.013901271279914695,False,0.4,100,-2.8970518364541604,-0.5794103672908321,False,-2.8970518364541604,-0.5794103672908321,False,False,False,False,False,False,False,False,,,,,,0.0
PAPER:HANAUSDT:1791034799999:SHORT,HANAUSDT,SHORT,0.39639901335803707,False,0.4,100,-4.076179984123353,-0.8152359968246706,False,-4.076179984123353,-0.8152359968246706,False,False,False,False,False,False,False,False,,,,,,0.0
PAPER:COOKIEUSDT:1791034799999:LONG,COOKIEUSDT,LONG,0.02588041584095091,False,0.4,100,-3.432422254842399,-0.6864844509684798,False,-3.432422254842399,-0.6864844509684798,False,False,False,False,False,False,False,False,,,,,,0.0
PAPER:BLURUSDT:1791035099999:LONG,BLURUSDT,LONG,0.026898935409902514,False,0.4,100,-2.1210698643572643,-0.4242139728714529,False,-2.1210698643572643,-0.4242139728714529,False,False,False,False,False,False,False,False,,,,,,0.0
PAPER:GTCUSDT:1791035399999:LONG,GTCUSDT,LONG,0.1905703102749179,False,0.4,100,0.06306476224254054,0.012612952448508108,False,0.06306476224254054,0.012612952448508108,True,False,False,False,False,False,False,False,,,,,,0.0
PAPER:BIOUSDT:1791035399999:LONG,BIOUSDT,LONG,0.04403217979522811,False,0.4,100,-2.7089125322549616,-0.5417825064509922,False,-2.7089125322549616,-0.5417825064509922,False,False,False,False,False,False,False,False,,,,,,0.0
PAPER:NILUSDT:1791035699999:SHORT,NILUSDT,SHORT,0.2057747892693691,False,0.4,100,-1.6043812094959564,-0.3208762418991913,False,-1.6043812094959564,-0.3208762418991913,False,False,False,False,False,False,False,False,,,,,,0.0
PAPER:PARTIUSDT:1791035699999:LONG,PARTIUSDT,LONG,0.38892017097602594,False,0.4,100,-0.4391503345547632,-0.08783006691095264,False,-0.4391503345547632,-0.08783006691095264,False,False,False,False,False,False,False,False,,,,,,0.0
PAPER:SIGNUSDT:1791035999999:LONG,SIGNUSDT,LONG,0.020325020332290222,False,0.4,100,-2.903522065186805,-0.580704413037361,False,-2.903522065186805,-0.580704413037361,False,False,False,False,False,False,False,False,,,,,,0.0
PAPER:FHEUSDT:1791035999999:LONG,FHEUSDT,LONG,0.07019795860405686,False,0.4,100,-1.0624453988318034,-0.2124890797663607,False,-1.0624453988318034,-0.2124890797663607,False,False,False,False,False,False,False,False,,,,,,0.0
PAPER:ENJUSDT:1791035999999:LONG,ENJUSDT,LONG,0.09842864118914108,False,0.4,100,-0.5061394517069918,-0.10122789034139837,False,-0.5061394517069918,-0.10122789034139837,False,False,False,False,False,False,False,False,,,,,,0.0
PAPER:CHILLGUYUSDT:1791036299999:SHORT,CHILLGUYUSDT,SHORT,0.29671056237814813,False,0.4,100,-1.6460776979307021,-0.3292155395861404,False,-1.6460776979307021,-0.3292155395861404,False,False,False,False,False,False,False,False,,,,,,0.0
PAPER:ZAMAUSDT:1791036299999:LONG,ZAMAUSDT,LONG,0.05344670536999718,False,0.4,100,-2.7535616422870577,-0.5507123284574116,False,-2.7535616422870577,-0.5507123284574116,False,False,False,False,False,False,False,False,,,,,,0.0
PAPER:MTLUSDT:1791036299999:SHORT,MTLUSDT,SHORT,0.392645968101903,False,0.4,100,-2.9359691162288346,-0.5871938232457669,False,-2.9359691162288346,-0.5871938232457669,False,False,False,False,False,False,False,False,,,,,,0.0
PAPER:MELANIAUSDT:1791036599999:SHORT,MELANIAUSDT,SHORT,0.11439277969808952,False,0.4,100,-2.823923833139723,-0.5647847666279447,False,-2.823923833139723,-0.5647847666279447,False,False,False,False,False,False,False,False,,,,,,0.0
PAPER:QNTUSDT:1791036599999:SHORT,QNTUSDT,SHORT,0.09206771523578838,False,0.4,100,-1.1304764324347885,-0.2260952864869577,False,-1.1304764324347885,-0.2260952864869577,False,False,False,False,False,False,False,False,,,,,,0.0
PAPER:1000000BOBUSDT:1791036899999:SHORT,1000000BOBUSDT,SHORT,0.20259244727284154,False,0.4,100,-0.9501900380075976,-0.19003800760151954,False,-0.9501900380075976,-0.19003800760151954,False,False,False,False,False,False,False,False,,,,,,0.0
PAPER:ZECUSDT:1791036899999:SHORT,ZECUSDT,SHORT,0.34743220879288866,False,0.4,100,-2.4871455712255535,-0.49742911424511066,False,-2.4871455712255535,-0.49742911424511066,False,False,False,False,False,False,False,False,,,,,,0.0
PAPER:VELVETUSDT:1791037199999:LONG,VELVETUSDT,LONG,0.16967139011807575,False,0.4,100,-2.5920327443301128,-0.5184065488660226,False,-2.5920327443301128,-0.5184065488660226,False,False,False,False,False,False,False,False,,,,,,0.0
PAPER:EVAAUSDT:1791037499999:LONG,EVAAUSDT,LONG,0.056646393986836685,False,0.4,100,-3.821169888291375,-0.7642339776582749,False,-3.821169888291375,-0.7642339776582749,False,False,False,False,False,False,False,False,,,,,,0.0
PAPER:ONEUSDT:1791037499999:LONG,ONEUSDT,LONG,0.24924997047268693,False,0.4,100,-6.076218006145115,-1.215243601229023,False,-6.076218006145115,-1.215243601229023,False,False,False,False,False,False,False,False,,,,,,0.0
PAPER:DEEPUSDT:1791037799999:LONG,DEEPUSDT,LONG,0.02104669378111268,False,0.4,100,-3.6150511995301473,-0.7230102399060295,False,-3.6150511995301473,-0.7230102399060295,False,False,False,False,False,False,False,False,,,,,,0.0
PAPER:OPUSDT:1791037799999:LONG,OPUSDT,LONG,0.26694344698652284,False,0.4,100,-2.0891271981087893,-0.4178254396217579,False,-2.0891271981087893,-0.4178254396217579,False,False,False,False,False,False,False,False,,,,,,0.0
PAPER:DRIFTUSDT:1791037799999:LONG,DRIFTUSDT,LONG,0.13110727980347736,False,0.4,100,-3.088406569315816,-0.6176813138631632,False,-3.088406569315816,-0.6176813138631632,False,False,False,False,False,False,False,False,,,,,,0.0
PAPER:ORDIUSDT:1791037799999:LONG,ORDIUSDT,LONG,0.3061675616160109,False,0.4,100,-2.7963146550767375,-0.5592629310153475,False,-2.7963146550767375,-0.5592629310153475,False,False,False,False,False,False,False,False,,,,,,0.0
PAPER:SUPERUSDT:1791038099999:LONG,SUPERUSDT,LONG,0.6513379595819213,True,0.4,100,-3.4602375064787063,-0.6920475012957413,True,-0.050552437340405154,-0.01011048746808103,False,True,False,False,False,False,False,True,1791038247859,1791038282043,1791038282190,147,0.2425368328690268,3.409685069138301
PAPER:KAIAUSDT:1791038099999:LONG,KAIAUSDT,LONG,0.006629832488891374,False,0.4,100,-3.410360241533641,-0.6820720483067282,False,-3.410360241533641,-0.6820720483067282,False,False,False,False,False,False,False,False,,,,,,0.0
PAPER:1000CATUSDT:1791038699999:LONG,1000CATUSDT,LONG,0.4267421761402934,False,0.4,100,-0.838231577321695,-0.16764631546433897,True,-0.28033927396820985,-0.05606785479364197,False,True,False,False,False,False,False,True,1791039158378,1791039255975,1791039265360,9385,0.24804690536423327,0.557892303353485
PAPER:USUSDT:1791038699999:SHORT,USUSDT,SHORT,0.48393229097455304,False,0.4,100,-0.7002546247073798,-0.14005092494147595,True,-0.08677679206127581,-0.017355358412255162,False,True,False,False,False,False,False,True,1791038784509,1791038842620,1791038842902,282,0.4566924914191514,0.6134778326461039
PAPER:哈基米USDT:1791038699999:SHORT,哈基米USDT,SHORT,0.10980781490497439,False,0.4,100,-0.6253521470030563,-0.12507042940061125,False,-0.6253521470030563,-0.12507042940061125,False,False,False,False,False,False,False,False,,,,,,0.0
PAPER:XMRUSDT:1791038699999:LONG,XMRUSDT,LONG,0.34497365381629397,False,0.4,100,-1.4191267554642937,-0.2838253510928587,False,-1.4191267554642937,-0.2838253510928587,False,False,False,False,False,False,False,False,,,,,,0.0
PAPER:NEARUSDT:1791038999999:LONG,NEARUSDT,LONG,0.2154525207140212,False,0.4,100,-3.248598645182094,-0.6497197290364188,False,-3.248598645182094,-0.6497197290364188,False,False,False,False,False,False,False,False,,,,,,0.0
PAPER:RENDERUSDT:1791038999999:LONG,RENDERUSDT,LONG,0.3777364865167332,False,0.4,100,-2.564063511265951,-0.5128127022531902,False,-2.564063511265951,-0.5128127022531902,False,False,False,False,False,False,False,False,,,,,,0.0
PAPER:AEVOUSDT:1791039299999:LONG,AEVOUSDT,LONG,0.32084492192470115,False,0.4,100,-2.7469840170223327,-0.5493968034044666,False,-2.7469840170223327,-0.5493968034044666,False,False,False,False,False,False,False,False,,,,,,0.0
PAPER:ONUSDT:1791039599999:SHORT,ONUSDT,SHORT,0.359578557077644,False,0.4,100,-0.4752610152011104,-0.09505220304022208,False,-0.4752610152011104,-0.09505220304022208,False,False,False,False,False,False,False,False,,,,,,0.0
PAPER:XVGUSDT:1791039599999:LONG,XVGUSDT,LONG,0.07237850243317911,False,0.4,100,-3.6415072428999737,-0.7283014485799947,False,-3.6415072428999737,-0.7283014485799947,False,False,False,False,False,False,False,False,,,,,,0.0
PAPER:CUSDT:1791039899999:LONG,CUSDT,LONG,1.1357841017241022,True,0.4,100,-4.815485513170761,-0.9630971026341522,True,-2.3555102107844776,-0.47110204215689555,False,True,False,False,True,True,False,True,1791041130217,1791041130217,1791041130331,114,1.135784101724093,2.459975302386283
PAPER:龙虾USDT:1791039899999:SHORT,龙虾USDT,SHORT,0.0010972658666689283,False,0.4,100,-2.3230755803059737,-0.4646151160611947,False,-2.3230755803059737,-0.4646151160611947,False,False,False,False,False,False,False,False,,,,,,0.0
PAPER:PHAUSDT:1791039899999:SHORT,PHAUSDT,SHORT,0.5336391386070395,True,0.4,100,-1.3147750271102738,-0.26295500542205474,True,-0.2939370576227101,-0.058787411524542026,False,True,False,False,False,False,False,True,1791040049205,1791040049267,1791040049392,125,0.16940023110230443,1.0208379694875638
PAPER:MIRAUSDT:1791040199999:SHORT,MIRAUSDT,SHORT,0.13354810666604766,False,0.4,100,-1.3344350505103577,-0.26688701010207155,False,-1.3344350505103577,-0.26688701010207155,False,False,False,False,False,False,False,False,,,,,,0.0
PAPER:MEGAUSDT:1791040199999:LONG,MEGAUSDT,LONG,0.5974185977954738,True,0.4,100,-0.07597016259568207,-0.015194032519136414,True,-0.1273725082072369,-0.025474501641447378,False,False,False,True,False,False,False,True,1791040285063,1791040288504,1791040288606,102,0.350452758357344,-0.05140234561155482
PAPER:SANDUSDT:1791040499999:LONG,SANDUSDT,LONG,0.8209450237695926,True,0.4,100,1.3474539452734347,0.26949078905468693,False,1.3474539452734347,0.26949078905468693,True,False,False,False,False,False,False,True,1791040529751,,,,,0.0
PAPER:BANUSDT:1791040499999:SHORT,BANUSDT,SHORT,0.05628890843004262,False,0.4,100,-3.0502385088000796,-0.6100477017600159,False,-3.0502385088000796,-0.6100477017600159,False,False,False,False,False,False,False,False,,,,,,0.0
PAPER:MORPHOUSDT:1791040799999:LONG,MORPHOUSDT,LONG,0.02861058304419739,False,0.4,100,-1.9210183355999124,-0.3842036671199825,False,-1.9210183355999124,-0.3842036671199825,False,False,False,False,False,False,False,False,,,,,,0.0
PAPER:BMTUSDT:1791040799999:LONG,BMTUSDT,LONG,0.302520141133078,False,0.4,100,-2.695113121192824,-0.5390226242385647,False,-2.695113121192824,-0.5390226242385647,False,False,False,False,False,False,False,False,,,,,,0.0
PAPER:TAKEUSDT:1791041099999:LONG,TAKEUSDT,LONG,0.08721294956695047,False,0.4,100,-1.523598169842145,-0.304719633968429,False,-1.523598169842145,-0.304719633968429,False,False,False,False,False,False,False,False,,,,,,0.0
PAPER:SENTUSDT:1791041099999:SHORT,SENTUSDT,SHORT,0.025708980918666427,False,0.4,100,-3.3524018731991214,-0.6704803746398242,False,-3.3524018731991214,-0.6704803746398242,False,False,False,False,False,False,False,False,,,,,,0.0
PAPER:TAKEUSDT:1791041399999:LONG,TAKEUSDT,LONG,0.17738289851521039,False,0.4,100,-2.2391385466262355,-0.4478277093252471,False,-2.2391385466262355,-0.4478277093252471,False,False,False,False,False,False,False,False,,,,,,0.0
PAPER:PHAROSUSDT:1791041999999:LONG,PHAROSUSDT,LONG,0.1184037832522078,False,0.4,100,-2.747298263215607,-0.5494596526431214,False,-2.747298263215607,-0.5494596526431214,False,False,False,False,False,False,False,False,,,,,,0.0
PAPER:AVAAIUSDT:1791042299999:LONG,AVAAIUSDT,LONG,0.5843370032250439,True,0.4,100,-1.8501523740850172,-0.37003047481700346,True,-0.7909260963289271,-0.1581852192657854,False,True,False,False,False,False,False,True,1791042459242,1791042471363,1791042471747,384,0.06482266643173494,1.0592262777560901
PAPER:INXUSDT:1791042299999:LONG,INXUSDT,LONG,0.5111944571072558,True,0.4,100,-0.949810037992343,-0.1899620075984686,True,-0.6181313463356669,-0.12362626926713338,False,True,False,False,True,False,False,True,1791042360383,1791042366242,1791042368100,1858,0.5111944571072548,0.3316786916566761
PAPER:CYSUSDT:1791042299999:SHORT,CYSUSDT,SHORT,0.04109557403234674,False,0.4,100,-2.4791307528456885,-0.4958261505691377,False,-2.4791307528456885,-0.4958261505691377,False,False,False,False,False,False,False,False,,,,,,0.0
PAPER:AKTUSDT:1791043199999:LONG,AKTUSDT,LONG,0.09885095789161635,False,0.4,100,-3.5100134635034834,-0.7020026927006967,False,-3.5100134635034834,-0.7020026927006967,False,False,False,False,False,False,False,False,,,,,,0.0
PAPER:AIOUSDT:1791043499999:LONG,AIOUSDT,LONG,0.3392750607989381,False,0.4,100,-0.05248551804010343,-0.010497103608020685,False,-0.05248551804010343,-0.010497103608020685,False,False,False,False,False,False,False,False,,,,,,0.0
PAPER:TAKEUSDT:1791030299999:LONG,TAKEUSDT,LONG,0.20078003326780003,False,0.4,250,-4.179531297998999,-0.8359062595997998,False,-4.179531297998999,-0.8359062595997998,False,False,False,False,False,False,False,False,,,,,,0.0
PAPER:C98USDT:1791030299999:SHORT,C98USDT,SHORT,0.5325927063865858,True,0.4,250,-0.33561030806532705,-0.06712206161306541,True,-0.028320443094112635,-0.005664088618822527,False,True,False,False,False,False,False,True,1791031096796,1791031097023,1791031097741,718,0.2255945357272764,0.3072898649712144
PAPER:RAYSOLUSDT:1791030299999:LONG,RAYSOLUSDT,LONG,0.3865045416249213,False,0.4,250,-4.294281797041444,-0.8588563594082889,False,-4.294281797041444,-0.8588563594082889,False,False,False,False,False,False,False,False,,,,,,0.0
PAPER:MASKUSDT:1791030299999:SHORT,MASKUSDT,SHORT,0.4782276505114329,False,0.4,250,-0.6904478264892522,-0.13808956529785044,True,-0.11901496114906857,-0.023802992229813715,False,True,False,False,False,False,False,True,1791030715759,1791030796286,1791030803342,7056,0.24987147699362647,0.5714328653401837
PAPER:2ZUSDT:1791030599999:SHORT,2ZUSDT,SHORT,0.04643975739345436,False,0.4,250,-3.1670863623565806,-0.6334172724713161,False,-3.1670863623565806,-0.6334172724713161,False,False,False,False,False,False,False,False,,,,,,0.0
PAPER:ARKUSDT:1791030599999:LONG,ARKUSDT,LONG,0.11126877469145313,False,0.4,250,-0.9498100379923222,-0.18996200759846446,False,-0.9498100379923222,-0.18996200759846446,False,False,False,False,False,False,False,False,,,,,,0.0
PAPER:ICPUSDT:1791030599999:SHORT,ICPUSDT,SHORT,0.13297856879422754,False,0.4,250,-2.251777408861963,-0.45035548177239265,False,-2.251777408861963,-0.45035548177239265,False,False,False,False,False,False,False,False,,,,,,0.0
PAPER:ALCHUSDT:1791030599999:SHORT,ALCHUSDT,SHORT,0.040601939818374046,False,0.4,250,-3.073413425363308,-0.6146826850726615,False,-3.073413425363308,-0.6146826850726615,False,False,False,False,False,False,False,False,,,,,,0.0
PAPER:1000SATSUSDT:1791030599999:SHORT,1000SATSUSDT,SHORT,0.14356100983075173,False,0.4,250,-2.382743729857922,-0.4765487459715844,False,-2.382743729857922,-0.4765487459715844,False,False,False,False,False,False,False,False,,,,,,0.0
PAPER:SPXUSDT:1791030599999:SHORT,SPXUSDT,SHORT,0.3946344312621141,False,0.4,250,-3.082995430845726,-0.6165990861691453,False,-3.082995430845726,-0.6165990861691453,False,False,False,False,False,False,False,False,,,,,,0.0
PAPER:BERAUSDT:1791030599999:SHORT,BERAUSDT,SHORT,0.02415494136355687,False,0.4,250,-2.7182260293118015,-0.5436452058623603,False,-2.7182260293118015,-0.5436452058623603,False,False,False,False,False,False,False,False,,,,,,0.0
PAPER:CLOUSDT:1791030599999:SHORT,CLOUSDT,SHORT,0.562071677187042,True,0.4,250,0.020857857313486106,0.0041715714626972215,False,0.020857857313486106,0.0041715714626972215,True,False,False,False,False,False,False,True,1791030681645,,,,,0.0
PAPER:RONINUSDT:1791030599999:SHORT,RONINUSDT,SHORT,0.4201447269727042,False,0.4,250,-0.9881699462047233,-0.19763398924094466,True,-0.1905918740652291,-0.03811837481304582,False,True,False,False,False,False,False,True,1791031377259,1791031515790,1791031534197,18407,0.17730404958078655,0.7975780721394943
PAPER:BABYUSDT:1791030599999:SHORT,BABYUSDT,SHORT,0.13108361853639602,False,0.4,250,-2.4625017903882367,-0.4925003580776473,False,-2.4625017903882367,-0.4925003580776473,False,False,False,False,False,False,False,False,,,,,,0.0
PAPER:LQTYUSDT:1791030599999:SHORT,LQTYUSDT,SHORT,0.23922711108097128,False,0.4,250,-1.1664212216092822,-0.23328424432185646,False,-1.1664212216092822,-0.23328424432185646,False,False,False,False,False,False,False,False,,,,,,0.0
PAPER:ELSAUSDT:1791030599999:SHORT,ELSAUSDT,SHORT,0.09292788177507333,False,0.4,250,-2.8341764513986663,-0.5668352902797332,False,-2.8341764513986663,-0.5668352902797332,False,False,False,False,False,False,False,False,,,,,,0.0
PAPER:LYNUSDT:1791030899999:SHORT,LYNUSDT,SHORT,0.4910471145324048,False,0.4,250,-0.2194233372221207,-0.04388466744442414,False,-0.2194233372221207,-0.04388466744442414,False,False,False,False,False,False,False,True,1791030952365,,,,,0.0
PAPER:CUSDT:1791030899999:LONG,CUSDT,LONG,0.5052576067934522,True,0.4,250,-4.734098707132696,-0.9468197414265391,True,-0.34432385093001144,-0.06886477018600229,False,True,False,False,False,False,False,True,1791031009256,1791031009268,1791031009536,268,0.19212564842052743,4.389774856202685
PAPER:BATUSDT:1791030899999:SHORT,BATUSDT,SHORT,0.06560207944017078,False,0.4,250,-3.5743672405177547,-0.7148734481035509,False,-3.5743672405177547,-0.7148734481035509,False,False,False,False,False,False,False,False,,,,,,0.0
PAPER:SOLVUSDT:1791030899999:SHORT,SOLVUSDT,SHORT,0.09791630573226773,False,0.4,250,-0.3600282954492119,-0.07200565908984238,False,-0.3600282954492119,-0.07200565908984238,False,False,False,False,False,False,False,False,,,,,,0.0
PAPER:SOONUSDT:1791031199999:LONG,SOONUSDT,LONG,0.43180093380581486,False,0.4,250,-0.8170548040842363,-0.16341096081684725,True,-0.5515443362682518,-0.11030886725365036,False,True,False,False,False,False,False,True,1791031299566,1791031302721,1791031303116,395,0.1394617408256968,0.2655104678159844
PAPER:GUAUSDT:1791031199999:SHORT,GUAUSDT,SHORT,0.09482952847747854,False,0.4,250,-2.3151338684784952,-0.46302677369569906,False,-2.3151338684784952,-0.46302677369569906,False,False,False,False,False,False,False,False,,,,,,0.0
PAPER:WAXPUSDT:1791031199999:SHORT,WAXPUSDT,SHORT,0.15796753656780602,False,0.4,250,-2.1242987820307544,-0.42485975640615087,False,-2.1242987820307544,-0.42485975640615087,False,False,False,False,False,False,False,False,,,,,,0.0
PAPER:XVGUSDT:1791031199999:SHORT,XVGUSDT,SHORT,0.2963147974313368,False,0.4,250,-2.770751292099085,-0.5541502584198169,False,-2.770751292099085,-0.5541502584198169,False,False,False,False,False,False,False,False,,,,,,0.0
PAPER:BLUAIUSDT:1791031199999:SHORT,BLUAIUSDT,SHORT,0.4188883317460625,False,0.4,250,-5.699480266072115,-1.1398960532144229,True,0.17776639115775736,0.03555327823155147,True,True,False,False,False,False,False,True,1791031328826,1791031338460,1791031353058,14598,0.3951644218786969,5.877246657229872
PAPER:NILUSDT:1791031199999:LONG,NILUSDT,LONG,0.22971618806590932,False,0.4,250,-2.7020749171407723,-0.5404149834281544,False,-2.7020749171407723,-0.5404149834281544,False,False,False,False,False,False,False,False,,,,,,0.0
PAPER:LDOUSDT:1791031199999:SHORT,LDOUSDT,SHORT,0.4188727170620659,False,0.4,250,-4.903833487188899,-0.9807666974377798,True,-0.07160260485622721,-0.014320520971245443,False,True,False,False,False,False,False,True,1791031772570,1791031860776,1791031862370,1594,0.1555466863447258,4.832230882332672
PAPER:ONUSDT:1791031499999:SHORT,ONUSDT,SHORT,0.1664265751566015,False,0.4,250,-2.3497478852713356,-0.46994957705426715,False,-2.3497478852713356,-0.46994957705426715,False,False,False,False,False,False,False,False,,,,,,0.0
PAPER:CVCUSDT:1791031499999:SHORT,CVCUSDT,SHORT,0.15044590376835515,False,0.4,250,-2.485696755915584,-0.4971393511831168,False,-2.485696755915584,-0.4971393511831168,False,False,False,False,False,False,False,False,,,,,,0.0
PAPER:FOGOUSDT:1791031499999:SHORT,FOGOUSDT,SHORT,0.057127292047956295,False,0.4,250,-3.4110859982869592,-0.6822171996573918,False,-3.4110859982869592,-0.6822171996573918,False,False,False,False,False,False,False,False,,,,,,0.0
PAPER:MUSDT:1791031499999:SHORT,MUSDT,SHORT,0.1562427022849482,False,0.4,250,-1.0481979068353748,-0.20963958136707497,False,-1.0481979068353748,-0.20963958136707497,False,False,False,False,False,False,False,False,,,,,,0.0
PAPER:TRUTHUSDT:1791031799999:SHORT,TRUTHUSDT,SHORT,0.04259979890824061,False,0.4,250,-1.8553263437999297,-0.37106526875998597,False,-1.8553263437999297,-0.37106526875998597,False,False,False,False,False,False,False,False,,,,,,0.0
PAPER:MEWUSDT:1791031799999:LONG,MEWUSDT,LONG,0.20671602640922604,False,0.4,250,-2.9316560299051333,-0.5863312059810266,False,-2.9316560299051333,-0.5863312059810266,False,False,False,False,False,False,False,False,,,,,,0.0
PAPER:ATHUSDT:1791032399999:LONG,ATHUSDT,LONG,0.9362862664506144,True,0.4,250,-1.4344200088454728,-0.28688400176909457,True,-0.25751007963085604,-0.051502015926171214,False,True,False,False,False,False,False,True,1791032661186,1791032714046,1791032714413,367,0.22946893848288255,1.1769099292146168
PAPER:PARTIUSDT:1791032699999:LONG,PARTIUSDT,LONG,0.12131849248524507,False,0.4,250,-1.6557113665605714,-0.3311422733121143,False,-1.6557113665605714,-0.3311422733121143,False,False,False,False,False,False,False,False,,,,,,0.0
PAPER:SCRUSDT:1791032699999:SHORT,SCRUSDT,SHORT,0.17458744667221668,False,0.4,250,-4.748328639463314,-0.9496657278926629,False,-4.748328639463314,-0.9496657278926629,False,False,False,False,False,False,False,False,,,,,,0.0
PAPER:FLUIDUSDT:1791032699999:LONG,FLUIDUSDT,LONG,0.40288014904572567,False,0.4,250,-1.5533450107561027,-0.3106690021512205,True,-0.04450757884675477,-0.008901515769350955,False,True,False,False,False,False,False,True,1791033021728,1791033139035,1791033144492,5457,0.3424692704963628,1.5088374319093478
PAPER:BRUSDT:1791032999999:SHORT,BRUSDT,SHORT,0.27254947442767047,False,0.4,250,-1.4411649157048976,-0.2882329831409795,False,-1.4411649157048976,-0.2882329831409795,False,False,False,False,False,False,False,False,,,,,,0.0
PAPER:TAKEUSDT:1791032999999:LONG,TAKEUSDT,LONG,0.1981648558068816,False,0.4,250,-4.45263633915979,-0.890527267831958,False,-4.45263633915979,-0.890527267831958,False,False,False,False,False,False,False,False,,,,,,0.0
PAPER:AVAUSDT:1791032999999:LONG,AVAUSDT,LONG,0.052532112366043826,False,0.4,250,-3.304734763964892,-0.6609469527929784,False,-3.304734763964892,-0.6609469527929784,False,False,False,False,False,False,False,False,,,,,,0.0
PAPER:GTCUSDT:1791032999999:LONG,GTCUSDT,LONG,0.5910414075610326,True,0.4,250,-5.389497416018015,-1.077899483203603,True,0.16011180651398932,0.03202236130279786,True,True,False,False,False,False,False,True,1791033057725,1791033062408,1791033062663,255,0.2498127249698905,5.549609222532005
PAPER:KSMUSDT:1791032999999:LONG,KSMUSDT,LONG,0.0557320840319786,False,0.4,250,-3.0776393835983287,-0.6155278767196658,False,-3.0776393835983287,-0.6155278767196658,False,False,False,False,False,False,False,False,,,,,,0.0
PAPER:ARKMUSDT:1791033599999:SHORT,ARKMUSDT,SHORT,0.056405475136281816,False,0.4,250,-2.8622419480075423,-0.5724483896015085,False,-2.8622419480075423,-0.5724483896015085,False,False,False,False,False,False,False,False,,,,,,0.0
PAPER:POWERUSDT:1791033599999:SHORT,POWERUSDT,SHORT,0.1333104729659478,False,0.4,250,-3.2520922207080236,-0.6504184441416047,False,-3.2520922207080236,-0.6504184441416047,False,False,False,False,False,False,False,False,,,,,,0.0
PAPER:IOUSDT:1791033599999:LONG,IOUSDT,LONG,0.04360451065001936,False,0.4,250,-3.8091145606756855,-0.7618229121351371,False,-3.8091145606756855,-0.7618229121351371,False,False,False,False,False,False,False,False,,,,,,0.0
PAPER:TRADOORUSDT:1791033899999:SHORT,TRADOORUSDT,SHORT,0.037861202555832515,False,0.4,250,-6.7422084359017616,-1.3484416871803524,False,-6.7422084359017616,-1.3484416871803524,False,False,False,False,False,False,False,False,,,,,,0.0
PAPER:LITUSDT:1791033899999:SHORT,LITUSDT,SHORT,0.5614579357694294,True,0.4,250,-1.1427683363038064,-0.22855366726076126,True,0.13395445610455348,0.026790891220910693,True,True,False,False,False,False,False,True,1791035296070,1791035312841,1791035314094,1253,0.2336730205463847,1.2767227924083597
PAPER:GLMUSDT:1791033899999:LONG,GLMUSDT,LONG,0.41155018572360813,False,0.4,250,-1.5272247018917282,-0.30544494037834563,True,-1.0652929707722751,-0.21305859415445502,False,True,False,False,False,False,False,True,1791034920513,1791035009121,1791035010059,938,0.21889563816850233,0.46193173111945307
PAPER:PORTALUSDT:1791033899999:LONG,PORTALUSDT,LONG,0.2034230025503403,False,0.4,250,-2.4843567110599034,-0.49687134221198065,False,-2.4843567110599034,-0.49687134221198065,False,False,False,False,False,False,False,False,,,,,,0.0
PAPER:PROMPTUSDT:1791033899999:LONG,PROMPTUSDT,LONG,0.02804821063659979,False,0.4,250,-0.9498100379923309,-0.18996200759846618,False,-0.9498100379923309,-0.18996200759846618,False,False,False,False,False,False,False,False,,,,,,0.0
PAPER:MAGMAUSDT:1791033899999:SHORT,MAGMAUSDT,SHORT,0.11747463534199344,False,0.4,250,-1.6167348982446283,-0.32334697964892567,False,-1.6167348982446283,-0.32334697964892567,False,False,False,False,False,False,False,False,,,,,,0.0
PAPER:SYRUPUSDT:1791034499999:LONG,SYRUPUSDT,LONG,0.3365032121780853,False,0.4,250,-1.7301618973079922,-0.3460323794615984,False,-1.7301618973079922,-0.3460323794615984,False,False,False,False,False,False,False,False,,,,,,0.0
PAPER:SOPHUSDT:1791034799999:LONG,SOPHUSDT,LONG,0.032486940932008324,False,0.4,250,-1.0808927650165776,-0.21617855300331554,False,-1.0808927650165776,-0.21617855300331554,False,False,False,False,False,False,False,False,,,,,,0.0
PAPER:TRBUSDT:1791034799999:LONG,TRBUSDT,LONG,0.17249534305692205,False,0.4,250,-1.1180799807020212,-0.22361599614040423,False,-1.1180799807020212,-0.22361599614040423,False,False,False,False,False,False,False,False,,,,,,0.0
PAPER:BRETTUSDT:1791034799999:LONG,BRETTUSDT,LONG,0.013901271279914695,False,0.4,250,-2.8970518364541604,-0.5794103672908321,False,-2.8970518364541604,-0.5794103672908321,False,False,False,False,False,False,False,False,,,,,,0.0
PAPER:HANAUSDT:1791034799999:SHORT,HANAUSDT,SHORT,0.39639901335803707,False,0.4,250,-4.076179984123353,-0.8152359968246706,False,-4.076179984123353,-0.8152359968246706,False,False,False,False,False,False,False,False,,,,,,0.0
PAPER:COOKIEUSDT:1791034799999:LONG,COOKIEUSDT,LONG,0.02588041584095091,False,0.4,250,-3.432422254842399,-0.6864844509684798,False,-3.432422254842399,-0.6864844509684798,False,False,False,False,False,False,False,False,,,,,,0.0
PAPER:BLURUSDT:1791035099999:LONG,BLURUSDT,LONG,0.026898935409902514,False,0.4,250,-2.1210698643572643,-0.4242139728714529,False,-2.1210698643572643,-0.4242139728714529,False,False,False,False,False,False,False,False,,,,,,0.0
PAPER:GTCUSDT:1791035399999:LONG,GTCUSDT,LONG,0.1905703102749179,False,0.4,250,0.06306476224254054,0.012612952448508108,False,0.06306476224254054,0.012612952448508108,True,False,False,False,False,False,False,False,,,,,,0.0
PAPER:BIOUSDT:1791035399999:LONG,BIOUSDT,LONG,0.04403217979522811,False,0.4,250,-2.7089125322549616,-0.5417825064509922,False,-2.7089125322549616,-0.5417825064509922,False,False,False,False,False,False,False,False,,,,,,0.0
PAPER:NILUSDT:1791035699999:SHORT,NILUSDT,SHORT,0.2057747892693691,False,0.4,250,-1.6043812094959564,-0.3208762418991913,False,-1.6043812094959564,-0.3208762418991913,False,False,False,False,False,False,False,False,,,,,,0.0
PAPER:PARTIUSDT:1791035699999:LONG,PARTIUSDT,LONG,0.38892017097602594,False,0.4,250,-0.4391503345547632,-0.08783006691095264,False,-0.4391503345547632,-0.08783006691095264,False,False,False,False,False,False,False,False,,,,,,0.0
PAPER:SIGNUSDT:1791035999999:LONG,SIGNUSDT,LONG,0.020325020332290222,False,0.4,250,-2.903522065186805,-0.580704413037361,False,-2.903522065186805,-0.580704413037361,False,False,False,False,False,False,False,False,,,,,,0.0
PAPER:FHEUSDT:1791035999999:LONG,FHEUSDT,LONG,0.07019795860405686,False,0.4,250,-1.0624453988318034,-0.2124890797663607,False,-1.0624453988318034,-0.2124890797663607,False,False,False,False,False,False,False,False,,,,,,0.0
PAPER:ENJUSDT:1791035999999:LONG,ENJUSDT,LONG,0.09842864118914108,False,0.4,250,-0.5061394517069918,-0.10122789034139837,False,-0.5061394517069918,-0.10122789034139837,False,False,False,False,False,False,False,False,,,,,,0.0
PAPER:CHILLGUYUSDT:1791036299999:SHORT,CHILLGUYUSDT,SHORT,0.29671056237814813,False,0.4,250,-1.6460776979307021,-0.3292155395861404,False,-1.6460776979307021,-0.3292155395861404,False,False,False,False,False,False,False,False,,,,,,0.0
PAPER:ZAMAUSDT:1791036299999:LONG,ZAMAUSDT,LONG,0.05344670536999718,False,0.4,250,-2.7535616422870577,-0.5507123284574116,False,-2.7535616422870577,-0.5507123284574116,False,False,False,False,False,False,False,False,,,,,,0.0
PAPER:MTLUSDT:1791036299999:SHORT,MTLUSDT,SHORT,0.392645968101903,False,0.4,250,-2.9359691162288346,-0.5871938232457669,False,-2.9359691162288346,-0.5871938232457669,False,False,False,False,False,False,False,False,,,,,,0.0
PAPER:MELANIAUSDT:1791036599999:SHORT,MELANIAUSDT,SHORT,0.11439277969808952,False,0.4,250,-2.823923833139723,-0.5647847666279447,False,-2.823923833139723,-0.5647847666279447,False,False,False,False,False,False,False,False,,,,,,0.0
PAPER:QNTUSDT:1791036599999:SHORT,QNTUSDT,SHORT,0.09206771523578838,False,0.4,250,-1.1304764324347885,-0.2260952864869577,False,-1.1304764324347885,-0.2260952864869577,False,False,False,False,False,False,False,False,,,,,,0.0
PAPER:1000000BOBUSDT:1791036899999:SHORT,1000000BOBUSDT,SHORT,0.20259244727284154,False,0.4,250,-0.9501900380075976,-0.19003800760151954,False,-0.9501900380075976,-0.19003800760151954,False,False,False,False,False,False,False,False,,,,,,0.0
PAPER:ZECUSDT:1791036899999:SHORT,ZECUSDT,SHORT,0.34743220879288866,False,0.4,250,-2.4871455712255535,-0.49742911424511066,False,-2.4871455712255535,-0.49742911424511066,False,False,False,False,False,False,False,False,,,,,,0.0
PAPER:VELVETUSDT:1791037199999:LONG,VELVETUSDT,LONG,0.16967139011807575,False,0.4,250,-2.5920327443301128,-0.5184065488660226,False,-2.5920327443301128,-0.5184065488660226,False,False,False,False,False,False,False,False,,,,,,0.0
PAPER:EVAAUSDT:1791037499999:LONG,EVAAUSDT,LONG,0.056646393986836685,False,0.4,250,-3.821169888291375,-0.7642339776582749,False,-3.821169888291375,-0.7642339776582749,False,False,False,False,False,False,False,False,,,,,,0.0
PAPER:ONEUSDT:1791037499999:LONG,ONEUSDT,LONG,0.24924997047268693,False,0.4,250,-6.076218006145115,-1.215243601229023,False,-6.076218006145115,-1.215243601229023,False,False,False,False,False,False,False,False,,,,,,0.0
PAPER:DEEPUSDT:1791037799999:LONG,DEEPUSDT,LONG,0.02104669378111268,False,0.4,250,-3.6150511995301473,-0.7230102399060295,False,-3.6150511995301473,-0.7230102399060295,False,False,False,False,False,False,False,False,,,,,,0.0
PAPER:OPUSDT:1791037799999:LONG,OPUSDT,LONG,0.26694344698652284,False,0.4,250,-2.0891271981087893,-0.4178254396217579,False,-2.0891271981087893,-0.4178254396217579,False,False,False,False,False,False,False,False,,,,,,0.0
PAPER:DRIFTUSDT:1791037799999:LONG,DRIFTUSDT,LONG,0.13110727980347736,False,0.4,250,-3.088406569315816,-0.6176813138631632,False,-3.088406569315816,-0.6176813138631632,False,False,False,False,False,False,False,False,,,,,,0.0
PAPER:ORDIUSDT:1791037799999:LONG,ORDIUSDT,LONG,0.3061675616160109,False,0.4,250,-2.7963146550767375,-0.5592629310153475,False,-2.7963146550767375,-0.5592629310153475,False,False,False,False,False,False,False,False,,,,,,0.0
PAPER:SUPERUSDT:1791038099999:LONG,SUPERUSDT,LONG,0.6513379595819213,True,0.4,250,-3.4602375064787063,-0.6920475012957413,True,-0.4627121709725316,-0.0925424341945063,False,True,False,False,False,False,False,True,1791038247859,1791038282043,1791038282309,266,0.2425368328690268,2.997525335506175
PAPER:KAIAUSDT:1791038099999:LONG,KAIAUSDT,LONG,0.006629832488891374,False,0.4,250,-3.410360241533641,-0.6820720483067282,False,-3.410360241533641,-0.6820720483067282,False,False,False,False,False,False,False,False,,,,,,0.0
PAPER:1000CATUSDT:1791038699999:LONG,1000CATUSDT,LONG,0.4267421761402934,False,0.4,250,-0.838231577321695,-0.16764631546433897,True,-0.28033927396820985,-0.05606785479364197,False,True,False,False,False,False,False,True,1791039158378,1791039255975,1791039265360,9385,0.24804690536423327,0.557892303353485
PAPER:USUSDT:1791038699999:SHORT,USUSDT,SHORT,0.48393229097455304,False,0.4,250,-0.7002546247073798,-0.14005092494147595,True,-0.08677679206127581,-0.017355358412255162,False,True,False,False,False,False,False,True,1791038784509,1791038842620,1791038842902,282,0.4566924914191514,0.6134778326461039
PAPER:哈基米USDT:1791038699999:SHORT,哈基米USDT,SHORT,0.10980781490497439,False,0.4,250,-0.6253521470030563,-0.12507042940061125,False,-0.6253521470030563,-0.12507042940061125,False,False,False,False,False,False,False,False,,,,,,0.0
PAPER:XMRUSDT:1791038699999:LONG,XMRUSDT,LONG,0.34497365381629397,False,0.4,250,-1.4191267554642937,-0.2838253510928587,False,-1.4191267554642937,-0.2838253510928587,False,False,False,False,False,False,False,False,,,,,,0.0
PAPER:NEARUSDT:1791038999999:LONG,NEARUSDT,LONG,0.2154525207140212,False,0.4,250,-3.248598645182094,-0.6497197290364188,False,-3.248598645182094,-0.6497197290364188,False,False,False,False,False,False,False,False,,,,,,0.0
PAPER:RENDERUSDT:1791038999999:LONG,RENDERUSDT,LONG,0.3777364865167332,False,0.4,250,-2.564063511265951,-0.5128127022531902,False,-2.564063511265951,-0.5128127022531902,False,False,False,False,False,False,False,False,,,,,,0.0
PAPER:AEVOUSDT:1791039299999:LONG,AEVOUSDT,LONG,0.32084492192470115,False,0.4,250,-2.7469840170223327,-0.5493968034044666,False,-2.7469840170223327,-0.5493968034044666,False,False,False,False,False,False,False,False,,,,,,0.0
PAPER:ONUSDT:1791039599999:SHORT,ONUSDT,SHORT,0.359578557077644,False,0.4,250,-0.4752610152011104,-0.09505220304022208,False,-0.4752610152011104,-0.09505220304022208,False,False,False,False,False,False,False,False,,,,,,0.0
PAPER:XVGUSDT:1791039599999:LONG,XVGUSDT,LONG,0.07237850243317911,False,0.4,250,-3.6415072428999737,-0.7283014485799947,False,-3.6415072428999737,-0.7283014485799947,False,False,False,False,False,False,False,False,,,,,,0.0
PAPER:CUSDT:1791039899999:LONG,CUSDT,LONG,1.1357841017241022,True,0.4,250,-4.815485513170761,-0.9630971026341522,True,-2.9077495643813736,-0.5815499128762747,False,True,False,False,True,True,False,True,1791041130217,1791041130217,1791041130478,261,1.135784101724093,1.9077359487893872
PAPER:龙虾USDT:1791039899999:SHORT,龙虾USDT,SHORT,0.0010972658666689283,False,0.4,250,-2.3230755803059737,-0.4646151160611947,False,-2.3230755803059737,-0.4646151160611947,False,False,False,False,False,False,False,False,,,,,,0.0
PAPER:PHAUSDT:1791039899999:SHORT,PHAUSDT,SHORT,0.5336391386070395,True,0.4,250,-1.3147750271102738,-0.26295500542205474,True,-0.43977105326381954,-0.0879542106527639,False,True,False,False,False,False,False,True,1791040049205,1791040049267,1791040050365,1098,0.16940023110230443,0.8750039738464543
PAPER:MIRAUSDT:1791040199999:SHORT,MIRAUSDT,SHORT,0.13354810666604766,False,0.4,250,-1.3344350505103577,-0.26688701010207155,False,-1.3344350505103577,-0.26688701010207155,False,False,False,False,False,False,False,False,,,,,,0.0
PAPER:MEGAUSDT:1791040199999:LONG,MEGAUSDT,LONG,0.5974185977954738,True,0.4,250,-0.07597016259568207,-0.015194032519136414,True,-0.1273725082072369,-0.025474501641447378,False,False,False,True,False,False,False,True,1791040285063,1791040288504,1791040288772,268,0.350452758357344,-0.05140234561155482
PAPER:SANDUSDT:1791040499999:LONG,SANDUSDT,LONG,0.8209450237695926,True,0.4,250,1.3474539452734347,0.26949078905468693,False,1.3474539452734347,0.26949078905468693,True,False,False,False,False,False,False,True,1791040529751,,,,,0.0
PAPER:BANUSDT:1791040499999:SHORT,BANUSDT,SHORT,0.05628890843004262,False,0.4,250,-3.0502385088000796,-0.6100477017600159,False,-3.0502385088000796,-0.6100477017600159,False,False,False,False,False,False,False,False,,,,,,0.0
PAPER:MORPHOUSDT:1791040799999:LONG,MORPHOUSDT,LONG,0.02861058304419739,False,0.4,250,-1.9210183355999124,-0.3842036671199825,False,-1.9210183355999124,-0.3842036671199825,False,False,False,False,False,False,False,False,,,,,,0.0
PAPER:BMTUSDT:1791040799999:LONG,BMTUSDT,LONG,0.302520141133078,False,0.4,250,-2.695113121192824,-0.5390226242385647,False,-2.695113121192824,-0.5390226242385647,False,False,False,False,False,False,False,False,,,,,,0.0
PAPER:TAKEUSDT:1791041099999:LONG,TAKEUSDT,LONG,0.08721294956695047,False,0.4,250,-1.523598169842145,-0.304719633968429,False,-1.523598169842145,-0.304719633968429,False,False,False,False,False,False,False,False,,,,,,0.0
PAPER:SENTUSDT:1791041099999:SHORT,SENTUSDT,SHORT,0.025708980918666427,False,0.4,250,-3.3524018731991214,-0.6704803746398242,False,-3.3524018731991214,-0.6704803746398242,False,False,False,False,False,False,False,False,,,,,,0.0
PAPER:TAKEUSDT:1791041399999:LONG,TAKEUSDT,LONG,0.17738289851521039,False,0.4,250,-2.2391385466262355,-0.4478277093252471,False,-2.2391385466262355,-0.4478277093252471,False,False,False,False,False,False,False,False,,,,,,0.0
PAPER:PHAROSUSDT:1791041999999:LONG,PHAROSUSDT,LONG,0.1184037832522078,False,0.4,250,-2.747298263215607,-0.5494596526431214,False,-2.747298263215607,-0.5494596526431214,False,False,False,False,False,False,False,False,,,,,,0.0
PAPER:AVAAIUSDT:1791042299999:LONG,AVAAIUSDT,LONG,0.5843370032250439,True,0.4,250,-1.8501523740850172,-0.37003047481700346,True,-0.7909260963289271,-0.1581852192657854,False,True,False,False,False,False,False,True,1791042459242,1791042471363,1791042471747,384,0.06482266643173494,1.0592262777560901
PAPER:INXUSDT:1791042299999:LONG,INXUSDT,LONG,0.5111944571072558,True,0.4,250,-0.949810037992343,-0.1899620075984686,True,-0.6181313463356669,-0.12362626926713338,False,True,False,False,True,False,False,True,1791042360383,1791042366242,1791042368100,1858,0.5111944571072548,0.3316786916566761
PAPER:CYSUSDT:1791042299999:SHORT,CYSUSDT,SHORT,0.04109557403234674,False,0.4,250,-2.4791307528456885,-0.4958261505691377,False,-2.4791307528456885,-0.4958261505691377,False,False,False,False,False,False,False,False,,,,,,0.0
PAPER:AKTUSDT:1791043199999:LONG,AKTUSDT,LONG,0.09885095789161635,False,0.4,250,-3.5100134635034834,-0.7020026927006967,False,-3.5100134635034834,-0.7020026927006967,False,False,False,False,False,False,False,False,,,,,,0.0
PAPER:AIOUSDT:1791043499999:LONG,AIOUSDT,LONG,0.3392750607989381,False,0.4,250,-0.05248551804010343,-0.010497103608020685,False,-0.05248551804010343,-0.010497103608020685,False,False,False,False,False,False,False,False,,,,,,0.0
PAPER:TAKEUSDT:1791030299999:LONG,TAKEUSDT,LONG,0.20078003326780003,False,0.4,500,-4.179531297998999,-0.8359062595997998,False,-4.179531297998999,-0.8359062595997998,False,False,False,False,False,False,False,False,,,,,,0.0
PAPER:C98USDT:1791030299999:SHORT,C98USDT,SHORT,0.5325927063865858,True,0.4,500,-0.33561030806532705,-0.06712206161306541,True,-0.028320443094112635,-0.005664088618822527,False,True,False,False,False,False,False,True,1791031096796,1791031097023,1791031097741,718,0.2255945357272764,0.3072898649712144
PAPER:RAYSOLUSDT:1791030299999:LONG,RAYSOLUSDT,LONG,0.3865045416249213,False,0.4,500,-4.294281797041444,-0.8588563594082889,False,-4.294281797041444,-0.8588563594082889,False,False,False,False,False,False,False,False,,,,,,0.0
PAPER:MASKUSDT:1791030299999:SHORT,MASKUSDT,SHORT,0.4782276505114329,False,0.4,500,-0.6904478264892522,-0.13808956529785044,True,-0.11901496114906857,-0.023802992229813715,False,True,False,False,False,False,False,True,1791030715759,1791030796286,1791030803342,7056,0.24987147699362647,0.5714328653401837
PAPER:2ZUSDT:1791030599999:SHORT,2ZUSDT,SHORT,0.04643975739345436,False,0.4,500,-3.1670863623565806,-0.6334172724713161,False,-3.1670863623565806,-0.6334172724713161,False,False,False,False,False,False,False,False,,,,,,0.0
PAPER:ARKUSDT:1791030599999:LONG,ARKUSDT,LONG,0.11126877469145313,False,0.4,500,-0.9498100379923222,-0.18996200759846446,False,-0.9498100379923222,-0.18996200759846446,False,False,False,False,False,False,False,False,,,,,,0.0
PAPER:ICPUSDT:1791030599999:SHORT,ICPUSDT,SHORT,0.13297856879422754,False,0.4,500,-2.251777408861963,-0.45035548177239265,False,-2.251777408861963,-0.45035548177239265,False,False,False,False,False,False,False,False,,,,,,0.0
PAPER:ALCHUSDT:1791030599999:SHORT,ALCHUSDT,SHORT,0.040601939818374046,False,0.4,500,-3.073413425363308,-0.6146826850726615,False,-3.073413425363308,-0.6146826850726615,False,False,False,False,False,False,False,False,,,,,,0.0
PAPER:1000SATSUSDT:1791030599999:SHORT,1000SATSUSDT,SHORT,0.14356100983075173,False,0.4,500,-2.382743729857922,-0.4765487459715844,False,-2.382743729857922,-0.4765487459715844,False,False,False,False,False,False,False,False,,,,,,0.0
PAPER:SPXUSDT:1791030599999:SHORT,SPXUSDT,SHORT,0.3946344312621141,False,0.4,500,-3.082995430845726,-0.6165990861691453,False,-3.082995430845726,-0.6165990861691453,False,False,False,False,False,False,False,False,,,,,,0.0
PAPER:BERAUSDT:1791030599999:SHORT,BERAUSDT,SHORT,0.02415494136355687,False,0.4,500,-2.7182260293118015,-0.5436452058623603,False,-2.7182260293118015,-0.5436452058623603,False,False,False,False,False,False,False,False,,,,,,0.0
PAPER:CLOUSDT:1791030599999:SHORT,CLOUSDT,SHORT,0.562071677187042,True,0.4,500,0.020857857313486106,0.0041715714626972215,False,0.020857857313486106,0.0041715714626972215,True,False,False,False,False,False,False,True,1791030681645,,,,,0.0
PAPER:RONINUSDT:1791030599999:SHORT,RONINUSDT,SHORT,0.4201447269727042,False,0.4,500,-0.9881699462047233,-0.19763398924094466,True,-0.1905918740652291,-0.03811837481304582,False,True,False,False,False,False,False,True,1791031377259,1791031515790,1791031534197,18407,0.17730404958078655,0.7975780721394943
PAPER:BABYUSDT:1791030599999:SHORT,BABYUSDT,SHORT,0.13108361853639602,False,0.4,500,-2.4625017903882367,-0.4925003580776473,False,-2.4625017903882367,-0.4925003580776473,False,False,False,False,False,False,False,False,,,,,,0.0
PAPER:LQTYUSDT:1791030599999:SHORT,LQTYUSDT,SHORT,0.23922711108097128,False,0.4,500,-1.1664212216092822,-0.23328424432185646,False,-1.1664212216092822,-0.23328424432185646,False,False,False,False,False,False,False,False,,,,,,0.0
PAPER:ELSAUSDT:1791030599999:SHORT,ELSAUSDT,SHORT,0.09292788177507333,False,0.4,500,-2.8341764513986663,-0.5668352902797332,False,-2.8341764513986663,-0.5668352902797332,False,False,False,False,False,False,False,False,,,,,,0.0
PAPER:LYNUSDT:1791030899999:SHORT,LYNUSDT,SHORT,0.4910471145324048,False,0.4,500,-0.2194233372221207,-0.04388466744442414,False,-0.2194233372221207,-0.04388466744442414,False,False,False,False,False,False,False,True,1791030952365,,,,,0.0
PAPER:CUSDT:1791030899999:LONG,CUSDT,LONG,0.5052576067934522,True,0.4,500,-4.734098707132696,-0.9468197414265391,True,-0.647066944461149,-0.12941338889222978,False,True,False,False,False,False,False,True,1791031009256,1791031009268,1791031009769,501,0.19212564842052743,4.087031762671547
PAPER:BATUSDT:1791030899999:SHORT,BATUSDT,SHORT,0.06560207944017078,False,0.4,500,-3.5743672405177547,-0.7148734481035509,False,-3.5743672405177547,-0.7148734481035509,False,False,False,False,False,False,False,False,,,,,,0.0
PAPER:SOLVUSDT:1791030899999:SHORT,SOLVUSDT,SHORT,0.09791630573226773,False,0.4,500,-0.3600282954492119,-0.07200565908984238,False,-0.3600282954492119,-0.07200565908984238,False,False,False,False,False,False,False,False,,,,,,0.0
PAPER:SOONUSDT:1791031199999:LONG,SOONUSDT,LONG,0.43180093380581486,False,0.4,500,-0.8170548040842363,-0.16341096081684725,True,-0.2860338684521938,-0.05720677369043876,False,True,False,False,False,False,False,True,1791031299566,1791031302721,1791031303316,595,0.1394617408256968,0.5310209356320424
PAPER:GUAUSDT:1791031199999:SHORT,GUAUSDT,SHORT,0.09482952847747854,False,0.4,500,-2.3151338684784952,-0.46302677369569906,False,-2.3151338684784952,-0.46302677369569906,False,False,False,False,False,False,False,False,,,,,,0.0
PAPER:WAXPUSDT:1791031199999:SHORT,WAXPUSDT,SHORT,0.15796753656780602,False,0.4,500,-2.1242987820307544,-0.42485975640615087,False,-2.1242987820307544,-0.42485975640615087,False,False,False,False,False,False,False,False,,,,,,0.0
PAPER:XVGUSDT:1791031199999:SHORT,XVGUSDT,SHORT,0.2963147974313368,False,0.4,500,-2.770751292099085,-0.5541502584198169,False,-2.770751292099085,-0.5541502584198169,False,False,False,False,False,False,False,False,,,,,,0.0
PAPER:BLUAIUSDT:1791031199999:SHORT,BLUAIUSDT,SHORT,0.4188883317460625,False,0.4,500,-5.699480266072115,-1.1398960532144229,True,0.17776639115775736,0.03555327823155147,True,True,False,False,False,False,False,True,1791031328826,1791031338460,1791031353058,14598,0.3951644218786969,5.877246657229872
PAPER:NILUSDT:1791031199999:LONG,NILUSDT,LONG,0.22971618806590932,False,0.4,500,-2.7020749171407723,-0.5404149834281544,False,-2.7020749171407723,-0.5404149834281544,False,False,False,False,False,False,False,False,,,,,,0.0
PAPER:LDOUSDT:1791031199999:SHORT,LDOUSDT,SHORT,0.4188727170620659,False,0.4,500,-4.903833487188899,-0.9807666974377798,True,-0.07160260485622721,-0.014320520971245443,False,True,False,False,False,False,False,True,1791031772570,1791031860776,1791031862370,1594,0.1555466863447258,4.832230882332672
PAPER:ONUSDT:1791031499999:SHORT,ONUSDT,SHORT,0.1664265751566015,False,0.4,500,-2.3497478852713356,-0.46994957705426715,False,-2.3497478852713356,-0.46994957705426715,False,False,False,False,False,False,False,False,,,,,,0.0
PAPER:CVCUSDT:1791031499999:SHORT,CVCUSDT,SHORT,0.15044590376835515,False,0.4,500,-2.485696755915584,-0.4971393511831168,False,-2.485696755915584,-0.4971393511831168,False,False,False,False,False,False,False,False,,,,,,0.0
PAPER:FOGOUSDT:1791031499999:SHORT,FOGOUSDT,SHORT,0.057127292047956295,False,0.4,500,-3.4110859982869592,-0.6822171996573918,False,-3.4110859982869592,-0.6822171996573918,False,False,False,False,False,False,False,False,,,,,,0.0
PAPER:MUSDT:1791031499999:SHORT,MUSDT,SHORT,0.1562427022849482,False,0.4,500,-1.0481979068353748,-0.20963958136707497,False,-1.0481979068353748,-0.20963958136707497,False,False,False,False,False,False,False,False,,,,,,0.0
PAPER:TRUTHUSDT:1791031799999:SHORT,TRUTHUSDT,SHORT,0.04259979890824061,False,0.4,500,-1.8553263437999297,-0.37106526875998597,False,-1.8553263437999297,-0.37106526875998597,False,False,False,False,False,False,False,False,,,,,,0.0
PAPER:MEWUSDT:1791031799999:LONG,MEWUSDT,LONG,0.20671602640922604,False,0.4,500,-2.9316560299051333,-0.5863312059810266,False,-2.9316560299051333,-0.5863312059810266,False,False,False,False,False,False,False,False,,,,,,0.0
PAPER:ATHUSDT:1791032399999:LONG,ATHUSDT,LONG,0.9362862664506144,True,0.4,500,-1.4344200088454728,-0.28688400176909457,True,-0.18828008379475863,-0.03765601675895173,False,True,False,False,False,False,False,True,1791032661186,1791032714046,1791032714625,579,0.22946893848288255,1.2461399250507141
PAPER:PARTIUSDT:1791032699999:LONG,PARTIUSDT,LONG,0.12131849248524507,False,0.4,500,-1.6557113665605714,-0.3311422733121143,False,-1.6557113665605714,-0.3311422733121143,False,False,False,False,False,False,False,False,,,,,,0.0
PAPER:SCRUSDT:1791032699999:SHORT,SCRUSDT,SHORT,0.17458744667221668,False,0.4,500,-4.748328639463314,-0.9496657278926629,False,-4.748328639463314,-0.9496657278926629,False,False,False,False,False,False,False,False,,,,,,0.0
PAPER:FLUIDUSDT:1791032699999:LONG,FLUIDUSDT,LONG,0.40288014904572567,False,0.4,500,-1.5533450107561027,-0.3106690021512205,True,-0.04450757884675477,-0.008901515769350955,False,True,False,False,False,False,False,True,1791033021728,1791033139035,1791033144492,5457,0.3424692704963628,1.5088374319093478
PAPER:BRUSDT:1791032999999:SHORT,BRUSDT,SHORT,0.27254947442767047,False,0.4,500,-1.4411649157048976,-0.2882329831409795,False,-1.4411649157048976,-0.2882329831409795,False,False,False,False,False,False,False,False,,,,,,0.0
PAPER:TAKEUSDT:1791032999999:LONG,TAKEUSDT,LONG,0.1981648558068816,False,0.4,500,-4.45263633915979,-0.890527267831958,False,-4.45263633915979,-0.890527267831958,False,False,False,False,False,False,False,False,,,,,,0.0
PAPER:AVAUSDT:1791032999999:LONG,AVAUSDT,LONG,0.052532112366043826,False,0.4,500,-3.304734763964892,-0.6609469527929784,False,-3.304734763964892,-0.6609469527929784,False,False,False,False,False,False,False,False,,,,,,0.0
PAPER:GTCUSDT:1791032999999:LONG,GTCUSDT,LONG,0.5910414075610326,True,0.4,500,-5.389497416018015,-1.077899483203603,True,-0.1966487863630241,-0.03932975727260482,False,True,False,False,False,False,False,True,1791033057725,1791033062408,1791033063367,959,0.2498127249698905,5.192848629654991
PAPER:KSMUSDT:1791032999999:LONG,KSMUSDT,LONG,0.0557320840319786,False,0.4,500,-3.0776393835983287,-0.6155278767196658,False,-3.0776393835983287,-0.6155278767196658,False,False,False,False,False,False,False,False,,,,,,0.0
PAPER:ARKMUSDT:1791033599999:SHORT,ARKMUSDT,SHORT,0.056405475136281816,False,0.4,500,-2.8622419480075423,-0.5724483896015085,False,-2.8622419480075423,-0.5724483896015085,False,False,False,False,False,False,False,False,,,,,,0.0
PAPER:POWERUSDT:1791033599999:SHORT,POWERUSDT,SHORT,0.1333104729659478,False,0.4,500,-3.2520922207080236,-0.6504184441416047,False,-3.2520922207080236,-0.6504184441416047,False,False,False,False,False,False,False,False,,,,,,0.0
PAPER:IOUSDT:1791033599999:LONG,IOUSDT,LONG,0.04360451065001936,False,0.4,500,-3.8091145606756855,-0.7618229121351371,False,-3.8091145606756855,-0.7618229121351371,False,False,False,False,False,False,False,False,,,,,,0.0
PAPER:TRADOORUSDT:1791033899999:SHORT,TRADOORUSDT,SHORT,0.037861202555832515,False,0.4,500,-6.7422084359017616,-1.3484416871803524,False,-6.7422084359017616,-1.3484416871803524,False,False,False,False,False,False,False,False,,,,,,0.0
PAPER:LITUSDT:1791033899999:SHORT,LITUSDT,SHORT,0.5614579357694294,True,0.4,500,-1.1427683363038064,-0.22855366726076126,True,0.13395445610455348,0.026790891220910693,True,True,False,False,False,False,False,True,1791035296070,1791035312841,1791035314094,1253,0.2336730205463847,1.2767227924083597
PAPER:GLMUSDT:1791033899999:LONG,GLMUSDT,LONG,0.41155018572360813,False,0.4,500,-1.5272247018917282,-0.30544494037834563,True,-1.0652929707722751,-0.21305859415445502,False,True,False,False,False,False,False,True,1791034920513,1791035009121,1791035010059,938,0.21889563816850233,0.46193173111945307
PAPER:PORTALUSDT:1791033899999:LONG,PORTALUSDT,LONG,0.2034230025503403,False,0.4,500,-2.4843567110599034,-0.49687134221198065,False,-2.4843567110599034,-0.49687134221198065,False,False,False,False,False,False,False,False,,,,,,0.0
PAPER:PROMPTUSDT:1791033899999:LONG,PROMPTUSDT,LONG,0.02804821063659979,False,0.4,500,-0.9498100379923309,-0.18996200759846618,False,-0.9498100379923309,-0.18996200759846618,False,False,False,False,False,False,False,False,,,,,,0.0
PAPER:MAGMAUSDT:1791033899999:SHORT,MAGMAUSDT,SHORT,0.11747463534199344,False,0.4,500,-1.6167348982446283,-0.32334697964892567,False,-1.6167348982446283,-0.32334697964892567,False,False,False,False,False,False,False,False,,,,,,0.0
PAPER:SYRUPUSDT:1791034499999:LONG,SYRUPUSDT,LONG,0.3365032121780853,False,0.4,500,-1.7301618973079922,-0.3460323794615984,False,-1.7301618973079922,-0.3460323794615984,False,False,False,False,False,False,False,False,,,,,,0.0
PAPER:SOPHUSDT:1791034799999:LONG,SOPHUSDT,LONG,0.032486940932008324,False,0.4,500,-1.0808927650165776,-0.21617855300331554,False,-1.0808927650165776,-0.21617855300331554,False,False,False,False,False,False,False,False,,,,,,0.0
PAPER:TRBUSDT:1791034799999:LONG,TRBUSDT,LONG,0.17249534305692205,False,0.4,500,-1.1180799807020212,-0.22361599614040423,False,-1.1180799807020212,-0.22361599614040423,False,False,False,False,False,False,False,False,,,,,,0.0
PAPER:BRETTUSDT:1791034799999:LONG,BRETTUSDT,LONG,0.013901271279914695,False,0.4,500,-2.8970518364541604,-0.5794103672908321,False,-2.8970518364541604,-0.5794103672908321,False,False,False,False,False,False,False,False,,,,,,0.0
PAPER:HANAUSDT:1791034799999:SHORT,HANAUSDT,SHORT,0.39639901335803707,False,0.4,500,-4.076179984123353,-0.8152359968246706,False,-4.076179984123353,-0.8152359968246706,False,False,False,False,False,False,False,False,,,,,,0.0
PAPER:COOKIEUSDT:1791034799999:LONG,COOKIEUSDT,LONG,0.02588041584095091,False,0.4,500,-3.432422254842399,-0.6864844509684798,False,-3.432422254842399,-0.6864844509684798,False,False,False,False,False,False,False,False,,,,,,0.0
PAPER:BLURUSDT:1791035099999:LONG,BLURUSDT,LONG,0.026898935409902514,False,0.4,500,-2.1210698643572643,-0.4242139728714529,False,-2.1210698643572643,-0.4242139728714529,False,False,False,False,False,False,False,False,,,,,,0.0
PAPER:GTCUSDT:1791035399999:LONG,GTCUSDT,LONG,0.1905703102749179,False,0.4,500,0.06306476224254054,0.012612952448508108,False,0.06306476224254054,0.012612952448508108,True,False,False,False,False,False,False,False,,,,,,0.0
PAPER:BIOUSDT:1791035399999:LONG,BIOUSDT,LONG,0.04403217979522811,False,0.4,500,-2.7089125322549616,-0.5417825064509922,False,-2.7089125322549616,-0.5417825064509922,False,False,False,False,False,False,False,False,,,,,,0.0
PAPER:NILUSDT:1791035699999:SHORT,NILUSDT,SHORT,0.2057747892693691,False,0.4,500,-1.6043812094959564,-0.3208762418991913,False,-1.6043812094959564,-0.3208762418991913,False,False,False,False,False,False,False,False,,,,,,0.0
PAPER:PARTIUSDT:1791035699999:LONG,PARTIUSDT,LONG,0.38892017097602594,False,0.4,500,-0.4391503345547632,-0.08783006691095264,False,-0.4391503345547632,-0.08783006691095264,False,False,False,False,False,False,False,False,,,,,,0.0
PAPER:SIGNUSDT:1791035999999:LONG,SIGNUSDT,LONG,0.020325020332290222,False,0.4,500,-2.903522065186805,-0.580704413037361,False,-2.903522065186805,-0.580704413037361,False,False,False,False,False,False,False,False,,,,,,0.0
PAPER:FHEUSDT:1791035999999:LONG,FHEUSDT,LONG,0.07019795860405686,False,0.4,500,-1.0624453988318034,-0.2124890797663607,False,-1.0624453988318034,-0.2124890797663607,False,False,False,False,False,False,False,False,,,,,,0.0
PAPER:ENJUSDT:1791035999999:LONG,ENJUSDT,LONG,0.09842864118914108,False,0.4,500,-0.5061394517069918,-0.10122789034139837,False,-0.5061394517069918,-0.10122789034139837,False,False,False,False,False,False,False,False,,,,,,0.0
PAPER:CHILLGUYUSDT:1791036299999:SHORT,CHILLGUYUSDT,SHORT,0.29671056237814813,False,0.4,500,-1.6460776979307021,-0.3292155395861404,False,-1.6460776979307021,-0.3292155395861404,False,False,False,False,False,False,False,False,,,,,,0.0
PAPER:ZAMAUSDT:1791036299999:LONG,ZAMAUSDT,LONG,0.05344670536999718,False,0.4,500,-2.7535616422870577,-0.5507123284574116,False,-2.7535616422870577,-0.5507123284574116,False,False,False,False,False,False,False,False,,,,,,0.0
PAPER:MTLUSDT:1791036299999:SHORT,MTLUSDT,SHORT,0.392645968101903,False,0.4,500,-2.9359691162288346,-0.5871938232457669,False,-2.9359691162288346,-0.5871938232457669,False,False,False,False,False,False,False,False,,,,,,0.0
PAPER:MELANIAUSDT:1791036599999:SHORT,MELANIAUSDT,SHORT,0.11439277969808952,False,0.4,500,-2.823923833139723,-0.5647847666279447,False,-2.823923833139723,-0.5647847666279447,False,False,False,False,False,False,False,False,,,,,,0.0
PAPER:QNTUSDT:1791036599999:SHORT,QNTUSDT,SHORT,0.09206771523578838,False,0.4,500,-1.1304764324347885,-0.2260952864869577,False,-1.1304764324347885,-0.2260952864869577,False,False,False,False,False,False,False,False,,,,,,0.0
PAPER:1000000BOBUSDT:1791036899999:SHORT,1000000BOBUSDT,SHORT,0.20259244727284154,False,0.4,500,-0.9501900380075976,-0.19003800760151954,False,-0.9501900380075976,-0.19003800760151954,False,False,False,False,False,False,False,False,,,,,,0.0
PAPER:ZECUSDT:1791036899999:SHORT,ZECUSDT,SHORT,0.34743220879288866,False,0.4,500,-2.4871455712255535,-0.49742911424511066,False,-2.4871455712255535,-0.49742911424511066,False,False,False,False,False,False,False,False,,,,,,0.0
PAPER:VELVETUSDT:1791037199999:LONG,VELVETUSDT,LONG,0.16967139011807575,False,0.4,500,-2.5920327443301128,-0.5184065488660226,False,-2.5920327443301128,-0.5184065488660226,False,False,False,False,False,False,False,False,,,,,,0.0
PAPER:EVAAUSDT:1791037499999:LONG,EVAAUSDT,LONG,0.056646393986836685,False,0.4,500,-3.821169888291375,-0.7642339776582749,False,-3.821169888291375,-0.7642339776582749,False,False,False,False,False,False,False,False,,,,,,0.0
PAPER:ONEUSDT:1791037499999:LONG,ONEUSDT,LONG,0.24924997047268693,False,0.4,500,-6.076218006145115,-1.215243601229023,False,-6.076218006145115,-1.215243601229023,False,False,False,False,False,False,False,False,,,,,,0.0
PAPER:DEEPUSDT:1791037799999:LONG,DEEPUSDT,LONG,0.02104669378111268,False,0.4,500,-3.6150511995301473,-0.7230102399060295,False,-3.6150511995301473,-0.7230102399060295,False,False,False,False,False,False,False,False,,,,,,0.0
PAPER:OPUSDT:1791037799999:LONG,OPUSDT,LONG,0.26694344698652284,False,0.4,500,-2.0891271981087893,-0.4178254396217579,False,-2.0891271981087893,-0.4178254396217579,False,False,False,False,False,False,False,False,,,,,,0.0
PAPER:DRIFTUSDT:1791037799999:LONG,DRIFTUSDT,LONG,0.13110727980347736,False,0.4,500,-3.088406569315816,-0.6176813138631632,False,-3.088406569315816,-0.6176813138631632,False,False,False,False,False,False,False,False,,,,,,0.0
PAPER:ORDIUSDT:1791037799999:LONG,ORDIUSDT,LONG,0.3061675616160109,False,0.4,500,-2.7963146550767375,-0.5592629310153475,False,-2.7963146550767375,-0.5592629310153475,False,False,False,False,False,False,False,False,,,,,,0.0
PAPER:SUPERUSDT:1791038099999:LONG,SUPERUSDT,LONG,0.6513379595819213,True,0.4,500,-3.4602375064787063,-0.6920475012957413,True,-0.18169417076883743,-0.036338834153767485,False,True,False,False,False,False,False,True,1791038247859,1791038282043,1791038282555,512,0.2425368328690268,3.2785433357098688
PAPER:KAIAUSDT:1791038099999:LONG,KAIAUSDT,LONG,0.006629832488891374,False,0.4,500,-3.410360241533641,-0.6820720483067282,False,-3.410360241533641,-0.6820720483067282,False,False,False,False,False,False,False,False,,,,,,0.0
PAPER:1000CATUSDT:1791038699999:LONG,1000CATUSDT,LONG,0.4267421761402934,False,0.4,500,-0.838231577321695,-0.16764631546433897,True,-0.28033927396820985,-0.05606785479364197,False,True,False,False,False,False,False,True,1791039158378,1791039255975,1791039265360,9385,0.24804690536423327,0.557892303353485
PAPER:USUSDT:1791038699999:SHORT,USUSDT,SHORT,0.48393229097455304,False,0.4,500,-0.7002546247073798,-0.14005092494147595,True,-0.15494099568863384,-0.030988199137726765,False,True,False,False,False,False,False,True,1791038784509,1791038842620,1791038843648,1028,0.4566924914191514,0.5453136290187459
PAPER:哈基米USDT:1791038699999:SHORT,哈基米USDT,SHORT,0.10980781490497439,False,0.4,500,-0.6253521470030563,-0.12507042940061125,False,-0.6253521470030563,-0.12507042940061125,False,False,False,False,False,False,False,False,,,,,,0.0
PAPER:XMRUSDT:1791038699999:LONG,XMRUSDT,LONG,0.34497365381629397,False,0.4,500,-1.4191267554642937,-0.2838253510928587,False,-1.4191267554642937,-0.2838253510928587,False,False,False,False,False,False,False,False,,,,,,0.0
PAPER:NEARUSDT:1791038999999:LONG,NEARUSDT,LONG,0.2154525207140212,False,0.4,500,-3.248598645182094,-0.6497197290364188,False,-3.248598645182094,-0.6497197290364188,False,False,False,False,False,False,False,False,,,,,,0.0
PAPER:RENDERUSDT:1791038999999:LONG,RENDERUSDT,LONG,0.3777364865167332,False,0.4,500,-2.564063511265951,-0.5128127022531902,False,-2.564063511265951,-0.5128127022531902,False,False,False,False,False,False,False,False,,,,,,0.0
PAPER:AEVOUSDT:1791039299999:LONG,AEVOUSDT,LONG,0.32084492192470115,False,0.4,500,-2.7469840170223327,-0.5493968034044666,False,-2.7469840170223327,-0.5493968034044666,False,False,False,False,False,False,False,False,,,,,,0.0
PAPER:ONUSDT:1791039599999:SHORT,ONUSDT,SHORT,0.359578557077644,False,0.4,500,-0.4752610152011104,-0.09505220304022208,False,-0.4752610152011104,-0.09505220304022208,False,False,False,False,False,False,False,False,,,,,,0.0
PAPER:XVGUSDT:1791039599999:LONG,XVGUSDT,LONG,0.07237850243317911,False,0.4,500,-3.6415072428999737,-0.7283014485799947,False,-3.6415072428999737,-0.7283014485799947,False,False,False,False,False,False,False,False,,,,,,0.0
PAPER:CUSDT:1791039899999:LONG,CUSDT,LONG,1.1357841017241022,True,0.4,500,-4.815485513170761,-0.9630971026341522,True,-3.208971029979674,-0.6417942059959348,False,True,False,False,True,True,False,True,1791041130217,1791041130217,1791041130795,578,1.135784101724093,1.606514483191087
PAPER:龙虾USDT:1791039899999:SHORT,龙虾USDT,SHORT,0.0010972658666689283,False,0.4,500,-2.3230755803059737,-0.4646151160611947,False,-2.3230755803059737,-0.4646151160611947,False,False,False,False,False,False,False,False,,,,,,0.0
PAPER:PHAUSDT:1791039899999:SHORT,PHAUSDT,SHORT,0.5336391386070395,True,0.4,500,-1.3147750271102738,-0.26295500542205474,True,-0.43977105326381954,-0.0879542106527639,False,True,False,False,False,False,False,True,1791040049205,1791040049267,1791040050365,1098,0.16940023110230443,0.8750039738464543
PAPER:MIRAUSDT:1791040199999:SHORT,MIRAUSDT,SHORT,0.13354810666604766,False,0.4,500,-1.3344350505103577,-0.26688701010207155,False,-1.3344350505103577,-0.26688701010207155,False,False,False,False,False,False,False,False,,,,,,0.0
PAPER:MEGAUSDT:1791040199999:LONG,MEGAUSDT,LONG,0.5974185977954738,True,0.4,500,-0.07597016259568207,-0.015194032519136414,True,0.07823687423905366,0.015647374847810733,True,True,False,False,False,False,False,True,1791040285063,1791040288504,1791040289283,779,0.350452758357344,0.15420703683473574
PAPER:SANDUSDT:1791040499999:LONG,SANDUSDT,LONG,0.8209450237695926,True,0.4,500,1.3474539452734347,0.26949078905468693,False,1.3474539452734347,0.26949078905468693,True,False,False,False,False,False,False,True,1791040529751,,,,,0.0
PAPER:BANUSDT:1791040499999:SHORT,BANUSDT,SHORT,0.05628890843004262,False,0.4,500,-3.0502385088000796,-0.6100477017600159,False,-3.0502385088000796,-0.6100477017600159,False,False,False,False,False,False,False,False,,,,,,0.0
PAPER:MORPHOUSDT:1791040799999:LONG,MORPHOUSDT,LONG,0.02861058304419739,False,0.4,500,-1.9210183355999124,-0.3842036671199825,False,-1.9210183355999124,-0.3842036671199825,False,False,False,False,False,False,False,False,,,,,,0.0
PAPER:BMTUSDT:1791040799999:LONG,BMTUSDT,LONG,0.302520141133078,False,0.4,500,-2.695113121192824,-0.5390226242385647,False,-2.695113121192824,-0.5390226242385647,False,False,False,False,False,False,False,False,,,,,,0.0
PAPER:TAKEUSDT:1791041099999:LONG,TAKEUSDT,LONG,0.08721294956695047,False,0.4,500,-1.523598169842145,-0.304719633968429,False,-1.523598169842145,-0.304719633968429,False,False,False,False,False,False,False,False,,,,,,0.0
PAPER:SENTUSDT:1791041099999:SHORT,SENTUSDT,SHORT,0.025708980918666427,False,0.4,500,-3.3524018731991214,-0.6704803746398242,False,-3.3524018731991214,-0.6704803746398242,False,False,False,False,False,False,False,False,,,,,,0.0
PAPER:TAKEUSDT:1791041399999:LONG,TAKEUSDT,LONG,0.17738289851521039,False,0.4,500,-2.2391385466262355,-0.4478277093252471,False,-2.2391385466262355,-0.4478277093252471,False,False,False,False,False,False,False,False,,,,,,0.0
PAPER:PHAROSUSDT:1791041999999:LONG,PHAROSUSDT,LONG,0.1184037832522078,False,0.4,500,-2.747298263215607,-0.5494596526431214,False,-2.747298263215607,-0.5494596526431214,False,False,False,False,False,False,False,False,,,,,,0.0
PAPER:AVAAIUSDT:1791042299999:LONG,AVAAIUSDT,LONG,0.5843370032250439,True,0.4,500,-1.8501523740850172,-0.37003047481700346,True,-1.0027713518801633,-0.20055427037603266,False,True,False,False,False,False,False,True,1791042459242,1791042471363,1791042472973,1610,0.06482266643173494,0.8473810222048539
PAPER:INXUSDT:1791042299999:LONG,INXUSDT,LONG,0.5111944571072558,True,0.4,500,-0.949810037992343,-0.1899620075984686,True,-0.6181313463356669,-0.12362626926713338,False,True,False,False,True,False,False,True,1791042360383,1791042366242,1791042368100,1858,0.5111944571072548,0.3316786916566761
PAPER:CYSUSDT:1791042299999:SHORT,CYSUSDT,SHORT,0.04109557403234674,False,0.4,500,-2.4791307528456885,-0.4958261505691377,False,-2.4791307528456885,-0.4958261505691377,False,False,False,False,False,False,False,False,,,,,,0.0
PAPER:AKTUSDT:1791043199999:LONG,AKTUSDT,LONG,0.09885095789161635,False,0.4,500,-3.5100134635034834,-0.7020026927006967,False,-3.5100134635034834,-0.7020026927006967,False,False,False,False,False,False,False,False,,,,,,0.0
PAPER:AIOUSDT:1791043499999:LONG,AIOUSDT,LONG,0.3392750607989381,False,0.4,500,-0.05248551804010343,-0.010497103608020685,False,-0.05248551804010343,-0.010497103608020685,False,False,False,False,False,False,False,False,,,,,,0.0
PAPER:TAKEUSDT:1791030299999:LONG,TAKEUSDT,LONG,0.20078003326780003,False,0.4,1000,-4.179531297998999,-0.8359062595997998,False,-4.179531297998999,-0.8359062595997998,False,False,False,False,False,False,False,False,,,,,,0.0
PAPER:C98USDT:1791030299999:SHORT,C98USDT,SHORT,0.5325927063865858,True,0.4,1000,-0.33561030806532705,-0.06712206161306541,True,-0.028320443094112635,-0.005664088618822527,False,True,False,False,False,False,False,True,1791031096796,1791031097023,1791031098714,1691,0.2255945357272764,0.3072898649712144
PAPER:RAYSOLUSDT:1791030299999:LONG,RAYSOLUSDT,LONG,0.3865045416249213,False,0.4,1000,-4.294281797041444,-0.8588563594082889,False,-4.294281797041444,-0.8588563594082889,False,False,False,False,False,False,False,False,,,,,,0.0
PAPER:MASKUSDT:1791030299999:SHORT,MASKUSDT,SHORT,0.4782276505114329,False,0.4,1000,-0.6904478264892522,-0.13808956529785044,True,-0.11901496114906857,-0.023802992229813715,False,True,False,False,False,False,False,True,1791030715759,1791030796286,1791030803342,7056,0.24987147699362647,0.5714328653401837
PAPER:2ZUSDT:1791030599999:SHORT,2ZUSDT,SHORT,0.04643975739345436,False,0.4,1000,-3.1670863623565806,-0.6334172724713161,False,-3.1670863623565806,-0.6334172724713161,False,False,False,False,False,False,False,False,,,,,,0.0
PAPER:ARKUSDT:1791030599999:LONG,ARKUSDT,LONG,0.11126877469145313,False,0.4,1000,-0.9498100379923222,-0.18996200759846446,False,-0.9498100379923222,-0.18996200759846446,False,False,False,False,False,False,False,False,,,,,,0.0
PAPER:ICPUSDT:1791030599999:SHORT,ICPUSDT,SHORT,0.13297856879422754,False,0.4,1000,-2.251777408861963,-0.45035548177239265,False,-2.251777408861963,-0.45035548177239265,False,False,False,False,False,False,False,False,,,,,,0.0
PAPER:ALCHUSDT:1791030599999:SHORT,ALCHUSDT,SHORT,0.040601939818374046,False,0.4,1000,-3.073413425363308,-0.6146826850726615,False,-3.073413425363308,-0.6146826850726615,False,False,False,False,False,False,False,False,,,,,,0.0
PAPER:1000SATSUSDT:1791030599999:SHORT,1000SATSUSDT,SHORT,0.14356100983075173,False,0.4,1000,-2.382743729857922,-0.4765487459715844,False,-2.382743729857922,-0.4765487459715844,False,False,False,False,False,False,False,False,,,,,,0.0
PAPER:SPXUSDT:1791030599999:SHORT,SPXUSDT,SHORT,0.3946344312621141,False,0.4,1000,-3.082995430845726,-0.6165990861691453,False,-3.082995430845726,-0.6165990861691453,False,False,False,False,False,False,False,False,,,,,,0.0
PAPER:BERAUSDT:1791030599999:SHORT,BERAUSDT,SHORT,0.02415494136355687,False,0.4,1000,-2.7182260293118015,-0.5436452058623603,False,-2.7182260293118015,-0.5436452058623603,False,False,False,False,False,False,False,False,,,,,,0.0
PAPER:CLOUSDT:1791030599999:SHORT,CLOUSDT,SHORT,0.562071677187042,True,0.4,1000,0.020857857313486106,0.0041715714626972215,False,0.020857857313486106,0.0041715714626972215,True,False,False,False,False,False,False,True,1791030681645,,,,,0.0
PAPER:RONINUSDT:1791030599999:SHORT,RONINUSDT,SHORT,0.4201447269727042,False,0.4,1000,-0.9881699462047233,-0.19763398924094466,True,-0.1905918740652291,-0.03811837481304582,False,True,False,False,False,False,False,True,1791031377259,1791031515790,1791031534197,18407,0.17730404958078655,0.7975780721394943
PAPER:BABYUSDT:1791030599999:SHORT,BABYUSDT,SHORT,0.13108361853639602,False,0.4,1000,-2.4625017903882367,-0.4925003580776473,False,-2.4625017903882367,-0.4925003580776473,False,False,False,False,False,False,False,False,,,,,,0.0
PAPER:LQTYUSDT:1791030599999:SHORT,LQTYUSDT,SHORT,0.23922711108097128,False,0.4,1000,-1.1664212216092822,-0.23328424432185646,False,-1.1664212216092822,-0.23328424432185646,False,False,False,False,False,False,False,False,,,,,,0.0
PAPER:ELSAUSDT:1791030599999:SHORT,ELSAUSDT,SHORT,0.09292788177507333,False,0.4,1000,-2.8341764513986663,-0.5668352902797332,False,-2.8341764513986663,-0.5668352902797332,False,False,False,False,False,False,False,False,,,,,,0.0
PAPER:LYNUSDT:1791030899999:SHORT,LYNUSDT,SHORT,0.4910471145324048,False,0.4,1000,-0.2194233372221207,-0.04388466744442414,False,-0.2194233372221207,-0.04388466744442414,False,False,False,False,False,False,False,True,1791030952365,,,,,0.0
PAPER:CUSDT:1791030899999:LONG,CUSDT,LONG,0.5052576067934522,True,0.4,1000,-4.734098707132696,-0.9468197414265391,True,-0.899352855737237,-0.1798705711474474,False,True,False,False,False,False,False,True,1791031009256,1791031009268,1791031010345,1077,0.19212564842052743,3.834745851395459
PAPER:BATUSDT:1791030899999:SHORT,BATUSDT,SHORT,0.06560207944017078,False,0.4,1000,-3.5743672405177547,-0.7148734481035509,False,-3.5743672405177547,-0.7148734481035509,False,False,False,False,False,False,False,False,,,,,,0.0
PAPER:SOLVUSDT:1791030899999:SHORT,SOLVUSDT,SHORT,0.09791630573226773,False,0.4,1000,-0.3600282954492119,-0.07200565908984238,False,-0.3600282954492119,-0.07200565908984238,False,False,False,False,False,False,False,False,,,,,,0.0
PAPER:SOONUSDT:1791031199999:LONG,SOONUSDT,LONG,0.43180093380581486,False,0.4,1000,-0.8170548040842363,-0.16341096081684725,True,-0.41878910236022276,-0.08375782047204455,False,True,False,False,False,False,False,True,1791031299566,1791031302721,1791031304729,2008,0.1394617408256968,0.3982657017240135
PAPER:GUAUSDT:1791031199999:SHORT,GUAUSDT,SHORT,0.09482952847747854,False,0.4,1000,-2.3151338684784952,-0.46302677369569906,False,-2.3151338684784952,-0.46302677369569906,False,False,False,False,False,False,False,False,,,,,,0.0
PAPER:WAXPUSDT:1791031199999:SHORT,WAXPUSDT,SHORT,0.15796753656780602,False,0.4,1000,-2.1242987820307544,-0.42485975640615087,False,-2.1242987820307544,-0.42485975640615087,False,False,False,False,False,False,False,False,,,,,,0.0
PAPER:XVGUSDT:1791031199999:SHORT,XVGUSDT,SHORT,0.2963147974313368,False,0.4,1000,-2.770751292099085,-0.5541502584198169,False,-2.770751292099085,-0.5541502584198169,False,False,False,False,False,False,False,False,,,,,,0.0
PAPER:BLUAIUSDT:1791031199999:SHORT,BLUAIUSDT,SHORT,0.4188883317460625,False,0.4,1000,-5.699480266072115,-1.1398960532144229,True,0.17776639115775736,0.03555327823155147,True,True,False,False,False,False,False,True,1791031328826,1791031338460,1791031353058,14598,0.3951644218786969,5.877246657229872
PAPER:NILUSDT:1791031199999:LONG,NILUSDT,LONG,0.22971618806590932,False,0.4,1000,-2.7020749171407723,-0.5404149834281544,False,-2.7020749171407723,-0.5404149834281544,False,False,False,False,False,False,False,False,,,,,,0.0
PAPER:LDOUSDT:1791031199999:SHORT,LDOUSDT,SHORT,0.4188727170620659,False,0.4,1000,-4.903833487188899,-0.9807666974377798,True,-0.07160260485622721,-0.014320520971245443,False,True,False,False,False,False,False,True,1791031772570,1791031860776,1791031862370,1594,0.1555466863447258,4.832230882332672
PAPER:ONUSDT:1791031499999:SHORT,ONUSDT,SHORT,0.1664265751566015,False,0.4,1000,-2.3497478852713356,-0.46994957705426715,False,-2.3497478852713356,-0.46994957705426715,False,False,False,False,False,False,False,False,,,,,,0.0
PAPER:CVCUSDT:1791031499999:SHORT,CVCUSDT,SHORT,0.15044590376835515,False,0.4,1000,-2.485696755915584,-0.4971393511831168,False,-2.485696755915584,-0.4971393511831168,False,False,False,False,False,False,False,False,,,,,,0.0
PAPER:FOGOUSDT:1791031499999:SHORT,FOGOUSDT,SHORT,0.057127292047956295,False,0.4,1000,-3.4110859982869592,-0.6822171996573918,False,-3.4110859982869592,-0.6822171996573918,False,False,False,False,False,False,False,False,,,,,,0.0
PAPER:MUSDT:1791031499999:SHORT,MUSDT,SHORT,0.1562427022849482,False,0.4,1000,-1.0481979068353748,-0.20963958136707497,False,-1.0481979068353748,-0.20963958136707497,False,False,False,False,False,False,False,False,,,,,,0.0
PAPER:TRUTHUSDT:1791031799999:SHORT,TRUTHUSDT,SHORT,0.04259979890824061,False,0.4,1000,-1.8553263437999297,-0.37106526875998597,False,-1.8553263437999297,-0.37106526875998597,False,False,False,False,False,False,False,False,,,,,,0.0
PAPER:MEWUSDT:1791031799999:LONG,MEWUSDT,LONG,0.20671602640922604,False,0.4,1000,-2.9316560299051333,-0.5863312059810266,False,-2.9316560299051333,-0.5863312059810266,False,False,False,False,False,False,False,False,,,,,,0.0
PAPER:ATHUSDT:1791032399999:LONG,ATHUSDT,LONG,0.9362862664506144,True,0.4,1000,-1.4344200088454728,-0.28688400176909457,True,-0.11905008795860116,-0.02381001759172023,False,True,False,False,False,False,False,True,1791032661186,1791032714046,1791032715423,1377,0.22946893848288255,1.3153699208868717
PAPER:PARTIUSDT:1791032699999:LONG,PARTIUSDT,LONG,0.12131849248524507,False,0.4,1000,-1.6557113665605714,-0.3311422733121143,False,-1.6557113665605714,-0.3311422733121143,False,False,False,False,False,False,False,False,,,,,,0.0
PAPER:SCRUSDT:1791032699999:SHORT,SCRUSDT,SHORT,0.17458744667221668,False,0.4,1000,-4.748328639463314,-0.9496657278926629,False,-4.748328639463314,-0.9496657278926629,False,False,False,False,False,False,False,False,,,,,,0.0
PAPER:FLUIDUSDT:1791032699999:LONG,FLUIDUSDT,LONG,0.40288014904572567,False,0.4,1000,-1.5533450107561027,-0.3106690021512205,True,-0.04450757884675477,-0.008901515769350955,False,True,False,False,False,False,False,True,1791033021728,1791033139035,1791033144492,5457,0.3424692704963628,1.5088374319093478
PAPER:BRUSDT:1791032999999:SHORT,BRUSDT,SHORT,0.27254947442767047,False,0.4,1000,-1.4411649157048976,-0.2882329831409795,False,-1.4411649157048976,-0.2882329831409795,False,False,False,False,False,False,False,False,,,,,,0.0
PAPER:TAKEUSDT:1791032999999:LONG,TAKEUSDT,LONG,0.1981648558068816,False,0.4,1000,-4.45263633915979,-0.890527267831958,False,-4.45263633915979,-0.890527267831958,False,False,False,False,False,False,False,False,,,,,,0.0
PAPER:AVAUSDT:1791032999999:LONG,AVAUSDT,LONG,0.052532112366043826,False,0.4,1000,-3.304734763964892,-0.6609469527929784,False,-3.304734763964892,-0.6609469527929784,False,False,False,False,False,False,False,False,,,,,,0.0
PAPER:GTCUSDT:1791032999999:LONG,GTCUSDT,LONG,0.5910414075610326,True,0.4,1000,-5.389497416018015,-1.077899483203603,True,-0.39484911573916714,-0.07896982314783342,False,True,False,False,False,False,False,True,1791033057725,1791033062408,1791033063483,1075,0.2498127249698905,4.994648300278848
PAPER:KSMUSDT:1791032999999:LONG,KSMUSDT,LONG,0.0557320840319786,False,0.4,1000,-3.0776393835983287,-0.6155278767196658,False,-3.0776393835983287,-0.6155278767196658,False,False,False,False,False,False,False,False,,,,,,0.0
PAPER:ARKMUSDT:1791033599999:SHORT,ARKMUSDT,SHORT,0.056405475136281816,False,0.4,1000,-2.8622419480075423,-0.5724483896015085,False,-2.8622419480075423,-0.5724483896015085,False,False,False,False,False,False,False,False,,,,,,0.0
PAPER:POWERUSDT:1791033599999:SHORT,POWERUSDT,SHORT,0.1333104729659478,False,0.4,1000,-3.2520922207080236,-0.6504184441416047,False,-3.2520922207080236,-0.6504184441416047,False,False,False,False,False,False,False,False,,,,,,0.0
PAPER:IOUSDT:1791033599999:LONG,IOUSDT,LONG,0.04360451065001936,False,0.4,1000,-3.8091145606756855,-0.7618229121351371,False,-3.8091145606756855,-0.7618229121351371,False,False,False,False,False,False,False,False,,,,,,0.0
PAPER:TRADOORUSDT:1791033899999:SHORT,TRADOORUSDT,SHORT,0.037861202555832515,False,0.4,1000,-6.7422084359017616,-1.3484416871803524,False,-6.7422084359017616,-1.3484416871803524,False,False,False,False,False,False,False,False,,,,,,0.0
PAPER:LITUSDT:1791033899999:SHORT,LITUSDT,SHORT,0.5614579357694294,True,0.4,1000,-1.1427683363038064,-0.22855366726076126,True,0.13395445610455348,0.026790891220910693,True,True,False,False,False,False,False,True,1791035296070,1791035312841,1791035314094,1253,0.2336730205463847,1.2767227924083597
PAPER:GLMUSDT:1791033899999:LONG,GLMUSDT,LONG,0.41155018572360813,False,0.4,1000,-1.5272247018917282,-0.30544494037834563,True,-1.0652929707722751,-0.21305859415445502,False,True,False,False,False,False,False,True,1791034920513,1791035009121,1791035010238,1117,0.21889563816850233,0.46193173111945307
PAPER:PORTALUSDT:1791033899999:LONG,PORTALUSDT,LONG,0.2034230025503403,False,0.4,1000,-2.4843567110599034,-0.49687134221198065,False,-2.4843567110599034,-0.49687134221198065,False,False,False,False,False,False,False,False,,,,,,0.0
PAPER:PROMPTUSDT:1791033899999:LONG,PROMPTUSDT,LONG,0.02804821063659979,False,0.4,1000,-0.9498100379923309,-0.18996200759846618,False,-0.9498100379923309,-0.18996200759846618,False,False,False,False,False,False,False,False,,,,,,0.0
PAPER:MAGMAUSDT:1791033899999:SHORT,MAGMAUSDT,SHORT,0.11747463534199344,False,0.4,1000,-1.6167348982446283,-0.32334697964892567,False,-1.6167348982446283,-0.32334697964892567,False,False,False,False,False,False,False,False,,,,,,0.0
PAPER:SYRUPUSDT:1791034499999:LONG,SYRUPUSDT,LONG,0.3365032121780853,False,0.4,1000,-1.7301618973079922,-0.3460323794615984,False,-1.7301618973079922,-0.3460323794615984,False,False,False,False,False,False,False,False,,,,,,0.0
PAPER:SOPHUSDT:1791034799999:LONG,SOPHUSDT,LONG,0.032486940932008324,False,0.4,1000,-1.0808927650165776,-0.21617855300331554,False,-1.0808927650165776,-0.21617855300331554,False,False,False,False,False,False,False,False,,,,,,0.0
PAPER:TRBUSDT:1791034799999:LONG,TRBUSDT,LONG,0.17249534305692205,False,0.4,1000,-1.1180799807020212,-0.22361599614040423,False,-1.1180799807020212,-0.22361599614040423,False,False,False,False,False,False,False,False,,,,,,0.0
PAPER:BRETTUSDT:1791034799999:LONG,BRETTUSDT,LONG,0.013901271279914695,False,0.4,1000,-2.8970518364541604,-0.5794103672908321,False,-2.8970518364541604,-0.5794103672908321,False,False,False,False,False,False,False,False,,,,,,0.0
PAPER:HANAUSDT:1791034799999:SHORT,HANAUSDT,SHORT,0.39639901335803707,False,0.4,1000,-4.076179984123353,-0.8152359968246706,False,-4.076179984123353,-0.8152359968246706,False,False,False,False,False,False,False,False,,,,,,0.0
PAPER:COOKIEUSDT:1791034799999:LONG,COOKIEUSDT,LONG,0.02588041584095091,False,0.4,1000,-3.432422254842399,-0.6864844509684798,False,-3.432422254842399,-0.6864844509684798,False,False,False,False,False,False,False,False,,,,,,0.0
PAPER:BLURUSDT:1791035099999:LONG,BLURUSDT,LONG,0.026898935409902514,False,0.4,1000,-2.1210698643572643,-0.4242139728714529,False,-2.1210698643572643,-0.4242139728714529,False,False,False,False,False,False,False,False,,,,,,0.0
PAPER:GTCUSDT:1791035399999:LONG,GTCUSDT,LONG,0.1905703102749179,False,0.4,1000,0.06306476224254054,0.012612952448508108,False,0.06306476224254054,0.012612952448508108,True,False,False,False,False,False,False,False,,,,,,0.0
PAPER:BIOUSDT:1791035399999:LONG,BIOUSDT,LONG,0.04403217979522811,False,0.4,1000,-2.7089125322549616,-0.5417825064509922,False,-2.7089125322549616,-0.5417825064509922,False,False,False,False,False,False,False,False,,,,,,0.0
PAPER:NILUSDT:1791035699999:SHORT,NILUSDT,SHORT,0.2057747892693691,False,0.4,1000,-1.6043812094959564,-0.3208762418991913,False,-1.6043812094959564,-0.3208762418991913,False,False,False,False,False,False,False,False,,,,,,0.0
PAPER:PARTIUSDT:1791035699999:LONG,PARTIUSDT,LONG,0.38892017097602594,False,0.4,1000,-0.4391503345547632,-0.08783006691095264,False,-0.4391503345547632,-0.08783006691095264,False,False,False,False,False,False,False,False,,,,,,0.0
PAPER:SIGNUSDT:1791035999999:LONG,SIGNUSDT,LONG,0.020325020332290222,False,0.4,1000,-2.903522065186805,-0.580704413037361,False,-2.903522065186805,-0.580704413037361,False,False,False,False,False,False,False,False,,,,,,0.0
PAPER:FHEUSDT:1791035999999:LONG,FHEUSDT,LONG,0.07019795860405686,False,0.4,1000,-1.0624453988318034,-0.2124890797663607,False,-1.0624453988318034,-0.2124890797663607,False,False,False,False,False,False,False,False,,,,,,0.0
PAPER:ENJUSDT:1791035999999:LONG,ENJUSDT,LONG,0.09842864118914108,False,0.4,1000,-0.5061394517069918,-0.10122789034139837,False,-0.5061394517069918,-0.10122789034139837,False,False,False,False,False,False,False,False,,,,,,0.0
PAPER:CHILLGUYUSDT:1791036299999:SHORT,CHILLGUYUSDT,SHORT,0.29671056237814813,False,0.4,1000,-1.6460776979307021,-0.3292155395861404,False,-1.6460776979307021,-0.3292155395861404,False,False,False,False,False,False,False,False,,,,,,0.0
PAPER:ZAMAUSDT:1791036299999:LONG,ZAMAUSDT,LONG,0.05344670536999718,False,0.4,1000,-2.7535616422870577,-0.5507123284574116,False,-2.7535616422870577,-0.5507123284574116,False,False,False,False,False,False,False,False,,,,,,0.0
PAPER:MTLUSDT:1791036299999:SHORT,MTLUSDT,SHORT,0.392645968101903,False,0.4,1000,-2.9359691162288346,-0.5871938232457669,False,-2.9359691162288346,-0.5871938232457669,False,False,False,False,False,False,False,False,,,,,,0.0
PAPER:MELANIAUSDT:1791036599999:SHORT,MELANIAUSDT,SHORT,0.11439277969808952,False,0.4,1000,-2.823923833139723,-0.5647847666279447,False,-2.823923833139723,-0.5647847666279447,False,False,False,False,False,False,False,False,,,,,,0.0
PAPER:QNTUSDT:1791036599999:SHORT,QNTUSDT,SHORT,0.09206771523578838,False,0.4,1000,-1.1304764324347885,-0.2260952864869577,False,-1.1304764324347885,-0.2260952864869577,False,False,False,False,False,False,False,False,,,,,,0.0
PAPER:1000000BOBUSDT:1791036899999:SHORT,1000000BOBUSDT,SHORT,0.20259244727284154,False,0.4,1000,-0.9501900380075976,-0.19003800760151954,False,-0.9501900380075976,-0.19003800760151954,False,False,False,False,False,False,False,False,,,,,,0.0
PAPER:ZECUSDT:1791036899999:SHORT,ZECUSDT,SHORT,0.34743220879288866,False,0.4,1000,-2.4871455712255535,-0.49742911424511066,False,-2.4871455712255535,-0.49742911424511066,False,False,False,False,False,False,False,False,,,,,,0.0
PAPER:VELVETUSDT:1791037199999:LONG,VELVETUSDT,LONG,0.16967139011807575,False,0.4,1000,-2.5920327443301128,-0.5184065488660226,False,-2.5920327443301128,-0.5184065488660226,False,False,False,False,False,False,False,False,,,,,,0.0
PAPER:EVAAUSDT:1791037499999:LONG,EVAAUSDT,LONG,0.056646393986836685,False,0.4,1000,-3.821169888291375,-0.7642339776582749,False,-3.821169888291375,-0.7642339776582749,False,False,False,False,False,False,False,False,,,,,,0.0
PAPER:ONEUSDT:1791037499999:LONG,ONEUSDT,LONG,0.24924997047268693,False,0.4,1000,-6.076218006145115,-1.215243601229023,False,-6.076218006145115,-1.215243601229023,False,False,False,False,False,False,False,False,,,,,,0.0
PAPER:DEEPUSDT:1791037799999:LONG,DEEPUSDT,LONG,0.02104669378111268,False,0.4,1000,-3.6150511995301473,-0.7230102399060295,False,-3.6150511995301473,-0.7230102399060295,False,False,False,False,False,False,False,False,,,,,,0.0
PAPER:OPUSDT:1791037799999:LONG,OPUSDT,LONG,0.26694344698652284,False,0.4,1000,-2.0891271981087893,-0.4178254396217579,False,-2.0891271981087893,-0.4178254396217579,False,False,False,False,False,False,False,False,,,,,,0.0
PAPER:DRIFTUSDT:1791037799999:LONG,DRIFTUSDT,LONG,0.13110727980347736,False,0.4,1000,-3.088406569315816,-0.6176813138631632,False,-3.088406569315816,-0.6176813138631632,False,False,False,False,False,False,False,False,,,,,,0.0
PAPER:ORDIUSDT:1791037799999:LONG,ORDIUSDT,LONG,0.3061675616160109,False,0.4,1000,-2.7963146550767375,-0.5592629310153475,False,-2.7963146550767375,-0.5592629310153475,False,False,False,False,False,False,False,False,,,,,,0.0
PAPER:SUPERUSDT:1791038099999:LONG,SUPERUSDT,LONG,0.6513379595819213,True,0.4,1000,-3.4602375064787063,-0.6920475012957413,True,0.09932382943485674,0.019864765886971347,True,True,False,False,False,False,False,True,1791038247859,1791038282043,1791038283207,1164,0.2425368328690268,3.559561335913563
PAPER:KAIAUSDT:1791038099999:LONG,KAIAUSDT,LONG,0.006629832488891374,False,0.4,1000,-3.410360241533641,-0.6820720483067282,False,-3.410360241533641,-0.6820720483067282,False,False,False,False,False,False,False,False,,,,,,0.0
PAPER:1000CATUSDT:1791038699999:LONG,1000CATUSDT,LONG,0.4267421761402934,False,0.4,1000,-0.838231577321695,-0.16764631546433897,True,-0.28033927396820985,-0.05606785479364197,False,True,False,False,False,False,False,True,1791039158378,1791039255975,1791039265360,9385,0.24804690536423327,0.557892303353485
PAPER:USUSDT:1791038699999:SHORT,USUSDT,SHORT,0.48393229097455304,False,0.4,1000,-0.7002546247073798,-0.14005092494147595,True,-0.15494099568863384,-0.030988199137726765,False,True,False,False,False,False,False,True,1791038784509,1791038842620,1791038843648,1028,0.4566924914191514,0.5453136290187459
PAPER:哈基米USDT:1791038699999:SHORT,哈基米USDT,SHORT,0.10980781490497439,False,0.4,1000,-0.6253521470030563,-0.12507042940061125,False,-0.6253521470030563,-0.12507042940061125,False,False,False,False,False,False,False,False,,,,,,0.0
PAPER:XMRUSDT:1791038699999:LONG,XMRUSDT,LONG,0.34497365381629397,False,0.4,1000,-1.4191267554642937,-0.2838253510928587,False,-1.4191267554642937,-0.2838253510928587,False,False,False,False,False,False,False,False,,,,,,0.0
PAPER:NEARUSDT:1791038999999:LONG,NEARUSDT,LONG,0.2154525207140212,False,0.4,1000,-3.248598645182094,-0.6497197290364188,False,-3.248598645182094,-0.6497197290364188,False,False,False,False,False,False,False,False,,,,,,0.0
PAPER:RENDERUSDT:1791038999999:LONG,RENDERUSDT,LONG,0.3777364865167332,False,0.4,1000,-2.564063511265951,-0.5128127022531902,False,-2.564063511265951,-0.5128127022531902,False,False,False,False,False,False,False,False,,,,,,0.0
PAPER:AEVOUSDT:1791039299999:LONG,AEVOUSDT,LONG,0.32084492192470115,False,0.4,1000,-2.7469840170223327,-0.5493968034044666,False,-2.7469840170223327,-0.5493968034044666,False,False,False,False,False,False,False,False,,,,,,0.0
PAPER:ONUSDT:1791039599999:SHORT,ONUSDT,SHORT,0.359578557077644,False,0.4,1000,-0.4752610152011104,-0.09505220304022208,False,-0.4752610152011104,-0.09505220304022208,False,False,False,False,False,False,False,False,,,,,,0.0
PAPER:XVGUSDT:1791039599999:LONG,XVGUSDT,LONG,0.07237850243317911,False,0.4,1000,-3.6415072428999737,-0.7283014485799947,False,-3.6415072428999737,-0.7283014485799947,False,False,False,False,False,False,False,False,,,,,,0.0
PAPER:CUSDT:1791039899999:LONG,CUSDT,LONG,1.1357841017241022,True,0.4,1000,-4.815485513170761,-0.9630971026341522,True,-3.1085638747802635,-0.6217127749560527,False,True,False,False,True,True,False,True,1791041130217,1791041130217,1791041131239,1022,1.135784101724093,1.7069216383904973
PAPER:龙虾USDT:1791039899999:SHORT,龙虾USDT,SHORT,0.0010972658666689283,False,0.4,1000,-2.3230755803059737,-0.4646151160611947,False,-2.3230755803059737,-0.4646151160611947,False,False,False,False,False,False,False,False,,,,,,0.0
PAPER:PHAUSDT:1791039899999:SHORT,PHAUSDT,SHORT,0.5336391386070395,True,0.4,1000,-1.3147750271102738,-0.26295500542205474,True,-0.43977105326381954,-0.0879542106527639,False,True,False,False,False,False,False,True,1791040049205,1791040049267,1791040050365,1098,0.16940023110230443,0.8750039738464543
PAPER:MIRAUSDT:1791040199999:SHORT,MIRAUSDT,SHORT,0.13354810666604766,False,0.4,1000,-1.3344350505103577,-0.26688701010207155,False,-1.3344350505103577,-0.26688701010207155,False,False,False,False,False,False,False,False,,,,,,0.0
PAPER:MEGAUSDT:1791040199999:LONG,MEGAUSDT,LONG,0.5974185977954738,True,0.4,1000,-0.07597016259568207,-0.015194032519136414,True,0.07823687423905366,0.015647374847810733,True,True,False,False,False,False,False,True,1791040285063,1791040288504,1791040289627,1123,0.350452758357344,0.15420703683473574
PAPER:SANDUSDT:1791040499999:LONG,SANDUSDT,LONG,0.8209450237695926,True,0.4,1000,1.3474539452734347,0.26949078905468693,False,1.3474539452734347,0.26949078905468693,True,False,False,False,False,False,False,True,1791040529751,,,,,0.0
PAPER:BANUSDT:1791040499999:SHORT,BANUSDT,SHORT,0.05628890843004262,False,0.4,1000,-3.0502385088000796,-0.6100477017600159,False,-3.0502385088000796,-0.6100477017600159,False,False,False,False,False,False,False,False,,,,,,0.0
PAPER:MORPHOUSDT:1791040799999:LONG,MORPHOUSDT,LONG,0.02861058304419739,False,0.4,1000,-1.9210183355999124,-0.3842036671199825,False,-1.9210183355999124,-0.3842036671199825,False,False,False,False,False,False,False,False,,,,,,0.0
PAPER:BMTUSDT:1791040799999:LONG,BMTUSDT,LONG,0.302520141133078,False,0.4,1000,-2.695113121192824,-0.5390226242385647,False,-2.695113121192824,-0.5390226242385647,False,False,False,False,False,False,False,False,,,,,,0.0
PAPER:TAKEUSDT:1791041099999:LONG,TAKEUSDT,LONG,0.08721294956695047,False,0.4,1000,-1.523598169842145,-0.304719633968429,False,-1.523598169842145,-0.304719633968429,False,False,False,False,False,False,False,False,,,,,,0.0
PAPER:SENTUSDT:1791041099999:SHORT,SENTUSDT,SHORT,0.025708980918666427,False,0.4,1000,-3.3524018731991214,-0.6704803746398242,False,-3.3524018731991214,-0.6704803746398242,False,False,False,False,False,False,False,False,,,,,,0.0
PAPER:TAKEUSDT:1791041399999:LONG,TAKEUSDT,LONG,0.17738289851521039,False,0.4,1000,-2.2391385466262355,-0.4478277093252471,False,-2.2391385466262355,-0.4478277093252471,False,False,False,False,False,False,False,False,,,,,,0.0
PAPER:PHAROSUSDT:1791041999999:LONG,PHAROSUSDT,LONG,0.1184037832522078,False,0.4,1000,-2.747298263215607,-0.5494596526431214,False,-2.747298263215607,-0.5494596526431214,False,False,False,False,False,False,False,False,,,,,,0.0
PAPER:AVAAIUSDT:1791042299999:LONG,AVAAIUSDT,LONG,0.5843370032250439,True,0.4,1000,-1.8501523740850172,-0.37003047481700346,True,-1.0027713518801633,-0.20055427037603266,False,True,False,False,False,False,False,True,1791042459242,1791042471363,1791042472973,1610,0.06482266643173494,0.8473810222048539
PAPER:INXUSDT:1791042299999:LONG,INXUSDT,LONG,0.5111944571072558,True,0.4,1000,-0.949810037992343,-0.1899620075984686,True,-0.6181313463356669,-0.12362626926713338,False,True,False,False,True,False,False,True,1791042360383,1791042366242,1791042368100,1858,0.5111944571072548,0.3316786916566761
PAPER:CYSUSDT:1791042299999:SHORT,CYSUSDT,SHORT,0.04109557403234674,False,0.4,1000,-2.4791307528456885,-0.4958261505691377,False,-2.4791307528456885,-0.4958261505691377,False,False,False,False,False,False,False,False,,,,,,0.0
PAPER:AKTUSDT:1791043199999:LONG,AKTUSDT,LONG,0.09885095789161635,False,0.4,1000,-3.5100134635034834,-0.7020026927006967,False,-3.5100134635034834,-0.7020026927006967,False,False,False,False,False,False,False,False,,,,,,0.0
PAPER:AIOUSDT:1791043499999:LONG,AIOUSDT,LONG,0.3392750607989381,False,0.4,1000,-0.05248551804010343,-0.010497103608020685,False,-0.05248551804010343,-0.010497103608020685,False,False,False,False,False,False,False,False,,,,,,0.0
