position_id,symbol,side,failure_lt75,stage3a_class,protection_actions,threshold_pct_of_running_peak,running_peak_regime,running_peak_pct,running_peak_at_ms,cross_at_ms,seconds_peak_to_cross,current_pnl_pct_at_cross,current_to_peak_ratio,previous_pnl_pct,sample_seconds,downward_velocity_pp_per_sec,monotonic_down_streak_n,monotonic_down_streak_seconds,thresholds_crossed_same_sample,outcome,recover_new_high_at_ms,seconds_cross_to_new_high
PAPER:PROMUSDT:1791030299999:SHORT,PROMUSDT,SHORT,True,RUNNER_TRIGGER_DELAY,REDUCE25+RUNNER_CLOSE,95,LT1,0.061141548445986516,1791030424275,1791030429271,4.996,0.04491243859676697,0.734564951956416,0.061141548445986516,4.996,0.0032484207064090364,1,4.996,5,RECOVERED_NEW_HIGH,1791030479337,50.066
PAPER:PROMUSDT:1791030299999:SHORT,PROMUSDT,SHORT,True,RUNNER_TRIGGER_DELAY,REDUCE25+RUNNER_CLOSE,90,LT1,0.061141548445986516,1791030424275,1791030429271,4.996,0.04491243859676697,0.734564951956416,0.061141548445986516,4.996,0.0032484207064090364,1,4.996,5,RECOVERED_NEW_HIGH,1791030479337,50.066
PAPER:PROMUSDT:1791030299999:SHORT,PROMUSDT,SHORT,True,RUNNER_TRIGGER_DELAY,REDUCE25+RUNNER_CLOSE,85,LT1,0.061141548445986516,1791030424275,1791030429271,4.996,0.04491243859676697,0.734564951956416,0.061141548445986516,4.996,0.0032484207064090364,1,4.996,5,RECOVERED_NEW_HIGH,1791030479337,50.066
PAPER:PROMUSDT:1791030299999:SHORT,PROMUSDT,SHORT,True,RUNNER_TRIGGER_DELAY,REDUCE25+RUNNER_CLOSE,80,LT1,0.061141548445986516,1791030424275,1791030429271,4.996,0.04491243859676697,0.734564951956416,0.061141548445986516,4.996,0.0032484207064090364,1,4.996,5,RECOVERED_NEW_HIGH,1791030479337,50.066
PAPER:PROMUSDT:1791030299999:SHORT,PROMUSDT,SHORT,True,RUNNER_TRIGGER_DELAY,REDUCE25+RUNNER_CLOSE,75,LT1,0.061141548445986516,1791030424275,1791030429271,4.996,0.04491243859676697,0.734564951956416,0.061141548445986516,4.996,0.0032484207064090364,1,4.996,5,RECOVERED_NEW_HIGH,1791030479337,50.066
PAPER:PROMUSDT:1791030299999:SHORT,PROMUSDT,SHORT,True,RUNNER_TRIGGER_DELAY,REDUCE25+RUNNER_CLOSE,95,LT1,0.07737065829521717,1791030479337,1791030484270,4.933,0.061141548445986516,0.7902420606619824,0.07737065829521717,4.933,0.003289906719892692,1,4.933,4,RECOVERED_NEW_HIGH,1791030524335,40.065
PAPER:PROMUSDT:1791030299999:SHORT,PROMUSDT,SHORT,True,RUNNER_TRIGGER_DELAY,REDUCE25+RUNNER_CLOSE,90,LT1,0.07737065829521717,1791030479337,1791030484270,4.933,0.061141548445986516,0.7902420606619824,0.07737065829521717,4.933,0.003289906719892692,1,4.933,4,RECOVERED_NEW_HIGH,1791030524335,40.065
PAPER:PROMUSDT:1791030299999:SHORT,PROMUSDT,SHORT,True,RUNNER_TRIGGER_DELAY,REDUCE25+RUNNER_CLOSE,85,LT1,0.07737065829521717,1791030479337,1791030484270,4.933,0.061141548445986516,0.7902420606619824,0.07737065829521717,4.933,0.003289906719892692,1,4.933,4,RECOVERED_NEW_HIGH,1791030524335,40.065
PAPER:PROMUSDT:1791030299999:SHORT,PROMUSDT,SHORT,True,RUNNER_TRIGGER_DELAY,REDUCE25+RUNNER_CLOSE,80,LT1,0.07737065829521717,1791030479337,1791030484270,4.933,0.061141548445986516,0.7902420606619824,0.07737065829521717,4.933,0.003289906719892692,1,4.933,4,RECOVERED_NEW_HIGH,1791030524335,40.065
PAPER:PROMUSDT:1791030299999:SHORT,PROMUSDT,SHORT,True,RUNNER_TRIGGER_DELAY,REDUCE25+RUNNER_CLOSE,75,LT1,0.07737065829521717,1791030479337,1791030489272,9.935,0.04491243859676697,0.5804841213241083,0.061141548445986516,5.002,0.0032445241601798376,2,9.935,1,RECOVERED_NEW_HIGH,1791030524335,35.063
PAPER:PROMUSDT:1791030299999:SHORT,PROMUSDT,SHORT,True,RUNNER_TRIGGER_DELAY,REDUCE25+RUNNER_CLOSE,95,LT1,0.09359976814445892,1791030524335,1791030539334,14.999,0.012454218898316771,0.13305822380986376,0.09359976814445892,5.07,0.016005039299041842,3,14.999,5,RECOVERED_NEW_HIGH,1791030554338,15.004
PAPER:PROMUSDT:1791030299999:SHORT,PROMUSDT,SHORT,True,RUNNER_TRIGGER_DELAY,REDUCE25+RUNNER_CLOSE,90,LT1,0.09359976814445892,1791030524335,1791030539334,14.999,0.012454218898316771,0.13305822380986376,0.09359976814445892,5.07,0.016005039299041842,3,14.999,5,RECOVERED_NEW_HIGH,1791030554338,15.004
PAPER:PROMUSDT:1791030299999:SHORT,PROMUSDT,SHORT,True,RUNNER_TRIGGER_DELAY,REDUCE25+RUNNER_CLOSE,85,LT1,0.09359976814445892,1791030524335,1791030539334,14.999,0.012454218898316771,0.13305822380986376,0.09359976814445892,5.07,0.016005039299041842,3,14.999,5,RECOVERED_NEW_HIGH,1791030554338,15.004
PAPER:PROMUSDT:1791030299999:SHORT,PROMUSDT,SHORT,True,RUNNER_TRIGGER_DELAY,REDUCE25+RUNNER_CLOSE,80,LT1,0.09359976814445892,1791030524335,1791030539334,14.999,0.012454218898316771,0.13305822380986376,0.09359976814445892,5.07,0.016005039299041842,3,14.999,5,RECOVERED_NEW_HIGH,1791030554338,15.004
PAPER:PROMUSDT:1791030299999:SHORT,PROMUSDT,SHORT,True,RUNNER_TRIGGER_DELAY,REDUCE25+RUNNER_CLOSE,75,LT1,0.09359976814445892,1791030524335,1791030539334,14.999,0.012454218898316771,0.13305822380986376,0.09359976814445892,5.07,0.016005039299041842,3,14.999,5,RECOVERED_NEW_HIGH,1791030554338,15.004
PAPER:PROMUSDT:1791030299999:SHORT,PROMUSDT,SHORT,True,RUNNER_TRIGGER_DELAY,REDUCE25+RUNNER_CLOSE,95,LT1,0.1585162075413704,1791030559283,1791030564284,5.001,0.10982887799367846,0.692855826524961,0.1585162075413704,5.001,0.009735518805777233,1,5.001,5,RECOVERED_NEW_HIGH,1791031334357,770.073
PAPER:PROMUSDT:1791030299999:SHORT,PROMUSDT,SHORT,True,RUNNER_TRIGGER_DELAY,REDUCE25+RUNNER_CLOSE,90,LT1,0.1585162075413704,1791030559283,1791030564284,5.001,0.10982887799367846,0.692855826524961,0.1585162075413704,5.001,0.009735518805777233,1,5.001,5,RECOVERED_NEW_HIGH,1791031334357,770.073
PAPER:PROMUSDT:1791030299999:SHORT,PROMUSDT,SHORT,True,RUNNER_TRIGGER_DELAY,REDUCE25+RUNNER_CLOSE,85,LT1,0.1585162075413704,1791030559283,1791030564284,5.001,0.10982887799367846,0.692855826524961,0.1585162075413704,5.001,0.009735518805777233,1,5.001,5,RECOVERED_NEW_HIGH,1791031334357,770.073
PAPER:PROMUSDT:1791030299999:SHORT,PROMUSDT,SHORT,True,RUNNER_TRIGGER_DELAY,REDUCE25+RUNNER_CLOSE,80,LT1,0.1585162075413704,1791030559283,1791030564284,5.001,0.10982887799367846,0.692855826524961,0.1585162075413704,5.001,0.009735518805777233,1,5.001,5,RECOVERED_NEW_HIGH,1791031334357,770.073
PAPER:PROMUSDT:1791030299999:SHORT,PROMUSDT,SHORT,True,RUNNER_TRIGGER_DELAY,REDUCE25+RUNNER_CLOSE,75,LT1,0.1585162075413704,1791030559283,1791030564284,5.001,0.10982887799367846,0.692855826524961,0.1585162075413704,5.001,0.009735518805777233,1,5.001,5,RECOVERED_NEW_HIGH,1791031334357,770.073
PAPER:PROMUSDT:1791030299999:SHORT,PROMUSDT,SHORT,True,RUNNER_TRIGGER_DELAY,REDUCE25+RUNNER_CLOSE,95,LT1,0.40195285527981905,1791031334357,1791031339343,4.986,0.33703641588289646,0.8384973796199778,0.40195285527981905,4.986,0.013019743160233173,1,4.986,3,RECOVERED_NEW_HIGH,1791031359342,19.999
PAPER:PROMUSDT:1791030299999:SHORT,PROMUSDT,SHORT,True,RUNNER_TRIGGER_DELAY,REDUCE25+RUNNER_CLOSE,90,LT1,0.40195285527981905,1791031334357,1791031339343,4.986,0.33703641588289646,0.8384973796199778,0.40195285527981905,4.986,0.013019743160233173,1,4.986,3,RECOVERED_NEW_HIGH,1791031359342,19.999
PAPER:PROMUSDT:1791030299999:SHORT,PROMUSDT,SHORT,True,RUNNER_TRIGGER_DELAY,REDUCE25+RUNNER_CLOSE,85,LT1,0.40195285527981905,1791031334357,1791031339343,4.986,0.33703641588289646,0.8384973796199778,0.40195285527981905,4.986,0.013019743160233173,1,4.986,3,RECOVERED_NEW_HIGH,1791031359342,19.999
PAPER:PROMUSDT:1791030299999:SHORT,PROMUSDT,SHORT,True,RUNNER_TRIGGER_DELAY,REDUCE25+RUNNER_CLOSE,95,LT1,0.46686929467673055,1791031359342,1791031364334,4.992,0.40195285527981905,0.8609537184452002,0.46686929467673055,4.992,0.013004094430471054,1,4.992,2,RECOVERED_NEW_HIGH,1791031389348,25.014
PAPER:PROMUSDT:1791030299999:SHORT,PROMUSDT,SHORT,True,RUNNER_TRIGGER_DELAY,REDUCE25+RUNNER_CLOSE,90,LT1,0.46686929467673055,1791031359342,1791031364334,4.992,0.40195285527981905,0.8609537184452002,0.46686929467673055,4.992,0.013004094430471054,1,4.992,2,RECOVERED_NEW_HIGH,1791031389348,25.014
PAPER:PROMUSDT:1791030299999:SHORT,PROMUSDT,SHORT,True,RUNNER_TRIGGER_DELAY,REDUCE25+RUNNER_CLOSE,85,LT1,0.46686929467673055,1791031359342,1791031374358,15.016,0.36949463558134665,0.7914305776677646,0.40195285527981905,5.014,0.006473518089045153,3,15.016,2,RECOVERED_NEW_HIGH,1791031389348,14.99
PAPER:PROMUSDT:1791030299999:SHORT,PROMUSDT,SHORT,True,RUNNER_TRIGGER_DELAY,REDUCE25+RUNNER_CLOSE,80,LT1,0.46686929467673055,1791031359342,1791031374358,15.016,0.36949463558134665,0.7914305776677646,0.40195285527981905,5.014,0.006473518089045153,3,15.016,2,RECOVERED_NEW_HIGH,1791031389348,14.99
PAPER:PROMUSDT:1791030299999:SHORT,PROMUSDT,SHORT,True,RUNNER_TRIGGER_DELAY,REDUCE25+RUNNER_CLOSE,95,LT1,0.6940768325659374,1791031494498,1791031509379,14.881,0.6129312833197953,0.8830885206956778,0.6778477227167068,5.005,0.01297031756182048,3,14.881,2,RECOVERED_NEW_HIGH,1791031554369,44.99
PAPER:PROMUSDT:1791030299999:SHORT,PROMUSDT,SHORT,True,RUNNER_TRIGGER_DELAY,REDUCE25+RUNNER_CLOSE,90,LT1,0.6940768325659374,1791031494498,1791031509379,14.881,0.6129312833197953,0.8830885206956778,0.6778477227167068,5.005,0.01297031756182048,3,14.881,2,RECOVERED_NEW_HIGH,1791031554369,44.99
PAPER:PROMUSDT:1791030299999:SHORT,PROMUSDT,SHORT,True,RUNNER_TRIGGER_DELAY,REDUCE25+RUNNER_CLOSE,85,LT1,0.6940768325659374,1791031494498,1791031514347,19.849,0.5480148439228727,0.7895593372522072,0.6129312833197953,4.968,0.013066916142697785,4,19.849,2,RECOVERED_NEW_HIGH,1791031554369,40.022
PAPER:PROMUSDT:1791030299999:SHORT,PROMUSDT,SHORT,True,RUNNER_TRIGGER_DELAY,REDUCE25+RUNNER_CLOSE,80,LT1,0.6940768325659374,1791031494498,1791031514347,19.849,0.5480148439228727,0.7895593372522072,0.6129312833197953,4.968,0.013066916142697785,4,19.849,2,RECOVERED_NEW_HIGH,1791031554369,40.022
PAPER:PROMUSDT:1791030299999:SHORT,PROMUSDT,SHORT,True,RUNNER_TRIGGER_DELAY,REDUCE25+RUNNER_CLOSE,75,LT1,0.6940768325659374,1791031494498,1791031529407,34.909,0.46686929467673055,0.6726478579478848,0.5642439537721033,5.034,0.019343396721369248,2,10.039,2,RECOVERED_NEW_HIGH,1791031554369,24.962
PAPER:PROMUSDT:1791030299999:SHORT,PROMUSDT,SHORT,True,RUNNER_TRIGGER_DELAY,REDUCE25+RUNNER_CLOSE,95,LT1,0.710305942415157,1791031554369,1791031564355,9.986,0.6291603931690148,0.8857597207053711,0.710305942415157,4.959,0.016363288817532195,2,9.986,2,RECOVERED_NEW_HIGH,1791031949389,385.034
PAPER:PROMUSDT:1791030299999:SHORT,PROMUSDT,SHORT,True,RUNNER_TRIGGER_DELAY,REDUCE25+RUNNER_CLOSE,90,LT1,0.710305942415157,1791031554369,1791031564355,9.986,0.6291603931690148,0.8857597207053711,0.710305942415157,4.959,0.016363288817532195,2,9.986,2,RECOVERED_NEW_HIGH,1791031949389,385.034
PAPER:PROMUSDT:1791030299999:SHORT,PROMUSDT,SHORT,True,RUNNER_TRIGGER_DELAY,REDUCE25+RUNNER_CLOSE,85,LT1,0.710305942415157,1791031554369,1791031589382,35.013,0.5967021734705646,0.8400636089875289,0.6291603931690148,5.015,0.006472227257916291,3,15.007,1,RECOVERED_NEW_HIGH,1791031949389,360.007
PAPER:PROMUSDT:1791030299999:SHORT,PROMUSDT,SHORT,True,RUNNER_TRIGGER_DELAY,REDUCE25+RUNNER_CLOSE,80,LT1,0.710305942415157,1791031554369,1791031664359,109.99,0.5155566242244114,0.7258233296928843,0.5967021734705646,4.993,0.016251862456669985,4,19.982,2,RECOVERED_NEW_HIGH,1791031949389,285.03
PAPER:PROMUSDT:1791030299999:SHORT,PROMUSDT,SHORT,True,RUNNER_TRIGGER_DELAY,REDUCE25+RUNNER_CLOSE,75,LT1,0.710305942415157,1791031554369,1791031664359,109.99,0.5155566242244114,0.7258233296928843,0.5967021734705646,4.993,0.016251862456669985,4,19.982,2,RECOVERED_NEW_HIGH,1791031949389,285.03
PAPER:PROMUSDT:1791030299999:SHORT,PROMUSDT,SHORT,True,RUNNER_TRIGGER_DELAY,REDUCE25+RUNNER_CLOSE,95,LT1,0.7265350522643987,1791031949389,1791031969373,19.984,0.661618612867465,0.910649267100592,0.7265350522643987,4.986,0.0130197431602354,4,19.984,1,RECOVERED_NEW_HIGH,1791032204390,235.017
PAPER:PROMUSDT:1791030299999:SHORT,PROMUSDT,SHORT,True,RUNNER_TRIGGER_DELAY,REDUCE25+RUNNER_CLOSE,90,LT1,0.7265350522643987,1791031949389,1791032004389,55.0,0.30457819618443516,0.4192202361539934,0.710305942415157,5.013,0.08093511793950166,2,9.998,5,RECOVERED_NEW_HIGH,1791032204390,200.001
PAPER:PROMUSDT:1791030299999:SHORT,PROMUSDT,SHORT,True,RUNNER_TRIGGER_DELAY,REDUCE25+RUNNER_CLOSE,85,LT1,0.7265350522643987,1791031949389,1791032004389,55.0,0.30457819618443516,0.4192202361539934,0.710305942415157,5.013,0.08093511793950166,2,9.998,5,RECOVERED_NEW_HIGH,1791032204390,200.001
PAPER:PROMUSDT:1791030299999:SHORT,PROMUSDT,SHORT,True,RUNNER_TRIGGER_DELAY,REDUCE25+RUNNER_CLOSE,80,LT1,0.7265350522643987,1791031949389,1791032004389,55.0,0.30457819618443516,0.4192202361539934,0.710305942415157,5.013,0.08093511793950166,2,9.998,5,RECOVERED_NEW_HIGH,1791032204390,200.001
PAPER:PROMUSDT:1791030299999:SHORT,PROMUSDT,SHORT,True,RUNNER_TRIGGER_DELAY,REDUCE25+RUNNER_CLOSE,75,LT1,0.7265350522643987,1791031949389,1791032004389,55.0,0.30457819618443516,0.4192202361539934,0.710305942415157,5.013,0.08093511793950166,2,9.998,5,RECOVERED_NEW_HIGH,1791032204390,200.001
PAPER:PROMUSDT:1791030299999:SHORT,PROMUSDT,SHORT,True,RUNNER_TRIGGER_DELAY,REDUCE25+RUNNER_CLOSE,95,LT1,0.7589932719628489,1791032204390,1791032234384,29.994,0.661618612867465,0.8717055042615053,0.7265350522643987,5.005,0.012970317561824915,6,29.994,2,RECOVERED_NEW_HIGH,1791032249387,15.003
PAPER:PROMUSDT:1791030299999:SHORT,PROMUSDT,SHORT,True,RUNNER_TRIGGER_DELAY,REDUCE25+RUNNER_CLOSE,90,LT1,0.7589932719628489,1791032204390,1791032234384,29.994,0.661618612867465,0.8717055042615053,0.7265350522643987,5.005,0.012970317561824915,6,29.994,2,RECOVERED_NEW_HIGH,1791032249387,15.003
PAPER:PROMUSDT:1791030299999:SHORT,PROMUSDT,SHORT,True,RUNNER_TRIGGER_DELAY,REDUCE25+RUNNER_CLOSE,85,LT1,0.7589932719628489,1791032204390,1791032239394,35.004,0.6291603931690148,0.8289406723486883,0.661618612867465,5.01,0.0064786865665569255,7,35.004,1,RECOVERED_NEW_HIGH,1791032249387,9.993
PAPER:PROMUSDT:1791030299999:SHORT,PROMUSDT,SHORT,True,RUNNER_TRIGGER_DELAY,REDUCE25+RUNNER_CLOSE,95,1_TO_1_5,1.0511172492489784,1791032289527,1791032294393,4.866,0.9862008098520669,0.9382405345899383,1.0511172492489784,4.866,0.013340821906475854,1,4.866,1,RECOVERED_NEW_HIGH,1791032349402,55.009
PAPER:PROMUSDT:1791030299999:SHORT,PROMUSDT,SHORT,True,RUNNER_TRIGGER_DELAY,REDUCE25+RUNNER_CLOSE,90,1_TO_1_5,1.0511172492489784,1791032289527,1791032319388,29.861,0.888826150756683,0.8456013364748299,0.9699717000028252,5.004,0.01621613693967669,3,15.011,2,RECOVERED_NEW_HIGH,1791032349402,30.014
PAPER:PROMUSDT:1791030299999:SHORT,PROMUSDT,SHORT,True,RUNNER_TRIGGER_DELAY,REDUCE25+RUNNER_CLOSE,85,1_TO_1_5,1.0511172492489784,1791032289527,1791032319388,29.861,0.888826150756683,0.8456013364748299,0.9699717000028252,5.004,0.01621613693967669,3,15.011,2,RECOVERED_NEW_HIGH,1791032349402,30.014
PAPER:PROMUSDT:1791030299999:SHORT,PROMUSDT,SHORT,True,RUNNER_TRIGGER_DELAY,REDUCE25+RUNNER_CLOSE,95,1_TO_1_5,1.067346359098209,1791032349402,1791032354421,5.019,0.9537425901536056,0.8935642886901435,1.067346359098209,5.019,0.02263474177019395,1,5.019,2,RECOVERED_NEW_HIGH,1791034629449,2275.028
PAPER:PROMUSDT:1791030299999:SHORT,PROMUSDT,SHORT,True,RUNNER_TRIGGER_DELAY,REDUCE25+RUNNER_CLOSE,90,1_TO_1_5,1.067346359098209,1791032349402,1791032354421,5.019,0.9537425901536056,0.8935642886901435,1.067346359098209,5.019,0.02263474177019395,1,5.019,2,RECOVERED_NEW_HIGH,1791034629449,2275.028
PAPER:PROMUSDT:1791030299999:SHORT,PROMUSDT,SHORT,True,RUNNER_TRIGGER_DELAY,REDUCE25+RUNNER_CLOSE,85,1_TO_1_5,1.067346359098209,1791032349402,1791032404403,55.001,0.8401388212089911,0.7871285773802765,0.9699717000028252,5.014,0.025894072356169542,2,10.023,3,RECOVERED_NEW_HIGH,1791034629449,2225.046
PAPER:PROMUSDT:1791030299999:SHORT,PROMUSDT,SHORT,True,RUNNER_TRIGGER_DELAY,REDUCE25+RUNNER_CLOSE,80,1_TO_1_5,1.067346359098209,1791032349402,1791032404403,55.001,0.8401388212089911,0.7871285773802765,0.9699717000028252,5.014,0.025894072356169542,2,10.023,3,RECOVERED_NEW_HIGH,1791034629449,2225.046
PAPER:PROMUSDT:1791030299999:SHORT,PROMUSDT,SHORT,True,RUNNER_TRIGGER_DELAY,REDUCE25+RUNNER_CLOSE,75,1_TO_1_5,1.067346359098209,1791032349402,1791032579401,229.999,0.7589932719628489,0.7111030693018106,0.8076806015105409,5.004,0.009729682163807344,3,15.003,1,RECOVERED_NEW_HIGH,1791034629449,2050.048
PAPER:PROMUSDT:1791030299999:SHORT,PROMUSDT,SHORT,True,RUNNER_TRIGGER_DELAY,REDUCE25+RUNNER_CLOSE,95,1_TO_1_5,1.2783247871381853,1791034689456,1791034719446,29.99,1.2134083477412738,0.9492175697052379,1.2458665674397351,4.996,0.006496841412822517,4,19.995,1,RECOVERED_NEW_HIGH,1791034804481,85.035
PAPER:PROMUSDT:1791030299999:SHORT,PROMUSDT,SHORT,True,RUNNER_TRIGGER_DELAY,REDUCE25+RUNNER_CLOSE,95,1_TO_1_5,1.3107830068366466,1791034804481,1791034809604,5.123,1.2134083477412738,0.9257126018665972,1.3107830068366466,5.123,0.019007350984847314,1,5.123,1,RECOVERED_NEW_HIGH,1791034969490,159.886
PAPER:PROMUSDT:1791030299999:SHORT,PROMUSDT,SHORT,True,RUNNER_TRIGGER_DELAY,REDUCE25+RUNNER_CLOSE,95,1_5_TO_3,1.5055323250274033,1791035079475,1791035089478,10.003,1.4243867757812612,0.9461017555736206,1.5055323250274033,5.006,0.016209658259317247,2,10.003,1,FINAL_REVERSAL,,
PAPER:PROMUSDT:1791030299999:SHORT,PROMUSDT,SHORT,True,RUNNER_TRIGGER_DELAY,REDUCE25+RUNNER_CLOSE,90,1_5_TO_3,1.5055323250274033,1791035079475,1791035164471,84.996,1.1809501280428125,0.7844070222944679,1.4081576659320194,4.985,0.04557824230475564,2,9.992,3,FINAL_REVERSAL,,
PAPER:PROMUSDT:1791030299999:SHORT,PROMUSDT,SHORT,True,RUNNER_TRIGGER_DELAY,REDUCE25+RUNNER_CLOSE,85,1_5_TO_3,1.5055323250274033,1791035079475,1791035164471,84.996,1.1809501280428125,0.7844070222944679,1.4081576659320194,4.985,0.04557824230475564,2,9.992,3,FINAL_REVERSAL,,
PAPER:PROMUSDT:1791030299999:SHORT,PROMUSDT,SHORT,True,RUNNER_TRIGGER_DELAY,REDUCE25+RUNNER_CLOSE,80,1_5_TO_3,1.5055323250274033,1791035079475,1791035164471,84.996,1.1809501280428125,0.7844070222944679,1.4081576659320194,4.985,0.04557824230475564,2,9.992,3,FINAL_REVERSAL,,
PAPER:PROMUSDT:1791030299999:SHORT,PROMUSDT,SHORT,True,RUNNER_TRIGGER_DELAY,REDUCE25+RUNNER_CLOSE,75,1_5_TO_3,1.5055323250274033,1791035079475,1791035209474,129.999,1.116033688645901,0.7412884267533659,1.1322627984951317,4.986,0.003254935790058293,4,19.998,1,FINAL_REVERSAL,,
PAPER:TUSDT:1791030299999:SHORT,TUSDT,SHORT,True,PARTIAL_REDUCE_DRAG,REDUCE25,95,LT1,0.016646788500240817,1791030414271,1791030439305,25.034,-0.001678606149968509,-0.10083663584385816,0.016646788500240817,4.965,0.0036909153374036913,5,25.034,5,RECOVERED_NEW_HIGH,1791030469262,29.957
PAPER:TUSDT:1791030299999:SHORT,TUSDT,SHORT,True,PARTIAL_REDUCE_DRAG,REDUCE25,90,LT1,0.016646788500240817,1791030414271,1791030439305,25.034,-0.001678606149968509,-0.10083663584385816,0.016646788500240817,4.965,0.0036909153374036913,5,25.034,5,RECOVERED_NEW_HIGH,1791030469262,29.957
PAPER:TUSDT:1791030299999:SHORT,TUSDT,SHORT,True,PARTIAL_REDUCE_DRAG,REDUCE25,85,LT1,0.016646788500240817,1791030414271,1791030439305,25.034,-0.001678606149968509,-0.10083663584385816,0.016646788500240817,4.965,0.0036909153374036913,5,25.034,5,RECOVERED_NEW_HIGH,1791030469262,29.957
PAPER:TUSDT:1791030299999:SHORT,TUSDT,SHORT,True,PARTIAL_REDUCE_DRAG,REDUCE25,80,LT1,0.016646788500240817,1791030414271,1791030439305,25.034,-0.001678606149968509,-0.10083663584385816,0.016646788500240817,4.965,0.0036909153374036913,5,25.034,5,RECOVERED_NEW_HIGH,1791030469262,29.957
PAPER:TUSDT:1791030299999:SHORT,TUSDT,SHORT,True,PARTIAL_REDUCE_DRAG,REDUCE25,75,LT1,0.016646788500240817,1791030414271,1791030439305,25.034,-0.001678606149968509,-0.10083663584385816,0.016646788500240817,4.965,0.0036909153374036913,5,25.034,5,RECOVERED_NEW_HIGH,1791030469262,29.957
PAPER:TUSDT:1791030299999:SHORT,TUSDT,SHORT,True,PARTIAL_REDUCE_DRAG,REDUCE25,95,LT1,0.1632499457018599,1791030484281,1791030494342,10.061,0.1449245510516617,0.8877463966593562,0.1632499457018599,5.061,0.0036209039024299988,2,10.061,2,RECOVERED_NEW_HIGH,1791030509336,14.994
PAPER:TUSDT:1791030299999:SHORT,TUSDT,SHORT,True,PARTIAL_REDUCE_DRAG,REDUCE25,90,LT1,0.1632499457018599,1791030484281,1791030494342,10.061,0.1449245510516617,0.8877463966593562,0.1632499457018599,5.061,0.0036209039024299988,2,10.061,2,RECOVERED_NEW_HIGH,1791030509336,14.994
PAPER:TUSDT:1791030299999:SHORT,TUSDT,SHORT,True,PARTIAL_REDUCE_DRAG,REDUCE25,95,LT1,0.21822612965245458,1791030509336,1791030514273,4.937,0.1449245510516617,0.6641026502301421,0.21822612965245458,4.937,0.01484739287032467,1,4.937,5,RECOVERED_NEW_HIGH,1791030734336,220.063
PAPER:TUSDT:1791030299999:SHORT,TUSDT,SHORT,True,PARTIAL_REDUCE_DRAG,REDUCE25,90,LT1,0.21822612965245458,1791030509336,1791030514273,4.937,0.1449245510516617,0.6641026502301421,0.21822612965245458,4.937,0.01484739287032467,1,4.937,5,RECOVERED_NEW_HIGH,1791030734336,220.063
PAPER:TUSDT:1791030299999:SHORT,TUSDT,SHORT,True,PARTIAL_REDUCE_DRAG,REDUCE25,85,LT1,0.21822612965245458,1791030509336,1791030514273,4.937,0.1449245510516617,0.6641026502301421,0.21822612965245458,4.937,0.01484739287032467,1,4.937,5,RECOVERED_NEW_HIGH,1791030734336,220.063
PAPER:TUSDT:1791030299999:SHORT,TUSDT,SHORT,True,PARTIAL_REDUCE_DRAG,REDUCE25,80,LT1,0.21822612965245458,1791030509336,1791030514273,4.937,0.1449245510516617,0.6641026502301421,0.21822612965245458,4.937,0.01484739287032467,1,4.937,5,RECOVERED_NEW_HIGH,1791030734336,220.063
PAPER:TUSDT:1791030299999:SHORT,TUSDT,SHORT,True,PARTIAL_REDUCE_DRAG,REDUCE25,75,LT1,0.21822612965245458,1791030509336,1791030514273,4.937,0.1449245510516617,0.6641026502301421,0.21822612965245458,4.937,0.01484739287032467,1,4.937,5,RECOVERED_NEW_HIGH,1791030734336,220.063
PAPER:TUSDT:1791030299999:SHORT,TUSDT,SHORT,True,PARTIAL_REDUCE_DRAG,REDUCE25,95,LT1,0.2365515243026639,1791030734336,1791030739284,4.948,0.21822612965245458,0.9225310650428856,0.2365515243026639,4.948,0.0037035963318935577,1,4.948,1,RECOVERED_NEW_HIGH,1791030759278,19.994
PAPER:TUSDT:1791030299999:SHORT,TUSDT,SHORT,True,PARTIAL_REDUCE_DRAG,REDUCE25,95,LT1,0.3648292868540737,1791030759278,1791030764336,5.058,0.34650389220386435,0.9497699463542816,0.3648292868540737,5.058,0.0036230515322675616,1,5.058,1,RECOVERED_NEW_HIGH,1791030824349,60.013
PAPER:TUSDT:1791030299999:SHORT,TUSDT,SHORT,True,PARTIAL_REDUCE_DRAG,REDUCE25,90,LT1,0.3648292868540737,1791030759278,1791030769282,10.004,0.3281784975536661,0.8995398927085936,0.34650389220386435,4.946,0.0037050939446417763,2,10.004,1,RECOVERED_NEW_HIGH,1791030824349,55.067
PAPER:TUSDT:1791030299999:SHORT,TUSDT,SHORT,True,PARTIAL_REDUCE_DRAG,REDUCE25,95,LT1,0.4747816547552852,1791030849277,1791030864283,15.006,0.41980547080469055,0.8842074385141717,0.4747816547552852,5.005,0.010984252537581353,3,15.006,2,RECOVERED_NEW_HIGH,1791030909302,45.019
PAPER:TUSDT:1791030299999:SHORT,TUSDT,SHORT,True,PARTIAL_REDUCE_DRAG,REDUCE25,90,LT1,0.4747816547552852,1791030849277,1791030864283,15.006,0.41980547080469055,0.8842074385141717,0.4747816547552852,5.005,0.010984252537581353,3,15.006,2,RECOVERED_NEW_HIGH,1791030909302,45.019
PAPER:TUSDT:1791030299999:SHORT,TUSDT,SHORT,True,PARTIAL_REDUCE_DRAG,REDUCE25,85,LT1,0.4747816547552852,1791030849277,1791030869328,20.051,0.4014800761544812,0.8456099180188722,0.41980547080469055,5.045,0.0036323874430543757,4,20.051,1,RECOVERED_NEW_HIGH,1791030909302,39.974
PAPER:TUSDT:1791030299999:SHORT,TUSDT,SHORT,True,PARTIAL_REDUCE_DRAG,REDUCE25,95,LT1,0.7679879691585123,1791030909302,1791030914349,5.047,0.6946863905576972,0.90455374101611,0.7679879691585123,5.047,0.014523792074661205,1,5.047,1,RECOVERED_NEW_HIGH,1791030964291,49.942
PAPER:TUSDT:1791030299999:SHORT,TUSDT,SHORT,True,PARTIAL_REDUCE_DRAG,REDUCE25,90,LT1,0.7679879691585123,1791030909302,1791030919279,9.977,0.676360995907499,0.8806921762701447,0.6946863905576972,4.93,0.0037171185903038997,2,9.977,1,RECOVERED_NEW_HIGH,1791030964291,45.012
PAPER:TUSDT:1791030299999:SHORT,TUSDT,SHORT,True,PARTIAL_REDUCE_DRAG,REDUCE25,85,LT1,0.7679879691585123,1791030909302,1791030929383,20.081,0.6213848119568932,0.8091074820322345,0.6580356012573008,5.085,0.007207628181004434,4,20.081,1,RECOVERED_NEW_HIGH,1791030964291,34.908
PAPER:TUSDT:1791030299999:SHORT,TUSDT,SHORT,True,PARTIAL_REDUCE_DRAG,REDUCE25,95,LT1,0.9512419156605167,1791030974387,1791030984289,9.902,0.8962657317099221,0.9422058857526051,0.9145911263601092,4.999,0.003665812092455916,2,9.902,1,RECOVERED_NEW_HIGH,1791031079361,95.072
PAPER:TUSDT:1791030299999:SHORT,TUSDT,SHORT,True,PARTIAL_REDUCE_DRAG,REDUCE25,95,1_TO_1_5,1.1711466514629398,1791031144312,1791031169348,25.036,1.0978450728621358,0.9374104186617114,1.1344958621625434,5.035,0.007279203436029304,5,25.036,1,RECOVERED_NEW_HIGH,1791032444402,1275.054
PAPER:TUSDT:1791030299999:SHORT,TUSDT,SHORT,True,PARTIAL_REDUCE_DRAG,REDUCE25,90,1_TO_1_5,1.1711466514629398,1791031144312,1791031174313,30.001,1.0245434942613207,0.8748208373234133,1.0978450728621358,4.965,0.014763661349610293,6,30.001,1,RECOVERED_NEW_HIGH,1791032444402,1270.089
PAPER:TUSDT:1791030299999:SHORT,TUSDT,SHORT,True,PARTIAL_REDUCE_DRAG,REDUCE25,85,1_TO_1_5,1.1711466514629398,1791031144312,1791031564373,420.061,0.9878927049609354,0.8435260466542832,1.04286888891153,4.95,0.011106299787998923,2,10.002,1,RECOVERED_NEW_HIGH,1791032444402,880.029
PAPER:TUSDT:1791030299999:SHORT,TUSDT,SHORT,True,PARTIAL_REDUCE_DRAG,REDUCE25,80,1_TO_1_5,1.1711466514629398,1791031144312,1791031569370,425.058,0.9145911263601092,0.7809364653159757,0.9878927049609354,4.997,0.014669117190479529,3,14.999,1,RECOVERED_NEW_HIGH,1791032444402,875.032
PAPER:TUSDT:1791030299999:SHORT,TUSDT,SHORT,True,PARTIAL_REDUCE_DRAG,REDUCE25,75,1_TO_1_5,1.1711466514629398,1791031144312,1791031574378,430.066,0.8779403370597239,0.7496416746468456,0.9145911263601092,5.008,0.007318448342728703,4,20.007,1,RECOVERED_NEW_HIGH,1791032444402,870.024
PAPER:TUSDT:1791030299999:SHORT,TUSDT,SHORT,True,PARTIAL_REDUCE_DRAG,REDUCE25,95,1_TO_1_5,1.189472046113138,1791032444402,1791032479388,34.986,1.1161704675123452,0.9383746941844309,1.1344958621625434,4.995,0.003668747677717362,7,34.986,1,FINAL_REVERSAL,,
PAPER:TUSDT:1791030299999:SHORT,TUSDT,SHORT,True,PARTIAL_REDUCE_DRAG,REDUCE25,90,1_TO_1_5,1.189472046113138,1791032444402,1791032484385,39.983,1.0611942835617283,0.8921557148227354,1.1161704675123452,4.997,0.011001837892859091,8,39.983,1,FINAL_REVERSAL,,
PAPER:TUSDT:1791030299999:SHORT,TUSDT,SHORT,True,PARTIAL_REDUCE_DRAG,REDUCE25,85,1_TO_1_5,1.189472046113138,1791032444402,1791032489399,44.997,1.0062180996111336,0.8459367354610585,1.0611942835617283,5.014,0.010964536089069539,9,44.997,1,FINAL_REVERSAL,,
PAPER:TUSDT:1791030299999:SHORT,TUSDT,SHORT,True,PARTIAL_REDUCE_DRAG,REDUCE25,80,1_TO_1_5,1.189472046113138,1791032444402,1791032534398,89.996,0.9512419156605167,0.7997177560993629,0.9695673103107261,5.012,0.0036563038009196584,7,35.001,1,FINAL_REVERSAL,,
PAPER:TUSDT:1791030299999:SHORT,TUSDT,SHORT,True,PARTIAL_REDUCE_DRAG,REDUCE25,75,1_TO_1_5,1.189472046113138,1791032444402,1791032589391,144.989,0.822964153109107,0.6918734709220983,0.9145911263601092,4.995,0.01834373838858903,7,34.996,1,FINAL_REVERSAL,,
PAPER:CHRUSDT:1791030299999:SHORT,CHRUSDT,SHORT,True,PARTIAL_REDUCE_DRAG,REDUCE25,95,LT1,0.11114110934076216,1791030439374,1791030444365,4.991,0.0674260726271303,0.6066708621775568,0.11114110934076216,4.991,0.008758773134368236,1,4.991,5,RECOVERED_NEW_HIGH,1791030534278,89.913
PAPER:CHRUSDT:1791030299999:SHORT,CHRUSDT,SHORT,True,PARTIAL_REDUCE_DRAG,REDUCE25,90,LT1,0.11114110934076216,1791030439374,1791030444365,4.991,0.0674260726271303,0.6066708621775568,0.11114110934076216,4.991,0.008758773134368236,1,4.991,5,RECOVERED_NEW_HIGH,1791030534278,89.913
PAPER:CHRUSDT:1791030299999:SHORT,CHRUSDT,SHORT,True,PARTIAL_REDUCE_DRAG,REDUCE25,85,LT1,0.11114110934076216,1791030439374,1791030444365,4.991,0.0674260726271303,0.6066708621775568,0.11114110934076216,4.991,0.008758773134368236,1,4.991,5,RECOVERED_NEW_HIGH,1791030534278,89.913
PAPER:CHRUSDT:1791030299999:SHORT,CHRUSDT,SHORT,True,PARTIAL_REDUCE_DRAG,REDUCE25,80,LT1,0.11114110934076216,1791030439374,1791030444365,4.991,0.0674260726271303,0.6066708621775568,0.11114110934076216,4.991,0.008758773134368236,1,4.991,5,RECOVERED_NEW_HIGH,1791030534278,89.913
PAPER:CHRUSDT:1791030299999:SHORT,CHRUSDT,SHORT,True,PARTIAL_REDUCE_DRAG,REDUCE25,75,LT1,0.11114110934076216,1791030439374,1791030444365,4.991,0.0674260726271303,0.6066708621775568,0.11114110934076216,4.991,0.008758773134368236,1,4.991,5,RECOVERED_NEW_HIGH,1791030534278,89.913
PAPER:CHRUSDT:1791030299999:SHORT,CHRUSDT,SHORT,True,PARTIAL_REDUCE_DRAG,REDUCE25,95,LT1,0.19857118276803698,1791030609290,1791030614356,5.066,0.15485614605439402,0.7798520605846965,0.19857118276803698,5.066,0.008629103180742788,1,5.066,4,RECOVERED_NEW_HIGH,1791030624283,9.927
PAPER:CHRUSDT:1791030299999:SHORT,CHRUSDT,SHORT,True,PARTIAL_REDUCE_DRAG,REDUCE25,90,LT1,0.19857118276803698,1791030609290,1791030614356,5.066,0.15485614605439402,0.7798520605846965,0.19857118276803698,5.066,0.008629103180742788,1,5.066,4,RECOVERED_NEW_HIGH,1791030624283,9.927
PAPER:CHRUSDT:1791030299999:SHORT,CHRUSDT,SHORT,True,PARTIAL_REDUCE_DRAG,REDUCE25,85,LT1,0.19857118276803698,1791030609290,1791030614356,5.066,0.15485614605439402,0.7798520605846965,0.19857118276803698,5.066,0.008629103180742788,1,5.066,4,RECOVERED_NEW_HIGH,1791030624283,9.927
PAPER:CHRUSDT:1791030299999:SHORT,CHRUSDT,SHORT,True,PARTIAL_REDUCE_DRAG,REDUCE25,80,LT1,0.19857118276803698,1791030609290,1791030614356,5.066,0.15485614605439402,0.7798520605846965,0.19857118276803698,5.066,0.008629103180742788,1,5.066,4,RECOVERED_NEW_HIGH,1791030624283,9.927
PAPER:CHRUSDT:1791030299999:SHORT,CHRUSDT,SHORT,True,PARTIAL_REDUCE_DRAG,REDUCE25,95,LT1,0.2860012561953007,1791030624283,1791030634287,10.004,0.24228621948166884,0.847150892638806,0.2860012561953007,4.945,0.008840250093757706,2,10.004,3,RECOVERED_NEW_HIGH,1791031159351,525.064
PAPER:CHRUSDT:1791030299999:SHORT,CHRUSDT,SHORT,True,PARTIAL_REDUCE_DRAG,REDUCE25,90,LT1,0.2860012561953007,1791030624283,1791030634287,10.004,0.24228621948166884,0.847150892638806,0.2860012561953007,4.945,0.008840250093757706,2,10.004,3,RECOVERED_NEW_HIGH,1791031159351,525.064
PAPER:CHRUSDT:1791030299999:SHORT,CHRUSDT,SHORT,True,PARTIAL_REDUCE_DRAG,REDUCE25,85,LT1,0.2860012561953007,1791030624283,1791030634287,10.004,0.24228621948166884,0.847150892638806,0.2860012561953007,4.945,0.008840250093757706,2,10.004,3,RECOVERED_NEW_HIGH,1791031159351,525.064
PAPER:CHRUSDT:1791030299999:SHORT,CHRUSDT,SHORT,True,PARTIAL_REDUCE_DRAG,REDUCE25,80,LT1,0.2860012561953007,1791030624283,1791030644348,20.065,0.19857118276803698,0.694301785277612,0.24228621948166884,5.057,0.008644460493104975,4,20.065,2,RECOVERED_NEW_HIGH,1791031159351,515.003
PAPER:CHRUSDT:1791030299999:SHORT,CHRUSDT,SHORT,True,PARTIAL_REDUCE_DRAG,REDUCE25,75,LT1,0.2860012561953007,1791030624283,1791030644348,20.065,0.19857118276803698,0.694301785277612,0.24228621948166884,5.057,0.008644460493104975,4,20.065,2,RECOVERED_NEW_HIGH,1791031159351,515.003
PAPER:CHRUSDT:1791030299999:SHORT,CHRUSDT,SHORT,True,PARTIAL_REDUCE_DRAG,REDUCE25,95,LT1,0.6357215499043889,1791031169349,1791031174322,4.973,0.3734313296225755,0.5874133568049389,0.6357215499043889,4.973,0.052742855475932715,1,4.973,5,FINAL_REVERSAL,,
PAPER:CHRUSDT:1791030299999:SHORT,CHRUSDT,SHORT,True,PARTIAL_REDUCE_DRAG,REDUCE25,90,LT1,0.6357215499043889,1791031169349,1791031174322,4.973,0.3734313296225755,0.5874133568049389,0.6357215499043889,4.973,0.052742855475932715,1,4.973,5,FINAL_REVERSAL,,
PAPER:CHRUSDT:1791030299999:SHORT,CHRUSDT,SHORT,True,PARTIAL_REDUCE_DRAG,REDUCE25,85,LT1,0.6357215499043889,1791031169349,1791031174322,4.973,0.3734313296225755,0.5874133568049389,0.6357215499043889,4.973,0.052742855475932715,1,4.973,5,FINAL_REVERSAL,,
PAPER:CHRUSDT:1791030299999:SHORT,CHRUSDT,SHORT,True,PARTIAL_REDUCE_DRAG,REDUCE25,80,LT1,0.6357215499043889,1791031169349,1791031174322,4.973,0.3734313296225755,0.5874133568049389,0.6357215499043889,4.973,0.052742855475932715,1,4.973,5,FINAL_REVERSAL,,
PAPER:CHRUSDT:1791030299999:SHORT,CHRUSDT,SHORT,True,PARTIAL_REDUCE_DRAG,REDUCE25,75,LT1,0.6357215499043889,1791031169349,1791031174322,4.973,0.3734313296225755,0.5874133568049389,0.6357215499043889,4.973,0.052742855475932715,1,4.973,5,FINAL_REVERSAL,,
PAPER:BOMEUSDT:1791030599999:SHORT,BOMEUSDT,SHORT,True,PARTIAL_REDUCE_DRAG,REDUCE25,95,LT1,0.07002300550117413,1791030664487,1791030669473,4.986,0.010005001300283922,0.142881631953318,0.07002300550117413,4.986,0.012037305295004054,1,4.986,5,RECOVERED_NEW_HIGH,1791030689522,20.049
PAPER:BOMEUSDT:1791030599999:SHORT,BOMEUSDT,SHORT,True,PARTIAL_REDUCE_DRAG,REDUCE25,90,LT1,0.07002300550117413,1791030664487,1791030669473,4.986,0.010005001300283922,0.142881631953318,0.07002300550117413,4.986,0.012037305295004054,1,4.986,5,RECOVERED_NEW_HIGH,1791030689522,20.049
PAPER:BOMEUSDT:1791030599999:SHORT,BOMEUSDT,SHORT,True,PARTIAL_REDUCE_DRAG,REDUCE25,85,LT1,0.07002300550117413,1791030664487,1791030669473,4.986,0.010005001300283922,0.142881631953318,0.07002300550117413,4.986,0.012037305295004054,1,4.986,5,RECOVERED_NEW_HIGH,1791030689522,20.049
PAPER:BOMEUSDT:1791030599999:SHORT,BOMEUSDT,SHORT,True,PARTIAL_REDUCE_DRAG,REDUCE25,80,LT1,0.07002300550117413,1791030664487,1791030669473,4.986,0.010005001300283922,0.142881631953318,0.07002300550117413,4.986,0.012037305295004054,1,4.986,5,RECOVERED_NEW_HIGH,1791030689522,20.049
PAPER:BOMEUSDT:1791030599999:SHORT,BOMEUSDT,SHORT,True,PARTIAL_REDUCE_DRAG,REDUCE25,75,LT1,0.07002300550117413,1791030664487,1791030669473,4.986,0.010005001300283922,0.142881631953318,0.07002300550117413,4.986,0.012037305295004054,1,4.986,5,RECOVERED_NEW_HIGH,1791030689522,20.049
PAPER:BOMEUSDT:1791030599999:SHORT,BOMEUSDT,SHORT,True,PARTIAL_REDUCE_DRAG,REDUCE25,95,LT1,0.09002900690149307,1791030689522,1791030694466,4.944,0.060020004801042415,0.6666740739094726,0.09002900690149307,4.944,0.006069781978246491,1,4.944,5,RECOVERED_NEW_HIGH,1791030724488,30.022
PAPER:BOMEUSDT:1791030599999:SHORT,BOMEUSDT,SHORT,True,PARTIAL_REDUCE_DRAG,REDUCE25,90,LT1,0.09002900690149307,1791030689522,1791030694466,4.944,0.060020004801042415,0.6666740739094726,0.09002900690149307,4.944,0.006069781978246491,1,4.944,5,RECOVERED_NEW_HIGH,1791030724488,30.022
PAPER:BOMEUSDT:1791030599999:SHORT,BOMEUSDT,SHORT,True,PARTIAL_REDUCE_DRAG,REDUCE25,85,LT1,0.09002900690149307,1791030689522,1791030694466,4.944,0.060020004801042415,0.6666740739094726,0.09002900690149307,4.944,0.006069781978246491,1,4.944,5,RECOVERED_NEW_HIGH,1791030724488,30.022
PAPER:BOMEUSDT:1791030599999:SHORT,BOMEUSDT,SHORT,True,PARTIAL_REDUCE_DRAG,REDUCE25,80,LT1,0.09002900690149307,1791030689522,1791030694466,4.944,0.060020004801042415,0.6666740739094726,0.09002900690149307,4.944,0.006069781978246491,1,4.944,5,RECOVERED_NEW_HIGH,1791030724488,30.022
PAPER:BOMEUSDT:1791030599999:SHORT,BOMEUSDT,SHORT,True,PARTIAL_REDUCE_DRAG,REDUCE25,75,LT1,0.09002900690149307,1791030689522,1791030694466,4.944,0.060020004801042415,0.6666740739094726,0.09002900690149307,4.944,0.006069781978246491,1,4.944,5,RECOVERED_NEW_HIGH,1791030724488,30.022
PAPER:BOMEUSDT:1791030599999:SHORT,BOMEUSDT,SHORT,True,PARTIAL_REDUCE_DRAG,REDUCE25,95,LT1,0.1600500118025372,1791030739488,1791030749545,10.057,0.13004100970208654,0.8125023437206961,0.1600500118025372,5.061,0.005929460995939667,2,10.057,3,RECOVERED_NEW_HIGH,1791031354456,604.911
PAPER:BOMEUSDT:1791030599999:SHORT,BOMEUSDT,SHORT,True,PARTIAL_REDUCE_DRAG,REDUCE25,90,LT1,0.1600500118025372,1791030739488,1791030749545,10.057,0.13004100970208654,0.8125023437206961,0.1600500118025372,5.061,0.005929460995939667,2,10.057,3,RECOVERED_NEW_HIGH,1791031354456,604.911
PAPER:BOMEUSDT:1791030599999:SHORT,BOMEUSDT,SHORT,True,PARTIAL_REDUCE_DRAG,REDUCE25,85,LT1,0.1600500118025372,1791030739488,1791030749545,10.057,0.13004100970208654,0.8125023437206961,0.1600500118025372,5.061,0.005929460995939667,2,10.057,3,RECOVERED_NEW_HIGH,1791031354456,604.911
PAPER:BOMEUSDT:1791030599999:SHORT,BOMEUSDT,SHORT,True,PARTIAL_REDUCE_DRAG,REDUCE25,80,LT1,0.1600500118025372,1791030739488,1791030764532,25.044,0.12003800900193262,0.7500031249609049,0.13004100970208654,5.047,0.0019819696255506084,5,25.044,1,RECOVERED_NEW_HIGH,1791031354456,589.924
PAPER:BOMEUSDT:1791030599999:SHORT,BOMEUSDT,SHORT,True,PARTIAL_REDUCE_DRAG,REDUCE25,75,LT1,0.1600500118025372,1791030739488,1791030769495,30.007,0.1100350083017787,0.6875039062011139,0.12003800900193262,4.963,0.00201551495066571,6,30.007,1,RECOVERED_NEW_HIGH,1791031354456,584.961
PAPER:BOMEUSDT:1791030599999:SHORT,BOMEUSDT,SHORT,True,PARTIAL_REDUCE_DRAG,REDUCE25,95,LT1,0.3200980230049444,1791031374461,1791031384457,9.996,0.24007401740373524,0.7500015624902092,0.3200980230049444,4.982,0.016062626575915125,2,9.996,4,RECOVERED_NEW_HIGH,1791031394559,10.102
PAPER:BOMEUSDT:1791030599999:SHORT,BOMEUSDT,SHORT,True,PARTIAL_REDUCE_DRAG,REDUCE25,90,LT1,0.3200980230049444,1791031374461,1791031384457,9.996,0.24007401740373524,0.7500015624902092,0.3200980230049444,4.982,0.016062626575915125,2,9.996,4,RECOVERED_NEW_HIGH,1791031394559,10.102
PAPER:BOMEUSDT:1791030599999:SHORT,BOMEUSDT,SHORT,True,PARTIAL_REDUCE_DRAG,REDUCE25,85,LT1,0.3200980230049444,1791031374461,1791031384457,9.996,0.24007401740373524,0.7500015624902092,0.3200980230049444,4.982,0.016062626575915125,2,9.996,4,RECOVERED_NEW_HIGH,1791031394559,10.102
PAPER:BOMEUSDT:1791030599999:SHORT,BOMEUSDT,SHORT,True,PARTIAL_REDUCE_DRAG,REDUCE25,80,LT1,0.3200980230049444,1791031374461,1791031384457,9.996,0.24007401740373524,0.7500015624902092,0.3200980230049444,4.982,0.016062626575915125,2,9.996,4,RECOVERED_NEW_HIGH,1791031394559,10.102
PAPER:BOMEUSDT:1791030599999:SHORT,BOMEUSDT,SHORT,True,PARTIAL_REDUCE_DRAG,REDUCE25,95,LT1,0.3301010237050983,1791031394559,1791031404470,9.911,0.25007701810388916,0.7575772268046644,0.3200980230049444,4.995,0.014018219199410455,2,9.911,4,RECOVERED_NEW_HIGH,1791033104530,1700.06
PAPER:BOMEUSDT:1791030599999:SHORT,BOMEUSDT,SHORT,True,PARTIAL_REDUCE_DRAG,REDUCE25,90,LT1,0.3301010237050983,1791031394559,1791031404470,9.911,0.25007701810388916,0.7575772268046644,0.3200980230049444,4.995,0.014018219199410455,2,9.911,4,RECOVERED_NEW_HIGH,1791033104530,1700.06
PAPER:BOMEUSDT:1791030599999:SHORT,BOMEUSDT,SHORT,True,PARTIAL_REDUCE_DRAG,REDUCE25,85,LT1,0.3301010237050983,1791031394559,1791031404470,9.911,0.25007701810388916,0.7575772268046644,0.3200980230049444,4.995,0.014018219199410455,2,9.911,4,RECOVERED_NEW_HIGH,1791033104530,1700.06
PAPER:BOMEUSDT:1791030599999:SHORT,BOMEUSDT,SHORT,True,PARTIAL_REDUCE_DRAG,REDUCE25,80,LT1,0.3301010237050983,1791031394559,1791031404470,9.911,0.25007701810388916,0.7575772268046644,0.3200980230049444,4.995,0.014018219199410455,2,9.911,4,RECOVERED_NEW_HIGH,1791033104530,1700.06
PAPER:BOMEUSDT:1791030599999:SHORT,BOMEUSDT,SHORT,True,PARTIAL_REDUCE_DRAG,REDUCE25,75,LT1,0.3301010237050983,1791031394559,1791031414464,19.905,0.24007401740373524,0.727274380155239,0.2700830195041859,4.925,0.00609319839603059,1,4.925,2,RECOVERED_NEW_HIGH,1791033104530,1690.066
PAPER:BOMEUSDT:1791030599999:SHORT,BOMEUSDT,SHORT,True,PARTIAL_REDUCE_DRAG,REDUCE25,95,LT1,0.46014003280703264,1791033134517,1791033144490,9.973,0.4301310307065931,0.9347828922483162,0.440134031406747,5.004,0.0019990009392793604,2,9.973,1,RECOVERED_NEW_HIGH,1791033229501,85.011
PAPER:BOMEUSDT:1791030599999:SHORT,BOMEUSDT,SHORT,True,PARTIAL_REDUCE_DRAG,REDUCE25,90,LT1,0.46014003280703264,1791033134517,1791033149499,14.982,0.41012502930629635,0.8913048204138524,0.4301310307065931,5.009,0.003994011060151075,3,14.982,1,RECOVERED_NEW_HIGH,1791033229501,80.002
PAPER:BOMEUSDT:1791030599999:SHORT,BOMEUSDT,SHORT,True,PARTIAL_REDUCE_DRAG,REDUCE25,85,LT1,0.46014003280703264,1791033134517,1791033194529,60.012,0.3801160272058346,0.8260877126621203,0.42012803000642807,5.014,0.007980056402192555,4,20.022,2,RECOVERED_NEW_HIGH,1791033229501,34.972
PAPER:BOMEUSDT:1791030599999:SHORT,BOMEUSDT,SHORT,True,PARTIAL_REDUCE_DRAG,REDUCE25,95,LT1,0.5301610377080768,1791033229501,1791033234505,5.004,0.42012803000642807,0.7924536133825882,0.5301610377080768,5.004,0.02198901033206409,1,5.004,4,RECOVERED_NEW_HIGH,1791033509422,274.917
PAPER:BOMEUSDT:1791030599999:SHORT,BOMEUSDT,SHORT,True,PARTIAL_REDUCE_DRAG,REDUCE25,90,LT1,0.5301610377080768,1791033229501,1791033234505,5.004,0.42012803000642807,0.7924536133825882,0.5301610377080768,5.004,0.02198901033206409,1,5.004,4,RECOVERED_NEW_HIGH,1791033509422,274.917
PAPER:BOMEUSDT:1791030599999:SHORT,BOMEUSDT,SHORT,True,PARTIAL_REDUCE_DRAG,REDUCE25,85,LT1,0.5301610377080768,1791033229501,1791033234505,5.004,0.42012803000642807,0.7924536133825882,0.5301610377080768,5.004,0.02198901033206409,1,5.004,4,RECOVERED_NEW_HIGH,1791033509422,274.917
PAPER:BOMEUSDT:1791030599999:SHORT,BOMEUSDT,SHORT,True,PARTIAL_REDUCE_DRAG,REDUCE25,80,LT1,0.5301610377080768,1791033229501,1791033234505,5.004,0.42012803000642807,0.7924536133825882,0.5301610377080768,5.004,0.02198901033206409,1,5.004,4,RECOVERED_NEW_HIGH,1791033509422,274.917
PAPER:BOMEUSDT:1791030599999:SHORT,BOMEUSDT,SHORT,True,PARTIAL_REDUCE_DRAG,REDUCE25,75,LT1,0.5301610377080768,1791033229501,1791033239534,10.033,0.3801160272058346,0.7169822000671773,0.42012803000642807,5.029,0.007956254285264162,2,10.033,1,RECOVERED_NEW_HIGH,1791033509422,269.888
PAPER:BOMEUSDT:1791030599999:SHORT,BOMEUSDT,SHORT,True,PARTIAL_REDUCE_DRAG,REDUCE25,95,LT1,0.5401640384082307,1791033509422,1791033534419,24.997,0.5101550363077911,0.9444446502050177,0.5301610377080768,5.003,0.003998800999457452,5,24.997,1,RECOVERED_NEW_HIGH,1791033594414,59.995
PAPER:BOMEUSDT:1791030599999:SHORT,BOMEUSDT,SHORT,True,PARTIAL_REDUCE_DRAG,REDUCE25,95,LT1,0.7602300538115281,1791033594414,1791033599425,5.011,0.6802060482103522,0.8947371191128746,0.7602300538115281,5.011,0.01596966785096305,1,5.011,2,RECOVERED_NEW_HIGH,1791033704429,105.004
PAPER:BOMEUSDT:1791030599999:SHORT,BOMEUSDT,SHORT,True,PARTIAL_REDUCE_DRAG,REDUCE25,90,LT1,0.7602300538115281,1791033594414,1791033599425,5.011,0.6802060482103522,0.8947371191128746,0.7602300538115281,5.011,0.01596966785096305,1,5.011,2,RECOVERED_NEW_HIGH,1791033704429,105.004
PAPER:BOMEUSDT:1791030599999:SHORT,BOMEUSDT,SHORT,True,PARTIAL_REDUCE_DRAG,REDUCE25,85,LT1,0.7602300538115281,1791033594414,1791033684418,90.004,0.6301910447095938,0.8289478185583902,0.6802060482103522,4.996,0.010011009507757905,4,19.993,1,RECOVERED_NEW_HIGH,1791033704429,20.011
PAPER:BOMEUSDT:1791030599999:SHORT,BOMEUSDT,SHORT,True,PARTIAL_REDUCE_DRAG,REDUCE25,95,LT1,0.770233054511682,1791033704429,1791033719432,15.003,0.7202180510109568,0.9350651037270349,0.7502270531113964,5.009,0.005991016590225504,3,15.003,1,RECOVERED_NEW_HIGH,1791033724425,4.993
PAPER:BOMEUSDT:1791030599999:SHORT,BOMEUSDT,SHORT,True,PARTIAL_REDUCE_DRAG,REDUCE25,95,LT1,0.9302810657140892,1791033779432,1791033809436,30.004,0.8802660622133307,0.9462366747598301,0.8902690629134957,5.008,0.001997404293163942,6,30.004,1,FINAL_REVERSAL,,
PAPER:BOMEUSDT:1791030599999:SHORT,BOMEUSDT,SHORT,True,PARTIAL_REDUCE_DRAG,REDUCE25,90,LT1,0.9302810657140892,1791033779432,1791033829429,49.997,0.780236055211847,0.8387100242795259,0.8402540594127372,4.992,0.01202283737998602,10,49.997,2,FINAL_REVERSAL,,
PAPER:BOMEUSDT:1791030599999:SHORT,BOMEUSDT,SHORT,True,PARTIAL_REDUCE_DRAG,REDUCE25,85,LT1,0.9302810657140892,1791033779432,1791033829429,49.997,0.780236055211847,0.8387100242795259,0.8402540594127372,4.992,0.01202283737998602,10,49.997,2,FINAL_REVERSAL,,
PAPER:BOMEUSDT:1791030599999:SHORT,BOMEUSDT,SHORT,True,PARTIAL_REDUCE_DRAG,REDUCE25,80,LT1,0.9302810657140892,1791033779432,1791033929442,150.01,0.7402240524112425,0.7956993640873924,0.7902390559120009,4.873,0.010263698645753846,6,29.979,1,FINAL_REVERSAL,,
PAPER:BOMEUSDT:1791030599999:SHORT,BOMEUSDT,SHORT,True,PARTIAL_REDUCE_DRAG,REDUCE25,75,LT1,0.9302810657140892,1791033779432,1791034134432,355.0,0.6802060482103522,0.73118337379921,0.7402240524112425,4.993,0.012020429441395995,7,34.991,1,FINAL_REVERSAL,,
PAPER:STXUSDT:1791030599999:LONG,STXUSDT,LONG,True,PARTIAL_REDUCE_DRAG,REDUCE25,95,LT1,0.0070037302288383785,1791030769598,1791030774580,4.982,-0.04699573182852523,-6.7101002313048586,0.0070037302288383785,4.982,0.010838912496459978,1,4.982,5,RECOVERED_NEW_HIGH,1791030784583,10.003
PAPER:STXUSDT:1791030599999:LONG,STXUSDT,LONG,True,PARTIAL_REDUCE_DRAG,REDUCE25,90,LT1,0.0070037302288383785,1791030769598,1791030774580,4.982,-0.04699573182852523,-6.7101002313048586,0.0070037302288383785,4.982,0.010838912496459978,1,4.982,5,RECOVERED_NEW_HIGH,1791030784583,10.003
PAPER:STXUSDT:1791030599999:LONG,STXUSDT,LONG,True,PARTIAL_REDUCE_DRAG,REDUCE25,85,LT1,0.0070037302288383785,1791030769598,1791030774580,4.982,-0.04699573182852523,-6.7101002313048586,0.0070037302288383785,4.982,0.010838912496459978,1,4.982,5,RECOVERED_NEW_HIGH,1791030784583,10.003
PAPER:STXUSDT:1791030599999:LONG,STXUSDT,LONG,True,PARTIAL_REDUCE_DRAG,REDUCE25,80,LT1,0.0070037302288383785,1791030769598,1791030774580,4.982,-0.04699573182852523,-6.7101002313048586,0.0070037302288383785,4.982,0.010838912496459978,1,4.982,5,RECOVERED_NEW_HIGH,1791030784583,10.003
PAPER:STXUSDT:1791030599999:LONG,STXUSDT,LONG,True,PARTIAL_REDUCE_DRAG,REDUCE25,75,LT1,0.0070037302288383785,1791030769598,1791030774580,4.982,-0.04699573182852523,-6.7101002313048586,0.0070037302288383785,4.982,0.010838912496459978,1,4.982,5,RECOVERED_NEW_HIGH,1791030784583,10.003
PAPER:STXUSDT:1791030599999:LONG,STXUSDT,LONG,True,PARTIAL_REDUCE_DRAG,REDUCE25,95,LT1,0.08800292331487825,1791030784583,1791030794719,10.136,0.06100319228619089,0.6931950665765823,0.08800292331487825,5.143,0.005249801872192759,2,10.136,5,RECOVERED_NEW_HIGH,1791030804541,9.822
PAPER:STXUSDT:1791030599999:LONG,STXUSDT,LONG,True,PARTIAL_REDUCE_DRAG,REDUCE25,90,LT1,0.08800292331487825,1791030784583,1791030794719,10.136,0.06100319228619089,0.6931950665765823,0.08800292331487825,5.143,0.005249801872192759,2,10.136,5,RECOVERED_NEW_HIGH,1791030804541,9.822
PAPER:STXUSDT:1791030599999:LONG,STXUSDT,LONG,True,PARTIAL_REDUCE_DRAG,REDUCE25,85,LT1,0.08800292331487825,1791030784583,1791030794719,10.136,0.06100319228619089,0.6931950665765823,0.08800292331487825,5.143,0.005249801872192759,2,10.136,5,RECOVERED_NEW_HIGH,1791030804541,9.822
PAPER:STXUSDT:1791030599999:LONG,STXUSDT,LONG,True,PARTIAL_REDUCE_DRAG,REDUCE25,80,LT1,0.08800292331487825,1791030784583,1791030794719,10.136,0.06100319228619089,0.6931950665765823,0.08800292331487825,5.143,0.005249801872192759,2,10.136,5,RECOVERED_NEW_HIGH,1791030804541,9.822
PAPER:STXUSDT:1791030599999:LONG,STXUSDT,LONG,True,PARTIAL_REDUCE_DRAG,REDUCE25,75,LT1,0.08800292331487825,1791030784583,1791030794719,10.136,0.06100319228619089,0.6931950665765823,0.08800292331487825,5.143,0.005249801872192759,2,10.136,5,RECOVERED_NEW_HIGH,1791030804541,9.822
PAPER:STXUSDT:1791030599999:LONG,STXUSDT,LONG,True,PARTIAL_REDUCE_DRAG,REDUCE25,95,LT1,0.33100050257299785,1791030814541,1791030819545,5.004,0.3040007715443105,0.9184299394749924,0.33100050257299785,5.004,0.005395629701975891,1,5.004,1,RECOVERED_NEW_HIGH,1791030824712,5.167
PAPER:STXUSDT:1791030599999:LONG,STXUSDT,LONG,True,PARTIAL_REDUCE_DRAG,REDUCE25,95,LT1,0.6819970059458225,1791030834550,1791030839701,5.151,0.62799754388847,0.9208215555397289,0.6819970059458225,5.151,0.010483296846700157,1,5.151,1,RECOVERED_NEW_HIGH,1791030844565,4.864
PAPER:STXUSDT:1791030599999:LONG,STXUSDT,LONG,True,PARTIAL_REDUCE_DRAG,REDUCE25,95,LT1,0.7899959300605497,1791030844565,1791030854574,10.009,0.735996468003175,0.9316458984121148,0.7899959300605497,5.016,0.01076544299389448,2,10.009,1,FINAL_REVERSAL,,
PAPER:STXUSDT:1791030599999:LONG,STXUSDT,LONG,True,PARTIAL_REDUCE_DRAG,REDUCE25,90,LT1,0.7899959300605497,1791030844565,1791030864532,19.967,0.7089967369745098,0.8974688476182002,0.735996468003175,4.967,0.005435822635124855,4,19.967,1,FINAL_REVERSAL,,
PAPER:STXUSDT:1791030599999:LONG,STXUSDT,LONG,True,PARTIAL_REDUCE_DRAG,REDUCE25,85,LT1,0.7899959300605497,1791030844565,1791030874559,29.994,0.6549972749171573,0.8291147460303431,0.6819970059458225,4.89,0.005521417388275083,6,29.994,1,FINAL_REVERSAL,,
PAPER:STXUSDT:1791030599999:LONG,STXUSDT,LONG,True,PARTIAL_REDUCE_DRAG,REDUCE25,80,LT1,0.7899959300605497,1791030844565,1791030919578,75.013,0.62799754388847,0.7949376952364005,0.6549972749171573,4.892,0.00551916006310044,5,25.038,1,FINAL_REVERSAL,,
PAPER:STXUSDT:1791030599999:LONG,STXUSDT,LONG,True,PARTIAL_REDUCE_DRAG,REDUCE25,75,LT1,0.7899959300605497,1791030844565,1791030944691,100.126,0.358000233601663,0.45316718729705846,0.62799754388847,5.099,0.05295103163106628,3,14.899,1,FINAL_REVERSAL,,
PAPER:FILUSDT:1791030599999:SHORT,FILUSDT,SHORT,True,PARTIAL_REDUCE_DRAG,REDUCE25,95,LT1,0.12192202890486392,1791030714637,1791030719737,5.1,0.11246029359118781,0.9223951947103904,0.12192202890486392,5.1,0.0018552422183678652,1,5.1,1,RECOVERED_NEW_HIGH,1791031044600,324.863
PAPER:FILUSDT:1791030599999:SHORT,FILUSDT,SHORT,True,PARTIAL_REDUCE_DRAG,REDUCE25,90,LT1,0.12192202890486392,1791030714637,1791030734742,20.105,0.07461335233651667,0.6119759735522254,0.11246029359118781,5.013,0.007549758877851813,4,20.105,4,RECOVERED_NEW_HIGH,1791031044600,309.858
PAPER:FILUSDT:1791030599999:SHORT,FILUSDT,SHORT,True,PARTIAL_REDUCE_DRAG,REDUCE25,85,LT1,0.12192202890486392,1791030714637,1791030734742,20.105,0.07461335233651667,0.6119759735522254,0.11246029359118781,5.013,0.007549758877851813,4,20.105,4,RECOVERED_NEW_HIGH,1791031044600,309.858
PAPER:FILUSDT:1791030599999:SHORT,FILUSDT,SHORT,True,PARTIAL_REDUCE_DRAG,REDUCE25,80,LT1,0.12192202890486392,1791030714637,1791030734742,20.105,0.07461335233651667,0.6119759735522254,0.11246029359118781,5.013,0.007549758877851813,4,20.105,4,RECOVERED_NEW_HIGH,1791031044600,309.858
PAPER:FILUSDT:1791030599999:SHORT,FILUSDT,SHORT,True,PARTIAL_REDUCE_DRAG,REDUCE25,75,LT1,0.12192202890486392,1791030714637,1791030734742,20.105,0.07461335233651667,0.6119759735522254,0.11246029359118781,5.013,0.007549758877851813,4,20.105,4,RECOVERED_NEW_HIGH,1791031044600,309.858
PAPER:FILUSDT:1791030599999:SHORT,FILUSDT,SHORT,True,PARTIAL_REDUCE_DRAG,REDUCE25,95,LT1,0.13138376421852893,1791031044600,1791031049713,5.113,0.12192202890486392,0.9279839836379826,0.13138376421852893,5.113,0.001850525193362998,1,5.113,1,RECOVERED_NEW_HIGH,1791031074604,24.891
PAPER:FILUSDT:1791030599999:SHORT,FILUSDT,SHORT,True,PARTIAL_REDUCE_DRAG,REDUCE25,95,LT1,0.33008020580560515,1791031094657,1791031104567,9.91,0.31115673517825293,0.9426700835296471,0.33008020580560515,4.969,0.003808305620316406,2,9.91,1,RECOVERED_NEW_HIGH,1791031349660,245.093
PAPER:FILUSDT:1791030599999:SHORT,FILUSDT,SHORT,True,PARTIAL_REDUCE_DRAG,REDUCE25,90,LT1,0.33008020580560515,1791031094657,1791031129559,34.902,0.25438632329624067,0.7706803341187232,0.31115673517825293,4.872,0.011652383391217623,7,34.902,3,RECOVERED_NEW_HIGH,1791031349660,220.101
PAPER:FILUSDT:1791030599999:SHORT,FILUSDT,SHORT,True,PARTIAL_REDUCE_DRAG,REDUCE25,85,LT1,0.33008020580560515,1791031094657,1791031129559,34.902,0.25438632329624067,0.7706803341187232,0.31115673517825293,4.872,0.011652383391217623,7,34.902,3,RECOVERED_NEW_HIGH,1791031349660,220.101
PAPER:FILUSDT:1791030599999:SHORT,FILUSDT,SHORT,True,PARTIAL_REDUCE_DRAG,REDUCE25,80,LT1,0.33008020580560515,1791031094657,1791031129559,34.902,0.25438632329624067,0.7706803341187232,0.31115673517825293,4.872,0.011652383391217623,7,34.902,3,RECOVERED_NEW_HIGH,1791031349660,220.101
PAPER:FILUSDT:1791030599999:SHORT,FILUSDT,SHORT,True,PARTIAL_REDUCE_DRAG,REDUCE25,75,LT1,0.33008020580560515,1791031094657,1791031134557,39.9,0.21653938204156953,0.6560205011781183,0.25438632329624067,4.998,0.007572417217821356,8,39.9,1,RECOVERED_NEW_HIGH,1791031349660,215.103
PAPER:FILUSDT:1791030599999:SHORT,FILUSDT,SHORT,True,PARTIAL_REDUCE_DRAG,REDUCE25,95,LT1,0.40577408831495854,1791031359559,1791031364637,5.078,0.3773888823739524,0.9300467753895272,0.40577408831495854,5.078,0.005589839689052014,1,5.078,1,RECOVERED_NEW_HIGH,1791031374566,9.929
PAPER:FILUSDT:1791030599999:SHORT,FILUSDT,SHORT,True,PARTIAL_REDUCE_DRAG,REDUCE25,95,LT1,0.42469755894228856,1791031394734,1791031399570,4.836,0.3773888823739524,0.8886061961689663,0.42469755894228856,4.836,0.009782604749449163,1,4.836,2,RECOVERED_NEW_HIGH,1791032414673,1015.103
PAPER:FILUSDT:1791030599999:SHORT,FILUSDT,SHORT,True,PARTIAL_REDUCE_DRAG,REDUCE25,90,LT1,0.42469755894228856,1791031394734,1791031399570,4.836,0.3773888823739524,0.8886061961689663,0.42469755894228856,4.836,0.009782604749449163,1,4.836,2,RECOVERED_NEW_HIGH,1791032414673,1015.103
PAPER:FILUSDT:1791030599999:SHORT,FILUSDT,SHORT,True,PARTIAL_REDUCE_DRAG,REDUCE25,85,LT1,0.42469755894228856,1791031394734,1791031419575,24.841,0.33008020580560515,0.7772123923379065,0.3679271470602763,5.005,0.007561826424509719,5,24.841,2,RECOVERED_NEW_HIGH,1791032414673,995.098
PAPER:FILUSDT:1791030599999:SHORT,FILUSDT,SHORT,True,PARTIAL_REDUCE_DRAG,REDUCE25,80,LT1,0.42469755894228856,1791031394734,1791031419575,24.841,0.33008020580560515,0.7772123923379065,0.3679271470602763,5.005,0.007561826424509719,5,24.841,2,RECOVERED_NEW_HIGH,1791032414673,995.098
PAPER:FILUSDT:1791030599999:SHORT,FILUSDT,SHORT,True,PARTIAL_REDUCE_DRAG,REDUCE25,75,LT1,0.42469755894228856,1791031394734,1791031514647,119.913,0.31115673517825293,0.7326548708054512,0.33954194111928127,5.029,0.00564430422370816,4,20.06,1,RECOVERED_NEW_HIGH,1791032414673,900.026
PAPER:FILUSDT:1791030599999:SHORT,FILUSDT,SHORT,True,PARTIAL_REDUCE_DRAG,REDUCE25,95,LT1,0.5003914414516419,1791032414673,1791032419565,4.892,0.4625445001969708,0.924365330580242,0.5003914414516419,4.892,0.007736496576997371,1,4.892,1,RECOVERED_NEW_HIGH,1791032444693,25.128
PAPER:FILUSDT:1791030599999:SHORT,FILUSDT,SHORT,True,PARTIAL_REDUCE_DRAG,REDUCE25,95,LT1,0.5193149120789942,1791032449568,1791032469587,20.019,0.4909297061379658,0.9453410536058118,0.509853176765307,5.002,0.0037831808531269737,2,9.926,1,FINAL_REVERSAL,,
PAPER:FILUSDT:1791030599999:SHORT,FILUSDT,SHORT,True,PARTIAL_REDUCE_DRAG,REDUCE25,90,LT1,0.5193149120789942,1791032449568,1791032474669,25.101,0.4530827648832947,0.8724624584136248,0.4909297061379658,5.082,0.007447253296865632,3,15.008,1,FINAL_REVERSAL,,
PAPER:FILUSDT:1791030599999:SHORT,FILUSDT,SHORT,True,PARTIAL_REDUCE_DRAG,REDUCE25,85,LT1,0.5193149120789942,1791032449568,1791032479583,30.015,0.3963123530012824,0.7631445656253338,0.4530827648832947,4.914,0.011552790370779867,4,19.922,2,FINAL_REVERSAL,,
PAPER:FILUSDT:1791030599999:SHORT,FILUSDT,SHORT,True,PARTIAL_REDUCE_DRAG,REDUCE25,80,LT1,0.5193149120789942,1791032449568,1791032479583,30.015,0.3963123530012824,0.7631445656253338,0.4530827648832947,4.914,0.011552790370779867,4,19.922,2,FINAL_REVERSAL,,
PAPER:FILUSDT:1791030599999:SHORT,FILUSDT,SHORT,True,PARTIAL_REDUCE_DRAG,REDUCE25,75,LT1,0.5193149120789942,1791032449568,1791032484598,35.03,0.3584654117466113,0.690265970433147,0.3963123530012824,5.015,0.007546748006913488,5,24.937,1,FINAL_REVERSAL,,
PAPER:ARUSDT:1791030899999:SHORT,ARUSDT,SHORT,True,OBSERVATION_MISS,REDUCE25,95,LT1,0.04504260921553982,1791030964656,1791030969668,5.012,-0.04168620413871338,-0.9254837777988121,0.04504260921553982,5.012,0.017304232512819873,1,5.012,5,RECOVERED_NEW_HIGH,1791030974821,5.153
PAPER:ARUSDT:1791030899999:SHORT,ARUSDT,SHORT,True,OBSERVATION_MISS,REDUCE25,90,LT1,0.04504260921553982,1791030964656,1791030969668,5.012,-0.04168620413871338,-0.9254837777988121,0.04504260921553982,5.012,0.017304232512819873,1,5.012,5,RECOVERED_NEW_HIGH,1791030974821,5.153
PAPER:ARUSDT:1791030899999:SHORT,ARUSDT,SHORT,True,OBSERVATION_MISS,REDUCE25,85,LT1,0.04504260921553982,1791030964656,1791030969668,5.012,-0.04168620413871338,-0.9254837777988121,0.04504260921553982,5.012,0.017304232512819873,1,5.012,5,RECOVERED_NEW_HIGH,1791030974821,5.153
PAPER:ARUSDT:1791030899999:SHORT,ARUSDT,SHORT,True,OBSERVATION_MISS,REDUCE25,80,LT1,0.04504260921553982,1791030964656,1791030969668,5.012,-0.04168620413871338,-0.9254837777988121,0.04504260921553982,5.012,0.017304232512819873,1,5.012,5,RECOVERED_NEW_HIGH,1791030974821,5.153
PAPER:ARUSDT:1791030899999:SHORT,ARUSDT,SHORT,True,OBSERVATION_MISS,REDUCE25,75,LT1,0.04504260921553982,1791030964656,1791030969668,5.012,-0.04168620413871338,-0.9254837777988121,0.04504260921553982,5.012,0.017304232512819873,1,5.012,5,RECOVERED_NEW_HIGH,1791030974821,5.153
PAPER:ARUSDT:1791030899999:SHORT,ARUSDT,SHORT,True,OBSERVATION_MISS,REDUCE25,95,LT1,0.06672481255410867,1791030974821,1791030979779,4.958,0.0016782025384132204,0.025151101579376153,0.06672481255410867,4.958,0.013119526021721551,1,4.958,5,RECOVERED_NEW_HIGH,1791031019807,40.028
PAPER:ARUSDT:1791030899999:SHORT,ARUSDT,SHORT,True,OBSERVATION_MISS,REDUCE25,90,LT1,0.06672481255410867,1791030974821,1791030979779,4.958,0.0016782025384132204,0.025151101579376153,0.06672481255410867,4.958,0.013119526021721551,1,4.958,5,RECOVERED_NEW_HIGH,1791031019807,40.028
PAPER:ARUSDT:1791030899999:SHORT,ARUSDT,SHORT,True,OBSERVATION_MISS,REDUCE25,85,LT1,0.06672481255410867,1791030974821,1791030979779,4.958,0.0016782025384132204,0.025151101579376153,0.06672481255410867,4.958,0.013119526021721551,1,4.958,5,RECOVERED_NEW_HIGH,1791031019807,40.028
PAPER:ARUSDT:1791030899999:SHORT,ARUSDT,SHORT,True,OBSERVATION_MISS,REDUCE25,80,LT1,0.06672481255410867,1791030974821,1791030979779,4.958,0.0016782025384132204,0.025151101579376153,0.06672481255410867,4.958,0.013119526021721551,1,4.958,5,RECOVERED_NEW_HIGH,1791031019807,40.028
PAPER:ARUSDT:1791030899999:SHORT,ARUSDT,SHORT,True,OBSERVATION_MISS,REDUCE25,75,LT1,0.06672481255410867,1791030974821,1791030979779,4.958,0.0016782025384132204,0.025151101579376153,0.06672481255410867,4.958,0.013119526021721551,1,4.958,5,RECOVERED_NEW_HIGH,1791031019807,40.028
PAPER:ARUSDT:1791030899999:SHORT,ARUSDT,SHORT,True,OBSERVATION_MISS,REDUCE25,95,LT1,0.11008921923123527,1791031019807,1791031024679,4.872,0.02336040587698207,0.2121952180250734,0.11008921923123527,4.872,0.017801480573533087,1,4.872,5,RECOVERED_NEW_HIGH,1791031039667,14.988
PAPER:ARUSDT:1791030899999:SHORT,ARUSDT,SHORT,True,OBSERVATION_MISS,REDUCE25,90,LT1,0.11008921923123527,1791031019807,1791031024679,4.872,0.02336040587698207,0.2121952180250734,0.11008921923123527,4.872,0.017801480573533087,1,4.872,5,RECOVERED_NEW_HIGH,1791031039667,14.988
PAPER:ARUSDT:1791030899999:SHORT,ARUSDT,SHORT,True,OBSERVATION_MISS,REDUCE25,85,LT1,0.11008921923123527,1791031019807,1791031024679,4.872,0.02336040587698207,0.2121952180250734,0.11008921923123527,4.872,0.017801480573533087,1,4.872,5,RECOVERED_NEW_HIGH,1791031039667,14.988
PAPER:ARUSDT:1791030899999:SHORT,ARUSDT,SHORT,True,OBSERVATION_MISS,REDUCE25,80,LT1,0.11008921923123527,1791031019807,1791031024679,4.872,0.02336040587698207,0.2121952180250734,0.11008921923123527,4.872,0.017801480573533087,1,4.872,5,RECOVERED_NEW_HIGH,1791031039667,14.988
PAPER:ARUSDT:1791030899999:SHORT,ARUSDT,SHORT,True,OBSERVATION_MISS,REDUCE25,75,LT1,0.11008921923123527,1791031019807,1791031024679,4.872,0.02336040587698207,0.2121952180250734,0.11008921923123527,4.872,0.017801480573533087,1,4.872,5,RECOVERED_NEW_HIGH,1791031039667,14.988
PAPER:ARUSDT:1791030899999:SHORT,ARUSDT,SHORT,True,OBSERVATION_MISS,REDUCE25,95,LT1,0.19681803258549957,1791031039667,1791031044663,4.996,0.11008921923123527,0.5593451869478042,0.19681803258549957,4.996,0.01735965039116579,1,4.996,5,RECOVERED_NEW_HIGH,1791031084683,40.02
PAPER:ARUSDT:1791030899999:SHORT,ARUSDT,SHORT,True,OBSERVATION_MISS,REDUCE25,90,LT1,0.19681803258549957,1791031039667,1791031044663,4.996,0.11008921923123527,0.5593451869478042,0.19681803258549957,4.996,0.01735965039116579,1,4.996,5,RECOVERED_NEW_HIGH,1791031084683,40.02
PAPER:ARUSDT:1791030899999:SHORT,ARUSDT,SHORT,True,OBSERVATION_MISS,REDUCE25,85,LT1,0.19681803258549957,1791031039667,1791031044663,4.996,0.11008921923123527,0.5593451869478042,0.19681803258549957,4.996,0.01735965039116579,1,4.996,5,RECOVERED_NEW_HIGH,1791031084683,40.02
PAPER:ARUSDT:1791030899999:SHORT,ARUSDT,SHORT,True,OBSERVATION_MISS,REDUCE25,80,LT1,0.19681803258549957,1791031039667,1791031044663,4.996,0.11008921923123527,0.5593451869478042,0.19681803258549957,4.996,0.01735965039116579,1,4.996,5,RECOVERED_NEW_HIGH,1791031084683,40.02
PAPER:ARUSDT:1791030899999:SHORT,ARUSDT,SHORT,True,OBSERVATION_MISS,REDUCE25,75,LT1,0.19681803258549957,1791031039667,1791031044663,4.996,0.11008921923123527,0.5593451869478042,0.19681803258549957,4.996,0.01735965039116579,1,4.996,5,RECOVERED_NEW_HIGH,1791031084683,40.02
PAPER:ARUSDT:1791030899999:SHORT,ARUSDT,SHORT,True,OBSERVATION_MISS,REDUCE25,95,LT1,0.3052290492783216,1791031089784,1791031099639,9.855,0.24018243926262617,0.7868924659383156,0.3052290492783216,4.911,0.013245084507370282,2,9.855,4,RECOVERED_NEW_HIGH,1791031474654,375.015
PAPER:ARUSDT:1791030899999:SHORT,ARUSDT,SHORT,True,OBSERVATION_MISS,REDUCE25,90,LT1,0.3052290492783216,1791031089784,1791031099639,9.855,0.24018243926262617,0.7868924659383156,0.3052290492783216,4.911,0.013245084507370282,2,9.855,4,RECOVERED_NEW_HIGH,1791031474654,375.015
PAPER:ARUSDT:1791030899999:SHORT,ARUSDT,SHORT,True,OBSERVATION_MISS,REDUCE25,85,LT1,0.3052290492783216,1791031089784,1791031099639,9.855,0.24018243926262617,0.7868924659383156,0.3052290492783216,4.911,0.013245084507370282,2,9.855,4,RECOVERED_NEW_HIGH,1791031474654,375.015
PAPER:ARUSDT:1791030899999:SHORT,ARUSDT,SHORT,True,OBSERVATION_MISS,REDUCE25,80,LT1,0.3052290492783216,1791031089784,1791031099639,9.855,0.24018243926262617,0.7868924659383156,0.3052290492783216,4.911,0.013245084507370282,2,9.855,4,RECOVERED_NEW_HIGH,1791031474654,375.015
PAPER:ARUSDT:1791030899999:SHORT,ARUSDT,SHORT,True,OBSERVATION_MISS,REDUCE25,75,LT1,0.3052290492783216,1791031089784,1791031104608,14.824,0.13177142256980412,0.43171324250218723,0.24018243926262617,4.969,0.02181747166287423,3,14.824,1,RECOVERED_NEW_HIGH,1791031474654,370.046
PAPER:ARUSDT:1791030899999:SHORT,ARUSDT,SHORT,True,OBSERVATION_MISS,REDUCE25,95,LT1,0.3485934559554482,1791031474654,1791031484829,10.175,0.3052290492783216,0.8756017764066438,0.3485934559554482,5.145,0.008428456108285054,2,10.175,2,RECOVERED_NEW_HIGH,1791031629638,144.809
PAPER:ARUSDT:1791030899999:SHORT,ARUSDT,SHORT,True,OBSERVATION_MISS,REDUCE25,90,LT1,0.3485934559554482,1791031474654,1791031484829,10.175,0.3052290492783216,0.8756017764066438,0.3485934559554482,5.145,0.008428456108285054,2,10.175,2,RECOVERED_NEW_HIGH,1791031629638,144.809
PAPER:ARUSDT:1791030899999:SHORT,ARUSDT,SHORT,True,OBSERVATION_MISS,REDUCE25,85,LT1,0.3485934559554482,1791031474654,1791031489663,15.009,0.19681803258549957,0.5646062174232376,0.3052290492783216,4.834,0.022426772174766664,3,15.009,3,RECOVERED_NEW_HIGH,1791031629638,139.975
PAPER:ARUSDT:1791030899999:SHORT,ARUSDT,SHORT,True,OBSERVATION_MISS,REDUCE25,80,LT1,0.3485934559554482,1791031474654,1791031489663,15.009,0.19681803258549957,0.5646062174232376,0.3052290492783216,4.834,0.022426772174766664,3,15.009,3,RECOVERED_NEW_HIGH,1791031629638,139.975
PAPER:ARUSDT:1791030899999:SHORT,ARUSDT,SHORT,True,OBSERVATION_MISS,REDUCE25,75,LT1,0.3485934559554482,1791031474654,1791031489663,15.009,0.19681803258549957,0.5646062174232376,0.3052290492783216,4.834,0.022426772174766664,3,15.009,3,RECOVERED_NEW_HIGH,1791031629638,139.975
PAPER:ARUSDT:1791030899999:SHORT,ARUSDT,SHORT,True,OBSERVATION_MISS,REDUCE25,95,LT1,0.5003688793253969,1791031629638,1791031639642,10.004,0.4353222693097236,0.8700026866111861,0.5003688793253969,4.89,0.013301965238378987,2,10.004,2,FINAL_REVERSAL,,
PAPER:ARUSDT:1791030899999:SHORT,ARUSDT,SHORT,True,OBSERVATION_MISS,REDUCE25,90,LT1,0.5003688793253969,1791031629638,1791031639642,10.004,0.4353222693097236,0.8700026866111861,0.5003688793253969,4.89,0.013301965238378987,2,10.004,2,FINAL_REVERSAL,,
PAPER:ARUSDT:1791030899999:SHORT,ARUSDT,SHORT,True,OBSERVATION_MISS,REDUCE25,85,LT1,0.5003688793253969,1791031629638,1791031644646,15.008,0.0016782025384132204,0.0033539306854490883,0.4353222693097236,5.004,0.08665948576564957,3,15.008,3,FINAL_REVERSAL,,
PAPER:ARUSDT:1791030899999:SHORT,ARUSDT,SHORT,True,OBSERVATION_MISS,REDUCE25,80,LT1,0.5003688793253969,1791031629638,1791031644646,15.008,0.0016782025384132204,0.0033539306854490883,0.4353222693097236,5.004,0.08665948576564957,3,15.008,3,FINAL_REVERSAL,,
PAPER:ARUSDT:1791030899999:SHORT,ARUSDT,SHORT,True,OBSERVATION_MISS,REDUCE25,75,LT1,0.5003688793253969,1791031629638,1791031644646,15.008,0.0016782025384132204,0.0033539306854490883,0.4353222693097236,5.004,0.08665948576564957,3,15.008,3,FINAL_REVERSAL,,
PAPER:EDGEUSDT:1791031199999:SHORT,EDGEUSDT,SHORT,True,PARTIAL_REDUCE_DRAG,REDUCE25,95,LT1,0.1064701876096974,1791031269675,1791031274819,5.144,0.06431212480640935,0.6040388041971643,0.1064701876096974,5.144,0.008195579860670304,1,5.144,5,RECOVERED_NEW_HIGH,1791031299659,24.84
PAPER:EDGEUSDT:1791031199999:SHORT,EDGEUSDT,SHORT,True,PARTIAL_REDUCE_DRAG,REDUCE25,90,LT1,0.1064701876096974,1791031269675,1791031274819,5.144,0.06431212480640935,0.6040388041971643,0.1064701876096974,5.144,0.008195579860670304,1,5.144,5,RECOVERED_NEW_HIGH,1791031299659,24.84
PAPER:EDGEUSDT:1791031199999:SHORT,EDGEUSDT,SHORT,True,PARTIAL_REDUCE_DRAG,REDUCE25,85,LT1,0.1064701876096974,1791031269675,1791031274819,5.144,0.06431212480640935,0.6040388041971643,0.1064701876096974,5.144,0.008195579860670304,1,5.144,5,RECOVERED_NEW_HIGH,1791031299659,24.84
PAPER:EDGEUSDT:1791031199999:SHORT,EDGEUSDT,SHORT,True,PARTIAL_REDUCE_DRAG,REDUCE25,80,LT1,0.1064701876096974,1791031269675,1791031274819,5.144,0.06431212480640935,0.6040388041971643,0.1064701876096974,5.144,0.008195579860670304,1,5.144,5,RECOVERED_NEW_HIGH,1791031299659,24.84
PAPER:EDGEUSDT:1791031199999:SHORT,EDGEUSDT,SHORT,True,PARTIAL_REDUCE_DRAG,REDUCE25,75,LT1,0.1064701876096974,1791031269675,1791031274819,5.144,0.06431212480640935,0.6040388041971643,0.1064701876096974,5.144,0.008195579860670304,1,5.144,5,RECOVERED_NEW_HIGH,1791031299659,24.84
PAPER:EDGEUSDT:1791031199999:SHORT,EDGEUSDT,SHORT,True,PARTIAL_REDUCE_DRAG,REDUCE25,95,LT1,0.12754921901133587,1791031299659,1791031304806,5.147,0.1064701876096974,0.8347380598248502,0.12754921901133587,5.147,0.0040954014769066386,1,5.147,3,RECOVERED_NEW_HIGH,1791031309707,4.901
PAPER:EDGEUSDT:1791031199999:SHORT,EDGEUSDT,SHORT,True,PARTIAL_REDUCE_DRAG,REDUCE25,90,LT1,0.12754921901133587,1791031299659,1791031304806,5.147,0.1064701876096974,0.8347380598248502,0.12754921901133587,5.147,0.0040954014769066386,1,5.147,3,RECOVERED_NEW_HIGH,1791031309707,4.901
PAPER:EDGEUSDT:1791031199999:SHORT,EDGEUSDT,SHORT,True,PARTIAL_REDUCE_DRAG,REDUCE25,85,LT1,0.12754921901133587,1791031299659,1791031304806,5.147,0.1064701876096974,0.8347380598248502,0.12754921901133587,5.147,0.0040954014769066386,1,5.147,3,RECOVERED_NEW_HIGH,1791031309707,4.901
PAPER:EDGEUSDT:1791031199999:SHORT,EDGEUSDT,SHORT,True,PARTIAL_REDUCE_DRAG,REDUCE25,95,LT1,0.29618147022449914,1791031319784,1791031334773,14.989,0.27510243882283847,0.9288306882071886,0.29618147022449914,5.116,0.004120217240355879,3,14.989,1,RECOVERED_NEW_HIGH,1791031349786,15.013
PAPER:EDGEUSDT:1791031199999:SHORT,EDGEUSDT,SHORT,True,PARTIAL_REDUCE_DRAG,REDUCE25,90,LT1,0.29618147022449914,1791031319784,1791031339654,19.87,0.14862825041298544,0.5018148174506948,0.27510243882283847,4.881,0.02591153214707089,4,19.87,4,RECOVERED_NEW_HIGH,1791031349786,10.132
PAPER:EDGEUSDT:1791031199999:SHORT,EDGEUSDT,SHORT,True,PARTIAL_REDUCE_DRAG,REDUCE25,85,LT1,0.29618147022449914,1791031319784,1791031339654,19.87,0.14862825041298544,0.5018148174506948,0.27510243882283847,4.881,0.02591153214707089,4,19.87,4,RECOVERED_NEW_HIGH,1791031349786,10.132
PAPER:EDGEUSDT:1791031199999:SHORT,EDGEUSDT,SHORT,True,PARTIAL_REDUCE_DRAG,REDUCE25,80,LT1,0.29618147022449914,1791031319784,1791031339654,19.87,0.14862825041298544,0.5018148174506948,0.27510243882283847,4.881,0.02591153214707089,4,19.87,4,RECOVERED_NEW_HIGH,1791031349786,10.132
PAPER:EDGEUSDT:1791031199999:SHORT,EDGEUSDT,SHORT,True,PARTIAL_REDUCE_DRAG,REDUCE25,75,LT1,0.29618147022449914,1791031319784,1791031339654,19.87,0.14862825041298544,0.5018148174506948,0.27510243882283847,4.881,0.02591153214707089,4,19.87,4,RECOVERED_NEW_HIGH,1791031349786,10.132
PAPER:EDGEUSDT:1791031199999:SHORT,EDGEUSDT,SHORT,True,PARTIAL_REDUCE_DRAG,REDUCE25,95,LT1,0.5280508156425778,1791031374660,1791031379758,5.098,0.42265565863435217,0.8004071693744631,0.5280508156425778,5.098,0.020673824442570744,1,5.098,3,RECOVERED_NEW_HIGH,1791031449670,69.912
PAPER:EDGEUSDT:1791031199999:SHORT,EDGEUSDT,SHORT,True,PARTIAL_REDUCE_DRAG,REDUCE25,90,LT1,0.5280508156425778,1791031374660,1791031379758,5.098,0.42265565863435217,0.8004071693744631,0.5280508156425778,5.098,0.020673824442570744,1,5.098,3,RECOVERED_NEW_HIGH,1791031449670,69.912
PAPER:EDGEUSDT:1791031199999:SHORT,EDGEUSDT,SHORT,True,PARTIAL_REDUCE_DRAG,REDUCE25,85,LT1,0.5280508156425778,1791031374660,1791031379758,5.098,0.42265565863435217,0.8004071693744631,0.5280508156425778,5.098,0.020673824442570744,1,5.098,3,RECOVERED_NEW_HIGH,1791031449670,69.912
PAPER:EDGEUSDT:1791031199999:SHORT,EDGEUSDT,SHORT,True,PARTIAL_REDUCE_DRAG,REDUCE25,80,LT1,0.5280508156425778,1791031374660,1791031429663,55.003,0.4015766272327137,0.7604886032493683,0.42265565863435217,4.886,0.0043141693413095514,4,19.807,1,RECOVERED_NEW_HIGH,1791031449670,20.007
PAPER:EDGEUSDT:1791031199999:SHORT,EDGEUSDT,SHORT,True,PARTIAL_REDUCE_DRAG,REDUCE25,95,LT1,0.5912879098475043,1791031464677,1791031479694,15.017,0.5280508156425778,0.8930519411072761,0.5702088784458548,5.024,0.008391334156703213,3,15.017,2,RECOVERED_NEW_HIGH,1791031624760,145.066
PAPER:EDGEUSDT:1791031199999:SHORT,EDGEUSDT,SHORT,True,PARTIAL_REDUCE_DRAG,REDUCE25,90,LT1,0.5912879098475043,1791031464677,1791031479694,15.017,0.5280508156425778,0.8930519411072761,0.5702088784458548,5.024,0.008391334156703213,3,15.017,2,RECOVERED_NEW_HIGH,1791031624760,145.066
PAPER:EDGEUSDT:1791031199999:SHORT,EDGEUSDT,SHORT,True,PARTIAL_REDUCE_DRAG,REDUCE25,85,LT1,0.5912879098475043,1791031464677,1791031524671,59.994,0.4648137214376402,0.7861038822145334,0.5280508156425778,4.985,0.012685475266787887,1,4.985,2,RECOVERED_NEW_HIGH,1791031624760,100.089
PAPER:EDGEUSDT:1791031199999:SHORT,EDGEUSDT,SHORT,True,PARTIAL_REDUCE_DRAG,REDUCE25,80,LT1,0.5912879098475043,1791031464677,1791031524671,59.994,0.4648137214376402,0.7861038822145334,0.5280508156425778,4.985,0.012685475266787887,1,4.985,2,RECOVERED_NEW_HIGH,1791031624760,100.089
PAPER:EDGEUSDT:1791031199999:SHORT,EDGEUSDT,SHORT,True,PARTIAL_REDUCE_DRAG,REDUCE25,95,LT1,0.738841129659018,1791031624760,1791031634769,10.009,0.5491298470442163,0.7432312915465937,0.738841129659018,5.098,0.03721288399662647,2,10.009,5,FINAL_REVERSAL,,
PAPER:EDGEUSDT:1791031199999:SHORT,EDGEUSDT,SHORT,True,PARTIAL_REDUCE_DRAG,REDUCE25,90,LT1,0.738841129659018,1791031624760,1791031634769,10.009,0.5491298470442163,0.7432312915465937,0.738841129659018,5.098,0.03721288399662647,2,10.009,5,FINAL_REVERSAL,,
PAPER:EDGEUSDT:1791031199999:SHORT,EDGEUSDT,SHORT,True,PARTIAL_REDUCE_DRAG,REDUCE25,85,LT1,0.738841129659018,1791031624760,1791031634769,10.009,0.5491298470442163,0.7432312915465937,0.738841129659018,5.098,0.03721288399662647,2,10.009,5,FINAL_REVERSAL,,
PAPER:EDGEUSDT:1791031199999:SHORT,EDGEUSDT,SHORT,True,PARTIAL_REDUCE_DRAG,REDUCE25,80,LT1,0.738841129659018,1791031624760,1791031634769,10.009,0.5491298470442163,0.7432312915465937,0.738841129659018,5.098,0.03721288399662647,2,10.009,5,FINAL_REVERSAL,,
PAPER:EDGEUSDT:1791031199999:SHORT,EDGEUSDT,SHORT,True,PARTIAL_REDUCE_DRAG,REDUCE25,75,LT1,0.738841129659018,1791031624760,1791031634769,10.009,0.5491298470442163,0.7432312915465937,0.738841129659018,5.098,0.03721288399662647,2,10.009,5,FINAL_REVERSAL,,
PAPER:AVAAIUSDT:1791031199999:SHORT,AVAAIUSDT,SHORT,True,RUNNER_TRIGGER_DELAY,RUNNER_CLOSE,95,LT1,0.09473372409387615,1791031289876,1791031299724,9.848,0.07387231956769158,0.7797890378983516,0.09473372409387615,5.012,0.004162291405862844,2,9.848,4,RECOVERED_NEW_HIGH,1791031354739,55.015
PAPER:AVAAIUSDT:1791031199999:SHORT,AVAAIUSDT,SHORT,True,RUNNER_TRIGGER_DELAY,RUNNER_CLOSE,90,LT1,0.09473372409387615,1791031289876,1791031299724,9.848,0.07387231956769158,0.7797890378983516,0.09473372409387615,5.012,0.004162291405862844,2,9.848,4,RECOVERED_NEW_HIGH,1791031354739,55.015
PAPER:AVAAIUSDT:1791031199999:SHORT,AVAAIUSDT,SHORT,True,RUNNER_TRIGGER_DELAY,RUNNER_CLOSE,85,LT1,0.09473372409387615,1791031289876,1791031299724,9.848,0.07387231956769158,0.7797890378983516,0.09473372409387615,5.012,0.004162291405862844,2,9.848,4,RECOVERED_NEW_HIGH,1791031354739,55.015
PAPER:AVAAIUSDT:1791031199999:SHORT,AVAAIUSDT,SHORT,True,RUNNER_TRIGGER_DELAY,RUNNER_CLOSE,80,LT1,0.09473372409387615,1791031289876,1791031299724,9.848,0.07387231956769158,0.7797890378983516,0.09473372409387615,5.012,0.004162291405862844,2,9.848,4,RECOVERED_NEW_HIGH,1791031354739,55.015
PAPER:AVAAIUSDT:1791031199999:SHORT,AVAAIUSDT,SHORT,True,RUNNER_TRIGGER_DELAY,RUNNER_CLOSE,75,LT1,0.09473372409387615,1791031289876,1791031304836,14.96,0.04258021277842028,0.4494725947459378,0.07387231956769158,5.112,0.006121304145006123,3,14.96,1,RECOVERED_NEW_HIGH,1791031354739,49.903
PAPER:AVAAIUSDT:1791031199999:SHORT,AVAAIUSDT,SHORT,True,RUNNER_TRIGGER_DELAY,RUNNER_CLOSE,95,LT1,0.42851619651285144,1791031354739,1791031364827,10.088,0.39722408972358014,0.9269756731626063,0.4180854942497647,5.107,0.004084864798547987,2,10.088,1,RECOVERED_NEW_HIGH,1791031394915,30.088
PAPER:AVAAIUSDT:1791031199999:SHORT,AVAAIUSDT,SHORT,True,RUNNER_TRIGGER_DELAY,RUNNER_CLOSE,90,LT1,0.42851619651285144,1791031354739,1791031369706,14.967,0.3242091738819286,0.7565855772086444,0.39722408972358014,4.879,0.014965139545327228,3,14.967,3,RECOVERED_NEW_HIGH,1791031394915,25.209
PAPER:AVAAIUSDT:1791031199999:SHORT,AVAAIUSDT,SHORT,True,RUNNER_TRIGGER_DELAY,RUNNER_CLOSE,85,LT1,0.42851619651285144,1791031354739,1791031369706,14.967,0.3242091738819286,0.7565855772086444,0.39722408972358014,4.879,0.014965139545327228,3,14.967,3,RECOVERED_NEW_HIGH,1791031394915,25.209
PAPER:AVAAIUSDT:1791031199999:SHORT,AVAAIUSDT,SHORT,True,RUNNER_TRIGGER_DELAY,RUNNER_CLOSE,80,LT1,0.42851619651285144,1791031354739,1791031369706,14.967,0.3242091738819286,0.7565855772086444,0.39722408972358014,4.879,0.014965139545327228,3,14.967,3,RECOVERED_NEW_HIGH,1791031394915,25.209
PAPER:AVAAIUSDT:1791031199999:SHORT,AVAAIUSDT,SHORT,True,RUNNER_TRIGGER_DELAY,RUNNER_CLOSE,75,LT1,0.42851619651285144,1791031354739,1791031379808,25.069,0.31377847161884187,0.7322441349295218,0.33463987614502644,5.085,0.004102537763261469,1,5.085,1,RECOVERED_NEW_HIGH,1791031394915,15.107
PAPER:AVAAIUSDT:1791031199999:SHORT,AVAAIUSDT,SHORT,True,RUNNER_TRIGGER_DELAY,RUNNER_CLOSE,95,LT1,0.7205758598794576,1791031449741,1791031454836,5.095,0.657991646300915,0.9131469466809337,0.7205758598794576,5.095,0.012283457032098646,1,5.095,1,RECOVERED_NEW_HIGH,1791031489725,34.889
PAPER:AVAAIUSDT:1791031199999:SHORT,AVAAIUSDT,SHORT,True,RUNNER_TRIGGER_DELAY,RUNNER_CLOSE,95,LT1,0.7935907757211091,1791031489725,1791031494738,5.013,0.7205758598794576,0.9079942483261535,0.7935907757211091,5.013,0.014565113872262427,1,5.013,1,RECOVERED_NEW_HIGH,1791031509798,15.06
PAPER:AVAAIUSDT:1791031199999:SHORT,AVAAIUSDT,SHORT,True,RUNNER_TRIGGER_DELAY,RUNNER_CLOSE,95,1_TO_1_5,1.4402943160328863,1791031514783,1791031519778,4.995,1.3255565911388767,0.9203373063291393,1.4402943160328863,4.995,0.022970515494296212,1,4.995,1,RECOVERED_NEW_HIGH,1791031529847,10.069
PAPER:AVAAIUSDT:1791031199999:SHORT,AVAAIUSDT,SHORT,True,RUNNER_TRIGGER_DELAY,RUNNER_CLOSE,95,1_5_TO_3,2.2956119016065313,1791031549759,1791031564724,14.965,1.8888145133459044,0.8227934835257044,2.253889092554151,4.852,0.07524208145264769,1,4.852,3,RECOVERED_NEW_HIGH,1791032064736,500.012
PAPER:AVAAIUSDT:1791031199999:SHORT,AVAAIUSDT,SHORT,True,RUNNER_TRIGGER_DELAY,RUNNER_CLOSE,90,1_5_TO_3,2.2956119016065313,1791031549759,1791031564724,14.965,1.8888145133459044,0.8227934835257044,2.253889092554151,4.852,0.07524208145264769,1,4.852,3,RECOVERED_NEW_HIGH,1791032064736,500.012
PAPER:AVAAIUSDT:1791031199999:SHORT,AVAAIUSDT,SHORT,True,RUNNER_TRIGGER_DELAY,RUNNER_CLOSE,85,1_5_TO_3,2.2956119016065313,1791031549759,1791031564724,14.965,1.8888145133459044,0.8227934835257044,2.253889092554151,4.852,0.07524208145264769,1,4.852,3,RECOVERED_NEW_HIGH,1791032064736,500.012
PAPER:AVAAIUSDT:1791031199999:SHORT,AVAAIUSDT,SHORT,True,RUNNER_TRIGGER_DELAY,RUNNER_CLOSE,80,1_5_TO_3,2.2956119016065313,1791031549759,1791031694794,145.035,1.7427846816626014,0.7591808878682644,1.8992452156089912,5.108,0.03063048824322432,3,15.014,1,RECOVERED_NEW_HIGH,1791032064736,369.942
PAPER:AVAAIUSDT:1791031199999:SHORT,AVAAIUSDT,SHORT,True,RUNNER_TRIGGER_DELAY,RUNNER_CLOSE,75,1_5_TO_3,2.2956119016065313,1791031549759,1791031759680,209.921,1.6280469567685696,0.7091995627088439,1.7427846816626014,4.894,0.023444569859834855,2,10.006,1,RECOVERED_NEW_HIGH,1791032064736,305.056
PAPER:AVAAIUSDT:1791031199999:SHORT,AVAAIUSDT,SHORT,True,RUNNER_TRIGGER_DELAY,RUNNER_CLOSE,95,1_5_TO_3,2.8380084192873745,1791032064736,1791032069779,5.043,2.6293943740255177,0.9264928025427634,2.8380084192873745,5.043,0.04136705240171659,1,5.043,1,RECOVERED_NEW_HIGH,1791032079673,9.894
PAPER:AVAAIUSDT:1791031199999:SHORT,AVAAIUSDT,SHORT,True,RUNNER_TRIGGER_DELAY,RUNNER_CLOSE,95,GE3,3.620311089019357,1791032079673,1791032084802,5.129,3.369974234705131,0.9308521151473657,3.620311089019357,5.129,0.04880812133246753,1,5.129,1,RECOVERED_NEW_HIGH,1791032159775,74.973
PAPER:AVAAIUSDT:1791031199999:SHORT,AVAAIUSDT,SHORT,True,RUNNER_TRIGGER_DELAY,RUNNER_CLOSE,90,GE3,3.620311089019357,1791032079673,1791032094660,14.987,3.1822215939694476,0.878991201507886,3.317820723389664,4.981,0.027223274326483908,3,14.987,1,RECOVERED_NEW_HIGH,1791032159775,65.115
PAPER:AVAAIUSDT:1791031199999:SHORT,AVAAIUSDT,SHORT,True,RUNNER_TRIGGER_DELAY,RUNNER_CLOSE,85,GE3,3.620311089019357,1791032079673,1791032104692,25.019,2.9944689532337754,0.8271302878684094,3.213513700758719,4.92,0.044521290147346244,1,4.92,1,RECOVERED_NEW_HIGH,1791032159775,55.083
PAPER:AVAAIUSDT:1791031199999:SHORT,AVAAIUSDT,SHORT,True,RUNNER_TRIGGER_DELAY,RUNNER_CLOSE,80,GE3,3.620311089019357,1791032079673,1791032109666,29.993,2.817147014761179,0.7781505360977878,2.9944689532337754,4.974,0.03564976648021644,2,9.894,1,RECOVERED_NEW_HIGH,1791032159775,50.109
PAPER:AVAAIUSDT:1791031199999:SHORT,AVAAIUSDT,SHORT,True,RUNNER_TRIGGER_DELAY,RUNNER_CLOSE,75,GE3,3.620311089019357,1791032079673,1791032129799,50.126,2.660686480814789,0.7349331080648918,2.8380084192873745,5.093,0.03481679530190172,1,5.093,1,RECOVERED_NEW_HIGH,1791032159775,29.976
PAPER:AVAAIUSDT:1791031199999:SHORT,AVAAIUSDT,SHORT,True,RUNNER_TRIGGER_DELAY,RUNNER_CLOSE,95,GE3,3.6307417912824436,1791032159775,1791032164675,4.9,3.4429891505467825,0.9482880767818679,3.6307417912824436,4.9,0.03831686545625737,1,4.9,1,RECOVERED_NEW_HIGH,1791032169736,5.061
PAPER:AVAAIUSDT:1791031199999:SHORT,AVAAIUSDT,SHORT,True,RUNNER_TRIGGER_DELAY,RUNNER_CLOSE,95,GE3,3.7767716229657466,1791032169736,1791032174924,5.188,3.5472961731777053,0.939240316149208,3.7767716229657466,5.188,0.04423196796222848,1,5.188,1,RECOVERED_NEW_HIGH,1791032224692,49.768
PAPER:AVAAIUSDT:1791031199999:SHORT,AVAAIUSDT,SHORT,True,RUNNER_TRIGGER_DELAY,RUNNER_CLOSE,90,GE3,3.7767716229657466,1791032169736,1791032189769,20.033,3.3282514256527507,0.881242436109814,3.4325584482836735,5.094,0.02047644731663189,4,20.033,1,RECOVERED_NEW_HIGH,1791032224692,34.923
PAPER:AVAAIUSDT:1791031199999:SHORT,AVAAIUSDT,SHORT,True,RUNNER_TRIGGER_DELAY,RUNNER_CLOSE,95,GE3,3.7872023252288556,1791032224692,1791032229665,4.973,3.4325584482836735,0.906357293196964,3.7872023252288556,4.973,0.07131387028859483,1,4.973,1,RECOVERED_NEW_HIGH,1791032924657,694.992
PAPER:AVAAIUSDT:1791031199999:SHORT,AVAAIUSDT,SHORT,True,RUNNER_TRIGGER_DELAY,RUNNER_CLOSE,90,GE3,3.7872023252288556,1791032224692,1791032234791,10.099,3.2969593188634794,0.8705527288311032,3.4325584482836735,5.126,0.026453205115137365,2,10.099,1,RECOVERED_NEW_HIGH,1791032924657,689.866
PAPER:AVAAIUSDT:1791031199999:SHORT,AVAAIUSDT,SHORT,True,RUNNER_TRIGGER_DELAY,RUNNER_CLOSE,85,GE3,3.7872023252288556,1791032224692,1791032279787,55.095,3.150929487180165,0.8319939672063226,3.2239444030218167,5.089,0.014347595960238069,5,25.089,1,RECOVERED_NEW_HIGH,1791032924657,644.87
PAPER:AVAAIUSDT:1791031199999:SHORT,AVAAIUSDT,SHORT,True,RUNNER_TRIGGER_DELAY,RUNNER_CLOSE,80,GE3,3.7872023252288556,1791032224692,1791032294778,70.086,2.6815478853409735,0.7080550905552507,3.203082998495632,5.067,0.10292779024169303,1,5.067,2,RECOVERED_NEW_HIGH,1791032924657,629.879
PAPER:AVAAIUSDT:1791031199999:SHORT,AVAAIUSDT,SHORT,True,RUNNER_TRIGGER_DELAY,RUNNER_CLOSE,75,GE3,3.7872023252288556,1791032224692,1791032294778,70.086,2.6815478853409735,0.7080550905552507,3.203082998495632,5.067,0.10292779024169303,1,5.067,2,RECOVERED_NEW_HIGH,1791032924657,629.879
PAPER:AVAAIUSDT:1791031199999:SHORT,AVAAIUSDT,SHORT,True,RUNNER_TRIGGER_DELAY,RUNNER_CLOSE,95,GE3,3.9436628591752454,1791032944584,1791032964585,20.001,3.7246181116502908,0.9444565229465979,3.7872023252288556,5.001,0.012514339847743411,4,20.001,1,RECOVERED_NEW_HIGH,1791032969652,5.067
PAPER:AVAAIUSDT:1791031199999:SHORT,AVAAIUSDT,SHORT,True,RUNNER_TRIGGER_DELAY,RUNNER_CLOSE,95,GE3,4.110554095384744,1791032974548,1791032979768,5.22,3.672464600334824,0.8934232502762098,4.110554095384744,5.22,0.0839251906225901,1,5.22,2,FINAL_REVERSAL,,
PAPER:AVAAIUSDT:1791031199999:SHORT,AVAAIUSDT,SHORT,True,RUNNER_TRIGGER_DELAY,RUNNER_CLOSE,90,GE3,4.110554095384744,1791032974548,1791032979768,5.22,3.672464600334824,0.8934232502762098,4.110554095384744,5.22,0.0839251906225901,1,5.22,2,FINAL_REVERSAL,,
PAPER:AVAAIUSDT:1791031199999:SHORT,AVAAIUSDT,SHORT,True,RUNNER_TRIGGER_DELAY,RUNNER_CLOSE,85,GE3,4.110554095384744,1791032974548,1791033119623,145.075,3.453419852809869,0.8401348754143162,3.5264347686515207,5.036,0.014498593296594826,3,14.935,1,FINAL_REVERSAL,,
PAPER:AVAAIUSDT:1791031199999:SHORT,AVAAIUSDT,SHORT,True,RUNNER_TRIGGER_DELAY,RUNNER_CLOSE,80,GE3,4.110554095384744,1791032974548,1791033124765,150.217,3.171790891706361,0.7716212505918826,3.453419852809869,5.142,0.05477031526711558,4,20.077,1,FINAL_REVERSAL,,
PAPER:AVAAIUSDT:1791031199999:SHORT,AVAAIUSDT,SHORT,True,RUNNER_TRIGGER_DELAY,RUNNER_CLOSE,75,GE3,4.110554095384744,1791032974548,1791033129612,155.064,3.004899655496862,0.7310205840304375,3.171790891706361,4.847,0.03443186222601583,5,24.924,1,FINAL_REVERSAL,,
PAPER:STXUSDT:1791031499999:LONG,STXUSDT,LONG,False,CONTROL_GE75,RUNNER_CLOSE,95,LT1,0.06061136603638939,1791031569843,1791031574921,5.078,-0.0468651230785877,-0.7732068445784768,0.06061136603638939,5.078,0.02116512192102739,1,5.078,5,RECOVERED_NEW_HIGH,1791031849760,274.839
PAPER:STXUSDT:1791031499999:LONG,STXUSDT,LONG,False,CONTROL_GE75,RUNNER_CLOSE,90,LT1,0.06061136603638939,1791031569843,1791031574921,5.078,-0.0468651230785877,-0.7732068445784768,0.06061136603638939,5.078,0.02116512192102739,1,5.078,5,RECOVERED_NEW_HIGH,1791031849760,274.839
PAPER:STXUSDT:1791031499999:LONG,STXUSDT,LONG,False,CONTROL_GE75,RUNNER_CLOSE,85,LT1,0.06061136603638939,1791031569843,1791031574921,5.078,-0.0468651230785877,-0.7732068445784768,0.06061136603638939,5.078,0.02116512192102739,1,5.078,5,RECOVERED_NEW_HIGH,1791031849760,274.839
PAPER:STXUSDT:1791031499999:LONG,STXUSDT,LONG,False,CONTROL_GE75,RUNNER_CLOSE,80,LT1,0.06061136603638939,1791031569843,1791031574921,5.078,-0.0468651230785877,-0.7732068445784768,0.06061136603638939,5.078,0.02116512192102739,1,5.078,5,RECOVERED_NEW_HIGH,1791031849760,274.839
PAPER:STXUSDT:1791031499999:LONG,STXUSDT,LONG,False,CONTROL_GE75,RUNNER_CLOSE,75,LT1,0.06061136603638939,1791031569843,1791031574921,5.078,-0.0468651230785877,-0.7732068445784768,0.06061136603638939,5.078,0.02116512192102739,1,5.078,5,RECOVERED_NEW_HIGH,1791031849760,274.839
PAPER:STXUSDT:1791031499999:LONG,STXUSDT,LONG,False,CONTROL_GE75,RUNNER_CLOSE,95,LT1,0.27556434426632137,1791031854819,1791031864815,9.996,0.24869522198758265,0.9024941984048167,0.27556434426632137,4.934,0.0054457077986904585,2,9.996,1,RECOVERED_NEW_HIGH,1791031894781,29.966
PAPER:STXUSDT:1791031499999:LONG,STXUSDT,LONG,False,CONTROL_GE75,RUNNER_CLOSE,90,LT1,0.27556434426632137,1791031854819,1791031884788,29.969,0.22182609970884393,0.8049883968096334,0.27556434426632137,5.007,0.010732623238960945,3,14.996,3,RECOVERED_NEW_HIGH,1791031894781,9.993
PAPER:STXUSDT:1791031499999:LONG,STXUSDT,LONG,False,CONTROL_GE75,RUNNER_CLOSE,85,LT1,0.27556434426632137,1791031854819,1791031884788,29.969,0.22182609970884393,0.8049883968096334,0.27556434426632137,5.007,0.010732623238960945,3,14.996,3,RECOVERED_NEW_HIGH,1791031894781,9.993
PAPER:STXUSDT:1791031499999:LONG,STXUSDT,LONG,False,CONTROL_GE75,RUNNER_CLOSE,95,LT1,0.3024334665450823,1791031894781,1791031899783,5.002,0.22182609970884393,0.7334707439719717,0.3024334665450823,5.002,0.016115027356305153,1,5.002,5,RECOVERED_NEW_HIGH,1791031934878,35.095
PAPER:STXUSDT:1791031499999:LONG,STXUSDT,LONG,False,CONTROL_GE75,RUNNER_CLOSE,90,LT1,0.3024334665450823,1791031894781,1791031899783,5.002,0.22182609970884393,0.7334707439719717,0.3024334665450823,5.002,0.016115027356305153,1,5.002,5,RECOVERED_NEW_HIGH,1791031934878,35.095
PAPER:STXUSDT:1791031499999:LONG,STXUSDT,LONG,False,CONTROL_GE75,RUNNER_CLOSE,85,LT1,0.3024334665450823,1791031894781,1791031899783,5.002,0.22182609970884393,0.7334707439719717,0.3024334665450823,5.002,0.016115027356305153,1,5.002,5,RECOVERED_NEW_HIGH,1791031934878,35.095
PAPER:STXUSDT:1791031499999:LONG,STXUSDT,LONG,False,CONTROL_GE75,RUNNER_CLOSE,80,LT1,0.3024334665450823,1791031894781,1791031899783,5.002,0.22182609970884393,0.7334707439719717,0.3024334665450823,5.002,0.016115027356305153,1,5.002,5,RECOVERED_NEW_HIGH,1791031934878,35.095
PAPER:STXUSDT:1791031499999:LONG,STXUSDT,LONG,False,CONTROL_GE75,RUNNER_CLOSE,75,LT1,0.3024334665450823,1791031894781,1791031899783,5.002,0.22182609970884393,0.7334707439719717,0.3024334665450823,5.002,0.016115027356305153,1,5.002,5,RECOVERED_NEW_HIGH,1791031934878,35.095
PAPER:STXUSDT:1791031499999:LONG,STXUSDT,LONG,False,CONTROL_GE75,RUNNER_CLOSE,95,LT1,0.4099099556600372,1791031939913,1791031944768,4.855,0.38304083338129846,0.9344511595589962,0.4099099556600372,4.855,0.005534319727855555,1,4.855,1,RECOVERED_NEW_HIGH,1791032029758,84.99
PAPER:STXUSDT:1791031499999:LONG,STXUSDT,LONG,False,CONTROL_GE75,RUNNER_CLOSE,90,LT1,0.4099099556600372,1791031939913,1791031949869,9.956,0.3024334665450823,0.7378046382359847,0.38304083338129846,5.101,0.015802267562481116,2,9.956,4,RECOVERED_NEW_HIGH,1791032029758,79.889
PAPER:STXUSDT:1791031499999:LONG,STXUSDT,LONG,False,CONTROL_GE75,RUNNER_CLOSE,85,LT1,0.4099099556600372,1791031939913,1791031949869,9.956,0.3024334665450823,0.7378046382359847,0.38304083338129846,5.101,0.015802267562481116,2,9.956,4,RECOVERED_NEW_HIGH,1791032029758,79.889
PAPER:STXUSDT:1791031499999:LONG,STXUSDT,LONG,False,CONTROL_GE75,RUNNER_CLOSE,80,LT1,0.4099099556600372,1791031939913,1791031949869,9.956,0.3024334665450823,0.7378046382359847,0.38304083338129846,5.101,0.015802267562481116,2,9.956,4,RECOVERED_NEW_HIGH,1791032029758,79.889
PAPER:STXUSDT:1791031499999:LONG,STXUSDT,LONG,False,CONTROL_GE75,RUNNER_CLOSE,75,LT1,0.4099099556600372,1791031939913,1791031949869,9.956,0.3024334665450823,0.7378046382359847,0.38304083338129846,5.101,0.015802267562481116,2,9.956,4,RECOVERED_NEW_HIGH,1791032029758,79.889
PAPER:STXUSDT:1791031499999:LONG,STXUSDT,LONG,False,CONTROL_GE75,RUNNER_CLOSE,95,LT1,0.5979938116112304,1791032034784,1791032059748,24.964,0.5442555670537308,0.9101357848290976,0.5711246893324917,4.853,0.0055366005107687875,5,24.964,1,RECOVERED_NEW_HIGH,1791032084895,25.147
PAPER:STXUSDT:1791031499999:LONG,STXUSDT,LONG,False,CONTROL_GE75,RUNNER_CLOSE,95,LT1,0.8935541566774008,1791032104784,1791032109749,4.965,0.8398159121199233,0.9398601146266297,0.8935541566774008,4.965,0.01082341280110321,1,4.965,1,RECOVERED_NEW_HIGH,1791032129893,20.144
PAPER:STXUSDT:1791031499999:LONG,STXUSDT,LONG,False,CONTROL_GE75,RUNNER_CLOSE,95,1_TO_1_5,1.0547688903498553,1791032164761,1791032174879,10.118,0.9204232789561395,0.872630286479956,1.0547688903498553,5.056,0.02657152124084569,2,10.118,2,RECOVERED_NEW_HIGH,1791032284777,109.898
PAPER:STXUSDT:1791031499999:LONG,STXUSDT,LONG,False,CONTROL_GE75,RUNNER_CLOSE,90,1_TO_1_5,1.0547688903498553,1791032164761,1791032174879,10.118,0.9204232789561395,0.872630286479956,1.0547688903498553,5.056,0.02657152124084569,2,10.118,2,RECOVERED_NEW_HIGH,1791032284777,109.898
PAPER:STXUSDT:1791031499999:LONG,STXUSDT,LONG,False,CONTROL_GE75,RUNNER_CLOSE,85,1_TO_1_5,1.0547688903498553,1791032164761,1791032184762,20.001,0.8398159121199233,0.7962084583679422,0.9204232789561395,5.004,0.016108586498044798,4,20.001,2,RECOVERED_NEW_HIGH,1791032284777,100.015
PAPER:STXUSDT:1791031499999:LONG,STXUSDT,LONG,False,CONTROL_GE75,RUNNER_CLOSE,80,1_TO_1_5,1.0547688903498553,1791032164761,1791032184762,20.001,0.8398159121199233,0.7962084583679422,0.9204232789561395,5.004,0.016108586498044798,4,20.001,2,RECOVERED_NEW_HIGH,1791032284777,100.015
PAPER:STXUSDT:1791031499999:LONG,STXUSDT,LONG,False,CONTROL_GE75,RUNNER_CLOSE,75,1_TO_1_5,1.0547688903498553,1791032164761,1791032189856,25.095,0.7860776675624237,0.7452605729599119,0.8398159121199233,5.094,0.01054932166421273,5,25.095,1,RECOVERED_NEW_HIGH,1791032284777,94.921
PAPER:STXUSDT:1791031499999:LONG,STXUSDT,LONG,False,CONTROL_GE75,RUNNER_CLOSE,95,1_TO_1_5,1.296590990858526,1791032359765,1791032364778,5.013,1.2159836240223099,0.9378313073247233,1.296590990858526,5.013,0.01607966623503215,1,5.013,1,RECOVERED_NEW_HIGH,1791032459883,95.105
PAPER:STXUSDT:1791031499999:LONG,STXUSDT,LONG,False,CONTROL_GE75,RUNNER_CLOSE,90,1_TO_1_5,1.296590990858526,1791032359765,1791032414935,55.17,1.1353762571860715,0.8756626146494295,1.2159836240223099,5.181,0.015558264203095612,1,5.181,1,RECOVERED_NEW_HIGH,1791032459883,44.948
PAPER:STXUSDT:1791031499999:LONG,STXUSDT,LONG,False,CONTROL_GE75,RUNNER_CLOSE,95,1_5_TO_3,1.6727587027609347,1791032464758,1791032469734,4.976,1.5115439690884802,0.9036234374949805,1.6727587027609347,4.976,0.03239845933931964,1,4.976,1,RECOVERED_NEW_HIGH,1791032489797,20.063
PAPER:STXUSDT:1791031499999:LONG,STXUSDT,LONG,False,CONTROL_GE75,RUNNER_CLOSE,95,1_5_TO_3,2.3713558820082303,1791032544718,1791032589835,45.117,2.210141148335776,0.9320157995281895,2.3444867597294916,5.137,0.026152542611196383,1,5.137,1,RECOVERED_NEW_HIGH,1791032614722,24.887
PAPER:STXUSDT:1791031499999:LONG,STXUSDT,LONG,False,CONTROL_GE75,RUNNER_CLOSE,95,1_5_TO_3,2.5594397379594236,1791032614722,1791032624753,10.031,2.4250941265657078,0.9475097579359981,2.505701493401946,5.081,0.01586446896993473,2,10.031,1,RECOVERED_NEW_HIGH,1791032804842,180.089
PAPER:STXUSDT:1791031499999:LONG,STXUSDT,LONG,False,CONTROL_GE75,RUNNER_CLOSE,90,1_5_TO_3,2.5594397379594236,1791032614722,1791032684787,70.065,2.290748515171992,0.8950195158719961,2.317617637450753,5.112,0.005256088082699712,2,10.109,1,RECOVERED_NEW_HIGH,1791032804842,120.055
PAPER:STXUSDT:1791031499999:LONG,STXUSDT,LONG,False,CONTROL_GE75,RUNNER_CLOSE,85,1_5_TO_3,2.5594397379594236,1791032614722,1791032694684,79.962,2.156402903778276,0.8425292738079943,2.210141148335776,4.989,0.010771345872419253,4,20.006,1,RECOVERED_NEW_HIGH,1791032804842,110.158
PAPER:STXUSDT:1791031499999:LONG,STXUSDT,LONG,False,CONTROL_GE75,RUNNER_CLOSE,80,1_5_TO_3,2.5594397379594236,1791032614722,1791032709753,95.031,1.968319047827083,0.7690429349183949,2.1295337814995374,4.895,0.032934572762503486,7,35.075,1,RECOVERED_NEW_HIGH,1791032804842,95.089
PAPER:STXUSDT:1791031499999:LONG,STXUSDT,LONG,False,CONTROL_GE75,RUNNER_CLOSE,75,1_5_TO_3,2.5594397379594236,1791032614722,1791032714789,100.067,1.619020458203435,0.6325683055519952,1.968319047827083,5.036,0.06936032359484667,8,40.111,1,RECOVERED_NEW_HIGH,1791032804842,90.053
PAPER:STXUSDT:1791031499999:LONG,STXUSDT,LONG,False,CONTROL_GE75,RUNNER_CLOSE,95,1_5_TO_3,2.6400471047956398,1791032804842,1791032824610,19.768,2.505701493401946,0.9491124188088709,2.532570615680685,4.908,0.005474556291511556,4,19.768,1,FINAL_REVERSAL,,
PAPER:STXUSDT:1791031499999:LONG,STXUSDT,LONG,False,CONTROL_GE75,RUNNER_CLOSE,90,1_5_TO_3,2.6400471047956398,1791032804842,1791032844600,39.758,2.290748515171992,0.8676922889030474,2.4250941265657078,5.002,0.026858378927172296,8,39.758,1,FINAL_REVERSAL,,
PAPER:STXUSDT:1791031499999:LONG,STXUSDT,LONG,False,CONTROL_GE75,RUNNER_CLOSE,85,1_5_TO_3,2.6400471047956398,1791032804842,1791032849741,44.899,2.2370102706145145,0.8473372564265956,2.290748515171992,5.141,0.010452877758700145,9,44.899,1,FINAL_REVERSAL,,
PAPER:STXUSDT:1791031499999:LONG,STXUSDT,LONG,False,CONTROL_GE75,RUNNER_CLOSE,80,1_5_TO_3,2.6400471047956398,1791032804842,1791032954678,149.836,2.1026646592207987,0.7964496752354581,2.156402903778276,5.091,0.010555538117752394,4,20.078,1,FINAL_REVERSAL,,
PAPER:STXUSDT:1791031499999:LONG,STXUSDT,LONG,False,CONTROL_GE75,RUNNER_CLOSE,75,1_5_TO_3,2.6400471047956398,1791032804842,1791032964589,159.747,1.9414499255483442,0.7353845778060947,2.0220572923845603,4.993,0.016144075072344513,6,29.989,1,FINAL_REVERSAL,,
PAPER:CUSDT:1791032099999:LONG,CUSDT,LONG,True,OBSERVATION_MISS,REDUCE25,95,LT1,0.09102560670988247,1791032164853,1791032169910,5.057,0.0809327332998988,0.8891205038363353,0.09102560670988247,5.057,0.0019958223076890764,1,5.057,2,RECOVERED_NEW_HIGH,1791032179872,9.962
PAPER:CUSDT:1791032099999:LONG,CUSDT,LONG,True,OBSERVATION_MISS,REDUCE25,90,LT1,0.09102560670988247,1791032164853,1791032169910,5.057,0.0809327332998988,0.8891205038363353,0.09102560670988247,5.057,0.0019958223076890764,1,5.057,2,RECOVERED_NEW_HIGH,1791032179872,9.962
PAPER:CUSDT:1791032099999:LONG,CUSDT,LONG,True,OBSERVATION_MISS,REDUCE25,85,LT1,0.09102560670988247,1791032164853,1791032175089,10.236,0.050654113069992235,0.5564820153458293,0.0809327332998988,5.179,0.005846422133598489,2,10.236,3,RECOVERED_NEW_HIGH,1791032179872,4.783
PAPER:CUSDT:1791032099999:LONG,CUSDT,LONG,True,OBSERVATION_MISS,REDUCE25,80,LT1,0.09102560670988247,1791032164853,1791032175089,10.236,0.050654113069992235,0.5564820153458293,0.0809327332998988,5.179,0.005846422133598489,2,10.236,3,RECOVERED_NEW_HIGH,1791032179872,4.783
PAPER:CUSDT:1791032099999:LONG,CUSDT,LONG,True,OBSERVATION_MISS,REDUCE25,75,LT1,0.09102560670988247,1791032164853,1791032175089,10.236,0.050654113069992235,0.5564820153458293,0.0809327332998988,5.179,0.005846422133598489,2,10.236,3,RECOVERED_NEW_HIGH,1791032179872,4.783
PAPER:CUSDT:1791032099999:LONG,CUSDT,LONG,True,OBSERVATION_MISS,REDUCE25,95,LT1,0.15158284716971782,1791032179872,1791032184853,4.981,0.14148997375975636,0.9334167842970973,0.15158284716971782,4.981,0.0020262745251880057,1,4.981,1,RECOVERED_NEW_HIGH,1791032194905,10.052
PAPER:CUSDT:1791032099999:LONG,CUSDT,LONG,True,OBSERVATION_MISS,REDUCE25,95,LT1,0.1818614673996466,1791032194905,1791032199882,4.977,0.1313971003497949,0.7225120429774463,0.1818614673996466,4.977,0.010139515179797404,1,4.977,5,RECOVERED_NEW_HIGH,1791032205006,5.124
PAPER:CUSDT:1791032099999:LONG,CUSDT,LONG,True,OBSERVATION_MISS,REDUCE25,90,LT1,0.1818614673996466,1791032194905,1791032199882,4.977,0.1313971003497949,0.7225120429774463,0.1818614673996466,4.977,0.010139515179797404,1,4.977,5,RECOVERED_NEW_HIGH,1791032205006,5.124
PAPER:CUSDT:1791032099999:LONG,CUSDT,LONG,True,OBSERVATION_MISS,REDUCE25,85,LT1,0.1818614673996466,1791032194905,1791032199882,4.977,0.1313971003497949,0.7225120429774463,0.1818614673996466,4.977,0.010139515179797404,1,4.977,5,RECOVERED_NEW_HIGH,1791032205006,5.124
PAPER:CUSDT:1791032099999:LONG,CUSDT,LONG,True,OBSERVATION_MISS,REDUCE25,80,LT1,0.1818614673996466,1791032194905,1791032199882,4.977,0.1313971003497949,0.7225120429774463,0.1818614673996466,4.977,0.010139515179797404,1,4.977,5,RECOVERED_NEW_HIGH,1791032205006,5.124
PAPER:CUSDT:1791032099999:LONG,CUSDT,LONG,True,OBSERVATION_MISS,REDUCE25,75,LT1,0.1818614673996466,1791032194905,1791032199882,4.977,0.1313971003497949,0.7225120429774463,0.1818614673996466,4.977,0.010139515179797404,1,4.977,5,RECOVERED_NEW_HIGH,1791032205006,5.124
PAPER:CUSDT:1791032099999:LONG,CUSDT,LONG,True,OBSERVATION_MISS,REDUCE25,95,LT1,0.2827902014993944,1791032209877,1791032214842,4.965,0.24241870785950415,0.8572387111511122,0.2827902014993944,4.965,0.00813121724871908,1,4.965,2,RECOVERED_NEW_HIGH,1791032220071,5.229
PAPER:CUSDT:1791032099999:LONG,CUSDT,LONG,True,OBSERVATION_MISS,REDUCE25,90,LT1,0.2827902014993944,1791032209877,1791032214842,4.965,0.24241870785950415,0.8572387111511122,0.2827902014993944,4.965,0.00813121724871908,1,4.965,2,RECOVERED_NEW_HIGH,1791032220071,5.229
PAPER:CUSDT:1791032099999:LONG,CUSDT,LONG,True,OBSERVATION_MISS,REDUCE25,95,LT1,0.3433474419592297,1791032220071,1791032234994,14.923,0.3029759483193173,0.8824179571295414,0.33325456854924607,5.14,0.005890782145900541,3,14.923,2,RECOVERED_NEW_HIGH,1791032265158,30.164
PAPER:CUSDT:1791032099999:LONG,CUSDT,LONG,True,OBSERVATION_MISS,REDUCE25,90,LT1,0.3433474419592297,1791032220071,1791032234994,14.923,0.3029759483193173,0.8824179571295414,0.33325456854924607,5.14,0.005890782145900541,3,14.923,2,RECOVERED_NEW_HIGH,1791032265158,30.164
PAPER:CUSDT:1791032099999:LONG,CUSDT,LONG,True,OBSERVATION_MISS,REDUCE25,95,LT1,0.5552977835686645,1791032274903,1791032280019,5.116,0.4745547962888841,0.8545951565646825,0.5552977835686645,5.116,0.015782444738033714,1,5.116,2,RECOVERED_NEW_HIGH,1791032419824,139.805
PAPER:CUSDT:1791032099999:LONG,CUSDT,LONG,True,OBSERVATION_MISS,REDUCE25,90,LT1,0.5552977835686645,1791032274903,1791032280019,5.116,0.4745547962888841,0.8545951565646825,0.5552977835686645,5.116,0.015782444738033714,1,5.116,2,RECOVERED_NEW_HIGH,1791032419824,139.805
PAPER:CUSDT:1791032099999:LONG,CUSDT,LONG,True,OBSERVATION_MISS,REDUCE25,85,LT1,0.5552977835686645,1791032274903,1791032284877,9.974,0.4442761760589553,0.8000683402764185,0.4745547962888841,4.858,0.006232733682570765,2,9.974,1,RECOVERED_NEW_HIGH,1791032419824,134.947
PAPER:CUSDT:1791032099999:LONG,CUSDT,LONG,True,OBSERVATION_MISS,REDUCE25,80,LT1,0.5552977835686645,1791032274903,1791032289922,15.019,0.4039046824190651,0.7273659185587598,0.4442761760589553,5.045,0.008002278223962385,3,15.019,2,RECOVERED_NEW_HIGH,1791032419824,129.902
PAPER:CUSDT:1791032099999:LONG,CUSDT,LONG,True,OBSERVATION_MISS,REDUCE25,75,LT1,0.5552977835686645,1791032274903,1791032289922,15.019,0.4039046824190651,0.7273659185587598,0.4442761760589553,5.045,0.008002278223962385,3,15.019,2,RECOVERED_NEW_HIGH,1791032419824,129.902
PAPER:CUSDT:1791032099999:LONG,CUSDT,LONG,True,OBSERVATION_MISS,REDUCE25,95,LT1,0.5653906569786482,1791032419824,1791032424887,5.063,0.46446192287892263,0.821488500289213,0.5653906569786482,5.063,0.0199345712225411,1,5.063,3,RECOVERED_NEW_HIGH,1791032439849,14.962
PAPER:CUSDT:1791032099999:LONG,CUSDT,LONG,True,OBSERVATION_MISS,REDUCE25,90,LT1,0.5653906569786482,1791032419824,1791032424887,5.063,0.46446192287892263,0.821488500289213,0.5653906569786482,5.063,0.0199345712225411,1,5.063,3,RECOVERED_NEW_HIGH,1791032439849,14.962
PAPER:CUSDT:1791032099999:LONG,CUSDT,LONG,True,OBSERVATION_MISS,REDUCE25,85,LT1,0.5653906569786482,1791032419824,1791032424887,5.063,0.46446192287892263,0.821488500289213,0.5653906569786482,5.063,0.0199345712225411,1,5.063,3,RECOVERED_NEW_HIGH,1791032439849,14.962
PAPER:CUSDT:1791032099999:LONG,CUSDT,LONG,True,OBSERVATION_MISS,REDUCE25,95,LT1,0.7167837581282699,1791032439849,1791032445098,5.249,0.5956692772085548,0.8310306566711555,0.7167837581282699,5.249,0.02307381995041248,1,5.249,3,FINAL_REVERSAL,,
PAPER:CUSDT:1791032099999:LONG,CUSDT,LONG,True,OBSERVATION_MISS,REDUCE25,90,LT1,0.7167837581282699,1791032439849,1791032445098,5.249,0.5956692772085548,0.8310306566711555,0.7167837581282699,5.249,0.02307381995041248,1,5.249,3,FINAL_REVERSAL,,
PAPER:CUSDT:1791032099999:LONG,CUSDT,LONG,True,OBSERVATION_MISS,REDUCE25,85,LT1,0.7167837581282699,1791032439849,1791032445098,5.249,0.5956692772085548,0.8310306566711555,0.7167837581282699,5.249,0.02307381995041248,1,5.249,3,FINAL_REVERSAL,,
PAPER:CUSDT:1791032099999:LONG,CUSDT,LONG,True,OBSERVATION_MISS,REDUCE25,80,LT1,0.7167837581282699,1791032439849,1791032469818,29.969,0.5653906569786482,0.7887883208389753,0.6865051378983411,4.914,0.024646821513979022,1,4.914,4,FINAL_REVERSAL,,
PAPER:CUSDT:1791032099999:LONG,CUSDT,LONG,True,OBSERVATION_MISS,REDUCE25,75,LT1,0.7167837581282699,1791032439849,1791032474915,35.066,0.5149262899287743,0.7183844277853004,0.5653906569786482,5.097,0.009900797930130252,2,10.011,1,FINAL_REVERSAL,,
PAPER:ZROUSDT:1791032399999:LONG,ZROUSDT,LONG,True,PARTIAL_REDUCE_DRAG,REDUCE25,95,LT1,0.27986662729373446,1791032439860,1791032445126,5.266,0.2024827232695925,0.7234972073218163,0.27986662729373446,5.266,0.014695006461097981,1,5.266,5,RECOVERED_NEW_HIGH,1791032464906,19.78
PAPER:ZROUSDT:1791032399999:LONG,ZROUSDT,LONG,True,PARTIAL_REDUCE_DRAG,REDUCE25,90,LT1,0.27986662729373446,1791032439860,1791032445126,5.266,0.2024827232695925,0.7234972073218163,0.27986662729373446,5.266,0.014695006461097981,1,5.266,5,RECOVERED_NEW_HIGH,1791032464906,19.78
PAPER:ZROUSDT:1791032399999:LONG,ZROUSDT,LONG,True,PARTIAL_REDUCE_DRAG,REDUCE25,85,LT1,0.27986662729373446,1791032439860,1791032445126,5.266,0.2024827232695925,0.7234972073218163,0.27986662729373446,5.266,0.014695006461097981,1,5.266,5,RECOVERED_NEW_HIGH,1791032464906,19.78
PAPER:ZROUSDT:1791032399999:LONG,ZROUSDT,LONG,True,PARTIAL_REDUCE_DRAG,REDUCE25,80,LT1,0.27986662729373446,1791032439860,1791032445126,5.266,0.2024827232695925,0.7234972073218163,0.27986662729373446,5.266,0.014695006461097981,1,5.266,5,RECOVERED_NEW_HIGH,1791032464906,19.78
PAPER:ZROUSDT:1791032399999:LONG,ZROUSDT,LONG,True,PARTIAL_REDUCE_DRAG,REDUCE25,75,LT1,0.27986662729373446,1791032439860,1791032445126,5.266,0.2024827232695925,0.7234972073218163,0.27986662729373446,5.266,0.014695006461097981,1,5.266,5,RECOVERED_NEW_HIGH,1791032464906,19.78
PAPER:ZROUSDT:1791032399999:LONG,ZROUSDT,LONG,True,PARTIAL_REDUCE_DRAG,REDUCE25,95,LT1,0.33790455531184094,1791032464906,1791032469837,4.931,0.1202623252439361,0.35590619704120285,0.33790455531184094,4.931,0.04413754412247107,1,4.931,5,RECOVERED_NEW_HIGH,1791032589771,119.934
PAPER:ZROUSDT:1791032399999:LONG,ZROUSDT,LONG,True,PARTIAL_REDUCE_DRAG,REDUCE25,90,LT1,0.33790455531184094,1791032464906,1791032469837,4.931,0.1202623252439361,0.35590619704120285,0.33790455531184094,4.931,0.04413754412247107,1,4.931,5,RECOVERED_NEW_HIGH,1791032589771,119.934
PAPER:ZROUSDT:1791032399999:LONG,ZROUSDT,LONG,True,PARTIAL_REDUCE_DRAG,REDUCE25,85,LT1,0.33790455531184094,1791032464906,1791032469837,4.931,0.1202623252439361,0.35590619704120285,0.33790455531184094,4.931,0.04413754412247107,1,4.931,5,RECOVERED_NEW_HIGH,1791032589771,119.934
PAPER:ZROUSDT:1791032399999:LONG,ZROUSDT,LONG,True,PARTIAL_REDUCE_DRAG,REDUCE25,80,LT1,0.33790455531184094,1791032464906,1791032469837,4.931,0.1202623252439361,0.35590619704120285,0.33790455531184094,4.931,0.04413754412247107,1,4.931,5,RECOVERED_NEW_HIGH,1791032589771,119.934
PAPER:ZROUSDT:1791032399999:LONG,ZROUSDT,LONG,True,PARTIAL_REDUCE_DRAG,REDUCE25,75,LT1,0.33790455531184094,1791032464906,1791032469837,4.931,0.1202623252439361,0.35590619704120285,0.33790455531184094,4.931,0.04413754412247107,1,4.931,5,RECOVERED_NEW_HIGH,1791032589771,119.934
PAPER:ZROUSDT:1791032399999:LONG,ZROUSDT,LONG,True,PARTIAL_REDUCE_DRAG,REDUCE25,95,LT1,0.46848989335259716,1791032589771,1791032594891,5.12,0.3330680613103265,0.7109396937612296,0.46848989335259716,5.12,0.026449576570755987,1,5.12,5,RECOVERED_NEW_HIGH,1791032624997,30.106
PAPER:ZROUSDT:1791032399999:LONG,ZROUSDT,LONG,True,PARTIAL_REDUCE_DRAG,REDUCE25,90,LT1,0.46848989335259716,1791032589771,1791032594891,5.12,0.3330680613103265,0.7109396937612296,0.46848989335259716,5.12,0.026449576570755987,1,5.12,5,RECOVERED_NEW_HIGH,1791032624997,30.106
PAPER:ZROUSDT:1791032399999:LONG,ZROUSDT,LONG,True,PARTIAL_REDUCE_DRAG,REDUCE25,85,LT1,0.46848989335259716,1791032589771,1791032594891,5.12,0.3330680613103265,0.7109396937612296,0.46848989335259716,5.12,0.026449576570755987,1,5.12,5,RECOVERED_NEW_HIGH,1791032624997,30.106
PAPER:ZROUSDT:1791032399999:LONG,ZROUSDT,LONG,True,PARTIAL_REDUCE_DRAG,REDUCE25,80,LT1,0.46848989335259716,1791032589771,1791032594891,5.12,0.3330680613103265,0.7109396937612296,0.46848989335259716,5.12,0.026449576570755987,1,5.12,5,RECOVERED_NEW_HIGH,1791032624997,30.106
PAPER:ZROUSDT:1791032399999:LONG,ZROUSDT,LONG,True,PARTIAL_REDUCE_DRAG,REDUCE25,75,LT1,0.46848989335259716,1791032589771,1791032594891,5.12,0.3330680613103265,0.7109396937612296,0.46848989335259716,5.12,0.026449576570755987,1,5.12,5,RECOVERED_NEW_HIGH,1791032624997,30.106
PAPER:ZROUSDT:1791032399999:LONG,ZROUSDT,LONG,True,PARTIAL_REDUCE_DRAG,REDUCE25,95,LT1,0.7006416054250453,1791032634691,1791032639819,5.128,0.5652197733827746,0.806717398747514,0.7006416054250453,5.128,0.02640831358078601,1,5.128,3,FINAL_REVERSAL,,
PAPER:ZROUSDT:1791032399999:LONG,ZROUSDT,LONG,True,PARTIAL_REDUCE_DRAG,REDUCE25,90,LT1,0.7006416054250453,1791032634691,1791032639819,5.128,0.5652197733827746,0.806717398747514,0.7006416054250453,5.128,0.02640831358078601,1,5.128,3,FINAL_REVERSAL,,
PAPER:ZROUSDT:1791032399999:LONG,ZROUSDT,LONG,True,PARTIAL_REDUCE_DRAG,REDUCE25,85,LT1,0.7006416054250453,1791032634691,1791032639819,5.128,0.5652197733827746,0.806717398747514,0.7006416054250453,5.128,0.02640831358078601,1,5.128,3,FINAL_REVERSAL,,
PAPER:ZROUSDT:1791032399999:LONG,ZROUSDT,LONG,True,PARTIAL_REDUCE_DRAG,REDUCE25,80,LT1,0.7006416054250453,1791032634691,1791032644693,10.002,0.391105989328433,0.5582111971371839,0.5652197733827746,4.874,0.035722975801054914,2,10.002,2,FINAL_REVERSAL,,
PAPER:ZROUSDT:1791032399999:LONG,ZROUSDT,LONG,True,PARTIAL_REDUCE_DRAG,REDUCE25,75,LT1,0.7006416054250453,1791032634691,1791032644693,10.002,0.391105989328433,0.5582111971371839,0.5652197733827746,4.874,0.035722975801054914,2,10.002,2,FINAL_REVERSAL,,
PAPER:SYNUSDT:1791032699999:SHORT,SYNUSDT,SHORT,True,OBSERVATION_MISS,REDUCE25+RUNNER_CLOSE,95,LT1,0.02947275175601005,1791032724695,1791032734738,10.043,-0.03099883470154552,-1.0517794523622745,0.02947275175601005,4.932,0.0122610678137785,2,10.043,5,RECOVERED_NEW_HIGH,1791032764714,29.976
PAPER:SYNUSDT:1791032699999:SHORT,SYNUSDT,SHORT,True,OBSERVATION_MISS,REDUCE25+RUNNER_CLOSE,90,LT1,0.02947275175601005,1791032724695,1791032734738,10.043,-0.03099883470154552,-1.0517794523622745,0.02947275175601005,4.932,0.0122610678137785,2,10.043,5,RECOVERED_NEW_HIGH,1791032764714,29.976
PAPER:SYNUSDT:1791032699999:SHORT,SYNUSDT,SHORT,True,OBSERVATION_MISS,REDUCE25+RUNNER_CLOSE,85,LT1,0.02947275175601005,1791032724695,1791032734738,10.043,-0.03099883470154552,-1.0517794523622745,0.02947275175601005,4.932,0.0122610678137785,2,10.043,5,RECOVERED_NEW_HIGH,1791032764714,29.976
PAPER:SYNUSDT:1791032699999:SHORT,SYNUSDT,SHORT,True,OBSERVATION_MISS,REDUCE25+RUNNER_CLOSE,80,LT1,0.02947275175601005,1791032724695,1791032734738,10.043,-0.03099883470154552,-1.0517794523622745,0.02947275175601005,4.932,0.0122610678137785,2,10.043,5,RECOVERED_NEW_HIGH,1791032764714,29.976
PAPER:SYNUSDT:1791032699999:SHORT,SYNUSDT,SHORT,True,OBSERVATION_MISS,REDUCE25+RUNNER_CLOSE,75,LT1,0.02947275175601005,1791032724695,1791032734738,10.043,-0.03099883470154552,-1.0517794523622745,0.02947275175601005,4.932,0.0122610678137785,2,10.043,5,RECOVERED_NEW_HIGH,1791032764714,29.976
PAPER:SYNUSDT:1791032699999:SHORT,SYNUSDT,SHORT,True,OBSERVATION_MISS,REDUCE25+RUNNER_CLOSE,95,LT1,0.05695983650946257,1791032764714,1791032769710,4.996,-0.16293684151802434,-2.8605566922748475,0.05695983650946257,4.996,0.04401454724329201,1,4.996,5,RECOVERED_NEW_HIGH,1791032824702,54.992
PAPER:SYNUSDT:1791032699999:SHORT,SYNUSDT,SHORT,True,OBSERVATION_MISS,REDUCE25+RUNNER_CLOSE,90,LT1,0.05695983650946257,1791032764714,1791032769710,4.996,-0.16293684151802434,-2.8605566922748475,0.05695983650946257,4.996,0.04401454724329201,1,4.996,5,RECOVERED_NEW_HIGH,1791032824702,54.992
PAPER:SYNUSDT:1791032699999:SHORT,SYNUSDT,SHORT,True,OBSERVATION_MISS,REDUCE25+RUNNER_CLOSE,85,LT1,0.05695983650946257,1791032764714,1791032769710,4.996,-0.16293684151802434,-2.8605566922748475,0.05695983650946257,4.996,0.04401454724329201,1,4.996,5,RECOVERED_NEW_HIGH,1791032824702,54.992
PAPER:SYNUSDT:1791032699999:SHORT,SYNUSDT,SHORT,True,OBSERVATION_MISS,REDUCE25+RUNNER_CLOSE,80,LT1,0.05695983650946257,1791032764714,1791032769710,4.996,-0.16293684151802434,-2.8605566922748475,0.05695983650946257,4.996,0.04401454724329201,1,4.996,5,RECOVERED_NEW_HIGH,1791032824702,54.992
PAPER:SYNUSDT:1791032699999:SHORT,SYNUSDT,SHORT,True,OBSERVATION_MISS,REDUCE25+RUNNER_CLOSE,75,LT1,0.05695983650946257,1791032764714,1791032769710,4.996,-0.16293684151802434,-2.8605566922748475,0.05695983650946257,4.996,0.04401454724329201,1,4.996,5,RECOVERED_NEW_HIGH,1791032824702,54.992
PAPER:SYNUSDT:1791032699999:SHORT,SYNUSDT,SHORT,True,OBSERVATION_MISS,REDUCE25+RUNNER_CLOSE,95,LT1,0.24936942978349697,1791032854673,1791032859660,4.987,0.1888978433259414,0.7575020061197673,0.24936942978349697,4.987,0.012125844487177776,1,4.987,4,RECOVERED_NEW_HIGH,1791032874660,15.0
PAPER:SYNUSDT:1791032699999:SHORT,SYNUSDT,SHORT,True,OBSERVATION_MISS,REDUCE25+RUNNER_CLOSE,90,LT1,0.24936942978349697,1791032854673,1791032859660,4.987,0.1888978433259414,0.7575020061197673,0.24936942978349697,4.987,0.012125844487177776,1,4.987,4,RECOVERED_NEW_HIGH,1791032874660,15.0
PAPER:SYNUSDT:1791032699999:SHORT,SYNUSDT,SHORT,True,OBSERVATION_MISS,REDUCE25+RUNNER_CLOSE,85,LT1,0.24936942978349697,1791032854673,1791032859660,4.987,0.1888978433259414,0.7575020061197673,0.24936942978349697,4.987,0.012125844487177776,1,4.987,4,RECOVERED_NEW_HIGH,1791032874660,15.0
PAPER:SYNUSDT:1791032699999:SHORT,SYNUSDT,SHORT,True,OBSERVATION_MISS,REDUCE25+RUNNER_CLOSE,80,LT1,0.24936942978349697,1791032854673,1791032859660,4.987,0.1888978433259414,0.7575020061197673,0.24936942978349697,4.987,0.012125844487177776,1,4.987,4,RECOVERED_NEW_HIGH,1791032874660,15.0
PAPER:SYNUSDT:1791032699999:SHORT,SYNUSDT,SHORT,True,OBSERVATION_MISS,REDUCE25+RUNNER_CLOSE,95,LT1,0.3153384331917475,1791032874660,1791032884670,10.01,0.2273797619807505,0.7210658075493384,0.3043435992903687,4.911,0.015671724151826147,2,10.01,5,RECOVERED_NEW_HIGH,1791032904675,20.005
PAPER:SYNUSDT:1791032699999:SHORT,SYNUSDT,SHORT,True,OBSERVATION_MISS,REDUCE25+RUNNER_CLOSE,90,LT1,0.3153384331917475,1791032874660,1791032884670,10.01,0.2273797619807505,0.7210658075493384,0.3043435992903687,4.911,0.015671724151826147,2,10.01,5,RECOVERED_NEW_HIGH,1791032904675,20.005
PAPER:SYNUSDT:1791032699999:SHORT,SYNUSDT,SHORT,True,OBSERVATION_MISS,REDUCE25+RUNNER_CLOSE,85,LT1,0.3153384331917475,1791032874660,1791032884670,10.01,0.2273797619807505,0.7210658075493384,0.3043435992903687,4.911,0.015671724151826147,2,10.01,5,RECOVERED_NEW_HIGH,1791032904675,20.005
PAPER:SYNUSDT:1791032699999:SHORT,SYNUSDT,SHORT,True,OBSERVATION_MISS,REDUCE25+RUNNER_CLOSE,80,LT1,0.3153384331917475,1791032874660,1791032884670,10.01,0.2273797619807505,0.7210658075493384,0.3043435992903687,4.911,0.015671724151826147,2,10.01,5,RECOVERED_NEW_HIGH,1791032904675,20.005
PAPER:SYNUSDT:1791032699999:SHORT,SYNUSDT,SHORT,True,OBSERVATION_MISS,REDUCE25+RUNNER_CLOSE,75,LT1,0.3153384331917475,1791032874660,1791032884670,10.01,0.2273797619807505,0.7210658075493384,0.3043435992903687,4.911,0.015671724151826147,2,10.01,5,RECOVERED_NEW_HIGH,1791032904675,20.005
PAPER:SYNUSDT:1791032699999:SHORT,SYNUSDT,SHORT,True,OBSERVATION_MISS,REDUCE25+RUNNER_CLOSE,95,LT1,0.4307841891561748,1791032909684,1791032914609,4.925,0.3813074365999869,0.8851472412367233,0.4307841891561748,4.925,0.010046041128159978,1,4.925,2,RECOVERED_NEW_HIGH,1791032929609,15.0
PAPER:SYNUSDT:1791032699999:SHORT,SYNUSDT,SHORT,True,OBSERVATION_MISS,REDUCE25+RUNNER_CLOSE,90,LT1,0.4307841891561748,1791032909684,1791032914609,4.925,0.3813074365999869,0.8851472412367233,0.4307841891561748,4.925,0.010046041128159978,1,4.925,2,RECOVERED_NEW_HIGH,1791032929609,15.0
PAPER:SYNUSDT:1791032699999:SHORT,SYNUSDT,SHORT,True,OBSERVATION_MISS,REDUCE25+RUNNER_CLOSE,85,LT1,0.4307841891561748,1791032909684,1791032919605,9.921,0.2273797619807505,0.5278275473065637,0.3813074365999869,4.996,0.03081018307030352,2,9.921,3,RECOVERED_NEW_HIGH,1791032929609,10.004
PAPER:SYNUSDT:1791032699999:SHORT,SYNUSDT,SHORT,True,OBSERVATION_MISS,REDUCE25+RUNNER_CLOSE,80,LT1,0.4307841891561748,1791032909684,1791032919605,9.921,0.2273797619807505,0.5278275473065637,0.3813074365999869,4.996,0.03081018307030352,2,9.921,3,RECOVERED_NEW_HIGH,1791032929609,10.004
PAPER:SYNUSDT:1791032699999:SHORT,SYNUSDT,SHORT,True,OBSERVATION_MISS,REDUCE25+RUNNER_CLOSE,75,LT1,0.4307841891561748,1791032909684,1791032919605,9.921,0.2273797619807505,0.5278275473065637,0.3813074365999869,4.996,0.03081018307030352,2,9.921,3,RECOVERED_NEW_HIGH,1791032929609,10.004
PAPER:SYNUSDT:1791032699999:SHORT,SYNUSDT,SHORT,True,OBSERVATION_MISS,REDUCE25+RUNNER_CLOSE,95,LT1,0.4857583586630465,1791032929609,1791032934747,5.138,0.4197893552548071,0.8641937864130511,0.4857583586630465,5.138,0.012839432348820439,1,5.138,2,RECOVERED_NEW_HIGH,1791033094676,159.929
PAPER:SYNUSDT:1791032699999:SHORT,SYNUSDT,SHORT,True,OBSERVATION_MISS,REDUCE25+RUNNER_CLOSE,90,LT1,0.4857583586630465,1791032929609,1791032934747,5.138,0.4197893552548071,0.8641937864130511,0.4857583586630465,5.138,0.012839432348820439,1,5.138,2,RECOVERED_NEW_HIGH,1791033094676,159.929
PAPER:SYNUSDT:1791032699999:SHORT,SYNUSDT,SHORT,True,OBSERVATION_MISS,REDUCE25+RUNNER_CLOSE,85,LT1,0.4857583586630465,1791032929609,1791032939739,10.13,0.3428255179451778,0.7057532038949098,0.4197893552548071,4.992,0.01541743535849946,2,10.13,3,RECOVERED_NEW_HIGH,1791033094676,154.937
PAPER:SYNUSDT:1791032699999:SHORT,SYNUSDT,SHORT,True,OBSERVATION_MISS,REDUCE25+RUNNER_CLOSE,80,LT1,0.4857583586630465,1791032929609,1791032939739,10.13,0.3428255179451778,0.7057532038949098,0.4197893552548071,4.992,0.01541743535849946,2,10.13,3,RECOVERED_NEW_HIGH,1791033094676,154.937
PAPER:SYNUSDT:1791032699999:SHORT,SYNUSDT,SHORT,True,OBSERVATION_MISS,REDUCE25+RUNNER_CLOSE,75,LT1,0.4857583586630465,1791032929609,1791032939739,10.13,0.3428255179451778,0.7057532038949098,0.4197893552548071,4.992,0.01541743535849946,2,10.13,3,RECOVERED_NEW_HIGH,1791033094676,154.937
PAPER:SYNUSDT:1791032699999:SHORT,SYNUSDT,SHORT,True,OBSERVATION_MISS,REDUCE25+RUNNER_CLOSE,95,LT1,0.6451834502329667,1791033094676,1791033104789,10.113,0.6121989485288415,0.9488757783662692,0.6176963654795364,5.175,0.0010623027924048201,2,10.113,1,RECOVERED_NEW_HIGH,1791033114616,9.827
PAPER:SYNUSDT:1791032699999:SHORT,SYNUSDT,SHORT,True,OBSERVATION_MISS,REDUCE25+RUNNER_CLOSE,90,LT1,0.6451834502329667,1791033094676,1791033109613,14.937,0.5737170298740435,0.8892308531269397,0.6121989485288415,4.824,0.007977180483996269,3,14.937,1,RECOVERED_NEW_HIGH,1791033114616,5.003
PAPER:SYNUSDT:1791032699999:SHORT,SYNUSDT,SHORT,True,OBSERVATION_MISS,REDUCE25+RUNNER_CLOSE,95,LT1,0.9035620469152628,1791033129634,1791033134692,5.058,0.8046085418028981,0.8904851023234217,0.9035620469152628,5.058,0.019563761390344932,1,5.058,2,RECOVERED_NEW_HIGH,1791033189636,54.944
PAPER:SYNUSDT:1791032699999:SHORT,SYNUSDT,SHORT,True,OBSERVATION_MISS,REDUCE25+RUNNER_CLOSE,90,LT1,0.9035620469152628,1791033129634,1791033134692,5.058,0.8046085418028981,0.8904851023234217,0.9035620469152628,5.058,0.019563761390344932,1,5.058,2,RECOVERED_NEW_HIGH,1791033189636,54.944
PAPER:SYNUSDT:1791032699999:SHORT,SYNUSDT,SHORT,True,OBSERVATION_MISS,REDUCE25+RUNNER_CLOSE,85,LT1,0.9035620469152628,1791033129634,1791033144613,14.979,0.760629206197394,0.841811814467155,0.7936137079015193,4.958,0.006652783724107555,3,14.979,1,RECOVERED_NEW_HIGH,1791033189636,45.023
PAPER:SYNUSDT:1791032699999:SHORT,SYNUSDT,SHORT,True,OBSERVATION_MISS,REDUCE25+RUNNER_CLOSE,80,LT1,0.9035620469152628,1791033129634,1791033149699,20.065,0.7001576197398274,0.7748860436647901,0.760629206197394,5.086,0.011889812516234107,4,20.065,1,RECOVERED_NEW_HIGH,1791033189636,39.937
PAPER:SYNUSDT:1791032699999:SHORT,SYNUSDT,SHORT,True,OBSERVATION_MISS,REDUCE25+RUNNER_CLOSE,95,1_TO_1_5,1.1234587249427497,1791033209719,1791033224711,14.992,1.062987138485194,0.9461737355231834,1.106966474090687,5.086,0.008647136375441003,1,5.086,1,RECOVERED_NEW_HIGH,1791033229616,4.905
PAPER:SYNUSDT:1791032699999:SHORT,SYNUSDT,SHORT,True,OBSERVATION_MISS,REDUCE25+RUNNER_CLOSE,95,1_TO_1_5,1.2993760673647214,1791033244625,1791033249610,4.985,1.0684845554358668,0.8223058606911792,1.2993760673647214,4.985,0.04631725414821556,1,4.985,3,RECOVERED_NEW_HIGH,1791033694636,445.026
PAPER:SYNUSDT:1791032699999:SHORT,SYNUSDT,SHORT,True,OBSERVATION_MISS,REDUCE25+RUNNER_CLOSE,90,1_TO_1_5,1.2993760673647214,1791033244625,1791033249610,4.985,1.0684845554358668,0.8223058606911792,1.2993760673647214,4.985,0.04631725414821556,1,4.985,3,RECOVERED_NEW_HIGH,1791033694636,445.026
PAPER:SYNUSDT:1791032699999:SHORT,SYNUSDT,SHORT,True,OBSERVATION_MISS,REDUCE25+RUNNER_CLOSE,85,1_TO_1_5,1.2993760673647214,1791033244625,1791033249610,4.985,1.0684845554358668,0.8223058606911792,1.2993760673647214,4.985,0.04631725414821556,1,4.985,3,RECOVERED_NEW_HIGH,1791033694636,445.026
PAPER:SYNUSDT:1791032699999:SHORT,SYNUSDT,SHORT,True,OBSERVATION_MISS,REDUCE25+RUNNER_CLOSE,80,1_TO_1_5,1.2993760673647214,1791033244625,1791033264626,20.001,0.980525884224881,0.7546128552402046,1.1619406435975477,5.009,0.03621775990670128,1,5.009,2,RECOVERED_NEW_HIGH,1791033694636,430.01
PAPER:SYNUSDT:1791032699999:SHORT,SYNUSDT,SHORT,True,OBSERVATION_MISS,REDUCE25+RUNNER_CLOSE,75,1_TO_1_5,1.2993760673647214,1791033244625,1791033279620,34.995,0.9585362164221345,0.7376896038774611,1.0135103859290062,5.0,0.010994833901374346,2,9.926,1,RECOVERED_NEW_HIGH,1791033694636,415.016
PAPER:SYNUSDT:1791032699999:SHORT,SYNUSDT,SHORT,True,OBSERVATION_MISS,REDUCE25+RUNNER_CLOSE,95,1_TO_1_5,1.3763399046743396,1791033694636,1791033699600,4.964,1.3048734843154164,0.9480750212093624,1.3763399046743396,4.964,0.01439694205457761,1,4.964,1,RECOVERED_NEW_HIGH,1791033704721,5.121
PAPER:SYNUSDT:1791032699999:SHORT,SYNUSDT,SHORT,True,OBSERVATION_MISS,REDUCE25+RUNNER_CLOSE,95,1_5_TO_3,1.5577546640470175,1791033719701,1791033724643,4.942,1.4313140741812225,0.9188315125712385,1.5577546640470175,4.942,0.025584902846174623,1,4.942,1,RECOVERED_NEW_HIGH,1791033749688,25.045
PAPER:SYNUSDT:1791032699999:SHORT,SYNUSDT,SHORT,True,OBSERVATION_MISS,REDUCE25+RUNNER_CLOSE,95,1_5_TO_3,1.5907391657511427,1791033749688,1791033764730,15.042,1.4642985758853366,0.9205145679517477,1.5302675792935871,5.093,0.012952877166355884,3,15.042,1,FINAL_REVERSAL,,
PAPER:SYNUSDT:1791032699999:SHORT,SYNUSDT,SHORT,True,OBSERVATION_MISS,REDUCE25+RUNNER_CLOSE,90,1_5_TO_3,1.5907391657511427,1791033749688,1791033769648,19.96,1.1179613079920547,0.7027936019065428,1.4642985758853366,4.918,0.07042238062083812,4,19.96,4,FINAL_REVERSAL,,
PAPER:SYNUSDT:1791032699999:SHORT,SYNUSDT,SHORT,True,OBSERVATION_MISS,REDUCE25+RUNNER_CLOSE,85,1_5_TO_3,1.5907391657511427,1791033749688,1791033769648,19.96,1.1179613079920547,0.7027936019065428,1.4642985758853366,4.918,0.07042238062083812,4,19.96,4,FINAL_REVERSAL,,
PAPER:SYNUSDT:1791032699999:SHORT,SYNUSDT,SHORT,True,OBSERVATION_MISS,REDUCE25+RUNNER_CLOSE,80,1_5_TO_3,1.5907391657511427,1791033749688,1791033769648,19.96,1.1179613079920547,0.7027936019065428,1.4642985758853366,4.918,0.07042238062083812,4,19.96,4,FINAL_REVERSAL,,
PAPER:SYNUSDT:1791032699999:SHORT,SYNUSDT,SHORT,True,OBSERVATION_MISS,REDUCE25+RUNNER_CLOSE,75,1_5_TO_3,1.5907391657511427,1791033749688,1791033769648,19.96,1.1179613079920547,0.7027936019065428,1.4642985758853366,4.918,0.07042238062083812,4,19.96,4,FINAL_REVERSAL,,
PAPER:BTWUSDT:1791032699999:LONG,BTWUSDT,LONG,True,OBSERVATION_MISS,REDUCE25,95,LT1,0.03501741360236732,1791032770003,1791032774856,4.853,0.014387383201519555,0.4108636738535969,0.03501741360236732,4.853,0.00425098504035602,1,4.853,5,RECOVERED_NEW_HIGH,1791032789882,15.026
PAPER:BTWUSDT:1791032699999:LONG,BTWUSDT,LONG,True,OBSERVATION_MISS,REDUCE25,90,LT1,0.03501741360236732,1791032770003,1791032774856,4.853,0.014387383201519555,0.4108636738535969,0.03501741360236732,4.853,0.00425098504035602,1,4.853,5,RECOVERED_NEW_HIGH,1791032789882,15.026
PAPER:BTWUSDT:1791032699999:LONG,BTWUSDT,LONG,True,OBSERVATION_MISS,REDUCE25,85,LT1,0.03501741360236732,1791032770003,1791032774856,4.853,0.014387383201519555,0.4108636738535969,0.03501741360236732,4.853,0.00425098504035602,1,4.853,5,RECOVERED_NEW_HIGH,1791032789882,15.026
PAPER:BTWUSDT:1791032699999:LONG,BTWUSDT,LONG,True,OBSERVATION_MISS,REDUCE25,80,LT1,0.03501741360236732,1791032770003,1791032774856,4.853,0.014387383201519555,0.4108636738535969,0.03501741360236732,4.853,0.00425098504035602,1,4.853,5,RECOVERED_NEW_HIGH,1791032789882,15.026
PAPER:BTWUSDT:1791032699999:LONG,BTWUSDT,LONG,True,OBSERVATION_MISS,REDUCE25,75,LT1,0.03501741360236732,1791032770003,1791032774856,4.853,0.014387383201519555,0.4108636738535969,0.03501741360236732,4.853,0.00425098504035602,1,4.853,5,RECOVERED_NEW_HIGH,1791032789882,15.026
PAPER:BTWUSDT:1791032699999:LONG,BTWUSDT,LONG,True,OBSERVATION_MISS,REDUCE25,95,LT1,0.21381101040951478,1791032789882,1791032794757,4.875,0.18630430320842883,0.8713503708326245,0.21381101040951478,4.875,0.005642401477145835,1,4.875,2,RECOVERED_NEW_HIGH,1791032879806,85.049
PAPER:BTWUSDT:1791032699999:LONG,BTWUSDT,LONG,True,OBSERVATION_MISS,REDUCE25,90,LT1,0.21381101040951478,1791032789882,1791032794757,4.875,0.18630430320842883,0.8713503708326245,0.21381101040951478,4.875,0.005642401477145835,1,4.875,2,RECOVERED_NEW_HIGH,1791032879806,85.049
PAPER:BTWUSDT:1791032699999:LONG,BTWUSDT,LONG,True,OBSERVATION_MISS,REDUCE25,85,LT1,0.21381101040951478,1791032789882,1791032799749,9.867,0.17942762640814625,0.8391879635407287,0.18630430320842883,4.992,0.0013775394231335314,2,9.867,1,RECOVERED_NEW_HIGH,1791032879806,80.057
PAPER:BTWUSDT:1791032699999:LONG,BTWUSDT,LONG,True,OBSERVATION_MISS,REDUCE25,80,LT1,0.21381101040951478,1791032789882,1791032844750,54.868,0.16567427280758107,0.7748631489569371,0.17942762640814625,5.043,0.002727216656864005,1,5.043,1,RECOVERED_NEW_HIGH,1791032879806,35.056
PAPER:BTWUSDT:1791032699999:LONG,BTWUSDT,LONG,True,OBSERVATION_MISS,REDUCE25,75,LT1,0.21381101040951478,1791032789882,1791032849996,60.114,0.13129088880621254,0.6140511124976658,0.16567427280758107,5.246,0.006554209683829304,2,10.289,1,RECOVERED_NEW_HIGH,1791032879806,29.81
PAPER:BTWUSDT:1791032699999:LONG,BTWUSDT,LONG,True,OBSERVATION_MISS,REDUCE25,95,LT1,0.2481943944108833,1791032884701,1791032904736,20.035,0.19318098000868922,0.7783454596838317,0.24131771761062293,4.854,0.009916921632042379,4,20.035,4,RECOVERED_NEW_HIGH,1791032919697,14.961
PAPER:BTWUSDT:1791032699999:LONG,BTWUSDT,LONG,True,OBSERVATION_MISS,REDUCE25,90,LT1,0.2481943944108833,1791032884701,1791032904736,20.035,0.19318098000868922,0.7783454596838317,0.24131771761062293,4.854,0.009916921632042379,4,20.035,4,RECOVERED_NEW_HIGH,1791032919697,14.961
PAPER:BTWUSDT:1791032699999:LONG,BTWUSDT,LONG,True,OBSERVATION_MISS,REDUCE25,85,LT1,0.2481943944108833,1791032884701,1791032904736,20.035,0.19318098000868922,0.7783454596838317,0.24131771761062293,4.854,0.009916921632042379,4,20.035,4,RECOVERED_NEW_HIGH,1791032919697,14.961
PAPER:BTWUSDT:1791032699999:LONG,BTWUSDT,LONG,True,OBSERVATION_MISS,REDUCE25,80,LT1,0.2481943944108833,1791032884701,1791032904736,20.035,0.19318098000868922,0.7783454596838317,0.24131771761062293,4.854,0.009916921632042379,4,20.035,4,RECOVERED_NEW_HIGH,1791032919697,14.961
PAPER:BTWUSDT:1791032699999:LONG,BTWUSDT,LONG,True,OBSERVATION_MISS,REDUCE25,95,LT1,0.2619477480114263,1791032924797,1791032929698,4.901,0.22068768720979737,0.8424874383732853,0.2619477480114263,4.901,0.008418702469216267,1,4.901,3,RECOVERED_NEW_HIGH,1791038964606,6034.908
PAPER:BTWUSDT:1791032699999:LONG,BTWUSDT,LONG,True,OBSERVATION_MISS,REDUCE25,90,LT1,0.2619477480114263,1791032924797,1791032929698,4.901,0.22068768720979737,0.8424874383732853,0.2619477480114263,4.901,0.008418702469216267,1,4.901,3,RECOVERED_NEW_HIGH,1791038964606,6034.908
PAPER:BTWUSDT:1791032699999:LONG,BTWUSDT,LONG,True,OBSERVATION_MISS,REDUCE25,85,LT1,0.2619477480114263,1791032924797,1791032929698,4.901,0.22068768720979737,0.8424874383732853,0.2619477480114263,4.901,0.008418702469216267,1,4.901,3,RECOVERED_NEW_HIGH,1791038964606,6034.908
PAPER:BTWUSDT:1791032699999:LONG,BTWUSDT,LONG,True,OBSERVATION_MISS,REDUCE25,80,LT1,0.2619477480114263,1791032924797,1791032934696,9.899,0.17942762640814625,0.6849748767464858,0.22068768720979737,4.998,0.008255314286044643,2,9.899,2,RECOVERED_NEW_HIGH,1791038964606,6029.91
PAPER:BTWUSDT:1791032699999:LONG,BTWUSDT,LONG,True,OBSERVATION_MISS,REDUCE25,75,LT1,0.2619477480114263,1791032924797,1791032934696,9.899,0.17942762640814625,0.6849748767464858,0.22068768720979737,4.998,0.008255314286044643,2,9.899,2,RECOVERED_NEW_HIGH,1791038964606,6029.91
PAPER:BTWUSDT:1791032699999:LONG,BTWUSDT,LONG,True,OBSERVATION_MISS,REDUCE25,95,LT1,0.3994812840169448,1791038974560,1791038979568,5.008,0.3582212232152937,0.8967159102254688,0.3994812840169448,5.008,0.008238830032278578,1,5.008,2,RECOVERED_NEW_HIGH,1791039009590,30.022
PAPER:BTWUSDT:1791032699999:LONG,BTWUSDT,LONG,True,OBSERVATION_MISS,REDUCE25,90,LT1,0.3994812840169448,1791038974560,1791038979568,5.008,0.3582212232152937,0.8967159102254688,0.3994812840169448,5.008,0.008238830032278578,1,5.008,2,RECOVERED_NEW_HIGH,1791039009590,30.022
PAPER:BTWUSDT:1791032699999:LONG,BTWUSDT,LONG,True,OBSERVATION_MISS,REDUCE25,85,LT1,0.3994812840169448,1791038974560,1791039004572,30.012,0.3169611624136426,0.7934318204509376,0.3650979000155763,5.012,0.009604297207089727,4,19.998,3,RECOVERED_NEW_HIGH,1791039009590,5.018
PAPER:BTWUSDT:1791032699999:LONG,BTWUSDT,LONG,True,OBSERVATION_MISS,REDUCE25,80,LT1,0.3994812840169448,1791038974560,1791039004572,30.012,0.3169611624136426,0.7934318204509376,0.3650979000155763,5.012,0.009604297207089727,4,19.998,3,RECOVERED_NEW_HIGH,1791039009590,5.018
PAPER:BTWUSDT:1791032699999:LONG,BTWUSDT,LONG,True,OBSERVATION_MISS,REDUCE25,95,LT1,0.4132346376174878,1791039014574,1791039029565,14.991,0.33759119281446814,0.8169479566399773,0.4132346376174878,4.979,0.015192497449893483,3,14.991,3,RECOVERED_NEW_HIGH,1791039034572,5.007
PAPER:BTWUSDT:1791032699999:LONG,BTWUSDT,LONG,True,OBSERVATION_MISS,REDUCE25,90,LT1,0.4132346376174878,1791039014574,1791039029565,14.991,0.33759119281446814,0.8169479566399773,0.4132346376174878,4.979,0.015192497449893483,3,14.991,3,RECOVERED_NEW_HIGH,1791039034572,5.007
PAPER:BTWUSDT:1791032699999:LONG,BTWUSDT,LONG,True,OBSERVATION_MISS,REDUCE25,85,LT1,0.4132346376174878,1791039014574,1791039029565,14.991,0.33759119281446814,0.8169479566399773,0.4132346376174878,4.979,0.015192497449893483,3,14.991,3,RECOVERED_NEW_HIGH,1791039034572,5.007
PAPER:BTWUSDT:1791032699999:LONG,BTWUSDT,LONG,True,OBSERVATION_MISS,REDUCE25,95,LT1,0.4201113144177704,1791039034572,1791039049572,15.0,0.3650979000155763,0.869050386137691,0.4132346376174878,4.959,0.009706944464995263,3,15.0,2,RECOVERED_NEW_HIGH,1791039069565,19.993
PAPER:BTWUSDT:1791032699999:LONG,BTWUSDT,LONG,True,OBSERVATION_MISS,REDUCE25,90,LT1,0.4201113144177704,1791039034572,1791039049572,15.0,0.3650979000155763,0.869050386137691,0.4132346376174878,4.959,0.009706944464995263,3,15.0,2,RECOVERED_NEW_HIGH,1791039069565,19.993
PAPER:BTWUSDT:1791032699999:LONG,BTWUSDT,LONG,True,OBSERVATION_MISS,REDUCE25,85,LT1,0.4201113144177704,1791039034572,1791039054563,19.991,0.3513445464150111,0.8363129826720742,0.3650979000155763,4.991,0.0027556308556532113,4,19.991,1,RECOVERED_NEW_HIGH,1791039069565,15.002
PAPER:BTWUSDT:1791032699999:LONG,BTWUSDT,LONG,True,OBSERVATION_MISS,REDUCE25,95,LT1,0.44074134481859595,1791039069565,1791039104561,34.996,0.39260460721666224,0.8907823416889872,0.4201113144177704,4.987,0.0055156822139779725,5,24.965,2,RECOVERED_NEW_HIGH,1791039109573,5.012
PAPER:BTWUSDT:1791032699999:LONG,BTWUSDT,LONG,True,OBSERVATION_MISS,REDUCE25,90,LT1,0.44074134481859595,1791039069565,1791039104561,34.996,0.39260460721666224,0.8907823416889872,0.4201113144177704,4.987,0.0055156822139779725,5,24.965,2,RECOVERED_NEW_HIGH,1791039109573,5.012
PAPER:BTWUSDT:1791032699999:LONG,BTWUSDT,LONG,True,OBSERVATION_MISS,REDUCE25,95,LT1,0.49575475922079004,1791039109573,1791039119565,9.992,0.44761802161887854,0.9029021170112999,0.49575475922079004,4.995,0.009636984504887189,2,9.992,1,RECOVERED_NEW_HIGH,1791039659585,540.02
PAPER:BTWUSDT:1791032699999:LONG,BTWUSDT,LONG,True,OBSERVATION_MISS,REDUCE25,90,LT1,0.49575475922079004,1791039109573,1791039129572,19.999,0.43386466801831336,0.8751598647287756,0.4544946984191389,5.005,0.004121884195969143,1,5.005,1,RECOVERED_NEW_HIGH,1791039659585,530.013
PAPER:BTWUSDT:1791032699999:LONG,BTWUSDT,LONG,True,OBSERVATION_MISS,REDUCE25,85,LT1,0.49575475922079004,1791039109573,1791039149578,40.005,0.4063579608172052,0.8196753601637722,0.42698799121803077,5.011,0.004116948792820906,3,15.008,1,RECOVERED_NEW_HIGH,1791039659585,510.007
PAPER:BTWUSDT:1791032699999:LONG,BTWUSDT,LONG,True,OBSERVATION_MISS,REDUCE25,80,LT1,0.49575475922079004,1791039109573,1791039159574,50.001,0.33759119281446814,0.6809640987513305,0.3994812840169448,4.967,0.012460255929630902,5,25.004,2,RECOVERED_NEW_HIGH,1791039659585,500.011
PAPER:BTWUSDT:1791032699999:LONG,BTWUSDT,LONG,True,OBSERVATION_MISS,REDUCE25,75,LT1,0.49575475922079004,1791039109573,1791039159574,50.001,0.33759119281446814,0.6809640987513305,0.3994812840169448,4.967,0.012460255929630902,5,25.004,2,RECOVERED_NEW_HIGH,1791039659585,500.011
PAPER:BTWUSDT:1791032699999:LONG,BTWUSDT,LONG,True,OBSERVATION_MISS,REDUCE25,95,LT1,0.5232614664218982,1791039659585,1791039664590,5.005,0.49575475922079004,0.9474321941013523,0.5232614664218982,5.005,0.005495845594627003,1,5.005,1,RECOVERED_NEW_HIGH,1791039674584,9.994
PAPER:BTWUSDT:1791032699999:LONG,BTWUSDT,LONG,True,OBSERVATION_MISS,REDUCE25,95,LT1,0.5851515576243527,1791039674584,1791039679578,4.994,0.4544946984191389,0.7767127891863342,0.5851515576243527,4.994,0.026162767161636714,1,4.994,4,FINAL_REVERSAL,,
PAPER:BTWUSDT:1791032699999:LONG,BTWUSDT,LONG,True,OBSERVATION_MISS,REDUCE25,90,LT1,0.5851515576243527,1791039674584,1791039679578,4.994,0.4544946984191389,0.7767127891863342,0.5851515576243527,4.994,0.026162767161636714,1,4.994,4,FINAL_REVERSAL,,
PAPER:BTWUSDT:1791032699999:LONG,BTWUSDT,LONG,True,OBSERVATION_MISS,REDUCE25,85,LT1,0.5851515576243527,1791039674584,1791039679578,4.994,0.4544946984191389,0.7767127891863342,0.5851515576243527,4.994,0.026162767161636714,1,4.994,4,FINAL_REVERSAL,,
PAPER:BTWUSDT:1791032699999:LONG,BTWUSDT,LONG,True,OBSERVATION_MISS,REDUCE25,80,LT1,0.5851515576243527,1791039674584,1791039679578,4.994,0.4544946984191389,0.7767127891863342,0.5851515576243527,4.994,0.026162767161636714,1,4.994,4,FINAL_REVERSAL,,
PAPER:BTWUSDT:1791032699999:LONG,BTWUSDT,LONG,True,OBSERVATION_MISS,REDUCE25,75,LT1,0.5851515576243527,1791039674584,1791039689633,15.049,0.3994812840169448,0.682697121475319,0.5301381432221586,5.048,0.0258828960390677,1,5.048,4,FINAL_REVERSAL,,
PAPER:GRASSUSDT:1791032999999:LONG,GRASSUSDT,LONG,True,PARTIAL_REDUCE_DRAG,REDUCE25,95,LT1,0.2991315555215701,1791033039771,1791033044886,5.115,0.2326466479546152,0.7777402405739814,0.2991315555215701,5.115,0.012998026894810343,1,5.115,4,RECOVERED_NEW_HIGH,1791034654610,1609.724
PAPER:GRASSUSDT:1791032999999:LONG,GRASSUSDT,LONG,True,PARTIAL_REDUCE_DRAG,REDUCE25,90,LT1,0.2991315555215701,1791033039771,1791033044886,5.115,0.2326466479546152,0.7777402405739814,0.2991315555215701,5.115,0.012998026894810343,1,5.115,4,RECOVERED_NEW_HIGH,1791034654610,1609.724
PAPER:GRASSUSDT:1791032999999:LONG,GRASSUSDT,LONG,True,PARTIAL_REDUCE_DRAG,REDUCE25,85,LT1,0.2991315555215701,1791033039771,1791033044886,5.115,0.2326466479546152,0.7777402405739814,0.2991315555215701,5.115,0.012998026894810343,1,5.115,4,RECOVERED_NEW_HIGH,1791034654610,1609.724
PAPER:GRASSUSDT:1791032999999:LONG,GRASSUSDT,LONG,True,PARTIAL_REDUCE_DRAG,REDUCE25,80,LT1,0.2991315555215701,1791033039771,1791033044886,5.115,0.2326466479546152,0.7777402405739814,0.2991315555215701,5.115,0.012998026894810343,1,5.115,4,RECOVERED_NEW_HIGH,1791034654610,1609.724
PAPER:GRASSUSDT:1791032999999:LONG,GRASSUSDT,LONG,True,PARTIAL_REDUCE_DRAG,REDUCE25,75,LT1,0.2991315555215701,1791033039771,1791033049857,10.086,0.1661617403876603,0.5554804811479628,0.2326466479546152,4.971,0.013374553926162725,2,10.086,1,RECOVERED_NEW_HIGH,1791034654610,1604.753
PAPER:GRASSUSDT:1791032999999:LONG,GRASSUSDT,LONG,True,PARTIAL_REDUCE_DRAG,REDUCE25,95,LT1,0.35231948157516957,1791034654610,1791034659617,5.007,0.32572551854836984,0.9245174779779365,0.35231948157516957,5.007,0.005311356705971586,1,5.007,1,RECOVERED_NEW_HIGH,1791034694726,35.109
PAPER:GRASSUSDT:1791032999999:LONG,GRASSUSDT,LONG,True,PARTIAL_REDUCE_DRAG,REDUCE25,90,LT1,0.35231948157516957,1791034654610,1791034669613,15.003,0.20605268492783768,0.5848461288788399,0.32572551854836984,4.917,0.024338587272835503,3,15.003,4,RECOVERED_NEW_HIGH,1791034694726,25.113
PAPER:GRASSUSDT:1791032999999:LONG,GRASSUSDT,LONG,True,PARTIAL_REDUCE_DRAG,REDUCE25,85,LT1,0.35231948157516957,1791034654610,1791034669613,15.003,0.20605268492783768,0.5848461288788399,0.32572551854836984,4.917,0.024338587272835503,3,15.003,4,RECOVERED_NEW_HIGH,1791034694726,25.113
PAPER:GRASSUSDT:1791032999999:LONG,GRASSUSDT,LONG,True,PARTIAL_REDUCE_DRAG,REDUCE25,80,LT1,0.35231948157516957,1791034654610,1791034669613,15.003,0.20605268492783768,0.5848461288788399,0.32572551854836984,4.917,0.024338587272835503,3,15.003,4,RECOVERED_NEW_HIGH,1791034694726,25.113
PAPER:GRASSUSDT:1791032999999:LONG,GRASSUSDT,LONG,True,PARTIAL_REDUCE_DRAG,REDUCE25,75,LT1,0.35231948157516957,1791034654610,1791034669613,15.003,0.20605268492783768,0.5848461288788399,0.32572551854836984,4.917,0.024338587272835503,3,15.003,4,RECOVERED_NEW_HIGH,1791034694726,25.113
PAPER:GRASSUSDT:1791032999999:LONG,GRASSUSDT,LONG,True,PARTIAL_REDUCE_DRAG,REDUCE25,95,LT1,0.7113379824367438,1791034704638,1791034714635,9.997,0.6448530748697889,0.9065354174689145,0.6980410009233662,4.909,0.010834778173472653,2,9.997,1,RECOVERED_NEW_HIGH,1791034889590,174.955
PAPER:GRASSUSDT:1791032999999:LONG,GRASSUSDT,LONG,True,PARTIAL_REDUCE_DRAG,REDUCE25,90,LT1,0.7113379824367438,1791034704638,1791034719628,14.99,0.5650711857894342,0.7943779184315993,0.6448530748697889,4.993,0.01597874806335966,3,14.99,3,RECOVERED_NEW_HIGH,1791034889590,169.962
PAPER:GRASSUSDT:1791032999999:LONG,GRASSUSDT,LONG,True,PARTIAL_REDUCE_DRAG,REDUCE25,85,LT1,0.7113379824367438,1791034704638,1791034719628,14.99,0.5650711857894342,0.7943779184315993,0.6448530748697889,4.993,0.01597874806335966,3,14.99,3,RECOVERED_NEW_HIGH,1791034889590,169.962
PAPER:GRASSUSDT:1791032999999:LONG,GRASSUSDT,LONG,True,PARTIAL_REDUCE_DRAG,REDUCE25,80,LT1,0.7113379824367438,1791034704638,1791034719628,14.99,0.5650711857894342,0.7943779184315993,0.6448530748697889,4.993,0.01597874806335966,3,14.99,3,RECOVERED_NEW_HIGH,1791034889590,169.962
PAPER:GRASSUSDT:1791032999999:LONG,GRASSUSDT,LONG,True,PARTIAL_REDUCE_DRAG,REDUCE25,75,LT1,0.7113379824367438,1791034704638,1791034724706,20.068,0.43210137065550214,0.6074487533693971,0.5650711857894342,5.078,0.0261854696994746,4,20.068,1,RECOVERED_NEW_HIGH,1791034889590,164.884
PAPER:GRASSUSDT:1791032999999:LONG,GRASSUSDT,LONG,True,PARTIAL_REDUCE_DRAG,REDUCE25,95,LT1,0.8044168530304985,1791034899581,1791034909594,10.013,0.6847440194099663,0.8512303252105101,0.777822890003721,4.978,0.01869804551903468,2,10.013,2,RECOVERED_NEW_HIGH,1791035004601,95.007
PAPER:GRASSUSDT:1791032999999:LONG,GRASSUSDT,LONG,True,PARTIAL_REDUCE_DRAG,REDUCE25,90,LT1,0.8044168530304985,1791034899581,1791034909594,10.013,0.6847440194099663,0.8512303252105101,0.777822890003721,4.978,0.01869804551903468,2,10.013,2,RECOVERED_NEW_HIGH,1791035004601,95.007
PAPER:GRASSUSDT:1791032999999:LONG,GRASSUSDT,LONG,True,PARTIAL_REDUCE_DRAG,REDUCE25,85,LT1,0.8044168530304985,1791034899581,1791034914565,14.984,0.6182591118430114,0.7685805058830248,0.6847440194099663,4.971,0.013374553926162725,3,14.984,2,RECOVERED_NEW_HIGH,1791035004601,90.036
PAPER:GRASSUSDT:1791032999999:LONG,GRASSUSDT,LONG,True,PARTIAL_REDUCE_DRAG,REDUCE25,80,LT1,0.8044168530304985,1791034899581,1791034914565,14.984,0.6182591118430114,0.7685805058830248,0.6847440194099663,4.971,0.013374553926162725,3,14.984,2,RECOVERED_NEW_HIGH,1791035004601,90.036
PAPER:GRASSUSDT:1791032999999:LONG,GRASSUSDT,LONG,True,PARTIAL_REDUCE_DRAG,REDUCE25,75,LT1,0.8044168530304985,1791034899581,1791034944564,44.983,0.578368167302834,0.7189906142865282,0.6714470378965887,4.992,0.01864560709009508,1,4.992,2,RECOVERED_NEW_HIGH,1791035004601,60.037
PAPER:GRASSUSDT:1791032999999:LONG,GRASSUSDT,LONG,True,PARTIAL_REDUCE_DRAG,REDUCE25,95,LT1,0.9373866681644305,1791035009654,1791035019592,9.938,0.8709017605974756,0.9290741912330115,0.9373866681644305,4.979,0.013353064383802954,2,9.938,1,FINAL_REVERSAL,,
PAPER:GRASSUSDT:1791032999999:LONG,GRASSUSDT,LONG,True,PARTIAL_REDUCE_DRAG,REDUCE25,90,LT1,0.9373866681644305,1791035009654,1791035029566,19.912,0.6448530748697889,0.687926441425208,0.8576047790840757,4.946,0.043014901782104084,4,19.912,4,FINAL_REVERSAL,,
PAPER:GRASSUSDT:1791032999999:LONG,GRASSUSDT,LONG,True,PARTIAL_REDUCE_DRAG,REDUCE25,85,LT1,0.9373866681644305,1791035009654,1791035029566,19.912,0.6448530748697889,0.687926441425208,0.8576047790840757,4.946,0.043014901782104084,4,19.912,4,FINAL_REVERSAL,,
PAPER:GRASSUSDT:1791032999999:LONG,GRASSUSDT,LONG,True,PARTIAL_REDUCE_DRAG,REDUCE25,80,LT1,0.9373866681644305,1791035009654,1791035029566,19.912,0.6448530748697889,0.687926441425208,0.8576047790840757,4.946,0.043014901782104084,4,19.912,4,FINAL_REVERSAL,,
PAPER:GRASSUSDT:1791032999999:LONG,GRASSUSDT,LONG,True,PARTIAL_REDUCE_DRAG,REDUCE25,75,LT1,0.9373866681644305,1791035009654,1791035029566,19.912,0.6448530748697889,0.687926441425208,0.8576047790840757,4.946,0.043014901782104084,4,19.912,4,FINAL_REVERSAL,,
PAPER:CTSIUSDT:1791032999999:LONG,CTSIUSDT,LONG,True,OBSERVATION_MISS,REDUCE25,95,LT1,0.27377482387949126,1791033064796,1791033069771,4.975,0.11056881016875408,0.40386770632139524,0.27377482387949126,4.975,0.032805228886580336,1,4.975,5,RECOVERED_NEW_HIGH,1791033144742,74.971
PAPER:CTSIUSDT:1791032999999:LONG,CTSIUSDT,LONG,True,OBSERVATION_MISS,REDUCE25,90,LT1,0.27377482387949126,1791033064796,1791033069771,4.975,0.11056881016875408,0.40386770632139524,0.27377482387949126,4.975,0.032805228886580336,1,4.975,5,RECOVERED_NEW_HIGH,1791033144742,74.971
PAPER:CTSIUSDT:1791032999999:LONG,CTSIUSDT,LONG,True,OBSERVATION_MISS,REDUCE25,85,LT1,0.27377482387949126,1791033064796,1791033069771,4.975,0.11056881016875408,0.40386770632139524,0.27377482387949126,4.975,0.032805228886580336,1,4.975,5,RECOVERED_NEW_HIGH,1791033144742,74.971
PAPER:CTSIUSDT:1791032999999:LONG,CTSIUSDT,LONG,True,OBSERVATION_MISS,REDUCE25,80,LT1,0.27377482387949126,1791033064796,1791033069771,4.975,0.11056881016875408,0.40386770632139524,0.27377482387949126,4.975,0.032805228886580336,1,4.975,5,RECOVERED_NEW_HIGH,1791033144742,74.971
PAPER:CTSIUSDT:1791032999999:LONG,CTSIUSDT,LONG,True,OBSERVATION_MISS,REDUCE25,75,LT1,0.27377482387949126,1791033064796,1791033069771,4.975,0.11056881016875408,0.40386770632139524,0.27377482387949126,4.975,0.032805228886580336,1,4.975,5,RECOVERED_NEW_HIGH,1791033144742,74.971
PAPER:CTSIUSDT:1791032999999:LONG,CTSIUSDT,LONG,True,OBSERVATION_MISS,REDUCE25,95,LT1,0.5349044458166752,1791033154778,1791033159805,5.027,0.5022632430745411,0.9389775071091463,0.5349044458166752,5.027,0.006493177390518025,1,5.027,1,RECOVERED_NEW_HIGH,1791033174800,14.995
PAPER:CTSIUSDT:1791032999999:LONG,CTSIUSDT,LONG,True,OBSERVATION_MISS,REDUCE25,90,LT1,0.5349044458166752,1791033154778,1791033164889,10.111,0.43698083759022843,0.8169325213273558,0.5022632430745411,5.084,0.012840756389518615,2,10.111,2,RECOVERED_NEW_HIGH,1791033174800,9.911
PAPER:CTSIUSDT:1791032999999:LONG,CTSIUSDT,LONG,True,OBSERVATION_MISS,REDUCE25,85,LT1,0.5349044458166752,1791033154778,1791033164889,10.111,0.43698083759022843,0.8169325213273558,0.5022632430745411,5.084,0.012840756389518615,2,10.111,2,RECOVERED_NEW_HIGH,1791033174800,9.911
PAPER:CTSIUSDT:1791032999999:LONG,CTSIUSDT,LONG,True,OBSERVATION_MISS,REDUCE25,95,LT1,0.6981104595274124,1791033174800,1791033179866,5.066,0.5349044458166752,0.7662174925423408,0.6981104595274124,5.066,0.032215952173457796,1,5.066,4,FINAL_REVERSAL,,
PAPER:CTSIUSDT:1791032999999:LONG,CTSIUSDT,LONG,True,OBSERVATION_MISS,REDUCE25,90,LT1,0.6981104595274124,1791033174800,1791033179866,5.066,0.5349044458166752,0.7662174925423408,0.6981104595274124,5.066,0.032215952173457796,1,5.066,4,FINAL_REVERSAL,,
PAPER:CTSIUSDT:1791032999999:LONG,CTSIUSDT,LONG,True,OBSERVATION_MISS,REDUCE25,85,LT1,0.6981104595274124,1791033174800,1791033179866,5.066,0.5349044458166752,0.7662174925423408,0.6981104595274124,5.066,0.032215952173457796,1,5.066,4,FINAL_REVERSAL,,
PAPER:CTSIUSDT:1791032999999:LONG,CTSIUSDT,LONG,True,OBSERVATION_MISS,REDUCE25,80,LT1,0.6981104595274124,1791033174800,1791033179866,5.066,0.5349044458166752,0.7662174925423408,0.6981104595274124,5.066,0.032215952173457796,1,5.066,4,FINAL_REVERSAL,,
PAPER:CTSIUSDT:1791032999999:LONG,CTSIUSDT,LONG,True,OBSERVATION_MISS,REDUCE25,75,LT1,0.6981104595274124,1791033174800,1791033194857,20.057,0.1758512156530445,0.2518959761354778,0.6328280540431219,5.128,0.08911404804798702,2,10.143,4,FINAL_REVERSAL,,
PAPER:MOVEUSDT:1791032999999:LONG,MOVEUSDT,LONG,True,PARTIAL_REDUCE_DRAG,REDUCE25,95,LT1,0.18550268609289766,1791033059900,1791033064885,4.985,0.14636007906572157,0.7889916968233338,0.18550268609289766,4.985,0.00785207763835027,1,4.985,4,RECOVERED_NEW_HIGH,1791033074884,9.999
PAPER:MOVEUSDT:1791032999999:LONG,MOVEUSDT,LONG,True,PARTIAL_REDUCE_DRAG,REDUCE25,90,LT1,0.18550268609289766,1791033059900,1791033064885,4.985,0.14636007906572157,0.7889916968233338,0.18550268609289766,4.985,0.00785207763835027,1,4.985,4,RECOVERED_NEW_HIGH,1791033074884,9.999
PAPER:MOVEUSDT:1791032999999:LONG,MOVEUSDT,LONG,True,PARTIAL_REDUCE_DRAG,REDUCE25,85,LT1,0.18550268609289766,1791033059900,1791033064885,4.985,0.14636007906572157,0.7889916968233338,0.18550268609289766,4.985,0.00785207763835027,1,4.985,4,RECOVERED_NEW_HIGH,1791033074884,9.999
PAPER:MOVEUSDT:1791032999999:LONG,MOVEUSDT,LONG,True,PARTIAL_REDUCE_DRAG,REDUCE25,80,LT1,0.18550268609289766,1791033059900,1791033064885,4.985,0.14636007906572157,0.7889916968233338,0.18550268609289766,4.985,0.00785207763835027,1,4.985,4,RECOVERED_NEW_HIGH,1791033074884,9.999
PAPER:MOVEUSDT:1791032999999:LONG,MOVEUSDT,LONG,True,PARTIAL_REDUCE_DRAG,REDUCE25,95,LT1,0.4692865870400187,1791033084800,1791033099787,14.987,0.4301439800128426,0.916591251256371,0.4692865870400187,5.0,0.007828521405435218,3,14.987,1,RECOVERED_NEW_HIGH,1791033154806,55.019
PAPER:MOVEUSDT:1791032999999:LONG,MOVEUSDT,LONG,True,PARTIAL_REDUCE_DRAG,REDUCE25,90,LT1,0.4692865870400187,1791033084800,1791033104912,20.112,0.2735735519040716,0.5829562562817131,0.4301439800128426,5.125,0.03055032743585775,4,20.112,4,RECOVERED_NEW_HIGH,1791033154806,49.894
PAPER:MOVEUSDT:1791032999999:LONG,MOVEUSDT,LONG,True,PARTIAL_REDUCE_DRAG,REDUCE25,85,LT1,0.4692865870400187,1791033084800,1791033104912,20.112,0.2735735519040716,0.5829562562817131,0.4301439800128426,5.125,0.03055032743585775,4,20.112,4,RECOVERED_NEW_HIGH,1791033154806,49.894
PAPER:MOVEUSDT:1791032999999:LONG,MOVEUSDT,LONG,True,PARTIAL_REDUCE_DRAG,REDUCE25,80,LT1,0.4692865870400187,1791033084800,1791033104912,20.112,0.2735735519040716,0.5829562562817131,0.4301439800128426,5.125,0.03055032743585775,4,20.112,4,RECOVERED_NEW_HIGH,1791033154806,49.894
PAPER:MOVEUSDT:1791032999999:LONG,MOVEUSDT,LONG,True,PARTIAL_REDUCE_DRAG,REDUCE25,75,LT1,0.4692865870400187,1791033084800,1791033104912,20.112,0.2735735519040716,0.5829562562817131,0.4301439800128426,5.125,0.03055032743585775,4,20.112,4,RECOVERED_NEW_HIGH,1791033154806,49.894
PAPER:MOVEUSDT:1791032999999:LONG,MOVEUSDT,LONG,True,PARTIAL_REDUCE_DRAG,REDUCE25,95,LT1,0.6747852739327875,1791033174808,1791033179908,5.1,0.5573574528512149,0.8259774988906039,0.6747852739327875,5.1,0.023025062957171116,1,5.1,3,RECOVERED_NEW_HIGH,1791033274715,94.807
PAPER:MOVEUSDT:1791032999999:LONG,MOVEUSDT,LONG,True,PARTIAL_REDUCE_DRAG,REDUCE25,90,LT1,0.6747852739327875,1791033174808,1791033179908,5.1,0.5573574528512149,0.8259774988906039,0.6747852739327875,5.1,0.023025062957171116,1,5.1,3,RECOVERED_NEW_HIGH,1791033274715,94.807
PAPER:MOVEUSDT:1791032999999:LONG,MOVEUSDT,LONG,True,PARTIAL_REDUCE_DRAG,REDUCE25,85,LT1,0.6747852739327875,1791033174808,1791033179908,5.1,0.5573574528512149,0.8259774988906039,0.6747852739327875,5.1,0.023025062957171116,1,5.1,3,RECOVERED_NEW_HIGH,1791033274715,94.807
PAPER:MOVEUSDT:1791032999999:LONG,MOVEUSDT,LONG,True,PARTIAL_REDUCE_DRAG,REDUCE25,80,LT1,0.6747852739327875,1791033174808,1791033204796,29.988,0.4301439800128426,0.6374531226887553,0.6062857116351905,4.992,0.03528480200768187,2,9.917,3,RECOVERED_NEW_HIGH,1791033274715,69.919
PAPER:MOVEUSDT:1791032999999:LONG,MOVEUSDT,LONG,True,PARTIAL_REDUCE_DRAG,REDUCE25,75,LT1,0.6747852739327875,1791033174808,1791033204796,29.988,0.4301439800128426,0.6374531226887553,0.6062857116351905,4.992,0.03528480200768187,2,9.917,3,RECOVERED_NEW_HIGH,1791033274715,69.919
PAPER:MOVEUSDT:1791032999999:LONG,MOVEUSDT,LONG,True,PARTIAL_REDUCE_DRAG,REDUCE25,95,1_TO_1_5,1.3597808969086023,1791033304739,1791033309701,4.962,1.2521387275838292,0.9208385927692524,1.3597808969086023,4.962,0.02169330296750768,1,4.962,1,RECOVERED_NEW_HIGH,1791033364718,55.017
PAPER:MOVEUSDT:1791032999999:LONG,MOVEUSDT,LONG,True,PARTIAL_REDUCE_DRAG,REDUCE25,90,1_TO_1_5,1.3597808969086023,1791033304739,1791033344891,40.152,1.2129961205566309,0.89205262650352,1.23256742407023,5.183,0.0037760570159365518,3,14.977,1,RECOVERED_NEW_HIGH,1791033364718,19.827
PAPER:MOVEUSDT:1791032999999:LONG,MOVEUSDT,LONG,True,PARTIAL_REDUCE_DRAG,REDUCE25,85,1_TO_1_5,1.3597808969086023,1791033304739,1791033359796,55.057,1.1542822100158556,0.8488736771049379,1.2227817723134526,5.094,0.013447106850725758,1,5.094,1,RECOVERED_NEW_HIGH,1791033364718,4.922
PAPER:MOVEUSDT:1791032999999:LONG,MOVEUSDT,LONG,True,PARTIAL_REDUCE_DRAG,REDUCE25,95,1_TO_1_5,1.4184948074493775,1791033389786,1791033414698,24.912,0.8802839608255342,0.6205760896709869,1.389137852179001,4.998,0.1018115028718421,5,24.912,5,FINAL_REVERSAL,,
PAPER:MOVEUSDT:1791032999999:LONG,MOVEUSDT,LONG,True,PARTIAL_REDUCE_DRAG,REDUCE25,90,1_TO_1_5,1.4184948074493775,1791033389786,1791033414698,24.912,0.8802839608255342,0.6205760896709869,1.389137852179001,4.998,0.1018115028718421,5,24.912,5,FINAL_REVERSAL,,
PAPER:MOVEUSDT:1791032999999:LONG,MOVEUSDT,LONG,True,PARTIAL_REDUCE_DRAG,REDUCE25,85,1_TO_1_5,1.4184948074493775,1791033389786,1791033414698,24.912,0.8802839608255342,0.6205760896709869,1.389137852179001,4.998,0.1018115028718421,5,24.912,5,FINAL_REVERSAL,,
PAPER:MOVEUSDT:1791032999999:LONG,MOVEUSDT,LONG,True,PARTIAL_REDUCE_DRAG,REDUCE25,80,1_TO_1_5,1.4184948074493775,1791033389786,1791033414698,24.912,0.8802839608255342,0.6205760896709869,1.389137852179001,4.998,0.1018115028718421,5,24.912,5,FINAL_REVERSAL,,
PAPER:MOVEUSDT:1791032999999:LONG,MOVEUSDT,LONG,True,PARTIAL_REDUCE_DRAG,REDUCE25,75,1_TO_1_5,1.4184948074493775,1791033389786,1791033414698,24.912,0.8802839608255342,0.6205760896709869,1.389137852179001,4.998,0.1018115028718421,5,24.912,5,FINAL_REVERSAL,,
PAPER:SOPHUSDT:1791032999999:LONG,SOPHUSDT,LONG,True,PARTIAL_REDUCE_DRAG,REDUCE25,95,LT1,0.033555152922293274,1791033399735,1791033429716,29.981,0.006779576061211046,0.2020427705071447,0.033555152922293274,4.977,0.005379862740824237,6,29.981,5,RECOVERED_NEW_HIGH,1791033499710,69.994
PAPER:SOPHUSDT:1791032999999:LONG,SOPHUSDT,LONG,True,PARTIAL_REDUCE_DRAG,REDUCE25,90,LT1,0.033555152922293274,1791033399735,1791033429716,29.981,0.006779576061211046,0.2020427705071447,0.033555152922293274,4.977,0.005379862740824237,6,29.981,5,RECOVERED_NEW_HIGH,1791033499710,69.994
PAPER:SOPHUSDT:1791032999999:LONG,SOPHUSDT,LONG,True,PARTIAL_REDUCE_DRAG,REDUCE25,85,LT1,0.033555152922293274,1791033399735,1791033429716,29.981,0.006779576061211046,0.2020427705071447,0.033555152922293274,4.977,0.005379862740824237,6,29.981,5,RECOVERED_NEW_HIGH,1791033499710,69.994
PAPER:SOPHUSDT:1791032999999:LONG,SOPHUSDT,LONG,True,PARTIAL_REDUCE_DRAG,REDUCE25,80,LT1,0.033555152922293274,1791033399735,1791033429716,29.981,0.006779576061211046,0.2020427705071447,0.033555152922293274,4.977,0.005379862740824237,6,29.981,5,RECOVERED_NEW_HIGH,1791033499710,69.994
PAPER:SOPHUSDT:1791032999999:LONG,SOPHUSDT,LONG,True,PARTIAL_REDUCE_DRAG,REDUCE25,75,LT1,0.033555152922293274,1791033399735,1791033429716,29.981,0.006779576061211046,0.2020427705071447,0.033555152922293274,4.977,0.005379862740824237,6,29.981,5,RECOVERED_NEW_HIGH,1791033499710,69.994
PAPER:SOPHUSDT:1791032999999:LONG,SOPHUSDT,LONG,True,PARTIAL_REDUCE_DRAG,REDUCE25,95,LT1,0.060330729783331094,1791033499710,1791033509833,10.123,0.033555152922293274,0.5561867566131166,0.060330729783331094,5.116,0.005233693678858058,2,10.123,5,RECOVERED_NEW_HIGH,1791033514715,4.882
PAPER:SOPHUSDT:1791032999999:LONG,SOPHUSDT,LONG,True,PARTIAL_REDUCE_DRAG,REDUCE25,90,LT1,0.060330729783331094,1791033499710,1791033509833,10.123,0.033555152922293274,0.5561867566131166,0.060330729783331094,5.116,0.005233693678858058,2,10.123,5,RECOVERED_NEW_HIGH,1791033514715,4.882
PAPER:SOPHUSDT:1791032999999:LONG,SOPHUSDT,LONG,True,PARTIAL_REDUCE_DRAG,REDUCE25,85,LT1,0.060330729783331094,1791033499710,1791033509833,10.123,0.033555152922293274,0.5561867566131166,0.060330729783331094,5.116,0.005233693678858058,2,10.123,5,RECOVERED_NEW_HIGH,1791033514715,4.882
PAPER:SOPHUSDT:1791032999999:LONG,SOPHUSDT,LONG,True,PARTIAL_REDUCE_DRAG,REDUCE25,80,LT1,0.060330729783331094,1791033499710,1791033509833,10.123,0.033555152922293274,0.5561867566131166,0.060330729783331094,5.116,0.005233693678858058,2,10.123,5,RECOVERED_NEW_HIGH,1791033514715,4.882
PAPER:SOPHUSDT:1791032999999:LONG,SOPHUSDT,LONG,True,PARTIAL_REDUCE_DRAG,REDUCE25,75,LT1,0.060330729783331094,1791033499710,1791033509833,10.123,0.033555152922293274,0.5561867566131166,0.060330729783331094,5.116,0.005233693678858058,2,10.123,5,RECOVERED_NEW_HIGH,1791033514715,4.882
PAPER:SOPHUSDT:1791032999999:LONG,SOPHUSDT,LONG,True,PARTIAL_REDUCE_DRAG,REDUCE25,95,LT1,0.08710630664441332,1791033514715,1791033524833,10.118,0.060330729783331094,0.6926103528831054,0.08710630664441332,5.105,0.005244970981602787,2,10.118,5,RECOVERED_NEW_HIGH,1791033744731,219.898
PAPER:SOPHUSDT:1791032999999:LONG,SOPHUSDT,LONG,True,PARTIAL_REDUCE_DRAG,REDUCE25,90,LT1,0.08710630664441332,1791033514715,1791033524833,10.118,0.060330729783331094,0.6926103528831054,0.08710630664441332,5.105,0.005244970981602787,2,10.118,5,RECOVERED_NEW_HIGH,1791033744731,219.898
PAPER:SOPHUSDT:1791032999999:LONG,SOPHUSDT,LONG,True,PARTIAL_REDUCE_DRAG,REDUCE25,85,LT1,0.08710630664441332,1791033514715,1791033524833,10.118,0.060330729783331094,0.6926103528831054,0.08710630664441332,5.105,0.005244970981602787,2,10.118,5,RECOVERED_NEW_HIGH,1791033744731,219.898
PAPER:SOPHUSDT:1791032999999:LONG,SOPHUSDT,LONG,True,PARTIAL_REDUCE_DRAG,REDUCE25,80,LT1,0.08710630664441332,1791033514715,1791033524833,10.118,0.060330729783331094,0.6926103528831054,0.08710630664441332,5.105,0.005244970981602787,2,10.118,5,RECOVERED_NEW_HIGH,1791033744731,219.898
PAPER:SOPHUSDT:1791032999999:LONG,SOPHUSDT,LONG,True,PARTIAL_REDUCE_DRAG,REDUCE25,75,LT1,0.08710630664441332,1791033514715,1791033524833,10.118,0.060330729783331094,0.6926103528831054,0.08710630664441332,5.105,0.005244970981602787,2,10.118,5,RECOVERED_NEW_HIGH,1791033744731,219.898
PAPER:SOPHUSDT:1791032999999:LONG,SOPHUSDT,LONG,True,PARTIAL_REDUCE_DRAG,REDUCE25,95,LT1,0.11388188350547335,1791033744731,1791033759737,15.006,0.08710630664441332,0.7648829116900482,0.11388188350547335,5.016,0.00533803366448565,3,15.006,4,RECOVERED_NEW_HIGH,1791033789722,29.985
PAPER:SOPHUSDT:1791032999999:LONG,SOPHUSDT,LONG,True,PARTIAL_REDUCE_DRAG,REDUCE25,90,LT1,0.11388188350547335,1791033744731,1791033759737,15.006,0.08710630664441332,0.7648829116900482,0.11388188350547335,5.016,0.00533803366448565,3,15.006,4,RECOVERED_NEW_HIGH,1791033789722,29.985
PAPER:SOPHUSDT:1791032999999:LONG,SOPHUSDT,LONG,True,PARTIAL_REDUCE_DRAG,REDUCE25,85,LT1,0.11388188350547335,1791033744731,1791033759737,15.006,0.08710630664441332,0.7648829116900482,0.11388188350547335,5.016,0.00533803366448565,3,15.006,4,RECOVERED_NEW_HIGH,1791033789722,29.985
PAPER:SOPHUSDT:1791032999999:LONG,SOPHUSDT,LONG,True,PARTIAL_REDUCE_DRAG,REDUCE25,80,LT1,0.11388188350547335,1791033744731,1791033759737,15.006,0.08710630664441332,0.7648829116900482,0.11388188350547335,5.016,0.00533803366448565,3,15.006,4,RECOVERED_NEW_HIGH,1791033789722,29.985
PAPER:SOPHUSDT:1791032999999:LONG,SOPHUSDT,LONG,True,PARTIAL_REDUCE_DRAG,REDUCE25,95,LT1,0.14065746036651117,1791033789722,1791033809823,20.101,0.11388188350547335,0.8096398385747283,0.14065746036651117,5.091,0.005259394394232532,4,20.101,3,RECOVERED_NEW_HIGH,1791033904808,94.985
PAPER:SOPHUSDT:1791032999999:LONG,SOPHUSDT,LONG,True,PARTIAL_REDUCE_DRAG,REDUCE25,90,LT1,0.14065746036651117,1791033789722,1791033809823,20.101,0.11388188350547335,0.8096398385747283,0.14065746036651117,5.091,0.005259394394232532,4,20.101,3,RECOVERED_NEW_HIGH,1791033904808,94.985
PAPER:SOPHUSDT:1791032999999:LONG,SOPHUSDT,LONG,True,PARTIAL_REDUCE_DRAG,REDUCE25,85,LT1,0.14065746036651117,1791033789722,1791033809823,20.101,0.11388188350547335,0.8096398385747283,0.14065746036651117,5.091,0.005259394394232532,4,20.101,3,RECOVERED_NEW_HIGH,1791033904808,94.985
PAPER:SOPHUSDT:1791032999999:LONG,SOPHUSDT,LONG,True,PARTIAL_REDUCE_DRAG,REDUCE25,95,LT1,0.1674330372275934,1791033904808,1791033914836,10.028,0.14065746036651117,0.8400818780783035,0.1674330372275934,5.138,0.00521128393559405,2,10.028,3,RECOVERED_NEW_HIGH,1791034119736,204.9
PAPER:SOPHUSDT:1791032999999:LONG,SOPHUSDT,LONG,True,PARTIAL_REDUCE_DRAG,REDUCE25,90,LT1,0.1674330372275934,1791033904808,1791033914836,10.028,0.14065746036651117,0.8400818780783035,0.1674330372275934,5.138,0.00521128393559405,2,10.028,3,RECOVERED_NEW_HIGH,1791034119736,204.9
PAPER:SOPHUSDT:1791032999999:LONG,SOPHUSDT,LONG,True,PARTIAL_REDUCE_DRAG,REDUCE25,85,LT1,0.1674330372275934,1791033904808,1791033914836,10.028,0.14065746036651117,0.8400818780783035,0.1674330372275934,5.138,0.00521128393559405,2,10.028,3,RECOVERED_NEW_HIGH,1791034119736,204.9
PAPER:SOPHUSDT:1791032999999:LONG,SOPHUSDT,LONG,True,PARTIAL_REDUCE_DRAG,REDUCE25,80,LT1,0.1674330372275934,1791033904808,1791033944817,40.009,0.11388188350547335,0.6801637561568722,0.14065746036651117,5.107,0.00524291694948851,3,14.996,2,RECOVERED_NEW_HIGH,1791034119736,174.919
PAPER:SOPHUSDT:1791032999999:LONG,SOPHUSDT,LONG,True,PARTIAL_REDUCE_DRAG,REDUCE25,75,LT1,0.1674330372275934,1791033904808,1791033944817,40.009,0.11388188350547335,0.6801637561568722,0.14065746036651117,5.107,0.00524291694948851,3,14.996,2,RECOVERED_NEW_HIGH,1791034119736,174.919
PAPER:SOPHUSDT:1791032999999:LONG,SOPHUSDT,LONG,True,PARTIAL_REDUCE_DRAG,REDUCE25,95,LT1,0.22098419094969124,1791034129715,1791034144720,15.005,0.060330729783331094,0.2730092570154299,0.22098419094969124,4.914,0.03269301204036633,3,15.005,5,RECOVERED_NEW_HIGH,1791034399655,254.935
PAPER:SOPHUSDT:1791032999999:LONG,SOPHUSDT,LONG,True,PARTIAL_REDUCE_DRAG,REDUCE25,90,LT1,0.22098419094969124,1791034129715,1791034144720,15.005,0.060330729783331094,0.2730092570154299,0.22098419094969124,4.914,0.03269301204036633,3,15.005,5,RECOVERED_NEW_HIGH,1791034399655,254.935
PAPER:SOPHUSDT:1791032999999:LONG,SOPHUSDT,LONG,True,PARTIAL_REDUCE_DRAG,REDUCE25,85,LT1,0.22098419094969124,1791034129715,1791034144720,15.005,0.060330729783331094,0.2730092570154299,0.22098419094969124,4.914,0.03269301204036633,3,15.005,5,RECOVERED_NEW_HIGH,1791034399655,254.935
PAPER:SOPHUSDT:1791032999999:LONG,SOPHUSDT,LONG,True,PARTIAL_REDUCE_DRAG,REDUCE25,80,LT1,0.22098419094969124,1791034129715,1791034144720,15.005,0.060330729783331094,0.2730092570154299,0.22098419094969124,4.914,0.03269301204036633,3,15.005,5,RECOVERED_NEW_HIGH,1791034399655,254.935
PAPER:SOPHUSDT:1791032999999:LONG,SOPHUSDT,LONG,True,PARTIAL_REDUCE_DRAG,REDUCE25,75,LT1,0.22098419094969124,1791034129715,1791034144720,15.005,0.060330729783331094,0.2730092570154299,0.22098419094969124,4.914,0.03269301204036633,3,15.005,5,RECOVERED_NEW_HIGH,1791034399655,254.935
PAPER:SOPHUSDT:1791032999999:LONG,SOPHUSDT,LONG,True,PARTIAL_REDUCE_DRAG,REDUCE25,95,LT1,0.3013109215328935,1791034399655,1791034419659,20.004,0.2745353446718335,0.911136387871898,0.3013109215328935,4.945,0.005414676817201218,4,20.004,1,RECOVERED_NEW_HIGH,1791034429656,9.997
PAPER:SOPHUSDT:1791032999999:LONG,SOPHUSDT,LONG,True,PARTIAL_REDUCE_DRAG,REDUCE25,95,LT1,0.32808649839395354,1791034429656,1791034434684,5.028,0.3013109215328935,0.918388665817912,0.32808649839395354,5.028,0.005325293727338907,1,5.028,1,RECOVERED_NEW_HIGH,1791034439749,5.065
PAPER:SOPHUSDT:1791032999999:LONG,SOPHUSDT,LONG,True,PARTIAL_REDUCE_DRAG,REDUCE25,95,LT1,0.3816376521160736,1791034439749,1791034444666,4.917,0.32808649839395354,0.8596806331209881,0.3816376521160736,4.917,0.010891021704722403,1,4.917,2,RECOVERED_NEW_HIGH,1791034449652,4.986
PAPER:SOPHUSDT:1791032999999:LONG,SOPHUSDT,LONG,True,PARTIAL_REDUCE_DRAG,REDUCE25,90,LT1,0.3816376521160736,1791034439749,1791034444666,4.917,0.32808649839395354,0.8596806331209881,0.3816376521160736,4.917,0.010891021704722403,1,4.917,2,RECOVERED_NEW_HIGH,1791034449652,4.986
PAPER:SOPHUSDT:1791032999999:LONG,SOPHUSDT,LONG,True,PARTIAL_REDUCE_DRAG,REDUCE25,95,LT1,0.6493934207266738,1791034489646,1791034504697,15.051,0.5155155364213737,0.7938416373921833,0.6226178438656138,4.873,0.021978721002306606,3,15.051,4,FINAL_REVERSAL,,
PAPER:SOPHUSDT:1791032999999:LONG,SOPHUSDT,LONG,True,PARTIAL_REDUCE_DRAG,REDUCE25,90,LT1,0.6493934207266738,1791034489646,1791034504697,15.051,0.5155155364213737,0.7938416373921833,0.6226178438656138,4.873,0.021978721002306606,3,15.051,4,FINAL_REVERSAL,,
PAPER:SOPHUSDT:1791032999999:LONG,SOPHUSDT,LONG,True,PARTIAL_REDUCE_DRAG,REDUCE25,85,LT1,0.6493934207266738,1791034489646,1791034504697,15.051,0.5155155364213737,0.7938416373921833,0.6226178438656138,4.873,0.021978721002306606,3,15.051,4,FINAL_REVERSAL,,
PAPER:SOPHUSDT:1791032999999:LONG,SOPHUSDT,LONG,True,PARTIAL_REDUCE_DRAG,REDUCE25,80,LT1,0.6493934207266738,1791034489646,1791034504697,15.051,0.5155155364213737,0.7938416373921833,0.6226178438656138,4.873,0.021978721002306606,3,15.051,4,FINAL_REVERSAL,,
PAPER:SOPHUSDT:1791032999999:LONG,SOPHUSDT,LONG,True,PARTIAL_REDUCE_DRAG,REDUCE25,75,LT1,0.6493934207266738,1791034489646,1791034519657,30.011,0.4084132289771336,0.6289149473059299,0.5155155364213737,4.91,0.021813097239152767,1,4.91,1,FINAL_REVERSAL,,
PAPER:KSMUSDT:1791033299999:LONG,KSMUSDT,LONG,True,PARTIAL_REDUCE_DRAG,REDUCE25,95,LT1,0.11155663604121013,1791033359850,1791033364735,4.885,0.03638370070349062,0.32614555256085453,0.11155663604121013,4.885,0.015388523098816687,1,4.885,5,RECOVERED_NEW_HIGH,1791033369719,4.984
PAPER:KSMUSDT:1791033299999:LONG,KSMUSDT,LONG,True,PARTIAL_REDUCE_DRAG,REDUCE25,90,LT1,0.11155663604121013,1791033359850,1791033364735,4.885,0.03638370070349062,0.32614555256085453,0.11155663604121013,4.885,0.015388523098816687,1,4.885,5,RECOVERED_NEW_HIGH,1791033369719,4.984
PAPER:KSMUSDT:1791033299999:LONG,KSMUSDT,LONG,True,PARTIAL_REDUCE_DRAG,REDUCE25,85,LT1,0.11155663604121013,1791033359850,1791033364735,4.885,0.03638370070349062,0.32614555256085453,0.11155663604121013,4.885,0.015388523098816687,1,4.885,5,RECOVERED_NEW_HIGH,1791033369719,4.984
PAPER:KSMUSDT:1791033299999:LONG,KSMUSDT,LONG,True,PARTIAL_REDUCE_DRAG,REDUCE25,80,LT1,0.11155663604121013,1791033359850,1791033364735,4.885,0.03638370070349062,0.32614555256085453,0.11155663604121013,4.885,0.015388523098816687,1,4.885,5,RECOVERED_NEW_HIGH,1791033369719,4.984
PAPER:KSMUSDT:1791033299999:LONG,KSMUSDT,LONG,True,PARTIAL_REDUCE_DRAG,REDUCE25,75,LT1,0.11155663604121013,1791033359850,1791033364735,4.885,0.03638370070349062,0.32614555256085453,0.11155663604121013,4.885,0.015388523098816687,1,4.885,5,RECOVERED_NEW_HIGH,1791033369719,4.984
PAPER:KSMUSDT:1791033299999:LONG,KSMUSDT,LONG,True,PARTIAL_REDUCE_DRAG,REDUCE25,95,LT1,0.16793633754452753,1791033369719,1791033374798,5.079,0.07397016837233927,0.4404655326767885,0.16793633754452753,5.079,0.018500919309349922,1,5.079,5,RECOVERED_NEW_HIGH,1791033429721,54.923
PAPER:KSMUSDT:1791033299999:LONG,KSMUSDT,LONG,True,PARTIAL_REDUCE_DRAG,REDUCE25,90,LT1,0.16793633754452753,1791033369719,1791033374798,5.079,0.07397016837233927,0.4404655326767885,0.16793633754452753,5.079,0.018500919309349922,1,5.079,5,RECOVERED_NEW_HIGH,1791033429721,54.923
PAPER:KSMUSDT:1791033299999:LONG,KSMUSDT,LONG,True,PARTIAL_REDUCE_DRAG,REDUCE25,85,LT1,0.16793633754452753,1791033369719,1791033374798,5.079,0.07397016837233927,0.4404655326767885,0.16793633754452753,5.079,0.018500919309349922,1,5.079,5,RECOVERED_NEW_HIGH,1791033429721,54.923
PAPER:KSMUSDT:1791033299999:LONG,KSMUSDT,LONG,True,PARTIAL_REDUCE_DRAG,REDUCE25,80,LT1,0.16793633754452753,1791033369719,1791033374798,5.079,0.07397016837233927,0.4404655326767885,0.16793633754452753,5.079,0.018500919309349922,1,5.079,5,RECOVERED_NEW_HIGH,1791033429721,54.923
PAPER:KSMUSDT:1791033299999:LONG,KSMUSDT,LONG,True,PARTIAL_REDUCE_DRAG,REDUCE25,75,LT1,0.16793633754452753,1791033369719,1791033374798,5.079,0.07397016837233927,0.4404655326767885,0.16793633754452753,5.079,0.018500919309349922,1,5.079,5,RECOVERED_NEW_HIGH,1791033429721,54.923
PAPER:KSMUSDT:1791033299999:LONG,KSMUSDT,LONG,True,PARTIAL_REDUCE_DRAG,REDUCE25,95,LT1,0.31828220822001096,1791033429721,1791033434830,5.109,0.22431603904784492,0.7047709022201694,0.31828220822001096,5.109,0.018392282084980633,1,5.109,5,RECOVERED_NEW_HIGH,1791033439780,4.95
PAPER:KSMUSDT:1791033299999:LONG,KSMUSDT,LONG,True,PARTIAL_REDUCE_DRAG,REDUCE25,90,LT1,0.31828220822001096,1791033429721,1791033434830,5.109,0.22431603904784492,0.7047709022201694,0.31828220822001096,5.109,0.018392282084980633,1,5.109,5,RECOVERED_NEW_HIGH,1791033439780,4.95
PAPER:KSMUSDT:1791033299999:LONG,KSMUSDT,LONG,True,PARTIAL_REDUCE_DRAG,REDUCE25,85,LT1,0.31828220822001096,1791033429721,1791033434830,5.109,0.22431603904784492,0.7047709022201694,0.31828220822001096,5.109,0.018392282084980633,1,5.109,5,RECOVERED_NEW_HIGH,1791033439780,4.95
PAPER:KSMUSDT:1791033299999:LONG,KSMUSDT,LONG,True,PARTIAL_REDUCE_DRAG,REDUCE25,80,LT1,0.31828220822001096,1791033429721,1791033434830,5.109,0.22431603904784492,0.7047709022201694,0.31828220822001096,5.109,0.018392282084980633,1,5.109,5,RECOVERED_NEW_HIGH,1791033439780,4.95
PAPER:KSMUSDT:1791033299999:LONG,KSMUSDT,LONG,True,PARTIAL_REDUCE_DRAG,REDUCE25,75,LT1,0.31828220822001096,1791033429721,1791033434830,5.109,0.22431603904784492,0.7047709022201694,0.31828220822001096,5.109,0.018392282084980633,1,5.109,5,RECOVERED_NEW_HIGH,1791033439780,4.95
PAPER:KSMUSDT:1791033299999:LONG,KSMUSDT,LONG,True,PARTIAL_REDUCE_DRAG,REDUCE25,95,LT1,0.4122483773921992,1791033439780,1791033444726,4.946,0.3558686758888818,0.8632385120349918,0.4122483773921992,4.946,0.01139905004110744,1,4.946,2,RECOVERED_NEW_HIGH,1791033454722,9.996
PAPER:KSMUSDT:1791033299999:LONG,KSMUSDT,LONG,True,PARTIAL_REDUCE_DRAG,REDUCE25,90,LT1,0.4122483773921992,1791033439780,1791033444726,4.946,0.3558686758888818,0.8632385120349918,0.4122483773921992,4.946,0.01139905004110744,1,4.946,2,RECOVERED_NEW_HIGH,1791033454722,9.996
PAPER:KSMUSDT:1791033299999:LONG,KSMUSDT,LONG,True,PARTIAL_REDUCE_DRAG,REDUCE25,85,LT1,0.4122483773921992,1791033439780,1791033449835,10.055,0.3370754420544575,0.817651349380025,0.3558686758888818,5.109,0.003678456416994388,2,10.055,1,RECOVERED_NEW_HIGH,1791033454722,4.887
PAPER:KSMUSDT:1791033299999:LONG,KSMUSDT,LONG,True,PARTIAL_REDUCE_DRAG,REDUCE25,95,LT1,0.9008724570875204,1791033469724,1791033479811,10.087,0.8444927555842252,0.9374165554072236,0.8632859894186717,5.087,0.0036943648190380447,2,10.087,1,RECOVERED_NEW_HIGH,1791033489715,9.904
PAPER:KSMUSDT:1791033299999:LONG,KSMUSDT,LONG,True,PARTIAL_REDUCE_DRAG,REDUCE25,90,LT1,0.9008724570875204,1791033469724,1791033484721,14.997,0.7129401187431661,0.7913885180240375,0.8444927555842252,4.91,0.02679279772730328,3,14.997,3,RECOVERED_NEW_HIGH,1791033489715,4.994
PAPER:KSMUSDT:1791033299999:LONG,KSMUSDT,LONG,True,PARTIAL_REDUCE_DRAG,REDUCE25,85,LT1,0.9008724570875204,1791033469724,1791033484721,14.997,0.7129401187431661,0.7913885180240375,0.8444927555842252,4.91,0.02679279772730328,3,14.997,3,RECOVERED_NEW_HIGH,1791033489715,4.994
PAPER:KSMUSDT:1791033299999:LONG,KSMUSDT,LONG,True,PARTIAL_REDUCE_DRAG,REDUCE25,80,LT1,0.9008724570875204,1791033469724,1791033484721,14.997,0.7129401187431661,0.7913885180240375,0.8444927555842252,4.91,0.02679279772730328,3,14.997,3,RECOVERED_NEW_HIGH,1791033489715,4.994
PAPER:KSMUSDT:1791033299999:LONG,KSMUSDT,LONG,True,PARTIAL_REDUCE_DRAG,REDUCE25,95,1_TO_1_5,1.0324250939286017,1791033494829,1791033499708,4.879,0.7129401187431661,0.6905490024755928,1.0324250939286017,4.879,0.06548165099107105,1,4.879,5,FINAL_REVERSAL,,
PAPER:KSMUSDT:1791033299999:LONG,KSMUSDT,LONG,True,PARTIAL_REDUCE_DRAG,REDUCE25,90,1_TO_1_5,1.0324250939286017,1791033494829,1791033499708,4.879,0.7129401187431661,0.6905490024755928,1.0324250939286017,4.879,0.06548165099107105,1,4.879,5,FINAL_REVERSAL,,
PAPER:KSMUSDT:1791033299999:LONG,KSMUSDT,LONG,True,PARTIAL_REDUCE_DRAG,REDUCE25,85,1_TO_1_5,1.0324250939286017,1791033494829,1791033499708,4.879,0.7129401187431661,0.6905490024755928,1.0324250939286017,4.879,0.06548165099107105,1,4.879,5,FINAL_REVERSAL,,
PAPER:KSMUSDT:1791033299999:LONG,KSMUSDT,LONG,True,PARTIAL_REDUCE_DRAG,REDUCE25,80,1_TO_1_5,1.0324250939286017,1791033494829,1791033499708,4.879,0.7129401187431661,0.6905490024755928,1.0324250939286017,4.879,0.06548165099107105,1,4.879,5,FINAL_REVERSAL,,
PAPER:KSMUSDT:1791033299999:LONG,KSMUSDT,LONG,True,PARTIAL_REDUCE_DRAG,REDUCE25,75,1_TO_1_5,1.0324250939286017,1791033494829,1791033499708,4.879,0.7129401187431661,0.6905490024755928,1.0324250939286017,4.879,0.06548165099107105,1,4.879,5,FINAL_REVERSAL,,
PAPER:BRUSDT:1791033599999:SHORT,BRUSDT,SHORT,False,CONTROL_GE75,RUNNER_CLOSE,95,LT1,0.32021817597641666,1791033649799,1791033654882,5.083,0.2759184133752979,0.8616575637343542,0.32021817597641666,5.083,0.008715278890639147,1,5.083,2,RECOVERED_NEW_HIGH,1791033659901,5.019
PAPER:BRUSDT:1791033599999:SHORT,BRUSDT,SHORT,False,CONTROL_GE75,RUNNER_CLOSE,90,LT1,0.32021817597641666,1791033649799,1791033654882,5.083,0.2759184133752979,0.8616575637343542,0.32021817597641666,5.083,0.008715278890639147,1,5.083,2,RECOVERED_NEW_HIGH,1791033659901,5.019
PAPER:BRUSDT:1791033599999:SHORT,BRUSDT,SHORT,False,CONTROL_GE75,RUNNER_CLOSE,95,LT1,0.4672933878121177,1791033669748,1791033674892,5.144,0.3592019670653923,0.7686861753965473,0.4672933878121177,5.144,0.02101310667704615,1,5.144,4,RECOVERED_NEW_HIGH,1791033679786,4.894
PAPER:BRUSDT:1791033599999:SHORT,BRUSDT,SHORT,False,CONTROL_GE75,RUNNER_CLOSE,90,LT1,0.4672933878121177,1791033669748,1791033674892,5.144,0.3592019670653923,0.7686861753965473,0.4672933878121177,5.144,0.02101310667704615,1,5.144,4,RECOVERED_NEW_HIGH,1791033679786,4.894
PAPER:BRUSDT:1791033599999:SHORT,BRUSDT,SHORT,False,CONTROL_GE75,RUNNER_CLOSE,85,LT1,0.4672933878121177,1791033669748,1791033674892,5.144,0.3592019670653923,0.7686861753965473,0.4672933878121177,5.144,0.02101310667704615,1,5.144,4,RECOVERED_NEW_HIGH,1791033679786,4.894
PAPER:BRUSDT:1791033599999:SHORT,BRUSDT,SHORT,False,CONTROL_GE75,RUNNER_CLOSE,80,LT1,0.4672933878121177,1791033669748,1791033674892,5.144,0.3592019670653923,0.7686861753965473,0.4672933878121177,5.144,0.02101310667704615,1,5.144,4,RECOVERED_NEW_HIGH,1791033679786,4.894
PAPER:BRUSDT:1791033599999:SHORT,BRUSDT,SHORT,False,CONTROL_GE75,RUNNER_CLOSE,95,LT1,0.5807007800709751,1791033679786,1791033684805,5.019,0.5434889794860287,0.9359191482739212,0.5807007800709751,5.019,0.0074141862093935924,1,5.019,1,RECOVERED_NEW_HIGH,1791033699742,14.937
PAPER:BRUSDT:1791033599999:SHORT,BRUSDT,SHORT,False,CONTROL_GE75,RUNNER_CLOSE,90,LT1,0.5807007800709751,1791033679786,1791033689862,10.076,0.47260935932424974,0.8138603830814312,0.5434889794860287,5.057,0.014016140035946006,2,10.076,2,RECOVERED_NEW_HIGH,1791033699742,9.88
PAPER:BRUSDT:1791033599999:SHORT,BRUSDT,SHORT,False,CONTROL_GE75,RUNNER_CLOSE,85,LT1,0.5807007800709751,1791033679786,1791033689862,10.076,0.47260935932424974,0.8138603830814312,0.5434889794860287,5.057,0.014016140035946006,2,10.076,2,RECOVERED_NEW_HIGH,1791033699742,9.88
PAPER:BRUSDT:1791033599999:SHORT,BRUSDT,SHORT,False,CONTROL_GE75,RUNNER_CLOSE,95,LT1,0.6498084097287138,1791033699742,1791033709764,10.022,0.49210125486874867,0.7573020716586205,0.6214565616639911,4.841,0.02672078223409263,2,10.022,4,RECOVERED_NEW_HIGH,1791033744783,35.019
PAPER:BRUSDT:1791033599999:SHORT,BRUSDT,SHORT,False,CONTROL_GE75,RUNNER_CLOSE,90,LT1,0.6498084097287138,1791033699742,1791033709764,10.022,0.49210125486874867,0.7573020716586205,0.6214565616639911,4.841,0.02672078223409263,2,10.022,4,RECOVERED_NEW_HIGH,1791033744783,35.019
PAPER:BRUSDT:1791033599999:SHORT,BRUSDT,SHORT,False,CONTROL_GE75,RUNNER_CLOSE,85,LT1,0.6498084097287138,1791033699742,1791033709764,10.022,0.49210125486874867,0.7573020716586205,0.6214565616639911,4.841,0.02672078223409263,2,10.022,4,RECOVERED_NEW_HIGH,1791033744783,35.019
PAPER:BRUSDT:1791033599999:SHORT,BRUSDT,SHORT,False,CONTROL_GE75,RUNNER_CLOSE,80,LT1,0.6498084097287138,1791033699742,1791033709764,10.022,0.49210125486874867,0.7573020716586205,0.6214565616639911,4.841,0.02672078223409263,2,10.022,4,RECOVERED_NEW_HIGH,1791033744783,35.019
PAPER:BRUSDT:1791033599999:SHORT,BRUSDT,SHORT,False,CONTROL_GE75,RUNNER_CLOSE,75,LT1,0.6498084097287138,1791033699742,1791033719838,20.096,0.4672933878121177,0.7191248694476059,0.5098211599091962,5.071,0.008386466593783963,1,5.071,1,RECOVERED_NEW_HIGH,1791033744783,24.945
PAPER:BRUSDT:1791033599999:SHORT,BRUSDT,SHORT,False,CONTROL_GE75,RUNNER_CLOSE,95,1_TO_1_5,1.1955814849744617,1791033754764,1791033759792,5.028,1.0839460832196446,0.9066266890564956,1.1955814849744617,5.028,0.022202744979080574,1,5.028,1,RECOVERED_NEW_HIGH,1791033774765,14.973
PAPER:BRUSDT:1791033599999:SHORT,BRUSDT,SHORT,False,CONTROL_GE75,RUNNER_CLOSE,90,1_TO_1_5,1.1955814849744617,1791033754764,1791033764872,10.108,0.919150966343496,0.7687898967113309,1.0839460832196446,5.08,0.032439983637037116,2,10.108,3,RECOVERED_NEW_HIGH,1791033774765,9.893
PAPER:BRUSDT:1791033599999:SHORT,BRUSDT,SHORT,False,CONTROL_GE75,RUNNER_CLOSE,85,1_TO_1_5,1.1955814849744617,1791033754764,1791033764872,10.108,0.919150966343496,0.7687898967113309,1.0839460832196446,5.08,0.032439983637037116,2,10.108,3,RECOVERED_NEW_HIGH,1791033774765,9.893
PAPER:BRUSDT:1791033599999:SHORT,BRUSDT,SHORT,False,CONTROL_GE75,RUNNER_CLOSE,80,1_TO_1_5,1.1955814849744617,1791033754764,1791033764872,10.108,0.919150966343496,0.7687898967113309,1.0839460832196446,5.08,0.032439983637037116,2,10.108,3,RECOVERED_NEW_HIGH,1791033774765,9.893
PAPER:BRUSDT:1791033599999:SHORT,BRUSDT,SHORT,False,CONTROL_GE75,RUNNER_CLOSE,95,1_TO_1_5,1.3249367917697152,1791033779885,1791033789783,9.898,1.1973534754785131,0.903706111050936,1.323164801265686,4.992,0.025202589300315086,2,9.898,1,RECOVERED_NEW_HIGH,1791033829788,40.005
PAPER:BRUSDT:1791033599999:SHORT,BRUSDT,SHORT,False,CONTROL_GE75,RUNNER_CLOSE,90,1_TO_1_5,1.3249367917697152,1791033779885,1791033794893,15.008,1.1317898268288662,0.8542217514521103,1.1973534754785131,5.11,0.012830459618326207,3,15.008,1,RECOVERED_NEW_HIGH,1791033829788,34.895
PAPER:BRUSDT:1791033599999:SHORT,BRUSDT,SHORT,False,CONTROL_GE75,RUNNER_CLOSE,85,1_TO_1_5,1.3249367917697152,1791033779885,1791033819808,39.923,1.1193858933005507,0.8448598455820593,1.287724991184791,4.994,0.033708269500248356,1,4.994,3,RECOVERED_NEW_HIGH,1791033829788,9.98
PAPER:BRUSDT:1791033599999:SHORT,BRUSDT,SHORT,False,CONTROL_GE75,RUNNER_CLOSE,80,1_TO_1_5,1.3249367917697152,1791033779885,1791033824904,45.019,1.0112944725538253,0.763277523000204,1.1193858933005507,5.096,0.021211032328635283,2,10.09,1,RECOVERED_NEW_HIGH,1791033829788,4.884
PAPER:BRUSDT:1791033599999:SHORT,BRUSDT,SHORT,False,CONTROL_GE75,RUNNER_CLOSE,95,1_5_TO_3,1.7005987786271826,1791033839899,1791033844778,4.879,1.5836474053602445,0.9312292971530018,1.7005987786271826,4.879,0.023970357300048793,1,4.879,1,RECOVERED_NEW_HIGH,1791033854867,10.089
PAPER:BRUSDT:1791033599999:SHORT,BRUSDT,SHORT,False,CONTROL_GE75,RUNNER_CLOSE,95,1_5_TO_3,2.1666322811909278,1791033864802,1791033869874,5.072,1.8866577815518704,0.8707789494001426,2.1666322811909278,5.072,0.05520001964492457,1,5.072,2,RECOVERED_NEW_HIGH,1791033874826,4.952
PAPER:BRUSDT:1791033599999:SHORT,BRUSDT,SHORT,False,CONTROL_GE75,RUNNER_CLOSE,90,1_5_TO_3,2.1666322811909278,1791033864802,1791033869874,5.072,1.8866577815518704,0.8707789494001426,2.1666322811909278,5.072,0.05520001964492457,1,5.072,2,RECOVERED_NEW_HIGH,1791033874826,4.952
PAPER:BRUSDT:1791033599999:SHORT,BRUSDT,SHORT,False,CONTROL_GE75,RUNNER_CLOSE,95,1_5_TO_3,2.4749586288946968,1791033874826,1791033884853,10.027,2.349147303107524,0.9491662913802484,2.3615512366358393,5.075,0.002444124833165612,2,10.027,1,RECOVERED_NEW_HIGH,1791033944875,60.022
PAPER:BRUSDT:1791033599999:SHORT,BRUSDT,SHORT,False,CONTROL_GE75,RUNNER_CLOSE,90,1_5_TO_3,2.4749586288946968,1791033874826,1791033914887,40.061,2.2056160722799145,0.8911729054901135,2.2694077304255322,5.161,0.012360329034221608,3,14.944,1,RECOVERED_NEW_HIGH,1791033944875,29.988
PAPER:BRUSDT:1791033599999:SHORT,BRUSDT,SHORT,False,CONTROL_GE75,RUNNER_CLOSE,95,1_5_TO_3,2.5086264484715515,1791033944875,1791033969754,24.879,2.370411189156063,0.9449040093634906,2.4678706668785244,4.985,0.019550547186050416,2,9.899,1,RECOVERED_NEW_HIGH,1791033979784,10.03
PAPER:BRUSDT:1791033599999:SHORT,BRUSDT,SHORT,False,CONTROL_GE75,RUNNER_CLOSE,90,1_5_TO_3,2.5086264484715515,1791033944875,1791033974855,29.98,2.253459815889114,0.8982843249787529,2.370411189156063,5.101,0.02292714629816686,3,15.0,1,RECOVERED_NEW_HIGH,1791033979784,4.929
PAPER:BRUSDT:1791033599999:SHORT,BRUSDT,SHORT,False,CONTROL_GE75,RUNNER_CLOSE,95,1_5_TO_3,2.951624074482717,1791033999735,1791034004876,5.141,2.7425291950054387,0.9291593799884821,2.951624074482717,5.141,0.04067202479620277,1,5.141,1,RECOVERED_NEW_HIGH,1791034034843,29.967
PAPER:BRUSDT:1791033599999:SHORT,BRUSDT,SHORT,False,CONTROL_GE75,RUNNER_CLOSE,90,1_5_TO_3,2.951624074482717,1791033999735,1791034024732,24.997,2.622033840730398,0.8883359718462517,2.698229432404331,4.892,0.015575550219528451,3,14.996,1,RECOVERED_NEW_HIGH,1791034034843,10.111
PAPER:BRUSDT:1791033599999:SHORT,BRUSDT,SHORT,False,CONTROL_GE75,RUNNER_CLOSE,95,GE3,3.0650314667415746,1791034034843,1791034044743,9.9,2.86479653978452,0.9346711676112337,2.9392201409544016,4.996,0.014896637544011564,2,9.9,1,RECOVERED_NEW_HIGH,1791034049843,5.1
PAPER:BRUSDT:1791033599999:SHORT,BRUSDT,SHORT,False,CONTROL_GE75,RUNNER_CLOSE,95,GE3,3.4336054915828584,1791034054738,1791034059736,4.998,3.0756634097658275,0.8957532882870527,3.4336054915828584,4.998,0.07161706318868165,1,4.998,2,FINAL_REVERSAL,,
PAPER:BRUSDT:1791033599999:SHORT,BRUSDT,SHORT,False,CONTROL_GE75,RUNNER_CLOSE,90,GE3,3.4336054915828584,1791034054738,1791034059736,4.998,3.0756634097658275,0.8957532882870527,3.4336054915828584,4.998,0.07161706318868165,1,4.998,2,FINAL_REVERSAL,,
PAPER:BRUSDT:1791033599999:SHORT,BRUSDT,SHORT,False,CONTROL_GE75,RUNNER_CLOSE,85,GE3,3.4336054915828584,1791034054738,1791034094844,40.106,2.859480568272388,0.832792402995079,3.1305951153912215,5.106,0.05309724777102109,2,10.082,2,FINAL_REVERSAL,,
PAPER:BRUSDT:1791033599999:SHORT,BRUSDT,SHORT,False,CONTROL_GE75,RUNNER_CLOSE,80,GE3,3.4336054915828584,1791034054738,1791034109882,55.144,1.9717133257460273,0.5742399150337701,2.8736564923047325,5.154,0.17499867414798317,2,10.128,2,FINAL_REVERSAL,,
PAPER:BRUSDT:1791033599999:SHORT,BRUSDT,SHORT,False,CONTROL_GE75,RUNNER_CLOSE,75,GE3,3.4336054915828584,1791034054738,1791034109882,55.144,1.9717133257460273,0.5742399150337701,2.8736564923047325,5.154,0.17499867414798317,2,10.128,2,FINAL_REVERSAL,,
PAPER:COMPUSDT:1791033599999:LONG,COMPUSDT,LONG,True,RUNNER_TRIGGER_DELAY,RUNNER_CLOSE,95,LT1,0.5019879558225027,1791033714777,1791033719887,5.11,0.4618353437746192,0.920012797952306,0.5019879558225027,5.11,0.007857654021112222,1,5.11,1,RECOVERED_NEW_HIGH,1791033724819,4.932
PAPER:COMPUSDT:1791033599999:LONG,COMPUSDT,LONG,True,RUNNER_TRIGGER_DELAY,RUNNER_CLOSE,95,LT1,0.5421405678703639,1791033724819,1791033729779,4.96,0.5019879558225027,0.9259368982373175,0.5421405678703639,4.96,0.0080952846870688,1,4.96,1,RECOVERED_NEW_HIGH,1791033749880,20.101
PAPER:COMPUSDT:1791033599999:LONG,COMPUSDT,LONG,True,RUNNER_TRIGGER_DELAY,RUNNER_CLOSE,95,LT1,0.7429036281097146,1791033749880,1791033759807,9.927,0.5822931799182474,0.7838071559831611,0.7429036281097146,5.027,0.03194956200347467,2,9.927,4,RECOVERED_NEW_HIGH,1791033859798,99.991
PAPER:COMPUSDT:1791033599999:LONG,COMPUSDT,LONG,True,RUNNER_TRIGGER_DELAY,RUNNER_CLOSE,90,LT1,0.7429036281097146,1791033749880,1791033759807,9.927,0.5822931799182474,0.7838071559831611,0.7429036281097146,5.027,0.03194956200347467,2,9.927,4,RECOVERED_NEW_HIGH,1791033859798,99.991
PAPER:COMPUSDT:1791033599999:LONG,COMPUSDT,LONG,True,RUNNER_TRIGGER_DELAY,RUNNER_CLOSE,85,LT1,0.7429036281097146,1791033749880,1791033759807,9.927,0.5822931799182474,0.7838071559831611,0.7429036281097146,5.027,0.03194956200347467,2,9.927,4,RECOVERED_NEW_HIGH,1791033859798,99.991
PAPER:COMPUSDT:1791033599999:LONG,COMPUSDT,LONG,True,RUNNER_TRIGGER_DELAY,RUNNER_CLOSE,80,LT1,0.7429036281097146,1791033749880,1791033759807,9.927,0.5822931799182474,0.7838071559831611,0.7429036281097146,5.027,0.03194956200347467,2,9.927,4,RECOVERED_NEW_HIGH,1791033859798,99.991
PAPER:COMPUSDT:1791033599999:LONG,COMPUSDT,LONG,True,RUNNER_TRIGGER_DELAY,RUNNER_CLOSE,75,LT1,0.7429036281097146,1791033749880,1791033784827,34.947,0.4618353437746192,0.6216625229704946,0.7429036281097146,4.895,0.05741946564557617,1,4.895,5,RECOVERED_NEW_HIGH,1791033859798,74.971
PAPER:COMPUSDT:1791033599999:LONG,COMPUSDT,LONG,True,RUNNER_TRIGGER_DELAY,RUNNER_CLOSE,95,LT1,0.783056240157598,1791033859798,1791033869877,10.079,0.7429036281097146,0.9487232078761005,0.783056240157598,5.044,0.007960470271190217,2,10.079,1,RECOVERED_NEW_HIGH,1791034019884,150.007
PAPER:COMPUSDT:1791033599999:LONG,COMPUSDT,LONG,True,RUNNER_TRIGGER_DELAY,RUNNER_CLOSE,90,LT1,0.783056240157598,1791033859798,1791033879812,20.014,0.7027510160618533,0.8974464157522294,0.7429036281097146,4.965,0.008087132335923716,4,20.014,1,RECOVERED_NEW_HIGH,1791034019884,140.072
PAPER:COMPUSDT:1791033599999:LONG,COMPUSDT,LONG,True,RUNNER_TRIGGER_DELAY,RUNNER_CLOSE,85,LT1,0.783056240157598,1791033859798,1791033924823,65.025,0.6224457919661086,0.7948928315044589,0.7027510160618533,5.032,0.01595890780917025,2,9.883,2,RECOVERED_NEW_HIGH,1791034019884,95.061
PAPER:COMPUSDT:1791033599999:LONG,COMPUSDT,LONG,True,RUNNER_TRIGGER_DELAY,RUNNER_CLOSE,80,LT1,0.783056240157598,1791033859798,1791033924823,65.025,0.6224457919661086,0.7948928315044589,0.7027510160618533,5.032,0.01595890780917025,2,9.883,2,RECOVERED_NEW_HIGH,1791034019884,95.061
PAPER:COMPUSDT:1791033599999:LONG,COMPUSDT,LONG,True,RUNNER_TRIGGER_DELAY,RUNNER_CLOSE,75,LT1,0.783056240157598,1791033859798,1791033934796,74.998,0.5822931799182474,0.7436160393805877,0.6224457919661086,4.936,0.008134645876795228,4,19.856,1,RECOVERED_NEW_HIGH,1791034019884,85.088
PAPER:COMPUSDT:1791033599999:LONG,COMPUSDT,LONG,True,RUNNER_TRIGGER_DELAY,RUNNER_CLOSE,95,1_TO_1_5,1.023971912444832,1791034089780,1791034094868,5.088,0.9436666883490874,0.9215747784487485,1.023971912444832,5.088,0.015783259452780012,1,5.088,1,RECOVERED_NEW_HIGH,1791034144789,49.921
PAPER:COMPUSDT:1791033599999:LONG,COMPUSDT,LONG,True,RUNNER_TRIGGER_DELAY,RUNNER_CLOSE,90,1_TO_1_5,1.023971912444832,1791034089780,1791034104767,14.987,0.903514076301204,0.8823621676731118,0.9436666883490874,4.968,0.008082248801908908,3,14.987,1,RECOVERED_NEW_HIGH,1791034144789,40.022
PAPER:COMPUSDT:1791033599999:LONG,COMPUSDT,LONG,True,RUNNER_TRIGGER_DELAY,RUNNER_CLOSE,95,1_TO_1_5,1.1042771365405768,1791034154881,1791034164812,9.931,1.023971912444832,0.9272780161442798,1.0641245244927156,5.026,0.007988979715058388,2,9.931,1,RECOVERED_NEW_HIGH,1791034209797,44.985
PAPER:COMPUSDT:1791033599999:LONG,COMPUSDT,LONG,True,RUNNER_TRIGGER_DELAY,RUNNER_CLOSE,95,1_TO_1_5,1.3451928088277887,1791034209797,1791034214834,5.037,1.264887584732044,0.940302071518117,1.3451928088277887,5.037,0.015943066129788505,1,5.037,1,RECOVERED_NEW_HIGH,1791034294723,79.889
PAPER:COMPUSDT:1791033599999:LONG,COMPUSDT,LONG,True,RUNNER_TRIGGER_DELAY,RUNNER_CLOSE,90,1_TO_1_5,1.3451928088277887,1791034209797,1791034219758,9.961,1.144429748588438,0.8507551787953006,1.264887584732044,4.924,0.024463411077093,2,9.961,1,RECOVERED_NEW_HIGH,1791034294723,74.965
PAPER:COMPUSDT:1791033599999:LONG,COMPUSDT,LONG,True,RUNNER_TRIGGER_DELAY,RUNNER_CLOSE,95,1_5_TO_3,1.6262610931629062,1791034329740,1791034339714,9.974,1.4656506449714168,0.9012394449656795,1.6262610931629062,4.924,0.03261788143612701,2,9.974,1,RECOVERED_NEW_HIGH,1791034544740,205.026
PAPER:COMPUSDT:1791033599999:LONG,COMPUSDT,LONG,True,RUNNER_TRIGGER_DELAY,RUNNER_CLOSE,90,1_5_TO_3,1.6262610931629062,1791034329740,1791034394821,65.081,1.4254980329235556,0.8765493062071062,1.4656506449714168,5.08,0.007904057489736466,10,50.066,1,RECOVERED_NEW_HIGH,1791034544740,149.919
PAPER:COMPUSDT:1791033599999:LONG,COMPUSDT,LONG,True,RUNNER_TRIGGER_DELAY,RUNNER_CLOSE,85,1_5_TO_3,1.6262610931629062,1791034329740,1791034519731,189.991,1.3451928088277887,0.8271690286899324,1.4656506449714168,4.744,0.025391618074120607,1,4.744,2,RECOVERED_NEW_HIGH,1791034544740,25.009
PAPER:COMPUSDT:1791033599999:LONG,COMPUSDT,LONG,True,RUNNER_TRIGGER_DELAY,RUNNER_CLOSE,95,1_5_TO_3,1.6664137052107675,1791034544740,1791034584649,39.909,1.5459558690671615,0.9277143270203899,1.5861084811150228,4.993,0.008041780902836219,6,29.988,1,RECOVERED_NEW_HIGH,1791034859818,275.169
PAPER:COMPUSDT:1791033599999:LONG,COMPUSDT,LONG,True,RUNNER_TRIGGER_DELAY,RUNNER_CLOSE,90,1_5_TO_3,1.6664137052107675,1791034544740,1791034654639,109.899,1.4656506449714168,0.879523878367312,1.5459558690671615,4.868,0.016496553840539174,3,14.98,1,RECOVERED_NEW_HIGH,1791034859818,205.179
PAPER:COMPUSDT:1791033599999:LONG,COMPUSDT,LONG,True,RUNNER_TRIGGER_DELAY,RUNNER_CLOSE,85,1_5_TO_3,1.6664137052107675,1791034544740,1791034789655,244.915,1.3853454208756721,0.8313334297142342,1.5459558690671615,4.914,0.03268425889122699,3,15.007,2,RECOVERED_NEW_HIGH,1791034859818,70.163
PAPER:COMPUSDT:1791033599999:LONG,COMPUSDT,LONG,True,RUNNER_TRIGGER_DELAY,RUNNER_CLOSE,95,1_5_TO_3,1.8270241534022569,1791034889609,1791034974624,85.015,1.6664137052107675,0.9120917761856607,1.7868715413543956,5.002,0.024081934454943655,5,24.975,1,RECOVERED_NEW_HIGH,1791036839518,1864.894
PAPER:COMPUSDT:1791033599999:LONG,COMPUSDT,LONG,True,RUNNER_TRIGGER_DELAY,RUNNER_CLOSE,90,1_5_TO_3,1.8270241534022569,1791034889609,1791034984610,95.001,1.5861084811150228,0.868137664278491,1.6664137052107675,4.893,0.01641226734022986,7,34.961,1,RECOVERED_NEW_HIGH,1791036839518,1854.908
PAPER:COMPUSDT:1791033599999:LONG,COMPUSDT,LONG,True,RUNNER_TRIGGER_DELAY,RUNNER_CLOSE,85,1_5_TO_3,1.8270241534022569,1791034889609,1791035009660,120.051,1.3853454208756721,0.758252384510573,1.5861084811150228,5.038,0.039849753918092624,12,60.011,2,RECOVERED_NEW_HIGH,1791036839518,1829.858
PAPER:COMPUSDT:1791033599999:LONG,COMPUSDT,LONG,True,RUNNER_TRIGGER_DELAY,RUNNER_CLOSE,80,1_5_TO_3,1.8270241534022569,1791034889609,1791035009660,120.051,1.3853454208756721,0.758252384510573,1.5861084811150228,5.038,0.039849753918092624,12,60.011,2,RECOVERED_NEW_HIGH,1791036839518,1829.858
PAPER:COMPUSDT:1791033599999:LONG,COMPUSDT,LONG,True,RUNNER_TRIGGER_DELAY,RUNNER_CLOSE,75,1_5_TO_3,1.8270241534022569,1791034889609,1791035049572,159.963,1.2247349726841827,0.6703441606962337,1.4656506449714168,4.993,0.04825068541703066,2,9.948,2,RECOVERED_NEW_HIGH,1791036839518,1789.946
PAPER:COMPUSDT:1791033599999:LONG,COMPUSDT,LONG,True,RUNNER_TRIGGER_DELAY,RUNNER_CLOSE,95,1_5_TO_3,2.067939825689491,1791036879514,1791036884524,5.01,1.9073293774980016,0.9223331132771532,2.067939825689491,5.01,0.03205797369091605,1,5.01,1,RECOVERED_NEW_HIGH,1791037004523,119.999
PAPER:COMPUSDT:1791033599999:LONG,COMPUSDT,LONG,True,RUNNER_TRIGGER_DELAY,RUNNER_CLOSE,95,1_5_TO_3,2.2687028859288416,1791037014516,1791037039520,25.004,2.108092437737352,0.929206045803687,2.188397661833097,4.993,0.016083561805676886,5,25.004,1,RECOVERED_NEW_HIGH,1791037889541,850.021
PAPER:COMPUSDT:1791033599999:LONG,COMPUSDT,LONG,True,RUNNER_TRIGGER_DELAY,RUNNER_CLOSE,90,1_5_TO_3,2.2687028859288416,1791037014516,1791037084507,69.991,2.0277872136416075,0.8938090687055306,2.108092437737352,4.98,0.016125547007177648,8,39.96,1,RECOVERED_NEW_HIGH,1791037889541,805.034
PAPER:COMPUSDT:1791033599999:LONG,COMPUSDT,LONG,True,RUNNER_TRIGGER_DELAY,RUNNER_CLOSE,85,1_5_TO_3,2.2687028859288416,1791037014516,1791037094527,80.011,1.9073293774980016,0.8407136030583008,2.0277872136416075,5.012,0.02403388590255506,10,49.98,1,RECOVERED_NEW_HIGH,1791037889541,795.014
PAPER:COMPUSDT:1791033599999:LONG,COMPUSDT,LONG,True,RUNNER_TRIGGER_DELAY,RUNNER_CLOSE,80,1_5_TO_3,2.2687028859288416,1791037014516,1791037114542,100.026,1.7868715413543956,0.787618137411071,1.8270241534022569,5.014,0.008008099730327333,3,15.022,1,RECOVERED_NEW_HIGH,1791037889541,774.999
PAPER:COMPUSDT:1791033599999:LONG,COMPUSDT,LONG,True,RUNNER_TRIGGER_DELAY,RUNNER_CLOSE,75,1_5_TO_3,2.2687028859288416,1791037014516,1791037219514,204.998,1.6664137052107675,0.7345226717638313,1.7065663172586287,4.972,0.008075746590478931,15,74.973,1,RECOVERED_NEW_HIGH,1791037889541,670.027
PAPER:COMPUSDT:1791033599999:LONG,COMPUSDT,LONG,True,RUNNER_TRIGGER_DELAY,RUNNER_CLOSE,95,1_5_TO_3,2.7103816184554264,1791037929536,1791037949587,20.051,2.429313334120331,0.89629936890759,2.670229006407565,5.058,0.04763061927386993,4,20.051,2,RECOVERED_NEW_HIGH,1791038209547,259.96
PAPER:COMPUSDT:1791033599999:LONG,COMPUSDT,LONG,True,RUNNER_TRIGGER_DELAY,RUNNER_CLOSE,90,1_5_TO_3,2.7103816184554264,1791037929536,1791037949587,20.051,2.429313334120331,0.89629936890759,2.670229006407565,5.058,0.04763061927386993,4,20.051,2,RECOVERED_NEW_HIGH,1791038209547,259.96
PAPER:COMPUSDT:1791033599999:LONG,COMPUSDT,LONG,True,RUNNER_TRIGGER_DELAY,RUNNER_CLOSE,85,1_5_TO_3,2.7103816184554264,1791037929536,1791038089567,160.031,2.2285502738809804,0.8222274895558698,2.308855497976725,5.003,0.016051413970766478,16,80.029,1,RECOVERED_NEW_HIGH,1791038209547,119.98
PAPER:COMPUSDT:1791033599999:LONG,COMPUSDT,LONG,True,RUNNER_TRIGGER_DELAY,RUNNER_CLOSE,95,1_5_TO_3,2.790686842551171,1791038284545,1791038314538,29.993,2.5899237823118204,0.9280596241834793,2.7103816184554264,4.996,0.02411085591345195,2,9.976,1,FINAL_REVERSAL,,
PAPER:COMPUSDT:1791033599999:LONG,COMPUSDT,LONG,True,RUNNER_TRIGGER_DELAY,RUNNER_CLOSE,90,1_5_TO_3,2.790686842551171,1791038284545,1791038474596,190.051,2.5096185582160757,0.8992834738568695,2.75053423050331,5.043,0.047772292739883815,3,14.989,2,FINAL_REVERSAL,,
PAPER:COMPUSDT:1791033599999:LONG,COMPUSDT,LONG,True,RUNNER_TRIGGER_DELAY,RUNNER_CLOSE,85,1_5_TO_3,2.790686842551171,1791038284545,1791038664545,380.0,2.188397661833097,0.7841788725504301,2.3891607220724698,4.997,0.04017671807872181,2,9.99,2,FINAL_REVERSAL,,
PAPER:COMPUSDT:1791033599999:LONG,COMPUSDT,LONG,True,RUNNER_TRIGGER_DELAY,RUNNER_CLOSE,80,1_5_TO_3,2.790686842551171,1791038284545,1791038664545,380.0,2.188397661833097,0.7841788725504301,2.3891607220724698,4.997,0.04017671807872181,2,9.99,2,FINAL_REVERSAL,,
PAPER:COMPUSDT:1791033599999:LONG,COMPUSDT,LONG,True,RUNNER_TRIGGER_DELAY,RUNNER_CLOSE,75,1_5_TO_3,2.790686842551171,1791038284545,1791041089621,2805.076,1.9876346015937463,0.7122384967339095,2.108092437737352,4.987,0.024154368587047514,20,99.994,1,FINAL_REVERSAL,,
PAPER:KSMUSDT:1791033899999:LONG,KSMUSDT,LONG,True,PARTIAL_REDUCE_DRAG,REDUCE25,95,LT1,0.22025169827402102,1791033919793,1791033924832,5.039,0.09088755261885684,0.4126531297197137,0.22025169827402102,5.039,0.025672582983759514,1,5.039,5,RECOVERED_NEW_HIGH,1791033934836,10.004
PAPER:KSMUSDT:1791033899999:LONG,KSMUSDT,LONG,True,PARTIAL_REDUCE_DRAG,REDUCE25,90,LT1,0.22025169827402102,1791033919793,1791033924832,5.039,0.09088755261885684,0.4126531297197137,0.22025169827402102,5.039,0.025672582983759514,1,5.039,5,RECOVERED_NEW_HIGH,1791033934836,10.004
PAPER:KSMUSDT:1791033899999:LONG,KSMUSDT,LONG,True,PARTIAL_REDUCE_DRAG,REDUCE25,85,LT1,0.22025169827402102,1791033919793,1791033924832,5.039,0.09088755261885684,0.4126531297197137,0.22025169827402102,5.039,0.025672582983759514,1,5.039,5,RECOVERED_NEW_HIGH,1791033934836,10.004
PAPER:KSMUSDT:1791033899999:LONG,KSMUSDT,LONG,True,PARTIAL_REDUCE_DRAG,REDUCE25,80,LT1,0.22025169827402102,1791033919793,1791033924832,5.039,0.09088755261885684,0.4126531297197137,0.22025169827402102,5.039,0.025672582983759514,1,5.039,5,RECOVERED_NEW_HIGH,1791033934836,10.004
PAPER:KSMUSDT:1791033899999:LONG,KSMUSDT,LONG,True,PARTIAL_REDUCE_DRAG,REDUCE25,75,LT1,0.22025169827402102,1791033919793,1791033924832,5.039,0.09088755261885684,0.4126531297197137,0.22025169827402102,5.039,0.025672582983759514,1,5.039,5,RECOVERED_NEW_HIGH,1791033934836,10.004
PAPER:KSMUSDT:1791033899999:LONG,KSMUSDT,LONG,True,PARTIAL_REDUCE_DRAG,REDUCE25,95,LT1,0.4789799895843272,1791033934836,1791033939813,4.977,0.44201880511143266,0.9228335519716168,0.4789799895843272,4.977,0.007426398326882567,1,4.977,1,RECOVERED_NEW_HIGH,1791033999803,59.99
PAPER:KSMUSDT:1791033899999:LONG,KSMUSDT,LONG,True,PARTIAL_REDUCE_DRAG,REDUCE25,90,LT1,0.4789799895843272,1791033934836,1791033944947,10.111,0.4050576206385159,0.8456671039431871,0.44201880511143266,5.134,0.007199295768000923,2,10.111,2,RECOVERED_NEW_HIGH,1791033999803,54.856
PAPER:KSMUSDT:1791033899999:LONG,KSMUSDT,LONG,True,PARTIAL_REDUCE_DRAG,REDUCE25,85,LT1,0.4789799895843272,1791033934836,1791033944947,10.111,0.4050576206385159,0.8456671039431871,0.44201880511143266,5.134,0.007199295768000923,2,10.111,2,RECOVERED_NEW_HIGH,1791033999803,54.856
PAPER:KSMUSDT:1791033899999:LONG,KSMUSDT,LONG,True,PARTIAL_REDUCE_DRAG,REDUCE25,80,LT1,0.4789799895843272,1791033934836,1791033949837,15.001,0.349615843929163,0.7299174319005891,0.4050576206385159,4.89,0.01133778664812943,3,15.001,2,RECOVERED_NEW_HIGH,1791033999803,49.966
PAPER:KSMUSDT:1791033899999:LONG,KSMUSDT,LONG,True,PARTIAL_REDUCE_DRAG,REDUCE25,75,LT1,0.4789799895843272,1791033934836,1791033949837,15.001,0.349615843929163,0.7299174319005891,0.4050576206385159,4.89,0.01133778664812943,3,15.001,2,RECOVERED_NEW_HIGH,1791033999803,49.966
PAPER:KSMUSDT:1791033899999:LONG,KSMUSDT,LONG,True,PARTIAL_REDUCE_DRAG,REDUCE25,95,LT1,0.5713829507665968,1791033999803,1791034004924,5.121,0.44201880511143266,0.7735946697716434,0.5713829507665968,5.121,0.02526150081139703,1,5.121,4,RECOVERED_NEW_HIGH,1791034029818,24.894
PAPER:KSMUSDT:1791033899999:LONG,KSMUSDT,LONG,True,PARTIAL_REDUCE_DRAG,REDUCE25,90,LT1,0.5713829507665968,1791033999803,1791034004924,5.121,0.44201880511143266,0.7735946697716434,0.5713829507665968,5.121,0.02526150081139703,1,5.121,4,RECOVERED_NEW_HIGH,1791034029818,24.894
PAPER:KSMUSDT:1791033899999:LONG,KSMUSDT,LONG,True,PARTIAL_REDUCE_DRAG,REDUCE25,85,LT1,0.5713829507665968,1791033999803,1791034004924,5.121,0.44201880511143266,0.7735946697716434,0.5713829507665968,5.121,0.02526150081139703,1,5.121,4,RECOVERED_NEW_HIGH,1791034029818,24.894
PAPER:KSMUSDT:1791033899999:LONG,KSMUSDT,LONG,True,PARTIAL_REDUCE_DRAG,REDUCE25,80,LT1,0.5713829507665968,1791033999803,1791034004924,5.121,0.44201880511143266,0.7735946697716434,0.5713829507665968,5.121,0.02526150081139703,1,5.121,4,RECOVERED_NEW_HIGH,1791034029818,24.894
PAPER:KSMUSDT:1791033899999:LONG,KSMUSDT,LONG,True,PARTIAL_REDUCE_DRAG,REDUCE25,95,LT1,0.9594753877320672,1791034029818,1791034034886,5.068,0.8485918343133392,0.8844331445741137,0.9594753877320672,5.068,0.021879154186805055,1,5.068,2,FINAL_REVERSAL,,
PAPER:KSMUSDT:1791033899999:LONG,KSMUSDT,LONG,True,PARTIAL_REDUCE_DRAG,REDUCE25,90,LT1,0.9594753877320672,1791034029818,1791034034886,5.068,0.8485918343133392,0.8844331445741137,0.9594753877320672,5.068,0.021879154186805055,1,5.068,2,FINAL_REVERSAL,,
PAPER:KSMUSDT:1791033899999:LONG,KSMUSDT,LONG,True,PARTIAL_REDUCE_DRAG,REDUCE25,85,LT1,0.9594753877320672,1791034029818,1791034039803,9.985,0.4789799895843272,0.4992102931545775,0.8485918343133392,4.917,0.07517019416900793,2,9.985,3,FINAL_REVERSAL,,
PAPER:KSMUSDT:1791033899999:LONG,KSMUSDT,LONG,True,PARTIAL_REDUCE_DRAG,REDUCE25,80,LT1,0.9594753877320672,1791034029818,1791034039803,9.985,0.4789799895843272,0.4992102931545775,0.8485918343133392,4.917,0.07517019416900793,2,9.985,3,FINAL_REVERSAL,,
PAPER:KSMUSDT:1791033899999:LONG,KSMUSDT,LONG,True,PARTIAL_REDUCE_DRAG,REDUCE25,75,LT1,0.9594753877320672,1791034029818,1791034039803,9.985,0.4789799895843272,0.4992102931545775,0.8485918343133392,4.917,0.07517019416900793,2,9.985,3,FINAL_REVERSAL,,
PAPER:API3USDT:1791034199999:LONG,API3USDT,LONG,True,RUNNER_TRIGGER_DELAY,RUNNER_CLOSE,95,LT1,0.04799448134855666,1791034269829,1791034274944,5.115,-0.01999600079984898,-0.41663125088547953,0.04799448134855666,5.115,0.013292371876521141,1,5.115,5,RECOVERED_NEW_HIGH,1791034329830,54.886
PAPER:API3USDT:1791034199999:LONG,API3USDT,LONG,True,RUNNER_TRIGGER_DELAY,RUNNER_CLOSE,90,LT1,0.04799448134855666,1791034269829,1791034274944,5.115,-0.01999600079984898,-0.41663125088547953,0.04799448134855666,5.115,0.013292371876521141,1,5.115,5,RECOVERED_NEW_HIGH,1791034329830,54.886
PAPER:API3USDT:1791034199999:LONG,API3USDT,LONG,True,RUNNER_TRIGGER_DELAY,RUNNER_CLOSE,85,LT1,0.04799448134855666,1791034269829,1791034274944,5.115,-0.01999600079984898,-0.41663125088547953,0.04799448134855666,5.115,0.013292371876521141,1,5.115,5,RECOVERED_NEW_HIGH,1791034329830,54.886
PAPER:API3USDT:1791034199999:LONG,API3USDT,LONG,True,RUNNER_TRIGGER_DELAY,RUNNER_CLOSE,80,LT1,0.04799448134855666,1791034269829,1791034274944,5.115,-0.01999600079984898,-0.41663125088547953,0.04799448134855666,5.115,0.013292371876521141,1,5.115,5,RECOVERED_NEW_HIGH,1791034329830,54.886
PAPER:API3USDT:1791034199999:LONG,API3USDT,LONG,True,RUNNER_TRIGGER_DELAY,RUNNER_CLOSE,75,LT1,0.04799448134855666,1791034269829,1791034274944,5.115,-0.01999600079984898,-0.41663125088547953,0.04799448134855666,5.115,0.013292371876521141,1,5.115,5,RECOVERED_NEW_HIGH,1791034329830,54.886
PAPER:API3USDT:1791034199999:LONG,API3USDT,LONG,True,RUNNER_TRIGGER_DELAY,RUNNER_CLOSE,95,LT1,0.18397544564532353,1791034339799,1791034344838,5.039,0.1499802045711096,0.8152185964003504,0.18397544564532353,5.039,0.0067464260913304075,1,5.039,3,RECOVERED_NEW_HIGH,1791034349906,5.068
PAPER:API3USDT:1791034199999:LONG,API3USDT,LONG,True,RUNNER_TRIGGER_DELAY,RUNNER_CLOSE,90,LT1,0.18397544564532353,1791034339799,1791034344838,5.039,0.1499802045711096,0.8152185964003504,0.18397544564532353,5.039,0.0067464260913304075,1,5.039,3,RECOVERED_NEW_HIGH,1791034349906,5.068
PAPER:API3USDT:1791034199999:LONG,API3USDT,LONG,True,RUNNER_TRIGGER_DELAY,RUNNER_CLOSE,85,LT1,0.18397544564532353,1791034339799,1791034344838,5.039,0.1499802045711096,0.8152185964003504,0.18397544564532353,5.039,0.0067464260913304075,1,5.039,3,RECOVERED_NEW_HIGH,1791034349906,5.068
PAPER:API3USDT:1791034199999:LONG,API3USDT,LONG,True,RUNNER_TRIGGER_DELAY,RUNNER_CLOSE,95,LT1,0.21797068671951525,1791034349906,1791034359787,9.881,0.1499802045711096,0.6880751115130641,0.21797068671951525,4.842,0.01404181787451583,2,9.881,5,RECOVERED_NEW_HIGH,1791034384828,25.041
PAPER:API3USDT:1791034199999:LONG,API3USDT,LONG,True,RUNNER_TRIGGER_DELAY,RUNNER_CLOSE,90,LT1,0.21797068671951525,1791034349906,1791034359787,9.881,0.1499802045711096,0.6880751115130641,0.21797068671951525,4.842,0.01404181787451583,2,9.881,5,RECOVERED_NEW_HIGH,1791034384828,25.041
PAPER:API3USDT:1791034199999:LONG,API3USDT,LONG,True,RUNNER_TRIGGER_DELAY,RUNNER_CLOSE,85,LT1,0.21797068671951525,1791034349906,1791034359787,9.881,0.1499802045711096,0.6880751115130641,0.21797068671951525,4.842,0.01404181787451583,2,9.881,5,RECOVERED_NEW_HIGH,1791034384828,25.041
PAPER:API3USDT:1791034199999:LONG,API3USDT,LONG,True,RUNNER_TRIGGER_DELAY,RUNNER_CLOSE,80,LT1,0.21797068671951525,1791034349906,1791034359787,9.881,0.1499802045711096,0.6880751115130641,0.21797068671951525,4.842,0.01404181787451583,2,9.881,5,RECOVERED_NEW_HIGH,1791034384828,25.041
PAPER:API3USDT:1791034199999:LONG,API3USDT,LONG,True,RUNNER_TRIGGER_DELAY,RUNNER_CLOSE,75,LT1,0.21797068671951525,1791034349906,1791034359787,9.881,0.1499802045711096,0.6880751115130641,0.21797068671951525,4.842,0.01404181787451583,2,9.881,5,RECOVERED_NEW_HIGH,1791034384828,25.041
PAPER:API3USDT:1791034199999:LONG,API3USDT,LONG,True,RUNNER_TRIGGER_DELAY,RUNNER_CLOSE,95,LT1,0.25196592779370697,1791034384828,1791034389832,5.004,0.11598496349691789,0.46032003022201756,0.25196592779370697,5.004,0.02717445329672044,1,5.004,5,RECOVERED_NEW_HIGH,1791034539792,149.96
PAPER:API3USDT:1791034199999:LONG,API3USDT,LONG,True,RUNNER_TRIGGER_DELAY,RUNNER_CLOSE,90,LT1,0.25196592779370697,1791034384828,1791034389832,5.004,0.11598496349691789,0.46032003022201756,0.25196592779370697,5.004,0.02717445329672044,1,5.004,5,RECOVERED_NEW_HIGH,1791034539792,149.96
PAPER:API3USDT:1791034199999:LONG,API3USDT,LONG,True,RUNNER_TRIGGER_DELAY,RUNNER_CLOSE,85,LT1,0.25196592779370697,1791034384828,1791034389832,5.004,0.11598496349691789,0.46032003022201756,0.25196592779370697,5.004,0.02717445329672044,1,5.004,5,RECOVERED_NEW_HIGH,1791034539792,149.96
PAPER:API3USDT:1791034199999:LONG,API3USDT,LONG,True,RUNNER_TRIGGER_DELAY,RUNNER_CLOSE,80,LT1,0.25196592779370697,1791034384828,1791034389832,5.004,0.11598496349691789,0.46032003022201756,0.25196592779370697,5.004,0.02717445329672044,1,5.004,5,RECOVERED_NEW_HIGH,1791034539792,149.96
PAPER:API3USDT:1791034199999:LONG,API3USDT,LONG,True,RUNNER_TRIGGER_DELAY,RUNNER_CLOSE,75,LT1,0.25196592779370697,1791034384828,1791034389832,5.004,0.11598496349691789,0.46032003022201756,0.25196592779370697,5.004,0.02717445329672044,1,5.004,5,RECOVERED_NEW_HIGH,1791034539792,149.96
PAPER:API3USDT:1791034199999:LONG,API3USDT,LONG,True,RUNNER_TRIGGER_DELAY,RUNNER_CLOSE,95,LT1,0.6939040617582215,1791034544849,1791034554763,9.914,0.6259135796098159,0.9020174604885138,0.6599088206840076,5.004,0.006793613324179001,2,9.914,1,RECOVERED_NEW_HIGH,1791034619833,65.07
PAPER:API3USDT:1791034199999:LONG,API3USDT,LONG,True,RUNNER_TRIGGER_DELAY,RUNNER_CLOSE,90,LT1,0.6939040617582215,1791034544849,1791034564758,19.909,0.5919183385356241,0.8530261907327868,0.6259135796098159,4.912,0.006920855267547174,4,19.909,1,RECOVERED_NEW_HIGH,1791034619833,55.075
PAPER:API3USDT:1791034199999:LONG,API3USDT,LONG,True,RUNNER_TRIGGER_DELAY,RUNNER_CLOSE,85,LT1,0.6939040617582215,1791034544849,1791034569757,24.908,0.5239278563872407,0.7550436512213327,0.5919183385356241,4.999,0.013600816592995287,5,24.908,2,RECOVERED_NEW_HIGH,1791034619833,50.076
PAPER:API3USDT:1791034199999:LONG,API3USDT,LONG,True,RUNNER_TRIGGER_DELAY,RUNNER_CLOSE,80,LT1,0.6939040617582215,1791034544849,1791034569757,24.908,0.5239278563872407,0.7550436512213327,0.5919183385356241,4.999,0.013600816592995287,5,24.908,2,RECOVERED_NEW_HIGH,1791034619833,50.076
PAPER:API3USDT:1791034199999:LONG,API3USDT,LONG,True,RUNNER_TRIGGER_DELAY,RUNNER_CLOSE,75,LT1,0.6939040617582215,1791034544849,1791034574844,29.995,0.4559373742388573,0.6570611117098786,0.5239278563872407,5.087,0.013365536101510407,6,29.995,1,RECOVERED_NEW_HIGH,1791034619833,44.989
PAPER:API3USDT:1791034199999:LONG,API3USDT,LONG,True,RUNNER_TRIGGER_DELAY,RUNNER_CLOSE,95,LT1,0.9998612314259248,1791034619833,1791034624751,4.918,0.8978755082033718,0.8980001223998766,0.9998612314259248,4.918,0.02073723530348779,1,4.918,2,RECOVERED_NEW_HIGH,1791034719719,94.968
PAPER:API3USDT:1791034199999:LONG,API3USDT,LONG,True,RUNNER_TRIGGER_DELAY,RUNNER_CLOSE,90,LT1,0.9998612314259248,1791034619833,1791034624751,4.918,0.8978755082033718,0.8980001223998766,0.9998612314259248,4.918,0.02073723530348779,1,4.918,2,RECOVERED_NEW_HIGH,1791034719719,94.968
PAPER:API3USDT:1791034199999:LONG,API3USDT,LONG,True,RUNNER_TRIGGER_DELAY,RUNNER_CLOSE,85,LT1,0.9998612314259248,1791034619833,1791034639748,19.915,0.8298850260549662,0.8300002039997574,0.9998612314259248,4.89,0.03475996019856004,1,4.89,3,RECOVERED_NEW_HIGH,1791034719719,79.971
PAPER:API3USDT:1791034199999:LONG,API3USDT,LONG,True,RUNNER_TRIGGER_DELAY,RUNNER_CLOSE,80,LT1,0.9998612314259248,1791034619833,1791034649867,30.034,0.7618945439065827,0.7620002855996604,0.8298850260549662,5.107,0.013313194076440852,3,15.009,1,RECOVERED_NEW_HIGH,1791034719719,69.852
PAPER:API3USDT:1791034199999:LONG,API3USDT,LONG,True,RUNNER_TRIGGER_DELAY,RUNNER_CLOSE,75,LT1,0.9998612314259248,1791034619833,1791034654725,34.892,0.727899302832391,0.7280003263996118,0.7618945439065827,4.858,0.0069977853178657306,4,19.867,1,RECOVERED_NEW_HIGH,1791034719719,64.994
PAPER:API3USDT:1791034199999:LONG,API3USDT,LONG,True,RUNNER_TRIGGER_DELAY,RUNNER_CLOSE,95,1_TO_1_5,1.0678517135743304,1791034729714,1791034734707,4.993,0.9998612314259248,0.936329659554671,1.0678517135743304,4.993,0.01361716045431717,1,4.993,1,RECOVERED_NEW_HIGH,1791034769790,35.083
PAPER:API3USDT:1791034199999:LONG,API3USDT,LONG,True,RUNNER_TRIGGER_DELAY,RUNNER_CLOSE,90,1_TO_1_5,1.0678517135743304,1791034729714,1791034749706,19.992,0.9318707492775635,0.8726593191093834,0.965865990351733,4.973,0.006835962411857936,4,19.992,1,RECOVERED_NEW_HIGH,1791034769790,20.084
PAPER:API3USDT:1791034199999:LONG,API3USDT,LONG,True,RUNNER_TRIGGER_DELAY,RUNNER_CLOSE,95,1_TO_1_5,1.3738088832420559,1791034784840,1791034799839,14.999,1.0678517135743304,0.7772927709233498,1.3398136421678641,5.087,0.05346214440604163,1,5.087,4,RECOVERED_NEW_HIGH,1791034909712,109.873
PAPER:API3USDT:1791034199999:LONG,API3USDT,LONG,True,RUNNER_TRIGGER_DELAY,RUNNER_CLOSE,90,1_TO_1_5,1.3738088832420559,1791034784840,1791034799839,14.999,1.0678517135743304,0.7772927709233498,1.3398136421678641,5.087,0.05346214440604163,1,5.087,4,RECOVERED_NEW_HIGH,1791034909712,109.873
PAPER:API3USDT:1791034199999:LONG,API3USDT,LONG,True,RUNNER_TRIGGER_DELAY,RUNNER_CLOSE,85,1_TO_1_5,1.3738088832420559,1791034784840,1791034799839,14.999,1.0678517135743304,0.7772927709233498,1.3398136421678641,5.087,0.05346214440604163,1,5.087,4,RECOVERED_NEW_HIGH,1791034909712,109.873
PAPER:API3USDT:1791034199999:LONG,API3USDT,LONG,True,RUNNER_TRIGGER_DELAY,RUNNER_CLOSE,80,1_TO_1_5,1.3738088832420559,1791034784840,1791034799839,14.999,1.0678517135743304,0.7772927709233498,1.3398136421678641,5.087,0.05346214440604163,1,5.087,4,RECOVERED_NEW_HIGH,1791034909712,109.873
PAPER:API3USDT:1791034199999:LONG,API3USDT,LONG,True,RUNNER_TRIGGER_DELAY,RUNNER_CLOSE,75,1_TO_1_5,1.3738088832420559,1791034784840,1791034810042,25.202,0.9998612314259248,0.727802275572967,1.0338564725001387,5.297,0.006417829162585223,3,15.29,1,RECOVERED_NEW_HIGH,1791034909712,99.67
PAPER:API3USDT:1791034199999:LONG,API3USDT,LONG,True,RUNNER_TRIGGER_DELAY,RUNNER_CLOSE,95,1_TO_1_5,1.4417993653904393,1791034909712,1791034924660,14.948,1.3058184010936724,0.9056866249487194,1.4078041243162476,4.914,0.020754115429909476,1,4.914,1,RECOVERED_NEW_HIGH,1791034994888,70.228
PAPER:API3USDT:1791034199999:LONG,API3USDT,LONG,True,RUNNER_TRIGGER_DELAY,RUNNER_CLOSE,90,1_TO_1_5,1.4417993653904393,1791034909712,1791034929687,19.975,1.2718231600194807,0.8821082811858992,1.3058184010936724,5.027,0.006762530549869051,2,9.941,1,RECOVERED_NEW_HIGH,1791034994888,65.201
PAPER:API3USDT:1791034199999:LONG,API3USDT,LONG,True,RUNNER_TRIGGER_DELAY,RUNNER_CLOSE,95,1_5_TO_3,1.5777803296872062,1791034999711,1791035004707,4.996,1.4417993653904393,0.9138150211799605,1.5777803296872062,4.996,0.027217967233139885,1,4.996,1,RECOVERED_NEW_HIGH,1791035199650,194.943
PAPER:API3USDT:1791034199999:LONG,API3USDT,LONG,True,RUNNER_TRIGGER_DELAY,RUNNER_CLOSE,90,1_5_TO_3,1.5777803296872062,1791034999711,1791035009837,10.126,1.3738088832420559,0.8707225317699406,1.4417993653904393,5.13,0.013253505292082541,2,10.126,1,RECOVERED_NEW_HIGH,1791035199650,189.813
PAPER:API3USDT:1791034199999:LONG,API3USDT,LONG,True,RUNNER_TRIGGER_DELAY,RUNNER_CLOSE,85,1_5_TO_3,1.5777803296872062,1791034999711,1791035044668,44.957,1.3058184010936724,0.8276300423599209,1.5097898475388227,4.915,0.04149978564499498,1,4.915,3,RECOVERED_NEW_HIGH,1791035199650,154.982
PAPER:API3USDT:1791034199999:LONG,API3USDT,LONG,True,RUNNER_TRIGGER_DELAY,RUNNER_CLOSE,80,1_5_TO_3,1.5777803296872062,1791034999711,1791035094662,94.951,1.237827918945289,0.7845375529499011,1.3058184010936724,5.002,0.013592659365930316,1,5.002,1,RECOVERED_NEW_HIGH,1791035199650,104.988
PAPER:API3USDT:1791034199999:LONG,API3USDT,LONG,True,RUNNER_TRIGGER_DELAY,RUNNER_CLOSE,95,1_5_TO_3,1.6797660529097813,1791035199650,1791035204752,5.102,1.5777803296872062,0.9392857576530315,1.6797660529097813,5.102,0.01998936166651806,1,5.102,1,RECOVERED_NEW_HIGH,1791035269615,64.863
PAPER:API3USDT:1791034199999:LONG,API3USDT,LONG,True,RUNNER_TRIGGER_DELAY,RUNNER_CLOSE,95,1_5_TO_3,1.7137612939839952,1791035269615,1791035289591,19.976,1.6117755707613979,0.9404901233441267,1.6797660529097813,4.959,0.013710522715947457,4,19.976,1,FINAL_REVERSAL,,
PAPER:API3USDT:1791034199999:LONG,API3USDT,LONG,True,RUNNER_TRIGGER_DELAY,RUNNER_CLOSE,90,1_5_TO_3,1.7137612939839952,1791035269615,1791035299588,29.973,1.4417993653904393,0.8413069955843595,1.6117755707613979,4.966,0.03422799141581929,6,29.973,2,FINAL_REVERSAL,,
PAPER:API3USDT:1791034199999:LONG,API3USDT,LONG,True,RUNNER_TRIGGER_DELAY,RUNNER_CLOSE,85,1_5_TO_3,1.7137612939839952,1791035269615,1791035299588,29.973,1.4417993653904393,0.8413069955843595,1.6117755707613979,4.966,0.03422799141581929,6,29.973,2,FINAL_REVERSAL,,
PAPER:API3USDT:1791034199999:LONG,API3USDT,LONG,True,RUNNER_TRIGGER_DELAY,RUNNER_CLOSE,80,1_5_TO_3,1.7137612939839952,1791035269615,1791035349597,79.982,1.2718231600194807,0.7421238678245923,1.475794606464631,4.986,0.040908834024298096,2,9.909,3,FINAL_REVERSAL,,
PAPER:API3USDT:1791034199999:LONG,API3USDT,LONG,True,RUNNER_TRIGGER_DELAY,RUNNER_CLOSE,75,1_5_TO_3,1.7137612939839952,1791035269615,1791035349597,79.982,1.2718231600194807,0.7421238678245923,1.475794606464631,4.986,0.040908834024298096,2,9.909,3,FINAL_REVERSAL,,
PAPER:MAVIAUSDT:1791034199999:LONG,MAVIAUSDT,LONG,True,PARTIAL_REDUCE_DRAG,REDUCE25,95,LT1,0.010328537871440169,1791034274969,1791034284865,9.896,-0.08064507814238286,-7.807985907219029,0.010328537871440169,5.005,0.0181765466561085,2,9.896,5,RECOVERED_NEW_HIGH,1791034529991,245.126
PAPER:MAVIAUSDT:1791034199999:LONG,MAVIAUSDT,LONG,True,PARTIAL_REDUCE_DRAG,REDUCE25,90,LT1,0.010328537871440169,1791034274969,1791034284865,9.896,-0.08064507814238286,-7.807985907219029,0.010328537871440169,5.005,0.0181765466561085,2,9.896,5,RECOVERED_NEW_HIGH,1791034529991,245.126
PAPER:MAVIAUSDT:1791034199999:LONG,MAVIAUSDT,LONG,True,PARTIAL_REDUCE_DRAG,REDUCE25,85,LT1,0.010328537871440169,1791034274969,1791034284865,9.896,-0.08064507814238286,-7.807985907219029,0.010328537871440169,5.005,0.0181765466561085,2,9.896,5,RECOVERED_NEW_HIGH,1791034529991,245.126
PAPER:MAVIAUSDT:1791034199999:LONG,MAVIAUSDT,LONG,True,PARTIAL_REDUCE_DRAG,REDUCE25,80,LT1,0.010328537871440169,1791034274969,1791034284865,9.896,-0.08064507814238286,-7.807985907219029,0.010328537871440169,5.005,0.0181765466561085,2,9.896,5,RECOVERED_NEW_HIGH,1791034529991,245.126
PAPER:MAVIAUSDT:1791034199999:LONG,MAVIAUSDT,LONG,True,PARTIAL_REDUCE_DRAG,REDUCE25,75,LT1,0.010328537871440169,1791034274969,1791034284865,9.896,-0.08064507814238286,-7.807985907219029,0.010328537871440169,5.005,0.0181765466561085,2,9.896,5,RECOVERED_NEW_HIGH,1791034529991,245.126
PAPER:MAVIAUSDT:1791034199999:LONG,MAVIAUSDT,LONG,True,PARTIAL_REDUCE_DRAG,REDUCE25,95,LT1,0.04065307654270711,1791034529991,1791034534915,4.924,-0.019996000799837876,-0.4918693122482762,0.04065307654270711,4.924,0.01231703439125609,1,4.924,5,RECOVERED_NEW_HIGH,1791034644774,109.859
PAPER:MAVIAUSDT:1791034199999:LONG,MAVIAUSDT,LONG,True,PARTIAL_REDUCE_DRAG,REDUCE25,90,LT1,0.04065307654270711,1791034529991,1791034534915,4.924,-0.019996000799837876,-0.4918693122482762,0.04065307654270711,4.924,0.01231703439125609,1,4.924,5,RECOVERED_NEW_HIGH,1791034644774,109.859
PAPER:MAVIAUSDT:1791034199999:LONG,MAVIAUSDT,LONG,True,PARTIAL_REDUCE_DRAG,REDUCE25,85,LT1,0.04065307654270711,1791034529991,1791034534915,4.924,-0.019996000799837876,-0.4918693122482762,0.04065307654270711,4.924,0.01231703439125609,1,4.924,5,RECOVERED_NEW_HIGH,1791034644774,109.859
PAPER:MAVIAUSDT:1791034199999:LONG,MAVIAUSDT,LONG,True,PARTIAL_REDUCE_DRAG,REDUCE25,80,LT1,0.04065307654270711,1791034529991,1791034534915,4.924,-0.019996000799837876,-0.4918693122482762,0.04065307654270711,4.924,0.01231703439125609,1,4.924,5,RECOVERED_NEW_HIGH,1791034644774,109.859
PAPER:MAVIAUSDT:1791034199999:LONG,MAVIAUSDT,LONG,True,PARTIAL_REDUCE_DRAG,REDUCE25,75,LT1,0.04065307654270711,1791034529991,1791034534915,4.924,-0.019996000799837876,-0.4918693122482762,0.04065307654270711,4.924,0.01231703439125609,1,4.924,5,RECOVERED_NEW_HIGH,1791034644774,109.859
PAPER:MAVIAUSDT:1791034199999:LONG,MAVIAUSDT,LONG,True,PARTIAL_REDUCE_DRAG,REDUCE25,95,LT1,0.2226003085703976,1791034704740,1791034734725,29.985,0.19227576989910844,0.8637713538402442,0.2226003085703976,4.983,0.006085598770076088,6,29.985,2,RECOVERED_NEW_HIGH,1791034739831,5.106
PAPER:MAVIAUSDT:1791034199999:LONG,MAVIAUSDT,LONG,True,PARTIAL_REDUCE_DRAG,REDUCE25,90,LT1,0.2226003085703976,1791034704740,1791034734725,29.985,0.19227576989910844,0.8637713538402442,0.2226003085703976,4.983,0.006085598770076088,6,29.985,2,RECOVERED_NEW_HIGH,1791034739831,5.106
PAPER:MAVIAUSDT:1791034199999:LONG,MAVIAUSDT,LONG,True,PARTIAL_REDUCE_DRAG,REDUCE25,95,LT1,0.3135739245841984,1791034774738,1791034779758,5.02,0.1013021538852632,0.32305668916696656,0.3135739245841984,5.02,0.042285213286640484,1,5.02,5,RECOVERED_NEW_HIGH,1791035754595,974.837
PAPER:MAVIAUSDT:1791034199999:LONG,MAVIAUSDT,LONG,True,PARTIAL_REDUCE_DRAG,REDUCE25,90,LT1,0.3135739245841984,1791034774738,1791034779758,5.02,0.1013021538852632,0.32305668916696656,0.3135739245841984,5.02,0.042285213286640484,1,5.02,5,RECOVERED_NEW_HIGH,1791035754595,974.837
PAPER:MAVIAUSDT:1791034199999:LONG,MAVIAUSDT,LONG,True,PARTIAL_REDUCE_DRAG,REDUCE25,85,LT1,0.3135739245841984,1791034774738,1791034779758,5.02,0.1013021538852632,0.32305668916696656,0.3135739245841984,5.02,0.042285213286640484,1,5.02,5,RECOVERED_NEW_HIGH,1791035754595,974.837
PAPER:MAVIAUSDT:1791034199999:LONG,MAVIAUSDT,LONG,True,PARTIAL_REDUCE_DRAG,REDUCE25,80,LT1,0.3135739245841984,1791034774738,1791034779758,5.02,0.1013021538852632,0.32305668916696656,0.3135739245841984,5.02,0.042285213286640484,1,5.02,5,RECOVERED_NEW_HIGH,1791035754595,974.837
PAPER:MAVIAUSDT:1791034199999:LONG,MAVIAUSDT,LONG,True,PARTIAL_REDUCE_DRAG,REDUCE25,75,LT1,0.3135739245841984,1791034774738,1791034779758,5.02,0.1013021538852632,0.32305668916696656,0.3135739245841984,5.02,0.042285213286640484,1,5.02,5,RECOVERED_NEW_HIGH,1791035754595,974.837
PAPER:MAVIAUSDT:1791034199999:LONG,MAVIAUSDT,LONG,True,PARTIAL_REDUCE_DRAG,REDUCE25,95,LT1,0.3742230019267545,1791035754595,1791035764587,9.992,0.3135739245841984,0.8379333257702135,0.3742230019267545,4.907,0.012359706000113326,2,9.992,3,RECOVERED_NEW_HIGH,1791036049603,285.016
PAPER:MAVIAUSDT:1791034199999:LONG,MAVIAUSDT,LONG,True,PARTIAL_REDUCE_DRAG,REDUCE25,90,LT1,0.3742230019267545,1791035754595,1791035764587,9.992,0.3135739245841984,0.8379333257702135,0.3742230019267545,4.907,0.012359706000113326,2,9.992,3,RECOVERED_NEW_HIGH,1791036049603,285.016
PAPER:MAVIAUSDT:1791034199999:LONG,MAVIAUSDT,LONG,True,PARTIAL_REDUCE_DRAG,REDUCE25,85,LT1,0.3742230019267545,1791035754595,1791035764587,9.992,0.3135739245841984,0.8379333257702135,0.3742230019267545,4.907,0.012359706000113326,2,9.992,3,RECOVERED_NEW_HIGH,1791036049603,285.016
PAPER:MAVIAUSDT:1791034199999:LONG,MAVIAUSDT,LONG,True,PARTIAL_REDUCE_DRAG,REDUCE25,80,LT1,0.3742230019267545,1791035754595,1791035784615,30.02,0.2832493859129315,0.7568999886553499,0.3135739245841984,5.021,0.006039541659284394,6,30.02,1,RECOVERED_NEW_HIGH,1791036049603,264.988
PAPER:MAVIAUSDT:1791034199999:LONG,MAVIAUSDT,LONG,True,PARTIAL_REDUCE_DRAG,REDUCE25,75,LT1,0.3742230019267545,1791035754595,1791035789711,35.116,0.25292484724166453,0.6758666515404863,0.2832493859129315,5.096,0.005950655155272163,7,35.116,1,RECOVERED_NEW_HIGH,1791036049603,259.892
PAPER:MAVIAUSDT:1791034199999:LONG,MAVIAUSDT,LONG,True,PARTIAL_REDUCE_DRAG,REDUCE25,95,LT1,0.4348720792693106,1791036064597,1791036069600,5.003,0.3135739245841984,0.7210716427485476,0.4348720792693106,5.003,0.02424508388669042,1,5.003,5,RECOVERED_NEW_HIGH,1791038199594,2129.994
PAPER:MAVIAUSDT:1791034199999:LONG,MAVIAUSDT,LONG,True,PARTIAL_REDUCE_DRAG,REDUCE25,90,LT1,0.4348720792693106,1791036064597,1791036069600,5.003,0.3135739245841984,0.7210716427485476,0.4348720792693106,5.003,0.02424508388669042,1,5.003,5,RECOVERED_NEW_HIGH,1791038199594,2129.994
PAPER:MAVIAUSDT:1791034199999:LONG,MAVIAUSDT,LONG,True,PARTIAL_REDUCE_DRAG,REDUCE25,85,LT1,0.4348720792693106,1791036064597,1791036069600,5.003,0.3135739245841984,0.7210716427485476,0.4348720792693106,5.003,0.02424508388669042,1,5.003,5,RECOVERED_NEW_HIGH,1791038199594,2129.994
PAPER:MAVIAUSDT:1791034199999:LONG,MAVIAUSDT,LONG,True,PARTIAL_REDUCE_DRAG,REDUCE25,80,LT1,0.4348720792693106,1791036064597,1791036069600,5.003,0.3135739245841984,0.7210716427485476,0.4348720792693106,5.003,0.02424508388669042,1,5.003,5,RECOVERED_NEW_HIGH,1791038199594,2129.994
PAPER:MAVIAUSDT:1791034199999:LONG,MAVIAUSDT,LONG,True,PARTIAL_REDUCE_DRAG,REDUCE25,75,LT1,0.4348720792693106,1791036064597,1791036069600,5.003,0.3135739245841984,0.7210716427485476,0.4348720792693106,5.003,0.02424508388669042,1,5.003,5,RECOVERED_NEW_HIGH,1791038199594,2129.994
PAPER:MAVIAUSDT:1791034199999:LONG,MAVIAUSDT,LONG,True,PARTIAL_REDUCE_DRAG,REDUCE25,95,LT1,0.7684420046533802,1791038209584,1791038229565,19.981,0.6471438499682458,0.84215054102899,0.738117465982091,4.98,0.018267794380290206,4,19.981,3,RECOVERED_NEW_HIGH,1791038459605,230.04
PAPER:MAVIAUSDT:1791034199999:LONG,MAVIAUSDT,LONG,True,PARTIAL_REDUCE_DRAG,REDUCE25,90,LT1,0.7684420046533802,1791038209584,1791038229565,19.981,0.6471438499682458,0.84215054102899,0.738117465982091,4.98,0.018267794380290206,4,19.981,3,RECOVERED_NEW_HIGH,1791038459605,230.04
PAPER:MAVIAUSDT:1791034199999:LONG,MAVIAUSDT,LONG,True,PARTIAL_REDUCE_DRAG,REDUCE25,85,LT1,0.7684420046533802,1791038209584,1791038229565,19.981,0.6471438499682458,0.84215054102899,0.738117465982091,4.98,0.018267794380290206,4,19.981,3,RECOVERED_NEW_HIGH,1791038459605,230.04
PAPER:MAVIAUSDT:1791034199999:LONG,MAVIAUSDT,LONG,True,PARTIAL_REDUCE_DRAG,REDUCE25,95,LT1,0.859415620667181,1791038459605,1791038464610,5.005,0.7987665433246471,0.9294298638702299,0.859415620667181,5.005,0.012117697770736041,1,5.005,1,RECOVERED_NEW_HIGH,1791038539546,74.936
PAPER:MAVIAUSDT:1791034199999:LONG,MAVIAUSDT,LONG,True,PARTIAL_REDUCE_DRAG,REDUCE25,90,LT1,0.859415620667181,1791038459605,1791038484561,24.956,0.7684420046533802,0.8941447958053448,0.7987665433246471,4.991,0.006075844253910428,5,24.956,1,RECOVERED_NEW_HIGH,1791038539546,54.985
PAPER:MAVIAUSDT:1791034199999:LONG,MAVIAUSDT,LONG,True,PARTIAL_REDUCE_DRAG,REDUCE25,95,LT1,0.8897401593384702,1791038539546,1791038564544,24.998,0.8290910819959363,0.931835068130872,0.859415620667181,5.001,0.006063694995249897,5,24.998,1,RECOVERED_NEW_HIGH,1791038669551,105.007
PAPER:MAVIAUSDT:1791034199999:LONG,MAVIAUSDT,LONG,True,PARTIAL_REDUCE_DRAG,REDUCE25,95,LT1,0.9200646980097371,1791038669551,1791038679552,10.001,0.859415620667181,0.934081725476751,0.9200646980097371,4.996,0.012139527090183363,2,10.001,1,RECOVERED_NEW_HIGH,1791038694555,15.003
PAPER:MAVIAUSDT:1791034199999:LONG,MAVIAUSDT,LONG,True,PARTIAL_REDUCE_DRAG,REDUCE25,95,1_TO_1_5,1.0716873913661384,1791038774554,1791038784559,10.005,0.9807137753523154,0.915111797762355,1.0716873913661384,5.001,0.018191084985767454,2,10.005,1,RECOVERED_NEW_HIGH,1791038864564,80.005
PAPER:MAVIAUSDT:1791034199999:LONG,MAVIAUSDT,LONG,True,PARTIAL_REDUCE_DRAG,REDUCE25,95,1_TO_1_5,1.1929855460512284,1791038884565,1791038899562,14.997,1.1020119300374276,0.9237429017351277,1.1929855460512284,4.989,0.018234839850431114,3,14.997,1,RECOVERED_NEW_HIGH,1791038909566,10.004
PAPER:MAVIAUSDT:1791034199999:LONG,MAVIAUSDT,LONG,True,PARTIAL_REDUCE_DRAG,REDUCE25,95,1_TO_1_5,1.3142837007363628,1791038934561,1791038944567,10.006,1.2233100847225176,0.9307808382901843,1.2536346233938067,4.994,0.006072194367498829,2,10.006,1,RECOVERED_NEW_HIGH,1791038964592,20.025
PAPER:MAVIAUSDT:1791034199999:LONG,MAVIAUSDT,LONG,True,PARTIAL_REDUCE_DRAG,REDUCE25,95,1_TO_1_5,1.3446082394076297,1791038964592,1791039034563,69.971,1.2536346233938067,0.9323419168888168,1.3446082394076297,4.994,0.018216583102487593,2,9.974,1,RECOVERED_NEW_HIGH,1791039134578,100.015
PAPER:MAVIAUSDT:1791034199999:LONG,MAVIAUSDT,LONG,True,PARTIAL_REDUCE_DRAG,REDUCE25,90,1_TO_1_5,1.3446082394076297,1791038964592,1791039074572,109.98,1.1626610073799615,0.8646838337776173,1.2233100847225176,5.006,0.01211527713594808,10,49.983,1,RECOVERED_NEW_HIGH,1791039134578,60.006
PAPER:MAVIAUSDT:1791034199999:LONG,MAVIAUSDT,LONG,True,PARTIAL_REDUCE_DRAG,REDUCE25,85,1_TO_1_5,1.3446082394076297,1791038964592,1791039084569,119.977,1.1323364687086945,0.8421311394072284,1.1626610073799615,4.98,0.006089264793427096,12,59.98,1,RECOVERED_NEW_HIGH,1791039134578,50.009
PAPER:MAVIAUSDT:1791034199999:LONG,MAVIAUSDT,LONG,True,PARTIAL_REDUCE_DRAG,REDUCE25,80,1_TO_1_5,1.3446082394076297,1791038964592,1791039109573,144.981,1.0716873913661384,0.7970257506664341,1.1323364687086945,5.002,0.012124965482318291,17,84.984,1,RECOVERED_NEW_HIGH,1791039134578,25.005
PAPER:MAVIAUSDT:1791034199999:LONG,MAVIAUSDT,LONG,True,PARTIAL_REDUCE_DRAG,REDUCE25,95,1_TO_1_5,1.4355818554214528,1791039159574,1791039179582,20.008,1.3446082394076297,0.9366294470285602,1.374932778078919,5.022,0.006038339042470957,4,20.008,1,RECOVERED_NEW_HIGH,1791039204570,24.988
PAPER:MAVIAUSDT:1791034199999:LONG,MAVIAUSDT,LONG,True,PARTIAL_REDUCE_DRAG,REDUCE25,95,1_TO_1_5,1.4962309327640089,1791039204570,1791039209569,4.999,1.4052573167501858,0.9391981451380863,1.4962309327640089,4.999,0.018198362875339675,1,4.999,1,FINAL_REVERSAL,,
PAPER:MAVIAUSDT:1791034199999:LONG,MAVIAUSDT,LONG,True,PARTIAL_REDUCE_DRAG,REDUCE25,90,1_TO_1_5,1.4962309327640089,1791039204570,1791039264574,60.004,1.3446082394076297,0.8986635752301388,1.374932778078919,4.979,0.006090487782946203,2,9.998,1,FINAL_REVERSAL,,
PAPER:MAVIAUSDT:1791034199999:LONG,MAVIAUSDT,LONG,True,PARTIAL_REDUCE_DRAG,REDUCE25,85,1_TO_1_5,1.4962309327640089,1791039204570,1791039389586,185.016,1.2233100847225176,0.817594435414244,1.3142837007363628,5.012,0.01815116041776641,14,70.017,1,FINAL_REVERSAL,,
PAPER:MAVIAUSDT:1791034199999:LONG,MAVIAUSDT,LONG,True,PARTIAL_REDUCE_DRAG,REDUCE25,80,1_TO_1_5,1.4962309327640089,1791039204570,1791039474579,270.009,1.1626610073799615,0.7770598655062966,1.2233100847225176,5.009,0.012108021030656037,10,50.012,1,FINAL_REVERSAL,,
PAPER:MAVIAUSDT:1791034199999:LONG,MAVIAUSDT,LONG,True,PARTIAL_REDUCE_DRAG,REDUCE25,75,1_TO_1_5,1.4962309327640089,1791039204570,1791039639573,435.003,1.0716873913661384,0.7162580106443829,1.1323364687086945,4.993,0.012146821017936328,14,69.984,1,FINAL_REVERSAL,,
PAPER:FLUXUSDT:1791034499999:LONG,FLUXUSDT,LONG,True,PARTIAL_REDUCE_DRAG,REDUCE25,95,LT1,0.046880256055814584,1791034654742,1791034659746,5.004,0.02012975331355804,0.42938659058500034,0.046880256055814584,5.004,0.005345823889339837,1,5.004,5,RECOVERED_NEW_HIGH,1791034699749,40.003
PAPER:FLUXUSDT:1791034499999:LONG,FLUXUSDT,LONG,True,PARTIAL_REDUCE_DRAG,REDUCE25,90,LT1,0.046880256055814584,1791034654742,1791034659746,5.004,0.02012975331355804,0.42938659058500034,0.046880256055814584,5.004,0.005345823889339837,1,5.004,5,RECOVERED_NEW_HIGH,1791034699749,40.003
PAPER:FLUXUSDT:1791034499999:LONG,FLUXUSDT,LONG,True,PARTIAL_REDUCE_DRAG,REDUCE25,85,LT1,0.046880256055814584,1791034654742,1791034659746,5.004,0.02012975331355804,0.42938659058500034,0.046880256055814584,5.004,0.005345823889339837,1,5.004,5,RECOVERED_NEW_HIGH,1791034699749,40.003
PAPER:FLUXUSDT:1791034499999:LONG,FLUXUSDT,LONG,True,PARTIAL_REDUCE_DRAG,REDUCE25,80,LT1,0.046880256055814584,1791034654742,1791034659746,5.004,0.02012975331355804,0.42938659058500034,0.046880256055814584,5.004,0.005345823889339837,1,5.004,5,RECOVERED_NEW_HIGH,1791034699749,40.003
PAPER:FLUXUSDT:1791034499999:LONG,FLUXUSDT,LONG,True,PARTIAL_REDUCE_DRAG,REDUCE25,75,LT1,0.046880256055814584,1791034654742,1791034659746,5.004,0.02012975331355804,0.42938659058500034,0.046880256055814584,5.004,0.005345823889339837,1,5.004,5,RECOVERED_NEW_HIGH,1791034699749,40.003
PAPER:FLUXUSDT:1791034499999:LONG,FLUXUSDT,LONG,True,PARTIAL_REDUCE_DRAG,REDUCE25,95,LT1,0.10038126154034988,1791034699749,1791034704762,5.013,-0.019996000799837876,-0.19920053297796184,0.10038126154034988,5.013,0.02401301861962652,1,5.013,5,RECOVERED_NEW_HIGH,1791034759754,54.992
PAPER:FLUXUSDT:1791034499999:LONG,FLUXUSDT,LONG,True,PARTIAL_REDUCE_DRAG,REDUCE25,90,LT1,0.10038126154034988,1791034699749,1791034704762,5.013,-0.019996000799837876,-0.19920053297796184,0.10038126154034988,5.013,0.02401301861962652,1,5.013,5,RECOVERED_NEW_HIGH,1791034759754,54.992
PAPER:FLUXUSDT:1791034499999:LONG,FLUXUSDT,LONG,True,PARTIAL_REDUCE_DRAG,REDUCE25,85,LT1,0.10038126154034988,1791034699749,1791034704762,5.013,-0.019996000799837876,-0.19920053297796184,0.10038126154034988,5.013,0.02401301861962652,1,5.013,5,RECOVERED_NEW_HIGH,1791034759754,54.992
PAPER:FLUXUSDT:1791034499999:LONG,FLUXUSDT,LONG,True,PARTIAL_REDUCE_DRAG,REDUCE25,80,LT1,0.10038126154034988,1791034699749,1791034704762,5.013,-0.019996000799837876,-0.19920053297796184,0.10038126154034988,5.013,0.02401301861962652,1,5.013,5,RECOVERED_NEW_HIGH,1791034759754,54.992
PAPER:FLUXUSDT:1791034499999:LONG,FLUXUSDT,LONG,True,PARTIAL_REDUCE_DRAG,REDUCE25,75,LT1,0.10038126154034988,1791034699749,1791034704762,5.013,-0.019996000799837876,-0.19920053297796184,0.10038126154034988,5.013,0.02401301861962652,1,5.013,5,RECOVERED_NEW_HIGH,1791034759754,54.992
PAPER:FLUXUSDT:1791034499999:LONG,FLUXUSDT,LONG,True,PARTIAL_REDUCE_DRAG,REDUCE25,95,LT1,0.12713176428258421,1791034759754,1791034799859,40.105,0.0870060101691994,0.6843766438716713,0.12713176428258421,5.087,0.007887901339371893,8,40.105,5,RECOVERED_NEW_HIGH,1791034810068,10.209
PAPER:FLUXUSDT:1791034499999:LONG,FLUXUSDT,LONG,True,PARTIAL_REDUCE_DRAG,REDUCE25,90,LT1,0.12713176428258421,1791034759754,1791034799859,40.105,0.0870060101691994,0.6843766438716713,0.12713176428258421,5.087,0.007887901339371893,8,40.105,5,RECOVERED_NEW_HIGH,1791034810068,10.209
PAPER:FLUXUSDT:1791034499999:LONG,FLUXUSDT,LONG,True,PARTIAL_REDUCE_DRAG,REDUCE25,85,LT1,0.12713176428258421,1791034759754,1791034799859,40.105,0.0870060101691994,0.6843766438716713,0.12713176428258421,5.087,0.007887901339371893,8,40.105,5,RECOVERED_NEW_HIGH,1791034810068,10.209
PAPER:FLUXUSDT:1791034499999:LONG,FLUXUSDT,LONG,True,PARTIAL_REDUCE_DRAG,REDUCE25,80,LT1,0.12713176428258421,1791034759754,1791034799859,40.105,0.0870060101691994,0.6843766438716713,0.12713176428258421,5.087,0.007887901339371893,8,40.105,5,RECOVERED_NEW_HIGH,1791034810068,10.209
PAPER:FLUXUSDT:1791034499999:LONG,FLUXUSDT,LONG,True,PARTIAL_REDUCE_DRAG,REDUCE25,75,LT1,0.12713176428258421,1791034759754,1791034799859,40.105,0.0870060101691994,0.6843766438716713,0.12713176428258421,5.087,0.007887901339371893,8,40.105,5,RECOVERED_NEW_HIGH,1791034810068,10.209
PAPER:FLUXUSDT:1791034499999:LONG,FLUXUSDT,LONG,True,PARTIAL_REDUCE_DRAG,REDUCE25,95,LT1,0.26088427799391134,1791034810068,1791034824830,14.762,0.2341337752516548,0.8974621891822824,0.26088427799391134,4.892,0.0054682139702077965,3,14.762,2,RECOVERED_NEW_HIGH,1791034869770,44.94
PAPER:FLUXUSDT:1791034499999:LONG,FLUXUSDT,LONG,True,PARTIAL_REDUCE_DRAG,REDUCE25,90,LT1,0.26088427799391134,1791034810068,1791034824830,14.762,0.2341337752516548,0.8974621891822824,0.26088427799391134,4.892,0.0054682139702077965,3,14.762,2,RECOVERED_NEW_HIGH,1791034869770,44.94
PAPER:FLUXUSDT:1791034499999:LONG,FLUXUSDT,LONG,True,PARTIAL_REDUCE_DRAG,REDUCE25,85,LT1,0.26088427799391134,1791034810068,1791034864842,54.774,0.22075852388050432,0.8461932837733384,0.24750902662278307,4.888,0.005472688777061937,6,29.979,2,RECOVERED_NEW_HIGH,1791034869770,4.928
PAPER:FLUXUSDT:1791034499999:LONG,FLUXUSDT,LONG,True,PARTIAL_REDUCE_DRAG,REDUCE25,95,LT1,0.3277605348495527,1791034874846,1791034904784,29.938,0.19400802113824778,0.5919200163231993,0.3277605348495527,5.068,0.026391577291102,6,29.938,5,RECOVERED_NEW_HIGH,1791038259633,3354.849
PAPER:FLUXUSDT:1791034499999:LONG,FLUXUSDT,LONG,True,PARTIAL_REDUCE_DRAG,REDUCE25,90,LT1,0.3277605348495527,1791034874846,1791034904784,29.938,0.19400802113824778,0.5919200163231993,0.3277605348495527,5.068,0.026391577291102,6,29.938,5,RECOVERED_NEW_HIGH,1791038259633,3354.849
PAPER:FLUXUSDT:1791034499999:LONG,FLUXUSDT,LONG,True,PARTIAL_REDUCE_DRAG,REDUCE25,85,LT1,0.3277605348495527,1791034874846,1791034904784,29.938,0.19400802113824778,0.5919200163231993,0.3277605348495527,5.068,0.026391577291102,6,29.938,5,RECOVERED_NEW_HIGH,1791038259633,3354.849
PAPER:FLUXUSDT:1791034499999:LONG,FLUXUSDT,LONG,True,PARTIAL_REDUCE_DRAG,REDUCE25,80,LT1,0.3277605348495527,1791034874846,1791034904784,29.938,0.19400802113824778,0.5919200163231993,0.3277605348495527,5.068,0.026391577291102,6,29.938,5,RECOVERED_NEW_HIGH,1791038259633,3354.849
PAPER:FLUXUSDT:1791034499999:LONG,FLUXUSDT,LONG,True,PARTIAL_REDUCE_DRAG,REDUCE25,75,LT1,0.3277605348495527,1791034874846,1791034904784,29.938,0.19400802113824778,0.5919200163231993,0.3277605348495527,5.068,0.026391577291102,6,29.938,5,RECOVERED_NEW_HIGH,1791038259633,3354.849
PAPER:FLUXUSDT:1791034499999:LONG,FLUXUSDT,LONG,True,PARTIAL_REDUCE_DRAG,REDUCE25,95,LT1,0.8493953383236441,1791038284627,1791038304630,20.003,0.6621418191278039,0.7795449177229988,0.8493953383236441,4.985,0.03756339402123174,4,20.003,4,RECOVERED_NEW_HIGH,1791038334634,30.004
PAPER:FLUXUSDT:1791034499999:LONG,FLUXUSDT,LONG,True,PARTIAL_REDUCE_DRAG,REDUCE25,90,LT1,0.8493953383236441,1791038284627,1791038304630,20.003,0.6621418191278039,0.7795449177229988,0.8493953383236441,4.985,0.03756339402123174,4,20.003,4,RECOVERED_NEW_HIGH,1791038334634,30.004
PAPER:FLUXUSDT:1791034499999:LONG,FLUXUSDT,LONG,True,PARTIAL_REDUCE_DRAG,REDUCE25,85,LT1,0.8493953383236441,1791038284627,1791038304630,20.003,0.6621418191278039,0.7795449177229988,0.8493953383236441,4.985,0.03756339402123174,4,20.003,4,RECOVERED_NEW_HIGH,1791038334634,30.004
PAPER:FLUXUSDT:1791034499999:LONG,FLUXUSDT,LONG,True,PARTIAL_REDUCE_DRAG,REDUCE25,80,LT1,0.8493953383236441,1791038284627,1791038304630,20.003,0.6621418191278039,0.7795449177229988,0.8493953383236441,4.985,0.03756339402123174,4,20.003,4,RECOVERED_NEW_HIGH,1791038334634,30.004
PAPER:FLUXUSDT:1791034499999:LONG,FLUXUSDT,LONG,True,PARTIAL_REDUCE_DRAG,REDUCE25,95,LT1,0.929646846550436,1791038334634,1791038339701,5.067,0.8761458410659007,0.9424501834400266,0.929646846550436,5.067,0.010558714324952692,1,5.067,1,FINAL_REVERSAL,,
PAPER:FLUXUSDT:1791034499999:LONG,FLUXUSDT,LONG,True,PARTIAL_REDUCE_DRAG,REDUCE25,90,LT1,0.929646846550436,1791038334634,1791038384717,50.083,0.8092695842102593,0.8705129127400898,0.9028963438081572,5.079,0.018434093246288228,6,29.984,2,FINAL_REVERSAL,,
PAPER:FLUXUSDT:1791034499999:LONG,FLUXUSDT,LONG,True,PARTIAL_REDUCE_DRAG,REDUCE25,85,LT1,0.929646846550436,1791038334634,1791038389641,55.007,0.7825190814680028,0.841738004460115,0.8092695842102593,4.924,0.005432677242537884,7,34.908,1,FINAL_REVERSAL,,
PAPER:FLUXUSDT:1791034499999:LONG,FLUXUSDT,LONG,True,PARTIAL_REDUCE_DRAG,REDUCE25,80,LT1,0.929646846550436,1791038334634,1791038459736,125.102,0.6621418191278039,0.712250917200181,0.7691438300968745,5.088,0.021030269451468273,21,105.003,2,FINAL_REVERSAL,,
PAPER:FLUXUSDT:1791034499999:LONG,FLUXUSDT,LONG,True,PARTIAL_REDUCE_DRAG,REDUCE25,75,LT1,0.929646846550436,1791038334634,1791038459736,125.102,0.6621418191278039,0.712250917200181,0.7691438300968745,5.088,0.021030269451468273,21,105.003,2,FINAL_REVERSAL,,
PAPER:AVAUSDT:1791034499999:LONG,AVAUSDT,LONG,True,RUNNER_TRIGGER_DELAY,RUNNER_CLOSE,95,LT1,0.2683385457010967,1791034534928,1791034539841,4.913,0.1602130907632393,0.5970558212002135,0.2683385457010967,4.913,0.02200803072213666,1,4.913,5,RECOVERED_NEW_HIGH,1791034549832,9.991
PAPER:AVAUSDT:1791034499999:LONG,AVAUSDT,LONG,True,RUNNER_TRIGGER_DELAY,RUNNER_CLOSE,90,LT1,0.2683385457010967,1791034534928,1791034539841,4.913,0.1602130907632393,0.5970558212002135,0.2683385457010967,4.913,0.02200803072213666,1,4.913,5,RECOVERED_NEW_HIGH,1791034549832,9.991
PAPER:AVAUSDT:1791034499999:LONG,AVAUSDT,LONG,True,RUNNER_TRIGGER_DELAY,RUNNER_CLOSE,85,LT1,0.2683385457010967,1791034534928,1791034539841,4.913,0.1602130907632393,0.5970558212002135,0.2683385457010967,4.913,0.02200803072213666,1,4.913,5,RECOVERED_NEW_HIGH,1791034549832,9.991
PAPER:AVAUSDT:1791034499999:LONG,AVAUSDT,LONG,True,RUNNER_TRIGGER_DELAY,RUNNER_CLOSE,80,LT1,0.2683385457010967,1791034534928,1791034539841,4.913,0.1602130907632393,0.5970558212002135,0.2683385457010967,4.913,0.02200803072213666,1,4.913,5,RECOVERED_NEW_HIGH,1791034549832,9.991
PAPER:AVAUSDT:1791034499999:LONG,AVAUSDT,LONG,True,RUNNER_TRIGGER_DELAY,RUNNER_CLOSE,75,LT1,0.2683385457010967,1791034534928,1791034539841,4.913,0.1602130907632393,0.5970558212002135,0.2683385457010967,4.913,0.02200803072213666,1,4.913,5,RECOVERED_NEW_HIGH,1791034549832,9.991
PAPER:AVAUSDT:1791034499999:LONG,AVAUSDT,LONG,True,RUNNER_TRIGGER_DELAY,RUNNER_CLOSE,95,LT1,0.30438036401372326,1791034549832,1791034554842,5.01,0.2683385457010967,0.8815895419883211,0.30438036401372326,5.01,0.007193975711103102,1,5.01,2,RECOVERED_NEW_HIGH,1791034609816,54.974
PAPER:AVAUSDT:1791034499999:LONG,AVAUSDT,LONG,True,RUNNER_TRIGGER_DELAY,RUNNER_CLOSE,90,LT1,0.30438036401372326,1791034549832,1791034554842,5.01,0.2683385457010967,0.8815895419883211,0.30438036401372326,5.01,0.007193975711103102,1,5.01,2,RECOVERED_NEW_HIGH,1791034609816,54.974
PAPER:AVAUSDT:1791034499999:LONG,AVAUSDT,LONG,True,RUNNER_TRIGGER_DELAY,RUNNER_CLOSE,85,LT1,0.30438036401372326,1791034549832,1791034569826,19.994,0.19625490907588805,0.644768625965109,0.30438036401372326,5.001,0.0216207668342002,1,5.001,5,RECOVERED_NEW_HIGH,1791034609816,39.99
PAPER:AVAUSDT:1791034499999:LONG,AVAUSDT,LONG,True,RUNNER_TRIGGER_DELAY,RUNNER_CLOSE,80,LT1,0.30438036401372326,1791034549832,1791034569826,19.994,0.19625490907588805,0.644768625965109,0.30438036401372326,5.001,0.0216207668342002,1,5.001,5,RECOVERED_NEW_HIGH,1791034609816,39.99
PAPER:AVAUSDT:1791034499999:LONG,AVAUSDT,LONG,True,RUNNER_TRIGGER_DELAY,RUNNER_CLOSE,75,LT1,0.30438036401372326,1791034549832,1791034569826,19.994,0.19625490907588805,0.644768625965109,0.30438036401372326,5.001,0.0216207668342002,1,5.001,5,RECOVERED_NEW_HIGH,1791034609816,39.99
PAPER:AVAUSDT:1791034499999:LONG,AVAUSDT,LONG,True,RUNNER_TRIGGER_DELAY,RUNNER_CLOSE,95,LT1,0.7368821837651307,1791034609816,1791034614799,4.983,0.6647985471398998,0.9021775282217892,0.7368821837651307,4.983,0.014465911423887394,1,4.983,1,RECOVERED_NEW_HIGH,1791034624796,9.997
PAPER:AVAUSDT:1791034499999:LONG,AVAUSDT,LONG,True,RUNNER_TRIGGER_DELAY,RUNNER_CLOSE,95,LT1,0.8089658203903616,1791034624796,1791034629803,5.007,0.7368821837651307,0.9108940887138502,0.8089658203903616,5.007,0.014396572124072474,1,5.007,1,RECOVERED_NEW_HIGH,1791034639817,10.014
PAPER:AVAUSDT:1791034499999:LONG,AVAUSDT,LONG,True,RUNNER_TRIGGER_DELAY,RUNNER_CLOSE,90,LT1,0.8089658203903616,1791034624796,1791034634916,10.12,0.6647985471398998,0.8217881774277006,0.7368821837651307,5.113,0.014098110038183233,2,10.12,2,RECOVERED_NEW_HIGH,1791034639817,4.901
PAPER:AVAUSDT:1791034499999:LONG,AVAUSDT,LONG,True,RUNNER_TRIGGER_DELAY,RUNNER_CLOSE,85,LT1,0.8089658203903616,1791034624796,1791034634916,10.12,0.6647985471398998,0.8217881774277006,0.7368821837651307,5.113,0.014098110038183233,2,10.12,2,RECOVERED_NEW_HIGH,1791034639817,4.901
PAPER:AVAUSDT:1791034499999:LONG,AVAUSDT,LONG,True,RUNNER_TRIGGER_DELAY,RUNNER_CLOSE,95,LT1,0.8450076387029881,1791034639817,1791034644816,4.999,0.7008403654525042,0.8293893846074955,0.8450076387029881,4.999,0.028839222494595713,1,4.999,3,RECOVERED_NEW_HIGH,1791034684759,39.943
PAPER:AVAUSDT:1791034499999:LONG,AVAUSDT,LONG,True,RUNNER_TRIGGER_DELAY,RUNNER_CLOSE,90,LT1,0.8450076387029881,1791034639817,1791034644816,4.999,0.7008403654525042,0.8293893846074955,0.8450076387029881,4.999,0.028839222494595713,1,4.999,3,RECOVERED_NEW_HIGH,1791034684759,39.943
PAPER:AVAUSDT:1791034499999:LONG,AVAUSDT,LONG,True,RUNNER_TRIGGER_DELAY,RUNNER_CLOSE,85,LT1,0.8450076387029881,1791034639817,1791034644816,4.999,0.7008403654525042,0.8293893846074955,0.8450076387029881,4.999,0.028839222494595713,1,4.999,3,RECOVERED_NEW_HIGH,1791034684759,39.943
PAPER:AVAUSDT:1791034499999:LONG,AVAUSDT,LONG,True,RUNNER_TRIGGER_DELAY,RUNNER_CLOSE,80,LT1,0.8450076387029881,1791034639817,1791034649912,10.095,0.6287567288272733,0.7440840769112563,0.7008403654525042,5.096,0.014145140625045304,2,10.095,2,RECOVERED_NEW_HIGH,1791034684759,34.847
PAPER:AVAUSDT:1791034499999:LONG,AVAUSDT,LONG,True,RUNNER_TRIGGER_DELAY,RUNNER_CLOSE,75,LT1,0.8450076387029881,1791034639817,1791034649912,10.095,0.6287567288272733,0.7440840769112563,0.7008403654525042,5.096,0.014145140625045304,2,10.095,2,RECOVERED_NEW_HIGH,1791034684759,34.847
PAPER:AVAUSDT:1791034499999:LONG,AVAUSDT,LONG,True,RUNNER_TRIGGER_DELAY,RUNNER_CLOSE,95,1_TO_1_5,1.3495930950796264,1791034694917,1791034709890,14.973,1.2054258218291425,0.8931772296582637,1.3495930950796264,5.123,0.028141181583151268,1,5.123,2,RECOVERED_NEW_HIGH,1791034714756,4.866
PAPER:AVAUSDT:1791034499999:LONG,AVAUSDT,LONG,True,RUNNER_TRIGGER_DELAY,RUNNER_CLOSE,90,1_TO_1_5,1.3495930950796264,1791034694917,1791034709890,14.973,1.2054258218291425,0.8931772296582637,1.3495930950796264,5.123,0.028141181583151268,1,5.123,2,RECOVERED_NEW_HIGH,1791034714756,4.866
PAPER:AVAUSDT:1791034499999:LONG,AVAUSDT,LONG,True,RUNNER_TRIGGER_DELAY,RUNNER_CLOSE,95,1_5_TO_3,1.6018858232679456,1791034734750,1791034749762,15.012,1.3856349133922308,0.8650022949609794,1.565844004955319,5.001,0.03603461139033959,1,5.001,2,RECOVERED_NEW_HIGH,1791034754852,5.09
PAPER:AVAUSDT:1791034499999:LONG,AVAUSDT,LONG,True,RUNNER_TRIGGER_DELAY,RUNNER_CLOSE,90,1_5_TO_3,1.6018858232679456,1791034734750,1791034749762,15.012,1.3856349133922308,0.8650022949609794,1.565844004955319,5.001,0.03603461139033959,1,5.001,2,RECOVERED_NEW_HIGH,1791034754852,5.09
PAPER:AVAUSDT:1791034499999:LONG,AVAUSDT,LONG,True,RUNNER_TRIGGER_DELAY,RUNNER_CLOSE,95,1_5_TO_3,1.9262621880814956,1791034759764,1791034774753,14.989,1.8181367331436382,0.9438677374207571,1.8541785514562648,4.878,0.007388646640554846,3,14.989,1,RECOVERED_NEW_HIGH,1791034909807,135.054
PAPER:AVAUSDT:1791034499999:LONG,AVAUSDT,LONG,True,RUNNER_TRIGGER_DELAY,RUNNER_CLOSE,90,1_5_TO_3,1.9262621880814956,1791034759764,1791034779799,20.035,1.565844004955319,0.8128924580691982,1.8181367331436382,5.046,0.04999855889582226,4,20.035,2,RECOVERED_NEW_HIGH,1791034909807,130.008
PAPER:AVAUSDT:1791034499999:LONG,AVAUSDT,LONG,True,RUNNER_TRIGGER_DELAY,RUNNER_CLOSE,85,1_5_TO_3,1.9262621880814956,1791034759764,1791034779799,20.035,1.565844004955319,0.8128924580691982,1.8181367331436382,5.046,0.04999855889582226,4,20.035,2,RECOVERED_NEW_HIGH,1791034909807,130.008
PAPER:AVAUSDT:1791034499999:LONG,AVAUSDT,LONG,True,RUNNER_TRIGGER_DELAY,RUNNER_CLOSE,80,1_5_TO_3,1.9262621880814956,1791034759764,1791034810077,50.313,1.241467640141769,0.6444956703314811,1.63792764158055,5.242,0.07563143865676858,1,5.242,3,RECOVERED_NEW_HIGH,1791034909807,99.73
PAPER:AVAUSDT:1791034499999:LONG,AVAUSDT,LONG,True,RUNNER_TRIGGER_DELAY,RUNNER_CLOSE,75,1_5_TO_3,1.9262621880814956,1791034759764,1791034810077,50.313,1.241467640141769,0.6444956703314811,1.63792764158055,5.242,0.07563143865676858,1,5.242,3,RECOVERED_NEW_HIGH,1791034909807,99.73
PAPER:AVAUSDT:1791034499999:LONG,AVAUSDT,LONG,True,RUNNER_TRIGGER_DELAY,RUNNER_CLOSE,95,1_5_TO_3,2.034387643019353,1791034909807,1791034914672,4.865,1.7820949148310339,0.8759859119996045,2.034387643019353,4.865,0.05185873138506046,1,4.865,2,FINAL_REVERSAL,,
PAPER:AVAUSDT:1791034499999:LONG,AVAUSDT,LONG,True,RUNNER_TRIGGER_DELAY,RUNNER_CLOSE,90,1_5_TO_3,2.034387643019353,1791034909807,1791034914672,4.865,1.7820949148310339,0.8759859119996045,2.034387643019353,4.865,0.05185873138506046,1,4.865,2,FINAL_REVERSAL,,
PAPER:AVAUSDT:1791034499999:LONG,AVAUSDT,LONG,True,RUNNER_TRIGGER_DELAY,RUNNER_CLOSE,85,1_5_TO_3,2.034387643019353,1791034909807,1791034919753,9.946,1.710011278205803,0.8405533154280646,1.7820949148310339,5.081,0.014186899552298932,2,9.946,1,FINAL_REVERSAL,,
PAPER:AVAUSDT:1791034499999:LONG,AVAUSDT,LONG,True,RUNNER_TRIGGER_DELAY,RUNNER_CLOSE,80,1_5_TO_3,2.034387643019353,1791034909807,1791034929724,19.917,1.4216767317048573,0.6988229291418936,1.6739694598931765,5.04,0.050058080989745866,4,19.917,2,FINAL_REVERSAL,,
PAPER:AVAUSDT:1791034499999:LONG,AVAUSDT,LONG,True,RUNNER_TRIGGER_DELAY,RUNNER_CLOSE,75,1_5_TO_3,2.034387643019353,1791034909807,1791034929724,19.917,1.4216767317048573,0.6988229291418936,1.6739694598931765,5.04,0.050058080989745866,4,19.917,2,FINAL_REVERSAL,,
PAPER:ALGOUSDT:1791034499999:LONG,ALGOUSDT,LONG,True,PARTIAL_REDUCE_DRAG,REDUCE25,95,LT1,0.018260677855996832,1791034569850,1791034574952,5.102,0.0029580063936718304,0.16198776502157158,0.018260677855996832,5.102,0.0029993476013965114,1,5.102,5,RECOVERED_NEW_HIGH,1791034579858,4.906
PAPER:ALGOUSDT:1791034499999:LONG,ALGOUSDT,LONG,True,PARTIAL_REDUCE_DRAG,REDUCE25,90,LT1,0.018260677855996832,1791034569850,1791034574952,5.102,0.0029580063936718304,0.16198776502157158,0.018260677855996832,5.102,0.0029993476013965114,1,5.102,5,RECOVERED_NEW_HIGH,1791034579858,4.906
PAPER:ALGOUSDT:1791034499999:LONG,ALGOUSDT,LONG,True,PARTIAL_REDUCE_DRAG,REDUCE25,85,LT1,0.018260677855996832,1791034569850,1791034574952,5.102,0.0029580063936718304,0.16198776502157158,0.018260677855996832,5.102,0.0029993476013965114,1,5.102,5,RECOVERED_NEW_HIGH,1791034579858,4.906
PAPER:ALGOUSDT:1791034499999:LONG,ALGOUSDT,LONG,True,PARTIAL_REDUCE_DRAG,REDUCE25,80,LT1,0.018260677855996832,1791034569850,1791034574952,5.102,0.0029580063936718304,0.16198776502157158,0.018260677855996832,5.102,0.0029993476013965114,1,5.102,5,RECOVERED_NEW_HIGH,1791034579858,4.906
PAPER:ALGOUSDT:1791034499999:LONG,ALGOUSDT,LONG,True,PARTIAL_REDUCE_DRAG,REDUCE25,75,LT1,0.018260677855996832,1791034569850,1791034574952,5.102,0.0029580063936718304,0.16198776502157158,0.018260677855996832,5.102,0.0029993476013965114,1,5.102,5,RECOVERED_NEW_HIGH,1791034579858,4.906
PAPER:ALGOUSDT:1791034499999:LONG,ALGOUSDT,LONG,True,PARTIAL_REDUCE_DRAG,REDUCE25,95,LT1,0.07182002797418985,1791034579858,1791034594851,14.993,0.04886602078066904,0.6803954573539034,0.07182002797418985,4.853,0.004729859302188504,3,14.993,5,RECOVERED_NEW_HIGH,1791035189831,594.98
PAPER:ALGOUSDT:1791034499999:LONG,ALGOUSDT,LONG,True,PARTIAL_REDUCE_DRAG,REDUCE25,90,LT1,0.07182002797418985,1791034579858,1791034594851,14.993,0.04886602078066904,0.6803954573539034,0.07182002797418985,4.853,0.004729859302188504,3,14.993,5,RECOVERED_NEW_HIGH,1791035189831,594.98
PAPER:ALGOUSDT:1791034499999:LONG,ALGOUSDT,LONG,True,PARTIAL_REDUCE_DRAG,REDUCE25,85,LT1,0.07182002797418985,1791034579858,1791034594851,14.993,0.04886602078066904,0.6803954573539034,0.07182002797418985,4.853,0.004729859302188504,3,14.993,5,RECOVERED_NEW_HIGH,1791035189831,594.98
PAPER:ALGOUSDT:1791034499999:LONG,ALGOUSDT,LONG,True,PARTIAL_REDUCE_DRAG,REDUCE25,80,LT1,0.07182002797418985,1791034579858,1791034594851,14.993,0.04886602078066904,0.6803954573539034,0.07182002797418985,4.853,0.004729859302188504,3,14.993,5,RECOVERED_NEW_HIGH,1791035189831,594.98
PAPER:ALGOUSDT:1791034499999:LONG,ALGOUSDT,LONG,True,PARTIAL_REDUCE_DRAG,REDUCE25,75,LT1,0.07182002797418985,1791034579858,1791034594851,14.993,0.04886602078066904,0.6803954573539034,0.07182002797418985,4.853,0.004729859302188504,3,14.993,5,RECOVERED_NEW_HIGH,1791035189831,594.98
PAPER:ALGOUSDT:1791034499999:LONG,ALGOUSDT,LONG,True,PARTIAL_REDUCE_DRAG,REDUCE25,95,LT1,0.11772804236120926,1791035194689,1791035199685,4.996,0.06416869224301625,0.5450586874292532,0.11772804236120926,4.996,0.010720446380743197,1,4.996,5,RECOVERED_NEW_HIGH,1791035214685,15.0
PAPER:ALGOUSDT:1791034499999:LONG,ALGOUSDT,LONG,True,PARTIAL_REDUCE_DRAG,REDUCE25,90,LT1,0.11772804236120926,1791035194689,1791035199685,4.996,0.06416869224301625,0.5450586874292532,0.11772804236120926,4.996,0.010720446380743197,1,4.996,5,RECOVERED_NEW_HIGH,1791035214685,15.0
PAPER:ALGOUSDT:1791034499999:LONG,ALGOUSDT,LONG,True,PARTIAL_REDUCE_DRAG,REDUCE25,85,LT1,0.11772804236120926,1791035194689,1791035199685,4.996,0.06416869224301625,0.5450586874292532,0.11772804236120926,4.996,0.010720446380743197,1,4.996,5,RECOVERED_NEW_HIGH,1791035214685,15.0
PAPER:ALGOUSDT:1791034499999:LONG,ALGOUSDT,LONG,True,PARTIAL_REDUCE_DRAG,REDUCE25,80,LT1,0.11772804236120926,1791035194689,1791035199685,4.996,0.06416869224301625,0.5450586874292532,0.11772804236120926,4.996,0.010720446380743197,1,4.996,5,RECOVERED_NEW_HIGH,1791035214685,15.0
PAPER:ALGOUSDT:1791034499999:LONG,ALGOUSDT,LONG,True,PARTIAL_REDUCE_DRAG,REDUCE25,75,LT1,0.11772804236120926,1791035194689,1791035199685,4.996,0.06416869224301625,0.5450586874292532,0.11772804236120926,4.996,0.010720446380743197,1,4.996,5,RECOVERED_NEW_HIGH,1791035214685,15.0
PAPER:ALGOUSDT:1791034499999:LONG,ALGOUSDT,LONG,True,PARTIAL_REDUCE_DRAG,REDUCE25,95,LT1,0.14068204955470787,1791035214685,1791035229733,15.048,0.10242537089886206,0.7280628283641212,0.14068204955470787,5.037,0.007595131756173479,3,15.048,5,RECOVERED_NEW_HIGH,1791035479588,249.855
PAPER:ALGOUSDT:1791034499999:LONG,ALGOUSDT,LONG,True,PARTIAL_REDUCE_DRAG,REDUCE25,90,LT1,0.14068204955470787,1791035214685,1791035229733,15.048,0.10242537089886206,0.7280628283641212,0.14068204955470787,5.037,0.007595131756173479,3,15.048,5,RECOVERED_NEW_HIGH,1791035479588,249.855
PAPER:ALGOUSDT:1791034499999:LONG,ALGOUSDT,LONG,True,PARTIAL_REDUCE_DRAG,REDUCE25,85,LT1,0.14068204955470787,1791035214685,1791035229733,15.048,0.10242537089886206,0.7280628283641212,0.14068204955470787,5.037,0.007595131756173479,3,15.048,5,RECOVERED_NEW_HIGH,1791035479588,249.855
PAPER:ALGOUSDT:1791034499999:LONG,ALGOUSDT,LONG,True,PARTIAL_REDUCE_DRAG,REDUCE25,80,LT1,0.14068204955470787,1791035214685,1791035229733,15.048,0.10242537089886206,0.7280628283641212,0.14068204955470787,5.037,0.007595131756173479,3,15.048,5,RECOVERED_NEW_HIGH,1791035479588,249.855
PAPER:ALGOUSDT:1791034499999:LONG,ALGOUSDT,LONG,True,PARTIAL_REDUCE_DRAG,REDUCE25,75,LT1,0.14068204955470787,1791035214685,1791035229733,15.048,0.10242537089886206,0.7280628283641212,0.14068204955470787,5.037,0.007595131756173479,3,15.048,5,RECOVERED_NEW_HIGH,1791035479588,249.855
PAPER:ALGOUSDT:1791034499999:LONG,ALGOUSDT,LONG,True,PARTIAL_REDUCE_DRAG,REDUCE25,95,LT1,0.35491945002747993,1791035494584,1791035499593,5.009,0.3090114356404605,0.8706523004488343,0.35491945002747993,5.009,0.009165105687166981,1,5.009,2,RECOVERED_NEW_HIGH,1791035534669,35.076
PAPER:ALGOUSDT:1791034499999:LONG,ALGOUSDT,LONG,True,PARTIAL_REDUCE_DRAG,REDUCE25,90,LT1,0.35491945002747993,1791035494584,1791035499593,5.009,0.3090114356404605,0.8706523004488343,0.35491945002747993,5.009,0.009165105687166981,1,5.009,2,RECOVERED_NEW_HIGH,1791035534669,35.076
PAPER:ALGOUSDT:1791034499999:LONG,ALGOUSDT,LONG,True,PARTIAL_REDUCE_DRAG,REDUCE25,95,LT1,0.5079461646508854,1791035544592,1791035554591,9.999,0.46968948599503957,0.9246835957859041,0.4926434931885604,4.905,0.004679716043531255,2,9.999,1,RECOVERED_NEW_HIGH,1791035594682,40.091
PAPER:ALGOUSDT:1791034499999:LONG,ALGOUSDT,LONG,True,PARTIAL_REDUCE_DRAG,REDUCE25,90,LT1,0.5079461646508854,1791035544592,1791035574592,30.0,0.40082746441449935,0.7891140682004965,0.4849921574573868,4.99,0.01686667195248245,3,14.983,4,RECOVERED_NEW_HIGH,1791035594682,20.09
PAPER:ALGOUSDT:1791034499999:LONG,ALGOUSDT,LONG,True,PARTIAL_REDUCE_DRAG,REDUCE25,85,LT1,0.5079461646508854,1791035544592,1791035574592,30.0,0.40082746441449935,0.7891140682004965,0.4849921574573868,4.99,0.01686667195248245,3,14.983,4,RECOVERED_NEW_HIGH,1791035594682,20.09
PAPER:ALGOUSDT:1791034499999:LONG,ALGOUSDT,LONG,True,PARTIAL_REDUCE_DRAG,REDUCE25,80,LT1,0.5079461646508854,1791035544592,1791035574592,30.0,0.40082746441449935,0.7891140682004965,0.4849921574573868,4.99,0.01686667195248245,3,14.983,4,RECOVERED_NEW_HIGH,1791035594682,20.09
PAPER:ALGOUSDT:1791034499999:LONG,ALGOUSDT,LONG,True,PARTIAL_REDUCE_DRAG,REDUCE25,95,LT1,0.569156850500252,1791035599679,1791035604592,4.913,0.5079461646508854,0.8924537483901558,0.569156850500252,4.913,0.012458922419980992,1,4.913,2,RECOVERED_NEW_HIGH,1791035639682,35.09
PAPER:ALGOUSDT:1791034499999:LONG,ALGOUSDT,LONG,True,PARTIAL_REDUCE_DRAG,REDUCE25,90,LT1,0.569156850500252,1791035599679,1791035604592,4.913,0.5079461646508854,0.8924537483901558,0.569156850500252,4.913,0.012458922419980992,1,4.913,2,RECOVERED_NEW_HIGH,1791035639682,35.09
PAPER:ALGOUSDT:1791034499999:LONG,ALGOUSDT,LONG,True,PARTIAL_REDUCE_DRAG,REDUCE25,85,LT1,0.569156850500252,1791035599679,1791035614596,14.917,0.44673547880151876,0.7849074967803115,0.4926434931885604,4.897,0.00937472215377611,3,14.917,2,RECOVERED_NEW_HIGH,1791035639682,25.086
PAPER:ALGOUSDT:1791034499999:LONG,ALGOUSDT,LONG,True,PARTIAL_REDUCE_DRAG,REDUCE25,80,LT1,0.569156850500252,1791035599679,1791035614596,14.917,0.44673547880151876,0.7849074967803115,0.4926434931885604,4.897,0.00937472215377611,3,14.917,2,RECOVERED_NEW_HIGH,1791035639682,25.086
PAPER:ALGOUSDT:1791034499999:LONG,ALGOUSDT,LONG,True,PARTIAL_REDUCE_DRAG,REDUCE25,75,LT1,0.569156850500252,1791035599679,1791035619596,19.917,0.40082746441449935,0.704247808072938,0.44673547880151876,5.0,0.009181602877403883,4,19.917,1,RECOVERED_NEW_HIGH,1791035639682,20.086
PAPER:ALGOUSDT:1791034499999:LONG,ALGOUSDT,LONG,True,PARTIAL_REDUCE_DRAG,REDUCE25,95,LT1,0.6609728792742908,1791035669691,1791035689598,19.907,0.584459521962577,0.884241305943262,0.6380188720807922,4.91,0.010908217946683344,2,9.999,2,RECOVERED_NEW_HIGH,1791036084601,395.003
PAPER:ALGOUSDT:1791034499999:LONG,ALGOUSDT,LONG,True,PARTIAL_REDUCE_DRAG,REDUCE25,90,LT1,0.6609728792742908,1791035669691,1791035689598,19.907,0.584459521962577,0.884241305943262,0.6380188720807922,4.91,0.010908217946683344,2,9.999,2,RECOVERED_NEW_HIGH,1791036084601,395.003
PAPER:ALGOUSDT:1791034499999:LONG,ALGOUSDT,LONG,True,PARTIAL_REDUCE_DRAG,REDUCE25,85,LT1,0.6609728792742908,1791035669691,1791035694591,24.9,0.5232488361132326,0.791634350697912,0.584459521962577,4.993,0.012259300190135072,3,14.992,2,RECOVERED_NEW_HIGH,1791036084601,390.01
PAPER:ALGOUSDT:1791034499999:LONG,ALGOUSDT,LONG,True,PARTIAL_REDUCE_DRAG,REDUCE25,80,LT1,0.6609728792742908,1791035669691,1791035694591,24.9,0.5232488361132326,0.791634350697912,0.584459521962577,4.993,0.012259300190135072,3,14.992,2,RECOVERED_NEW_HIGH,1791036084601,390.01
PAPER:ALGOUSDT:1791034499999:LONG,ALGOUSDT,LONG,True,PARTIAL_REDUCE_DRAG,REDUCE25,75,LT1,0.6609728792742908,1791035669691,1791035749656,79.965,0.43143280733917155,0.6527239178298198,0.5079461646508854,4.973,0.015385754536841711,8,39.963,1,RECOVERED_NEW_HIGH,1791036084601,334.945
PAPER:ALGOUSDT:1791034499999:LONG,ALGOUSDT,LONG,True,PARTIAL_REDUCE_DRAG,REDUCE25,95,LT1,0.676275550736638,1791036084601,1791036099738,15.137,0.584459521962577,0.8642328135712584,0.676275550736638,5.126,0.017911827696851547,3,15.137,2,FINAL_REVERSAL,,
PAPER:ALGOUSDT:1791034499999:LONG,ALGOUSDT,LONG,True,PARTIAL_REDUCE_DRAG,REDUCE25,90,LT1,0.676275550736638,1791036084601,1791036099738,15.137,0.584459521962577,0.8642328135712584,0.676275550736638,5.126,0.017911827696851547,3,15.137,2,FINAL_REVERSAL,,
PAPER:ALGOUSDT:1791034499999:LONG,ALGOUSDT,LONG,True,PARTIAL_REDUCE_DRAG,REDUCE25,85,LT1,0.676275550736638,1791036084601,1791036119691,35.09,0.5079461646508854,0.7510934915473454,0.6074135291560978,5.084,0.019564784521088206,2,10.083,2,FINAL_REVERSAL,,
PAPER:ALGOUSDT:1791034499999:LONG,ALGOUSDT,LONG,True,PARTIAL_REDUCE_DRAG,REDUCE25,80,LT1,0.676275550736638,1791036084601,1791036119691,35.09,0.5079461646508854,0.7510934915473454,0.6074135291560978,5.084,0.019564784521088206,2,10.083,2,FINAL_REVERSAL,,
PAPER:ALGOUSDT:1791034499999:LONG,ALGOUSDT,LONG,True,PARTIAL_REDUCE_DRAG,REDUCE25,75,LT1,0.676275550736638,1791036084601,1791036129599,44.998,0.4926434931885604,0.7284656271425825,0.5079461646508854,4.992,0.003065438994856771,4,19.991,1,FINAL_REVERSAL,,
PAPER:RIVERUSDT:1791034799999:SHORT,RIVERUSDT,SHORT,True,PARTIAL_REDUCE_DRAG,REDUCE25,95,LT1,0.1499535251145434,1791034824914,1791034834970,10.056,0.06497476215719944,0.43329933129326476,0.1499535251145434,4.908,0.017314336380876927,2,10.056,5,RECOVERED_NEW_HIGH,1791034839935,4.965
PAPER:RIVERUSDT:1791034799999:SHORT,RIVERUSDT,SHORT,True,PARTIAL_REDUCE_DRAG,REDUCE25,90,LT1,0.1499535251145434,1791034824914,1791034834970,10.056,0.06497476215719944,0.43329933129326476,0.1499535251145434,4.908,0.017314336380876927,2,10.056,5,RECOVERED_NEW_HIGH,1791034839935,4.965
PAPER:RIVERUSDT:1791034799999:SHORT,RIVERUSDT,SHORT,True,PARTIAL_REDUCE_DRAG,REDUCE25,85,LT1,0.1499535251145434,1791034824914,1791034834970,10.056,0.06497476215719944,0.43329933129326476,0.1499535251145434,4.908,0.017314336380876927,2,10.056,5,RECOVERED_NEW_HIGH,1791034839935,4.965
PAPER:RIVERUSDT:1791034799999:SHORT,RIVERUSDT,SHORT,True,PARTIAL_REDUCE_DRAG,REDUCE25,80,LT1,0.1499535251145434,1791034824914,1791034834970,10.056,0.06497476215719944,0.43329933129326476,0.1499535251145434,4.908,0.017314336380876927,2,10.056,5,RECOVERED_NEW_HIGH,1791034839935,4.965
PAPER:RIVERUSDT:1791034799999:SHORT,RIVERUSDT,SHORT,True,PARTIAL_REDUCE_DRAG,REDUCE25,75,LT1,0.1499535251145434,1791034824914,1791034834970,10.056,0.06497476215719944,0.43329933129326476,0.1499535251145434,4.908,0.017314336380876927,2,10.056,5,RECOVERED_NEW_HIGH,1791034839935,4.965
PAPER:RIVERUSDT:1791034799999:SHORT,RIVERUSDT,SHORT,True,PARTIAL_REDUCE_DRAG,REDUCE25,95,LT1,0.23493228807189848,1791034839935,1791034845082,5.147,0.1499535251145434,0.6382840193879683,0.23493228807189848,5.147,0.016510348349981555,1,5.147,5,RECOVERED_NEW_HIGH,1791034849872,4.79
PAPER:RIVERUSDT:1791034799999:SHORT,RIVERUSDT,SHORT,True,PARTIAL_REDUCE_DRAG,REDUCE25,90,LT1,0.23493228807189848,1791034839935,1791034845082,5.147,0.1499535251145434,0.6382840193879683,0.23493228807189848,5.147,0.016510348349981555,1,5.147,5,RECOVERED_NEW_HIGH,1791034849872,4.79
PAPER:RIVERUSDT:1791034799999:SHORT,RIVERUSDT,SHORT,True,PARTIAL_REDUCE_DRAG,REDUCE25,85,LT1,0.23493228807189848,1791034839935,1791034845082,5.147,0.1499535251145434,0.6382840193879683,0.23493228807189848,5.147,0.016510348349981555,1,5.147,5,RECOVERED_NEW_HIGH,1791034849872,4.79
PAPER:RIVERUSDT:1791034799999:SHORT,RIVERUSDT,SHORT,True,PARTIAL_REDUCE_DRAG,REDUCE25,80,LT1,0.23493228807189848,1791034839935,1791034845082,5.147,0.1499535251145434,0.6382840193879683,0.23493228807189848,5.147,0.016510348349981555,1,5.147,5,RECOVERED_NEW_HIGH,1791034849872,4.79
PAPER:RIVERUSDT:1791034799999:SHORT,RIVERUSDT,SHORT,True,PARTIAL_REDUCE_DRAG,REDUCE25,75,LT1,0.23493228807189848,1791034839935,1791034845082,5.147,0.1499535251145434,0.6382840193879683,0.23493228807189848,5.147,0.016510348349981555,1,5.147,5,RECOVERED_NEW_HIGH,1791034849872,4.79
PAPER:RIVERUSDT:1791034799999:SHORT,RIVERUSDT,SHORT,True,PARTIAL_REDUCE_DRAG,REDUCE25,95,LT1,0.4048898139865975,1791034849872,1791034854948,5.076,0.31991105102924244,0.7901187927632874,0.4048898139865975,5.076,0.01674128505858059,1,5.076,4,RECOVERED_NEW_HIGH,1791034860075,5.127
PAPER:RIVERUSDT:1791034799999:SHORT,RIVERUSDT,SHORT,True,PARTIAL_REDUCE_DRAG,REDUCE25,90,LT1,0.4048898139865975,1791034849872,1791034854948,5.076,0.31991105102924244,0.7901187927632874,0.4048898139865975,5.076,0.01674128505858059,1,5.076,4,RECOVERED_NEW_HIGH,1791034860075,5.127
PAPER:RIVERUSDT:1791034799999:SHORT,RIVERUSDT,SHORT,True,PARTIAL_REDUCE_DRAG,REDUCE25,85,LT1,0.4048898139865975,1791034849872,1791034854948,5.076,0.31991105102924244,0.7901187927632874,0.4048898139865975,5.076,0.01674128505858059,1,5.076,4,RECOVERED_NEW_HIGH,1791034860075,5.127
PAPER:RIVERUSDT:1791034799999:SHORT,RIVERUSDT,SHORT,True,PARTIAL_REDUCE_DRAG,REDUCE25,80,LT1,0.4048898139865975,1791034849872,1791034854948,5.076,0.31991105102924244,0.7901187927632874,0.4048898139865975,5.076,0.01674128505858059,1,5.076,4,RECOVERED_NEW_HIGH,1791034860075,5.127
PAPER:RIVERUSDT:1791034799999:SHORT,RIVERUSDT,SHORT,True,PARTIAL_REDUCE_DRAG,REDUCE25,95,1_TO_1_5,1.3396562065174256,1791034869882,1791034874908,5.026,1.1696986806027265,0.8731334762696161,1.3396562065174256,5.026,0.03381566373153582,1,5.026,2,FINAL_REVERSAL,,
PAPER:RIVERUSDT:1791034799999:SHORT,RIVERUSDT,SHORT,True,PARTIAL_REDUCE_DRAG,REDUCE25,90,1_TO_1_5,1.3396562065174256,1791034869882,1791034874908,5.026,1.1696986806027265,0.8731334762696161,1.3396562065174256,5.026,0.03381566373153582,1,5.026,2,FINAL_REVERSAL,,
PAPER:RIVERUSDT:1791034799999:SHORT,RIVERUSDT,SHORT,True,PARTIAL_REDUCE_DRAG,REDUCE25,85,1_TO_1_5,1.3396562065174256,1791034869882,1791034879878,9.996,1.0847199176453937,0.8097002144044366,1.1696986806027265,4.97,0.01709834264735068,2,9.996,1,FINAL_REVERSAL,,
PAPER:RIVERUSDT:1791034799999:SHORT,RIVERUSDT,SHORT,True,PARTIAL_REDUCE_DRAG,REDUCE25,80,1_TO_1_5,1.3396562065174256,1791034869882,1791034889878,19.996,0.8297836287733396,0.6194004288088566,1.1696986806027265,5.016,0.06776615865817125,1,5.016,3,FINAL_REVERSAL,,
PAPER:RIVERUSDT:1791034799999:SHORT,RIVERUSDT,SHORT,True,PARTIAL_REDUCE_DRAG,REDUCE25,75,1_TO_1_5,1.3396562065174256,1791034869882,1791034889878,19.996,0.8297836287733396,0.6194004288088566,1.1696986806027265,5.016,0.06776615865817125,1,5.016,3,FINAL_REVERSAL,,
PAPER:FLOWUSDT:1791034799999:LONG,FLOWUSDT,LONG,True,PARTIAL_REDUCE_DRAG,REDUCE25,95,LT1,0.0411164710823142,1791034874976,1791034879904,4.928,-0.05055223674089726,-1.2294887039233713,0.0411164710823142,4.928,0.01860160467191791,1,4.928,5,RECOVERED_NEW_HIGH,1791034884885,4.981
PAPER:FLOWUSDT:1791034799999:LONG,FLOWUSDT,LONG,True,PARTIAL_REDUCE_DRAG,REDUCE25,90,LT1,0.0411164710823142,1791034874976,1791034879904,4.928,-0.05055223674089726,-1.2294887039233713,0.0411164710823142,4.928,0.01860160467191791,1,4.928,5,RECOVERED_NEW_HIGH,1791034884885,4.981
PAPER:FLOWUSDT:1791034799999:LONG,FLOWUSDT,LONG,True,PARTIAL_REDUCE_DRAG,REDUCE25,85,LT1,0.0411164710823142,1791034874976,1791034879904,4.928,-0.05055223674089726,-1.2294887039233713,0.0411164710823142,4.928,0.01860160467191791,1,4.928,5,RECOVERED_NEW_HIGH,1791034884885,4.981
PAPER:FLOWUSDT:1791034799999:LONG,FLOWUSDT,LONG,True,PARTIAL_REDUCE_DRAG,REDUCE25,80,LT1,0.0411164710823142,1791034874976,1791034879904,4.928,-0.05055223674089726,-1.2294887039233713,0.0411164710823142,4.928,0.01860160467191791,1,4.928,5,RECOVERED_NEW_HIGH,1791034884885,4.981
PAPER:FLOWUSDT:1791034799999:LONG,FLOWUSDT,LONG,True,PARTIAL_REDUCE_DRAG,REDUCE25,75,LT1,0.0411164710823142,1791034874976,1791034879904,4.928,-0.05055223674089726,-1.2294887039233713,0.0411164710823142,4.928,0.01860160467191791,1,4.928,5,RECOVERED_NEW_HIGH,1791034884885,4.981
PAPER:FLOWUSDT:1791034799999:LONG,FLOWUSDT,LONG,True,PARTIAL_REDUCE_DRAG,REDUCE25,95,LT1,0.07167270702339579,1791034884885,1791034919861,34.976,0.010560235141254815,0.14733969986382245,0.07167270702339579,5.093,0.011999307261366773,7,34.976,5,RECOVERED_NEW_HIGH,1791035059780,139.919
PAPER:FLOWUSDT:1791034799999:LONG,FLOWUSDT,LONG,True,PARTIAL_REDUCE_DRAG,REDUCE25,90,LT1,0.07167270702339579,1791034884885,1791034919861,34.976,0.010560235141254815,0.14733969986382245,0.07167270702339579,5.093,0.011999307261366773,7,34.976,5,RECOVERED_NEW_HIGH,1791035059780,139.919
PAPER:FLOWUSDT:1791034799999:LONG,FLOWUSDT,LONG,True,PARTIAL_REDUCE_DRAG,REDUCE25,85,LT1,0.07167270702339579,1791034884885,1791034919861,34.976,0.010560235141254815,0.14733969986382245,0.07167270702339579,5.093,0.011999307261366773,7,34.976,5,RECOVERED_NEW_HIGH,1791035059780,139.919
PAPER:FLOWUSDT:1791034799999:LONG,FLOWUSDT,LONG,True,PARTIAL_REDUCE_DRAG,REDUCE25,80,LT1,0.07167270702339579,1791034884885,1791034919861,34.976,0.010560235141254815,0.14733969986382245,0.07167270702339579,5.093,0.011999307261366773,7,34.976,5,RECOVERED_NEW_HIGH,1791035059780,139.919
PAPER:FLOWUSDT:1791034799999:LONG,FLOWUSDT,LONG,True,PARTIAL_REDUCE_DRAG,REDUCE25,75,LT1,0.07167270702339579,1791034884885,1791034919861,34.976,0.010560235141254815,0.14733969986382245,0.07167270702339579,5.093,0.011999307261366773,7,34.976,5,RECOVERED_NEW_HIGH,1791035059780,139.919
PAPER:FLOWUSDT:1791034799999:LONG,FLOWUSDT,LONG,True,PARTIAL_REDUCE_DRAG,REDUCE25,95,LT1,0.13278517890555896,1791035064805,1791035094752,29.947,0.10222894296447738,0.7698821796759852,0.13278517890555896,4.998,0.00611369266528243,6,29.947,4,RECOVERED_NEW_HIGH,1791035189874,95.122
PAPER:FLOWUSDT:1791034799999:LONG,FLOWUSDT,LONG,True,PARTIAL_REDUCE_DRAG,REDUCE25,90,LT1,0.13278517890555896,1791035064805,1791035094752,29.947,0.10222894296447738,0.7698821796759852,0.13278517890555896,4.998,0.00611369266528243,6,29.947,4,RECOVERED_NEW_HIGH,1791035189874,95.122
PAPER:FLOWUSDT:1791034799999:LONG,FLOWUSDT,LONG,True,PARTIAL_REDUCE_DRAG,REDUCE25,85,LT1,0.13278517890555896,1791035064805,1791035094752,29.947,0.10222894296447738,0.7698821796759852,0.13278517890555896,4.998,0.00611369266528243,6,29.947,4,RECOVERED_NEW_HIGH,1791035189874,95.122
PAPER:FLOWUSDT:1791034799999:LONG,FLOWUSDT,LONG,True,PARTIAL_REDUCE_DRAG,REDUCE25,80,LT1,0.13278517890555896,1791035064805,1791035094752,29.947,0.10222894296447738,0.7698821796759852,0.13278517890555896,4.998,0.00611369266528243,6,29.947,4,RECOVERED_NEW_HIGH,1791035189874,95.122
PAPER:FLOWUSDT:1791034799999:LONG,FLOWUSDT,LONG,True,PARTIAL_REDUCE_DRAG,REDUCE25,75,LT1,0.13278517890555896,1791035064805,1791035104791,39.986,0.0411164710823142,0.30964653902795536,0.10222894296447738,4.939,0.012373450472193395,8,39.986,1,RECOVERED_NEW_HIGH,1791035189874,85.083
PAPER:FLOWUSDT:1791034799999:LONG,FLOWUSDT,LONG,True,PARTIAL_REDUCE_DRAG,REDUCE25,95,LT1,0.22445388672878153,1791035219811,1791035224750,4.939,0.19389765078769994,0.8638640818993517,0.22445388672878153,4.939,0.0061867252360966974,1,4.939,2,RECOVERED_NEW_HIGH,1791035374679,149.929
PAPER:FLOWUSDT:1791034799999:LONG,FLOWUSDT,LONG,True,PARTIAL_REDUCE_DRAG,REDUCE25,90,LT1,0.22445388672878153,1791035219811,1791035224750,4.939,0.19389765078769994,0.8638640818993517,0.22445388672878153,4.939,0.0061867252360966974,1,4.939,2,RECOVERED_NEW_HIGH,1791035374679,149.929
PAPER:FLOWUSDT:1791034799999:LONG,FLOWUSDT,LONG,True,PARTIAL_REDUCE_DRAG,REDUCE25,85,LT1,0.22445388672878153,1791035219811,1791035235131,15.32,-0.05055223674089726,-0.22522326290558725,0.19389765078769994,5.357,0.045631862521672055,3,15.32,3,RECOVERED_NEW_HIGH,1791035374679,139.548
PAPER:FLOWUSDT:1791034799999:LONG,FLOWUSDT,LONG,True,PARTIAL_REDUCE_DRAG,REDUCE25,80,LT1,0.22445388672878153,1791035219811,1791035235131,15.32,-0.05055223674089726,-0.22522326290558725,0.19389765078769994,5.357,0.045631862521672055,3,15.32,3,RECOVERED_NEW_HIGH,1791035374679,139.548
PAPER:FLOWUSDT:1791034799999:LONG,FLOWUSDT,LONG,True,PARTIAL_REDUCE_DRAG,REDUCE25,75,LT1,0.22445388672878153,1791035219811,1791035235131,15.32,-0.05055223674089726,-0.22522326290558725,0.19389765078769994,5.357,0.045631862521672055,3,15.32,3,RECOVERED_NEW_HIGH,1791035374679,139.548
PAPER:FLOWUSDT:1791034799999:LONG,FLOWUSDT,LONG,True,PARTIAL_REDUCE_DRAG,REDUCE25,95,LT1,0.2550101226698409,1791035374679,1791035399782,25.103,0.22445388672878153,0.8801763803681619,0.2550101226698409,5.103,0.005987896519901898,5,25.103,2,RECOVERED_NEW_HIGH,1791035434747,34.965
PAPER:FLOWUSDT:1791034799999:LONG,FLOWUSDT,LONG,True,PARTIAL_REDUCE_DRAG,REDUCE25,90,LT1,0.2550101226698409,1791035374679,1791035399782,25.103,0.22445388672878153,0.8801763803681619,0.2550101226698409,5.103,0.005987896519901898,5,25.103,2,RECOVERED_NEW_HIGH,1791035434747,34.965
PAPER:FLOWUSDT:1791034799999:LONG,FLOWUSDT,LONG,True,PARTIAL_REDUCE_DRAG,REDUCE25,85,LT1,0.2550101226698409,1791035374679,1791035414792,40.113,0.19389765078769994,0.7603527607362368,0.22445388672878153,5.118,0.005970346999038997,8,40.113,2,RECOVERED_NEW_HIGH,1791035434747,19.955
PAPER:FLOWUSDT:1791034799999:LONG,FLOWUSDT,LONG,True,PARTIAL_REDUCE_DRAG,REDUCE25,80,LT1,0.2550101226698409,1791035374679,1791035414792,40.113,0.19389765078769994,0.7603527607362368,0.22445388672878153,5.118,0.005970346999038997,8,40.113,2,RECOVERED_NEW_HIGH,1791035434747,19.955
PAPER:FLOWUSDT:1791034799999:LONG,FLOWUSDT,LONG,True,PARTIAL_REDUCE_DRAG,REDUCE25,95,LT1,0.3466788304930857,1791035464675,1791035469675,5.0,0.2855663586109447,0.8237202087153117,0.3466788304930857,5.0,0.012222494376428195,1,5.0,3,RECOVERED_NEW_HIGH,1791035484634,14.959
PAPER:FLOWUSDT:1791034799999:LONG,FLOWUSDT,LONG,True,PARTIAL_REDUCE_DRAG,REDUCE25,90,LT1,0.3466788304930857,1791035464675,1791035469675,5.0,0.2855663586109447,0.8237202087153117,0.3466788304930857,5.0,0.012222494376428195,1,5.0,3,RECOVERED_NEW_HIGH,1791035484634,14.959
PAPER:FLOWUSDT:1791034799999:LONG,FLOWUSDT,LONG,True,PARTIAL_REDUCE_DRAG,REDUCE25,85,LT1,0.3466788304930857,1791035464675,1791035469675,5.0,0.2855663586109447,0.8237202087153117,0.3466788304930857,5.0,0.012222494376428195,1,5.0,3,RECOVERED_NEW_HIGH,1791035484634,14.959
PAPER:FLOWUSDT:1791034799999:LONG,FLOWUSDT,LONG,True,PARTIAL_REDUCE_DRAG,REDUCE25,95,LT1,0.37723506643414506,1791035484634,1791035499686,15.052,0.3466788304930857,0.9189994815967256,0.37723506643414506,5.037,0.0060663561526820295,3,15.052,1,RECOVERED_NEW_HIGH,1791035939746,440.06
PAPER:FLOWUSDT:1791034799999:LONG,FLOWUSDT,LONG,True,PARTIAL_REDUCE_DRAG,REDUCE25,90,LT1,0.37723506643414506,1791035484634,1791035534778,50.144,0.22445388672878153,0.5949974079834517,0.3466788304930857,5.125,0.023848769514986174,6,30.038,4,RECOVERED_NEW_HIGH,1791035939746,404.968
PAPER:FLOWUSDT:1791034799999:LONG,FLOWUSDT,LONG,True,PARTIAL_REDUCE_DRAG,REDUCE25,85,LT1,0.37723506643414506,1791035484634,1791035534778,50.144,0.22445388672878153,0.5949974079834517,0.3466788304930857,5.125,0.023848769514986174,6,30.038,4,RECOVERED_NEW_HIGH,1791035939746,404.968
PAPER:FLOWUSDT:1791034799999:LONG,FLOWUSDT,LONG,True,PARTIAL_REDUCE_DRAG,REDUCE25,80,LT1,0.37723506643414506,1791035484634,1791035534778,50.144,0.22445388672878153,0.5949974079834517,0.3466788304930857,5.125,0.023848769514986174,6,30.038,4,RECOVERED_NEW_HIGH,1791035939746,404.968
PAPER:FLOWUSDT:1791034799999:LONG,FLOWUSDT,LONG,True,PARTIAL_REDUCE_DRAG,REDUCE25,75,LT1,0.37723506643414506,1791035484634,1791035534778,50.144,0.22445388672878153,0.5949974079834517,0.3466788304930857,5.125,0.023848769514986174,6,30.038,4,RECOVERED_NEW_HIGH,1791035939746,404.968
PAPER:FLOWUSDT:1791034799999:LONG,FLOWUSDT,LONG,True,PARTIAL_REDUCE_DRAG,REDUCE25,95,LT1,0.43834753831630824,1791035939746,1791035949671,9.925,0.37723506643414506,0.8605844300691273,0.43834753831630824,4.981,0.012269117021112864,2,9.925,2,RECOVERED_NEW_HIGH,1791035959692,10.021
PAPER:FLOWUSDT:1791034799999:LONG,FLOWUSDT,LONG,True,PARTIAL_REDUCE_DRAG,REDUCE25,90,LT1,0.43834753831630824,1791035939746,1791035949671,9.925,0.37723506643414506,0.8605844300691273,0.43834753831630824,4.981,0.012269117021112864,2,9.925,2,RECOVERED_NEW_HIGH,1791035959692,10.021
PAPER:FLOWUSDT:1791034799999:LONG,FLOWUSDT,LONG,True,PARTIAL_REDUCE_DRAG,REDUCE25,95,LT1,0.4994600101984714,1791035959692,1791035969748,10.056,0.4689037742573898,0.9388214565387539,0.4994600101984714,5.075,0.006020933190360904,2,10.056,1,RECOVERED_NEW_HIGH,1791036099646,129.898
PAPER:FLOWUSDT:1791034799999:LONG,FLOWUSDT,LONG,True,PARTIAL_REDUCE_DRAG,REDUCE25,90,LT1,0.4994600101984714,1791035959692,1791035999762,40.07,0.40779130237522665,0.8164643696162618,0.4689037742573898,5.032,0.012144767862115099,8,40.07,2,RECOVERED_NEW_HIGH,1791036099646,99.884
PAPER:FLOWUSDT:1791034799999:LONG,FLOWUSDT,LONG,True,PARTIAL_REDUCE_DRAG,REDUCE25,85,LT1,0.4994600101984714,1791035959692,1791035999762,40.07,0.40779130237522665,0.8164643696162618,0.4689037742573898,5.032,0.012144767862115099,8,40.07,2,RECOVERED_NEW_HIGH,1791036099646,99.884
PAPER:FLOWUSDT:1791034799999:LONG,FLOWUSDT,LONG,True,PARTIAL_REDUCE_DRAG,REDUCE25,80,LT1,0.4994600101984714,1791035959692,1791036004681,44.989,0.3466788304930857,0.694107282693814,0.40779130237522665,4.919,0.012423759276710912,9,44.989,2,RECOVERED_NEW_HIGH,1791036099646,94.965
PAPER:FLOWUSDT:1791034799999:LONG,FLOWUSDT,LONG,True,PARTIAL_REDUCE_DRAG,REDUCE25,75,LT1,0.4994600101984714,1791035959692,1791036004681,44.989,0.3466788304930857,0.694107282693814,0.40779130237522665,4.919,0.012423759276710912,9,44.989,2,RECOVERED_NEW_HIGH,1791036099646,94.965
PAPER:FLOWUSDT:1791034799999:LONG,FLOWUSDT,LONG,True,PARTIAL_REDUCE_DRAG,REDUCE25,95,LT1,0.5300162461395308,1791036099646,1791036104769,5.123,0.40779130237522665,0.7693939673461868,0.5300162461395308,5.123,0.023858079985224313,1,5.123,4,FINAL_REVERSAL,,
PAPER:FLOWUSDT:1791034799999:LONG,FLOWUSDT,LONG,True,PARTIAL_REDUCE_DRAG,REDUCE25,90,LT1,0.5300162461395308,1791036099646,1791036104769,5.123,0.40779130237522665,0.7693939673461868,0.5300162461395308,5.123,0.023858079985224313,1,5.123,4,FINAL_REVERSAL,,
PAPER:FLOWUSDT:1791034799999:LONG,FLOWUSDT,LONG,True,PARTIAL_REDUCE_DRAG,REDUCE25,85,LT1,0.5300162461395308,1791036099646,1791036104769,5.123,0.40779130237522665,0.7693939673461868,0.5300162461395308,5.123,0.023858079985224313,1,5.123,4,FINAL_REVERSAL,,
PAPER:FLOWUSDT:1791034799999:LONG,FLOWUSDT,LONG,True,PARTIAL_REDUCE_DRAG,REDUCE25,80,LT1,0.5300162461395308,1791036099646,1791036104769,5.123,0.40779130237522665,0.7693939673461868,0.5300162461395308,5.123,0.023858079985224313,1,5.123,4,FINAL_REVERSAL,,
PAPER:FLOWUSDT:1791034799999:LONG,FLOWUSDT,LONG,True,PARTIAL_REDUCE_DRAG,REDUCE25,75,LT1,0.5300162461395308,1791036099646,1791036124673,25.027,0.2855663586109447,0.5387879346924155,0.40779130237522665,4.901,0.02493877652811303,5,25.027,1,FINAL_REVERSAL,,
PAPER:MUBARAKUSDT:1791034799999:LONG,MUBARAKUSDT,LONG,True,OBSERVATION_MISS,REDUCE25,95,LT1,0.011905723513905286,1791034864975,1791034875004,10.029,-0.019996000799826774,-1.6795284029964623,0.011905723513905286,5.038,0.006332219990816209,2,10.029,5,RECOVERED_NEW_HIGH,1791034894843,19.839
PAPER:MUBARAKUSDT:1791034799999:LONG,MUBARAKUSDT,LONG,True,OBSERVATION_MISS,REDUCE25,90,LT1,0.011905723513905286,1791034864975,1791034875004,10.029,-0.019996000799826774,-1.6795284029964623,0.011905723513905286,5.038,0.006332219990816209,2,10.029,5,RECOVERED_NEW_HIGH,1791034894843,19.839
PAPER:MUBARAKUSDT:1791034799999:LONG,MUBARAKUSDT,LONG,True,OBSERVATION_MISS,REDUCE25,85,LT1,0.011905723513905286,1791034864975,1791034875004,10.029,-0.019996000799826774,-1.6795284029964623,0.011905723513905286,5.038,0.006332219990816209,2,10.029,5,RECOVERED_NEW_HIGH,1791034894843,19.839
PAPER:MUBARAKUSDT:1791034799999:LONG,MUBARAKUSDT,LONG,True,OBSERVATION_MISS,REDUCE25,80,LT1,0.011905723513905286,1791034864975,1791034875004,10.029,-0.019996000799826774,-1.6795284029964623,0.011905723513905286,5.038,0.006332219990816209,2,10.029,5,RECOVERED_NEW_HIGH,1791034894843,19.839
PAPER:MUBARAKUSDT:1791034799999:LONG,MUBARAKUSDT,LONG,True,OBSERVATION_MISS,REDUCE25,75,LT1,0.011905723513905286,1791034864975,1791034875004,10.029,-0.019996000799826774,-1.6795284029964623,0.011905723513905286,5.038,0.006332219990816209,2,10.029,5,RECOVERED_NEW_HIGH,1791034894843,19.839
PAPER:MUBARAKUSDT:1791034799999:LONG,MUBARAKUSDT,LONG,True,OBSERVATION_MISS,REDUCE25,95,LT1,0.05975830998445897,1791034894843,1791034899874,5.031,0.027856585670749112,0.46615417467451187,0.05975830998445897,5.031,0.006341030473804385,1,5.031,5,RECOVERED_NEW_HIGH,1791034919944,20.07
PAPER:MUBARAKUSDT:1791034799999:LONG,MUBARAKUSDT,LONG,True,OBSERVATION_MISS,REDUCE25,90,LT1,0.05975830998445897,1791034894843,1791034899874,5.031,0.027856585670749112,0.46615417467451187,0.05975830998445897,5.031,0.006341030473804385,1,5.031,5,RECOVERED_NEW_HIGH,1791034919944,20.07
PAPER:MUBARAKUSDT:1791034799999:LONG,MUBARAKUSDT,LONG,True,OBSERVATION_MISS,REDUCE25,85,LT1,0.05975830998445897,1791034894843,1791034899874,5.031,0.027856585670749112,0.46615417467451187,0.05975830998445897,5.031,0.006341030473804385,1,5.031,5,RECOVERED_NEW_HIGH,1791034919944,20.07
PAPER:MUBARAKUSDT:1791034799999:LONG,MUBARAKUSDT,LONG,True,OBSERVATION_MISS,REDUCE25,80,LT1,0.05975830998445897,1791034894843,1791034899874,5.031,0.027856585670749112,0.46615417467451187,0.05975830998445897,5.031,0.006341030473804385,1,5.031,5,RECOVERED_NEW_HIGH,1791034919944,20.07
PAPER:MUBARAKUSDT:1791034799999:LONG,MUBARAKUSDT,LONG,True,OBSERVATION_MISS,REDUCE25,75,LT1,0.05975830998445897,1791034894843,1791034899874,5.031,0.027856585670749112,0.46615417467451187,0.05975830998445897,5.031,0.006341030473804385,1,5.031,5,RECOVERED_NEW_HIGH,1791034919944,20.07
PAPER:MUBARAKUSDT:1791034799999:LONG,MUBARAKUSDT,LONG,True,OBSERVATION_MISS,REDUCE25,95,LT1,0.20331606939620883,1791034919944,1791034924833,4.889,0.0757091721413472,0.3723718069416845,0.20331606939620883,4.889,0.026100817601730747,1,4.889,5,RECOVERED_NEW_HIGH,1791035044788,119.955
PAPER:MUBARAKUSDT:1791034799999:LONG,MUBARAKUSDT,LONG,True,OBSERVATION_MISS,REDUCE25,90,LT1,0.20331606939620883,1791034919944,1791034924833,4.889,0.0757091721413472,0.3723718069416845,0.20331606939620883,4.889,0.026100817601730747,1,4.889,5,RECOVERED_NEW_HIGH,1791035044788,119.955
PAPER:MUBARAKUSDT:1791034799999:LONG,MUBARAKUSDT,LONG,True,OBSERVATION_MISS,REDUCE25,85,LT1,0.20331606939620883,1791034919944,1791034924833,4.889,0.0757091721413472,0.3723718069416845,0.20331606939620883,4.889,0.026100817601730747,1,4.889,5,RECOVERED_NEW_HIGH,1791035044788,119.955
PAPER:MUBARAKUSDT:1791034799999:LONG,MUBARAKUSDT,LONG,True,OBSERVATION_MISS,REDUCE25,80,LT1,0.20331606939620883,1791034919944,1791034924833,4.889,0.0757091721413472,0.3723718069416845,0.20331606939620883,4.889,0.026100817601730747,1,4.889,5,RECOVERED_NEW_HIGH,1791035044788,119.955
PAPER:MUBARAKUSDT:1791034799999:LONG,MUBARAKUSDT,LONG,True,OBSERVATION_MISS,REDUCE25,75,LT1,0.20331606939620883,1791034919944,1791034924833,4.889,0.0757091721413472,0.3723718069416845,0.20331606939620883,4.889,0.026100817601730747,1,4.889,5,RECOVERED_NEW_HIGH,1791035044788,119.955
PAPER:MUBARAKUSDT:1791034799999:LONG,MUBARAKUSDT,LONG,True,OBSERVATION_MISS,REDUCE25,95,LT1,0.44257900174911047,1791035054869,1791035059791,4.922,0.3628246909648247,0.8197964420609885,0.44257900174911047,4.922,0.016203638924072682,1,4.922,3,RECOVERED_NEW_HIGH,1791035099867,40.076
PAPER:MUBARAKUSDT:1791034799999:LONG,MUBARAKUSDT,LONG,True,OBSERVATION_MISS,REDUCE25,90,LT1,0.44257900174911047,1791035054869,1791035059791,4.922,0.3628246909648247,0.8197964420609885,0.44257900174911047,4.922,0.016203638924072682,1,4.922,3,RECOVERED_NEW_HIGH,1791035099867,40.076
PAPER:MUBARAKUSDT:1791034799999:LONG,MUBARAKUSDT,LONG,True,OBSERVATION_MISS,REDUCE25,85,LT1,0.44257900174911047,1791035054869,1791035059791,4.922,0.3628246909648247,0.8197964420609885,0.44257900174911047,4.922,0.016203638924072682,1,4.922,3,RECOVERED_NEW_HIGH,1791035099867,40.076
PAPER:MUBARAKUSDT:1791034799999:LONG,MUBARAKUSDT,LONG,True,OBSERVATION_MISS,REDUCE25,80,LT1,0.44257900174911047,1791035054869,1791035069912,15.043,0.31497210449424884,0.7116743072975714,0.4106772774354006,5.099,0.018769400459139395,1,5.099,4,RECOVERED_NEW_HIGH,1791035099867,29.955
PAPER:MUBARAKUSDT:1791034799999:LONG,MUBARAKUSDT,LONG,True,OBSERVATION_MISS,REDUCE25,75,LT1,0.44257900174911047,1791035054869,1791035069912,15.043,0.31497210449424884,0.7116743072975714,0.4106772774354006,5.099,0.018769400459139395,1,5.099,4,RECOVERED_NEW_HIGH,1791035099867,29.955
PAPER:MUBARAKUSDT:1791034799999:LONG,MUBARAKUSDT,LONG,True,OBSERVATION_MISS,REDUCE25,95,LT1,0.6180384854745702,1791035109830,1791035114893,5.063,0.5382841746902844,0.8709557533087197,0.6180384854745702,5.063,0.01575238214186959,1,5.063,2,FINAL_REVERSAL,,
PAPER:MUBARAKUSDT:1791034799999:LONG,MUBARAKUSDT,LONG,True,OBSERVATION_MISS,REDUCE25,90,LT1,0.6180384854745702,1791035109830,1791035114893,5.063,0.5382841746902844,0.8709557533087197,0.6180384854745702,5.063,0.01575238214186959,1,5.063,2,FINAL_REVERSAL,,
PAPER:MUBARAKUSDT:1791034799999:LONG,MUBARAKUSDT,LONG,True,OBSERVATION_MISS,REDUCE25,85,LT1,0.6180384854745702,1791035109830,1791035119789,9.959,0.42662813959226664,0.6902938079408983,0.5382841746902844,4.896,0.02280556272426834,2,9.959,3,FINAL_REVERSAL,,
PAPER:MUBARAKUSDT:1791034799999:LONG,MUBARAKUSDT,LONG,True,OBSERVATION_MISS,REDUCE25,80,LT1,0.6180384854745702,1791035109830,1791035119789,9.959,0.42662813959226664,0.6902938079408983,0.5382841746902844,4.896,0.02280556272426834,2,9.959,3,FINAL_REVERSAL,,
PAPER:MUBARAKUSDT:1791034799999:LONG,MUBARAKUSDT,LONG,True,OBSERVATION_MISS,REDUCE25,75,LT1,0.6180384854745702,1791035109830,1791035119789,9.959,0.42662813959226664,0.6902938079408983,0.5382841746902844,4.896,0.02280556272426834,2,9.959,3,FINAL_REVERSAL,,
PAPER:PARTIUSDT:1791035399999:LONG,PARTIUSDT,LONG,True,RUNNER_TRIGGER_DELAY,REDUCE25+RUNNER_CLOSE,95,LT1,0.048742400024637256,1791035499790,1791035509752,9.962,-0.22621120327326327,-4.640953321111043,0.048742400024637256,4.873,0.05642388739952812,2,9.962,5,RECOVERED_NEW_HIGH,1791035544784,35.032
PAPER:PARTIUSDT:1791035399999:LONG,PARTIUSDT,LONG,True,RUNNER_TRIGGER_DELAY,REDUCE25+RUNNER_CLOSE,90,LT1,0.048742400024637256,1791035499790,1791035509752,9.962,-0.22621120327326327,-4.640953321111043,0.048742400024637256,4.873,0.05642388739952812,2,9.962,5,RECOVERED_NEW_HIGH,1791035544784,35.032
PAPER:PARTIUSDT:1791035399999:LONG,PARTIUSDT,LONG,True,RUNNER_TRIGGER_DELAY,REDUCE25+RUNNER_CLOSE,85,LT1,0.048742400024637256,1791035499790,1791035509752,9.962,-0.22621120327326327,-4.640953321111043,0.048742400024637256,4.873,0.05642388739952812,2,9.962,5,RECOVERED_NEW_HIGH,1791035544784,35.032
PAPER:PARTIUSDT:1791035399999:LONG,PARTIUSDT,LONG,True,RUNNER_TRIGGER_DELAY,REDUCE25+RUNNER_CLOSE,80,LT1,0.048742400024637256,1791035499790,1791035509752,9.962,-0.22621120327326327,-4.640953321111043,0.048742400024637256,4.873,0.05642388739952812,2,9.962,5,RECOVERED_NEW_HIGH,1791035544784,35.032
PAPER:PARTIUSDT:1791035399999:LONG,PARTIUSDT,LONG,True,RUNNER_TRIGGER_DELAY,REDUCE25+RUNNER_CLOSE,75,LT1,0.048742400024637256,1791035499790,1791035509752,9.962,-0.22621120327326327,-4.640953321111043,0.048742400024637256,4.873,0.05642388739952812,2,9.962,5,RECOVERED_NEW_HIGH,1791035544784,35.032
PAPER:PARTIUSDT:1791035399999:LONG,PARTIUSDT,LONG,True,RUNNER_TRIGGER_DELAY,REDUCE25+RUNNER_CLOSE,95,LT1,0.9423416107428251,1791035564919,1791035569772,4.853,0.6330188070326814,0.6717508808018018,0.9423416107428251,4.853,0.06373847181334096,1,4.853,5,RECOVERED_NEW_HIGH,1791035644782,75.01
PAPER:PARTIUSDT:1791035399999:LONG,PARTIUSDT,LONG,True,RUNNER_TRIGGER_DELAY,REDUCE25+RUNNER_CLOSE,90,LT1,0.9423416107428251,1791035564919,1791035569772,4.853,0.6330188070326814,0.6717508808018018,0.9423416107428251,4.853,0.06373847181334096,1,4.853,5,RECOVERED_NEW_HIGH,1791035644782,75.01
PAPER:PARTIUSDT:1791035399999:LONG,PARTIUSDT,LONG,True,RUNNER_TRIGGER_DELAY,REDUCE25+RUNNER_CLOSE,85,LT1,0.9423416107428251,1791035564919,1791035569772,4.853,0.6330188070326814,0.6717508808018018,0.9423416107428251,4.853,0.06373847181334096,1,4.853,5,RECOVERED_NEW_HIGH,1791035644782,75.01
PAPER:PARTIUSDT:1791035399999:LONG,PARTIUSDT,LONG,True,RUNNER_TRIGGER_DELAY,REDUCE25+RUNNER_CLOSE,80,LT1,0.9423416107428251,1791035564919,1791035569772,4.853,0.6330188070326814,0.6717508808018018,0.9423416107428251,4.853,0.06373847181334096,1,4.853,5,RECOVERED_NEW_HIGH,1791035644782,75.01
PAPER:PARTIUSDT:1791035399999:LONG,PARTIUSDT,LONG,True,RUNNER_TRIGGER_DELAY,REDUCE25+RUNNER_CLOSE,75,LT1,0.9423416107428251,1791035564919,1791035569772,4.853,0.6330188070326814,0.6717508808018018,0.9423416107428251,4.853,0.06373847181334096,1,4.853,5,RECOVERED_NEW_HIGH,1791035644782,75.01
PAPER:PARTIUSDT:1791035399999:LONG,PARTIUSDT,LONG,True,RUNNER_TRIGGER_DELAY,REDUCE25+RUNNER_CLOSE,95,1_5_TO_3,1.870310021873256,1791035654878,1791035659768,4.89,1.6297256189875764,0.871366564862484,1.870310021873256,4.89,0.04919926439379951,1,4.89,2,FINAL_REVERSAL,,
PAPER:PARTIUSDT:1791035399999:LONG,PARTIUSDT,LONG,True,RUNNER_TRIGGER_DELAY,REDUCE25+RUNNER_CLOSE,90,1_5_TO_3,1.870310021873256,1791035654878,1791035659768,4.89,1.6297256189875764,0.871366564862484,1.870310021873256,4.89,0.04919926439379951,1,4.89,2,FINAL_REVERSAL,,
PAPER:PARTIUSDT:1791035399999:LONG,PARTIUSDT,LONG,True,RUNNER_TRIGGER_DELAY,REDUCE25+RUNNER_CLOSE,85,1_5_TO_3,1.870310021873256,1791035654878,1791035664752,9.874,0.49554200538373117,0.2649517992142333,1.6297256189875764,4.984,0.22756493049836382,2,9.874,3,FINAL_REVERSAL,,
PAPER:PARTIUSDT:1791035399999:LONG,PARTIUSDT,LONG,True,RUNNER_TRIGGER_DELAY,REDUCE25+RUNNER_CLOSE,80,1_5_TO_3,1.870310021873256,1791035654878,1791035664752,9.874,0.49554200538373117,0.2649517992142333,1.6297256189875764,4.984,0.22756493049836382,2,9.874,3,FINAL_REVERSAL,,
PAPER:PARTIUSDT:1791035399999:LONG,PARTIUSDT,LONG,True,RUNNER_TRIGGER_DELAY,REDUCE25+RUNNER_CLOSE,75,1_5_TO_3,1.870310021873256,1791035654878,1791035664752,9.874,0.49554200538373117,0.2649517992142333,1.6297256189875764,4.984,0.22756493049836382,2,9.874,3,FINAL_REVERSAL,,
PAPER:ONEUSDT:1791036299999:LONG,ONEUSDT,LONG,True,PARTIAL_REDUCE_DRAG,REDUCE25,95,LT1,0.2929304592915516,1791036334758,1791036339774,5.016,0.23275229388937113,0.7945650119563512,0.2929304592915516,5.016,0.011997241906335818,1,5.016,4,RECOVERED_NEW_HIGH,1791036344867,5.093
PAPER:ONEUSDT:1791036299999:LONG,ONEUSDT,LONG,True,PARTIAL_REDUCE_DRAG,REDUCE25,90,LT1,0.2929304592915516,1791036334758,1791036339774,5.016,0.23275229388937113,0.7945650119563512,0.2929304592915516,5.016,0.011997241906335818,1,5.016,4,RECOVERED_NEW_HIGH,1791036344867,5.093
PAPER:ONEUSDT:1791036299999:LONG,ONEUSDT,LONG,True,PARTIAL_REDUCE_DRAG,REDUCE25,85,LT1,0.2929304592915516,1791036334758,1791036339774,5.016,0.23275229388937113,0.7945650119563512,0.2929304592915516,5.016,0.011997241906335818,1,5.016,4,RECOVERED_NEW_HIGH,1791036344867,5.093
PAPER:ONEUSDT:1791036299999:LONG,ONEUSDT,LONG,True,PARTIAL_REDUCE_DRAG,REDUCE25,80,LT1,0.2929304592915516,1791036334758,1791036339774,5.016,0.23275229388937113,0.7945650119563512,0.2929304592915516,5.016,0.011997241906335818,1,5.016,4,RECOVERED_NEW_HIGH,1791036344867,5.093
PAPER:ONEUSDT:1791036299999:LONG,ONEUSDT,LONG,True,PARTIAL_REDUCE_DRAG,REDUCE25,95,LT1,0.4373580562568202,1791036349703,1791036354706,5.003,0.39322740162854863,0.8990971950854891,0.4373580562568202,5.003,0.008820838422600757,1,5.003,2,RECOVERED_NEW_HIGH,1791036364722,10.016
PAPER:ONEUSDT:1791036299999:LONG,ONEUSDT,LONG,True,PARTIAL_REDUCE_DRAG,REDUCE25,90,LT1,0.4373580562568202,1791036349703,1791036354706,5.003,0.39322740162854863,0.8990971950854891,0.4373580562568202,5.003,0.008820838422600757,1,5.003,2,RECOVERED_NEW_HIGH,1791036364722,10.016
PAPER:ONEUSDT:1791036299999:LONG,ONEUSDT,LONG,True,PARTIAL_REDUCE_DRAG,REDUCE25,85,LT1,0.4373580562568202,1791036349703,1791036359783,10.08,0.33304923622634597,0.7615024611111239,0.39322740162854863,5.077,0.011853095411109448,2,10.08,2,RECOVERED_NEW_HIGH,1791036364722,4.939
PAPER:ONEUSDT:1791036299999:LONG,ONEUSDT,LONG,True,PARTIAL_REDUCE_DRAG,REDUCE25,80,LT1,0.4373580562568202,1791036349703,1791036359783,10.08,0.33304923622634597,0.7615024611111239,0.39322740162854863,5.077,0.011853095411109448,2,10.08,2,RECOVERED_NEW_HIGH,1791036364722,4.939
PAPER:ONEUSDT:1791036299999:LONG,ONEUSDT,LONG,True,PARTIAL_REDUCE_DRAG,REDUCE25,95,LT1,0.6860944732525409,1791036369702,1791036374807,5.105,0.4493936893372519,0.6550026371832278,0.6860944732525409,5.105,0.04636646109995867,1,5.105,5,FINAL_REVERSAL,,
PAPER:ONEUSDT:1791036299999:LONG,ONEUSDT,LONG,True,PARTIAL_REDUCE_DRAG,REDUCE25,90,LT1,0.6860944732525409,1791036369702,1791036374807,5.105,0.4493936893372519,0.6550026371832278,0.6860944732525409,5.105,0.04636646109995867,1,5.105,5,FINAL_REVERSAL,,
PAPER:ONEUSDT:1791036299999:LONG,ONEUSDT,LONG,True,PARTIAL_REDUCE_DRAG,REDUCE25,85,LT1,0.6860944732525409,1791036369702,1791036374807,5.105,0.4493936893372519,0.6550026371832278,0.6860944732525409,5.105,0.04636646109995867,1,5.105,5,FINAL_REVERSAL,,
PAPER:ONEUSDT:1791036299999:LONG,ONEUSDT,LONG,True,PARTIAL_REDUCE_DRAG,REDUCE25,80,LT1,0.6860944732525409,1791036369702,1791036374807,5.105,0.4493936893372519,0.6550026371832278,0.6860944732525409,5.105,0.04636646109995867,1,5.105,5,FINAL_REVERSAL,,
PAPER:ONEUSDT:1791036299999:LONG,ONEUSDT,LONG,True,PARTIAL_REDUCE_DRAG,REDUCE25,75,LT1,0.6860944732525409,1791036369702,1791036374807,5.105,0.4493936893372519,0.6550026371832278,0.6860944732525409,5.105,0.04636646109995867,1,5.105,5,FINAL_REVERSAL,,
PAPER:MOVRUSDT:1791036299999:SHORT,MOVRUSDT,SHORT,True,PARTIAL_REDUCE_DRAG,REDUCE25,95,LT1,0.9984862036116704,1791036424794,1791036429817,5.023,0.8918380146680227,0.8931901226497816,0.9984862036116704,5.023,0.02123197072340189,1,5.023,2,RECOVERED_NEW_HIGH,1791036519748,89.931
PAPER:MOVRUSDT:1791036299999:SHORT,MOVRUSDT,SHORT,True,PARTIAL_REDUCE_DRAG,REDUCE25,90,LT1,0.9984862036116704,1791036424794,1791036429817,5.023,0.8918380146680227,0.8931901226497816,0.9984862036116704,5.023,0.02123197072340189,1,5.023,2,RECOVERED_NEW_HIGH,1791036519748,89.931
PAPER:MOVRUSDT:1791036299999:SHORT,MOVRUSDT,SHORT,True,PARTIAL_REDUCE_DRAG,REDUCE25,85,LT1,0.9984862036116704,1791036424794,1791036444791,19.997,0.7478629595941033,0.7489967882269918,0.9185000619039263,5.01,0.034059301858248105,2,9.902,4,RECOVERED_NEW_HIGH,1791036519748,74.957
PAPER:MOVRUSDT:1791036299999:SHORT,MOVRUSDT,SHORT,True,PARTIAL_REDUCE_DRAG,REDUCE25,80,LT1,0.9984862036116704,1791036424794,1791036444791,19.997,0.7478629595941033,0.7489967882269918,0.9185000619039263,5.01,0.034059301858248105,2,9.902,4,RECOVERED_NEW_HIGH,1791036519748,74.957
PAPER:MOVRUSDT:1791036299999:SHORT,MOVRUSDT,SHORT,True,PARTIAL_REDUCE_DRAG,REDUCE25,75,LT1,0.9984862036116704,1791036424794,1791036444791,19.997,0.7478629595941033,0.7489967882269918,0.9185000619039263,5.01,0.034059301858248105,2,9.902,4,RECOVERED_NEW_HIGH,1791036519748,74.957
PAPER:MOVRUSDT:1791036299999:SHORT,MOVRUSDT,SHORT,True,PARTIAL_REDUCE_DRAG,REDUCE25,95,1_TO_1_5,1.2971011326538884,1791036519748,1791036529758,10.01,1.1104668020024966,0.8561142797944096,1.2917687232066988,4.888,0.037091227742267224,2,10.01,2,FINAL_REVERSAL,,
PAPER:MOVRUSDT:1791036299999:SHORT,MOVRUSDT,SHORT,True,PARTIAL_REDUCE_DRAG,REDUCE25,90,1_TO_1_5,1.2971011326538884,1791036519748,1791036529758,10.01,1.1104668020024966,0.8561142797944096,1.2917687232066988,4.888,0.037091227742267224,2,10.01,2,FINAL_REVERSAL,,
PAPER:MOVRUSDT:1791036299999:SHORT,MOVRUSDT,SHORT,True,PARTIAL_REDUCE_DRAG,REDUCE25,85,1_TO_1_5,1.2971011326538884,1791036519748,1791036534801,15.053,1.0571427075306783,0.8150040740213899,1.1104668020024966,5.043,0.010573883496295518,3,15.053,1,FINAL_REVERSAL,,
PAPER:MOVRUSDT:1791036299999:SHORT,MOVRUSDT,SHORT,True,PARTIAL_REDUCE_DRAG,REDUCE25,80,1_TO_1_5,1.2971011326538884,1791036519748,1791036544777,25.029,1.025148250847574,0.7903379505575677,1.0678075264250464,4.914,0.008681171261186895,1,4.914,1,FINAL_REVERSAL,,
PAPER:MOVRUSDT:1791036299999:SHORT,MOVRUSDT,SHORT,True,PARTIAL_REDUCE_DRAG,REDUCE25,75,1_TO_1_5,1.2971011326538884,1791036519748,1791036554899,35.151,0.6625444084391807,0.5107885513010114,1.0304806602947636,5.153,0.07140233880372267,1,5.153,1,FINAL_REVERSAL,,
PAPER:AVAAIUSDT:1791036599999:SHORT,AVAAIUSDT,SHORT,True,PARTIAL_REDUCE_DRAG,REDUCE25,95,LT1,0.15531590104174153,1791036649810,1791036659932,10.122,0.12244341944639414,0.788350829664808,0.15531590104174153,5.108,0.0064354897406709854,2,10.122,4,RECOVERED_NEW_HIGH,1791036684799,24.867
PAPER:AVAAIUSDT:1791036599999:SHORT,AVAAIUSDT,SHORT,True,PARTIAL_REDUCE_DRAG,REDUCE25,90,LT1,0.15531590104174153,1791036649810,1791036659932,10.122,0.12244341944639414,0.788350829664808,0.15531590104174153,5.108,0.0064354897406709854,2,10.122,4,RECOVERED_NEW_HIGH,1791036684799,24.867
PAPER:AVAAIUSDT:1791036599999:SHORT,AVAAIUSDT,SHORT,True,PARTIAL_REDUCE_DRAG,REDUCE25,85,LT1,0.15531590104174153,1791036649810,1791036659932,10.122,0.12244341944639414,0.788350829664808,0.15531590104174153,5.108,0.0064354897406709854,2,10.122,4,RECOVERED_NEW_HIGH,1791036684799,24.867
PAPER:AVAAIUSDT:1791036599999:SHORT,AVAAIUSDT,SHORT,True,PARTIAL_REDUCE_DRAG,REDUCE25,80,LT1,0.15531590104174153,1791036649810,1791036659932,10.122,0.12244341944639414,0.788350829664808,0.15531590104174153,5.108,0.0064354897406709854,2,10.122,4,RECOVERED_NEW_HIGH,1791036684799,24.867
PAPER:AVAAIUSDT:1791036599999:SHORT,AVAAIUSDT,SHORT,True,PARTIAL_REDUCE_DRAG,REDUCE25,75,LT1,0.15531590104174153,1791036649810,1791036679816,30.006,0.10052843171615145,0.6472513827746084,0.13340091331149884,4.912,0.006692280455078866,3,14.964,3,RECOVERED_NEW_HIGH,1791036684799,4.983
PAPER:AVAAIUSDT:1791036599999:SHORT,AVAAIUSDT,SHORT,True,PARTIAL_REDUCE_DRAG,REDUCE25,95,LT1,0.19914587650221582,1791036684799,1791036694778,9.979,0.11148592558125614,0.5598204067258992,0.19914587650221582,4.85,0.018074216684733958,2,9.979,5,RECOVERED_NEW_HIGH,1791036854875,160.097
PAPER:AVAAIUSDT:1791036599999:SHORT,AVAAIUSDT,SHORT,True,PARTIAL_REDUCE_DRAG,REDUCE25,90,LT1,0.19914587650221582,1791036684799,1791036694778,9.979,0.11148592558125614,0.5598204067258992,0.19914587650221582,4.85,0.018074216684733958,2,9.979,5,RECOVERED_NEW_HIGH,1791036854875,160.097
PAPER:AVAAIUSDT:1791036599999:SHORT,AVAAIUSDT,SHORT,True,PARTIAL_REDUCE_DRAG,REDUCE25,85,LT1,0.19914587650221582,1791036684799,1791036694778,9.979,0.11148592558125614,0.5598204067258992,0.19914587650221582,4.85,0.018074216684733958,2,9.979,5,RECOVERED_NEW_HIGH,1791036854875,160.097
PAPER:AVAAIUSDT:1791036599999:SHORT,AVAAIUSDT,SHORT,True,PARTIAL_REDUCE_DRAG,REDUCE25,80,LT1,0.19914587650221582,1791036684799,1791036694778,9.979,0.11148592558125614,0.5598204067258992,0.19914587650221582,4.85,0.018074216684733958,2,9.979,5,RECOVERED_NEW_HIGH,1791036854875,160.097
PAPER:AVAAIUSDT:1791036599999:SHORT,AVAAIUSDT,SHORT,True,PARTIAL_REDUCE_DRAG,REDUCE25,75,LT1,0.19914587650221582,1791036684799,1791036694778,9.979,0.11148592558125614,0.5598204067258992,0.19914587650221582,4.85,0.018074216684733958,2,9.979,5,RECOVERED_NEW_HIGH,1791036854875,160.097
PAPER:AVAAIUSDT:1791036599999:SHORT,AVAAIUSDT,SHORT,True,PARTIAL_REDUCE_DRAG,REDUCE25,95,LT1,0.21010337036733162,1791036854875,1791036864807,9.932,0.18818838263708892,0.8956942590119906,0.21010337036733162,5.034,0.004353394463695411,2,9.932,2,RECOVERED_NEW_HIGH,1791038829754,1964.947
PAPER:AVAAIUSDT:1791036599999:SHORT,AVAAIUSDT,SHORT,True,PARTIAL_REDUCE_DRAG,REDUCE25,90,LT1,0.21010337036733162,1791036854875,1791036864807,9.932,0.18818838263708892,0.8956942590119906,0.21010337036733162,5.034,0.004353394463695411,2,9.932,2,RECOVERED_NEW_HIGH,1791038829754,1964.947
PAPER:AVAAIUSDT:1791036599999:SHORT,AVAAIUSDT,SHORT,True,PARTIAL_REDUCE_DRAG,REDUCE25,85,LT1,0.21010337036733162,1791036854875,1791036869872,14.997,0.16627339490686843,0.7913885180240869,0.18818838263708892,5.065,0.0043267497986614984,3,14.997,2,RECOVERED_NEW_HIGH,1791038829754,1959.882
PAPER:AVAAIUSDT:1791036599999:SHORT,AVAAIUSDT,SHORT,True,PARTIAL_REDUCE_DRAG,REDUCE25,80,LT1,0.21010337036733162,1791036854875,1791036869872,14.997,0.16627339490686843,0.7913885180240869,0.18818838263708892,5.065,0.0043267497986614984,3,14.997,2,RECOVERED_NEW_HIGH,1791038829754,1959.882
PAPER:AVAAIUSDT:1791036599999:SHORT,AVAAIUSDT,SHORT,True,PARTIAL_REDUCE_DRAG,REDUCE25,75,LT1,0.21010337036733162,1791036854875,1791036874912,20.037,0.13340091331149884,0.6349299065420464,0.16627339490686843,5.04,0.006522317776859046,4,20.037,1,RECOVERED_NEW_HIGH,1791038829754,1954.842
PAPER:AVAAIUSDT:1791036599999:SHORT,AVAAIUSDT,SHORT,True,PARTIAL_REDUCE_DRAG,REDUCE25,95,LT1,0.5388281863208833,1791038834754,1791038839675,4.921,0.4182957538045762,0.7763063707945532,0.5388281863208833,4.921,0.02449348354324468,1,4.921,4,FINAL_REVERSAL,,
PAPER:AVAAIUSDT:1791036599999:SHORT,AVAAIUSDT,SHORT,True,PARTIAL_REDUCE_DRAG,REDUCE25,90,LT1,0.5388281863208833,1791038834754,1791038839675,4.921,0.4182957538045762,0.7763063707945532,0.5388281863208833,4.921,0.02449348354324468,1,4.921,4,FINAL_REVERSAL,,
PAPER:AVAAIUSDT:1791036599999:SHORT,AVAAIUSDT,SHORT,True,PARTIAL_REDUCE_DRAG,REDUCE25,85,LT1,0.5388281863208833,1791038834754,1791038839675,4.921,0.4182957538045762,0.7763063707945532,0.5388281863208833,4.921,0.02449348354324468,1,4.921,4,FINAL_REVERSAL,,
PAPER:AVAAIUSDT:1791036599999:SHORT,AVAAIUSDT,SHORT,True,PARTIAL_REDUCE_DRAG,REDUCE25,80,LT1,0.5388281863208833,1791038834754,1791038839675,4.921,0.4182957538045762,0.7763063707945532,0.5388281863208833,4.921,0.02449348354324468,1,4.921,4,FINAL_REVERSAL,,
PAPER:AVAAIUSDT:1791036599999:SHORT,AVAAIUSDT,SHORT,True,PARTIAL_REDUCE_DRAG,REDUCE25,75,LT1,0.5388281863208833,1791038834754,1791038854674,19.92,0.374465778344113,0.6949632329016859,0.4073382599394715,4.904,0.006703197715203608,4,19.92,1,FINAL_REVERSAL,,
PAPER:UAIUSDT:1791036599999:LONG,UAIUSDT,LONG,False,CONTROL_GE75,RUNNER_CLOSE,95,1_TO_1_5,1.0356511803906177,1791036704903,1791036709797,4.894,0.9675449106363754,0.934238215488197,1.0356511803906177,4.894,0.013916279067070346,1,4.894,1,RECOVERED_NEW_HIGH,1791036724793,14.996
PAPER:UAIUSDT:1791036599999:LONG,UAIUSDT,LONG,False,CONTROL_GE75,RUNNER_CLOSE,90,1_TO_1_5,1.0356511803906177,1791036704903,1791036714794,9.891,0.8313323711279352,0.8027146464646338,0.9675449106363754,4.997,0.027258863219619803,2,9.891,2,RECOVERED_NEW_HIGH,1791036724793,9.999
PAPER:UAIUSDT:1791036599999:LONG,UAIUSDT,LONG,False,CONTROL_GE75,RUNNER_CLOSE,85,1_TO_1_5,1.0356511803906177,1791036704903,1791036714794,9.891,0.8313323711279352,0.8027146464646338,0.9675449106363754,4.997,0.027258863219619803,2,9.891,2,RECOVERED_NEW_HIGH,1791036724793,9.999
PAPER:UAIUSDT:1791036599999:LONG,UAIUSDT,LONG,False,CONTROL_GE75,RUNNER_CLOSE,95,1_5_TO_3,1.6826607430557194,1791036739799,1791036744828,5.029,1.5123950686701582,0.8988116439465046,1.6826607430557194,5.029,0.03385676563642102,1,5.029,2,RECOVERED_NEW_HIGH,1791036749900,5.072
PAPER:UAIUSDT:1791036599999:LONG,UAIUSDT,LONG,False,CONTROL_GE75,RUNNER_CLOSE,90,1_5_TO_3,1.6826607430557194,1791036739799,1791036744828,5.029,1.5123950686701582,0.8988116439465046,1.6826607430557194,5.029,0.03385676563642102,1,5.029,2,RECOVERED_NEW_HIGH,1791036749900,5.072
PAPER:UAIUSDT:1791036599999:LONG,UAIUSDT,LONG,False,CONTROL_GE75,RUNNER_CLOSE,95,1_5_TO_3,1.921032687195523,1791036754779,1791036759760,4.981,1.7507670128099617,0.9113676328776431,1.921032687195523,4.981,0.034183030392604154,1,4.981,1,RECOVERED_NEW_HIGH,1791036769795,10.035
PAPER:UAIUSDT:1791036599999:LONG,UAIUSDT,LONG,False,CONTROL_GE75,RUNNER_CLOSE,95,1_5_TO_3,2.057245226703963,1791036774773,1791036799796,25.023,1.8529264174412807,0.9006832989035372,1.955085822072622,4.928,0.02073039866707411,5,25.023,1,RECOVERED_NEW_HIGH,1791036814798,15.002
PAPER:UAIUSDT:1791036599999:LONG,UAIUSDT,LONG,False,CONTROL_GE75,RUNNER_CLOSE,95,GE3,6.381993356097171,1791036989890,1791036999801,9.911,5.803090063186245,0.9092911476697388,6.143621411957367,4.974,0.068462273576824,2,9.911,1,FINAL_REVERSAL,,
PAPER:UAIUSDT:1791036599999:LONG,UAIUSDT,LONG,False,CONTROL_GE75,RUNNER_CLOSE,90,GE3,6.381993356097171,1791036989890,1791037004880,14.99,5.564718119046486,0.8719404437690483,5.803090063186245,5.079,0.04693284980109454,3,14.99,1,FINAL_REVERSAL,,
PAPER:UAIUSDT:1791036599999:LONG,UAIUSDT,LONG,False,CONTROL_GE75,RUNNER_CLOSE,85,GE3,6.381993356097171,1791036989890,1791037009783,19.893,5.292293040029583,0.8292539250253966,5.564718119046486,4.903,0.055562936776851424,4,19.893,1,FINAL_REVERSAL,,
PAPER:UAIUSDT:1791036599999:LONG,UAIUSDT,LONG,False,CONTROL_GE75,RUNNER_CLOSE,80,GE3,6.381993356097171,1791036989890,1791037019869,29.979,4.917708556381339,0.7705599617528751,5.326346174906704,5.079,0.08045631394474599,1,5.079,1,FINAL_REVERSAL,,
PAPER:UAIUSDT:1791036599999:LONG,UAIUSDT,LONG,False,CONTROL_GE75,RUNNER_CLOSE,75,GE3,6.381993356097171,1791036989890,1791037024803,34.913,3.6236894310511136,0.5677989977205392,4.917708556381339,4.934,0.26226573273818926,2,10.013,1,FINAL_REVERSAL,,
PAPER:AIAUSDT:1791037199999:LONG,AIAUSDT,LONG,True,PARTIAL_REDUCE_DRAG,REDUCE25,95,LT1,0.17882787078948859,1791037224790,1791037229938,5.148,0.008407409427202417,0.04701397712831573,0.17882787078948859,5.148,0.03310420772383182,1,5.148,5,RECOVERED_NEW_HIGH,1791038899755,1669.817
PAPER:AIAUSDT:1791037199999:LONG,AIAUSDT,LONG,True,PARTIAL_REDUCE_DRAG,REDUCE25,90,LT1,0.17882787078948859,1791037224790,1791037229938,5.148,0.008407409427202417,0.04701397712831573,0.17882787078948859,5.148,0.03310420772383182,1,5.148,5,RECOVERED_NEW_HIGH,1791038899755,1669.817
PAPER:AIAUSDT:1791037199999:LONG,AIAUSDT,LONG,True,PARTIAL_REDUCE_DRAG,REDUCE25,85,LT1,0.17882787078948859,1791037224790,1791037229938,5.148,0.008407409427202417,0.04701397712831573,0.17882787078948859,5.148,0.03310420772383182,1,5.148,5,RECOVERED_NEW_HIGH,1791038899755,1669.817
PAPER:AIAUSDT:1791037199999:LONG,AIAUSDT,LONG,True,PARTIAL_REDUCE_DRAG,REDUCE25,80,LT1,0.17882787078948859,1791037224790,1791037229938,5.148,0.008407409427202417,0.04701397712831573,0.17882787078948859,5.148,0.03310420772383182,1,5.148,5,RECOVERED_NEW_HIGH,1791038899755,1669.817
PAPER:AIAUSDT:1791037199999:LONG,AIAUSDT,LONG,True,PARTIAL_REDUCE_DRAG,REDUCE25,75,LT1,0.17882787078948859,1791037224790,1791037229938,5.148,0.008407409427202417,0.04701397712831573,0.17882787078948859,5.148,0.03310420772383182,1,5.148,5,RECOVERED_NEW_HIGH,1791038899755,1669.817
PAPER:AIAUSDT:1791037199999:LONG,AIAUSDT,LONG,True,PARTIAL_REDUCE_DRAG,REDUCE25,95,LT1,0.29244151169764976,1791038949678,1791038959675,9.997,0.24983639635709487,0.8543123543123947,0.29244151169764976,4.906,0.00868428767642782,2,9.997,2,RECOVERED_NEW_HIGH,1791038979670,19.995
PAPER:AIAUSDT:1791037199999:LONG,AIAUSDT,LONG,True,PARTIAL_REDUCE_DRAG,REDUCE25,90,LT1,0.29244151169764976,1791038949678,1791038959675,9.997,0.24983639635709487,0.8543123543123947,0.29244151169764976,4.906,0.00868428767642782,2,9.997,2,RECOVERED_NEW_HIGH,1791038979670,19.995
PAPER:AIAUSDT:1791037199999:LONG,AIAUSDT,LONG,True,PARTIAL_REDUCE_DRAG,REDUCE25,95,LT1,0.34924833215175255,1791038979670,1791039024704,45.034,0.27823980658414627,0.7966818477553896,0.34924833215175255,5.032,0.014111392203419372,9,45.034,4,RECOVERED_NEW_HIGH,1791039089766,65.062
PAPER:AIAUSDT:1791037199999:LONG,AIAUSDT,LONG,True,PARTIAL_REDUCE_DRAG,REDUCE25,90,LT1,0.34924833215175255,1791038979670,1791039024704,45.034,0.27823980658414627,0.7966818477553896,0.34924833215175255,5.032,0.014111392203419372,9,45.034,4,RECOVERED_NEW_HIGH,1791039089766,65.062
PAPER:AIAUSDT:1791037199999:LONG,AIAUSDT,LONG,True,PARTIAL_REDUCE_DRAG,REDUCE25,85,LT1,0.34924833215175255,1791038979670,1791039024704,45.034,0.27823980658414627,0.7966818477553896,0.34924833215175255,5.032,0.014111392203419372,9,45.034,4,RECOVERED_NEW_HIGH,1791039089766,65.062
PAPER:AIAUSDT:1791037199999:LONG,AIAUSDT,LONG,True,PARTIAL_REDUCE_DRAG,REDUCE25,80,LT1,0.34924833215175255,1791038979670,1791039024704,45.034,0.27823980658414627,0.7966818477553896,0.34924833215175255,5.032,0.014111392203419372,9,45.034,4,RECOVERED_NEW_HIGH,1791039089766,65.062
PAPER:AIAUSDT:1791037199999:LONG,AIAUSDT,LONG,True,PARTIAL_REDUCE_DRAG,REDUCE25,75,LT1,0.34924833215175255,1791038979670,1791039059736,80.066,0.20723128101651778,0.5933636955107157,0.27823980658414627,5.058,0.014038854402457194,16,80.066,1,RECOVERED_NEW_HIGH,1791039089766,30.03
PAPER:AIAUSDT:1791037199999:LONG,AIAUSDT,LONG,True,PARTIAL_REDUCE_DRAG,REDUCE25,95,LT1,0.44866026794641023,1791039094676,1791039099677,5.001,0.42025685771935883,0.9366928336287536,0.44866026794641023,5.001,0.005679546136183042,1,5.001,1,RECOVERED_NEW_HIGH,1791039114669,14.992
PAPER:AIAUSDT:1791037199999:LONG,AIAUSDT,LONG,True,PARTIAL_REDUCE_DRAG,REDUCE25,95,LT1,0.5622739088545936,1791039114669,1791039124669,10.0,0.4912653832869873,0.87371186098203,0.5622739088545936,4.791,0.01482123263778048,2,10.0,2,RECOVERED_NEW_HIGH,1791039129675,5.006
PAPER:AIAUSDT:1791037199999:LONG,AIAUSDT,LONG,True,PARTIAL_REDUCE_DRAG,REDUCE25,90,LT1,0.5622739088545936,1791039114669,1791039124669,10.0,0.4912653832869873,0.87371186098203,0.5622739088545936,4.791,0.01482123263778048,2,10.0,2,RECOVERED_NEW_HIGH,1791039129675,5.006
PAPER:AIAUSDT:1791037199999:LONG,AIAUSDT,LONG,True,PARTIAL_REDUCE_DRAG,REDUCE25,95,LT1,0.5764756139680971,1791039129675,1791039134734,5.059,0.44866026794641023,0.7782814347654949,0.5764756139680971,5.059,0.025264942878372578,1,5.059,4,FINAL_REVERSAL,,
PAPER:AIAUSDT:1791037199999:LONG,AIAUSDT,LONG,True,PARTIAL_REDUCE_DRAG,REDUCE25,90,LT1,0.5764756139680971,1791039129675,1791039134734,5.059,0.44866026794641023,0.7782814347654949,0.5764756139680971,5.059,0.025264942878372578,1,5.059,4,FINAL_REVERSAL,,
PAPER:AIAUSDT:1791037199999:LONG,AIAUSDT,LONG,True,PARTIAL_REDUCE_DRAG,REDUCE25,85,LT1,0.5764756139680971,1791039129675,1791039134734,5.059,0.44866026794641023,0.7782814347654949,0.5764756139680971,5.059,0.025264942878372578,1,5.059,4,FINAL_REVERSAL,,
PAPER:AIAUSDT:1791037199999:LONG,AIAUSDT,LONG,True,PARTIAL_REDUCE_DRAG,REDUCE25,80,LT1,0.5764756139680971,1791039129675,1791039134734,5.059,0.44866026794641023,0.7782814347654949,0.5764756139680971,5.059,0.025264942878372578,1,5.059,4,FINAL_REVERSAL,,
PAPER:AIAUSDT:1791037199999:LONG,AIAUSDT,LONG,True,PARTIAL_REDUCE_DRAG,REDUCE25,75,LT1,0.5764756139680971,1791039129675,1791039189684,60.009,0.36345003726525604,0.6304690579424402,0.43445856283288453,4.975,0.014273070465854973,12,60.009,1,FINAL_REVERSAL,,
PAPER:DYDXUSDT:1791037499999:LONG,DYDXUSDT,LONG,True,PARTIAL_REDUCE_DRAG,REDUCE25,95,LT1,0.1823926712633206,1791037574937,1791037609834,34.897,0.1149297805756122,0.6301227992307207,0.1823926712633206,4.873,0.01384422136008791,7,34.897,5,RECOVERED_NEW_HIGH,1791037819778,209.944
PAPER:DYDXUSDT:1791037499999:LONG,DYDXUSDT,LONG,True,PARTIAL_REDUCE_DRAG,REDUCE25,90,LT1,0.1823926712633206,1791037574937,1791037609834,34.897,0.1149297805756122,0.6301227992307207,0.1823926712633206,4.873,0.01384422136008791,7,34.897,5,RECOVERED_NEW_HIGH,1791037819778,209.944
PAPER:DYDXUSDT:1791037499999:LONG,DYDXUSDT,LONG,True,PARTIAL_REDUCE_DRAG,REDUCE25,85,LT1,0.1823926712633206,1791037574937,1791037609834,34.897,0.1149297805756122,0.6301227992307207,0.1823926712633206,4.873,0.01384422136008791,7,34.897,5,RECOVERED_NEW_HIGH,1791037819778,209.944
PAPER:DYDXUSDT:1791037499999:LONG,DYDXUSDT,LONG,True,PARTIAL_REDUCE_DRAG,REDUCE25,80,LT1,0.1823926712633206,1791037574937,1791037609834,34.897,0.1149297805756122,0.6301227992307207,0.1823926712633206,4.873,0.01384422136008791,7,34.897,5,RECOVERED_NEW_HIGH,1791037819778,209.944
PAPER:DYDXUSDT:1791037499999:LONG,DYDXUSDT,LONG,True,PARTIAL_REDUCE_DRAG,REDUCE25,75,LT1,0.1823926712633206,1791037574937,1791037609834,34.897,0.1149297805756122,0.6301227992307207,0.1823926712633206,4.873,0.01384422136008791,7,34.897,5,RECOVERED_NEW_HIGH,1791037819778,209.944
PAPER:DYDXUSDT:1791037499999:LONG,DYDXUSDT,LONG,True,PARTIAL_REDUCE_DRAG,REDUCE25,95,LT1,0.24985556195105119,1791037819778,1791037824813,5.035,0.1823926712633206,0.729992439788284,0.24985556195105119,5.035,0.01339878663112822,1,5.035,5,RECOVERED_NEW_HIGH,1791038039918,215.105
PAPER:DYDXUSDT:1791037499999:LONG,DYDXUSDT,LONG,True,PARTIAL_REDUCE_DRAG,REDUCE25,90,LT1,0.24985556195105119,1791037819778,1791037824813,5.035,0.1823926712633206,0.729992439788284,0.24985556195105119,5.035,0.01339878663112822,1,5.035,5,RECOVERED_NEW_HIGH,1791038039918,215.105
PAPER:DYDXUSDT:1791037499999:LONG,DYDXUSDT,LONG,True,PARTIAL_REDUCE_DRAG,REDUCE25,85,LT1,0.24985556195105119,1791037819778,1791037824813,5.035,0.1823926712633206,0.729992439788284,0.24985556195105119,5.035,0.01339878663112822,1,5.035,5,RECOVERED_NEW_HIGH,1791038039918,215.105
PAPER:DYDXUSDT:1791037499999:LONG,DYDXUSDT,LONG,True,PARTIAL_REDUCE_DRAG,REDUCE25,80,LT1,0.24985556195105119,1791037819778,1791037824813,5.035,0.1823926712633206,0.729992439788284,0.24985556195105119,5.035,0.01339878663112822,1,5.035,5,RECOVERED_NEW_HIGH,1791038039918,215.105
PAPER:DYDXUSDT:1791037499999:LONG,DYDXUSDT,LONG,True,PARTIAL_REDUCE_DRAG,REDUCE25,75,LT1,0.24985556195105119,1791037819778,1791037824813,5.035,0.1823926712633206,0.729992439788284,0.24985556195105119,5.035,0.01339878663112822,1,5.035,5,RECOVERED_NEW_HIGH,1791038039918,215.105
PAPER:DYDXUSDT:1791037499999:LONG,DYDXUSDT,LONG,True,PARTIAL_REDUCE_DRAG,REDUCE25,95,LT1,0.38478134332646796,1791038044813,1791038049787,4.974,0.3173184526387596,0.8246721368960203,0.38478134332646796,4.974,0.013563106290250981,1,4.974,3,RECOVERED_NEW_HIGH,1791038259750,209.963
PAPER:DYDXUSDT:1791037499999:LONG,DYDXUSDT,LONG,True,PARTIAL_REDUCE_DRAG,REDUCE25,90,LT1,0.38478134332646796,1791038044813,1791038049787,4.974,0.3173184526387596,0.8246721368960203,0.38478134332646796,4.974,0.013563106290250981,1,4.974,3,RECOVERED_NEW_HIGH,1791038259750,209.963
PAPER:DYDXUSDT:1791037499999:LONG,DYDXUSDT,LONG,True,PARTIAL_REDUCE_DRAG,REDUCE25,85,LT1,0.38478134332646796,1791038044813,1791038049787,4.974,0.3173184526387596,0.8246721368960203,0.38478134332646796,4.974,0.013563106290250981,1,4.974,3,RECOVERED_NEW_HIGH,1791038259750,209.963
PAPER:DYDXUSDT:1791037499999:LONG,DYDXUSDT,LONG,True,PARTIAL_REDUCE_DRAG,REDUCE25,80,LT1,0.38478134332646796,1791038044813,1791038064818,20.005,0.24985556195105119,0.6493442737920406,0.3173184526387596,5.022,0.013433470865732454,4,20.005,2,RECOVERED_NEW_HIGH,1791038259750,194.932
PAPER:DYDXUSDT:1791037499999:LONG,DYDXUSDT,LONG,True,PARTIAL_REDUCE_DRAG,REDUCE25,75,LT1,0.38478134332646796,1791038044813,1791038064818,20.005,0.24985556195105119,0.6493442737920406,0.3173184526387596,5.022,0.013433470865732454,4,20.005,2,RECOVERED_NEW_HIGH,1791038259750,194.932
PAPER:DYDXUSDT:1791037499999:LONG,DYDXUSDT,LONG,True,PARTIAL_REDUCE_DRAG,REDUCE25,95,LT1,0.45224423401419855,1791038259750,1791038299753,40.003,0.38478134332646796,0.8508264216241781,0.45224423401419855,4.921,0.013709183232621538,8,40.003,2,RECOVERED_NEW_HIGH,1791038379892,80.139
PAPER:DYDXUSDT:1791037499999:LONG,DYDXUSDT,LONG,True,PARTIAL_REDUCE_DRAG,REDUCE25,90,LT1,0.45224423401419855,1791038259750,1791038299753,40.003,0.38478134332646796,0.8508264216241781,0.45224423401419855,4.921,0.013709183232621538,8,40.003,2,RECOVERED_NEW_HIGH,1791038379892,80.139
PAPER:DYDXUSDT:1791037499999:LONG,DYDXUSDT,LONG,True,PARTIAL_REDUCE_DRAG,REDUCE25,85,LT1,0.45224423401419855,1791038259750,1791038314755,55.005,0.3173184526387596,0.7016528432484053,0.38478134332646796,4.926,0.013695268105503124,11,55.005,3,RECOVERED_NEW_HIGH,1791038379892,65.137
PAPER:DYDXUSDT:1791037499999:LONG,DYDXUSDT,LONG,True,PARTIAL_REDUCE_DRAG,REDUCE25,80,LT1,0.45224423401419855,1791038259750,1791038314755,55.005,0.3173184526387596,0.7016528432484053,0.38478134332646796,4.926,0.013695268105503124,11,55.005,3,RECOVERED_NEW_HIGH,1791038379892,65.137
PAPER:DYDXUSDT:1791037499999:LONG,DYDXUSDT,LONG,True,PARTIAL_REDUCE_DRAG,REDUCE25,75,LT1,0.45224423401419855,1791038259750,1791038314755,55.005,0.3173184526387596,0.7016528432484053,0.38478134332646796,4.926,0.013695268105503124,11,55.005,3,RECOVERED_NEW_HIGH,1791038379892,65.137
PAPER:DYDXUSDT:1791037499999:LONG,DYDXUSDT,LONG,True,PARTIAL_REDUCE_DRAG,REDUCE25,95,LT1,0.6546329060773459,1791038379892,1791038384856,4.964,0.5871700153896375,0.8969454635393206,0.6546329060773459,4.964,0.013590429227983156,1,4.964,2,RECOVERED_NEW_HIGH,1791038399818,14.962
PAPER:DYDXUSDT:1791037499999:LONG,DYDXUSDT,LONG,True,PARTIAL_REDUCE_DRAG,REDUCE25,90,LT1,0.6546329060773459,1791038379892,1791038384856,4.964,0.5871700153896375,0.8969454635393206,0.6546329060773459,4.964,0.013590429227983156,1,4.964,2,RECOVERED_NEW_HIGH,1791038399818,14.962
PAPER:DYDXUSDT:1791037499999:LONG,DYDXUSDT,LONG,True,PARTIAL_REDUCE_DRAG,REDUCE25,95,LT1,0.7220957967650765,1791038399818,1791038434760,34.942,0.6546329060773459,0.9065734892933068,0.7220957967650765,4.88,0.013824362845846433,7,34.942,1,RECOVERED_NEW_HIGH,1791038454791,20.031
PAPER:DYDXUSDT:1791037499999:LONG,DYDXUSDT,LONG,True,PARTIAL_REDUCE_DRAG,REDUCE25,95,LT1,0.9919473595159545,1791038479810,1791038484827,5.017,0.9244844688282461,0.9319894447618384,0.9919473595159545,5.017,0.013446858817561965,1,5.017,1,RECOVERED_NEW_HIGH,1791038509767,24.94
PAPER:DYDXUSDT:1791037499999:LONG,DYDXUSDT,LONG,True,PARTIAL_REDUCE_DRAG,REDUCE25,95,1_TO_1_5,1.0594102502036629,1791038509767,1791038519832,10.065,0.9919473595159545,0.9363203341908961,1.0594102502036629,5.072,0.013301043116661748,2,10.065,1,RECOVERED_NEW_HIGH,1791038934749,414.917
PAPER:DYDXUSDT:1791037499999:LONG,DYDXUSDT,LONG,True,PARTIAL_REDUCE_DRAG,REDUCE25,90,1_TO_1_5,1.0594102502036629,1791038509767,1791038524770,15.003,0.9244844688282461,0.8726406683817922,0.9919473595159545,4.938,0.013661986773533493,3,15.003,1,RECOVERED_NEW_HIGH,1791038934749,409.979
PAPER:DYDXUSDT:1791037499999:LONG,DYDXUSDT,LONG,True,PARTIAL_REDUCE_DRAG,REDUCE25,85,1_TO_1_5,1.0594102502036629,1791038509767,1791038534849,25.082,0.7895586874528071,0.7452813367635635,0.9244844688282461,5.08,0.02656019318414153,5,25.082,3,RECOVERED_NEW_HIGH,1791038934749,399.9
PAPER:DYDXUSDT:1791037499999:LONG,DYDXUSDT,LONG,True,PARTIAL_REDUCE_DRAG,REDUCE25,80,1_TO_1_5,1.0594102502036629,1791038509767,1791038534849,25.082,0.7895586874528071,0.7452813367635635,0.9244844688282461,5.08,0.02656019318414153,5,25.082,3,RECOVERED_NEW_HIGH,1791038934749,399.9
PAPER:DYDXUSDT:1791037499999:LONG,DYDXUSDT,LONG,True,PARTIAL_REDUCE_DRAG,REDUCE25,75,1_TO_1_5,1.0594102502036629,1791038509767,1791038534849,25.082,0.7895586874528071,0.7452813367635635,0.9244844688282461,5.08,0.02656019318414153,5,25.082,3,RECOVERED_NEW_HIGH,1791038934749,399.9
PAPER:DYDXUSDT:1791037499999:LONG,DYDXUSDT,LONG,True,PARTIAL_REDUCE_DRAG,REDUCE25,95,1_TO_1_5,1.3292618129545408,1791038969750,1791038994687,24.937,1.2617989222668324,0.9492478531841977,1.3292618129545408,5.016,0.013449539610787159,5,24.937,1,FINAL_REVERSAL,,
PAPER:DYDXUSDT:1791037499999:LONG,DYDXUSDT,LONG,True,PARTIAL_REDUCE_DRAG,REDUCE25,90,1_TO_1_5,1.3292618129545408,1791038969750,1791039024703,54.953,1.1943360315791018,0.8984957063683787,1.2617989222668324,4.977,0.013554930819314966,4,20.024,1,FINAL_REVERSAL,,
PAPER:DYDXUSDT:1791037499999:LONG,DYDXUSDT,LONG,True,PARTIAL_REDUCE_DRAG,REDUCE25,85,1_TO_1_5,1.3292618129545408,1791038969750,1791039059748,89.998,1.1268731408913935,0.8477435595525764,1.1943360315791018,5.069,0.013308915109036968,11,55.069,1,FINAL_REVERSAL,,
PAPER:DYDXUSDT:1791037499999:LONG,DYDXUSDT,LONG,True,PARTIAL_REDUCE_DRAG,REDUCE25,80,1_TO_1_5,1.3292618129545408,1791038969750,1791039249755,280.005,1.0594102502036629,0.7969914127367574,1.1268731408913935,5.074,0.01329580029320666,36,180.081,1,FINAL_REVERSAL,,
PAPER:DYDXUSDT:1791037499999:LONG,DYDXUSDT,LONG,True,PARTIAL_REDUCE_DRAG,REDUCE25,75,1_TO_1_5,1.3292618129545408,1791038969750,1791039264678,294.928,0.9919473595159545,0.7462392659209551,1.0594102502036629,4.97,0.01357402227116869,39,195.004,1,FINAL_REVERSAL,,
PAPER:AIOUSDT:1791037799999:LONG,AIOUSDT,LONG,True,PARTIAL_REDUCE_DRAG,REDUCE25,95,LT1,0.03302972394119141,1791037864848,1791037874933,10.085,-0.09953458791137626,-3.0134853106430763,0.03302972394119141,5.088,0.026054306574797105,2,10.085,5,RECOVERED_NEW_HIGH,1791037929836,54.903
PAPER:AIOUSDT:1791037799999:LONG,AIOUSDT,LONG,True,PARTIAL_REDUCE_DRAG,REDUCE25,90,LT1,0.03302972394119141,1791037864848,1791037874933,10.085,-0.09953458791137626,-3.0134853106430763,0.03302972394119141,5.088,0.026054306574797105,2,10.085,5,RECOVERED_NEW_HIGH,1791037929836,54.903
PAPER:AIOUSDT:1791037799999:LONG,AIOUSDT,LONG,True,PARTIAL_REDUCE_DRAG,REDUCE25,85,LT1,0.03302972394119141,1791037864848,1791037874933,10.085,-0.09953458791137626,-3.0134853106430763,0.03302972394119141,5.088,0.026054306574797105,2,10.085,5,RECOVERED_NEW_HIGH,1791037929836,54.903
PAPER:AIOUSDT:1791037799999:LONG,AIOUSDT,LONG,True,PARTIAL_REDUCE_DRAG,REDUCE25,80,LT1,0.03302972394119141,1791037864848,1791037874933,10.085,-0.09953458791137626,-3.0134853106430763,0.03302972394119141,5.088,0.026054306574797105,2,10.085,5,RECOVERED_NEW_HIGH,1791037929836,54.903
PAPER:AIOUSDT:1791037799999:LONG,AIOUSDT,LONG,True,PARTIAL_REDUCE_DRAG,REDUCE25,75,LT1,0.03302972394119141,1791037864848,1791037874933,10.085,-0.09953458791137626,-3.0134853106430763,0.03302972394119141,5.088,0.026054306574797105,2,10.085,5,RECOVERED_NEW_HIGH,1791037929836,54.903
PAPER:AIOUSDT:1791037799999:LONG,AIOUSDT,LONG,True,PARTIAL_REDUCE_DRAG,REDUCE25,95,LT1,0.0860554486822096,1791037929836,1791037950009,20.173,0.03302972394119141,0.38381908928469405,0.0860554486822096,5.175,0.010246516858167767,4,20.173,5,RECOVERED_NEW_HIGH,1791037959919,9.91
PAPER:AIOUSDT:1791037799999:LONG,AIOUSDT,LONG,True,PARTIAL_REDUCE_DRAG,REDUCE25,90,LT1,0.0860554486822096,1791037929836,1791037950009,20.173,0.03302972394119141,0.38381908928469405,0.0860554486822096,5.175,0.010246516858167767,4,20.173,5,RECOVERED_NEW_HIGH,1791037959919,9.91
PAPER:AIOUSDT:1791037799999:LONG,AIOUSDT,LONG,True,PARTIAL_REDUCE_DRAG,REDUCE25,85,LT1,0.0860554486822096,1791037929836,1791037950009,20.173,0.03302972394119141,0.38381908928469405,0.0860554486822096,5.175,0.010246516858167767,4,20.173,5,RECOVERED_NEW_HIGH,1791037959919,9.91
PAPER:AIOUSDT:1791037799999:LONG,AIOUSDT,LONG,True,PARTIAL_REDUCE_DRAG,REDUCE25,80,LT1,0.0860554486822096,1791037929836,1791037950009,20.173,0.03302972394119141,0.38381908928469405,0.0860554486822096,5.175,0.010246516858167767,4,20.173,5,RECOVERED_NEW_HIGH,1791037959919,9.91
PAPER:AIOUSDT:1791037799999:LONG,AIOUSDT,LONG,True,PARTIAL_REDUCE_DRAG,REDUCE25,75,LT1,0.0860554486822096,1791037929836,1791037950009,20.173,0.03302972394119141,0.38381908928469405,0.0860554486822096,5.175,0.010246516858167767,4,20.173,5,RECOVERED_NEW_HIGH,1791037959919,9.91
PAPER:AIOUSDT:1791037799999:LONG,AIOUSDT,LONG,True,PARTIAL_REDUCE_DRAG,REDUCE25,95,LT1,0.1390811734232278,1791037969838,1791037979960,10.122,0.05954258631171161,0.42811391970732016,0.1390811734232278,5.123,0.015525783156649653,2,10.122,5,RECOVERED_NEW_HIGH,1791037994895,14.935
PAPER:AIOUSDT:1791037799999:LONG,AIOUSDT,LONG,True,PARTIAL_REDUCE_DRAG,REDUCE25,90,LT1,0.1390811734232278,1791037969838,1791037979960,10.122,0.05954258631171161,0.42811391970732016,0.1390811734232278,5.123,0.015525783156649653,2,10.122,5,RECOVERED_NEW_HIGH,1791037994895,14.935
PAPER:AIOUSDT:1791037799999:LONG,AIOUSDT,LONG,True,PARTIAL_REDUCE_DRAG,REDUCE25,85,LT1,0.1390811734232278,1791037969838,1791037979960,10.122,0.05954258631171161,0.42811391970732016,0.1390811734232278,5.123,0.015525783156649653,2,10.122,5,RECOVERED_NEW_HIGH,1791037994895,14.935
PAPER:AIOUSDT:1791037799999:LONG,AIOUSDT,LONG,True,PARTIAL_REDUCE_DRAG,REDUCE25,80,LT1,0.1390811734232278,1791037969838,1791037979960,10.122,0.05954258631171161,0.42811391970732016,0.1390811734232278,5.123,0.015525783156649653,2,10.122,5,RECOVERED_NEW_HIGH,1791037994895,14.935
PAPER:AIOUSDT:1791037799999:LONG,AIOUSDT,LONG,True,PARTIAL_REDUCE_DRAG,REDUCE25,75,LT1,0.1390811734232278,1791037969838,1791037979960,10.122,0.05954258631171161,0.42811391970732016,0.1390811734232278,5.123,0.015525783156649653,2,10.122,5,RECOVERED_NEW_HIGH,1791037994895,14.935
PAPER:AIOUSDT:1791037799999:LONG,AIOUSDT,LONG,True,PARTIAL_REDUCE_DRAG,REDUCE25,95,LT1,0.16559403579374798,1791037994895,1791038004784,9.889,0.0860554486822096,0.5196772230939167,0.16559403579374798,4.951,0.016065155950623793,2,9.889,5,RECOVERED_NEW_HIGH,1791038209834,205.05
PAPER:AIOUSDT:1791037799999:LONG,AIOUSDT,LONG,True,PARTIAL_REDUCE_DRAG,REDUCE25,90,LT1,0.16559403579374798,1791037994895,1791038004784,9.889,0.0860554486822096,0.5196772230939167,0.16559403579374798,4.951,0.016065155950623793,2,9.889,5,RECOVERED_NEW_HIGH,1791038209834,205.05
PAPER:AIOUSDT:1791037799999:LONG,AIOUSDT,LONG,True,PARTIAL_REDUCE_DRAG,REDUCE25,85,LT1,0.16559403579374798,1791037994895,1791038004784,9.889,0.0860554486822096,0.5196772230939167,0.16559403579374798,4.951,0.016065155950623793,2,9.889,5,RECOVERED_NEW_HIGH,1791038209834,205.05
PAPER:AIOUSDT:1791037799999:LONG,AIOUSDT,LONG,True,PARTIAL_REDUCE_DRAG,REDUCE25,80,LT1,0.16559403579374798,1791037994895,1791038004784,9.889,0.0860554486822096,0.5196772230939167,0.16559403579374798,4.951,0.016065155950623793,2,9.889,5,RECOVERED_NEW_HIGH,1791038209834,205.05
PAPER:AIOUSDT:1791037799999:LONG,AIOUSDT,LONG,True,PARTIAL_REDUCE_DRAG,REDUCE25,75,LT1,0.16559403579374798,1791037994895,1791038004784,9.889,0.0860554486822096,0.5196772230939167,0.16559403579374798,4.951,0.016065155950623793,2,9.889,5,RECOVERED_NEW_HIGH,1791038209834,205.05
PAPER:AIOUSDT:1791037799999:LONG,AIOUSDT,LONG,True,PARTIAL_REDUCE_DRAG,REDUCE25,95,LT1,0.19210689816424598,1791038209834,1791038214867,5.033,0.1125683110527298,0.5859670429767029,0.19210689816424598,5.033,0.015803414884068383,1,5.033,5,RECOVERED_NEW_HIGH,1791038374761,159.894
PAPER:AIOUSDT:1791037799999:LONG,AIOUSDT,LONG,True,PARTIAL_REDUCE_DRAG,REDUCE25,90,LT1,0.19210689816424598,1791038209834,1791038214867,5.033,0.1125683110527298,0.5859670429767029,0.19210689816424598,5.033,0.015803414884068383,1,5.033,5,RECOVERED_NEW_HIGH,1791038374761,159.894
PAPER:AIOUSDT:1791037799999:LONG,AIOUSDT,LONG,True,PARTIAL_REDUCE_DRAG,REDUCE25,85,LT1,0.19210689816424598,1791038209834,1791038214867,5.033,0.1125683110527298,0.5859670429767029,0.19210689816424598,5.033,0.015803414884068383,1,5.033,5,RECOVERED_NEW_HIGH,1791038374761,159.894
PAPER:AIOUSDT:1791037799999:LONG,AIOUSDT,LONG,True,PARTIAL_REDUCE_DRAG,REDUCE25,80,LT1,0.19210689816424598,1791038209834,1791038214867,5.033,0.1125683110527298,0.5859670429767029,0.19210689816424598,5.033,0.015803414884068383,1,5.033,5,RECOVERED_NEW_HIGH,1791038374761,159.894
PAPER:AIOUSDT:1791037799999:LONG,AIOUSDT,LONG,True,PARTIAL_REDUCE_DRAG,REDUCE25,75,LT1,0.19210689816424598,1791038209834,1791038214867,5.033,0.1125683110527298,0.5859670429767029,0.19210689816424598,5.033,0.015803414884068383,1,5.033,5,RECOVERED_NEW_HIGH,1791038374761,159.894
PAPER:AIOUSDT:1791037799999:LONG,AIOUSDT,LONG,True,PARTIAL_REDUCE_DRAG,REDUCE25,95,LT1,0.32467121001680255,1791038374761,1791038394877,20.116,0.29815834764630456,0.9183393490013301,0.32467121001680255,5.058,0.005241767965697508,4,20.116,1,RECOVERED_NEW_HIGH,1791038459951,65.074
PAPER:AIOUSDT:1791037799999:LONG,AIOUSDT,LONG,True,PARTIAL_REDUCE_DRAG,REDUCE25,90,LT1,0.32467121001680255,1791038374761,1791038399830,25.069,0.27164548527578436,0.8366786980025916,0.29815834764630456,4.953,0.005352889636688915,5,25.069,2,RECOVERED_NEW_HIGH,1791038459951,60.121
PAPER:AIOUSDT:1791037799999:LONG,AIOUSDT,LONG,True,PARTIAL_REDUCE_DRAG,REDUCE25,85,LT1,0.32467121001680255,1791038374761,1791038399830,25.069,0.27164548527578436,0.8366786980025916,0.29815834764630456,4.953,0.005352889636688915,5,25.069,2,RECOVERED_NEW_HIGH,1791038459951,60.121
PAPER:AIOUSDT:1791037799999:LONG,AIOUSDT,LONG,True,PARTIAL_REDUCE_DRAG,REDUCE25,95,LT1,0.4307226594988611,1791038464826,1791038479814,14.988,0.40420979712836314,0.9384456290241492,0.4307226594988611,4.895,0.005416315091010826,3,14.988,1,RECOVERED_NEW_HIGH,1791038574888,95.074
PAPER:AIOUSDT:1791037799999:LONG,AIOUSDT,LONG,True,PARTIAL_REDUCE_DRAG,REDUCE25,90,LT1,0.4307226594988611,1791038464826,1791038484838,20.012,0.35118407238732274,0.8153368870723443,0.40420979712836314,5.024,0.010554483427754856,4,20.012,2,RECOVERED_NEW_HIGH,1791038574888,90.05
PAPER:AIOUSDT:1791037799999:LONG,AIOUSDT,LONG,True,PARTIAL_REDUCE_DRAG,REDUCE25,85,LT1,0.4307226594988611,1791038464826,1791038484838,20.012,0.35118407238732274,0.8153368870723443,0.40420979712836314,5.024,0.010554483427754856,4,20.012,2,RECOVERED_NEW_HIGH,1791038574888,90.05
PAPER:AIOUSDT:1791037799999:LONG,AIOUSDT,LONG,True,PARTIAL_REDUCE_DRAG,REDUCE25,80,LT1,0.4307226594988611,1791038464826,1791038509825,44.999,0.32467121001680255,0.7537825160964419,0.35118407238732274,4.841,0.0054767325698244565,9,44.999,1,RECOVERED_NEW_HIGH,1791038574888,65.063
PAPER:AIOUSDT:1791037799999:LONG,AIOUSDT,LONG,True,PARTIAL_REDUCE_DRAG,REDUCE25,95,LT1,0.4837483842399015,1791038579839,1791038584773,4.934,0.35118407238732274,0.7259643315173593,0.4837483842399015,4.934,0.026867513549367405,1,4.934,5,RECOVERED_NEW_HIGH,1791038929762,344.989
PAPER:AIOUSDT:1791037799999:LONG,AIOUSDT,LONG,True,PARTIAL_REDUCE_DRAG,REDUCE25,90,LT1,0.4837483842399015,1791038579839,1791038584773,4.934,0.35118407238732274,0.7259643315173593,0.4837483842399015,4.934,0.026867513549367405,1,4.934,5,RECOVERED_NEW_HIGH,1791038929762,344.989
PAPER:AIOUSDT:1791037799999:LONG,AIOUSDT,LONG,True,PARTIAL_REDUCE_DRAG,REDUCE25,85,LT1,0.4837483842399015,1791038579839,1791038584773,4.934,0.35118407238732274,0.7259643315173593,0.4837483842399015,4.934,0.026867513549367405,1,4.934,5,RECOVERED_NEW_HIGH,1791038929762,344.989
PAPER:AIOUSDT:1791037799999:LONG,AIOUSDT,LONG,True,PARTIAL_REDUCE_DRAG,REDUCE25,80,LT1,0.4837483842399015,1791038579839,1791038584773,4.934,0.35118407238732274,0.7259643315173593,0.4837483842399015,4.934,0.026867513549367405,1,4.934,5,RECOVERED_NEW_HIGH,1791038929762,344.989
PAPER:AIOUSDT:1791037799999:LONG,AIOUSDT,LONG,True,PARTIAL_REDUCE_DRAG,REDUCE25,75,LT1,0.4837483842399015,1791038579839,1791038584773,4.934,0.35118407238732274,0.7259643315173593,0.4837483842399015,4.934,0.026867513549367405,1,4.934,5,RECOVERED_NEW_HIGH,1791038929762,344.989
PAPER:AIOUSDT:1791037799999:LONG,AIOUSDT,LONG,True,PARTIAL_REDUCE_DRAG,REDUCE25,95,LT1,0.5102612466103995,1791038929762,1791038934762,5.0,0.40420979712836314,0.7921624458323601,0.5102612466103995,5.0,0.021210289896407275,1,5.0,4,RECOVERED_NEW_HIGH,1791038949761,14.999
PAPER:AIOUSDT:1791037799999:LONG,AIOUSDT,LONG,True,PARTIAL_REDUCE_DRAG,REDUCE25,90,LT1,0.5102612466103995,1791038929762,1791038934762,5.0,0.40420979712836314,0.7921624458323601,0.5102612466103995,5.0,0.021210289896407275,1,5.0,4,RECOVERED_NEW_HIGH,1791038949761,14.999
PAPER:AIOUSDT:1791037799999:LONG,AIOUSDT,LONG,True,PARTIAL_REDUCE_DRAG,REDUCE25,85,LT1,0.5102612466103995,1791038929762,1791038934762,5.0,0.40420979712836314,0.7921624458323601,0.5102612466103995,5.0,0.021210289896407275,1,5.0,4,RECOVERED_NEW_HIGH,1791038949761,14.999
PAPER:AIOUSDT:1791037799999:LONG,AIOUSDT,LONG,True,PARTIAL_REDUCE_DRAG,REDUCE25,80,LT1,0.5102612466103995,1791038929762,1791038934762,5.0,0.40420979712836314,0.7921624458323601,0.5102612466103995,5.0,0.021210289896407275,1,5.0,4,RECOVERED_NEW_HIGH,1791038949761,14.999
PAPER:AIOUSDT:1791037799999:LONG,AIOUSDT,LONG,True,PARTIAL_REDUCE_DRAG,REDUCE25,95,LT1,0.5367741089809197,1791038949761,1791038959765,10.004,0.4572355218693813,0.8518211184541956,0.5367741089809197,4.9,0.016232364716640486,2,10.004,2,RECOVERED_NEW_HIGH,1791038979729,19.964
PAPER:AIOUSDT:1791037799999:LONG,AIOUSDT,LONG,True,PARTIAL_REDUCE_DRAG,REDUCE25,90,LT1,0.5367741089809197,1791038949761,1791038959765,10.004,0.4572355218693813,0.8518211184541956,0.5367741089809197,4.9,0.016232364716640486,2,10.004,2,RECOVERED_NEW_HIGH,1791038979729,19.964
PAPER:AIOUSDT:1791037799999:LONG,AIOUSDT,LONG,True,PARTIAL_REDUCE_DRAG,REDUCE25,95,LT1,0.6428255584629561,1791038994758,1791039014810,20.052,0.5367741089809197,0.8350229730510198,0.6428255584629561,5.046,0.021016934102662775,4,20.052,3,RECOVERED_NEW_HIGH,1791039104798,89.988
PAPER:AIOUSDT:1791037799999:LONG,AIOUSDT,LONG,True,PARTIAL_REDUCE_DRAG,REDUCE25,90,LT1,0.6428255584629561,1791038994758,1791039014810,20.052,0.5367741089809197,0.8350229730510198,0.6428255584629561,5.046,0.021016934102662775,4,20.052,3,RECOVERED_NEW_HIGH,1791039104798,89.988
PAPER:AIOUSDT:1791037799999:LONG,AIOUSDT,LONG,True,PARTIAL_REDUCE_DRAG,REDUCE25,85,LT1,0.6428255584629561,1791038994758,1791039014810,20.052,0.5367741089809197,0.8350229730510198,0.6428255584629561,5.046,0.021016934102662775,4,20.052,3,RECOVERED_NEW_HIGH,1791039104798,89.988
PAPER:AIOUSDT:1791037799999:LONG,AIOUSDT,LONG,True,PARTIAL_REDUCE_DRAG,REDUCE25,80,LT1,0.6428255584629561,1791038994758,1791039029851,35.093,0.4572355218693813,0.7112902028392674,0.5367741089809197,5.084,0.015644883381498505,7,35.093,2,RECOVERED_NEW_HIGH,1791039104798,74.947
PAPER:AIOUSDT:1791037799999:LONG,AIOUSDT,LONG,True,PARTIAL_REDUCE_DRAG,REDUCE25,75,LT1,0.6428255584629561,1791038994758,1791039029851,35.093,0.4572355218693813,0.7112902028392674,0.5367741089809197,5.084,0.015644883381498505,7,35.093,2,RECOVERED_NEW_HIGH,1791039104798,74.947
PAPER:AIOUSDT:1791037799999:LONG,AIOUSDT,LONG,True,PARTIAL_REDUCE_DRAG,REDUCE25,95,1_TO_1_5,1.4116985672077975,1791039119822,1791039124748,4.926,1.2261085306142228,0.8685342318079604,1.4116985672077975,4.926,0.03767560629183409,1,4.926,2,FINAL_REVERSAL,,
PAPER:AIOUSDT:1791037799999:LONG,AIOUSDT,LONG,True,PARTIAL_REDUCE_DRAG,REDUCE25,90,1_TO_1_5,1.4116985672077975,1791039119822,1791039124748,4.926,1.2261085306142228,0.8685342318079604,1.4116985672077975,4.926,0.03767560629183409,1,4.926,2,FINAL_REVERSAL,,
PAPER:AIOUSDT:1791037799999:LONG,AIOUSDT,LONG,True,PARTIAL_REDUCE_DRAG,REDUCE25,85,1_TO_1_5,1.4116985672077975,1791039119822,1791039144752,24.93,1.1995956682437026,0.8497534077805194,1.3056471177257611,5.021,0.021121579263504997,2,9.933,2,FINAL_REVERSAL,,
PAPER:AIOUSDT:1791037799999:LONG,AIOUSDT,LONG,True,PARTIAL_REDUCE_DRAG,REDUCE25,80,1_TO_1_5,1.4116985672077975,1791039119822,1791039189742,69.92,1.067031356391146,0.755849287643346,1.1995956682437026,4.945,0.026807747594045816,4,19.988,1,FINAL_REVERSAL,,
PAPER:AIOUSDT:1791037799999:LONG,AIOUSDT,LONG,True,PARTIAL_REDUCE_DRAG,REDUCE25,75,1_TO_1_5,1.4116985672077975,1791039119822,1791039209856,90.034,1.0405184940206258,0.7370684636159051,1.1200570811321642,5.096,0.015608042996769699,1,5.096,1,FINAL_REVERSAL,,
PAPER:GTCUSDT:1791037799999:LONG,GTCUSDT,LONG,True,PARTIAL_REDUCE_DRAG,REDUCE25,95,LT1,0.26038727753396884,1791037914916,1791037919974,5.058,0.20586830674682588,0.7906235231480129,0.26038727753396884,5.058,0.01077876053522004,1,5.058,4,RECOVERED_NEW_HIGH,1791037935142,15.168
PAPER:GTCUSDT:1791037799999:LONG,GTCUSDT,LONG,True,PARTIAL_REDUCE_DRAG,REDUCE25,90,LT1,0.26038727753396884,1791037914916,1791037919974,5.058,0.20586830674682588,0.7906235231480129,0.26038727753396884,5.058,0.01077876053522004,1,5.058,4,RECOVERED_NEW_HIGH,1791037935142,15.168
PAPER:GTCUSDT:1791037799999:LONG,GTCUSDT,LONG,True,PARTIAL_REDUCE_DRAG,REDUCE25,85,LT1,0.26038727753396884,1791037914916,1791037919974,5.058,0.20586830674682588,0.7906235231480129,0.26038727753396884,5.058,0.01077876053522004,1,5.058,4,RECOVERED_NEW_HIGH,1791037935142,15.168
PAPER:GTCUSDT:1791037799999:LONG,GTCUSDT,LONG,True,PARTIAL_REDUCE_DRAG,REDUCE25,80,LT1,0.26038727753396884,1791037914916,1791037919974,5.058,0.20586830674682588,0.7906235231480129,0.26038727753396884,5.058,0.01077876053522004,1,5.058,4,RECOVERED_NEW_HIGH,1791037935142,15.168
PAPER:GTCUSDT:1791037799999:LONG,GTCUSDT,LONG,True,PARTIAL_REDUCE_DRAG,REDUCE25,75,LT1,0.26038727753396884,1791037914916,1791037929876,14.96,0.13577248716336587,0.5214251957669233,0.26038727753396884,4.951,0.025169620353585737,1,4.951,5,RECOVERED_NEW_HIGH,1791037935142,5.266
PAPER:GTCUSDT:1791037799999:LONG,GTCUSDT,LONG,True,PARTIAL_REDUCE_DRAG,REDUCE25,95,LT1,0.46288631188615703,1791037959989,1791037965104,5.115,0.43952103869167036,0.9495226525509505,0.46288631188615703,5.115,0.004567990849362007,1,5.115,1,RECOVERED_NEW_HIGH,1791037989838,24.734
PAPER:GTCUSDT:1791037799999:LONG,GTCUSDT,LONG,True,PARTIAL_REDUCE_DRAG,REDUCE25,90,LT1,0.46288631188615703,1791037959989,1791037969881,9.892,0.4083673410990363,0.8822195226189163,0.43952103869167036,4.777,0.006521603012902258,2,9.892,1,RECOVERED_NEW_HIGH,1791037989838,19.957
PAPER:GTCUSDT:1791037799999:LONG,GTCUSDT,LONG,True,PARTIAL_REDUCE_DRAG,REDUCE25,85,LT1,0.46288631188615703,1791037959989,1791037974905,14.916,0.3538483703118933,0.7644390452377847,0.4083673410990363,5.024,0.010851705968778456,3,14.916,2,RECOVERED_NEW_HIGH,1791037989838,14.933
PAPER:GTCUSDT:1791037799999:LONG,GTCUSDT,LONG,True,PARTIAL_REDUCE_DRAG,REDUCE25,80,LT1,0.46288631188615703,1791037959989,1791037974905,14.916,0.3538483703118933,0.7644390452377847,0.4083673410990363,5.024,0.010851705968778456,3,14.916,2,RECOVERED_NEW_HIGH,1791037989838,14.933
PAPER:GTCUSDT:1791037799999:LONG,GTCUSDT,LONG,True,PARTIAL_REDUCE_DRAG,REDUCE25,95,LT1,0.5174052826733,1791037994974,1791037999891,4.917,0.4862515850806437,0.9397885977667387,0.5174052826733,4.917,0.0063359157194745365,1,4.917,1,FINAL_REVERSAL,,
PAPER:GTCUSDT:1791037799999:LONG,GTCUSDT,LONG,True,PARTIAL_REDUCE_DRAG,REDUCE25,90,LT1,0.5174052826733,1791037994974,1791038004839,9.865,0.4161557654971837,0.8043129427419332,0.4862515850806437,4.948,0.014166495469575586,2,9.865,2,FINAL_REVERSAL,,
PAPER:GTCUSDT:1791037799999:LONG,GTCUSDT,LONG,True,PARTIAL_REDUCE_DRAG,REDUCE25,85,LT1,0.5174052826733,1791037994974,1791038004839,9.865,0.4161557654971837,0.8043129427419332,0.4862515850806437,4.948,0.014166495469575586,2,9.865,2,FINAL_REVERSAL,,
PAPER:GTCUSDT:1791037799999:LONG,GTCUSDT,LONG,True,PARTIAL_REDUCE_DRAG,REDUCE25,80,LT1,0.5174052826733,1791037994974,1791038024939,29.965,0.22144515554314292,0.4279916787841685,0.4239441898953533,5.112,0.039612487158100625,2,10.113,2,FINAL_REVERSAL,,
PAPER:GTCUSDT:1791037799999:LONG,GTCUSDT,LONG,True,PARTIAL_REDUCE_DRAG,REDUCE25,75,LT1,0.5174052826733,1791037994974,1791038024939,29.965,0.22144515554314292,0.4279916787841685,0.4239441898953533,5.112,0.039612487158100625,2,10.113,2,FINAL_REVERSAL,,
PAPER:APTUSDT:1791037799999:LONG,APTUSDT,LONG,True,PARTIAL_REDUCE_DRAG,REDUCE25,95,LT1,0.24988867257225156,1791037929896,1791037935045,5.149,0.22535370226568485,0.9018163966617063,0.24988867257225156,5.149,0.00476499714635205,1,5.149,1,RECOVERED_NEW_HIGH,1791037939918,4.873
PAPER:APTUSDT:1791037799999:LONG,APTUSDT,LONG,True,PARTIAL_REDUCE_DRAG,REDUCE25,95,LT1,0.27442364287879606,1791037939918,1791037950113,10.195,0.22535370226568485,0.8211890925346261,0.2621561577255127,5.21,0.007063811028757746,2,10.195,3,RECOVERED_NEW_HIGH,1791038699892,749.779
PAPER:APTUSDT:1791037799999:LONG,APTUSDT,LONG,True,PARTIAL_REDUCE_DRAG,REDUCE25,90,LT1,0.27442364287879606,1791037939918,1791037950113,10.195,0.22535370226568485,0.8211890925346261,0.2621561577255127,5.21,0.007063811028757746,2,10.195,3,RECOVERED_NEW_HIGH,1791038699892,749.779
PAPER:APTUSDT:1791037799999:LONG,APTUSDT,LONG,True,PARTIAL_REDUCE_DRAG,REDUCE25,85,LT1,0.27442364287879606,1791037939918,1791037950113,10.195,0.22535370226568485,0.8211890925346261,0.2621561577255127,5.21,0.007063811028757746,2,10.195,3,RECOVERED_NEW_HIGH,1791038699892,749.779
PAPER:APTUSDT:1791037799999:LONG,APTUSDT,LONG,True,PARTIAL_REDUCE_DRAG,REDUCE25,80,LT1,0.27442364287879606,1791037939918,1791037960125,20.207,0.09041136557963458,0.3294590970048682,0.24988867257225156,5.206,0.03063336669085996,1,5.206,4,RECOVERED_NEW_HIGH,1791038699892,739.767
PAPER:APTUSDT:1791037799999:LONG,APTUSDT,LONG,True,PARTIAL_REDUCE_DRAG,REDUCE25,75,LT1,0.27442364287879606,1791037939918,1791037960125,20.207,0.09041136557963458,0.3294590970048682,0.24988867257225156,5.206,0.03063336669085996,1,5.206,4,RECOVERED_NEW_HIGH,1791038699892,739.767
PAPER:APTUSDT:1791037799999:LONG,APTUSDT,LONG,True,PARTIAL_REDUCE_DRAG,REDUCE25,95,LT1,0.37256352410499627,1791038714952,1791038734802,19.85,0.32349358349188506,0.8682910767204299,0.37256352410499627,4.906,0.010002026215473137,4,19.85,2,RECOVERED_NEW_HIGH,1791038924852,190.05
PAPER:APTUSDT:1791037799999:LONG,APTUSDT,LONG,True,PARTIAL_REDUCE_DRAG,REDUCE25,90,LT1,0.37256352410499627,1791038714952,1791038734802,19.85,0.32349358349188506,0.8682910767204299,0.37256352410499627,4.906,0.010002026215473137,4,19.85,2,RECOVERED_NEW_HIGH,1791038924852,190.05
PAPER:APTUSDT:1791037799999:LONG,APTUSDT,LONG,True,PARTIAL_REDUCE_DRAG,REDUCE25,85,LT1,0.37256352410499627,1791038714952,1791038739852,24.9,0.2866911280320572,0.7695093842607673,0.32349358349188506,5.05,0.00728761494254017,5,24.9,2,RECOVERED_NEW_HIGH,1791038924852,185.0
PAPER:APTUSDT:1791037799999:LONG,APTUSDT,LONG,True,PARTIAL_REDUCE_DRAG,REDUCE25,80,LT1,0.37256352410499627,1791038714952,1791038739852,24.9,0.2866911280320572,0.7695093842607673,0.32349358349188506,5.05,0.00728761494254017,5,24.9,2,RECOVERED_NEW_HIGH,1791038924852,185.0
PAPER:APTUSDT:1791037799999:LONG,APTUSDT,LONG,True,PARTIAL_REDUCE_DRAG,REDUCE25,75,LT1,0.37256352410499627,1791038714952,1791038744943,29.991,0.2130862171124015,0.571945999341442,0.2866911280320572,5.091,0.014457849326194403,6,29.991,1,RECOVERED_NEW_HIGH,1791038924852,179.909
PAPER:APTUSDT:1791037799999:LONG,APTUSDT,LONG,True,PARTIAL_REDUCE_DRAG,REDUCE25,95,LT1,0.5443083162508522,1791038954860,1791038959765,4.905,0.4952383756377632,0.9098489970701193,0.5443083162508522,4.905,0.01000406536454414,1,4.905,1,RECOVERED_NEW_HIGH,1791039004779,45.014
PAPER:APTUSDT:1791037799999:LONG,APTUSDT,LONG,True,PARTIAL_REDUCE_DRAG,REDUCE25,95,LT1,0.5688432865574189,1791039004779,1791039009795,5.016,0.532040831097591,0.935302997627778,0.5688432865574189,5.016,0.007337012651480832,1,5.016,1,RECOVERED_NEW_HIGH,1791039064771,54.976
PAPER:APTUSDT:1791037799999:LONG,APTUSDT,LONG,True,PARTIAL_REDUCE_DRAG,REDUCE25,95,LT1,0.789658019316386,1791039074842,1791039084759,9.917,0.6424481974770746,0.8135777536119341,0.7773905341631027,4.958,0.0272170909007721,2,9.917,3,FINAL_REVERSAL,,
PAPER:APTUSDT:1791037799999:LONG,APTUSDT,LONG,True,PARTIAL_REDUCE_DRAG,REDUCE25,90,LT1,0.789658019316386,1791039074842,1791039084759,9.917,0.6424481974770746,0.8135777536119341,0.7773905341631027,4.958,0.0272170909007721,2,9.917,3,FINAL_REVERSAL,,
PAPER:APTUSDT:1791037799999:LONG,APTUSDT,LONG,True,PARTIAL_REDUCE_DRAG,REDUCE25,85,LT1,0.789658019316386,1791039074842,1791039084759,9.917,0.6424481974770746,0.8135777536119341,0.7773905341631027,4.958,0.0272170909007721,2,9.917,3,FINAL_REVERSAL,,
PAPER:APTUSDT:1791037799999:LONG,APTUSDT,LONG,True,PARTIAL_REDUCE_DRAG,REDUCE25,80,LT1,0.789658019316386,1791039074842,1791039089867,15.025,0.6056457420172467,0.7669721920149176,0.6424481974770746,5.108,0.007204865986653848,3,15.025,1,FINAL_REVERSAL,,
PAPER:APTUSDT:1791037799999:LONG,APTUSDT,LONG,True,PARTIAL_REDUCE_DRAG,REDUCE25,75,LT1,0.789658019316386,1791039074842,1791039109760,34.918,0.5688432865574189,0.7203666304179012,0.6056457420172467,4.945,0.007442357019176512,3,14.99,1,FINAL_REVERSAL,,
PAPER:ZKUSDT:1791037799999:LONG,ZKUSDT,LONG,True,PARTIAL_REDUCE_DRAG,REDUCE25,95,LT1,0.12268536540849251,1791037944912,1791037950140,5.228,0.11475862284138216,0.9353896649309598,0.12268536540849251,5.228,0.0015162093663179698,1,5.228,1,RECOVERED_NEW_HIGH,1791038124787,174.647
PAPER:ZKUSDT:1791037799999:LONG,ZKUSDT,LONG,True,PARTIAL_REDUCE_DRAG,REDUCE25,90,LT1,0.12268536540849251,1791037944912,1791037954943,10.031,0.09890513770711706,0.8061689947925171,0.11475862284138216,4.803,0.003300746436449115,2,10.031,2,RECOVERED_NEW_HIGH,1791038124787,169.844
PAPER:ZKUSDT:1791037799999:LONG,ZKUSDT,LONG,True,PARTIAL_REDUCE_DRAG,REDUCE25,85,LT1,0.12268536540849251,1791037944912,1791037954943,10.031,0.09890513770711706,0.8061689947925171,0.11475862284138216,4.803,0.003300746436449115,2,10.031,2,RECOVERED_NEW_HIGH,1791038124787,169.844
PAPER:ZKUSDT:1791037799999:LONG,ZKUSDT,LONG,True,PARTIAL_REDUCE_DRAG,REDUCE25,80,LT1,0.12268536540849251,1791037944912,1791037960002,15.09,0.04341793973721142,0.35389664930814924,0.09890513770711706,5.059,0.01096801699345832,3,15.09,2,RECOVERED_NEW_HIGH,1791038124787,164.785
PAPER:ZKUSDT:1791037799999:LONG,ZKUSDT,LONG,True,PARTIAL_REDUCE_DRAG,REDUCE25,75,LT1,0.12268536540849251,1791037944912,1791037960002,15.09,0.04341793973721142,0.35389664930814924,0.09890513770711706,5.059,0.01096801699345832,3,15.09,2,RECOVERED_NEW_HIGH,1791038124787,164.785
PAPER:ZKUSDT:1791037799999:LONG,ZKUSDT,LONG,True,PARTIAL_REDUCE_DRAG,REDUCE25,95,LT1,0.14646559310989016,1791038124787,1791038129926,5.139,0.09097839513998451,0.6211588210462867,0.14646559310989016,5.139,0.010797275339541864,1,5.139,5,RECOVERED_NEW_HIGH,1791038164835,34.909
PAPER:ZKUSDT:1791037799999:LONG,ZKUSDT,LONG,True,PARTIAL_REDUCE_DRAG,REDUCE25,90,LT1,0.14646559310989016,1791038124787,1791038129926,5.139,0.09097839513998451,0.6211588210462867,0.14646559310989016,5.139,0.010797275339541864,1,5.139,5,RECOVERED_NEW_HIGH,1791038164835,34.909
PAPER:ZKUSDT:1791037799999:LONG,ZKUSDT,LONG,True,PARTIAL_REDUCE_DRAG,REDUCE25,85,LT1,0.14646559310989016,1791038124787,1791038129926,5.139,0.09097839513998451,0.6211588210462867,0.14646559310989016,5.139,0.010797275339541864,1,5.139,5,RECOVERED_NEW_HIGH,1791038164835,34.909
PAPER:ZKUSDT:1791037799999:LONG,ZKUSDT,LONG,True,PARTIAL_REDUCE_DRAG,REDUCE25,80,LT1,0.14646559310989016,1791038124787,1791038129926,5.139,0.09097839513998451,0.6211588210462867,0.14646559310989016,5.139,0.010797275339541864,1,5.139,5,RECOVERED_NEW_HIGH,1791038164835,34.909
PAPER:ZKUSDT:1791037799999:LONG,ZKUSDT,LONG,True,PARTIAL_REDUCE_DRAG,REDUCE25,75,LT1,0.14646559310989016,1791038124787,1791038129926,5.139,0.09097839513998451,0.6211588210462867,0.14646559310989016,5.139,0.010797275339541864,1,5.139,5,RECOVERED_NEW_HIGH,1791038164835,34.909
PAPER:ZKUSDT:1791037799999:LONG,ZKUSDT,LONG,True,PARTIAL_REDUCE_DRAG,REDUCE25,95,LT1,0.2178062762140387,1791038174971,1791038179962,4.991,0.10683188027422741,0.49049036662856993,0.2178062762140387,4.991,0.02223490201158311,1,4.991,5,RECOVERED_NEW_HIGH,1791038264918,84.956
PAPER:ZKUSDT:1791037799999:LONG,ZKUSDT,LONG,True,PARTIAL_REDUCE_DRAG,REDUCE25,90,LT1,0.2178062762140387,1791038174971,1791038179962,4.991,0.10683188027422741,0.49049036662856993,0.2178062762140387,4.991,0.02223490201158311,1,4.991,5,RECOVERED_NEW_HIGH,1791038264918,84.956
PAPER:ZKUSDT:1791037799999:LONG,ZKUSDT,LONG,True,PARTIAL_REDUCE_DRAG,REDUCE25,85,LT1,0.2178062762140387,1791038174971,1791038179962,4.991,0.10683188027422741,0.49049036662856993,0.2178062762140387,4.991,0.02223490201158311,1,4.991,5,RECOVERED_NEW_HIGH,1791038264918,84.956
PAPER:ZKUSDT:1791037799999:LONG,ZKUSDT,LONG,True,PARTIAL_REDUCE_DRAG,REDUCE25,80,LT1,0.2178062762140387,1791038174971,1791038179962,4.991,0.10683188027422741,0.49049036662856993,0.2178062762140387,4.991,0.02223490201158311,1,4.991,5,RECOVERED_NEW_HIGH,1791038264918,84.956
PAPER:ZKUSDT:1791037799999:LONG,ZKUSDT,LONG,True,PARTIAL_REDUCE_DRAG,REDUCE25,75,LT1,0.2178062762140387,1791038174971,1791038179962,4.991,0.10683188027422741,0.49049036662856993,0.2178062762140387,4.991,0.02223490201158311,1,4.991,5,RECOVERED_NEW_HIGH,1791038264918,84.956
PAPER:ZKUSDT:1791037799999:LONG,ZKUSDT,LONG,True,PARTIAL_REDUCE_DRAG,REDUCE25,95,LT1,0.24158650391543635,1791038264918,1791038269821,4.903,0.13061210797562506,0.5406432307217949,0.24158650391543635,4.903,0.022633978368307422,1,4.903,5,RECOVERED_NEW_HIGH,1791038764830,495.009
PAPER:ZKUSDT:1791037799999:LONG,ZKUSDT,LONG,True,PARTIAL_REDUCE_DRAG,REDUCE25,90,LT1,0.24158650391543635,1791038264918,1791038269821,4.903,0.13061210797562506,0.5406432307217949,0.24158650391543635,4.903,0.022633978368307422,1,4.903,5,RECOVERED_NEW_HIGH,1791038764830,495.009
PAPER:ZKUSDT:1791037799999:LONG,ZKUSDT,LONG,True,PARTIAL_REDUCE_DRAG,REDUCE25,85,LT1,0.24158650391543635,1791038264918,1791038269821,4.903,0.13061210797562506,0.5406432307217949,0.24158650391543635,4.903,0.022633978368307422,1,4.903,5,RECOVERED_NEW_HIGH,1791038764830,495.009
PAPER:ZKUSDT:1791037799999:LONG,ZKUSDT,LONG,True,PARTIAL_REDUCE_DRAG,REDUCE25,80,LT1,0.24158650391543635,1791038264918,1791038269821,4.903,0.13061210797562506,0.5406432307217949,0.24158650391543635,4.903,0.022633978368307422,1,4.903,5,RECOVERED_NEW_HIGH,1791038764830,495.009
PAPER:ZKUSDT:1791037799999:LONG,ZKUSDT,LONG,True,PARTIAL_REDUCE_DRAG,REDUCE25,75,LT1,0.24158650391543635,1791038264918,1791038269821,4.903,0.13061210797562506,0.5406432307217949,0.24158650391543635,4.903,0.022633978368307422,1,4.903,5,RECOVERED_NEW_HIGH,1791038764830,495.009
PAPER:ZKUSDT:1791037799999:LONG,ZKUSDT,LONG,True,PARTIAL_REDUCE_DRAG,REDUCE25,95,LT1,0.3446341572881151,1791038799824,1791038814839,15.015,0.32085392958673964,0.9309986337729864,0.3446341572881151,4.997,0.0047589008808035715,3,15.015,1,RECOVERED_NEW_HIGH,1791038884793,69.954
PAPER:ZKUSDT:1791037799999:LONG,ZKUSDT,LONG,True,PARTIAL_REDUCE_DRAG,REDUCE25,90,LT1,0.3446341572881151,1791038799824,1791038819907,20.083,0.2812202167510991,0.8159963567279207,0.32085392958673964,5.068,0.00782038532668519,4,20.083,2,RECOVERED_NEW_HIGH,1791038884793,64.886
PAPER:ZKUSDT:1791037799999:LONG,ZKUSDT,LONG,True,PARTIAL_REDUCE_DRAG,REDUCE25,85,LT1,0.3446341572881151,1791038799824,1791038819907,20.083,0.2812202167510991,0.8159963567279207,0.32085392958673964,5.068,0.00782038532668519,4,20.083,2,RECOVERED_NEW_HIGH,1791038884793,64.886
PAPER:ZKUSDT:1791037799999:LONG,ZKUSDT,LONG,True,PARTIAL_REDUCE_DRAG,REDUCE25,95,LT1,0.36841438498949053,1791038904802,1791038959768,54.966,0.2812202167510991,0.7633258314794664,0.35256089985524763,4.898,0.014565268089862912,7,34.917,4,RECOVERED_NEW_HIGH,1791038969859,10.091
PAPER:ZKUSDT:1791037799999:LONG,ZKUSDT,LONG,True,PARTIAL_REDUCE_DRAG,REDUCE25,90,LT1,0.36841438498949053,1791038904802,1791038959768,54.966,0.2812202167510991,0.7633258314794664,0.35256089985524763,4.898,0.014565268089862912,7,34.917,4,RECOVERED_NEW_HIGH,1791038969859,10.091
PAPER:ZKUSDT:1791037799999:LONG,ZKUSDT,LONG,True,PARTIAL_REDUCE_DRAG,REDUCE25,85,LT1,0.36841438498949053,1791038904802,1791038959768,54.966,0.2812202167510991,0.7633258314794664,0.35256089985524763,4.898,0.014565268089862912,7,34.917,4,RECOVERED_NEW_HIGH,1791038969859,10.091
PAPER:ZKUSDT:1791037799999:LONG,ZKUSDT,LONG,True,PARTIAL_REDUCE_DRAG,REDUCE25,80,LT1,0.36841438498949053,1791038904802,1791038959768,54.966,0.2812202167510991,0.7633258314794664,0.35256089985524763,4.898,0.014565268089862912,7,34.917,4,RECOVERED_NEW_HIGH,1791038969859,10.091
PAPER:ZKUSDT:1791037799999:LONG,ZKUSDT,LONG,True,PARTIAL_REDUCE_DRAG,REDUCE25,95,LT1,0.4318283255265509,1791039004785,1791039014838,10.053,0.3763411275566453,0.8715063494219671,0.4318283255265509,5.041,0.011007180712141566,2,10.053,2,RECOVERED_NEW_HIGH,1791039054784,39.946
PAPER:ZKUSDT:1791037799999:LONG,ZKUSDT,LONG,True,PARTIAL_REDUCE_DRAG,REDUCE25,90,LT1,0.4318283255265509,1791039004785,1791039014838,10.053,0.3763411275566453,0.8715063494219671,0.4318283255265509,5.041,0.011007180712141566,2,10.053,2,RECOVERED_NEW_HIGH,1791039054784,39.946
PAPER:ZKUSDT:1791037799999:LONG,ZKUSDT,LONG,True,PARTIAL_REDUCE_DRAG,REDUCE25,95,LT1,0.5903631768691131,1791039079806,1791039084771,4.965,0.5428027214663622,0.9194386485028091,0.5903631768691131,4.965,0.009579145096223745,1,4.965,1,FINAL_REVERSAL,,
PAPER:ZKUSDT:1791037799999:LONG,ZKUSDT,LONG,True,PARTIAL_REDUCE_DRAG,REDUCE25,90,LT1,0.5903631768691131,1791039079806,1791039089881,10.075,0.43975506809366127,0.7448890535921036,0.5428027214663622,5.11,0.020165881286242845,2,10.075,4,FINAL_REVERSAL,,
PAPER:ZKUSDT:1791037799999:LONG,ZKUSDT,LONG,True,PARTIAL_REDUCE_DRAG,REDUCE25,85,LT1,0.5903631768691131,1791039079806,1791039089881,10.075,0.43975506809366127,0.7448890535921036,0.5428027214663622,5.11,0.020165881286242845,2,10.075,4,FINAL_REVERSAL,,
PAPER:ZKUSDT:1791037799999:LONG,ZKUSDT,LONG,True,PARTIAL_REDUCE_DRAG,REDUCE25,80,LT1,0.5903631768691131,1791039079806,1791039089881,10.075,0.43975506809366127,0.7448890535921036,0.5428027214663622,5.11,0.020165881286242845,2,10.075,4,FINAL_REVERSAL,,
PAPER:ZKUSDT:1791037799999:LONG,ZKUSDT,LONG,True,PARTIAL_REDUCE_DRAG,REDUCE25,75,LT1,0.5903631768691131,1791039079806,1791039089881,10.075,0.43975506809366127,0.7448890535921036,0.5428027214663622,5.11,0.020165881286242845,2,10.075,4,FINAL_REVERSAL,,
PAPER:THETAUSDT:1791037799999:LONG,THETAUSDT,LONG,True,PARTIAL_REDUCE_DRAG,REDUCE25,95,LT1,0.20071040979441346,1791038074966,1791038085008,10.042,0.1565691276755654,0.7800747745766564,0.20071040979441346,5.082,0.008685809153649754,2,10.042,4,RECOVERED_NEW_HIGH,1791038689846,604.838
PAPER:THETAUSDT:1791037799999:LONG,THETAUSDT,LONG,True,PARTIAL_REDUCE_DRAG,REDUCE25,90,LT1,0.20071040979441346,1791038074966,1791038085008,10.042,0.1565691276755654,0.7800747745766564,0.20071040979441346,5.082,0.008685809153649754,2,10.042,4,RECOVERED_NEW_HIGH,1791038689846,604.838
PAPER:THETAUSDT:1791037799999:LONG,THETAUSDT,LONG,True,PARTIAL_REDUCE_DRAG,REDUCE25,85,LT1,0.20071040979441346,1791038074966,1791038085008,10.042,0.1565691276755654,0.7800747745766564,0.20071040979441346,5.082,0.008685809153649754,2,10.042,4,RECOVERED_NEW_HIGH,1791038689846,604.838
PAPER:THETAUSDT:1791037799999:LONG,THETAUSDT,LONG,True,PARTIAL_REDUCE_DRAG,REDUCE25,80,LT1,0.20071040979441346,1791038074966,1791038085008,10.042,0.1565691276755654,0.7800747745766564,0.20071040979441346,5.082,0.008685809153649754,2,10.042,4,RECOVERED_NEW_HIGH,1791038689846,604.838
PAPER:THETAUSDT:1791037799999:LONG,THETAUSDT,LONG,True,PARTIAL_REDUCE_DRAG,REDUCE25,75,LT1,0.20071040979441346,1791038074966,1791038094886,19.92,0.11242784555671737,0.5601495491533128,0.1565691276755654,4.967,0.008886910029967394,4,19.92,1,RECOVERED_NEW_HIGH,1791038689846,594.96
PAPER:THETAUSDT:1791037799999:LONG,THETAUSDT,LONG,True,PARTIAL_REDUCE_DRAG,REDUCE25,95,LT1,0.46555810250752394,1791038739897,1791038744997,5.1,0.3331342561509798,0.7155589267090373,0.46555810250752394,5.1,0.025965460069910618,1,5.1,5,RECOVERED_NEW_HIGH,1791038849919,104.922
PAPER:THETAUSDT:1791037799999:LONG,THETAUSDT,LONG,True,PARTIAL_REDUCE_DRAG,REDUCE25,90,LT1,0.46555810250752394,1791038739897,1791038744997,5.1,0.3331342561509798,0.7155589267090373,0.46555810250752394,5.1,0.025965460069910618,1,5.1,5,RECOVERED_NEW_HIGH,1791038849919,104.922
PAPER:THETAUSDT:1791037799999:LONG,THETAUSDT,LONG,True,PARTIAL_REDUCE_DRAG,REDUCE25,85,LT1,0.46555810250752394,1791038739897,1791038744997,5.1,0.3331342561509798,0.7155589267090373,0.46555810250752394,5.1,0.025965460069910618,1,5.1,5,RECOVERED_NEW_HIGH,1791038849919,104.922
PAPER:THETAUSDT:1791037799999:LONG,THETAUSDT,LONG,True,PARTIAL_REDUCE_DRAG,REDUCE25,80,LT1,0.46555810250752394,1791038739897,1791038744997,5.1,0.3331342561509798,0.7155589267090373,0.46555810250752394,5.1,0.025965460069910618,1,5.1,5,RECOVERED_NEW_HIGH,1791038849919,104.922
PAPER:THETAUSDT:1791037799999:LONG,THETAUSDT,LONG,True,PARTIAL_REDUCE_DRAG,REDUCE25,75,LT1,0.46555810250752394,1791038739897,1791038744997,5.1,0.3331342561509798,0.7155589267090373,0.46555810250752394,5.1,0.025965460069910618,1,5.1,5,RECOVERED_NEW_HIGH,1791038849919,104.922
PAPER:THETAUSDT:1791037799999:LONG,THETAUSDT,LONG,True,PARTIAL_REDUCE_DRAG,REDUCE25,95,LT1,0.5096993846263942,1791038849919,1791038869839,19.92,0.46555810250752394,0.9133974192430594,0.5096993846263942,4.928,0.008957240689705813,4,19.92,1,RECOVERED_NEW_HIGH,1791038999995,130.156
PAPER:THETAUSDT:1791037799999:LONG,THETAUSDT,LONG,True,PARTIAL_REDUCE_DRAG,REDUCE25,90,LT1,0.5096993846263942,1791038849919,1791038879894,29.975,0.4214168203886759,0.8267948384861623,0.46555810250752394,5.075,0.008697789580068581,6,29.975,2,RECOVERED_NEW_HIGH,1791038999995,120.101
PAPER:THETAUSDT:1791037799999:LONG,THETAUSDT,LONG,True,PARTIAL_REDUCE_DRAG,REDUCE25,85,LT1,0.5096993846263942,1791038849919,1791038879894,29.975,0.4214168203886759,0.8267948384861623,0.46555810250752394,5.075,0.008697789580068581,6,29.975,2,RECOVERED_NEW_HIGH,1791038999995,120.101
PAPER:THETAUSDT:1791037799999:LONG,THETAUSDT,LONG,True,PARTIAL_REDUCE_DRAG,REDUCE25,80,LT1,0.5096993846263942,1791038849919,1791038924877,74.958,0.37727553826982785,0.7401922577292652,0.4214168203886759,5.092,0.008668751398045571,15,74.958,2,RECOVERED_NEW_HIGH,1791038999995,75.118
PAPER:THETAUSDT:1791037799999:LONG,THETAUSDT,LONG,True,PARTIAL_REDUCE_DRAG,REDUCE25,75,LT1,0.5096993846263942,1791038849919,1791038924877,74.958,0.37727553826982785,0.7401922577292652,0.4214168203886759,5.092,0.008668751398045571,15,74.958,2,RECOVERED_NEW_HIGH,1791038999995,75.118
PAPER:THETAUSDT:1791037799999:LONG,THETAUSDT,LONG,True,PARTIAL_REDUCE_DRAG,REDUCE25,95,LT1,0.5538406667452422,1791038999995,1791039009804,9.809,0.5096993846263942,0.9202996732286682,0.5538406667452422,5.007,0.008815914143968054,2,9.809,1,RECOVERED_NEW_HIGH,1791039044889,35.085
PAPER:THETAUSDT:1791037799999:LONG,THETAUSDT,LONG,True,PARTIAL_REDUCE_DRAG,REDUCE25,95,LT1,0.5979819488640903,1791039044889,1791039054783,9.894,0.5538406667452422,0.9261829187274004,0.5979819488640903,5.001,0.008826491125544499,2,9.894,1,RECOVERED_NEW_HIGH,1791039064790,10.007
PAPER:THETAUSDT:1791037799999:LONG,THETAUSDT,LONG,True,PARTIAL_REDUCE_DRAG,REDUCE25,95,LT1,0.7745470773395047,1791039084780,1791039089889,5.109,0.7304057952206344,0.9430102011739669,0.7745470773395047,5.109,0.008639906462883196,1,5.109,1,FINAL_REVERSAL,,
PAPER:THETAUSDT:1791037799999:LONG,THETAUSDT,LONG,True,PARTIAL_REDUCE_DRAG,REDUCE25,90,LT1,0.7745470773395047,1791039084780,1791039114774,29.994,0.6862645131017864,0.8860204023479625,0.7304057952206344,4.997,0.008833556557704233,6,29.994,1,FINAL_REVERSAL,,
PAPER:THETAUSDT:1791037799999:LONG,THETAUSDT,LONG,True,PARTIAL_REDUCE_DRAG,REDUCE25,85,LT1,0.7745470773395047,1791039084780,1791039169783,85.003,0.5979819488640903,0.7720408046959537,0.6862645131017864,4.892,0.018046313212938692,9,45.015,2,FINAL_REVERSAL,,
PAPER:THETAUSDT:1791037799999:LONG,THETAUSDT,LONG,True,PARTIAL_REDUCE_DRAG,REDUCE25,80,LT1,0.7745470773395047,1791039084780,1791039169783,85.003,0.5979819488640903,0.7720408046959537,0.6862645131017864,4.892,0.018046313212938692,9,45.015,2,FINAL_REVERSAL,,
PAPER:THETAUSDT:1791037799999:LONG,THETAUSDT,LONG,True,PARTIAL_REDUCE_DRAG,REDUCE25,75,LT1,0.7745470773395047,1791039084780,1791039179866,95.086,0.5538406667452422,0.7150510058699493,0.5979819488640903,5.09,0.008672157587200009,11,55.098,1,FINAL_REVERSAL,,
PAPER:MANTRAUSDT:1791037799999:LONG,MANTRAUSDT,LONG,True,RUNNER_TRIGGER_DELAY,RUNNER_CLOSE,95,LT1,0.41498335094780625,1791038010030,1791038014909,4.879,0.37148541577305405,0.895181493244477,0.41498335094780625,4.879,0.008915338219871326,1,4.879,2,RECOVERED_NEW_HIGH,1791038029899,14.99
PAPER:MANTRAUSDT:1791037799999:LONG,MANTRAUSDT,LONG,True,RUNNER_TRIGGER_DELAY,RUNNER_CLOSE,90,LT1,0.41498335094780625,1791038010030,1791038014909,4.879,0.37148541577305405,0.895181493244477,0.41498335094780625,4.879,0.008915338219871326,1,4.879,2,RECOVERED_NEW_HIGH,1791038029899,14.99
PAPER:MANTRAUSDT:1791037799999:LONG,MANTRAUSDT,LONG,True,RUNNER_TRIGGER_DELAY,RUNNER_CLOSE,95,LT1,0.45848128612258066,1791038029899,1791038034985,5.086,0.34973644818567795,0.7628151001394887,0.45848128612258066,5.086,0.021381210762269506,1,5.086,4,RECOVERED_NEW_HIGH,1791038234929,199.944
PAPER:MANTRAUSDT:1791037799999:LONG,MANTRAUSDT,LONG,True,RUNNER_TRIGGER_DELAY,RUNNER_CLOSE,90,LT1,0.45848128612258066,1791038029899,1791038034985,5.086,0.34973644818567795,0.7628151001394887,0.45848128612258066,5.086,0.021381210762269506,1,5.086,4,RECOVERED_NEW_HIGH,1791038234929,199.944
PAPER:MANTRAUSDT:1791037799999:LONG,MANTRAUSDT,LONG,True,RUNNER_TRIGGER_DELAY,RUNNER_CLOSE,85,LT1,0.45848128612258066,1791038029899,1791038034985,5.086,0.34973644818567795,0.7628151001394887,0.45848128612258066,5.086,0.021381210762269506,1,5.086,4,RECOVERED_NEW_HIGH,1791038234929,199.944
PAPER:MANTRAUSDT:1791037799999:LONG,MANTRAUSDT,LONG,True,RUNNER_TRIGGER_DELAY,RUNNER_CLOSE,80,LT1,0.45848128612258066,1791038029899,1791038034985,5.086,0.34973644818567795,0.7628151001394887,0.45848128612258066,5.086,0.021381210762269506,1,5.086,4,RECOVERED_NEW_HIGH,1791038234929,199.944
PAPER:MANTRAUSDT:1791037799999:LONG,MANTRAUSDT,LONG,True,RUNNER_TRIGGER_DELAY,RUNNER_CLOSE,75,LT1,0.45848128612258066,1791038029899,1791038064966,35.067,0.28448954542352745,0.6205041602231626,0.39323438336045236,5.012,0.021696895039290686,5,24.823,3,RECOVERED_NEW_HIGH,1791038234929,169.963
PAPER:MANTRAUSDT:1791037799999:LONG,MANTRAUSDT,LONG,True,RUNNER_TRIGGER_DELAY,RUNNER_CLOSE,95,1_5_TO_3,1.5024317303169887,1791038284860,1791038294940,10.08,1.263193086855785,0.8407657142526348,1.5024317303169887,5.098,0.046927941047705715,2,10.08,3,RECOVERED_NEW_HIGH,1791038309923,14.983
PAPER:MANTRAUSDT:1791037799999:LONG,MANTRAUSDT,LONG,True,RUNNER_TRIGGER_DELAY,RUNNER_CLOSE,90,1_5_TO_3,1.5024317303169887,1791038284860,1791038294940,10.08,1.263193086855785,0.8407657142526348,1.5024317303169887,5.098,0.046927941047705715,2,10.08,3,RECOVERED_NEW_HIGH,1791038309923,14.983
PAPER:MANTRAUSDT:1791037799999:LONG,MANTRAUSDT,LONG,True,RUNNER_TRIGGER_DELAY,RUNNER_CLOSE,85,1_5_TO_3,1.5024317303169887,1791038284860,1791038294940,10.08,1.263193086855785,0.8407657142526348,1.5024317303169887,5.098,0.046927941047705715,2,10.08,3,RECOVERED_NEW_HIGH,1791038309923,14.983
PAPER:MANTRAUSDT:1791037799999:LONG,MANTRAUSDT,LONG,True,RUNNER_TRIGGER_DELAY,RUNNER_CLOSE,95,1_5_TO_3,1.698172438603418,1791038314846,1791038319852,5.006,1.4806827627295904,0.8719272136740768,1.698172438603418,5.006,0.04344580021450811,1,5.006,2,FINAL_REVERSAL,,
PAPER:MANTRAUSDT:1791037799999:LONG,MANTRAUSDT,LONG,True,RUNNER_TRIGGER_DELAY,RUNNER_CLOSE,90,1_5_TO_3,1.698172438603418,1791038314846,1791038319852,5.006,1.4806827627295904,0.8719272136740768,1.698172438603418,5.006,0.04344580021450811,1,5.006,2,FINAL_REVERSAL,,
PAPER:MANTRAUSDT:1791037799999:LONG,MANTRAUSDT,LONG,True,RUNNER_TRIGGER_DELAY,RUNNER_CLOSE,85,1_5_TO_3,1.698172438603418,1791038314846,1791038329852,15.006,1.3066910220305372,0.7694689846133433,1.5459296654917631,4.821,0.04962427783887698,1,4.821,3,FINAL_REVERSAL,,
PAPER:MANTRAUSDT:1791037799999:LONG,MANTRAUSDT,LONG,True,RUNNER_TRIGGER_DELAY,RUNNER_CLOSE,80,1_5_TO_3,1.698172438603418,1791038314846,1791038329852,15.006,1.3066910220305372,0.7694689846133433,1.5459296654917631,4.821,0.04962427783887698,1,4.821,3,FINAL_REVERSAL,,
PAPER:MANTRAUSDT:1791037799999:LONG,MANTRAUSDT,LONG,True,RUNNER_TRIGGER_DELAY,RUNNER_CLOSE,75,1_5_TO_3,1.698172438603418,1791038314846,1791038349851,35.005,1.154448248918838,0.6798180341851853,1.3284399896179133,5.001,0.034791389861842714,3,15.01,1,FINAL_REVERSAL,,
PAPER:CYSUSDT:1791038399999:LONG,CYSUSDT,LONG,True,PARTIAL_REDUCE_DRAG,REDUCE25,95,LT1,0.22237976647092594,1791038529924,1791038559898,29.974,0.16178582465324887,0.727520435967365,0.22237976647092594,4.985,0.012155254125913154,6,29.974,5,RECOVERED_NEW_HIGH,1791038659893,99.995
PAPER:CYSUSDT:1791038399999:LONG,CYSUSDT,LONG,True,PARTIAL_REDUCE_DRAG,REDUCE25,90,LT1,0.22237976647092594,1791038529924,1791038559898,29.974,0.16178582465324887,0.727520435967365,0.22237976647092594,4.985,0.012155254125913154,6,29.974,5,RECOVERED_NEW_HIGH,1791038659893,99.995
PAPER:CYSUSDT:1791038399999:LONG,CYSUSDT,LONG,True,PARTIAL_REDUCE_DRAG,REDUCE25,85,LT1,0.22237976647092594,1791038529924,1791038559898,29.974,0.16178582465324887,0.727520435967365,0.22237976647092594,4.985,0.012155254125913154,6,29.974,5,RECOVERED_NEW_HIGH,1791038659893,99.995
PAPER:CYSUSDT:1791038399999:LONG,CYSUSDT,LONG,True,PARTIAL_REDUCE_DRAG,REDUCE25,80,LT1,0.22237976647092594,1791038529924,1791038559898,29.974,0.16178582465324887,0.727520435967365,0.22237976647092594,4.985,0.012155254125913154,6,29.974,5,RECOVERED_NEW_HIGH,1791038659893,99.995
PAPER:CYSUSDT:1791038399999:LONG,CYSUSDT,LONG,True,PARTIAL_REDUCE_DRAG,REDUCE25,75,LT1,0.22237976647092594,1791038529924,1791038559898,29.974,0.16178582465324887,0.727520435967365,0.22237976647092594,4.985,0.012155254125913154,6,29.974,5,RECOVERED_NEW_HIGH,1791038659893,99.995
PAPER:CYSUSDT:1791038399999:LONG,CYSUSDT,LONG,True,PARTIAL_REDUCE_DRAG,REDUCE25,95,LT1,0.4041615919240238,1791038659893,1791038684998,25.105,0.3435676501063245,0.8500749625187294,0.4041615919240238,5.095,0.011892824694347258,5,25.105,2,RECOVERED_NEW_HIGH,1791038789971,104.973
PAPER:CYSUSDT:1791038399999:LONG,CYSUSDT,LONG,True,PARTIAL_REDUCE_DRAG,REDUCE25,90,LT1,0.4041615919240238,1791038659893,1791038684998,25.105,0.3435676501063245,0.8500749625187294,0.4041615919240238,5.095,0.011892824694347258,5,25.105,2,RECOVERED_NEW_HIGH,1791038789971,104.973
PAPER:CYSUSDT:1791038399999:LONG,CYSUSDT,LONG,True,PARTIAL_REDUCE_DRAG,REDUCE25,85,LT1,0.4041615919240238,1791038659893,1791038699985,40.092,0.28297370828864743,0.7001499250375136,0.4041615919240238,5.043,0.0240309108933921,1,5.043,5,RECOVERED_NEW_HIGH,1791038789971,89.986
PAPER:CYSUSDT:1791038399999:LONG,CYSUSDT,LONG,True,PARTIAL_REDUCE_DRAG,REDUCE25,80,LT1,0.4041615919240238,1791038659893,1791038699985,40.092,0.28297370828864743,0.7001499250375136,0.4041615919240238,5.043,0.0240309108933921,1,5.043,5,RECOVERED_NEW_HIGH,1791038789971,89.986
PAPER:CYSUSDT:1791038399999:LONG,CYSUSDT,LONG,True,PARTIAL_REDUCE_DRAG,REDUCE25,75,LT1,0.4041615919240238,1791038659893,1791038699985,40.092,0.28297370828864743,0.7001499250375136,0.4041615919240238,5.043,0.0240309108933921,1,5.043,5,RECOVERED_NEW_HIGH,1791038789971,89.986
PAPER:CYSUSDT:1791038399999:LONG,CYSUSDT,LONG,True,PARTIAL_REDUCE_DRAG,REDUCE25,95,LT1,0.46475553374172307,1791038789971,1791038794861,4.89,0.3435676501063245,0.7392438070404002,0.46475553374172307,4.89,0.02478279828944756,1,4.89,5,RECOVERED_NEW_HIGH,1791038819960,25.099
PAPER:CYSUSDT:1791038399999:LONG,CYSUSDT,LONG,True,PARTIAL_REDUCE_DRAG,REDUCE25,90,LT1,0.46475553374172307,1791038789971,1791038794861,4.89,0.3435676501063245,0.7392438070404002,0.46475553374172307,4.89,0.02478279828944756,1,4.89,5,RECOVERED_NEW_HIGH,1791038819960,25.099
PAPER:CYSUSDT:1791038399999:LONG,CYSUSDT,LONG,True,PARTIAL_REDUCE_DRAG,REDUCE25,85,LT1,0.46475553374172307,1791038789971,1791038794861,4.89,0.3435676501063245,0.7392438070404002,0.46475553374172307,4.89,0.02478279828944756,1,4.89,5,RECOVERED_NEW_HIGH,1791038819960,25.099
PAPER:CYSUSDT:1791038399999:LONG,CYSUSDT,LONG,True,PARTIAL_REDUCE_DRAG,REDUCE25,80,LT1,0.46475553374172307,1791038789971,1791038794861,4.89,0.3435676501063245,0.7392438070404002,0.46475553374172307,4.89,0.02478279828944756,1,4.89,5,RECOVERED_NEW_HIGH,1791038819960,25.099
PAPER:CYSUSDT:1791038399999:LONG,CYSUSDT,LONG,True,PARTIAL_REDUCE_DRAG,REDUCE25,75,LT1,0.46475553374172307,1791038789971,1791038794861,4.89,0.3435676501063245,0.7392438070404002,0.46475553374172307,4.89,0.02478279828944756,1,4.89,5,RECOVERED_NEW_HIGH,1791038819960,25.099
PAPER:CYSUSDT:1791038399999:LONG,CYSUSDT,LONG,True,PARTIAL_REDUCE_DRAG,REDUCE25,95,LT1,0.5253494755594224,1791038819960,1791038849978,30.018,0.46475553374172307,0.8846597462514351,0.5253494755594224,5.089,0.01190684649591261,6,30.018,2,RECOVERED_NEW_HIGH,1791038909949,59.971
PAPER:CYSUSDT:1791038399999:LONG,CYSUSDT,LONG,True,PARTIAL_REDUCE_DRAG,REDUCE25,90,LT1,0.5253494755594224,1791038819960,1791038849978,30.018,0.46475553374172307,0.8846597462514351,0.5253494755594224,5.089,0.01190684649591261,6,30.018,2,RECOVERED_NEW_HIGH,1791038909949,59.971
PAPER:CYSUSDT:1791038399999:LONG,CYSUSDT,LONG,True,PARTIAL_REDUCE_DRAG,REDUCE25,95,LT1,0.5859434173771216,1791038909949,1791038924945,14.996,0.5253494755594224,0.8965873836608013,0.5859434173771216,5.086,0.011913869802929468,3,14.996,2,RECOVERED_NEW_HIGH,1791038964923,39.978
PAPER:CYSUSDT:1791038399999:LONG,CYSUSDT,LONG,True,PARTIAL_REDUCE_DRAG,REDUCE25,90,LT1,0.5859434173771216,1791038909949,1791038924945,14.996,0.5253494755594224,0.8965873836608013,0.5859434173771216,5.086,0.011913869802929468,3,14.996,2,RECOVERED_NEW_HIGH,1791038964923,39.978
PAPER:CYSUSDT:1791038399999:LONG,CYSUSDT,LONG,True,PARTIAL_REDUCE_DRAG,REDUCE25,95,LT1,0.6465373591948209,1791038964923,1791038984976,20.053,0.46475553374172307,0.7188378631677469,0.6465373591948209,5.139,0.035372995807179966,4,20.053,5,RECOVERED_NEW_HIGH,1791039399789,414.813
PAPER:CYSUSDT:1791038399999:LONG,CYSUSDT,LONG,True,PARTIAL_REDUCE_DRAG,REDUCE25,90,LT1,0.6465373591948209,1791038964923,1791038984976,20.053,0.46475553374172307,0.7188378631677469,0.6465373591948209,5.139,0.035372995807179966,4,20.053,5,RECOVERED_NEW_HIGH,1791039399789,414.813
PAPER:CYSUSDT:1791038399999:LONG,CYSUSDT,LONG,True,PARTIAL_REDUCE_DRAG,REDUCE25,85,LT1,0.6465373591948209,1791038964923,1791038984976,20.053,0.46475553374172307,0.7188378631677469,0.6465373591948209,5.139,0.035372995807179966,4,20.053,5,RECOVERED_NEW_HIGH,1791039399789,414.813
PAPER:CYSUSDT:1791038399999:LONG,CYSUSDT,LONG,True,PARTIAL_REDUCE_DRAG,REDUCE25,80,LT1,0.6465373591948209,1791038964923,1791038984976,20.053,0.46475553374172307,0.7188378631677469,0.6465373591948209,5.139,0.035372995807179966,4,20.053,5,RECOVERED_NEW_HIGH,1791039399789,414.813
PAPER:CYSUSDT:1791038399999:LONG,CYSUSDT,LONG,True,PARTIAL_REDUCE_DRAG,REDUCE25,75,LT1,0.6465373591948209,1791038964923,1791038984976,20.053,0.46475553374172307,0.7188378631677469,0.6465373591948209,5.139,0.035372995807179966,4,20.053,5,RECOVERED_NEW_HIGH,1791039399789,414.813
PAPER:CYSUSDT:1791038399999:LONG,CYSUSDT,LONG,True,PARTIAL_REDUCE_DRAG,REDUCE25,95,LT1,0.707131301012498,1791039399789,1791039429790,30.001,0.5253494755594224,0.7429305912596523,0.707131301012498,4.99,0.03642922353769051,6,30.001,5,FINAL_REVERSAL,,
PAPER:CYSUSDT:1791038399999:LONG,CYSUSDT,LONG,True,PARTIAL_REDUCE_DRAG,REDUCE25,90,LT1,0.707131301012498,1791039399789,1791039429790,30.001,0.5253494755594224,0.7429305912596523,0.707131301012498,4.99,0.03642922353769051,6,30.001,5,FINAL_REVERSAL,,
PAPER:CYSUSDT:1791038399999:LONG,CYSUSDT,LONG,True,PARTIAL_REDUCE_DRAG,REDUCE25,85,LT1,0.707131301012498,1791039399789,1791039429790,30.001,0.5253494755594224,0.7429305912596523,0.707131301012498,4.99,0.03642922353769051,6,30.001,5,FINAL_REVERSAL,,
PAPER:CYSUSDT:1791038399999:LONG,CYSUSDT,LONG,True,PARTIAL_REDUCE_DRAG,REDUCE25,80,LT1,0.707131301012498,1791039399789,1791039429790,30.001,0.5253494755594224,0.7429305912596523,0.707131301012498,4.99,0.03642922353769051,6,30.001,5,FINAL_REVERSAL,,
PAPER:CYSUSDT:1791038399999:LONG,CYSUSDT,LONG,True,PARTIAL_REDUCE_DRAG,REDUCE25,75,LT1,0.707131301012498,1791039399789,1791039429790,30.001,0.5253494755594224,0.7429305912596523,0.707131301012498,4.99,0.03642922353769051,6,30.001,5,FINAL_REVERSAL,,
PAPER:FLOWUSDT:1791038399999:LONG,FLOWUSDT,LONG,True,RUNNER_TRIGGER_DELAY,RUNNER_CLOSE,95,LT1,0.010145694707919262,1791038490259,1791038494957,4.698,-0.019996000799837876,-1.9708853238240964,0.010145694707919262,4.698,0.0064158568556315744,1,4.698,5,RECOVERED_NEW_HIGH,1791038535053,40.096
PAPER:FLOWUSDT:1791038399999:LONG,FLOWUSDT,LONG,True,RUNNER_TRIGGER_DELAY,RUNNER_CLOSE,90,LT1,0.010145694707919262,1791038490259,1791038494957,4.698,-0.019996000799837876,-1.9708853238240964,0.010145694707919262,4.698,0.0064158568556315744,1,4.698,5,RECOVERED_NEW_HIGH,1791038535053,40.096
PAPER:FLOWUSDT:1791038399999:LONG,FLOWUSDT,LONG,True,RUNNER_TRIGGER_DELAY,RUNNER_CLOSE,85,LT1,0.010145694707919262,1791038490259,1791038494957,4.698,-0.019996000799837876,-1.9708853238240964,0.010145694707919262,4.698,0.0064158568556315744,1,4.698,5,RECOVERED_NEW_HIGH,1791038535053,40.096
PAPER:FLOWUSDT:1791038399999:LONG,FLOWUSDT,LONG,True,RUNNER_TRIGGER_DELAY,RUNNER_CLOSE,80,LT1,0.010145694707919262,1791038490259,1791038494957,4.698,-0.019996000799837876,-1.9708853238240964,0.010145694707919262,4.698,0.0064158568556315744,1,4.698,5,RECOVERED_NEW_HIGH,1791038535053,40.096
PAPER:FLOWUSDT:1791038399999:LONG,FLOWUSDT,LONG,True,RUNNER_TRIGGER_DELAY,RUNNER_CLOSE,75,LT1,0.010145694707919262,1791038490259,1791038494957,4.698,-0.019996000799837876,-1.9708853238240964,0.010145694707919262,4.698,0.0064158568556315744,1,4.698,5,RECOVERED_NEW_HIGH,1791038535053,40.096
PAPER:FLOWUSDT:1791038399999:LONG,FLOWUSDT,LONG,True,RUNNER_TRIGGER_DELAY,RUNNER_CLOSE,95,LT1,0.25127925876988755,1791038559906,1791038569908,10.002,0.16085417224667165,0.640141064702742,0.25127925876988755,4.87,0.018567779573555626,2,10.002,5,RECOVERED_NEW_HIGH,1791038749921,180.013
PAPER:FLOWUSDT:1791038399999:LONG,FLOWUSDT,LONG,True,RUNNER_TRIGGER_DELAY,RUNNER_CLOSE,90,LT1,0.25127925876988755,1791038559906,1791038569908,10.002,0.16085417224667165,0.640141064702742,0.25127925876988755,4.87,0.018567779573555626,2,10.002,5,RECOVERED_NEW_HIGH,1791038749921,180.013
PAPER:FLOWUSDT:1791038399999:LONG,FLOWUSDT,LONG,True,RUNNER_TRIGGER_DELAY,RUNNER_CLOSE,85,LT1,0.25127925876988755,1791038559906,1791038569908,10.002,0.16085417224667165,0.640141064702742,0.25127925876988755,4.87,0.018567779573555626,2,10.002,5,RECOVERED_NEW_HIGH,1791038749921,180.013
PAPER:FLOWUSDT:1791038399999:LONG,FLOWUSDT,LONG,True,RUNNER_TRIGGER_DELAY,RUNNER_CLOSE,80,LT1,0.25127925876988755,1791038559906,1791038569908,10.002,0.16085417224667165,0.640141064702742,0.25127925876988755,4.87,0.018567779573555626,2,10.002,5,RECOVERED_NEW_HIGH,1791038749921,180.013
PAPER:FLOWUSDT:1791038399999:LONG,FLOWUSDT,LONG,True,RUNNER_TRIGGER_DELAY,RUNNER_CLOSE,75,LT1,0.25127925876988755,1791038559906,1791038569908,10.002,0.16085417224667165,0.640141064702742,0.25127925876988755,4.87,0.018567779573555626,2,10.002,5,RECOVERED_NEW_HIGH,1791038749921,180.013
PAPER:FLOWUSDT:1791038399999:LONG,FLOWUSDT,LONG,True,RUNNER_TRIGGER_DELAY,RUNNER_CLOSE,95,LT1,0.3115626497853796,1791038749921,1791038754925,5.004,0.2814209542776558,0.903256389915521,0.3115626497853796,5.004,0.0060235202853165136,1,5.004,1,RECOVERED_NEW_HIGH,1791038779909,24.984
PAPER:FLOWUSDT:1791038399999:LONG,FLOWUSDT,LONG,True,RUNNER_TRIGGER_DELAY,RUNNER_CLOSE,95,LT1,0.3718460408008939,1791038779909,1791038784918,5.009,0.3115626497853796,0.8378807775237461,0.3718460408008939,5.009,0.012035015175786439,1,5.009,3,RECOVERED_NEW_HIGH,1791038829954,45.036
PAPER:FLOWUSDT:1791038399999:LONG,FLOWUSDT,LONG,True,RUNNER_TRIGGER_DELAY,RUNNER_CLOSE,90,LT1,0.3718460408008939,1791038779909,1791038784918,5.009,0.3115626497853796,0.8378807775237461,0.3718460408008939,5.009,0.012035015175786439,1,5.009,3,RECOVERED_NEW_HIGH,1791038829954,45.036
PAPER:FLOWUSDT:1791038399999:LONG,FLOWUSDT,LONG,True,RUNNER_TRIGGER_DELAY,RUNNER_CLOSE,85,LT1,0.3718460408008939,1791038779909,1791038784918,5.009,0.3115626497853796,0.8378807775237461,0.3718460408008939,5.009,0.012035015175786439,1,5.009,3,RECOVERED_NEW_HIGH,1791038829954,45.036
PAPER:FLOWUSDT:1791038399999:LONG,FLOWUSDT,LONG,True,RUNNER_TRIGGER_DELAY,RUNNER_CLOSE,95,LT1,0.7335463868938685,1791038909962,1791038919871,9.909,0.6732629958783765,0.917819251662112,0.7335463868938685,4.99,0.012080839882864142,2,9.909,1,RECOVERED_NEW_HIGH,1791038949871,30.0
PAPER:FLOWUSDT:1791038399999:LONG,FLOWUSDT,LONG,True,RUNNER_TRIGGER_DELAY,RUNNER_CLOSE,90,LT1,0.7335463868938685,1791038909962,1791038924948,14.986,0.6129796048628844,0.8356385033242238,0.6732629958783765,5.077,0.01187382135424307,3,14.986,2,RECOVERED_NEW_HIGH,1791038949871,24.923
PAPER:FLOWUSDT:1791038399999:LONG,FLOWUSDT,LONG,True,RUNNER_TRIGGER_DELAY,RUNNER_CLOSE,85,LT1,0.7335463868938685,1791038909962,1791038924948,14.986,0.6129796048628844,0.8356385033242238,0.6732629958783765,5.077,0.01187382135424307,3,14.986,2,RECOVERED_NEW_HIGH,1791038949871,24.923
PAPER:FLOWUSDT:1791038399999:LONG,FLOWUSDT,LONG,True,RUNNER_TRIGGER_DELAY,RUNNER_CLOSE,95,LT1,0.7938297779093606,1791038989862,1791038994860,4.998,0.7335463868938685,0.924060053309848,0.7938297779093606,4.998,0.012061502804220102,1,4.998,1,RECOVERED_NEW_HIGH,1791039024884,30.024
PAPER:FLOWUSDT:1791038399999:LONG,FLOWUSDT,LONG,True,RUNNER_TRIGGER_DELAY,RUNNER_CLOSE,95,LT1,0.974679950955859,1791039094877,1791039099874,4.997,0.914396559940367,0.9381505786013422,0.974679950955859,4.997,0.012063916553030232,1,4.997,1,RECOVERED_NEW_HIGH,1791039114875,15.001
PAPER:FLOWUSDT:1791038399999:LONG,FLOWUSDT,LONG,True,RUNNER_TRIGGER_DELAY,RUNNER_CLOSE,95,1_TO_1_5,1.0651050374790971,1791039139845,1791039149967,10.122,0.914396559940367,0.8585036477759708,1.0651050374790971,5.082,0.029655347803764304,2,10.122,2,RECOVERED_NEW_HIGH,1791039329952,179.985
PAPER:FLOWUSDT:1791038399999:LONG,FLOWUSDT,LONG,True,RUNNER_TRIGGER_DELAY,RUNNER_CLOSE,90,1_TO_1_5,1.0651050374790971,1791039139845,1791039149967,10.122,0.914396559940367,0.8585036477759708,1.0651050374790971,5.082,0.029655347803764304,2,10.122,2,RECOVERED_NEW_HIGH,1791039329952,179.985
PAPER:FLOWUSDT:1791038399999:LONG,FLOWUSDT,LONG,True,RUNNER_TRIGGER_DELAY,RUNNER_CLOSE,85,1_TO_1_5,1.0651050374790971,1791039139845,1791039164995,25.15,0.7938297779093606,0.7453065659967265,0.944538255448113,5.115,0.029464022979228226,2,10.064,3,RECOVERED_NEW_HIGH,1791039329952,164.957
PAPER:FLOWUSDT:1791038399999:LONG,FLOWUSDT,LONG,True,RUNNER_TRIGGER_DELAY,RUNNER_CLOSE,80,1_TO_1_5,1.0651050374790971,1791039139845,1791039164995,25.15,0.7938297779093606,0.7453065659967265,0.944538255448113,5.115,0.029464022979228226,2,10.064,3,RECOVERED_NEW_HIGH,1791039329952,164.957
PAPER:FLOWUSDT:1791038399999:LONG,FLOWUSDT,LONG,True,RUNNER_TRIGGER_DELAY,RUNNER_CLOSE,75,1_TO_1_5,1.0651050374790971,1791039139845,1791039164995,25.15,0.7938297779093606,0.7453065659967265,0.944538255448113,5.115,0.029464022979228226,2,10.064,3,RECOVERED_NEW_HIGH,1791039329952,164.957
PAPER:FLOWUSDT:1791038399999:LONG,FLOWUSDT,LONG,True,RUNNER_TRIGGER_DELAY,RUNNER_CLOSE,95,1_TO_1_5,1.1555301240023352,1791039364874,1791039369860,4.986,1.0952467329868432,0.9478305327024341,1.1555301240023352,4.986,0.012090531691835554,1,4.986,1,RECOVERED_NEW_HIGH,1791039519782,149.922
PAPER:FLOWUSDT:1791038399999:LONG,FLOWUSDT,LONG,True,RUNNER_TRIGGER_DELAY,RUNNER_CLOSE,90,1_TO_1_5,1.1555301240023352,1791039364874,1791039384837,19.963,1.004821646463605,0.8695763317560853,1.1253884284946114,4.996,0.02413266253623025,1,4.996,2,RECOVERED_NEW_HIGH,1791039519782,134.945
PAPER:FLOWUSDT:1791038399999:LONG,FLOWUSDT,LONG,True,RUNNER_TRIGGER_DELAY,RUNNER_CLOSE,85,1_TO_1_5,1.1555301240023352,1791039364874,1791039404978,40.104,0.944538255448113,0.8174068644585194,1.004821646463605,5.131,0.011748858120345365,2,10.159,1,RECOVERED_NEW_HIGH,1791039519782,114.804
PAPER:FLOWUSDT:1791038399999:LONG,FLOWUSDT,LONG,True,RUNNER_TRIGGER_DELAY,RUNNER_CLOSE,95,1_TO_1_5,1.2459552105255955,1791039529782,1791039544790,15.008,1.1555301240023352,0.9274250905976666,1.2459552105255955,4.912,0.018409015986005764,3,15.008,1,RECOVERED_NEW_HIGH,1791039634799,90.009
PAPER:FLOWUSDT:1791038399999:LONG,FLOWUSDT,LONG,True,RUNNER_TRIGGER_DELAY,RUNNER_CLOSE,90,1_TO_1_5,1.2459552105255955,1791039529782,1791039554866,25.084,1.0952467329868432,0.8790418176627895,1.2158135150178273,5.078,0.02374296613449865,1,5.078,2,RECOVERED_NEW_HIGH,1791039634799,79.933
PAPER:FLOWUSDT:1791038399999:LONG,FLOWUSDT,LONG,True,RUNNER_TRIGGER_DELAY,RUNNER_CLOSE,85,1_TO_1_5,1.2459552105255955,1791039529782,1791039584891,55.109,1.034963341971351,0.8306585447279126,1.1253884284946114,5.113,0.017685328872141658,5,25.109,2,RECOVERED_NEW_HIGH,1791039634799,49.908
PAPER:FLOWUSDT:1791038399999:LONG,FLOWUSDT,LONG,True,RUNNER_TRIGGER_DELAY,RUNNER_CLOSE,95,1_TO_1_5,1.396663688064348,1791039654787,1791039659881,5.094,1.3062386015410876,0.9352563632204246,1.396663688064348,5.094,0.017751292996321222,1,5.094,1,RECOVERED_NEW_HIGH,1791039759752,99.871
PAPER:FLOWUSDT:1791038399999:LONG,FLOWUSDT,LONG,True,RUNNER_TRIGGER_DELAY,RUNNER_CLOSE,90,1_TO_1_5,1.396663688064348,1791039654787,1791039664785,9.998,1.1253884284946114,0.8057690896613057,1.3062386015410876,4.904,0.03687809401437117,2,9.998,2,RECOVERED_NEW_HIGH,1791039759752,94.967
PAPER:FLOWUSDT:1791038399999:LONG,FLOWUSDT,LONG,True,RUNNER_TRIGGER_DELAY,RUNNER_CLOSE,85,1_TO_1_5,1.396663688064348,1791039654787,1791039664785,9.998,1.1253884284946114,0.8057690896613057,1.3062386015410876,4.904,0.03687809401437117,2,9.998,2,RECOVERED_NEW_HIGH,1791039759752,94.967
PAPER:FLOWUSDT:1791038399999:LONG,FLOWUSDT,LONG,True,RUNNER_TRIGGER_DELAY,RUNNER_CLOSE,95,1_TO_1_5,1.4268053835720718,1791039759752,1791039764830,5.078,1.3363802970488114,0.9366240921401088,1.4268053835720718,5.078,0.017807224600878357,1,5.078,1,RECOVERED_NEW_HIGH,1791039784761,19.931
PAPER:FLOWUSDT:1791038399999:LONG,FLOWUSDT,LONG,True,RUNNER_TRIGGER_DELAY,RUNNER_CLOSE,95,1_5_TO_3,1.517230470095332,1791039784761,1791039794852,10.091,1.2459552105255955,0.8212036569812023,1.517230470095332,5.091,0.05328526017869505,2,10.091,3,RECOVERED_NEW_HIGH,1791039869782,74.93
PAPER:FLOWUSDT:1791038399999:LONG,FLOWUSDT,LONG,True,RUNNER_TRIGGER_DELAY,RUNNER_CLOSE,90,1_5_TO_3,1.517230470095332,1791039784761,1791039794852,10.091,1.2459552105255955,0.8212036569812023,1.517230470095332,5.091,0.05328526017869505,2,10.091,3,RECOVERED_NEW_HIGH,1791039869782,74.93
PAPER:FLOWUSDT:1791038399999:LONG,FLOWUSDT,LONG,True,RUNNER_TRIGGER_DELAY,RUNNER_CLOSE,85,1_5_TO_3,1.517230470095332,1791039784761,1791039794852,10.091,1.2459552105255955,0.8212036569812023,1.517230470095332,5.091,0.05328526017869505,2,10.091,3,RECOVERED_NEW_HIGH,1791039869782,74.93
PAPER:FLOWUSDT:1791038399999:LONG,FLOWUSDT,LONG,True,RUNNER_TRIGGER_DELAY,RUNNER_CLOSE,95,1_5_TO_3,1.8789308161882845,1791039994752,1791040014697,19.945,1.7282223386495543,0.919790299759697,1.8789308161882845,4.989,0.030208153445325753,1,4.989,1,RECOVERED_NEW_HIGH,1791040044720,30.023
PAPER:FLOWUSDT:1791038399999:LONG,FLOWUSDT,LONG,True,RUNNER_TRIGGER_DELAY,RUNNER_CLOSE,95,1_5_TO_3,2.5119064218509957,1791040079801,1791040084704,4.903,2.3611979443122655,0.9400023519078092,2.5119064218509957,4.903,0.03073801295915362,1,4.903,1,RECOVERED_NEW_HIGH,1791040089709,5.005
PAPER:FLOWUSDT:1791038399999:LONG,FLOWUSDT,LONG,True,RUNNER_TRIGGER_DELAY,RUNNER_CLOSE,95,1_5_TO_3,2.63247320388198,1791040089709,1791040099707,9.998,2.4516230308355036,0.9313002796078663,2.5119064218509957,4.93,0.01222786836014038,2,9.998,1,RECOVERED_NEW_HIGH,1791040119702,19.995
PAPER:FLOWUSDT:1791038399999:LONG,FLOWUSDT,LONG,True,RUNNER_TRIGGER_DELAY,RUNNER_CLOSE,95,1_5_TO_3,2.783181681420732,1791040124789,1791040129701,4.912,2.5721898128664877,0.9241904077039845,2.783181681420732,4.912,0.04295437063400742,1,4.912,1,RECOVERED_NEW_HIGH,1791040719717,590.016
PAPER:FLOWUSDT:1791038399999:LONG,FLOWUSDT,LONG,True,RUNNER_TRIGGER_DELAY,RUNNER_CLOSE,90,1_5_TO_3,2.783181681420732,1791040124789,1791040134700,9.911,2.4516230308355036,0.8808706406776946,2.5721898128664877,4.999,0.02411818004220527,2,9.911,1,RECOVERED_NEW_HIGH,1791040719717,585.017
PAPER:FLOWUSDT:1791038399999:LONG,FLOWUSDT,LONG,True,RUNNER_TRIGGER_DELAY,RUNNER_CLOSE,85,1_5_TO_3,2.783181681420732,1791040124789,1791040154790,30.001,2.089922684742529,0.7509113395988166,2.3913396398200115,5.088,0.05924075374950522,6,30.001,2,RECOVERED_NEW_HIGH,1791040719717,564.927
PAPER:FLOWUSDT:1791038399999:LONG,FLOWUSDT,LONG,True,RUNNER_TRIGGER_DELAY,RUNNER_CLOSE,80,1_5_TO_3,2.783181681420732,1791040124789,1791040154790,30.001,2.089922684742529,0.7509113395988166,2.3913396398200115,5.088,0.05924075374950522,6,30.001,2,RECOVERED_NEW_HIGH,1791040719717,564.927
PAPER:FLOWUSDT:1791038399999:LONG,FLOWUSDT,LONG,True,RUNNER_TRIGGER_DELAY,RUNNER_CLOSE,75,1_5_TO_3,2.783181681420732,1791040124789,1791040159707,34.918,1.9090725116960527,0.6859316890593816,2.089922684742529,4.917,0.03678059244386338,7,34.918,1,RECOVERED_NEW_HIGH,1791040719717,560.01
PAPER:FLOWUSDT:1791038399999:LONG,FLOWUSDT,LONG,True,RUNNER_TRIGGER_DELAY,RUNNER_CLOSE,95,1_5_TO_3,2.9338901589594846,1791040719717,1791040739791,20.074,2.481764726343272,0.8458955829564659,2.9037484634517163,5.078,0.08310038147074526,2,10.034,3,FINAL_REVERSAL,,
PAPER:FLOWUSDT:1791038399999:LONG,FLOWUSDT,LONG,True,RUNNER_TRIGGER_DELAY,RUNNER_CLOSE,90,1_5_TO_3,2.9338901589594846,1791040719717,1791040739791,20.074,2.481764726343272,0.8458955829564659,2.9037484634517163,5.078,0.08310038147074526,2,10.034,3,FINAL_REVERSAL,,
PAPER:FLOWUSDT:1791038399999:LONG,FLOWUSDT,LONG,True,RUNNER_TRIGGER_DELAY,RUNNER_CLOSE,85,1_5_TO_3,2.9338901589594846,1791040719717,1791040739791,20.074,2.481764726343272,0.8458955829564659,2.9037484634517163,5.078,0.08310038147074526,2,10.034,3,FINAL_REVERSAL,,
PAPER:FLOWUSDT:1791038399999:LONG,FLOWUSDT,LONG,True,RUNNER_TRIGGER_DELAY,RUNNER_CLOSE,80,1_5_TO_3,2.9338901589594846,1791040719717,1791040824724,105.007,2.300914553296751,0.7842538161390402,2.4214813353277798,5.001,0.024108534699265854,4,19.997,1,FINAL_REVERSAL,,
PAPER:FLOWUSDT:1791038399999:LONG,FLOWUSDT,LONG,True,RUNNER_TRIGGER_DELAY,RUNNER_CLOSE,75,1_5_TO_3,2.9338901589594846,1791040719717,1791040834765,115.048,2.180347771265767,0.7431593049274332,2.2707728577890274,4.981,0.018154002514206045,6,30.038,1,FINAL_REVERSAL,,
PAPER:FLUIDUSDT:1791038399999:LONG,FLUIDUSDT,LONG,True,PARTIAL_REDUCE_DRAG,REDUCE25,95,LT1,0.09966887532129043,1791038514947,1791038524950,10.003,-0.019996000799837876,-0.2006243246487853,0.09966887532129043,4.9,0.02442140329002618,2,10.003,5,RECOVERED_NEW_HIGH,1791038619929,94.979
PAPER:FLUIDUSDT:1791038399999:LONG,FLUIDUSDT,LONG,True,PARTIAL_REDUCE_DRAG,REDUCE25,90,LT1,0.09966887532129043,1791038514947,1791038524950,10.003,-0.019996000799837876,-0.2006243246487853,0.09966887532129043,4.9,0.02442140329002618,2,10.003,5,RECOVERED_NEW_HIGH,1791038619929,94.979
PAPER:FLUIDUSDT:1791038399999:LONG,FLUIDUSDT,LONG,True,PARTIAL_REDUCE_DRAG,REDUCE25,85,LT1,0.09966887532129043,1791038514947,1791038524950,10.003,-0.019996000799837876,-0.2006243246487853,0.09966887532129043,4.9,0.02442140329002618,2,10.003,5,RECOVERED_NEW_HIGH,1791038619929,94.979
PAPER:FLUIDUSDT:1791038399999:LONG,FLUIDUSDT,LONG,True,PARTIAL_REDUCE_DRAG,REDUCE25,80,LT1,0.09966887532129043,1791038514947,1791038524950,10.003,-0.019996000799837876,-0.2006243246487853,0.09966887532129043,4.9,0.02442140329002618,2,10.003,5,RECOVERED_NEW_HIGH,1791038619929,94.979
PAPER:FLUIDUSDT:1791038399999:LONG,FLUIDUSDT,LONG,True,PARTIAL_REDUCE_DRAG,REDUCE25,75,LT1,0.09966887532129043,1791038514947,1791038524950,10.003,-0.019996000799837876,-0.2006243246487853,0.09966887532129043,4.9,0.02442140329002618,2,10.003,5,RECOVERED_NEW_HIGH,1791038619929,94.979
PAPER:FLUIDUSDT:1791038399999:LONG,FLUIDUSDT,LONG,True,PARTIAL_REDUCE_DRAG,REDUCE25,95,LT1,0.21933375144240763,1791038619929,1791038685054,65.125,0.15950131338184903,0.7272082492225583,0.21933375144240763,5.126,0.011672344529956809,13,65.125,5,RECOVERED_NEW_HIGH,1791038739986,54.932
PAPER:FLUIDUSDT:1791038399999:LONG,FLUIDUSDT,LONG,True,PARTIAL_REDUCE_DRAG,REDUCE25,90,LT1,0.21933375144240763,1791038619929,1791038685054,65.125,0.15950131338184903,0.7272082492225583,0.21933375144240763,5.126,0.011672344529956809,13,65.125,5,RECOVERED_NEW_HIGH,1791038739986,54.932
PAPER:FLUIDUSDT:1791038399999:LONG,FLUIDUSDT,LONG,True,PARTIAL_REDUCE_DRAG,REDUCE25,85,LT1,0.21933375144240763,1791038619929,1791038685054,65.125,0.15950131338184903,0.7272082492225583,0.21933375144240763,5.126,0.011672344529956809,13,65.125,5,RECOVERED_NEW_HIGH,1791038739986,54.932
PAPER:FLUIDUSDT:1791038399999:LONG,FLUIDUSDT,LONG,True,PARTIAL_REDUCE_DRAG,REDUCE25,80,LT1,0.21933375144240763,1791038619929,1791038685054,65.125,0.15950131338184903,0.7272082492225583,0.21933375144240763,5.126,0.011672344529956809,13,65.125,5,RECOVERED_NEW_HIGH,1791038739986,54.932
PAPER:FLUIDUSDT:1791038399999:LONG,FLUIDUSDT,LONG,True,PARTIAL_REDUCE_DRAG,REDUCE25,75,LT1,0.21933375144240763,1791038619929,1791038685054,65.125,0.15950131338184903,0.7272082492225583,0.21933375144240763,5.126,0.011672344529956809,13,65.125,5,RECOVERED_NEW_HIGH,1791038739986,54.932
PAPER:FLUIDUSDT:1791038399999:LONG,FLUIDUSDT,LONG,True,PARTIAL_REDUCE_DRAG,REDUCE25,95,LT1,0.27916618950296623,1791038739986,1791038760021,20.035,0.03983643726070962,0.14269792961545705,0.27916618950296623,5.086,0.04705657731857188,4,20.035,5,RECOVERED_NEW_HIGH,1791039195081,435.06
PAPER:FLUIDUSDT:1791038399999:LONG,FLUIDUSDT,LONG,True,PARTIAL_REDUCE_DRAG,REDUCE25,90,LT1,0.27916618950296623,1791038739986,1791038760021,20.035,0.03983643726070962,0.14269792961545705,0.27916618950296623,5.086,0.04705657731857188,4,20.035,5,RECOVERED_NEW_HIGH,1791039195081,435.06
PAPER:FLUIDUSDT:1791038399999:LONG,FLUIDUSDT,LONG,True,PARTIAL_REDUCE_DRAG,REDUCE25,85,LT1,0.27916618950296623,1791038739986,1791038760021,20.035,0.03983643726070962,0.14269792961545705,0.27916618950296623,5.086,0.04705657731857188,4,20.035,5,RECOVERED_NEW_HIGH,1791039195081,435.06
PAPER:FLUIDUSDT:1791038399999:LONG,FLUIDUSDT,LONG,True,PARTIAL_REDUCE_DRAG,REDUCE25,80,LT1,0.27916618950296623,1791038739986,1791038760021,20.035,0.03983643726070962,0.14269792961545705,0.27916618950296623,5.086,0.04705657731857188,4,20.035,5,RECOVERED_NEW_HIGH,1791039195081,435.06
PAPER:FLUIDUSDT:1791038399999:LONG,FLUIDUSDT,LONG,True,PARTIAL_REDUCE_DRAG,REDUCE25,75,LT1,0.27916618950296623,1791038739986,1791038760021,20.035,0.03983643726070962,0.14269792961545705,0.27916618950296623,5.086,0.04705657731857188,4,20.035,5,RECOVERED_NEW_HIGH,1791039195081,435.06
PAPER:FLUIDUSDT:1791038399999:LONG,FLUIDUSDT,LONG,True,PARTIAL_REDUCE_DRAG,REDUCE25,95,LT1,0.33899862756354704,1791039195081,1791039249880,54.799,0.27916618950296623,0.8235024180168254,0.33899862756354704,5.015,0.011930695525539544,11,54.799,3,RECOVERED_NEW_HIGH,1791039259921,10.041
PAPER:FLUIDUSDT:1791038399999:LONG,FLUIDUSDT,LONG,True,PARTIAL_REDUCE_DRAG,REDUCE25,90,LT1,0.33899862756354704,1791039195081,1791039249880,54.799,0.27916618950296623,0.8235024180168254,0.33899862756354704,5.015,0.011930695525539544,11,54.799,3,RECOVERED_NEW_HIGH,1791039259921,10.041
PAPER:FLUIDUSDT:1791038399999:LONG,FLUIDUSDT,LONG,True,PARTIAL_REDUCE_DRAG,REDUCE25,85,LT1,0.33899862756354704,1791039195081,1791039249880,54.799,0.27916618950296623,0.8235024180168254,0.33899862756354704,5.015,0.011930695525539544,11,54.799,3,RECOVERED_NEW_HIGH,1791039259921,10.041
PAPER:FLUIDUSDT:1791038399999:LONG,FLUIDUSDT,LONG,True,PARTIAL_REDUCE_DRAG,REDUCE25,95,LT1,0.39883106562410564,1791039259921,1791039264865,4.944,0.27916618950296623,0.6999609949293109,0.39883106562410564,4.944,0.024204060704113958,1,4.944,5,RECOVERED_NEW_HIGH,1791039329971,65.106
PAPER:FLUIDUSDT:1791038399999:LONG,FLUIDUSDT,LONG,True,PARTIAL_REDUCE_DRAG,REDUCE25,90,LT1,0.39883106562410564,1791039259921,1791039264865,4.944,0.27916618950296623,0.6999609949293109,0.39883106562410564,4.944,0.024204060704113958,1,4.944,5,RECOVERED_NEW_HIGH,1791039329971,65.106
PAPER:FLUIDUSDT:1791038399999:LONG,FLUIDUSDT,LONG,True,PARTIAL_REDUCE_DRAG,REDUCE25,85,LT1,0.39883106562410564,1791039259921,1791039264865,4.944,0.27916618950296623,0.6999609949293109,0.39883106562410564,4.944,0.024204060704113958,1,4.944,5,RECOVERED_NEW_HIGH,1791039329971,65.106
PAPER:FLUIDUSDT:1791038399999:LONG,FLUIDUSDT,LONG,True,PARTIAL_REDUCE_DRAG,REDUCE25,80,LT1,0.39883106562410564,1791039259921,1791039264865,4.944,0.27916618950296623,0.6999609949293109,0.39883106562410564,4.944,0.024204060704113958,1,4.944,5,RECOVERED_NEW_HIGH,1791039329971,65.106
PAPER:FLUIDUSDT:1791038399999:LONG,FLUIDUSDT,LONG,True,PARTIAL_REDUCE_DRAG,REDUCE25,75,LT1,0.39883106562410564,1791039259921,1791039264865,4.944,0.27916618950296623,0.6999609949293109,0.39883106562410564,4.944,0.024204060704113958,1,4.944,5,RECOVERED_NEW_HIGH,1791039329971,65.106
PAPER:FLUIDUSDT:1791038399999:LONG,FLUIDUSDT,LONG,True,PARTIAL_REDUCE_DRAG,REDUCE25,95,LT1,0.5184959417452228,1791039329971,1791039334864,4.893,0.33899862756354704,0.6538115349996766,0.5184959417452228,4.893,0.036684511379864254,1,4.893,5,FINAL_REVERSAL,,
PAPER:FLUIDUSDT:1791038399999:LONG,FLUIDUSDT,LONG,True,PARTIAL_REDUCE_DRAG,REDUCE25,90,LT1,0.5184959417452228,1791039329971,1791039334864,4.893,0.33899862756354704,0.6538115349996766,0.5184959417452228,4.893,0.036684511379864254,1,4.893,5,FINAL_REVERSAL,,
PAPER:FLUIDUSDT:1791038399999:LONG,FLUIDUSDT,LONG,True,PARTIAL_REDUCE_DRAG,REDUCE25,85,LT1,0.5184959417452228,1791039329971,1791039334864,4.893,0.33899862756354704,0.6538115349996766,0.5184959417452228,4.893,0.036684511379864254,1,4.893,5,FINAL_REVERSAL,,
PAPER:FLUIDUSDT:1791038399999:LONG,FLUIDUSDT,LONG,True,PARTIAL_REDUCE_DRAG,REDUCE25,80,LT1,0.5184959417452228,1791039329971,1791039334864,4.893,0.33899862756354704,0.6538115349996766,0.5184959417452228,4.893,0.036684511379864254,1,4.893,5,FINAL_REVERSAL,,
PAPER:FLUIDUSDT:1791038399999:LONG,FLUIDUSDT,LONG,True,PARTIAL_REDUCE_DRAG,REDUCE25,75,LT1,0.5184959417452228,1791039329971,1791039334864,4.893,0.33899862756354704,0.6538115349996766,0.5184959417452228,4.893,0.036684511379864254,1,4.893,5,FINAL_REVERSAL,,
PAPER:CFGUSDT:1791038399999:LONG,CFGUSDT,LONG,True,PARTIAL_REDUCE_DRAG,REDUCE25,95,LT1,0.24397760711885041,1791038500030,1791038514957,14.927,0.17798420513917002,0.7295104138490357,0.24397760711885041,4.87,0.013551006566669486,3,14.927,5,RECOVERED_NEW_HIGH,1791038664964,150.007
PAPER:CFGUSDT:1791038399999:LONG,CFGUSDT,LONG,True,PARTIAL_REDUCE_DRAG,REDUCE25,90,LT1,0.24397760711885041,1791038500030,1791038514957,14.927,0.17798420513917002,0.7295104138490357,0.24397760711885041,4.87,0.013551006566669486,3,14.927,5,RECOVERED_NEW_HIGH,1791038664964,150.007
PAPER:CFGUSDT:1791038399999:LONG,CFGUSDT,LONG,True,PARTIAL_REDUCE_DRAG,REDUCE25,85,LT1,0.24397760711885041,1791038500030,1791038514957,14.927,0.17798420513917002,0.7295104138490357,0.24397760711885041,4.87,0.013551006566669486,3,14.927,5,RECOVERED_NEW_HIGH,1791038664964,150.007
PAPER:CFGUSDT:1791038399999:LONG,CFGUSDT,LONG,True,PARTIAL_REDUCE_DRAG,REDUCE25,80,LT1,0.24397760711885041,1791038500030,1791038514957,14.927,0.17798420513917002,0.7295104138490357,0.24397760711885041,4.87,0.013551006566669486,3,14.927,5,RECOVERED_NEW_HIGH,1791038664964,150.007
PAPER:CFGUSDT:1791038399999:LONG,CFGUSDT,LONG,True,PARTIAL_REDUCE_DRAG,REDUCE25,75,LT1,0.24397760711885041,1791038500030,1791038514957,14.927,0.17798420513917002,0.7295104138490357,0.24397760711885041,4.87,0.013551006566669486,3,14.927,5,RECOVERED_NEW_HIGH,1791038664964,150.007
PAPER:CFGUSDT:1791038399999:LONG,CFGUSDT,LONG,True,PARTIAL_REDUCE_DRAG,REDUCE25,95,LT1,0.3759644110782112,1791038674923,1791038685106,10.183,0.24397760711885041,0.6489380375636038,0.3759644110782112,5.164,0.02555902477911712,2,10.183,5,RECOVERED_NEW_HIGH,1791042124743,3439.637
PAPER:CFGUSDT:1791038399999:LONG,CFGUSDT,LONG,True,PARTIAL_REDUCE_DRAG,REDUCE25,90,LT1,0.3759644110782112,1791038674923,1791038685106,10.183,0.24397760711885041,0.6489380375636038,0.3759644110782112,5.164,0.02555902477911712,2,10.183,5,RECOVERED_NEW_HIGH,1791042124743,3439.637
PAPER:CFGUSDT:1791038399999:LONG,CFGUSDT,LONG,True,PARTIAL_REDUCE_DRAG,REDUCE25,85,LT1,0.3759644110782112,1791038674923,1791038685106,10.183,0.24397760711885041,0.6489380375636038,0.3759644110782112,5.164,0.02555902477911712,2,10.183,5,RECOVERED_NEW_HIGH,1791042124743,3439.637
PAPER:CFGUSDT:1791038399999:LONG,CFGUSDT,LONG,True,PARTIAL_REDUCE_DRAG,REDUCE25,80,LT1,0.3759644110782112,1791038674923,1791038685106,10.183,0.24397760711885041,0.6489380375636038,0.3759644110782112,5.164,0.02555902477911712,2,10.183,5,RECOVERED_NEW_HIGH,1791042124743,3439.637
PAPER:CFGUSDT:1791038399999:LONG,CFGUSDT,LONG,True,PARTIAL_REDUCE_DRAG,REDUCE25,75,LT1,0.3759644110782112,1791038674923,1791038685106,10.183,0.24397760711885041,0.6489380375636038,0.3759644110782112,5.164,0.02555902477911712,2,10.183,5,RECOVERED_NEW_HIGH,1791042124743,3439.637
PAPER:CFGUSDT:1791038399999:LONG,CFGUSDT,LONG,True,PARTIAL_REDUCE_DRAG,REDUCE25,95,LT1,0.5079512150375276,1791042124743,1791042134852,10.109,0.4419578130578694,0.8700792516565147,0.5079512150375276,5.115,0.012901935870900917,2,10.109,2,FINAL_REVERSAL,,
PAPER:CFGUSDT:1791038399999:LONG,CFGUSDT,LONG,True,PARTIAL_REDUCE_DRAG,REDUCE25,90,LT1,0.5079512150375276,1791042124743,1791042134852,10.109,0.4419578130578694,0.8700792516565147,0.5079512150375276,5.115,0.012901935870900917,2,10.109,2,FINAL_REVERSAL,,
PAPER:CFGUSDT:1791038399999:LONG,CFGUSDT,LONG,True,PARTIAL_REDUCE_DRAG,REDUCE25,85,LT1,0.5079512150375276,1791042124743,1791042139736,14.993,0.24397760711885041,0.4803170066259715,0.4419578130578694,4.884,0.04053648770250184,3,14.993,3,FINAL_REVERSAL,,
PAPER:CFGUSDT:1791038399999:LONG,CFGUSDT,LONG,True,PARTIAL_REDUCE_DRAG,REDUCE25,80,LT1,0.5079512150375276,1791042124743,1791042139736,14.993,0.24397760711885041,0.4803170066259715,0.4419578130578694,4.884,0.04053648770250184,3,14.993,3,FINAL_REVERSAL,,
PAPER:CFGUSDT:1791038399999:LONG,CFGUSDT,LONG,True,PARTIAL_REDUCE_DRAG,REDUCE25,75,LT1,0.5079512150375276,1791042124743,1791042139736,14.993,0.24397760711885041,0.4803170066259715,0.4419578130578694,4.884,0.04053648770250184,3,14.993,3,FINAL_REVERSAL,,
PAPER:OPUSDT:1791038399999:LONG,OPUSDT,LONG,False,CONTROL_GE75,RUNNER_CLOSE,95,LT1,0.13360558556223534,1791038495014,1791038500033,5.019,0.12629122430691808,0.9452540758342014,0.13360558556223534,5.019,0.001457334380417864,1,5.019,1,RECOVERED_NEW_HIGH,1791038505300,5.267
PAPER:OPUSDT:1791038399999:LONG,OPUSDT,LONG,False,CONTROL_GE75,RUNNER_CLOSE,95,LT1,0.1628630305835932,1791038505300,1791038509998,4.698,0.11897686305155641,0.730533274649392,0.1628630305835932,4.698,0.009341457541940565,1,4.698,5,RECOVERED_NEW_HIGH,1791038514959,4.961
PAPER:OPUSDT:1791038399999:LONG,OPUSDT,LONG,False,CONTROL_GE75,RUNNER_CLOSE,90,LT1,0.1628630305835932,1791038505300,1791038509998,4.698,0.11897686305155641,0.730533274649392,0.1628630305835932,4.698,0.009341457541940565,1,4.698,5,RECOVERED_NEW_HIGH,1791038514959,4.961
PAPER:OPUSDT:1791038399999:LONG,OPUSDT,LONG,False,CONTROL_GE75,RUNNER_CLOSE,85,LT1,0.1628630305835932,1791038505300,1791038509998,4.698,0.11897686305155641,0.730533274649392,0.1628630305835932,4.698,0.009341457541940565,1,4.698,5,RECOVERED_NEW_HIGH,1791038514959,4.961
PAPER:OPUSDT:1791038399999:LONG,OPUSDT,LONG,False,CONTROL_GE75,RUNNER_CLOSE,80,LT1,0.1628630305835932,1791038505300,1791038509998,4.698,0.11897686305155641,0.730533274649392,0.1628630305835932,4.698,0.009341457541940565,1,4.698,5,RECOVERED_NEW_HIGH,1791038514959,4.961
PAPER:OPUSDT:1791038399999:LONG,OPUSDT,LONG,False,CONTROL_GE75,RUNNER_CLOSE,75,LT1,0.1628630305835932,1791038505300,1791038509998,4.698,0.11897686305155641,0.730533274649392,0.1628630305835932,4.698,0.009341457541940565,1,4.698,5,RECOVERED_NEW_HIGH,1791038514959,4.961
PAPER:OPUSDT:1791038399999:LONG,OPUSDT,LONG,False,CONTROL_GE75,RUNNER_CLOSE,95,LT1,0.18480611434961158,1791038514959,1791038520152,5.193,0.05314761175352345,0.28758578654481165,0.18480611434961158,5.193,0.0253530719422469,1,5.193,5,RECOVERED_NEW_HIGH,1791038545070,24.918
PAPER:OPUSDT:1791038399999:LONG,OPUSDT,LONG,False,CONTROL_GE75,RUNNER_CLOSE,90,LT1,0.18480611434961158,1791038514959,1791038520152,5.193,0.05314761175352345,0.28758578654481165,0.18480611434961158,5.193,0.0253530719422469,1,5.193,5,RECOVERED_NEW_HIGH,1791038545070,24.918
PAPER:OPUSDT:1791038399999:LONG,OPUSDT,LONG,False,CONTROL_GE75,RUNNER_CLOSE,85,LT1,0.18480611434961158,1791038514959,1791038520152,5.193,0.05314761175352345,0.28758578654481165,0.18480611434961158,5.193,0.0253530719422469,1,5.193,5,RECOVERED_NEW_HIGH,1791038545070,24.918
PAPER:OPUSDT:1791038399999:LONG,OPUSDT,LONG,False,CONTROL_GE75,RUNNER_CLOSE,80,LT1,0.18480611434961158,1791038514959,1791038520152,5.193,0.05314761175352345,0.28758578654481165,0.18480611434961158,5.193,0.0253530719422469,1,5.193,5,RECOVERED_NEW_HIGH,1791038545070,24.918
PAPER:OPUSDT:1791038399999:LONG,OPUSDT,LONG,False,CONTROL_GE75,RUNNER_CLOSE,75,LT1,0.18480611434961158,1791038514959,1791038520152,5.193,0.05314761175352345,0.28758578654481165,0.18480611434961158,5.193,0.0253530719422469,1,5.193,5,RECOVERED_NEW_HIGH,1791038545070,24.918
PAPER:OPUSDT:1791038399999:LONG,OPUSDT,LONG,False,CONTROL_GE75,RUNNER_CLOSE,95,LT1,0.1994348368602683,1791038545070,1791038554949,9.879,0.18480611434961158,0.9266491113540701,0.19212047560492884,4.826,0.001515615676609461,2,9.879,1,RECOVERED_NEW_HIGH,1791038644991,90.042
PAPER:OPUSDT:1791038399999:LONG,OPUSDT,LONG,False,CONTROL_GE75,RUNNER_CLOSE,90,LT1,0.1994348368602683,1791038545070,1791038565087,20.017,0.17749175309424992,0.8899736670309383,0.19212047560492884,5.14,0.0028460549631671066,1,5.14,2,RECOVERED_NEW_HIGH,1791038644991,79.904
PAPER:OPUSDT:1791038399999:LONG,OPUSDT,LONG,False,CONTROL_GE75,RUNNER_CLOSE,85,LT1,0.1994348368602683,1791038545070,1791038570077,25.007,0.1628630305835932,0.8166227783850084,0.17749175309424992,4.99,0.0029316077175664773,2,10.13,1,RECOVERED_NEW_HIGH,1791038644991,74.914
PAPER:OPUSDT:1791038399999:LONG,OPUSDT,LONG,False,CONTROL_GE75,RUNNER_CLOSE,80,LT1,0.1994348368602683,1791038545070,1791038574987,29.917,0.10434814054089969,0.5232192238009551,0.1628630305835932,4.91,0.011917492880385641,3,15.04,2,RECOVERED_NEW_HIGH,1791038644991,70.004
PAPER:OPUSDT:1791038399999:LONG,OPUSDT,LONG,False,CONTROL_GE75,RUNNER_CLOSE,75,LT1,0.1994348368602683,1791038545070,1791038574987,29.917,0.10434814054089969,0.5232192238009551,0.1628630305835932,4.91,0.011917492880385641,3,15.04,2,RECOVERED_NEW_HIGH,1791038644991,70.004
PAPER:OPUSDT:1791038399999:LONG,OPUSDT,LONG,False,CONTROL_GE75,RUNNER_CLOSE,95,LT1,0.21406355937094723,1791038644991,1791038649950,4.959,0.18480611434961158,0.8633235609680024,0.21406355937094723,4.959,0.005899867921221143,1,4.959,2,RECOVERED_NEW_HIGH,1791038659945,9.995
PAPER:OPUSDT:1791038399999:LONG,OPUSDT,LONG,False,CONTROL_GE75,RUNNER_CLOSE,90,LT1,0.21406355937094723,1791038644991,1791038649950,4.959,0.18480611434961158,0.8633235609680024,0.21406355937094723,4.959,0.005899867921221143,1,4.959,2,RECOVERED_NEW_HIGH,1791038659945,9.995
PAPER:OPUSDT:1791038399999:LONG,OPUSDT,LONG,False,CONTROL_GE75,RUNNER_CLOSE,95,LT1,0.26526408815830127,1791038659945,1791038664968,5.023,0.18480611434961158,0.6966872735495394,0.26526408815830127,5.023,0.016017912364859586,1,5.023,5,RECOVERED_NEW_HIGH,1791038679941,14.973
PAPER:OPUSDT:1791038399999:LONG,OPUSDT,LONG,False,CONTROL_GE75,RUNNER_CLOSE,90,LT1,0.26526408815830127,1791038659945,1791038664968,5.023,0.18480611434961158,0.6966872735495394,0.26526408815830127,5.023,0.016017912364859586,1,5.023,5,RECOVERED_NEW_HIGH,1791038679941,14.973
PAPER:OPUSDT:1791038399999:LONG,OPUSDT,LONG,False,CONTROL_GE75,RUNNER_CLOSE,85,LT1,0.26526408815830127,1791038659945,1791038664968,5.023,0.18480611434961158,0.6966872735495394,0.26526408815830127,5.023,0.016017912364859586,1,5.023,5,RECOVERED_NEW_HIGH,1791038679941,14.973
PAPER:OPUSDT:1791038399999:LONG,OPUSDT,LONG,False,CONTROL_GE75,RUNNER_CLOSE,80,LT1,0.26526408815830127,1791038659945,1791038664968,5.023,0.18480611434961158,0.6966872735495394,0.26526408815830127,5.023,0.016017912364859586,1,5.023,5,RECOVERED_NEW_HIGH,1791038679941,14.973
PAPER:OPUSDT:1791038399999:LONG,OPUSDT,LONG,False,CONTROL_GE75,RUNNER_CLOSE,75,LT1,0.26526408815830127,1791038659945,1791038664968,5.023,0.18480611434961158,0.6966872735495394,0.26526408815830127,5.023,0.016017912364859586,1,5.023,5,RECOVERED_NEW_HIGH,1791038679941,14.973
PAPER:OPUSDT:1791038399999:LONG,OPUSDT,LONG,False,CONTROL_GE75,RUNNER_CLOSE,95,LT1,0.3969225907543672,1791038689945,1791038695031,5.086,0.3530364232223304,0.8894339386210561,0.3969225907543672,5.086,0.008628817839566807,1,5.086,2,RECOVERED_NEW_HIGH,1791038709987,14.956
PAPER:OPUSDT:1791038399999:LONG,OPUSDT,LONG,False,CONTROL_GE75,RUNNER_CLOSE,90,LT1,0.3969225907543672,1791038689945,1791038695031,5.086,0.3530364232223304,0.8894339386210561,0.3969225907543672,5.086,0.008628817839566807,1,5.086,2,RECOVERED_NEW_HIGH,1791038709987,14.956
PAPER:OPUSDT:1791038399999:LONG,OPUSDT,LONG,False,CONTROL_GE75,RUNNER_CLOSE,95,LT1,0.5285810933504331,1791038740022,1791038745112,5.09,0.4554374807970607,0.8616227226559531,0.5285810933504331,5.09,0.014370061405377688,1,5.09,2,RECOVERED_NEW_HIGH,1791038754958,9.846
PAPER:OPUSDT:1791038399999:LONG,OPUSDT,LONG,False,CONTROL_GE75,RUNNER_CLOSE,90,LT1,0.5285810933504331,1791038740022,1791038745112,5.09,0.4554374807970607,0.8616227226559531,0.5285810933504331,5.09,0.014370061405377688,1,5.09,2,RECOVERED_NEW_HIGH,1791038754958,9.846
PAPER:OPUSDT:1791038399999:LONG,OPUSDT,LONG,False,CONTROL_GE75,RUNNER_CLOSE,95,LT1,0.8650417110959152,1791038835092,1791038839972,4.88,0.7845837372872255,0.9069894864297837,0.8650417110959152,4.88,0.016487289714895426,1,4.88,1,RECOVERED_NEW_HIGH,1791038889967,49.995
PAPER:OPUSDT:1791038399999:LONG,OPUSDT,LONG,False,CONTROL_GE75,RUNNER_CLOSE,90,LT1,0.8650417110959152,1791038835092,1791038850115,15.023,0.7041257634785136,0.8139789728595419,0.7992124597978822,5.144,0.018484972068306495,1,5.144,2,RECOVERED_NEW_HIGH,1791038889967,39.852
PAPER:OPUSDT:1791038399999:LONG,OPUSDT,LONG,False,CONTROL_GE75,RUNNER_CLOSE,85,LT1,0.8650417110959152,1791038835092,1791038850115,15.023,0.7041257634785136,0.8139789728595419,0.7992124597978822,5.144,0.018484972068306495,1,5.144,2,RECOVERED_NEW_HIGH,1791038889967,39.852
PAPER:OPUSDT:1791038399999:LONG,OPUSDT,LONG,False,CONTROL_GE75,RUNNER_CLOSE,95,1_TO_1_5,1.0479007424793574,1791038895077,1791038899985,4.908,0.908927878627952,0.8673797448386262,1.0479007424793574,4.908,0.028315579431826686,1,4.908,2,RECOVERED_NEW_HIGH,1791038919949,19.964
PAPER:OPUSDT:1791038399999:LONG,OPUSDT,LONG,False,CONTROL_GE75,RUNNER_CLOSE,90,1_TO_1_5,1.0479007424793574,1791038895077,1791038899985,4.908,0.908927878627952,0.8673797448386262,1.0479007424793574,4.908,0.028315579431826686,1,4.908,2,RECOVERED_NEW_HIGH,1791038919949,19.964
PAPER:OPUSDT:1791038399999:LONG,OPUSDT,LONG,False,CONTROL_GE75,RUNNER_CLOSE,95,1_TO_1_5,1.4940767790549092,1791038979896,1791038985049,5.153,1.3477895539481644,0.9020885491579087,1.4940767790549092,5.153,0.028388749292983673,1,5.153,1,RECOVERED_NEW_HIGH,1791039039928,54.879
PAPER:OPUSDT:1791038399999:LONG,OPUSDT,LONG,False,CONTROL_GE75,RUNNER_CLOSE,95,1_5_TO_3,1.6623070879276503,1791039069907,1791039079977,10.07,1.5525916690976027,0.9339981044255629,1.6623070879276503,4.985,0.022009111099307428,2,10.07,1,FINAL_REVERSAL,,
PAPER:OPUSDT:1791038399999:LONG,OPUSDT,LONG,False,CONTROL_GE75,RUNNER_CLOSE,90,1_5_TO_3,1.6623070879276503,1791039069907,1791039090084,20.177,1.4940767790549092,0.8987970934525288,1.5379629465869238,5.175,0.008480418846766102,4,20.177,1,FINAL_REVERSAL,,
PAPER:OPUSDT:1791038399999:LONG,OPUSDT,LONG,False,CONTROL_GE75,RUNNER_CLOSE,85,1_5_TO_3,1.6623070879276503,1791039069907,1791039109909,40.002,1.311217747671467,0.7887939341617823,1.5818491141189384,4.917,0.055039936230927664,2,9.991,4,FINAL_REVERSAL,,
PAPER:OPUSDT:1791038399999:LONG,OPUSDT,LONG,False,CONTROL_GE75,RUNNER_CLOSE,80,1_5_TO_3,1.6623070879276503,1791039069907,1791039109909,40.002,1.311217747671467,0.7887939341617823,1.5818491141189384,4.917,0.055039936230927664,2,9.991,4,FINAL_REVERSAL,,
PAPER:OPUSDT:1791038399999:LONG,OPUSDT,LONG,False,CONTROL_GE75,RUNNER_CLOSE,75,1_5_TO_3,1.6623070879276503,1791039069907,1791039124917,55.01,1.208816690096759,0.7271921649589761,1.2892746639054709,4.879,0.016490668950340622,5,24.999,1,FINAL_REVERSAL,,
PAPER:YFIUSDT:1791039299999:LONG,YFIUSDT,LONG,True,PARTIAL_REDUCE_DRAG,REDUCE25,95,LT1,0.12928358710488919,1791039330172,1791039340021,9.849,0.017323896176346665,0.13399919173260252,0.12928358710488919,4.992,0.022427822702031756,2,9.849,5,RECOVERED_NEW_HIGH,1791039409947,69.926
PAPER:YFIUSDT:1791039299999:LONG,YFIUSDT,LONG,True,PARTIAL_REDUCE_DRAG,REDUCE25,90,LT1,0.12928358710488919,1791039330172,1791039340021,9.849,0.017323896176346665,0.13399919173260252,0.12928358710488919,4.992,0.022427822702031756,2,9.849,5,RECOVERED_NEW_HIGH,1791039409947,69.926
PAPER:YFIUSDT:1791039299999:LONG,YFIUSDT,LONG,True,PARTIAL_REDUCE_DRAG,REDUCE25,85,LT1,0.12928358710488919,1791039330172,1791039340021,9.849,0.017323896176346665,0.13399919173260252,0.12928358710488919,4.992,0.022427822702031756,2,9.849,5,RECOVERED_NEW_HIGH,1791039409947,69.926
PAPER:YFIUSDT:1791039299999:LONG,YFIUSDT,LONG,True,PARTIAL_REDUCE_DRAG,REDUCE25,80,LT1,0.12928358710488919,1791039330172,1791039340021,9.849,0.017323896176346665,0.13399919173260252,0.12928358710488919,4.992,0.022427822702031756,2,9.849,5,RECOVERED_NEW_HIGH,1791039409947,69.926
PAPER:YFIUSDT:1791039299999:LONG,YFIUSDT,LONG,True,PARTIAL_REDUCE_DRAG,REDUCE25,75,LT1,0.12928358710488919,1791039330172,1791039340021,9.849,0.017323896176346665,0.13399919173260252,0.12928358710488919,4.992,0.022427822702031756,2,9.849,5,RECOVERED_NEW_HIGH,1791039409947,69.926
PAPER:YFIUSDT:1791039299999:LONG,YFIUSDT,LONG,True,PARTIAL_REDUCE_DRAG,REDUCE25,95,LT1,0.16660348408108483,1791039409947,1791039414967,5.02,0.09196369012871575,0.551991398234851,0.16660348408108483,5.02,0.014868484851069539,1,5.02,5,RECOVERED_NEW_HIGH,1791039444995,30.028
PAPER:YFIUSDT:1791039299999:LONG,YFIUSDT,LONG,True,PARTIAL_REDUCE_DRAG,REDUCE25,90,LT1,0.16660348408108483,1791039409947,1791039414967,5.02,0.09196369012871575,0.551991398234851,0.16660348408108483,5.02,0.014868484851069539,1,5.02,5,RECOVERED_NEW_HIGH,1791039444995,30.028
PAPER:YFIUSDT:1791039299999:LONG,YFIUSDT,LONG,True,PARTIAL_REDUCE_DRAG,REDUCE25,85,LT1,0.16660348408108483,1791039409947,1791039414967,5.02,0.09196369012871575,0.551991398234851,0.16660348408108483,5.02,0.014868484851069539,1,5.02,5,RECOVERED_NEW_HIGH,1791039444995,30.028
PAPER:YFIUSDT:1791039299999:LONG,YFIUSDT,LONG,True,PARTIAL_REDUCE_DRAG,REDUCE25,80,LT1,0.16660348408108483,1791039409947,1791039414967,5.02,0.09196369012871575,0.551991398234851,0.16660348408108483,5.02,0.014868484851069539,1,5.02,5,RECOVERED_NEW_HIGH,1791039444995,30.028
PAPER:YFIUSDT:1791039299999:LONG,YFIUSDT,LONG,True,PARTIAL_REDUCE_DRAG,REDUCE25,75,LT1,0.16660348408108483,1791039409947,1791039414967,5.02,0.09196369012871575,0.551991398234851,0.16660348408108483,5.02,0.014868484851069539,1,5.02,5,RECOVERED_NEW_HIGH,1791039444995,30.028
PAPER:YFIUSDT:1791039299999:LONG,YFIUSDT,LONG,True,PARTIAL_REDUCE_DRAG,REDUCE25,95,LT1,0.3905228659381921,1791039444995,1791039450108,5.113,0.35320296896201864,0.9044360772921296,0.3905228659381921,5.113,0.0072990215091283854,1,5.113,1,RECOVERED_NEW_HIGH,1791039510100,59.992
PAPER:YFIUSDT:1791039299999:LONG,YFIUSDT,LONG,True,PARTIAL_REDUCE_DRAG,REDUCE25,90,LT1,0.3905228659381921,1791039444995,1791039454982,9.987,0.315883071985823,0.8088721545842023,0.35320296896201864,4.874,0.007656934135452533,2,9.987,2,RECOVERED_NEW_HIGH,1791039510100,55.118
PAPER:YFIUSDT:1791039299999:LONG,YFIUSDT,LONG,True,PARTIAL_REDUCE_DRAG,REDUCE25,85,LT1,0.3905228659381921,1791039444995,1791039454982,9.987,0.315883071985823,0.8088721545842023,0.35320296896201864,4.874,0.007656934135452533,2,9.987,2,RECOVERED_NEW_HIGH,1791039510100,55.118
PAPER:YFIUSDT:1791039299999:LONG,YFIUSDT,LONG,True,PARTIAL_REDUCE_DRAG,REDUCE25,80,LT1,0.3905228659381921,1791039444995,1791039459969,14.974,0.27856317500962735,0.7133082318762749,0.315883071985823,4.987,0.007483436329696339,3,14.974,2,RECOVERED_NEW_HIGH,1791039510100,50.131
PAPER:YFIUSDT:1791039299999:LONG,YFIUSDT,LONG,True,PARTIAL_REDUCE_DRAG,REDUCE25,75,LT1,0.3905228659381921,1791039444995,1791039459969,14.974,0.27856317500962735,0.7133082318762749,0.315883071985823,4.987,0.007483436329696339,3,14.974,2,RECOVERED_NEW_HIGH,1791039510100,50.131
PAPER:YFIUSDT:1791039299999:LONG,YFIUSDT,LONG,True,PARTIAL_REDUCE_DRAG,REDUCE25,95,LT1,0.46516265989056116,1791039510100,1791039514931,4.831,0.4278427629143877,0.9197702219155903,0.46516265989056116,4.831,0.007725087347582992,1,4.831,1,RECOVERED_NEW_HIGH,1791039529946,15.015
PAPER:YFIUSDT:1791039299999:LONG,YFIUSDT,LONG,True,PARTIAL_REDUCE_DRAG,REDUCE25,95,LT1,0.726401938723864,1791039529946,1791039540167,10.221,0.3905228659381921,0.537612642697869,0.726401938723864,5.2,0.06459212938185999,2,10.221,5,FINAL_REVERSAL,,
PAPER:YFIUSDT:1791039299999:LONG,YFIUSDT,LONG,True,PARTIAL_REDUCE_DRAG,REDUCE25,90,LT1,0.726401938723864,1791039529946,1791039540167,10.221,0.3905228659381921,0.537612642697869,0.726401938723864,5.2,0.06459212938185999,2,10.221,5,FINAL_REVERSAL,,
PAPER:YFIUSDT:1791039299999:LONG,YFIUSDT,LONG,True,PARTIAL_REDUCE_DRAG,REDUCE25,85,LT1,0.726401938723864,1791039529946,1791039540167,10.221,0.3905228659381921,0.537612642697869,0.726401938723864,5.2,0.06459212938185999,2,10.221,5,FINAL_REVERSAL,,
PAPER:YFIUSDT:1791039299999:LONG,YFIUSDT,LONG,True,PARTIAL_REDUCE_DRAG,REDUCE25,80,LT1,0.726401938723864,1791039529946,1791039540167,10.221,0.3905228659381921,0.537612642697869,0.726401938723864,5.2,0.06459212938185999,2,10.221,5,FINAL_REVERSAL,,
PAPER:YFIUSDT:1791039299999:LONG,YFIUSDT,LONG,True,PARTIAL_REDUCE_DRAG,REDUCE25,75,LT1,0.726401938723864,1791039529946,1791039540167,10.221,0.3905228659381921,0.537612642697869,0.726401938723864,5.2,0.06459212938185999,2,10.221,5,FINAL_REVERSAL,,
PAPER:ACHUSDT:1791039299999:LONG,ACHUSDT,LONG,True,PARTIAL_REDUCE_DRAG,REDUCE25,95,LT1,0.2659789033771176,1791039405389,1791039415027,9.638,0.23420391402413365,0.880535678019802,0.2659789033771176,5.016,0.006334726745012749,2,9.638,2,RECOVERED_NEW_HIGH,1791039504987,89.96
PAPER:ACHUSDT:1791039299999:LONG,ACHUSDT,LONG,True,PARTIAL_REDUCE_DRAG,REDUCE25,90,LT1,0.2659789033771176,1791039405389,1791039415027,9.638,0.23420391402413365,0.880535678019802,0.2659789033771176,5.016,0.006334726745012749,2,9.638,2,RECOVERED_NEW_HIGH,1791039504987,89.96
PAPER:ACHUSDT:1791039299999:LONG,ACHUSDT,LONG,True,PARTIAL_REDUCE_DRAG,REDUCE25,85,LT1,0.2659789033771176,1791039405389,1791039425043,19.654,0.2024289246711275,0.7610713560395205,0.23420391402413365,4.86,0.006538063652881925,4,19.654,2,RECOVERED_NEW_HIGH,1791039504987,79.944
PAPER:ACHUSDT:1791039299999:LONG,ACHUSDT,LONG,True,PARTIAL_REDUCE_DRAG,REDUCE25,80,LT1,0.2659789033771176,1791039405389,1791039425043,19.654,0.2024289246711275,0.7610713560395205,0.23420391402413365,4.86,0.006538063652881925,4,19.654,2,RECOVERED_NEW_HIGH,1791039504987,79.944
PAPER:ACHUSDT:1791039299999:LONG,ACHUSDT,LONG,True,PARTIAL_REDUCE_DRAG,REDUCE25,75,LT1,0.2659789033771176,1791039405389,1791039440066,34.677,0.12299145128864541,0.462410551088942,0.2024289246711275,4.834,0.0164330726897977,7,34.677,1,RECOVERED_NEW_HIGH,1791039504987,64.921
PAPER:ACHUSDT:1791039299999:LONG,ACHUSDT,LONG,True,PARTIAL_REDUCE_DRAG,REDUCE25,95,LT1,0.31364138740661573,1791039525089,1791039534986,9.897,0.2818663980536096,0.8986900625081985,0.31364138740661573,5.021,0.006328418512847273,2,9.897,2,RECOVERED_NEW_HIGH,1791039564974,29.988
PAPER:ACHUSDT:1791039299999:LONG,ACHUSDT,LONG,True,PARTIAL_REDUCE_DRAG,REDUCE25,90,LT1,0.31364138740661573,1791039525089,1791039534986,9.897,0.2818663980536096,0.8986900625081985,0.31364138740661573,5.021,0.006328418512847273,2,9.897,2,RECOVERED_NEW_HIGH,1791039564974,29.988
PAPER:ACHUSDT:1791039299999:LONG,ACHUSDT,LONG,True,PARTIAL_REDUCE_DRAG,REDUCE25,85,LT1,0.31364138740661573,1791039525089,1791039544991,19.902,0.2659789033771176,0.8480350937623331,0.2818663980536096,4.87,0.003262319235419297,4,19.902,1,RECOVERED_NEW_HIGH,1791039564974,19.983
PAPER:ACHUSDT:1791039299999:LONG,ACHUSDT,LONG,True,PARTIAL_REDUCE_DRAG,REDUCE25,80,LT1,0.31364138740661573,1791039525089,1791039555141,30.052,0.23420391402413365,0.7467251562706023,0.2659789033771176,5.168,0.006148411252512374,6,30.052,2,RECOVERED_NEW_HIGH,1791039564974,9.833
PAPER:ACHUSDT:1791039299999:LONG,ACHUSDT,LONG,True,PARTIAL_REDUCE_DRAG,REDUCE25,75,LT1,0.31364138740661573,1791039525089,1791039555141,30.052,0.23420391402413365,0.7467251562706023,0.2659789033771176,5.168,0.006148411252512374,6,30.052,2,RECOVERED_NEW_HIGH,1791039564974,9.833
PAPER:ACHUSDT:1791039299999:LONG,ACHUSDT,LONG,True,PARTIAL_REDUCE_DRAG,REDUCE25,95,LT1,0.5360663128775922,1791039574959,1791039579966,5.007,0.504291323524586,0.9407256367548285,0.5360663128775922,5.007,0.006346113311964482,1,5.007,1,FINAL_REVERSAL,,
PAPER:ACHUSDT:1791039299999:LONG,ACHUSDT,LONG,True,PARTIAL_REDUCE_DRAG,REDUCE25,90,LT1,0.5360663128775922,1791039574959,1791039585102,10.143,0.408966355465612,0.7629025470193969,0.504291323524586,5.136,0.018560157332354763,2,10.143,3,FINAL_REVERSAL,,
PAPER:ACHUSDT:1791039299999:LONG,ACHUSDT,LONG,True,PARTIAL_REDUCE_DRAG,REDUCE25,85,LT1,0.5360663128775922,1791039574959,1791039585102,10.143,0.408966355465612,0.7629025470193969,0.504291323524586,5.136,0.018560157332354763,2,10.143,3,FINAL_REVERSAL,,
PAPER:ACHUSDT:1791039299999:LONG,ACHUSDT,LONG,True,PARTIAL_REDUCE_DRAG,REDUCE25,80,LT1,0.5360663128775922,1791039574959,1791039585102,10.143,0.408966355465612,0.7629025470193969,0.504291323524586,5.136,0.018560157332354763,2,10.143,3,FINAL_REVERSAL,,
PAPER:ACHUSDT:1791039299999:LONG,ACHUSDT,LONG,True,PARTIAL_REDUCE_DRAG,REDUCE25,75,LT1,0.5360663128775922,1791039574959,1791039660120,85.161,0.36130387143611387,0.6739910021516603,0.408966355465612,5.136,0.009280078666179543,10,50.145,1,FINAL_REVERSAL,,
PAPER:ATUSDT:1791039899999:SHORT,ATUSDT,SHORT,False,CONTROL_GE75,RUNNER_CLOSE,95,1_TO_1_5,1.2330100507942143,1791039934844,1791039939931,5.087,1.159303341876905,0.9402221345480251,1.2330100507942143,5.087,0.014489229195460852,1,5.087,1,RECOVERED_NEW_HIGH,1791039964800,24.869
PAPER:ATUSDT:1791039899999:SHORT,ATUSDT,SHORT,False,CONTROL_GE75,RUNNER_CLOSE,90,1_TO_1_5,1.2330100507942143,1791039934844,1791039944919,10.075,0.8644765062076343,0.7011106727400982,1.159303341876905,4.988,0.05910722447258835,2,10.075,4,RECOVERED_NEW_HIGH,1791039964800,19.881
PAPER:ATUSDT:1791039899999:SHORT,ATUSDT,SHORT,False,CONTROL_GE75,RUNNER_CLOSE,85,1_TO_1_5,1.2330100507942143,1791039934844,1791039944919,10.075,0.8644765062076343,0.7011106727400982,1.159303341876905,4.988,0.05910722447258835,2,10.075,4,RECOVERED_NEW_HIGH,1791039964800,19.881
PAPER:ATUSDT:1791039899999:SHORT,ATUSDT,SHORT,False,CONTROL_GE75,RUNNER_CLOSE,80,1_TO_1_5,1.2330100507942143,1791039934844,1791039944919,10.075,0.8644765062076343,0.7011106727400982,1.159303341876905,4.988,0.05910722447258835,2,10.075,4,RECOVERED_NEW_HIGH,1791039964800,19.881
PAPER:ATUSDT:1791039899999:SHORT,ATUSDT,SHORT,False,CONTROL_GE75,RUNNER_CLOSE,75,1_TO_1_5,1.2330100507942143,1791039934844,1791039944919,10.075,0.8644765062076343,0.7011106727400982,1.159303341876905,4.988,0.05910722447258835,2,10.075,4,RECOVERED_NEW_HIGH,1791039964800,19.881
PAPER:ATUSDT:1791039899999:SHORT,ATUSDT,SHORT,False,CONTROL_GE75,RUNNER_CLOSE,95,1_5_TO_3,1.8963704310500873,1791039974906,1791039989886,14.98,1.7489570132154464,0.9222654944303192,1.8963704310500873,5.074,0.029052703554324183,1,5.074,1,RECOVERED_NEW_HIGH,1791039999804,9.918
PAPER:ATUSDT:1791039899999:SHORT,ATUSDT,SHORT,False,CONTROL_GE75,RUNNER_CLOSE,95,1_5_TO_3,2.6334375202232696,1791040004931,1791040009815,4.884,2.4860241023886287,0.944022435807726,2.6334375202232696,4.884,0.03018292748457021,1,4.884,1,FINAL_REVERSAL,,
PAPER:ATUSDT:1791039899999:SHORT,ATUSDT,SHORT,False,CONTROL_GE75,RUNNER_CLOSE,90,1_5_TO_3,2.6334375202232696,1791040004931,1791040024823,19.892,2.338610684553988,0.888044871615452,2.4123173934713193,4.929,0.014953684097652983,2,10.021,1,FINAL_REVERSAL,,
PAPER:ATUSDT:1791039899999:SHORT,ATUSDT,SHORT,False,CONTROL_GE75,RUNNER_CLOSE,85,1_5_TO_3,2.6334375202232696,1791040004931,1791040049891,44.96,1.9700771399673966,0.7481009611347713,2.2649039756366784,5.056,0.05831226971306998,7,35.089,3,FINAL_REVERSAL,,
PAPER:ATUSDT:1791039899999:SHORT,ATUSDT,SHORT,False,CONTROL_GE75,RUNNER_CLOSE,80,1_5_TO_3,2.6334375202232696,1791040004931,1791040049891,44.96,1.9700771399673966,0.7481009611347713,2.2649039756366784,5.056,0.05831226971306998,7,35.089,3,FINAL_REVERSAL,,
PAPER:ATUSDT:1791039899999:SHORT,ATUSDT,SHORT,False,CONTROL_GE75,RUNNER_CLOSE,75,1_5_TO_3,2.6334375202232696,1791040004931,1791040049891,44.96,1.9700771399673966,0.7481009611347713,2.2649039756366784,5.056,0.05831226971306998,7,35.089,3,FINAL_REVERSAL,,
PAPER:SPKUSDT:1791040199999:SHORT,SPKUSDT,SHORT,True,PARTIAL_REDUCE_DRAG,REDUCE25,95,LT1,0.14009204401904674,1791040329913,1791040334975,5.062,0.10006803281424892,0.7143020398834626,0.14009204401904674,5.062,0.007906758436348837,1,5.062,5,RECOVERED_NEW_HIGH,1791040359889,24.914
PAPER:SPKUSDT:1791040199999:SHORT,SPKUSDT,SHORT,True,PARTIAL_REDUCE_DRAG,REDUCE25,90,LT1,0.14009204401904674,1791040329913,1791040334975,5.062,0.10006803281424892,0.7143020398834626,0.14009204401904674,5.062,0.007906758436348837,1,5.062,5,RECOVERED_NEW_HIGH,1791040359889,24.914
PAPER:SPKUSDT:1791040199999:SHORT,SPKUSDT,SHORT,True,PARTIAL_REDUCE_DRAG,REDUCE25,85,LT1,0.14009204401904674,1791040329913,1791040334975,5.062,0.10006803281424892,0.7143020398834626,0.14009204401904674,5.062,0.007906758436348837,1,5.062,5,RECOVERED_NEW_HIGH,1791040359889,24.914
PAPER:SPKUSDT:1791040199999:SHORT,SPKUSDT,SHORT,True,PARTIAL_REDUCE_DRAG,REDUCE25,80,LT1,0.14009204401904674,1791040329913,1791040334975,5.062,0.10006803281424892,0.7143020398834626,0.14009204401904674,5.062,0.007906758436348837,1,5.062,5,RECOVERED_NEW_HIGH,1791040359889,24.914
PAPER:SPKUSDT:1791040199999:SHORT,SPKUSDT,SHORT,True,PARTIAL_REDUCE_DRAG,REDUCE25,75,LT1,0.14009204401904674,1791040329913,1791040334975,5.062,0.10006803281424892,0.7143020398834626,0.14009204401904674,5.062,0.007906758436348837,1,5.062,5,RECOVERED_NEW_HIGH,1791040359889,24.914
PAPER:SPKUSDT:1791040199999:SHORT,SPKUSDT,SHORT,True,PARTIAL_REDUCE_DRAG,REDUCE25,95,LT1,0.18011605522384455,1791040359889,1791040369901,10.012,0.14009204401904674,0.7777876538820663,0.18011605522384455,4.898,0.0081715008584724,2,10.012,4,RECOVERED_NEW_HIGH,1791040409985,40.084
PAPER:SPKUSDT:1791040199999:SHORT,SPKUSDT,SHORT,True,PARTIAL_REDUCE_DRAG,REDUCE25,90,LT1,0.18011605522384455,1791040359889,1791040369901,10.012,0.14009204401904674,0.7777876538820663,0.18011605522384455,4.898,0.0081715008584724,2,10.012,4,RECOVERED_NEW_HIGH,1791040409985,40.084
PAPER:SPKUSDT:1791040199999:SHORT,SPKUSDT,SHORT,True,PARTIAL_REDUCE_DRAG,REDUCE25,85,LT1,0.18011605522384455,1791040359889,1791040369901,10.012,0.14009204401904674,0.7777876538820663,0.18011605522384455,4.898,0.0081715008584724,2,10.012,4,RECOVERED_NEW_HIGH,1791040409985,40.084
PAPER:SPKUSDT:1791040199999:SHORT,SPKUSDT,SHORT,True,PARTIAL_REDUCE_DRAG,REDUCE25,80,LT1,0.18011605522384455,1791040359889,1791040369901,10.012,0.14009204401904674,0.7777876538820663,0.18011605522384455,4.898,0.0081715008584724,2,10.012,4,RECOVERED_NEW_HIGH,1791040409985,40.084
PAPER:SPKUSDT:1791040199999:SHORT,SPKUSDT,SHORT,True,PARTIAL_REDUCE_DRAG,REDUCE25,75,LT1,0.18011605522384455,1791040359889,1791040374916,15.027,0.10006803281424892,0.5555753077641324,0.14009204401904674,5.015,0.007980859661973642,3,15.027,1,RECOVERED_NEW_HIGH,1791040409985,35.069
PAPER:SPKUSDT:1791040199999:SHORT,SPKUSDT,SHORT,True,PARTIAL_REDUCE_DRAG,REDUCE25,95,LT1,0.22014006642864237,1791040409985,1791040419914,9.929,0.18011605522384455,0.8181884295116653,0.22014006642864237,4.968,0.008056362963928707,2,9.929,3,RECOVERED_NEW_HIGH,1791040710015,290.101
PAPER:SPKUSDT:1791040199999:SHORT,SPKUSDT,SHORT,True,PARTIAL_REDUCE_DRAG,REDUCE25,90,LT1,0.22014006642864237,1791040409985,1791040419914,9.929,0.18011605522384455,0.8181884295116653,0.22014006642864237,4.968,0.008056362963928707,2,9.929,3,RECOVERED_NEW_HIGH,1791040710015,290.101
PAPER:SPKUSDT:1791040199999:SHORT,SPKUSDT,SHORT,True,PARTIAL_REDUCE_DRAG,REDUCE25,85,LT1,0.22014006642864237,1791040409985,1791040419914,9.929,0.18011605522384455,0.8181884295116653,0.22014006642864237,4.968,0.008056362963928707,2,9.929,3,RECOVERED_NEW_HIGH,1791040710015,290.101
PAPER:SPKUSDT:1791040199999:SHORT,SPKUSDT,SHORT,True,PARTIAL_REDUCE_DRAG,REDUCE25,80,LT1,0.22014006642864237,1791040409985,1791040454993,45.008,0.14009204401904674,0.6363768590233304,0.22014006642864237,5.044,0.015869948931323482,2,10.057,5,RECOVERED_NEW_HIGH,1791040710015,255.022
PAPER:SPKUSDT:1791040199999:SHORT,SPKUSDT,SHORT,True,PARTIAL_REDUCE_DRAG,REDUCE25,75,LT1,0.22014006642864237,1791040409985,1791040454993,45.008,0.14009204401904674,0.6363768590233304,0.22014006642864237,5.044,0.015869948931323482,2,10.057,5,RECOVERED_NEW_HIGH,1791040710015,255.022
PAPER:SPKUSDT:1791040199999:SHORT,SPKUSDT,SHORT,True,PARTIAL_REDUCE_DRAG,REDUCE25,95,LT1,0.2601640776334513,1791040710015,1791040719906,9.891,0.18011605522384455,0.6923171594720026,0.2601640776334513,5.016,0.015958537162999747,2,9.891,5,RECOVERED_NEW_HIGH,1791040999904,279.998
PAPER:SPKUSDT:1791040199999:SHORT,SPKUSDT,SHORT,True,PARTIAL_REDUCE_DRAG,REDUCE25,90,LT1,0.2601640776334513,1791040710015,1791040719906,9.891,0.18011605522384455,0.6923171594720026,0.2601640776334513,5.016,0.015958537162999747,2,9.891,5,RECOVERED_NEW_HIGH,1791040999904,279.998
PAPER:SPKUSDT:1791040199999:SHORT,SPKUSDT,SHORT,True,PARTIAL_REDUCE_DRAG,REDUCE25,85,LT1,0.2601640776334513,1791040710015,1791040719906,9.891,0.18011605522384455,0.6923171594720026,0.2601640776334513,5.016,0.015958537162999747,2,9.891,5,RECOVERED_NEW_HIGH,1791040999904,279.998
PAPER:SPKUSDT:1791040199999:SHORT,SPKUSDT,SHORT,True,PARTIAL_REDUCE_DRAG,REDUCE25,80,LT1,0.2601640776334513,1791040710015,1791040719906,9.891,0.18011605522384455,0.6923171594720026,0.2601640776334513,5.016,0.015958537162999747,2,9.891,5,RECOVERED_NEW_HIGH,1791040999904,279.998
PAPER:SPKUSDT:1791040199999:SHORT,SPKUSDT,SHORT,True,PARTIAL_REDUCE_DRAG,REDUCE25,75,LT1,0.2601640776334513,1791040710015,1791040719906,9.891,0.18011605522384455,0.6923171594720026,0.2601640776334513,5.016,0.015958537162999747,2,9.891,5,RECOVERED_NEW_HIGH,1791040999904,279.998
PAPER:SPKUSDT:1791040199999:SHORT,SPKUSDT,SHORT,True,PARTIAL_REDUCE_DRAG,REDUCE25,95,LT1,0.3001880888382491,1791040999904,1791041009983,10.079,0.2601640776334513,0.8666702221274208,0.3001880888382491,5.059,0.007911447164419414,2,10.079,2,RECOVERED_NEW_HIGH,1791041104917,94.934
PAPER:SPKUSDT:1791040199999:SHORT,SPKUSDT,SHORT,True,PARTIAL_REDUCE_DRAG,REDUCE25,90,LT1,0.3001880888382491,1791040999904,1791041009983,10.079,0.2601640776334513,0.8666702221274208,0.3001880888382491,5.059,0.007911447164419414,2,10.079,2,RECOVERED_NEW_HIGH,1791041104917,94.934
PAPER:SPKUSDT:1791040199999:SHORT,SPKUSDT,SHORT,True,PARTIAL_REDUCE_DRAG,REDUCE25,85,LT1,0.3001880888382491,1791040999904,1791041059930,60.026,0.22014006642864237,0.7333404442548047,0.2601640776334513,4.952,0.008082393215833789,12,60.026,3,RECOVERED_NEW_HIGH,1791041104917,44.987
PAPER:SPKUSDT:1791040199999:SHORT,SPKUSDT,SHORT,True,PARTIAL_REDUCE_DRAG,REDUCE25,80,LT1,0.3001880888382491,1791040999904,1791041059930,60.026,0.22014006642864237,0.7333404442548047,0.2601640776334513,4.952,0.008082393215833789,12,60.026,3,RECOVERED_NEW_HIGH,1791041104917,44.987
PAPER:SPKUSDT:1791040199999:SHORT,SPKUSDT,SHORT,True,PARTIAL_REDUCE_DRAG,REDUCE25,75,LT1,0.3001880888382491,1791040999904,1791041059930,60.026,0.22014006642864237,0.7333404442548047,0.2601640776334513,4.952,0.008082393215833789,12,60.026,3,RECOVERED_NEW_HIGH,1791041104917,44.987
PAPER:SPKUSDT:1791040199999:SHORT,SPKUSDT,SHORT,True,PARTIAL_REDUCE_DRAG,REDUCE25,95,LT1,0.38023611124785583,1791041115073,1791041130093,15.02,0.340212100043058,0.894739058125102,0.38023611124785583,5.151,0.007770143895320873,3,15.02,2,RECOVERED_NEW_HIGH,1791041854838,724.745
PAPER:SPKUSDT:1791040199999:SHORT,SPKUSDT,SHORT,True,PARTIAL_REDUCE_DRAG,REDUCE25,90,LT1,0.38023611124785583,1791041115073,1791041130093,15.02,0.340212100043058,0.894739058125102,0.38023611124785583,5.151,0.007770143895320873,3,15.02,2,RECOVERED_NEW_HIGH,1791041854838,724.745
PAPER:SPKUSDT:1791040199999:SHORT,SPKUSDT,SHORT,True,PARTIAL_REDUCE_DRAG,REDUCE25,85,LT1,0.38023611124785583,1791041115073,1791041145084,30.011,0.3001880888382491,0.7894781162501747,0.340212100043058,5.181,0.007725151747695217,6,30.011,2,RECOVERED_NEW_HIGH,1791041854838,709.754
PAPER:SPKUSDT:1791040199999:SHORT,SPKUSDT,SHORT,True,PARTIAL_REDUCE_DRAG,REDUCE25,80,LT1,0.38023611124785583,1791041115073,1791041145084,30.011,0.3001880888382491,0.7894781162501747,0.340212100043058,5.181,0.007725151747695217,6,30.011,2,RECOVERED_NEW_HIGH,1791041854838,709.754
PAPER:SPKUSDT:1791040199999:SHORT,SPKUSDT,SHORT,True,PARTIAL_REDUCE_DRAG,REDUCE25,75,LT1,0.38023611124785583,1791041115073,1791041229906,114.833,0.2601640776334513,0.6842171743752767,0.3001880888382491,5.025,0.00796497735418862,8,39.943,1,RECOVERED_NEW_HIGH,1791041854838,624.932
PAPER:SPKUSDT:1791040199999:SHORT,SPKUSDT,SHORT,True,PARTIAL_REDUCE_DRAG,REDUCE25,95,LT1,0.46028413365746257,1791041874834,1791041889825,14.991,0.42026012245266475,0.9130449905219128,0.46028413365746257,5.0,0.008004802240959563,3,14.991,1,RECOVERED_NEW_HIGH,1791041959855,70.03
PAPER:SPKUSDT:1791040199999:SHORT,SPKUSDT,SHORT,True,PARTIAL_REDUCE_DRAG,REDUCE25,95,LT1,0.5803561672718671,1791041974859,1791041984945,10.086,0.5403321560670582,0.9310354339940016,0.5803561672718671,5.117,0.007821772758414875,2,10.086,1,FINAL_REVERSAL,,
PAPER:SPKUSDT:1791040199999:SHORT,SPKUSDT,SHORT,True,PARTIAL_REDUCE_DRAG,REDUCE25,90,LT1,0.5803561672718671,1791041974859,1791042069840,94.981,0.5003081448622604,0.8620708679880223,0.5803561672718671,5.021,0.015942645371361627,5,24.892,2,FINAL_REVERSAL,,
PAPER:SPKUSDT:1791040199999:SHORT,SPKUSDT,SHORT,True,PARTIAL_REDUCE_DRAG,REDUCE25,85,LT1,0.5803561672718671,1791041974859,1791042099842,124.983,0.42026012245266475,0.7241417359760639,0.5003081448622604,5.001,0.01600640320127887,11,54.894,3,FINAL_REVERSAL,,
PAPER:SPKUSDT:1791040199999:SHORT,SPKUSDT,SHORT,True,PARTIAL_REDUCE_DRAG,REDUCE25,80,LT1,0.5803561672718671,1791041974859,1791042099842,124.983,0.42026012245266475,0.7241417359760639,0.5003081448622604,5.001,0.01600640320127887,11,54.894,3,FINAL_REVERSAL,,
PAPER:SPKUSDT:1791040199999:SHORT,SPKUSDT,SHORT,True,PARTIAL_REDUCE_DRAG,REDUCE25,75,LT1,0.5803561672718671,1791041974859,1791042099842,124.983,0.42026012245266475,0.7241417359760639,0.5003081448622604,5.001,0.01600640320127887,11,54.894,3,FINAL_REVERSAL,,
PAPER:MANAUSDT:1791040499999:LONG,MANAUSDT,LONG,True,PARTIAL_REDUCE_DRAG,REDUCE25,95,LT1,0.08644806075563949,1791040550153,1791040554911,4.758,0.05741786214961131,0.6641891286828621,0.08644806075563949,4.758,0.006101344810010126,1,4.758,5,RECOVERED_NEW_HIGH,1791040559999,5.088
PAPER:MANAUSDT:1791040499999:LONG,MANAUSDT,LONG,True,PARTIAL_REDUCE_DRAG,REDUCE25,90,LT1,0.08644806075563949,1791040550153,1791040554911,4.758,0.05741786214961131,0.6641891286828621,0.08644806075563949,4.758,0.006101344810010126,1,4.758,5,RECOVERED_NEW_HIGH,1791040559999,5.088
PAPER:MANAUSDT:1791040499999:LONG,MANAUSDT,LONG,True,PARTIAL_REDUCE_DRAG,REDUCE25,85,LT1,0.08644806075563949,1791040550153,1791040554911,4.758,0.05741786214961131,0.6641891286828621,0.08644806075563949,4.758,0.006101344810010126,1,4.758,5,RECOVERED_NEW_HIGH,1791040559999,5.088
PAPER:MANAUSDT:1791040499999:LONG,MANAUSDT,LONG,True,PARTIAL_REDUCE_DRAG,REDUCE25,80,LT1,0.08644806075563949,1791040550153,1791040554911,4.758,0.05741786214961131,0.6641891286828621,0.08644806075563949,4.758,0.006101344810010126,1,4.758,5,RECOVERED_NEW_HIGH,1791040559999,5.088
PAPER:MANAUSDT:1791040499999:LONG,MANAUSDT,LONG,True,PARTIAL_REDUCE_DRAG,REDUCE25,75,LT1,0.08644806075563949,1791040550153,1791040554911,4.758,0.05741786214961131,0.6641891286828621,0.08644806075563949,4.758,0.006101344810010126,1,4.758,5,RECOVERED_NEW_HIGH,1791040559999,5.088
PAPER:MANAUSDT:1791040499999:LONG,MANAUSDT,LONG,True,PARTIAL_REDUCE_DRAG,REDUCE25,95,LT1,0.6864054986137846,1791040575018,1791040584933,9.915,0.3961035125533918,0.5770692591381248,0.6670520328764251,5.008,0.05410313904213924,2,9.915,5,RECOVERED_NEW_HIGH,1791040635151,50.218
PAPER:MANAUSDT:1791040499999:LONG,MANAUSDT,LONG,True,PARTIAL_REDUCE_DRAG,REDUCE25,90,LT1,0.6864054986137846,1791040575018,1791040584933,9.915,0.3961035125533918,0.5770692591381248,0.6670520328764251,5.008,0.05410313904213924,2,9.915,5,RECOVERED_NEW_HIGH,1791040635151,50.218
PAPER:MANAUSDT:1791040499999:LONG,MANAUSDT,LONG,True,PARTIAL_REDUCE_DRAG,REDUCE25,85,LT1,0.6864054986137846,1791040575018,1791040584933,9.915,0.3961035125533918,0.5770692591381248,0.6670520328764251,5.008,0.05410313904213924,2,9.915,5,RECOVERED_NEW_HIGH,1791040635151,50.218
PAPER:MANAUSDT:1791040499999:LONG,MANAUSDT,LONG,True,PARTIAL_REDUCE_DRAG,REDUCE25,80,LT1,0.6864054986137846,1791040575018,1791040584933,9.915,0.3961035125533918,0.5770692591381248,0.6670520328764251,5.008,0.05410313904213924,2,9.915,5,RECOVERED_NEW_HIGH,1791040635151,50.218
PAPER:MANAUSDT:1791040499999:LONG,MANAUSDT,LONG,True,PARTIAL_REDUCE_DRAG,REDUCE25,75,LT1,0.6864054986137846,1791040575018,1791040584933,9.915,0.3961035125533918,0.5770692591381248,0.6670520328764251,5.008,0.05410313904213924,2,9.915,5,RECOVERED_NEW_HIGH,1791040635151,50.218
PAPER:MANAUSDT:1791040499999:LONG,MANAUSDT,LONG,True,PARTIAL_REDUCE_DRAG,REDUCE25,95,LT1,0.7057589643511442,1791040635151,1791040639932,4.781,0.6670520328764251,0.9451555935810109,0.7057589643511442,4.781,0.008095990687035984,1,4.781,1,RECOVERED_NEW_HIGH,1791040654937,15.005
PAPER:MANAUSDT:1791040499999:LONG,MANAUSDT,LONG,True,PARTIAL_REDUCE_DRAG,REDUCE25,95,LT1,0.7831728273006044,1791040665043,1791040669923,4.88,0.7347891629571945,0.9382209613806751,0.7831728273006044,4.88,0.009914685316272522,1,4.88,1,FINAL_REVERSAL,,
PAPER:MANAUSDT:1791040499999:LONG,MANAUSDT,LONG,True,PARTIAL_REDUCE_DRAG,REDUCE25,90,LT1,0.7831728273006044,1791040665043,1791040684933,19.89,0.5219010398462398,0.666393191455708,0.715435697219835,4.924,0.03930435771194053,2,10.02,4,FINAL_REVERSAL,,
PAPER:MANAUSDT:1791040499999:LONG,MANAUSDT,LONG,True,PARTIAL_REDUCE_DRAG,REDUCE25,85,LT1,0.7831728273006044,1791040665043,1791040684933,19.89,0.5219010398462398,0.666393191455708,0.715435697219835,4.924,0.03930435771194053,2,10.02,4,FINAL_REVERSAL,,
PAPER:MANAUSDT:1791040499999:LONG,MANAUSDT,LONG,True,PARTIAL_REDUCE_DRAG,REDUCE25,80,LT1,0.7831728273006044,1791040665043,1791040684933,19.89,0.5219010398462398,0.666393191455708,0.715435697219835,4.924,0.03930435771194053,2,10.02,4,FINAL_REVERSAL,,
PAPER:MANAUSDT:1791040499999:LONG,MANAUSDT,LONG,True,PARTIAL_REDUCE_DRAG,REDUCE25,75,LT1,0.7831728273006044,1791040665043,1791040684933,19.89,0.5219010398462398,0.666393191455708,0.715435697219835,4.924,0.03930435771194053,2,10.02,4,FINAL_REVERSAL,,
PAPER:ONUSDT:1791040499999:SHORT,ONUSDT,SHORT,True,OBSERVATION_MISS,REDUCE25+RUNNER_CLOSE,95,LT1,0.6564597943743311,1791040579957,1791040584938,4.981,0.5598221093493949,0.8527896363903883,0.6564597943743311,4.981,0.01940126179982658,1,4.981,2,RECOVERED_NEW_HIGH,1791040734920,149.982
PAPER:ONUSDT:1791040499999:SHORT,ONUSDT,SHORT,True,OBSERVATION_MISS,REDUCE25+RUNNER_CLOSE,90,LT1,0.6564597943743311,1791040579957,1791040584938,4.981,0.5598221093493949,0.8527896363903883,0.6564597943743311,4.981,0.01940126179982658,1,4.981,2,RECOVERED_NEW_HIGH,1791040734920,149.982
PAPER:ONUSDT:1791040499999:SHORT,ONUSDT,SHORT,True,OBSERVATION_MISS,REDUCE25+RUNNER_CLOSE,85,LT1,0.6564597943743311,1791040579957,1791040590016,10.059,0.4631844243244809,0.7055792727808105,0.5598221093493949,5.078,0.01903065872881331,2,10.059,3,RECOVERED_NEW_HIGH,1791040734920,144.904
PAPER:ONUSDT:1791040499999:SHORT,ONUSDT,SHORT,True,OBSERVATION_MISS,REDUCE25+RUNNER_CLOSE,80,LT1,0.6564597943743311,1791040579957,1791040590016,10.059,0.4631844243244809,0.7055792727808105,0.5598221093493949,5.078,0.01903065872881331,2,10.059,3,RECOVERED_NEW_HIGH,1791040734920,144.904
PAPER:ONUSDT:1791040499999:SHORT,ONUSDT,SHORT,True,OBSERVATION_MISS,REDUCE25+RUNNER_CLOSE,75,LT1,0.6564597943743311,1791040579957,1791040590016,10.059,0.4631844243244809,0.7055792727808105,0.5598221093493949,5.078,0.01903065872881331,2,10.059,3,RECOVERED_NEW_HIGH,1791040734920,144.904
PAPER:ONUSDT:1791040499999:SHORT,ONUSDT,SHORT,True,OBSERVATION_MISS,REDUCE25+RUNNER_CLOSE,95,LT1,0.8497351644241924,1791040755006,1791040764928,9.922,0.7530974793992562,0.8862731718412278,0.8497351644241924,4.966,0.019459864080736244,2,9.922,2,RECOVERED_NEW_HIGH,1791040785086,20.158
PAPER:ONUSDT:1791040499999:SHORT,ONUSDT,SHORT,True,OBSERVATION_MISS,REDUCE25+RUNNER_CLOSE,90,LT1,0.8497351644241924,1791040755006,1791040764928,9.922,0.7530974793992562,0.8862731718412278,0.8497351644241924,4.966,0.019459864080736244,2,9.922,2,RECOVERED_NEW_HIGH,1791040785086,20.158
PAPER:ONUSDT:1791040499999:SHORT,ONUSDT,SHORT,True,OBSERVATION_MISS,REDUCE25+RUNNER_CLOSE,95,LT1,0.9463728494491175,1791040785086,1791040789925,4.839,0.7530974793992562,0.7957724905544716,0.9463728494491175,4.839,0.03994118000617096,1,4.839,4,RECOVERED_NEW_HIGH,1791041040015,250.09
PAPER:ONUSDT:1791040499999:SHORT,ONUSDT,SHORT,True,OBSERVATION_MISS,REDUCE25+RUNNER_CLOSE,90,LT1,0.9463728494491175,1791040785086,1791040789925,4.839,0.7530974793992562,0.7957724905544716,0.9463728494491175,4.839,0.03994118000617096,1,4.839,4,RECOVERED_NEW_HIGH,1791041040015,250.09
PAPER:ONUSDT:1791040499999:SHORT,ONUSDT,SHORT,True,OBSERVATION_MISS,REDUCE25+RUNNER_CLOSE,85,LT1,0.9463728494491175,1791040785086,1791040789925,4.839,0.7530974793992562,0.7957724905544716,0.9463728494491175,4.839,0.03994118000617096,1,4.839,4,RECOVERED_NEW_HIGH,1791041040015,250.09
PAPER:ONUSDT:1791040499999:SHORT,ONUSDT,SHORT,True,OBSERVATION_MISS,REDUCE25+RUNNER_CLOSE,80,LT1,0.9463728494491175,1791040785086,1791040789925,4.839,0.7530974793992562,0.7957724905544716,0.9463728494491175,4.839,0.03994118000617096,1,4.839,4,RECOVERED_NEW_HIGH,1791041040015,250.09
PAPER:ONUSDT:1791040499999:SHORT,ONUSDT,SHORT,True,OBSERVATION_MISS,REDUCE25+RUNNER_CLOSE,75,LT1,0.9463728494491175,1791040785086,1791040874976,89.89,0.6564597943743311,0.6936587358317132,0.8497351644241924,5.067,0.03814394514502887,2,10.064,3,RECOVERED_NEW_HIGH,1791041040015,165.039
PAPER:ONUSDT:1791040499999:SHORT,ONUSDT,SHORT,True,OBSERVATION_MISS,REDUCE25+RUNNER_CLOSE,95,1_TO_1_5,1.2362859045238928,1791041049900,1791041059958,10.058,1.1396482194989677,0.9218322520128212,1.2362859045238928,4.929,0.01960594137247415,2,10.058,1,RECOVERED_NEW_HIGH,1791041089972,30.014
PAPER:ONUSDT:1791040499999:SHORT,ONUSDT,SHORT,True,OBSERVATION_MISS,REDUCE25+RUNNER_CLOSE,90,1_TO_1_5,1.2362859045238928,1791041049900,1791041070036,20.136,1.0430105344740315,0.8436645040256333,1.1396482194989677,5.102,0.018941137793989843,4,20.136,2,RECOVERED_NEW_HIGH,1791041089972,19.936
PAPER:ONUSDT:1791040499999:SHORT,ONUSDT,SHORT,True,OBSERVATION_MISS,REDUCE25+RUNNER_CLOSE,85,1_TO_1_5,1.2362859045238928,1791041049900,1791041070036,20.136,1.0430105344740315,0.8436645040256333,1.1396482194989677,5.102,0.018941137793989843,4,20.136,2,RECOVERED_NEW_HIGH,1791041089972,19.936
PAPER:ONUSDT:1791040499999:SHORT,ONUSDT,SHORT,True,OBSERVATION_MISS,REDUCE25+RUNNER_CLOSE,95,1_TO_1_5,1.332923589548829,1791041089972,1791041100009,10.037,1.2362859045238928,0.9274994562459156,1.332923589548829,5.086,0.019000724542850213,2,10.037,1,RECOVERED_NEW_HIGH,1791041394911,294.902
PAPER:ONUSDT:1791040499999:SHORT,ONUSDT,SHORT,True,OBSERVATION_MISS,REDUCE25+RUNNER_CLOSE,90,1_TO_1_5,1.332923589548829,1791041089972,1791041109909,19.937,1.0430105344740315,0.7824983687377549,1.2362859045238928,4.976,0.03884151327368595,4,19.937,3,RECOVERED_NEW_HIGH,1791041394911,285.002
PAPER:ONUSDT:1791040499999:SHORT,ONUSDT,SHORT,True,OBSERVATION_MISS,REDUCE25+RUNNER_CLOSE,85,1_TO_1_5,1.332923589548829,1791041089972,1791041109909,19.937,1.0430105344740315,0.7824983687377549,1.2362859045238928,4.976,0.03884151327368595,4,19.937,3,RECOVERED_NEW_HIGH,1791041394911,285.002
PAPER:ONUSDT:1791040499999:SHORT,ONUSDT,SHORT,True,OBSERVATION_MISS,REDUCE25+RUNNER_CLOSE,80,1_TO_1_5,1.332923589548829,1791041089972,1791041109909,19.937,1.0430105344740315,0.7824983687377549,1.2362859045238928,4.976,0.03884151327368595,4,19.937,3,RECOVERED_NEW_HIGH,1791041394911,285.002
PAPER:ONUSDT:1791040499999:SHORT,ONUSDT,SHORT,True,OBSERVATION_MISS,REDUCE25+RUNNER_CLOSE,75,1_TO_1_5,1.332923589548829,1791041089972,1791041139918,49.946,0.9463728494491175,0.7099978249836871,1.0430105344740315,4.975,0.019424660306515375,10,49.946,1,RECOVERED_NEW_HIGH,1791041394911,254.993
PAPER:ONUSDT:1791040499999:SHORT,ONUSDT,SHORT,True,OBSERVATION_MISS,REDUCE25+RUNNER_CLOSE,95,1_5_TO_3,2.0093873847233157,1791041415037,1791041444999,29.962,1.8161120146734655,0.9038137834848289,1.9127496996983795,5.07,0.019060687381639838,4,20.097,1,RECOVERED_NEW_HIGH,1791042019833,574.834
PAPER:ONUSDT:1791040499999:SHORT,ONUSDT,SHORT,True,OBSERVATION_MISS,REDUCE25+RUNNER_CLOSE,90,1_5_TO_3,2.0093873847233157,1791041415037,1791041449901,34.864,1.5261989595986791,0.7595344587120668,1.8161120146734655,4.902,0.059141790100935614,5,24.999,3,RECOVERED_NEW_HIGH,1791042019833,569.932
PAPER:ONUSDT:1791040499999:SHORT,ONUSDT,SHORT,True,OBSERVATION_MISS,REDUCE25+RUNNER_CLOSE,85,1_5_TO_3,2.0093873847233157,1791041415037,1791041449901,34.864,1.5261989595986791,0.7595344587120668,1.8161120146734655,4.902,0.059141790100935614,5,24.999,3,RECOVERED_NEW_HIGH,1791042019833,569.932
PAPER:ONUSDT:1791040499999:SHORT,ONUSDT,SHORT,True,OBSERVATION_MISS,REDUCE25+RUNNER_CLOSE,80,1_5_TO_3,2.0093873847233157,1791041415037,1791041449901,34.864,1.5261989595986791,0.7595344587120668,1.8161120146734655,4.902,0.059141790100935614,5,24.999,3,RECOVERED_NEW_HIGH,1791042019833,569.932
PAPER:ONUSDT:1791040499999:SHORT,ONUSDT,SHORT,True,OBSERVATION_MISS,REDUCE25+RUNNER_CLOSE,75,1_5_TO_3,2.0093873847233157,1791041415037,1791041489984,74.947,1.429561274573754,0.7114413504544813,1.5261989595986791,5.136,0.018815748641924666,4,20.138,1,RECOVERED_NEW_HIGH,1791042019833,529.849
PAPER:ONUSDT:1791040499999:SHORT,ONUSDT,SHORT,True,OBSERVATION_MISS,REDUCE25+RUNNER_CLOSE,95,1_5_TO_3,2.395938124823027,1791042019833,1791042024835,5.002,2.1060250697482408,0.8789981043036325,2.395938124823027,5.002,0.057959427244059655,1,5.002,2,FINAL_REVERSAL,,
PAPER:ONUSDT:1791040499999:SHORT,ONUSDT,SHORT,True,OBSERVATION_MISS,REDUCE25+RUNNER_CLOSE,90,1_5_TO_3,2.395938124823027,1791042019833,1791042024835,5.002,2.1060250697482408,0.8789981043036325,2.395938124823027,5.002,0.057959427244059655,1,5.002,2,FINAL_REVERSAL,,
PAPER:ONUSDT:1791040499999:SHORT,ONUSDT,SHORT,True,OBSERVATION_MISS,REDUCE25+RUNNER_CLOSE,85,1_5_TO_3,2.395938124823027,1791042019833,1791042029940,10.107,2.0093873847233157,0.8386641390715115,2.1060250697482408,5.105,0.01893000686090599,2,10.107,1,FINAL_REVERSAL,,
PAPER:ONUSDT:1791040499999:SHORT,ONUSDT,SHORT,True,OBSERVATION_MISS,REDUCE25+RUNNER_CLOSE,80,1_5_TO_3,2.395938124823027,1791042019833,1791042079856,60.023,1.9127496996983795,0.7983301738393859,2.0093873847233157,4.917,0.019653789917619728,3,15.009,1,FINAL_REVERSAL,,
PAPER:ONUSDT:1791040499999:SHORT,ONUSDT,SHORT,True,OBSERVATION_MISS,REDUCE25+RUNNER_CLOSE,75,1_5_TO_3,2.395938124823027,1791042019833,1791042120010,100.177,1.7194743296485404,0.7176622433751486,1.8161120146734655,5.16,0.018728233531962225,6,30.02,1,FINAL_REVERSAL,,
PAPER:USUSDT:1791040799999:SHORT,USUSDT,SHORT,True,RUNNER_TRIGGER_DELAY,REDUCE25+RUNNER_CLOSE,95,LT1,0.38146037512000186,1791040894984,1791040899978,4.994,0.2522534495364992,0.6612834936188168,0.38146037512000186,4.994,0.025872432035142705,1,4.994,5,RECOVERED_NEW_HIGH,1791040950132,50.154
PAPER:USUSDT:1791040799999:SHORT,USUSDT,SHORT,True,RUNNER_TRIGGER_DELAY,REDUCE25+RUNNER_CLOSE,90,LT1,0.38146037512000186,1791040894984,1791040899978,4.994,0.2522534495364992,0.6612834936188168,0.38146037512000186,4.994,0.025872432035142705,1,4.994,5,RECOVERED_NEW_HIGH,1791040950132,50.154
PAPER:USUSDT:1791040799999:SHORT,USUSDT,SHORT,True,RUNNER_TRIGGER_DELAY,REDUCE25+RUNNER_CLOSE,85,LT1,0.38146037512000186,1791040894984,1791040899978,4.994,0.2522534495364992,0.6612834936188168,0.38146037512000186,4.994,0.025872432035142705,1,4.994,5,RECOVERED_NEW_HIGH,1791040950132,50.154
PAPER:USUSDT:1791040799999:SHORT,USUSDT,SHORT,True,RUNNER_TRIGGER_DELAY,REDUCE25+RUNNER_CLOSE,80,LT1,0.38146037512000186,1791040894984,1791040899978,4.994,0.2522534495364992,0.6612834936188168,0.38146037512000186,4.994,0.025872432035142705,1,4.994,5,RECOVERED_NEW_HIGH,1791040950132,50.154
PAPER:USUSDT:1791040799999:SHORT,USUSDT,SHORT,True,RUNNER_TRIGGER_DELAY,REDUCE25+RUNNER_CLOSE,75,LT1,0.38146037512000186,1791040894984,1791040899978,4.994,0.2522534495364992,0.6612834936188168,0.38146037512000186,4.994,0.025872432035142705,1,4.994,5,RECOVERED_NEW_HIGH,1791040950132,50.154
PAPER:USUSDT:1791040799999:SHORT,USUSDT,SHORT,True,RUNNER_TRIGGER_DELAY,REDUCE25+RUNNER_CLOSE,95,LT1,0.50143823459039,1791040950132,1791040954987,4.855,0.43683477179863317,0.8711636681544048,0.50143823459039,4.855,0.013306583479249614,1,4.855,2,RECOVERED_NEW_HIGH,1791040969966,14.979
PAPER:USUSDT:1791040799999:SHORT,USUSDT,SHORT,True,RUNNER_TRIGGER_DELAY,REDUCE25+RUNNER_CLOSE,90,LT1,0.50143823459039,1791040950132,1791040954987,4.855,0.43683477179863317,0.8711636681544048,0.50143823459039,4.855,0.013306583479249614,1,4.855,2,RECOVERED_NEW_HIGH,1791040969966,14.979
PAPER:USUSDT:1791040799999:SHORT,USUSDT,SHORT,True,RUNNER_TRIGGER_DELAY,REDUCE25+RUNNER_CLOSE,95,1_TO_1_5,1.1382437963948,1791041019966,1791041025126,5.16,0.8844444782843408,0.7770255204426971,1.1382437963948,5.16,0.04918591436249209,1,5.16,4,RECOVERED_NEW_HIGH,1791041265081,239.955
PAPER:USUSDT:1791040799999:SHORT,USUSDT,SHORT,True,RUNNER_TRIGGER_DELAY,REDUCE25+RUNNER_CLOSE,90,1_TO_1_5,1.1382437963948,1791041019966,1791041025126,5.16,0.8844444782843408,0.7770255204426971,1.1382437963948,5.16,0.04918591436249209,1,5.16,4,RECOVERED_NEW_HIGH,1791041265081,239.955
PAPER:USUSDT:1791040799999:SHORT,USUSDT,SHORT,True,RUNNER_TRIGGER_DELAY,REDUCE25+RUNNER_CLOSE,85,1_TO_1_5,1.1382437963948,1791041019966,1791041025126,5.16,0.8844444782843408,0.7770255204426971,1.1382437963948,5.16,0.04918591436249209,1,5.16,4,RECOVERED_NEW_HIGH,1791041265081,239.955
PAPER:USUSDT:1791040799999:SHORT,USUSDT,SHORT,True,RUNNER_TRIGGER_DELAY,REDUCE25+RUNNER_CLOSE,80,1_TO_1_5,1.1382437963948,1791041019966,1791041025126,5.16,0.8844444782843408,0.7770255204426971,1.1382437963948,5.16,0.04918591436249209,1,5.16,4,RECOVERED_NEW_HIGH,1791041265081,239.955
PAPER:USUSDT:1791040799999:SHORT,USUSDT,SHORT,True,RUNNER_TRIGGER_DELAY,REDUCE25+RUNNER_CLOSE,75,1_TO_1_5,1.1382437963948,1791041019966,1791041040082,20.116,0.8475282138319273,0.7445928688707406,1.0182659369244007,5.115,0.03337980901123624,1,5.115,3,RECOVERED_NEW_HIGH,1791041265081,224.999
PAPER:USUSDT:1791040799999:SHORT,USUSDT,SHORT,True,RUNNER_TRIGGER_DELAY,REDUCE25+RUNNER_CLOSE,95,1_5_TO_3,1.9550161474047978,1791041289936,1791041295148,5.212,1.7704348251426416,0.9055857812186461,1.9550161474047978,5.212,0.03541468193824946,1,5.212,1,RECOVERED_NEW_HIGH,1791041364958,69.81
PAPER:USUSDT:1791040799999:SHORT,USUSDT,SHORT,True,RUNNER_TRIGGER_DELAY,REDUCE25+RUNNER_CLOSE,90,1_5_TO_3,1.9550161474047978,1791041289936,1791041340049,50.113,1.7473621598598887,0.8937840038709854,1.7842784243123022,5.105,0.007231393624370905,1,5.105,1,RECOVERED_NEW_HIGH,1791041364958,24.909
PAPER:USUSDT:1791040799999:SHORT,USUSDT,SHORT,True,RUNNER_TRIGGER_DELAY,REDUCE25+RUNNER_CLOSE,95,1_5_TO_3,2.3103351927594162,1791041385034,1791041389935,4.901,2.1072957382710644,0.9121168845435602,2.3103351927594162,4.901,0.04142816863667656,1,4.901,1,RECOVERED_NEW_HIGH,1791041400024,10.089
PAPER:USUSDT:1791040799999:SHORT,USUSDT,SHORT,True,RUNNER_TRIGGER_DELAY,REDUCE25+RUNNER_CLOSE,95,GE3,6.048106968567868,1791041424941,1791041430109,5.168,5.217491018388221,0.8626651356372539,6.048106968567868,5.168,0.16072290057655722,1,5.168,2,RECOVERED_NEW_HIGH,1791041915026,484.917
PAPER:USUSDT:1791040799999:SHORT,USUSDT,SHORT,True,RUNNER_TRIGGER_DELAY,REDUCE25+RUNNER_CLOSE,90,GE3,6.048106968567868,1791041424941,1791041430109,5.168,5.217491018388221,0.8626651356372539,6.048106968567868,5.168,0.16072290057655722,1,5.168,2,RECOVERED_NEW_HIGH,1791041915026,484.917
PAPER:USUSDT:1791040799999:SHORT,USUSDT,SHORT,True,RUNNER_TRIGGER_DELAY,REDUCE25+RUNNER_CLOSE,85,GE3,6.048106968567868,1791041424941,1791041439937,14.996,4.779110378015616,0.7901828461124691,5.420530472876573,4.999,0.128309680908373,1,4.999,2,RECOVERED_NEW_HIGH,1791041915026,475.089
PAPER:USUSDT:1791040799999:SHORT,USUSDT,SHORT,True,RUNNER_TRIGGER_DELAY,REDUCE25+RUNNER_CLOSE,80,GE3,6.048106968567868,1791041424941,1791041439937,14.996,4.779110378015616,0.7901828461124691,5.420530472876573,4.999,0.128309680908373,1,4.999,2,RECOVERED_NEW_HIGH,1791041915026,475.089
PAPER:USUSDT:1791040799999:SHORT,USUSDT,SHORT,True,RUNNER_TRIGGER_DELAY,REDUCE25+RUNNER_CLOSE,75,GE3,6.048106968567868,1791041424941,1791041449946,25.005,3.5654881841420183,0.5895213498491232,4.6083726549231425,4.907,0.2125299512494649,3,15.008,1,RECOVERED_NEW_HIGH,1791041915026,465.08
PAPER:USUSDT:1791040799999:SHORT,USUSDT,SHORT,True,RUNNER_TRIGGER_DELAY,REDUCE25+RUNNER_CLOSE,95,GE3,6.0619505677375285,1791041915026,1791041939972,24.946,5.748162319891891,0.948236422527815,5.785078584344305,5.118,0.007213025488943625,3,14.975,1,RECOVERED_NEW_HIGH,1791041974928,34.956
PAPER:USUSDT:1791040799999:SHORT,USUSDT,SHORT,True,RUNNER_TRIGGER_DELAY,REDUCE25+RUNNER_CLOSE,90,GE3,6.0619505677375285,1791041915026,1791041959903,44.877,5.4436031381593475,0.8979953032165744,5.489748468724887,4.905,0.009407814590324054,3,15.058,1,RECOVERED_NEW_HIGH,1791041974928,15.025
PAPER:USUSDT:1791040799999:SHORT,USUSDT,SHORT,True,RUNNER_TRIGGER_DELAY,REDUCE25+RUNNER_CLOSE,95,GE3,6.191157493321031,1791041979852,1791041984969,5.117,5.752776852948438,0.9291924586241727,6.191157493321031,5.117,0.08567141691862278,1,5.117,1,RECOVERED_NEW_HIGH,1791042054858,69.889
PAPER:USUSDT:1791040799999:SHORT,USUSDT,SHORT,True,RUNNER_TRIGGER_DELAY,REDUCE25+RUNNER_CLOSE,95,GE3,6.477258542827357,1791042094857,1791042104991,10.134,6.14962669581206,0.9494181303943622,6.454185877544605,5.134,0.05932200657042166,2,10.134,1,RECOVERED_NEW_HIGH,1791042249870,144.879
PAPER:USUSDT:1791040799999:SHORT,USUSDT,SHORT,True,RUNNER_TRIGGER_DELAY,REDUCE25+RUNNER_CLOSE,90,GE3,6.477258542827357,1791042094857,1791042120032,25.175,5.8219948487967415,0.898836260788721,5.86814017936228,5.168,0.008929050032031463,5,25.175,1,RECOVERED_NEW_HIGH,1791042249870,129.838
PAPER:USUSDT:1791040799999:SHORT,USUSDT,SHORT,True,RUNNER_TRIGGER_DELAY,REDUCE25+RUNNER_CLOSE,95,GE3,6.647996265919842,1791042249870,1791042255017,5.147,5.978888972719565,0.8993520353447887,6.647996265919842,5.147,0.12999947410147208,1,5.147,2,RECOVERED_NEW_HIGH,1791042264871,9.854
PAPER:USUSDT:1791040799999:SHORT,USUSDT,SHORT,True,RUNNER_TRIGGER_DELAY,REDUCE25+RUNNER_CLOSE,90,GE3,6.647996265919842,1791042249870,1791042255017,5.147,5.978888972719565,0.8993520353447887,6.647996265919842,5.147,0.12999947410147208,1,5.147,2,RECOVERED_NEW_HIGH,1791042264871,9.854
PAPER:USUSDT:1791040799999:SHORT,USUSDT,SHORT,True,RUNNER_TRIGGER_DELAY,REDUCE25+RUNNER_CLOSE,95,GE3,7.437081418590519,1791042289868,1791042294863,4.995,7.04946064184001,0.9478799874663776,7.437081418590519,4.995,0.07760175710720889,1,4.995,1,RECOVERED_NEW_HIGH,1791042304899,10.036
PAPER:USUSDT:1791040799999:SHORT,USUSDT,SHORT,True,RUNNER_TRIGGER_DELAY,REDUCE25+RUNNER_CLOSE,95,GE3,7.450925017760179,1791042304899,1791042339869,34.97,7.077147840179343,0.9498347954529279,7.104835038518653,4.995,0.005542982650512444,7,34.97,1,FINAL_REVERSAL,,
PAPER:USUSDT:1791040799999:SHORT,USUSDT,SHORT,True,RUNNER_TRIGGER_DELAY,REDUCE25+RUNNER_CLOSE,90,GE3,7.450925017760179,1791042304899,1791042349866,44.967,6.389582414752848,0.8575555920268298,6.994086245161368,4.843,0.12482011777999587,9,44.967,1,FINAL_REVERSAL,,
PAPER:USUSDT:1791040799999:SHORT,USUSDT,SHORT,True,RUNNER_TRIGGER_DELAY,REDUCE25+RUNNER_CLOSE,85,GE3,7.450925017760179,1791042304899,1791042369882,64.983,6.292677220565224,0.8445497982553668,6.343437084187298,5.02,0.010111526617942955,2,9.874,1,FINAL_REVERSAL,,
PAPER:USUSDT:1791040799999:SHORT,USUSDT,SHORT,True,RUNNER_TRIGGER_DELAY,REDUCE25+RUNNER_CLOSE,80,GE3,7.450925017760179,1791042304899,1791042374992,70.093,5.7204751215525595,0.767753682652438,6.292677220565224,5.11,0.11197692739973866,3,14.984,1,FINAL_REVERSAL,,
PAPER:USUSDT:1791040799999:SHORT,USUSDT,SHORT,True,RUNNER_TRIGGER_DELAY,REDUCE25+RUNNER_CLOSE,75,GE3,7.450925017760179,1791042304899,1791042615018,310.119,5.517435667064207,0.7405034480836585,5.854296580192619,5.106,0.06597354350341005,3,15.005,1,FINAL_REVERSAL,,
PAPER:龙虾USDT:1791041099999:SHORT,龙虾USDT,SHORT,True,PARTIAL_REDUCE_DRAG,REDUCE25,95,LT1,0.39375173096887206,1791041139986,1791041145188,5.202,0.32842187858429517,0.83408364396564,0.39375173096887206,5.202,0.012558602918988254,1,5.202,3,RECOVERED_NEW_HIGH,1791041150003,4.815
PAPER:龙虾USDT:1791041099999:SHORT,龙虾USDT,SHORT,True,PARTIAL_REDUCE_DRAG,REDUCE25,90,LT1,0.39375173096887206,1791041139986,1791041145188,5.202,0.32842187858429517,0.83408364396564,0.39375173096887206,5.202,0.012558602918988254,1,5.202,3,RECOVERED_NEW_HIGH,1791041150003,4.815
PAPER:龙虾USDT:1791041099999:SHORT,龙虾USDT,SHORT,True,PARTIAL_REDUCE_DRAG,REDUCE25,85,LT1,0.39375173096887206,1791041139986,1791041145188,5.202,0.32842187858429517,0.83408364396564,0.39375173096887206,5.202,0.012558602918988254,1,5.202,3,RECOVERED_NEW_HIGH,1791041150003,4.815
PAPER:龙虾USDT:1791041099999:SHORT,龙虾USDT,SHORT,True,PARTIAL_REDUCE_DRAG,REDUCE25,95,LT1,0.676847757968746,1791041155023,1791041160177,5.154,0.611517905584158,0.9034792512563738,0.676847757968746,5.154,0.012675563132438493,1,5.154,1,FINAL_REVERSAL,,
PAPER:龙虾USDT:1791041099999:SHORT,龙虾USDT,SHORT,True,PARTIAL_REDUCE_DRAG,REDUCE25,90,LT1,0.676847757968746,1791041155023,1791041164993,9.97,0.30664526112276214,0.45304909045280717,0.611517905584158,4.816,0.06330412052769847,2,9.97,4,FINAL_REVERSAL,,
PAPER:龙虾USDT:1791041099999:SHORT,龙虾USDT,SHORT,True,PARTIAL_REDUCE_DRAG,REDUCE25,85,LT1,0.676847757968746,1791041155023,1791041164993,9.97,0.30664526112276214,0.45304909045280717,0.611517905584158,4.816,0.06330412052769847,2,9.97,4,FINAL_REVERSAL,,
PAPER:龙虾USDT:1791041099999:SHORT,龙虾USDT,SHORT,True,PARTIAL_REDUCE_DRAG,REDUCE25,80,LT1,0.676847757968746,1791041155023,1791041164993,9.97,0.30664526112276214,0.45304909045280717,0.611517905584158,4.816,0.06330412052769847,2,9.97,4,FINAL_REVERSAL,,
PAPER:龙虾USDT:1791041099999:SHORT,龙虾USDT,SHORT,True,PARTIAL_REDUCE_DRAG,REDUCE25,75,LT1,0.676847757968746,1791041155023,1791041164993,9.97,0.30664526112276214,0.45304909045280717,0.611517905584158,4.816,0.06330412052769847,2,9.97,4,FINAL_REVERSAL,,
PAPER:MORPHOUSDT:1791041099999:LONG,MORPHOUSDT,LONG,False,CONTROL_GE75,RUNNER_CLOSE,95,LT1,0.03977160854025108,1791041150034,1791041155033,4.999,0.03603613295648511,0.9060768291535038,0.03977160854025108,4.999,0.0007472445656663269,1,4.999,1,RECOVERED_NEW_HIGH,1791041160318,5.285
PAPER:MORPHOUSDT:1791041099999:LONG,MORPHOUSDT,LONG,False,CONTROL_GE75,RUNNER_CLOSE,95,LT1,0.7495119694536756,1791041185017,1791041190074,5.057,0.7046862624486172,0.9401934741112511,0.7495119694536756,5.057,0.00886409076627613,1,5.057,1,RECOVERED_NEW_HIGH,1791041199984,9.91
PAPER:MORPHOUSDT:1791041099999:LONG,MORPHOUSDT,LONG,False,CONTROL_GE75,RUNNER_CLOSE,95,LT1,0.8839890904688508,1791041229989,1791041235105,5.116,0.8242214811287729,0.9323887477973531,0.8839890904688508,5.116,0.01168248814309575,1,5.116,1,RECOVERED_NEW_HIGH,1791041240022,4.917
PAPER:MORPHOUSDT:1791041099999:LONG,MORPHOUSDT,LONG,False,CONTROL_GE75,RUNNER_CLOSE,95,LT1,0.9699050288952016,1791041265173,1791041270051,4.878,0.8653117125500875,0.8921612805077894,0.9699050288952016,4.878,0.02144184426919107,1,4.878,2,RECOVERED_NEW_HIGH,1791041305006,34.955
PAPER:MORPHOUSDT:1791041099999:LONG,MORPHOUSDT,LONG,False,CONTROL_GE75,RUNNER_CLOSE,90,LT1,0.9699050288952016,1791041265173,1791041270051,4.878,0.8653117125500875,0.8921612805077894,0.9699050288952016,4.878,0.02144184426919107,1,4.878,2,RECOVERED_NEW_HIGH,1791041305006,34.955
PAPER:MORPHOUSDT:1791041099999:LONG,MORPHOUSDT,LONG,False,CONTROL_GE75,RUNNER_CLOSE,85,LT1,0.9699050288952016,1791041265173,1791041284950,19.777,0.7756602985399486,0.7997280923715664,0.8653117125500875,4.69,0.019115440087449677,2,9.966,2,RECOVERED_NEW_HIGH,1791041305006,20.056
PAPER:MORPHOUSDT:1791041099999:LONG,MORPHOUSDT,LONG,False,CONTROL_GE75,RUNNER_CLOSE,80,LT1,0.9699050288952016,1791041265173,1791041284950,19.777,0.7756602985399486,0.7997280923715664,0.8653117125500875,4.69,0.019115440087449677,2,9.966,2,RECOVERED_NEW_HIGH,1791041305006,20.056
PAPER:MORPHOUSDT:1791041099999:LONG,MORPHOUSDT,LONG,False,CONTROL_GE75,RUNNER_CLOSE,95,1_TO_1_5,1.0259371626515357,1791041310171,1791041314998,4.827,0.9699050288952016,0.945384438934331,1.0259371626515357,4.827,0.011608065828948433,1,4.827,1,RECOVERED_NEW_HIGH,1791041319933,4.935
PAPER:MORPHOUSDT:1791041099999:LONG,MORPHOUSDT,LONG,False,CONTROL_GE75,RUNNER_CLOSE,95,1_5_TO_3,2.2324957762043685,1791041404981,1791041415055,10.074,2.083076752854174,0.9330708595542192,2.139108886610508,5.044,0.011108670451295419,2,10.074,1,FINAL_REVERSAL,,
PAPER:MORPHOUSDT:1791041099999:LONG,MORPHOUSDT,LONG,False,CONTROL_GE75,RUNNER_CLOSE,90,1_5_TO_3,2.2324957762043685,1791041404981,1791041475084,70.103,1.9299222539202132,0.8644684905972889,2.161521740113037,5.147,0.044996985854444116,1,5.147,2,FINAL_REVERSAL,,
PAPER:MORPHOUSDT:1791041099999:LONG,MORPHOUSDT,LONG,False,CONTROL_GE75,RUNNER_CLOSE,85,1_5_TO_3,2.2324957762043685,1791041404981,1791041484933,79.952,1.7730322794025088,0.794192893129219,1.9523351074227424,4.997,0.03588209486096329,1,4.997,2,FINAL_REVERSAL,,
PAPER:MORPHOUSDT:1791041099999:LONG,MORPHOUSDT,LONG,False,CONTROL_GE75,RUNNER_CLOSE,80,1_5_TO_3,2.2324957762043685,1791041404981,1791041484933,79.952,1.7730322794025088,0.794192893129219,1.9523351074227424,4.997,0.03588209486096329,1,4.997,2,FINAL_REVERSAL,,
PAPER:MORPHOUSDT:1791041099999:LONG,MORPHOUSDT,LONG,False,CONTROL_GE75,RUNNER_CLOSE,75,1_5_TO_3,2.2324957762043685,1791041404981,1791041494944,89.963,1.6198777804685704,0.7255905241722986,1.8626836934126478,4.85,0.05006307483383039,1,4.85,2,FINAL_REVERSAL,,
PAPER:ARXUSDT:1791041099999:SHORT,ARXUSDT,SHORT,True,PARTIAL_REDUCE_DRAG,REDUCE25,95,LT1,0.19933811323668005,1791041225024,1791041230013,4.989,0.16278109423053522,0.8166079812206329,0.19933811323668005,4.989,0.007327524354809547,1,4.989,3,RECOVERED_NEW_HIGH,1791041314997,84.984
PAPER:ARXUSDT:1791041099999:SHORT,ARXUSDT,SHORT,True,PARTIAL_REDUCE_DRAG,REDUCE25,90,LT1,0.19933811323668005,1791041225024,1791041230013,4.989,0.16278109423053522,0.8166079812206329,0.19933811323668005,4.989,0.007327524354809547,1,4.989,3,RECOVERED_NEW_HIGH,1791041314997,84.984
PAPER:ARXUSDT:1791041099999:SHORT,ARXUSDT,SHORT,True,PARTIAL_REDUCE_DRAG,REDUCE25,85,LT1,0.19933811323668005,1791041225024,1791041230013,4.989,0.16278109423053522,0.8166079812206329,0.19933811323668005,4.989,0.007327524354809547,1,4.989,3,RECOVERED_NEW_HIGH,1791041314997,84.984
PAPER:ARXUSDT:1791041099999:SHORT,ARXUSDT,SHORT,True,PARTIAL_REDUCE_DRAG,REDUCE25,80,LT1,0.19933811323668005,1791041225024,1791041254994,29.97,0.1262240752244015,0.6332159624413215,0.16278109423053522,4.766,0.0076703774666667494,6,29.97,2,RECOVERED_NEW_HIGH,1791041314997,60.003
PAPER:ARXUSDT:1791041099999:SHORT,ARXUSDT,SHORT,True,PARTIAL_REDUCE_DRAG,REDUCE25,75,LT1,0.19933811323668005,1791041225024,1791041254994,29.97,0.1262240752244015,0.6332159624413215,0.16278109423053522,4.766,0.0076703774666667494,6,29.97,2,RECOVERED_NEW_HIGH,1791041314997,60.003
PAPER:ARXUSDT:1791041099999:SHORT,ARXUSDT,SHORT,True,PARTIAL_REDUCE_DRAG,REDUCE25,95,LT1,0.23589513224283598,1791041314997,1791041350035,35.038,0.19933811323668005,0.8450285147532283,0.23589513224283598,5.063,0.0072204264282354205,7,35.038,3,RECOVERED_NEW_HIGH,1791041559946,209.911
PAPER:ARXUSDT:1791041099999:SHORT,ARXUSDT,SHORT,True,PARTIAL_REDUCE_DRAG,REDUCE25,90,LT1,0.23589513224283598,1791041314997,1791041350035,35.038,0.19933811323668005,0.8450285147532283,0.23589513224283598,5.063,0.0072204264282354205,7,35.038,3,RECOVERED_NEW_HIGH,1791041559946,209.911
PAPER:ARXUSDT:1791041099999:SHORT,ARXUSDT,SHORT,True,PARTIAL_REDUCE_DRAG,REDUCE25,85,LT1,0.23589513224283598,1791041314997,1791041350035,35.038,0.19933811323668005,0.8450285147532283,0.23589513224283598,5.063,0.0072204264282354205,7,35.038,3,RECOVERED_NEW_HIGH,1791041559946,209.911
PAPER:ARXUSDT:1791041099999:SHORT,ARXUSDT,SHORT,True,PARTIAL_REDUCE_DRAG,REDUCE25,80,LT1,0.23589513224283598,1791041314997,1791041365001,50.004,0.16278109423053522,0.6900570295065035,0.19933811323668005,5.028,0.0072706879487161565,10,50.004,2,RECOVERED_NEW_HIGH,1791041559946,194.945
PAPER:ARXUSDT:1791041099999:SHORT,ARXUSDT,SHORT,True,PARTIAL_REDUCE_DRAG,REDUCE25,75,LT1,0.23589513224283598,1791041314997,1791041365001,50.004,0.16278109423053522,0.6900570295065035,0.19933811323668005,5.028,0.0072706879487161565,10,50.004,2,RECOVERED_NEW_HIGH,1791041559946,194.945
PAPER:ARXUSDT:1791041099999:SHORT,ARXUSDT,SHORT,True,PARTIAL_REDUCE_DRAG,REDUCE25,95,LT1,0.5283512842919391,1791041559946,1791041565071,5.125,0.4917942652858054,0.9308092549540691,0.5283512842919391,5.125,0.0071330768792456055,1,5.125,1,FINAL_REVERSAL,,
PAPER:ARXUSDT:1791041099999:SHORT,ARXUSDT,SHORT,True,PARTIAL_REDUCE_DRAG,REDUCE25,90,LT1,0.5283512842919391,1791041559946,1791041584935,24.989,0.382123208267382,0.7232370198162342,0.4917942652858054,4.888,0.022436795625700365,5,24.989,4,FINAL_REVERSAL,,
PAPER:ARXUSDT:1791041099999:SHORT,ARXUSDT,SHORT,True,PARTIAL_REDUCE_DRAG,REDUCE25,85,LT1,0.5283512842919391,1791041559946,1791041584935,24.989,0.382123208267382,0.7232370198162342,0.4917942652858054,4.888,0.022436795625700365,5,24.989,4,FINAL_REVERSAL,,
PAPER:ARXUSDT:1791041099999:SHORT,ARXUSDT,SHORT,True,PARTIAL_REDUCE_DRAG,REDUCE25,80,LT1,0.5283512842919391,1791041559946,1791041584935,24.989,0.382123208267382,0.7232370198162342,0.4917942652858054,4.888,0.022436795625700365,5,24.989,4,FINAL_REVERSAL,,
PAPER:ARXUSDT:1791041099999:SHORT,ARXUSDT,SHORT,True,PARTIAL_REDUCE_DRAG,REDUCE25,75,LT1,0.5283512842919391,1791041559946,1791041584935,24.989,0.382123208267382,0.7232370198162342,0.4917942652858054,4.888,0.022436795625700365,5,24.989,4,FINAL_REVERSAL,,
PAPER:ATUSDT:1791041099999:SHORT,ATUSDT,SHORT,True,OBSERVATION_MISS,REDUCE25,95,LT1,0.13017618538723186,1791041195016,1791041205180,10.164,0.05508609229355477,0.4231656668206365,0.13017618538723186,5.159,0.014555164391098488,2,10.164,5,RECOVERED_NEW_HIGH,1791041305039,99.859
PAPER:ATUSDT:1791041099999:SHORT,ATUSDT,SHORT,True,OBSERVATION_MISS,REDUCE25,90,LT1,0.13017618538723186,1791041195016,1791041205180,10.164,0.05508609229355477,0.4231656668206365,0.13017618538723186,5.159,0.014555164391098488,2,10.164,5,RECOVERED_NEW_HIGH,1791041305039,99.859
PAPER:ATUSDT:1791041099999:SHORT,ATUSDT,SHORT,True,OBSERVATION_MISS,REDUCE25,85,LT1,0.13017618538723186,1791041195016,1791041205180,10.164,0.05508609229355477,0.4231656668206365,0.13017618538723186,5.159,0.014555164391098488,2,10.164,5,RECOVERED_NEW_HIGH,1791041305039,99.859
PAPER:ATUSDT:1791041099999:SHORT,ATUSDT,SHORT,True,OBSERVATION_MISS,REDUCE25,80,LT1,0.13017618538723186,1791041195016,1791041205180,10.164,0.05508609229355477,0.4231656668206365,0.13017618538723186,5.159,0.014555164391098488,2,10.164,5,RECOVERED_NEW_HIGH,1791041305039,99.859
PAPER:ATUSDT:1791041099999:SHORT,ATUSDT,SHORT,True,OBSERVATION_MISS,REDUCE25,75,LT1,0.13017618538723186,1791041195016,1791041205180,10.164,0.05508609229355477,0.4231656668206365,0.13017618538723186,5.159,0.014555164391098488,2,10.164,5,RECOVERED_NEW_HIGH,1791041305039,99.859
PAPER:ATUSDT:1791041099999:SHORT,ATUSDT,SHORT,True,OBSERVATION_MISS,REDUCE25,95,LT1,0.20526627848094225,1791041305039,1791041310242,5.203,0.05508609229355477,0.2683640620428025,0.20526627848094225,5.203,0.028864152640282043,1,5.203,5,RECOVERED_NEW_HIGH,1791041335012,24.77
PAPER:ATUSDT:1791041099999:SHORT,ATUSDT,SHORT,True,OBSERVATION_MISS,REDUCE25,90,LT1,0.20526627848094225,1791041305039,1791041310242,5.203,0.05508609229355477,0.2683640620428025,0.20526627848094225,5.203,0.028864152640282043,1,5.203,5,RECOVERED_NEW_HIGH,1791041335012,24.77
PAPER:ATUSDT:1791041099999:SHORT,ATUSDT,SHORT,True,OBSERVATION_MISS,REDUCE25,85,LT1,0.20526627848094225,1791041305039,1791041310242,5.203,0.05508609229355477,0.2683640620428025,0.20526627848094225,5.203,0.028864152640282043,1,5.203,5,RECOVERED_NEW_HIGH,1791041335012,24.77
PAPER:ATUSDT:1791041099999:SHORT,ATUSDT,SHORT,True,OBSERVATION_MISS,REDUCE25,80,LT1,0.20526627848094225,1791041305039,1791041310242,5.203,0.05508609229355477,0.2683640620428025,0.20526627848094225,5.203,0.028864152640282043,1,5.203,5,RECOVERED_NEW_HIGH,1791041335012,24.77
PAPER:ATUSDT:1791041099999:SHORT,ATUSDT,SHORT,True,OBSERVATION_MISS,REDUCE25,75,LT1,0.20526627848094225,1791041305039,1791041310242,5.203,0.05508609229355477,0.2683640620428025,0.20526627848094225,5.203,0.028864152640282043,1,5.203,5,RECOVERED_NEW_HIGH,1791041335012,24.77
PAPER:ATUSDT:1791041099999:SHORT,ATUSDT,SHORT,True,OBSERVATION_MISS,REDUCE25,95,LT1,0.35544646466831864,1791041335012,1791041340150,5.138,0.28035637157463045,0.7887442960960162,0.35544646466831864,5.138,0.014614654163816309,1,5.138,4,RECOVERED_NEW_HIGH,1791041344993,4.843
PAPER:ATUSDT:1791041099999:SHORT,ATUSDT,SHORT,True,OBSERVATION_MISS,REDUCE25,90,LT1,0.35544646466831864,1791041335012,1791041340150,5.138,0.28035637157463045,0.7887442960960162,0.35544646466831864,5.138,0.014614654163816309,1,5.138,4,RECOVERED_NEW_HIGH,1791041344993,4.843
PAPER:ATUSDT:1791041099999:SHORT,ATUSDT,SHORT,True,OBSERVATION_MISS,REDUCE25,85,LT1,0.35544646466831864,1791041335012,1791041340150,5.138,0.28035637157463045,0.7887442960960162,0.35544646466831864,5.138,0.014614654163816309,1,5.138,4,RECOVERED_NEW_HIGH,1791041344993,4.843
PAPER:ATUSDT:1791041099999:SHORT,ATUSDT,SHORT,True,OBSERVATION_MISS,REDUCE25,80,LT1,0.35544646466831864,1791041335012,1791041340150,5.138,0.28035637157463045,0.7887442960960162,0.35544646466831864,5.138,0.014614654163816309,1,5.138,4,RECOVERED_NEW_HIGH,1791041344993,4.843
PAPER:ATUSDT:1791041099999:SHORT,ATUSDT,SHORT,True,OBSERVATION_MISS,REDUCE25,95,LT1,0.6558068370430936,1791041355532,1791041359991,4.459,0.5056266508557061,0.7709993587982081,0.6558068370430936,4.459,0.033680239109079954,1,4.459,4,RECOVERED_NEW_HIGH,1791041380006,20.015
PAPER:ATUSDT:1791041099999:SHORT,ATUSDT,SHORT,True,OBSERVATION_MISS,REDUCE25,90,LT1,0.6558068370430936,1791041355532,1791041359991,4.459,0.5056266508557061,0.7709993587982081,0.6558068370430936,4.459,0.033680239109079954,1,4.459,4,RECOVERED_NEW_HIGH,1791041380006,20.015
PAPER:ATUSDT:1791041099999:SHORT,ATUSDT,SHORT,True,OBSERVATION_MISS,REDUCE25,85,LT1,0.6558068370430936,1791041355532,1791041359991,4.459,0.5056266508557061,0.7709993587982081,0.6558068370430936,4.459,0.033680239109079954,1,4.459,4,RECOVERED_NEW_HIGH,1791041380006,20.015
PAPER:ATUSDT:1791041099999:SHORT,ATUSDT,SHORT,True,OBSERVATION_MISS,REDUCE25,80,LT1,0.6558068370430936,1791041355532,1791041359991,4.459,0.5056266508557061,0.7709993587982081,0.6558068370430936,4.459,0.033680239109079954,1,4.459,4,RECOVERED_NEW_HIGH,1791041380006,20.015
PAPER:ATUSDT:1791041099999:SHORT,ATUSDT,SHORT,True,OBSERVATION_MISS,REDUCE25,95,LT1,0.7308969301367818,1791041380006,1791041385163,5.157,0.6558068370430936,0.89726308868251,0.7308969301367818,5.157,0.014560809209557532,1,5.157,2,RECOVERED_NEW_HIGH,1791041390003,4.84
PAPER:ATUSDT:1791041099999:SHORT,ATUSDT,SHORT,True,OBSERVATION_MISS,REDUCE25,90,LT1,0.7308969301367818,1791041380006,1791041385163,5.157,0.6558068370430936,0.89726308868251,0.7308969301367818,5.157,0.014560809209557532,1,5.157,2,RECOVERED_NEW_HIGH,1791041390003,4.84
PAPER:ATUSDT:1791041099999:SHORT,ATUSDT,SHORT,True,OBSERVATION_MISS,REDUCE25,95,1_TO_1_5,1.106347395605256,1791041394999,1791041400106,5.107,0.5807167439494165,0.5248954770049604,1.106347395605256,5.107,0.10292356601837468,1,5.107,5,FINAL_REVERSAL,,
PAPER:ATUSDT:1791041099999:SHORT,ATUSDT,SHORT,True,OBSERVATION_MISS,REDUCE25,90,1_TO_1_5,1.106347395605256,1791041394999,1791041400106,5.107,0.5807167439494165,0.5248954770049604,1.106347395605256,5.107,0.10292356601837468,1,5.107,5,FINAL_REVERSAL,,
PAPER:ATUSDT:1791041099999:SHORT,ATUSDT,SHORT,True,OBSERVATION_MISS,REDUCE25,85,1_TO_1_5,1.106347395605256,1791041394999,1791041400106,5.107,0.5807167439494165,0.5248954770049604,1.106347395605256,5.107,0.10292356601837468,1,5.107,5,FINAL_REVERSAL,,
PAPER:ATUSDT:1791041099999:SHORT,ATUSDT,SHORT,True,OBSERVATION_MISS,REDUCE25,80,1_TO_1_5,1.106347395605256,1791041394999,1791041400106,5.107,0.5807167439494165,0.5248954770049604,1.106347395605256,5.107,0.10292356601837468,1,5.107,5,FINAL_REVERSAL,,
PAPER:ATUSDT:1791041099999:SHORT,ATUSDT,SHORT,True,OBSERVATION_MISS,REDUCE25,75,1_TO_1_5,1.106347395605256,1791041394999,1791041400106,5.107,0.5807167439494165,0.5248954770049604,1.106347395605256,5.107,0.10292356601837468,1,5.107,5,FINAL_REVERSAL,,
PAPER:MEGAUSDT:1791041399999:LONG,MEGAUSDT,LONG,True,EXECUTION_ACCOUNTING_DRAG,REDUCE25+RUNNER_CLOSE,95,LT1,0.3675233945458878,1791041490104,1791041494954,4.85,0.34712763689610515,0.9445048724721765,0.3675233945458878,4.85,0.004205310855625285,1,4.85,1,RECOVERED_NEW_HIGH,1791041499939,4.985
PAPER:MEGAUSDT:1791041399999:LONG,MEGAUSDT,LONG,True,EXECUTION_ACCOUNTING_DRAG,REDUCE25+RUNNER_CLOSE,95,LT1,0.3879191521956704,1791041499939,1791041505040,5.101,0.3675233945458878,0.947422658730975,0.3879191521956704,5.101,0.0039983841697280205,1,5.101,1,RECOVERED_NEW_HIGH,1791042570009,1064.969
PAPER:MEGAUSDT:1791041399999:LONG,MEGAUSDT,LONG,True,EXECUTION_ACCOUNTING_DRAG,REDUCE25+RUNNER_CLOSE,90,LT1,0.3879191521956704,1791041499939,1791041509941,10.002,0.34712763689610515,0.89484531746195,0.3675233945458878,4.901,0.0041615502243996395,2,10.002,1,RECOVERED_NEW_HIGH,1791042570009,1060.068
PAPER:MEGAUSDT:1791041399999:LONG,MEGAUSDT,LONG,True,EXECUTION_ACCOUNTING_DRAG,REDUCE25+RUNNER_CLOSE,85,LT1,0.3879191521956704,1791041499939,1791041515043,15.104,0.3267318792463447,0.8422679761929821,0.34712763689610515,5.102,0.003997600480156884,3,15.104,1,RECOVERED_NEW_HIGH,1791042570009,1054.966
PAPER:MEGAUSDT:1791041399999:LONG,MEGAUSDT,LONG,True,EXECUTION_ACCOUNTING_DRAG,REDUCE25+RUNNER_CLOSE,80,LT1,0.3879191521956704,1791041499939,1791041520070,20.131,0.3063361215965621,0.7896906349239571,0.3267318792463447,5.027,0.004057242420883754,4,20.131,1,RECOVERED_NEW_HIGH,1791042570009,1049.939
PAPER:MEGAUSDT:1791041399999:LONG,MEGAUSDT,LONG,True,EXECUTION_ACCOUNTING_DRAG,REDUCE25+RUNNER_CLOSE,75,LT1,0.3879191521956704,1791041499939,1791041524950,25.011,0.22475309099747598,0.5793812698479713,0.3063361215965621,4.88,0.016717834139156992,5,25.011,1,RECOVERED_NEW_HIGH,1791042570009,1045.059
PAPER:MEGAUSDT:1791041399999:LONG,MEGAUSDT,LONG,True,EXECUTION_ACCOUNTING_DRAG,REDUCE25+RUNNER_CLOSE,95,LT1,0.42871066749521347,1791042574918,1791042585023,10.105,0.34712763689610515,0.8097014215303631,0.40831490984545304,5.107,0.011981059907841764,2,10.105,3,RECOVERED_NEW_HIGH,1791042664927,79.904
PAPER:MEGAUSDT:1791041399999:LONG,MEGAUSDT,LONG,True,EXECUTION_ACCOUNTING_DRAG,REDUCE25+RUNNER_CLOSE,90,LT1,0.42871066749521347,1791042574918,1791042585023,10.105,0.34712763689610515,0.8097014215303631,0.40831490984545304,5.107,0.011981059907841764,2,10.105,3,RECOVERED_NEW_HIGH,1791042664927,79.904
PAPER:MEGAUSDT:1791041399999:LONG,MEGAUSDT,LONG,True,EXECUTION_ACCOUNTING_DRAG,REDUCE25+RUNNER_CLOSE,85,LT1,0.42871066749521347,1791042574918,1791042585023,10.105,0.34712763689610515,0.8097014215303631,0.40831490984545304,5.107,0.011981059907841764,2,10.105,3,RECOVERED_NEW_HIGH,1791042664927,79.904
PAPER:MEGAUSDT:1791041399999:LONG,MEGAUSDT,LONG,True,EXECUTION_ACCOUNTING_DRAG,REDUCE25+RUNNER_CLOSE,80,LT1,0.42871066749521347,1791042574918,1791042589925,15.007,0.28594036394677946,0.6669774876781482,0.34712763689610515,4.902,0.012482103824831841,3,15.007,2,RECOVERED_NEW_HIGH,1791042664927,75.002
PAPER:MEGAUSDT:1791041399999:LONG,MEGAUSDT,LONG,True,EXECUTION_ACCOUNTING_DRAG,REDUCE25+RUNNER_CLOSE,75,LT1,0.42871066749521347,1791042574918,1791042589925,15.007,0.28594036394677946,0.6669774876781482,0.34712763689610515,4.902,0.012482103824831841,3,15.007,2,RECOVERED_NEW_HIGH,1791042664927,75.002
PAPER:MEGAUSDT:1791041399999:LONG,MEGAUSDT,LONG,True,EXECUTION_ACCOUNTING_DRAG,REDUCE25+RUNNER_CLOSE,95,LT1,0.9386046087396016,1791042689997,1791042699923,9.926,0.8366258204907329,0.8913506419004161,0.9182088510898412,5.02,0.016251599720937912,2,9.926,2,RECOVERED_NEW_HIGH,1791043119939,420.016
PAPER:MEGAUSDT:1791041399999:LONG,MEGAUSDT,LONG,True,EXECUTION_ACCOUNTING_DRAG,REDUCE25+RUNNER_CLOSE,90,LT1,0.9386046087396016,1791042689997,1791042699923,9.926,0.8366258204907329,0.8913506419004161,0.9182088510898412,5.02,0.016251599720937912,2,9.926,2,RECOVERED_NEW_HIGH,1791043119939,420.016
PAPER:MEGAUSDT:1791041399999:LONG,MEGAUSDT,LONG,True,EXECUTION_ACCOUNTING_DRAG,REDUCE25+RUNNER_CLOSE,85,LT1,0.9386046087396016,1791042689997,1791042719993,29.996,0.7550427898916245,0.804431155420735,0.8366258204907329,5.073,0.016081811669447724,6,29.996,1,RECOVERED_NEW_HIGH,1791043119939,399.946
PAPER:MEGAUSDT:1791041399999:LONG,MEGAUSDT,LONG,True,EXECUTION_ACCOUNTING_DRAG,REDUCE25+RUNNER_CLOSE,80,LT1,0.9386046087396016,1791042689997,1791042750034,60.037,0.7142512745920815,0.7609714121809061,0.7754385475414072,5.11,0.011974026017480564,5,25.105,1,RECOVERED_NEW_HIGH,1791043119939,369.905
PAPER:MEGAUSDT:1791041399999:LONG,MEGAUSDT,LONG,True,EXECUTION_ACCOUNTING_DRAG,REDUCE25+RUNNER_CLOSE,75,LT1,0.9386046087396016,1791042689997,1791042774919,84.922,0.6734597592925162,0.7175116689410537,0.7142512745920815,5.007,0.008146897403548086,4,19.96,1,RECOVERED_NEW_HIGH,1791043119939,345.02
PAPER:MEGAUSDT:1791041399999:LONG,MEGAUSDT,LONG,True,EXECUTION_ACCOUNTING_DRAG,REDUCE25+RUNNER_CLOSE,95,1_TO_1_5,1.02018763933871,1791043134923,1791043140015,5.092,0.9590003663893842,0.9400235107837736,1.02018763933871,5.092,0.012016353682114237,1,5.092,1,RECOVERED_NEW_HIGH,1791043144922,4.907
PAPER:MEGAUSDT:1791041399999:LONG,MEGAUSDT,LONG,True,EXECUTION_ACCOUNTING_DRAG,REDUCE25+RUNNER_CLOSE,95,1_TO_1_5,1.1017706699378182,1791043144922,1791043149947,5.025,0.9997918816889273,0.9074410028952337,1.1017706699378182,5.025,0.020294286218684766,1,5.025,1,RECOVERED_NEW_HIGH,1791043335007,185.06
PAPER:MEGAUSDT:1791041399999:LONG,MEGAUSDT,LONG,True,EXECUTION_ACCOUNTING_DRAG,REDUCE25+RUNNER_CLOSE,90,1_TO_1_5,1.1017706699378182,1791043144922,1791043155010,10.088,0.9793961240391669,0.8889292034742966,0.9997918816889273,5.063,0.004028393768469371,2,10.088,1,RECOVERED_NEW_HIGH,1791043335007,179.997
PAPER:MEGAUSDT:1791041399999:LONG,MEGAUSDT,LONG,True,EXECUTION_ACCOUNTING_DRAG,REDUCE25+RUNNER_CLOSE,85,1_TO_1_5,1.1017706699378182,1791043144922,1791043164860,19.938,0.9182088510898412,0.8333938052114448,0.9793961240391669,4.994,0.012252157178479313,4,19.938,1,RECOVERED_NEW_HIGH,1791043335007,170.147
PAPER:MEGAUSDT:1791041399999:LONG,MEGAUSDT,LONG,True,EXECUTION_ACCOUNTING_DRAG,REDUCE25+RUNNER_CLOSE,80,1_TO_1_5,1.1017706699378182,1791043144922,1791043184976,40.054,0.7754385475414072,0.7038112092647841,1.02018763933871,5.106,0.047933625498884205,1,5.106,4,RECOVERED_NEW_HIGH,1791043335007,150.031
PAPER:MEGAUSDT:1791041399999:LONG,MEGAUSDT,LONG,True,EXECUTION_ACCOUNTING_DRAG,REDUCE25+RUNNER_CLOSE,75,1_TO_1_5,1.1017706699378182,1791043144922,1791043184976,40.054,0.7754385475414072,0.7038112092647841,1.02018763933871,5.106,0.047933625498884205,1,5.106,4,RECOVERED_NEW_HIGH,1791043335007,150.031
PAPER:MEGAUSDT:1791041399999:LONG,MEGAUSDT,LONG,True,EXECUTION_ACCOUNTING_DRAG,REDUCE25+RUNNER_CLOSE,95,1_TO_1_5,1.1221664275875787,1791043335007,1791043339903,4.896,1.02018763933871,0.90912329424424,1.1221664275875787,4.896,0.0208290008678245,1,4.896,1,RECOVERED_NEW_HIGH,1791043359903,20.0
PAPER:MEGAUSDT:1791041399999:LONG,MEGAUSDT,LONG,True,EXECUTION_ACCOUNTING_DRAG,REDUCE25+RUNNER_CLOSE,90,1_TO_1_5,1.1221664275875787,1791043335007,1791043344930,9.923,0.9997918816889273,0.8909479530930801,1.02018763933871,5.027,0.004057242420883754,2,9.923,1,RECOVERED_NEW_HIGH,1791043359903,14.973
PAPER:MEGAUSDT:1791041399999:LONG,MEGAUSDT,LONG,True,EXECUTION_ACCOUNTING_DRAG,REDUCE25+RUNNER_CLOSE,95,1_5_TO_3,1.672851884131532,1791043404912,1791043419912,15.0,1.489290065283555,0.890270130554162,1.6524561264817494,4.994,0.03267241914261002,3,15.0,2,FINAL_REVERSAL,,
PAPER:MEGAUSDT:1791041399999:LONG,MEGAUSDT,LONG,True,EXECUTION_ACCOUNTING_DRAG,REDUCE25+RUNNER_CLOSE,90,1_5_TO_3,1.672851884131532,1791043404912,1791043419912,15.0,1.489290065283555,0.890270130554162,1.6524561264817494,4.994,0.03267241914261002,3,15.0,2,FINAL_REVERSAL,,
PAPER:MEGAUSDT:1791041399999:LONG,MEGAUSDT,LONG,True,EXECUTION_ACCOUNTING_DRAG,REDUCE25+RUNNER_CLOSE,85,1_5_TO_3,1.672851884131532,1791043404912,1791043434927,30.015,1.387311277034664,0.8293090919731321,1.4688943076337724,5.009,0.016287288999622344,6,30.015,1,FINAL_REVERSAL,,
PAPER:MEGAUSDT:1791041399999:LONG,MEGAUSDT,LONG,True,EXECUTION_ACCOUNTING_DRAG,REDUCE25+RUNNER_CLOSE,80,1_5_TO_3,1.672851884131532,1791043404912,1791043449915,45.003,1.3261240040853384,0.7927324688245194,1.3669155193849036,5.001,0.008156671725567938,9,45.003,1,FINAL_REVERSAL,,
PAPER:MEGAUSDT:1791041399999:LONG,MEGAUSDT,LONG,True,EXECUTION_ACCOUNTING_DRAG,REDUCE25+RUNNER_CLOSE,75,1_5_TO_3,1.672851884131532,1791043404912,1791043464935,60.023,1.1221664275875787,0.6708103916624728,1.305728246435578,5.02,0.03656609937211141,12,60.023,1,FINAL_REVERSAL,,
PAPER:AIOTUSDT:1791041699999:LONG,AIOTUSDT,LONG,True,EXECUTION_ACCOUNTING_DRAG,RUNNER_CLOSE,95,LT1,0.013655969580228522,1791041814959,1791041820037,5.078,-0.12095191194004817,-8.857072449485065,0.013655969580228522,5.078,0.026508050712933575,1,5.078,5,RECOVERED_NEW_HIGH,1791041829960,9.923
PAPER:AIOTUSDT:1791041699999:LONG,AIOTUSDT,LONG,True,EXECUTION_ACCOUNTING_DRAG,RUNNER_CLOSE,90,LT1,0.013655969580228522,1791041814959,1791041820037,5.078,-0.12095191194004817,-8.857072449485065,0.013655969580228522,5.078,0.026508050712933575,1,5.078,5,RECOVERED_NEW_HIGH,1791041829960,9.923
PAPER:AIOTUSDT:1791041699999:LONG,AIOTUSDT,LONG,True,EXECUTION_ACCOUNTING_DRAG,RUNNER_CLOSE,85,LT1,0.013655969580228522,1791041814959,1791041820037,5.078,-0.12095191194004817,-8.857072449485065,0.013655969580228522,5.078,0.026508050712933575,1,5.078,5,RECOVERED_NEW_HIGH,1791041829960,9.923
PAPER:AIOTUSDT:1791041699999:LONG,AIOTUSDT,LONG,True,EXECUTION_ACCOUNTING_DRAG,RUNNER_CLOSE,80,LT1,0.013655969580228522,1791041814959,1791041820037,5.078,-0.12095191194004817,-8.857072449485065,0.013655969580228522,5.078,0.026508050712933575,1,5.078,5,RECOVERED_NEW_HIGH,1791041829960,9.923
PAPER:AIOTUSDT:1791041699999:LONG,AIOTUSDT,LONG,True,EXECUTION_ACCOUNTING_DRAG,RUNNER_CLOSE,75,LT1,0.013655969580228522,1791041814959,1791041820037,5.078,-0.12095191194004817,-8.857072449485065,0.013655969580228522,5.078,0.026508050712933575,1,5.078,5,RECOVERED_NEW_HIGH,1791041829960,9.923
PAPER:AIOTUSDT:1791041699999:LONG,AIOTUSDT,LONG,True,EXECUTION_ACCOUNTING_DRAG,RUNNER_CLOSE,95,LT1,0.3501756733809813,1791041835082,1791041839961,4.879,0.29969771781086507,0.8558496223259985,0.3501756733809813,4.879,0.010345963429005177,1,4.879,2,RECOVERED_NEW_HIGH,1791041844959,4.998
PAPER:AIOTUSDT:1791041699999:LONG,AIOTUSDT,LONG,True,EXECUTION_ACCOUNTING_DRAG,RUNNER_CLOSE,90,LT1,0.3501756733809813,1791041835082,1791041839961,4.879,0.29969771781086507,0.8558496223259985,0.3501756733809813,4.879,0.010345963429005177,1,4.879,2,RECOVERED_NEW_HIGH,1791041844959,4.998
PAPER:AIOTUSDT:1791041699999:LONG,AIOTUSDT,LONG,True,EXECUTION_ACCOUNTING_DRAG,RUNNER_CLOSE,95,LT1,0.5184355252813466,1791041844959,1791041850136,5.177,0.3165237030009038,0.6105362915265722,0.5184355252813466,5.177,0.039001704129890444,1,5.177,5,RECOVERED_NEW_HIGH,1791041904959,54.823
PAPER:AIOTUSDT:1791041699999:LONG,AIOTUSDT,LONG,True,EXECUTION_ACCOUNTING_DRAG,RUNNER_CLOSE,90,LT1,0.5184355252813466,1791041844959,1791041850136,5.177,0.3165237030009038,0.6105362915265722,0.5184355252813466,5.177,0.039001704129890444,1,5.177,5,RECOVERED_NEW_HIGH,1791041904959,54.823
PAPER:AIOTUSDT:1791041699999:LONG,AIOTUSDT,LONG,True,EXECUTION_ACCOUNTING_DRAG,RUNNER_CLOSE,85,LT1,0.5184355252813466,1791041844959,1791041850136,5.177,0.3165237030009038,0.6105362915265722,0.5184355252813466,5.177,0.039001704129890444,1,5.177,5,RECOVERED_NEW_HIGH,1791041904959,54.823
PAPER:AIOTUSDT:1791041699999:LONG,AIOTUSDT,LONG,True,EXECUTION_ACCOUNTING_DRAG,RUNNER_CLOSE,80,LT1,0.5184355252813466,1791041844959,1791041850136,5.177,0.3165237030009038,0.6105362915265722,0.5184355252813466,5.177,0.039001704129890444,1,5.177,5,RECOVERED_NEW_HIGH,1791041904959,54.823
PAPER:AIOTUSDT:1791041699999:LONG,AIOTUSDT,LONG,True,EXECUTION_ACCOUNTING_DRAG,RUNNER_CLOSE,75,LT1,0.5184355252813466,1791041844959,1791041850136,5.177,0.3165237030009038,0.6105362915265722,0.5184355252813466,5.177,0.039001704129890444,1,5.177,5,RECOVERED_NEW_HIGH,1791041904959,54.823
PAPER:AIOTUSDT:1791041699999:LONG,AIOTUSDT,LONG,True,EXECUTION_ACCOUNTING_DRAG,RUNNER_CLOSE,95,LT1,0.5689134808514629,1791041904959,1791041910123,5.164,0.4511315845212138,0.7929704598422047,0.5689134808514629,5.164,0.0228082680732473,1,5.164,4,RECOVERED_NEW_HIGH,1791041964954,54.831
PAPER:AIOTUSDT:1791041699999:LONG,AIOTUSDT,LONG,True,EXECUTION_ACCOUNTING_DRAG,RUNNER_CLOSE,90,LT1,0.5689134808514629,1791041904959,1791041910123,5.164,0.4511315845212138,0.7929704598422047,0.5689134808514629,5.164,0.0228082680732473,1,5.164,4,RECOVERED_NEW_HIGH,1791041964954,54.831
PAPER:AIOTUSDT:1791041699999:LONG,AIOTUSDT,LONG,True,EXECUTION_ACCOUNTING_DRAG,RUNNER_CLOSE,85,LT1,0.5689134808514629,1791041904959,1791041910123,5.164,0.4511315845212138,0.7929704598422047,0.5689134808514629,5.164,0.0228082680732473,1,5.164,4,RECOVERED_NEW_HIGH,1791041964954,54.831
PAPER:AIOTUSDT:1791041699999:LONG,AIOTUSDT,LONG,True,EXECUTION_ACCOUNTING_DRAG,RUNNER_CLOSE,80,LT1,0.5689134808514629,1791041904959,1791041910123,5.164,0.4511315845212138,0.7929704598422047,0.5689134808514629,5.164,0.0228082680732473,1,5.164,4,RECOVERED_NEW_HIGH,1791041964954,54.831
PAPER:AIOTUSDT:1791041699999:LONG,AIOTUSDT,LONG,True,EXECUTION_ACCOUNTING_DRAG,RUNNER_CLOSE,95,LT1,0.6698693919916954,1791041964954,1791041970125,5.171,0.5352615104713854,0.7990535421836698,0.6698693919916954,5.171,0.026031305650804484,1,5.171,4,RECOVERED_NEW_HIGH,1791041985121,14.996
PAPER:AIOTUSDT:1791041699999:LONG,AIOTUSDT,LONG,True,EXECUTION_ACCOUNTING_DRAG,RUNNER_CLOSE,90,LT1,0.6698693919916954,1791041964954,1791041970125,5.171,0.5352615104713854,0.7990535421836698,0.6698693919916954,5.171,0.026031305650804484,1,5.171,4,RECOVERED_NEW_HIGH,1791041985121,14.996
PAPER:AIOTUSDT:1791041699999:LONG,AIOTUSDT,LONG,True,EXECUTION_ACCOUNTING_DRAG,RUNNER_CLOSE,85,LT1,0.6698693919916954,1791041964954,1791041970125,5.171,0.5352615104713854,0.7990535421836698,0.6698693919916954,5.171,0.026031305650804484,1,5.171,4,RECOVERED_NEW_HIGH,1791041985121,14.996
PAPER:AIOTUSDT:1791041699999:LONG,AIOTUSDT,LONG,True,EXECUTION_ACCOUNTING_DRAG,RUNNER_CLOSE,80,LT1,0.6698693919916954,1791041964954,1791041970125,5.171,0.5352615104713854,0.7990535421836698,0.6698693919916954,5.171,0.026031305650804484,1,5.171,4,RECOVERED_NEW_HIGH,1791041985121,14.996
PAPER:AIOTUSDT:1791041699999:LONG,AIOTUSDT,LONG,True,EXECUTION_ACCOUNTING_DRAG,RUNNER_CLOSE,95,LT1,0.7371733327518282,1791041985121,1791042005013,19.892,0.5520874956614241,0.7489249422527418,0.7371733327518282,4.864,0.038052186901810045,4,19.892,5,RECOVERED_NEW_HIGH,1791042030090,25.077
PAPER:AIOTUSDT:1791041699999:LONG,AIOTUSDT,LONG,True,EXECUTION_ACCOUNTING_DRAG,RUNNER_CLOSE,90,LT1,0.7371733327518282,1791041985121,1791042005013,19.892,0.5520874956614241,0.7489249422527418,0.7371733327518282,4.864,0.038052186901810045,4,19.892,5,RECOVERED_NEW_HIGH,1791042030090,25.077
PAPER:AIOTUSDT:1791041699999:LONG,AIOTUSDT,LONG,True,EXECUTION_ACCOUNTING_DRAG,RUNNER_CLOSE,85,LT1,0.7371733327518282,1791041985121,1791042005013,19.892,0.5520874956614241,0.7489249422527418,0.7371733327518282,4.864,0.038052186901810045,4,19.892,5,RECOVERED_NEW_HIGH,1791042030090,25.077
PAPER:AIOTUSDT:1791041699999:LONG,AIOTUSDT,LONG,True,EXECUTION_ACCOUNTING_DRAG,RUNNER_CLOSE,80,LT1,0.7371733327518282,1791041985121,1791042005013,19.892,0.5520874956614241,0.7489249422527418,0.7371733327518282,4.864,0.038052186901810045,4,19.892,5,RECOVERED_NEW_HIGH,1791042030090,25.077
PAPER:AIOTUSDT:1791041699999:LONG,AIOTUSDT,LONG,True,EXECUTION_ACCOUNTING_DRAG,RUNNER_CLOSE,75,LT1,0.7371733327518282,1791041985121,1791042005013,19.892,0.5520874956614241,0.7489249422527418,0.7371733327518282,4.864,0.038052186901810045,4,19.892,5,RECOVERED_NEW_HIGH,1791042030090,25.077
PAPER:AIOTUSDT:1791041699999:LONG,AIOTUSDT,LONG,True,EXECUTION_ACCOUNTING_DRAG,RUNNER_CLOSE,95,LT1,0.7539993179418669,1791042030090,1791042039960,9.87,0.6362174216116179,0.8437904471163858,0.7539993179418669,4.999,0.02356109148434668,2,9.87,3,RECOVERED_NEW_HIGH,1791042045083,5.123
PAPER:AIOTUSDT:1791041699999:LONG,AIOTUSDT,LONG,True,EXECUTION_ACCOUNTING_DRAG,RUNNER_CLOSE,90,LT1,0.7539993179418669,1791042030090,1791042039960,9.87,0.6362174216116179,0.8437904471163858,0.7539993179418669,4.999,0.02356109148434668,2,9.87,3,RECOVERED_NEW_HIGH,1791042045083,5.123
PAPER:AIOTUSDT:1791041699999:LONG,AIOTUSDT,LONG,True,EXECUTION_ACCOUNTING_DRAG,RUNNER_CLOSE,85,LT1,0.7539993179418669,1791042030090,1791042039960,9.87,0.6362174216116179,0.8437904471163858,0.7539993179418669,4.999,0.02356109148434668,2,9.87,3,RECOVERED_NEW_HIGH,1791042045083,5.123
PAPER:AIOTUSDT:1791041699999:LONG,AIOTUSDT,LONG,True,EXECUTION_ACCOUNTING_DRAG,RUNNER_CLOSE,95,1_TO_1_5,1.0400410661725035,1791042075077,1791042094955,19.878,0.9054331846522157,0.8705744552802481,0.9895631106023872,4.794,0.0175490041614876,4,19.878,2,RECOVERED_NEW_HIGH,1791042184978,90.023
PAPER:AIOTUSDT:1791041699999:LONG,AIOTUSDT,LONG,True,EXECUTION_ACCOUNTING_DRAG,RUNNER_CLOSE,90,1_TO_1_5,1.0400410661725035,1791042075077,1791042094955,19.878,0.9054331846522157,0.8705744552802481,0.9895631106023872,4.794,0.0175490041614876,4,19.878,2,RECOVERED_NEW_HIGH,1791042184978,90.023
PAPER:AIOTUSDT:1791041699999:LONG,AIOTUSDT,LONG,True,EXECUTION_ACCOUNTING_DRAG,RUNNER_CLOSE,85,1_TO_1_5,1.0400410661725035,1791042075077,1791042105097,30.02,0.7876512883219444,0.7573271036504465,0.9054331846522157,5.149,0.022874712823901973,6,30.02,2,RECOVERED_NEW_HIGH,1791042184978,79.881
PAPER:AIOTUSDT:1791041699999:LONG,AIOTUSDT,LONG,True,EXECUTION_ACCOUNTING_DRAG,RUNNER_CLOSE,80,1_TO_1_5,1.0400410661725035,1791042075077,1791042105097,30.02,0.7876512883219444,0.7573271036504465,0.9054331846522157,5.149,0.022874712823901973,6,30.02,2,RECOVERED_NEW_HIGH,1791042184978,79.881
PAPER:AIOTUSDT:1791041699999:LONG,AIOTUSDT,LONG,True,EXECUTION_ACCOUNTING_DRAG,RUNNER_CLOSE,75,1_TO_1_5,1.0400410661725035,1791042075077,1791042109951,34.874,0.7371733327518282,0.7087925243805315,0.7876512883219444,4.854,0.010399249190382416,7,34.874,1,RECOVERED_NEW_HIGH,1791042184978,75.027
PAPER:AIOTUSDT:1791041699999:LONG,AIOTUSDT,LONG,True,EXECUTION_ACCOUNTING_DRAG,RUNNER_CLOSE,95,1_TO_1_5,1.124170992122675,1791042184978,1791042190107,5.129,1.0400410661725035,0.9251626962982595,1.124170992122675,5.129,0.016402793127348714,1,5.129,1,RECOVERED_NEW_HIGH,1791042210137,20.03
PAPER:AIOTUSDT:1791041699999:LONG,AIOTUSDT,LONG,True,EXECUTION_ACCOUNTING_DRAG,RUNNER_CLOSE,95,1_TO_1_5,1.2756048588330238,1791042214957,1791042219961,5.004,1.124170992122675,0.8812846582844732,1.2756048588330238,5.004,0.030262563291436603,1,5.004,2,RECOVERED_NEW_HIGH,1791042244957,24.996
PAPER:AIOTUSDT:1791041699999:LONG,AIOTUSDT,LONG,True,EXECUTION_ACCOUNTING_DRAG,RUNNER_CLOSE,90,1_TO_1_5,1.2756048588330238,1791042214957,1791042219961,5.004,1.124170992122675,0.8812846582844732,1.2756048588330238,5.004,0.030262563291436603,1,5.004,2,RECOVERED_NEW_HIGH,1791042244957,24.996
PAPER:AIOTUSDT:1791041699999:LONG,AIOTUSDT,LONG,True,EXECUTION_ACCOUNTING_DRAG,RUNNER_CLOSE,95,1_TO_1_5,1.3092568292131013,1791042244957,1791042255308,10.351,1.1746489476927913,0.8971875658642063,1.2924308440230403,5.341,0.022052405229404427,2,10.351,2,RECOVERED_NEW_HIGH,1791042279961,24.653
PAPER:AIOTUSDT:1791041699999:LONG,AIOTUSDT,LONG,True,EXECUTION_ACCOUNTING_DRAG,RUNNER_CLOSE,90,1_TO_1_5,1.3092568292131013,1791042244957,1791042255308,10.351,1.1746489476927913,0.8971875658642063,1.2924308440230403,5.341,0.022052405229404427,2,10.351,2,RECOVERED_NEW_HIGH,1791042279961,24.653
PAPER:AIOTUSDT:1791041699999:LONG,AIOTUSDT,LONG,True,EXECUTION_ACCOUNTING_DRAG,RUNNER_CLOSE,95,1_TO_1_5,1.4606906959234278,1791042294961,1791042300166,5.205,1.376560769973234,0.9424040105239336,1.4606906959234278,5.205,0.016163290288221662,1,5.205,1,RECOVERED_NEW_HIGH,1791042315094,14.928
PAPER:AIOTUSDT:1791041699999:LONG,AIOTUSDT,LONG,True,EXECUTION_ACCOUNTING_DRAG,RUNNER_CLOSE,95,1_5_TO_3,1.5448206218736216,1791042315094,1791042330300,15.206,1.3597347847831953,0.8801894314008143,1.5448206218736216,5.375,0.034434574342404885,3,15.206,2,FINAL_REVERSAL,,
PAPER:AIOTUSDT:1791041699999:LONG,AIOTUSDT,LONG,True,EXECUTION_ACCOUNTING_DRAG,RUNNER_CLOSE,90,1_5_TO_3,1.5448206218736216,1791042315094,1791042330300,15.206,1.3597347847831953,0.8801894314008143,1.5448206218736216,5.375,0.034434574342404885,3,15.206,2,FINAL_REVERSAL,,
PAPER:AIOTUSDT:1791041699999:LONG,AIOTUSDT,LONG,True,EXECUTION_ACCOUNTING_DRAG,RUNNER_CLOSE,85,1_5_TO_3,1.5448206218736216,1791042315094,1791042380035,64.941,1.19147493288283,0.7712707326742962,1.4102127403533116,4.915,0.044504131733566946,8,40.086,3,FINAL_REVERSAL,,
PAPER:AIOTUSDT:1791041699999:LONG,AIOTUSDT,LONG,True,EXECUTION_ACCOUNTING_DRAG,RUNNER_CLOSE,80,1_5_TO_3,1.5448206218736216,1791042315094,1791042380035,64.941,1.19147493288283,0.7712707326742962,1.4102127403533116,4.915,0.044504131733566946,8,40.086,3,FINAL_REVERSAL,,
PAPER:AIOTUSDT:1791041699999:LONG,AIOTUSDT,LONG,True,EXECUTION_ACCOUNTING_DRAG,RUNNER_CLOSE,75,1_5_TO_3,1.5448206218736216,1791042315094,1791042394977,79.883,1.1073450069326363,0.71681138331103,1.2251269032629075,4.878,0.024145530203007637,2,10.025,1,FINAL_REVERSAL,,
PAPER:JTOUSDT:1791042299999:LONG,JTOUSDT,LONG,True,PARTIAL_REDUCE_DRAG,REDUCE25,95,LT1,0.1219454423223798,1791042335012,1791042340004,4.992,0.08646008154182816,0.7090062563655217,0.1219454423223798,4.992,0.0071084456691810185,1,4.992,5,RECOVERED_NEW_HIGH,1791042345246,5.242
PAPER:JTOUSDT:1791042299999:LONG,JTOUSDT,LONG,True,PARTIAL_REDUCE_DRAG,REDUCE25,90,LT1,0.1219454423223798,1791042335012,1791042340004,4.992,0.08646008154182816,0.7090062563655217,0.1219454423223798,4.992,0.0071084456691810185,1,4.992,5,RECOVERED_NEW_HIGH,1791042345246,5.242
PAPER:JTOUSDT:1791042299999:LONG,JTOUSDT,LONG,True,PARTIAL_REDUCE_DRAG,REDUCE25,85,LT1,0.1219454423223798,1791042335012,1791042340004,4.992,0.08646008154182816,0.7090062563655217,0.1219454423223798,4.992,0.0071084456691810185,1,4.992,5,RECOVERED_NEW_HIGH,1791042345246,5.242
PAPER:JTOUSDT:1791042299999:LONG,JTOUSDT,LONG,True,PARTIAL_REDUCE_DRAG,REDUCE25,80,LT1,0.1219454423223798,1791042335012,1791042340004,4.992,0.08646008154182816,0.7090062563655217,0.1219454423223798,4.992,0.0071084456691810185,1,4.992,5,RECOVERED_NEW_HIGH,1791042345246,5.242
PAPER:JTOUSDT:1791042299999:LONG,JTOUSDT,LONG,True,PARTIAL_REDUCE_DRAG,REDUCE25,75,LT1,0.1219454423223798,1791042335012,1791042340004,4.992,0.08646008154182816,0.7090062563655217,0.1219454423223798,4.992,0.0071084456691810185,1,4.992,5,RECOVERED_NEW_HIGH,1791042345246,5.242
PAPER:JTOUSDT:1791042299999:LONG,JTOUSDT,LONG,True,PARTIAL_REDUCE_DRAG,REDUCE25,95,LT1,0.22840152466401253,1791042350059,1791042355003,4.944,0.1219454423223798,0.5339081799115232,0.22840152466401253,4.944,0.021532379114407914,1,4.944,5,RECOVERED_NEW_HIGH,1791042365001,9.998
PAPER:JTOUSDT:1791042299999:LONG,JTOUSDT,LONG,True,PARTIAL_REDUCE_DRAG,REDUCE25,90,LT1,0.22840152466401253,1791042350059,1791042355003,4.944,0.1219454423223798,0.5339081799115232,0.22840152466401253,4.944,0.021532379114407914,1,4.944,5,RECOVERED_NEW_HIGH,1791042365001,9.998
PAPER:JTOUSDT:1791042299999:LONG,JTOUSDT,LONG,True,PARTIAL_REDUCE_DRAG,REDUCE25,85,LT1,0.22840152466401253,1791042350059,1791042355003,4.944,0.1219454423223798,0.5339081799115232,0.22840152466401253,4.944,0.021532379114407914,1,4.944,5,RECOVERED_NEW_HIGH,1791042365001,9.998
PAPER:JTOUSDT:1791042299999:LONG,JTOUSDT,LONG,True,PARTIAL_REDUCE_DRAG,REDUCE25,80,LT1,0.22840152466401253,1791042350059,1791042355003,4.944,0.1219454423223798,0.5339081799115232,0.22840152466401253,4.944,0.021532379114407914,1,4.944,5,RECOVERED_NEW_HIGH,1791042365001,9.998
PAPER:JTOUSDT:1791042299999:LONG,JTOUSDT,LONG,True,PARTIAL_REDUCE_DRAG,REDUCE25,75,LT1,0.22840152466401253,1791042350059,1791042355003,4.944,0.1219454423223798,0.5339081799115232,0.22840152466401253,4.944,0.021532379114407914,1,4.944,5,RECOVERED_NEW_HIGH,1791042365001,9.998
PAPER:JTOUSDT:1791042299999:LONG,JTOUSDT,LONG,True,PARTIAL_REDUCE_DRAG,REDUCE25,95,LT1,0.24614420505428836,1791042365001,1791042370022,5.021,0.1929161638834609,0.7837526129892526,0.24614420505428836,5.021,0.010601083682698161,1,5.021,4,RECOVERED_NEW_HIGH,1791042390161,20.139
PAPER:JTOUSDT:1791042299999:LONG,JTOUSDT,LONG,True,PARTIAL_REDUCE_DRAG,REDUCE25,90,LT1,0.24614420505428836,1791042365001,1791042370022,5.021,0.1929161638834609,0.7837526129892526,0.24614420505428836,5.021,0.010601083682698161,1,5.021,4,RECOVERED_NEW_HIGH,1791042390161,20.139
PAPER:JTOUSDT:1791042299999:LONG,JTOUSDT,LONG,True,PARTIAL_REDUCE_DRAG,REDUCE25,85,LT1,0.24614420505428836,1791042365001,1791042370022,5.021,0.1929161638834609,0.7837526129892526,0.24614420505428836,5.021,0.010601083682698161,1,5.021,4,RECOVERED_NEW_HIGH,1791042390161,20.139
PAPER:JTOUSDT:1791042299999:LONG,JTOUSDT,LONG,True,PARTIAL_REDUCE_DRAG,REDUCE25,80,LT1,0.24614420505428836,1791042365001,1791042370022,5.021,0.1929161638834609,0.7837526129892526,0.24614420505428836,5.021,0.010601083682698161,1,5.021,4,RECOVERED_NEW_HIGH,1791042390161,20.139
PAPER:JTOUSDT:1791042299999:LONG,JTOUSDT,LONG,True,PARTIAL_REDUCE_DRAG,REDUCE25,95,LT1,0.2638868854445864,1791042390161,1791042394995,4.834,0.22840152466401253,0.8655281382369969,0.2638868854445864,4.834,0.0073407862599449425,1,4.834,2,RECOVERED_NEW_HIGH,1791042405187,10.192
PAPER:JTOUSDT:1791042299999:LONG,JTOUSDT,LONG,True,PARTIAL_REDUCE_DRAG,REDUCE25,90,LT1,0.2638868854445864,1791042390161,1791042394995,4.834,0.22840152466401253,0.8655281382369969,0.2638868854445864,4.834,0.0073407862599449425,1,4.834,2,RECOVERED_NEW_HIGH,1791042405187,10.192
PAPER:JTOUSDT:1791042299999:LONG,JTOUSDT,LONG,True,PARTIAL_REDUCE_DRAG,REDUCE25,95,LT1,0.28162956583484,1791042405187,1791042409974,4.787,0.22840152466401253,0.8109998109998056,0.28162956583484,4.787,0.01111928998763891,1,4.787,3,RECOVERED_NEW_HIGH,1791042430016,20.042
PAPER:JTOUSDT:1791042299999:LONG,JTOUSDT,LONG,True,PARTIAL_REDUCE_DRAG,REDUCE25,90,LT1,0.28162956583484,1791042405187,1791042409974,4.787,0.22840152466401253,0.8109998109998056,0.28162956583484,4.787,0.01111928998763891,1,4.787,3,RECOVERED_NEW_HIGH,1791042430016,20.042
PAPER:JTOUSDT:1791042299999:LONG,JTOUSDT,LONG,True,PARTIAL_REDUCE_DRAG,REDUCE25,85,LT1,0.28162956583484,1791042405187,1791042409974,4.787,0.22840152466401253,0.8109998109998056,0.28162956583484,4.787,0.01111928998763891,1,4.787,3,RECOVERED_NEW_HIGH,1791042430016,20.042
PAPER:JTOUSDT:1791042299999:LONG,JTOUSDT,LONG,True,PARTIAL_REDUCE_DRAG,REDUCE25,80,LT1,0.28162956583484,1791042405187,1791042425229,20.042,0.2106588442737367,0.7479997479997408,0.22840152466401253,4.978,0.003564218640071479,2,10.25,2,RECOVERED_NEW_HIGH,1791042430016,4.787
PAPER:JTOUSDT:1791042299999:LONG,JTOUSDT,LONG,True,PARTIAL_REDUCE_DRAG,REDUCE25,75,LT1,0.28162956583484,1791042405187,1791042425229,20.042,0.2106588442737367,0.7479997479997408,0.22840152466401253,4.978,0.003564218640071479,2,10.25,2,RECOVERED_NEW_HIGH,1791042430016,4.787
PAPER:JTOUSDT:1791042299999:LONG,JTOUSDT,LONG,True,PARTIAL_REDUCE_DRAG,REDUCE25,95,LT1,0.5477697716889551,1791042444969,1791042450152,5.183,0.49454173051814987,0.9028277135361347,0.5477697716889551,5.183,0.010269735900213248,1,5.183,1,RECOVERED_NEW_HIGH,1791042609977,159.825
PAPER:JTOUSDT:1791042299999:LONG,JTOUSDT,LONG,True,PARTIAL_REDUCE_DRAG,REDUCE25,90,LT1,0.5477697716889551,1791042444969,1791042454995,10.026,0.4590563697375982,0.838046189226864,0.49454173051814987,4.843,0.0073271444931967055,2,10.026,2,RECOVERED_NEW_HIGH,1791042609977,154.982
PAPER:JTOUSDT:1791042299999:LONG,JTOUSDT,LONG,True,PARTIAL_REDUCE_DRAG,REDUCE25,85,LT1,0.5477697716889551,1791042444969,1791042454995,10.026,0.4590563697375982,0.838046189226864,0.49454173051814987,4.843,0.0073271444931967055,2,10.026,2,RECOVERED_NEW_HIGH,1791042609977,154.982
PAPER:JTOUSDT:1791042299999:LONG,JTOUSDT,LONG,True,PARTIAL_REDUCE_DRAG,REDUCE25,80,LT1,0.5477697716889551,1791042444969,1791042459976,15.007,0.3703429677862191,0.6760923784536876,0.4590563697375982,4.981,0.017810359757353768,3,15.007,2,RECOVERED_NEW_HIGH,1791042609977,150.001
PAPER:JTOUSDT:1791042299999:LONG,JTOUSDT,LONG,True,PARTIAL_REDUCE_DRAG,REDUCE25,75,LT1,0.5477697716889551,1791042444969,1791042459976,15.007,0.3703429677862191,0.6760923784536876,0.4590563697375982,4.981,0.017810359757353768,3,15.007,2,RECOVERED_NEW_HIGH,1791042609977,150.001
PAPER:JTOUSDT:1791042299999:LONG,JTOUSDT,LONG,True,PARTIAL_REDUCE_DRAG,REDUCE25,95,LT1,0.6719685344209081,1791042615164,1791042619958,4.794,0.6187404932500806,0.9207878963905676,0.6719685344209081,4.794,0.011103054061499263,1,4.794,1,RECOVERED_NEW_HIGH,1791042624993,5.035
PAPER:JTOUSDT:1791042299999:LONG,JTOUSDT,LONG,True,PARTIAL_REDUCE_DRAG,REDUCE25,95,LT1,0.8316526579333683,1791042645133,1791042650017,4.884,0.565512452079231,0.6799863460840879,0.8316526579333683,4.884,0.05449226164089626,1,4.884,5,FINAL_REVERSAL,,
PAPER:JTOUSDT:1791042299999:LONG,JTOUSDT,LONG,True,PARTIAL_REDUCE_DRAG,REDUCE25,90,LT1,0.8316526579333683,1791042645133,1791042650017,4.884,0.565512452079231,0.6799863460840879,0.8316526579333683,4.884,0.05449226164089626,1,4.884,5,FINAL_REVERSAL,,
PAPER:JTOUSDT:1791042299999:LONG,JTOUSDT,LONG,True,PARTIAL_REDUCE_DRAG,REDUCE25,85,LT1,0.8316526579333683,1791042645133,1791042650017,4.884,0.565512452079231,0.6799863460840879,0.8316526579333683,4.884,0.05449226164089626,1,4.884,5,FINAL_REVERSAL,,
PAPER:JTOUSDT:1791042299999:LONG,JTOUSDT,LONG,True,PARTIAL_REDUCE_DRAG,REDUCE25,80,LT1,0.8316526579333683,1791042645133,1791042650017,4.884,0.565512452079231,0.6799863460840879,0.8316526579333683,4.884,0.05449226164089626,1,4.884,5,FINAL_REVERSAL,,
PAPER:JTOUSDT:1791042299999:LONG,JTOUSDT,LONG,True,PARTIAL_REDUCE_DRAG,REDUCE25,75,LT1,0.8316526579333683,1791042645133,1791042650017,4.884,0.565512452079231,0.6799863460840879,0.8316526579333683,4.884,0.05449226164089626,1,4.884,5,FINAL_REVERSAL,,
