position_id,symbol,side,mfe_pct,mfe_bucket,historical_return_pct,historical_pnl_usdt,historical_close_ms,historical_close_fill,v42_action,v42_close_pct,v42_pnl_usdt,v42_close_ms,v42_close_fill,v43_applied,v43_action,v43_close_pct,v43_pnl_usdt,v43_close_ms,v43_close_fill,v43_delta_vs_v42_usdt,v43_delta_vs_historical_usdt,v43_win,retention_vs_mfe_pct,sampled_peak_pct
PAPER:SOONUSDT:1790662499999:LONG,SOONUSDT,LONG,0.0,<0.30%,-0.8714388749930397,-4.357194374965198,1790663115391,0.30563886,HIST_TIME_FALLBACK,-0.8912795872180453,-4.456397936090227,1790663115391,0.305577732228,False,HIST_TIME_FALLBACK,-0.8912795872180453,-4.456397936090227,1790663115391,0.305577732228,0.0,-0.09920356112502837,False,,0.012486131753508545
PAPER:SUSHIUSDT:1790784299999:LONG,SUSHIUSDT,LONG,0.0,<0.30%,-0.225660734543579,-1.12830367271789,1790784333885,0.27964406,HIST_TIME_FALLBACK,-0.24563060239667317,-1.228153011983366,1790784333885,0.279588131188,False,HIST_TIME_FALLBACK,-0.24563060239667317,-1.228153011983366,1790784333885,0.279588131188,0.0,-0.09984933926547601,False,,-0.01999600079984898
PAPER:币安人生USDT:1790669099999:LONG,币安人生USDT,LONG,0.0,<0.30%,-0.8932439116363068,-4.466219558181534,1790669528899,0.52169564,HIST_TIME_FALLBACK,-0.9130802628539809,-4.565401314269905,1790669528899,0.521591300872,False,HIST_TIME_FALLBACK,-0.9130802628539809,-4.565401314269905,1790669528899,0.521591300872,0.0,-0.09918175608837121,False,,-0.019996000799837876
PAPER:LITUSDT:1790786699999:LONG,LITUSDT,LONG,0.043493,<0.30%,-0.1509291674294951,-0.7546458371474758,1790786764526,4.0951808000000005,HIST_TIME_FALLBACK,-0.17091398159601487,-0.8545699079800744,1790786764526,4.09436176384,False,HIST_TIME_FALLBACK,-0.17091398159601487,-0.8545699079800744,1790786764526,4.09436176384,0.0,-0.09992407083259858,False,-392.96894119976747,0.02395769380707513
PAPER:RIVERUSDT:1790761799999:LONG,RIVERUSDT,LONG,0.065971,<0.30%,-0.4905618639814537,-2.4528093199072685,1790762536149,1.1577684,HIST_TIME_FALLBACK,-0.6392814957851054,-3.196407478925527,1790762536149,1.15753684632,False,HIST_TIME_FALLBACK,-0.6392814957851054,-3.196407478925527,1790762536149,1.15753684632,0.0,-0.7435981590182585,False,-969.0341146641788,0.06597132852019794
PAPER:METUSDT:1790771699999:LONG,METUSDT,LONG,0.070785,<0.30%,-0.5376248214340142,-2.688124107170071,1790771879473,0.32923414,HIST_TIME_FALLBACK,-0.5424195451100364,-2.712097725550182,1790771879473,0.329168293172,False,HIST_TIME_FALLBACK,-0.5424195451100364,-2.712097725550182,1790771879473,0.329168293172,0.0,-0.023973618380110917,False,-766.2916509289205,-0.05025629256715236
PAPER:AIOTUSDT:1790757899999:LONG,AIOTUSDT,LONG,0.076216,<0.30%,-0.542403200193965,-2.7120160009698253,1790758091318,0.062117574,HIST_TIME_FALLBACK,-0.5623097195539243,-2.8115485977696215,1790758091318,0.0621051504852,False,HIST_TIME_FALLBACK,-0.5623097195539243,-2.8115485977696215,1790758091318,0.0621051504852,0.0,-0.0995325967997962,False,-737.7843491575578,-0.06810185677379454
PAPER:PUNDIXUSDT:1790804099999:LONG,PUNDIXUSDT,LONG,0.084025,<0.30%,-0.3418480197517974,-1.709240098758987,1790804476550,0.124735048,HIST_TIME_FALLBACK,-0.361794650147846,-1.8089732507392302,1790804476550,0.1247101009904,False,HIST_TIME_FALLBACK,-0.361794650147846,-1.8089732507392302,1790804476550,0.1247101009904,0.0,-0.09973315198024313,False,-430.57976810216724,0.06802160976366878
PAPER:RLCUSDT:1790760899999:LONG,RLCUSDT,LONG,0.091995,<0.30%,-0.6235150988564379,-3.117575494282189,1790761055567,0.35582882,HIST_TIME_FALLBACK,-0.5455258905309349,-2.7276294526546745,1790761055567,0.355757654236,False,HIST_TIME_FALLBACK,-0.5455258905309349,-2.7276294526546745,1790761055567,0.355757654236,0.0,0.38994604162751445,False,-592.9951524875645,0.008001760051246087
PAPER:RUNEUSDT:1790783399999:LONG,RUNEUSDT,LONG,0.104326,<0.30%,-0.6743584862982603,-3.371792431491302,1790783528431,0.80013994,HIST_TIME_FALLBACK,-0.6942386146009967,-3.4711930730049834,1790783528431,0.799979912012,False,HIST_TIME_FALLBACK,-0.6942386146009967,-3.4711930730049834,1790783528431,0.799979912012,0.0,-0.09940064151368144,False,-665.4511958677575,0.10432631205667953
PAPER:NOMUSDT:1790768999999:LONG,NOMUSDT,LONG,0.11064,<0.30%,-0.53799349886119,-2.68996749430595,1790769038226,0.0022875424,HIST_TIME_FALLBACK,-0.5579009001614189,-2.7895045008070944,1790769038226,0.00228708489152,False,HIST_TIME_FALLBACK,-0.5579009001614189,-2.7895045008070944,1790769038226,0.00228708489152,0.0,-0.09953700650114428,False,-504.24882516397224,-0.4554489798904382
PAPER:DYDXUSDT:1790756399999:LONG,DYDXUSDT,LONG,0.120821,<0.30%,-0.3306451597004311,-1.6532257985021557,1790756651883,0.14177164,HIST_TIME_FALLBACK,-0.35059403066848854,-1.7529701533424427,1790756651883,0.141743285672,False,HIST_TIME_FALLBACK,-0.35059403066848854,-1.7529701533424427,1790756651883,0.141743285672,0.0,-0.09974435484028699,False,-290.1764020066781,0.12082090624130348
PAPER:OGNUSDT:1790758499999:LONG,OGNUSDT,LONG,0.124903,<0.30%,-0.7931325268762697,-3.965662634381349,1790758749818,0.020525894,HIST_TIME_FALLBACK,-1.0300868590335064,-5.150434295167532,1790758749818,0.0205217888212,False,HIST_TIME_FALLBACK,-1.0300868590335064,-5.150434295167532,1790758749818,0.0205217888212,0.0,-1.1847716607861831,False,-824.709461769138,0.07660303688055148
PAPER:NEARUSDT:1790806799999:LONG,NEARUSDT,LONG,0.129451,<0.30%,-0.3579301208144023,-1.7896506040720117,1790806864179,5.3419314,HIST_TIME_FALLBACK,-0.3778735347902405,-1.8893676739512026,1790806864179,5.34086301372,False,HIST_TIME_FALLBACK,-0.3778735347902405,-1.8893676739512026,1790806864179,5.34086301372,0.0,-0.09971706987919093,False,-291.9046857809059,0.017365734625873763
PAPER:BROCCOLIF3BUSDT:1790813099999:LONG,BROCCOLIF3BUSDT,LONG,0.144175,<0.30%,-0.449652172056006,-2.24826086028003,1790813237603,0.0072875422,HIST_TIME_FALLBACK,-0.4695772416215955,-2.3478862081079774,1790813237603,0.00728608469156,False,HIST_TIME_FALLBACK,-0.4695772416215955,-2.3478862081079774,1790813237603,0.00728608469156,0.0,-0.09962534782794741,False,-325.69949132761957,0.06208938836207434
PAPER:FILUSDT:1790674499999:LONG,FILUSDT,LONG,0.156025,<0.30%,-0.2640057718626707,-1.3200288593133536,1790674882495,1.07818432,HIST_TIME_FALLBACK,-0.28396797070830343,-1.419839853541517,1790674882495,1.077968683136,False,HIST_TIME_FALLBACK,-0.28396797070830343,-1.419839853541517,1790674882495,1.077968683136,0.0,-0.09981099422816353,False,-182.00158353360257,0.11896805220126261
PAPER:MONUSDT:1790664899999:LONG,MONUSDT,LONG,0.157211,<0.30%,-0.296185018579406,-1.48092509289703,1790664988405,0.028174364,HIST_TIME_FALLBACK,-0.3161407815756898,-1.580703907878449,1790664988405,0.0281687291272,False,HIST_TIME_FALLBACK,-0.3161407815756898,-1.580703907878449,1790664988405,0.0281687291272,0.0,-0.09977881498141916,False,-201.09329600071868,0.15721067059186744
PAPER:ALICEUSDT:1790687099999:LONG,ALICEUSDT,LONG,0.15854,<0.30%,-0.6656050456575431,-3.328025228287715,1790687238025,0.16716656,HIST_TIME_FALLBACK,-0.6854869246484167,-3.427434623242083,1790687238025,0.16713312668799998,False,HIST_TIME_FALLBACK,-0.6854869246484167,-3.427434623242083,1790687238025,0.16713312668799998,0.0,-0.09940939495436796,False,-432.3747474759787,-0.019996000799837876
PAPER:DOGSUSDT:1790753699999:LONG,DOGSUSDT,LONG,0.163603,<0.30%,-0.3733868886292076,-1.8669344431460384,1790753894810,4.8910216e-05,HIST_TIME_FALLBACK,-0.3933272112514823,-1.9666360562574114,1790753894810,4.89004339568e-05,False,HIST_TIME_FALLBACK,-0.3933272112514823,-1.9666360562574114,1790753894810,4.89004339568e-05,0.0,-0.09970161311137304,False,-240.41564717730253,0.12280343360016044
PAPER:GWEIUSDT:1790743199999:LONG,GWEIUSDT,LONG,0.167672,<0.30%,-0.5180686551568003,-2.5903432757840017,1790743395352,0.021235752,HIST_TIME_FALLBACK,-0.5379800414257705,-2.689900207128853,1790743395352,0.0212315048496,False,HIST_TIME_FALLBACK,-0.5379800414257705,-2.689900207128853,1790743395352,0.0212315048496,0.0,-0.09955693134485122,False,-320.85264172060363,-0.06691294308007745
PAPER:STBLUSDT:1790817899999:LONG,STBLUSDT,LONG,0.169145,<0.30%,-0.5111965225191772,-2.555982612595886,1790818313847,0.026324734,HIST_TIME_FALLBACK,-0.5877863893354538,-2.938931946677269,1790818313847,0.026319469053199998,False,HIST_TIME_FALLBACK,-0.5877863893354538,-2.938931946677269,1790818313847,0.026319469053199998,0.0,-0.382949334081383,False,-347.5044425406922,0.1691451342724415
PAPER:RAVEUSDT:1790780999999:LONG,RAVEUSDT,LONG,0.170442,<0.30%,-0.475347830433899,-2.37673915216949,1790781134335,0.20935812,HIST_TIME_FALLBACK,-0.4952677608678071,-2.4763388043390355,1790781134335,0.20931624837600002,False,HIST_TIME_FALLBACK,-0.4952677608678071,-2.4763388043390355,1790781134335,0.20931624837600002,0.0,-0.09959965216954547,False,-290.5784729513894,0.07522305062797052
PAPER:WUSDT:1790680199999:LONG,WUSDT,LONG,0.173697,<0.30%,-1.1091282743243829,-5.545641371621914,1790680278583,0.014317136,HIST_TIME_FALLBACK,-1.128921448669517,-5.6446072433475845,1790680278583,0.0143142725728,False,HIST_TIME_FALLBACK,-1.128921448669517,-5.6446072433475845,1790680278583,0.0143142725728,0.0,-0.09896587172567006,False,-649.9372174934035,-0.30361740562702133
PAPER:SCRUSDT:1790813699999:LONG,SCRUSDT,LONG,0.182968,<0.30%,-0.3521788780692778,-1.760894390346389,1790813950237,0.024585082,HIST_TIME_FALLBACK,-0.372123442293662,-1.8606172114683102,1790813950237,0.0245801649836,False,HIST_TIME_FALLBACK,-0.372123442293662,-1.8606172114683102,1790813950237,0.0245801649836,0.0,-0.09972282112192121,False,-203.38170734426896,0.1829678725237649
PAPER:HBARUSDT:1790796899999:LONG,HBARUSDT,LONG,0.183197,<0.30%,-0.5359840791656859,-2.679920395828429,1790797315532,0.10787842,HIST_TIME_FALLBACK,-0.5328283578729851,-2.6641417893649253,1790797315532,0.10785684431600001,False,HIST_TIME_FALLBACK,-0.5328283578729851,-2.6641417893649253,1790797315532,0.10785684431600001,0.0,0.015778606463503486,False,-290.84993633792317,0.155488532778425
PAPER:WIFUSDT:1790742299999:LONG,WIFUSDT,LONG,0.183795,<0.30%,-0.3121206353918689,-1.560603176959345,1790742556309,0.244951,HIST_TIME_FALLBACK,-0.3320732112647855,-1.6603660563239278,1790742556309,0.24490200980000001,False,HIST_TIME_FALLBACK,-0.3320732112647855,-1.6603660563239278,1790742556309,0.24490200980000001,0.0,-0.09976287936458283,False,-180.6758678227294,0.1837952833404044
PAPER:DYDXUSDT:1790783399999:LONG,DYDXUSDT,LONG,0.183906,<0.30%,-0.5294760728343807,-2.647380364171904,1790783586724,0.14657068,HIST_TIME_FALLBACK,-0.5493851776198081,-2.7469258880990406,1790783586724,0.14654136586400002,False,HIST_TIME_FALLBACK,-0.5493851776198081,-2.7469258880990406,1790783586724,0.14654136586400002,0.0,-0.09954552392713678,False,-298.7315137188608,0.11593874291082606
PAPER:TRADOORUSDT:1790753099999:LONG,TRADOORUSDT,LONG,0.190172,<0.30%,-0.5799035973586044,-2.8995179867930223,1790753316295,0.66206756,HIST_TIME_FALLBACK,-0.7797396634585961,-3.8986983172929808,1790753316295,0.661935146488,False,HIST_TIME_FALLBACK,-0.7797396634585961,-3.8986983172929808,1790753316295,0.661935146488,0.0,-0.9991803304999585,False,-410.01812225700735,0.07007607487510281
PAPER:ZROUSDT:1790806499999:LONG,ZROUSDT,LONG,0.192789,<0.30%,-0.402544487076124,-2.01272243538062,1790806686989,1.73445304,HIST_TIME_FALLBACK,-0.42247897817870805,-2.1123948908935404,1790806686989,1.734106149392,False,HIST_TIME_FALLBACK,-0.42247897817870805,-2.1123948908935404,1790806686989,1.734106149392,0.0,-0.09967245551292025,False,-219.14060355036236,0.020260543807260056
PAPER:DEEPUSDT:1790808299999:LONG,DEEPUSDT,LONG,0.195107,<0.30%,-0.3618811779812776,-1.809405889906388,1790808559694,0.023195359999999998,HIST_TIME_FALLBACK,-0.3818238017456832,-1.9091190087284162,1790808559694,0.023190720927999998,False,HIST_TIME_FALLBACK,-0.3818238017456832,-1.9091190087284162,1790808559694,0.023190720927999998,0.0,-0.09971311882202816,False,-195.6996938837065,0.1951072780280505
PAPER:1000BONKUSDT:1790682599999:LONG,1000BONKUSDT,LONG,0.197057,<0.30%,-0.515232144887155,-2.5761607244357747,1790682668250,0.0036722654,HIST_TIME_FALLBACK,-0.5351440984581721,-2.6757204922908606,1790682668250,0.0036715309469200004,False,HIST_TIME_FALLBACK,-0.5351440984581721,-2.6757204922908606,1790682668250,0.0036715309469200004,0.0,-0.09955976785508591,False,-271.56817492307914,0.007135614939435264
PAPER:CRVUSDT:1790760899999:LONG,CRVUSDT,LONG,0.199472,<0.30%,-0.1899620075984661,-0.9498100379923308,1790760940581,0.409918,HIST_TIME_FALLBACK,-0.2099390151969469,-1.0496950759847345,1790760940581,0.4098360164,False,HIST_TIME_FALLBACK,-0.2099390151969469,-1.0496950759847345,1790760940581,0.4098360164,0.0,-0.09988503799240378,False,-105.24736063053807,0.00438936602924489
PAPER:REDUSDT:1790772599999:LONG,REDUSDT,LONG,0.204174,<0.30%,-0.5258982340303027,-2.6294911701515136,1790772673571,0.17776444000000002,HIST_TIME_FALLBACK,-0.5458080543834973,-2.7290402719174867,1790772673571,0.17772888711200002,False,HIST_TIME_FALLBACK,-0.5458080543834973,-2.7290402719174867,1790772673571,0.17772888711200002,0.0,-0.09954910176597309,False,-267.32495537311183,-0.3002090164926585
PAPER:MONUSDT:1790683799999:LONG,MONUSDT,LONG,0.219109,<0.30%,-0.565341378256632,-2.82670689128316,1790684095253,0.029164166000000002,HIST_TIME_FALLBACK,-0.5511247377278833,-2.755623688639416,1790684095253,0.029158333166800002,False,HIST_TIME_FALLBACK,-0.5511247377278833,-2.755623688639416,1790684095253,0.029158333166800002,0.0,0.07108320264374379,False,-251.5299406815253,0.21910889431269176
PAPER:AIOTUSDT:1790770799999:LONG,AIOTUSDT,LONG,0.220533,<0.30%,-0.542403200193965,-2.7120160009698253,1790771345709,0.062117574,HIST_TIME_FALLBACK,-0.5623097195539243,-2.8115485977696215,1790771345709,0.0621051504852,False,HIST_TIME_FALLBACK,-0.5623097195539243,-2.8115485977696215,1790771345709,0.0621051504852,0.0,-0.0995325967997962,False,-254.97758591862635,0.22053327906992326
PAPER:FLOWUSDT:1790760299999:LONG,FLOWUSDT,LONG,0.223412,<0.30%,-0.2507563094806297,-1.2537815474031488,1790760423368,0.032833432,HIST_TIME_FALLBACK,-0.27072115821873016,-1.353605791093651,1790760423368,0.032826865313600004,False,HIST_TIME_FALLBACK,-0.27072115821873016,-1.353605791093651,1790760423368,0.032826865313600004,0.0,-0.09982424369050213,False,-121.17574625299007,-0.05042205192558047
PAPER:STXUSDT:1790806499999:LONG,STXUSDT,LONG,0.224321,<0.30%,-0.32556482865793,-1.62782414328965,1790806631343,0.36772644000000004,HIST_TIME_FALLBACK,-0.3455147156921898,-1.727573578460949,1790806631343,0.3676528947120001,False,HIST_TIME_FALLBACK,-0.3455147156921898,-1.727573578460949,1790806631343,0.3676528947120001,0.0,-0.09974943517129886,False,-154.02691486405186,0.007150348371820492
PAPER:MAGICUSDT:1790810699999:LONG,MAGICUSDT,LONG,0.224362,<0.30%,-0.5749297231172401,-2.8746486155862003,1790812095566,0.052919414,HIST_TIME_FALLBACK,-0.6980931016051063,-3.4904655080255313,1790812095566,0.0529088301172,False,HIST_TIME_FALLBACK,-0.6980931016051063,-3.4904655080255313,1790812095566,0.0529088301172,0.0,-0.615816892439331,False,-311.14587211965767,0.20556520393608668
PAPER:HUMAUSDT:1790777999999:LONG,HUMAUSDT,LONG,0.22533,<0.30%,-0.4576292711302359,-2.28814635565118,1790778251484,0.030883822000000002,HIST_TIME_FALLBACK,-0.47755274527600433,-2.3877637263800215,1790778251484,0.030877645235600003,False,HIST_TIME_FALLBACK,-0.47755274527600433,-2.3877637263800215,1790778251484,0.030877645235600003,0.0,-0.09961737072884169,False,-211.93482682110874,0.08652710422627496
PAPER:CAPUSDT:1790797199999:LONG,CAPUSDT,LONG,0.22784,<0.30%,-0.466692209093899,-2.33346104546949,1790797515154,0.068376322,HIST_TIME_FALLBACK,-0.48661387065207024,-2.4330693532603513,1790797515154,0.06836264673560001,False,HIST_TIME_FALLBACK,-0.48661387065207024,-2.4330693532603513,1790797515154,0.06836264673560001,0.0,-0.09960830779086116,False,-213.5770148578258,0.16952573323187892
PAPER:ENAUSDT:1790776499999:LONG,ENAUSDT,LONG,0.227858,<0.30%,-0.4230149580729,-2.1150747903645,1790776629446,0.273605268,HIST_TIME_FALLBACK,-0.44294535508128374,-2.214726775406419,1790776629446,0.2735505469464,False,HIST_TIME_FALLBACK,-0.44294535508128374,-2.214726775406419,1790776629446,0.2735505469464,0.0,-0.09965198504191886,False,-194.39534933216467,0.14402515049305453
PAPER:LDOUSDT:1790767499999:LONG,LDOUSDT,LONG,0.228453,<0.30%,-0.520912640830711,-2.604563204153555,1790768068779,0.48120374,HIST_TIME_FALLBACK,-0.5408234583025376,-2.7041172915126883,1790768068779,0.481107499252,False,HIST_TIME_FALLBACK,-0.5408234583025376,-2.7041172915126883,1790768068779,0.481107499252,0.0,-0.09955408735913318,False,-236.73292025166563,0.2077488830252161
PAPER:JOEUSDT:1790677799999:LONG,JOEUSDT,LONG,0.233439,<0.30%,-0.265920211394979,-1.32960105697489,1790678597584,0.039412116,HIST_TIME_FALLBACK,-0.28588202735269175,-1.4294101367634588,1790678597584,0.0394042335768,False,HIST_TIME_FALLBACK,-0.28588202735269175,-1.4294101367634588,1790678597584,0.0394042335768,0.0,-0.0998090797885689,False,-122.46540952998073,0.18275178931261848
PAPER:ONDOUSDT:1790662199999:LONG,ONDOUSDT,LONG,0.233463,<0.30%,-0.6769210461729896,-3.384605230864949,1790663073951,0.5103979,REDUCE25_FALLBACK,-0.4824442149374827,-2.4122210746874133,1790663073951,0.51029582042,True,V43_FULL_CLOSE,0.31647539251898615,1.5823769625949309,1790662508951,0.5152969199999999,3.994598037282344,4.96698219345988,True,135.5569801291794,0.5259166575421137
PAPER:MAGICUSDT:1790798699999:LONG,MAGICUSDT,LONG,0.235148,<0.30%,-0.4812781956915204,-2.406390978457602,1790798835675,0.05468906,HIST_TIME_FALLBACK,-0.5011969400523777,-2.5059847002618882,1790798835675,0.054678122188,False,HIST_TIME_FALLBACK,-0.5011969400523777,-2.5059847002618882,1790798835675,0.054678122188,0.0,-0.09959372180428616,False,-213.1410601205954,0.1258005781271887
PAPER:LISTAUSDT:1790786699999:LONG,LISTAUSDT,LONG,0.236878,<0.30%,-0.569328773878825,-2.846643869394125,1790787743867,0.089162164,HIST_TIME_FALLBACK,-0.5892299081240489,-2.9461495406202443,1790787743867,0.0891443315672,False,HIST_TIME_FALLBACK,-0.5892299081240489,-2.9461495406202443,1790787743867,0.0891443315672,0.0,-0.09950567122611931,False,-248.74826202688675,0.23687845094073623
PAPER:CTRUSDT:1790762099999:LONG,CTRUSDT,LONG,0.237182,<0.30%,-0.38460897539098,-1.9230448769549,1790762235432,0.0128014392,HIST_TIME_FALLBACK,-0.4045470535959061,-2.0227352679795305,1790762235432,0.01279887891216,False,HIST_TIME_FALLBACK,-0.4045470535959061,-2.0227352679795305,1790762235432,0.01279887891216,0.0,-0.09969039102463051,False,-170.5639777031588,0.14366290355616318
PAPER:WCTUSDT:1790784299999:LONG,WCTUSDT,LONG,0.237684,<0.30%,-0.5293090204592567,-2.646545102296283,1790785101438,0.042511496,HIST_TIME_FALLBACK,-0.5843160010818713,-2.921580005409356,1790785101438,0.042502993700800004,False,HIST_TIME_FALLBACK,-0.5843160010818713,-2.921580005409356,1790785101438,0.042502993700800004,0.0,-0.275034903113073,False,-245.8373306919571,0.16740794296623562
PAPER:HBARUSDT:1790766899999:LONG,HBARUSDT,LONG,0.239765,<0.30%,-0.125083538084989,-0.625417690424947,1790767211783,0.107818432,HIST_TIME_FALLBACK,-0.14507352137736754,-0.7253676068868378,1790767211783,0.10779686831360001,False,HIST_TIME_FALLBACK,-0.14507352137736754,-0.7253676068868378,1790767211783,0.10779686831360001,0.0,-0.09994991646189078,False,-60.50654656741707,0.23976461087109602
PAPER:PHAUSDT:1790744099999:LONG,PHAUSDT,LONG,0.240977,<0.30%,-0.4369644370342862,-2.184822185171431,1790744181379,0.07259547799999999,HIST_TIME_FALLBACK,-0.4568920441468857,-2.2844602207344287,1790744181379,0.07258095890439999,False,HIST_TIME_FALLBACK,-0.4568920441468857,-2.2844602207344287,1790744181379,0.07258095890439999,0.0,-0.09963803556299755,False,-189.59985564883195,0.007474806728469119
PAPER:ESPORTSUSDT:1790741099999:LONG,ESPORTSUSDT,LONG,0.242419,<0.30%,-0.3647389769639894,-1.8236948848199472,1790741297781,0.011407718,HIST_TIME_FALLBACK,-0.3846810291685957,-1.9234051458429786,1790741297781,0.0114054364564,False,HIST_TIME_FALLBACK,-0.3846810291685957,-1.9234051458429786,1790741297781,0.0114054364564,0.0,-0.09971026102303138,False,-158.684356081246,0.15494713830639384
PAPER:XPLUSDT:1790760899999:LONG,XPLUSDT,LONG,0.244906,<0.30%,-0.8770342652655583,-4.385171326327791,1790761283515,0.09738052,HIST_TIME_FALLBACK,-0.9528463271189492,-4.764231635594746,1790761283515,0.097361043896,False,HIST_TIME_FALLBACK,-0.9528463271189492,-4.764231635594746,1790761283515,0.097361043896,0.0,-0.3790603092669551,False,-389.0661425685566,0.2958483000230716
PAPER:BERAUSDT:1790784299999:LONG,BERAUSDT,LONG,0.245404,<0.30%,-0.9096494258220718,-4.548247129110359,1790784368102,0.26174764,HIST_TIME_FALLBACK,-0.9294824959369015,-4.647412479684507,1790784368102,0.261695290472,False,HIST_TIME_FALLBACK,-0.9294824959369015,-4.647412479684507,1790784368102,0.261695290472,0.0,-0.09916535057414855,False,-378.7560495904311,-0.47496757758800356
PAPER:PHAROSUSDT:1790680199999:LONG,PHAROSUSDT,LONG,0.245594,<0.30%,-0.529005082247995,-2.64502541123997,1790680404157,0.67516494,HIST_TIME_FALLBACK,-0.5489142812315448,-2.744571406157724,1790680404157,0.675029907012,False,HIST_TIME_FALLBACK,-0.5489142812315448,-2.744571406157724,1790680404157,0.675029907012,0.0,-0.09954599491775395,False,-223.50476038972647,0.12755418219780879
PAPER:KSMUSDT:1790816699999:LONG,KSMUSDT,LONG,0.247944,<0.30%,-0.5245692367077832,-2.622846183538916,1790816945830,5.208958,HIST_TIME_FALLBACK,-0.4775712613277438,-2.387856306638719,1790816945830,5.2079162084,False,HIST_TIME_FALLBACK,-0.4775712613277438,-2.387856306638719,1790816945830,5.2079162084,0.0,0.23498987690019701,False,-192.61255014347748,0.20966710180168047
PAPER:BOMEUSDT:1790773799999:LONG,BOMEUSDT,LONG,0.249259,<0.30%,-0.5214070216157713,-2.6070351080788567,1790774444321,0.0010362927,HIST_TIME_FALLBACK,-0.5173047891234466,-2.5865239456172326,1790774444321,0.00103608544146,False,HIST_TIME_FALLBACK,-0.5173047891234466,-2.5865239456172326,1790774444321,0.00103608544146,0.0,0.0205111624616241,False,-207.53705548182677,0.2011774234553787
PAPER:SKYAIUSDT:1790679899999:LONG,SKYAIUSDT,LONG,0.258782,<0.30%,-0.4431560202534804,-2.215780101267402,1790682058969,0.039352128,HIST_TIME_FALLBACK,-0.43776805166417954,-2.188840258320898,1790682058969,0.0393442575744,False,HIST_TIME_FALLBACK,-0.43776805166417954,-2.188840258320898,1790682058969,0.0393442575744,0.0,0.0269398429465042,False,-169.16479958582107,0.2080952630766797
PAPER:JASMYUSDT:1790664899999:LONG,JASMYUSDT,LONG,0.263394,<0.30%,-0.8694520619685572,-4.3472603098427856,1790665397880,0.0052549488,HIST_TIME_FALLBACK,-0.8892931715561537,-4.446465857780769,1790665397880,0.0052538978102400005,False,HIST_TIME_FALLBACK,-0.8892931715561537,-4.446465857780769,1790665397880,0.0052538978102400005,0.0,-0.09920554793798342,False,-337.628484914673,0.3578573778819427
PAPER:PUMPUSDT:1790807699999:LONG,PUMPUSDT,LONG,0.264847,<0.30%,-0.5080139133895999,-2.540069566948,1790808418876,0.0059458106,HIST_TIME_FALLBACK,-0.5446635366811335,-2.723317683405668,1790808418876,0.00594462143788,False,HIST_TIME_FALLBACK,-0.5446635366811335,-2.723317683405668,1790808418876,0.00594462143788,0.0,-0.1832481164576678,False,-205.6521450804176,0.24809182624676573
PAPER:GRASSUSDT:1790784599999:LONG,GRASSUSDT,LONG,0.269961,<0.30%,-0.314111343592347,-1.57055671796173,1790785084158,0.7230553599999999,HIST_TIME_FALLBACK,-0.3340635213236333,-1.6703176066181666,1790785084158,0.7229107489279999,False,HIST_TIME_FALLBACK,-0.3340635213236333,-1.6703176066181666,1790785084158,0.7229107489279999,0.0,-0.09976088865643673,False,-123.7451044127238,0.14569382767557482
PAPER:INITUSDT:1790665799999:LONG,INITUSDT,LONG,0.270019,<0.30%,-0.8230966489340552,-4.115483244670276,1790666050558,0.09247150200000001,HIST_TIME_FALLBACK,-0.8429470296042733,-4.214735148021366,1790666050558,0.0924530076996,False,HIST_TIME_FALLBACK,-0.8429470296042733,-4.214735148021366,1790666050558,0.0924530076996,0.0,-0.09925190335108969,False,-312.18063529021043,0.27001905162586937
PAPER:REZUSDT:1790762399999:LONG,REZUSDT,LONG,0.270969,<0.30%,-0.122880047899069,-0.614400239495347,1790762536412,0.0044691060000000005,HIST_TIME_FALLBACK,-0.14287047188947993,-0.7143523594473997,1790762536412,0.004468212178800001,False,HIST_TIME_FALLBACK,-0.14287047188947993,-0.7143523594473997,1790762536412,0.004468212178800001,0.0,-0.09995211995205278,False,-52.72576268483846,0.24858695151501742
PAPER:BIGTIMEUSDT:1790753699999:LONG,BIGTIMEUSDT,LONG,0.271239,<0.30%,-0.2977244825066555,-1.4886224125332777,1790753738742,0.0092571482,HIST_TIME_FALLBACK,-0.3176799376101494,-1.5883996880507472,1790753738742,0.009255296770360001,False,HIST_TIME_FALLBACK,-0.3176799376101494,-1.5883996880507472,1790753738742,0.009255296770360001,0.0,-0.09977727551746951,False,-117.12177732927395,0.0
PAPER:ZORAUSDT:1790786699999:LONG,ZORAUSDT,LONG,0.273595,<0.30%,-0.3855034988352925,-1.9275174941764628,1790787015489,0.008155368599999999,HIST_TIME_FALLBACK,-0.40544139813551394,-2.02720699067757,1790787015489,0.00815373752628,False,HIST_TIME_FALLBACK,-0.40544139813551394,-2.02720699067757,1790787015489,0.00815373752628,0.0,-0.09968949650110703,False,-148.19035367441438,0.26136214088394727
PAPER:XVGUSDT:1790785499999:LONG,XVGUSDT,LONG,0.276241,<0.30%,-0.3379398416612878,-1.689699208306439,1790785870918,0.003369326,HIST_TIME_FALLBACK,-0.3578872536929506,-1.789436268464753,1790785870918,0.0033686521348000003,False,HIST_TIME_FALLBACK,-0.3578872536929506,-1.789436268464753,1790785870918,0.0033686521348000003,0.0,-0.09973706015831385,False,-129.55616787260058,0.24661734319801898
PAPER:FETUSDT:1790816999999:LONG,FETUSDT,LONG,0.277944,<0.30%,-0.6789692178635359,-3.39484608931768,1790817277400,0.23365326,HIST_TIME_FALLBACK,-0.7201053548383566,-3.6005267741917826,1790817277400,0.233606529348,False,HIST_TIME_FALLBACK,-0.7201053548383566,-3.6005267741917826,1790817277400,0.233606529348,0.0,-0.2056806848741024,False,-259.08289253891303,0.23538076548164089
PAPER:GRTUSDT:1790784299999:LONG,GRTUSDT,LONG,0.281552,<0.30%,-0.2569090840008888,-1.2845454200044444,1790784546184,0.029814036,HIST_TIME_FALLBACK,-0.2768727021840871,-1.3843635109204357,1790784546184,0.0298080731928,False,HIST_TIME_FALLBACK,-0.2768727021840871,-1.3843635109204357,1790784546184,0.0298080731928,0.0,-0.09981809091599136,False,-98.3380342473458,0.2145415420937269
PAPER:SOMIUSDT:1790804099999:LONG,SOMIUSDT,LONG,0.2875,<0.30%,-0.9360277571023607,-4.680138785511804,1790804294304,0.22585481999999998,HIST_TIME_FALLBACK,-0.9558555515509413,-4.7792777577547065,1790804294304,0.22580964903599998,False,HIST_TIME_FALLBACK,-0.9558555515509413,-4.7792777577547065,1790804294304,0.22580964903599998,0.0,-0.09913897224290213,False,-332.4714961916318,0.2874996178268807
PAPER:SAFEUSDT:1790810399999:LONG,SAFEUSDT,LONG,0.287635,<0.30%,-0.5236438927599162,-2.618219463799581,1790811216913,0.11331733199999999,HIST_TIME_FALLBACK,-0.5698922020432899,-2.8494610102164497,1790811216913,0.1132946685336,False,HIST_TIME_FALLBACK,-0.5698922020432899,-2.8494610102164497,1790811216913,0.1132946685336,0.0,-0.2312415464168689,False,-198.13033950781025,0.2876347807361457
PAPER:JOEUSDT:1790671199999:LONG,JOEUSDT,LONG,0.287951,<0.30%,-0.2668755378801061,-1.3343776894005308,1790671298606,0.039082182,HIST_TIME_FALLBACK,0.12328629096382646,0.6164314548191323,1790671298606,0.0390743655636,False,HIST_TIME_FALLBACK,0.12328629096382646,0.6164314548191323,1790671298606,0.0390743655636,0.0,1.9508091442196631,True,42.81502441867764,0.31361284211330887
PAPER:MUBARAKUSDT:1790759099999:LONG,MUBARAKUSDT,LONG,0.288234,<0.30%,-0.157547586702019,-0.787737933510099,1790759345301,0.061637670000000006,HIST_TIME_FALLBACK,-0.1775310771846738,-0.8876553859233691,1790759345301,0.06162534246600001,False,HIST_TIME_FALLBACK,-0.1775310771846738,-0.8876553859233691,1790759345301,0.06162534246600001,0.0,-0.0999174524132701,False,-61.59269107207123,0.20712067224717412
PAPER:INUSDT:1790813699999:LONG,INUSDT,LONG,0.294654,<0.30%,-0.5829007880563742,-2.9145039402818718,1790813830090,0.037972404,HIST_TIME_FALLBACK,-0.6027992078987543,-3.0139960394937715,1790813830090,0.037964809519200005,False,HIST_TIME_FALLBACK,-0.6027992078987543,-3.0139960394937715,1790813830090,0.037964809519200005,0.0,-0.09949209921189972,False,-204.5786610393052,0.0
PAPER:0GUSDT:1790743799999:LONG,0GUSDT,LONG,0.300173,0.30-<0.50%,-0.189962007598467,-0.949810037992334,1790744021236,0.34343130000000005,HIST_TIME_FALLBACK,-0.20993901519694905,-1.0496950759847452,1790744021236,0.34336261374000004,False,HIST_TIME_FALLBACK,-0.20993901519694905,-1.0496950759847452,1790744021236,0.34336261374000004,0.0,-0.09988503799241122,False,-69.93934004622302,0.30017286207970617
PAPER:NILUSDT:1790752499999:LONG,NILUSDT,LONG,0.302223,0.30-<0.50%,-0.442893733638162,-2.21446866819081,1790752628325,0.086642668,HIST_TIME_FALLBACK,-0.46282015489142847,-2.3141007744571422,1790752628325,0.08662533946640001,False,HIST_TIME_FALLBACK,-0.46282015489142847,-2.3141007744571422,1790752628325,0.08662533946640001,0.0,-0.09963210626633234,False,-153.13862773231304,0.152621409419762
PAPER:CRVUSDT:1790684399999:LONG,CRVUSDT,LONG,0.305102,0.30-<0.50%,-0.2399295103460496,-1.1996475517302485,1790684465642,0.39952008,HIST_TIME_FALLBACK,-0.2598965244439801,-1.2994826222199003,1790684465642,0.399440175984,False,HIST_TIME_FALLBACK,-0.2598965244439801,-1.2994826222199003,1790684465642,0.399440175984,0.0,-0.09983507048965179,False,-85.18348763494834,0.005011503952334628
PAPER:BROCCOLIF3BUSDT:1790741099999:LONG,BROCCOLIF3BUSDT,LONG,0.306736,0.30-<0.50%,-0.307473817001291,-1.53736908500645,1790741229450,0.0076394718,HIST_TIME_FALLBACK,-0.327427322237885,-1.637136611189425,1790741229450,0.007637943905640001,False,HIST_TIME_FALLBACK,-0.327427322237885,-1.637136611189425,1790741229450,0.007637943905640001,0.0,-0.09976752618297491,False,-106.74564519257113,-0.006926719231314937
PAPER:TSTUSDT:1790745599999:LONG,TSTUSDT,LONG,0.310153,0.30-<0.50%,-0.6297420317807627,-3.1487101589038136,1790745956114,0.018086381999999998,HIST_TIME_FALLBACK,-0.649631083374412,-3.24815541687206,1790745956114,0.018082764723599997,False,HIST_TIME_FALLBACK,-0.649631083374412,-3.24815541687206,1790745956114,0.018082764723599997,0.0,-0.09944525796824655,False,-209.45503779567244,0.20010307239599623
PAPER:REDUSDT:1790821799999:LONG,REDUSDT,LONG,0.31198,0.30-<0.50%,-0.245238730339145,-1.2261936516957253,1790822065013,0.18056388,HIST_TIME_FALLBACK,-0.2652046825930724,-1.326023412965362,1790822065013,0.18052776722400002,False,HIST_TIME_FALLBACK,-0.2652046825930724,-1.326023412965362,1790822065013,0.18052776722400002,0.0,-0.09982976126963683,False,-85.00694999457414,0.14599183096419832
PAPER:BRUSDT:1790663099999:LONG,BRUSDT,LONG,0.312137,0.30-<0.50%,-0.832857805507927,-4.164289027539635,1790663533339,0.861197726,HIST_TIME_FALLBACK,-0.8527062339468205,-4.263531169734103,1790663533339,0.8610254864548,False,HIST_TIME_FALLBACK,-0.8527062339468205,-4.263531169734103,1790663533339,0.8610254864548,0.0,-0.09924214219446803,False,-273.18332461285286,0.3859439196998382
PAPER:PIEVERSEUSDT:1790782499999:LONG,PIEVERSEUSDT,LONG,0.313316,0.30-<0.50%,-0.7234342815407514,-3.617171407703757,1790783728405,1.45950804,HIST_TIME_FALLBACK,-0.8893856132701956,-4.446928066350978,1790783728405,1.459216138392,False,HIST_TIME_FALLBACK,-0.8893856132701956,-4.446928066350978,1790783728405,1.459216138392,0.0,-0.8297566586472209,False,-283.86217533422985,0.22488630590660197
PAPER:LITUSDT:1790786099999:LONG,LITUSDT,LONG,0.313573,0.30-<0.50%,-0.6947412884765786,-3.473706442382893,1790786233095,4.05488886,HIST_TIME_FALLBACK,-0.7146173402188781,-3.5730867010943905,1790786233095,4.054077882228,False,HIST_TIME_FALLBACK,-0.7146173402188781,-3.5730867010943905,1790786233095,4.054077882228,0.0,-0.09938025871149758,False,-227.89504843174575,0.20565373960019784
PAPER:CGPTUSDT:1790817599999:LONG,CGPTUSDT,LONG,0.315648,0.30-<0.50%,-0.231877676080395,-1.15938838040197,1790817814758,0.023815236,HIST_TIME_FALLBACK,-0.2518463005451742,-1.2592315027258711,1790817814758,0.0238104729528,False,HIST_TIME_FALLBACK,-0.2518463005451742,-1.2592315027258711,1790817814758,0.0238104729528,0.0,-0.09984312232390113,False,-79.78707311472724,0.3156481586603421
PAPER:LINEAUSDT:1790753099999:LONG,LINEAUSDT,LONG,0.320651,0.30-<0.50%,-0.6323829595239245,-3.1619147976196227,1790753378054,0.0029214156000000003,HIST_TIME_FALLBACK,-0.6522714829320114,-3.261357414660057,1790753378054,0.0029208313168800006,False,HIST_TIME_FALLBACK,-0.6522714829320114,-3.261357414660057,1790753378054,0.0029208313168800006,0.0,-0.09944261704043411,False,-203.42100381162427,0.18439242304861825
PAPER:MEUSDT:1790687099999:LONG,MEUSDT,LONG,0.321405,0.30-<0.50%,-0.2657569017371468,-1.3287845086857342,1790687476341,0.078994198,HIST_TIME_FALLBACK,-0.28571875035679695,-1.4285937517839846,1790687476341,0.0789783991604,False,HIST_TIME_FALLBACK,-0.28571875035679695,-1.4285937517839846,1790687476341,0.0789783991604,0.0,-0.09980924309825046,False,-88.896796987227,0.29611631739669964
PAPER:RPLUSDT:1790675699999:LONG,RPLUSDT,LONG,0.322569,0.30-<0.50%,-0.5810928465310435,-2.9054642326552176,1790675783954,2.034593,HIST_TIME_FALLBACK,-0.600991627961736,-3.0049581398086795,1790675783954,2.0341860814,False,HIST_TIME_FALLBACK,-0.600991627961736,-3.0049581398086795,1790675783954,2.0341860814,0.0,-0.09949390715346196,False,-186.31413060825312,0.17575535308993473
PAPER:GALAUSDT:1790789399999:LONG,GALAUSDT,LONG,0.32343,0.30-<0.50%,-0.7260560285967689,-3.630280142983844,1790789617194,0.0023175364000000004,HIST_TIME_FALLBACK,-0.6816074011277514,-3.408037005638757,1790789617194,0.0023170728927200002,False,HIST_TIME_FALLBACK,-0.6816074011277514,-3.408037005638757,1790789617194,0.0023170728927200002,0.0,0.2222431373450866,False,-210.7434069590797,0.28050207906036295
PAPER:PORTALUSDT:1790754599999:LONG,PORTALUSDT,LONG,0.324565,0.30-<0.50%,-0.5915675595495249,-2.957837797747624,1790755455409,0.017336532,HIST_TIME_FALLBACK,-0.6114642460376101,-3.057321230188051,1790755455409,0.017333064693600003,False,HIST_TIME_FALLBACK,-0.6114642460376101,-3.057321230188051,1790755455409,0.017333064693600003,0.0,-0.09948343244042679,False,-188.39500440207973,0.3245646103404276
PAPER:VELVETUSDT:1790786699999:LONG,VELVETUSDT,LONG,0.3277,0.30-<0.50%,-0.5546961056406225,-2.773480528203113,1790787248966,0.057268544,HIST_TIME_FALLBACK,-0.609329799869268,-3.04664899934634,1790787248966,0.0572570902912,False,HIST_TIME_FALLBACK,-0.609329799869268,-3.04664899934634,1790787248966,0.0572570902912,0.0,-0.2731684711432272,False,-185.94134875473543,0.32770006596838375
PAPER:TNSRUSDT:1790746799999:LONG,TNSRUSDT,LONG,0.331163,0.30-<0.50%,0.0105097194309289,0.0525485971546446,1790748073949,0.040021994000000005,HIST_TIME_FALLBACK,0.21597820425655134,1.0798910212827568,1790748073949,0.040013989601200006,False,HIST_TIME_FALLBACK,0.21597820425655134,1.0798910212827568,1790748073949,0.040013989601200006,0.0,1.0273424241281122,True,65.21809630198764,0.4314942330149174
PAPER:SNXUSDT:1790674799999:LONG,SNXUSDT,LONG,0.332598,0.30-<0.50%,-0.2682418179373326,-1.3412090896866629,1790675182904,0.25494900000000004,HIST_TIME_FALLBACK,-0.2882031695737498,-1.441015847868749,1790675182904,0.2548980102,False,HIST_TIME_FALLBACK,-0.2882031695737498,-1.441015847868749,1790675182904,0.2548980102,0.0,-0.09980675818208606,False,-86.65210541667413,0.21506670452744459
PAPER:NOMUSDT:1790764799999:LONG,NOMUSDT,LONG,0.333603,0.30-<0.50%,-0.278277691057716,-1.39138845528858,1790764938095,0.002259548,HIST_TIME_FALLBACK,-0.2982370355194942,-1.4911851775974712,1790764938095,0.0022590960904000004,False,HIST_TIME_FALLBACK,-0.2982370355194942,-1.4911851775974712,1790764938095,0.0022590960904000004,0.0,-0.09979672230889114,False,-89.39878703713522,0.024203824133484098
PAPER:NILUSDT:1790746199999:LONG,NILUSDT,LONG,0.335005,0.30-<0.50%,-0.9347551657853908,-4.673775828926955,1790746401894,0.083843228,HIST_TIME_FALLBACK,-0.954583214752239,-4.772916073761195,1790746401894,0.0838264593544,False,HIST_TIME_FALLBACK,-0.954583214752239,-4.772916073761195,1790746401894,0.0838264593544,0.0,-0.09914024483424022,False,-284.94596043409473,-0.1146628290627838
PAPER:GTCUSDT:1790816399999:LONG,GTCUSDT,LONG,0.336626,0.30-<0.50%,-0.6510343608995354,-3.255171804497677,1790816741788,0.094821032,HIST_TIME_FALLBACK,-0.7128264393755808,-3.5641321968779036,1790816741788,0.0948020677936,False,HIST_TIME_FALLBACK,-0.7128264393755808,-3.5641321968779036,1790816741788,0.0948020677936,0.0,-0.30896039238022643,False,-211.75620402927308,0.24222599877843365
PAPER:BRETTUSDT:1790773799999:LONG,BRETTUSDT,LONG,0.339762,0.30-<0.50%,-0.5493782385164977,-2.7468911925824884,1790774163817,0.0060907816,HIST_TIME_FALLBACK,-0.569283362868798,-2.84641681434399,1790774163817,0.00608956344368,False,HIST_TIME_FALLBACK,-0.569283362868798,-2.84641681434399,1790774163817,0.00608956344368,0.0,-0.0995256217615017,False,-167.55357069619262,0.30705667829469263
PAPER:CYSUSDT:1790784299999:LONG,CYSUSDT,LONG,0.340292,0.30-<0.50%,-1.2098092423557285,-6.0490462117786405,1790784367897,0.16476704,HIST_TIME_FALLBACK,-1.2295822805072554,-6.147911402536277,1790784367897,0.164734086592,False,HIST_TIME_FALLBACK,-1.2295822805072554,-6.147911402536277,1790784367897,0.164734086592,0.0,-0.09886519075763633,False,-361.33152719054675,-0.3202362530496772
PAPER:LINKUSDT:1790676599999:LONG,LINKUSDT,LONG,0.346396,0.30-<0.50%,-0.5784823109635497,-2.8924115548177483,1790676907274,15.4909012,HIST_TIME_FALLBACK,-0.5951713450856236,-2.9758567254281183,1790676907274,15.48780301976,False,HIST_TIME_FALLBACK,-0.5951713450856236,-2.9758567254281183,1790676907274,15.48780301976,0.0,-0.08344517061037005,False,-171.8181922093857,0.1471301470707509
PAPER:SUSHIUSDT:1790681699999:LONG,SUSHIUSDT,LONG,0.348119,0.30-<0.50%,-0.9806572641657274,-4.903286320828637,1790682091645,0.26934611999999997,HIST_TIME_FALLBACK,-1.0188607168411707,-5.0943035842058535,1790682091645,0.269292250776,False,HIST_TIME_FALLBACK,-1.0188607168411707,-5.0943035842058535,1790682091645,0.269292250776,0.0,-0.19101726337721647,False,-292.67598632685105,0.31130739978662003
PAPER:PUNDIXUSDT:1790776499999:LONG,PUNDIXUSDT,LONG,0.357287,0.30-<0.50%,-1.4345986838402591,-7.172993419201297,1790779828256,0.125334928,HIST_TIME_FALLBACK,-1.6545279476815262,-8.272639738407632,1790779828256,0.1253098610144,False,HIST_TIME_FALLBACK,-1.6545279476815262,-8.272639738407632,1790779828256,0.1253098610144,0.0,-1.099646319206335,False,-463.0809258891384,0.1450653265573365
PAPER:AIXBTUSDT:1790773799999:LONG,AIXBTUSDT,LONG,0.359515,0.30-<0.50%,-1.0325182116676463,-5.162591058338231,1790775685323,0.023285342,HIST_TIME_FALLBACK,-1.9789531701365153,-9.894765850682576,1790775685323,0.0232806849316,False,HIST_TIME_FALLBACK,-1.9789531701365153,-9.894765850682576,1790775685323,0.0232806849316,0.0,-4.732174792344345,False,-550.4507934680098,0.3595147693363332
PAPER:SEIUSDT:1790669999999:LONG,SEIUSDT,LONG,0.363272,0.30-<0.50%,-0.8237335639283161,-4.118667819641581,1790671022782,0.074865024,HIST_TIME_FALLBACK,-1.2264108851017506,-6.132054425508753,1790671022782,0.07485005099520001,False,HIST_TIME_FALLBACK,-1.2264108851017506,-6.132054425508753,1790671022782,0.07485005099520001,0.0,-2.013386605867172,False,-337.60126987539655,0.3500555672077743
PAPER:FRAXUSDT:1790754599999:LONG,FRAXUSDT,LONG,0.368025,0.30-<0.50%,-0.5130054681172287,-2.5650273405861435,1790763927917,0.30813836,HIST_TIME_FALLBACK,-0.5329178670236117,-2.664589335118058,1790763927917,0.308076732328,False,HIST_TIME_FALLBACK,-0.5329178670236117,-2.664589335118058,1790763927917,0.308076732328,0.0,-0.09956199453191461,False,-144.80480049551298,0.36802471329797637
PAPER:LUMIAUSDT:1790662199999:LONG,LUMIAUSDT,LONG,0.375182,0.30-<0.50%,-0.3815573490161161,-1.9077867450805803,1790663191037,0.08599279800000001,HIST_TIME_FALLBACK,-0.22154853170296454,-1.1077426585148227,1790663191037,0.08597559944040001,False,HIST_TIME_FALLBACK,-0.22154853170296454,-1.1077426585148227,1790663191037,0.08597559944040001,0.0,0.8000440865657577,False,-59.05094906018,0.4332962749463709
PAPER:ARPAUSDT:1790783999999:LONG,ARPAUSDT,LONG,0.379611,0.30-<0.50%,-2.5158973783486407,-12.579486891743205,1790787349919,0.011202759,HIST_TIME_FALLBACK,-2.847785790710055,-14.238928953550275,1790787349919,0.0112005184482,False,HIST_TIME_FALLBACK,-2.847785790710055,-14.238928953550275,1790787349919,0.0112005184482,0.0,-1.65944206180707,False,-750.1852661566855,0.17980763913252318
PAPER:CVCUSDT:1790776499999:LONG,CVCUSDT,LONG,0.389758,0.30-<0.50%,-0.5363477005103189,-2.6817385025515943,1790777473290,0.031603678,HIST_TIME_FALLBACK,-0.556255430970222,-2.7812771548511104,1790777473290,0.0315973572644,False,HIST_TIME_FALLBACK,-0.556255430970222,-2.7812771548511104,1790777473290,0.0315973572644,0.0,-0.09953865229951608,False,-142.7181561302711,0.3897581139510109
PAPER:0GUSDT:1790660699999:LONG,0GUSDT,LONG,0.400904,0.30-<0.50%,-2.486541572838276,-12.43270786419138,1790661754619,0.30323934,HIST_TIME_FALLBACK,-1.9886237153796364,-9.943118576898183,1790661754619,0.30317869213200005,False,HIST_TIME_FALLBACK,-1.9886237153796364,-9.943118576898183,1790661754619,0.30317869213200005,0.0,2.4895892872931977,False,-496.03488999352373,0.10951177640119436
PAPER:HEIUSDT:1790753699999:LONG,HEIUSDT,LONG,0.404485,0.30-<0.50%,-0.9686573114701442,-4.843286557350721,1790755225882,0.13482303,HIST_TIME_FALLBACK,-1.4965396105651763,-7.482698052825881,1790755225882,0.13479606539400002,False,HIST_TIME_FALLBACK,-1.4965396105651763,-7.482698052825881,1790755225882,0.13479606539400002,0.0,-2.6394114954751595,False,-369.98642979719307,0.3752108080689709
PAPER:STARUSDT:1790744099999:LONG,STARUSDT,LONG,0.412701,0.30-<0.50%,-0.3790870457231322,-1.8954352286156608,1790747728197,0.03684263,HIST_TIME_FALLBACK,-0.5340885233975755,-2.670442616987877,1790747728197,0.036835261474,False,HIST_TIME_FALLBACK,-0.5340885233975755,-2.670442616987877,1790747728197,0.036835261474,0.0,-0.7750073883722164,False,-129.41294627286476,0.4127007976819641
PAPER:0GUSDT:1790785499999:LONG,0GUSDT,LONG,0.415918,0.30-<0.50%,-0.9209798814139284,-4.6048994070696425,1790788840406,0.31703658,HIST_TIME_FALLBACK,-1.4539759007130395,-7.269879503565197,1790788840406,0.316973172684,False,HIST_TIME_FALLBACK,-1.4539759007130395,-7.269879503565197,1790788840406,0.316973172684,0.0,-2.6649800964955546,False,-349.582345729937,0.4159180621054359
PAPER:CFGUSDT:1790742299999:LONG,CFGUSDT,LONG,0.430945,0.30-<0.50%,-0.1899620075984931,-0.9498100379924656,1790743266524,0.15456908,HIST_TIME_FALLBACK,-0.596015281890787,-2.980076409453935,1790743266524,0.15453816618400001,False,HIST_TIME_FALLBACK,-0.596015281890787,-2.980076409453935,1790743266524,0.15453816618400001,0.0,-2.0302663714614697,False,-138.30425736249103,0.43094473888727336
PAPER:CFGUSDT:1790772599999:LONG,CFGUSDT,LONG,0.430945,0.30-<0.50%,-1.734575997171705,-8.672879985858525,1790775666726,0.15106978000000001,HIST_TIME_FALLBACK,-2.848126837604774,-14.240634188023872,1790775666726,0.151039566044,False,HIST_TIME_FALLBACK,-2.848126837604774,-14.240634188023872,1790775666726,0.151039566044,0.0,-5.5677542021653466,False,-660.9026297102354,0.43094473888727336
PAPER:TUTUSDT:1790685599999:LONG,TUTUSDT,LONG,0.435211,0.30-<0.50%,-0.2726482973272928,-1.3632414866364635,1790687300995,0.024185162,HIST_TIME_FALLBACK,-0.08593438649066949,-0.4296719324533475,1790687300995,0.0241803249676,False,HIST_TIME_FALLBACK,-0.08593438649066949,-0.4296719324533475,1790687300995,0.0241803249676,0.0,0.9335695541831159,False,-19.745453697326006,0.4352109710508145
PAPER:FOLKSUSDT:1790774099999:LONG,FOLKSUSDT,LONG,0.442339,0.30-<0.50%,-0.8250691855848616,-4.125345927924308,1790777433520,2.5664866,HIST_TIME_FALLBACK,-1.2874810990406973,-6.437405495203486,1790777433520,2.5659733026800002,False,HIST_TIME_FALLBACK,-1.2874810990406973,-6.437405495203486,1790777433520,2.5659733026800002,0.0,-2.312059567279178,False,-291.06208112798043,0.3652833980409831
PAPER:RVNUSDT:1790814299999:LONG,RVNUSDT,LONG,0.44346,0.30-<0.50%,-0.5267004416225999,-2.633502208113,1790818237106,0.002364527,HIST_TIME_FALLBACK,-0.5466101015342681,-2.7330505076713405,1790818237106,0.0023640540946,False,HIST_TIME_FALLBACK,-0.5466101015342681,-2.7330505076713405,1790818237106,0.0023640540946,0.0,-0.09954829955834033,False,-123.26029439730034,0.31706258832513434
PAPER:GPSUSDT:1790683799999:LONG,GPSUSDT,LONG,0.446089,0.30-<0.50%,-0.4275346410120411,-2.1376732050602056,1790686316532,0.0104499096,HIST_TIME_FALLBACK,-0.7704982957700144,-3.8524914788500717,1790686316532,0.01044781961808,False,HIST_TIME_FALLBACK,-0.7704982957700144,-3.8524914788500717,1790686316532,0.01044781961808,0.0,-1.714818273789866,False,-172.72299827389025,0.446089071596778
PAPER:SOLVUSDT:1790774699999:LONG,SOLVUSDT,LONG,0.450056,0.30-<0.50%,-1.246573834034298,-6.23286917017149,1790778927050,0.004189162000000001,HIST_TIME_FALLBACK,-1.712375287652827,-8.561876438264136,1790778927050,0.004188324167600001,False,HIST_TIME_FALLBACK,-1.712375287652827,-8.561876438264136,1790778927050,0.004188324167600001,0.0,-2.3290072680926457,False,-380.4804930170528,0.3560453870674163
PAPER:MORPHOUSDT:1790742599999:LONG,MORPHOUSDT,LONG,0.452686,0.30-<0.50%,-0.5963921176237396,-2.9819605881186977,1790744447416,2.56888612,HIST_TIME_FALLBACK,-0.6395077720004028,-3.1975388600020134,1790744447416,2.568372342776,False,HIST_TIME_FALLBACK,-0.6395077720004028,-3.1975388600020134,1790744447416,2.568372342776,0.0,-0.2155782718833157,False,-141.26961558351766,0.4526860564721069
PAPER:SUIUSDT:1790773799999:LONG,SUIUSDT,LONG,0.460797,0.30-<0.50%,-1.7593355835507254,-8.796677917753627,1790775685739,1.17206554,HIST_TIME_FALLBACK,-3.008578482311066,-15.04289241155533,1790775685739,1.171831126892,False,HIST_TIME_FALLBACK,-3.008578482311066,-15.04289241155533,1790775685739,1.171831126892,0.0,-6.246214493801704,False,-652.9075671740628,0.054609756267809395
PAPER:REDUSDT:1790773799999:LONG,REDUSDT,LONG,0.474682,0.30-<0.50%,-2.661004728685934,-13.30502364342967,1790775685955,0.17576484,HIST_TIME_FALLBACK,-3.55890477664445,-17.79452388322225,1790775685955,0.175729687032,False,HIST_TIME_FALLBACK,-3.55890477664445,-17.79452388322225,1790775685955,0.175729687032,0.0,-4.48950023979258,False,-749.7450454503121,0.4197181454308252
PAPER:LPTUSDT:1790761499999:LONG,LPTUSDT,LONG,0.484105,0.30-<0.50%,-0.693584047896294,-3.46792023948147,1790764532872,1.7756448,HIST_TIME_FALLBACK,-0.7134603310867089,-3.567301655433545,1790764532872,1.7752896710400001,False,HIST_TIME_FALLBACK,-0.7134603310867089,-3.567301655433545,1790764532872,1.7752896710400001,0.0,-0.09938141595207473,False,-147.37718699181147,0.48410485970034056
PAPER:ORDERUSDT:1790682899999:LONG,ORDERUSDT,LONG,0.488993,0.30-<0.50%,-0.3110347809226091,-1.5551739046130455,1790686849276,0.041231751999999997,HIST_TIME_FALLBACK,-0.23414872695086172,-1.1707436347543085,1790686849276,0.0412235056496,False,HIST_TIME_FALLBACK,-0.23414872695086172,-1.1707436347543085,1790686849276,0.0412235056496,0.0,0.38443026985873696,False,-47.883860699613635,0.44051795701465224
PAPER:AKEUSDT:1790748299999:LONG,AKEUSDT,LONG,0.493569,0.30-<0.50%,-0.5259050816266138,-2.629525408133069,1790749307830,0.0325274932,HIST_TIME_FALLBACK,-0.7351267632978062,-3.6756338164890314,1790749307830,0.03252098770136,False,HIST_TIME_FALLBACK,-0.7351267632978062,-3.6756338164890314,1790749307830,0.03252098770136,0.0,-1.0461084083559626,False,-148.94103221592243,0.4079744193031365
PAPER:WOOUSDT:1790665499999:LONG,WOOUSDT,LONG,0.500346,0.50-<1.00%,0.329885773774613,1.64942886887306,1790666879731,0.013527294,REDUCE25_FALLBACK,0.3148139013132377,1.5740695065661885,1790666879731,0.0135245885412,True,V43_FULL_CLOSE,0.25562180500702386,1.2781090250351193,1790666478600,0.013507298,-0.29596048153106924,-0.3713198438379408,True,51.08900740827825,0.5003460274487948
PAPER:PHAUSDT:1790800499999:LONG,PHAUSDT,LONG,0.501595,0.50-<1.00%,-0.1645427333924837,-0.8227136669624185,1790800987037,0.078594278,HIST_TIME_FALLBACK,-0.18452482484579447,-0.9226241242289723,1790800987037,0.07857855914440001,False,HIST_TIME_FALLBACK,-0.18452482484579447,-0.9226241242289723,1790800987037,0.07857855914440001,0.0,-0.09991045726655379,False,-36.78761248533069,0.4634293907219478
PAPER:SSVUSDT:1790682899999:LONG,SSVUSDT,LONG,0.503621,0.50-<1.00%,-0.0361033538825147,-0.1805167694125738,1790683404012,3.2513495999999997,HIST_TIME_FALLBACK,-0.025345556814700153,-0.12672778407350077,1790683404012,3.25069933008,False,HIST_TIME_FALLBACK,-0.025345556814700153,-0.12672778407350077,1790683404012,3.25069933008,0.0,0.05378898533907303,False,-5.032664804426375,0.4728197921721966
PAPER:NILUSDT:1790681099999:LONG,NILUSDT,LONG,0.505084,0.50-<1.00%,-0.225728910675226,-1.12864455337613,1790681360629,0.08373325000000001,HIST_TIME_FALLBACK,-0.24569876489308656,-1.2284938244654329,1790681360629,0.08371650335000001,False,HIST_TIME_FALLBACK,-0.24569876489308656,-1.2284938244654329,1790681360629,0.08371650335000001,0.0,-0.09984927108930286,False,-48.645129303855704,0.40961490203752504
PAPER:MINAUSDT:1790676599999:LONG,MINAUSDT,LONG,0.507094,0.50-<1.00%,-0.0840019248625534,-0.4200096243127672,1790676886661,0.15564886400000003,HIST_TIME_FALLBACK,-0.12005147155627198,-0.6002573577813599,1790676886661,0.15561773422720002,False,HIST_TIME_FALLBACK,-0.12005147155627198,-0.6002573577813599,1790676886661,0.15561773422720002,0.0,-0.18024773346859269,False,-23.674401897137802,0.34639593876260033
PAPER:NEIROUSDT:1790687399999:LONG,NEIROUSDT,LONG,0.511425,0.50-<1.00%,-0.0494254768118853,-0.2471273840594265,1790687812693,9.603079e-05,HIST_TIME_FALLBACK,-0.10585870150774594,-0.5292935075387297,1790687812693,9.6011583842e-05,False,HIST_TIME_FALLBACK,-0.10585870150774594,-0.5292935075387297,1790687812693,9.6011583842e-05,0.0,-0.28216612347930325,False,-20.69877333093727,0.40722444359486687
PAPER:GMXUSDT:1790809199999:LONG,GMXUSDT,LONG,0.512015,0.50-<1.00%,-0.2912011187018947,-1.4560055935094736,1790809390502,7.8754246,HIST_TIME_FALLBACK,-0.41237674175934025,-2.0618837087967012,1790809390502,7.87384951508,False,HIST_TIME_FALLBACK,-0.41237674175934025,-2.0618837087967012,1790809390502,7.87384951508,0.0,-0.6058781152872277,False,-80.53997280535536,0.398012377760093
PAPER:MAGICUSDT:1790768399999:LONG,MAGICUSDT,LONG,0.516536,0.50-<1.00%,0.0688075208792438,0.3440376043962193,1790768479830,0.054169164,HIST_TIME_FALLBACK,0.048778759375072846,0.24389379687536422,1790768479830,0.0541583301672,False,HIST_TIME_FALLBACK,0.048778759375072846,0.24389379687536422,1790768479830,0.0541583301672,0.0,-0.10014380752085505,True,9.443438477680713,0.36852733080328104
PAPER:PLUMEUSDT:1790799599999:LONG,PLUMEUSDT,LONG,0.51811,0.50-<1.00%,-0.1362025684206593,-0.6810128421032966,1790800242351,0.018576284,REDUCE25_FALLBACK,-0.12430560453060173,-0.6215280226530087,1790800242351,0.0185725687432,True,V43_FULL_CLOSE,0.18635406664630144,0.9317703332315073,1790800065130,0.01864627,1.553298355884516,1.6127831753348039,True,35.96805053874687,0.5181095104983324
PAPER:MEUSDT:1790663399999:LONG,MEUSDT,LONG,0.52065,0.50-<1.00%,-0.3282886890704083,-1.6414434453520417,1790667104851,0.075894818,REDUCE25_FALLBACK,-0.04028792735645078,-0.2014396367822539,1790667104851,0.0758796390364,True,V43_FULL_CLOSE,0.29747486996928824,1.4873743498464413,1790665890754,0.076174762,1.6888139866286953,3.128817795198483,True,57.13528665500591,0.507463793445484
PAPER:PONSUSDT:1790764499999:LONG,PONSUSDT,LONG,0.522803,0.50-<1.00%,-0.3648920215956636,-1.8244601079783185,1790764625938,0.569886,HIST_TIME_FALLBACK,-0.3848340431913355,-1.9241702159566776,1790764625938,0.5697720228,False,HIST_TIME_FALLBACK,-0.3848340431913355,-1.9241702159566776,1790764625938,0.5697720228,0.0,-0.09971010797835911,False,-73.60976183980114,0.2076292272193747
PAPER:ESPORTSUSDT:1790755499999:LONG,ESPORTSUSDT,LONG,0.522882,0.50-<1.00%,-0.1899620075984782,-0.9498100379923912,1790755643483,0.011037792,HIST_TIME_FALLBACK,-0.3003146359976952,-1.501573179988476,1790755643483,0.011035584441599999,False,HIST_TIME_FALLBACK,-0.3003146359976952,-1.501573179988476,1790755643483,0.011035584441599999,0.0,-0.5517631419960848,False,-57.43449497165617,0.1609632824566276
PAPER:ICPUSDT:1790756399999:LONG,ICPUSDT,LONG,0.523996,0.50-<1.00%,-0.2900758772930364,-1.4503793864651824,1790756664800,3.4853028000000004,HIST_TIME_FALLBACK,-0.3815284670608713,-1.9076423353043563,1790756664800,3.4846057394400005,False,HIST_TIME_FALLBACK,-0.3815284670608713,-1.9076423353043563,1790756664800,3.4846057394400005,0.0,-0.45726294883917395,False,-72.81133196834925,0.46673368648149083
PAPER:SPACEUSDT:1790809499999:LONG,SPACEUSDT,LONG,0.524394,0.50-<1.00%,-0.3962585562121423,-1.981292781060712,1790809747311,0.005313937,HIST_TIME_FALLBACK,-0.4161943045008967,-2.0809715225044836,1790809747311,0.0053128742126000005,False,HIST_TIME_FALLBACK,-0.4161943045008967,-2.0809715225044836,1790809747311,0.0053128742126000005,0.0,-0.09967874144377165,False,-79.36671748740387,0.2428128718980238
PAPER:VANAUSDT:1790820599999:LONG,VANAUSDT,LONG,0.525938,0.50-<1.00%,-0.1437403333771002,-0.7187016668855013,1790820691581,1.0814836600000002,HIST_TIME_FALLBACK,-0.09902918346927236,-0.4951459173463618,1790820691581,1.081267363268,False,HIST_TIME_FALLBACK,-0.09902918346927236,-0.4951459173463618,1790820691581,1.081267363268,0.0,0.22355574953913948,False,-18.829060358687215,0.14656022983279282
PAPER:哈基米USDT:1790742599999:LONG,哈基米USDT,LONG,0.526029,0.50-<1.00%,-0.0464077707597198,-0.232038853798599,1790742939970,0.03483303200000001,REDUCE25_FALLBACK,-0.01834578854247656,-0.0917289427123828,1790742939970,0.03482606539360001,True,V43_FULL_CLOSE,0.24070070291775666,1.2035035145887834,1790742761131,0.034933012,1.2952324573011662,1.4355423683873823,True,45.75806712515027,0.5260287407881981
PAPER:BATUSDT:1790685299999:LONG,BATUSDT,LONG,0.526518,0.50-<1.00%,-0.1096685686978294,-0.548342843489147,1790685797360,0.09333133,REDUCE25_FALLBACK,-0.09254197818032386,-0.46270989090161935,1790685797360,0.093312663734,True,V43_FULL_CLOSE,0.29179862580539023,1.4589931290269513,1790685628633,0.09373125,1.9217030199285707,2.007335972516098,True,55.420446367529735,0.5265184905141274
PAPER:KERNELUSDT:1790771399999:LONG,KERNELUSDT,LONG,0.530757,0.50-<1.00%,0.0117888954342866,0.0589444771714334,1790771843030,0.054579082,HIST_TIME_FALLBACK,0.028446183628321364,0.14223091814160682,1790771843030,0.054568166183600005,False,HIST_TIME_FALLBACK,0.028446183628321364,0.14223091814160682,1790771843030,0.054568166183600005,0.0,0.08328644097017343,True,5.359549403648254,0.4389647226632487
PAPER:WIFUSDT:1790760899999:LONG,WIFUSDT,LONG,0.530858,0.50-<1.00%,-0.5044367435052974,-2.522183717526487,1790765981351,0.25454908,HIST_TIME_FALLBACK,-0.013431614597188413,-0.06715807298594206,1790765981351,0.254498170184,False,HIST_TIME_FALLBACK,-0.013431614597188413,-0.06715807298594206,1790765981351,0.254498170184,0.0,2.455025644540545,False,-2.530170892628238,0.4915113002586402
PAPER:PLUMEUSDT:1790754599999:LONG,PLUMEUSDT,LONG,0.53238,0.50-<1.00%,0.0031858559227389,0.0159292796136946,1790754949797,0.018106378000000003,HIST_TIME_FALLBACK,-0.1547649483545166,-0.773824741772583,1790754949797,0.018102756724400003,False,HIST_TIME_FALLBACK,-0.1547649483545166,-0.773824741772583,1790754949797,0.018102756724400003,0.0,-0.7897540213862776,False,-29.070391140635753,0.47714214063265814
PAPER:GUSDT:1790820599999:LONG,GUSDT,LONG,0.534764,0.50-<1.00%,-0.3336519512784527,-1.668259756392264,1790823128147,0.0048680262,HIST_TIME_FALLBACK,-0.14836992704355179,-0.741849635217759,1790823128147,0.00486705259476,False,HIST_TIME_FALLBACK,-0.14836992704355179,-0.741849635217759,1790823128147,0.00486705259476,0.0,0.926410121174505,False,-27.744935531103774,0.49367027539828356
PAPER:GALAUSDT:1790760899999:LONG,GALAUSDT,LONG,0.538792,0.50-<1.00%,-0.2329048442246152,-1.164524221123076,1790760983352,0.002324535,HIST_TIME_FALLBACK,-0.25287326325576076,-1.2643663162788037,1790760983352,0.002324070093,False,HIST_TIME_FALLBACK,-0.25287326325576076,-1.2643663162788037,1790760983352,0.002324070093,0.0,-0.09984209515572773,False,-46.933373779818695,0.23790598716026956
PAPER:AIXBTUSDT:1790670299999:LONG,AIXBTUSDT,LONG,0.539513,0.50-<1.00%,-0.103965418711349,-0.519827093556745,1790671023062,0.02324535,HIST_TIME_FALLBACK,-0.12395962562759733,-0.6197981281379866,1790671023062,0.023240700930000004,False,HIST_TIME_FALLBACK,-0.12395962562759733,-0.6197981281379866,1790671023062,0.023240700930000004,0.0,-0.09997103458124168,False,-22.976207362491234,0.4534349264456061
PAPER:REZUSDT:1790772599999:LONG,REZUSDT,LONG,0.540962,0.50-<1.00%,-0.13607495645886,-0.680374782294302,1790772696743,0.004646070600000001,HIST_TIME_FALLBACK,0.07021760819589365,0.3510880409794682,1790772696743,0.004645141385880001,False,HIST_TIME_FALLBACK,0.07021760819589365,0.3510880409794682,1790772696743,0.004645141385880001,0.0,1.0314628232737704,True,12.980136903496668,0.260483078179341
PAPER:MUBARAKUSDT:1790821799999:LONG,MUBARAKUSDT,LONG,0.54104,0.50-<1.00%,0.0243481910978829,0.121740955489414,1790822240429,0.060727852000000006,REDUCE25_FALLBACK,0.021692393174047912,0.10846196587023955,1790822240429,0.06071570642960001,True,V43_FULL_CLOSE,0.3045999893931126,1.522999946965563,1790822108584,0.060877822,1.4145379810953236,1.401258991476149,True,56.29897778225504,0.5245394228630795
PAPER:DRIFTUSDT:1790824499999:LONG,DRIFTUSDT,LONG,0.541403,0.50-<1.00%,-0.113480355230636,-0.567401776153183,1790824870044,0.01959608,HIST_TIME_FALLBACK,-0.15896144450538519,-0.7948072225269258,1790824870044,0.019592160783999998,False,HIST_TIME_FALLBACK,-0.15896144450538519,-0.7948072225269258,1790824870044,0.019592160783999998,0.0,-0.22740544637374283,False,-29.361020257624208,0.4903664494257942
PAPER:APRUSDT:1790772899999:LONG,APRUSDT,LONG,0.542592,0.50-<1.00%,-0.0695218492474999,-0.3476092462374999,1790773158944,0.12457508,REDUCE25_FALLBACK,-0.004235254077382489,-0.021176270386912444,1790773158944,0.12455016498400001,True,V43_FULL_CLOSE,0.1312117480041098,0.6560587400205491,1790773071828,0.12477504,0.6772350104074616,1.003667986258049,True,24.182396350132297,0.5425924461409881
PAPER:AVAAIUSDT:1790800199999:LONG,AVAAIUSDT,LONG,0.543474,0.50-<1.00%,-0.0620223647144808,-0.3101118235724039,1790800451257,0.0097740448,HIST_TIME_FALLBACK,-0.03597590045758783,-0.17987950228793914,1790800451257,0.00977208999104,False,HIST_TIME_FALLBACK,-0.03597590045758783,-0.17987950228793914,1790800451257,0.00977208999104,0.0,0.13023232128446477,False,-6.619617581998003,0.30784088084523376
PAPER:1000PEPEUSDT:1790774699999:LONG,1000PEPEUSDT,LONG,0.543906,0.50-<1.00%,-0.2901654699267222,-1.4508273496336113,1790774912436,0.0044751048,REDUCE25_FALLBACK,-0.3234864612662689,-1.6174323063313447,1790774912436,0.00447420977904,True,V43_FULL_CLOSE,0.25093322664580847,1.2546661332290423,1790774747066,0.0045045989,2.872098439560387,2.7054934828626536,True,46.135403295019444,0.5305325897836388
PAPER:METISUSDT:1790768399999:LONG,METISUSDT,LONG,0.545031,0.50-<1.00%,0.0328630325392399,0.164315162696199,1790768985513,3.3673264,REDUCE25_FALLBACK,-0.026711470191978948,-0.13355735095989474,1790768985513,3.3666529347200003,True,V43_FULL_CLOSE,0.28539807802865025,1.4269903901432515,1790768908380,3.3773244,1.560547741103146,1.2626752274470525,True,52.36364133941927,0.5450307915811248
PAPER:RUNEUSDT:1790787899999:LONG,RUNEUSDT,LONG,0.545975,0.50-<1.00%,-0.0486036594674534,-0.243018297337267,1790788181883,0.81363724,REDUCE25_FALLBACK,-0.0451704954124056,-0.225852477062028,1790788181883,0.8134745125520001,True,V43_FULL_CLOSE,0.31401123356427557,1.570056167821378,1790788058476,0.81653666,1.795908644883406,1.813074465158645,True,57.513848356477055,0.5213675453439981
PAPER:AVAAIUSDT:1790819399999:LONG,AVAAIUSDT,LONG,0.552136,0.50-<1.00%,-0.3941006505422669,-1.9705032527113344,1790822615217,0.009799039800000001,REDUCE25_FALLBACK,-0.031449882392427554,-0.15724941196213776,1790822615217,0.00979707999204,True,V43_FULL_CLOSE,0.269349939025074,1.34674969512537,1790822423744,0.0098290338,1.5039991070875076,3.317252947836704,True,48.7832597448951,0.5010524565841168
PAPER:PORTALUSDT:1790671499999:LONG,PORTALUSDT,LONG,0.553613,0.50-<1.00%,-0.476493958236469,-2.382469791182345,1790673859128,0.017406518,HIST_TIME_FALLBACK,-0.3245288728961101,-1.6226443644805504,1790673859128,0.0174030366964,False,HIST_TIME_FALLBACK,-0.3245288728961101,-1.6226443644805504,1790673859128,0.0174030366964,0.0,0.7598254267017945,False,-58.62016840213472,0.3241692453247458
PAPER:BIOUSDT:1790674199999:LONG,BIOUSDT,LONG,0.557552,0.50-<1.00%,-0.189962007598475,-0.949810037992377,1790674861169,0.03114377,HIST_TIME_FALLBACK,-0.2419881361805166,-1.209940680902583,1790674861169,0.031137541246000003,False,HIST_TIME_FALLBACK,-0.2419881361805166,-1.209940680902583,1790674861169,0.031137541246000003,0.0,-0.26013064291020604,False,-43.40189546096446,0.42920812499889216
PAPER:INITUSDT:1790777099999:LONG,INITUSDT,LONG,0.558252,0.50-<1.00%,-0.9002471929052086,-4.501235964526043,1790777228711,0.104699056,HIST_TIME_FALLBACK,-0.9200821434666215,-4.600410717333108,1790777228711,0.1046781161888,False,HIST_TIME_FALLBACK,-0.9200821434666215,-4.600410717333108,1790777228711,0.1046781161888,0.0,-0.09917475280706434,False,-164.81484051407278,-0.01051652758476962
PAPER:WLDUSDT:1790767499999:LONG,WLDUSDT,LONG,0.558369,0.50-<1.00%,-0.170701491209654,-0.853507456048269,1790767925918,0.51859626,REDUCE25_FALLBACK,-0.11827532862512061,-0.591376643125603,1790767925918,0.518492540748,True,V43_FULL_CLOSE,0.29155090212193585,1.4577545106096792,1790767872531,0.52099578,2.0491311537352823,2.3112619666579484,True,52.21473651329781,0.5005323655669969
PAPER:CVCUSDT:1790766599999:LONG,CVCUSDT,LONG,0.560159,0.50-<1.00%,-0.173861904762814,-0.86930952381407,1790766854291,0.030993800000000002,REDUCE25_FALLBACK,-0.16468484614648787,-0.8234242307324393,1790766854291,0.030987601240000003,True,V43_FULL_CLOSE,0.29304107747116204,1.4652053873558104,1790766737773,0.031163766,2.2886296180882497,2.3345149111698804,True,52.313910420284614,0.5601587612845016
PAPER:ZROUSDT:1790743199999:LONG,ZROUSDT,LONG,0.568153,0.50-<1.00%,-0.2330879347364265,-1.1654396736821324,1790744234485,1.8517295800000002,HIST_TIME_FALLBACK,-0.2530563171494818,-1.265281585747409,1790744234485,1.8513592340840002,False,HIST_TIME_FALLBACK,-0.2530563171494818,-1.265281585747409,1790744234485,1.8513592340840002,0.0,-0.09984191206527648,False,-44.54017089577663,0.4494443547471638
PAPER:LAUSDT:1790813099999:LONG,LAUSDT,LONG,0.568544,0.50-<1.00%,-0.0608930424970314,-0.304465212485157,1790813237394,0.069726052,HIST_TIME_FALLBACK,-0.08089586388853816,-0.4044793194426908,1790813237394,0.06971210678959999,False,HIST_TIME_FALLBACK,-0.08089586388853816,-0.4044793194426908,1790813237394,0.06971210678959999,0.0,-0.10001410695753377,False,-14.228602164219154,0.41064292525558876
PAPER:BLESSUSDT:1790779199999:LONG,BLESSUSDT,LONG,0.571736,0.50-<1.00%,0.060148490447606,0.30074245223803,1790779291070,0.0088142368,HIST_TIME_FALLBACK,0.1310525429118587,0.6552627145592935,1790779291070,0.00881247395264,False,HIST_TIME_FALLBACK,0.1310525429118587,0.6552627145592935,1790779291070,0.00881247395264,0.0,0.35452026232126355,True,22.921863047255847,0.366905904045689
PAPER:1000RATSUSDT:1790783999999:LONG,1000RATSUSDT,LONG,0.572364,0.50-<1.00%,0.0673410269002502,0.3367051345012511,1790784136399,0.038912216000000006,HIST_TIME_FALLBACK,0.04731255869486423,0.2365627934743212,1790784136399,0.038904433556800004,False,HIST_TIME_FALLBACK,0.04731255869486423,0.2365627934743212,1790784136399,0.038904433556800004,0.0,-0.10014234102692993,True,8.26616605776468,0.13453259888980273
PAPER:SOMIUSDT:1790767499999:LONG,SOMIUSDT,LONG,0.576763,0.50-<1.00%,-0.7402927954353988,-3.701463977176994,1790767852598,0.21655668,HIST_TIME_FALLBACK,-0.7601597368763099,-3.8007986843815496,1790767852598,0.216513368664,False,HIST_TIME_FALLBACK,-0.7601597368763099,-3.8007986843815496,1790767852598,0.216513368664,0.0,-0.09933470720455562,False,-131.79759049667018,0.48495351434765244
PAPER:TNSRUSDT:1790663099999:LONG,TNSRUSDT,LONG,0.590258,0.50-<1.00%,-0.0375433331441523,-0.1877166657207618,1790663264725,0.039352128,HIST_TIME_FALLBACK,-0.10834688805066246,-0.5417344402533123,1790663264725,0.0393442575744,False,HIST_TIME_FALLBACK,-0.10834688805066246,-0.5417344402533123,1790663264725,0.0393442575744,0.0,-0.3540177745325505,False,-18.355852534088903,0.25970390865877047
PAPER:SENTUSDT:1790679299999:LONG,SENTUSDT,LONG,0.593958,0.50-<1.00%,-0.1427796561613535,-0.7138982808067675,1790680171230,0.021175764,REDUCE25_FALLBACK,-0.1577694892129296,-0.7888474460646481,1790680171230,0.0211715288472,True,V43_FULL_CLOSE,0.32904385820993143,1.6452192910496573,1790680087552,0.021275744,2.434066737114305,2.359117571856425,True,55.398505990311,0.546730521633032
PAPER:KMNOUSDT:1790772299999:LONG,KMNOUSDT,LONG,0.596601,0.50-<1.00%,-0.1101087337352,-0.550543668676004,1790773304718,0.04379124,REDUCE25_FALLBACK,-0.11939452872444198,-0.5969726436222099,1790773304718,0.043782481752,True,V43_FULL_CLOSE,0.3576032988925225,1.7880164944626125,1790772953813,0.044011195999999995,2.3849891380848223,2.3385601631386166,True,59.9401105416388,0.5737637305796239
PAPER:DUSKUSDT:1790824499999:LONG,DUSKUSDT,LONG,0.597505,0.50-<1.00%,-0.0797987364035955,-0.398993682017977,1790825164603,0.09076184400000001,REDUCE25_FALLBACK,-0.04798027878436956,-0.23990139392184778,1790825164603,0.09074369163120001,True,V43_FULL_CLOSE,0.2947563856590044,1.473781928295022,1790824739262,0.091091778,1.7136833222168697,1.872775610312999,True,49.331199849207024,0.5533976473702573
PAPER:XTZUSDT:1790679299999:LONG,XTZUSDT,LONG,0.600998,0.50-<1.00%,-0.0658812150613399,-0.3294060753066998,1790679819297,0.32243550000000004,REDUCE25_FALLBACK,-0.08864228544237047,-0.4432114272118524,1790679819297,0.32237101290000003,True,V43_FULL_CLOSE,0.30636116255008383,1.531805812750419,1790679722912,0.32353528,1.9750172399622714,1.861211888057119,True,50.975404668581895,0.5078487408108234
PAPER:BLURUSDT:1790759099999:LONG,BLURUSDT,LONG,0.60548,0.50-<1.00%,0.0503773523447456,0.251886761723728,1790759422200,0.020805838,REDUCE25_FALLBACK,-0.09681368186527162,-0.4840684093263581,1790759422200,0.0208016768324,True,V43_FULL_CLOSE,0.29071671228797114,1.4535835614398556,1790759221726,0.020875824,1.9376519707662136,1.2016967997161276,True,48.01425518398149,0.5573668711878366
PAPER:WLDUSDT:1790769599999:LONG,WLDUSDT,LONG,0.607996,0.50-<1.00%,-0.4113956776351983,-2.056978388175992,1790769680227,0.53999198,HIST_TIME_FALLBACK,-0.4313283984996627,-2.1566419924983133,1790769680227,0.5398839816040001,False,HIST_TIME_FALLBACK,-0.4313283984996627,-2.1566419924983133,1790769680227,0.5398839816040001,0.0,-0.09966360432232113,False,-70.94263753374409,0.3494109971650561
PAPER:ROSEUSDT:1790676599999:LONG,ROSEUSDT,LONG,0.610864,0.50-<1.00%,0.0238763835965467,0.119381917982733,1790677246638,0.00889822,REDUCE25_FALLBACK,0.059497357708768954,0.29748678854384475,1790677246638,0.008896440356,True,V43_FULL_CLOSE,0.3502612964731182,1.7513064823655908,1790677008791,0.0089212154,1.453819693821746,1.631924564382858,True,57.3386705507475,0.5770676850545664
PAPER:ESPORTSUSDT:1790679899999:LONG,ESPORTSUSDT,LONG,0.611077,0.50-<1.00%,-0.280029670350861,-1.4001483517543,1790680037614,0.011077784,HIST_TIME_FALLBACK,-0.299988664416792,-1.49994332208396,1790680037614,0.0110755684432,False,HIST_TIME_FALLBACK,-0.299988664416792,-1.49994332208396,1790680037614,0.0110755684432,0.0,-0.0997949703296599,False,-49.09179439199839,0.16031058891918804
PAPER:BABYUSDT:1790753999999:LONG,BABYUSDT,LONG,0.612344,0.50-<1.00%,0.0557144737602131,0.278572368801065,1790754230582,0.014277144,REDUCE25_FALLBACK,0.07577571329515723,0.37887856647578616,1790754230582,0.0142742885712,True,V43_FULL_CLOSE,0.3013909551188933,1.5069547755944666,1790754178589,0.01429714,1.1280762091186805,1.2283824067934015,True,49.21922238462258,0.6123441509870986
PAPER:PUMPUSDT:1790667599999:LONG,PUMPUSDT,LONG,0.615681,0.50-<1.00%,-0.0907318883928209,-0.4536594419641048,1790667684561,0.0050339930000000005,HIST_TIME_FALLBACK,-0.17025490592422696,-0.8512745296211348,1790667684561,0.0050329862014000006,False,HIST_TIME_FALLBACK,-0.17025490592422696,-0.8512745296211348,1790667684561,0.0050329862014000006,0.0,-0.39761508765703,False,-27.65310378657567,0.23824760182078464
PAPER:币安人生USDT:1790762999999:LONG,币安人生USDT,LONG,0.621151,0.50-<1.00%,-0.3064233810835771,-1.5321169054178856,1790763027149,0.5138972,HIST_TIME_FALLBACK,-0.32637709640736695,-1.6318854820368347,1790763027149,0.51379442056,False,HIST_TIME_FALLBACK,-0.32637709640736695,-1.6318854820368347,1790763027149,0.51379442056,0.0,-0.09976857661894911,False,-52.54392191389323,-0.05885336729777313
PAPER:SPKUSDT:1790780699999:LONG,SPKUSDT,LONG,0.62193,0.50-<1.00%,-0.3903734000390886,-1.9518670001954437,1790780801365,0.024865026000000002,HIST_TIME_FALLBACK,-0.410310325359075,-2.051551626795375,1790780801365,0.024860052994800003,False,HIST_TIME_FALLBACK,-0.410310325359075,-2.051551626795375,1790780801365,0.024860052994800003,0.0,-0.09968462659993138,False,-65.97371494526314,-0.22059793498764302
PAPER:EDENUSDT:1790681699999:LONG,EDENUSDT,LONG,0.622106,0.50-<1.00%,-0.377715838411244,-1.8885791920562205,1790681902386,0.063707256,HIST_TIME_FALLBACK,-0.397655295243569,-1.988276476217845,1790681902386,0.0636945145488,False,HIST_TIME_FALLBACK,-0.397655295243569,-1.988276476217845,1790681902386,0.0636945145488,0.0,-0.0996972841616246,False,-63.920826232759204,0.43417381686572387
PAPER:FLUXUSDT:1790744699999:LONG,FLUXUSDT,LONG,0.623048,0.50-<1.00%,-0.0695057109441148,-0.3475285547205741,1790744903943,0.07470505599999999,HIST_TIME_FALLBACK,-0.08950680980193094,-0.4475340490096547,1790744903943,0.07469011498879999,False,HIST_TIME_FALLBACK,-0.08950680980193094,-0.4475340490096547,1790744903943,0.07469011498879999,0.0,-0.10000549428908062,False,-14.365957326230234,0.3685099774899614
PAPER:ESPUSDT:1790824199999:LONG,ESPUSDT,LONG,0.624626,0.50-<1.00%,-0.0765799721003716,-0.382899860501858,1790824295235,0.11011797200000001,HIST_TIME_FALLBACK,-0.19180151774238346,-0.9590075887119173,1790824295235,0.11009594840560001,False,HIST_TIME_FALLBACK,-0.19180151774238346,-0.9590075887119173,1790824295235,0.11009594840560001,0.0,-0.5761077282100593,False,-30.70661767880035,0.2977755338870569
PAPER:NEARUSDT:1790785799999:LONG,NEARUSDT,LONG,0.628623,0.50-<1.00%,0.0322104587423788,0.161052293711894,1790786232685,5.405918600000001,REDUCE25_FALLBACK,0.04033734241740067,0.20168671208700334,1790786232685,5.40483741628,True,V43_FULL_CLOSE,0.3469547860585598,1.7347739302927987,1790786098609,5.4229152,1.5330872182057953,1.5737216365809048,True,55.19282400716484,0.5730271925225683
PAPER:哈基米USDT:1790669699999:LONG,哈基米USDT,LONG,0.628675,0.50-<1.00%,-0.0913449037978074,-0.4567245189890372,1790670087375,0.035482902000000004,REDUCE25_FALLBACK,-0.0429478556997273,-0.2147392784986365,1790670087375,0.03547580541960001,True,V43_FULL_CLOSE,0.14815377686096443,0.7407688843048221,1790669755013,0.035562885999999995,0.9555081628034586,1.1974934032938593,True,23.566036006038804,0.6850816014512207
PAPER:AIOTUSDT:1790687399999:LONG,AIOTUSDT,LONG,0.632189,0.50-<1.00%,-0.2388294430155086,-1.194147215077543,1790687455338,0.061277741999999996,HIST_TIME_FALLBACK,-0.25879667712690835,-1.2939833856345415,1790687455338,0.061265486451599994,False,HIST_TIME_FALLBACK,-0.25879667712690835,-1.2939833856345415,1790687455338,0.061265486451599994,0.0,-0.09983617055699856,False,-40.9365992016483,-0.003691368706026932
PAPER:NEARUSDT:1790786699999:LONG,NEARUSDT,LONG,0.637767,0.50-<1.00%,-0.0530581726308292,-0.2652908631541462,1790787123014,5.468906,HIST_TIME_FALLBACK,-0.24643940298380607,-1.2321970149190304,1790787123014,5.4678122188,False,HIST_TIME_FALLBACK,-0.24643940298380607,-1.2321970149190304,1790787123014,5.4678122188,0.0,-0.9669061517648843,False,-38.64097750178452,0.45505518779285214
PAPER:PLUMEUSDT:1790671799999:LONG,PLUMEUSDT,LONG,0.639938,0.50-<1.00%,-0.0251352122314848,-0.125676061157424,1790673260752,0.018206358000000002,REDUCE25_FALLBACK,0.0010640068921053958,0.005320034460526979,1790673260752,0.018202716728400004,True,V43_FULL_CLOSE,0.2495761133801601,1.2478805669008004,1790672249206,0.018256348,1.2425605324402733,1.3735566280582243,True,39.00004584509126,0.5299490156974063
PAPER:BLESSUSDT:1790687099999:LONG,BLESSUSDT,LONG,0.642971,0.50-<1.00%,-0.166722119745418,-0.833610598727093,1790687629203,0.008588282000000001,REDUCE25_FALLBACK,-0.24850909507225621,-1.242545475361281,1790687629203,0.0085865643436,True,V43_FULL_CLOSE,0.2051160859033477,1.0255804295167386,1790687480690,0.008628274,2.2681259048780196,1.8591910282438315,True,31.901296621985708,0.5382915971482438
PAPER:PHAUSDT:1790746799999:LONG,PHAUSDT,LONG,0.644188,0.50-<1.00%,-0.176420109822922,-0.882100549114611,1790747007760,0.07375524600000001,REDUCE25_FALLBACK,-0.19479037125033213,-0.9739518562516606,1790747007760,0.07374049495080001,True,V43_FULL_CLOSE,0.21629492566779335,1.0814746283389667,1790746975581,0.074045188,2.0554264845906274,1.9635751774535777,True,33.576366785440484,0.5764140013645891
PAPER:TRBUSDT:1790792999999:LONG,TRBUSDT,LONG,0.646505,0.50-<1.00%,-0.257513842383926,-1.2875692119196298,1790793200395,20.6828626,REDUCE25_FALLBACK,-0.18080897524159928,-0.9040448762079965,1790793200395,20.67872602748,True,V43_FULL_CLOSE,0.3215018843484998,1.607509421742499,1790793069227,20.802838599999998,2.5115542979504957,2.895078633662129,True,49.729218544094756,0.5112730412711874
PAPER:AKEUSDT:1790805599999:LONG,AKEUSDT,LONG,0.649908,0.50-<1.00%,-0.3635927626421559,-1.81796381321078,1790805674144,0.031578683,HIST_TIME_FALLBACK,-0.3835350440896151,-1.9176752204480754,1790805674144,0.03157236726340001,False,HIST_TIME_FALLBACK,-0.3835350440896151,-1.9176752204480754,1790805674144,0.03157236726340001,0.0,-0.09971140723729532,False,-59.01374411295368,-0.0737147134416416
PAPER:NOMUSDT:1790763899999:LONG,NOMUSDT,LONG,0.655545,0.50-<1.00%,-0.122472117063083,-0.612360585315419,1790763942674,0.0022215556000000003,HIST_TIME_FALLBACK,-0.11997049178722885,-0.5998524589361443,1790763942674,0.0022211112888800002,False,HIST_TIME_FALLBACK,-0.11997049178722885,-0.5998524589361443,1790763942674,0.0022211112888800002,0.0,0.012508126379274787,False,-18.300878168124058,0.1601481505500546
PAPER:AVAUSDT:1790823899999:LONG,AVAUSDT,LONG,0.66123,0.50-<1.00%,-0.149927924234785,-0.749639621173929,1790824996428,0.24955008,REDUCE25_FALLBACK,-0.1749252058870705,-0.8746260294353525,1790824996428,0.24950016998400001,True,V43_FULL_CLOSE,0.2904469927657799,1.4522349638288996,1790824412413,0.25064986,2.326860993264252,2.2018745850028285,True,43.92525940531735,0.5009418957891976
PAPER:YBUSDT:1790676299999:LONG,YBUSDT,LONG,0.663212,0.50-<1.00%,-0.242021617392994,-1.21010808696497,1790676525209,0.08618276,HIST_TIME_FALLBACK,-0.37186985302267206,-1.85934926511336,1790676525209,0.086165523448,False,HIST_TIME_FALLBACK,-0.37186985302267206,-1.85934926511336,1790676525209,0.086165523448,0.0,-0.64924117814839,False,-56.0710380726935,0.4316162479804264
PAPER:MONUSDT:1790791199999:LONG,MONUSDT,LONG,0.667624,0.50-<1.00%,-0.138439463929772,-0.692197319648863,1790791297061,0.029064186,HIST_TIME_FALLBACK,-0.24428050797027445,-1.2214025398513721,1790791297061,0.0290583731628,False,HIST_TIME_FALLBACK,-0.24428050797027445,-1.2214025398513721,1790791297061,0.0290583731628,0.0,-0.5292052202025092,False,-36.5895336252553,0.22067113399877325
PAPER:COOKIEUSDT:1790754599999:LONG,COOKIEUSDT,LONG,0.668892,0.50-<1.00%,-0.2148379094727192,-1.0741895473635965,1790754967834,0.0120405914,REDUCE25_FALLBACK,-0.14897025269498262,-0.7448512634749132,1790754967834,0.01203818328172,True,V43_FULL_CLOSE,0.29097209530368284,1.4548604765184143,1790754805893,0.0121015792,2.1997117399933277,2.529050023882011,True,43.500609261836416,0.6190925188696461
PAPER:VTHOUSDT:1790668799999:LONG,VTHOUSDT,LONG,0.674611,0.50-<1.00%,-0.1465903020003907,-0.7329515100019537,1790669131729,0.00069106176,REDUCE25_FALLBACK,-0.0965220050579561,-0.48261002528978053,1790669131729,0.0006909235476479999,True,V43_FULL_CLOSE,0.4461563411735174,2.230781705867587,1790669003868,0.00069516094,2.7133917311573676,2.9637332158695404,True,66.13534928625792,0.6456691003672299
PAPER:JASMYUSDT:1790678099999:LONG,JASMYUSDT,LONG,0.675114,0.50-<1.00%,-0.2285425552973682,-1.1427127764868412,1790678164675,0.0051749648,HIST_TIME_FALLBACK,-0.24851184678631388,-1.2425592339315694,1790678164675,0.00517392980704,False,HIST_TIME_FALLBACK,-0.24851184678631388,-1.2425592339315694,1790678164675,0.00517392980704,0.0,-0.0998464574447282,False,-36.8103530346451,-0.03930461493641957
PAPER:XLMUSDT:1790816999999:LONG,XLMUSDT,LONG,0.676972,0.50-<1.00%,-0.0507008880552131,-0.2535044402760659,1790818146715,0.229864018,REDUCE25_FALLBACK,0.019153142294180744,0.09576571147090371,1790818146715,0.2298180451964,True,V43_FULL_CLOSE,0.3757862905460136,1.878931452730068,1790817402358,0.230773836,1.7831657412591644,2.132435893006134,True,55.50987198082248,0.6290550882503965
PAPER:CAPUSDT:1790779199999:LONG,CAPUSDT,LONG,0.678622,0.50-<1.00%,-0.104656462729184,-0.523282313645922,1790779908973,0.06443710999999999,REDUCE25_FALLBACK,-0.08475312810127023,-0.4237656405063511,1790779908973,0.064424222578,True,V43_FULL_CLOSE,0.18228037001297853,0.9114018500648926,1790779494908,0.06462707200000001,1.3351674905712438,1.4346841637108145,True,26.86036851339605,0.5233735861523536
PAPER:LSKUSDT:1790669399999:LONG,LSKUSDT,LONG,0.682978,0.50-<1.00%,-0.23918909295418,-1.1959454647709,1790669687654,0.304129162,REDUCE25_FALLBACK,-0.16227292071788482,-0.8113646035894242,1790669687654,0.30406833616760004,True,V43_FULL_CLOSE,0.32199968010078633,1.6099984005039318,1790669569184,0.30585881600000003,2.4213630040933563,2.805943865274832,True,47.14642054367584,0.5088770654332775
PAPER:LDOUSDT:1790760599999:LONG,LDOUSDT,LONG,0.683943,0.50-<1.00%,-0.0761977274249081,-0.3809886371245405,1790761283307,0.4834033,REDUCE25_FALLBACK,-0.03431695901009832,-0.17158479505049157,1790761283307,0.48330661933999997,True,V43_FULL_CLOSE,0.3271483568268781,1.6357417841343906,1790760767819,0.48530292,1.8073265791848823,2.016730421258931,True,47.832693196198825,0.5183100882411917
PAPER:PARTIUSDT:1790762399999:LONG,PARTIUSDT,LONG,0.687498,0.50-<1.00%,-0.2271631390667836,-1.1358156953339185,1790762782871,0.026834632,REDUCE25_FALLBACK,-0.21423946599468704,-1.0711973299734352,1790762782871,0.026829265073600003,True,V43_FULL_CLOSE,0.1820493070845825,0.9102465354229125,1790762487479,0.02694461,1.9814438653963475,2.046062230756831,True,26.479976244961072,0.5013150070172223
PAPER:JASMYUSDT:1790664299999:LONG,JASMYUSDT,LONG,0.687996,0.50-<1.00%,-0.285545776012246,-1.42772888006123,1790664371037,0.005218956,HIST_TIME_FALLBACK,-0.3055036668570373,-1.5275183342851864,1790664371037,0.005217912208800001,False,HIST_TIME_FALLBACK,-0.3055036668570373,-1.5275183342851864,1790664371037,0.005217912208800001,0.0,-0.09978945422395635,False,-44.40486090864442,0.47751215307179073
PAPER:IOSTUSDT:1790817899999:LONG,IOSTUSDT,LONG,0.688532,0.50-<1.00%,-0.1014800782507595,-0.5074003912537979,1790818294350,0.0009037192200000001,REDUCE25_FALLBACK,-0.07223514156516496,-0.3611757078258248,1790818294350,0.0009035384761560001,True,V43_FULL_CLOSE,0.3519898096562623,1.7599490482813116,1790818172441,0.0009078183999999999,2.1211247561071365,2.2673494395351095,True,51.121779329974835,0.5556833489906987
PAPER:AUSDT:1790798699999:LONG,AUSDT,LONG,0.691862,0.50-<1.00%,-0.0405106557369663,-0.202553278684831,1790798905780,0.096990598,HIST_TIME_FALLBACK,-0.10688973134100613,-0.5344486567050306,1790798905780,0.0969711998804,False,HIST_TIME_FALLBACK,-0.10688973134100613,-0.5344486567050306,1790798905780,0.0969711998804,0.0,-0.33189537802019964,False,-15.44957395275447,0.22760693965839796
PAPER:SUSDT:1790807699999:LONG,SUSDT,LONG,0.694499,0.50-<1.00%,-0.1407333047929599,-0.7036665239647998,1790808541232,0.040581882,REDUCE25_FALLBACK,-0.10033746198831703,-0.5016873099415852,1790808541232,0.0405737656236,True,V43_FULL_CLOSE,0.277710669053976,1.38855334526988,1790808227837,0.040761846000000004,1.890240655211465,2.09221986923468,True,39.987194949737294,0.5466723313789723
PAPER:NOMUSDT:1790806199999:LONG,NOMUSDT,LONG,0.70388,0.50-<1.00%,-0.5302858167719039,-2.65142908385952,1790806333023,0.002339532,REDUCE25_FALLBACK,-0.4175960954593483,-2.0879804772967416,1790806333023,0.0023390640936000002,True,V43_FULL_CLOSE,0.36306418230833204,1.8153209115416602,1790806272590,0.0023605277999999997,3.903301388838402,4.46674999540118,True,51.58040892031767,0.6187178237265778
PAPER:XANUSDT:1790742299999:LONG,XANUSDT,LONG,0.70658,0.50-<1.00%,-0.1740084797287404,-0.870042398643702,1790742444504,0.012521495200000001,HIST_TIME_FALLBACK,-0.19398867803279268,-0.9699433901639634,1790742444504,0.012518990900960002,False,HIST_TIME_FALLBACK,-0.19398867803279268,-0.9699433901639634,1790742444504,0.012518990900960002,0.0,-0.09990099152026133,False,-27.454595096491932,0.051863130009355274
PAPER:ICPUSDT:1790667899999:LONG,ICPUSDT,LONG,0.717973,0.50-<1.00%,-0.9567204923349476,-4.783602461674739,1790670508677,3.3873224,REDUCE25_FALLBACK,-0.1164770540497678,-0.582385270248839,1790670508677,3.38664493552,True,V43_FULL_CLOSE,0.31138007857536976,1.5569003928768486,1790670344073,3.4033192,2.139285663125688,6.340502854551588,True,43.36932984602064,0.5113414872384148
PAPER:HANAUSDT:1790677499999:LONG,HANAUSDT,LONG,0.722797,0.50-<1.00%,-0.2641708025408257,-1.3208540127041288,1790677568698,0.01344731,HIST_TIME_FALLBACK,-0.28413296838031155,-1.4206648419015577,1790677568698,0.013444620538000001,False,HIST_TIME_FALLBACK,-0.28413296838031155,-1.4206648419015577,1790677568698,0.013444620538000001,0.0,-0.0998108291974289,False,-39.31020305567283,-0.09427534998200926
PAPER:KSMUSDT:1790742299999:LONG,KSMUSDT,LONG,0.724078,0.50-<1.00%,-0.4247094529390167,-2.1235472646950835,1790742374127,5.0929812000000005,HIST_TIME_FALLBACK,-0.44463951104842464,-2.2231975552421233,1790742374127,5.091962603760001,False,HIST_TIME_FALLBACK,-0.44463951104842464,-2.2231975552421233,1790742374127,5.091962603760001,0.0,-0.09965029054703978,False,-61.40768136145894,-0.13748131689761411
PAPER:RAREUSDT:1790669999999:LONG,RAREUSDT,LONG,0.729134,0.50-<1.00%,-0.0172501263436086,-0.086250631718043,1790670193565,0.017366526,REDUCE25_FALLBACK,-0.08982078031555026,-0.44910390157775126,1790670193565,0.0173630526948,True,V43_FULL_CLOSE,0.4433148903360523,2.2165744516802617,1790670077877,0.017456508,2.665678353258013,2.3028250833983046,True,60.80019452337325,0.6715083496269036
PAPER:LDOUSDT:1790741099999:LONG,LDOUSDT,LONG,0.734887,0.50-<1.00%,-0.0642677483798501,-0.3213387418992507,1790742757073,0.47710456,REDUCE25_FALLBACK,-0.058314030301526154,-0.29157015150763077,1790742757073,0.477009139088,True,V43_FULL_CLOSE,0.3756621588853389,1.8783107944266946,1790742407740,0.4794041,2.1698809459343256,2.1996495363259454,True,51.11835682021031,0.5671348951686195
PAPER:ENAUSDT:1790756699999:LONG,ENAUSDT,LONG,0.737458,0.50-<1.00%,-0.3988523131501875,-1.994261565750938,1790757012885,0.25284942000000005,REDUCE25_FALLBACK,-0.2866959550382495,-1.4334797751912476,1790757012885,0.25279885011600006,True,V43_FULL_CLOSE,0.37364768473917664,1.8682384236958833,1790756841397,0.254809028,3.301718198887131,3.862499989446821,True,50.66697828746541,0.5875453564142319
PAPER:PENDLEUSDT:1790817899999:LONG,PENDLEUSDT,LONG,0.738276,0.50-<1.00%,0.0066702318080142,0.033351159040071,1790818350179,2.41641662,REDUCE25_FALLBACK,0.016500394909206614,0.08250197454603309,1790818350179,2.4159333366760003,True,V43_FULL_CLOSE,0.21158172340002734,1.0579086170001368,1790818036239,2.42211548,0.9754066424541037,1.0245574579600658,True,28.658892257099964,0.5601026588996083
PAPER:RAREUSDT:1790814899999:LONG,RAREUSDT,LONG,0.738755,0.50-<1.00%,0.189053022728792,0.945265113643961,1790815929115,0.017166566,REDUCE25_FALLBACK,0.028260269362794126,0.14130134681397064,1790815929115,0.0171631326868,True,V43_FULL_CLOSE,0.45144804372457975,2.257240218622899,1790815204834,0.017236552,2.115938871808928,1.3119751049789379,True,61.1093046713159,0.680389316182306
PAPER:SPXUSDT:1790772899999:LONG,SPXUSDT,LONG,0.74648,0.50-<1.00%,-0.1223960292496169,-0.6119801462480849,1790772965357,0.44401118,HIST_TIME_FALLBACK,-0.07483408489057396,-0.3741704244528698,1790772965357,0.443922377764,False,HIST_TIME_FALLBACK,-0.07483408489057396,-0.3741704244528698,1790772965357,0.443922377764,0.0,0.23780972179521515,False,-10.02492831563792,0.0701776217473471
PAPER:APRUSDT:1790665499999:LONG,APRUSDT,LONG,0.750398,0.50-<1.00%,-0.18996200759848,-0.949810037992401,1790665630245,0.11677664,HIST_TIME_FALLBACK,-0.20993901519695293,-1.0496950759847647,1790665630245,0.11675328467200001,False,HIST_TIME_FALLBACK,-0.20993901519695293,-1.0496950759847647,1790665630245,0.11675328467200001,0.0,-0.0998850379923637,False,-27.977022219802414,0.06560331769263072
PAPER:REZUSDT:1790796899999:LONG,REZUSDT,LONG,0.751809,0.50-<1.00%,-0.2733211046086222,-1.3666055230431111,1790797171101,0.0047880422,REDUCE25_FALLBACK,-0.2674515821903941,-1.3372579109519707,1790797171101,0.00478708459156,True,V43_FULL_CLOSE,0.3518721229674398,1.759360614837199,1790797133998,0.0048180362000000004,3.09661852578917,3.12596613788031,True,46.8033932777394,0.5432128679625947
PAPER:SUIUSDT:1790815199999:LONG,SUIUSDT,LONG,0.757029,0.50-<1.00%,-0.0108189725109096,-0.054094862554548,1790816065034,1.1724654600000002,REDUCE25_FALLBACK,0.02109365306580512,0.10546826532902559,1790816065034,1.1722309669080002,True,V43_FULL_CLOSE,0.3389364769457949,1.6946823847289743,1790815483319,1.1768645800000002,1.5892141193999487,1.7487772472835224,True,44.77192775254249,0.5435602605330825
PAPER:NEARUSDT:1790823299999:LONG,NEARUSDT,LONG,0.757689,0.50-<1.00%,-0.104687359340875,-0.523436796704375,1790823824111,5.2719454,REDUCE25_FALLBACK,-0.06756351496997579,-0.3378175748498789,1790823824111,5.27089101092,True,V43_FULL_CLOSE,0.3785356474522052,1.892678237261026,1790823670907,5.299939800000001,2.230495812110905,2.416115033965401,True,49.95923755686108,0.5680100936746868
PAPER:ATHUSDT:1790771699999:LONG,ATHUSDT,LONG,0.758943,0.50-<1.00%,-0.0197310550063209,-0.0986552750316049,1790772466242,0.0061697658,REDUCE25_FALLBACK,0.013899285613638923,0.06949642806819462,1790772466242,0.006168531846840001,True,V43_FULL_CLOSE,0.3936869727174625,1.9684348635873123,1790772296760,0.0061957606,1.8989384355191177,2.067090138618917,True,51.873061971381574,0.596663657042984
PAPER:MEWUSDT:1790823299999:LONG,MEWUSDT,LONG,0.76125,0.50-<1.00%,-0.0826426661336938,-0.413213330668469,1790823876329,0.0005125974600000001,REDUCE25_FALLBACK,0.019426808272711326,0.09713404136355663,1790823876329,0.0005124949405080001,True,V43_FULL_CLOSE,0.29785318087778934,1.4892659043889467,1790823605615,0.00051429712,1.39213186302539,1.9024792350574158,True,39.126854630908284,0.6050010939402162
PAPER:PUMPUSDT:1790665799999:LONG,PUMPUSDT,LONG,0.761881,0.50-<1.00%,-0.0798020499168725,-0.399010249584362,1790666322988,0.0049850028,REDUCE25_FALLBACK,-0.14986178009405582,-0.7493089004702791,1790666322988,0.00498400579944,True,V43_FULL_CLOSE,0.47099773849120624,2.3549886924560313,1790666020727,0.005018996,3.1042975929263106,2.7539989420403934,True,61.820381200109495,0.6816884066539464
PAPER:OGNUSDT:1790687099999:LONG,OGNUSDT,LONG,0.764545,0.50-<1.00%,-0.0430002057459942,-0.215001028729971,1790688728563,0.020425914,REDUCE25_FALLBACK,-0.009025086521064232,-0.04512543260532116,1790688728563,0.0204218288172,True,V43_FULL_CLOSE,0.29991066524311993,1.4995533262155996,1790687882853,0.020485902,1.5446787588209208,1.7145543549455706,True,39.22733982213211,0.519376262069815
PAPER:IOTXUSDT:1790669699999:LONG,IOTXUSDT,LONG,0.771171,0.50-<1.00%,0.0149604032886384,0.0748020164431922,1790671055154,0.0034183162000000003,REDUCE25_FALLBACK,0.043858854418242936,0.21929427209121466,1790671055154,0.0034176325367600005,True,V43_FULL_CLOSE,0.3662559648093913,1.8312798240469568,1790670115899,0.0034303138,1.6119855519557422,1.7564778076037646,True,47.49348261402351,0.6246581867682677
PAPER:STXUSDT:1790799899999:LONG,STXUSDT,LONG,0.775019,0.50-<1.00%,-0.2995151065756098,-1.4975755328780491,1790800150841,0.36422714,HIST_TIME_FALLBACK,-0.31947020355429806,-1.5973510177714902,1790800150841,0.364154294572,False,HIST_TIME_FALLBACK,-0.31947020355429806,-1.5973510177714902,1790800150841,0.364154294572,0.0,-0.09977548489344112,False,-41.22095117078395,0.44604734112130284
PAPER:LDOUSDT:1790770799999:LONG,LDOUSDT,LONG,0.776739,0.50-<1.00%,-0.006274769770191,-0.031373848850955,1790771804012,0.49030192,REDUCE25_FALLBACK,0.03994093926740025,0.19970469633700122,1790771804012,0.490203859616,True,V43_FULL_CLOSE,0.1365930818740222,0.6829654093701111,1790771501673,0.4909018,0.48326071303310986,0.714339258221066,True,17.585454299838453,0.5111605386319606
PAPER:ESPORTSUSDT:1790759699999:LONG,ESPORTSUSDT,LONG,0.779134,0.50-<1.00%,-0.278669856614818,-1.39334928307409,1790759769287,0.011247749999999999,HIST_TIME_FALLBACK,-0.29862912264349334,-1.4931456132174667,1790759769287,0.01124550045,False,HIST_TIME_FALLBACK,-0.29862912264349334,-1.4931456132174667,1790759769287,0.01124550045,0.0,-0.09979633014337685,False,-38.32833923862819,0.15758837575292617
PAPER:ENAUSDT:1790774099999:LONG,ENAUSDT,LONG,0.782532,0.50-<1.00%,-0.156399739839212,-0.78199869919606,1790774950999,0.267816426,REDUCE25_FALLBACK,-0.10052993789969622,-0.5026496894984811,1790774950999,0.2677628627148,True,V43_FULL_CLOSE,0.41788795293023534,2.0894397646511766,1790774538137,0.269426104,2.592089454149658,2.8714384638472366,True,53.402027384213724,0.614560679426579
PAPER:SAGAUSDT:1790742899999:LONG,SAGAUSDT,LONG,0.785058,0.50-<1.00%,0.0206851200695534,0.1034256003477671,1790743044028,0.026134772,HIST_TIME_FALLBACK,0.019811891976674247,0.09905945988337123,1790743044028,0.0261295450456,False,HIST_TIME_FALLBACK,0.019811891976674247,0.09905945988337123,1790743044028,0.0261295450456,0.0,-0.0043661404643958734,True,2.5236214364638343,0.21001934582409731
PAPER:SOLVUSDT:1790774099999:LONG,SOLVUSDT,LONG,0.786868,0.50-<1.00%,-0.0714181694873766,-0.357090847436883,1790774187771,0.004217156400000001,HIST_TIME_FALLBACK,-0.09141888585347757,-0.4570944292673879,1790774187771,0.004216312968720001,False,HIST_TIME_FALLBACK,-0.09141888585347757,-0.4570944292673879,1790774187771,0.004216312968720001,0.0,-0.1000035818305049,False,-11.61807137327704,0.0986605432296006
PAPER:PUMPUSDT:1790787899999:LONG,PUMPUSDT,LONG,0.789559,0.50-<1.00%,-0.0972886423896106,-0.486443211948053,1790787988401,0.0059378122,HIST_TIME_FALLBACK,-0.024629354125295756,-0.12314677062647877,1790787988401,0.00593662463756,False,HIST_TIME_FALLBACK,-0.024629354125295756,-0.12314677062647877,1790787988401,0.00593662463756,0.0,0.36329644132157424,False,-3.1193810880878763,0.23298983927910744
PAPER:FLOCKUSDT:1790773199999:LONG,FLOCKUSDT,LONG,0.795292,0.50-<1.00%,0.095832092522848,0.47916046261424,1790774011630,0.07002599200000001,REDUCE25_FALLBACK,-0.012063754095955071,-0.06031877047977535,1790774011630,0.0700119868016,True,V43_FULL_CLOSE,0.28159825760169355,1.4079912880084677,1790773403771,0.070215954,1.4683100584882431,0.9288308253942277,True,35.40815921720495,0.5235290567065398
PAPER:AKTUSDT:1790741999999:LONG,AKTUSDT,LONG,0.805293,0.50-<1.00%,-0.115007003852126,-0.575035019260631,1790744289214,0.66716654,REDUCE25_FALLBACK,0.0311410120025692,0.155705060012846,1790744289214,0.667033106692,True,V43_FULL_CLOSE,0.5745790306144143,2.872895153072071,1790743321896,0.6712657200000001,2.717190093059225,3.4479301723327023,True,71.35030735575924,0.8052929411116017
PAPER:LITUSDT:1790823599999:LONG,LITUSDT,LONG,0.806766,0.50-<1.00%,-0.0560881705158061,-0.28044085257903,1790823979760,3.9545089399999998,REDUCE25_FALLBACK,-0.10012243293411931,-0.5006121646705965,1790823979760,3.9537180382119996,True,V43_FULL_CLOSE,0.27733346146368903,1.3866673073184452,1790823717884,3.97210542,1.8872794719890418,1.6671081598974753,True,34.3759481018894,0.5008385334869025
PAPER:QUSDT:1790741099999:LONG,QUSDT,LONG,0.809104,0.50-<1.00%,-0.2244750427964754,-1.1223752139823775,1790741172632,0.023140371,HIST_TIME_FALLBACK,-0.24444514778791573,-1.2222257389395788,1790741172632,0.0231357429258,False,HIST_TIME_FALLBACK,-0.24444514778791573,-1.2222257389395788,1790741172632,0.0231357429258,0.0,-0.09985052495720126,False,-30.2118328160429,-0.03295069401443307
PAPER:ARUSDT:1790771699999:LONG,ARUSDT,LONG,0.814136,0.50-<1.00%,-0.0857945288114985,-0.428972644057492,1790772485863,4.3231352,REDUCE25_FALLBACK,0.04386851911679891,0.21934259558399458,1790772485863,4.32227057296,True,V43_FULL_CLOSE,0.3887462078847263,1.9437310394236313,1790771993697,4.339132,1.7243884438396369,2.3727036834811233,True,47.74954158577023,0.5824327602613977
PAPER:ARKUSDT:1790799899999:LONG,ARKUSDT,LONG,0.81491,0.50-<1.00%,-0.2316676602049021,-1.1583383010245107,1790800114984,0.23935212,REDUCE25_FALLBACK,-0.16323285484301267,-0.8161642742150633,1790800114984,0.239304249576,True,V43_FULL_CLOSE,0.2688001710722754,1.344000855361377,1790800021870,0.24055188000000002,2.1601651295764404,2.5023391563858874,True,32.98525862638517,0.7731647824923638
PAPER:CVXUSDT:1790673599999:LONG,CVXUSDT,LONG,0.829813,0.50-<1.00%,-0.189962007598469,-0.949810037992349,1790673735602,2.3525294000000003,REDUCE25_FALLBACK,-0.18371972334995088,-0.9185986167497544,1790673735602,2.3520588941200002,True,V43_FULL_CLOSE,0.10718855166493226,0.5359427583246612,1790673650478,2.359528,1.4545413750744156,1.4857527963170103,True,12.91719359240362,0.5323797119029194
PAPER:IOTAUSDT:1790677799999:LONG,IOTAUSDT,LONG,0.830359,0.50-<1.00%,-0.0001695901319011,-0.0008479506595059,1790678391308,0.055328932000000004,REDUCE25_FALLBACK,-0.001617435145144458,-0.00808717572572229,1790678391308,0.055317866213600006,True,V43_FULL_CLOSE,0.5149812572773284,2.574906286386642,1790678185092,0.05563887,2.582993462112364,2.575754237046148,True,62.01910947883125,0.7941734128744438
PAPER:ARPAUSDT:1790783699999:LONG,ARPAUSDT,LONG,0.832056,0.50-<1.00%,-0.0671021822695648,-0.335510911347824,1790783812978,0.0113937208,REDUCE25_FALLBACK,-0.11501224872674418,-0.5750612436337209,1790783812978,0.011391442055840001,True,V43_FULL_CLOSE,0.573524049802605,2.867620249013025,1790783750307,0.011466706200000001,3.442681492646746,3.203131160360849,True,68.92853964187566,0.7881361699896949
PAPER:ENSUSDT:1790771699999:LONG,ENSUSDT,LONG,0.832265,0.50-<1.00%,0.0054531030630126,0.0272655153150632,1790775259164,7.1675661999999996,REDUCE25_FALLBACK,0.04278646204378443,0.21393231021892217,1790775259164,7.16613268676,True,V43_FULL_CLOSE,0.31253399124536474,1.5626699562268238,1790772627786,7.1905616000000006,1.3487376460079017,1.5354044409117606,True,37.55222089663325,0.5388637197099477
PAPER:CELOUSDT:1790813399999:LONG,CELOUSDT,LONG,0.838837,0.50-<1.00%,0.0319389950505222,0.1596949752526111,1790814670478,0.101359724,REDUCE25_FALLBACK,-0.04223215475491724,-0.2111607737745862,1790814670478,0.1013394520552,True,V43_FULL_CLOSE,0.2637022644839145,1.3185113224195724,1790813860169,0.101719652,1.5296720961941586,1.1588163471669612,True,31.436651516792235,0.5229443842669212
PAPER:HUSDT:1790765099999:LONG,HUSDT,LONG,0.840741,0.50-<1.00%,-0.3646331797670696,-1.8231658988353483,1790765176113,0.074195158,HIST_TIME_FALLBACK,-0.38457525313112023,-1.922876265655601,1790765176113,0.0741803189684,False,HIST_TIME_FALLBACK,-0.38457525313112023,-1.922876265655601,1790765176113,0.0741803189684,0.0,-0.0997103668202528,False,-45.74241688357297,-0.1679352049955951
PAPER:EPICUSDT:1790783699999:LONG,EPICUSDT,LONG,0.840992,0.50-<1.00%,-0.0670805900331158,-0.3354029501655792,1790783910211,0.56908616,REDUCE25_FALLBACK,-0.1347320767493037,-0.6736603837465185,1790783910211,0.568972342768,True,V43_FULL_CLOSE,0.38933610378101907,1.9466805189050953,1790783858927,0.57218554,2.6203409026516136,2.2820834690706744,True,46.294864134381676,0.5774240582463674
PAPER:DUSKUSDT:1790808299999:LONG,DUSKUSDT,LONG,0.842568,0.50-<1.00%,0.0641421704598348,0.3207108522991742,1790808593698,0.09063187,REDUCE25_FALLBACK,0.07397765935184573,0.36988829675922863,1790808593698,0.090613743626,True,V43_FULL_CLOSE,0.3955824027097952,1.9779120135489763,1790808489929,0.09092181199999999,1.6080237167897478,1.657201161249802,True,46.949611510263296,0.588222140993766
PAPER:MMTUSDT:1790764199999:LONG,MMTUSDT,LONG,0.870345,0.50-<1.00%,-0.0329923302924387,-0.164961651462193,1790765065634,0.19116176000000001,REDUCE25_FALLBACK,0.030486207210124294,0.15243103605062147,1790765065634,0.19112352764800003,True,V43_FULL_CLOSE,0.38559347585696313,1.9279673792848158,1790764441453,0.1919616,1.7755363432341942,2.0929290307470088,True,44.303520541505165,0.60847966603641
PAPER:GWEIUSDT:1790811299999:LONG,GWEIUSDT,LONG,0.875882,0.50-<1.00%,-0.0333322437215045,-0.166661218607522,1790811982061,0.022335531999999998,REDUCE25_FALLBACK,-0.07070410538255516,-0.3535205269127758,1790811982061,0.022331064893599997,True,V43_FULL_CLOSE,0.3470543256940121,1.7352716284700604,1790811628183,0.022435512,2.088792155382836,1.9019328470775825,True,39.62341110948873,0.5623248110234735
PAPER:BTRUSDT:1790788799999:LONG,BTRUSDT,LONG,0.879644,0.50-<1.00%,-0.2299080335902393,-1.1495401679511963,1790788840198,0.049980002,HIST_TIME_FALLBACK,-0.24987705198351667,-1.2493852599175834,1790788840198,0.049970005999600005,False,HIST_TIME_FALLBACK,-0.24987705198351667,-1.2493852599175834,1790788840198,0.049970005999600005,0.0,-0.09984509196638713,False,-28.40661130906556,0.0
PAPER:REDUSDT:1790771699999:LONG,REDUSDT,LONG,0.890465,0.50-<1.00%,-0.0194127110832697,-0.0970635554163486,1790772466453,0.17606478,REDUCE25_FALLBACK,0.06505751299242914,0.3252875649621457,1790772466453,0.176029567044,True,V43_FULL_CLOSE,0.15113658543192843,0.7556829271596421,1790772008810,0.17626474,0.4303953621974964,0.8527464825759907,True,16.972771016483346,0.5490421551432423
PAPER:ZAMAUSDT:1790809199999:LONG,ZAMAUSDT,LONG,0.894107,0.50-<1.00%,-0.0187305138972032,-0.0936525694860163,1790809777374,0.07875424600000001,REDUCE25_FALLBACK,-0.08762328572038922,-0.4381164286019461,1790809777374,0.07873849515080002,True,V43_FULL_CLOSE,0.342758195027682,1.71379097513841,1790809291609,0.07915416600000001,2.1519074037403563,1.8074435446244261,True,38.33525462027274,0.5513183077670236
PAPER:NEIROUSDT:1790671799999:LONG,NEIROUSDT,LONG,0.898231,0.50-<1.00%,-0.1259604881672221,-0.6298024408361106,1790671866042,9.343131e-05,HIST_TIME_FALLBACK,-0.4125699591003464,-2.062849795501732,1790671866042,9.3412623738e-05,False,HIST_TIME_FALLBACK,-0.4125699591003464,-2.062849795501732,1790671866042,9.3412623738e-05,0.0,-1.4330473546656215,False,-45.931387260108636,0.43911764421997734
PAPER:REZUSDT:1790804399999:LONG,REZUSDT,LONG,0.900394,0.50-<1.00%,0.120107153371295,0.600535766856477,1790805163315,0.0046830631999999995,REDUCE25_FALLBACK,0.11042871873302448,0.5521435936651224,1790805163315,0.00468212658736,True,V43_FULL_CLOSE,0.47294447447482835,2.3647223723741417,1790804587132,0.0047010596,1.8125787787090193,1.7641866055176647,True,52.52639116595939,0.6863495637417172
PAPER:PLAYUSDT:1790816699999:LONG,PLAYUSDT,LONG,0.915525,0.50-<1.00%,-0.943697579530288,-4.718487897651439,1790817140025,0.032873424,REDUCE25_FALLBACK,-0.7927454490683558,-3.963727245341779,1790817140025,0.0328668493152,True,V43_FULL_CLOSE,0.23212991268331554,1.1606495634165777,1790817002423,0.033263346,5.124376808758356,5.879137461068017,True,25.354841504417195,0.5232095748070265
PAPER:GALAUSDT:1790665799999:LONG,GALAUSDT,LONG,0.915646,0.50-<1.00%,0.0771102864988616,0.385551432494308,1790667027413,0.0022475504,REDUCE25_FALLBACK,0.028716786808424523,0.1435839340421226,1790667027413,0.0022471008899200002,True,V43_FULL_CLOSE,0.38869462961240486,1.9434731480620242,1790666566554,0.0022565486,1.7998892140199017,1.557921715567716,True,42.45031700159285,0.6037651649705822
PAPER:YBUSDT:1790681099999:LONG,YBUSDT,LONG,0.917696,0.50-<1.00%,-0.9173604967851124,-4.5868024839255614,1790681299024,0.089952006,HIST_TIME_FALLBACK,-0.9371920246857544,-4.685960123428772,1790681299024,0.0899340155988,False,HIST_TIME_FALLBACK,-0.9371920246857544,-4.685960123428772,1790681299024,0.0899340155988,0.0,-0.09915763950321033,False,-102.1244534884923,0.002067334519417763
PAPER:QNTUSDT:1790784599999:LONG,QNTUSDT,LONG,0.924194,0.50-<1.00%,-0.7266635599218487,-3.633317799609244,1790784793705,305.368914,REDUCE25_FALLBACK,-0.6252804740511317,-3.1264023702556583,1790784793705,305.3078402172,True,V43_FULL_CLOSE,0.22964102421798757,1.1482051210899378,1790784655244,308.308326,4.274607491345596,4.781522920699182,True,24.847707755946,0.5269833098640042
PAPER:MARSCOINUSDT:1790822699999:LONG,MARSCOINUSDT,LONG,0.927785,0.50-<1.00%,0.0124246385978591,0.0621231929892959,1790823248076,0.138342326,REDUCE25_FALLBACK,-0.011612751089939144,-0.05806375544969572,1790823248076,0.1383146575348,True,V43_FULL_CLOSE,0.43888221451157866,2.194411072557893,1790822766409,0.139032188,2.252474828007589,2.1322878795685973,True,47.304301590517056,0.6745607966473832
PAPER:AKEUSDT:1790823899999:LONG,AKEUSDT,LONG,0.929241,0.50-<1.00%,-0.360662433308644,-1.80331216654322,1790825131827,0.0315356916,REDUCE25_FALLBACK,-0.21677240612765383,-1.0838620306382691,1790825131827,0.03152938446168,True,V43_FULL_CLOSE,0.28736696059104555,1.4368348029552278,1790824046487,0.0317426502,2.520696833593497,3.240146969498448,True,30.924911900254678,0.5432181492051491
PAPER:ENJUSDT:1790678999999:LONG,ENJUSDT,LONG,0.93754,0.50-<1.00%,0.0409479217102284,0.204739608551142,1790679860653,0.030343929999999998,REDUCE25_FALLBACK,0.09190479503875318,0.45952397519376587,1790679860653,0.030337861214,True,V43_FULL_CLOSE,0.4038063820525181,2.0190319102625907,1790679262144,0.030453908000000002,1.5595079350688248,1.8142923017114487,True,43.07084306296458,0.6403739067246006
PAPER:BTWUSDT:1790766599999:LONG,BTWUSDT,LONG,0.949059,0.50-<1.00%,-0.489203464267932,-2.44601732133966,1790766802454,1.1312737,HIST_TIME_FALLBACK,-0.5091206235750826,-2.545603117875413,1790766802454,1.13104744526,False,HIST_TIME_FALLBACK,-0.5091206235750826,-2.545603117875413,1790766802454,1.13104744526,0.0,-0.09958579653575272,False,-53.64478115428889,0.43810252840612574
PAPER:RECALLUSDT:1790755499999:LONG,RECALLUSDT,LONG,0.950291,0.50-<1.00%,0.0826720427245092,0.413360213622546,1790755859271,0.049600078000000006,REDUCE25_FALLBACK,0.09793652027537982,0.4896826013768991,1790755859271,0.04959015798440001,True,V43_FULL_CLOSE,0.11296471498262275,0.5648235749131137,1790755613831,0.049600078000000006,0.07514097353621463,0.15146336129056776,True,11.8873813371507,0.5257905151683229
PAPER:SAFEUSDT:1790773499999:LONG,SAFEUSDT,LONG,0.953444,0.50-<1.00%,0.0639246562629664,0.319623281314832,1790774487278,0.116356724,REDUCE25_FALLBACK,0.09408381003142524,0.4704190501571262,1790774487278,0.1163334526552,True,V43_FULL_CLOSE,0.36944928565554114,1.8472464282777057,1790773755235,0.116686658,1.3768273781205795,1.5276231469628736,True,38.74892344548198,0.6605502955931319
PAPER:ARXUSDT:1790785499999:LONG,ARXUSDT,LONG,0.9602,0.50-<1.00%,-0.316903777015091,-1.58451888507545,1790786305536,0.27494500000000005,REDUCE25_FALLBACK,-0.2411920788273109,-1.2059603941365544,1790786305536,0.27489001100000005,True,V43_FULL_CLOSE,0.2815359930918767,1.4076799654593837,1790785894275,0.27664466,2.613640359595938,2.992198850534834,True,29.320557497591825,0.5245573978886142
PAPER:OPNUSDT:1790770499999:LONG,OPNUSDT,LONG,0.978171,0.50-<1.00%,-0.1899620075984858,-0.9498100379924292,1790770597548,0.055078982,HIST_TIME_FALLBACK,-0.20993901519696193,-1.0496950759848096,1790770597548,0.0550679662036,False,HIST_TIME_FALLBACK,-0.20993901519696193,-1.0496950759848096,1790770597548,0.0550679662036,0.0,-0.09988503799238035,False,-21.462404344124074,0.0
PAPER:AIAUSDT:1790674799999:LONG,AIAUSDT,LONG,0.986977,0.50-<1.00%,0.0718779098760772,0.359389549380386,1790675659166,0.07268546000000001,REDUCE25_FALLBACK,0.10508334572634381,0.5254167286317191,1790675659166,0.07267092290800001,True,V43_FULL_CLOSE,0.47152831023199016,2.3576415511599507,1790675418023,0.072945408,1.8322248225282316,1.9982520017795646,True,47.7750049121702,0.6835056829693542
PAPER:1000BONKUSDT:1790772599999:LONG,1000BONKUSDT,LONG,0.98863,0.50-<1.00%,-0.0388118870551038,-0.194059435275519,1790773496783,0.0039652068,REDUCE25_FALLBACK,-0.0726921865749095,-0.3634609328745475,1790773496783,0.00396441375864,True,V43_FULL_CLOSE,0.31387172754604076,1.5693586377302038,1790772820283,0.0039842029999999995,1.9328195706047513,1.7634180730057227,True,31.748149211134677,0.5095323936473939
PAPER:MELANIAUSDT:1790822099999:LONG,MELANIAUSDT,LONG,0.994596,0.50-<1.00%,0.0279207573697699,0.139603786848849,1790822427529,0.10563886800000001,REDUCE25_FALLBACK,0.017643322077853636,0.08821661038926819,1790822427529,0.10561774022640001,True,V43_FULL_CLOSE,0.40684730514063877,2.034236525703194,1790822254422,0.106048786,1.9460199153139257,1.894632738854345,True,40.90578537824793,0.6627202632311091
PAPER:FLOCKUSDT:1790760299999:LONG,FLOCKUSDT,LONG,1.00851,1.00-<1.50%,0.270125684674233,1.35062842337116,1790761122559,0.065426912,REDUCE25_FALLBACK,0.28191006409897423,1.4095503204948712,1790761122559,0.06541382661760001,True,V43_FULL_CLOSE,0.30079819749240416,1.5039909874620208,1790760522013,0.06543691,0.09444066696714959,0.1533625640908607,True,29.826000485112115,0.6400900074859939
PAPER:AAVEUSDT:1790817599999:LONG,AAVEUSDT,LONG,1.015097,1.00-<1.50%,0.277256269152799,1.38628134576399,1790818661604,161.057782,REDUCE25_FALLBACK,0.2824495560383159,1.4122477801915796,1790818661604,161.0255704436,True,V43_FULL_CLOSE,0.4766027339000045,2.3830136695000226,1790817943603,161.377718,0.970765889308443,0.9967323237360326,True,46.951447388772166,0.6721444784262509
PAPER:SUSDT:1790755199999:LONG,SUSDT,LONG,1.020649,1.00-<1.50%,-0.0730006047970783,-0.365003023985391,1790756121945,0.038402318,REDUCE25_FALLBACK,-0.17244768731454754,-0.8622384365727378,1790756121945,0.038394637536399996,True,V43_FULL_CLOSE,0.40784071783094544,2.0392035891547273,1790755766748,0.038652268000000004,2.901442025727465,2.4042066131401185,True,39.95895923387428,0.6304073559475043
PAPER:NILUSDT:1790751899999:LONG,NILUSDT,LONG,1.029234,1.00-<1.50%,-0.294785391685656,-1.47392695842828,1790751998885,0.085652866,HIST_TIME_FALLBACK,-0.3147414346073099,-1.5737071730365493,1790751998885,0.0856357354268,False,HIST_TIME_FALLBACK,-0.3147414346073099,-1.5737071730365493,1790751998885,0.0856357354268,0.0,-0.09978021460826936,False,-30.580162976282356,-0.019996000799826774
PAPER:CELOUSDT:1790660999999:LONG,CELOUSDT,LONG,1.033646,1.00-<1.50%,-1.908954249950533,-9.544771249752666,1790661534967,0.10162967,HIST_TIME_FALLBACK,-1.9285874591005467,-9.642937295502733,1790661534967,0.101609344066,False,HIST_TIME_FALLBACK,-1.9285874591005467,-9.642937295502733,1790661534967,0.101609344066,0.0,-0.09816604575006771,False,-186.5810402304606,-0.628981812648377
PAPER:ONUSDT:1790686499999:LONG,ONUSDT,LONG,1.035202,1.00-<1.50%,0.424985455855187,2.12492727927593,1790688036921,0.11407718,REDUCE25_FALLBACK,0.16836348687409808,0.8418174343704904,1790688036921,0.114054364564,True,V43_FULL_CLOSE,0.42498545585518777,2.124927279275939,1790686898428,0.11437712,1.2831098449054483,8.881784197001252e-15,True,41.053384349642656,0.6834692867934811
PAPER:GALAUSDT:1790669999999:LONG,GALAUSDT,LONG,1.036596,1.00-<1.50%,0.161900741824332,0.809503709121663,1790670788923,0.0022765446,REDUCE25_FALLBACK,0.06990842512991148,0.3495421256495574,1790670788923,0.0022760892910799998,True,V43_FULL_CLOSE,0.3378321165357323,1.6891605826786615,1790670528223,0.0022825434,1.339618457029104,0.8796568735569985,True,32.59052866649421,0.5523245857213421
PAPER:BLUAIUSDT:1790670899999:LONG,BLUAIUSDT,LONG,1.038706,1.00-<1.50%,-0.0938077546215731,-0.469038773107865,1790671096907,0.0103959204,REDUCE25_FALLBACK,-0.03668924372570471,-0.18344621862852353,1790671096907,0.01039384121592,True,V43_FULL_CLOSE,0.33888638377446195,1.6944319188723096,1790671034341,0.010440911399999999,1.877878137500833,2.1634706919801747,True,32.62582326225726,0.7884676433985716
PAPER:MUBARAKUSDT:1790792099999:LONG,MUBARAKUSDT,LONG,1.04764,1.00-<1.50%,0.0233623712254501,0.11681185612725,1790792601797,0.0609878,REDUCE25_FALLBACK,-0.044983477836209006,-0.22491738918104504,1790792601797,0.060975602440000005,True,V43_FULL_CLOSE,-0.288419413209506,-1.44209706604753,1790792528244,0.06079783800000001,-1.217179676866485,-1.55890892217478,False,-27.530393380312514,0.6041604230492936
PAPER:SOMIUSDT:1790753699999:LONG,SOMIUSDT,LONG,1.048564,1.00-<1.50%,-0.1899620075984749,-0.9498100379923746,1790753726392,0.21515696,HIST_TIME_FALLBACK,-0.20993901519694919,-1.0496950759847459,1790753726392,0.21511392860800002,False,HIST_TIME_FALLBACK,-0.20993901519694919,-1.0496950759847459,1790753726392,0.21511392860800002,0.0,-0.09988503799237125,False,-20.021573809223774,-0.019996000799837876
PAPER:BIOUSDT:1790675399999:LONG,BIOUSDT,LONG,1.049309,1.00-<1.50%,0.202791366074075,1.01395683037037,1790675731491,0.031923614,REDUCE25_FALLBACK,0.1955976952818953,0.9779884764094765,1790675731491,0.031917229277200004,True,V43_FULL_CLOSE,0.28134204080860536,1.4067102040430268,1790675658759,0.03193361200000001,0.4287217276335503,0.3927533736726567,True,26.812125008801537,0.5775567126272918
PAPER:KOMAUSDT:1790758199999:LONG,KOMAUSDT,LONG,1.050196,1.00-<1.50%,-0.5563928721366583,-2.781964360683292,1790758280334,0.0198220348,HIST_TIME_FALLBACK,-0.5762965935622265,-2.8814829678111322,1790758280334,0.01981807039304,False,HIST_TIME_FALLBACK,-0.5762965935622265,-2.8814829678111322,1790758280334,0.01981807039304,0.0,-0.09951860712784022,False,-54.87514650238875,-0.030044747369917246
PAPER:GRASSUSDT:1790758199999:LONG,GRASSUSDT,LONG,1.051765,1.00-<1.50%,0.0186243170410903,0.0931215852054515,1790758245955,0.71965604,HIST_TIME_FALLBACK,-0.0013944078223091182,-0.0069720391115455915,1790758245955,0.7195121087920001,False,HIST_TIME_FALLBACK,-0.0013944078223091182,-0.0069720391115455915,1790758245955,0.7195121087920001,0.0,-0.10009362431699709,False,-0.13257788786555155,0.27230249342029555
PAPER:ETHFIUSDT:1790672399999:LONG,ETHFIUSDT,LONG,1.051848,1.00-<1.50%,0.203126077864904,1.01563038932452,1790673039796,0.7395520600000001,REDUCE25_FALLBACK,0.23891674804634278,1.1945837402317139,1790673039796,0.739404149588,True,V43_FULL_CLOSE,0.3657832166773363,1.8289160833866815,1790672607377,0.7408518000000001,0.6343323431549677,0.8132856940621616,True,34.775292311943964,0.5634128975534614
PAPER:MINAUSDT:1790771399999:LONG,MINAUSDT,LONG,1.05344,1.00-<1.50%,0.30526231398047,1.52631156990235,1790772118221,0.146760642,REDUCE25_FALLBACK,0.23899207833480698,1.194960391674035,1790772118221,0.1467312898716,True,V43_FULL_CLOSE,0.38381513740334167,1.9190756870167083,1790771503081,0.147040586,0.7241152953426733,0.3927641171143583,True,36.434456390809316,0.6295355850528539
PAPER:AIAUSDT:1790675999999:LONG,AIAUSDT,LONG,1.055643,1.00-<1.50%,0.136504138638433,0.682520693192165,1790676660687,0.073655266,REDUCE25_FALLBACK,0.12147241301763338,0.6073620650881669,1790676660687,0.0736405349468,True,V43_FULL_CLOSE,0.5717923336209902,2.8589616681049512,1790676337963,0.073975202,2.251599603016784,2.1764409749127864,True,54.16531285870225,0.824176714432423
PAPER:ACTUSDT:1790754599999:LONG,ACTUSDT,LONG,1.058103,1.00-<1.50%,0.202531516450992,1.01265758225496,1790754784894,0.0109808034,REDUCE25_FALLBACK,0.17608429874732967,0.8804214937366484,1790754784894,0.01097860723932,True,V43_FULL_CLOSE,0.5311307458877489,2.655653729438744,1790754678976,0.0110197956,1.7752322357020958,1.6429961471837842,True,50.19650694570839,0.7383280723001873
PAPER:ARXUSDT:1790685599999:LONG,ARXUSDT,LONG,1.070695,1.00-<1.50%,0.0642908163821873,0.3214540819109367,1790685755709,0.27584482,REDUCE25_FALLBACK,0.08558085820736654,0.42790429103683264,1790685755709,0.275789651036,True,V43_FULL_CLOSE,0.20957814437114436,1.0478907218557219,1790685712669,0.27604478000000005,0.6199864308188892,0.7264366399447851,True,19.57402849281489,0.5617058406500508
PAPER:NOMUSDT:1790741699999:LONG,NOMUSDT,LONG,1.074176,1.00-<1.50%,-0.1444147946516408,-0.7220739732582042,1790741804709,0.0021935612,REDUCE25_FALLBACK,-0.18217798890585324,-0.9108899445292662,1790741804709,0.0021931224877600004,True,V43_FULL_CLOSE,0.49324618660398223,2.466230933019911,1790741759327,0.0022075584,3.377120877549177,3.1883049062781152,True,45.91856330843197,0.9829953753891285
PAPER:SKYAIUSDT:1790791499999:LONG,SKYAIUSDT,LONG,1.082294,1.00-<1.50%,-0.23682339065848,-1.1841169532924,1790791605590,0.042601478000000005,HIST_TIME_FALLBACK,-0.2567910259803508,-1.283955129901754,1790791605590,0.042592957704400004,False,HIST_TIME_FALLBACK,-0.2567910259803508,-1.283955129901754,1790791605590,0.042592957704400004,0.0,-0.0998381766093539,False,-23.726549900521558,0.073815872528038
PAPER:JCTUSDT:1790786099999:LONG,JCTUSDT,LONG,1.083536,1.00-<1.50%,0.388842020503187,1.94421010251593,1790786247742,0.0018226354,HIST_TIME_FALLBACK,0.39630583625604515,1.9815291812802258,1790786247742,0.0018222708729200001,False,HIST_TIME_FALLBACK,0.39630583625604515,1.9815291812802258,1790786247742,0.0018222708729200001,0.0,0.037319078764295854,True,36.575234810476545,0.9180062442257553
PAPER:RAYSOLUSDT:1790771699999:LONG,RAYSOLUSDT,LONG,1.091233,1.00-<1.50%,0.377855966101572,1.88927983050786,1790772202929,1.9728053600000002,REDUCE25_FALLBACK,0.3220427694364812,1.610213847182406,1790772202929,1.9724107989280002,True,V43_FULL_CLOSE,0.39058731080337017,1.9529365540168506,1790771926912,1.9724054400000002,0.3427227068344447,0.06365672350899065,True,35.793209223270395,0.5865921747841618
PAPER:B2USDT:1790771099999:LONG,B2USDT,LONG,1.11614,1.00-<1.50%,0.377566617358356,1.88783308679178,1790773282465,0.52379522,REDUCE25_FALLBACK,0.5259734289587219,2.6298671447936095,1790773282465,0.523690460956,True,V43_FULL_CLOSE,0.31023271270246244,1.5511635635123122,1790771313437,0.52169564,-1.0787035812812973,-0.33666952327946786,True,27.795143324534777,0.5384439290878396
PAPER:APRUSDT:1790664299999:LONG,APRUSDT,LONG,1.119128,1.00-<1.50%,0.160204646187337,0.801023230936688,1790664632444,0.11457708,REDUCE25_FALLBACK,0.21081248182573645,1.0540624091286823,1790664632444,0.114554164584,True,V43_FULL_CLOSE,0.5103712999731554,2.5518564998657776,1790664556998,0.11487702000000001,1.4977940907370952,1.7508332689290895,True,45.60437233034608,0.7686280447679161
PAPER:PLUMEUSDT:1790771399999:LONG,PLUMEUSDT,LONG,1.122322,1.00-<1.50%,0.190448909673989,0.952244548369948,1790771647007,0.01844631,REDUCE25_FALLBACK,0.18899519652584518,0.9449759826292259,1790771647007,0.018442620738,True,V43_FULL_CLOSE,0.40782657668682815,2.039132883434141,1790771473773,0.018486302,1.094156900804915,1.086888335064193,True,36.33775125915986,0.6327570176932973
PAPER:MMTUSDT:1790745599999:LONG,MMTUSDT,LONG,1.13109,1.00-<1.50%,0.385034099265672,1.92517049632836,1790747727994,0.18326334,REDUCE25_FALLBACK,0.2330735805282722,1.165367902641361,1790747727994,0.183226687332,True,V43_FULL_CLOSE,0.3028917982850715,1.5144589914253574,1790745962339,0.18326334,0.3490910887839964,-0.41071150490300257,True,26.778753086409704,0.5281399860378677
PAPER:TACUSDT:1790660699999:LONG,TACUSDT,LONG,1.131535,1.00-<1.50%,0.317583917159646,1.58791958579823,1790662051112,0.0014807038,REDUCE25_FALLBACK,0.15028662944087182,0.7514331472043592,1790662051112,0.00148040765924,True,V43_FULL_CLOSE,0.351420312143532,1.7571015607176599,1790660925214,0.0014837032000000001,1.0056684135133007,0.16918197491942988,True,31.05695468045902,0.589638169926987
PAPER:SUSHIUSDT:1790756399999:LONG,SUSHIUSDT,LONG,1.134336,1.00-<1.50%,0.256451570021196,1.28225785010598,1790756638758,0.26964606,REDUCE25_FALLBACK,0.24140185228569871,1.2070092614284935,1790756638758,0.26959213078800004,True,V43_FULL_CLOSE,0.21925043855289086,1.0962521927644544,1790756515059,0.26954608,-0.11075706866403912,-0.18600565734152563,True,19.328526869718573,0.5385515075755798
PAPER:WUSDT:1790680799999:LONG,WUSDT,LONG,1.136393,1.00-<1.50%,0.312929053187877,1.56464526593939,1790681258000,0.014792041,REDUCE25_FALLBACK,0.3776983636958455,1.8884918184792274,1790681258000,0.014789082591800002,True,V43_FULL_CLOSE,0.19060420056416424,0.9530210028208213,1790680894016,0.0147510492,-0.9354708156584062,-0.6116242631185687,True,16.772736242141956,0.6466280563454774
PAPER:ARIAUSDT:1790811599999:LONG,ARIAUSDT,LONG,1.138292,1.00-<1.50%,0.0217186323967244,0.108593161983622,1790812896672,0.035532892,REDUCE25_FALLBACK,0.2748011831664567,1.3740059158322833,1790812896672,0.0355257854216,True,V43_FULL_CLOSE,0.37451969905537896,1.8725984952768948,1790812502553,0.035582881999999996,0.49859257944461155,1.7640053332932728,True,32.901900308126464,0.6297751469768187
PAPER:ACUUSDT:1790818499999:LONG,ACUUSDT,LONG,1.139327,1.00-<1.50%,0.165225975367688,0.826129876838441,1790818561693,0.129794036,HIST_TIME_FALLBACK,0.1451779301726194,0.725889650863097,1790818561693,0.1297680771928,False,HIST_TIME_FALLBACK,0.1451779301726194,0.725889650863097,1790818561693,0.1297680771928,0.0,-0.10024022597534399,True,12.742428659429594,0.45919078398297675
PAPER:APRUSDT:1790804099999:LONG,APRUSDT,LONG,1.141768,1.00-<1.50%,0.151408593879304,0.757042969396521,1790804476956,0.14657068,REDUCE25_FALLBACK,0.10225805467853645,0.5112902733926823,1790804476956,0.14654136586400002,True,V43_FULL_CLOSE,0.28795683447041975,1.439784172352099,1790804168813,0.1469706,0.9284938989594167,0.6827412029555779,True,25.22025792196136,0.5267162562019312
PAPER:ESPUSDT:1790823899999:LONG,ESPUSDT,LONG,1.148187,1.00-<1.50%,0.411810014993813,2.05905007496906,1790824229996,0.110157964,HIST_TIME_FALLBACK,0.36436484989137025,1.821824249456851,1790824229996,0.1101359324072,False,HIST_TIME_FALLBACK,0.36436484989137025,1.821824249456851,1790824229996,0.1101359324072,0.0,-0.23722582551220883,True,31.73392921983703,0.7009917048995451
PAPER:PLUMEUSDT:1790822999999:LONG,PLUMEUSDT,LONG,1.148791,1.00-<1.50%,-0.0440023807221119,-0.220011903610559,1790823038042,0.020555887999999998,HIST_TIME_FALLBACK,-0.06400858024595919,-0.320042901229796,1790823038042,0.0205517768224,False,HIST_TIME_FALLBACK,-0.06400858024595919,-0.320042901229796,1790823038042,0.0205517768224,0.0,-0.100030997619237,False,-5.571821179479923,0.12610239764028197
PAPER:WLDUSDT:1790768399999:LONG,WLDUSDT,LONG,1.153789,1.00-<1.50%,0.0842915525018441,0.42145776250922,1790768827295,0.52799438,REDUCE25_FALLBACK,-0.07254649290409079,-0.362732464520454,1790768827295,0.527888781124,True,V43_FULL_CLOSE,0.16940472632609338,0.8470236316304668,1790768463237,0.5298940000000001,1.2097560961509208,0.4255658691212468,True,14.68247021995299,0.5101005930228553
PAPER:GRASSUSDT:1790772599999:LONG,GRASSUSDT,LONG,1.160659,1.00-<1.50%,0.259064934530547,1.29532467265273,1790773032308,0.7452509199999999,REDUCE25_FALLBACK,-0.0642089966026483,-0.32104498301324147,1790773032308,0.7451018698159999,True,V43_FULL_CLOSE,0.31938198645833293,1.5969099322916647,1790772775152,0.7488502,1.917954915304906,0.30158525963893457,True,27.51729719567357,0.5166653196467585
PAPER:IOUSDT:1790770199999:LONG,IOUSDT,LONG,1.168121,1.00-<1.50%,0.314507881252032,1.57253940626016,1790770491488,0.16916615999999998,REDUCE25_FALLBACK,0.2846076541928715,1.4230382709643576,1790770491488,0.169132326768,True,V43_FULL_CLOSE,0.16613438453130247,0.8306719226565122,1790770338649,0.16886622,-0.5923663483078454,-0.7418674836036478,True,14.222360913920944,0.8116855535607037
PAPER:FRAXUSDT:1790776199999:LONG,FRAXUSDT,LONG,1.169094,1.00-<1.50%,0.0347873546473761,0.17393677323688,1790776274810,0.31173764000000004,HIST_TIME_FALLBACK,0.01476539717644817,0.07382698588224085,1790776274810,0.31167529247200004,False,HIST_TIME_FALLBACK,0.01476539717644817,0.07382698588224085,1790776274810,0.31167529247200004,0.0,-0.10010978735463916,True,1.2629777568312017,0.2049670425927852
PAPER:ICPUSDT:1790745299999:LONG,ICPUSDT,LONG,1.17128,1.00-<1.50%,0.405110145509409,2.02555072754704,1790747272778,3.4573084,REDUCE25_FALLBACK,0.2666847515325627,1.3334237576628134,1790747272778,3.4566169383200003,True,V43_FULL_CLOSE,0.30351246083245736,1.5175623041622868,1790745501779,3.4573084,0.18413854649947337,-0.5079884233847531,True,25.912886827441547,0.5320586565627838
PAPER:MAGICUSDT:1790798099999:LONG,MAGICUSDT,LONG,1.17135,1.00-<1.50%,0.0796959799066038,0.398479899533019,1790798496131,0.053859226,REDUCE25_FALLBACK,0.07396714245482189,0.36983571227410944,1790798496131,0.0538484541548,True,V43_FULL_CLOSE,0.6283105062100566,3.1415525310502828,1790798182528,0.05413917,2.771716818776173,2.743072631517264,True,53.63986052077147,0.836284055793568
PAPER:EDENUSDT:1790684099999:LONG,EDENUSDT,LONG,1.172973,1.00-<1.50%,-0.5643208007472957,-2.8216040037364785,1790686881904,0.06558688,REDUCE25_FALLBACK,0.14262140022507974,0.7131070011253987,1790686881904,0.065573762624,True,V43_FULL_CLOSE,0.1920367609207166,0.9601838046035829,1790686841536,0.065606876,0.24707680347818417,3.781787808340061,True,16.37179721278466,0.8517892566507257
PAPER:TAGUSDT:1790765399999:LONG,TAGUSDT,LONG,1.176048,1.00-<1.50%,0.355287328713125,1.77643664356562,1790765995930,0.0008651269400000001,REDUCE25_FALLBACK,0.31992790925332315,1.5996395462666158,1790765995930,0.0008649539146120001,True,V43_FULL_CLOSE,0.47129782580070084,2.356489129003504,1790765613311,0.00086652666,0.7568495827368884,0.5800524854378841,True,40.074710028901954,0.676728765745116
PAPER:PHAROSUSDT:1790785799999:LONG,PHAROSUSDT,LONG,1.176484,1.00-<1.50%,-0.0019304717784381,-0.0096523588921908,1790785822316,0.74495098,HIST_TIME_FALLBACK,-0.021945085684083765,-0.10972542842041882,1790785822316,0.744801989804,False,HIST_TIME_FALLBACK,-0.021945085684083765,-0.10972542842041882,1790785822316,0.744801989804,0.0,-0.10007306952822803,False,-1.8653110186015076,0.2488758668865998
PAPER:DIAUSDT:1790782199999:LONG,DIAUSDT,LONG,1.181687,1.00-<1.50%,0.260240988160542,1.30120494080271,1790782753723,0.16736652,REDUCE25_FALLBACK,0.2901884914384335,1.4509424571921676,1790782753723,0.167333046696,True,V43_FULL_CLOSE,0.47033571951476844,2.351678597573842,1790782313956,0.16746650000000002,0.9007361403816745,1.0504736567711321,True,39.80205583329329,0.761097780443909
PAPER:ROBOUSDT:1790767499999:LONG,ROBOUSDT,LONG,1.183264,1.00-<1.50%,0.3018133435676,1.509066717838,1790768301326,0.009188162,REDUCE25_FALLBACK,0.28674862531020995,1.4337431265510499,1790768301326,0.0091863243676,True,V43_FULL_CLOSE,0.24717163788248536,1.2358581894124268,1790767987206,0.009178164,-0.1978849371386231,-0.2732085284255732,True,20.888967963403378,0.5269405637472024
PAPER:STRKUSDT:1790680199999:LONG,STRKUSDT,LONG,1.187602,1.00-<1.50%,0.231157683116967,1.15578841558483,1790681777240,0.044111176,REDUCE25_FALLBACK,0.3071458859032674,1.535729429516337,1790681777240,0.044102353764800005,True,V43_FULL_CLOSE,0.3335922024801976,1.667961012400988,1790680708846,0.044101178000000005,0.13223158288465098,0.5121725968161581,True,28.089562200147657,0.5496257175182873
PAPER:NIGHTUSDT:1790785499999:LONG,NIGHTUSDT,LONG,1.200264,1.00-<1.50%,0.108040546759109,0.540202733795547,1790785542201,0.036972604,HIST_TIME_FALLBACK,0.0880039386497545,0.4400196932487725,1790785542201,0.0369652094792,False,HIST_TIME_FALLBACK,0.0880039386497545,0.4400196932487725,1790785542201,0.0369652094792,0.0,-0.10018304054677446,True,7.332048503475445,0.25117298211094763
PAPER:SKYAIUSDT:1790792099999:LONG,SKYAIUSDT,LONG,1.203495,1.00-<1.50%,0.282825634711428,1.41412817355714,1790792825889,0.043521294,REDUCE25_FALLBACK,0.25046966286856975,1.2523483143428487,1790792825889,0.0435125897412,True,V43_FULL_CLOSE,0.4096710997214015,2.0483554986070076,1790792253597,0.043561286,0.796007184264159,0.6342273250498676,True,34.04011647089531,0.6263766872577792
PAPER:PUMPUSDT:1790674499999:LONG,PUMPUSDT,LONG,1.210467,1.00-<1.50%,0.375903611033997,1.87951805516998,1790675358380,0.0051459706,REDUCE25_FALLBACK,0.33644814295966174,1.6822407147983087,1790675358380,0.00514494140588,True,V43_FULL_CLOSE,0.31736578841685836,1.5868289420842918,1790674781583,0.005143971000000001,-0.09541177271401691,-0.2926891130856881,True,26.218458530208455,0.5073452978870963
PAPER:RUNEUSDT:1790788499999:LONG,RUNEUSDT,LONG,1.21627,1.00-<1.50%,0.0279954034650735,0.139977017325368,1790789991250,0.82763444,REDUCE25_FALLBACK,0.17037366049332736,0.8518683024666367,1790789991250,0.827468913112,True,V43_FULL_CLOSE,0.3670402651194971,1.8352013255974857,1790789492268,0.8293341000000001,0.983333023130849,1.6952243082721177,True,30.177531725644563,0.5981371309687677
PAPER:TNSRUSDT:1790664899999:LONG,TNSRUSDT,LONG,1.217755,1.00-<1.50%,-0.265670727653337,-1.32835363826668,1790665502307,0.03954209,REDUCE25_FALLBACK,-0.28695118704875855,-1.4347559352437926,1790665502307,0.039534181582000005,True,V43_FULL_CLOSE,0.31476279276740055,1.5738139638370026,1790665340176,0.039772044000000006,3.008569899080795,2.902167602103683,True,25.8477930919931,0.5104689016719233
PAPER:PHAUSDT:1790683499999:LONG,PHAUSDT,LONG,1.225525,1.00-<1.50%,0.340033964523622,1.70016982261811,1790684222927,0.06536692399999999,REDUCE25_FALLBACK,0.2519977930036139,1.2599889650180696,1790684222927,0.0653538506152,True,V43_FULL_CLOSE,0.4091638739308534,2.045819369654267,1790683810340,0.065396918,0.7858304046361975,0.34564954703615713,True,33.386823926958115,0.748844386767078
PAPER:龙虾USDT:1790678699999:LONG,龙虾USDT,LONG,1.226061,1.00-<1.50%,-0.369634438780998,-1.84817219390499,1790678855826,0.077674462,REDUCE25_FALLBACK,-0.2049178124326482,-1.024589062163241,1790678855826,0.0776589271076,True,V43_FULL_CLOSE,0.9907425401724418,4.953712700862209,1790678772729,0.07873425,5.978301763025449,6.801884894767198,True,80.80695333857301,1.2132148926761177
PAPER:BERAUSDT:1790741999999:LONG,BERAUSDT,LONG,1.227742,1.00-<1.50%,-0.109539271694784,-0.5476963584739202,1790742159200,0.24855027999999998,HIST_TIME_FALLBACK,-0.12953236384044134,-0.6476618192022068,1790742159200,0.248500569944,False,HIST_TIME_FALLBACK,-0.12953236384044134,-0.6476618192022068,1790742159200,0.248500569944,0.0,-0.0999654607282866,False,-10.550454724236959,0.0605031972671366
PAPER:QNTUSDT:1790666399999:LONG,QNTUSDT,LONG,1.237268,1.00-<1.50%,-0.3744472823123038,-1.872236411561519,1790666440072,253.94920000000002,HIST_TIME_FALLBACK,-0.3943873928558386,-1.971936964279193,1790666440072,253.89841016000003,False,HIST_TIME_FALLBACK,-0.3943873928558386,-1.971936964279193,1790666440072,253.89841016000003,0.0,-0.09970055271767397,False,-31.87566419367822,-999.0
PAPER:PROMUSDT:1790770499999:LONG,PROMUSDT,LONG,1.238091,1.00-<1.50%,-0.1596754587833182,-0.7983772939165912,1790770525264,6.5966804,HIST_TIME_FALLBACK,-0.17965852369156005,-0.8982926184578003,1790770525264,6.59536106392,False,HIST_TIME_FALLBACK,-0.17965852369156005,-0.8982926184578003,1790770525264,6.59536106392,0.0,-0.0999153245412091,False,-14.51093043173402,0.010319343044673523
PAPER:KAIAUSDT:1790822699999:LONG,KAIAUSDT,LONG,1.238142,1.00-<1.50%,0.578169576515362,2.89084788257681,1790824196907,0.035952808,REDUCE25_FALLBACK,0.38852766461782123,1.9426383230891062,1790824196907,0.0359456174384,True,V43_FULL_CLOSE,0.17315474125534294,0.8657737062767147,1790823008080,0.035882822,-1.0768646168123914,-2.025074176300095,True,13.985047050769857,0.5112176669811674
PAPER:CVCUSDT:1790813099999:LONG,CVCUSDT,LONG,1.241581,1.00-<1.50%,0.314189603719642,1.57094801859821,1790813638188,0.031923614,REDUCE25_FALLBACK,0.4330134120859695,2.1650670604298474,1790813638188,0.031917229277200004,True,V43_FULL_CLOSE,0.4717369822565522,2.358684911282761,1790813272391,0.031903618,0.1936178508529136,0.7877368926845509,True,37.99486157218516,0.673871534841286
PAPER:JASMYUSDT:1790682599999:LONG,JASMYUSDT,LONG,1.243692,1.00-<1.50%,-0.0600000622551996,-0.3000003112759981,1790682680206,0.005385922600000001,REDUCE25_FALLBACK,-0.0703608141978797,-0.35180407098939853,1790682680206,0.005384845415480001,True,V43_FULL_CLOSE,0.34845176596649463,1.742258829832473,1790682659490,0.0054079181999999995,2.0940629008218714,2.042259141108471,True,28.017528935338866,1.0764389872954805
PAPER:TRUMPUSDT:1790822099999:LONG,TRUMPUSDT,LONG,1.251535,1.00-<1.50%,-0.237011012776268,-1.18505506388134,1790822131981,2.1215756,HIST_TIME_FALLBACK,-0.256978610573717,-1.284893052868585,1790822131981,2.12115128488,False,HIST_TIME_FALLBACK,-0.256978610573717,-1.284893052868585,1790822131981,2.12115128488,0.0,-0.09983798898724494,False,-20.533074230742006,-0.06708973796387685
PAPER:COMPUSDT:1790673599999:LONG,COMPUSDT,LONG,1.257194,1.00-<1.50%,0.288529192365121,1.4426459618256,1790675856825,25.134972,REDUCE25_FALLBACK,0.15386980641537745,0.7693490320768872,1790675856825,25.129945005600003,True,V43_FULL_CLOSE,0.3284034590287528,1.6420172951437637,1790674528622,25.174964,0.8726682630668765,0.1993713333181637,True,26.121939734738856,0.5786866578780137
PAPER:CTRUSDT:1790781599999:LONG,CTRUSDT,LONG,1.2623,1.00-<1.50%,-0.3383795974831801,-1.6918979874159004,1790781627737,0.0127654464,HIST_TIME_FALLBACK,-0.35832692156367524,-1.7916346078183762,1790781627737,0.012762893310720001,False,HIST_TIME_FALLBACK,-0.35832692156367524,-1.7916346078183762,1790781627737,0.012762893310720001,0.0,-0.09973662040247588,False,-28.386827344028774,-0.12946030485777582
PAPER:WLDUSDT:1790758799999:LONG,WLDUSDT,LONG,1.266296,1.00-<1.50%,-0.22890354287815,-1.14451771439075,1790758821109,0.5126974400000001,HIST_TIME_FALLBACK,-0.2488727621695721,-1.2443638108478605,1790758821109,0.5125949005120001,False,HIST_TIME_FALLBACK,-0.2488727621695721,-1.2443638108478605,1790758821109,0.5125949005120001,0.0,-0.09984609645711062,False,-19.65360090923229,-0.23437807565191981
PAPER:NOMUSDT:1790823899999:LONG,NOMUSDT,LONG,1.267122,1.00-<1.50%,-0.272923002608774,-1.36461501304387,1790823926887,0.0024055188,HIST_TIME_FALLBACK,-0.29288341800824524,-1.4644170900412263,1790823926887,0.00240503769624,False,HIST_TIME_FALLBACK,-0.29288341800824524,-1.4644170900412263,1790823926887,0.00240503769624,0.0,-0.09980207699735644,False,-23.114066207377444,-0.10303587123106084
PAPER:PROMUSDT:1790764499999:LONG,PROMUSDT,LONG,1.267567,1.00-<1.50%,0.189740619370307,0.948703096851539,1790765588058,6.4827032,REDUCE25_FALLBACK,0.3335223806535811,1.6676119032679053,1790765588058,6.48140665936,True,V43_FULL_CLOSE,0.3989645158633072,1.994822579316536,1790764912464,6.4817034,0.32721067604863063,1.0461194824649969,True,31.474826645321876,0.6005160488461003
PAPER:MONUSDT:1790788799999:LONG,MONUSDT,LONG,1.269394,1.00-<1.50%,-0.0855161679410298,-0.4275808397051491,1790788823622,0.028714256,HIST_TIME_FALLBACK,-0.10551406470743786,-0.5275703235371894,1790788823622,0.0287085131488,False,HIST_TIME_FALLBACK,-0.10551406470743786,-0.5275703235371894,1790788823622,0.0287085131488,0.0,-0.09998948383204026,False,-8.31216034638874,0.08454914106059697
PAPER:STRKUSDT:1790823299999:LONG,STRKUSDT,LONG,1.276378,1.00-<1.50%,0.332639419568315,1.66319709784157,1790823701657,0.044161166,REDUCE25_FALLBACK,0.2266978854710743,1.1334894273553715,1790823701657,0.0441523337668,True,V43_FULL_CLOSE,0.28719581720599036,1.4359790860299517,1790823380560,0.044161166,0.3024896586745802,-0.22721801181161827,True,22.50084357502169,0.5258456952831558
PAPER:ZENUSDT:1790768699999:LONG,ZENUSDT,LONG,1.277042,1.00-<1.50%,0.390451051006011,1.95225525503005,1790769146733,7.4465104,REDUCE25_FALLBACK,0.4023670660789501,2.0118353303947507,1790769146733,7.445021097920001,True,V43_FULL_CLOSE,0.6604106131476416,3.302053065738208,1790768746626,7.4615074,1.2902177353434574,1.349797810708158,True,51.71408717549161,0.9527824164896836
PAPER:OGNUSDT:1790763599999:LONG,OGNUSDT,LONG,1.277198,1.00-<1.50%,0.122028740575776,0.610143702878884,1790764123468,0.02084583,REDUCE25_FALLBACK,-0.012979255874548928,-0.06489627937274464,1790764123468,0.020841660834,True,V43_FULL_CLOSE,0.29002375882346804,1.4501187941173401,1790763635993,0.020905818000000003,1.5150150734900847,0.8399750912384562,True,22.707814984322557,0.5084903250008432
PAPER:MINAUSDT:1790765099999:LONG,MINAUSDT,LONG,1.29147,1.00-<1.50%,0.356547038656241,1.7827351932812,1790766068742,0.143401314,REDUCE25_FALLBACK,0.3642440580506373,1.8212202902531864,1790766068742,0.1433726337372,True,V43_FULL_CLOSE,0.5036840895709909,2.5184204478549543,1790765442112,0.14352129000000002,0.6972001576017679,0.7356852545737544,True,39.00083544882892,0.7023623333694662
PAPER:SUSHIUSDT:1790760599999:LONG,SUSHIUSDT,LONG,1.297456,1.00-<1.50%,0.376735682329148,1.88367841164574,1790762313598,0.27444510000000005,REDUCE25_FALLBACK,0.30683992047629727,1.5341996023814863,1790762313598,0.27439021098000005,True,V43_FULL_CLOSE,0.541260818114562,2.70630409057281,1790760838439,0.27514496,1.1721044881913236,0.8226256789270701,True,41.71708467297249,0.7851138410678082
PAPER:MONUSDT:1790810699999:LONG,MONUSDT,LONG,1.303174,1.00-<1.50%,0.229181147308309,1.14590573654154,1790811323828,0.031053788000000002,REDUCE25_FALLBACK,0.12549480331871557,0.6274740165935778,1790811323828,0.031047577242400003,True,V43_FULL_CLOSE,0.2614229284549761,1.3071146422748805,1790811238762,0.031113776,0.6796406256813027,0.16120890573334057,True,20.060477607362955,0.5286353962261181
PAPER:QNTUSDT:1790813099999:LONG,QNTUSDT,LONG,1.304882,1.00-<1.50%,-0.0210626059272758,-0.1053130296363791,1790813174793,290.211946,HIST_TIME_FALLBACK,-0.04107339340609425,-0.20536696703047125,1790813174793,290.1539036108,False,HIST_TIME_FALLBACK,-0.04107339340609425,-0.20536696703047125,1790813174793,290.1539036108,0.0,-0.10005393739409214,False,-3.147671084902255,0.16286479745946103
PAPER:FETUSDT:1790681999999:LONG,FETUSDT,LONG,1.310781,1.00-<1.50%,0.367575774239753,1.83787887119876,1790683532666,0.23405318,REDUCE25_FALLBACK,0.2560188972221771,1.2800944861108854,1790683532666,0.23400636936400002,True,V43_FULL_CLOSE,0.36757577423974747,1.8378788711987375,1790682153440,0.23415316,0.5577843850878521,-2.2426505097428162e-14,True,28.042500939496946,0.5810001589205749
PAPER:STXUSDT:1790772599999:LONG,STXUSDT,LONG,1.31631,1.00-<1.50%,0.386531225042969,1.93265612521484,1790773304517,0.3309338,REDUCE25_FALLBACK,0.37905198389317935,1.8952599194658968,1790773304517,0.33086761324,True,V43_FULL_CLOSE,0.2348224796110115,1.1741123980550574,1790772795614,0.33053388,-0.7211475214108394,-0.7585437271597826,True,17.839451163556568,0.526674737956423
PAPER:ARXUSDT:1790782199999:LONG,ARXUSDT,LONG,1.320019,1.00-<1.50%,0.386440854978681,1.9322042748934,1790783468727,0.27004598,REDUCE25_FALLBACK,0.3434839668040973,1.7174198340204865,1790783468727,0.269991970804,True,V43_FULL_CLOSE,0.3678472142503867,1.8392360712519336,1790782729387,0.27004598,0.12181623723144708,-0.09296820364146652,True,27.866812087582577,0.575566197259425
PAPER:EPICUSDT:1790781299999:LONG,EPICUSDT,LONG,1.322505,1.00-<1.50%,-0.117463340937327,-0.587316704686635,1790781320677,0.5513897,HIST_TIME_FALLBACK,-0.13745484826913207,-0.6872742413456603,1790781320677,0.55127942206,False,HIST_TIME_FALLBACK,-0.13745484826913207,-0.6872742413456603,1790781320677,0.55127942206,0.0,-0.09995753665902529,False,-10.39352201081524,0.08885539168703716
PAPER:PUMPUSDT:1790786999999:LONG,PUMPUSDT,LONG,1.336125,1.00-<1.50%,-0.1391557827803614,-0.6957789139018073,1790787142087,0.0058998198,REDUCE25_FALLBACK,-0.061001413913075696,-0.3050070695653785,1790787142087,0.00589863983604,True,V43_FULL_CLOSE,0.3350356488553201,1.6751782442766006,1790787040858,0.0059278142,1.9801853138419792,2.370957158178408,True,25.07517252168174,0.5902583471098399
PAPER:GRIFFAINUSDT:1790779499999:LONG,GRIFFAINUSDT,LONG,1.336946,1.00-<1.50%,0.463103901437099,2.3155195071855,1790782041172,0.016231752999999998,REDUCE25_FALLBACK,0.3505335998040255,1.7526679990201273,1790782041172,0.0162285066494,True,V43_FULL_CLOSE,0.2990636494044679,1.4953182470223394,1790779937605,0.016211757,-0.25734975199778787,-0.8202012601631605,True,22.369164454246313,0.519063267168085
PAPER:HUMAUSDT:1790666999999:LONG,HUMAUSDT,LONG,1.344233,1.00-<1.50%,0.385850830415684,1.92925415207842,1790667794356,0.0285202948,REDUCE25_FALLBACK,0.4253692000587501,2.1268460002937504,1790667794356,0.02851459074104,True,V43_FULL_CLOSE,0.35591560642107734,1.7795780321053867,1790667278066,0.028511296600000003,-0.3472679681883637,-0.14967611997303343,True,26.477225780134646,0.5722274203928013
PAPER:AUSDT:1790754599999:LONG,AUSDT,LONG,1.354013,1.00-<1.50%,0.407996314584045,2.03998157292022,1790755468810,0.096600676,REDUCE25_FALLBACK,0.33572863165635164,1.6786431582817583,1790755468810,0.0965813558648,True,V43_FULL_CLOSE,0.44439377767341987,2.2219688883670994,1790754885391,0.096640668,0.5433257300853411,0.18198731544687918,True,32.8204956432043,0.6565995494290044
PAPER:PROMPTUSDT:1790769599999:LONG,PROMPTUSDT,LONG,1.379631,1.00-<1.50%,0.415966827633071,2.07983413816535,1790770491280,0.021555688,REDUCE25_FALLBACK,0.354283272206498,1.77141636103249,1790770491280,0.0215513768624,True,V43_FULL_CLOSE,0.6490163796452066,3.245081898226033,1790769780019,0.021605678,1.473665537193543,1.1652477600606832,True,47.04275126067815,0.8664342726415031
PAPER:PHAUSDT:1790786399999:LONG,PHAUSDT,LONG,1.382818,1.00-<1.50%,0.373250244391217,1.86625122195608,1790787382071,0.07663467,REDUCE25_FALLBACK,0.25995617051568676,1.299780852578434,1790787382071,0.076619343066,True,V43_FULL_CLOSE,0.3077604476482319,1.5388022382411595,1790786634313,0.076624672,0.23902138566272546,-0.3274489837149206,True,22.25603424660598,0.5699725515164733
PAPER:ARBUSDT:1790666999999:LONG,ARBUSDT,LONG,1.384134,1.00-<1.50%,0.526254514451669,2.63127257225834,1790669057029,0.203699252,REDUCE25_FALLBACK,0.4061963737164812,2.030981868582406,1790669057029,0.2036585121496,True,V43_FULL_CLOSE,0.2990409971116166,1.4952049855580831,1790667064418,0.203169358,-0.535776883024323,-1.1360675867002568,True,21.604916656307594,0.5189131296478244
PAPER:MYXUSDT:1790670899999:LONG,MYXUSDT,LONG,1.393382,1.00-<1.50%,0.186140989202089,0.930704946010448,1790672540942,0.07613476999999999,REDUCE25_FALLBACK,0.40530676271487553,2.026533813574378,1790672540942,0.076119543046,True,V43_FULL_CLOSE,0.33790184756022273,1.6895092378011136,1790671614237,0.07607478200000001,-0.33702457577326417,0.7588042917906657,True,24.250481745868882,0.5479971517917237
PAPER:ZETAUSDT:1790822999999:LONG,ZETAUSDT,LONG,1.397366,1.00-<1.50%,0.331728174044365,1.65864087022182,1790823875901,0.053859226,REDUCE25_FALLBACK,0.3632522348597468,1.816261174298734,1790823875901,0.0538484541548,True,V43_FULL_CLOSE,0.4062553428504831,2.0312767142524155,1790823406071,0.053919214,0.2150155399536815,0.37263584403059546,True,29.072937430170985,0.595437711562341
PAPER:B2USDT:1790748299999:LONG,B2USDT,LONG,1.409106,1.00-<1.50%,-0.1138156092814213,-0.5690780464071067,1790748385342,0.52349528,REDUCE25_FALLBACK,-0.26202315164581774,-1.3101157582290888,1790748385342,0.523390580944,True,V43_FULL_CLOSE,0.285952981883134,1.42976490941567,1790748327892,0.52709456,2.7398806676447585,1.9988429558227767,True,20.293220090123384,0.6469184531685324
PAPER:HEIUSDT:1790770499999:LONG,HEIUSDT,LONG,1.418825,1.00-<1.50%,0.290393432558806,1.45196716279403,1790771197263,0.13889221599999999,REDUCE25_FALLBACK,0.2572828571213035,1.2864142856065175,1790771197263,0.13886443755679997,True,V43_FULL_CLOSE,0.4312495390710931,2.1562476953554652,1790770879338,0.139112172,0.8698334097489477,0.7042805325614352,True,30.394836507045834,0.6307271956080385
PAPER:CVXUSDT:1790759399999:LONG,CVXUSDT,LONG,1.422457,1.00-<1.50%,0.463028547356356,2.31514273678178,1790761963292,2.2305538,REDUCE25_FALLBACK,0.44795797568630763,2.239789878431538,1790761963292,2.23010768924,True,V43_FULL_CLOSE,0.2603763061634832,1.3018815308174156,1790760064005,2.2275544000000003,-0.9379083476141226,-1.0132612059643642,True,18.30468732365781,0.5209237683572399
PAPER:AVAXUSDT:1790683199999:LONG,AVAXUSDT,LONG,1.42446,1.00-<1.50%,0.392335020238257,1.96167510119128,1790683808033,11.9056184,REDUCE25_FALLBACK,0.4194565591956795,2.0972827959783973,1790683808033,11.90323727632,True,V43_FULL_CLOSE,0.8649239123956275,4.324619561978137,1790683299324,11.958607800000001,2.22733676599974,2.3629444607868573,True,60.71942437103376,1.145705296250643
PAPER:ZRXUSDT:1790771699999:LONG,ZRXUSDT,LONG,1.425498,1.00-<1.50%,0.0507248309374348,0.253624154687174,1790773324992,0.1244751,REDUCE25_FALLBACK,-0.1447730536633542,-0.7238652683167709,1790773324992,0.12445020498,True,V43_FULL_CLOSE,0.29141166947334096,1.457058347366705,1790771990021,0.12507498,2.1809236156834757,1.203434192679531,True,20.442797497670355,0.6224457919661086
PAPER:COWUSDT:1790664899999:LONG,COWUSDT,LONG,1.436331,1.00-<1.50%,0.442622146881572,2.21311073440786,1790666290511,0.15886822,REDUCE25_FALLBACK,0.45917371128354095,2.295868556417705,1790666290511,0.158836446356,True,V43_FULL_CLOSE,0.37936373143356705,1.8968186571678354,1790665464631,0.15876824,-0.39904989924986944,-0.31629207724002484,True,26.411999144595992,0.6131895850088886
PAPER:SOONUSDT:1790757899999:LONG,SOONUSDT,LONG,1.44345,1.00-<1.50%,-0.2564191187045334,-1.282095593522667,1790757917708,0.45050988000000003,HIST_TIME_FALLBACK,-0.27638283488079524,-1.3819141744039762,1790757917708,0.450419778024,False,HIST_TIME_FALLBACK,-0.27638283488079524,-1.3819141744039762,1790757917708,0.450419778024,0.0,-0.09981858088130924,False,-19.147378494634054,-999.0
PAPER:SAFEUSDT:1790771699999:LONG,SAFEUSDT,LONG,1.454817,1.00-<1.50%,0.463425939581594,2.31712969790797,1790772379935,0.114567082,REDUCE25_FALLBACK,0.4351956336248102,2.175978168124051,1790772379935,0.1145441685836,True,V43_FULL_CLOSE,0.450270477557838,2.25135238778919,1790771919213,0.114597076,0.07537421966513902,-0.06577731011878019,True,30.9503172947414,1.024662922363273
PAPER:LITUSDT:1790824499999:LONG,LITUSDT,LONG,1.487005,1.00-<1.50%,0.268361878985967,1.34180939492983,1790824977658,4.07088566,REDUCE25_FALLBACK,0.24160771492797872,1.2080385746398936,1790824977658,4.070071482868,True,V43_FULL_CLOSE,0.8153936145867483,4.076968072933742,1790824551590,4.0935811200000005,2.868929498293848,2.735158678003912,True,54.83462493984542,1.0405773591679823
PAPER:PIPPINUSDT:1790759099999:LONG,PIPPINUSDT,LONG,1.496437,1.00-<1.50%,0.4891726649439933,2.4458633247199666,1790760909363,0.019256148,REDUCE25_FALLBACK,0.5263213315320786,2.631606657660393,1790760909363,0.019252296770400003,True,V43_FULL_CLOSE,0.28020815031554297,1.4010407515777148,1790760229345,0.019206158,-1.2305659060826781,-1.0448225731422518,True,18.725021522158496,0.6597843611193976
PAPER:RUNEUSDT:1790764799999:LONG,RUNEUSDT,LONG,1.504444,1.50-<2.00%,0.700601065340618,3.50300532670309,1790764987009,0.77944408,HIST_TIME_FALLBACK,0.5255963868102321,2.627981934051161,1790764987009,0.779288191184,False,HIST_TIME_FALLBACK,0.5255963868102321,2.627981934051161,1790764987009,0.779288191184,0.0,-0.8750233926519289,True,34.9362546435914,1.000603600690897
PAPER:BROCCOLIF3BUSDT:1790669699999:LONG,BROCCOLIF3BUSDT,LONG,1.505011,1.50-<2.00%,0.617786820347963,3.08893410173981,1790670968002,0.0076744648,REDUCE25_FALLBACK,0.7143042681048358,3.5715213405241792,1790670968002,0.007672929907040001,True,V43_FULL_CLOSE,0.29600070189776223,1.480003509488811,1790670592904,0.0076404716000000004,-2.091517831035368,-1.6089305922509989,True,19.66767697364087,0.5058685830223952
PAPER:XVSUSDT:1790767499999:LONG,XVSUSDT,LONG,1.516469,1.50-<2.00%,0.563835617206959,2.81917808603479,1790767980970,3.6762646,REDUCE25_FALLBACK,0.6240969404161848,3.120484702080924,1790767980970,3.6755293470800003,True,V43_FULL_CLOSE,0.41307609224586816,2.0653804612293407,1790767674290,3.6652668,-1.0551042408515832,-0.7537976248054492,True,27.23933639565782,0.6110523230150822
PAPER:BTWUSDT:1790678999999:LONG,BTWUSDT,LONG,1.520516,1.50-<2.00%,0.437908679666898,2.18954339833449,1790679415225,1.3111377199999998,REDUCE25_FALLBACK,0.38264763653197376,1.9132381826598688,1790679415225,1.3108754924559998,True,V43_FULL_CLOSE,0.636989629287629,3.184948146438145,1790679242633,1.31503694,1.2717099637782763,0.9954047481036552,True,41.8929908851751,0.9303696945547557
PAPER:ARXUSDT:1790679899999:LONG,ARXUSDT,LONG,1.535825,1.50-<2.00%,0.143111479593682,0.715557397968411,1790680476830,0.27004598,REDUCE25_FALLBACK,-0.05692320477262086,-0.2846160238631043,1790680476830,0.269991970804,True,V43_FULL_CLOSE,0.32815230581154264,1.640761529057713,1790680159407,0.27124574,1.9253775529208175,0.9252041310893021,True,21.36651674582343,0.6467843148673103
PAPER:BERAUSDT:1790751899999:LONG,BERAUSDT,LONG,1.550165,1.50-<2.00%,-0.4644791909305595,-2.322395954652798,1790751999081,0.2539492,HIST_TIME_FALLBACK,-0.4844012950923772,-2.422006475461886,1790751999081,0.25389841016,False,HIST_TIME_FALLBACK,-0.4844012950923772,-2.422006475461886,1790751999081,0.25389841016,0.0,-0.09961052080908805,False,-31.24837001818369,-0.2555201562749798
PAPER:SOONUSDT:1790825699999:LONG,SOONUSDT,LONG,1.568669,1.50-<2.00%,0.265022805290642,1.32511402645321,1790825916992,0.47390519999999997,RUNNER_CLOSE,0.973952630024851,4.869763150124255,1790825856125,0.4774045,False,RUNNER_CLOSE,0.973952630024851,4.869763150124255,1790825856125,0.4774045,0.0,3.544649123671045,True,62.087835612538456,1.547487112746948
PAPER:UNIUSDT:1790670299999:LONG,UNIUSDT,LONG,1.576011,1.50-<2.00%,-0.1681196638433224,-0.8405983192166122,1790670348847,9.146170399999999,HIST_TIME_FALLBACK,-0.18810103991056004,-0.9405051995528002,1790670348847,9.144341165919998,False,HIST_TIME_FALLBACK,-0.18810103991056004,-0.9405051995528002,1790670348847,9.144341165919998,0.0,-0.099906880336188,False,-11.93526186749712,0.06745644092260861
PAPER:CTRUSDT:1790762699999:LONG,CTRUSDT,LONG,1.581953,1.50-<2.00%,0.135483723364195,0.677418616820975,1790762847043,0.0130943806,REDUCE25_FALLBACK,0.277419795692942,1.38709897846471,1790762847043,0.01309176172388,True,V43_FULL_CLOSE,0.3077785221091425,1.5388926105457124,1790762777981,0.013106378200000001,0.15179363208100227,0.8614739937247373,True,19.45560469300558,0.6008549899955584
PAPER:NOMUSDT:1790762999999:LONG,NOMUSDT,LONG,1.584452,1.50-<2.00%,0.519904149614823,2.59952074807411,1790763322796,0.00219956,RUNNER_CLOSE,0.9549834072616878,4.774917036308439,1790763202070,0.0022055588,False,RUNNER_CLOSE,0.9549834072616878,4.774917036308439,1790763202070,0.0022055588,0.0,2.1753962882343294,True,60.272157645778336,1.5386102055150452
PAPER:RUNEUSDT:1790816999999:LONG,RUNEUSDT,LONG,1.607614,1.50-<2.00%,-0.0472158988731508,-0.236079494365754,1790818294568,0.8041391400000001,REDUCE25_FALLBACK,-0.06839755950221951,-0.34198779751109754,1790818294568,0.8039783121720001,True,V43_FULL_CLOSE,0.3065461966634862,1.5327309833174312,1790817440581,0.80853826,1.8747187808285286,1.7688104776831852,True,19.06839556407733,0.5515312993074284
PAPER:SYRUPUSDT:1790753999999:LONG,SYRUPUSDT,LONG,1.610276,1.50-<2.00%,0.293498250291876,1.46749125145938,1790755322028,0.233563278,RUNNER_CLOSE,1.210998384154872,6.054991920774359,1790755052299,0.235642862,False,RUNNER_CLOSE,1.210998384154872,6.054991920774359,1790755052299,0.235642862,0.0,4.587500669314979,True,75.20439875865205,1.5414522396041352
PAPER:EDENUSDT:1790782499999:LONG,EDENUSDT,LONG,1.628026,1.50-<2.00%,0.383069480560908,1.91534740280454,1790786232342,0.06233753,REDUCE25+RUNNER_CLOSE,0.964171834750711,4.820859173753555,1790784415942,0.06275744600000001,False,REDUCE25+RUNNER_CLOSE,0.964171834750711,4.820859173753555,1790784415942,0.06275744600000001,0.0,2.905511770949015,True,59.2233683461266,1.6118689642808492
PAPER:DEEPUSDT:1790772599999:LONG,DEEPUSDT,LONG,1.637131,1.50-<2.00%,0.446789190823121,2.2339459541156,1790774361787,0.023665266,REDUCE25+RUNNER_CLOSE,0.9455776295867068,4.727888147933534,1790773652090,0.02384523,False,REDUCE25+RUNNER_CLOSE,0.9455776295867068,4.727888147933534,1790773652090,0.02384523,0.0,2.493942193817934,True,57.75821419218785,1.594640697869787
PAPER:ACUUSDT:1790818199999:LONG,ACUUSDT,LONG,1.642195,1.50-<2.00%,0.4967864279459246,2.483932139729623,1790818544392,0.1294741,REDUCE25_FALLBACK,0.43515366580680864,2.1757683290340433,1790818544392,0.12944820518,True,V43_FULL_CLOSE,0.6946630958146645,3.4733154790733223,1790818365965,0.12983402800000002,1.297547150039279,0.9893833393436995,True,42.30088971252893,0.9198408919831813
PAPER:ENAUSDT:1790807399999:LONG,ENAUSDT,LONG,1.657635,1.50-<2.00%,0.583739377555323,2.91869688777661,1790809712416,0.265416906,REDUCE25+RUNNER_CLOSE,1.0944957931825559,5.47247896591278,1790809080958,0.267836422,False,REDUCE25+RUNNER_CLOSE,1.0944957931825559,5.47247896591278,1790809080958,0.267836422,0.0,2.5537820781361695,True,66.02755088922204,1.6462742828881716
PAPER:1000BONKUSDT:1790763599999:LONG,1000BONKUSDT,LONG,1.6686,1.50-<2.00%,0.577997069479483,2.88998534739741,1790764277468,0.0039992000000000005,RUNNER_CLOSE,1.2200612158888968,6.1003060794444846,1790764064804,0.004022195399999999,False,RUNNER_CLOSE,1.2200612158888968,6.1003060794444846,1790764064804,0.004022195399999999,0.0,3.2103207320470744,True,73.11885508143934,1.6181941327892746
PAPER:BLURUSDT:1790779799999:LONG,BLURUSDT,LONG,1.683162,1.50-<2.00%,0.315901444480903,1.57950722240451,1790779924780,0.021825634,RUNNER_CLOSE,0.085963511717549,0.429817558587745,1790779916308,0.021775644,False,RUNNER_CLOSE,0.085963511717549,0.429817558587745,1790779916308,0.021775644,0.0,-1.1496896638167649,True,5.107263098712364,1.5450685185246504
PAPER:PHAROSUSDT:1790813099999:LONG,PHAROSUSDT,LONG,1.691218,1.50-<2.00%,-0.4152566401937959,-2.07628320096898,1790813142582,0.7518496,HIST_TIME_FALLBACK,-0.4351885888657503,-2.1759429443287517,1790813142582,0.7516992300800001,False,HIST_TIME_FALLBACK,-0.4351885888657503,-2.1759429443287517,1790813142582,0.7516992300800001,0.0,-0.0996597433597719,False,-25.732258577294605,-0.165913480432478
PAPER:BTWUSDT:1790809799999:LONG,BTWUSDT,LONG,1.697665,1.50-<2.00%,-0.1370447847159574,-0.685223923579787,1790812095767,1.33233348,HIST_TIME_FALLBACK,0.6441253071585092,3.2206265357925465,1790812095767,1.332067013304,False,HIST_TIME_FALLBACK,0.6441253071585092,3.2206265357925465,1790812095767,1.332067013304,0.0,3.9058504593723335,True,37.94183818117881,0.9712535658311428
PAPER:ZECUSDT:1790662199999:LONG,ZECUSDT,LONG,1.739605,1.50-<2.00%,0.3770202591039857,1.8851012955199284,1790669453129,1421.005742,REDUCE25+RUNNER_CLOSE,0.9178258947746312,4.589129473873156,1790665695172,1421.81558,False,REDUCE25+RUNNER_CLOSE,0.9178258947746312,4.589129473873156,1790665695172,1421.81558,0.0,2.7040281783532274,True,52.760591903025755,1.5863175034196209
PAPER:SXTUSDT:1790807699999:LONG,SXTUSDT,LONG,1.754606,1.50-<2.00%,0.798573222102576,3.99286611051288,1790811951428,0.0093571282,RUNNER_CLOSE,1.2283711480595625,6.141855740297813,1790810332507,0.009426114400000001,False,RUNNER_CLOSE,1.2283711480595625,6.141855740297813,1790810332507,0.009426114400000001,0.0,2.148989629784933,True,70.00837498900394,1.6040337543506977
PAPER:PARTIUSDT:1790771399999:LONG,PARTIUSDT,LONG,1.792442,1.50-<2.00%,0.733872971983492,3.66936485991746,1790775327696,0.027214556,REDUCE25+RUNNER_CLOSE,1.047976865041353,5.2398843252067655,1790772672697,0.027404518,False,REDUCE25+RUNNER_CLOSE,1.047976865041353,5.2398843252067655,1790772672697,0.027404518,0.0,1.5705194652893053,True,58.46643099421643,1.6074994398086906
PAPER:RAVEUSDT:1790798699999:LONG,RAVEUSDT,LONG,1.795146,1.50-<2.00%,0.667735816183176,3.33867908091588,1790800708825,0.20535892,RUNNER_CLOSE,1.2313658146682658,6.156829073341329,1790799703129,0.20665866,False,RUNNER_CLOSE,1.2313658146682658,6.156829073341329,1790799703129,0.20665866,0.0,2.8181499924254485,True,68.59418758520287,1.5989147607181176
PAPER:EDGEUSDT:1790681999999:LONG,EDGEUSDT,LONG,1.797822,1.50-<2.00%,0.653878533751486,3.26939266875743,1790682278144,0.54919014,REDUCE25_FALLBACK,0.6708663279540193,3.3543316397700966,1790682278144,0.549080301972,True,V43_FULL_CLOSE,0.378713139833016,1.8935656991650802,1790682122605,0.54749048,-1.4607659406050164,-1.37582696959235,True,21.065107659880457,0.5859434173771216
PAPER:RAREUSDT:1790750099999:LONG,RAREUSDT,LONG,1.81351,1.50-<2.00%,0.537356230210279,2.68678115105139,1790750141457,0.018726254,HIST_TIME_FALLBACK,0.8134893336225092,4.067446668112546,1790750141457,0.018722508749200003,False,HIST_TIME_FALLBACK,0.8134893336225092,4.067446668112546,1790750141457,0.018722508749200003,0.0,1.3806655170611561,True,44.85717385746476,1.1124635914241177
PAPER:CTRUSDT:1790761799999:LONG,CTRUSDT,LONG,1.835873,1.50-<2.00%,-0.5844526789744644,-2.922263394872322,1790761849020,0.012607478,HIST_TIME_FALLBACK,-0.6043507884386726,-3.0217539421933632,1790761849020,0.0126049565044,False,HIST_TIME_FALLBACK,-0.6043507884386726,-3.0217539421933632,1790761849020,0.0126049565044,0.0,-0.09949054732104123,False,-32.9189866858259,-0.33588858847503067
PAPER:XVSUSDT:1790768399999:LONG,XVSUSDT,LONG,1.861348,1.50-<2.00%,-0.109409557604618,-0.547047788023093,1790768500642,3.7222554,RUNNER_CLOSE,-0.0288571076107409,-0.14428553805370448,1790768482704,3.7252548,False,RUNNER_CLOSE,-0.0288571076107409,-0.14428553805370448,1790768482704,3.7252548,0.0,0.4027622499693885,False,-1.550333823161542,2.0494825766029567
PAPER:PHAUSDT:1790687099999:LONG,PHAUSDT,LONG,1.868965,1.50-<2.00%,0.0571669662918603,0.285834831459301,1790687730956,0.066806636,REDUCE25+RUNNER_CLOSE,0.8434864286701806,4.217432143350903,1790687566522,0.067506496,False,REDUCE25+RUNNER_CLOSE,0.8434864286701806,4.217432143350903,1790687566522,0.067506496,0.0,3.9315973118916023,True,45.13120516811073,1.5541381152469391
PAPER:PHAUSDT:1790757299999:LONG,PHAUSDT,LONG,1.871785,1.50-<2.00%,0.415326993344842,2.07663496672421,1790758091526,0.081173762,RUNNER_CLOSE,1.1194386883197391,5.597193441598696,1790757686836,0.08190361600000001,False,RUNNER_CLOSE,1.1194386883197391,5.597193441598696,1790757686836,0.08190361600000001,0.0,3.5205584748744863,True,59.80594396897823,1.723409955654187
PAPER:AAVEUSDT:1790667599999:LONG,AAVEUSDT,LONG,2.010522,2.00-<3.00%,0.664987237704034,3.32493618852017,1790668514234,164.23714600000002,RUNNER_CLOSE,1.5321938198567382,7.660969099283691,1790668173551,165.756842,False,RUNNER_CLOSE,1.5321938198567382,7.660969099283691,1790668173551,165.756842,0.0,4.336032910763521,True,76.20875672371345,1.9921184495460764
PAPER:BLURUSDT:1790780099999:LONG,BLURUSDT,LONG,2.013036,2.00-<3.00%,0.238826000050784,1.19413000025392,1790780229630,0.022165565999999998,RUNNER_CLOSE,0.712749587452606,3.5637479372630296,1790780187448,0.022325534,False,RUNNER_CLOSE,0.712749587452606,3.5637479372630296,1790780187448,0.022325534,0.0,2.3696179370091097,True,35.40669851173083,1.516072745685837
PAPER:JCTUSDT:1790796299999:LONG,JCTUSDT,LONG,2.018101,2.00-<3.00%,-0.3596421400883887,-1.7982107004419434,1790796347579,0.0017626474000000001,HIST_TIME_FALLBACK,-0.3795852116603652,-1.8979260583018258,1790796347579,0.0017622948705200002,False,HIST_TIME_FALLBACK,-0.3795852116603652,-1.8979260583018258,1790796347579,0.0017622948705200002,0.0,-0.09971535785988239,False,-18.80902946187357,-0.1898374571971173
PAPER:MOCAUSDT:1790686499999:LONG,MOCAUSDT,LONG,2.024755,2.00-<3.00%,-0.43953595038904,-2.1976797519452,1790686535349,0.0107768442,HIST_TIME_FALLBACK,-0.459463043198966,-2.2973152159948302,1790686535349,0.01077468883116,False,HIST_TIME_FALLBACK,-0.459463043198966,-2.2973152159948302,1790686535349,0.01077468883116,0.0,-0.09963546404963042,False,-22.692278483024666,-0.2513026915253458
PAPER:CLANKERUSDT:1790660399999:LONG,CLANKERUSDT,LONG,2.04954,2.00-<3.00%,0.451697765371985,2.25848882685992,1790662627199,14.09718,REDUCE25+RUNNER_CLOSE,1.057709773177428,5.28854886588714,1790661725162,14.217156000000001,False,REDUCE25+RUNNER_CLOSE,1.057709773177428,5.28854886588714,1790661725162,14.217156000000001,0.0,3.0300600390272203,True,51.60717883902866,1.764086868564907
PAPER:BROCCOLI714USDT:1790823599999:LONG,BROCCOLI714USDT,LONG,2.081354,2.00-<3.00%,-0.1899620075984832,-0.9498100379924164,1790823630220,0.027114575999999998,HIST_TIME_FALLBACK,-0.2099390151969657,-1.0496950759848285,1790823630220,0.027109153084799997,False,HIST_TIME_FALLBACK,-0.2099390151969657,-1.0496950759848285,1790823630220,0.027109153084799997,0.0,-0.0998850379924121,False,-10.086655859453304,-0.019996000799837876
PAPER:EDENUSDT:1790687099999:LONG,EDENUSDT,LONG,2.099828,2.00-<3.00%,0.672289569800707,3.36144784900353,1790687598632,0.066576682,REDUCE25+RUNNER_CLOSE,1.1941786824370515,5.970893412185258,1790687399257,0.06704658799999999,False,REDUCE25+RUNNER_CLOSE,1.1941786824370515,5.970893412185258,1790687399257,0.06704658799999999,0.0,2.6094455631817275,True,56.870309493780034,1.8121379510255498
PAPER:MONUSDT:1790665199999:LONG,MONUSDT,LONG,2.108748,2.00-<3.00%,0.412609193917075,2.06304596958537,1790670012422,0.02844431,REDUCE25+RUNNER_CLOSE,0.9442896658425655,4.721448329212827,1790667099996,0.028574284000000002,False,REDUCE25+RUNNER_CLOSE,0.9442896658425655,4.721448329212827,1790667099996,0.028574284000000002,0.0,2.6584023596274573,True,44.77963539704913,1.71847816384203
PAPER:XVSUSDT:1790765699999:LONG,XVSUSDT,LONG,2.120249,2.00-<3.00%,0.504262610085718,2.52131305042859,1790766393339,3.6182762000000004,REDUCE25+RUNNER_CLOSE,0.9069128883425476,4.534564441712738,1790766356164,3.639272,False,REDUCE25+RUNNER_CLOSE,0.9069128883425476,4.534564441712738,1790766356164,3.639272,0.0,2.013251391284148,True,42.773885913519955,1.8978856438887304
PAPER:QUSDT:1790757599999:LONG,QUSDT,LONG,2.120595,2.00-<3.00%,0.661541281439802,3.30770640719901,1790758543833,0.023128373400000003,REDUCE25+RUNNER_CLOSE,1.1852920257203727,5.926460128601864,1790758225499,0.023309337200000002,False,REDUCE25+RUNNER_CLOSE,1.1852920257203727,5.926460128601864,1790758225499,0.023309337200000002,0.0,2.618753721402854,True,55.89431389399545,1.924410827074552
PAPER:SONICUSDT:1790755499999:LONG,SONICUSDT,LONG,2.128571,2.00-<3.00%,0.132016983064705,0.660084915323525,1790755611236,0.028004398,REDUCE25+RUNNER_CLOSE,1.6882487712701053,8.441243856350527,1790755572633,0.028574284000000002,False,REDUCE25+RUNNER_CLOSE,1.6882487712701053,8.441243856350527,1790755572633,0.028574284000000002,0.0,7.781158941027002,True,79.3137166329009,2.6657132756829682
PAPER:LYNUSDT:1790784899999:LONG,LYNUSDT,LONG,2.226145,2.00-<3.00%,0.130610459881824,0.653052299409124,1790784934500,0.037502498,HIST_TIME_FALLBACK,0.11056933778984632,0.5528466889492316,1790784934500,0.0374949975004,False,HIST_TIME_FALLBACK,0.11056933778984632,0.5528466889492316,1790784934500,0.0374949975004,0.0,-0.1002056104598924,True,4.966852464230602,0.43458010724681806
PAPER:BLURUSDT:1790798399999:LONG,BLURUSDT,LONG,2.240972,2.00-<3.00%,0.306978479925901,1.5348923996295,1790798445531,0.022215556,HIST_TIME_FALLBACK,0.2869020842299149,1.4345104211495747,1790798445531,0.0222111128888,False,HIST_TIME_FALLBACK,0.2869020842299149,1.4345104211495747,1790798445531,0.0222111128888,0.0,-0.10038197847992536,True,12.802573357896257,0.6582943926818352
PAPER:YBUSDT:1790681699999:LONG,YBUSDT,LONG,2.256776,2.00-<3.00%,0.183645395233394,0.918226976166972,1790682893615,0.091521692,REDUCE25+RUNNER_CLOSE,1.323697396521812,6.61848698260906,1790682633390,0.092651466,False,REDUCE25+RUNNER_CLOSE,1.323697396521812,6.61848698260906,1790682633390,0.092651466,0.0,5.700260006442088,True,58.65435455365583,2.212780766179012
PAPER:0GUSDT:1790741099999:LONG,0GUSDT,LONG,2.344801,2.00-<3.00%,0.781973242327582,3.90986621163791,1790742374324,0.33683261999999997,REDUCE25+RUNNER_CLOSE,1.1782237672974452,5.891118836487226,1790741790092,0.33953208,False,REDUCE25+RUNNER_CLOSE,1.1782237672974452,5.891118836487226,1790741790092,0.33953208,0.0,1.9812526248493159,True,50.248348038807784,1.9855909057709509
PAPER:KERNELUSDT:1790773799999:LONG,KERNELUSDT,LONG,2.385511,2.00-<3.00%,-0.1543587147835005,-0.7717935739175029,1790773898798,0.056118774,HIST_TIME_FALLBACK,-0.17434284304054032,-0.8717142152027015,1790773898798,0.056107550245200005,False,HIST_TIME_FALLBACK,-0.17434284304054032,-0.8717142152027015,1790773898798,0.056107550245200005,0.0,-0.09992064128519862,False,-7.308406586284461,0.10473399884272094
PAPER:SUSHIUSDT:1790784599999:LONG,SUSHIUSDT,LONG,2.385751,2.00-<3.00%,0.799698666070033,3.99849333035016,1790785917239,0.2854429,RUNNER_CLOSE,0.8350436901296237,4.175218450648118,1790785086471,0.2854429,False,RUNNER_CLOSE,0.8350436901296237,4.175218450648118,1790785086471,0.2854429,0.0,0.17672512029795806,True,35.00129268015077,1.5012850225425423
PAPER:COOKIEUSDT:1790808899999:LONG,COOKIEUSDT,LONG,2.421644,2.00-<3.00%,0.699953214352757,3.49976607176378,1790811217115,0.0126984598,REDUCE25+RUNNER_CLOSE,1.4786290335600927,7.393145167800464,1790810549490,0.012814436600000001,False,REDUCE25+RUNNER_CLOSE,1.4786290335600927,7.393145167800464,1790810549490,0.012814436600000001,0.0,3.893379096036684,True,61.05889360946913,2.206907278157755
PAPER:MEMEUSDT:1790660699999:LONG,MEMEUSDT,LONG,2.43991,2.00-<3.00%,0.963075589718593,4.81537794859296,1790663010311,0.00059988,RUNNER_CLOSE,1.1229859134340996,5.614929567170497,1790660808981,0.00060107976,False,RUNNER_CLOSE,1.1229859134340996,5.614929567170497,1790660808981,0.00060107976,0.0,0.7995516185775369,True,46.025710515309974,1.597476258034547
PAPER:PLUMEUSDT:1790806799999:LONG,PLUMEUSDT,LONG,2.574824,2.00-<3.00%,0.921047419223775,4.60523709611887,1790809059365,0.019086182,RUNNER_CLOSE,1.291383894831202,6.4569194741560105,1790807950557,0.019156168,False,RUNNER_CLOSE,1.291383894831202,6.4569194741560105,1790807950557,0.019156168,0.0,1.8516823780371405,True,50.154258886479305,1.7275358487624404
PAPER:MAGICUSDT:1790763599999:LONG,MAGICUSDT,LONG,2.621559,2.00-<3.00%,1.00615230403834,5.03076152019173,1790764137005,0.053229352,RUNNER_CLOSE,1.9744353182205348,9.872176591102674,1790763799819,0.05373925,False,RUNNER_CLOSE,1.9744353182205348,9.872176591102674,1790763799819,0.05373925,0.0,4.841415070910944,True,75.31531116486543,2.564546965155534
PAPER:PLUMEUSDT:1790819399999:LONG,PLUMEUSDT,LONG,2.642042,2.00-<3.00%,1.08864830976458,5.44324154882292,1790820262329,0.019786042,RUNNER_CLOSE,1.2420815478481613,6.210407739240806,1790819789949,0.019806038,False,RUNNER_CLOSE,1.2420815478481613,6.210407739240806,1790819789949,0.019806038,0.0,0.7671661904178864,True,47.01218026996396,1.6181812280657182
PAPER:SUSHIUSDT:1790665199999:LONG,SUSHIUSDT,LONG,2.668476,2.00-<3.00%,1.4838714427808,7.41935721390404,1790667751338,0.26174764,REDUCE25+RUNNER_CLOSE,0.9097076429414035,4.548538214707017,1790666163739,0.26004798,False,REDUCE25+RUNNER_CLOSE,0.9097076429414035,4.548538214707017,1790666163739,0.26004798,0.0,-2.8708189991970228,True,34.0909059306287,1.6554288518757732
PAPER:ICNTUSDT:1790754899999:LONG,ICNTUSDT,LONG,2.674076,2.00-<3.00%,0.956423158980988,4.78211579490494,1790755977514,0.10127974000000001,RUNNER_CLOSE,1.5046943256059442,7.523471628029721,1790755324500,0.10187962,False,RUNNER_CLOSE,1.5046943256059442,7.523471628029721,1790755324500,0.10187962,0.0,2.741355833124781,True,56.26969187135834,2.075393304572626
PAPER:2ZUSDT:1790662499999:LONG,2ZUSDT,LONG,2.744157,2.00-<3.00%,0.698721051010382,3.49360525505191,1790662979203,0.068576282,RUNNER_CLOSE,1.8664946569509657,9.332473284754828,1790662706399,0.06938612000000001,False,RUNNER_CLOSE,1.8664946569509657,9.332473284754828,1790662706399,0.06938612000000001,0.0,5.838868029702918,True,68.01705066258839,2.2736629144759046
PAPER:COAIUSDT:1790779799999:LONG,COAIUSDT,LONG,2.779067,2.00-<3.00%,0.909747438684634,4.54873719342317,1790781280631,0.32123574,RUNNER_CLOSE,1.72667445592354,8.633372279617701,1790780379010,0.32393520000000003,False,RUNNER_CLOSE,1.72667445592354,8.633372279617701,1790780379010,0.32393520000000003,0.0,4.084635086194531,True,62.13144396747326,2.212964138848861
PAPER:ACEUSDT:1790782499999:LONG,ACEUSDT,LONG,2.795805,2.00-<3.00%,1.68182821244761,8.40914106223806,1790784824872,0.186052782,REDUCE25+RUNNER_CLOSE,1.1866744042377446,5.933372021188723,1790783194379,0.186632666,False,REDUCE25+RUNNER_CLOSE,1.1866744042377446,5.933372021188723,1790783194379,0.186632666,0.0,-2.475769041049337,True,42.44482015869292,1.891698797027641
PAPER:PENGUUSDT:1790682599999:LONG,PENGUUSDT,LONG,2.852053,2.00-<3.00%,0.315487734849271,1.57743867424635,1790684634711,0.009910017600000001,RUNNER_CLOSE,1.637825949939833,8.189129749699166,1790683328032,0.0099590078,False,RUNNER_CLOSE,1.637825949939833,8.189129749699166,1790683328032,0.0099590078,0.0,6.611691075452816,True,57.426210170001504,2.320570439173264
PAPER:METISUSDT:1790668499999:LONG,METISUSDT,LONG,2.969246,2.00-<3.00%,0.346430794392656,1.7321539719632804,1790671011550,3.4883022,RUNNER_CLOSE,2.0715860224181766,10.357930112090882,1790670201205,3.5222954000000004,False,RUNNER_CLOSE,2.0715860224181766,10.357930112090882,1790670201205,3.5222954000000004,0.0,8.625776140127602,True,69.76808329179113,2.795115867972986
PAPER:MEGAUSDT:1790771999999:LONG,MEGAUSDT,LONG,3.009,3.00-<5.00%,1.3461978042643,6.73098902132153,1790775327288,0.043721254,RUNNER_CLOSE,1.1960468452100448,5.980234226050223,1790773062511,0.043831232,False,RUNNER_CLOSE,1.1960468452100448,5.980234226050223,1790773062511,0.043831232,0.0,-0.7507547952713072,True,39.74898122997823,1.6216738150982346
PAPER:BRUSDT:1790818199999:LONG,BRUSDT,LONG,3.020151,3.00-<5.00%,-0.3339882714023717,-1.6699413570118586,1790818314260,0.7062287260000001,HIST_TIME_FALLBACK,-0.3539364737480947,-1.7696823687404737,1790818314260,0.7060874802548001,False,HIST_TIME_FALLBACK,-0.3539364737480947,-1.7696823687404737,1790818314260,0.7060874802548001,0.0,-0.09974101172861505,False,-11.719164828119348,-0.10479788151558367
PAPER:STXUSDT:1790788499999:LONG,STXUSDT,LONG,3.115856,3.00-<5.00%,1.20713021636984,6.03565108184921,1790790887970,0.3584283,REDUCE25+RUNNER_CLOSE,0.9531134483756117,4.765567241878059,1790788919673,0.35862826000000003,False,REDUCE25+RUNNER_CLOSE,0.9531134483756117,4.765567241878059,1790788919673,0.35862826000000003,0.0,-1.270083839971151,True,30.589136608868053,1.5338045699704317
PAPER:UAIUSDT:1790771099999:LONG,UAIUSDT,LONG,3.136196,3.00-<5.00%,0.776339276442084,3.88169638221042,1790775378334,0.29714056000000005,RUNNER_CLOSE,1.5053034029989643,7.526517014994821,1790772276241,0.29954008,False,RUNNER_CLOSE,1.5053034029989643,7.526517014994821,1790772276241,0.29954008,0.0,3.6448206327844006,True,47.99774640994901,1.9823190826872006
PAPER:KMNOUSDT:1790773499999:LONG,KMNOUSDT,LONG,3.147508,3.00-<5.00%,1.27926801491931,6.39634007459656,1790775667020,0.044831032,RUNNER_CLOSE,1.9347706403503278,9.673853201751639,1790774992004,0.045120974,False,RUNNER_CLOSE,1.9347706403503278,9.673853201751639,1790774992004,0.045120974,0.0,3.2775131271550784,True,61.46991970633046,2.4235071519300933
PAPER:SYRUPUSDT:1790674199999:LONG,SYRUPUSDT,LONG,3.277049,3.00-<5.00%,1.42802829213757,7.14014146068787,1790676773848,0.244841022,RUNNER_CLOSE,1.28733348346488,6.4366674173244,1790674527131,0.24490101,False,RUNNER_CLOSE,1.28733348346488,6.4366674173244,1790674527131,0.24490101,0.0,-0.7034740433634701,True,39.28331506379306,1.7362191659770598
PAPER:STXUSDT:1790779199999:LONG,STXUSDT,LONG,3.582619,3.00-<5.00%,1.07421729992894,5.3710864996447,1790780060965,0.34023194,REDUCE25+RUNNER_CLOSE,1.3493622080378433,6.7468110401892165,1790779447872,0.34213156,False,REDUCE25+RUNNER_CLOSE,1.3493622080378433,6.7468110401892165,1790779447872,0.34213156,0.0,1.3757245405445166,True,37.66412805932875,2.1832560230062414
PAPER:CGPTUSDT:1790806499999:LONG,CGPTUSDT,LONG,3.596396,3.00-<5.00%,1.72666752600075,8.63333763000375,1790815514067,0.023265346,RUNNER_CLOSE,1.1759119128975337,5.879559564487669,1790809108345,0.022975404,False,RUNNER_CLOSE,1.1759119128975337,5.879559564487669,1790809108345,0.022975404,0.0,-2.753778065516081,True,32.696953085742884,1.523585887145451
PAPER:NIGHTUSDT:1790680499999:LONG,NIGHTUSDT,LONG,3.615045,3.00-<5.00%,1.2986620437131,6.49331021856553,1790683564388,0.030973804,RUNNER_CLOSE,1.0532844528375662,5.266422264187831,1790680783183,0.030903818,False,RUNNER_CLOSE,1.0532844528375662,5.266422264187831,1790680783183,0.030903818,0.0,-1.2268879543776992,True,29.136136696433,1.5846617771106741
PAPER:KMNOUSDT:1790667299999:LONG,KMNOUSDT,LONG,3.656584,3.00-<5.00%,1.23335960939276,6.1667980469638,1790671908177,0.044201158,REDUCE25+RUNNER_CLOSE,1.009530806720755,5.0476540336037745,1790668092286,0.04409118,False,REDUCE25+RUNNER_CLOSE,1.009530806720755,5.0476540336037745,1790668092286,0.04409118,0.0,-1.1191440133600254,True,27.60857693193305,1.634465108816885
PAPER:KSMUSDT:1790745599999:LONG,KSMUSDT,LONG,3.716847,3.00-<5.00%,0.578085296411626,2.89042648205813,1790746746026,5.2349528,RUNNER_CLOSE,1.4239095425999482,7.119547712999742,1790746369438,5.2189559999999995,False,RUNNER_CLOSE,1.4239095425999482,7.119547712999742,1790746369438,5.2189559999999995,0.0,4.229121230941612,True,38.309608724812946,1.8678880536915798
PAPER:ALICEUSDT:1790662499999:LONG,ALICEUSDT,LONG,3.757433,3.00-<5.00%,0.814366527974121,4.0718326398706,1790663628131,0.16486702,REDUCE25+RUNNER_CLOSE,1.7273924694037597,8.636962347018798,1790663015517,0.16826634000000001,False,REDUCE25+RUNNER_CLOSE,1.7273924694037597,8.636962347018798,1790663015517,0.16826634000000001,0.0,4.565129707148198,True,45.97267521213978,2.843538543967017
PAPER:NILUSDT:1790766899999:LONG,NILUSDT,LONG,3.798039,3.00-<5.00%,1.48772191097398,7.43860955486991,1790767962716,0.09286142400000001,RUNNER_CLOSE,1.372961773221464,6.86480886610732,1790767230852,0.092801436,False,RUNNER_CLOSE,1.372961773221464,6.86480886610732,1790767230852,0.092801436,0.0,-0.5738006887625895,True,36.14922788369114,1.7850921554391386
PAPER:PROMUSDT:1790745299999:LONG,PROMUSDT,LONG,3.799948,3.00-<5.00%,1.6768936478996,8.384468239498,1790748630188,6.2367524,RUNNER_CLOSE,1.6108102618642715,8.054051309321357,1790745836240,6.1537690000000005,False,RUNNER_CLOSE,1.6108102618642715,8.054051309321357,1790745836240,6.1537690000000005,0.0,-0.33041693017664286,True,42.39032381138561,1.9809270034845117
PAPER:MELANIAUSDT:1790822699999:LONG,MELANIAUSDT,LONG,3.819985,3.00-<5.00%,1.6907773494481446,8.453886747240723,1790823876115,0.10812837,RUNNER_CLOSE,1.1480764404496204,5.740382202248101,1790822992274,0.108158364,False,RUNNER_CLOSE,1.1480764404496204,5.740382202248101,1790822992274,0.108158364,0.0,-2.713504544992622,True,30.054475094787556,1.6283862665406046
PAPER:SYRUPUSDT:1790667299999:LONG,SYRUPUSDT,LONG,3.824219,3.00-<5.00%,1.6565463847101,8.28273192355052,1790671022926,0.23430313,RUNNER_CLOSE,1.4156974639741995,7.078487319870998,1790668133856,0.233823226,False,RUNNER_CLOSE,1.4156974639741995,7.078487319870998,1790668133856,0.233823226,0.0,-1.2042446036795216,True,37.01925710777023,1.9260022523018394
PAPER:LQTYUSDT:1790665799999:LONG,LQTYUSDT,LONG,3.870935,3.00-<5.00%,2.42969634922424,12.1484817461212,1790671550264,0.24285142,REDUCE25+RUNNER_CLOSE,0.9402938157080998,4.701469078540499,1790666931392,0.23955208,False,REDUCE25+RUNNER_CLOSE,0.9402938157080998,4.701469078540499,1790666931392,0.23955208,0.0,-7.447012667580702,True,24.291129034925664,1.7140057606076065
PAPER:XVGUSDT:1790662199999:LONG,XVGUSDT,LONG,3.933295,3.00-<5.00%,1.51407164437647,7.57035822188238,1790673028570,0.0032163566,REDUCE25+RUNNER_CLOSE,0.7496453332101444,3.748226666050722,1790664256387,0.0031713656,False,REDUCE25+RUNNER_CLOSE,0.7496453332101444,3.748226666050722,1790664256387,0.0031713656,0.0,-3.8221315558316578,True,19.05896540203937,1.6378356981664899
PAPER:REDUSDT:1790782499999:LONG,REDUSDT,LONG,4.648331,3.00-<5.00%,1.11481753260243,5.57408766301216,1790785084363,0.18316336,RUNNER_CLOSE,1.7533266692965066,8.766633346482534,1790783502070,0.18336332000000002,False,RUNNER_CLOSE,1.7533266692965066,8.766633346482534,1790783502070,0.18336332000000002,0.0,3.1925456834703736,True,37.71948833455506,2.2585921948461873
PAPER:LUMIAUSDT:1790669099999:LONG,LUMIAUSDT,LONG,4.78934,3.00-<5.00%,2.87787113760626,14.3893556880313,1790671803053,0.09046190400000001,REDUCE25+RUNNER_CLOSE,1.501857741595305,7.509288707976525,1790669716963,0.09052189199999999,False,REDUCE25+RUNNER_CLOSE,1.501857741595305,7.509288707976525,1790669716963,0.09052189199999999,0.0,-6.8800669800547745,True,31.358344606883307,2.621752072349759
PAPER:XANUSDT:1790756099999:LONG,XANUSDT,LONG,4.822157,3.00-<5.00%,1.91541851967499,9.57709259837496,1790760629941,0.0127584478,REDUCE25+RUNNER_CLOSE,1.0033548179744602,5.016774089872301,1790756618823,0.012602479,False,REDUCE25+RUNNER_CLOSE,1.0033548179744602,5.016774089872301,1790756618823,0.012602479,0.0,-4.56031850850266,True,20.80717857121741,1.5726058328157544
PAPER:HYPEUSDT:1790783399999:LONG,HYPEUSDT,LONG,4.975564,3.00-<5.00%,1.28058681395745,6.40293406978725,1790789915008,89.2191526,REDUCE25+RUNNER_CLOSE,1.2848833142152138,6.42441657107607,1790785599135,88.6882588,False,REDUCE25+RUNNER_CLOSE,1.2848833142152138,6.42441657107607,1790785599135,88.6882588,0.0,0.02148250128882001,True,25.823872715037208,2.024788894022045
PAPER:PUNDIXUSDT:1790766599999:LONG,PUNDIXUSDT,LONG,5.019923,>=5.00%,1.46143176421852,7.3071588210926,1790766782425,0.12498499800000001,RUNNER_CLOSE,3.420438101373962,17.10219050686981,1790766729699,0.12782443,False,RUNNER_CLOSE,3.420438101373962,17.10219050686981,1790766729699,0.12782443,0.0,9.79503168577721,True,68.13726229214993,4.817354058971812
PAPER:币安人生USDT:1790664599999:LONG,币安人生USDT,LONG,6.355715,>=5.00%,2.81402374574371,14.0701187287185,1790668604148,0.52029592,RUNNER_CLOSE,2.1810769147719595,10.905384573859797,1790665994743,0.5087982200000001,False,RUNNER_CLOSE,2.1810769147719595,10.905384573859797,1790665994743,0.5087982200000001,0.0,-3.164734154858703,True,34.316782844604575,2.7153249696067805
PAPER:MINAUSDT:1790660999999:LONG,MINAUSDT,LONG,6.572018,>=5.00%,3.40624988124928,17.0312494062464,1790670630400,0.154299134,RUNNER_CLOSE,2.256945050792776,11.284725253963881,1790662365791,0.151779638,False,RUNNER_CLOSE,2.256945050792776,11.284725253963881,1790662365791,0.151779638,0.0,-5.746524152282518,True,34.34173568594572,2.7058726464991745
PAPER:BTWUSDT:1790665799999:LONG,BTWUSDT,LONG,6.834876,>=5.00%,0.6795396496061514,3.397698248030757,1790675151074,1.21715652,RUNNER_CLOSE,1.077026121471129,5.385130607355645,1790667805325,1.2212557000000002,False,RUNNER_CLOSE,1.077026121471129,5.385130607355645,1790667805325,1.2212557000000002,0.0,1.9874323593248882,True,15.75780045565024,1.5051508020398785
PAPER:CYBERUSDT:1790813099999:LONG,CYBERUSDT,LONG,7.164376,>=5.00%,-0.5503409781062497,-2.7517048905312484,1790813142786,0.33133372,HIST_TIME_FALLBACK,-0.5702459099106313,-2.8512295495531568,1790813142786,0.331267453256,False,HIST_TIME_FALLBACK,-0.5702459099106313,-2.8512295495531568,1790813142786,0.331267453256,0.0,-0.09952465902190832,False,-7.959463739907443,0.07018439968047296
PAPER:FLOWUSDT:1790741999999:LONG,FLOWUSDT,LONG,8.531553,>=5.00%,2.66843335625403,13.3421667812701,1790748474432,0.03254349,RUNNER_CLOSE,1.6521150046620396,8.260575023310198,1790743367490,0.032023594,False,RUNNER_CLOSE,1.6521150046620396,8.260575023310198,1790743367490,0.032023594,0.0,-5.081591757959902,True,19.364762835817107,2.078153526687365
PAPER:CELOUSDT:1790678699999:LONG,CELOUSDT,LONG,10.282372,>=5.00%,4.50021182433256,22.5010591216628,1790683329329,0.112497496,RUNNER_CLOSE,0.8604894989636805,4.302447494818402,1790678779805,0.109518092,False,RUNNER_CLOSE,0.8604894989636805,4.302447494818402,1790678779805,0.109518092,0.0,-18.198611626844396,True,8.368589455464951,1.8615465098862138
PAPER:PUMPUSDT:1790681699999:LONG,PUMPUSDT,LONG,11.337886,>=5.00%,10.0281625686357,50.1408128431785,1790688933697,0.0057718454,REDUCE25+RUNNER_CLOSE,0.8959529169357922,4.479764584678961,1790682183122,0.0052889420000000005,False,REDUCE25+RUNNER_CLOSE,0.8959529169357922,4.479764584678961,1790682183122,0.0052889420000000005,0.0,-45.66104825849954,True,7.90229251675129,1.5888776267735105
PAPER:NIGHTUSDT:1790762699999:LONG,NIGHTUSDT,LONG,12.091734,>=5.00%,5.10388683183572,25.5194341591786,1790772020850,0.036502698,RUNNER_CLOSE,1.0316954168863344,5.158477084431673,1790763207773,0.034753048,False,RUNNER_CLOSE,1.0316954168863344,5.158477084431673,1790763207773,0.034753048,0.0,-20.360957074746928,True,8.5322371207168,1.5230850160777187
PAPER:ARKUSDT:1790747399999:LONG,ARKUSDT,LONG,16.572099,>=5.00%,10.8738684734875,54.3693423674379,1790754323256,0.27854428000000003,RUNNER_CLOSE,0.8193698959392096,4.096849479696048,1790747963611,0.25984802,False,RUNNER_CLOSE,0.8193698959392096,4.096849479696048,1790747963611,0.25984802,0.0,-50.272492887741855,True,4.944273480017284,1.650870758611589